ResponseId;conseq;wtp_1;wtp_2;wtp_explain_diff;wtp_explain_same;wtp_explain_pos;code_conseq;comment;coder
R_2ASkhcpcAKpPDh3;chicken;8;0;For scenario 2, why would I give up more of my hard earned money for no reason? Plus, if the extra money isn't going into animal welfare, where is it going? It's just not right.;;;conseq;;CB
R_2v7ALpQ6ErcRaMq;chicken;25;0;I would pay more for the first because it makes a difference, the second does not;;;conseq;;CB
R_2Pv9BtknPaptRcK;chicken;0;0;;;;;;CB
R_3O1d5xw8BO7n2v6;chicken;5;2;"(Please note that the numbers above I am calculating in dollars per lb)

In the first scenario there is the feeling that I am helping for a greater cause, and this allows me to justify a higher premium for my actions as it contributes to a global good.";;I personally would like to do what is best for the chickens even though it does not contribute to the betterment of the chickens as a whole. With this even though I would not justify as much of a cost I still am willing to pay more.;conseq, deont;;CB
R_3Ppf2qoz6cSfiIO;chicken;20;20;;i'm not really thinking of the global impact.  regardless of the global impact, i've made 20 chickens happier;because there's still 20 chickens leading a better life.;deont;;CB
R_3JrQOxUfIV3LmPH;chicken;0;0;;;;;;CB
R_2cqIhb9W9quuGm1;chicken;0;0;;;;;;CB
R_2xW9XTD2l9oDC3q;chicken;2;0;because my paying extra in situation 2 would not make a difference so i would not pay extra;;;conseq;;CB
R_Q6MupnCG4iZk5Lr;chicken;5;0;If their welfare isn't going to change no matter what I spend, it would not make sense to spend any money on the problem;;;conseq;;CB
R_277GYU5BMJF4Gf0;chicken;100;20;If my actions do not have much of a benefit I will save my money for other things;;I would want to provide some support for the chickens raised in better conditions;conseq, conseqstill;;CB
R_3dHfANLPDxPllGE;chicken;5;0;I would not pay extra when the number of chickens being taken better care of does not change.;;;conseq;;CB
R_DcSEDZMbZDHUMsF;chicken;5;2;Even if I had to pay an additional $5 I would definitely do so for better and welfare and if I were to eat any of these chickens I would feel better about how they were treated which would be more of an ethical and better life growing up before they were processed and eaten.;;Though there wasn't any impact according to the information I read I still think that animal welfare and ethical production of chicken is something that is very honorable and important in today's world.;deont: principle;;CB
R_SAZBQLc2m7nZ3Gx;chicken;3;3;;That's how much I think would be reasonable to increase the price overall.;I belive that the chickens would be healthier and better for me to eat regardless if the impact would be zero.;other;;CB
R_2EFOxI8eDqN5rNP;chicken;4;0;If it isn't going to help the chickens then I would be unwilling to pay more for them.;;;conseq;;CB
R_3dEcXi0qFk7EkMt;chicken;100;100;;I would want the animals to be taken care of better - I would know that I am contributing to that.;I would want to personally know that I was making a difference.;deont: ownpart;;CB
R_1245Ak64JuInJtm;chicken;20;20;;I would still be affecting the same total number of chickens.;This would still make conditions better for 20 chickens.;conseq;;CB
R_3jccuMdPRs8fc3T;chicken;10;5;I would feel like I'm making more of an impact in scenario 1, so I would be willing to pay more. In scenario 2, I would still be willing to pay some amount even if it helps to maintain just the same level if it means these chickens will have a better life.;;I feel that it would help to a least maintain the status quo for some chickens getting a better life and some is better than none.;conseq, conseqstill;;CB
R_1dyrhY6HHd7Ojov;chicken;2;0;My thought is: why would I pay additional money if I know that my additional contribution wouldn't have any consequence?;;;conseq;;CB
R_3MyyzmAcah8EcFL;chicken;5;5;;I am all for the humane treatment of animals. For the paying of animal welfare-certified chickens in either case is an affordability issue for me. It's like a donation for a cause, and that's what I would be willing to pay in either case, because that's the amount I could afford.;Because, if I understand it correctly, the better welfare of the chickens would still be there, regardless of how many chickens would benefit.;deont: principle, conseqstill;;CB
R_71AgUjtuVqKFgf7;chicken;2;2;;The additional cost of $2 would be beneficial for me irrespective of which scenario I chose because it would benefit the chicken as well as benefit me.;I would benefit from eating what I would assume are healthier chickens;other;;CB
R_DbZVMUPuW9shkU9;chicken;100;100;;The same 20 chickens will still live a better life.;If I can only save 20 chickens from a horrible life then so be it. Those 20 chickens would represent an idea to the other chickens and maybe they would unionize and help their brother chickens living in horrible cramped conditions.;conseqstill;;CB
R_3DjRiUxyLuuK1Pe;chicken;25;25;;Wow, this is honestly really tough to answer. I feel very bad for these animals and the way they are treated, and I still want to ensure at least some of them get treated better. I wish there were a way that laws would change things and check places, as most animals are perhaps only given a bit of fresh air and no space, and companies lie in how they're treated. I also would feel terrible not donating to helping these animals, but it worries me in that more people would be buying the ones that have been terribly abused.;I know it would still help out some of the chickens, and it feels more of a moral thing. I would want to try to see if some people might try to purchase the more expensive chickens and perhaps also get them to consider some plant based foods.;conseqstill, deont: principle;;CB
R_3QGE1JCs4JPOQ7F;chicken;20;0;If I am paying more for animal welfare certified chickens then I want to see more chickens welfares being upgraded.  If I am only increasing demand and therefore not increasing the number of animal welfare certified chickens then I don't want to pay extra.;;;conseq;;CB
R_2AKLkS027Lj6W2k;chicken;15;0;"in the first scenario, my action has a direct impact, in the second it doesn't
";;;conseq;;CB
R_2A1mRE48w2ft7PP;chicken;0;0;;;;;;CB
R_2DV8VHTYbtQrOHH;chicken;100;0;In situation one I get better and healthier chickens to consumes whereas in situation two the conditions of the chickens do not change;;;conseq;borderline other because the response is not driven from morality;CB
R_2xSqKeScINdMA9o;chicken;50;0;If it does not change then why would I pay for it?;;;conseq;;CB
R_2TvN0BlXVGJ26gw;chicken;3;0;I do not want to be part of driving up the cost for everyone concerned.;;;other;;CB
R_yPF0LdRPYwbbIkx;chicken;2,5;2,5;;Mostly for my own conscience.  Bottom line though would be on the taste of the chicken more than anything else.  I am willing to pay extra for a more humanely raised and slaughtered chicken than a poor one for other reasons as well.  However, there would have to be other positive reasons to choosing the humane raised chicken without causing other damage or suffering elsewhere.;Most likely less chance of disease, better tasting chicken, and just generally the right thing to do.;other;borderline deont: feelgood but I'm being conservative;CB
R_21mnDV3w8CzgZjk;chicken;200;100;I would still pay some extra no matter what and hope that it would help;;It would still help in the long run with extra funds;conseqstill;;CB
R_1mq00DJ2MCgv19g;chicken;5;0;If me paying some extra money can help improve the quality of life for some chickens, I'm willing to do it, as long as it's not a lot of money and I can afford it, since stopping chickens from suffering is the morally correct thing to do. But, there is zero reason why I would want to pay more money if it does not help any chickens at all. That would just be throwing money away at some large meat manufacturer who is probably making millions if not billions of dollars a year.;;;conseq;;CB
R_3NIEGnkR9daZOGp;chicken;20;0;If the animals don't benefit then why should I pay more?;;;conseq;;CB
R_27HgSJhWHfSynrh;chicken;35;0;It seems to me that if I pay more to support improved welfare would benefit chickens, however, in situation 2, the number of chickens who receive better welfare won't change.;;;conseq;;CB
R_248xeRl1NvQneky;chicken;2;0;I'd be willing to pay more for chicken if it helps because chicken is usually a very affordable meat anyhow. I currently don't eat chicken at all because I don't think it's healthy due to the way it's raised. If my purchase doesn't improve things, I won't pay any more for it - I'll just continue to not buy it at all.;;;conseq;;CB
R_12R8PZcEJlXEAdL;chicken;30;20;I'd pay less if the overall number of chickens raised remained the same because the whole idea is to improve animal welfare.;;"See above; one outcome improves animal welfare, the other doesn't.";conseq;;CB
R_3eqPKxfHoMmr7wp;chicken;3;3;;I would pay extra to support better living conditions for chickens despite the fact that the overall situation will not change.;The situation may not change for all chickens, but maybe 20 chickens will live in better conditions. I'd rather take that chance than do nothing at all.;deont;;CB
R_tDTCf9dB4OGYLUR;chicken;5;5;;It isn't within my control, so I'm still doing what I can to help the chickens without know if others would fill the void of my demand for the poor condition chicken.  It could still help the chickens so I am willing to pay the same for the chickens.;It is really the same rationale as my answer on why I gave the same number in both situations.  I know it says the total impact would be zero, but maybe that is temporary, maybe the poor condition chickens have less demand and the price drops making it difficult to be profitable with poor conditions.  This could lead to those companies choose to transition to the better conditions with higher prices.  This increased supply then normalizes the prices of well taken care of chickens to a range that enables more demand and all chickens are taken care of.  I know I'm taking this to the extreme, but you ask my thought process.  Maybe it will help.;deont: ownpart, conseqstill;;CB
R_1HqvoIxkNEjatZf;chicken;0;0;;;;;;CB
R_3stZaSIDXbhlu1N;chicken;2;3;I feel bad for the animals that are in these situations.  they are still being raised in terrible conditions and maybe by making chicken more expensive, less people would be able to afford it.;;Because there are still animals that need help.  They need to increase the costs and pass it to the consumer.;other;;CB
R_3MR0ZcONkGuQJmY;chicken;0;0;;;;;;CB
R_3FXz8K1ByjtiQ9E;chicken;40;40;;In the first situation, more chickens will experience better lives. In the second situation, even though the number of chickens does not increase, perhaps the increased demand will encourage more chicken farmers to make the switch and actually result in permanent change to the living conditions for chickens.;Hopefully the increased demand will encourage more farmers to adopt more humane practices in their chicken raising in the future.;conseqstill;;CB
R_R8eu1R4LszOFp8R;chicken;5;5;;I would pay more but I don't have more to offer. I can barely afford protein as it is right now especially since I'm allergic to nuts. I would love to eat only welfare certified products. It isn't an affordable option.;I think the improved conditions for animals is worth paying more for too. I consider that to be a worthy cause & would support it if I could afford that cost.;other;;CB
R_12RB4fEih1x0xK4;chicken;20;0;If in the end, the result doesn't change anything I'm not going to pay for it. I don't mind paying extra, but only if it matters.;;;conseq;;CB
R_3p3WgFN5SGIfZ0P;chicken;20;20;;It seems like a fair price, and I knew nothing was going to change, as I took those chickens off of the market.;If I stopped paying money, no one would want to raise chickens under improved welfare standards.;other;;CB
R_1jBNMMWuiGG8Ntw;chicken;1;0;i would be willing to pay more if i knew that my actions would actually make a difference;;;conseq;;CB
R_3lWhIeveBmQKp9b;chicken;2;0;I will pay a little more for smaller batch of product produced rather than pay the same amount for the entire amount without clearly knowing where the money actually goes.;;;other;;CB
R_1TwshtGsZFhHcHf;chicken;10;10;;I would still be willing to pay $10 more for animal welfare certified chickens.;I think that more people should try to get animal welfare certified chickens.;other;;CB
R_CgiCeu4xRHLChS9;chicken;20;20;;Because, I cannot control market changes, but I can choose to support more humane animal practices.;The impact would be the same for my 20 chickens.;deont: ownpart;;CB
R_55xvlRu9HDVFCWR;chicken;30;20;I am willing to pay more to pressure the industry to change their behavior than I am if there is no change in behaviour.;;Because I am paying people who choose to do the right thing, even though the impact is zero.;conseq, conseqstill;;CB
R_29KsKPcmRsDPNSh;chicken;1;0;If my action doesnt have any consequence then I do not wish to spend more;;;conseq;;CB
R_1jVt6P9mly5xmqy;chicken;40;0;My choice did not have an impact;;;conseq;;CB
R_Dd8cBmCO67QQ0OB;chicken;100;20;I'm willing to pay a lot more if I know for certain that it is making a difference. I wouldn't be willing to pay nearly as much extra if it was only raising the overall cost of the chicken.;;It would not have a positive effect, but from a moral standpoint it would have some significance to me. I'd be willing to pay for that.;conseq, deont: principle;;CB
R_3dSW2iJYKXeimpD;chicken;20;5;It doesn't feel like I'm making any difference in situation 2 so I'm not willing to spend as much.;;It still seems like the right thing to do.;conseq, deont;;CB
R_3FRnipyufH4nil2;chicken;20;0;If my actions don't change the outcome, then I would rather not spend more money. It does not make any sense for me to spend more if it does not have any impact other than on my budget.;;;conseq;;CB
R_3dXLgnGffnRBDQV;chicken;9;0;If there is no difference in the overall number, what good is it doing. I'd Pay more knowing it's also contributing to a better cause;;;conseq;;CB
R_2ARVoC5ksXCmDsN;chicken;5;0;Why would I pay for no change? That would make the people who have bad conditions more money? That is very flawed. Or else it rewards those who are trying to raise better chickens but it does not work? That is not worth rewarding. Just do not eat chicken if you are worried. Or raise it yourself.;;;conseq;;CB
R_wNvXQNyiXzF6slX;chicken;20;20;;I would be willing to pay an extra $1 per chicken to see that the chickens are raised in better conditions.;I desire to try to impact the living conditions of the chickens, whether I consume them or not.;other;;CB
R_1jm4tFGMKgMouzi;chicken;100;0;I originally said I would pay $100 to improve the welfare of the chickens, which I would be happy to do so if it led to a better quality of life and more humane processing. But in the second scenerio it appears that my money wouldn't really change anything, so I am reluctant to spend it on such a cause.;;;conseq;;CB
R_3n0p9SRtpY8q4bh;chicken;1;1;;"My purchasing decisions are primarily based on the price of products, but I would be willing to give away a dollar if it improves the life of the chickens regardless of the impact.

";"My purchasing decisions are primarily based on the price of products, but I would be willing to give away a dollar if it improves the life of the chickens regardless of the impact.
";conseqstill;;CB
R_3PGfoQOixCl5AsL;chicken;20;20;;Because I cannot always control or know about external factors. In real world situation I would keep doing my part;Because I just want to do my own part and it sets a good example which others might follow. Also because its decreasing the overall demand for chicken which helps environment in some way if not chicken lives;deont: ownpart, conseqstill;;CB
R_3ijK7cwEHKdAi2T;chicken;1;0,5;The price of certification that my chickens were treated well may come with a price of increasing what others must pay for their chicken meals.  I don't want to price some unfortunate souls out of the opportunity to enjoy a chicken meal.;;I am not as willing.   I am half as willing.  I do like chickens, and keep 9 as pets.  I like my fellow man too.;other;;CB
R_1IRu1Y7bhyF3X7t;chicken;0;0;;;;;;CB
R_3Dtmv02sl9kQKcp;chicken;2;0;I would prefer to only pay a higher price if it actually helps the animals.  If I am paying more money, but getting the same results, then it isn't worth it.;;;conseq;;CB
R_6P7f1zmD4EQ8Hq9;chicken;20;10;"The issue ultimately is that if a product becomes too expensive for people to purchase and consume, they simply will not buy it. This means that the intended outcome of helping the welfare of the chickens affected is considered ""ineffective"" and companies will double down on the original bad conditions to cut costs.";;"Ultimately, it's 0.50 per chicken. That is not unusual for ""better"" chicken in stores. If nothing else, I'd try it at least once to see if there's a difference.";other;;CB
R_2CIM15C8s7oz1Os;chicken;5;3;I would spend more buying well-treated chickens if it would save more standard chickens because I feel like my personal food choice would be making a real world difference. Hopefully something that would help steer the chicken business into more ethical practices.;;I would do it for intrinsic reasons. It would make me feel better that the chicken I'm buying isn't mistreated.;conseq, deont: feelgood;;CB
R_22sNlBi2ctL8KSp;chicken;5;0;The difference in change is significantly different.;;;conseq;;CB
R_ctC1hRfcd13148V;chicken;50;25;The original amount was made because I thought it would help overall but it seems it is not as good as I thought;;If it helps some chickens live better than that is still good;conseqstill;;CB
R_2SxbB9fRbhmV8Pe;chicken;0;0;;;;;;CB
R_2YqRfA7yL6C3BdB;chicken;50;50;;Because though the overall number of chickens doesn't change, I know that there is still improvement for 20 which is better than none.;Because my personal/individual impact would be better conditions for 20 vs 0.;deont;;CB
R_2VKDuNcGyxVWS9q;chicken;25;0;If paying more doesn't change the outcome for the animals, why would I pay more??;;;conseq;;CB
R_2ZEyiRRsLzWhdu5;chicken;10;0;any;;;other;;CB
R_2eQkwU8wFBBRGos;chicken;20;1;I payed less on the 2nd situation because why pay if there won't be any standards change.;;i would pay at least 1 dollar so i feel i'm still contributing;conseq, deont;;CB
R_2XgMhsXcUBH25iP;chicken;0;0;;;;;;CB
R_2Sjmi7U9N0uWGdt;chicken;0;0;;;;;;CB
R_cCFDeZLGHljw1xL;chicken;2;1,5;I was not aware of the argument that paying more for an item raises it price even more.  I was more under the impression that a desirable item starts out high priced and mostly stays there.  With learning something new, I chose to lower my amount with the hope that there will be 20 happier chickens in the world.;;"I don't know if the impact will be zero, so I'm still willing to pay more.  The argument is that no impact ""could"" happen not that it would not.  So I will pay more until I have more factual information on the effect of paying more.";conseqstill;;CB
R_2CpsIt8qJIHW4DC;chicken;20;20;;Figuring $1 additional per chicken, whether there is a true benefit or not, as it may still help in the longterm.;It may benefit in the longterm, as the increased demand and price may set a standard in the welfare.;conseqstill;;CB
R_3EXYGyH5K6KYM5H;chicken;3;1;We are at out budget limit, due to increased housing prices, which in turn raise the property tax and insurance costs. We have to start dropping items off our shopping lists and driving less, etc.;;We know that there are so many toxins in the environment, and the Republicans are trying to make sure their corporate friends can introduce more into our air and water. Something must be done to counteract this.;other;;CB
R_1f8btPelwgzhx1A;chicken;20;30;I need to make up the difference in numbers between the two situations.;;Because at the time I made the decision, I didn't know the impact would be zero.;other;;CB
R_3scXdY6KH6J7FK9;chicken;40;40;;I am paying to buy chickens that were raised in a better manner. I wish that it would make a difference any more chickens would be farmed in a more ethical manner, but either way I would prefer to buy the chickens that suffered less.;I just feel it is the right thing to do, to support the farmers raising their animals in a more ethical way.;deont: principle;;CB
R_1jy5fwj0EBoVzK4;chicken;40;40;;"
 The ethical matter, I suppose, would be for the betterment of the chickens' lives and not for the value to the consumer or producer. If I felt that animals are being treated cruelly, the market's response in demand is beyond my control."; The market for well treated chickens is established and the value has factors beyond the monetary.;deont: principle, conseqstill;;CB
R_1qg1lspRb4QYIc3;chicken;0;0;;;;;;CB
R_2PjIKJXb9jIBXZG;chicken;20;0;In situation 1, I was willing to pay more to improved the standard of living of more chickens. I believed by paying more it would help them.  But in situation 2, I learn that my action had no effect to their standard of living, so I figure, why throw money at something that can't be fix.;;;conseq;;CB
R_2dz48Ms9ioYU7eH;chicken;5;5;;I would want to pay more because the chickens raised in better conditions will taste better and have better nutrition.;same anwer above.....better taste and nutrition.;other;;CB
R_3MlFwjhKtRjGoM2;chicken;200;200;;I still feel it is the right thing to do to pay more for chickens that were raised better and have more rights as an animal.;Again, I feel like in my own reality that it makes more sense to pay for chickens to be raised better and I still feel like I am making an impact on the chickens even though it says there are no positive consequences.;deont: principle, conseqstill;;CB
R_3MRp4wRIlRHzem8;chicken;0;0;;;;;;CB
R_xu5jPGpLprpx26t;chicken;20;20;;Well since the overall number of chickens raised under better welfare standards does not change - it didn't matter how much.;Because the outcome would not matter.;deont;;CB
R_TdZqlYmyDGRXu4p;chicken;80;0;If paying the premium does not help more chickens to be raised in better welfare standards, then why do it?   It does not change the status for the chickens who are in worse welfare standards.;;;conseq;;CB
R_viYCXfsaaHYg2NX;chicken;25;20;I gave that answer because I want to help bring the price of the chicken to an acceptable price for more people to be able to buy;;I want to eat healthy chicken and by paying more more chickens will be well taken care of;other;;CB
R_vuzddgpGCgUDYw9;chicken;5;5;;Effect is same on me either way I think.;It could maybe have long term impact, if not I'm still doing the more right thing. That's all I can do.;conseqstill, deont;;CB
R_2gJi97iSbc8O6WJ;chicken;0;0;;;;;;CB
R_1dsplB5ICmW8wvC;chicken;25;25;;The value to me remains the same. I want humane raised chickens, so I choose to increase the costs to myself my the same amount regardless of how that effects the larger market.;It is about the desirability of the product rather than the social impact of the product. People are not rational actors who think about how their choices effect global economic. They, and here I am speaking about my decision making, is focused on marketing and desirability. If this wasn't the case companies wouldn't spend billions of dollars on marketing,.;deont;;CB
R_1FLInyN5nRd4y10;chicken;10;0;If the number of chickens raised doesn't change, then there is minimal incentive for me to pay more. I'd like to see results due to additional payment.;;;conseq;;CB
R_2rZajRDyIzdWu9a;chicken;2;0;I wouldn't want to pay extra if it wasn't giving the chickens better living conditions. I would pay a little more if it did though.;;;conseq;;CB
R_p00ePo6RIOfVY0F;chicken;1;0;If me paying more doesn't positively affect the chickens, why would I pay extra?;;;conseq;;CB
R_WB8rTw5BmkaQ8Zr;chicken;25;25;;I have $25.00 extra to spend on the chicken. I can't help it if the other people can't afford it. I thought I was doing a good thing by giving extra.;Because I am trying to help the chickens live better on their farms.;deont;;CB
R_un8vXEH24txUrqp;chicken;40;40;;In both situations I would be willing to pay the same for better welfare standard.;Because of better welfare standards, it doesn't matter if the number of chicken raised increases or stays the same. Even with zero impact, I would feel relieved that they are being better taken care of.;deont: feelgood;;CB
R_3CEkVAIr6G5AY05;chicken;30;20;The first scenario allowed me to reduce the amount of harm being done to chickens while the second scenario didn't really accomplish anything besides showing general support for the cause and making me feel better about my own actions.;;It is still a way to show support for improving animal welfare.;conseq, deont: feelgood, conseqstill;;CB
R_2dnYcZWAakKCWSM;chicken;10;10;;because that is the set amount that I would pay for premium chickens. It does not matter to me the standards involved in it.;because I would feel better about myself in that I was buying chickens that are treated more humanely;deont: feelgood;;CB
R_21mpk4AoMhvqx6C;chicken;100;100;;I think that this is a matter that will have a positive affect overall. It will be worth the cost in my opinion.;I want to still have a role in making a difference in any way that I can.;conseqstill, deont: ownpart;;CB
R_2dKe1N9sE5U87Zo;chicken;2;0;I would be willing to pay extra to change the welfare standards for the better. I am not willing to pay extra for chickens when the overall standards under which they are raised will remain the same.;;;conseq;;CB
R_2Yo0kpyyfNCDLn8;chicken;5;0;I think my money goes to the direct welfare of the chickens.;;;conseq;;CB
R_3KvGRsbsdnrOPVd;chicken;5;0;in the 2nd seniaro there is no benefit;;;conseq;;CB
R_3IRHsISHzH0ZJx9;chicken;5;0;I would feel better that that chickens would get a better living situation;;;conseq;;CB
R_2usL3cPSitVVbeF;chicken;5;0;I would certainly not be willing to pay extra if it would have no impact on the chicken's wellbeing. I am vegan so I would not pay for or eat meat either way. If I were in that situation though, I would only be willing to pay extra if I felt that there was a chance that the animals' welfare had a chance to be improved through my actions.;;;conseq;;CB
R_3PsPClYhRSTmpMF;chicken;2;2;;I have compassion for the 20 chickens;See above;deont;;CB
R_1oq07vz5xtfqDNa;chicken;10;10;;because at least the animals I was eating were better raised...;because the food i was consuming at least was better raised;deont;;CB
R_25FNiDmcCnDhuQr;chicken;20;10;I am willing to spend $1 more per chicken for better conditions which produce better a product.;;I would pay less so that it would not take the price too far outside of the norm, but still provides for better living conditions.;other;;CB
R_3a3skhQiEVcJGYp;chicken;0;0;;;;;;CB
R_1EiJm7t9fykwqkq;chicken;50;50;;actually both of the first situation is clearly stated and the second situation should follow the same;Because I wish to pay due to make an impact;other;;CB
R_2bI6zo3SjsakXWw;chicken;200;200;;I still will pay a premium to eat chicken that didn't suffer.  I would contribute to take care of my personal actions either way.;Because everyone has to be responsible for their own choices.  I wouldn't want to eat chicken that had been tortured.;deont: ownpart;;CB
R_2BaL6daRg933WZy;chicken;1;1;;It would be providing the same 20 chickens with better living conditions.    I would prefer humanely raised chickens.; I would prefer humanely raised chickens.;deont;;CB
R_2b2letDoSBp3mc2;chicken;100;100;;I would be willing to pay 5.00 more for the certified chicken and I probably would eat less chicken threfore spending less on chicken.;The animals would be treated better with certified chicken.;other;;CB
R_3hGSumSO6Y97pjY;chicken;5;0;Chicken is already getting nuts in pricing. I would pay some more for it, but not much. If it makes no difference why would I be willing to pay more for it?;;;conseq;;CB
R_129hqs4rhOIpCh1;chicken;25;0;If I pay extra to support improved animal welfare standards for 20 chickens and the overall number of chickens raised under better welfare standards does not change, then there is no point in paying the extra fee.;;;conseq;;CB
R_2Qsm8CdUfnUDQXe;chicken;5;5;;If it is the right thing to do in the first case then it seems like that logic should apply to the second case, even if the number of chickens in better living conditions does not change. In other words paying for better conditions for animals is ethical behavior regardless.;Because ethically it is the correct behavior. Just because the total impact is zero on the corporation's side, it still has impact personally since you are acting ethically. You do not get a pass to act unethically just because it has no effect on some other party.;deont: principle;;CB
R_27WhOlIuUr0kNym;chicken;4;5;quality and investing in your health leads to better outcomes. I would not mind spending additional in order to eat more safely if I was to consume chicken as my meat source. I would feel better knowing that my food comes from somewhere that is well kept and in top standards.;;It would also make the demand much lower, which means that it would not be hard to access when wanting to purchase. The impact may not be as great but the increase in price would not make it so popular where there would be a shortage for consumption;other;;CB
R_1kZUI1mpdCrWJ1r;chicken;2;2;;I gave the same answer because the end result is that I would both provide an incentive to the animal welfare certified chicken industry and I would personally benefit from the healthier chicken products.;I would pay more for what I perceive to be the better quality and healthier chicken products.;other;;CB
R_32LTLPNi0RzLkap;chicken;200;150;I try to support animal welfare and better conditions for livestock, but sometimes it seems as if the conditions are only marginally better for a much more expensive product. In the first situation, because I KNOW things are improving, I was willing to spend an extra $10/chicken. In the second situation, knowing it will not make much of a difference, I still want to buy the chicken raised in better conditions, but I'm not willing to pay as much.;;Well I still believe we should treat animals as best we can, so I am still willing to buy the chicken raised in better conditions for more money. I also feel chickens that are less stressed lead to better quality meat.;deont, deont: principle;;CB
R_10PktfRmsMzNEym;chicken;15;0;Because nothing changed;;;conseq;;CB
R_1LHUStHaGXs4np5;chicken;10;0;well for situation 1. the result is clearer and I would know what I am getting. Situation 2 makes no sense to pay for;;;conseq;;CB
R_engEvuTSZsADJFn;chicken;5;0;I chose to pay $0 in scenario 2, because I felt it did not make a difference whether or not I paid a premium. The problem persisted, even though I paid a premium, because the problem was created in a different way.;;;conseq;;CB
R_43ifDsoCa5KxIJP;chicken;20;30;I thought maybe more would make sure the chickens are raised under better welfare standards;; thought maybe the impact would be greater than zero and  the chickens would be raised under better welfare standards;conseqstill;;CB
R_3oz8z8GAmA5eOoi;chicken;50;50;;It would help those twenty chickens and help the national average of abused chickens.;My money will still help those 20 chickens to have better conditions.;conseq, deont;;CB
R_WlFmLCSjIMwgjKh;chicken;10;0;Why would I spend more for no change?;;;conseq;;CB
R_3HSpmfOiQOZYPZe;chicken;1;0;A reasonable person would only pay extra for something if it gave additional value, in this case to the chickens' welfare;;;conseq;;CB
R_2CeUqu4vFP87dY5;chicken;20;0;If I pay a premium, I expect it to apply what was mentioned. Why would I pay a premium if the number of chickens raised under better conditions does not increase?;;;conseq;;CB
R_214J9SSuwCNwgw0;chicken;0;0;;;;;;CB
R_2zDdA8mENiS9o3m;chicken;200;200;;I would want to make sure that my money went to somewhere worthwhile even if the impact would be zero;I would donate in the hope that the donation would influence the future donations to have some impact;conseqstill;;CB
R_1C1p7d8yQvpeqaI;chicken;5;0;I feel like if I am going to donate money that my money should make a difference. In situation 1 it does so I would donate more but in situation 2 it does not so I do not want to add any more of money;;;conseq;;CB
R_2TWNAho7gvT67ug;chicken;15;15;;well i think im willing to spend 15$ to support animal welfare would be much more reasonable;I think we are trying to help animals welfare  so we need to come together  and help solve that issue;other;;CB
R_1pEf8pyzXigCjE0;chicken;20;5;I would want to see an impact and so I would search elsewhere if that couldn't be assured;;"In support of the company in the hope that they will have a positive outcome in the future
";conseq, conseqstill;;CB
R_wZrvbDlyqj4rcQN;chicken;40;40;;I would be improving the lives of the chickens that I was paying a premium for, not changing the entire system myself.;I am only improving the lives of the particular chickens, not changing the entire system.;deont: ownpart;;CB
R_1OIelwDMa5eWJee;chicken;30;20;Situation has a bit more of a better outcome while the second situation is mainly static.;;Just to be safe and cautionary and testing the water.;other;;CB
R_3eluWaDpHryfvLQ;chicken;1;0;"In the second situation, unless I'm misreading, there are no direct ""consequences"" for paying more. Given the circumstances, it just doesn't make sense to pay more since it doesn't help or benefit animal welfare.";;;conseq;;CB
R_3QFWcV1I8XnoXPK;chicken;1;0;If it's not going to make a difference, then there is no reason to spend extra money.;;;conseq;;CB
R_WqTj0VVKqMgxGCJ;chicken;0;0;;;;;;CB
R_AmqdKjRnbOTJcWZ;chicken;50;0;Because in scenario 1 it made a difference, but in scenario 2 it didn't matter. There's no reason to spend more if it doesn't matter.;;;conseq;;CB
R_1dsIc301iW09isr;chicken;2;0;It makes a big difference if I know that there will be improvements to the living conditions of the chickens.  I'm not willing to sacrifice if there will be no positive impact.;;;conseq;;CB
R_3MMriSqjH9LqukH;chicken;3;0;In order for me to pay more for certified chicken, I need to know that things actually will get better for the chickens. I want to know that my money is actually applying towards a good purpose, otherwise there is no point to pay more. It would be great if more people could support the poorly raised chickens, so the farmers get more money and could afford to give those chickens a better lifestyle.;;;conseq;;CB
R_3F5aZBeZqvoOggg;chicken;20;0;"If what I give does not help the overall certified chickens, why do it? Where is the money going if it doesn't help the purpose for which it was asked for?

If my money does help, then of course it would help make a positive change.";;;conseq;;CB
R_3jUTTIQEw2kZpP6;chicken;20;5;I would be willing to pay more if that actually made a difference.;;I would still feel guilty about consuming the chickens raised in poor conditions, so I might pay a little more to buy the ethically raised ones.;conseq, deont: principle;;CB
R_1rpGi1Rsc1Qmea2;chicken;5;0;If I knew that nothing was going to change i would not want to pay more. Everything is so expensive these days, unfortunately i am not in a place to pay for better quality meat.;;;conseq;;CB
R_2YyRpYwreWVPYAG;chicken;5;10;I feel responsible for doing so. I think If I contribute to it, then it will be an honest good deed.;;Actually I don't think about the consequences. I feel that my contribution will impact the situation. Therefore, I am trying to do so.;deont: ownpart;;CB
R_3s7kEksFWXV6KVJ;chicken;2;0;I assume by paying 0 extra I just help maintain my support for wanting to consume chickens that are raised in a healthier fashion, but I see no need to pay more if by paying more it does nothing to help the chickens.;;;conseq;;CB
R_3MMq5ZhvhpLUeUz;chicken;25;10;Willing to pay more, although I don't like the idea of eating them at all to improve the idea that animals should be treated fairly.. Half in hopes of keeping prices reasonable for those willing to buy cruelly raised chickens.;;To feel better about the situation. I can control my actions I can't do a lot to influence other people's actions.;deont: feelgood, deont: ownpart;;CB
R_2fJpDJUpQ89mMGl;chicken;50;15;The first answer shows that the more money i pay for the chickens to have  much better animal-welfare standard, it will affect others and in that regards they will buy less. This will result in no chanage;;With the second answer i think others wouldn't be affected hugely and could impact positively.;other;;CB
R_3lySTlCVQ0xd7Eq;chicken;20;0;Because situation 2 would have zero impact.;;;conseq;;CB
R_DC2TnMmhW5qEx0Z;chicken;0;0;;;;;;CB
R_bqjwJjwLDuQzKBH;chicken;10;0;Either way, I would want to improve their welfare so they are treated better. But if the increased price is not going to better treatment, then it's not worth it to me.;;;conseq;;CB
R_1gchEUz2KGXbKJa;chicken;5;5;;It's because I don't have a lot of disposable income right now and it's as much as I can spare.;Because I would rather my money go to a company that is ethical.;other;;CB
R_Zw8VUrkxsDGALzH;chicken;25;0;I am willing to pay slightly more if my actions are beneficial, but if my extra money doesn't really change anything, then I would rather keep it.;;;conseq;;CB
R_2aF8z5vL5auZLmz;chicken;3;0;if nothing was going to change in the second scenario then there is no reason to give anything and I should go with the chickens I am always eating;;;conseq;;CB
R_1I6sCumdRYAUrcI;chicken;20;20;;Both actions reduce animal suffering by a similar amount.;Decreasing the demand also decreases animal suffering. Less chickens would be raised in bad conditions, so it would still have a positive effect.;conseq, conseqstill;;CB
R_3h4uOkAdSZ3BzEM;chicken;52;2;For me to pay more for chicken i would hope that it would help bring more suppliers into changing their practices for the better. If that doesnt happen i dont see the incentive to pay a lot more;;i would still want to support the farmers who do good for their animals and i think that is important in the food chain;conseq, conseqstill;;CB
R_2S06WZ407TQRsYy;chicken;3;0;If it makes no difference to the standards, then I feel like there is no reason to support it. Grocery costs are high and I always try to reduce costs. If I had more money, I would consider buying better animal welfare products regardless of the effect it had.;;;conseq;;CB
R_pma3jB0K2pFylON;chicken;40;40;;I would pay the same because I would want to support improved animal welfare standards regardless. I feel that the animal would be healthier and that's a good thing.;I feel that regardless of the impact I would still be willing to pay the extra amount because the animal would be healthier. That would be my main concern.;deont;;CB
R_xEgmJvflCDRqKlj;chicken;6;0;I want my extra expense to make a difference and 2nd situation did not improve the chicken conditions;;;conseq;;CB
R_3dLjACAeWgwBomY;chicken;0;0;;;;;;CB
R_237DWSijawPaUqY;chicken;0;0;;;;;;CB
R_29m423HFgeUHh0I;chicken;5;0;I support increased price for increased welfare of the chickens. If it does not increase the welfare then I would not pay extra.;;;conseq;;CB
R_29bqmDwyHDs7gs1;chicken;2;0;I gave different answers because the second one said it has no effect so i wouldn't pay any more.;;;conseq;;CB
R_3m81hQCyPUtv2Yf;chicken;50;30;I would pay more for something that has positive consequence to have an absolute support.;;This also mean supporting in a little capacity necessary.;conseq, deont;;CB
R_1d6bBYwJnGKpsDZ;chicken;25;0;In the second situation, nothing changes based on my contribution.  So, I feel no need to spend my money on something that doesn't have an effect.;;;conseq;;CB
R_2ccGw72DwHcH6UV;chicken;150;150;;I don't think my impact makes much of a difference.;Even if it doesn't make a difference I'd still be willing to pay the premium.;deont;;CB
R_rqImjhHy4raG5mF;chicken;10;0;;;;;;CB
R_2R3KRwNZfElSkr1;chicken;5;5;;Both are for 20 animal welfare certified chickens;no because I t hink it wouldn't make a difference;deont;;CB
R_31Awu7FDFqEzO37;chicken;5;0;I don't care about chickens.;;;other;;CB
R_2xQnK3f90AMeL1p;chicken;100;50;One provided a guarantee in the increase of the well being of chickens, while the other scenario did not.;;I wouldn't want to pay more if the overall statistics didn't change in favor of the chicken's well being. But, I'm still in favor of supporting the cause.;conseq, conseqstill;;CB
R_32Q40yEJXrn6WKk;chicken;20;30;I would first consider this price;;I think justice for the chicken welfare is worth any price;deont;;CB
R_AiJLzUhYYQ5srK1;chicken;40;20;If me paying money doesn't actually have an effect on how chickens are raised then I would still be willing to pay for better chickens, just not as much.;;I would still be buying the better chickens for myself.;deont;;CB
R_2dtDcTFvlvM3cUr;chicken;25;0;I am willing to pay more for something that has a positive impact;;;conseq;;CB
R_3MfnUAytctr7etd;chicken;1;1;;I feel that 1 dollar is a minimal amount to alleviate suffering.;Producers eventually will move to animal welfare model if people buy more of these chickens. So, $1 dollar would be minimal in helping to alleviate animal suffering.;conseqstill;;CB
R_3NvNnmd3d9rcxal;chicken;40;0;If I pay extra for them to be treated better, then that is what should happen. This happened in situation 1, so I was willing to pay more. They would not have been treated better in situation 2, so my assumption would be the company is pocketed the extra money and is not doing anything to better the situation, so I would not pay any extra, I would probably stop buying anything from them all together;;;conseq;;CB
R_cNG3nfewheCNckx;chicken;5;0;If me paying more doesnt change the number of chickens living in better conditions then there is no point in paying more when i could just pay less and eat the same as i have been.;;;conseq;;CB
R_O2RO4SmvRepGb8B;chicken;2;2;;I would still want to support chickens being raised better even if the numbers did not increase;I would be supporting the continuation of the program;deont, conseqstilll;;CB
R_2S3ob8H799uQG8y;chicken;30;0;If my action of paying extra doesn't have an consequence, I don't see a reason to take it. The whole point of taking action is to prompt change.;;;conseq;;CB
R_2scnUnYykih5uKk;chicken;2;0;If I'm willing to pay more for the standard of the welfare of chickens to change to become better, I'm not willing to pay more if the standard will not change for the chickens.;;;conseq;;CB
R_2xzs4zr3EjcNSlP;chicken;5;0;As an individual I am more concerned with making choices that have more of a positive consequence;;;conseq;;CB
R_eyubyR96VDSPQat;chicken;0;0;;;;;;CB
R_XtCy0Y5kw2Mj9pD;chicken;10;0;If it makes a difference for the better welfare of chickens I would pay an extra then dollars as needed. But 0 if it has no consequence at all.;;;conseq;;CB
R_2YtsDrTXVAAxkQ1;chicken;100;80;One is for a positive consequence and the other one doesn't matter;;to help out in anyway I can;conseq, deont: ownpart;;CB
R_1nPmfwSvAezgnZW;chicken;2;0;It doesn't make sense to pay extra for something where there is no overall benefit to do so.;;;conseq;;CB
R_2qaC1WQzIEs50r9;chicken;20;10;If my support does not change the situation overall then I am paying more than I think I should, but I still understand the scenario where it does at least start to help. It hasn't gain enough traction for me to pay a higher premium, but it has interested me.;;The overall impact maybe zero, but it still influences some of the more local/anecdotal items, which is enough to gain some support from me.;conseqstill;;CB
R_3J4TMects0Yn31a;chicken;5;0;one was actually effective;;;conseq;;CB
R_yOtTU0gNDqAbLAB;chicken;1;1;;I think it is a fair trade off in both situations.  I would pay more for either;I believe that there would be  difference. I find it hard to believe it would be zero.;conseqstill;;CB
R_33g2WlePLGsROic;chicken;3;0;I won't pay extra if there are no benefits for it, and even then I don't think I'd pay extra at all.;;;conseq;;CB
R_3scY0T7mxkWe4VU;chicken;20;0;There's no real point in me spending more money if it doesn't make a difference.;;;conseq;;CB
R_2yjCF6picsxBOvG;chicken;2;2;;Because I have a limited budget, and with or without consequences, that would be the most I could do.  Along with that, I cannot be responsible for other people's choices.;The impact would not be zero, as I would talk to others about the importance of this, and hopefully they would also  participate.  Over time, those raising chickens in poor conditions might want to change their ways to meet demaned for the other chickens.;conseqstill;;CB
R_1FPWqVJm2dnDgCL;chicken;1;0;"I do not want to spend my hard earned money for  zero impact..

In the first example I am  Knowing that my share of the price increase made life better - and  likely a better tasting- chicken for 20 chickens.

In the second example i was told that  i was paying extra to support conditions for 20 chickens, and if none were 'saved' /raised under animal welfare conditions then  I think the company lied to me!";;;conseq;;CB
R_1JPWqs83QJpSmOc;chicken;0;0;;;;;;CB
R_1LMWDmFK3bYc8Df;chicken;25;0;it did not help their welfare;;;conseq;;CB
R_2wnSO3Bl52ugtNL;chicken;20;20;;I am considering the chickens individually. While I am saddened that the overall number of chickens raised under better welfare standards will not change, I like thinking that I am contributing to 20 chickens somewhere whose lives will be much better. I'm also hopeful in the thought that my action can encourage others to do the same, eventually leading to a real improvement on the overall number of happier chickens.;I would still consider my action as improving the life of 20 chickens, and that would be worth money to me. In the alternative scenario, there are no chickens whose lives are better.;deont, conseqstilll;;CB
R_2Cvt3kjlJzBVE9C;chicken;50;40;In the first scenario, the total number of chickens raised under the better welfare standards decreases overall, whereas in the second it does not. In the first case, I feel like my money is doing more good than in the second case, as there would be less suffering as a result. Still, in the second case, even if the total amount of animal suffering does not decrease, the 20 chickens that I support WOULD still experience a decrease in suffering. For this reason, I feel that the first case would be worth paying more for--at least when compared with the second case.;;"Despite the fact that the total impact would equal out to zero, my increased payments would still have a positive effect on the suffering experienced by the 20 chickens that my money would ""support."" For me, this is still a preferable outcome compared to the alternative, where no chickens have gained an improved standard of living.";conseq, conseqstill;;CB
R_3oYdTiEPpr7HfJx;chicken;1;1;;I would want to know that the chicken I am eating was raised with better standards;I want the chicken I eat to be healthier;other;;CB
R_1Ophe63aVEAp12N;chicken;1;0;I gave different answers because I would be willing to pay more in order to decrease the number of chickens being harmed.;;;conseq;;CB
R_wObtCNQp16iGGFr;chicken;230;230;;It is of significance;it is of importance;other;;CB
R_33EdGlOZC0sJLMV;chicken;20;10;In the first scenario, it felt like I was making a concrete impact on the lives of these chickens. In the second scenario, it became clear that while I would have been helping those specific chickens, my contribution was not very meaningful overall. I still wanted to help, but felt like the amount felt too high if there was no real significant impact overall.;;I would still want to help the specific chickens that I could, and it would please me to know that I contributed in some way to some chickens having a better life.;conseq, deont: ownpart, deont: feelgood;;CB
R_3MbyZgDDaG3ebYc;chicken;50;0;My aim to make better living conditions for the chickens. If that money I'm paying is going to other things, I do not wish to pay more for what I'm buying.;;;conseq;;CB
R_XYW4mODjyQJq145;chicken;0;0;;;;;;CB
R_eWiTwJGtV1Z80OR;chicken;3;0;because if the standards dont change, i dont want to pay extra.;;;conseq;;CB
R_1Nt4Mmmzi664Jb7;chicken;0;0;;;;;;CB
R_3RfKpqCxDIwKoSV;chicken;20;0;In first scenario my money improve welfare of 20 chickens, in the second they do not. Where my extra money will go? Into somebody's pocket?;;;conseq;;CB
R_plXvPARRBV3bOtX;chicken;5;0;I gave different answers because in scenario 1, my money is contributing towards increased supply of the better chicken. In scenario 2, my money correlates to supply and demand, not increasing the supply.;;;other;;CB
R_Rn86nbdmEChjAxX;chicken;0;0;;;;;;CB
R_UnFbqyloovHhIqZ;chicken;5;0;The overall number of chickens has no change and there is an extra cost which I think is not needed.;;;conseq;;CB
R_1dMmQ8ErNkdrg2G;chicken;10;0;Why pay more if none of the poor chickens are any better off?;;;conseq;;CB
R_2lATUx62JOz5ux3;chicken;60;60;;Because to me, this is a moral situation. It shouldn't matter what other people are choosing so long as *I'm* doing the right thing.;Similar to above, I eat meat - and prefer to raise my own - so that I can know they had a good quality of life. It matters to me about the chickens and their lives and also adhering to doing what I think is right.;deont: principle;;CB
R_2PnUdQFUmxU5iqc;chicken;200;0;My money should impact the cause, welfare for the animals. If it is not, where is the money going towards?;;;conseq;;CB
R_2rDihARn99evjRh;chicken;30;5;In Situation 1, I would justify a higher price because there is a practical positive effect in the life of chickens;;There is still a positive net gain towards better animal standards;conseq, conseqstill;;CB
R_2DXZMZIOTBzLUzC;chicken;40;0;In the second scenario, my money wouldn't make a difference.;;;conseq;;CB
R_233QzqUCZgNmpdd;chicken;6;6;;I think it'd be generally better if people all considered more eco-friendly and sustainable options than meat, so I didn't mind raising the price in the second scenario. For the first one, it would give me more peace of mind, although it was more expensive. So I put the same number for both because they both could end positively.;In real life I am vegetarian, which probably played a part in my answers here. I want people to consider other options, and high prices is one way to do that;conseqstill;;CB
R_1MKjsbfaFQ88Yo4;chicken;4;3;I would not want to raise the price for others for animal-welfare-certified chickens are mentioned in situation 2.;;I believe there would be a higher price for that type of chicken so I would expect to be charged more and wouldn't have an issue doing so, even if the total impact is zero.;other;;CB
R_322ZZXrLeTolGWV;chicken;15;15;;Because my actions still have little positive outcome no matter the global change.;Because a little positive change is still a change even though it comes down to a zero.;conseqstill;;CB
R_1LT3dQczKxS8Svf;chicken;50;0;I don't mind helping to  raise the chicken under better condition if paying extra does not make any difference I would rather help some other cause.;;;conseq;;CB
R_VPaeYqdd0Zw8kr7;chicken;100;50;As the overall number of chickens raised under better welfare standards would not change, I would not be helping the overall welfare of animals. Because of this, I would not pay as much as I would if I were improving the conditions of those 20 chickens that were previously under basic standards to now experience better welfare conditions.;;I would still be eating a more humanly raised chicken, so I would still be willing to pay a premium, but not as must as if I were impacting the chicken industry as a whole. I believe chickens raised in better conditions are better for our bodies and have a better taste.;conseq;2nd explanation is other;CB
R_3e21A0BypiVnAah;chicken;1;1;;A dollar per pound more ia not a lot, but don't all chckens deserve it?;All chickens deserve the better treatment.;deont;;CB
R_1pWPN352kKdBQPB;chicken;50;10;in the first situation, there is an impact and for that reason, i will be willing to pay more;;i will be willing to pay very less since the impact is zero maybe there will be impact in the future.;conseq, conseqstill;;CB
R_2y11Itd2Ek97l5E;chicken;20;0;WELL I LIKE BETTER AND HEALTHER CHICKEN FOR THE FIRST QUESTION ..... THE SECOND REASON IS IF INVEST FOR BETTER CHICKENS IN THE CUSTMORS DONT BY BECAUSE IT COST WHATS THE PURPUSE;;;other;;CB
R_3stq3d7BKUyeR12;chicken;1;1;;I normally eat cage free chickens anyway;i already pay more for cage free;other;;CB
R_1ltrSlANGwndSiJ;chicken;0,01;0;Man was put on the earth to rule plants and animals.  I would not pay additional money if welfare standards changed.  I also would not pay additional money if welfare standards wouldn't change.;;;other;;CB
R_1mwm4V6h2JRbNFB;chicken;100;100;;I believe that taking into consideration the acts of only one actor would not affect the change in either scenario. I would definitely choose the chicken raised under more ethical guidelines simply because I believe it would be better for me and taste better. Additionally, I strongly believe that the way we currently raise and harvest our meat products needs an overhaul.;As I explained above, I believe that the chickens raised under more ethical conditions would be definitely better than others. I believe that the risk of disease to me would be less and that the chicken would actually taste better because there would be less stress hormones permeating the meat.;other;;CB
R_1q2q2S4mHbSpb42;chicken;1;0;I, like the chickens live under welfare conditions, and us food stamps to purchase food.  The second choice seemed to inflate prices for chicken, with a contrived seal of approval, which means and does nothing.;;;other;;CB
R_3jZIcLQTJnqBMly;chicken;0;0;;;;;;CB
R_1jPoUkB0kRYvype;chicken;10;0;if no consequence, extra spend by me is only extra profit for the chicken breeder;;;conseq;;CB
R_3L5AHvM9Z2jxHes;chicken;10;0;I would probably not be willing to pay extra for the animal welfare certificate as there would be no tangible benefit resulting from my choice.;;;conseq;;CB
R_2PwdnuH3wtPePLv;chicken;20;20;;I give $1 more per chicken and if everyone did this, then we would reach the tipping point at some point. If I gave $20 per chicken I do not think it would move the needle that much.;At some point, there will be enough people spending the extra money, and we will get to an end when it becomes economically viable.;other;;CB
R_2fEaHYdLC4sPLfN;chicken;100;50;In the first scenario I just want to contribute to the welfare of chickens in bad situations.;;But if I contribution is going to make life stressful for another human being, I'll have to drop the price.;other;;CB
R_5jRmdusYp0dViZH;chicken;5;2;It is different when I know something will have a DIRECT impact versus a zero impact.;;I still have a conscience about the situation, and want to have better chicken care.;conseq, deont: feelgood;;CB
R_3qmUNc8MOWF9Brd;chicken;5;0;There is no reason for me to shell out extra money when it has no consequence. I would rather dedicate the extra funds to something that does have a consequence.;;;conseq;;CB
R_b1nn44GGyU5Wx45;chicken;10;10;;I gave the same answer to both situations because I was thinking that by my consuming the animal-welfare-certified chickens in both cases, it would be beneficial to me to consume a better quality chicken.;Even if the impact would be zero, I would rather pay to consume the better quality animal-welfare- certified chicken. I think it would be beneficial to me in the long run.;deont;;CB
R_3mjC4v3Ox6UExVS;chicken;1;0,2;Because in one it helped, in the other it made no difference.;;In case it helped at all, I would be willing. Illogical, I know. Plus you said I was paying, so I did.;conseq;;CB
R_vAZPkTks4JZKhz3;chicken;5;5;;No matter the cost, I do not like to see any animals tortured, which is how chickens are currently treated. Animal welfare is a significant part of my reason, although there are several others, that I am whole food plant-based oil free in my daily life-style.;It would still improve the lives of those poor chickens and it wouldn't harm me at all.;conseqstill;;CB
R_1LhWubiQqPcxUIO;chicken;13;10;I gave that answer because i want to reduce my intake of chicken because i want to help decrease animal distress.;;I want to make the world a better place.;other;;CB
R_1pKUgVHlybiMlZM;chicken;5;5;;because i wasn't exactly sure how to answer this question.;because probably i don't understand this question like i should.;other;;CB
R_3svpEYzl8vZDcCf;chicken;30;0;"in the first scenario, I am assuming my patronage of the animal welfare chickens helps their business succeed so that their share of the market will increase as well.  My patronage is worthwhile because of the good effect it has.
  In the second scenario, market forces eliminate any good I might have tried to accomplish.  I am simply throwing money away in such a situation.";;;conseq;;CB
R_1g1uVr9ieovjM6Y;chicken;1,5;1,5;;I would pay the same in either scenario;If the animals treated better would in addition be healthier, I would be willing to pay more regardless of the number of chickens raised.;deont;;CB
R_OvUdKK6WtGYsEkF;chicken;100;100;;Because the question was the same, and I am only willing to pay 100 either way.;I think chickens should live well and I have money.;deont: principle;;CB
R_3hhJHeG3oh38soQ;chicken;5;5;;because even though I personally benefit more in situation 1, I want to do what I consider the right thing in both cases;because I feel like I should be doing my part to be a responsible, caring human being (and put my money where my mouth is);deont: principle, deont: ownpart;;CB
R_3r2OLvgTufWGDXY;chicken;40;40;;Because in my opinion if I knew the money was going to give the animals a better life than I would support it the same.;Basically I would pay it no matter what the impact is;deont;;CB
R_2b0Cfgmo0Z7MgvB;chicken;0;0;;;;;;CB
R_3huyvEFIlOdPgT2;chicken;1;1;;I expect that ultimately chicken farmers WILL go to more humane ways of farming just based on consumer demand, so while I support that idea, I am giving here the bare minimum whole dollar amount to both situations.;I can't change whether others buy or don't buy, and so I will do what I think is right regardless of that fact.;conseqstill, deont: ownpart, deont: principle;;CB
R_1Iof13xueYKb4Dc;chicken;10;0;I do not believe spending extra money beyond the standard price is worth it if the overall number of chickens raised under better welfare standards doesn't change. In situation 1, I would spend an extra $10 knowing that more chickens are being raised under better welfare standards.;;;conseq;;CB
R_exGwI18XWQYaJod;chicken;50;25;I am always hoping the conditions will somehow improve, the problem here is I cannot see it.;;Because it cost more to give the chickens a better environment to live in.;conseq, conseqstill;;CB
R_uyrCOqoCmBYQqBz;chicken;3;3;;BECAUSE I care very much for animal welfare and humane farming practices. I would pay extra for 20 chickens to have a better quality of life whether or not welfare standards change for ALL farmed chickens.;Same as above - because I care very much for animal welfare and the humane treatment of ALL animals. I would pay extra for 20 chickens to have a BETTER QUALITY OF LIFE regardless of changes being (or not being) made to overall welfare standards of farmed chickens in general. I'm just a 'softie' that way, I guess.;deont: principle;;CB
R_1jjIt6ZY6h33rxj;chicken;1;1;;I would be willing to pay a little extra just for the better standards.;It would still go toward increasing the living conditions of the chickens.;conseqstill;;CB
R_3Odk7fZnmVqk4s3;chicken;30;0;In the first scenario I was willing to pay more for the 20 chickens so more of them could be raised under better welfare conditions. In the second scenario my willingness to pay more had no effect on the on the number of chickens to be raised under better welfare conditions.;;;conseq;;CB
R_4ZKyKhwi88iObbr;chicken;100;100;;Either way, it‚Äôs better for the chickens and I purchase better quality chickens. That makes it worth the extra money spent.;I am still paying for improved animal welfare standards regardless.;deont;;CB
R_3nAUAYdUSaZrFoV;chicken;2;2;;I'm still doing the right thing and have hope that at some point conditions will change.;I'm still doing the right thing.;deont;;CB
R_3HOyZeyvvP0izYl;chicken;0;0;;;;;;CB
R_2ir91LdwsnNcdXP;chicken;200;200;;The value of the chickens raised to welfare standards remains the same to me.;I'm paying for those 20, not for all chickens.;deont;;CB
R_2sd2EdHQzVbdNBO;chicken;2;2;;I still believe in the premise and support the idea.;Money is power in this consumer driven country. If more people were on board with it, the market would respond eventually.;conseqstill;;CB
R_3PAEfFatepACYvn;chicken;2;0;I would only want to pay extra money for there to be an actual benefit.;;;conseq;;CB
R_1kXHCZJfpknpvzU;chicken;20;0;If it actually  made a difference in the lives of chickens, yes, I'd pay more. If it doesn't, then there's no point. I'm just being cheated. Here's an idea, how about we make it ILLEGAL to abuse animals and ILLEGAL to demand exhorbitant prices for the perk of you NOT breaking the law?;;;conseq;;CB
R_262Bv7IHGa6Kkz7;chicken;15;0;If the amount of money I spend has an observable impact on the average number of chickens, then I would feel the money is worth spending. However, if my additional cost does not help the average number, then it feels like I am not making any difference on a global scale.;;;conseq;;CB
R_3dWJtUAfjCXYduJ;chicken;50;30;good;;willing for intressted;other;;CB
R_PLE06KIJULumVIB;chicken;20;20;;I am paying for the improved welfare of those chickens, and that doesn't change whether or not the overall number of chickens raised under better welfare standards changes.;The impact is not zero for those chickens.;deont, conseqstilll;;CB
R_3snzxqlWz20nIN2;chicken;0;0;;;;;;CB
R_W0BIChirl5Glq49;chicken;50;0;Because it does not make a difference in the second scenario, there is not point in supporting the cause, where in scenario one, there is a difference being made.;;;conseq;;CB
R_2SIDXFlyzTf0Y4c;chicken;5;5;;I would not be willing to spend much more and there's no guarantee that the company would actually be doing anything to help the chickens.;Even if no other chickens were being put in a better situation they would still have to replace the 20 they have so even though its not helping any extra at a time there are still some that are being helped.;conseq, conseqstill;;CB
R_2ZHwPZawFfvTM7B;chicken;0;0;;;;;;CB
R_3dGjxBIfD67NLLt;chicken;20;0;It would not make sense to pay more for no net benefit.;;;conseq;;CB
R_2tGpwYb55TEEbQp;chicken;10;0;In the second situation, my spending of money doesn't seem to affect the outcome. I find it's pointless to spend money when it wouldn't do anything, and that means the money I would be spending is just being pocketed by a corporation.;;;conseq;;CB
R_30ozgn7Irk8TEKp;chicken;45;0;I mean, the only reason I wanted to pay more in the first place was to help the chickens out. If the living conditions don't change, then all I would be doing is paying more for the same thing for no outside reason.;;;conseq;;CB
R_6ytLUiKGpnIvTqN;chicken;50;0;The reason I'm willing to pay a higher amount for the chicken in the first situation is to support the farms and animal care for adhering to protocols. The reason I'm not willing to pay a dime for the second situation is because there will be consequence for my actions.;;;conseq;;CB
R_wXaJl9OyvophQc1;chicken;3;60;The first would be for 1 chicken that I purchase 1 time. The second would be a total of 20 times I buy it.;;I feel that it be better quality.;misunderstanding;;CB
R_1GNQR4uuRguwkxs;chicken;1;0;In example 2 my upcharge would have no affect on the outcome.;;;conseq;;CB
R_aXcK9Al9iArZLXP;chicken;5;5;;my actions do not matter, but i am willing to spend more to help farmers doing a good thing;my actions do not matter, but i am willing to spend more to help farmers doing a good thing;conseqstill;;CB
R_2xDGYIuPVrkFbkl;chicken;5;5;;My price per chicken doesn't really change because this is my budget range for a chicken.;There would be a more positive impact on the environment from their being 20 less chickens being raised.;conseqstill;;CB
R_Rlu8in9AYQVyh9f;chicken;2;2;;If everyone did their part and paid 2 dollars more then that should be enough to take care of the chickens.;I think 2 dollars is more then enough to take extra care for the chickens.;other;;CB
R_2V7OusWx210fyGI;chicken;50;10;Scenario 2 gave me a different perspective on the situation.  If more people are spending more $ then it will drive the price sky high.;;I would still pay extra $ to get decent chicken from the grocery store.  I like in a rural area and have access to farm raised chickens.  I would like to go to the grocery store and buy chicken/ beef but their meat is awful.;other;;CB
R_2rvjZh7U9BnhUlR;chicken;35;30;that is the best that i can do to support;;that is the best that i can do to support;other;;CB
R_28TAB1flN51ixAO;chicken;0;0;;;;;;CB
R_27jSJ0PpOAKB363;chicken;1;1;;this is an increase i am comfortable with;it makes me feel better;deont: feelgood;;CB
R_3EpbXSf7CQuiSDC;chicken;0;0;;;;;;CB
R_UaUT3h17GiqjWIF;chicken;20;0;In the first, I'm actually seeing a change so it is worth the effort. In the second scenario, nothing changes so the effort carries no true value.;;;conseq;;CB
R_80Vj5sv4heUrgNX;chicken;20;20;;I wouldn't want my chickens raised in cramp conditions anyways. That's mean.;I want any chicken I eat to have the best life even if it doesn't effect other chickens in the long run...it effects that one.;deont: principle;;CB
R_1mUeQFYtDtldyYI;chicken;20;0;I value my health and would pay the premium to eat a better quality chicken.;;;other;;CB
R_1Q0kUHwgMpf1X27;chicken;2;2;;It is a personal choice and either way I would want the chickens to be treated fairly. I‚Äôm willing to pay more in both situations.;I would still want to support the farmers who are taking care of the chickens and offering them a better life. I‚Äôm willing to pay more for that.;deont, conseqstilll;;CB
R_2usaHY0xkgmYEbe;chicken;50;25;If I'm not helping to improve the welfare standards by spending more then I wouldn't be willing to spend as much extra.;;It would still make me feel better to have at least try to help.;conseq, deont: feelgood;;CB
R_2Y3Q59NMSr5XPRe;chicken;2;0;"Even chickens deserve a better life than what they have. I don't mind paying my share of extra money for happier chickens. But I won't pay for ""enhanced"" welfare if the standards for care do not get better.";;;conseq;;CB
R_1MTTxZDA7kPa7dv;chicken;50;75;Because the higher you pay then the chicken would be better for you;;Because it‚Äôs better and healthier for you;other;;CB
R_Ox4e2FaXEBqQWQx;chicken;10;0;I would pay more if it meant more chickens would have better conditions. If it wouldn't change anything, as much as I would like the chickens to have better conditions, it doesn't seem worth it since I am on a strict budget.;;;conseq;;CB
R_3UeAUenKfiAzEKl;chicken;20;20;;Because it would make me feel good about what I am doing and I would hope to be part of an eventual change.;Because it wouldn't make a difference in trying to do the right thing if I can afford it,;deont: feelgood;;CB
R_WDHTpbPITKVCdAR;chicken;40;15;because i work hard for my income. if I'm going to give extra, i would like to see a change.;;because better animal welfare is still important.;conseq, deont;;CB
R_1F4yJOf2GTYquJw;chicken;0;0;;;;;;CB
R_1QaB1lvjwRwTawv;chicken;150;150;;The quality of better raised chickens is the reason for the increase of price.;The quality of better raised chickens is the reason for the increase of price.;other;;CB
R_3NClPEUaTk8P7eZ;chicken;50;20;I would pay more if I knew I was making a difference. The problem is inflation and costs have increased so much, it's hard to justify spending more.;;The upkeep and costs of chickens is higher. Those chickens will more likely taste better than those constantly cooped up.;other;;CB
R_8ihbzqub1fhq5u9;chicken;5;0;Because paying extra did not make a difference. The change and regulations needs to be made at the farm not in the supermarket.;;;conseq;;CB
R_tRv1lJtHQpyWmLn;chicken;40;20;I would like to contribute more if it improved the chickens life;;I would still want their living conditions improved but it would be harder to understand the benefit;conseq, deont;;CB
R_23TOaHhDiS8yZ4f;chicken;5;0;I chose to pay more for Certified Welfare Chickens in the first situation, because my extra money spent would actually help. In that situation, the extra money I chose to spend meant that some chickens received a better and healthier life as a result of my actions. However in the second situation, the extra money I spent did not make any difference in the number of chickens raised under better welfare standards. Basically my money was wasted in the second situation.;;;conseq;;CB
R_3qX3DLiGssyOWkB;chicken;2;2;;That's the most I would be willing to pay because if I pay any higher I would not be able to afford to eat it for me and my family so I could only give what it would be that I would give per chicken I think that's a fair amount if that's what most people do I think it would help a lot;Because I think that in a long running make a difference it may not make an immediate impact but I think it would make a difference in a long run;conseqstill;;CB
R_3kAJdAII8vBNcQ3;chicken;2;0;I would not want to pay for something that isn't going to change.;;;conseq;;CB
R_1dEuDYhPr81Winv;chicken;50;25;"I gave different answers for the two situations because I am more motivated to part with my hard-earned money if it truly initiates positive change. Without positive change happening, the thinking is that getting by in life is hard enough as a human being - I'm not going to give away a lot more of my money simply for probably nothing to change at all. 
";;I gave away only a little more in the hopes that it would help change to eventually happen some day soon.;conseq, conseqstill;;CB
R_3KQ41IbwSZx7Nst;chicken;20;5;In the second scenario, spending money feels like a waste.;;I am willing to spend more on an effort that has tangible effects.;conseq;;CB
R_1MR4hNLP9761HSe;chicken;50;25;The welfare of the animals does not change, but we need to be nice to animals.;;We need to have standards for animal treatment.;deont: principle;;CB
R_33pWAUhPhXx2OGB;chicken;5;0;It didnt effect the change. I would like to give more to help increase the overall living of the chickens.;;;conseq;;CB
R_zeUYZ5NV2LC8yUF;chicken;35;0;If there are no positive consequences associated with my action, then I don't see the need to spend extra money on the chicken;;;conseq;;CB
R_1K0z8eT5cOjIKln;chicken;0;0;;;;;;CB
R_1GUlzL6XDbeBwJo;chicken;20;0;If I'm paying extra and the overall number of chickens raised under better standards does not change then I'm not paying extra.;;;conseq;;CB
R_25XfrYgPzjjv5AW;chicken;100;0;I am not willing to pay extra for no benefit;;;conseq;;CB
R_3HTDM6gEizSTEMv;chicken;20;20;;Because I am not worried about the welfare of the chickens in both situations;Because the situation is not something I am worried about and would only pay that amount;other;;CB
R_3hF9Zdx76UOeM6h;chicken;0,5;0;I would not pay extra for something that has zero consequences.;;;conseq;;CB
R_9EMFQcZFw0KTaYF;chicken;10;15;it feels logical;;In this situation where my action does not lead to any increase in the overall number of chickens raised under better welfare standards, I would be less inclined to pay an additional premium.;other;;CB
R_pDTU7AQNSFUujnP;chicken;4;4;;I would still be willing to pay the premium for the higher standard of chicken.;I think that paying for the higher standard of chicken sets a better precedent. It might not have an impact right away, but down the road a bit it might.;conseqstill;;CB
R_0OMzF4JJmj8R2oN;chicken;20;0;I paid extra in the first scenario because it would improve the animal welfare standards of the chickens. I am not willing to pay anything beyond the standard price in the second scenario because it would not improve the welfare of the chickens.;;;conseq;;CB
R_bKiDmgN6ny2gJ2N;chicken;30;20;"I would be willing to spend more if it actually made a difference. It would only make intuitive sense to me. I can see not wanting to pay more if it didn't make a difference, but if you wanted to ""vote with your wallet"", this would really be the only way.";;It would just make me feel better, morally. It is hard to believe that NO impact at all would be made. I really feel like it would lead to a small but non-zero change, as in the previous example.;conseq, deont: feelgood, conseqstill;;CB
R_2c1uybJFpZuOkzT;chicken;20;0;In the first scenario my money ensured better conditions for the chickens so I feel like I would pay more, but in the second instance, it is found that the chickens are not treated better, so I would not pay any extra for a certification that mean nothing.;;;conseq;;CB
R_2fdgmH3l612tmx3;chicken;20;0;I'm only willing to pay more if there is a measurable difference.;;;conseq;;CB
R_1mVKMBfAsxl5nus;chicken;50;50;;It is the same amount, so why would I pay more or less?;I would pay money in situation 2, despite it's low impact, because I would be getting the same thing. Ideally, I'd probably go for the one with the most impact.;deont;;CB
R_Ti3hB5pDMdKWFZD;chicken;50;0;I want my contribution to make a difference. I want more animals treated better for the extra money.;;;conseq;;CB
R_3jZqtBL9SjWEqNH;chicken;100;0;I support better conditions for farm animals in general.  $5/chicken seems like a reasonable amount to pay (Situation 1).  However, there doesn't seem to be much point in paying extra for chicken if the net effect of paying extra doesn't result in any chickens being treated better.;;;conseq;;CB
R_1ey1pJH7vJAmMiB;chicken;250;250;;some consequences;support fairtrade;other;;CB
R_3kLhdUmIJVwz6t1;chicken;2;0;it changed in scenario 2 because overall standards would changed for the majority of chickens;;;other;;CB
R_1f1LrisedKGyfMX;chicken;5;0;I'm not willing to pay much more in scenario one becaue chicken is already more money. And in scenario 2 I'm not willing to pay money for no consequence at all.;;;conseq;;CB
R_117sl1bUr0zpAQ8;chicken;0;0;;;;;;CB
R_2tg72armfP6SUB7;chicken;40;20;"I would pay $2 extra per chicken to be raised under better conditions. 

I switched to $1 a chicken in my second answer in hopes to bring this price down for everyone else.";;It would make me feel better about my decisions because I would still know that I am not personally eating chickens raised inhumanely.;deont: feelgood;;CB
R_2pKmhqyiPeOK788;chicken;0;0;;;;;;CB
R_3nudUCacfi3WS7o;chicken;5;0;The first scenario has a positive consequence, while the second scenario has no consequence.;;;conseq;;CB
R_vABPe7cU4VPPbfX;chicken;0;0;;;;;;CB
R_UsgChbSwJnNv9kd;chicken;5;5;;I'd still be willing to pay the same amount to support more humane farming conditions.;To support more humane farming conditions and to personally remove myself from supporting factory farming.;deont;;CB
R_1H5j4KTS2BVZ1G3;chicken;20;5;If I know a certain will improve conditions, I would pay  higher cost. If it's just an altruistic action then Id be less incentivized to do so.;;For my own conscience I suppose.;conseq, deont: feelgood;;CB
R_1hSwr8UgSZmPvZZ;chicken;0;0;;;;;;CB
R_271cSswdavRclos;chicken;5;5;;Regardless of the overall outcome, it personally affects me the same way. I still get the same type of chickens.;Because at least I would know that the chickens I'm consuming are animal-welfare-certified chickens.;deont;;CB
R_2B8No2LFJQCVpW8;chicken;53;2;I would pay a higher price to make sure I had a positive impact. Since Situation 2 had no impact there wasn't a reason I would pay extra;;I wouldn't I would want to make sure I was having a positive impact.;conseq;;CB
R_3pbAmpQh7aWI3v6;chicken;1;1;;Regardless of overall change, I'd still pay more either way since I wouldn't want to reward those who have shady practices and would want to award those who do the right thing.;I'd pay more either way since I wouldn't want to reward those who have shady practices and would want to award those who do the right thing.;deont;;CB
R_1PXGTetepeuvAws;chicken;100;0;Paying a premium that accomplishes nothing seems useless.;;;conseq;;CB
R_Oe3yRueRkShMOe5;chicken;5;0;In situation 1, my actions have positive outcomes, while in situation 2, it seems that paying more won't do anything. If I am going to spend on something, it has to have good consequences or I am wasting money.;;;conseq;;CB
R_6ESooljN5x1xO4p;chicken;2;2;;"Honestly?
It's not on me, to do the livestock managers' jobs.

It is enough that I'm already paying them, and all the middlemen.

You're lucky, at all, I'm agreeing to pay two dollars extra for each chicken ‚Äî which should work out to 5 - 7¬¢ extra per ounce.";"If I'm buying chickens which were raised under Better Conditions, then I would expect to pay the premium, for *those.*

I can't worry about what other people are doing.";deont;;CB
R_2coyQDwBiHAu9IN;chicken;1,5;0;well price increase per chicken can scale massively overtime, so we dont need to be dramatic here, but a $1.5 increase would increase profits greatly and generate enough income for improved animal welfare. For situation 2: paying improved chicken welfare doesnt make too much sense compared to situation 1, so I paid 0 extra.;;;conseq;;CB
R_2QoHmkrZ2TWr5xZ;chicken;10;10;;Because the overall welfare didn‚Äôt change however I would feel better knowing that I‚Äôm atleast contributing something for the possibility of better welfare;I would still feel hopeful;deont: feelgood;;CB
R_3HFTH2GHcrKqajk;chicken;0;0;;;;;;CB
R_3fdB3UMJNZSvH7M;chicken;2;0;I think $2 is the perfect amount to pay in these circumstances.;;;other;;CB
R_0kNQxUKGXUoiXER;chicken;100;100;;I just would assume this would make a little bit of a difference so I feel an equal amount is fair. I would hope this amount given the scenario will give chickens a better life.;I just feel it's right to help them to ensure they're taken care of who wouldn't want that plus this scenario didn't mention my income so I would assume I could make a positive difference so why not?;conseqstill, deont: principle;;CB
R_2w7fmJMWNhqmAJR;chicken;20;20;;In any situation I am only able to do what I can do whether  the end number changes or not, I can only afford 20 extra at this time.;Because at some point, maybe my 20 plus my neighbors 20 would have a positive impact but if I don't spend a thing, I'll never play a part in the decrease of carbon.;conseqstill, deont: ownpart;;CB
R_1NtbPmUFOGomrWL;chicken;1;0;I'd pay more if it did something. If purchasing didn't do anything, why pay more?;;;conseq;;CB
R_2U8XtZ0qHUFOpEx;chicken;40;40;;I did because if I do not pay that, then it is more likely chickens will be moved to the cheaper, not good, welfare situation.;Not to make it worse.;conseqstill;;CB
R_1EY73NjcLRkeWbg;chicken;5;5;;because both are helping chickens to be raised better;because it supports chickens being raised better;deont;;CB
R_2RPysylEiV3S5Sv;chicken;5;5;;That is what is in my budget.;It is more ethical;other;;CB
R_3GemeNUvkB7Xlhj;chicken;2;0;In situation 1, I have a chance to atleast better off the treatment of some chickens. With situation 2, it doesn't really affect the way the chickens are treated.;;;conseq;;CB
R_2xRCLf3X5IYDvbo;chicken;7;7;;The value of the chicken did not change in my view, it is still an animal welfare certified chicken;It may currently have zero impact but it may change in the future;conseqstill;;CB
R_2AHbowwH13vNyjI;chicken;20;0;"Because I don't waste money on ""charitable"" causes that achieve nothing.  I don't mind donating to a good cause, but I do not give money to ineffective causes.";;;conseq;;CB
R_yI1c2zRc4kq075f;chicken;100;0;I wouldn't be willing to pay any extra if this doesn't change the standards. I have plenty of financial obligations that it would make more sense to spend my money on.;;;conseq;;CB
R_2QMuMvnXKCkGm36;chicken;100;50;I think there's something to investing in your own health and understanding the health of what you're putting in your body. I would invest in better quality meat regardless of my impact on the situation.;;Even though the number does not change, I am invested in access to good quality meat.;other;;CB
R_1d5dBKtriSaJmcZ;chicken;20;10;For the first scenario I feel like it's making something better, so I think I would want to pay more. I'm very price-conscious, so a dollar per chicken seems like the amount that I would pay but not too high that I wouldn't buy the chicken anymore.;;I think if no more chickens are going to have a better life, then I might not want to pay as much. Like I said before, I'm price-conscious. I'd rather not eat as many chickens if they can't be raised in an acceptable way.;conseq;;CB
R_1mKMeE0XKn7QIJR;chicken;1;1;;I'm broke;Because I might be benefiting someone else other than myself;other;;CB
R_337l1mEnZjElPv4;chicken;15;0;Because for the second option, there would be no inherent benefit of paying more;;;conseq;;CB
R_512GnNxfqtvuk7v;chicken;3;3;;I see no reason to want to pay more if the overall number of chickens does not change.;It still contributes to the well being of the chickens who are being raised under better conditions.;deont;;CB
R_YPpuQfjO6bY3cat;chicken;0;0;;;;;;CB
R_1dKRKxXWm0fTFGz;chicken;5;0;If I'm paying money to increase the welfare of chickens and no chickens are actually benefitting then I won't bother paying extra. I would like to but it doesn't do anything anyways.;;;conseq;;CB
R_1Ic20IjSCaBy14L;chicken;20;20;;Regardless of the overall number of chickens raised under better conditions there are still more chickens raised in those better conditions than previously.;Because is still helps to raise chickens under better conditions that before even if the overall total stays the same.;deont;;CB
R_1ibu1J6rnU7LG78;chicken;0;0;;;;;;CB
R_3F3Y66hhnx4TDyH;chicken;1;0;the second changes nothing;;;conseq;;CB
R_1rk6eMOt92ybXGh;chicken;7;2;Well, the reason why I didn't give much more money and snarrow too is beacuse it doesnt help the animal welfare.;;Just wanted to give some money to contribute;conseq, deont;;CB
R_2SJMeLy6bHJkWhS;chicken;25;0;I would be willing to spend considerably more if the additional amount I pay actually results in chickens being treated better and cared for.;;;conseq;;CB
R_1LMyKQpWozSfIMB;chicken;50;10;I would be willing to pay just a little bit more if I knew that chickens were going to be treated better.  If I knew that it wouldn't make a difference, then I would spend less.;;To show that I still care about how the chickens are treated.  Maybe there would be a chance that at least a few chickens would be treated better.;deont, conseqstill;;CB
R_11jdi38lkBGtS5d;chicken;25;30;I gave  two  different answers since the the situation is in different form and also have different demands. In situation two, the more you spend is the more the chickens get price.;;In situation two, I will be willing to pay money so that the chickens price will high and reduce the number of customers who are willing to buy.;other;;CB
R_2ymBmtS6KZUbehI;chicken;10;5;"I would still pay a bit more for the chicken that has been raised under good living conditions, but I wouldn't feel like I'm supporting animal welfare as much and therefore I wouldn't be more willing to ""donate"" to their cause.";;Because I would still be paying for the chicken that had been raised under decent living conditions and humanely kept.;deont;;CB
R_XTgCurrQFeurwmB;chicken;150;0;If changes would be made when premium is paid  for chickens then I would be willing to pay but if there would be no changes made I would not pay premium because it would be a waste of money.;;;conseq;;CB
R_3KCkjWgL6tecson;chicken;2;2;;I am willing to try to improve conditions for farmed animals;If it is more expensive to buy chicken then perhaps people would buy a non-animal product;deont;;CB
R_x3jKAmlpPpcVBMR;chicken;2;1,5;I think my primary thoughts when purchasing would be the better welfare conditions yielding better chicken rather than the consequences of my individual choice;;To obtain better (healthier) chicken;deont;;CB
R_3KDynrJz4IvZoBY;chicken;30;30;;Limited funds. Since I don't eat beef or pork I have to rely on birds;A girl can dream...maybe some day it would make a difference even though I can't afford the higher priced meat products and don't eat them anyway;other;;CB
R_z3kknQoqanlOik1;chicken;50;50;;I'm paying to support. Even if it doesn't change for the betterment of all chickens it at least would support the 20.;It seems like the same impact for the 20 chickens even if it isn't going to help the treatment of chickens overall.;deont;;CB
R_2UVC3mL5RyQUsCM;chicken;5;5;;Because i am on a budget but still feel that I can contribute an extra $5 toward better chicken conditions. whether it helps or not, we'll see;Because the chickens, in theory would be better off still;deont;;CB
R_3Kuy1XfQ6xlHznZ;chicken;20;0;Because why spend more on something that has no impact? I am only willing to go out of my way if it actually does something.;;;conseq;;CB
R_3hg8b8o4tvPRyN2;chicken;50;10; I was willing to pay up to $50 extra for 20 animal-welfare-certified chickens because my payment directly led to an improvement in the lives of those specific animals, aligning with my ethical values. However, in the second scenario, where my payment didn't result in any tangible change in animal welfare standards, my willingness to pay significantly decreased to a symbolic gesture of up to $10, reflecting a reduced willingness to spend without a direct impact on the well-being of the chickens.;;"my willingness to pay a nominal amount, up to $10, despite the total impact being zero, stems from a symbolic gesture of supporting ethical practices. Even without a direct influence on the overall welfare standards, this contribution represents a personal commitment to promoting humane treatment of animals, acknowledging the importance of ethical farming practices even if the immediate impact is limited.
";conseq, deont: principle;;CB
R_3iVXsnu16lYL4Lt;chicken;20;5;I would rather pay more to know that the number of chickens raised under better welfare conditions increases than not changing at all.;;I would want to know that my food was raised in an ethical manner.;conseq, deont;;CB
R_1lzv6xg5IbfKVnp;chicken;60;30;I would pay more if the number of chickens raised under better standards make a difference in how the chickens are raised. I would be willing to pay extra if the number of chickens raised under better welfare standards does not change because I would feel making the effort to support change is the right thing to do. However, I wouldn't pay as much because my sacrifice is not making a difference. I would mostly be willing to pay more in this situation because I would feel it is the right thing to do.;;For me personally paying more even though there is no change to the treatment of the chickens would feel like the right thing to do. For me the sacrifice would make me feel like my voice is being heard, how I feel about the treatment of the chickens, even though there is no impact.;deont;;CB
R_3MbyY5SqpCKqWfK;chicken;20;0;The first situation made a difference but the second situation made no difference.;;;conseq;;CB
R_1Hc6weifN5iImvi;chicken;5;5;;It's simply based on a moral compass--- ethics.;It would be the mental concept of doing the right thing.;deont: principle;;CB
R_2ROhR9dabN73bt5;chicken;1;0;I am willing to pay slightly more if it would improve the lives of the chickens I eat. I eat a lot of rotisserie chickens from club stores like Costco and Sams and I feel bad not knowing where they come from. I do not want to pay more for no reason though so for the second option I said 0 because there is no point in paying more if it doesn't lead to positive outcomes for chickens. Food is very expensive right now and I cannot justify spending more unless it is guaranteed to help.;;;conseq;;CB
R_ZkR66nudw75jtbb;chicken;5;5;;It doesn't matter to me if it makes a huge impact in the long run, I still care about individual animals.;Even if it doesn't make a big impact I still care about helping them.;deont;;CB
R_3082i9Rk9043fcD;chicken;5;5;;It sounds like the right thing to do to try and help.;It sounds like the right thing to do.;other;;CB
R_3kb5NhJ1CAmm8hk;chicken;20;20;;It made the most sense;Impactful was my key;other;;CB
R_1pmwclfkBbUrVhp;chicken;25;25;;I would be willing to spend the extra money regardless of the consequences.;I would still be getting a better quality chicken.;deont;;CB
R_3MAnI6Q12ZoExAW;chicken;20;0;There is no change in situation 2 so why would i pay more?;;;conseq;;CB
R_SUG4KL39yOMW0Dv;chicken;0;0;;;;;;CB
R_31sjFbjqYc2CsUy;chicken;40;0;I was willing to pay a premium if it decreased the number of chickens raised in bad conditions but if my actions did not decrease this number then I would not be willing to pay that premium.;;;conseq;;CB
R_2QJPAw62JGFeWkC;chicken;15;15;;In either situation I would give the same, in scenario two I know the over all numbers don't change but atleast I know I am doing something that feels more moral to me.;Its a morality issue more than anything to me. I would feel like atleast I am doing something right and the chickens I buy come from a better quality of life.;deont: principle;;CB
R_RfYTtnfcTmvRImR;chicken;1;1;;I would be willing to pay a little bit more to improve the welfare in which chickens are raised. I would know that the chickens are being treated better for our consumption, rather than the previous bad living conditions.;I wouldn't want to pay more in situation 2;deont;;CB
R_1lbipLoYA1TSZZM;chicken;2;0;If I know that my money will go toward actually improving living conditions for animals, I will happily pay that extra money. However, without that guarantee and considering that I don't make that much money myself, I would be better off saving the $2/chicken for other purposes (improving my own welfare).;;;conseq;;CB
R_27yETU44cZynPAS;chicken;40;0;I chose to pay more in the first situation because it actually made a difference. I chose not to in the second situation because it wasn't going to change anything.;;;conseq;;CB
R_3ezbSD3QJmxzDqW;chicken;1;0;Honestly, chickens aren't that big of a deal for me in regards to the quality of life. If they are bred solely for food their lives are short. If they were kept longer and produced eggs I would pay  more for the Certified Animal Welfare eggs.;;;other;;CB
R_cClEgPYo5KgenFD;chicken;1,5;1,5;;I can't control people beyond myself. I can't force someone to be moral or unmoral. I can only control myself and live by example. I do expect the costs to create the environment to cost more, so the increase in cost makes sense.;"I can't control people beyond myself. I can't force someone to be moral or unmoral. I can only control myself and live by example.
";deont: ownpart;;CB
R_1mRzpwSQDTbcDWK;chicken;77;77;;gave the same answer in the two situations for quality;its perfect;other;;CB
R_2rwskFtI2etn9Un;chicken;120;0;If more chickens are being added to the pull in being raised in better welfare conditions then I will pay the price, but if there's just no net gain/loss and the amount of chickens in better welfare conditions does not actually increase then I see no point in spending the extra money.;;;conseq;;CB
R_3koJy6YzMROPKNV;chicken;20;20;;If you were concerned about the welfare of the chickens then you should spend the same amount of money to improve their conditions and their lives regardless if the number of chickens does  not increase.;Because even though the number of chickens does not increase, those that are being raised under better welfare conditions will see some improvement in their situation.;deont;;CB
R_3gMe4nIiz8IknY0;chicken;240;240;;I feel like purchasing the chickens raised in better conditions is like voting with my dollars for better animal welfare. Even if nothing changes right away I think the industry pays attention to how many people spend money on things like this. And I would also feel better about the food I cooked with the chickens I purchased. I would enjoy eating more.;I would feel better about the food I ate if I made with chickens I knew were humanely raised. I want to eat meat and I see nothing wrong with this but I want the animals to be able to have good lives before. In fact I do this now, I pay extra for humanely raised chicken and pork.;conseqstill, deont: feelgood;;CB
R_31TOx01JmQTyE1D;chicken;10;10;;I think what I do would make a difference to those 20 chickens at least, whether or not it impacted the overall global market by 20 chickens.;I would be willing to pay more in situation 2 because what I do would at least be helping those 20 chickens and improve their conditions, even if my action has no overall impact.;deont;;CB
R_1I5ZaOsZBRM3Aa2;chicken;20;0;I'm not going to pay more if it's not making a difference.;;;conseq;;CB
R_cD4HiSIAFUImoV3;chicken;20;8;I would be willing to spend more if it makes a net positive difference in the world, but if nothing really changes, I'm not incentivized to spend as much in my opinion.;;It seems like it would still result in a benefit to me, as the better raised chickens might taste better or be more nutritious.;conseq;;CB
R_3FX4HM7k19DKfUO;chicken;5;0;I would be willing to pay more if it actually made a change overall. If it's not going to make a change then why does it matter if I just pay less for the chickens that are in the poor conditions anyway?;;;conseq;;CB
R_3LaO922AGgQxmth;chicken;5;2;If I think I am helping then I will pay more. If I dont make a difference then I wont pay as much.;;Because I alone cant help make a difference but if many people contribute then eventually together we CAN make a difference.;conseq;;CB
R_3MFlfNCCzPGMPKG;chicken;3;3;;I would support better treatment for the chickens as it correlates to me to healthier food options, overall;I prefer to consume food that is raised humanely as I believe it provides denser nutritional value;other;;CB
R_1nPDoB5k5bs5HIg;chicken;0;0;;;;;;CB
R_3HpDCy0VqcsaTxi;chicken;3;3;;Paying an extra $3 is about the standard amount I am willing to pay more for certain food.;Budget-wise, I would be willing to pay that much more. The total impact didn't really come into play;deont;;CB
R_2aenSTVcTL2lsM1;chicken;20;5;With Situation 1, I'd be willing to pay up to $20 extra for 20 animal-welfare-certified chickens because I know my money directly helps improve the welfare of those specific chickens. However, in the second scenario, where my extra payment doesn't actually change the overall number of chickens with better welfare, I'd only be willing to spend an additional $5. The difference comes down to whether I would see a real impact from my choice. If my money does end up making a positive difference for the animals, I'm willing to pay more, but if it doesn't, I'd rather keep the extra cost lower.;;It's based on my a personal moral principals and how I care about animals. I'd like to contribute a small amount to support the idea of animal welfare, even if the direct impact is limited. Maybe I'd consider it was a symbolic gesture to help contribute better living conditions.;conseq, deont: principle;;CB
R_3PdHMRLKWGztcWV;chicken;0;0;;;;;;CB
R_1FttUMnAlIDDNxa;chicken;20;20;;I would still pay $1 more per chicken - $20. I would want to do my part.;I would feel better about the animals.;deont: ownpart, deont: feelgood;;CB
R_1i4GaHJ2phCuPWO;chicken;100;0;It appears that the second scenario does not improve the life of any chickens.;;;conseq;;CB
R_1jiSHgbEVdhea4W;chicken;125;0;Because it doesn't help any chickens, the cost goes up so less people buy animal welfare certified chickens and the demand goes down. Then less chickens will be raise better because the demand went down. So it has no impact.;;;conseq;;CB
R_2ePRLofHPMQibRR;chicken;0;0;;;;;;CB
R_1KwYS0Z1zkflkg8;chicken;5;0;I would only be willing to pay more money if it was going to benefit the animals.;;;conseq;;CB
R_2uIiil7RGGY2KwC;chicken;1;1,5;I don't see how this is going to be a win win for the animals. If I pay more for the chickens so they have a better living condition then the consumers won't pay for the higher priced chicken.;;I think we need better regulations and actually shut the breeders down or what ever they are called, and not allow them to start up again under any name if they are caught being mean to the animals.  I think they should be given a fair price to begin with so they can and should treat the animals in a humane way and the stores can purchase them at a fair price and we the consumers can purchase them at a fair price.;other;;CB
R_2amkuNUPU9d9ol3;chicken;2;0;I would rather pay extra and make some changes than pay extra and nothing changes;;;conseq;;CB
R_3atWoGOe7WJRsml;chicken;20;5;In the first answer if feels like my direct donation is making an acutal difference while in the second the overall number of chickens in better situtions would not change.;;I would still hope some difference can be made through many people donation but I would not be willing to give a lot.;conseqstill;;CB
R_1rlhQYUACJDWYL2;chicken;5;0;who ever came up with situation 2 is way overthinking life. Good grief. Just do it, quit trying to analyze problems into rediculous results. i would not pay any extra, period.;;;other;;CB
R_3NK9DNmcRuVBoym;chicken;100;0;I would only pay extra money if I knew that my actions would have positive consequences--in scenario 2, even if I paid money, my actions would have no consequence. Thus, there would not be a point in me paying extra money, if the overall number of chickens raised under better welfare standards do not change.;;;conseq;;CB
R_3MRIUNzTUO4KBSJ;chicken;40;40;;I am still buying chickens which were raised under better welfare standards, whether or not it affects other chickens.;Over time, if enough people would be willing to pay more money, that would help influence chicken farms to change their practices.;deont, conseqstill;;CB
R_2Cm40FSB8YXbCgl;chicken;20;20;;I wouldn't spend more than 20 dollars;Still I wouldn't spend more than 20 dollars;other;;CB
R_Q4BaR2BbVQE96Rr;chicken;4;2;It's still harder to raise chickens in good conditions so it's worth more to me. I agree many won't be able to buy though, and over the long-term, price needs to come down for everyone. In the first condition, I answered that way because I already pay more. It's worth it to me,but it's stressing me out, too.;;It costs to raise something right. It takes more effort, deserving more pay.;deont;;CB
R_2aEpCEogI3o0Nyf;chicken;100;100;;Either way, I'm supporting the farmer who is taking the extra care to provide a better environment for the 20 chickens I consume. They deserve to be supported in this, whether or not it affects the overall situation in the industry.;Same reason as above - whether or not the total impact is affected, I feel I should still pay for the extra care and work for the improved welfare of the chickens I consume.;deont;;CB
R_1Ouz0iW9kIf7vYF;chicken;50;50;;i want them to be treated well whether my contribution is positive or not;it would not make any difference to me;deont;;CB
R_vP3DcbJUBOtbbVf;chicken;10;5;If I could actually make a difference I would be willing to spend more.  I still like buying the products that support animal welfare, though, and would still pay more just to keep them in business and running even if it did not change anything.;;I would do it to support the company that is focused on animal welfare and keep their lights on, regardless if it makes an overall impact on the amount of chickens not raised in similar conditions.;deont;;CB
R_3nGgfZcWfJfPDVA;chicken;60;60;;Regardless of the outcome, I would still want to do my part in making life better for the chickens.;Um, same answer - this should be patently obvious based on my first answer.;deont: ownpart;;CB
R_3RvG3u8lpqjVEFA;chicken;0;0;;;;;;CB
R_1mUUrft0b74hOq7;chicken;5;2;In situation 2, it really doesn't make a difference what I do.;;I didn't want to do nothing.;conseq, deont;;CB
R_2YArqgGVKko8q9r;chicken;30;0;My contribution didn't lead to better environment for any chickens in scenario 2 so why would I want to pay more.;;;conseq;;CB
R_XuiTiUlH9F89h1D;chicken;0;0;;;;;;CB
R_1lzMT2BoLpUAD7r;chicken;5;0;the first situation is giving a better standard for chickens while the second is not;;;conseq;;CB
R_25WxwVXKEqSMFTl;chicken;25;2;I don't believe it would make any difference either way...but to try and adhere to the survey premise I would be willing to pay about a dollar more per chicken if I knew the results were verifiable.  But again - I fully believe this is pure poppycock.;;If it does not matter why pay more.;conseq;;CB
R_3lFwDkBz9zWklI5;chicken;25;15;I would be willing to pay more knowing that I was making a direct impact on the quality of life of the 20 chickens.  I would still pay more if I knew there was no direct impact, but I wouldn't pay quite as much.;;It would still be worth it to me to know that at least some of the chickens are being raised in a better way.;deont;;CB
R_2BqE8YADjB2gbxf;chicken;20;0;I would pay a higher premium for animal-welfare-certified chickens if I could be sure that my payment would make a difference in the lives of some chickens. By paying $20 above the standard price in the first scenario, I know that 20 chickens' lives will be affected positively and that they will be raised according to welfare standards. In the second scenario, my actions make no difference at all, so I would not be willing to pay a higher price.;;;conseq;;CB
R_26nZxvmNyVScK62;chicken;3;0;Because there's no positive consequence in the second scenario, I chose not to spend money on the animal-welfare-certified chickens;;;conseq;;CB
R_3phHonogqN2O9Kw;chicken;3;0;id like to think the extra money im spending would help;;;conseq;;CB
R_22n07yyxiDTkZJY;chicken;5;5;;I would want to have healthier chicken to eat. If it's been kept in better conditions, then it's better poultry for me and my family to eat.;The impact is the same in both scenarios- i get better chicken products.;other;;CB
R_1nUwvDh59Mm1zZf;chicken;15;0;I believe i would be willing to pay more for the chickens to be raised in a better conditions, this would mean the animals are kept in a safe and hygienic environment.;;;other;;CB
R_1dtpOvXhYtOeAgT;chicken;2;2;;Overall, I care about animal welfare, so I just want to help them live better lives and suffer maybe a little bit less.;It would be better for the animals' welfare.;deont;;CB
R_1H0IySOrE6ARGEb;chicken;50;0;They are not raised better so there is no worth in it to me;;;conseq;;CB
R_31TQ1w6F36iF5Mr;chicken;20;15;"Under a utilitarian framework, in the first scenario the overall ""amount of good for the greatest number of chickens"" increases. In order to support the general cause of animal welfare I would pay more. In the second scenario, it is still supporting the overall good, just in a less direct sense (for example, by supporting this brand, other chicken sellers could notice that welfare standards are important to consumers and implement these practices into their own business). Since it is less effective than the first scenario, I would still pay less.";;Refer to my reasoning above, the total impact is not zero. By supporting this brand, other chicken sellers could notice that welfare standards are important to consumers and implement these practices into their own business.;conseqstill;;CB
R_BPyE3cxB2n4k1jz;chicken;0,2;0,2;;"This is the amount I would pay. I would not pay much, because I would prefer to put my money towards improving the conditions of people who are raised in poor, cramped conditions, resulting in humanity's distress.

Isn't the purpose to improve the chicken's conditions? If so, it makes no difference if the total number is reduced or not. The bottom line is to improve conditions.";"How is that relevant to the situation? If you are worried about a chicken's conditions, then pay something extra. 

If you want to support that, then you do so by buying it. It's really that simple.";deont;;CB
R_6PuR3aBVniwdvTr;chicken;20;20;;I want to help the chickens without spending too much money;I want to help the chickens;deont;;CB
R_3w5hVUGLj756CyJ;chicken;200;200;;I don't like the second scenario one bit. But I do not want to eat cruelly raised chicken. I am willing to pay for better chicken in each situation.;Simply because I do not want to each cruelly raised chicken.;deont;;CB
R_2WuwYcSZtCiXYeE;chicken;0;0;;;;;;CB
R_3MFCE7tHerxSZFY;chicken;10;2;For the first situation given, my choice/payment has a real tangible effect on the lives of 20 chickens, which is worth something to me.  Not a lot as I am not rich, but something.  In the second scenario nothing really changes, no chickens actually benefit, so clearly any money paid there is basically being thrown away, so I'd spend significantly less in that case.;;Although it doesn't have any effect on chickens, it has some effect on me.  I'd feel a tiny bit better about myself, even if it isn't logical, so I'd pay a tiny bit more in that situation.;conseq, deont: feelgood;;CB
R_cUZhtbmNmsi27o5;chicken;0;0;;;;;;CB
R_3kv4vSwWqhXeXY2;chicken;100;100;;Because either way chickens are being raised in a more humane environment, so it is worth it.;I would feel guilty if I didn't pay extra to have some chickens live in a better environment even when not as many would be impacted.;deont: feelgood;;CB
R_ZlBEKkOoNVV3CSZ;chicken;3;3;;Because either way, I'm helping some chickens have a better standard of living.   I suppose I should look at the bigger picture, but it's just easier to think about the change that I can make.;Because I don't look at the total impact being zero.  I don't understand how helping 20 chickens is a zero impact.   Those 20 birds were still helped.;deont;;CB
R_DMjAlS8WNRC9zhv;chicken;20;0;it doesn't make any difference.  why pay extra?;;;conseq;;CB
R_31QS1n6YhO3XzBz;chicken;10;0;I would pay some amount of money for the betterment of some (a small number) of animals. But if paying the extra doesn't actually benefit any animals, then I feel my money is wasted. And while I might feel better about myself, that feeling does not contribute anything to the betterment of the world.;;;conseq;;CB
R_110CgoR92qxHE0n;chicken;0,75;0;paying more in scenario 1 would help chicken as a whole scenario 2 seemes to make no difference;;;conseq;;CB
R_b4yFYTLEaZzz9Xr;chicken;5;5;;I think the benefit means something to me, regardless;i still think it matters;conseqstill;;CB
R_9zykDR2u0WJrFcZ;chicken;0;0;;;;;;CB
R_eG18jB1BZD1w329;chicken;200;0;I feel it is valuable to increase the number of chickens in improved situations so I am willing to pay more for them. If there is no increase there does not seem to be a reason to pay more. In the second scenario I would look for another way to make a difference.;;;conseq;;CB
R_26wfUDMFJbr52Dv;chicken;5;0;I wouldn't want to pay more money unless it was actually going to make a difference.;;;conseq;;CB
R_2OGE1O8et4WlFCQ;chicken;0;0;;;;;;CB
R_2XjSqYuSyoi8oy1;chicken;20;20;;because I would want to consume the higher quality chicken.  1 person isn't going to effect the supply chain, there would need to be more changes.;Because I would want to support the farmer organization using better practices to raise their livestock.;other;;CB
R_2TRUQ9HyW9vxkkP;chicken;20;0;What is the point of adopting a strategy that would have no impact on the actual problem? I can't think of any. Maybe my money would have more impact if it were spent another way. It's a zero sum game, so use resources to make an actual difference.;;;conseq;;CB
R_1KrOdDnLJep5dvy;chicken;20;0;the animals deserve proper care even if they are there to feed some people;;;other;;CB
R_exHSKJE6Nm2pNRf;chicken;100;100;;It doesn't really matter if it's a statistical difference, or the reasons behind whether or not someone may or may not believe it made a difference. For the 20 chickens, it made a difference.;The total impact to the economy or whatever would be zero, but there would still be an impact among the chickens.;deont;;CB
R_25KkiG0S5bpICAO;chicken;10;0,01;Would not pay for nothing...in second choice no change in total . Would pay for extra care in number 1;;Not really willing... put sown one cent;conseq;;CB
R_1cXLcVNq0dyijLS;chicken;200;0;If I am going to pay extra money I would like a better result;;;conseq;;CB
R_ZxZ0VZQl2FIoFsR;chicken;0,25;0,25;;Both helped at least 20 chickens.;It at least gave a reward to the farmers raising the 20 chickens I purchased.;deont;;CB
R_9Z8o7izAnPRi7SN;chicken;20;20;;If I am paying more for the chickens in better living conditions it still amounts to the same thing even though there are more chicken sold under these better living conditions.;I am still paying a premium to support enhanced animal welfare standards for 20 chickens, regardless if people buy less chickens.;deont;;CB
R_3Eih1tEAXJoa1hV;chicken;1;0;If it won't make any difference, why would I agree to pay more?;;;conseq;;CB
R_siF5SU2kzRzoHpT;chicken;10;0;I would pay a bit more if I was sure animals would suffer less, but it sounds like that only happens with the first scenario.;;;conseq;;CB
R_poYc7kQcPJfiIKJ;chicken;10;5;In the first situation, where paying extra directly improves the welfare of 20 chickens, I'm willing to spend more, about $10, because I see a clear positive impact on the animals. In the second situation, where my payment doesn't change the overall welfare conditions, I'd be less willing to pay extra, only $5, since my contribution doesn't make a difference for the animals. The direct effect on animal welfare influences how much I'm willing to pay.;;"In Situation 2, even though my payment doesn't change the overall welfare conditions, I'm still willing to spend some extra money, $5, because it reflects my personal choice to support better animal welfare practices. 
While it may not increase the total impact, I'm willing to pay a bit more to align with my values, even if the direct effect is limited.";conseq, deont: principle;;CB
R_1mq7L0qPxg9ORry;chicken;20;10;Part of my premium would be reduce suffering of the animals and part would be to have a healthier product.;;Part of my premium would be reduce suffering of the animals and part would be to have a healthier product.;other;;CB
R_sS5HrNusVDsWwnv;chicken;5;0;Paying more was better for chickens in the first scenario.  It doesn‚Äôt matter in the 2nd one;;;conseq;;CB
R_2AL09ckoSvPRgX1;chicken;10;10;;I already pay more for ethically raised animals and hens that lay eggs and will continue to do so.;The immediate impact may be zero but education, documentaries about the slaughter industry may have a positive impact.   Our family opts to may more for ethical raising and treatment of animals.;other;;CB
R_1plpsbUAc2MGVfE;chicken;20;0; I believe all animals should experience better welfare just like we humans do. That is why I didn't agree to pay additional beyond the standard price in situation 2.;;;conseq;;CB
R_3I0PWQtp8Q6Q2WO;chicken;2;0;I do not view this issue as significantly as you present it.  I do not mind paying a cheaper price for chickens that are raised under a lower standard than you purport above.  The definition seems arbitrary.  Lastly, this issue like the last issue will not be a linear problem, whereby if I do better the net positive is one for one better.;;;other;;CB
R_2qpA0znumKXAh0n;chicken;500;200;like the say change is constant so things changes;;time differs;other;;CB
R_2VlixQl1Xwwsr0g;chicken;10;0;If my money makes no changes then i better keep it for myself.;;;conseq;;CB
R_33vQ559uPlQ0gdL;chicken;0;0;;;;;;CB
R_2tgJQrsKLqOPdsa;chicken;5;5;;In my option both would help chickens. In one way by giving more better conditions, Also the other one with unhealthy conditions will most likely raise the price anyway to stay completable;Because the chicken would possibly better tasting;other;;CB
R_beHi6dSiKoo7KZX;chicken;5;5;;i feel like this would still not have a great impact but would still feel like I am doing something that would help;It would give me more piece of mind that I tried to make things better through my contribution.;deont: feelgood;;CB
R_3qjNAt7U52mF4ge;chicken;5;2;If it isn't going to make a difference, why bother except to do what feels morally correct?;;It just feels right morally to try. The additional payments could be changed with further research. It is good to hope.;conseq, deont: principle;;CB
R_3oz3wJsSrqiSK4b;chicken;50;50;;Whether or not my action has consequences, my answers remain the same as i am not bias;I just feel i should do so;deont;;CB
R_1rpFscRaZ5O9ke3;chicken;1;1;;I would be willing to pay a little more either way just to have the quality of the better chicken. Weather or not that money brings about more healthier chickens or not would not affect my decision. I am on a very tight budget and  would not have extra money to give just to enable them to produce more chicken.;I would pay the extra just to get the better chicken even if it does not give them extra funds to expand their company. Just having the higher quality is enough for me. To me both situations are the same because of my budget.;deont;;CB
R_x5acIfZaIe3EIQ9;chicken;0;0;;;;;;CB
R_2qa3ylIH0FPCEPU;chicken;20;0;If I'm paying more to give better conditions to 20 chickens, but 20 additional chickens experience poor conditions, I'm not really acheiving anything.;;;conseq;;CB
R_2dLMsh3bgzLkI2E;chicken;25;0;I want the extra cost I'm paying to go to the betterment of the animals. In scenario 2, that isnt happening.;;;conseq;;CB
R_1rfvrKtZHm46obO;chicken;3;3;;I'd still rather eat a chicken raised in healthy circumstances, than on a battery farm.;Because I'd still rather eat a chicken raised in healthy circumstances.;other;;CB
R_1iajwL2Xn1SI80x;chicken;2;2;;If there were two chickens in front of me and one was raised in a better standard than the other then I would always choose to support the company that treats their chickens better regardless of how it affects anyone else.;I still feel better supporting the company who treats the chickens better.;deont;;CB
R_2vjOkEu1OY2Bohw;chicken;10;0;If it doesn't make an impact i would rather save the money;;;conseq;;CB
R_e3tcLBh1GTUgH2V;chicken;10;0;If I knew that paying more would make the chickens be raised more humanely, I would pay more. However, if I knew it wouldn't make an overall difference, I would not be able to justify paying more. Inflation is eating away at things. I only have so much money to spend. I can't afford to spend too much extra on chicken if it doesn't have any impact on how humanely the chickens are raised.;;;conseq;;CB
R_2uEXXK1moWisXi0;chicken;60;60;;I'm okay with spending the extra money. I do it for me an not necessarily for the betterment of chickens.;I'm okay with spending the extra money. I do it for me an not necessarily for the betterment of chickens.;other;;CB
R_DqUbkuophfc52x3;chicken;60;0;I am paying extra to increase the welfare of chickens.  If there is no change in the welfare of chickens, then I am wasting my money.;;;conseq;;CB
R_1rD3WLAAMIpNSMe;chicken;5;0;Because if what I do has no impact it makes no sense to do that thing;;;conseq;;CB
R_2X5wEckv0ixSAJW;chicken;20;0;I want to pay more if it means my actions will actually have consequences;;;conseq;;CB
R_vHA5raRHbViYNCF;chicken;15;7;i would be willing to add extra dollar to support better welfare standards for chicken. this would help get rid of the unhealthy way of rearing chicken and reduce animal distress;;i would only be willing to pay a little amount as i only want to help improve the welfare for chicken. same time i wouldn't want my contribution to cause unusual increase in price;deont;;CB
R_OrohENL4KzfvKUx;chicken;5;0;I'd be willing to pay some if my actions had a positive outcome. However, if paying extra doesn't contribute to a higher standard of welfare, I'm not sure why I should bother.;;;conseq;;CB
R_2UeWU8mSbozSxPp;chicken;0;0;;;;;;CB
R_zd6bmB5nasB4oXD;chicken;2;0;I would not pay more if the chickens are not going to be treated better.;;;conseq;;CB
R_3lAoVO89TJpSFpT;chicken;2;0,5;If I am interpreting the scenarios correctly, the first scenario will have a tangible impact, and the second scenario will not. At the most, the second scenario premium could potentially make a tangible impact eventually. I do not think I should pay a high premium if it will not do anything, so the first answer is higher than the second.;;I guess my interpretation of the scenario is that the money would still SUPPORT the improvement of animal welfare, even if it does not have an impact. I still want to pay a small amount of money in order to possibly move the industry towards considering these animal welfare standards as the new industry standard.;conseq, conseqstill;;CB
R_xf9gAVmWLWevOOR;chicken;10;0;I gave different answers because I do not see a reason why I would pay more in situation 2 for something that does not improve the conditions for the chickens.;;;conseq;;CB
R_2dgA4IgnkS16a4c;chicken;2;0;because the money could go to pay for other initiatives where the money DOES make a difference;;;conseq;;CB
R_1DBi4CKeWnrsBPb;chicken;2;2;;what I can afford, and it is what is right for the animals;for better lives for animals;deont;;CB
R_1onkHBOkt2Rb7f5;chicken;10;10;;Either way, I'm paying for better conditions for chickens raised for consumption, right?  The first tells me definitely I'm making a difference, while the second one let's me make purely a moral decision.  Like, doing the right thing when no one is watching.;I'd feel better about my own consumption.  I want animals raised for human consumption to be free range and not in cramped conditions regardless.;deont: principle, deont: feelgood;;CB
R_12eTTFsFhItZuoX;chicken;2;0;That's easy, there were two different consequences, so there are two different answers.;;;conseq;;CB
R_3fDg1txSRtWMNCZ;chicken;200;300;No matter what I consumed the second answer there wouldn't be more chickens sacrifised- it is the circle of life but it would be better for the chickens;;less chickens would be sacrifised/ less waste;other;;CB
R_2hEx82BZtvwnEbf;chicken;20;100;I want to contribute more;;I am choosing to pay more;other;;CB
R_26n0rac7K4wPwl4;chicken;20;0;It appeared as though the payment of the premium would not increase the benefit to the chickens in the second scenario.;;;conseq;;CB
R_8vlMygMlQNLhpXb;chicken;10;10;;I would pay an additional 50 cents per chicken , I chose that amount for both scenarios .  I chose the same amount , because according to the way this  was written  , I would have no way of knowing the consequences of situation 2.;I was willing to pay money in situation 2, because  you did not specify I would be informed that the animals did not receive better treatment .  If I knew , I would not pay a penny more than the regular store price,;other;;CB
R_3n2GcS850u3aLeR;chicken;60;60;;I am willing to pay a little more to buy a healthier chicken.;Whether the number of chickens living under better standards changes or not, I support at least SOME chickens receiving better welfare standards and so I would still be willing to pay a little extra to make sure that happens. Also, the taste and health benefits associated with eating healthier chickens benefits me, so it's still worth paying the extra, even if it means the overall number of chickens raised under better standards does not change.;deont;;CB
R_27WQ1bgfjIaMqFy;chicken;10;0;If I can't really improve the situation, I am not going to spend my money on a useless endeavor.;;;conseq;;CB
R_XvoLkXX8IAAwiPv;chicken;5;0;Paying the more money means 20 chickens would have better living condition, in the other option it woudn't mater, no conditions would change.;;;conseq;;CB
R_1BXyT9dBeFQct6s;chicken;15,05;10;I would be willing to pay more to insure that 20 chickens were raised in better conditions. I paid less in Situation 2 because since the overall number of chickens raised under better standards does not change, it would make such chickens more in demand and I want the lowest price on animal-welfare-certified chickens.;;I would be willing to pay less in Situation 2 because since the overall number of chickens raised under better standards does not change, it would make such chickens more in demand and I want the lowest price on animal-welfare-certified chickens;other;;CB
R_2rx48EEFLtD3S3p;chicken;1;0;Personally I wouldn't pay anything beyond the standard price but I put one dollar for the sake of the study. In situation two I put zero since the overall number of chickens raised under better conditions would not change. I didn't think it made any sense to pay more for no result.;;;other;;CB
R_2QSfV12pubf3m9N;chicken;2;2;;I would still pay the extra money because some chickens would have better conditions.;Some chickens would still be helped even though the total impact would be zero.;deont;;CB
R_1OjWxN18P3B3vld;chicken;2;0;I did not give the same answer;;;other;;CB
R_32W96DiVILmaqXM;chicken;30;30;;My desire to purchase this type of chicken is not tied to the reduction of poor conditions, but for my own personal feelings. If it is the right ting to do, it is the right thing to do.;Personal morals and ethical concerns;deont: principle;;CB
R_UWLnsMdIwLFcowh;chicken;1;0;There is no point throwing money away for no improvement in the second scenario;;;conseq;;CB
R_DV97VSJDeZW0dKF;chicken;6;3;I feel in situation one the chickens would be raised under better welfare standards so that is why I would want to pay more.;;I just feel I could afford a little more than what would usually pay. I feel I could also feel good about giving something also.;conseq, deont: feelgood;;CB
R_10N8fpKJ2CKuKW9;chicken;10;0;It wont help anymore chickens;;;conseq;;CB
R_12yxOQfSACpCNa4;co2;0;0;;;;;;CB
R_2aFThgo9SeFCONP;co2;5;0;What would be the point in paying anything at all if my actions aren't improving anything? It sounds to me like a way for a more powerful entity than myself to gain money and sit on their hands instead of addressing the problem by pinning blame on your average joe.;;;conseq;;CB
R_1g0VvIi1x6HPdA2;co2;500;0;The second situation renders the decision to switch to green energy useless, while the first has a slight benefit.;;;conseq;;CB
R_2ctKpX3zjX1KgJK;co2;100;50;i am poor, seriously.;;"the impact would not actually be zero.
";conseqstill;;CB
R_3G2mbo6VgkBpQCL;co2;50;25;The first scenario would be more beneficial.;;I am taking it at face value...if it is not going to make a difference perhaps I should have said zero on the second. These are perhaps not how we rationalize in real life so don't know where you are going with this.;conseq;;CB
R_9sKNNWMzRvsouhb;co2;1000;500;If I have a positive impact I am likely to spend more money.  If my example helps others to also reduce their impact then I will spend more to reduce mine even more.;;I would be letting my friends and neighbors know how I am reducing my CO2 and hope it would encourage them to reduce as well.;conseq, conseqstill;;CB
R_PFEyuJXoi8n8drj;co2;500;100;It would feel less useful if my actions have no impact on the global situation so I would be willing to pay less, but still, I'd be willing to do it for the sake of it.;;Out of a belief that I'd rather do something good than not care and keep on doing something less good.;deont;;CB
R_PZMzvHgBS6zcXv3;co2;20;0;I would be willing to pay a little more if it helped. But I see no reason to do so if it does not.;;;conseq;;CB
R_2B8qgqS8oz1TuTz;co2;300;50;If reducing my personal emissions doesn't change anything, it isn't worth it to me to spend much money reducing my personal emissions.;;Decreasing personal emissions is important to me, so I'd spend a little money if it helps do that.;conseq, deont;;CB
R_3lRBSKwfmMAf3nQ;co2;100;0;If my reduction made a difference then it would be worth investing in. If it doesn't affect the global numbers then why would I care.;;;conseq;;CB
R_3Gv2IyHh6SH7pQw;co2;0,5;0;If it's not going to make a difference than why would i want to pay more or need to pay more.;;;conseq;;CB
R_1Lnj3QvsKjEHNBk;co2;0;0;;;;;;CB
R_2pPo8v5ycAtntQw;co2;20;0;Because if it makes no difference I won't pay.;;;conseq;;CB
R_3VtFPeTwd6qoPKN;co2;0;0;;;;;;CB
R_ZpKkHxztakshIgV;co2;15;0;I will not pay for something that has no effect.;;;conseq;;CB
R_1GOkRQhNx2VSOy5;co2;20;20;;Because any difference I canmake personally whether it affects the world globally or not is a difference and when you add up many people willing topmake a difference it counts in the long run.;It would be a personal choiceI would feel good about.;conseqstill, deont: feelgood;;CB
R_1jxngEuUzl6R7u8;co2;1;0;If it is stated to me that there would be a real difference, then sure I would pay for it, but also again, as a single actor I don't think its worth paying attention to my personal contributions to larger issues. I'd pay, but it isn't important to me in the slightest. I would consider paying more to lower others carbon output, honestly. Specifically that of corporations.;;;conseq;;CB
R_3iDYilLX2gb6yZe;co2;300;0;I would not want to pay if there was no impact for my decisions. If it does have a positive impact, I would be interested in paying more.;;;conseq;;CB
R_3qdnBIzJWLpBDoq;co2;0;0;;;;;;CB
R_sdHATkf4qzoKkoN;co2;25;0;If my actions help then I'm will to contribute to them financally.  But if they don't it's hard for me to spend money out of an already very tight budget when it's not going to make a difference.;;;conseq;;CB
R_1Hc0iT22K0nnyCq;co2;10;10;;If I want to decrease my CO2 emmisions, it doesn't matter what others do, although I would like to think they are trying to reduce as well. So the progress I see is that there is not an increase in CO2 emissions even if other increase their emissions using my offset. If I decide to reduce my emissions, the amount I am willing to pay is a set amount regardless of what others do.;I am doing my part so to speak, if I decide to reduce emissions, the amount I am willing to pay is not dependent on others behaviors. Could it be unfair, sure, but I would be doing my part to reduce emissions. Others would need to join in the effort at the  appropriate time for them.;deont: ownpart;;CB
R_2WG7cqppM6qMB59;co2;400;100;I would be willing to spend less to reduce my carbon emissions if the total global emissions would not change.  I would hope over time that more people would be willing to reduce their emissions and then I would be willing to spend more for it because then I would feel that it is worth it.;;I would be willing to pay some money towards it because I would hope that I would have a positive influence on others and make them consider reducing their emissions.;deont, conseqstill;;CB
R_1f90ZaE412DvybO;co2;1;0;Because in scenario 2 my one ton savings did not reduce the total global emissions, so I see no need to pay for it, hence $0.  In scenario 1, my reduced CO2 emissions had some positive impact, so I am willing to pay a small token amount for that, but not much, so $1;;;conseq;;CB
R_xy1tt63lWC6fDIl;co2;1;0;There is no point in my paying to reduce my carbon emissions if it doesn't benefit the world.  I would just reduce my emissions anyway and not pay into any sort of fund.;;;conseq;;CB
R_2yp7v25vblg5Oqn;co2;100;0;they both have  different situations and one consequence is higher than the other;;;conseq;;CB
R_3imv2hKsEVr4STG;co2;100;0;It wouldn't make economic sense to pay money to reduce my personal CO2 emissions if doing so has no effect on the total global emissions.;;;conseq;;CB
R_3qkXriE9ZsrLVfN;co2;0;0;;;;;;CB
R_31RcjGtreY7I4V3;co2;0;0;;;;;;CB
R_2sbcm9nUXak1a3x;co2;500;0;What is the point of how much money I would be willing to spend if it does absolutely no good. If there are no benefits I would just keep my money.;;;conseq;;CB
R_3hA1PcREyP2c1Fr;co2;20;20;;I can afford 20 dollars.;It might inspire other people to cut emission or donate.;conseqstill;;CB
R_2f57YPCP1TYrlyF;co2;1000;0;I would be willing to pay money, even a large amount, to reduce CO2 emissions.  But if the emissions would not be reduced I wouldn't want to pay anything.;;;conseq;;CB
R_3DoRVnfb1NkbWDb;co2;500;0;I would not pay money if it wouldn't make any difference for the environment. I don't have money to spare.;;;conseq;;CB
R_1jNVIAn2kwhMBG0;co2;0;0;;;;;;CB
R_eXpZOei7QfE4SzL;co2;100;0;I do care about the environment and global emissions, but again, if a singular person is not making that much of a different (situation 2), why be financially penalized for it? Instead, maybe use the additional $100 difference to donate directly to a conservation fund where the money spent will make a bigger difference.;;;conseq;;CB
R_URNZtuaHKTlGtRn;co2;25;0;If I making the effort and it isn't making a global effort, no reason to pay on top of that.;;;conseq;;CB
R_3meqGAUXhmb8ryE;co2;20;0;If it makes no difference then there is no point in spending money on it.;;;conseq;;CB
R_2VF0x6MyvbIgTtg;co2;100;100;;I would still want to reduce my carbon output no mater what.;I think it is still important to be conscious of our actions.;deont;;CB
R_2wAe3JAe0LYrnzE;co2;0;0;;;;;;CB
R_C1Sr3VcZRpKAAeJ;co2;0;0;;;;;;CB
R_1d6UObg48bnPKIK;co2;100;0;I gave different answers because the second situation the CO2 emissions would not change;;;conseq;;CB
R_wXCpg7m4bSrHN1D;co2;100;0;I gave two difference answers because I don't want to pay for something that won't actually help. I might still try to reduce my CO2 emissions but I am not paying for it so someone else can just emit more.;;;conseq;;CB
R_10OAOKRf35dqsiC;co2;100;5;By knowing there's no positive correlation, I'd rather save my $ for other causes that have a direct impact.;;It would be a good conscience decision, that by contributing $5, in principal I contributed but it wouldn't impact me as hard.;conseq, deont: feelgood;;CB
R_338df1LCdkDL77B;co2;0;0;;;;;;CB
R_2CxM7ScEVqyUkVs;co2;600;0;In one situation, there would be an impact, however, in another, there would be no impact in the total amount of CO2 footprint.;;;conseq;;CB
R_Oa60d5svp99FPMJ;co2;0;0;;;;;;CB
R_1jH9ggA7YvLXtxK;co2;0;0;;;;;;CB
R_1KscdInINcyWB4E;co2;50;25;"If we have less usage I believe the costs will be less for $25

I wasn't sure about about the increase amount. But if we had to have a figure my choice was 50.00";;We need to balance our usage with dollars tp help spread the cost for everyone.;other;;CB
R_02sgkNISmz1X94d;co2;100;50;Because if I knew that my contribution would not make a difference then I would be less likely to pay money.  I would still want to reduce CO2 emissions but I would not pay as much if it did not matter to global emissions.;;I think that it is a good cause so paying something will ease my conscious.  I would be making a personal contribution even if others are not (so I would feel that I am a good person).;conseq, deont: feelgood;;CB
R_1Cpvv3OliMVa4o7;co2;150;0;Because in situation 2, my efforts don't help at all, so why would I spend as much money?;;;conseq;;CB
R_3FWYxXOAvINP7k7;co2;10;0;What is the point of paying to reduce my use if it will not help the planet;;;conseq;;CB
R_1roTUf883ldEYqq;co2;50;50;;I think regardless of results, I am willing to make the change for the greater good;It will make me feel good. I am part of solution and not part of problem.;deont: feelgood;;CB
R_s6ynncEqDSTFMeR;co2;0;0;;;;;;CB
R_25KDCPzmD9Pda3v;co2;5000;0;According to the statistics you provided, situation 2 it could potentially negate my effort to reduce co2 emissions. I also think it could encourage other to follow suit and have a bigger positive affect.;;;conseqstill;;CB
R_Z9083deVF0CnlMB;co2;0;0;;;;;;CB
R_2tta1jALke6UCal;co2;300;0;In the first scenario, I KNOW me paying the 300 dollars will make a DIFFERENCE in the world. In the second scenario, it has no affect on the overall outcome.;;;conseq;;CB
R_3pfKoSifYQSWMnQ;co2;25;20;In the first scenario, I saw my action had a direct impact to the global CO2 emissions so I was willing to make a higher contribution to the cause. In the second scenario, I saw my action did not have a direct impact to the global CO2 emission so I was less willing to make the same contribution to the cause. I would still be doing my part but the in the grand scheme of things, my action would have no impact to the global money.;;I'd pay money in situation 2 because I am still doing my part to lower CO2 emissions. Hopefully, more people would think like myself and we could eventually lower the global consumption amounts.;deont: ownpart;;CB
R_1EfV479AyT18YxI;co2;20;0;I spend my money carefully and make sure it gives me a return on my investment. If my spending money on eco-friendly products does not actually offset my CO2 emissions then the purchase is just for vanity (to make myself feel good rather than bringing on any real positive change.);;;conseq;;CB
R_paSWkuSwb27Q4xz;co2;30;15;I'm doing the same but also less. It feels weird to be paying more for something that's not doing as much overall. I think everyone should still pay to get their own done, but the situation is weird.;;I'd like for the emission to go down altogether. It still is doing a little bit for my self conscious.;conseq, deont: feelgood;;CB
R_6R6tqgzrIC26hr3;co2;100;0;If I am spending extra money to reduce my emissions, but there is no change, then I don't see a point. It would have to be a collective effort by many, but most importantly by mega corporations who will ultimately be the ones profiting from my extra money spent, but at the same time aren't doing anything to offset their emissions.;;;conseq;;CB
R_2fHAYqotcO63jzH;co2;0;0;;;;;;CB
R_1hDLkQ7DB7zEoIS;co2;1000;0;I believe it would make no difference;;;conseq;;CB
R_22K7IY0FzA49PIs;co2;50;0;I would pay for a global benifit;;;conseq;;CB
R_3fwJZnrFhPASM4s;co2;100;50;While it may not have an effect, I would personally still feel better knowing I was contributing to something better. Sometimes its important to do things simply based on the principles of doing so,;;As previously stated, if paying was necessary to make the more responsible choice, then that is what I would do.;deont: feelgood;;CB
R_1rNbYxN6ShM0K5Q;co2;0;0;;;;;;CB
R_Bxh5HTSxiQRHY8F;co2;250;50;In situation 1 my actions create a direct change, this does not occur in situation 2.;;Reducing my emissions may create an indirect change in the future, wherein my choice creates further interest in others to reduce carbon emissions.;conseq, conseqstill;;CB
R_1pF1AwlKUC8028R;co2;50;0;If my individual CO2 emissions affect a change globally, then I will feel like my personal choice to make a change actually had an impact on global emissions, I feel like it would then be worth spending additional money to do this. However, if my choice to reduce my emissions does not make a change overall, then I don't want to waste money doing so. My budget is already tight as it is.;;;conseq;;CB
R_1d17heQhKahJA25;co2;250;250;;own opinion;own choice;other;;CB
R_2bZvS9rzArB3785;co2;0;0;;;;;;CB
R_1FDEWIdnxr33uXm;co2;15;30;GOO AND EXCITED;;NOT SO BAD;junk;;CB
R_bqGysERFvyMGsKZ;co2;5;0;Because I wouldn't spend anything that doesn't have change on global emissions. It is pointless.;;;conseq;;CB
R_2zjuTbMXwPhm8mG;co2;100;0;It's incentive driven. If i know CO2 will fall by my contribution will be worthwhile. If not my money would be better spent elsewhere.;;;conseq;;CB
R_2B9h84Uh77xvzm0;co2;0;0;;;;;;CB
R_3isS40uBT2Hwcms;co2;1000;0;I chose zero dollars on the latter question because my purchase would not make a difference. We can only see a real difference, a real reduction in CO2 emissions if many people participate.;;;conseq;;CB
R_1rdGrHYbM0A8l9J;co2;0;0;;;;;;CB
R_3EXs5qWFwCkD00k;co2;20;20;;i am reducing my carbon emission by the same amount;For my personal morals.;deont: principle;;CB
R_22VT0DK78W656jK;co2;0;0;;;;;;CB
R_3PSwtxqaFnWXSGk;co2;0;0;;;;;;CB
R_1KcAqKMsmhPSvSX;co2;50;50;;I think that regardless of my effect, I should still try to reduce my carbon emissions. It would assist me in feeling like I am doing my part.;It would still allow me to feel as though I am contributing.;deont: ownpart;;CB
R_2sZT0CY5lE8pyF7;co2;600;0;Pretty obvious: if my consumption doesn't change the aggregate, and since only the aggregate matters, then obviously I would give different answers. As to why I gave 600, I think roughly 50 USD a month to reduce 1 ton a year is reasonable. Not sure.;;;conseq;;CB
R_33dvbr0sfpwtW76;co2;0;0;;;;;;CB
R_3sbmFoA8hm8miPb;co2;100;0;If my reduction doesn't make a difference then I see no point in contributing money to it. I want my contribution to actually make a difference and in the first scenario it does so I would contribute money to it.;;;conseq;;CB
R_8oFiXe8UARLB5lL;co2;50;0;I wouldn't like to pay out of pocket for something if it has no effect for me or the world;;;conseq;;CB
R_2wGOZcNSbg8n0a9;co2;400;50;I would be willing to pay more in exchange for a more positive outcome.;;Because at least the outcome isn't causing more negative damage.;conseq;;CB
R_3MEgLUufAUX0TOV;co2;10;10;;Neither situation has a direct bearing on me so no difference either way.;I'm not actually willing to pay either way.;other;;CB
R_1jT9oeS4W5tAwKc;co2;200;200;;i gave the same answer because it still amounts to the reduction of CO2 and the end value is the same to me;that is the money i am willing to pay if i have to pay based on my finances;deont;;CB
R_1mlox1q5d96WzO4;co2;0;0;;;;;;CB
R_339gGafI8rS1eTo;co2;200;0;I will only pay if it is helping the environment.;;;conseq;;CB
R_1F2MCwnee6Bl3P6;co2;45;25;Because for the 2nd option the global emissions do not change.;;I would still pay some money because even though it is not changing the global emissions, it could possibly impact local emissions.;conseq, conseqstill;;CB
R_qFqmTO3U1GGxZ3X;co2;0;0;;;;;;CB
R_qEN7J25a7KjYd45;co2;100;0;I would be willing to pay more if my global emissions actually made a difference.;;;conseq;;CB
R_1M3RSxQedALtEG6;co2;50;0;If my action does not have any affect on CO2 emissions then I don't want to pay.;;;conseq;;CB
R_22E52GblvVAcJxi;co2;100;0;I don't want to pay money to not make a total overall difference.;;;conseq;;CB
R_ClS7ixAbzvuLx4Z;co2;100;100;;It is a good idea to reduce carbon emissions. I would be willing to shop smarter to reduce my personal carbon emissions whether or not it made a global difference.;I feel the humans should concentrate on reducing carbon emissions as the global population grows and grows.  So I would be willing to reduce my carbon impact even if it didn't make an immediate difference.;deont;;CB
R_Deh6VnEVXYhqqpb;co2;0;0;;;;;;CB
R_3KHirKpayXYn0Qs;co2;0;0;;;;;;CB
R_1je5PNnFl2k83UY;co2;5;3;If my payment is going to make a difference, i would be inclined to pay more;;I believe in fulfilling the role that my conscience tells to provide for.;conseq, deont: ownpart;;CB
R_1JVArShZWaAsj6K;co2;100;50;I would pay more money to know that it makes a difference, but I would still pay more overall to know I'm reducing my own emissions;;I would still feel like I'm making a personal contribution;conseq, deont;;CB
R_87IkwggtauXmZ9v;co2;0;0;;;;;;CB
R_2SHzPeCmjIdcB9w;co2;200;0;If my actions don't actually benefit the environment then there is no reason to pay money.;;;conseq;;CB
R_3rHDGaQvUaMLOPZ;co2;500;50;I don't want to pay to have no reduction to our environment.;;I would be willing to pay to have it not go up instead of staying steady.;conseq;;CB
R_2CEsmLqtt5kL5vJ;co2;200;50;During these economic times, a majority of the population does not have the luxury of paying more to reducing their carbon footprint. At this point, I'm not willing to make that sacrifice, pay more, and not reduce a significant amount of emissions. The price I am willing to pay depends on the outcome.;;Because it has no affect on the global emissions change. So why would I pay more to have no effect. We don't have the luxury of paying more for frivolous outcomes.;conseq;;CB
R_2ZIw2yaUtwrCsum;co2;50;0;I wont spend money if it doesnt change anyting;;;conseq;;CB
R_2upqGKVEv8s68I6;co2;0;0;;;;;;CB
R_1jfiNiOYZWsDyIc;co2;70;90;That was my guess;;it will be helpful;other;;CB
R_2E6GDbYr72a0ODb;co2;100;0;well the second option doesnt have any change in the co2 emissions so i feel like its not worth it to spend money on something that wont change;;;conseq;;CB
R_1BP23a5vQqvgCCm;co2;100;0;"If I am not making a difference I am not willing pay anything.
If I was making a difference, I am willing to pay a little more
for sustainable, organic, Non plastic and other things that help to reduce my carbon foot print.  Carpooling, public transportation.  Things like that";;;conseq;;CB
R_1pz258pEhfn0Z2o;co2;1;1;;I would give a zero if I could. I don't want to pay anything.;Because it's as low as I could go.;other;;CB
R_12LQwUgeqTi2pHs;co2;20;0;I would be making a difference in situation 1. Global emissions wouldn't change for situation 2, so I am not spending money just to keep things the same on a global scale.;;;conseq;;CB
R_3s64wR33YlyVaY5;co2;35;0;If I am not able to reduce the amount of global CO2  emmisions, is there a point to pay for it to occur? Long term, reducing by one ton for one person will not change the course of the future. It would have to be several million people reducing long term before any true changes occur.;;;conseq;;CB
R_10ShbxIXq5mZm7Q;co2;0;0;;;;;;CB
R_YSLBfscu6xfHyFj;co2;25;25;;It is the same price to me, hopefully. It would be what is right;I feel a personal responsibility;deont: ownpart;;CB
R_1Fh0eN1S4MmzuIO;co2;5;0;If it doesn't make a difference, then I don't see why I should pay anything to reduce my CO2 emissions. That is why.;;;conseq;;CB
R_CkI8TxMp8lnkgmZ;co2;120;75;"In this situation, if you reduce your personal CO2 emissions by one ton, there is a direct and positive consequence‚Äîthe total global CO2 emissions decrease by one ton. In such a scenario, the reduction in emissions is seen as effective in contributing to the overall goal of mitigating climate change. Therefore, the willingness to pay for this reduction is generally higher because it is perceived as making a tangible and positive impact on the environment.

";;"In this situation, if you reduce your personal CO2 emissions by one ton, the total global CO2 emissions do not change. The hypothetical explanation is that your reduction might make it cheaper for others to emit, offsetting your reduction. In such a scenario, the direct global impact of your action is unclear or negligible. The willingness to pay might be influenced more by personal values, ethical considerations, or a sense of personal responsibility, as the action doesn't have a direct impact on the total global emissions.

";junk;;CB
R_2WOtmgRRsbf2FPF;co2;50;25;"I gave different answers because I would only want to pay more if it benefited me and everyone else; I would still want to reduce my emissions by 1 ton but because what i'm doing isn't making a major difference then I don't want to have to pay more";;Because I would still want to reduce my emissions so I could feel I was playing my part in all this;conseq, deont: ownpart;;CB
R_p4AOZgMtdQCi1a1;co2;10;0;My change makes zero impact therefore I shouldn't do it or pay. This is not on me to make a change, it's on corporations. Don't get it twisted.;;;conseq;;CB
R_3UblyxGwp9yd6vf;co2;270;270;;I am willing to make a sacrifice to do my small part to reduce emissions.;I would like to do my part to reduce emissions, at the cost I am willing to make.;deont: ownpart;;CB
R_BudxWeOiBE0weBj;co2;50;0;I would not pay to reduce my emissions if they are picked up by someone else. My reduction didn't help the environment at all.;;;conseq;;CB
R_2EzcGFAQa12I07Q;co2;200;0;Because I want to make a bigger difference.  It seems like it does not have much effect in the second situation.;;;conseq;;CB
R_27xGSUjWTQrLNkj;co2;0;0;;;;;;CB
R_2uNSYraC497xEIQ;co2;0;0;;;;;;CB
R_BFaC0MmHKKof4d3;co2;100;50;I am willing to pay more in situation 2 due to the fact that, my contribution adds up to the global reduction in CO2.;;I would pay less in situation 2;conseq;;CB
R_tYQdE4dETl3zDDX;co2;0;0;;;;;;CB
R_1o15iVzGNYYYdjR;co2;0;0;;;;;;CB
R_3OlBJILBgsyr4Om;co2;0;0;;;;;;CB
R_Au1DjdSMUZh7Jvj;co2;100;10;I gave a higher answer in the first statement because I thought I was making more of a difference. I would rather put my money into other things if I'm actually not making 'my' difference in global CO2 emissions.;;Every little bit helps, but I wouldn't spend much money in this scenario;conseq, conseqstill;;CB
R_8e0Rlubz17lL7zP;co2;40;20;Its just because the scenario were not the same;;It is to make a bit impact on the situation 2;conseq;;CB
R_22FCmJ3ZbsZ8rzi;co2;120;120;;Why would I not?;The fight goes on to make that needle move down.;other;;CB
R_2dWtyl98aSaqkub;co2;10;10;;Even if the net doesn't change, at least my personal net would, so it'd stay flat instead of increasing.;Because if I didn't then the impact would be more than zero.;deont;;CB
R_2RXj0KSaQLmFGr7;co2;0;0;;;;;;CB
R_ulhddK1Hq95ujwR;co2;100;0;"I would be willing to pay to reduce my C02 emissions by one ton to have the total global emissions reduced by one ton. 
However, I would not pay to have my C02 emissions reduced if it's not going to help the global C02 change.";;;conseq;;CB
R_1hGZw1KD4EhRAhS;co2;50;20;BECAUSE IN SITUATION 2 MY ACTION DOES NOT HAVE CONSEQUENCE, NO CHANGE IN GLOBAL EMISSIONS. SO I HAVE TO CHANGE MY ANSWER.;;FOR A GLOBAL CHANGE I WOULD PAY ANYTHING FROM MY OWN END TO MAKE SURE I CONTRIBUTE TO THE POSITIVE CHANGE;conseq, deont;;CB
R_1Kj7FyD2xjZPcAL;co2;500;500;;Simply put it makes sense to choose $500;Just because we have the finances too.;other;;CB
R_3oYmEQPN7w2belr;co2;0;0;;;;;;CB
R_2CPSxS0xpInVb6P;co2;50;0;If my overall reduction does not have any impact on the world, I would be paying money merely because it makes me feel better. This is not incentive enough for me to do this.;;;conseq;;CB
R_3dHfFs0CJzqnkdX;co2;0;0;;;;;;CB
R_YPOt7AEPE4uBq5H;co2;0;0;;;;;;CB
R_Z7BRoKZFJAeEgyB;co2;50;15;Feels like I need not put as much effort in if the result is the same.;;Still feels like I should try where I can if I have a bit of money to spare.;conseq, deont: ownpart;;CB
R_37Y5eP4TE0fLHk5;co2;100;100;;I gave the answer I did because regardless of global emissions, I am willing to pay the price I listed to reduce them.;I want to do my part to reduce carbon emissions on a global scale.;deont: ownpart;;CB
R_3KVKyzCHOMjwhDn;co2;505;50;;;;;;CB
R_3nGmhGZTNxYfZeo;co2;10;0;I wouldn't even pay for the one that doesn't have any consequences over the one that actually has positive consequences.;;;conseq;;CB
R_z1imQsOGqdIpkhX;co2;100;50;I think that in order to make the same impact I did in situation 1, I'd have to double my carbon emission reduction since 1 ton in situation 2 is offset. I think that while 1 ton is offset in situation 2, 2 tons might make the difference that situation 1 was yielding. I wouldn't be able to afford to pay $200 to reduce my carbon emissions by 2 tons ($100 x 2) in order to achieve the result situation 1 would yield, so I would pay $50 in situation 2. By doing so, then I would be able to afford to decrease my carbon emissions further than the situation starts with.;;I explained it in the above answer, but I think that the possibility of others emitting more and rendering my contribution neutral is not a guarantee. I think that there's a chance my impact could actually start mattering the more emissions I reduce since I think not everyone's going to be emitting more or neutralizing my contribution every single time.;conseqstill;;CB
R_1H0mY7auMxmo7Xf;co2;0;0;;;;;;CB
R_sweKryTNNIVUtB7;co2;0;0;;;;;;CB
R_3M0vWFo4uha6KSf;co2;10;2;If my effort also affect the global CO2 emissions, I think it worths me to take more effort.;;I hope it can still help the environment for the unseen future.;conseq, conseqstill;;CB
R_1DSaibrRSkOMV1D;co2;10;10;;I feel like it's worth it to try and manage your energy output to some extent, regardless of how it affects the aggregate.;I think it's a healthy goal to try and achieve;deont;;CB
R_SNr6WRlTzr9psL7;co2;150;0;If the global co2 emissions does not change, then what is the point of paying in to reduce my co2 emissions.;;;conseq;;CB
R_1N4IG1E74CBJNuI;co2;50;50;;I actually gave the same amount for both and based it on a monthly amount in my mind, and what I could commit to with my limited budget, because I think we can all try to make some contribution.;I think if everyone made the commitment individually, it actually would make an impact greater than zero.;deont;;CB
R_A4h4cw1zMzjETYd;co2;20;0;id rather make a good change if it had any sort of positive consequences.;;;conseq;;CB
R_2eVf35AR7XM5Frn;co2;1000;500;It is worth more to me to make an impact, but it is still worth doing something about CO2 emissions.;;The global impact would be zero, but the impact on me personally is still positive. There is also the potential then for my actions to be modeled by others, potentially decreasing the global impact.;deont, conseqstill;;CB
R_ulTZHpp5QKvUqSl;co2;15;0;I feel as if it's worth it to spend more on changing the global CO2 emissions.;;;other;;CB
R_1IjfvuHy4GjEWMV;co2;50;5;In the first situation I am actually affecting the global emissions, and there is an actual reduction. I think this is worth money. In the second situation I am not actually doing anything for emissions, only for myself and my ego basically. This is worth less money to me.;;I would be willing to pay a small amount of money just because I would feel better knowing that I'm doing my part to reduce emissions even just a little bit. I'm paying 5 bucks to feel better about myself.;conseq, deont: feelgood;;CB
R_3PCd0LXRWyTeanw;co2;0;0;;;;;;CB
R_1ovFdO6Nvzyvjr7;co2;10;1;I make a greater influence to the reduction of carbon emissions by paying more.;;Since my reduction does not impact positively in general, I might as well stick with my current subscription.;conseq;;CB
R_2COKgIe0jZYsznp;co2;100;0;If my action does not reduce carbon emissions , I dont see the sense of contributing money to it.;;;conseq;;CB
R_2tgxmYsq3rnAa50;co2;20;0;i can't really afford to do that much to help the world, i give two bucks a month to wikipedia since i use it a lot and it helps other people learn for free. but co2 emission, that is a lost cause until all power is from sustainable sources, not carbons and florocarbons. i it doesnt help why waste my limited amount of money.;;;conseq;;CB
R_2tLlfPCs3mDRxaA;co2;5;0;If there are no consequences to paying to reduce my CO2 emissions, then I don't see the point of doing so. If there are positive consequences I'd pay a nominal sum but also take action in my life to reduce CO2 emissions like biking over driving for short trips.;;;conseq;;CB
R_3CDGcB9BkT243Et;co2;7000;6000;This portion of the answer often includes in-depth details about the CO2;;the less willing to spend money and become more price sensitive. The season can change the willingness to pay.;other;;CB
R_V24MGjJ2r7rMTDz;co2;100;0;It doesn't change anything so why waste money;;;conseq;;CB
R_2SGec5kilqTgD6T;co2;10;0;"In the first scenario I would be willing to pay a nominal amount to reduce global CO2. But I wouldn't be willing to pay anything to reduce my CO2 emissions if the overall global emissions remain the same. 
Now, if I wanted to reduce my electric bill and believed paying $7000 for new windows would do that AND global CO2 emissions stayed the same or went down I would pay the $7000.";;;conseq;;CB
R_QlSC0wZkjvVVNtf;co2;0;0;;;;;;CB
R_3I0IuXLfOWfrVm6;co2;50;0;Because in the first scenario I'm making a difference and in the second I'm somehow not.;;;conseq;;CB
R_3O6wGfthJwxkOEA;co2;100;0;I would pay to reduce my emissions and benefit the total global effect, but if me reducing does nothing overall then why would I pay for nothing to change and someone else to use what I reduced? Me paying anything would be a waste if nothing was affected, nothing changed.;;;conseq;;CB
R_1N24nVN5D2tX6w4;co2;100;0;In the first scenario my sacrifice is working towards something better in the other i have nothing to gain just lose by sacrificing money.;;;conseq;;CB
R_afOoUbQPY3KktI5;co2;10;0;In the second situation the overall impact is nothing. In the first it doesn't seem to be worth all that much compared to the rest of the globe continuing to contribute CO2;;;conseq;;CB
R_2V22DVdWlD8zsAu;co2;1;3;I guess it's what I'm feeling right now. This is what I'd be willing to pay for these scenarios. Of course, had I been given the time to prepare, research, plan, maybe I would have a better explanation.;;Maybe it's my donation to charity, so to speak. I just want to do something so we don't have so much problems with the earth. We need to clean it up and save finite resources.;deont;;CB
R_3O2gjk22sxPaInB;co2;2500;500;I gave a different answer because the benefit of my action for each scenario were different. As noticed I decreased the amount of money I'm willing to pay to reduce my emissions when my actions had no effect on the global emission rate.;;I would however be willing to pay some money in scenario 2 even though the total impact would be zero because I still believe my individual decision makes a difference.;conseq, deont;;CB
R_1LipTsAw7zlLKoB;co2;10;10;;I cannot afford anything or any amount these days.;I am trying to give what I can, where I can.;deont: ownpart;;CB
R_5cDVrbjYjepq8Yp;co2;100;50;I think reducing co2 emissions would help the environment.;;It would not have a affect being the co2 emissions would not change;other;;CB
R_29am26kjmRX0Hif;co2;2000;1000;I'm willing to pay more if I know that my actions will have an actual effect.;;To make myself feel better, at least I attempted to help improve the environment.;conseq, deont: feelgood;;CB
R_yr7PuXdxZ7iJJ0R;co2;10;0;If my personal CO2 emissions have zero consequence or zero effect on total global CO2 emissions then I would not want to bother reducing my emissions. It makes no difference. It would feel like a waste of time on my part.;;;conseq;;CB
R_10qvctBMycCa07a;co2;50;20;Because the second option had no difference in result/;;I would not be willing to pay more money. That's not what I responded.;conseq;;CB
R_9pltoVp3hWwxI1r;co2;50;0;I gave different answers for both situations because if I could impact the total global CO2 emissions then I would be willing to pay more money.;;;conseq;;CB
R_80rpemdTLZU6HbX;co2;100;0;I would rather put money and effort into an action that would have a greater total impact. It seems like spending money on an action that would not have an impact is a waste of money and effort that could be used in more productive ways.;;;conseq;;CB
R_3PddUZBxEjjP3Rp;co2;0;0;;;;;;CB
R_22FTHwIp0CWu6yo;co2;100;0;Because my behavior had no impact, so why pay?;;;conseq;;CB
R_2zGDve9inmJOP4P;co2;0;0;;;;;;CB
R_2xGmKnid6H0kjCH;co2;100;0;if i paid 100 to reduce my co2 and it did not work why would i want to try that again and just lose money;;;conseq;;CB
R_dclA8TWJFRshFap;co2;25;0;To be able to reduce my carbon emissions would be very helpful to the environment but I wouldn't expect it to be free. So if i'm making a difference in the environmental damage being done, I'm more than happy to pay a modest amount to do so.;;;conseq;;CB
R_3ND18xzTQoMPZpA;co2;100;100;;Because either way I would be decreasing and helping lower the CO2 emission;Because I would be helping decrease CO2 emission from myself;deont;;CB
R_2CV1GCIP5VnyPtr;co2;50;0;If there was a net positive effect in my paying money to reduce my footprint I would be willing to participate. If me paying had no actual consequence, I don't see the point in doing so.;;;conseq;;CB
R_1zFTnEr4eWB6VpL;co2;100;0;Well if it's not going to do any good to total usage being less my motivation would pretty much evaporate. I generally try to recycle turn light off etc, but shooting to make a change on this parameter seems to far removed from me.;;;conseq;;CB
R_1mDgvSW5023wASr;co2;0;0;;;;;;CB
R_1GK862UIJZ8ygcF;co2;50;50;;It will be of good cause;It will be of good cause;deont;;CB
R_125atzFNp9ATI84;co2;0;0;;;;;;CB
R_1qfZIpLMTt1Sd53;co2;500;0;In the first example, I assumed my reduction would at least make some difference, so I was therefore willing to spend some amount (a small one) to make a small difference. In the second example, I know that my efforts aren't making a difference at all. If they aren't making a difference, why would I spending extra money? It doesn't make sense to me.;;;conseq;;CB
R_8rj8aAxxZwZe89j;co2;100;50;If my reducing my carbon footprint helps the planet, then I am willing to pay a higher price for that reduction;;Even though my reduction doesn't make a difference, am still willing to pay a small amount as it then holds me accountable to keep lowering my carbon footprint;conseq, deont: ownpart;;CB
R_0eQYqecoXIdsLzr;co2;30;10;in situation 1 is due to the clear and positive impact on global emissions, while situation two is due to the uncertain effectiveness of the action on global emission;;i felt like paying;conseq;;CB
R_3Ht69d9PXZ0MHqf;co2;200;0;If what I am doing is not helping the global cause then why would I continue to throw money to the wind.;;;conseq;;CB
R_1LIPNjliWstTs4H;co2;200;0;because what i‚Äôm doing doesn‚Äôt seem to make a difference;;;conseq;;CB
R_3iQiS70ogRcs7De;co2;0;0;;;;;;CB
R_1qhcmPXsWyL6IGW;co2;2000;200;The first situation provides a positive impact globally and therefore I'd be willing to pay more money to do so.;;I would still be willing to pay, but at a much smaller scale. The impact is only personal at this point and does not affect the world around me.;conseq, deont;;CB
R_w0J0OMkPQMSauXL;co2;0;0;;;;;;CB
R_eeS7MG4xWDnutyN;co2;2000;0;"In the first situation, I was willing to pay some of my precious money if it made a difference in the world. 
In the second situation, my actions make no difference anyway. So, there is no point to spend more money if that has no effect.";;;conseq;;CB
R_1lu7BbOWqmEyeig;co2;100;0;It didn't change the overall CO2 emissions in situation 2;;;conseq;;CB
R_XSxfXGEyLN5cnn3;co2;50;0;If my carbon emissions does not affect the consequences globally, then I feel like there is no need to pay.;;;conseq;;CB
R_0krLMPBJpV23MWd;co2;200;200;;I would hope that reducing emissions by one ton would not cause total global emissions to stay the same, but I can't control what other people do, only myself. I hope it would change by one ton less.;I would be willing to pay money in situation 2 where the impact would be zero, with the hope that others would also pay money and that gradually the number would start decreasing if everyone made an effort.;deont: ownpart, conseqstill;;CB
R_33lilcyNtK1Rzih;co2;0;0;;;;;;CB
R_yQhltKMDrV9YQg1;co2;20;0;If I am having no impact on the total amount then there is no benefit beside making me falsely believe I am doing something good.;;;conseq;;CB
R_1qWMAMDMwl7Ia82;co2;100;0;I don't have money to be spending it on situations that doesn't cause change unfortunately. For me, it would not be efficient to pay money for there to be no change. In an ideal world where I have money, it would be nice to spend it in a way that brings me peace of mind, regardless if it's effective or not.;;;conseq;;CB
R_3PHWMj8WiFcULCO;co2;100;0;If nothing happens if I reduce my CO2 emissions - I would not pay anything to do that. But I would pay what I could afford if I was certain that it made a difference.;;;conseq;;CB
R_3pte0BtgLk2jUwO;co2;1000;0;because in one scenario it lowers my global consumption with no strings attached, the second scenario says that it wouldn't matter because it's offset by others. so unless everyone is doing it, it makes no difference!;;;conseq;;CB
R_AaPs3soXmPLrlLj;co2;300;30;I would be more willing to pay in a situation where my financial sacrifice would mean a reduction in world CO2 emissions.;;this would be in the hope that the small amount would still matter in fighting global CO2 emissions no matter how little.;conseq, conseqstill;;CB
R_3nA9pqLfvYH2VLC;co2;0;0;;;;;;CB
R_sTe0ZwsA6lOfPSp;co2;40;0;If my change is going to make a difference, then why would I pay for it?;;;conseq;;CB
R_1EXAKAxQ4zhMXXr;co2;100;100;;I felt that way because even if it doesn't change the global emissions, I still can be proud of my own personal responsibility.;As i said, I would still be proud that I choose to make the world a better place personally, It always wasn't going to make a huge difference what i do anyways to the global emissions.;deont: feelgood;;CB
R_2qb1mjpeMWZlUuY;co2;50;0;I am willing to pay when I know it will make a difference. It doesn't seem worth it to pay money if I know it's not going to change anything.;;;conseq;;CB
R_1HeoeLkaObZvTMC;co2;0;0;;;;;;CB
R_RXrtPXe8Hh8GxG1;co2;100;0;In the first scenario, my actions make a difference -- there is a direct result. In the second, there is not, so it would be pointless to pay for NOT making an impact.;;;conseq;;CB
R_2RQdTzr3hkthDEx;co2;25;25;;The point is that I would reduce my carbon emissions, no matter what others are doing.;But maybe the total impact is not zero because others may be reducing their emissions by twice that mount. The point is to reduce your emissions no matter what is happening outside your own life.;deont: ownpart, conseqstill;;CB
R_1mJK5FmbpmeoKq3;co2;5;0;I'm willing to pay a small price, if it's going to have a substantial positive effect on global CO2 emissions, but if my contribution is going to be offset but others actions, then it's not worth it.;;;conseq;;CB
R_2q1wA2OAAKcdiwQ;co2;500;0;"Using my financial resources would be meaningful if there were the gain of reducing CO2 pollution. But it would not be worth it to me, an individual, to purchase carbon offsets if the result was just to create a ""slot"" for another to deposit emissions.";;;conseq;;CB
R_OD3HGvJOCRc2H9n;co2;100;0;In the first situation, my actions would have actual results in regards to reducing my personal CO2 emissions by one ton and thus the global CO2 emissions would also be reduced by the same amount which would be a worthwhile service to pay for however in scenario 2 this is not the case, my personal CO@ emission reduction of one ton would not be reflected in the global CO2 emissions which makes it not worth any money for a service that does not make any difference to global CO2 emission values;;;conseq;;CB
R_xsb93HxSVtJk5vr;co2;75;40;Because the global impacts would be different. While the former benefits all, the latter only provides a feel-good benefit for me.;;Didn't it suggest that it would reduce my output by one ton? That's something.;conseq, deont: feelgood;;CB
R_3DbWlXqtx5RGkw7;co2;100;0;In situation one the emission will decrease by one ton while in situation 2 it will not change.;;;conseq;;CB
R_1HjkgNE27yK8db8;co2;0;0;;;;;;CB
R_1hFiw9l4oXqKYM1;co2;200;200;;I would lose to the total global CO2 Emissions because there wasn't a effort of change. I'm willing to loose the 200 from my reduce emissions.;If it would help towards the Carbon Dioxide emmissions  load globally then I say it's worth it.;deont;;CB
R_3qe5rVnp0myuIjD;co2;1000;1000;;because the money i will pay to increase the ton usage i will pay the same amount to decrease the usage of tons;paying money will help generate funds fr future usage;other;;CB
R_vOdeqXjs4g7qeUp;co2;0;0;;;;;;CB
R_2sZsfPfR8MMMXWm;co2;500;0;I would definitely pay to reduce my personal CO2 emissions if it was going to have a positive effect. If, however, my reduction had no effect because of other people's use, then I would not be motivated to spend money to reduce my emissions.;;;conseq;;CB
R_yxx4BlgFOvA2fwR;co2;10;0;If the global emissions don't change but yet I reduce the amount of CO2 personally why should I have to pay anything if it's not making a difference?;;;conseq;;CB
R_2dsVf0dBDkGc6Oc;co2;200;0;If my action has no consequences, I'm not going to pay any money at all.;;;conseq;;CB
R_1IK7RYx6dt2ihNf;co2;50;0;I wouldn't pay anything unless it was actually going to lower total global CO2 emissions.;;;conseq;;CB
R_2WTCuhNnE5zwOtf;co2;200;200;;I do not see that much of a difference between the two scenarios.;See above;other;;CB
R_2cirny1uDj1bHnz;co2;2387;2387;;Because it is vital to reduce carbon emisions now.;Where the heart is willing the pocketbook is able. Set an example like Gretta;deont: principle;;CB
R_OJPIXk1StkO6sdX;co2;100;0;I want my action to effectuate change.;;;conseq;;CB
R_2XdkSSq5kPUC13i;co2;5000;0;For situation 1, the money or my actions would have an impact while with situation 2, my action would have no impact;;;conseq;;CB
R_1dvtdEwpuyeG75y;co2;20;20;;I don't know what others will do, so the best I can say is what I would pay to reduce my carbon emissions by 1 ton in either scenario.;For the same reason, I don't know what others will do, so the best I can say is what I would pay to reduce my carbon emissions by 1 ton in scenario 2.;deont;;CB
R_3QEk6i4WwFDY9dX;co2;15;0;Why pay for something that makes no difference?;;;conseq;;CB
R_2QSqbpk4hM4JhqQ;co2;1500;0;If my efforts are futile and don't actually have any effect on emissions, there's not any reason for me to spend any money on the effort.;;;conseq;;CB
R_1kGo7uIrleLBKoW;co2;100;0;"because in the first scenario my action WOULD help the larger situation; in the second it would have no impact";;;conseq;;CB
R_2PuOo09YJrqb9ur;co2;1000;0;It doesn't make sense to me to pay to reduce carbon emissions if there is no actual net reduction. I would not be willing to pay if there is a chance my investment could yield better or higher quality results elsewhere;;;conseq;;CB
R_bl2xRAS4OX9ckEN;co2;0;0;;;;;;CB
R_2ANMZ6bLCVaPxGQ;co2;100;0;If it doesn't matter and there is no effect, then why pay?;;;conseq;;CB
R_28RGka19JO8hxVi;co2;10;1000;If I wasn't contributing to the common good, I wouldn't be as invested.;; I would have to have someone explain to me how my actions to reduce carbon emissions were really making a difference.;conseq;;CB
R_1q4CEUG41hIxkG4;co2;0;0;;;;;;CB
R_3j8Suk7KyPmQcjq;co2;0;0;;;;;;CB
R_3Rsdb9LC7OWKv23;co2;100;0;Because of the end result being zero in the second scenario, I would not pay for this. In the first scenario I got something in return.;;;conseq;;CB
R_33BFBgc2L6U5nRW;co2;100;20;In the first scenario, my actions directly correlate to a global impact. My CO2 emissions decrease at the same rate the global emissions, whereas in the second scenario, I put in a lot of work to decrease my person emissions, but it doesn't have a global impact. Scenario two feels as though I'm doing a lot of work for little result.;;I still want to reduce my personal emissions somewhat. It would make me feel good for trying at least.;conseq, deont: feelgood;;CB
R_3pqXiLJBy8DQGS6;co2;500;0;Because my sacrifice for the world should help it and i should be compensated;;;conseq;;CB
R_2YhoLjMLM0MOS9N;co2;150;20;For me, if i am willing to invest in reducing my own CO2 emissions then the hope for those around me is that they will eventually do the same in the long run.;;Like i mentioned before, it's about allowing others to see the benefits in the future from my investment and not so much what's happening presently.;conseqstill;;CB
R_3ElOxm7NQY3eiRn;co2;0,1;3;because my reduction does not affect the world in any way;;not matter what i pay it does not have any impact;other;;CB
R_21GMoIcJIjbrrK2;co2;100;50;I would pay double if my actions had a direct impact on the state of the world. Something as important as global warming is nothing compared to money. But i would only pay half as much if it would have no guaranteed effect on the crisis. I would still pay if i knew this option was offered to most if not all people of the world. Together 5, 10, or a 100 people would make a huge difference.;;As long as this option was offered to others the same way it would still be important to contribute to the cause. Nothing important is fixed by one person's actions.;conseq, deont;;CB
R_2rBbVkVN1t2cegL;co2;50;0;I don't have a price reference to fully indicate, but no impact gives me little reason to pay for less CO2 emissions. Also, I personally do not have much CO2 emission.;;;conseq;;CB
R_21tektwwmNQpyP1;co2;25;0;If I knew 100 percent for sure that what I was doing would make a difference I would be way more motivated to do it. $25 isn't much but I don't have a good grasp of exactly how much one ton of a gas is or what effect that amount of it has on anything at all, if I had a better understanding of that I might increase that amount but let's face it I'm not on prolific doing surveys because I'm rich lol    but anyway in the second scenario - if it's not going to make any difference whatsoever then I need my extra money to pay bills and support myself and my child which is more important to me than just feeling good about myself because I made some correct expensive choice that means nothing in the long run;;;conseq;;CB
R_3lMPEHwiAPjPVPs;co2;25;0;In the second scenario if there is no change in the CO2 emissions then it would be a waste money in trying to reduce the the carbon emission by 1 ton.;;;conseq;;CB
R_2Sxm6Gvvq4up4Ps;co2;0;0;;;;;;CB
R_XpuocYuFqbHN42J;co2;10;0;If there is no meaningful overall impact from my payment then I see no reason to pay compared to the situation where paying actually has a global impact.;;;conseq;;CB
R_3hsH80DqXgL1obX;co2;100;0;If my actions are not going to make a difference I am not willing to sacrifice my lifestyle or my financial resources.;;;conseq;;CB
R_1dp0nF134qqwgRw;co2;50;0;If it doesn't change, I'm not paying anything to reduce;;;conseq;;CB
R_2WB6JPSrfmLiALr;co2;100;25;If I pay more money to reduce my carbon emissions by 1 ton only to have someone else increase their carbon emissions, I would not be helping the problem of carbon emissions.  The reduction I accomplish would be negated by an uncaring person.  So, I decided to pay less for my carbon emissions as it is meaningless and a waste of money to increase the amount of money I'm willing to pay.;;I guess it would make me feel good and it's the right thing to do.;conseq, deont: feelgood;;CB
R_6Eg8GBda00rjPnb;co2;1000;50;In scenario 2, it seems that spending more money does not have much of an impact. I am at a stage in life (older) where I have to be super thoughtful about what I can afford to spend.;;If my actions made a significant difference, I would do all that I could. But, if it did not matter, I have debts to pay off. So pure practicality is the bottom line.;conseq;;CB
R_3O8Hpv9xJMXmvQh;co2;25;25;;I can only be responsible for my own choices and actions.  I do not believe that putting forth more or less money would make a difference in how others will make their choices.;While my payment would not impact the overall result (i.e., total impact is zero), I would still feel that I was doing my part and from a psychological standpoint, that is important to me and my personal values.;deont: ownpart;;CB
R_CaeNUi6JjLUUHUB;co2;100;0;If it doesn't reduce the total consequences globally then I won't pay.;;;conseq;;CB
R_3HzFa1gePtC4QCd;co2;100;0;Some people do not believe in carbon emissions harm so they will not be willing to pay. If they are required to be below the amount or pay, I would be willing to pay.;;;other;;CB
R_3suZjUR7fRG5R5S;co2;0;0;;;;;;CB
R_3s6244n7djnh124;co2;50;25;If I'm helping to lower global emissions, I'm willing to pay more than if it really has no effect other than me paying for something.;;I would still feel good knowing that I was lowering my personal emissions, so I would pay something.;conseq, deont: feelgood;;CB
R_2bNmSIjB5VwfXJA;co2;100;25;I am willing to pay more if it will reduce the global CO2 emissions. I'm still willing to pay if it doesn't reduce it but I'll probably pay less because it is not having as big an effect on the global scale.;;I'm willing to pay because it is the right thing to do. Plus, if a millions of people pay, it will eventually help reduce the global emissions.;conseq, deont;;CB
R_3HNaIBzFzdNQeH9;co2;2500;0;I would not consider it a wise use of my money to pay for something that has absolutely no effect. I would be willing to pay, however,  if there is a positive effect.;;;conseq;;CB
R_2ZNrXpxAlHX9ngL;co2;500;0;If the goal is to reduce net carbon emissions, I would only allocate resources towards activities that achieve that goal to some degree.;;;conseq;;CB
R_1NDlr7mW91kofg8;co2;200;0;Why would I pay for a service with no result?;;;conseq;;CB
R_3hyiYvafc4gFlhd;co2;500;0;I am willing to pay to better the earth, but if my actions do not benefit the earth then I do not want to pay.;;;conseq;;CB
R_9oU1x5iinikTBkd;co2;50;0;If my actions benefit the world then I want to pay for it but if my action changes nothing then I should not pay for anything. Nothing is gained. The world is not made better.;;;conseq;;CB
R_1rI9EdlsiC1tGFc;co2;200;10;In the first situation, I am seeing a direct benefit from the money that I am spending and how it can help the globe. In situation 2, I'm no longer seeing a benefit from decreasing my emissions and therefore it almost seems as if my money is going to waste. I would consider spending a small amount, however, to demonstrate that I am involved and would like to see improvements in the emissions system. I would be happy to be part of a team.;;I would want to demonstrate that every little bit helps and hopefully others may tag along, causing a domino effect. Someone has to care to start seeing improvement. However, I wouldn't make a big investment just yet.;conseq, conseqstill;;CB
R_1eyfB0GFywnRHmB;co2;10;0;In situation it makes no difference in the outcome, therefore, it is not worth doing.  Kind of like when climate Czar's use private jets and tell us we are not allow to fly in airplanes.;;;conseq;;CB
R_bI180fSd9cyDWPn;co2;99;0;In the latter scenario, it's asked if I would contribute money toward an action that, ultimately considered, was having absolutely ZERO effect on the total amount of carbon emissions. That seems nonsensical to me, since I'd literally be throwing money away at a futile project that was accomplishing nothing and achieving no real effect. If I actually DID accomplish something, I could reasonably see the logic in putting some money behind it.;;;conseq;;CB
R_30l8cz7G2Zk1kEM;co2;2000;1000;Situation 1 changed the carbon emissions so I would give a higher amount to do so.;;Even though it may be a zero impact, the idea that you are still reducing your carbon emissions yourself is enough of a reason.;conseq, deont;;CB
R_1g0y1q4L5KBIPUB;co2;0;0;;;;;;CB
R_1JDzsDtjFuhBofZ;co2;100;10;I would be less inclined to spend money if it doesn't make an overall difference.;;I think it would still help to keep the increase lower.;conseq, conseqstill;;CB
R_2c74liMpkKpHUWy;co2;1000;0;the first situation made a tangible difference, while the other did not;;;conseq;;CB
R_3qlJYAOlaE4ZTjD;co2;0;0;;;;;;CB
R_2Ua9GgmPTcjdKJX;co2;100;0;Why would I make a change that has no impact for myself or others?;;;conseq;;CB
R_w7adPpBrQdvJoIh;co2;0;0;;;;;;CB
R_3OryzTAZMnGZUWB;co2;0;0;;;;;;CB
R_2wjh9hIUAFUymRZ;co2;100;100;;because my viewpoint on the subject rmains the same whegther the global is decreasing, increasing or remaining the same, im still doing my part and i not paying more just so others can abuse it;because i would feel better about my self knwing i at least did something;deont: ownpart, deont: feelgood;;CB
R_xaXUVZ337gGjnMZ;co2;0;0;;;;;;CB
R_4JlaszAo2YAuNmp;co2;50;2;If reducing my own carbon footprint benefits another who is not, I would not be willing to pay more more to do it for situation 2.  I would be willing to pay more in situation 1, if it actually benefits  reducing carbon imessions.;;Well, I would still pay SOMETHING to reduce my own, even if doesn't impact anything.  It's still got to be better somehow.;conseq, deont, conseqstill;;CB
R_1LAPeezKeS7gF8t;co2;1000;1000;;Because you should do something because it is the right thing to do.;Because it is the morally correct thing to do.;deont: principle;;CB
R_3mftfjFOwAr77iG;co2;50;20;Not worth paying money for nothing in 2;;Not worth it;conseq;;CB
R_1pRkLwmaVJNeyM9;co2;50;20;Are we willing to pay more if I thought my actions would reduce the amount of emissions globally. I think it makes sense to contribute more to something that actually makes a positive impact and could help the environment otherwise it's just for vanity.;;" I still would pay something even if it didn't make any global E
effect because it would give me personal satisfaction to reduce my carbon footprint. I realized that it's only for vanity so it's not a large amount but I still think it's worth it. I also think that perhaps I could totally by example or be part of a movement that could have a net positive effect on the reduction of carbon emissions.";conseq, deont: feelgood, conseqstill;;CB
R_1jPrIK5nyHnTyMa;co2;200;200;;In this year where I am experiencing financial difficulties, I felt that this is money well spent on a cause I support. I wish I could spend   more,but I hope to make more changes so that my children and future grandchildren do not suffer for today's choices.;I morally and ethically can afford $200 to do what I feel is right. Despite, the lack of change, I hope this thinking will eventually facilitate a change in our society.;deont: principle, conseqstill;;CB
R_1FJUL4qvS63EEHu;co2;0;0;;;;;;CB
R_1H0KHFiYWGtiJTB;co2;100;0;If there's no change of global emissions, I'm not paying my hard earned money for it.;;;conseq;;CB
R_1d6SfJS9cGbleDs;co2;200;50;Well, if I know it is truly having an effect I would be willing to pay more.  I would still pay even if overall there was no change because I would like my carbon to be smaller regardless.  I just wouldn't pay as much knowing others are  increasing CO2 anyway.;;Because I would like knowing my carbon footprint is smaller.;conseq, deont;;CB
R_sGXgYfJZt9ix0UV;co2;100;0;I'm not going to pay money if it changes nothing.;;;conseq;;CB
R_24AeL1wDDkGWwjh;co2;200;0;If there is not going to be any result or positive reason to reduce my emissions, I would rather not.;;;conseq;;CB
R_1IW8NMhWU81IcGi;co2;100;0;If my money is going to help change, then it is not a waste. If nothing is going to happen, I wont waste my money;;;conseq;;CB
R_1j9Q6DaS3KP2guM;co2;100;50;I would pay more to actually make a difference than what I would spend that would make no difference;;I believe it would be the right thing to do and would hope it might make a difference in other ways;conseq, deont: principle, conseqstill;;CB
R_3ExRUwdgCrAUUB3;co2;30;0;My personal impact on the environment is negligible if the net emissions do not change. In the first option, there is an actual reduction in atmospheric CO2.;;;conseq;;CB
R_BFhgA4ItJHQdWdX;co2;1000;0;I don't understand how my reducing by a ton makes it easier for others to increase. so, I am unsure how to answer but if the bottom line is that I do more harm, why would I pay for that?;;;other;;CB
R_22xc4ZdzJ4P0iqa;co2;0;0;;;;;;CB
R_32WMvcFa8m8SgIe;co2;10;0;"One had no consequences so I chose 0. The other had ""POSITIVE"" so I chose 10.";;;conseq;;CB
R_1Qtt4NxdXjAWObP;co2;10;1;if you can personally reduce a ton of CO2, that is great....if it is howerver meaningless, because someone else is counteracting that ton, it's a wash;;i would not be willing to pay more;conseq;;CB
R_2zwkeFow94MPuxS;co2;5;0;Because one has a consequence and another doesn't. Would you do something if you realize you get nothing from it?;;;conseq;;CB
R_3KDE9vOMrDO3DUz;co2;100;15;if I am not actually helping the environment in any way, why would I pay as much?;;it might make me feel better about myself regardless;conseq, deont: feelgood;;CB
R_27vZkbpSu6hHxzR;co2;500;0;Because if my change has no positive global benefit, it does not have any positive outcome.;;;conseq;;CB
R_2ydSMvxujLlWCS2;co2;100;0;If my contribution doesnt amount to anything why should I spend money on reducing CO2;;;conseq;;CB
R_5bdsliMS1pXlhNT;co2;100;100;;Because I believe that no matter how small an action is it usually has impact, even if it's not the initial desired impact;I would still be willing to pay because I believe my action could inspire those around me.;conseqstill;;CB
R_3gLD2JU9i2dwLDT;co2;500;100;In the 1st scenario MY contribution to the global reduction of CO2 emissions was significant.  In the 2nd scenario my contribution to the reduction of total global CO2 emissions was neglegible.;;I would still feel any contribution to reduce CO2 emissions is my responsibility whether it had a reportable decrease in the total global CO2 emissions or not.;conseq, deont: ownpart;;CB
R_2zZQZnfrq3W6e8g;co2;5;0;If there is no benefit, there is no reason to pay.;;;conseq;;CB
R_pL7wPygDaDk7RLz;co2;100;0;Because the 15 tons of carbon dioxide (CO2), each year is costly even though It's eco-friendly, reducing it will cut the cost a little.;;;other;;CB
R_3KpVYZIhGWB3sT1;co2;10;0;If there is a net positive, it is worth paying for. If my choice to burden myself (ie. pay money for something) does no overall good, then there is no point in doing it - in my opinion.;;;conseq;;CB
R_277oF3IWYjUihv2;co2;100;20;In this scenario, my action to reduce my personal CO2 emissions by one ton directly contributes to a corresponding decrease of one ton in total global CO2 emissions. This direct cause-and-effect relationship makes me more willing to invest a significant amount (in this case, $100) because I can clearly see the positive environmental impact of my actions. I'm willing to pay more because I believe my efforts will have a meaningful and tangible effect on reducing carbon emissions globally.;;In this scenario, my action to reduce my personal CO2 emissions by one ton does not lead to any change in total global CO2 emissions due to offsetting effects or other factors. However, I'm still willing to pay some money (in this case, $20) because my personal reasons for reducing emissions may include a desire to reduce my own carbon footprint, align with my values, or simply feel like I'm doing my part to combat climate change, even if the global impact is zero. While my willingness to pay is lower in this scenario, I'm still motivated by personal convictions and the sense that I am making a difference at an individual level.;conseq, deont: princicple, deont: ownpart;;CB
R_0kVyqJZUgGzl0SB;co2;50;20;Im less motivated to reduce my carbon emissions if it doesn't make a global difference;;Because being a good person still has value;conseq, deont;;CB
R_3NUHmogOGTjkWhH;co2;300;100;there are two Consequence different able to connectivity and emission level wavelength is different;;It's may be level is different  people wanted good air then good breathing because donated;other;;CB
R_3PAygERswr6TcDb;co2;1;0;I have no idea what people pay when they purchase carbon offsets or credits.  I said one dollar for one ton because I don't think it is even going to make a difference it would be so small.  If there is no change at all, there is no sense in paying anything so I said zero.;;;conseq;;CB
R_sU22xJid4pijQUV;co2;100;100;;It would be good to reduce my emission either way. I imagine that in the second scenario, there would be a consequence to me not reducing my emissions, such as the global emissions would increase.;Even if the impact were zero, this would ensure that C02 does not actually increase.;deont;;CB
R_2cjYfla3xQO1tfb;co2;0;0;;;;;;CB
R_3Jr2sG5bV1aIKB4;co2;300;0;In scenario one I feel like I would be making a change for my personal situation and in turn would affect the global consumption by as much. In scenario two, my change seems to have no impact to the global rates. This to me is less desirable and doesn't seem to provide incentive for me to reduce my carbon emissions if I am not helping the global rate overall.;;;conseq;;CB
R_rqz7qgn5oZjGj61;co2;10;10;;I would feel like I wouldn't have much money to donate.;I would be willing to make a donation.;other;;CB
R_3LYIAA9NzSoyYYG;co2;50;50;;Because ultimately I would be doing my part in it and that hasn‚Äôt changed, only someone else‚Äôs consumption has went up;If nobody does anything than it will consistently rise;deont: ownpart;;CB
R_1GNWHwJ5gqcVf2m;co2;100;0;I don't see the point if my effort has no affect on global energy consumption. Personally, I see pressures on individual consumers to be more green as mostly a distraction from how corporations consume far more energy than any of us individually.;;;conseq;;CB
R_2qw4KXPUqMgoXLW;co2;0;0;;;;;;CB
R_C46uHKTvuAdKpy1;co2;10;5;the first one clearly has an impact on global emissions, so I think it would be worth paying a little more. the second one has no impact only global emissions, just my own emissions so I don't think its work paying more.;;I guess because I feel like I'm making an impact even if its not showing on a global level.;conseq, deont;;CB
R_cJdxxMmBmtxQM3T;co2;10;0;I might spend a little bit if it were actually making a difference, but I will not spend any extra money if there is no actual positive effect.;;;conseq;;CB
R_W3yMIiUPopaGNRT;co2;100;100;;I would like to have a way to reduce my personal CO2 emission, regardless of the global outcome.;I originally was gonna put 0 dollars in the second situation but then I realized, that just because the global emissions don't change, doesn't mean my personal consumption shouldn't change. We just have to figure out how to get the global consumption down as well.;deont;;CB
R_Xj4mj1V8gSwIaPv;co2;0;0;;;;;;CB
R_1JIXydLE6V8Aehx;co2;1000;0;if we are only focusing on one person's change to make an impact on a global issue, then there is no point in throwing away money on something that will not change. It has to be a group effort in order to see the change happen where everyone is on the same page.;;;conseq;;CB
R_1dLct41rLqj0loK;co2;100;0;If I know my actions/spending are actually making a difference, I'm willing to make the change.  If I make a change and that change is negated by other increase emissions, I'm less likely to change my ways when others are not.  I have actively made choices to reduce my carbon emissions (no kids, regularly recycle, fuel efficient vehicle, etc.).  Others also need to take action- I can't solve the issue by my choices alone.;;;conseq;;CB
R_rcmf3NLItHcsTkd;co2;50;0;I feel if my changes are not making a difference I don‚Äôt want to pay more for it and would not want it to cost me more money.;;;conseq;;CB
R_3KDBhGV36F31IgQ;co2;100;0;Because there would be no impact in the second scenario;;;conseq;;CB
R_3fwO5IQRShgrUFv;co2;50;0;I wouldn't be as interested in reducing my personal emissions if the global emissions do not change as well.;;;conseq;;CB
R_1oI0DqJWTm8V9dB;co2;1000;100;I would invest more into the initiative if it seems it would reduce emissions.;;If it isn't going to make a difference, I would be willing to just pay a  little.;conseq;;CB
R_3fIcSvuhh7Qxd8Z;co2;200;0;In situation 1, there's a net benefit to the world, so it's worth paying a little bit. In situation 2 though, I would be paying money to allow someone else to increase their emissions. That makes no sense at all.;;;conseq;;CB
R_1oF2cI0XDW7IWtw;co2;25;10;I'm more willing to pay more money if I can reduce the grand total emissions compared to just my own;;I'd still be able to reduce my personal emissions;conseq, deont: ownpart;;CB
R_24OWawrQuSg0yeE;co2;0;0;;;;;;CB
R_2rN4BGAyNHPvBFG;co2;0;0;;;;;;CB
R_2TpM0tBGLccuZLj;co2;100;0;If my sacrifice doesn't change the outcome, then I am not willing to pay to reduce my CO2 emissions so I would pay $0 if that was the case whereas I would pay $100 if it makes a difference.;;;conseq;;CB
R_1NlycalTMSmfrg9;co2;150;50;I'm not rich or have much disposable income so I'm not willing to spend as much if the consequences aren't helping on a global scale.;;I still personally would like to reduce my CO2 because it hurts my conscience to know I could be destroying the environment unnecessarily.;conseq, deont: feelgood;;CB
R_XZeDSPaic0WUqSB;co2;10;0;If my actions have no consequences, I don't feel compelled right now to act or pay. I want my actions to mean something.;;;conseq;;CB
R_tGHTZsBFCI46Uxj;co2;10;5;My money is having direct action in one and none in the other.;;Because it would effect my local area;conseq, conseqstill;;CB
R_2wLHs6dMBJRB6bp;co2;120;0;it would be like throwing my money away, seems like a scam, if I pay and it doesn't reduce anything because someone else emits.;;;conseq;;CB
R_1mC8YdMRInFTe6j;co2;50;0;I would be willing to pay money in scenario 1 because that scenario involves my changing carbon footprint as having a positive impact on the overall carbon footprint.  My changed carbon footprint in scenario 2 has no effect on the overall carbon footprint so I would not pay money.;;;conseq;;CB
R_3s5HL4KtO3A4xKG;co2;10;0;I feel like it wouldn't matter if I paid for nothing if nothing changes on the second option.;;;conseq;;CB
R_2bIqXQRbAtc9wq3;co2;500;0;If I make no impact, then it's not worth it to try to be eco-friendly.;;;conseq;;CB
R_3JxyQvxCFGN7kWR;co2;2000;0;if it doesnt make a difference than why do it;;;conseq;;CB
R_1n1uK8xyl8CHnv1;co2;10;10;;I don't know what number to put honestly;I feel somewhat better about my use of it;deont: feelgood;;CB
R_2c72aKUrwL2Q2KB;co2;50;0;If I can reduce the carbon output, I'm willing to spend some extra money to do so. I currently cannot spend much though because I'm extremely financially constrained. I'd be more willing to spend more if my carbon footprint reduced more. But if I have no net change, I feel there's no reason to do it and therefore wouldn't spend the little money I do have on it.;;;conseq;;CB
R_2YlZJADdTqH8uND;co2;50;0;The second one would not change CO2 consumptions, hence why I chose 0 for it.;;;conseq;;CB
R_295I6qDdz0oc3mk;co2;25;0;There is no real benefit to the second option. Not worth paying for.;;;conseq;;CB
R_2ZKanD1euUrgGuf;co2;100;10;It is worth less to me if total global emissions remain unchanged.;;I feel like it is the responsible thing to do to reduce my total carbon emissions in light of the current climate crisis.;conseq, deont: ownpart;;CB
R_3e4ZODPmbo8OmMI;co2;20;0;If my actions have no effect why would I pay extra to do so?;;;conseq;;CB
R_3Ej3KtALsxCvSNB;co2;100;0;there is no motivation for situation 2. why pay money for nothing.;;;conseq;;CB
R_1kXQmtx86Whm863;co2;200;100;Shouldn't have to put a good amount of money towards something that doesn't help. However, there may still be positives for doing so.;;If it is still considered a problem, I can still help just by doing it. Can encourage others as well.;conseq, conseqstill;;CB
R_1Cr4tVWeIRPzpXX;co2;25;0;Not paying if it doesn‚Äôt make a difference;;;conseq;;CB
R_3dLnOyEsqH4Lp6J;co2;25;0;The first situation actually made a difference, so I was willing to pay money for that even though I don't have much money to spend. The second situation made no difference, so I don't see a point in losing money to gain nothing.;;;conseq;;CB
R_3nc1bMA6tUrmsJl;co2;500;100;It gives me less incentive to reduce if it does not make a difference globally.;;I would still want to try to do my part in reducing emissions.;conseq, deont: ownpart;;CB
R_3F35E5eJkETVK7h;co2;500;500;;I truly believe that if you want to make people aware and cut down, hit their pocketbook.;I think we are in dire need for an environmental change;other;;CB
R_ypstJKeIERLUoaB;co2;150;0;I would be willing to spend some money to help reduce my footprint, but I am poor. I am not rich. I can't afford to do so as much as I would like to, unfortunately..;;;conseq;;CB
R_3fN3AyqGVovUS7Z;co2;100;100;;It's hard to visualize how much reducing my impact by one ton actually means. If more examples were given of how big an impact this actually was, I may have given more money. Instead, I went off of what I could see myself spending in a year to reduce my own emissions (by purposefully buying eco-friendly products).;I am still reducing my personal CO2 emissions impact, even if it doesn't affect the total global CO2 emissions. In situation 2, the total global CO2 emission could have changed for any reason not necessarily related to me. In situation 2, if I did not reduce my personal CO2 emission, I would think that the total global CO2 emission would have raised.;deont;;CB
R_x4JuNLkmm286OWt;co2;5;0;Because the first action would actually provide return on my investment while with the second nothing changes.;;;conseq;;CB
R_1fkhb6w1ttiDf4B;co2;35;35;;this is a fair amount;nothing special reason;other;;CB
R_1hHeMCtsiD59d20;co2;0;0;;;;;;CB
R_1lbFWxEOfBIB49N;co2;50;0;Why change my behavior and pay more if others will behave worse? That's not rational. A lot of emissions are created in manufacturing. I have no control over that, except by purchasing. But if there's no change or emissions increase, I wouldn't try.;;;conseq;;CB
R_3nPBLBJM4wx4Mff;co2;2000;2000;;Because I am still willing to pay to have my share reduced.  The fact that others did not make that concession is not what's important. We are all responsible to take part in the solution.;"Because the impact is not zero, I have meaningfully impacted the situation and I am at least an example to those around me of hoe it can be done right
";deont: ownpart, conseqstill;;CB
R_3nuYt9EsdlSotzX;co2;0;0;;;;;;CB
R_CgeKWpsehTh8ufT;co2;100;0;The total global emissions needs to change otherwise what's the point;;;conseq;;CB
R_2AH9FNnazUFa2v0;co2;1000;0;The economy is in shambles. I am directly affected by the state of the economy and, therefore, am unfortunately unable to spend more money for no impact anymore than I could afford to spend more money for no additional benefit of product or service.;;;conseq;;CB
R_2Wuo8KxXyaDzvOR;co2;1;0;I would only pay money if it resulted in some sort of return. I would not be willing to pay money to get nothing in return. If my reduction does not result in a reduction of emissions, that would be pointless. The cost is not worth the benefit.;;;conseq;;CB
R_wWTx9l5qkVoSgU1;co2;1;0;I don't know enough to pay a lot of money for this, so I chose one dollar. If there is no reduction at all, I would not be willing to pay.;;;conseq;;CB
R_2rqqzIul3tbIQXt;co2;500;0;I would not be willing to spend much if it has no impact on the total global CO2 levels.;;;conseq;;CB
R_27HTB4zhfBSR01K;co2;25;0;My actions wouldn't make any difference in the amount of carbon emissions. Maybe if I could decrease more than 1 ton that would change, but right now why pay for no effect.;;;conseq;;CB
R_2tasX1sz2ntejta;co2;0;0;;;;;;CB
R_2q1LPXUv4PfzBn9;co2;500;100;I would want to specify that the money be used to plant and sustain trees. Because as in Scene 1 if I am making a difference I would want that difference to continue to better things even more. If the difference I make is taken for granted by others, as in Scene 2, I want to at least make a small difference anyway.;;Because it would get some trees planted. What happened to planting trees, they could help with the CO2.;deont;;CB
R_eXW7ojlBcRv3hiF;co2;100;100;;because of my values and morals;because even though the impact would be zero, it would still align with who i am;deont: principle;;CB
R_2q3EklDRRfaCBrI;co2;300;300;;Reduction of carbon emissions can have the benefit of saving money. If I can save money and help the environment I don't care what others are doing.;again, I believe there would be personal savings associated with investing in reduced carbon emissions. My solar panels are a good example of this.;conseqstill;;CB
R_b7byQAf9ZR6tyut;co2;0;0;;;;;;CB
R_Q9A72NsCUrwoaXL;co2;200;0;For situation 1, I would be willing to spend $200 because I know that I am going to be making a positive impact on the environment in some way. As for situation  2, there is no point for me to spend any money on it since my contributions would make no impact on CO2 emissions anyway.;;;conseq;;CB
R_33vTCvJfrb66dcb;co2;500;0;In the first situation, there is a difference between in consequence and action. In the second situation, no changes occur in the consequence.;;;conseq;;CB
R_2zABm5utt9FpWfR;co2;100;0;If it really made a difference, then I suppose I could pay money for it and put my horses on a diet but if it's not going to make any difference, which it does not make any difference, I would rather spend that money on hay.;;;conseq;;CB
R_Dr55HNjsdldJcSR;co2;20;10;I would pay to reduce my CO2 footprint because it's the right thing to do and if I do it, it would encourage others to do it, and then we can really make a big impact. I would be annoyed initially that the global CO2 emissions did not decrease even though I decreased my emissions, so I would pay less but still pay to decrease because it's the right thing to do for the environment, and eventually, it could pay dividends.;;You have to start somewhere and the hope would be to create a domino effect where everyone reduces their emissions, and if global emissions are not reduced by this then we would have to figure out why and make sure we get these pollution issues under control.;deont, conseqstill;;CB
R_1mVkf7l9T4Sml1c;co2;20;0;I would not be willing to pay any money in the second scenario because my actions provide no benefits to the world. I don't see why I should pay to reduce my own carbon emissions when others will just produce more to offset what I gave up.;;;conseq;;CB
R_1jJOPK0jXWlpoI2;co2;5;0;I am not willing to spend a great deal of money, if any money, on reducing my carbon emissions. Again, I don't feel like my personal impact plays any role on a global scale. Governments and large numbers of individuals have to commit to this cause. Most humans are not going to reduce their emissions so I would allow it to come down to governments or engineers to reduce carbon emissions. I will not change my habits or spending.;;;other;;CB
R_2ZCxqlxKeJV5PvB;co2;2000;1000;because in the 2nd situation it was rendered pointless. any change I make for the future would just be undone by someone else.;;Puting a 0 there would be sad.;conseq;;CB
R_3hANq4uiPSdkzDP;co2;1000;1000;;I think its good to reduce carbon if we can;I think its good to do anyway. We need to reduce carbon for future generations;deont;;CB
R_20MwCJZNKR7muWU;co2;100;0;If it does not make any difference, why would you pay for it? Luckily, I have never owned a vehicle and do not drive, I am very careful with the products I buy as well.;;;conseq;;CB
R_20M7v6mW4ZeCaU4;co2;10;0;"In the first scenario it makes a difference. In the second scenario it does not. In that case I'd want to be paid for removing carbon (hence I tried to enter a negative number, but the form did not permit that). I can imagine scenarios like this: e.g. a decrease in my usage lowers the price of the fuel encouraging others to consume more, canceling out the effect.

In any case, I'm not interested in personally paying the cost for something that will have no net effect on global CO2 emissions. That's simply moral theater.";;;conseq;;CB
R_3meH8eFNWjLr794;co2;10;0;In scenario 2,why would I be willing to pay any amount of money to reduce carbon emissions just for it to not change.  There has to be a more cost effective way for everyone.;;;conseq;;CB
R_3n1792GsL0KMH8V;co2;50;0;I would be willing to pay a little bit if the emissions were decreasing. But if they were to stay the same, why would I pay anything?;;;conseq;;CB
R_2w7CFk1fXdPa1sc;co2;200;0;I would pay money if that change is done and it's done for the better.;;;conseq;;CB
R_WxRfIm4h5O3nnK9;co2;10;0;If I have to pay something to reduce my carbon emissions knowing it would help the Earth, I'd pay a small amount if it got rid of a ton of emissions. If my reduction doesn't help the Earth at all, I would not want to pay anything.;;;conseq;;CB
R_3EsNPp0dakZnnV2;co2;20;0;The second scenario states that it would make no difference to the global carbon emissions, so there is no point in me paying money.;;;conseq;;CB
R_1ib1ojTPoCWvjdr;co2;0;0;;;;;;CB
R_0Pt7h9d9dYynZbX;co2;30;0;If the total global emission isn't changing despite my actions, I don't see why I would spend my own money for no effect.;;;conseq;;CB
R_tJX3F4kBby2EyFH;co2;500;500;;Because my current travel is minimal;There are other cause of CO2 emissions outside of planes;other;;CB
R_25MBczBisU8N8ee;co2;1;0;I have no money to spare.It would have to produce a guarenteed desired result.;;;conseq;;CB
R_3OlDR6BfiVNTbgt;co2;0;0;;;;;;CB
R_1qVgWKs3KbC3ZDa;co2;10;10;;If I had more money, I would be willing to pay more. I feel that it would be important to reduce my CO2 emissions in either situation.;I would be willing to pay money in situation 2 because I would hope that my reduction in emissions would have at least a very small impact on global emissions.;deont, conseqstill;;CB
R_2bVF10tSW8YRBM0;co2;100;0;If my actions are inconsequential, I do not feel motivated to pay money to reduce my consumption. If my actions can have an impact, I would be fine with spending money for the greater good.;;;conseq;;CB
R_2S7TRj6l9bUj10J;co2;25;0;Because the global CO2 emissions would not change, and therefore, it would be a waste for me to change;;;conseq;;CB
R_cBa054EFz9xlgvT;co2;50;0;My thought would be why should i pay more so others can take advantage. It's the same reason many people scoff at things like Davos, it's ridiculous for a bunch of celebs to fly in on private jets to promote the sacrifice of others;;;conseq;;CB
R_1eKssuiC07aausI;co2;100;0;Because in situation 2 the total global CO2 emission do not change and I think that in this case is because other people may be increasing their emission for some reason and I think that it would be useless to reduce my personal CO2 emission in this situation.;;;conseq;;CB
R_2veNirl5nvlpUui;co2;10000;1000;The first scenario seems like a more obvious positive outcome from my action.;;Because it would at least make me feel better personally.;conseq, deont: feelgood;;CB
R_egkLKiGu9pAp6IF;co2;500;500;;I am on a limited budget and I think $500 is something I could manage to help reduce my carbon footprint.  I think it is everyone's responsibility to do what is best for the environment, even though the benefits may not be visible now they might be in the future;Again the effects might not be visible right now but they will be in the future and that will benefit future generations;deont: ownpart, conseqstill;;CB
R_3RkDvPv8XZQNfzS;co2;50;50;;While the overall goal would be to decrease the total global CO2 emissions, my personal goal would be to reduce my own. Even if there is no global change, I know I've done my part.;Again, my choice in this situation to pay to reduce my own CO2 emissions would be for my own personal goals. Even if there is no total global impact, I've still done something to try and help, and I've done my part.;deont: ownpart;;CB
R_2uPusHl3x94oPog;co2;150;0;I do not want to pay money if there will be no evident change. I would pay to make a difference, but I can not afford to change practices if it will be no help;;;conseq;;CB
R_eVAOTiaP9sWlFHX;co2;250;0;I would happily be willing to pay if my emissions would lower globally, but if it doesn't affect anything I don't see why I would pay money;;;conseq;;CB
R_3D61He3N1hBhFpd;co2;0;0;;;;;;CB
R_yWIipRTPS27YVON;co2;1;0;Because if we reduce CO2 in the environment we will avoid air pollution;;;other;;CB
R_3ilPfBHUqfOVvMQ;co2;0;0;;;;;;CB
R_V42vh3U3vaylUtz;co2;200;0;Because I'm not actually affecting anything in the second situation;;;conseq;;CB
R_8v6OuqoXWQBVJUR;co2;1000;0;I would be willing to pay much more if it had an effect on the larger global consumption rates.;;;conseq;;CB
R_3Odk9My80bV4NCe;co2;50;10;If I know that it doesn't actually make any difference globally, it feels difficult to justify paying money so that I don't use as much CO2 but someone else makes up that difference anyway. What would I really be paying for?;;The amount that I said I would pay is basically negligible, but it allows for the possibility that there is still some reason why reducing my own emissions, even if it is evened out by others, might still provide some benefit that I am not seeing in the moment.;conseq, conseqstill;;CB
R_3gYnijMLps37fmJ;co2;100;0;If I reduce my emissions and the global amount doesn't change, that means my effort did not actually do anything, so why would I pay to reduce my emissions.;;;conseq;;CB
R_1eXHNT3Lmonhqzr;co2;0;0;;;;;;CB
R_3lXhgCst6T9iEbf;co2;100;0;If my sacrifice does not matter at all, then I don't want to do it.;;;conseq;;CB
R_1CsaOaWO9oillyx;co2;100;20;If my consumption is not having an impact, then it doesn't seem like it's worth much;;I would feel better about myself if I at least gave it some effort.;conseq, deont: feelgood;;CB
R_DdfRPL8FfljVYmR;co2;100;0;Why pay for something that does not help overall;;;conseq;;CB
R_1PcxsgnFoQVYkQr;co2;100;0;I don't feel personally responsible to fix a problem that I didn't cause;;;other;;CB
R_3LXs0LLLzf99KG6;co2;20;0;If my action has no consequence, I do not want to pay for that. If it does, I would pay a small sum;;;conseq;;CB
R_2UXdhpklPkcuXLn;co2;50;10;I am less incentivized to spend more money in Situation 2 than I am in Situation 1. If I actually reduce the amount of CO2 being emitted by one ton, then I am more willing to spend more money.;;I would still be willing to spend a little bit of money in Situation 2 because emitting less CO2 is still important to the environment.;conseq, deont;;CB
R_2CV3qLHfABYflCk;co2;150;0;Why would someone assume a cost if there is no benefit at all?;;;conseq;;CB
R_2sRyLUk2ZpMP1iK;co2;200;0;It there is going to be no change they I shouldn't have to pay for it.;;;conseq;;CB
R_2pQ88GGeLBSivkR;co2;0;0;;;;;;CB
R_UVAnBTIRucMYWFb;co2;25;2;"Situation 2 doesn't make any sense for me to pay to reduce my CO2 emissions if the total global CO2 doesn't change.
Situation 1 makes sense because it reduces emissions on both sides.";;I'm not willing to. I put I would pay zero, but the program didn't accept zero, so I put $2.;conseq;;CB
R_1q8Vd4U9hxPaRa4;co2;500;0;I feel like if global emissions are unaffected, there should be little reason for me to be inconvenienced. What I'm doing is pointless and I'm just wasting money.;;;conseq;;CB
R_uwh8llu5s09IylP;co2;50;0;First of all I'm not sure why I would have to pay. I can reduce carbon consumption without spending capital. But anyway if I had to pay to reduce CO2 I guess I would just do it, but I would not pay to reduce my carbon emissions if it doesn't affect the total global CO2 emissions;;;conseq;;CB
R_1fa4FZvyNZh9uw3;co2;50;50;;I feel I would be doing my part in reducing personal CO2 emissions regardless of what anybody else does.;I guess its worth $50 to feel better about myself even though its not helping reducing personal CO2 emissions.;deont: ownpart, deont: feelgood;;CB
R_2sLWP2JprIw6niV;co2;100;20;I think scenario one gives the most bang for my buck. What good does it do for me to pay to reduce my own emissions if it only leads to other people increasing their own?;;I think in scenario one, the total overall reduction of emissions would be greater and hence have a greater impact overall.  It's doesn't help any for there to be a wash between emissions, such as in the second scenario.;conseq;;CB
R_30c7OpMMmLXOFho;co2;50;0;Why should I pay for the world's total CO2 emissions to stay the same?;;;conseq;;CB
R_2wgAkE0ERgrWnIj;co2;200;100;Unfortunately the financial cost of reducing emission plays into my personal budget.  Since the impact of my expense is lowered it has a different position on funding in my budget.;;Even though the impact is zero I still think it is important to do my part where I can and lead by example.  Hopefully this will in the future encourage more people to lower their emission and eventually make an impact.;conseq, deont: ownpart, conseqstill;;CB
R_1oA0czkQChoTE5w;co2;5;0;Once again, I have essentially NO impact. BP and Exxon have known since the 80s, maybe even earlier what they are doing. We know carbon offsets are bullshit. They plant trees but do they live? No. Are they native species that have ecological benefit? No. Unless they could prove that my impacts were making a real difference, I wouldn't pay anything. Even if it showed that I was making a difference, why should I have to pay more than a few dollars when I am stuck in a system I have no control over. There is no ethical consumption under capitalism, my choices don't matter to the machine.;;;conseq;;CB
R_1n0Ikvux97j8Vsm;co2;100;25;I would pay but if it does not reduce carbon emissions then why bother with paying for it.;;The money would hopefully be spent to make more companies energy efficient.;conseq, conseqstill;;CB
R_2cvjkidiGr0I7XO;co2;150;0;I would feel more defeated in the second scenario, so I wouldn't be willing to spend any money if it's just going to offset.;;;conseq;;CB
R_1GIi9DQKayaEYYU;co2;20;0;It would not be doing anything toward reducing any emissions if it does not change anything.  It doesn't make sense to pay for something that doesn't do anything.  At least if I were to put $20 to something, it would be doing something the the money provided.;;;conseq;;CB
R_2uVBrsmCWX8qx3x;co2;50;0;My choices made no difference globally for option 2. There was no change because of my efforts.;;;conseq;;CB
R_3rHtFZlCUhKg4Zx;co2;100;0;If it doesn't make a difference then I don't know why I would do it.;;;conseq;;CB
R_3ilrbM9en9QuOQh;co2;100;50;Because I am willing to pay something to try to reduce carbon emissions but if it has no effect then I should pay less.;;I am willing to contribute to try to reduce even if it fails.;conseq, deont;;CB
R_2w47qslpPK3aECR;co2;100;0;I like to contribute where I can, but I also do not appreciate being the only one to pull my weight.  I am not willing to pay more money when I'm reducing my CO2 emissions for others to increase theirs.;;;conseq;;CB
R_32YljmGhoMRuiiL;co2;10;0;If there is no positive outcome, why would I pay anything?;;;conseq;;CB
R_WAMBUEGTvtIVAhX;co2;0;0;;;;;;CB
R_2tgo1WJTXbaurIM;co2;50;0;I gave two different answers because in the first question/answer there is a benefit to me and society with only a nominal impact to me while in the second scenario there is zero positive impact to anyone.;;;conseq;;CB
R_8bOWb3GdfkZR4LD;co2;100;100;;I would still be saving money on the purchase.It would still benefit me.;I would still be saving money on the purchase.It would still benefit me and my family.;conseqstill;;CB
R_1MKgTNnb3ysqSNS;co2;10;5;In situation 1, my ten dollars actually led to a real reduction in CO2 emissions.  In situation 2 it did not, and $3 to $5 is the global average price at this time to purchase carbon offsets for one ton of CO2.;;If I had not done so, total emissions would have actually gone up by one ton.;conseq, conseqstill;;CB
R_25WP3UmCayVlYR7;co2;1500;150;Well, this one seems pretty obvious. If I'm making a difference, it's worth the monetary sacrifice to me. If I'm sacrificing in vain, then why not use the money for something else?;;I would be willing to pay money in hopes that it would not always be the case that the impact would be zero. I guess I would want to set a good example, show and encourage others that change can happen and if we worked together it could actually make a difference, maybe just to ease my own conscience that I'm trying to do my part.;conseq, conseqstill, deont: ownpart;;CB
R_1PbBbrOcLulLD4d;co2;50;0;I am not willing to pay extra if it doesn't make any material reduction in the emissions.;;;conseq;;CB
R_2Wu96fkTEc7QtA1;co2;10000;0;If my lessening my consumption does nothing for the rest of the world, I would not be helping the situation in any way.;;;conseq;;CB
R_1kH4QDuQRXkUHyg;co2;25;25;;"Whatever amount that I decide to pay would be the same because I want to feel good in the broad spectrum of issues such as CO2 emissions that I did my part to alleviate the situation. I want to feel that I have donated $25 towards the cause whether or not it affects the environment. 

That's because I feel that me as a consumer can have a direct impact on CO2 emissions if we ALL contribute. But I doubt that would happen because there are too many big corporations who will never stop emitting CO2 emissions no matter what we do as consumers.
";"I would pay the same amount of money just to show big companies that there are people who are conscientious in the fight to decrease CO2 emissions even though the impact would be zero.

It would be the principle of the matter here to pay money in the hopes that other people or companies would take notice where maybe they would adjust their aspect on how they can help decrease CO2 emissions as well.";deont: feelgood, deont: ownpart, conseqstill;;CB
R_3scwAYWGMTsNhWZ;co2;100;0;If I do not reduce my personal CO2 emissions by one ton, the total global CO2 does not change.;;;other;;CB
R_31ZyvwAjs6IhSbN;co2;0;0;;;;;;CB
R_3fPFXs5NdYnCXyI;co2;0;0;;;;;;CB
R_3qTAPGfFA6sBvQ5;co2;0;0;;;;;;CB
R_2SpeN5Yt8faJ6TT;co2;20;20;;Because maybe not enough people are reducing their emissions enough to make a difference, but that doesn't mean I shouldn't try.;Because I think it would eventually make a difference. Doing nothing doesn't seem right. If enough people were educated on the impact of reducing their emissions, eventually what I am doing would be in conjunction with what other people are now doing to reduce their emissions and that would make a difference.;conseq;;CB
R_0MNHGl3rrBiKUud;co2;500;250;I would still like to try to make some contribution, even though it seems futile if it's not going to reduce the total global emissions.;;As I said before, I feel like I have to at least try to be part of a solution.;conseq, deont: ownpart;;CB
R_2ZKvfQHXXk8P3lz;co2;0;0;;;;;;CB
R_cGTIk9S5QewklW1;co2;0;0;;;;;;CB
R_3P6wB7ZitIzsNmV;co2;10;0;THe 1st was just a random guess.  I have no idea what the cost of 1 ton of CO2 offset is. For the 2nd, why pay anything if it has no affect?;;;conseq;;CB
R_3ikXZljzkPMe4tm;co2;500;250;I want to be a team player and do the right thing, so I would be willing to incur the extra cost. However, if my doing so causes others to exploit it, I still want to do the right thing but would be a little angry about it, therefore, I would be unwilling to spend as much as in situation 1.;;I feel doing something is better than doing nothing.;conseq, deont;;CB
R_3ozPWSxvtWA9muY;co2;40;10;I decided on an arbitrary figure in the first situation because there was an impact.  I decided on a small figure in the second situation, because, Even though there is no mathematical effect, I know that there will be some effect by my reduction.;;Because I believe that there really isn't a zero impact.  My example would cause others to do the same, or even better, which would have an impact in the long run.;conseq, conseqstill;;CB
R_834xhC1QoSgZiAF;co2;100;0;If my reduction has no impact I wouldn't pay more to do it.;;;conseq;;CB
R_A1irjcQKzpn9qX7;co2;50;0;"It might be worth it if everyone elese does the same thing to reduce net CO2 emissions.

I'm not willing to pay any money for something that would consequently create more net tons of CO2 emissions.";;;conseq;;CB
R_8kaaUZrmzIfIhuF;co2;100;10;"It doesn;t make a difference to me if there is no change.";;I feel a bit of guilt if i just used up resources without thinking about waste, etc. Its a contribution.;conseq, deont;;CB
R_1hEehAmgp0SeWGt;co2;150;150;;That is what the impact is worth to me - enough to feel like I made a difference, not to much to negatively impact me;reducing carbon is a worthy goal;deont;;CB
R_1OjLPuaPpZMK7un;co2;45;0;If my decrease in personal CO2 emissions makes it cheaper for other people to emit CO2 and dies not help the planet, I would never pay for that.;;;conseq;;CB
R_DTNk14sw8H65wK5;co2;100;0;I would only reduce my emissions if it would have a net positive impact on the environment, in the form of reducing overall emissions. If other people are just going to emit more if I emit less, then lowering my emissions would not have a positive effect on the environment, so I wouldn't see the point in doing it.;;;conseq;;CB
R_10NnaIjIB7ONpqA;co2;200;100;I read my reduction would not change anything, but I would hope others would also do it and take the chance for the one hundred dollars.;;Because I would hope others would also do it and then maybe that would help for the 100 dollars which would not really affect my life.;conseq;;CB
R_DqpgOkGwEdvZwn7;co2;50;0;It makes no difference if others are going to use more and produce more tons.;;;conseq;;CB
R_1d5E0XlDXsnXepd;co2;100;0;The 1st situation helps our global emissions, but the 2nd situation does not help at all.;;;conseq;;CB
R_TnQ9TZlzI2JTTdD;co2;2;2;;In both situations I am not making a real difference.  In, number 1 one ton reduction globally is nothing.  In number 2 keeping it the same is better than having it increase.  So it is a win.;I did not see the impact as zero.  Staying the same is having an impact by not having an increase.;conseqstill;;CB
R_bpxerHOpJMPbtLj;co2;100;0;In the first scenario at least my money makes a difference. I don‚Äôt know about the second scenario.;;;conseq;;CB
R_2CV551F4Hkad91j;co2;100;0;Someone else's emissions increased. I don't want to pay for someone else's deciding not to reduce emissions.;;;conseq;;CB
R_3PnVg7CQH5ziLmS;co2;0;0;;;;;;CB
R_3Gs94zrgP1iXYdw;co2;200;0;I would be willing to spend $200 annually on various products to reduce CO2 emissions if it results in reducing total global CO2 emissions. If my efforts to reduce global CO2 emissions have no effect, then it doesn't make sense to spend any money on such efforts.;;;conseq;;CB
R_b2RkUFxEaV3VEtj;co2;20;20;;it is my responsibility to reduce my own carbon emissions despite what others may do;I will take charge and thus will not have to feel guilty;deont: ownpart, deont: feelgood;;CB
R_2VkzdvbMJlbMujI;co2;20;0;The first situation resulted in a change, while the second situation did not result in any change.  I would rather spend money if I were seeing a difference.;;;conseq;;CB
R_1pKzAHG1TUGVR0h;co2;0;0;;;;;;CB
R_vOAaMBpWVSPiclr;co2;100;0;I do not want to subsidize someone else's carbon emissions.;;;conseq;;CB
R_3ffbX6cNg5akeba;co2;20;0;If the total emissions in the world don't change there is no point;;;conseq;;CB
R_9G3Re54re06uAmJ;co2;0;0;;;;;;CB
R_4TKjiDpzUrgfP0d;co2;100;200;If the global emission amount doesn't change, I would like to spend or invest more on clean energy.;;Because more money would allow for better research on greenhouse gas emissions.;conseqstill;;CB
R_3oLoag3gSyTNPFj;co2;0;0;;;;;;CB
R_0PR6EpsCo84CeOt;co2;0;0;;;;;;CB
R_1oFIJOImRthAYME;co2;50;0;I do not want to spend any money on this if it is not going to affect CO2 emissions globally. My spending money would essentially have no impact.;;;conseq;;CB
R_VXwdLd5FBZFCsLL;co2;10;10;;I am still decreasing my personal CO2 emissions by the same amount. I strongly believe that climate change cannot be solved by individual actions, but I still would like to reduce the impact that I personally have.;I still would like to reduce my personal CO2 emissions - this aligns with my principles and I would be willing to pay some amount of money.;deont: principle;;CB
R_UASSMRtoWrRN8yZ;co2;5;5;;Because the consequence could have been that global emissions increase by 1 ton otherwise.;See previous answer - I do not know what would have happened had I not reduced.;conseqstill;;CB
R_3qTIw8cJGrbnCP8;co2;0;0;;;;;;CB
R_3iF0FUDo4W5Vcpc;co2;100;100;;Regardless of what others do, I want to pay to offset the CO2 that I would be producing. Regardless of what I do, others will produce more CO2 irresponsibly. Will money fix the issue? Probably not but at least I did my part.;"To attempt to pay for the CO2 that is produced by others. It;s the same as picking up trash that other people dumped on a beach in order to ensure that the next person doesn't have to deal with the trash.";deont: ownpart;;CB
R_2V4jXG1zK08UCfR;co2;100;50;Because it impacts the environment more positively I would pay more.;;It does not impact the environment;conseq;;CB
R_2QDsxySCFa2jVSX;co2;2000;2000;;Because I am willing to spend $2000 to reduce my CO2 consumption whether or not the overall usage is decreased.  If more people are willing to reduce their CO2 usage, eventually we will reduce the total global CO2 emissions.  we have to start somewhere.;Because I would still feel that I was trying to contribute to the decrease in CO2 emissions and it would be better for my family and my community.;deont, conseqstill;;CB
R_1k0xjimiRnlmdGG;co2;10;10;;I would pay to reduce my carbon footprint ~ and I would expect others to do their part as well.;I would take responsibility for my carbon footprint in both scenarios.;deont: ownpart;;CB
R_2uvusAuXyLzgzOa;co2;150;0;Situation 2 has no net positive. Situation 1 does have a net positive, even if it's a small amount.;;;conseq;;CB
R_266UC82HKqerUR3;co2;100;0;Why would I pay for no change for the earth?;;;conseq;;CB
R_1losivzPh2zLgiF;co2;500;500;;I care about improving my personal behavior. And no outcome is better than a negative outcome.;I am hopeful that making changes now will start new habits that will eventually improve the global emissions. If I get used to being more thoughtful about my personal carbon emissions now, it could have longer term impacts.;deont, conseqstill;;CB
R_2q7SfekVZnbgrq4;co2;50;0;If my consumption simply frees space for others toemit what I don't, there is no point to paying for the change.;;;conseq;;CB
R_8Hc2qGbjMWc9z0Z;co2;100;0;If spending $100 would have a positive effect, then I would spend the money. If spending the money does nothing, then I would not spend the money.;;;conseq;;CB
R_UYekKlpiYNGkZYB;co2;150;0;Because I would only be willing to sacrifice my own money if it had a positive impact on the environment;;;conseq;;CB
R_2Xp74C6NKF0EewY;co2;200;0;If me spending money makes literally no difference then I'm not going to do it. Unfortunately, in America these days, money is a very valuable resource and becoming more and more scarce. If I'm handing it over for no result, then it's charity work but without a charity actually *doing* anything. Meanwhile, I'm happy to spend money if it will actually be making a difference.;;;conseq;;CB
R_1KwEY4qExn5ivVE;co2;0;0;;;;;;CB
R_1ePCW7i9g7S99Jz;co2;30;0;Because in the first one it makes a difference and in the second one it doesn't.;;;conseq;;CB
R_sLKezJDHFAuMGKl;co2;0;0;;;;;;CB
R_1ers2XDOP3zcGYG;co2;0;0;;;;;;CB
R_3dM2OEhPBCSd5o9;co2;100;20;I really am just guessing here. I have no idea what the actual costs involved would be or what a reasonable amount to pay would be. These are all just wild stabs in the dark.;;I'd imagine there would be some personal savings to me.;conseq;;CB
R_1n88cVRGeI1lv60;co2;200;200;;It would still be worth it to lower CO2 emissions, no matter the consequence.  If enough of us did this, we wouldn't have the climate change/global warming crisis that exists.;Same as above!  It would still be worth it to lower CO2 emissions, no matter the consequence.  If enough of us did this, we wouldn't have the climate change/global warming crisis that exists.;deont;;CB
R_1GWBZjLpAipp2OI;co2;400;400;;Because I am doing what I can despite the negligible effect it may have, and am changing my lifestyle which may impact others to do the same;Because lifestyle changes do make an impact long term;deont: ownpart, conseqstill;;CB
R_1rxfvdIDyuHgR4B;co2;240;120;It is worth more to me if it makes a difference for the environment;;It is the right thing to do for future generations and the health of the planet;conseq, deont;;CB
R_2y9s2FLieD6bcNT;co2;0;0;;;;;;CB
R_9uGgEfg62Zsf9G9;co2;100;100;;I will donate because i care about the environment protection as we need a very safe environment to live in.;Because i have a strong feelings towards environmental protection.;deont: principle;;CB
R_O3u8RujgcdwbpBv;co2;1;1;;I am not willing to pay much money for any so called carbon reduction, That makes literally no sense. The $1 was there incase the study did not accept $0;I am not willing. I only offered $1 per situation;other;;CB
R_25Ru23Rf0HF4Wvc;co2;10;0;In sit 1 at least I'm making a difference. In sit 2 I'm not making any difference so I don't want to spend anything to do it.;;;conseq;;CB
R_28D3hh9EaqPye7U;co2;500;0;if my reduction doesn't help the planet, I don't want to spend my personal resources on this;;;conseq;;CB
R_3F3caIO90GN5357;co2;5000;5000;;Well, if I was willing to buy an electric vehicle by paying an additional $5000 for a new car, I should be willing to pay that amount even if it doesn't help with the world. Mainly because I like EV technology. I seriously don't believe that anything we do as humans changes anything in relation to the Earth and what goes on with carbon. I live very near to the volcano Mt St Helens. When it went off in 1979 it pumped so much pollution into the air that it should have been apocalyptic, but as you know, the world didn't end and the environment absorbed it all. Nothing changed.;I like the concept of an EV.;other;;CB
R_3dHbwU1s1JEBumV;co2;100;100;;I would be willing to pay even if it didn't make a global change, it would make a difference to me.;I would be willing to pay even if it didn't make a global change, it would make a difference to me.;deont;;CB
R_3rTyP9KyoPbRAV0;co2;1000;0;In one situation my actions show an effect. In the other, whether I pay or not there will be no effect (as described here).;;;conseq;;CB
R_xi72P01p7bDpkUp;textile;20;0;Because if the price will increase i don't think is fair is the workers won't get paid extra;;;conseq;;CB
R_UabR1e0eJC3fTmp;textile;1;0,5;i would give more since it goes directly to the workers.;;the business would make more from multiple employees so i dont think i would pay as much as an increase that does not go directly to the employees. hopefully since company would make more from mult customers then they would pass some on to employees and it would be better in the long run.;conseq, conseqstill;;CB
R_UMc12tFgY2IgEbT;textile;2;0;I would only be willing to pay more if it would increase the fairtrade wages. Paying more for no benefit to those workers is pointless. Only the rich get richer.;;;conseq;;CB
R_2QM1erprWgZmhJL;textile;10;0;If it won't help then I'd not pay more. It would take a long time to change it if you're waiting for the other textile to become less to where it could have an adverse effect.;;;conseq;;CB
R_1iaEvhQIqGoMXUo;textile;200;0;If my extra money doesn't change the fairtrade wages, then why would I want to pay extra?  I would like to support raising wages.;;;conseq;;CB
R_1msCNQLMduZMFws;textile;30;0;I am willing to support a person making low wages because I have been there myself. But if paying extra has no effect on workers' wages or if it causes some workers to lose their jobs, it's not worthwhile.;;;conseq;;CB
R_vjmhWcT0xqnBZhD;textile;2;0;I chose $2 in scenario 1 because it will increase the fair trade work rate, which would be good for the worker. In scenario 2 there is no incentive to pay more for a garment.;;;conseq;;CB
R_1jfjNju8gmEDFi2;textile;10;0;I am willing to pay more for fairtrade garments if I know the additional revenue would be used to increase the workers salary.  If workers salary or wages do NOT change, I am not willing to pay additional prices.;;;conseq;;CB
R_3stzdtIDkiULQlP;textile;5;0;If paying more is not going to increase worker wages I'm not going to pay more.;;;conseq;;CB
R_2fm88ZikDd7PYBf;textile;0;0;;;;;;CB
R_2YfYEKa4sMqxGds;textile;0;0;;;;;;CB
R_BMo2KCqqsQBwXbr;textile;10;0; where my action does not have any consequence on workers' total wages, I would not be willing to spend any additional amount beyond the standard price on ten fairtrade garments.;;;conseq;;CB
R_1JKOZ6Vn6gecPPC;textile;1;0;I will only pay extra if the workers get it, I will not pay extra if they do not get a raise;;;conseq;;CB
R_1i2x4gKOEgCGCGx;textile;50;0;Why would I pay more for no help to anyone but the CEO?;;;conseq;;CB
R_1gi4ObJPQvwQirY;textile;5;1;If the workers wages would be affected I would  gladly pay a little more, but if not the bare minimum.;;If I really liked the product I'd pay $1 more for it.;conseq;;CB
R_23WtxNhF4i92H5y;textile;0;0;;;;;;CB
R_2zd9RTJbiEhrLwV;textile;30;0;Why should I pay more for the garments if it does not support the workers. Presumably the people selling the clothes are already making sufficient profit to make it worthwhile selling the clothes at that price. Happy to help support the workers if the money goes to them since everyone deserves to make a fair wage.;;;conseq;;CB
R_2wtzcwz12280M3q;textile;10;5;I do not want to be associated with non-fair trade clothing, and so I would pay a small premium.  If I knew that my purchase had a direct impact on worker wages, I would be willing to pay even more.;;I do not want to be associated with clothing companies that have bad business practices regarding worker wages;conseq, deont;;CB
R_1hRsJZ3cut4Y6fJ;textile;0;0;;;;;;CB
R_1Gxdib5qCg7dI3I;textile;1;0;I'm willing to help by a small amount workers' incomes, but if it would not change anything, I'm not willing to pay.;;;conseq;;CB
R_DAJL5kWfSiRVDeV;textile;10;0;I am willing to pay more if I know that amount goes to a wage increase. If it does not, I'm not willing to pay more.;;;conseq;;CB
R_3PluqaZU15Ta86J;textile;50;0;it doesnt seem very fair to not increase workers wages while charging a premium for the product;;;conseq;;CB
R_BrhoiSf4HyDBT7H;textile;1;0;Because there is no guarantee that the money will ever directly affect the worker.;;;conseq;;CB
R_22XKBoNaciz4g4D;textile;40;0;I would support an increase in prices if that increase went directly to the underpaid workers. I would not pay more for something if none of workers were paid more and in turn possibly had a higher work load.;;;conseq;;CB
R_3I0o5FT2w8J3bNa;textile;10;0;I chose different answers because of the impact and the result of price driving down demand. In Scenario 1, each additional dollar I pay over the standard price directly increases workers' wages by the same amount, a positive consequence. In Scenario 2, paying extra does not increase the workers' wages, and as the example stated, due to increased price people begin to buy less of the products. My thought was that if I pay less for a time, eventually they will cost less for others, and people will begin to buy more of them again. At this time, paying more is not helping fairtrade workers.;;;conseq;;CB
R_2fkOOAZQCcHhuOF;textile;1;1;;I feel that fairtrade should not be a premium.;Fairtrade should be standard practice and not premium.;other;;CB
R_22yohFdLaBEvJQZ;textile;5;0;I would not help in the second situation. wages would not change;;;conseq;;CB
R_3jAHtH1vt9Y4FaN;textile;20;0;if my additional cost has no benefit why would I want to do it;;;conseq;;CB
R_10B48Qzmop069FX;textile;100;20;If I know that the extra cost isn't supporting the workers, I can assume it's probably going back into the company or towards profits that benefit the owners of the company. I would pay more for something that is treating workers better, regardless, but I would much prefer the extra cost is going to the workers in its entirety.;;I'm assuming, given the fact the items are also fairtrade, the workers are receiving better pay and working conditions than industry average and I'd prefer that to the industry standard.;conseq, conseqstill;;CB
R_1j6z7JIyfZYUyVk;textile;10;0;I gave different answers because I don't see why I would pay more if there is no positive or negative effect.;;;conseq;;CB
R_3PuCOQGmGYvWePP;textile;3;0;its only fair that the wage be increased;;;conseq;;CB
R_1CevuNFhpcJzW9p;textile;20;0;If I could help workers, I would definitely be willing to pay more. However, if there was no effect, why would I pay more.;;;conseq;;CB
R_1obE60YQezswfqO;textile;1;0;I would be willing to pay more if I were confident that the money would be going to the worker on the ground.  otherwise I have better investments with that money;;;conseq;;CB
R_3lGOTXoSGxtQ4MV;textile;1;0;I would not want to pay alot extra regardless so i choose $1 knowing it would help the workers and in the second scenerio since it did not make a difference then I choose not to pay extra at all.;;;conseq;;CB
R_2CQdEnfD4SeU5Ao;textile;0;0;;;;;;CB
R_23aih9eap5D5Bpx;textile;3;0;I would pay extra if it was not going to make a difference;;;conseq;;CB
R_1rDJ3ppUs9Gfss8;textile;10;0;I would only want to pay more if it directly made the wages go down or its of no use.;;;conseq;;CB
R_ZvZEXjwZtmPMR8d;textile;2;0;In the second situation, the workers don't have any difference in their wages. So while it is said to be 'supportive' of fair trade wages, it doesn't change anything for the workers.;;;conseq;;CB
R_2CoZJC8ZrlkSgFY;textile;100;50;Because my action doesn't have any consequences;;To have a positive consequence;conseq;;CB
R_2zol7xCX0VNgE1U;textile;10;0;It wouldn't be worth giving extra money if its not going to help someone.;;;conseq;;CB
R_1QlwPlkAQgaZqMB;textile;100;0;I want to make a difference for others;;;conseq;;CB
R_3JgcDuHIa6kPMoC;textile;10;0;I gave two different responses because in the first one, there was a direct cause/effect of workers being benefited. In the second, even if there was a benefit, it was more indirect and therefore I had no incentive to choose to give more.;;;conseq;;CB
R_w1yiWHVRfh93UJz;textile;15;20;I think the Fairtrade situation is an issue that is overlooked and these individuals need to be paid wages that are conducive to the work they put in the labor, and the time they put in for the work they do.;;I definitely made a huge error, and would feel incredibly heartbroken, if the employees received no money for the situation. I guess I misunderstood the task.;misunderstanding;;CB
R_A7FoaXFrCz1d6h3;textile;5;0;"I think paying an extra 5 dollars is fair to both the consumer and producer if it were to go directly to their wages. In situation 2, I don't want to pay for something that would not benefit both the producer and consumer.
";;;conseq;;CB
R_vThmPVRzlckwxHj;textile;5;0;If my decision has an actually positive impact I am willing to pay a premium. Otherwise I would not a premium that would ‚Äúland in the wrong pockets‚Äù.;;;conseq;;CB
R_2Sqn1RJOgcaoTsP;textile;5;3;because the wages were already higher in the second situation;;for the workers to get betteer working conditions;misunderstanding;;CB
R_2aleIZq5kK0Zam4;textile;5;0;Since the first scenario directly impacted worker wages, I gave more. In the second scenario, the increase in price only increases the profit for the large corporations instead of the workers.;;;conseq;;CB
R_x0mHABQrYEyEOm5;textile;2;0;If my increasing the amount I will pay does not increase the workers wage, there is no reason to increase my spending.;;;conseq;;CB
R_2qa8WVNYhKYVrc8;textile;3;0;If it is not going to increase the workers pay then I would never pay more for the product.;;;conseq;;CB
R_PFiSXkRD1owEvXX;textile;2;0;The real value of the product is not compensated in the second scenario.;;;conseq;;CB
R_2VO0CER7MrUM5Mh;textile;2;0;If I am not supporting the wages of the workers who are making the clothes to increase, then I do not see why I would support raising the prices. It would only benefit the corporate executives of the company.;;;conseq;;CB
R_2VIvkeDon4ieW18;textile;5;0;If my money went directly to the workers I would be willing to pay more. I am not willing to pay more if the money goes to the company and not to the ones doing the work.;;;conseq;;CB
R_2cAazVk5CaQWgRH;textile;2;0;Because there is no change in the wages of workers, the whole reason to support paying extra was to increase the pay of the workers.;;;conseq;;CB
R_1pJNhQs6ppEqqJW;textile;1;0;I am willing to pay a little extra for garments if it benefits workers directly, but if I pay extra and there is no benefit to workers, then I'm not paying extra money for garments.;;;conseq;;CB
R_1ovzbkgQA0pvLQX;textile;25;0;The whole point is to provide extra (fair) funds to workers in third-world countries. If that doesn't happen, I'm not willing to fund some middle-man.;;;conseq;;CB
R_1hEI99FSN0FCQiF;textile;2;1;I gave different answers because the first situation the workers pay is affected by how much extra I spend and they deserve fair wages.;;If the impact is zero, I would pay less since the workers pay doesn't change, but its still in support in case it ever does.;conseq, conseqstill;;CB
R_2rCnyyQwCU9P4RI;textile;100;0;The reason I would pay more is to make the wages more equitable for the workers.;;;conseq;;CB
R_1d5JH9KGJaB69MG;textile;3;0;there was not comeback on one option... why bother?;;;conseq;;CB
R_3p4lmcS7DBhmela;textile;3;0;I would not mind paying a few extra bucks to raise someone else's wages. I am quite financially challenged but I would if I could.;;;conseq;;CB
R_3Eu1UBHKhDSUog8;textile;10;0;I do not want to spend more if it is not going to benefit the workers.;;;conseq;;CB
R_cAODYuiGqVW1sgV;textile;10;0;There is no benefit for the people doing the work.;;;conseq;;CB
R_2wyPUeFe9mQmZJb;textile;5;0;I'm more than willing to spend a little more if it goes to the worker, and not to the bottom line of the company. If there's no benefit to the worker, why would I want to pay more?;;;conseq;;CB
R_1jZoH0qO0xu2KVy;textile;7;2;"For the latter situation, I assumed that, given that my action had no consequence, the amount I'd be willing to spend wouldn't bear any merit. 

In addition, I effusively expressed a deep intention to commit a charitable act by paying more.";;I believe that the root cause is sheer altruism.;conseq, deont;;CB
R_3EmsTDi7YhxUliW;textile;0;0;;;;;;CB
R_2rGAjOVp5PUqarP;textile;15;0;I would not want to pay extra for garments if the workers wages were kept the same. Paying extra would just increase profits for the companies.;;;conseq;;CB
R_pGz7VsCo8Srbov7;textile;150;0;In the first situation, there is an incentive to pay more because it is supporting the wages of workers in the industry. However, in the second situation, there is no incentive to pay any more money because the wages for the workers do not change. Thus, the only way I would pay more money in the first scenario is if my money has a good purpose. That is why my answers are drastically different.;;;conseq;;CB
R_24uvNeE1xKm64rz;textile;25;0;I would be willing to pay more if it went to the workers.;;;conseq;;CB
R_3RebBsmQAGXIhbg;textile;5;0;If im spending extra I want the workers to get more;;;conseq;;CB
R_1IY7RngdAFlpgnX;textile;20;10;In the first scenario I'm willing to pay more in order to support the workers AND encourage the continuation of Fair Trade practices. In the second scenario I'm voting with my wallet to support and maintain Fair Trade practices.;;I'm voting with my wallet to support and maintain Fair Trade practices.;conseq, conseqstill;;CB
R_9XOACgPAEXfuYRr;textile;1;0;I want to have an impact. I don't want to pay extra if the workers don't benefit.;;;conseq;;CB
R_afqNsrSKnbSGXh7;textile;5;0;I would only pay more if I knew the workers were going to get more money in wages. There's no point in spending more money just so it becomes more expensive for others. The people who want the products are going to buy the products no matter what.;;;conseq;;CB
R_3HB9i0eaaxmvUNk;textile;10;0;If the money does not go to the workers to me it is not considered fair trade. In the second scenario is also does not mention what the money is being used for to help the workers if it does not directly go to them so there is no point in supporting it.;;;conseq;;CB
R_279Gs6QbLMUWorb;textile;2;0;I would not pay more unless it made a difference for the wages of workers.;;;conseq;;CB
R_11XTLZMnoo9Pqwb;textile;5;0;I would pay less, since it doesn't make a change to the worker's wages. Nothing has changed. So I feel like there is no need to pay extra;;;conseq;;CB
R_3pf0AgVxTFjwsXB;textile;1;0;I would not be willing to pay extra if the extra does not make a difference to the workers.;;;conseq;;CB
R_3MgmiZbebfUVAQk;textile;5;0;Because workers waged would not change in scenario 2;;;conseq;;CB
R_3fjDd2XYgi9DA17;textile;10;2;Not that you can trust that your money is actually going to reach the workers, but those who would tend to buy fair trade products are not as likely to cut back on buying them when the price goes up a little to support fair wages. But I have provided an answer that I believe is moderate to keep the garments affordable, yet still increase the pay received by the laborers.;;I wouldn't want to pay much more, or even buy the product, if I don't believe the workers are being compensated fairly.;conseq;;CB
R_27KzVlWm1rivwXa;textile;0;0;;;;;;CB
R_1qfjlouNk9hlsYc;textile;10;5;In Situation 1, I'd pay more as each dollar directly raises workers' wages. In Situation 2, without a direct wage impact, I'd contribute less due to potential market effects and cost considerations.;;Despite no direct impact on wages in Situation 2, I'd pay a reduced premium to support fairtrade principles and encourage ethical practices, reflecting a commitment to responsible consumption and market influence.;conseq, conseqstill;;CB
R_1QFtD29k6Qm5kiy;textile;20;0;You want to make sure that the persons making the products get a fair wage.  Option 1 allows any extra money for the garment to be given right to the person who produced it.  Thus, they are gaining money on each garment that they have produced.  The other option doesn't recognize the person who made it and they get no extra money for producing it.  Why would you pay extra just to feed the middle man when you want to help the producer of the product.  No, I won't pay extra in that Option 2.  The producer of the item gets nothing.;;;conseq;;CB
R_3feiH0Jj05bUgod;textile;0;0;;;;;;CB
R_BJLv2IbgMKvXhER;textile;0;0;;;;;;CB
R_1QLSMIyWYWUlVrg;textile;200;0;In one scenario, I have power to make a positive difference on those employees wages.;;;conseq;;CB
R_2ONovfUnIUgrTau;textile;100;100;;in either situations that is what i can budget for;i am paying so that in case there cost arises the money will support the selected action;conseqstill;;CB
R_d4oz6dwkcTdC8nf;textile;15;10;In situation 1 total work wages increase by an equivalent amount in situation 2 wages do not change although they are making more.;;I would hope my extra money would go towards an improved working environment, health care etc.,;conseq, conseqstill;;CB
R_1DqlPjPXlRv19Z3;textile;50;10;"In the first situation, there is a direct consequence that you are sure is happening. Just because something is ""fair trade"" does not mean purchasing it will directly better those who made it.";;Supporting fair trade is important, because even if it is not a standardized practice, the labor conditions used are hopefully better than a conventional product.;conseq, conseqstill;;CB
R_2rUv8ZMCwL9nmSS;textile;15;5;Because I would like the workers to make more money as well;;I would be willing to pay $5 to ensure it was made to support the wages;conseq;;CB
R_ywEGghdvS6E9Hyx;textile;5;0;For situation 1, I would give a little bit more money because it would go towards the workers' wages and I think that is a good cause and a good way to increase wages. For situation 2, I would not give any money because it would not go towards workers' total wages and I do not want to pay extra just so the rich can get richer. So, the reason why I gave different answers is because one would support wages and the other would not. If it support wages, I would give some but if it does not, I do not want to give extra money.;;;conseq;;CB
R_1Ka0tF5pvZk7Khc;textile;10;5;In situation 1, my action would have positive consequences and thus have a greater (positive) impact on the workers. However, in situation 2, my action would not have any impact on the workers' wages. As such, I wouldn't be willing to spend more on the fairtrade garments.;;If there is a demand for the product, and the quantity is low, I would be willing to a small premium to obtain it. However, I would not pay that much more for it as there is no impact on the workers' wages.;conseq;;CB
R_12op7K3GZOvyIXr;textile;10;0;I'm more motivated to pay more if workers are getting paid more.;;;conseq;;CB
R_1msH2D1PZlTaeV2;textile;5;0;"I'm unclear if I understand the first situation correctly.
Is the amount extra I would spend the total spent per garment, or for all 10 combined?   I decided my number on a per-garment basis.

In the second scenario, if my actions have no positive or negative consequence for the workers, then why pay extra?  If I was aware of the situation, I would probably avoid shopping there altogether until they improved the situation.
";;;conseq;;CB
R_3rMLpnGnD7oz9UL;textile;20;20;;i prefer to buy ethically when i can even if there are not visible changes immediately.;buying ethically usually costs more;deont;;CB
R_1pE79vJcVRvRajq;textile;10;0;I'd pay extra to support the workers, not the business.;;;conseq;;CB
R_3s0ymWfMEz24OrI;textile;1;0,5;The key difference between the two situations lies in the perceived effectiveness of my actions. When I believe that my extra spending directly benefits workers (Situation 1), I'm more inclined to pay a higher premium. In contrast, when I think that my contribution might not have a direct impact (Situation 2), my willingness to pay is slightly tempered, although I still want to express my support for fairtrade principles.;; I'd still be willing to pay extra for fairtrade garments in Situation 2, even if the direct impact on workers' wages is assumed to be zero. Here's why: Firstly, it's a way for me to show my support for ethical labor practices and fair wages. It sends a clear signal that I value workers' rights and well-being, which I believe is crucial. Secondly, my purchase contributes to the demand for fairtrade products, potentially encouraging more companies to adopt fair labor practices in the long run. While my individual action may not bring immediate change, it's part of a collective effort to improve conditions in the textile industry.;conseq, conseqstill;;CB
R_2pPFOVVKbPBpydd;textile;10;0;In situation 2, my money would not go directly to the workers so I would not want to pay extra if it doesn't help benefit the workers in the long run.;;;conseq;;CB
R_7Qzn6CJ6AYodu5X;textile;10;0;I would want my money to go directly to the workers.;;;conseq;;CB
R_2BzI3mu2OGGWo3C;textile;2;2;;To me it has the same consequence, i spent the extra 2 dollars. And those $2 benefits in different way, but in the end, it brought benefits to something or somebody while costing me the same.;It has no impact on the worker‚Äôs payment but it has impact on buying. When the product cost more, people would have to reconsider their purchase decision, which would lead to less waste;conseqstill;;CB
R_UGe222vXBVmGqL7;textile;1;0;The first scenario actually benefited the workers directly. In the second scenario, the workers saw no benefit;;;conseq;;CB
R_qLu8FUQ2plLercd;textile;20;0;I feel that wages should be increased as well and not just supporting fair trade. Fair trade means fair wages.;;;conseq;;CB
R_4JlftBm9fzaqChr;textile;5;0;If I have consequences I would be willing to exert more effort and resources.;;;conseq;;CB
R_3PI8uVT7CUmkGqE;textile;2;0;One improve their wages, the other doesn't. I'd only be willing to pay more if it meant the workers earned more.;;;conseq;;CB
R_22tNst3NcCF4NSU;textile;1;0;in the first option my action would make a difference;;;conseq;;CB
R_2YanEfNBev2VRwH;textile;50;0;Because one doesn't change the total wages of the workers.;;;conseq;;CB
R_29oTKXsQjGltVNX;textile;50;0;I am willing to spend more in situation 1 in order to support workers as everyone deserves a decent living. I am not willing to spend any additional amount in the second situation because it doesn't improve the the workers' total wage.;;;conseq;;CB
R_1gAXpd5Rz94VpgW;textile;1;0;If I have to pay more for garments then I need to be recompensed.;;;conseq;;CB
R_3kmOPntsNKO6hxX;textile;15;5;The prime objective is to put more money in the hands of the workers. The terms of the scenario are that the objective will fail.  That said, paying some workers (assuming fewer workers) more improves the lives of those individuals. If we assume the same number of workers, then the benefit is more free time for the workers with the same total pay.  Neither of these is a big win, so I didn't pay much more for the product.;;That said, paying some workers (assuming fewer workers) more improves the lives of those individuals. If we assume the same number of workers, then the benefit is more free time for the workers with the same total pay.  Neither of these is a big win, so I didn't pay much more for the product.;conseqstill;;CB
R_2ROeA5HbirGYve0;textile;15;15;;I feel like I should be fair in either case.;It is up to my morals to be upheld by me.;deont: principle;;CB
R_2dXzuIFHoUo5gty;textile;10;0;I gave different answers because I feel in this scenario it would be no point in paying extra if it's not going to the workers.;;;conseq;;CB
R_2VxpQDnNyJKEwpt;textile;20;10;I would feel better about paying more money for garments knowing my money has a direct impact on the laborers making these clothes.;;I still think the cause of fair trade wages is worth supporting, even if my direct impact is zero.;conseq, deont;;CB
R_vSTeXtpVy1isS6l;textile;25;0;"It feels fair to spend more on clothes when that money goes to those making the clothes, but why buy a ""fair trade"" shirt that doesn't actually support fair trade? I wouldn't do it.";;;conseq;;CB
R_2X5PQ1gFhb7ZmdA;textile;50;0;If no one benefits from the change, then there is no reason to increase the expenditure. I would want my extra burden to lead to a positive change instead of just going into a black hole of administrative fees.;;;conseq;;CB
R_XiSsJw4B4SFKXId;textile;5;5;;they're the same;its needed;other;;CB
R_1gLr8zpFrqoJQl8;textile;0;0;;;;;;CB
R_3qmWghj9QDGiQr4;textile;5;0;I fully support fair trade wages.;;;other;;CB
R_3s52en0nQz3j75k;textile;10;0;if im buying 10 garments i would pay an extra $1 for each;;;other;;CB
R_265R74oKM2VbYc4;textile;100;0;I would want to impace the workers' wages. Why bother paying more if it doesn't?;;;conseq;;CB
R_b8fzfrevAqh4Dbb;textile;0;0;;;;;;CB
R_10TUYJHsnxxBwod;textile;10;0;The first scenario is what would affect workers' pay but the second scenario would not affect workers' pay. I support equal fair pay for everyone, so, that's why my answers differ.;;;conseq;;CB
R_2v94XiUf5NPgygs;textile;50;0;I feel like there should be a direct impact to employees. If not, I'm not willing to be the one footing the bill.;;;conseq;;CB
R_1Ks6sjKuFIAmyis;textile;10;0;Simply put, if my additional contribution does not result in increasing workers pay, then why would I agree to pay more for this cause?;;;conseq;;CB
R_2PgUAZtRveH5Fi6;textile;10;0;My extra payments did affect the worker's total wages in the first scenario but did not in the second one. I chose to give more because of that reasoning.;;;conseq;;CB
R_33wdpPoMz5nJY9H;textile;1;0;If I know it won't help, why pay more? IDC about social posturing, so there would be no added benefit to anyone.;;;conseq;;CB
R_3NRolzu9HhV4p7K;textile;1;0;I would pay for people wages to go up as well as getting the garments not just for the garments;;;conseq;;CB
R_1OCF9SxUHuj6JVN;textile;5;1;In the first scenario I wanted to contribute to workers wages, and in the second one, I just wanted to contribute overall even though they do not directly benefit.;;I think it is the good and humane thing to do;conseq, deont: principle;;CB
R_1mxA5XOGZi99Ryh;textile;500;200;I believe the main contributing factor to the amount I am willing to pay is affected by the fact that for each extra dollar I spend, workers' total wages increase by an equivalent amount.;;I would pay less in situation 2.;conseq;;CB
R_bgzPn6g9TLpBTbP;textile;2,5;0;In situation 1, my paying extra has a direct impact on the supposed recipients of fairtrade wages, the workers. I can easily see that my paying extra is accomplishing something positive in the lives of the workers. In situation 2, however, I would be allegedly paying more to 'support fairtrade' but if I can't see practical outcomes of this, I don't think I want to do it. It sounds like it might just boost profitability for the business, in Situation 2, rather than doing anything positive for the workers. We just have to take their word for it that it will benefit the workers somewhere down the line.;;;conseq;;CB
R_3dGrXQuI1OMgScx;textile;15;0;Because I would be willing to pay more if I knew it was going directly into the pockets of the underpaid workers.;;;conseq;;CB
R_25ZuAAk3vgOwjKS;textile;5;0;If the quality of the product was unchanged, the only reason to pay more for the product would be to increase profits for the manufacturer. Continuing to purchase the product at an increased amount with that being the only benefit only serves to widen the gap between the rich and the poor.;;;conseq;;CB
R_2yfRZFBWiVk4tix;textile;1;0;I'm only contributing if it will directly help workers.;;;conseq;;CB
R_2s14xaUzAxu0tum;textile;10;0;If I am being charged more as the consumer I would want the additional charge to be allocated for the wages of the workers as opposed to lining the pockets of the corporations or getting otherwise absorbed into the organization.;;;conseq;;CB
R_1Dorsai9kU9lEAJ;textile;10;3;because i knew my actions would make a postive impact.;; believe that supporting fairtrade practices can have broader positive impacts on society and the environment.;conseq, conseqstill;;CB
R_1oprIFQJazSthpE;textile;10;0;I will spend more for positive consequences to help someone, but spending extra is pointless to me if it doesn't do any good.;;;conseq;;CB
R_3qlAGWDoEJFG0nu;textile;3;0;because if it doesn't help the workers why should i pay more in situation 2?;;;conseq;;CB
R_2roManCKYDkA1O1;textile;5;0;i want to help the workers;;;conseq;;CB
R_12ncYMrogL31vhr;textile;15;6;In one situation the workers gain but in the second eitherway they lose. In paying more but a lesser amount then the first raises their pay without overwhelming the market to keep a balance.;;Even if the impact was 0 the hope would be that overtime as changes happen it will soon level out and the workers would start to gain longterm;conseq, conseqstill;;CB
R_1ooPQ4ydV04DYPl;textile;1;0;"The whole point of the increase was supposed to mean it increases worker pay. Instead, it just increases owners profits. This has angered me in a lot of similar situations such as going green. Why is the right thing to do always coming at a cost for the consumers. Why can't we make a decrease in profits be a ""thing""? I suppose the answer is that there are not enough Bernie Sanders.";;;conseq;;CB
R_2qfsg2p3wp9toST;textile;100;0;If the money does not go the worker where does it go?  How is it fair trade? Why should I pay more?;;;conseq;;CB
R_3oYBmPlM00OGvPK;textile;50;0;I want the low wage workers to get fair pay not in the hands of greedy CEOs and other executives.;;;conseq;;CB
R_1IiMlUBnUXmSzv7;textile;5;0;Because situation 2 makes nothing change. There is no point in paying extra money if nothing changes overall.;;;conseq;;CB
R_SVRtQiU59d3t8sN;textile;20;0;My whole reason for paying more is to make sure the workers are getting paid more.;;;conseq;;CB
R_3qmTMxjrdEr3Rki;textile;10;0;I would be willing to pay more to support the workers.  I would not pay more to support fairtrade wages if the workers total wages did not ultimately increase.;;;conseq;;CB
R_3fUb0va3GKoya58;textile;10;0;I would spend the extra amount in the first scenario because that is directly impacting the hourly wage that the workers are earning.  In the second scenario, their hourly wage would not increase, which makes me much less willing to pay more for each garment.;;;conseq;;CB
R_2ffHip2yRTE1E2X;textile;10;0;In situation 2 I feel that I would not support it because it doesn't help the employees financially. Situation 1 I would spend more because there is a positive impact for employees which is a increase in their wages.;;;conseq;;CB
R_1o5wG48VivNA1w0;textile;0;0;;;;;;CB
R_QfRC3uKT7sUbkGt;textile;10;0;I don't see why I should pay more money if the wages don't increase. If I pay more in situation 2, someone else will get the money, most likely the people who already have enough money;;;conseq;;CB
R_1GCuU1JWPR0ErTt;textile;10;0;I'm not paying more if it doesn't directly benefit the workers.;;;conseq;;CB
R_1iezAf8aRRpSZ3P;textile;10;0;If it isnt benefiting the people who work hard, I wont be willing to pay extra.;;;conseq;;CB
R_yywao8nSM8nooLf;textile;0;0;;;;;;CB
R_1ONMssD2hWp0yxO;textile;10;0;It is only worthwhile to pay more if it will have an impact on wages.;;;conseq;;CB
R_1OxeqidNhD0eWvQ;textile;20;0;If the point of paying extra is to improve worker pay, it makes no sense to do so if the workers do not benefit.;;;conseq;;CB
R_2rHpxYPuhBZrhhc;textile;20;15;i would pay more if it meant the garment workers were paid fairly;;i still want to pay more for higher quality items;conseq;;CB
R_2t53rw3DyS1F2ny;textile;100;0;I want to be sure that if I am paying a premium that the workers are getting a benefit. It doesn't seem right to pay extra and the money not going to the workers.;;;conseq;;CB
R_1Ida2BQFHNazvcY;textile;10;0;Because if I'm paying more I would like it to help if I'm paying more and doesn't do anything why would pay more that I myself will have to struggle to pay;;;conseq;;CB
R_1IBntypULS9pSrT;textile;0;0;;;;;;CB
R_URqL9Wyg3yioWnD;textile;10;0;"If there was an added benefit to the workers, this makes sense to pay  a premium. I want to buy fair trade to help the workers. However, if it is just displacing purchases that people can make and not allowing for workers to get more money for more demand, then it is no good to me. 
";;;conseq;;CB
R_2BaqnqxDWBeKcNU;textile;40;0;In scenario one, I would be supporting workers better. In scenario 2 all profits will just go to the company.;;;conseq;;CB
R_bjE6kpH6KKCntUl;textile;1;0;There's no positive consequences so no reason to pay more;;;conseq;;CB
R_2R1VSlT2xXbzLve;textile;10;0;If my effort does not have any positive result, I would like to think about another way to address the problem.;;;conseq;;CB
R_9vhkj0vx2BGPdg5;textile;200;200;;Just because the worker's TOTAL wage doesn't increase in situation 2, does not mean their hourly or per-garment wage didn't increase.;While the TOTAL change might be zero, this doesn't mean that there would be no positive impact for the workers. Even if the higher price means less garments made, fairtrade pay would still increase the amount each worker made per hour or per garment.;conseqstill;;CB
R_1P8dLJcKL64xH2y;textile;4;0;I would pay more if I knew that the money was going to the workers. I wouldn't' pay more if I knew that the workers weren't going to get that money.;;;conseq;;CB
R_29tzzj0arjyaExL;textile;10;0;If the workers don't benefit, there's no point in me paying extra money.;;;conseq;;CB
R_2aVyoC8XGD8ewxm;textile;5;0;From my perspective, the entire rationale behind fairtrade products is to promote better living conditions for the workers creating them. In the first situation, textile workers lives and wages are dramatically effected by the increase. In contrast, due to both demand and market conditions in the second situation, any cost increase wouldn't effect the workers wages and because of that I would no longer feel comfortable paying more for a fairtrade product if that money isn't contributing to enrichment of the lives of the workers.;;;conseq;;CB
R_aWP4Z96kpHuZU3f;textile;20;0;I would want the extra cost to directly effect the workers and not just the profits for the company making the clothes. So if I knew that the extra $20 was going to workers I would be more willing to buy from that brand than if an expensive brand still treated their workers the same regardless of fairtrade wages.;;;conseq;;CB
R_3qBFMNNdTzvVwOU;textile;0;0;;;;;;CB
R_1o6DRuNPceDug1m;textile;1;0;I would only be willing to pay more if it was going to go to employee wages. Paying in case B would lead to job loss.;;;conseq;;CB
R_r6VCrSn6FbMop45;textile;50;0;I want to help the workers.;;;conseq;;CB
R_2SrDT1y6CwgTb5d;textile;20;0;If paying more for an item does not increase the wages of the workers then it should not raise the value of the item.;;;conseq;;CB
R_3ki3ZLgyV8nxudX;textile;20;20;;I want to help however I can;If I make that choice, maybe someone else will too. If I pull out of paying that money, then workers will never get their wages increased;deont: ownpart, conseqstill;;CB
R_2CQB6a541X2h9li;textile;300;0;If I know what I am doing makes no difference, I don't see the point in doing it.;;;conseq;;CB
R_2cbdepwfa7Q2HFI;textile;10;0;"In the first scenario, my desition supports the workers.
in the second scenario, only support the company.";;;conseq;;CB
R_2xORR9Uj1PQU0nE;textile;15;0;i chose different because for the second one no matter what i spend it doesnt give a benefit to;;;conseq;;CB
R_2ROZRHSdomGgX74;textile;2;0;I would not be willing to pay any additional rates if workers did not get a wage increase.;;;conseq;;CB
R_3kbIYkLclWQqV7N;textile;10;0;In situation 2 my paying extra doesn't lead to any change in workers total wages so I don't see the point in paying more.;;;conseq;;CB
R_1diyqihL7X238gd;textile;3;3;;Becuse paying off interest is always important.;Because I like being generous.;other;;CB
R_30bJJlkEw1fXUxf;textile;10;5;;;;;;CB
R_3j3EVLVI8c5Scjs;textile;5;0;First, I assumed this was a per hour wage since it wasn‚Äôt specified. I would only be willing to pay more if it went to the workers. If workers don‚Äôt get paid any more, it really wouldn‚Äôt be a fair trade wages situation.;;;conseq;;CB
R_p9invEQLeLKXGzT;textile;10;0;If my extra spnding has no affect on workers wages, why bother.;;;conseq;;CB
R_2a8GstvvEowDsAX;textile;10;0;If the workers are not going to benefit there's no incentive to pay more.;;;conseq;;CB
R_3eqA0whVIupVcDC;textile;0;0;;;;;;CB
R_5ci2Mm7bqXqOqXv;textile;3;0;In situation 1 I would pay more because by paying more I know that the workers will benefit from my purchase unlike in situation 2 I would not be willing to pay more beyond the standard price first because the workers are not being paid accordingly and by me paying more will cause an increase in price for others to buy at that price.;;;conseq;;CB
R_1dzcamyiBH8eOp6;textile;6;0;When I'm paying more for a fairtrade item, what I think I'm paying for is the cost of a more fair wage for the workers. If their wage doesn't change, what am I paying for? It's no longer fairtrade anymore in my eyes, it's just a more expensive piece of clothing.;;;conseq;;CB
R_3s7hsaJFk0Dn7yH;textile;0;0;;;;;;CB
R_2ASiD4XLbHqRkOJ;textile;0;0;;;;;;CB
R_3OetF6OUPZyJW5N;textile;20;0;It doesn't seem to make a difference in wages, so it doesn't seem worth it to pay more.;;;conseq;;CB
R_9z8EL2zN0aUm31D;textile;250;0;The point of increasing the price of the product for Fairtrade is that it has a positive impact for the worker. If it doesn't change the wage of the worker, then it is not truly fair trade.;;;conseq;;CB
R_0eQXRCNi2ChsOjL;textile;1;0;"IRL, it is situation #2. 
Nike shoes very expensive, but the actual wages % cost is trivial compared to the corporate propaganda of selling this shoes with famous people endorsements  and constant advertising.  

Currently listening to ""The truth about lies' (not RIGHT now of course), by Aja  Raden. I'm at the part about the bombardment of ads and what it does to humans regarding products.";;;other;;CB
R_28YzsPjvuoHaVuP;textile;20;40;Because they both contain different pricings;;There is more value in it;other;;CB
R_246i6WbVxnOsDAu;textile;100;0;In situations one my consequences seem to benefit the workers. In the second situation there are no consequences, but I decided to keep my money.;;;conseq;;CB
R_31bH5KVRg3BNuyU;textile;50;0;If it would help workers out this is all I could afford myself.;;;conseq;;CB
R_2U5Bmf8kOWT5zg1;textile;5;0;I'm not giving the company any more money as profit if it's not going to the workers;;;conseq;;CB
R_1pWFmNQdJmr2t4z;textile;1;0;Because there is no benefit;;;conseq;;CB
R_3093aLSGhOS1HK7;textile;10;0;I would pay more only if there were positive consequences. I do not want to pay more just to put more money in the pockets of the company. Paying more without any positive consequences is just getting scammed.;;;conseq;;CB
R_1GTwojsSQdu5uEF;textile;20;0;The idea was that the workers would benefit via a pay increase, but that did not happen. That was the only thing I was interested in.;;;conseq;;CB
R_2yd5IYG602aN8rF;textile;1;0;If the increase went to the workers I feel it would help them.  If it did not go to them, then other customers pay for it.;;;conseq;;CB
R_1Io8wGTT1DL3rWN;textile;55;0;It would make no difference in the second situation.;;;conseq;;CB
R_0TX9FGRSyQ7jwpr;textile;100;0;I would not want to pay extra if it is not affecting workers wages directly.;;;conseq;;CB
R_Td4GlNJNDZoxYqJ;textile;10;0;IF it goes to the workers I'm fine with that, but if it goes to the bottom line and just increases profits for the management and board, no thank you.;;;conseq;;CB
R_242xE5D5PKqjwh9;textile;0;0;;;;;;CB
R_1CmcP5fhRCVKGRl;textile;5;0;If paying extra pays workers a higher wage I would be very supportive of paying more so that they could earn a higher wage. However, if paying more does not affect the wage of the workers then I do not want to pay beyond the standard price. In addition, if I were to start paying more in situation two it might increase the prices and make it less affordable for others who cannot afford much. So paying more in situation two does not benefit anyone.;;;conseq;;CB
R_2uwUJFzVNVeaf1h;textile;0;0;;;;;;CB
R_2UggLqs9Kw9HpoC;textile;25;0;;;;;;CB
R_2eRq6hWOqwQKhWA;textile;20;0;Without the worker's totals increasing the positive effects are lessened.;;;conseq;;CB
R_11dr7msQMI1vaoz;textile;10;0;I will only pay extra money on the garment, to support the workers.;;;conseq;;CB
R_3EA3sQKtp0Y4lN0;textile;7;0;I would be willing to pay more if I knew fairtrade price increases would benefit the people that make my garments. If wages do not change there is no benefit in a price increase.;;;conseq;;CB
R_1oegi5kyyMMBiW7;textile;5;0;I would not pay money if the workers total wages do not change, it just doesn't make sense to me.;;;conseq;;CB
R_OJNe3ZHd2r3JA6l;textile;20;200;The workers' total wages do not change in situation 2. I would be willing to spend much more in this situation.;;I would be willing to pay money would the total impact would be zero because there would be less supply and demand.;other;;CB
R_3gZvDBXxLJEsb2l;textile;3;0;Hopefully I understood this well, but why would I want to pay more if the workers' total wages do not change? If workers do not get paid more, I am expecting that higher management and stockholders also do not get paid more.;;;conseq;;CB
R_2rxxiGKMYNBAe4F;textile;0;0;;;;;;CB
R_App1mzXRCp0WcpP;textile;1;0;If my actions don't change anything, there is no sense in me paying more for something.;;;conseq;;CB
R_1MWGKLPkUYS4U8Y;textile;5;5;;My level of support on this issue would not change, though I might rethink how I support it in the future.;The hope would be that more people would offer their support, and lean in to make the inequities more public and force the manufacturers and retailers to make changes.;conseqstill;;CB
R_33lmvPvLUYPEnxv;textile;1;0;If there will be no improvement whatsoever to workers' lives, why would I choose to pay extra?;;;conseq;;CB
R_3emE2UFXeT5033a;textile;1;0;The second answer I chose zero because how can I be supporting a fair trade when the workers are More than likely living under a living wage so they are already getting underpaid to begin with and their wages would not change that wouldn't be fair so I wouldn't consider it fair trade so I pick zero .. The first one I didn't know what a reasonable amount would be I picked $1 more because it increased the workers wages.. although I might not be aware of a broader picture outside of these scenarios so I'm judging by the scenario only;;;conseq;;CB
R_1IQJxg6f1x0poBP;textile;200;100;it would be more motivating knowing that each dollar makes a difference.. i would be happy to spend more in that case;;i would feel better by doing the right thing, making a good, ethical decision;conseq, deont: feelgood;;CB
R_3exFzQgBpJqfYja;textile;7;0;If I know that no change will happen for the workers wages, I would not consider this fairtrade and would not want to support it in any way. If I know that wages will increase, I would definitely want to support that in an amount that is feasible for me.;;;conseq;;CB
R_3p2PF42xfF37dCX;textile;0;0;;;;;;CB
R_1cSuOk08g4yYmZU;textile;3;3;;I gave the same answer because for the individual worker the wage would be better. They still are going to make a pay per hour and the effect should be only in the overall income of the company. I am not sure why the workers would not benefit unless they are reduced in hours... I guess I said this because it seems fair for them to get better pay to live better lives;I still do not understand how the impact would be zero.  I said this because to me it should help the individual worker. I do realize I may not understand how this works this way..  The people still have to put i the time to produce the garments so in my mind it would improve on an individual level.  It is kind of theprincipal of the thing to pay approprialtey;conseqstill;;CB
R_1hDRAg2S9ldxerT;textile;10;0;My motivation for paying more would be to increase the workers' wages. If it doesnt increase the worker's wages, i don't want to pay more.;;;conseq;;CB
R_2dM93VDflZsebFg;textile;0;0;;;;;;CB
R_22KD2aArru7Ohgm;textile;50;0;the net impact is zero so it is not beneficial to the fair trade workers, that would be the reason I was paying more.  I would rather make a donation in this scenario;;;conseq;;CB
R_SAHonFND9EUJmdH;textile;20;0;I am willing to pay extra (hypothetically - in real life I almost exclusively buy used clothes at yard sales and thrift shops) if it will benefit underpaid workers who are struggling. I am not willing to pay extra to pad the profits of manufacturers.;;;conseq;;CB
R_3eymWmq897vETCE;textile;100;0;My answer would possibly be different if the country of origin was listed as well as what impact my choice would have on each worker compared to other economic measures, cost of living etc. It would also depend on the type of garment being talked about. In #2 if the increase does not benefit workers and only increases profit for the brand than I am not willing to spend more.;;;conseq;;CB
R_12aOopeL9KUFabt;textile;2;0;I will pay more for the workers' total wages to increase by that same dollar and I paid a premium to support fair trade wages already for situation 2.;;;conseq;;CB
R_vp2Ii6wNdmemIzD;textile;100;0;If the workers aren't going to get the money I wouldn't want to pay any extra. I think that in 99% of cases this would be what would happen in reality. Any extra will go to enrich the business owners who make their living by exploiting workers. I would definitely be willing to pay more for anything produced by a worker collective, if it were available.;;;conseq;;CB
R_2fblH3ajtrggm9r;textile;0;0;;;;;;CB
R_3FJxY1FinhMa39g;textile;2;1;If there was no incentive for the workers to gain more money I would not want to pay that much more.;;I wouldnt want to pay more money in this situation;conseq;;CB
R_12Se1mvsfIbsQ9O;textile;1;0;Because if it had an actual effect I would help. If it makes no difference than I will not contribute.;;;conseq;;CB
R_WqUQKtBiFy7BnfX;textile;50;0;If I pay a higher rate to support workers, I would like to see that extra money rolled into improving the workers solutions.;;;conseq;;CB
R_2VfiAyKtxrkJLOD;textile;30;0;Because i feel that will be the best;;;conseq;;CB
R_3lPmir4aFbEtl9k;textile;2;0;I would only be willing to pay more, if the extra money went to the underpaid workers.;;;conseq;;CB
R_3R4mJ5dsJnHJ43g;textile;3;1;I would rather see the extra money that I am spending go towards the workers total wages. I value human resources.;;I would not be willing to pay more in situation 2. I prefer to have my extra money paid to the workers total wages.;conseq;;CB
R_2XcCQvMUpRZt0Vz;textile;10;0;I want the worker's wage to increase If I am supporting fairtrade wages.;;;conseq;;CB
R_3JbjDIrzkuyuPPW;textile;5;0;The whole topic is about workers wages, if they don't get any more, why pay more.;;;conseq;;CB
R_2rueGAFefixTY3x;textile;100;0;There's no point in paying a premium to support fair-trade wages if that premium doesn't result in higher wages for workers. I can accept that it's unlikely that a given premium results in a dollar-for-dollar benefit to the worker, but in the scenario above, NO benefit accrues to the worker. I'm not interested in further lining the pockets of the owner class.;;;conseq;;CB
R_1LnRPemyweL9GDR;textile;0;0;;;;;;CB
R_ehXGOJiBhfhsaSR;textile;2;5;I would have to pay more for there to be a difference in workers' wages.;;Maybe over time, it would make a difference if others did so as well.;conseqstill;;CB
R_aWZe6xdwMEVClEt;textile;20;0;In the first situation, workers benefited. This was certainlynot the case in the second situation.;;;conseq;;CB
R_u2JmWSJcDkem7oB;textile;10;0;Paying an additional amount serves no purpose if workers do not receive any of this money.;;;conseq;;CB
R_1MYQ3cwHjsRh0s0;textile;50;0;"If me paying more for a garment only makes me pay more, and does not benefit the worker in any way, why would I do it?  It doesn't make sense.  Kind of like it doesn't make sense to tax US citizens to death, trying to make our country ""zero carbon"" when China and India are allowed to spew all the carbon they want.  Carbon output is not decreased, since they are pumping out more carbon.  Why should I pay more for nothing?";;;conseq;;CB
R_Qolj48BPrxRoDlv;textile;10;0;I'd be willing to help a little if I knew that it made a difference. If it didn't make a difference, why would I pay any extra?;;;conseq;;CB
R_3rFZzy4cK39llTC;textile;20;0;I only want to give more money than I need to if I know that the extra money would go directly to the people who were making the garments in under developed countries. I don't want to pay extra just to a faceless corporation if they just pocket the extra income.;;;conseq;;CB
R_2QKiX8pCmNGrLwn;textile;10;5;I would prefer it to have a direct impact, so I would be willing to spend more.;;I think it is still important to use your purchases to reflect an opinion or values.;conseq, conseqstill;;CB
R_1qgEX9VxAT8yoyV;textile;3;0;I would only pay a premium for fairtrade garments if the people who worked making them also got a commensurate raise in pay, or working conditions. It wouldn't seem right if my premium didn't trickle down to the garment workers.;;;conseq;;CB
R_29lUgbhz8jMbaLM;textile;100;0;There is literally no point in paying more if it doesn't go to the workers.;;;conseq;;CB
R_26fgpCm4BVpj4EB;textile;20;10;I would preder the money benefit the workers, not the company.;;This still supports the fiartrade movement by making the garments more desirable in the market;conseq, conseqstill;;CB
R_1jwaSk475XRascJ;textile;2;0;i rather have it go to the workers pay;;;conseq;;CB
R_3nJauJMvqb1Oiht;textile;50;0;I‚Äôm not willing to pay any extra if worker compensation Doesn‚Äôt benefit;;;conseq;;CB
R_RgmmLvOWqWP8tIR;textile;50;0;If there is no actual increase to the workers' wages, then it doesn't make sense for me to spend any extra money.  Where's the money going?  I am happy to spend extra if it actually goes to the workers, but not if it's going to company profits or some unknown black hole.;;;conseq;;CB
R_3PYt7dlBDs7XFSn;textile;10;0;If the workers' wages do not increase, why would I pay a premium? It would only help the brand, which I'm not particularly concerned about.;;;conseq;;CB
R_3HqcKginZcIAC3C;textile;20;0;because if I'm not making a positive difference in their life directly it doesn't motivate me to want to spend money.;;;conseq;;CB
R_3ESbNDFVQDiut1g;textile;2;0;I won't pay more if it won't benefit the workers. The logic doesn't really make sense though unless the owner is just keeping the extra money that I would have otherwise paid. I am happy to pay more to support workers, but I won't pay more to benefit the owner.;;;conseq;;CB
R_3oYh6BPOpmtUDwG;textile;10;0;"If I'm paying the premium in order to ""support fairtrade wages,"" which is how the question is written, and my contributions have no effect on wages, there is no sense in contributing. If I was asked to pay a little more with the goal of helping support better regulatory practices, safer working conditions, etc., for fairtrade workers -- i.e., support fairtrade WORKERS, even without effecting wages (i.e., other parts of workers' lives improved) I might still pay more. But that's not what the question was asking.";;;conseq;;CB
R_3mg9C3YgyHSwbyK;textile;3;0;I would want my contribution to the total wages to increase workers total.;;;conseq;;CB
R_2fEe7Chndqd7lng;textile;5;0;;;;;;CB
R_2PzqaIYFU7t6GzE;textile;10;0;Because the companies are taking the profit for themselves;;;conseq;;CB
R_1NEW3c3ZxxrEgV9;textile;5;0;I see no point in paying any extra money UNLESS my actions directly lead to a positive consequence. Otherwise, I am just losing money to a company for no good reason.;;;conseq;;CB
R_3QPHz3HFiMPNHpE;textile;5;0;I would not want to spend more money if that does not directly correlated to higher wages for worker.;;;conseq;;CB
R_puWHqLz1DHQyLQt;textile;5;0;If it doesn't have a benefit, I wouldn't want to willingly pay extra for nothing.;;;conseq;;CB
R_3lRoT1kmFyUjVRp;textile;150;20;When first presented the information, IÔ∏è thought paying much more for the garments would have positive impact and it does for the workers. On the store level it increased many other costs and the demand for the product so for the second scenario IÔ∏è was still willing to pay more for the garments but not much more. There seems to be a balanced place where all aspects of the production could benefit from the fair-trade garments but IÔ∏è would need to do more research to find those numbers.;;The money is still going to the workers who make the garments so IÔ∏è still want to support the increase for their wages. It will make a positive impact on their lives and in my eyes they deserve the money. The work is tedious and hopefully a small donation can make a big difference towards their lives.;conseq, conseqstill;;CB
R_3HYSgoOv5Z5Nnh7;textile;50;0;"It would be good if the actual workers receive a wage benefit from my supporting the fairtrade garments so I would pay more in that situtation.

In the second situation, I would not pay extra because the workers are not benefitting by any higher wages.";;;conseq;;CB
R_2P67p9x9ckW5beU;textile;5;0;In situation 2, paying more for the purchases benefits no one. In fact, it has a negative impact in a sense because it drives prices up so there is no benefit to paying a higher price .;;;conseq;;CB
R_3eb11TLZ6Bh1Bey;textile;5;0;I would only pay extra if it guaranteed the workers would see that extra dollar in their wages.;;;conseq;;CB
R_1Ycn6tTlpRi2rAJ;textile;5;0;I would be willing to spend an extra 5 if I knew it was going to the workers. But, if the extra money goes to no one then I wouldn't want to pay extra;;;conseq;;CB
R_31iosT3xBkwC7Q8;textile;10;10;;I feel like an extra ten dollars for the workers is not a lot to pay but it helps them out a lot. Since ten dollars is also cheap I just chose it for the second one too.;I would be willing to pay more because maybe the garments are worth it.;other;;CB
R_10Z3fq4BDx1R9ou;textile;20;0;I wouldn't mind paying a little more if it meant slave labor wasn't used and the extra money is going to the workers. However, I do not see why I would pay extra when it is not contributing to anything.;;;conseq;;CB
R_1IcHdEWLuonkggu;textile;2;0;I would rather support an increase in cost if I knew it was benefiting someone than not.;;;conseq;;CB
R_1qg5zAB8fRHHfHO;textile;20;0;I'm willing to pay more if they make more, but if they aren't, there's no incentive for me to do so.;;;conseq;;CB
R_3QK5JzviXdh9Ylo;textile;5;0;If I am going to pay more for a cause, I want that extra money to actually go to it.;;;conseq;;CB
R_R4u7kWmX7EXztKh;textile;0;0;;;;;;CB
R_2zqA6BVo6QObX8n;textile;5;0;Because if the workers did not help, I would not consider paying more.;;;conseq;;CB
R_2DXGKx9CuAWjdZk;textile;1;0;I would not pay more for garments if it will not benefit the workers , but increase profit for the company.;;;conseq;;CB
R_w659XohbLm0ZnPP;textile;4;0;Because in situation 1, I am willing to pay extra $4 because the total wage increased.;;;conseq;;CB
R_1OjLCoEKx5XVami;textile;5;1;If the workers total wages do not change then it doesn't really matter in my mind.;;Hopefully it would have a tiny impact on some fairtrade issues.;conseq, conseqstill;;CB
R_xscCDJmbTsvZi5X;textile;100;10;I care about the material conditions of workers, since that's supposed to be the main benefit of spending more, so I would be more willing to spend more if I knew it would go into worker compensation.;;Honestly, I'm not sure since I'm vacillating between a small nominal amount and zero. I think overall I would have the hope that eventually there is an impact, like if they make more money at some point the workers will demand more wages, illustrating that people are paying more for exactly that purpose. Maybe it would be motivation for them to unionize and actually fight to get those revenues to be used to improve their lives.;conseq, conseqstill;;CB
R_3oRCebngmZtzWZY;textile;3;0;If it isn't actually affecting anyone, why am I paying more? I don't like the idea of paying more in either scenario, honestly.;;;conseq;;CB
R_1jWnC11CWrcn6IK;textile;20;0;Because the price should not go up if demand goes down. It should be the other way around. Low demand demands that prices go down so I would be able to pay more to the workers. Why would I pay more if it was not going to benefit the worker.;;;conseq;;CB
R_bINg1f9TaaPz8eB;textile;0,5;0;best for both;;;other;;CB
R_2wGFRO16JyJTVGM;textile;50;80;If paying extra for Fairtrade wages would result in workers receiving an equivalent increase in their total wages, I would happily pay an additional $50 for ten fairtrade garments. My willingness to do so stems from the knowledge that my contribution directly benefits the workers, ensuring they receive fair compensation for their labor.;;When paying extra for fairtrade wages doesn't increase workers' total wages, I'm willing to pay $80 for ten fairtrade garments.;other;;CB
R_23TTrgUOUBgWiB6;textile;100;0;If I have the knowledge that the workers are not getting compensated for the extra price then I don't want to be filling up the pockets of people who are not actually doing the real work.;;;conseq;;CB
R_1GBb0SlG1GnfOrU;textile;10;0;It goes against the whole idea of fairtrade;;;conseq;;CB
R_25Zx8HbvFgQaJws;textile;10;5;I gave different answers in the two situations as one situation will benefit Workers' total wages, while the other wouldn't.;;I would be willing to pay money as it is still good to support a cause, even with no impact.;conseq, deont;;CB
R_sL3pnjJkBYku7m1;textile;10;0;In the top one it's directly affecting workers wages, but in the second one it is up to the company to change their wage, because they make more money, but I don't directly see that.;;;conseq;;CB
R_1mUEln0W48HXu4p;textile;1;0;The garment workers do not benefit from increased prices in situation 2. So, the middlemen reap the benefits.  I would only pay more if it benefitted the workers who need it most.;;;conseq;;CB
R_2dAP5o00p4g67T8;textile;0;0;;;;;;CB
R_3MxRZFEuYb5d2xJ;textile;0;0;;;;;;CB
R_2xVIbbcCoRr1JpH;textile;1;0;I am willing to pay a little extra to make a difference in the lives of deserving hardworking people.;;;conseq;;CB
R_2U9FkbRZxFjLJQM;textile;20;0;I would be willing to pay an additional amount primarily to benefit the workers, not for a zero effect on their total wages.;;;conseq;;CB
R_3G0oH9PihDMEFIu;textile;8;0;I'm concerned that the workers real wages increase, that's my priority. I would not pay any extra money for garments, or any other product, if there isn't a measurable increase in real wages for the people who work to make the product. I'm not concerned about the company, or whether or not they make an increased profit.;;;conseq;;CB
R_1esdfohvW4mwxV5;textile;1;0;My willingness to pay extra for any material goods is very low, as a general rule for me.  The extra dollar I would pay in scenario $1 is only something I am willing to do if the effect is a direct benefit for workers who would otherwise not be adequately compensated for their efforts.  My unwillingness to pay more in scenario 2 is due to the fact that the extra money could be pocketed by any number of interests that I may not approve of and it is not guaranteed to benefit workers in a one-to-one correspondence.  The fact that the money may benefit interests that are already well-compensated and wealthy makes me not willing to take that chance.;;;conseq;;CB
R_1QyWJQ9udhGeR6Y;textile;5;2;I think this would be most effective;;I think this would be most effective;other;;CB
R_2SH0Gzg11uFrStK;textile;50;0;I would only want to pay more if it benefited the workers.;;;conseq;;CB
R_3QDTXwf4bWi4fw6;textile;5;0;because the second option the workers total wage doesnt change;;;conseq;;CB
R_T4SrawRlSqU6xEZ;textile;20;0;"I chose option A because the workers themselves would actually receive higher wages based on how much more I would be willing to pay.
In option B, the workers' wages would not change.";;;conseq;;CB
R_2yrcwROKuwo2sUK;textile;10;0;It did not change the workers wages despite the support for fairtrade wages;;;conseq;;CB
R_1jK8w5g7rjIym8d;textile;100;15;the difference in answers reflects the different circumstances and expectations outlined in each situation. In Situation 1, paying more directly helps workers, which justifies a higher willingness to pay. In Situation 2, where paying more doesn't benefit workers, the willingness to pay is likely to be lower, as it's primarily driven by personal values and ethics rather than a direct impact on wages.;;while there may not be a direct economic impact on workers' wages in Situation 2, people might still be willing to pay a limited premium for Fairtrade garments due to their personal values, principles, and the desire to contribute to a fairer and more ethical global trade system.;conseq, deont: principle;;CB
R_2bIsCcojVdFgOCb;textile;5;0;If it makes no difference then why would I spend more money.;;;conseq;;CB
R_1cU4Bkemsyi5OTa;textile;100;0;Because one affects the workers' wages and the other one doesn't. I'd feel more compelled (obligated?) to pay more if I knew it affected them directly.;;;conseq;;CB
R_2pXXRu6sQkKATKo;textile;50;10;I was thinking more about the worker's profit than the company's profit. If I was helping out workers I would be more willing to spend more.;;At the end of the day, it seems like the factory workers are being paid well already and if that can happen while paying the same amount for the garment, that's great.;conseq;;CB
R_2dj8KEWQNg5A7jy;textile;100;50;I gave two answers as it's different scenarios.;;I am willing to pay extra for the benefit of the workers.;conseq;;CB
R_29itNJJJvN3yjV7;textile;0;0;;;;;;CB
R_6KzWh72ec3im71n;textile;10;2;My main reason for wanting to pay more was so that the workers' wages increase. It's not really supporting fair-trade wages if the workers' wages don't increase.;;I guess I would be hoping that the extra money would be doing something good.;conseq, conseqstill;;CB
R_3MA8ZTA0fiQ9VjE;textile;10;0;"I provided responses, in the two situations because I genuinely believe that the consequences of our actions hold significance. In situation 1 where paying extra to uphold fairtrade wages positively impacts the income of workers I am willing to pay more. However in situation 2 where paying a premium has no influence on workers total wages I am not inclined to pay extra.

I firmly believe in being open about the effects our choices have. When we make a purchase it is crucial to consider both the outcomes for ourselves and others. In this instance I would only be willing to pay a price for fairtrade products if I know it truly makes a difference in improving the lives of these workers.

Furthermore being mindful of our means is vital. Not everyone can afford to spend more on fairtrade products. Nonetheless there are ways to support fairtrade wages like donating to charities dedicated to enhancing the lives of workers in developing nations.

Ultimately deciding whether or not to pay a premium, for fairtrade items is a choice.";;;conseq;;CB
R_enynPbvAeG8ZGVP;textile;10;0;because in scenario 2 my additional cost doesn't benefit the worker so why would I do it;;;conseq;;CB
R_3GffADh2mtW9wQW;textile;3;0;Because if it doesn't increase the wages don't see the point but if my dollars spend will increase the wages by the amount extra I spend would be willing to spend more so they are paid a little more fairly;;;conseq;;CB
R_3m4AYjGsnAXb2lL;textile;20;0;if i'm paying to support fair trade wages and it doesn't increase wages, i'm not willing to do it.;;;conseq;;CB
R_RkoYZAlT38jyDXX;textile;0;0;;;;;;CB
R_1g7JrpNAqt7l2Xc;textile;200;200;;same consquence;support fair trade wagws;other;;CB
R_2VIvQPJg5VKXff8;textile;500;600;Because one is different than the other;;Because I believe workers under the the non brown electric energy deserve more;other;;CB
R_SBLKK23n19aBJId;textile;200;200;;same consquence;support fairtrade;other;;CB
R_22FFsasRjhGZ1BY;textile;5;0;if my increased spending doesn't result in workers getting a fair wage, the money presumably goes in the companys pocket, so i don't see any benefit to me spending more;;;conseq;;CB
R_1FD7JrCfjgxw8XH;textile;200;0;I would want the people to make the garments to make a good wage and if they do not get that wage I would not pay extra;;;conseq;;CB
R_3HqcHrKPmqp5GRd;textile;5;0;because if I am going to spend more of my hard earned money I would want it to benefit someone who deserves it.;;;conseq;;CB
R_bIcrTeqZfvIIKgF;textile;5;0;I'll pay extra if it will benefit the workers, if not I'm not paying extra just to increase a company's profit margin.;;;conseq;;CB
R_1LdSVQoojF6uO1W;textile;100;0;Why should I pay more if it does not help the workers?;;;conseq;;CB
R_1JEj9KVJDmdrmRl;textile;5;0;because i am not going to pay more for something if it does not have a positive change or benefit the people that need the increased money, I am referring to the workers and not the CEOs and shareholders;;;conseq;;CB
R_ZEjExIdCuPLeu5P;textile;5;0;I wouldn't pay more if it didn't go to the workers.;;;conseq;;CB
R_UnLa0k5ddK5g1zP;textile;10;0;it wouldnt help their wages if i paid extra or not;;;conseq;;CB
R_31WVtssmUjYdjwa;textile;100;0;I would only be willing to pay extra if this would have a direct impact on the wages of the worker because that is what matters most.;;;conseq;;CB
R_28Tf7zXiq6b0qJL;textile;2;0;I am all for people everywhere being paid fairly, although the cost of living is also much lower than in developed nations so that is a reason wages are much smaller. If paying more doesn't increase workers wages, I don't see the point in it unless there is some other benefit I'm not aware of.;;;conseq;;CB
R_11dLEIcG9N3PeIQ;textile;50;25;I gave two different answers because in the second scenario, my actions have no consequences, making it meaningless to pay extra for the 10 garments.;;I would most likely still need to buy the garments regardless of the total impact.;conseq;;CB
R_2zuX5Q8z5WS5XjX;textile;2;0;I am willing to pay more than the standard price if it increases the wages of underpaid workers. I am not willing to pay anything more above the standard price if it does not directly help the workers.;;;conseq;;CB
R_1mEFizSWdSwn52x;textile;3;0;I do not think it is fair to pay extra for garments if the difference in pay is not reflected in the pay for the workers.;;;conseq;;CB
R_3kiCD9XeWrauBY9;textile;25;0;Because I only want to pay the premium price if the money is going to the people working on the items so they make a decent wage.;;;conseq;;CB
R_0DtWYcWpQxA50xb;textile;4;0;Well, since in scenario 1 if I pay extra for the garments and that goes toward paying workers a higher wage then I am willing to do that because it would have a positive effect on someone who makes the product that I enjoy buying. My answer is different in scenario 2, because if paying extra has no positive effect, I am willing to think that that extra money would go to the owners of the factories and not the workers, so I am not as willing to pay extra;;;conseq;;CB
R_2tsWDcl5E0axoJ3;textile;15;15;;I think regardless if there are consequences or not I believe that $15 is a reasonable amount;N/A;other;;CB
R_21ak9dCPfB9aojY;textile;1;0;It doesn't make any sense for me to pay more, no benefit in 2;;;conseq;;CB
R_1CjxIpTHAEJe6KY;textile;5;0;For obvious reasons, in situation 1, if the extra money directly contributes to improving worker wages, then I will gladly pay more to help the workers have a fair wage. In situation 2, if the extra money doesn't directly go into improving worker wages, then I see no reason or incentive to pay more.;;;conseq;;CB
R_AdFfLEoqFUy5ww9;textile;5;0;Well, First I read the second Question, then I changed my answer for the first question. I would pay more for Fair Trade to Worker' if inactuality the higher dolllar amount went to the worker. But, considering the demand change and the workers' not being compensated fairly. I guess I would not want to pay additional amount that adversely affects demand.;;;conseq;;CB
R_szky5vBQ79yii09;textile;100;10;In the first situation it sounds like they've got things worked out with their supply chain and so on making the economics work in bulk discounted type of way.  In other words demand doesn't increase cost but actually decreases it.  I would be willing to pay more in this scenario since I know where the money is going.;;I would only be willing to pay a little more because things are still convoluted.  I don't know if I'm pay extra in order to help things or if the money is going to waste because of ineptness of supply chain managers or padding contracts for kickbacks or whatever have you.  I would be skeptical and unwilling to pay as much.;conseq;;CB
R_1Q3O66uLGqDUjao;textile;100;0;I want to pay the extra to know that I am supporting fair business practices, if my actions are not, then I will not pay the premium for that product.;;;conseq;;CB
R_1KrvvGaXyPNXkJ0;textile;10;10;;Because my decision to pay more to support fairtrade is not based specifically on the extra amount that I spend going directly to the employees salary.;  I believe in supporting fair trade practices because they provide benefits to workers.  Fairtrade workers will get higher salaries from their companies regardless of whether or not each individual dollar that i spend goes to the worker.;deont;;CB
R_Wur2gvynpwXAE6t;textile;10;0;I wouldn't want to pay more than the standard price if it didn't have a benefit attached to it;;;conseq;;CB
R_3IXHgtEasPMMIrE;textile;2;0;If the workers total wages would not increase, so there is no reason to pay extra.;;;conseq;;CB
R_ykAPvEou8Bre1IR;textile;15;0,1;If I'm understanding correctly, the first option actually gives the extra towards the workers pay and the second option is charging more and pocketing it?;;I would not be willing to pay in second situation but would only spend a fraction to show I would want the workers to have fair wage.;conseq;;CB
R_3haW04ZE5Bdokb9;textile;10;0;Want to help support the workers.;;;conseq;;CB
R_1li8Ceh7sIS8n51;textile;0;0;;;;;;CB
R_2ONn1wzRfO0Bfgy;textile;5;0;If it does not impact anything, I do not want to spend any extra money.;;;conseq;;CB
R_3KVDus2WP9K3zKv;textile;2;0;If my extra money is not helping the workers, I do not care to give extra.  I don't see any point in paying extra unless they receive benefit.;;;conseq;;CB
R_2CcRqQyqa6xtp1p;textile;0;0;;;;;;CB
R_3r05cJHDHSMbx0E;textile;20;0;The only reason in my mind to purchase a product like this for a greater price is to make things better for workers. If things are not being made better for workers by spending more, it is useless and only hurts me.;;;conseq;;CB
R_1IAd6cXco1m2pQk;textile;0,5;0;Since any additional price that I would choose to pay makes no differences and doesn't have it intended effect that I would want then I see no purpose in changing the additional price that I pay.;;;conseq;;CB
R_1ghmrbOnBBftB3Z;textile;10;0;I would not spend more if it would not benefit the workers;;;conseq;;CB
R_1BRV5xaCmWvlOqU;textile;5;0;Because in the second situation, there is not benefit.;;;conseq;;CB
R_1EaNneUY9kjJZMj;textile;2;2;;That seems like a fair price;That seems like a fair price.;other;;CB
R_1IRXhnloL5uYp9q;textile;20;10;I'm more willing to pay extra in the first situation because the extra cost directly benefits workers, increasing their wages. In the second situation, where the extra cost doesn't impact workers' wages, my willingness to spend more is lower because I prefer to see a direct and immediate positive effect on the workers' income.;;In situation 2, I'd be willing to pay a premium for fairtrade garments due to my ethical beliefs and the potential long-term impact on fair wages and better working conditions, even if the immediate effect on workers' wages is zero. It's about supporting fair labor practices, encouraging market growth, and showing solidarity with workers.;conseq, deont: principle, conseqstill;;CB
R_2tG4Q2BrbOP16rr;textile;20;0;The more positive the impact will be, the more likely I will support them to accomplish their goals.;;;conseq;;CB
R_2wjg7aOwlnkOGJd;textile;10;0;I would want the workers wages to be affected by my extra payment;;;conseq;;CB
R_1OlrJG25DjNz9eh;textile;20;0;One scenario had a positive consequence of me paying more than premium to help support the fairtrade. In the other scenario it wouldn't have no consequences but  I would end up paying more than usual for the product . So if I was going to pay more than normally for a garment, then I would at least want it to have a positive effect.;;;conseq;;CB
R_TvkOgb1egUmiDFD;textile;25;0;On one hand, I'm happy to make sure people in developing economies have a living wage. On the other, if my actions don't impact their wages whatsoever, I don't care for what marginal support to fairer wages buying fairtrade clothes provides.;;;conseq;;CB
R_2c0HdUEvWy4ohuc;textile;5;0;Because in situation two it doesn't matter if I spend more so why would I? It's throwing away money that doesn't benefit workers.;;;conseq;;CB
R_1KjOvRdQ9lLWyZ8;textile;10;0;I wouldn't want to pay more just to support a company. If it is to support the workers, than I feel it goes somewhere more important.;;;conseq;;CB
R_3hAck6szzib8v7l;textile;50;0;If workers wagers were clearly and transparently given higher wages I think a five dollar increase would be fair for me to pay as a consumer, but only if I could make sure fair trade worker wages increased, 5 dollars per garment, times 10 garments = $50;;;conseq;;CB
R_1eS5dNG346f9mNS;textile;10;6;my answers differ from each other because each question addresses different consequence.;;if the impact is going to be zero, then in this case i will be willing to pay extra.;other;;CB
R_31YPdz6wALYKQrY;textile;12;0;workers arent getting the boost so I wont pay the difference.;;;conseq;;CB
R_eCJyauldnomWHJv;textile;0;0;;;;;;CB
R_2YY5ZosmtQMsekm;textile;3;0;If my spending has a direct benefit to people who need it, and I can spare it, I would be more willing to pay extra than if my additional spending just benefits someone who is already wealthy/well-off.;;;conseq;;CB
R_3NDsZB68YoYFdWJ;textile;10;0;Why would I willingly pay more if no one but the company is benefitting from it? Pay more-Workers get more. Pay More-Workers get nothing. Seems like a simple decision.;;;conseq;;CB
R_1jctXo7KA4DbTx7;textile;2;1;I just went based on scenario and what I would be willing to give;;because it would help environment;other;;CB
R_D8h8anPKnA9Gi2Z;textile;10;0;I guess I would prefer that the workers receive more of the money back as in situation 1.;;;conseq;;CB
R_ZaSn2GPHF9j4tP3;textile;5;0;In the first scenario, the workers are being guaranteed more pay. In the second scenario, they are not. If they are not being given more pay there is no need to spend more money on something. However, that does not mean I would buy the item. If I knew they were not being paid more for the uptick in price, then I would simply not purchase the item. That would be the worst thing for the manufacturer.;;;conseq;;CB
R_u9NnOgQoRmK4igp;textile;0;0;;;;;;CB
R_4N1zYxceN3Cb3zj;textile;20;5;In the first situation I know that the extra money is actively helping these workers. In the second situation I feel as though it would not be directly affecting or impacting the workers.;;I would still want to support the cause and show that I am willing to spend extra to get these workers higher wages.;conseq, deont;;CB
R_1lyqJdGF2cTo7B6;textile;10;0;"I would pay more in scenario 1 because the wages would go to the workers; in scenario 2, I don't see any good cause to pay more money for it";;;conseq;;CB
R_2ONJHNXy2QKp8FO;textile;2;0;If I am paying towards a fair trade agreement, and some of my extra payment goes to the workers whom made the garment and cause there wages to go up, then its a fair mark up.  If I am paying a higher wage just to make higher profits for the company and not the workers, then my incentive to do it goes way down, since they do not pay their workers enough wage.;;;conseq;;CB
R_tRnp72cHjPWtUxb;textile;100;100;;Because an Extra 100 USD would go a long way in another country. I don't care if Americans would have to pay more, as long as the garment workers get paid more for their production of clothing.;Because it is about fair paying practices for the workers and has nothing to do with how it economically impacts the company or customers of that company. Both the company and customer can afford to pay more.;deont;;CB
R_3fLE2uLbMbJY0a5;textile;3;0;I think the workers should get fair wages. I expect that when the price is increased, due to fair wage, the money will to go to the workers. In the 1st scenario the workers got more money. In the second scenario they didn't. I would not pay extra money for the workers to NOT get more money.;;;conseq;;CB
R_cUBVOQhDDaJtyp3;textile;0;0;;;;;;CB
R_SUGfCXkUrWQitod;textile;100;0;If my extra pay gives more to the workers that make them to make their life better it is okay. If I am paying more and the workers get nothing, why would I bother? I don't see why I should pay more to go to the companies that are exploiting the workers. I'd be willing to do more for workers but not anything else.;;;conseq;;CB
R_s7IU6t8kgW2zDBD;textile;10;0;Each situation presented opposing consequences. Therefore, I opted to pay extra when workers' total wages would increase versus paying $0 if there would be no change in wages.;;;conseq;;CB
R_1j7W6h13O8GH0P9;textile;10;4;The workers increasing by the amount extra that I'm willing to pay is a pretty significant impact, so I'm willing to pay more for that.;;I would pay a bit more money to support the fairtrade company, even if it doesn't directly impact the employees' wages.;conseq, deont;;CB
R_2wNZlkRrccm4mSf;textile;30;0;I would want to know that the total wages are ensured to go up by my actions.;;;conseq;;CB
R_3iDN2BajhLeXlir;textile;8;8;;I guess this is implying the fairtrade workers are already paid enough so paying the extra to support their wages would be a good thing.;Well if they're paying their employees more, the garments will cost more. It's like when people pay more for handmade things because its a business style they appreciate and its worth the extra to support.;other;;CB
R_2cou0aXPkGTyb7k;textile;20;0;because my action does not have any consequence;;;conseq;;CB
R_1I5j5he7TyCLFcL;textile;5;0;I would be ok paying extra knowing it would go to help increases wages for workers, but I would not be ok paying more knowing its not increasing wages. To me there would be no point in paying more.;;;conseq;;CB
R_27qaruwNyzPRsoq;textile;1;0;If I was to pay more and they didn't actually affect the workers then I would just be paying more money for the same item. If I was able to pay more and know that the money was going to the workers then I would be willing to pay a little more so that the workers would get a little more.;;;conseq;;CB
R_33pUQygtPB7NQa0;textile;100;0;because i would only pay more if it benefited my works;;;conseq;;CB
R_1DSff0Nu6FPYzcI;textile;4;0;"In Situation 2 it doesn't make sense for me to pay anything in Fairtrade wages if the workers are not going to earn better wages.

In Situation 1 I just stated how much extra I'd be willing to pay. Clothing is expensive enough. I would make an effort to not buy too much clothing.";;;conseq;;CB
R_3oH00qX4XGHUxcx;textile;5;0;In these scenarios, one benefits the worker's directly, the other does not. I chose to pay more where I knew it would go to people directly.  The other scenario may cause less people to desire the product, but that is hypothetical.;;;conseq;;CB
R_vZvSQr2MDlM4gSJ;textile;50;0;If I have to pay more money I would want it to go to the people who make the garments.;;;conseq;;CB
R_30uuw4WjayhAA1J;textile;15;10;It is confuse for me. In one case it is good. I the other case it is bad. I think so.;;It is confuse for me. In one case it is good. I the other case it is bad. I think so.;other;;CB
R_2qF94R7sDVA6fix;textile;50;0;I would only want to spend more on fairtrade garments if it was actually increasing wages. If it made no difference I would not want to pay extra.;;;conseq;;CB
R_8HzJwH6YbS1Epu9;textile;15;5;One supports workers and the other doesn't. The workers will have to do more work at the same wage which is unjust.;;I hope that there will be some ethical benefit to the workers or organization since its fairtrade.;conseq, conseqstill;;CB
R_2AHfRZMplwp8KDm;textile;5;0;I would rather that the extra money I spend go to workers instead of the owners of the business that probably make large profits anyway.;;;conseq;;CB
R_R4yrGD4STPVuvsZ;textile;1;0;If raising the price would in fact really make a difference in the pay for the workers, I would gladly pay it. I doubt that would happen though. Likewise, your logic on the second situation doesn't make sense when you say that when you pay more for fairtrade products, that increases the demand and then the prices increase. I would not want to pay more if it doesn't change the wages for the workers.;;;conseq;;CB
R_2xSpDOhXmymJm0e;textile;20;0;This is all about increasing the wages of these workers,  Scenario 2 does not do that.  Scenario 1 say my actions will increase the wages of these workers, I chose to spend 2 dollars more per garment - thus increasing their wages.;;;conseq;;CB
R_25zjhmNTIHrn95E;textile;10;10;;Because I like things to be even;Bc it still supports fair trade;deont;;CB
R_bmBsz0KESVM0Ied;textile;0;0;;;;;;CB
R_2eUqnayNY41FEwo;textile;10;0;I would pay extra to benefit workers only.  I would not just pay extra and no one benefits.;;;conseq;;CB
R_3fTRZgNf90bvKXw;textile;10;0;If it doesn't help the workers who need it, there's no point.;;;conseq;;CB
R_31Y6LiGhEzUtyw6;textile;5;0;If the workers aren't getting more money, I'm not giving more money.;;;conseq;;CB
R_23VjtjgfeXw4a1w;textile;100;0;"I don't really understand the situations. In the first situation, I didn't know if it was asking how much more I would pay per garment or how much total. My answer ""100"" is for all 10 garments total. In the second situation, it seems like the second situation offers no benefits to the workers, so how is that fair trade and why would I pay more?";;;conseq;;CB
R_25RaXKSxJ5OcGLI;textile;20;0;because in the 1st scenario there would be a change on the wages but in the 2nd scenario there wouldn't be a change;;;conseq;;CB
R_23W92vuK2XEkmtY;textile;10;0;If it's zero sum I will happily give more money to the worker. If it's an elastic enough market that my extra spending won't improve wages then I will use it to participate in a market where it will. I have the internet. I make these kind of decisions regularly. My hoodie is made by a dude in Portugal who I deal with directly. My pants come from another artisan maker. I can buy undergarments and solos from Berne and a few other places that are at least final assembled in the US.;;;conseq;;CB
R_2fINxmhS2kzwlvF;textile;2;0;By me paying extra money for the garments, ultimately there is no increase to the wages of the workers which was the intent.;;;conseq;;CB
R_1gBalPxyidFzOWA;textile;10;0;I would only pay more if the workers wage changed because I know that money is going towards them.;;;conseq;;CB
R_2EEHKQRL9stHapf;textile;15;0;I would not want to pay any extra for the second senario because it does not actually help the workers and just makes the company look better;;;conseq;;CB
R_1cSUYIpsrKpPxuc;textile;20;0;If the workers wages don't change then I am not really paying to support fair trade wages.;;;conseq;;CB
R_1DMaoL42YvkPLG3;textile;0;0;;;;;;CB
R_262vXsF9XGTs63E;textile;100;0;In situation 1, the temporary increase in the cost to acquire would lead to impact. In the second situation, there's not really any additional impact.;;;conseq;;CB
R_9YsnDWTwhHEFWqR;textile;20;0;In number 1, my extra money goes directly to the workers. In the 2nd, it would just go to the company. So why would I spend extra?;;;conseq;;CB
R_1lh0VtUT0Txa4Wu;textile;100;0;In the first scenario, my purchasing had a direct impact on someone.  In the second, it had no impact.  It would be good if everyone would buy less, like the second situation said was a possibility, to stop fashion waste, but in this scenario there were no direct benefits to anyone that were known other than that.;;;conseq;;CB
R_D1Vxjy31mjAoEw1;textile;10;0;If my contribution doesn't make a difference, I'd rather save my money and invest it elsewhere.;;;conseq;;CB
R_3jVCZzjGAgcAbIL;textile;10;0;Because there is no wage benefit from spending more. There's no point.;;;conseq;;CB
R_1lhjN4AUCEYn3Dx;textile;0;0;;;;;;CB
R_1LCQtEKv3yDnQB3;textile;50;30;Its important to me that the workers making items i purchase see the price difference i pay.;;The garments are still fairtrade which is still beneficial.;conseq, deont;;CB
R_1FQClzNQvKhFklq;textile;20;0;When a price increase helps out other actual working people, and NOT just corporations or large businesses, I feel it's fair. Everyone should get paid for their work in a fair manner. However, if a price increase is due to there not being enough product and high demand, thus the price increases to have less people buy it, then it will work. Because I won't be buying something more expensive just because it's more in demand. Especially if I can not afford it.;;;conseq;;CB
R_DhIaREWmarE8HTz;textile;0;0;;;;;;CB
R_2yd9Y80y6IIRXxR;textile;20;0;Provided that the scenarios are true and that the money would indeed go to the workers, I would pay more for clothing if it meant the workers would get paid more. If paying extra has no effect on workers' wages, it could mean the money would go to the CEOs or managers instead, and in the modern day, leadership roles are way too overpaid.;;;conseq;;CB
R_3iF6SBxZFt6KKfo;textile;20;10;I would be more apt to pay more if it benefits those that are making it. Similar to a tip, if your server gives you more service you tip them more.;;If the demand was higher, and I wanted the item I would pay more. But not as much as it is not beneficial to the employees.;conseq;;CB
R_1ewJyyclKczr7jt;textile;15;0;If only the corporation benefits then why would I pay more money? The expectation is that my money would benefit labor.;;;conseq;;CB
R_BKPPZKeOj4usEj7;textile;20;0;"I would like to help the workers,,not the supply chain
";;;conseq;;CB
R_3NXn74oy2sBfoIt;textile;0;0;;;;;;CB
R_28YtXSZaqQIefL7;textile;20;5;;;;;;CB
R_1rOqgxoKsQEM1Jo;textile;10;0;Cause workers wages do not change.;;;conseq;;CB
R_2SiuanzGFHltqar;textile;1;0;I would be open to paying more if it actually made a difference, but I doubt that it would.;;;conseq;;CB
R_cXVmaDQVQEfzSq5;textile;2;0;I don't want to pay exxtra if it doesn't go to workers;;;conseq;;CB
R_25tKzl29WpmcFKZ;textile;2;0;I would support workers by paying extra...rather than paying extra and my money is not used for the workers.;;;conseq;;CB
R_2q7zu79VoskukQo;textile;10;0;Because the workers would not get any extra pay.;;;conseq;;CB
R_UPY097Cdk2uBOIp;textile;5;0;In the first scenario, the extra is having the intended effect of increasing wages.  In the second scenario, there is no benefit other than increased profits to the manufacturer.;;;conseq;;CB
R_3nitwH1LOilFYbf;textile;1;0;One benefited the workers and the other didn't;;;conseq;;CB
R_1DUslKKYyufoTOu;textile;30;0;The only purpose for me paying extra would be so that workers were able to make more. If that isn't happening, then i would not be willing to pay more.;;;conseq;;CB
R_2S1SZQ5MQHXOI5u;textile;0;0;;;;;;CB
R_2wEyHeHOjEx23kE;textile;20;0;I am already paying $20 more which is all I could afford and this would be a stretch so there's no point in agreeing to pay less because it would do no good and beyond $20 would be out of my budget.;;;conseq;;CB
R_1LzhZushe50eIbT;textile;100;0;I would be willing to pay much more if I knew that my increased spending directly impacted increased wages for the workers that made the garments.;;;conseq;;CB
R_T0FFPJZsydhRGHD;textile;2;2;;Because both support their wages.;I understood the starting wage would be higher in option 2.;other;;CB
R_3HNOi2XjSCFqoN2;textile;3;0;If paying more for garments increases the wages for employees, I have more interest in paying more. If paying more for garments does not affect the wages for employees, I would not want to pay more because there is no benefit.;;;conseq;;CB
R_1H5lr3FlGBmdkOx;textile;20;0;The additional price would not go to the workers in the second scenario.;;;conseq;;CB
R_2645K0wgxfbr8B2;textile;10;0;I would only want to pay extra if it has a positive benefit on the workers vs. the companies who are already underpaying them.;;;conseq;;CB
R_rjzYWP70Q9JYLgl;textile;10;0;I would spend more only if it yielded positive consequences for workers;;;conseq;;CB
R_1Hi7Z9UY1U8yrea;textile;20;0;because if the workers aren't getting paid more I don't want to pay any extra. The owners and CEOs don't deserve extra money, if I'm paying more I want it to go to the workers who actually need it.;;;conseq;;CB
R_8pNsNjhkrHZUTSx;textile;5;0;"Was I supposed to give the same answer??&gt;";;;other;;CB
R_2eRwlnhSQFY8n1s;textile;0,25;0;If the workers are getting that money, it's one thing ... even though I can't afford the extra money for the garment. If paying more & the workers are not getting the money, it's likely the middle man, aka wholesaler, is upping the price.;;;conseq;;CB
R_Dcm4D6W7qw6pvqx;textile;5;0;I would only spend more so that worker waged could increase.  If I can not help the workers out then I wont pay extra.;;;conseq;;CB
R_3PLl6ph1Jts8JTK;textile;100;0;The reason to buy products produced to support fairtrade wages is, in fact, to provide that the people producing these products getting increased wages.  If the workers don't get increased wages, then there's no reason to buy these products.;;;conseq;;CB
R_RmAm5XHkCzKGLFD;textile;20;20;;I gave the same answer in the two situations because I believe in supporting the cause irrespective of the impact, even thought I will be more delighted that it would have a better impact. I gave the same amount because however it may be, it might affect someone's life.;I would be willing to give money in situation 2 because I believe that it would somehow positively affect someone's life. And, I also believe that somehow it would make an impact.;deont, conseqstill;;CB
R_1fg9KTcUa97woB9;textile;10;0;If the increased cost of the garments does not directly help the workers then I am not willing to pay it. I have no interest in helping the executives of the garment industry increase their profits.;;;conseq;;CB
R_TpBt23HHpRCu0Rr;textile;1;0;If I could raise worker wages without paying too much (1 dollar), I would, hoping that others would too so it would add up. If my contribution doesn't affect wages, I would not pay any more than I need to.;;;conseq;;CB
R_273Axpgw3XO6mj6;textile;30;0;"In situation 1 I would be happy to pay more if I knew it would lead to more money for workers so individuals can earn a living wage. However, if workers would not benefit from the increase in prices, then who would benefit? I wouldn't because I am paying more and the workers wouldn't and would continue to earn less than a fair wage. The only people who might benefit would be the CEO's and owners of the corporations and to my mind, most corporations make enough profit. I am not a believer in the whole ""trickle down"" effect touted by some more conservative economists.";;;conseq;;CB
R_2tG0r8cIHmX6Bk1;textile;10;0;I only want to pay extra for the workers to get paid higher amounts. If they are not going to be paid higher wages, I am not going to choose to pay higher amounts for the items.;;;conseq;;CB
R_2scFpfXcAMb5r2q;textile;5;0;I would do it for consequences;;;conseq;;CB
R_1pQILddwcMSxOmC;textile;10;0;I am not completely sure but I do not see a need to pay more for a garment that does not benefit the workers. It also increases the price and then decreases the demand. That will reduce the number of employees if the demand goes down.;;;conseq;;CB
R_3DcOjyqHbk8UKIl;textile;2;0;In situation 1, the increase in price went to the workers.  In situation 2 it did not.  I would not pay more for a garment if it only helps the company.;;;conseq;;CB
R_3LipvieA46pXwzI;textile;0;0;;;;;;CB
R_2uOjBreaSdrhLNh;textile;20;0;i am only willing to spend more if i believe there is a positive outcome and consequence;;;conseq;;CB
R_1rjHTG1umRP8Uki;textile;10;0;The entire concept of freetrade products is that the profit is directed back to the workers more directly. I'm willing to pay a more premium price in these situations. But if the money does not find its way back to the workers, I have much less incentive to pay a higher price.;;;conseq;;CB
R_3GD1x0BxywYRajr;textile;30;10;Because the workers would directly benefit, similarly to giving someone a tip on top of their earned wages.;;I believe there are other benefits to purchasing fair trade products and would want to encourage it.;conseq, conseqstill;;CB
R_30pCkwRR0aMErrN;textile;2;0;I would only pay more if the workers were receiving higher income;;;conseq;;CB
R_2D5h4KouiGgGvcd;textile;0;0;;;;;;CB
R_1gkEgkEmJy7vUPG;textile;1;0;I only want my increase to go to workers;;;conseq;;CB
R_10PkuJvCl5bd7JQ;textile;0;0;;;;;;CB
R_3qD5GIB9NNmlF7u;textile;10;0;I would only pay the additional if it went to the workers.;;;conseq;;CB
R_uqzYUmiLz5yKKel;textile;5;0;"The first scenario was stated has a very definite 100% response to my action. That is I was guaranteed that for every dollar I spend $1 coast to what cause that I for the most part believe in. 

In the second scenario, I was almost guaranteed that the opposite is true. My additional expense results in no actual benefit to current workers. I could say that My additional expense indicates to some marker that I am willing to pay more towards a fairness goal. But I don't think it's worth spending my money if there's no immediate benefit and it's unlikely it would have any future effect as well.";;;conseq;;CB
R_1mqFaCIO8NuxDbF;textile;200;0;I would have a hard time paying more for garments just because they are in high demand or the market value of them is higher (assuming there are cheaper alternatives). But if i know I am having a direct impact to a cause, I am willing to contribute.;;;conseq;;CB
R_AzfdUMA7mupcJyx;textile;50;0;I would pay more for garments so that a suffering worker would yield more wages for their own support.;;;conseq;;CB
R_CkVyFWwkkbcTDy1;textile;1;0;I would not pay more if wages for workers would not increase.;;;conseq;;CB
R_2AT4QojBfgZLvB4;textile;1;0;Why would I contribute to something that is not really fair trade;;;conseq;;CB
R_3etq7FJKztYali0;textile;25;0;"If the workers benefit from the increase I pay for their garments, I will pay it.
If not, and the money does not flow back to the workers, I will pay normal price or not buy the items at all.";;;conseq;;CB
R_XNe6pFkZ8J2zstz;textile;20;0;If my change to supporting Fairtrade does not result in improvement for the laborers, why pay more?;;;conseq;;CB
R_2CU5921QOZLWtWP;textile;0;0;;;;;;CB
R_8kTzIsYw4RjRJst;textile;20;10;I would be most interested in supported the workers wages;;It seems better to support non conventional;conseq, deont;;CB
R_3KQ7btGkb7OUUIc;textile;0;0;;;;;;CB
R_4SLnrRzgMT1V4xb;textile;30;0;I am willing to pay an extra $3 per garment if the extra money goes to the garment workers. But I would not pay more if the workers didn't receive more pay.;;;conseq;;CB
R_2pVHdSM7Q0ZI516;textile;20;20;;I believe that agreeing to pay more will, eventually, assist in boosting the workers wages in the long term and the demand will eventually balance out.;As noted above, I am in agreement for paying $2 more per garment, as I believe the market will, in the long term, rebalance.;conseqstill;;CB
R_27stv0j8748Hp7s;textile;10;5;I want to support fair trade, but would rather that the workers got the money.;;To encourage free trade practices.;conseq, conseqstill;;CB
R_1l9mHlZyc5IyP2G;textile;20;0;No impact so I should not pay any additional money;;;conseq;;CB
R_TwkU40M3jtWjVgl;textile;20;5;The salaries of workers should be of primary importance to the business once it is established. Any profit over what should be reasonably expected should to to the workers who manufacture the goods.;;The purchase of these goods would still encourage the growth of fair trade products, which is a net positive.;conseq, conseqstill;;CB
R_1nUxXtRSVtJgzXL;textile;2;0;If the additional price is not affecting the workers making it, there is no point.;;;conseq;;CB
R_bgu4HorgSKYXNFD;textile;0;0;;;;;;CB
R_3F5wIZvfGo9dXKw;textile;50;25;If my actions had direct effect on the wages of the workers, I am more willing to pay additional money, knowing it will benefit the workers directly.;;I would hope that the additional cost would maybe go to the organization's overhead and still benefit the workers in some way.;conseq, conseqstill;;CB
R_3D0wye17jEJQoY0;textile;50;0;I don't want to spend more money unless it'll make a difference;;;conseq;;CB
R_1exhoR69wQE4fwl;textile;5;0;If there is no benefit to the workers, there is no point to pay extra for fair trade.;;;conseq;;CB
R_2ZDCLib04ny3ExL;textile;0;0;;;;;;CB
R_2EAANzYWqpy0fuD;textile;10;0;In the first situation, the money would (supposed to) go to the workers.  The second, it doesn't.;;;conseq;;CB
R_1YRl4eVJmzAYuBj;textile;5;0;I would not change my action if there was no change;;;conseq;;CB
R_DqMfHPTbcP8a4BH;textile;5;0;For #1 I spent $5 more because the workers will get the money and they should probably get it because they make it. For #2, they don't get any extra money so I won't spend any extra money.;;;conseq;;CB
R_TixOYZsA6vyglkl;textile;15;5;;;;;;CB
R_2dnbSuoEIQ7iX5V;textile;10;0;I would be willing to pay a little more if I knew it was going to the workers, and not the conglomerate companies controlling them. I support those who work hard and believe they should be compensated fairly, so if the prices are going up just because of demand, I would not be willing to pay more for the same item.;;;conseq;;CB
R_2mWXJmCK6eCBQvT;textile;20;20;;I think in either scenario, supporting fair trade items is good. I'm not contributing to the fast fashion and low wages for non fair trade and that's enough for my conscience.;Because I know that fair trade items cost more, so if I want to avoid the lower wage items, I need to spend more. I would buy less over the long term, though.;deont;;CB
R_1dyj5EOXduaLDOt;textile;50;0;im not going to pay more per garment if the workers do not benefit.;;;conseq;;CB
R_1QrA9ZX54hIelwg;textile;2;0;If me paying extra would increase worker's wages, I would definitely pay more. But if me paying more would actually not increase their wages, I would just be paying more for nothing.;;;conseq;;CB
R_yxxkQwe6lkuLGE1;textile;100;0;I would only pay more if it directly and significantly improved the creators income. Otherwise, I wouldn't pay more. Given that all of my choices are constrained under a capitalist market, I am happy to spend more money to support better working conditions and wages as long as that cost is fair and the extra money does in fact increase working conditions and is financially equitable for both me the consumer and the creator/manufacturer/laborer.;;;conseq;;CB
R_T6eSoioEcL46IM1;textile;2;2;;You asked what I would be willing to pay extra. 2.00 is the most I would pay extra for the product.;I have to consider my own monetary situation, which in retirement is pretty fixed for me plus I have considerable medical expenses on top of that.;other;;CB
R_3NwxTuazuKvuVuG;textile;0;0;;;;;;CB
R_UzHZiOW8QiydcEF;textile;2;2;;I just don't really think that an action from one person (myself) is really going to have much of an impact on the wages for all workers. Also, I don't really know many more details like how much wage is expected for these workers in these countries. When I don't have complete information, I'm often wary that something is legit or not. If I had more information, I might be willing to give more.;Just because the wages don't increase, doesn't necessarily mean that changes weren't made. Workplaces could of become nicer or safer, or something else that doesn't translate to a monetary value increase for a worker.;conseqstill;;CB
R_Tvf1upeoVECIhVL;textile;150;100;Because one situation is making a clear impact and the other is not.;;I would be wiling to pay more by knowing that it would directly benefit the workers who do not often get paid fairly. If I was not seeing that direct benefit, I would still want to support fairtrade companies over those who are not, but I think I would feel like I am padding the pockets of the CEO or others who make A LOT more money than the everyday worker at this company;conseq, deont;;CB
R_T5UycRam5PnQPVT;textile;10;0;By paying extra in the second scenario, I would be putting more money into the pockets of those already taking advantage of their employees.;;;conseq;;CB
R_3OcNWQ3AMFAjGhH;textile;10;0;I will not pay more for garments if it has no affect on the worker's wages. I will pay an additional 10.00 more for the 10 garments only if it helps the people. I don't want to pay more if it only helps the company's profits and making it more difficult for people to purchase them because they cost more.;;;conseq;;CB
R_3iUp6BpPQdcBbFO;textile;10;0;If my actions have no consequence, then there's no practical reason to spend more money. I would argue that spending more money on no change makes the situation even worse.;;;conseq;;CB
R_26gLjCOthJkRnFJ;textile;10;0;Why would I pay more for fair trade garments if it has no effect on the worker's wages?;;;conseq;;CB
R_BLKmpir0UdFCd6p;textile;10;0;"Why should I pay more to the management and stockholders of a 'woke' company if the workers don't actually benefit?

";;;conseq;;CB
R_2Swf3fab2zbbfSW;textile;10;0;Because what I'm interested in is helping the workers.;;;conseq;;CB
R_er3oZ43FhiKBX1v;textile;10;0;I guess because it matters to me that if I'm paying more, the people who are being screwed over the most are going to be screwed over less?;;;conseq;;CB
R_9StvmeJbffAvRx7;textile;100;0;I would want the increase to go to the workers they deserve it and work hard other countries do not have the same liberties USA enjoy;;;conseq;;CB
R_1OBTRx9GG4L0Ojf;textile;100;0;I am willing to pay more if the money actually goes to the people but I am not willing to pay more just so companies and fat cat executives can line their pockets and continue to oppress the workers.;;;conseq;;CB
R_1dGKJGXT57TZs7W;textile;20;0;In one case, worker wages would increase when I pay extra for the 10 items. So I have an incentive to spend more money. In the second case, worker wages do not increase. So increasing my cost has no moral benefit, unlike situation 1.;;;conseq;;CB
R_2Cx15LpizFGRY22;textile;0;0;;;;;;CB
R_3RjF6eUwIM1voF3;textile;2;2;;I DON'T FEEL THEY WOULD GET THE INCREASE;I FEEL UPPER MGT. WOULD POCKET THE MONEY;other;;CB
R_1pYFCm6XLm1vWaq;textile;35;0;The whole point of the fair trade program is for workers to get fair wages, if their wages are not increased then there is no reason to purchase a fair trade item over an other.;;;conseq;;CB
R_2xLEP9QtBBJ7ARp;textile;3;0;I'm most interested in income inequality and getting more money into the hands of workers.;;;conseq;;CB
R_3nrBwvFdvhh25dM;textile;100;100;;Scenario one is really a no brainer. Paying extra helps someone, so you feel good paying the extra amount to ensure a fair wage and life for a worker. Scenario two is trickier, because you don't get that dopamine charge that comes when you know you've done something that makes someone better off (and yourself happy). However, if you truly believe in a just world, you should pay the extra fee.;.It's all about justice. While it may not feel good to pay the extra money, it is only fair if you believe people have a right to a decent living.;deont: principle;;CB
R_3kFVJgfEJoig7xZ;waste;50;0;Why pay more when I know it won't make a difference?;;;conseq;;CB
R_2rp87SYyNqhgxmh;waste;67;0;This is because in scenario 2 the impact will be zero;;;conseq;;CB
R_2y7ujSnmEL9tfjl;waste;100;0;Why should I pay if it didn't have a positive effect across the world.;;;conseq;;CB
R_3QYRDkhyZrFhRgn;waste;0;0;;;;;;CB
R_2WGXR2D0ifx1NPv;waste;10;0;If my increased cost for using less non-recyclable waste resulted in an effect on the total amount of waste, then I'm willing to pay it. I'm not willing to pay if my decrease wouldn't change total waste.;;;conseq;;CB
R_2V8FRZRoYHlDsRF;waste;5;0;I would only be willing to pay extra if I knew that it would contribute to the global cause.;;;conseq;;CB
R_3E6jnbh4TBdZ2mt;waste;20;20;;Because in both cases we are reducing waste by 100 pounds and to me it wouldn't matter that the consequence is different since in both cases we are reducing waste.;Because I'm still reducing waste that I'm producing even though it doesn't impact overall community waste.;deont;;CB
R_sNGAZB26K13mBW1;waste;10;0;Because in the first scenario, I would be making a difference, so I would be willing to spend money on that. In the second scenario, it wouldn't make a difference so it wouldn't be worth spending any money on. Again, seems obvious so I don't know ...;;;conseq;;CB
R_Qnq0mhaNdgaIO2Z;waste;13;0;was already paying for recycling monthly of about that amount, but then the city removed it for no reason. As for the 0 $...we no effect why the hell am i even bothering?;;;conseq;;CB
R_12PgXNnFD9jqsxw;waste;10;2;I really don't want to spend money to reduce it either way. but I would be willing to spend a tiny bit if it was actually helping and making a difference. But not very much money because I don't have alot of money therefore I don't have alot of resources to save the world.;;Well I honestly thought that picking zero was not an option. So I picked 2 bucks which is the smallest amount I could think of!;conseq;;CB
R_2471xBsCq0brQou;waste;50;50;;While it doesn't impact others or the whole word, it does affect me and maybe it would give me the chance to affect someone else where they would want to do the same as well.;"Like I said in the other answer, though it doesn't affect the world it does affect my small world; and getting rid of waste is productive, good for the Earth, and a small step towards greater things in the future.";conseqstill;;CB
R_2QMWvexEQWpx7Dv;waste;15;1;If the effect is global, it is worth paying. If it only affects me, then I don't want to pay that much.;;It is difficult to dispose trash in general since I live full time in an RV and travel.;conseq;;CB
R_3fiUuKRtULcjTDO;waste;25;25;;I would still pay the same to reduce my own non-recycllable waste by 100 pounds because it would make me personally happy to contribute to the environment;See above;deont: feelgood;;CB
R_Zf9k1GYcTe2hGy5;waste;10;10;;I would personally make a difference knowing the actual figure given to me.  If it was less clear or transparent than my decision would have been different.;I would still make a difference because I actually know exactly how much I'm reducing.  If there was no hard number given to me, I would've not spent any money at all.;deont;;CB
R_3KuSKD7KUAPUWYy;waste;10;10;;You have to show what the impact would actually be rather than the honor system;"I want to help but if others don;t it may be pointless";other;;CB
R_1dB2jArKwZbcs46;waste;0;0;;;;;;CB
R_1pARSFokxrJZVNF;waste;20;0;My overall contribution helps if others participate only;;;conseq;;CB
R_22W87RDpGRmzGvY;waste;1;0;One makes a difference, the other doesn't, in fact might actually contribute to more waste. And why does recycling have to come at charging more?;;;conseq;;CB
R_10Iyd9cfxKGsmPE;waste;10;0;Because if what I am doing makes absolutely no difference, I am not willing to pay more for a product.;;;conseq;;CB
R_2xXl5ffOR43unJv;waste;10;0;different outcome;;;conseq;;CB
R_2963Y1sDoGt58gC;waste;40;0;I would not want to spend money on a lost cause, as I am super poor already. I need all the money that I can get to survive. Why spend my hard earned money on something that makes no difference?;;;conseq;;CB
R_1dlSAHZVyXY07zw;waste;500;0;"In the first scenario everyone many people are motivated one way or another to pay to reduce waste. This is likely through a government sponsored or regulated program such as bottle/can recycling. You pay a deposit and that deposit is returned when the bottle/can is recycled. It may not be yourself that collects the deposit back whether you recycle that item with trash collection or otherwise, but those items are diverted from the landfill. 

In the second scenario people are either cheating the system and hope that everyone else makes a change BUT themselves, or no one is  motivated to make a change. Meaning the change is likely voluntary and I am not willing to pay money that will have no effect. I am also not willing to pay money so other can take advantage of that and do less.";;;conseq;;CB
R_2ygD8IDkuMWosoI;waste;30;0;I would only pay money if my action had positive consequences.;;;conseq;;CB
R_1lxDFwH8hg6fT6y;waste;100;10;Even though the total amount in the world would not change, it is important to me personally to contribute to the cause.;;Because it is moral and ethical.;conseq, deont: principle;;CB
R_bEoU7jlKOcfiZG1;waste;20;0;If it makes a net difference, I am willing to pay to help. If it doesn't matter in the end, I don't want to waste my money on it.;;;conseq;;CB
R_3EMss26eI84NEc0;waste;0;0;;;;;;CB
R_3fAYbpczKepionm;waste;100;100;;Doing something like this is something I endeavor to do as it is, and even if it wouldn't have an impact on the world or the local area on its own, I still would put out the same amount of cost/effort it would take to do so. I feel it is important to try to my part to help overall.;Like I said above, I feel that it is important to do my part to help, even if the impact amounts to no change. Perhaps others might learn about or see what I'm doing and thereby try to change their own habits in response. Even if not, I know at least that I'm trying to make a difference, and that's better than doing nothing at all.;deont: ownpart;;CB
R_278KQ9t9MSLirKA;waste;50;0;If the change in consumption is not changing the global consumption it does not seem as important;;;conseq;;CB
R_3O18SJXJEqXsnlx;waste;1;0;I would pay double to have an actual positive impact;;;conseq;;CB
R_2qpXnnljKDC8mKg;waste;0;0;;;;;;CB
R_3sak1xtSrOz2PTL;waste;100;100;;I would still like to be able to reduce my waste to help with the environment any way I can.;I would still like to do what I can to reduce my own personal waste.;deont: ownpart;;CB
R_305XNCEPAWgHZWu;waste;10;0;One has an overall bigger impact than the other.;;;conseq;;CB
R_1FmoXwPHuggZtOI;waste;5;0;I only want to spend money on something that actually makes a difference.;;;conseq;;CB
R_2rOyQHnEppH8m5y;waste;20;0;There is no change in the total amount of waste so why would I want to pay for this when it makes no difference.  I would only pay if I knew for certain that 100 pounds of waste would actually be eliminated.;;;conseq;;CB
R_2qgDW7O9wcxJBcI;waste;5;0;One choice makes a difference but the other doesn't. What would be the point of paying for nothing to happen?;;;conseq;;CB
R_bdQEveGxEQS1OCJ;waste;5;0;"In the first scenario my actions have value; in the second scenario my actions have no value";;;conseq;;CB
R_1N8hBqiz90l7tkj;waste;20;0;Because in first  situation there is an effect to my action there will be total waste reduction . but in the second situation there will be no impact no matter how much ever i spend on  recyclable waste;;;conseq;;CB
R_3iEUTXKXiJkSf1E;waste;10;5;In the first scenario, my reduction is going to make a difference and I would be willing to pay a little more.;;In the second scenario, my reduction does not affect the total waste so I would not be willing to pay anything more for something that will not be a huge impact.;conseq;;CB
R_1K7qlnSnNqzNHML;waste;50;20;because it's much more expensive to reduce waste with positive impact.;;It's worth the gamble;conseq;;CB
R_RazNnYrlCLAH7i1;waste;0;0;;;;;;CB
R_2B4CqdvN9L4NiwQ;waste;50;30;Knowing how much of an impact it would be after looking at each scenario, I wouldn't pay as much.;;I would still want to contribute, but not as much.;conseq, deont;;CB
R_27BCXtuBYEIObxQ;waste;100;100;;Whether the total amount of non-recyclable waste in my community, etc., changes or not is irrelevant. I would still want to do my part to reduce my personal non-recyclable waste by 100 pounds.;I would still want to engage in environmental practices such as reducing non-recyclable waste to be consistent in my behaviors.;deont: ownpart;;CB
R_3Ga0wlbkKOsLr1T;waste;50;25;I would be willing to pay more to make a difference in the impact. I will pay less if I am not helping the situation. I hope I understood the passage right and gave a good answer;;I would be willing to give more if I was making a difference in the impact. II hope I understood the passage righht and gave a alright answer;conseq;;CB
R_1q3T6eT3TyYAPP6;waste;200;0;In situation 2, my contribution does nothing and my environmental impact is the same regardless if I do it or not. I do not want to pay extra for nothing.;;;conseq;;CB
R_1cY9sI9C7QCRk7J;waste;25;0;If there is no difference and nothing changes, I would prefer not to pay money that I don't think is going to a good cause;;;conseq;;CB
R_3fdH1vlS73vX1dh;waste;50;15;If me giving $50 which is not that much guarantees a cleaner planet I would make that sacrifice. If it doesn't not so much. this requires everyone being on the same page;;I would like to help the planet however i can and doing something rather than nothing is good;deont: ownpart;;CB
R_2xLfmmLs0jhNMlF;waste;50;0;The first situation I would pay $50 so that there would be a change in the consequence whereas if there wasn't any change, well I wouldn't pay anything extra for it.;;;conseq;;CB
R_2SCbEsvxt16zyuV;waste;10;0;In the second situation reducing waste makes no difference so why pay extra to reduce it.;;;conseq;;CB
R_2whu2JSWD9Lj4x0;waste;300;300;;It will help in reducing non-recyclable plastic waste and it will be beneficial for our health;It will be cost-effective and environmentally sustainable;deont;;CB
R_1mK06ZhBa4rfZ3j;waste;1;1;;don't want to pay;Don't know;other;;CB
R_2zSFQanIbe5O2NK;waste;50;10;The first scenario provides a direct, tangible impact that I can see for myself and know is working. I'm willing to pay a little more for that assurance.;;If it would make it cheaper for someone else to dispose of their waste, it's still worth paying for, albeit less than the above because the impact won't be known to me.;conseq, deont;;CB
R_21GlUNjhpWXrciG;waste;0;0;;;;;;CB
R_3lERHtqv3d5Cah0;waste;20;20;;I would be willing to pay a little more to reduce my non-recyclable waste, but I don't believe it would make a difference. I feel like I am just incurring additional costs for nothing.;I would want to do my part to help protect the environment. I can't afford to pay much more than I already proposed.;deont: ownpart;;CB
R_3h3YNQnckBPbkEg;waste;1;0;I would give a dollar, it would help reduce some, but a worldwide reduction of such a low amt is likely to have little meaning.;;;other;;CB
R_1QsB7HZjNkE9bpq;waste;12;15;I'm cheap! I would slightly more to help me feel better than even though I'm doing what I can, it still doesn't make a difference. If paying would help make a difference, so be it.;;I misunderstood. I thought I would be paying to help offset what others did not do.;misunderstanding;;CB
R_AvBGVTYXHDBksJr;waste;5;0;I really can't afford to pay any extra since I am already paying a lot more for gas and what is needed to heat and cool my home. Therefore, I don't think I should have to pay any extra when I already am.;;;other;;CB
R_10MYzdJ2r8zmYTV;waste;0;0;;;;;;CB
R_oZfi3bbnHcX2srD;waste;20;20;;I already try to recycle as much as possible but my family (myself included) is lazy and often just throw recycling away in the regular trash.  However, like I said I do try to recycle as much as possible so I feel I could at best spend a small amount of $20 (financially that is all I could spend) to try to reduce the waste my family creates because we've tried to do so for years now so even if everyone on my block does not recycle we still try to so irregardless if if impacted anything at all we would still tend to try to do this.;Well like I explained, its something we've personally been trying to get better at and do for ourselves, and for the future because we do know its important.  So even if no one on my block recycles we are trying to make it a habit and we know so many others are too so I think on a global scale the more people who make it a habit and do this the better it will be for all of us and for the future.;deont;;CB
R_8Dpe6duASSXA0Ol;waste;10;10;;I believe it is my personal responsibility to reduce waste, regardless of whether it affects the global total. I can feel better about myself and the environment knowing I am taking the ethical and moral actions.;I believe that it is my ethical and moral responsibility to reduce waste regardless of the overall implications. I do not expect a reward or benefit, and perhaps me doing so might encourage someone else to do so in the future.;deont: ownpart, deont: feelgood, conseqstill;;CB
R_23abSvUScAGvaIu;waste;0;0;;;;;;CB
R_Ck6T522Ef8BGpi1;waste;10;3;one shows more of an outcome while the other didnt so its worth less;;because it is still an impact for yourself overall so it still has some value;conseq, conseqstill;;CB
R_2Bo02IWwhcVxtG5;waste;20;20;;Seems like a reasonable amount;It helps the environment;other;;CB
R_2rvAcFK6Z1lvuvo;waste;25;25;;I believe that it's still important to recycle, regardless of how others may or may not take advantage of it.;Well, I'm still reducing MY OWN non recyclable waste output, and even though others are taking advantage of that, I'm still being more responsible which could possibly have the effect of others being responsible eventually, kind of like a chain reaction.;deont: ownpart, conseqstill;;CB
R_4SjKRqG5ofsNYMp;waste;10;0;if i have no impact, why would i spend more money for it?;;;conseq;;CB
R_xhlhrTMHH5cFEEp;waste;10;0;I didn't feel like I should pay anything if it doesn't make a difference.;;;conseq;;CB
R_2rGRcQpfAIvLSVG;waste;20;20;;While my efforts did not change the total amounts overall I would still feel better about myself and what I was trying to do to make the effort.  I feel that the $20 would be well spent for what i would get internally regardless of the outcome.;The amount in the overall big picture is not very much and if it could help reduce my waste by 100 pounds it would be worth it.;deont: feelgood;;CB
R_SAGzWUmWLe88q7D;waste;20;20;;Simply indicating that I would be willing to pay to reduce waste whether it made a global difference or not.;Because, I think you have to start somewhere and perhaps others in the community could be persuaded as well.;deont, conseqstill;;CB
R_1NbrK1X7hdaFTQG;waste;100;100;;The value of reducing my non-recyclable waste is the same even if it doesn't change the amount of non-recyclable waste, I am reducing my amount of non-recyclable waste.;I pay more for recyclable packaging now and it doesn't make a difference to the amount of garbage but it makes a different to my amount of garbage.;deont;;CB
R_8cBSxNBiRucdSEx;waste;0;0;;;;;;CB
R_2WBx9RJZXPyCgr9;waste;100;0;I just went with my gut instinct. If paying reduces my recyclable waste by that much, then I'm willing to spend some money. However, if it doesn't then there's no point to be quite honest.;;;conseq;;CB
R_1HdWwArwsHYwJ1n;waste;15;15;;What I do  when it come to recycling is dependant on my beliefs. I believe recycling is important and I like to recycle . So even though it can or cant change my community or the world I do it because it important to me.;I didnt say i would pay 0;deont: principle;;CB
R_1DBWNJ7Hw80gDgL;waste;10;0;If the total global waste remains unchanged, I wouldn't pay any more money to reduce mine. I'd conserve and use recycle where i can because it's the right thing to do, but not pay if it makes no difference.;;;conseq;;CB
R_1oBY0qca65zzrQi;waste;10;10;;"I would be taking on this action of reducing recycling waste and I would be committed to it. I would be more likely to share with others that I was taking this action and show them how I am doing it. 
Someone has to be the first to start any trend, why not me?";I am paying the same amount of money for each scenario because I am committed to the cause, not necessarily a positive outcome early in the process.It takes a lot of people to actually make an impact in either direction.;deont;;CB
R_3gOyffjduVgq53n;waste;40;0;If things aren't going to change, I don't see why I would pay for it.;;;conseq;;CB
R_2sYbMr3SBoXYcy6;waste;50;10;If it's not going to affect things overall, then I don't want to spend more money.;;I would still want to have a positive impact on my life.;conseq, deont;;CB
R_yDvEd8YihPklgIx;waste;100;100;;Someone has to step up to the plate or nothing changes.  My contribution is small but if multiplied by others who may make the same decision something actually happens;Again someone has to begin to sacrifice to save the environment;deont;;CB
R_2QxPlWLLYJ3JZ4n;waste;15;0;I would not want to waste money if using it does not make a difference across the world.;;;conseq;;CB
R_1Cm8469Uy58YAVv;waste;0;0;;;;;;CB
R_1dvtrQfZUFplxOK;waste;10;10;;"I would be willing to pay $10 in both situations.

I chose the same amount in both cases because I believe it's important to do my part in reducing non-recyclable waste, whether or not my action has a direct consequence on the total waste in my community and the world.";Even if my efforts in Situation 2 don't lead to a measurable decrease in waste, I want to make sure I'm doing my best to be environmentally responsible.;deont: ownpart;;CB
R_28YyNZ05ZqrLxR4;waste;5;0;If my reduction in waste does nothing, I shouldn't bother.;;;conseq;;CB
R_1mympv3qDJzyGEQ;waste;5;1;If one of the effects was me paying more and the entire world benefitting I'd pay more money per item. Honestly even a $5 increase to every item would be pretty brutal on my budgeting, but if it were for the good for the whole planet I'd stick to it. I mean if you go to the grocery store and buy 20 things your total instantly goes up by $100. Now on the other hand if there was an extra $1 charge that only affected my plastic production I'd be fine with that.;;I like helping the environment because I enjoy nature and going for walks and I hate seeing litter and trash outdoors. I'm also a big fan of keeping our rivers and streams clean and I go out with my local church every year to help clean them up along with nature trails so I'd pay an extra $1 per item to reduce my plastic waste creation by 100lbs.;conseq, deont;;CB
R_8qPEKamvbXQPTl7;waste;100;5;"
I gave different answers in the two situations because the consequences of my actions were different. In situation 1, reducing my non-recyclable waste by 100 pounds would also decrease the total amount of non-recyclable waste in my community and all across the world by 100 pounds. This is a positive consequence, and I am willing to pay more to reduce my non-recyclable waste if it will have a positive impact on the environment.

In situation 2, reducing my non-recyclable waste by 100 pounds would not have any consequence on the total amount of non-recyclable waste in my community and all across the world. This is not a positive consequence, and I am not willing to pay as much to reduce my non-recyclable waste if it is not going to have a direct impact on the environment.";;I would be willing to pay money in situation 2 where the total impact would be zero because I believe that it is important to do my part to protect the environment, even if it does not have a direct impact on the overall amount of non-recyclable waste in the world. I also believe that it is important to set a good example for others. If I am willing to reduce my non-recyclable waste, even if it does not have a direct impact, it may inspire others to do the same. Even if our individual actions do not have a direct impact on the overall amount of non-recyclable waste in the world, if we all work together, we can make a difference.;conseq, deont: ownpart, conseqstill;;CB
R_1o0YbxwGtGjgf6y;waste;0;0;;;;;;CB
R_1gN5ubeMVJktFMJ;waste;2;0;If my action makes a quantifiable difference I would pay a little more. If it does not make a difference it is nort worth paying extra for.;;;conseq;;CB
R_2tLRs1spvbgYwjl;waste;20;5;One would make more of a difference.;;I still think it's good to recycle.;conseq, deont;;CB
R_1pmSrHeiU2mqffy;waste;15;0;I don't see a benefit in the second situation;;;conseq;;CB
R_2ahtVzp5bU9iqgH;waste;20;0;I would prefer to pay less if I'm making less of a difference.;;;conseq;;CB
R_2SoC4PqPfJdX9oL;waste;55;55;;its good enough;no;other;;CB
R_2rZn2J9kGIGGC5W;waste;50;100;I gave two different answers because by reducing the amount in the first it will decrease the level of pollution in the community and world as well;;This is because to matter the amount i pay it will not make any change in terms of pollution in the world.;conseq;;CB
R_2xAbyDAggfbS6zX;waste;25;0;It's pointless to pay for something that will have no effect whatsoever. (By the way, I had no idea what a reasonable price was for the first situation because I don't know how much waste one person typically produces. If I needed to offset 500 pounds of waste a year, for example, I can't afford to pay as much per 100 pounds as if I only needed to offset 200/year.);;;conseq;;CB
R_3Eb3hlZDsnNaV5w;waste;20;0;If it would make an actual change in global recycling then I would pay a small fee but if there was no consequential change then I don't see the point of paying or working towards it.;;;conseq;;CB
R_RJGBQk35VrW3H7X;waste;10;0;"I wouldn't want to pay more to use something that doesn't make a difference. This was a tough one because I still think it's important but I wouldn't want to spend money for ""no"" reason. I think being responsible is important so my actual spending may be different.";;;conseq;;CB
R_yqDltMYCED5TSZH;waste;50;50;;I would be willing to pay the same for both;my own waste gets lowered;deont;;CB
R_bHM1qwHhnZwHjwJ;waste;0;0;;;;;;CB
R_3gSAXdt1d01pNP9;waste;20;30;Non-recyclable waste is mostly avoided is better . Reason for Earth heat and globally more viral disease;;non recyclable is more impact in global warming government support for Zero;other;;CB
R_1q2kQmWLoh5rqBH;waste;100;50;In the first situation, I can really make a difference so I would spend a lot to do so. In the second situation, I'm not really making a difference, but I am at least doing my part so I would spend some extra money on that.;;I'd feel better about what I was doing to help the planet even though others reduced my impact to zero. If I get in the habit of using more sustainable products it may, someday, make a difference.;conseq, deont: ownpart, deont: feelgood, conseqstill;;CB
R_215ii74R6NYJ0UR;waste;100;10;I would like to contribute to making the environment safer.;;I am not willing to give more than 10 out of the 100 pounds because, my contribution would change nothing.;deont: ownpart, conseq;;CB
R_1DtGtQ7p67dhuKa;waste;10;1;Because option one gives higher impact overall so I'm willing to pay more to see that impact realized.;;Because even if it doesn't help I know I'm doing the right thing and that's important to me.;conseq, deont;;CB
R_2ePwJdEqYxcygD6;waste;0;0;;;;;;CB
R_27fLIruI5G0Kxv4;waste;50;25;I gave two different answers because the impact of my decision would be completely different.;;Because even a small contribution is better than nothing. Especially if a lot of people did the same thing;conseq, conseqstill;;CB
R_3iEXPN8bBpdRbNa;waste;0;0;;;;;;CB
R_22LL1dLeNadTlBU;waste;100;0;If nothing would change there is no reason to spend money.;;;conseq;;CB
R_x94HU6qrvcJrVER;waste;1000;0;In situation 2 it would not make a difference.;;;conseq;;CB
R_2XaZRoYsXGH58ty;waste;0;0;;;;;;CB
R_2uvWokPIlEys8AO;waste;10;0;I don't see an advantage in reducing non-recyclable waste if it does not change overall consumption.;;;conseq;;CB
R_3QQuku0zvFAaX4X;waste;20;25;It makes me feel like a better person.;;I would feel personal accomplishment;deont: feelgood;;CB
R_3WzoeAeFcXzKSQN;waste;0;0;;;;;;CB
R_2uIMIUmHBqctDFj;waste;30;0;situation 1: they could do something it all, situation 2 they don't do nothing with  it so no reason to use my own money towards it;;;conseq;;CB
R_2495m0maAb1ZIvA;waste;100;0;if it doesnt impact the world what is the point;;;conseq;;CB
R_8nTbFQfoxuoBQMV;waste;20;20;;While I would like to say I wouldn't pay, it has to add up somewhere. We need action as a group to make a true impact.;Morally, I need to, and morally, we all need to together to actually see an impact. Situation 2 just shows that while individual choice might not mean much in the net of things, it can with additional group action.;deont: principle;;CB
R_1FFFrCgiqBd1sFx;waste;50;50;;I gave the same answer because no matter what, in either situation I am reducing my own personal non-recyclable waste by 100 pounds. The first scenario is just a bonus to have it reduced across the world.;I would be willing to pay money in situation two when the total impact would be zero across the world because my own personal non-recyclable waste would still go down by 100 pounds.;deont;;CB
R_1lAkkKKSbIKKb6h;waste;30;35;" I gave two different answers following what was explained here when saw there was no change after first donation my thought was that maybe not enough funding,had to increase my donation by 5$. supporting non recycle waste is one bunch a priority.
";; To support the mission and move non recycle waste into next level  money are surely involved which is one of the ways to help.;deont;;CB
R_2VQswn57qEWwVU2;waste;20;0;"I wouldn't want to pay any money if it does not have any global or ""big picture"" impact";;;conseq;;CB
R_r07StYMmEElXcAx;waste;0;0;;;;;;CB
R_TuSXX1s1M1G4WA1;waste;50;25;I want to see a change if I'm paying for something.;;I want my consumption to be less anyway.;conseq, deont;;CB
R_1ILQmc7TldQ1bq4;waste;10;10;;I feel that reducing my overall waste is a good idea no matter whether it has an effect on the total or not.;Because it would mean I would be producing less of it, which would save me from having to fill up my garbage cans and empty them so often.;deont;;CB
R_7TFoS7JokMW31oB;waste;0;0;;;;;;CB
R_3pauc5Ong6wyuEK;waste;50;0;no benefit in option 2;;;conseq;;CB
R_z7ROpDQqOMzOo49;waste;50;20;Because of the positive impact, I would be willing to pay more for the outcome of reducing 100 pounds of waste a year.;;I feel that even with no benefit, reducing consumption of trash is still a good thing even with net zero benefits, it's a good practice to follow;conseq, deont;;CB
R_2Ey62j09SejYRVL;waste;10;0;I would subsidize (pay for, invest in) an action that would make a difference to decreasing non-recylcable waste but not if it made no difference.;;;conseq;;CB
R_2t5r9dsfzRwH3hV;waste;10;0;I am willing to pay for a positive outcome. I am not willing to pay for a net change of 0. Value for the money is my guide.;;;conseq;;CB
R_2E6RZ0XTeMLZbXk;waste;10;0;Because one it actually help and the other it did not.;;;conseq;;CB
R_22lWfRh7DmWDKiq;waste;5;5;;I am not willing to make a huge investment in this. Why should I have to pay to do it?; If it helps, I am all for it.;other;;CB
R_1i84wC4ImcSeG3M;waste;30;10;To be honest, I believe the government should be giving the money to encourage people to reduce their waste amount. I can barely afford the price of living, so making me pay for something like this and there isn't any change, I would definitely not pay as much.;;I believe it is important to help the environment and I could pay 10 bucks if need be. But we shouldn't have to, it should be covered by the government.;conseq, deont;;CB
R_etT1pCCirCZam2J;waste;50;10;Because  my action to reduce personal non-recyclable waste by 100 pounds has a direct and positive consequence so.;;Because the concept of a positive externality where my individual action benefits society as a whole by reducing waste. And non-recyclable waste by 100 pounds does not result in any change in the total non-recyclable waste in my community so.;conseq;;CB
R_1H8j94ANreLE5k2;waste;5;0;First, I don't think I should have to pay to decrease waste. That should be something that the corporations should be fronting and the government should be handling. We already pay enough in taxes. The first answer, I chose $5 because if that helps eliminate 100 pounds of my waste then I don't mind paying that small amount. The second amount is 0 because the waste would not change. So, why would I want to pay for something that does not change?;;;conseq;;CB
R_2PhSpGg34A5lYM8;waste;0;0;;;;;;CB
R_1gw4IPdXNazRyuF;waste;100;100;;I am a person who tries my best to reduce the waste used by our household. I would pay that money to get rid of waste product.;It will still be a personal reduction of my waste even if it doesnt affect the global scale.;deont: ownpart;;CB
R_1pMfLu4bQCnaqL1;waste;100;0;When it is explained in situation 2 that me reducing my waste does not in fact, reduce the global non-recyclable waste, I don't think I should pay extra because it doesn't help. There would have to be a much bigger and wider group of people who also reduce their waste in order to have an impact on global waste reduction. This would entail having large governments, corporations and more regulation to achieve the goal.;;;conseq;;CB
R_wLiEoHsoSPoMgWl;waste;80;0;The willingness to pay should be driven by an individual's values and commitment to environmental responsibility, not by the consequences of the action.;;;deont: principle;;CB
R_1fkN7Qgd9M7oSHP;waste;15;10;If there is no impact, the motivation really is to do good while fitting in the budget;;I would be to do goodness to the world while I can.;deont: ownpart;;CB
R_2zUfhucAgtP7gnC;waste;2;0;My reduction will have no actual impact, so why pay for it?;;;conseq;;CB
R_cOoZIGMUW60basF;waste;30;0;If me spending $30 to reduce my waste won't make a difference in the long run, there's no reason for me to spend money.;;;conseq;;CB
R_3Ehg3u7p53ZTaxS;waste;100;100;;I still want to be responsible and less impactful on my own environment and footprint, so I would prefer to do the same thing across all situation.;I would still want to reduce my own impact and still pay the amount to reduce the amount of waste of my household.;deont: ownpart;;CB
R_3oGWqaibPlIjlFt;waste;0;0;;;;;;CB
R_ehTjp4Fbq2pyvnP;waste;20;0;The second time my sacrifice has no positive impact, so why pay?;;;conseq;;CB
R_3iqhoD4ws0T6foJ;waste;50;20;If my actions are not going to have any consequence, I'm not going to pay quite as much. However, just a little bit of reduction is worth $20 on my part.;;$20 on my part isn't a lot to spend, perhaps it will lead to other people doing the same thing by using the example that I have set.;conseq, conseqstill;;CB
R_21FCumMUffZtOEN;waste;50;0; the second situation does not require me paying and the first situation is reducing my personal consumption;;;other;;CB
R_21djZsMqJJdVf88;waste;10;0;If the impact is felt broadly, I would gladly contribute more money to ensure we all live in a better environment. However, if there is no impact, I would not want to personally raise my expense to the benefit of no one.;;;conseq;;CB
R_2zpCC3zUSyBAZto;waste;10;0;Why would I be willing to pay for something that doesn't generate changes?;;;conseq;;CB
R_2R9UCaV6IgNVuuP;waste;50;50;;I would still want to reduce non-recyclable waste even if it did not reduce the total overall     I would prefer that it did reduce the total but I would want to do my part;Even if the overall non-recyclable waste was not reduced I would want to know I was not a part of it being more overall and thus would still pay to reduce my waste;deont: ownpart;;CB
R_3L4PYaGk4OnmFOo;waste;20;15;I am willing to give a fair amount to reduce the nonrecyclable since it has an impact on the environment;;I am willing to give a fair amount to reduce the nonrecyclable since it has an impact on the environment and myself.;other;;CB
R_yV1IxlYjlR8yCOZ;waste;10;0;If I can help reduce waste globally, I am willing to pay to do so. However, if my efforts do not affect anyone but myself, I'm not will to pay. I would still reduce my waste in my own way because it's the right thing to do, but I'm not willing to pay for it.;;;conseq;;CB
R_22t41XiWzdUbW3j;waste;10;0;"I'm struggling financially but if I were taxed $10 a year to reduce non-recyclable waste that I could do. 
If me (and presumably millions like me) are all reducing our non-recyclable waste and still nothing is changing then clearly something is being measured wrong and no money should be spent on that system.";;;conseq;;CB
R_difS1NxB4Il3453;waste;10;0;In the first situation I was willing to pay a little extra because it actually made a difference. In the second It didn't matter what I did, nothing would change so it would be like throwing money in to the wind.;;;conseq;;CB
R_vl4xMv3SysU9zA5;waste;0;0;;;;;;CB
R_2PtWuanggYp0wn5;waste;100;0;If there was a guarantee that all communities would reduce their level of waste then it would be worth it to pay for this service;;;other;;CB
R_22CYQz7AFLnyeQ2;waste;25;0;The first situation makes a difference and the second doesnt.;;;conseq;;CB
R_Pt78oUzqShXGsCt;waste;0;0;;;;;;CB
R_6JUdmkVdDtL94lj;waste;20;20;;I am poor, and thus cannot afford much but I would be willing to spend the same amount regardless, for my own personal satisfaction.;I would be willing to pay because in the end I can't look at everyone else is doing, I have to follow my own moral compass.;deont: feelgood, deont: principle;;CB
R_3fTwthtNC8stSw9;waste;20;0;The second situation was different because no matter what it didn't change anything.  If I pay it doesn't matter.;;;conseq;;CB
R_3h3LxHoaN9CEtF1;waste;100;0;I wouldn't want to spend money when there's no benefit to it.;;;conseq;;CB
R_1KjsxnrIllnvLjI;waste;50;10;I am more likely to pay for something I know has an impact than something that doesn't/;;I would still like to personally be better at these things, so I would pay some money in this situation even if it didn't impact the world as a whole.;conseq, deont;;CB
R_2X0BCEqpYw6jfi5;waste;50;20;Me making a difference incentivizes me to pay more, but me not making a difference is no excuse to be even worse;;I'd like the impact not to be positive. zero is still as acceptable as negative;conseq;;CB
R_2xV3mJraLDn44tz;waste;3;0;I don't think it makes sense to reduce my amount when it has literally no effect. Paying money for this type of action doesn't make sense to me.;;;conseq;;CB
R_XXq2gk74sH5XkS5;waste;0;0;;;;;;CB
R_3lzi4qYCqbE9p1c;waste;0;0;;;;;;CB
R_28SrCVX1OHOaXSX;waste;50;0;I'm focused on the results. If I have to change my habits or make a monetary sacrifice, I want what I'm doing to actually have a positive effect. I don't see a point in making a change myself if the net result amounts to nothing.;;;conseq;;CB
R_b3qOw0rd8S6VHix;waste;10;0;I would like to pay to actually see any changes are to be made;;;conseq;;CB
R_Q54TzGOrkQgu9u9;waste;50;50;;I can't control other people. On the flip side these big companies also need to be coming out of their pockets to help the environment....;Because I still want to do my part. You can't always wait on other people to do something.;deont: ownpart;;CB
R_1FblVGeAA4cjLgZ;waste;20;0;There is a major effect in this situation which is worth the money.;;;conseq;;CB
R_YcpdofqCpI5kfjX;waste;10;0;If my contribution doesn't matter (i.e. the total amount of non-recyclable waste remains the same), then I don't see any value in paying for it.;;;conseq;;CB
R_3yElG8Cp6rAvGc9;waste;10;5;At first, I thought by reducing my waste by 100 pounds it would help the whole world.;;I would be willing to pay because it would be helping my community as well as myself.;conseqstill;;CB
R_ROdFavY8dOLIaAh;waste;0;0;;;;;;CB
R_31uUkuktlB0Qv6q;waste;0;0;;;;;;CB
R_1d6J3YI1d7Wcoxs;waste;10;0;If it did not make a difference I wouldnt pay for it to be done. i dont necessarily want to pay at all but at least it would be making a difference.;;;conseq;;CB
R_3EKYaBvVT2dn5gQ;waste;20;20;;I still feel like I am doing my part to make the world a better place.;If people see me doing this maybe some of them will come over to my side and join me.;deont: ownpart, conseqstill;;CB
R_3sh4CdzG7o3cwgm;waste;100;0;In the second scenario, any money spent would be rendered moot.;;;conseq;;CB
R_RfUvJHm7y1zfBhT;waste;0;0;;;;;;CB
R_1lmn7nb46Ca6msp;waste;20;30;;;;;;CB
R_2S5ZiTRg4qBzf7n;waste;65;0;they have different impact;;;conseq;;CB
R_1hShOm7NlBjk66J;waste;100;40;I gave different answers honestly because the two options have different consequences. I can clearly see the positive change being done in situation 1 so I am more inclined to donate there.;;I would feel guilty if I did not pay anything in situation 2. It's a moral thing when it comes down to it for me.;conseq, deont: principle;;CB
R_cHoyaMnuxIQ1cXf;waste;0;0;;;;;;CB
R_yHFUYUWRj69pTdT;waste;40;40;;I still think it would make me feel better to try and reduce my non-recyclable waste making it worth the cost to me personally.;Because I still feel it's the right choice to make.;deont: feelgood;;CB
R_3dNi00lqyAsxBuQ;waste;75;25;If it makes a difference, I can squeeze $75 to pay to help the environment. Otherwise, I still am willing to pay $25 because I do pay for recycling services anyway. Maybe it will help in some tiny way some time in the future.;;You never know, it may help in ways we don't know. I pay for recycling, even though people in my neighborhood say that it doesn't help and that everything is thrown in the dump. I pay anyway for the service because there is always the chance that it does help the environment;conseq, conseqstill;;CB
R_25Wx9Su9qrzLkmP;waste;100;0;In Situation 1, the amount would actually make an impact whereas in Situation 2, it has no consequence. If there is no change resulted from my actions in Situation 2, I would not be willing to pay extra. But I would be willing to pay some amount if there was a difference made.;;;conseq;;CB
R_3erjLk8pjY2SQJM;waste;50;0;I don't see much incentive to pay for something that offers no positive consequence.;;;conseq;;CB
R_3M08B32SSVUFruN;waste;10;5;The first one would have more of an impact so put more money in for it. The second one would have zero impact so I put less money in towards it.;;It would still make me feel like I am helping in some small way and be better for my conscience.;conseq, conseqstill, deont: feelgood;;CB
R_1Ed42KssDimcC3H;waste;50;0;If my actions have zero influence on the waste levels why would I spend any money period? There seems to be no benefit. If there is an impact though, then the money usage is worth it.;;;conseq;;CB
R_3OpnakBHb0bJTMq;waste;0;0;;;;;;CB
R_300juIGXgNYYM0m;waste;100;100;;I based this amount on a annual number and thought $1.00 per 100 pounds is reasonable and affordable. Any amount and effort  to reduce non-recyclable waste is a good thing and overall will have a positive outcome on the environment.;As I don't like the thought of having to spend money to do this, per say, but we don't have the technology or the resources or cost-effective means to make products in an inexpensive manner when packaging/selling items the consumer buys and uses, but we have to start somewhere, and I am willing to start and to contribute to helping to protect the environment.  Not everything is or should be about money and/or the bottom line.  There are bigger fish to fry.;deont;;CB
R_3Gy5buU5b7ybymY;waste;0;0;;;;;;CB
R_2TnMQD1zXhTfnDM;waste;2;0;This doesn't interest me;;;other;;CB
R_1CdPpJBOBx6lEso;waste;10;10;;Because I want to reduce my non-recyclable waste even if the effect is unnoticeable.;Because I want to reduce my personal impact on the environment.;deont;;CB
R_2WVhoswHwNa3VKC;waste;0;0;;;;;;CB
R_1plYt7jl1KOYwPK;waste;100;0;Because if it's not going to change the end result, what is the point in paying a lot of money to try to make a difference?;;;conseq;;CB
R_1Nw8SdCeLsW2mUJ;waste;10;0;"Because in scenario 1 the total amount of non-recyclable waste 
will decrease, however in scenario 2 the total amount of non-recyclable waste does not change, therefore I did not feel paying additional money would help.




";;;conseq;;CB
R_umJjBmE5xZeg8AF;waste;1;0;I would not see a difference in my community;;;conseq;;CB
R_BKwCsqyazxCyygF;waste;20;0;Because if my choices don't affect anything, why even bother.;;;conseq;;CB
R_3HLkh42zY3tdkat;waste;100;100;;I still want to produce less overall waste.;I still want to produce less overall waste.;deont;;CB
R_1dn353F7sKjZY45;waste;5;0;in the second situations if it doesnt help then i pay nothing;;;conseq;;CB
R_bdq3uIWSSAATNpD;waste;10;0;In the first scenario, it would have an environmental impact so I would pay for that. In the second, there is no environmental impact so I don't understand why I would pay for that at all.;;;conseq;;CB
R_qw5SInLNZYFTatX;waste;100;50;I would pay more money if I knew the global numbers were affected.;;I still believe that lowering my personal impact is important even if the global impact remains the same.;conseq, deont;;CB
R_1DUzS9IwUMoLNvj;waste;20;0;"The first example had an immediate, measurable impact, which feels good. And while I might feel proud to be ""doing my part"" to confront the climate crisis, it is ultimately the   this might feel like a tangible ""ethical investment,"" the main climate culprits are big businesses who profit from environmental destruction and vandalism in order to produce as much profit as cheaply as possible.";;;deont;;CB
R_3lryYX1DSBJQZLf;waste;100;0;Well if I knew that it made a positive impact then I would be more willing to spend money. If there is no consequence at all from me reducing my waste what would even be the point of spending a bunch of money.;;;conseq;;CB
R_r85kWqCz1YwzlkJ;waste;100;100;;Whether I have an impact is not important as long as I personally do good for the environment. If I reduce waste by 100 pounds and someone else disposes it by 100 pounds. It does not matter for that is my personal accomplishment.;Even if the outcome is offset by others. I still think 100 pounds disposed is better than 200 pounds disposed.;deont;;CB
R_3QKxhzfh7T3F1ZS;waste;45;45;;"I would still be willing to limit my waste to the same amount, as even if it doesn't yield a net positive, it's still something to address the issue; it is not contributing to it.";Like I said, its still progress, even if it's not in the positive direction. Its waste that doesn't get thrown away pointlessly.;deont;;CB
R_6nZ3zvnMhDlHqMx;waste;100;0;In the second scenario, my waste reduction would have zero positive effect on the environment, so I don't know why I would pay extra money to accomplish absolutely nothing.;;;conseq;;CB
R_3kwdKMSQt4mpqlD;waste;50;50;;I think it's important to reduce the amount of non-recyclable waste no matter what.  If more people would reduce their non-recyclable waste there would have to be a reduction in communities and across the world.;I feel like I would be doing something positive for the environment by paying more money for environment friendly packaging or whatever the $50 would be going towards to achieve the goal.;deont;;CB
R_s7HKTw9fDvPumTT;waste;50;0;I would pay to make a difference but if it's not changing the overall big picture, then why even bother.;;;conseq;;CB
R_CdxfjR2mKEqtJzr;waste;50;25;Even though in the second case my waste was offset by other factors, I still reduced my waste. I would not pay as much as I would in the first situation, since there is no change though. I figured that I would pay half as much. It does not seem fair to me to spend the same amount of money as I would in situation #1, since the effects are different, but at the same time I did not want to do nothing.;;I did not want to do nothing. In the second case, even though there is no effect because of the offsets, I am still purchasing more durable goods and supporting companies that use recyclable and durable materials in their manufacturing. If I were to pay nothing and use non-recyclable materials, then there is no incentive for companies to move to more sustainable practices which may benefit my community and the world in the future. In other words, nothing would change.;conseq, conseqstill;;CB
R_2zpcpsNBaX9ZJbS;waste;50;5;Knowing that the change in my action results in a change for the larger world makes me more inclined to pay and pay more.;;I still would be willing to pay a small amount to hopefully encourage this across other platforms for others.;conseq, conseqstill;;CB
R_DvFjmCWVZZ9iqFb;waste;5;1;I am willing to pay more if waste decreases, but want to be sustainable regardless;;because I still care about helping the planet;conseq, deont;;CB
R_2YIZ7UQhqtG8NUa;waste;100;50;I actually feel I'd be willing to spend the same, but given that in the first scenario it impacted at a community and global level, I was willing to pay more. Thus, when it did not make the same impact, I was only willing to pay the $50.;;I still feel it is my personal responsibility to do what I can as an individual. It all adds up -- regardless of how big or small a person's contribution it. So, yes, I'd still be willing to do it and pay the $50.;conseq, deont: ownpart;;CB
R_1EZmPQfinb5iTi9;waste;25;25;;There will be an increase in population as babies are born. These new citizens will produce their own waste. I cannot envision a time when I would be willing to pay for more and get less.;because I would pay some amount to reduce my own waste.;other;;CB
R_3kLJSRREVe3DhNG;waste;10;10;;I chose to pay the same amount's to reduce my waste consumption because what i pay and reduce is my contribution to reducing waste.;Because it is my contribution to reducing waste. Just because others increased their waste doesn't mean that i can't do my part to help the situation.;deont: ownpart;;CB
R_xsBsrWt20HL63tf;waste;0;0;;;;;;CB
R_3MbqEJmzlzLaa0V;waste;100;100;;I don't base my decisions or personal values on what others do or don't do. So, it wouldn't really matter if more people joined in or not in a personal way. It would definitely matter for the environment, but I anecdotally know how apathetic a lot of people are about recycling. I'm also not rich by any means so I couldn't afford a high fee for extra recycling services.;Because I'm still being provided a service that has a cost and has employees that need to be paid. I don't think anyone could find such a thing for free.;deont;;CB
R_1PbmFz2OLzKG1Pa;waste;0;0;;;;;;CB
R_OvPwJo6EkZIBzoJ;waste;100;100;;Because reducing non-recyclabe waste is a good for the environment and reduces environmental pollution.;Because reducing my personal non-recyclable waste is a priority for me.;deont: principle;;CB
R_3lyItRvlYhgJ9Tk;waste;0;0;;;;;;CB
R_2eWiWxexMyztMye;waste;10;10;;I wouldn't mind paying for a reduction even if it doesn't mean things don't change.;If I don't pay the amount, global production will increase even more.;deont;;CB
R_2dgR2PJXOKDABxl;waste;25;0;Because in the first scenario, my reduction of waste would have a small impact on the overall waste. In the second scenario, my reduction wouldn't have any impact on the overall reduction in waste. So, I didn't want to spend any extra money for waste reduction in the second scenario.;;;conseq;;CB
R_1FCy0gxuieGDyjn;waste;25;5;In the second situation, I would still have the satisfaction of knowing that I did not contribute to extra waste.  And I would presumably be developing strategies so that could be more of a long-term practice for me.;;The impact for me personally would still be meaningful, even if the global impact were zero.;deont: feelgood;;CB
R_POIUHTV9K8qVfa1;waste;20;20;;We are talking about reducing my non-recyclable waste.  Even if no one else is reducing or increasing theirs, I feel like i should do my part and reduce mine as much as I can.;Even if the total is not impacted, I feel I still need to do my part in the reduction of waste.;deont: ownpart;;CB
R_2qD8XKZ33G7we5v;waste;5;0;I'm not going to pay if there is no difference and my actions have no effect. That money is better kept in my budget and spent on my necessary needs. The corporations can step up and reduce their waste first.;;;conseq;;CB
R_3J3LsE9u2rzJR4V;waste;5;5;;I feel that in either situation, reducing my personal waste is still worthwhile - like even if the overall amount doesn't change, I should do my part and set a good example. $5 is a reasonable amount for me to pay to reduce my waste, regardless of the broader impact.;I think it's still good to reduce my own waste, even if it doesn't really change how much total waste there is. I can't fix the whole problem myself, but doing what I can makes me feel better and maybe if more people did the same, it could add up over time.;deont: ownpart, deont: feelgood, conseqstill;;CB
R_3ikbC8xHNArAiJV;waste;0;0;;;;;;CB
R_9HsvpRJ74yFLwjf;waste;0;0;;;;;;CB
R_3CHFMzcuiofx9hX;waste;0;0;;;;;;CB
R_1LheHVYLdYVuWwi;waste;25;0;I would pay a little if it made a difference, but if it makes no difference its a waste of money;;;conseq;;CB
R_1IXBi76CKomwvWO;waste;0;0;;;;;;CB
R_2XpWSh9D8evDOpj;waste;0;0;;;;;;CB
R_20PasDmu7uSudrG;waste;0;0;;;;;;CB
R_31HQGZFE508GSv2;waste;0;0;;;;;;CB
R_1o6yJMmZ7SglnYw;waste;100;100;;I would still try to reduce my non-recyclable waste and be willing to pay $100 or whatever it takes.  I would hope that others would do the same and not offset my reduction.;I would like to reduce my non-recyclable waste and am willing to pay money to do this even though the impact is zero in the hopes that others may follow and there will be a reduction in non-recyclable waste some day.;deont, conseqstill;;CB
R_W97jGhMpecL3t2V;waste;0;0;;;;;;CB
R_3n6PRFBfMImCaL1;waste;20;0;why would I pay extra when the total impact would be zero;;;conseq;;CB
R_10Yrk1FmSHsbTzU;waste;100;50;I think an extra $1 per pound is a reasonable cost to recycle.  I would only pay half if the outcome of waste stays the same.  The half is to make it cheaper for others to recycle.;;This would make it cheaper for others to recycle, promoting the habit of recycling.;conseq;;CB
R_1PRSNNM49WXprYW;waste;5;5;;It would be worth a little money to me to produce less waste because it would mean handling less waste.;It would be a convenience for me to have less waste to manage.;other;;CB
R_3Etbkq204ecRbUa;waste;0;0;;;;;;CB
R_xzkJBI5XqMsoQE1;waste;10;0;If my actions have no impact, why would I pay money? I am retired and on a fixed income.;;;conseq;;CB
R_1pzMTWpLFbul8AX;waste;20;10;because i am basicly paying someone to produce more waste in scenario 2 ,but i would like to lessen my waste because i already try to recycle all i can;;because i hate throwing things out and i wouldn't mind paying to reduce the amount of waste i throw out;deont: ownpart;;CB
R_24qrgzKyEkb5ksn;waste;50;50;;most of what we put in our recycle bins is never recycled anyway   we pay for this to be done and it is not done correctly   i wish they could find a better solution;see my earlier remark;other;;CB
R_1OOFPluM8e9BGw6;waste;500;0;why pay for my change if it doesnt make a difference in the long run...the amount stays the same, according to the presented scenario,;;;conseq;;CB
R_238AM6X1wNyDuDL;waste;60;60;;This is because to become successful there is always trial and error.;"For some thing to be successful scarifies must be made.
";deont;;CB
R_3HNC51MDkLCMajm;waste;5;0;I‚Äôd pay to help in reduction if it worked. But wouldn‚Äôt pay in the second case because there‚Äôs no effect globally;;;conseq;;CB
R_2TFO8zXsto4ieum;waste;20;0;I feel like the money will be better spent in my immediate community as it will affect the people closest to me. I wouldn't pay money for a net zero change.;;;conseq;;CB
R_3OdlGarJTjayptQ;waste;0;0;;;;;;CB
R_28Uke7w5AUyc60x;waste;20;10;I offered to pay more for a better outcome overall, and I offered to pay less because it doesn't affect the overall outcome as much as it would, had I been able to individually have an effect.;;I feel as though contributing money would be a way of making up for the fact that I wasn't able to contribute like I would want to.;conseq, deont;;CB
R_9ZAxY7r2hpoWs13;waste;100;0;If the money would have no effect, then I don't see the point of spending it. If there's a definite change, I would feel great about spending the money.;;;conseq;;CB
R_21iAhU1AquLLz6g;waste;20;10;I still want to try to do my part;;Because maybe I could inspire others to get on the bandwagon with me and ultimately make a difference;deont: ownpart, conseqstill;;CB
R_bw1Lletm2TRgmYN;waste;20;0;I would only pay extra if there is a positive result.;;;conseq;;CB
R_xsjHLyTiDQelKyl;waste;50;10;because i thought it was going for the greater good;;because if re-cycling will not change anything , why spend much on it;conseq;;CB
R_2WCZOsED7fonPnR;waste;0;0;;;;;;CB
R_soG2yK1G1LW1BJf;waste;0;0;;;;;;CB
R_3Jyl3grSpWm0xYm;waste;0;0;;;;;;CB
R_3qrksHh1lZ0RCFw;waste;2;0;I cannot afford more expenditures for zero results;;;conseq;;CB
R_1ilk2neUDAiGisM;waste;50;50;;because that's all I can afford to spend on re-usables.;because it's important to me to use re-usable items;deont;;CB
R_6fp5g8Auc41yWxr;waste;0;0;;;;;;CB
R_1LTjzgrAEcw6OUQ;waste;0;0;;;;;;CB
R_2BfkPA1FvvuaRHP;waste;10;0;I do not have enough of an expendable income to make financial decisions that have no income on anything;;;conseq;;CB
R_1CqCAHioaUgK50b;waste;50;0;"i chose $50 for the first one because it is what i can afford and it will make an impact, the second i would not pay anything because  
it would have no impact";;;conseq;;CB
R_27yrOPCTTntazms;waste;50;0;;;;;;CB
R_3HZYeJWhF8PImDE;waste;20;0;In the first scenario, I am paying to reduce my waste which has an impact on the overall outcome. I do not have the disposable income available to pay for something that would not make a difference in my community/across the world.;;;conseq;;CB
R_bBdhSAuswenvRgl;waste;100;50;I would be more willing to recycle non-recyclable waste if it would make an impact and pay a higher amount than if there were no impact.;;I would still be willing to pay money in scenario 2 as I am assuming that I have to take it to a facility to be processed or picked up and that takes money for that service to be available to people.;conseq, conseqstill;;CB
R_3MDSwXyO6rpzVXe;waste;76;0;;;;;;CB
R_1ohRSwdu8u0dNzO;waste;100;0;I would pay more if it does more good overall.;;;conseq;;CB
R_3sDti6UfdM7OVkB;waste;200;100;well in the second situation it just seems like it is not worth spending so much money on something that doesn't really make a change.;;Just to set a good example to my family, friends and neighbors.;conseq, deont;;CB
R_2VffzGWlKuCbWqL;waste;0;0;;;;;;CB
R_1HnKepRGn8iM0nZ;waste;50;0;Because it has no effect, so what is point in reducing waste.  It requires a village to make change;;;conseq;;CB
R_3gSnFqKAGMg6KLf;waste;20;0;I would be willing to pay a modest amount ($20) to take 100 pounds of non-recyclable waste out of the system because I think it would benefit the environment in a very modest way. I would not be willing to pay anything to reduce my own personal waste if it didn't have any impact on the environment at all.;;;conseq;;CB
R_3Mc9FXhkYyctImn;waste;5;0;I don't think I did give different answers. But the situations are different.;;;other;;CB
R_XnNA4DqimLI8GMp;waste;25;25;;I would feel good about doing something positive for the environment and would hope that others would follow my example.;I would feel good about doing something positive for the environment and would hope that others would follow my example.;deont: feelgood;;CB
R_24OyKLeP5EyAYMx;waste;10;0;i would not pay any amount if its not doing any good;;;conseq;;CB
R_10PnU6IQOXNWNDl;waste;50;50;;"I provided the same answer in both situations because, regardless of the immediate consequence on the total non-recyclable waste, reducing my personal non-recyclable waste by 100 pounds is a meaningful action. In the first situation, where my action directly reduces global non-recyclable waste by 100 pounds, it's evident that my contribution has a positive impact on the environment.

However, even in the second situation where my action doesn't directly reduce the total non-recyclable waste, I believe in the principle of responsible waste management and setting a good example. It's important to lead by action, promoting sustainability and encouraging others to reduce their waste. Thus, the willingness to pay remains the same, reflecting my commitment to responsible waste reduction irrespective of immediate impact.";"In situation 2, where the total impact on non-recyclable waste is zero, my willingness to pay to reduce my non-recyclable waste may seem counterintuitive. However, my decision to pay still stands on the principles of personal responsibility and advocacy for sustainable practices.

Firstly, by personally reducing 100 pounds of non-recyclable waste, I am setting an example for others. People often mirror behaviors they see in their community. If they observe responsible waste management and reduction in non-recyclable waste, it might motivate them to follow suit.

Secondly, supporting the use of recyclable or durable materials, even if it comes at a cost, promotes a market for sustainable products. This demand can encourage manufacturers to produce more eco-friendly options, ultimately contributing to a broader shift towards sustainable production and consumption.";deont: principle;;CB
R_1mVI82pTlLA5Ivm;waste;20;0;If there is no net reduction in non-recyclable waste as in the second scenario, it's not worthwhile my paying to reduce it.  I would be willing to pay for a net reduction in non-recyclable waste.;;;conseq;;CB
R_1gtFpAyVtVXrHcQ;waste;120;60;I want to help but I will not make it hard on myself if it is not going to do any good.;;I would want to help if I am financial able.;conseq;;CB
R_1fdBSy0wiDQpfTC;waste;0;0;;;;;;CB
R_XugrZGIirCFjpO9;waste;100;0;Because the expense to me wouldn't make a difference anyways;;;conseq;;CB
R_uf8yyf2RdyzgwAp;waste;50;0;It would essentially cost me zero dollars in the second scenario.;;;other;;CB
R_1LLMFwXYz65OdsN;waste;40;20;Situation 1 would also have an impact on the rest of the world;;Still reducing my own personal waste;conseq, deont;;CB
R_ZqktSW8SjUDhDWN;waste;0;0;;;;;;CB
R_r0Ga6JhUX7KGsHT;waste;1;0;Because it only makes sense to pay if it has an impact.;;;conseq;;CB
R_3K5fgEvZ1ivrrTH;waste;10;0;I'm not going to pay money to reduce my waste if nothing happens.;;;conseq;;CB
R_1oA0HCcBoNEyGJ3;waste;50;0;if it was me and I have a direct effect on others I would like to help solve a problem that I contributed to buy id it is just so I fell better about the face that I have less non-recyclable waste even though there is no difference on the world I will not waste my money;;;conseq;;CB
R_1Ecxks5QXobiHvO;waste;100;20;If my change doesn't matter for global change then I'd probably only be willing to pay less for that.;;I still think I'd feel better about my personal impact on the environment if I could reduce my waste.;conseq, deont: feelgood;;CB
R_3KOSGCp1dd79wBD;waste;10;10;;I am always trying to reduce the amount of waste I generate, so I would happy to pay a little in both scenarios to do this.;I would want to do it for myself to know I did something to try and help.;deont: ownpart;;CB
R_1LhBDaIn8h7tWYp;waste;100;0;I am willing to pay to have an impact. If it does not matter I do not see a point in doing it;;;conseq;;CB
R_3ea7ItHnbKB7t7D;waste;50;50;;Because  I wouldn't want to spend too much;Bc it would make be feel better honestly;deont: feelgood;;CB
R_31mFLUTkKjJ2mtP;waste;50;0;Because if there's going to be such a drastic offset, then I feel like I'm wasting money at that point.;;;conseq;;CB
R_1IGAf4ZHbzXLYNU;waste;5;0;I would not want to pay anything if it is not making a difference. What is the point of paying for something worthless?;;;conseq;;CB
R_3KpQW7LBIbOuGD7;waste;10;0;If it is irrelevant to me to reduce non-recyclable waste, why do it?;;;conseq;;CB
R_3Pcd6125mYzecvk;waste;0;0;;;;;;CB
R_3sg3eXpVaEaBOGl;waste;0;0;;;;;;CB
R_vkpU3lCtaacpryx;waste;50;50;;I don't see the two scenarios as being very different. I don't feel I have any control over what happens to the waste once it leaves my home.;I believe it would be a cumulative progression in my community - once enough people started focusing on this issue.;deont;;CB
R_2ZP0wt3dLgxquIj;waste;1;1;;I felt the same importance for both;I just felt like I couldn't afford much to begin with;deont;;CB
R_2DTS0ZxEJsjiY3t;waste;15;10;If my actions don't have an impact like I had hoped then I am not willing to pay as much for the extra effort.;;It could still set a positive example for others to follow. Someone has to get the ball rolling even if it's at a minor cost to themselves.;conseq, conseqstill;;CB
R_2YP0TE3oQgVHdRT;waste;100;100;;In both scenarios my 100 pounds will be added to the global non-recyclable waste and it is better to reduce it;Otherwise, it will be a 100 pounds added to the global non-recyclable waste;deont;;CB
R_10u4fCnp5umLhzK;waste;0;0;;;;;;CB
R_3ffugJbKIisPU3o;waste;1;0;;;;;;CB
R_2OUSKcE2aA7IoZP;waste;50;50;;I chose the to pay $50 as I felt it was a decent amount to spend on helping the planet while simultaneously not knowing enough. Either way I wanted to be consistent and help out, regardless of the outcome, it is the right thing to do.;I chose the to pay $50 as I felt it was a decent amount to spend on helping the planet while simultaneously not knowing enough. The only reason why the total amount of non-recyclable waste around the world does not change is due to the fact that I'm one person on a planet of 8 billion. Even if it doesn't have an impact, its the right thing to do and could potentially lead to something greater if others follow my example.;deont, conseqstill;;CB
R_1d4uzsGfGg34dsa;waste;100;50;I would be willing to pay more if I felt like my actions were having an overall effect on the world.  When they don't, I am not willing to pay as much extra.;;I would still pay some extra in situation 2 because I believe it is the right thing to do.  Also, if everybody was willing to pay a little extra, eventually there may be a global impact in the future.;conseq, conseqstill;;CB
R_1QbF9Upi30121JG;waste;20;0;I feel like the first option is much more empowering and leads me to be more invested. I feel like there needs to be infrastructure changes to really make a difference.;;;conseq;;CB
R_1LhbcCV6Pl7iZ1e;waste;10;0;I am helping out with scenario one with its overall reduction. I don't get that with with two and makes no difference.;;;conseq;;CB
R_Y91ZQUKG9t3luZr;waste;100;25;I am appreciative that I was able to reduce my personal non-recyclable waste by 100 pounds, but I would want my own contribution to end up making a positive difference overall.;;See other answer. I am still happy that I was able to reduce my own output.;conseq, deont;;CB
R_1MLgcWmOXdxqaxB;waste;200;0;me spending more money for recycable goods that leads only to other people polluting more does not good , so i might as well pay nothing and pollute as much as i was before considering paying more made no overall difference.;;;conseq;;CB
R_1E3ZBqvhUScyvn4;waste;0;0;;;;;;CB
R_2tng3SgV2aZ25xp;waste;100;50;even if it doesnt help i would feel good but wouldnt pay as much;;i would feel good about myself;deont: feelgood;;CB
R_sG9cjiMMJ7vznEZ;waste;20;0;I am generally averse to bearing the cost burden for sustainable practices, but at 100 pounds I think it would be unreasonable to not offer some amount of money to minimize that kind of waste. However, if there was some scenario where I knew it would actually contribute nothing to sustainability, I wouldn't be able to justify to myself spending any amount of money.;;;conseq;;CB
R_1LwfBGK8Ny5mpqF;waste;0;0;;;;;;CB
R_3HYzWCFf9oLMOfp;waste;5;0;I am not willing to pay much in offset costs that would effect my current cost of living. I would rather find ways to consume less rather than pay what is essentially a tax.;;;conseq;;CB
R_3Pi7You7DBnlQKB;waste;50;0;Because in the first scenario my action had positive consequences to it, making it more worth spending money on reducing my non-recyclable waste. If doing so doesn't have any positive impact, then there is no point in wasting money to reduce it.;;;conseq;;CB
R_3PaAo5yNGHkz4Cr;waste;0;0;;;;;;CB
R_1f434OpSPSHECtW;waste;2;0;I would only pay if I made a difference. I wouldn't make my life harder for nothing.;;;conseq;;CB
R_3fMFXzFWSHZr1vl;waste;50;0;If the total non-recycable waste does not change at all in my community or around the world in general, than I would have no reason to spend money and change my habits regarding waste;;;conseq;;CB
R_3LhG8i65nAaiRH8;waste;25;25;;Because that is how much I can afford;This is help the waste company to meet their obligation;other;;CB
R_24k5z4yr8YDMacm;waste;5;5;;I still want to reduce waste.;I still want to reduce waste.;deont;;CB
R_Q5r1AkhqwXobV3r;waste;0;0;;;;;;CB
R_11b7lWcFwPNj1jq;waste;75;5;I will pay a little more in scenario 1 because I feel it makes a difference.;;I think it would help with recycling.;conseq, deont;;CB
R_2fl1yRBCaJjcje1;waste;20;0;Because if I'm the only person contributing, why should I have to pay more so someone else slacks off?;;;conseq;;CB
R_6yPnVBvrjukNTa1;waste;10;0;I want to contribute positively to the world, especially in matters of environmental issues.  If one way to do this is to pay a relatively small amount to generate less waste, then I definitely want to do my part and hope that a lot of other people similar to me are willing to do the same.  If the consequence is that nothing changes, then there is absolutely no reason to spend the money.;;;conseq;;CB
R_3gYnyge5w9UCMht;waste;60;50;its cost efficient but also i want to gave more money;;its good;other;;CB
R_2CJPKkTh5ooc7ih;waste;100;0;If the amount across the world is not being reduced than I don't want to have to pay for something that isn't making a difference.;;;conseq;;CB
R_Oj3srILdsuQqIYp;waste;20;10;Since this is only my impact and probably wouldn't change much overall I want to pay less.;;It would be more of a mindset for me to know I got rid of something.;other;;CB
R_yQOIenNk3HCezDP;waste;2;0;I felt like if it made an effect it should have a value to it.  If it doesn‚Äôt do anything then it has no value.  In the big scheme of thing 100 pounds isn‚Äôt really that much;;;conseq;;CB
R_2Ylg4u3L6nJgFy0;waste;50;0;I would be willing to pay more if my actions actually made a difference, otherwise it doesn't make any sense to pay and basically waste my money.;;;conseq;;CB
R_24jXpB45k9YkkRC;waste;15;0;I'd be willing to pay for my non recyclable waste because it would impact the world by reducing 100 pounds.;;;conseq;;CB
R_3FIPGu1Z2NUApiD;waste;50;0;because it doesnt help the world as a whole, it essentially does nothing for the world.;;;conseq;;CB
R_eWMsTeB11EUJyh3;waste;500;500;;I feel like option 1 would be worth more than option 2 because in the first one the it decreases and in the second option the waste does not change at all;I would pay more if the option number 2 would change some but not if the was does not stay the same.;conseq;;CB
R_3qL4IpC2Ky2unf3;waste;300;0;I think believing and seeing personal impact on the greater whole is very important. I'm not as excited or enthusiastic if I realize that my personal impact made no greater macro-level impact, hence I'm not willing to pay in situation 2.;;;conseq;;CB
R_BSvIxKnO67uiGJ3;waste;20;0;It doesn't seem worthwhile to reduce my personal non recyclable waste if it does not positively contribute to anything, including my community;;;conseq;;CB
R_2bIaQwNwzMndbRi;waste;100;100;;Because I know I would be trying to do my part in reducing the waste amount even if just my actions don't affect the total, it's a start.;If everyone just gave up we would never make a difference, but if one person starts to change things, others might follow. Then we could eventually make a change.;deont: ownpart, conseqstill;;CB
R_qLqtMkiBAdyu9X3;waste;20;0;Due to the fact that I am willing to sacrifice and even pay money, if everybody is doing their own part. If they aren't then that means I should not put any effort at all in trying to reduce our carbon footprint or recycle.;;;conseq;;CB
R_1erStrTDvlzy7E6;waste;50;50;;For me, it does not matter whether my choice makes a change or not so long as I believe in it. It's an ethic thing.;I take from the environment, and even if it makes no impact, I'm stilling willing to give back to the environment.;deont: principle;;CB
R_s85jMeSIvoYkeCR;waste;15;0;I would be unwilling to pay if there is no benefit;;;conseq;;CB
R_2q3lclhyJaaX66S;waste;50;50;;"As much as I would love to be Captain Planet, it is going to take a lot of changes beyond my control (unless I had unlimited power/money) to lessen waste.
But from my own household amount of waste, I would be happy to pay an amount to lessen it in my own. The price would be the same because I achieve the same goal within my household regardless.";The price would be the same because I achieve the same goal within my household regardless.;deont;;CB
R_vSjN6t5kU50pbEd;waste;100;0;Because in the second it didn't have an effect on the rest of the world so I didn't see a point in doing it.;;;conseq;;CB
R_3q7GzhW1yziTvvN;waste;0;0;;;;;;CB
R_2OUcLPvcFQuOOjw;waste;100;50;I decided to pay more if my actions had a positive change in the community, otherwise, I would pay less;;I would still pay with the hope my action would make a positive change in the future;conseq, conseqstill;;CB
R_1g10Bs8Kk1pBKS2;waste;10;10;;I feel it is a good thing to do, and that is the amount I feel I can afford to pay.;Even if the global waste does not change, I would not be contributing to it.;deont;;CB
R_1Nk5xhVD4cQvzNX;waste;0;0;;;;;;CB
R_27Wi1uawlaaxMV1;waste;100;0;I would be will to pay if it made a difference but if it did not I would not want to pay.;;;conseq;;CB
R_2xJMPZQzfEoVikv;waste;0;0;;;;;;CB
R_OwWk8euEhLYLgeR;waste;10;1;There's a benefit to paying a larger sum of money to help reduce waste, even though it's a small one.;;It turns into a situation of throwing good money after bad.;other;;CB
R_3lrgnvw3kFpKq0d;waste;300;200;I would pay more money to decrease the large amount of waste significantly. However, I would spend less money on reducing waste because there are no consequences.;;Because  it's the right thing to do to decrease the amout of waste I use.;conseq, deont;;CB
R_BPMTuLmXpMI3J5L;waste;0;0;;;;;;CB
R_2qE53xs3zfv2uRl;waste;25;10;I don't mind paying more for recycled materials, to help the enviroment. In situation #2 I'd pay less but use the remained to advocate for positive policy changes in the goverment;;It still reduces my wastes, and I would talk to friends and neighbors to do the same, then go about campaigning , writting letters to congress, proposing the idea, push to get it votes on, and implimented;conseq, deont;;CB
R_1exC7wSxAyRmeIJ;waste;50;25;If others are not participating I don't want to pay as much.;;Reduces my personal consumption.;conseq, deont;;CB
R_YQ4o9Y6uZxcqfG9;waste;5;5;;It does not matter how much I am recycling, because in comparison to the whole world, it is not that big of a difference.;It would make me feel good about myself.;deont: feelgood;;CB
R_3oI0npoT9WwIF0o;waste;50;0;It is worth paying to take actions that have positive effect. If my actions have no effect, I see little reason to waste my hard-earned money. It's the consequence of not having enough.;;;conseq;;CB
R_2WV8rhZMyeaEddg;waste;7;1;If I am paying money, I would like there to be a tangible benefit to what I am doing. If the amount of waste stays the same, then my money is not being spent for anything.;;I still would feel good knowing my person waste was reduced, so I am still willing to spend a small amount on the waste reduction.;conseq, deont: feelgood;;CB
R_1K1ku9uEuuJflfO;waste;0;0;;;;;;CB
R_1BVmKKCpXepusHk;waste;1;1;;;;;;CB
R_85Mf2Q4IBH8ZDqx;waste;120;12;I have very little disposable or discretionary income, so my options are limited here, as is what I could afford to pay.  However, I care about recycling waste and reducing environmental pollution, so I considered that the amount that I would pay in scenario 1 could be incurred in higher costs for recyclable goods, which I could pay as I go.  $10 per month seems reasonable, so $120 per year.  I will explain my answer for situation 2 in the box that appears below this one.;;In principle, recycling is important even if compliance is not actually prevalent.  So I would still want to reduce my own non recyclable waste, and support such products and services that make recycling possible, even with less of a financial investment, while respecting my own financial limitations and the limitations of the system, which in turn theoretically could still be addressed or remedied.;deont;;CB
R_2qyqcaARUCDTwxw;waste;0;0;;;;;;CB
R_3RrYvY1EeSd2VU9;waste;100;100;;I would feel no matter what the rest of the world is doing I'm doing my part to help alleviate this serious problem.  Also $100/ monthly, I'm assuming it's a monthly fee, is something that I can afford without impacting my life too much.;I would be doing my bit and soothing my conscience.  I would sleep better at night.  This why I still recycle even though I've read creditable sources that my efforts are for naught (NPR, etc.) and these recycled materials end up in some pacific island dump or simply tossed as unusable for recycling or burned like all other trash.;deont: ownpart, deont: feelgood;;CB
R_3hzj49tOixet6i0;waste;0;0;;;;;;CB
R_eyyX0ks2IGz7L8t;waste;15;0;My budget is very tight and if spending to reduce my non-recyclable waste resulted in no improvement, it would be unwise to spend my money that way. I might feel less guilty if I reduced my waste, but if spending money to do it has no effect, it would be better to donate the money to a conservation organization.;;;conseq;;CB
R_DHpfFfvLS5mMpVf;waste;1;0;Why would I pay if it makes no difference?;;;conseq;;CB
R_Uz77dSTlcL1tBO9;waste;10;0;I chose $10 because I would be willing to make a payment but, not much because I am poor, and I chose 0 in scenario 2 because   it would make no difference or might be even counter productive.;;;conseq;;CB
R_5cCzqovjR27wXf3;waste;20;0;If I am just spending money to make it easier for other people to create more waste, there is not much point in it. I'm willing to do it in order to make difference, but I'm not going to throw money away if it's not going to change anything.;;;conseq;;CB
R_10xy1xy8UqiEA33;waste;50;0;It seems pretty unfair to try and reduce knowing that it just made things easier for there to be more waste in the community, and no one else was trying to reduce as well.;;;conseq;;CB
R_2Y4f61MsxWe0gSR;waste;50;0;Why pay more for something if it will not change the end result? If it is going to stay the same either way, I have no need to waste money trying to conserve my efforts only to benefit others in being more wasteful.;;;conseq;;CB
R_2SuFeQLrHWhOF1w;waste;100;0;If *I* can have an actual impact, I'm willing to pay a little more but if what I'm doing has NO impact then I wouldn't be willing to pay anything.;;;conseq;;CB
R_30emo3RRbtUjlqM;waste;100;0;as i would only do it if there was a benefit;;;conseq;;CB
R_3lsksDuv3ow26E5;waste;0;0;;;;;;CB
R_3I0njuqwNNZPIOb;waste;10;0;In the first scenario I would be willing to spend a little to help offset the amount of non-recyclable waste, such as buying a reusable bag or reusable produce bag. But in the second scenario, I am not helping. I am just reducing my own so I am not willing to put money into it if nothing is going to change.;;;conseq;;CB
R_3FQGVPYKl6mOYQd;waste;100;100;;I gave the same answers in the two situations because I think that it would be a personal achievement to reduce my non-recyclable waste and whether it affected anyone else wouldn't be much of my problem.It would cost the same in both situations.;Again, it would be a personal achievement to reduce my waste. Since I pay more than $100 a year for trash pick up, I think that would significantly reduce my need for trash pick up.;deont;;CB
R_1E4HfIqAtNDemIw;waste;5;5;;I believe that recycling materials that are non-biodegradable are inherently problematic. Many of those materials are currently cheaper because industries are set up to produce them. We need to change our mindset with using materials made from fossil fuels (plastics, etc) and switch to materials that dont add to the carbon output.;because both scenarios feel like band-aid solutions to me and $5 is not significant....paying money to slightly adjust the status quo is futile.  If we are to truly change our direction we need more radical solutions.;deont;;CB
R_1QGxRiAepQTygKL;waste;100;80;it feels right;;Spending money wouldn't change the overall result so its of no use;other;;CB
R_25B1uiCt0utlHM3;waste;30;0;Because if my action has no consequence on the world, why pay money I barely have .;;;conseq;;CB
R_277E2HAdozq0OGV;waste;100;50;Because I would feel like my action is more important if I'm clearly making a difference, so would be willing to put more money behind this effort. However, I think that my chance could still be important if it's conjunction with many other people making a change. Therefore, I would still want to make an effort to reduce my waste as well.;;For the reasons above, I think that my change could still be important if many others are making the switch. I would like my contribution to contribute to a total goal.;conseq, deont;;CB
R_2f3rjZFhJitWiXc;waste;50;75;I would be willing to pay a little more in the second case to cover the cost of disposing at least some of other people's incrase in non-reyclable wate.;;I would be willing to pay a little more to cover the cost of the increase in other people's non-recyclable waste.;deont;;CB
R_3psDOwVl9Z5IO2l;waste;20;5;Situation 1, you make a difference in the world while you don't in situation 2.;;It is good in general to reduce your waste so I would still pay.;conseq, deont;;CB
R_2oeKzQUQdnzAnYJ;waste;100;50;Because if the total non-recyclable waste does not change, it would not be worth it to pay more money in my opinion.;;I would like to think that I am making an impact even if it is not.;conseq, deont;;CB
R_3GcXlMdqP2REVGQ;waste;100;100;;Regardless of what other people do, I'd feel the need to do my part morally. So much is out of my control that I will do what little things I can control in hopes that eventually a positive impact will be made.;I just feel that it's the right thing to do. Maybe something will eventually change for the better because of it. Maybe collectively many of us making this change will make a difference at some point in the future.;deont: ownpart, conseqstill;;CB
R_2VapHSqd7CWPjRO;waste;10;0;Why pay higher price and not reduce waste.;;;conseq;;CB
R_cUdycKCD8eFRCGl;waste;10;0;situation 1 reduces the amount of waste.  Situation 2 does not so there is no point to pay anything if it doesn't help;;;conseq;;CB
R_1C8su4bg8aVQKcp;waste;0;0;;;;;;CB
R_ufUL51b1aVftHc5;waste;10;0;The first situation I would donate money is because It will have an impact while the second situation wouldn't have an impact.;;;conseq;;CB
R_1NFg2vt7myc8n6v;waste;100;30;The two scenario presented seems to have different impact. Now i contributed because i want to feel part of the people making impact. so if it woudnt make impact  then there is no need to contribute more;;well i dont see myself as someone who would accept to pay for something that has zero impact;conseq;;CB
R_25MVvAhSW4MbMn3;waste;10;0;If there is no positive impact on the waste being produced I see no reason to pay to reduce my personal non-recyclable waste.;;;conseq;;CB
R_29oaSkY4DmaqSLc;waste;100;0;In the second situation, I would not be creating any change by reducing my non-recyclable waste by 100 pounds. It would cost me time and effort in addition to money if I paid to reduce it. I would still do it (so I would still spend time and effort) but I wouldn't pay for my non-recyclable waste to be reduced.;;;conseq;;CB
R_3Pot6NEhEHEktDf;waste;75;0;I don't see a lot of purpose in paying any amount to reduce my waste if the global waste amount doesn't then decrease.;;;conseq;;CB
R_3M9E96bfphOWDPf;waste;20;5;Even if situation 2 does not affect the total amount of trash, reducing my waste has some positive value for me (less to dispose of), just not as much as in situation 1;;I have less trash that I need to dispose of, which might save me some money;conseq, conseqstill;;CB
R_3nHNAO0dRMwMgix;waste;50;0;I don't have much money to spend more on things but if I can help in anyway I will do so if it makes a difference. But if I'm spending money on something that's not even making a difference to the world then I'm not going to spend that money;;;conseq;;CB
R_31hqY3cWamVg8BM;waste;50;0;i am low-income, so while, for moral reasons, i would ideally like to avoid creating non-recyclable waste regardless of the net impact, i can not reasonably afford to do that, especially if it has no direct impact on me.;;;conseq;;CB
R_3hrtdKfWyLIIfPS;waste;0;0;;;;;;CB
R_2uU3jo4uVH9IQCj;waste;57;77;its perfect to me;;quality;other;;CB
R_0jpEIOmvtoRF5jb;waste;10;10;;While the consequence of a multiplicative decrease in waste across the world is no doubt beneficial, it does not have any effect on my own contribution. Objectively, 100 pounds is 100 pounds, and as such, it is worth the same with respect to one person.;I would be paying for my own contribution. We should all be responsible for our own consequences, at the very least.;deont: ownpart;;CB
R_2VgYCw1UqvuV3L1;waste;50;10;One way I'm actually contributing a difference. I'm willing to pay more to make a difference. But I'm not paying the same amount if I'm not contributing a difference. However, I would still feel like I need to reduce my non-recyclable waste because it's expected.;;I feel like I should still try to reduce my non-recyclable waste. Also, I feel guilty not trying to make a difference even if it doesn't contribute to anything. It's more about feeling like I should do it.;conseq, deont: ownpart;;CB
R_DJpjt0wVPiaIgoN;waste;100;50;It is hard to feel incentivized or invested when there is no real change shown for the effort.;;Recycling would still be the more responsible thing to do.;conseq, deont;;CB
R_2QQx1im0CAihlDI;waste;100;25;If the total amount of non-recyclable waste is not altered by my changes, I'm not willing to pay a whole lot. The government should be in charge of recycling anyway. I briefly lived in Japan about a decade ago and there, recycling is mandatory across the nation. It shouldn't be left up to citizens.;;Maybe it's just environmental guilt as a global citizen, but I'm not feeling super compelled to give up my hard-earned cash for something Uncle Sam should be doing with already-paid tax money.;conseq;;CB
R_pL8LNNOzZmvTbFL;waste;5;0;I would not spend money if it does not effect any positive impact on the environment;;;conseq;;CB
R_RwAY1qQjlYQajkJ;waste;1000;1000;;I would be willing to pay the same ammount, and most likley currenlty do, because I believe it is my responsibility to do the right thing, regardless if others in my community do the same. If situation 2 were to come to pass, I would consider my money still well spent, with the hopes that others in the community have the opportunity to become educated on the impact we could make together.  On a side note, corporations and businesess should be required to follow situtaion 1, and not have to option to take advantage of situation 2.;As I said above, I believe this would be my moral obligation. As I already try to practice this, it would not be a change in my lifestyle.;deont: ownpart;;CB
R_3PM4qhhwESzMYik;waste;20;0;The first situation made a difference, the second one did not, I would not pay for anything that did not have an affect.;;;conseq;;CB
R_AyCNlTkUGXs6aQh;waste;0;0;;;;;;CB
R_2uHtY8M2I4rZwcs;waste;10;0;There is no benefit to society, which is important motivator in this situation for me.;;;conseq;;CB
R_2uI0yqRqLtY1vMq;waste;50;0;If I could play some impact that I know would work, I would be willing to pay. If I knew there would be no difference, I'm not going to bother. Why waste my time?;;;conseq;;CB
R_RbjkeGmdwwUBRsd;waste;25;0;I gave different answers because in one situation, I was actually able to make a difference. In the other situation, my actions made no difference. Why would I pay money to do something if it doesn't change anything? I would pay money if I knew my actions had consequences, like in the first situation.;;;conseq;;CB
R_yXcpzXk0VjgzW7v;waste;0;0;;;;;;CB
R_3OfE1o8hI9H3cBy;waste;20;0;I'm not paying extra and not be able to see the benefit.;;;conseq;;CB
R_bp9JqGn6M9vtTbj;waste;100;100;;I guess just knowing that I was able to reduce this waste, would have to be enough for me to feel good about.  It's only money and I can't take it with me.;Again, this would ease my conscience and for $100 it would be money well spent.;deont: feelgood;;CB
R_TcIEfYZ2CeUbjGx;waste;10;10;;I would want to reduce my waste either way.;I want to be more environmentally friendly.;deont;;CB
R_2pVt1JfWG9HWo2r;waste;20;0;becuase i'm willingto pay for a positive effect, but not if the net effect is the same;;;conseq;;CB
R_NUt1uvpGQr7EGFr;waste;50;0;because why should I pay for it if it doesn't help at all;;;conseq;;CB
R_yEKsIVyOJPwup4R;waste;0;0;;;;;;CB
R_Qj4rYODXi0h3ZeN;waste;20;0;Because if it's not making a difference I dont really want to pay.;;;conseq;;CB
R_W0y9J8KLDTJMtTb;waste;100;0;Because clearly my action is not making a difference. I would blame this on whomever is managing the program and would be disinclined to pay for mismanagement.;;;conseq;;CB
R_1CIp6s6bt9uWNqB;waste;50;50;;I am on disability, so my money is extremely limited which is why I chose $50.  I would pay the same because in both scenarios I am reducing my waste.;The impact is zero, but I am reducing my waste.  My hope is others are also, or others will begin to.;deont;;CB
R_3MSwYmUleHCQSVN;waste;1000;1000;;I gave the same answer because my little effort will surely change something in the future.;I believe my little effort will surely pay off positively one day.;conseqstill;;CB
R_1lhu09LS9oqXXj4;waste;50;30;I would pay more to be sure the recyclable materials used would offset non recyclable materials. The payment would reduce the equivalent amount of non recyclable material sent to landfills.;;"The nonrecyclable items would produce more waste if purchased.
If I purchased nonrecyclable products the resultant waste would have a negative effect. The amount would not be unaffected if I chose nonrecyclables products because this 100 pounds of waste would be an addition to landfills. If I chose recycling the resultant 100 pounds would not be an addition to disposal sites.";conseq, deont;;CB
R_1qhaXc8PGCGI1mB;waste;10;10;;I am willing to do my part if it helps;Same as above I am willing to do my part if it makes things better;deont: ownpart;;CB
R_2zd9Dp5ZvUg6gow;waste;10;2;"
I gave different answers because the outcomes were different.";;"
I figured that in situation 2 since the trashier people's extra trash offset mine and then some it felt like it didn't matter and that therefore I ought to pay less for the service.";conseq;;CB
R_1js5xDtgLkmRMFS;waste;1;0;Because if it makes no difference, why should I have to pay anything?;;;conseq;;CB
R_31ZbTzuKrsZvwLk;waste;100;0;I'm happy to pay if it will reduce the overall consumption, but if my personal reduction will only result in the same amount, then I don't want to pay for that.;;;conseq;;CB
R_1gjD1IlL3V71Axh;waste;500;50;I gave two different answers because one in a much more worthwhile cause than the other.;;I would be willing to pay because some is still a little better than none.;conseq, deont;;CB
R_2CsuweRBPZyH0mF;waste;20;0;Because one changes and one doesnt;;;conseq;;CB
R_3nUcsU28MpXzUaV;waste;100;25;I would pay more by knowing that my contribution would also mean cotributions all over the world. This could make a world of difference.;;It would make me feel like I was doing something positive.;conseq, deont;;CB
R_Xoaw7PUgZ63RusV;waste;0;0;;;;;;CB
R_1ojVDVuCkUYcY8V;waste;100;0;If my actions make even a small difference then I am willing to pay. If no difference then I am not willing to pay.;;;conseq;;CB
R_3iXAs1FKPjGPX8J;waste;40;40;;Well, I gave the same answer in both because I feel like $40 on top of what you already pay for recycling I it's probably a. needs to be that way.;Because we need to recycle everything that we can Sport our environment. So our grandkids can have a nice place to live. And just being responsible for your part, if everyone would just be responsible for their part, we wouldn't have so much waste, especially. plastic. that spills are oceans and landfills and everywhere else. It doesn't recycle plastic.;deont: ownpart;;CB
R_XnqRBVTx2y95HDX;waste;40;0;it doesn't make any sense to pay to reduce my waste if it makes zero difference in even my community;;;conseq;;CB
R_3a3kwNdThBipHup;waste;0;0;;;;;;CB
R_7Unfc8R6LHQPghr;waste;5;0;"If my effort in reducing the amount of non-recyclable I have, won't have any impact on the overall amount of non-recyclable waste; I am not willing to spend money on doing so.";;;conseq;;CB
R_elGtq9KoN6QIGLn;waste;10;0;"In the first example I am paying to make a difference in the effect on climate change (small though it is). 
In the second example, it would be irritating to make positive changes only to have those gains erased by other people continue to amass waste.";;;conseq;;CB
R_2wsoJHHf9JDmkbY;waste;75;50;Because my non recyclable waste did not decrease it stayed the same;;because it could help others by making it cheaper to get rid of there waste;other;;CB
R_1GJP627eiyTTImq;waste;5;0;one makes a palpable change, the other doesn't, at least not in a way that can be felt by me.;;;conseq;;CB
R_4T0Un46IkHhaBDr;waste;100;100;;I would still be willing to do my part;I still think its important to do what we can to help out the environment;deont: ownpart;;CB
R_WcD7LLmDiVSRpDj;waste;10;0;No point in my paying more for something that does not positively impact the world.;;;conseq;;CB
R_W8xRFS5CJKP8Jm9;waste;100;100;;We all need to do our part to safeguard our planet for future generations.  I need to make that effort, even if in the short term it doesn't make a large difference, i do believe it will over time as others will be effected by our example.;Over time I think others will be influenced by the example we set.  Even if they are not, we still need to do the right thing.;deont, conseqstill;;CB
R_2VqeiEEYNRHlrVb;waste;15;10;Additional money can be used as an incentive for those who would have increased their consumption but chose not to. Or, that additional money can be used to help another societal group move to a situation in which decreased use is encouraged.;;I would hope to encourage less use of non-recyclable goods industry-wide. That money could be used to offset any increased costs by the manufacturer for using recyclable goods and packaging.;conseqstill;;CB
R_1IQRHTDNlXV9oXU;waste;0;0;;;;;;CB
R_37puuGDNlaEMl2N;waste;1000;50;"In the first situation, the value of my reduction means a great deal - it would cause an entire global reduction.  I would be willing to pay a lot.  In the second, I am affected and it makes a minor difference to me and my community, but it is not ""worth"" as much.";;It would make a difference to me and to my local community where 100lb is not nothing.  And if we all did, it could be significant;conseq, conseqstill;;CB
R_ex1gw3SsRr5OzCx;waste;5;1;My actions are leading to others increasin the non recylable waste.  I would pay less as it is not making a differnce overall, thus I am not willing to pay a lot on my end.  It is fruitless.;;I still want to at least try, but I will not pay the larger amount because it will not make a dent in the overall reduction of waste.;conseq;;CB
R_10YkvGsB4EEqtjq;waste;50;10;I would pay less in situation 2 because my action does not affect the total waste in the world.;;I would still be willing to pay a minimal amount in situation 2 because I would feel better about myself if I reduced my personal waste even if the total world waste doesn't decrease.;conseq, deont: feelgood;;CB
R_1q7XeNcPGcXReVS;waste;100;0;Because two situations have different consequences;;;conseq;;CB
R_1mf2NMt9prRE1jF;waste;100;0;Because in situation 1 I am actually making a difference, but in situation 2 I am not making a difference so why should I pay to reduce the amount.;;;conseq;;CB
R_1ob4y8F8deXatMP;waste;10;10;;I would still feel better if I reduced my waste.;I would feel like I tried to help.;deont: feelgood;;CB
R_39RxCdjAlwY4nGp;waste;50;0;The first answer was just an estimate in my head.  In the second situation why spend money if it makes no difference.;;;conseq;;CB
R_T5DBbRtz7iZ9frP;waste;10;0;At least the 1st one has a positive effect, the other did not, so why would I pay more for that?;;;conseq;;CB
R_1OBOlL3J9pQsnYG;waste;10;0;would not waste my money if the net effect is no change;;;conseq;;CB
R_2TYvkoRA0fLvXld;waste;1;1;;Every little bit helps, even if it doesn't register on a global scale;If everyone does their part the impact would make a difference;deont;;CB
R_3G0SbvqQJyDktOy;waste;10;0;I would pay if it meant there was a change but if there is no change then I would not feel like the impact that I am making is big.;;;conseq;;CB
R_3ndPbmNCVmf7xzP;waste;50;50;;What is most important to me it to reduce my non-recyclable waste. I don't believe my actions are causing negative consequences so I will behave the same in both situaitons.;What is most important to me it to reduce my non-recyclable waste. I don't care about others actions. I will do what is important to me regardless. My approach is positive overall. My contribution does not make others increase their consumption. They are making a choice to waste more.;deont: ownpart;;CB
R_3n2wJeqeIW6LNwk;waste;100;0;I would pay more if it had a positive effect on the environment and my community.  I won't pay if there an no consequences.;;;conseq;;CB
R_1Nm3GKDaxPoksiL;waste;100;100;;I would still feel as though I was making a difference.  If others would feel the same way, the pendulum would swing to the positive.;I would feel that I was at least doing my part to attempt to make an impact.;deont: ownpart;;CB
R_C32w34t7hJ5hSnL;waste;120;120;;My goal would be to do my part even if it is minimal.;The effort is most important, perhaps it will catch on and others would eventually begin to contribute and insist that we enforce fees. People would behave differently if monies are included.;deont: ownpart, conseqstill;;CB
R_3feg9Cqy1FZtoFY;waste;1;0;We already probably produce less 100 lbs of non-recyclable waste each month. Certainly would be good to get it even lower, but if we have to pay something, want it to actually do some good.;;;conseq;;CB
R_2fy6NEtXZNkYVGe;waste;25;0;If my reducing my personal non-recyclable waste by 100 pounds is not going to benefit anything than I don't want to spend any money doing it. It is only worth something to me if it will make a difference.;;;conseq;;CB
R_01IYJFhYX8J7E2d;waste;100;100;;If I can reduce waste in more than one area, than it is money well spent.;Again, if spending a few dollars has a positive impact, then it is worth doing.;other;;CB
R_1g274W27eOEACk2;waste;40;0;I am all in for a sustainable  environment;;;other;;CB
R_pQU4RJwsHCwnn7H;waste;0;0;;;;;;CB
R_3rV9iDSodGBc7o9;waste;0;0;;;;;;CB
R_2AKyxkkht8cdVzA;waste;2;0;My reducing waste is more attractive if it actually results in a net reduction going into my community's landfill.  If it really has no effect, it seems less important to do.  All reducing waste in that case means I use less space in my trash can each week.;;;conseq;;CB
R_2Eym1epgWsIRa00;waste;10;5;because i do not feel i should have to pay for others to have more waste while i am reducing mine;;its my responsibility to pay for my part;conseq, deont: ownpart;;CB
R_3Ja3NcGihEKkuq4;waste;2;0;If my change only increases others waste why would I pay more so they can be more wasteful.;;;conseq;;CB
R_V4FJ4zNwZvEzX3j;waste;10;0;"I would not be willing to pay for something that has no impact on society. The effort of paying to benefit others is not on my list of things that ""should"" make me feel good.";;;conseq;;CB
R_2f0zX6OC5SHbDl0;waste;100;10;If I knew that reducing my non-recyclable waste would reduce waste across the world, I would want to do my part.  I set an amount equal to an extra cost of $1 per pound of waste reduction.  On the other hand, if reducing my non-recyclable waste did nothing to help the community or the world, I wouldn't be inclined to do so.;;In situation 2, I selected a nominal amount for two reasons even though there is no impact.  One is that I would feel better about myself that I was at least making some sort of effort.  And two I would hope that other people would follow my lead and that one day in the future my efforts would make a difference.  Better to be hopeful about the future than bitter and angry about others actions.;deont: feelgood, conseqstill;;CB
R_RK5qlGd7NVAVQ2t;waste;2;0;Because the second option doesn't make a difference in the total so I would not be willing to pay.;;;conseq;;CB
R_1HphnI03Bp6E8AY;waste;0;0;;;;;;CB
R_1IyibW7qJDA3lqf;waste;100;50;If my actions aren‚Äôt going to have any effect then I don‚Äôt want to use as much money to pay for it;;I‚Äôm still trying to contribute and do more on my own;conseq, deont: ownpart;;CB
R_2c29ZgvHNdwkgvT;waste;20;5;In Situation 1, where reducing my waste directly contributes to a global decrease, I'm willing to pay more ($20) because I see a clear positive impact. In Situation 2, where my reduction doesn't change the global scenario, I'm less willing to pay ($5) because the direct positive consequence is absent. It's about the perceived effectiveness of my actions on a larger scale.;;Even if my personal action doesn't change the world in Situation 2, I might still pay a bit because it aligns with my personal values and choices.;conseq, deont: principle;;CB
R_3j6h7m689wpnRHY;waste;100;100;;That is how much I am willing to spend to reduce waste regardless of total outcome;That is my choice to reduce waste personally.Total does not change, my portion does.;deont, deont: ownpart;;CB
R_3fl28klWzO7WInn;waste;5;0;"I determined the amount of money I am willing to pay according to the effect on the total amount of non-recyclable waste in my community and all across the world. I am willing to pay $5 to reduce the total amount of non-recyclable waste in my community and all across the world by 100 pounds in situation 1. However, I would pay nothing if the total non-recyclable waste in my
community and all across the world does not change in situation 2.";;;conseq;;CB
R_2CU6PDtQDE2GPBD;waste;25;25;;If I could reduce my non-recyclable waste I would do it (and, in fact, try to do it), regardless of what other people do. It would be frustrating to me that no good came of it in the second scenario, but I would at least know that I was contributing less to the problem.;It doesn't concern me what other people are doing, I simply have to do my best, and so I would do it. I do not want to be contributing to the world's problems.;deont;;CB
R_1291vYqJPgLYzps;waste;30;30;;I am someone who is very interested in environmental protection so if i have the chance to give money to help protect the environment, i will gladly do it because we need a very safe environment to live in.;Because i still care about the environment protection and i believe it will be better to give in.;deont;;CB
R_210YfjIaWc4GjpU;waste;20;5;Because in the second case it feels like my action does not have a real impact, and others would be taking advantage of it.;;Because it would still counteract the actions of others who are not reducing their non-recyclable waste production;conseq, conseqstill;;CB
R_2bPnZst9oRcgB3A;waste;10;0;If it doesn't make an impact, i don't want to spend money;;;conseq;;CB
R_2ZUJ2L2aZTeNFos;waste;5;5;;I want the same results in both question;Other people's cost would be reduced if I still pay money.;other;;CB
R_wLCWQOjiKrxkfId;waste;100;0;I see no reason to take on extra personal cost to have no positive effect. That money could be better used donating to some organization that could address the problem.;;;conseq;;CB
R_1cXNTTGHmoq3Az0;waste;0;0;;;;;;CB
R_To733fUIZHfab7z;waste;30;0;There's no need allocating any funds in the second scenario when there's no consequences.;;;conseq;;CB
R_1Dx3NvQIewkxyDP;waste;20;0;If I know for certain that my contribution would help with the environment, then its worth it. However, if it does not change, in that it does not decrease OR increase, then its not worth it.;;;conseq;;CB
R_2hQNJW8TuATVQat;waste;50;50;;I have no idea how much something like this would cost. I assume the costs would be similar since the pounds are the same.;I'm still changing my own waste amount, which is all anyone can do. We can't control others actions. We can only set a good example for them.;deont;;CB
R_2ykO2m6XBzhDy43;waste;100;0;Because the money I spend to help would actually ultimately matter in the long haul. So the money given would actually pay off. On the other hand, without any real impact whatever money I spent would ultimately be wasted.;;;conseq;;CB
R_2SxAVmlXS7RuFRZ;waste;0;0;;;;;;CB
R_3hGRmpX1zfID03y;waste;10;7;"I gave different answers in two situations because the distinct consequences in the two situations. Situation 1 offers a clear positive consequence, leading to a potentially higher willingness to pay. Situation 2 provides no consequence, resulting in a lower willingness to pay as the actions don't affect the waste situation

";;I would  be willing to pay in Situation 2, even when the overall waste reduction impact is zero because of a commitment to environmental ethics, a desire to maintain eco-friendly habits, or misconceptions about localized effects.;conseq, deont: principle;;CB
R_3JaO0cP2RuFmxh4;waste;10;0;There is no net benefit to the overall goal of reducing waste. It is not rational for me to pay for other people to increase their waste production. If there was a net benefit, then I would pay.;;;conseq, deont: principle;;CB
R_3QXWA1KItOvyLaU;waste;5;0;The first scenario gives a chance to get rid of the waste for good. The second one doesn't change anything, you're still stuck with the waste.;;;conseq, deont: principle;;CB
R_3CZTcSmUTBIWnPD;waste;5;1;If it would not make a difference if I reduced non recyclables because others would use more, I would not be willing to pay extra if it would not actually cause any reduction in non recyclables.;;I still think it could have other positive effects. When people see you doing the right thing, they could be motivated to do the same. I cant afford to pay more than a small amount to make an example though.;conseq, conseqstill;;CB
R_1OCyzeddnqDjtNu;waste;50;10;If my personal change is also impacting on a global level, I feel more responsibility to make this happen. But if my personal efforts don't impact the global outcome at all, I'm less inclined.;;It still feels like I'm taking responsibility for my own waste, though the larger impact is lesser/nonexistent.;conseq, deont: ownpart;;CB
R_1o157qqIGZWHjjx;waste;50;0;There's much less incentive to reduce my own waste if it isn't going to have any impact in the aggregate.;;;conseq;;CB
R_2SuJ6RU2S6Ns7Io;waste;5;2;If I am not making a difference it is not worth as much monetarily.;;I would still be willing to reduce my waste because it feels good to me to do it. It is a personal commitment.;conseq, deont: feelgood;;CB
R_43257n4qC7iX1HH;waste;25;0;I felt much more inclined to donate money to a cause that would actually yield a positive change. If paying money to a cause does not lead to positive affects, then I'm really not interested.;;;conseq;;CB
R_DSiVuMfEw1Piu6l;waste;10;0;I wouldn‚Äôt pay muck for either, but if it didn‚Äôt matter, why pay?;;;conseq;;CB
R_3kk57QL28AIV30L;waste;0;0;;;;;;CB
R_3HFwfSmlAnylsqx;waste;50;5;because I perceive a broader benefit to the environment- the cost aligns with the global impact.;;I would still be willing to pay a smaller amount because there might be a personal satisfaction or a sense of responsibility in reducing my own waste, even if it doesn't affect the overall waste situation. It's a more localized and personal motivation for reducing waste.;conseq, deont: ownpart;;CB
R_V43QK2jsoYRD8QN;waste;0;0;;;;;;CB
R_1hAc9gXEkybCDw7;waste;100;25;It seems like an important thing to do and in the first scenario, I chose to pay more money to reduce community and global waste as a result of my actions. In the second, I still paid money but chose much less since my actions had no global consequence.;;I still care about reducing waste. If paying the money would somehow have a slim chance of still reducing global waste, I would take the chance that the impact might be even slightly more than 0.;conseq, deont, conseqstill;;CB
R_DJeQk3uvQBdP6OR;waste;5;0;I would pay more if there was a bigger impact.  So that is why for scenario 1 I opted to pay 5$ and in scenario 2 0$.;;;conseq;;CB
R_3nTzLOk7ypg0b0z;waste;0;0;;;;;;CB
R_2aXa0HOoyEWol7r;waste;0;0;;;;;;CB
R_tPVjlOmwTRRXZgl;waste;30;10;Because I want to make a difference;;Because I can't NOT recycle;conseq;;CB
R_10q1oT9G8zA3MJR;waste;250;250;;"Because I believe there's value in making the right choice. What happens downstream is not my concern, I guess. Although I'd prefer if total waste went down for sure.
";Because if we all start moving towards less waste there will be benefits even if me doing it alone doesn't move the needle much or at all.;deont, conseqstill;;CB
R_33se7droqqjHdYh;waste;100;0;It is wiser to invest money in an action that will have positive consequences in my community and across the world, as opposed to investing money in consequences that will exact no change.;;;conseq;;CB
R_31nn2Ew5MDHXuus;waste;10;0;why spend any money if it isn't going to make a difference?;;;conseq;;CB
R_2w7tVwHew2ZA2a1;waste;0;0;;;;;;CB
R_3KTmLXoGxDTPmg9;waste;0;0;;;;;;CB
R_24N9pSxBxXjKbiZ;waste;10;5;More total benefit in the first scenario - therefore worth more;;It would reduce my personal waste;conseq, deont;;CB
R_2CCEFCPlpCvU0t1;waste;15;0;"I would be willing to pay to decrease total non-recyclable waste, but I can't think of a good reason to pay extra if the total non-recyclable waste doesn't decrease. 
";;;conseq;;CB
R_12LVDQFBbLULcu0;waste;0;0;;;;;;CB
R_2QKTchLXgBICZfo;waste;50;50;;I gave the same answer because it reduces waste by the same amount. It doesn't matter who is reducing it.;I would spend the money so I would not be contributing further to the problem.;deont;;CB