rank_1	rank_2	rank_3	rank_4	respondent_age	hhi	education	region	over_65	female	white	black	stronger_republican_8pt	democrat	republican	independent	hostile_sexism_1	hostile_sexism_2	hostile_sexism_3	hostile_sexism_agg	benevolent_sexism_1	benevolent_sexism_2	benevolent_sexism_3	benevolent_sexism_agg	pro_israel_score	hawk1	hawk2	hawk3	hawkish_aggregate	cosmopolitan	R2P	attention_intl_affairs	vote_trump	vote_harris	knowledge_ir_1	knowledge_ir_2	knowledge_ir_agg	Afghanistan_treatment	apartheid_plus_treatment	apartheid_treatment	apartheid_treatment_broad	persecution_treatment	apart_plus_vs_apart_treatment	apart_plus_vs_persec_treatment	apartheid_vs_persecution_treat	illegal_treatment	illegal_treatment_broad	ICC_referral	ICC_referral_binary	UNSC_condemn	UNSC_condemn_binary	sanctions	sanctions_binary	airstrikes	airstrikes_binary	regime_change	regime_change_binary	immigration	immigration_binary	foreign_aid	foreign_aid_binary	pressuring_IOs	pressuring_IOs_binary	top_priority	top_priority_binary	policy_index	policy_index_binary	new_information	new_information_binary	chance_success	chance_success_binary	moral_obligation	moral_obligation_binary	threat_perc	threat_perc_binary	reputation_suffer	reputation_suffer_binary	as_bad_jim_crow	as_bad_jim_crow_binary	illegal_perception	illegal_perception_binary	willing_write_letter	ICC_referral2	ICC_referral2_binary	UNSC_condemn2	UNSC_condemn2_binary	sanctions2	sanctions2_binary	airstrikes2	airstrikes2_binary	regime_change2	regime_change2_binary	immigration2	immigration2_binary	foreign_aid2	foreign_aid2_binary	pressuring_IOs2	pressuring_IOs2_binary	top_priority2	top_priority2_binary	policy_index2	ICC_referral_within	UNSC_condemn_within	sanctions_within	airstrikes_within	regime_change_within	immigration_within	foreign_aid_within	pressuring_IOs_within	top_priority_within	policy_index_within	ICC_referral_within_bin	UNSC_condemn_within_bin	sanctions_within_bin	airstrikes_within_bin	regime_change_within_bin	immigration_within_bin	foreign_aid_within_bin	pressuring_IOs_within_bin	top_priority_within_bin	policy_index_within_bin	make_illegal	make_illegal_binary	apartheid_ranked_worst	pro_Israel_median	apartheid_ranked_worse_persec
4	1	3	2	76	20	4	1	1.0	1.0	1.0	0.0	1.0	1.0	0.0	0.0	3.0	3.0	2.0	2.6666667	3.0	5.0	3.0	3.6666667	0.0	3.0	3.0	3.0	3.0	3.0	3.0	5.0	0.0	1.0	1.0	1.0	2.0	0.0	0.0	0.0	0.0	1.0		0.0	0.0		1.0	4.0	1.0	4.0	1.0	3.0	0.0	3.0	0.0	3.0	0.0	3.0	0.0	3.0	0.0	3.0	0.0	4.0	1.0	3.25	0.25	3.0	0.0	3.0	0.0	3.0	0.0	3.0	0.0	3.0	0.0	3.0	0.0	3.0	0.0	1.0	3.0	0.0	3.0	0.0	3.0	0.0	3.0	0.0	3.0	0.0	3.0	0.0	3.0	0.0	3.0	0.0	3.0	0.0	3.0	-1.0	-1.0	0.0	0.0	0.0	0.0	0.0	0.0	-1.0	-0.25	-1.0	-1.0	0.0	0.0	0.0	0.0	0.0	0.0	-1.0	-0.25			0.0	0.0	0.0
2	1	4	3	63	11	4	2	0.0	1.0	1.0	0.0	4.0	0.0	0.0	1.0	1.0	2.0	1.0	1.3333334	2.0	3.0	2.0	2.3333333	6.0	2.0	3.0	2.0	2.3333333	4.0	4.0	3.0	0.0	1.0	0.0	0.0	0.0	1.0	0.0	0.0	0.0	1.0		0.0	0.0		1.0	5.0	1.0	5.0	1.0	4.0	1.0	1.0	0.0	1.0	0.0	4.0	1.0	2.0	0.0	4.0	1.0	2.0	0.0	3.25	0.625	4.0	1.0	2.0	0.0	3.0	0.0	3.0	0.0	2.0	0.0	5.0	1.0	4.0	1.0	1.0	5.0	1.0	5.0	1.0	5.0	1.0	1.0	0.0	1.0	0.0	4.0	1.0	2.0	0.0	5.0	1.0	3.0	0.0	3.5	0.0	0.0	1.0	0.0	0.0	0.0	0.0	1.0	1.0	0.25	0.0	0.0	0.0	0.0	0.0	0.0	0.0	0.0	0.0	0.0			0.0	1.0	0.0
1	3	4	2	62	18	6	1	0.0	1.0	1.0	0.0	1.0	1.0	0.0	0.0	2.0	1.0	2.0	1.6666666	4.0	3.0	3.0	3.3333333	-48.0	1.0	2.0	2.0	1.6666666	5.0	4.0	4.0	0.0	1.0	0.0	0.0	0.0	0.0	1.0	0.0	1.0	0.0	1.0	1.0		0.0	0.0	3.0	0.0	5.0	1.0	3.0	0.0	2.0	0.0	4.0	1.0	4.0	1.0	5.0	1.0	4.0	1.0	4.0	1.0	3.75	0.625	3.0	0.0	4.0	1.0	4.0	1.0	3.0	0.0	3.0	0.0	4.0	1.0	4.0	1.0	0.0	3.0	0.0	4.0	1.0	5.0	1.0	3.0	0.0	5.0	1.0	4.0	1.0	5.0	1.0	4.0	1.0	4.0	1.0	4.125	0.0	-1.0	2.0	1.0	1.0	0.0	0.0	0.0	0.0	0.375	0.0	0.0	1.0	0.0	0.0	0.0	0.0	0.0	0.0	0.125	4.0	1.0	1.0	0.0	1.0
2	3	1	4	59	22	7	3	0.0	1.0	1.0	0.0	8.0	0.0	1.0	0.0	3.0	3.0	3.0	3.0	3.0	3.0	3.0	3.0	5.0	3.0	3.0	3.0	3.0	3.0	3.0	3.0	1.0	0.0	0.0	0.0	0.0	0.0	0.0	0.0	0.0	1.0		0.0	0.0		1.0	3.0	0.0	3.0	0.0	3.0	0.0	3.0	0.0	3.0	0.0	3.0	0.0	3.0	0.0	3.0	0.0	3.0	0.0	3.0	0.0	1.0	0.0	3.0	0.0	3.0	0.0	3.0	0.0	3.0	0.0	3.0	0.0	3.0	0.0	0.0	3.0	0.0	3.0	0.0	3.0	0.0	3.0	0.0	3.0	0.0	3.0	0.0	3.0	0.0	3.0	0.0	3.0	0.0	3.0	0.0	0.0	0.0	0.0	0.0	0.0	0.0	0.0	0.0	0.0	0.0	0.0	0.0	0.0	0.0	0.0	0.0	0.0	0.0	0.0			0.0	1.0	1.0
1	2	4	3	46	9	6	2	0.0	0.0	1.0	0.0	7.0	0.0	1.0	0.0	3.0	3.0	1.0	2.3333333	1.0	5.0	5.0	3.6666667	2.0	4.0	5.0	4.0	4.3333335	1.0	2.0	4.0	0.0	0.0	0.0	1.0	1.0	1.0	0.0	0.0	0.0	1.0		0.0	0.0		1.0	3.0	0.0	2.0	0.0	3.0	0.0	3.0	0.0	1.0	0.0	3.0	0.0	2.0	0.0	4.0	1.0	3.0	0.0	2.625	0.125	2.0	0.0	4.0	1.0	3.0	0.0	3.0	0.0	3.0	0.0	3.0	0.0	3.0	0.0	0.0	4.0	1.0	2.0	0.0	3.0	0.0	3.0	0.0	3.0	0.0	2.0	0.0	4.0	1.0	3.0	0.0	3.0	0.0	3.0	1.0	0.0	0.0	0.0	2.0	-1.0	2.0	-1.0	0.0	0.375	1.0	0.0	0.0	0.0	0.0	0.0	1.0	-1.0	0.0	0.125			1.0	1.0	1.0
4	2	3	1	57	4	2	1	0.0	0.0	1.0	0.0	2.0	1.0	0.0	0.0	4.0	2.0	1.0	2.3333333	2.0	4.0	2.0	2.6666667	36.0	2.0	2.0	2.0	2.0	2.0	2.0	4.0	0.0	0.0	1.0	1.0	2.0	0.0	0.0	0.0	0.0	1.0		0.0	0.0		1.0	4.0	1.0	4.0	1.0	4.0	1.0	3.0	0.0	1.0	0.0	3.0	0.0	3.0	0.0	4.0	1.0	4.0	1.0	3.25	0.5	2.0	0.0	3.0	0.0	5.0	1.0	4.0	1.0	5.0	1.0	5.0	1.0	5.0	1.0	0.0	5.0	1.0	4.0	1.0	4.0	1.0	1.0	0.0	1.0	0.0	3.0	0.0	2.0	0.0	4.0	1.0	3.0	0.0	3.0	1.0	0.0	0.0	-2.0	0.0	0.0	-1.0	0.0	-1.0	-0.25	0.0	0.0	0.0	0.0	0.0	0.0	0.0	0.0	-1.0	0.0			0.0	1.0	0.0
4	2	3	1	62	4	7	1	0.0	0.0	1.0	0.0	4.0	0.0	0.0	1.0	3.0	2.0	2.0	2.3333333	3.0	4.0	4.0	3.6666667	18.0	2.0	4.0	3.0	3.0	3.0	2.0	4.0	1.0	0.0	0.0	0.0	0.0	1.0	1.0	0.0	1.0	0.0	1.0	1.0		1.0	1.0	4.0	1.0	4.0	1.0	4.0	1.0	3.0	0.0	4.0	1.0	4.0	1.0	3.0	0.0	3.0	0.0	5.0	1.0	3.625	0.625	3.0	0.0	5.0	1.0	4.0	1.0	3.0	0.0	4.0	1.0	5.0	1.0	3.0	0.0	0.0	3.0	0.0	4.0	1.0	4.0	1.0	3.0	0.0	3.0	0.0	4.0	1.0	5.0	1.0	4.0	1.0	4.0	1.0	3.75	-1.0	0.0	0.0	0.0	-1.0	0.0	2.0	1.0	-1.0	0.125	-1.0	0.0	0.0	0.0	-1.0	0.0	1.0	1.0	0.0	0.0			0.0	1.0	0.0
4	1	2	3	24	1	2	2	0.0	1.0	0.0	1.0	1.0	1.0	0.0	0.0	3.0	3.0	2.0	2.6666667	5.0	5.0	4.0	4.6666665	24.0	5.0	4.0	1.0	3.3333333	5.0	4.0	5.0	0.0	1.0	0.0	1.0	1.0	1.0	1.0	0.0	1.0	0.0	1.0	1.0		1.0	1.0	4.0	1.0	5.0	1.0	5.0	1.0	5.0	1.0	4.0	1.0	3.0	0.0	4.0	1.0	3.0	0.0	4.0	1.0	4.125	0.75	3.0	0.0	4.0	1.0	4.0	1.0	4.0	1.0	4.0	1.0	5.0	1.0	3.0	0.0	0.0	3.0	0.0	3.0	0.0	4.0	1.0	4.0	1.0	3.0	0.0	3.0	0.0	4.0	1.0	3.0	0.0	4.0	1.0	3.375	-1.0	-2.0	-1.0	-1.0	-1.0	0.0	0.0	0.0	0.0	-0.75	-1.0	-1.0	0.0	0.0	-1.0	0.0	0.0	0.0	0.0	-0.375			0.0	1.0	0.0
2	3	4	1	76	24	7	1	1.0	0.0	1.0	0.0	2.0	1.0	0.0	0.0	1.0	1.0	1.0	1.0	2.0	5.0	1.0	2.6666667	82.0	4.0	5.0	4.0	4.3333335	3.0	5.0	5.0	0.0	1.0	1.0	1.0	2.0	1.0	0.0	0.0	0.0	1.0		0.0	0.0		1.0	5.0	1.0	5.0	1.0	4.0	1.0	1.0	0.0	1.0	0.0	3.0	0.0	4.0	1.0	5.0	1.0	4.0	1.0	3.5	0.625	2.0	0.0	3.0	0.0	2.0	0.0	1.0	0.0	1.0	0.0	5.0	1.0	5.0	1.0	1.0	5.0	1.0	5.0	1.0	4.0	1.0	1.0	0.0	1.0	0.0	3.0	0.0	4.0	1.0	5.0	1.0	4.0	1.0	3.5	0.0	0.0	0.0	0.0	0.0	0.0	0.0	0.0	0.0	0.0	0.0	0.0	0.0	0.0	0.0	0.0	0.0	0.0	0.0	0.0			0.0	1.0	1.0
1	2	3	4	26	19	2	2	0.0	1.0	1.0	0.0	8.0	0.0	1.0	0.0	4.0	5.0	4.0	4.3333335	4.0	4.0	4.0	4.0	-28.0	5.0	4.0	2.0	3.6666667	4.0	4.0	4.0	1.0	0.0	0.0	0.0	0.0	0.0	0.0	1.0	1.0	0.0	0.0		1.0	0.0	0.0	4.0	1.0	4.0	1.0	5.0	1.0	4.0	1.0	5.0	1.0	2.0	0.0	5.0	1.0	3.0	0.0	5.0	1.0	4.0	0.75	4.0	1.0	4.0	1.0	4.0	1.0	5.0	1.0	3.0	0.0	4.0	1.0	5.0	1.0	1.0	5.0	1.0	4.0	1.0	4.0	1.0	2.0	0.0	4.0	1.0	4.0	1.0	4.0	1.0	2.0	0.0	2.0	0.0	3.625	1.0	0.0	-1.0	-2.0	-1.0	2.0	-1.0	-1.0	-3.0	-0.375	0.0	0.0	0.0	-1.0	0.0	1.0	0.0	0.0	-1.0	0.0	2.0	0.0	1.0	0.0	1.0
1	3	2	4	55	2	6	1	0.0	1.0	1.0	0.0	1.0	1.0	0.0	0.0	5.0	5.0	5.0	5.0	5.0	5.0	5.0	5.0	25.0	3.0	5.0	1.0	3.0	5.0	5.0	4.0	0.0	1.0	1.0	1.0	2.0	0.0	1.0	0.0	1.0	0.0	1.0	1.0		1.0	1.0	5.0	1.0	5.0	1.0	5.0	1.0	5.0	1.0	5.0	1.0	5.0	1.0	5.0	1.0	5.0	1.0	5.0	1.0	5.0	1.0	5.0	1.0	5.0	1.0	5.0	1.0	5.0	1.0	5.0	1.0	5.0	1.0	5.0	1.0	1.0	5.0	1.0	5.0	1.0	5.0	1.0	5.0	1.0	5.0	1.0	5.0	1.0	5.0	1.0	5.0	1.0	5.0	1.0	5.0	0.0	0.0	0.0	0.0	0.0	0.0	0.0	0.0	0.0	0.0	0.0	0.0	0.0	0.0	0.0	0.0	0.0	0.0	0.0	0.0			1.0	1.0	1.0
2	3	1	4	48	10	5	3	0.0	0.0	1.0	0.0	7.0	0.0	1.0	0.0	2.0	2.0	2.0	2.0	2.0	3.0	1.0	2.0	44.0	4.0	5.0	4.0	4.3333335	4.0	4.0	5.0	1.0	0.0	1.0	1.0	2.0	0.0	0.0	1.0	1.0	0.0	0.0		1.0	1.0	1.0	5.0	1.0	5.0	1.0	5.0	1.0	3.0	0.0	3.0	0.0	4.0	1.0	4.0	1.0	4.0	1.0	4.0	1.0	4.125	0.75	2.0	0.0	2.0	0.0	4.0	1.0	2.0	0.0	4.0	1.0	5.0	1.0	5.0	1.0	0.0	5.0	1.0	5.0	1.0	4.0	1.0	4.0	1.0	2.0	0.0	4.0	1.0	3.0	0.0	4.0	1.0	3.0	0.0	3.875	0.0	0.0	-1.0	1.0	-1.0	0.0	-1.0	0.0	-1.0	-0.25	0.0	0.0	0.0	1.0	0.0	0.0	-1.0	0.0	-1.0	0.0			0.0	1.0	1.0
1	3	4	2	61	1	1	3	0.0	1.0	1.0	0.0	6.0	0.0	0.0	1.0	5.0	2.0	4.0	3.6666667	4.0	4.0	3.0	3.6666667	26.0	5.0	3.0	3.0	3.6666667	3.0	3.0	2.0	0.0	0.0	0.0	0.0	0.0	0.0	0.0	1.0	1.0	0.0	0.0		1.0	1.0	1.0	3.0	0.0	3.0	0.0	1.0	0.0	1.0	0.0	2.0	0.0	1.0	0.0	1.0	0.0	3.0	0.0	2.0	0.0	1.875	0.0	3.0	0.0	2.0	0.0	3.0	0.0	5.0	1.0	4.0	1.0	3.0	0.0	4.0	1.0	0.0	3.0	0.0	4.0	1.0	2.0	0.0	1.0	0.0	1.0	0.0	1.0	0.0	1.0	0.0	3.0	0.0	3.0	0.0	2.0	0.0	1.0	1.0	0.0	-1.0	0.0	0.0	0.0	1.0	0.125	0.0	1.0	0.0	0.0	0.0	0.0	0.0	0.0	0.0	0.125			1.0	1.0	1.0
4	2	3	1	79	14	5	2	1.0	0.0	1.0	0.0	3.0	0.0	0.0	1.0	1.0	1.0	2.0	1.3333334	3.0	4.0	1.0	2.6666667	56.0	2.0	3.0	2.0	2.3333333	3.0	3.0	5.0	0.0	1.0	1.0	1.0	2.0	1.0	0.0	1.0	1.0	0.0	0.0		1.0	1.0	1.0	4.0	1.0	4.0	1.0	4.0	1.0	3.0	0.0	4.0	1.0	4.0	1.0	4.0	1.0	4.0	1.0	4.0	1.0	3.875	0.875	3.0	0.0	3.0	0.0	3.0	0.0	2.0	0.0	3.0	0.0	5.0	1.0	5.0	1.0	1.0	3.0	0.0	3.0	0.0	3.0	0.0	3.0	0.0	3.0	0.0	3.0	0.0	3.0	0.0	3.0	0.0	3.0	0.0	3.0	-1.0	-1.0	-1.0	0.0	-1.0	-1.0	-1.0	-1.0	-1.0	-0.875	-1.0	-1.0	-1.0	0.0	-1.0	-1.0	-1.0	-1.0	-1.0	-0.875			0.0	1.0	0.0
3	2	4	1	57	5	5	3	0.0	1.0	1.0	0.0	1.0	1.0	0.0	0.0	1.0	1.0	1.0	1.0	3.0	5.0	1.0	3.0	0.0	5.0	5.0	5.0	5.0	5.0	5.0	5.0	0.0	1.0	1.0	1.0	2.0	0.0	0.0	0.0	0.0	1.0		0.0	0.0		1.0	5.0	1.0	5.0	1.0	5.0	1.0	5.0	1.0	5.0	1.0	5.0	1.0	5.0	1.0	5.0	1.0	5.0	1.0	5.0	1.0	2.0	0.0	3.0	0.0	5.0	1.0	5.0	1.0	5.0	1.0	5.0	1.0	5.0	1.0	1.0	5.0	1.0	5.0	1.0	5.0	1.0	5.0	1.0	5.0	1.0	5.0	1.0	5.0	1.0	5.0	1.0	5.0	1.0	5.0	0.0	0.0	0.0	0.0	0.0	0.0	0.0	0.0	0.0	0.0	0.0	0.0	0.0	0.0	0.0	0.0	0.0	0.0	0.0	0.0			0.0	0.0	0.0
1	3	2	4	78	15	2	2	1.0	0.0	1.0	0.0	8.0	0.0	1.0	0.0	1.0	1.0	1.0	1.0	3.0	5.0	4.0	4.0	29.0	4.0	4.0	2.0	3.3333333	3.0	4.0	5.0	1.0	0.0	1.0	1.0	2.0	1.0	1.0	0.0	1.0	0.0	1.0	1.0		0.0	0.0	5.0	1.0	4.0	1.0	5.0	1.0	1.0	0.0	1.0	0.0	1.0	0.0	1.0	0.0	3.0	0.0	4.0	1.0	2.625	0.375	2.0	0.0	2.0	0.0	1.0	0.0	2.0	0.0	2.0	0.0	4.0	1.0	5.0	1.0	0.0	5.0	1.0	5.0	1.0	5.0	1.0	1.0	0.0	1.0	0.0	1.0	0.0	1.0	0.0	3.0	0.0	2.0	0.0	2.75	0.0	1.0	0.0	0.0	0.0	0.0	0.0	0.0	-2.0	0.125	0.0	0.0	0.0	0.0	0.0	0.0	0.0	0.0	-1.0	0.0	3.0	0.0	1.0	1.0	1.0
1	3	2	4	83	4	5	4	1.0	1.0	1.0	0.0	4.0	0.0	0.0	1.0	1.0	1.0	1.0	1.0	2.0	3.0	1.0	2.0	1.0	1.0	3.0	2.0	2.0	2.0	1.0	4.0	0.0	1.0	0.0	1.0	1.0	0.0	0.0	0.0	0.0	1.0		0.0	0.0		1.0	4.0	1.0	4.0	1.0	3.0	0.0	1.0	0.0	1.0	0.0	4.0	1.0	2.0	0.0	4.0	1.0	4.0	1.0	2.875	0.5	3.0	0.0	1.0	0.0	3.0	0.0	5.0	1.0	2.0	0.0	5.0	1.0	4.0	1.0	1.0	4.0	1.0	4.0	1.0	3.0	0.0	1.0	0.0	1.0	0.0	3.0	0.0	2.0	0.0	4.0	1.0	3.0	0.0	2.75	0.0	0.0	0.0	0.0	0.0	-1.0	0.0	0.0	-1.0	-0.125	0.0	0.0	0.0	0.0	0.0	-1.0	0.0	0.0	-1.0	-0.125			1.0	0.0	1.0
3	2	4	1	62	3	2	3	0.0	1.0	1.0	0.0	4.0	0.0	0.0	1.0	4.0	3.0	4.0	3.6666667	1.0	4.0	2.0	2.3333333	89.0	3.0	4.0	3.0	3.3333333	2.0	4.0	3.0	0.0	0.0	1.0	0.0	1.0	1.0	0.0	0.0	0.0	1.0		0.0	0.0		1.0	4.0	1.0	5.0	1.0	4.0	1.0	3.0	0.0	3.0	0.0	3.0	0.0	2.0	0.0	4.0	1.0	4.0	1.0	3.5	0.5	1.0	0.0	2.0	0.0	4.0	1.0	3.0	0.0	3.0	0.0	5.0	1.0	4.0	1.0	1.0	4.0	1.0	4.0	1.0	3.0	0.0	2.0	0.0	3.0	0.0	2.0	0.0	2.0	0.0	5.0	1.0	4.0	1.0	3.125	0.0	-1.0	-1.0	-1.0	0.0	-1.0	0.0	1.0	0.0	-0.375	0.0	0.0	-1.0	0.0	0.0	0.0	0.0	0.0	0.0	-0.125			0.0	1.0	0.0
1	2	4	3	48	4	2	3	0.0	0.0	1.0	0.0	8.0	0.0	1.0	0.0	3.0	3.0	3.0	3.0	3.0	3.0	3.0	3.0	5.0	3.0	3.0	3.0	3.0	3.0	3.0	4.0	1.0	0.0	0.0	0.0	0.0	1.0	0.0	0.0	0.0	1.0		0.0	0.0		1.0	3.0	0.0	3.0	0.0	3.0	0.0	3.0	0.0	3.0	0.0	3.0	0.0	3.0	0.0	3.0	0.0	3.0	0.0	3.0	0.0	3.0	0.0	2.0	0.0	3.0	0.0	3.0	0.0	3.0	0.0	3.0	0.0	3.0	0.0	0.0	3.0	0.0	3.0	0.0	3.0	0.0	3.0	0.0	3.0	0.0	3.0	0.0	3.0	0.0	3.0	0.0	3.0	0.0	3.0	0.0	0.0	0.0	0.0	0.0	0.0	0.0	0.0	0.0	0.0	0.0	0.0	0.0	0.0	0.0	0.0	0.0	0.0	0.0	0.0			1.0	1.0	1.0
4	1	3	2	46	6	2	3	0.0	1.0	1.0	0.0	6.0	0.0	0.0	1.0	4.0	3.0	5.0	4.0	4.0	5.0	5.0	4.6666665	-33.0	4.0	5.0	4.0	4.3333335	5.0	3.0	5.0	1.0	0.0	1.0	0.0	1.0	0.0	0.0	0.0	0.0	1.0		0.0	0.0		1.0	5.0	1.0	5.0	1.0	4.0	1.0	2.0	0.0	2.0	0.0	2.0	0.0	2.0	0.0	4.0	1.0	3.0	0.0	3.25	0.5	2.0	0.0	3.0	0.0	2.0	0.0	2.0	0.0	3.0	0.0	3.0	0.0	2.0	0.0	0.0	4.0	1.0	4.0	1.0	5.0	1.0	2.0	0.0	2.0	0.0	1.0	0.0	2.0	0.0	5.0	1.0	5.0	1.0	3.125	-1.0	-1.0	1.0	0.0	0.0	-1.0	0.0	1.0	2.0	-0.125	0.0	0.0	0.0	0.0	0.0	0.0	0.0	0.0	1.0	0.0			0.0	0.0	0.0
1	3	4	2	67	10	2	3	1.0	1.0	1.0	0.0	8.0	0.0	1.0	0.0	3.0	3.0	3.0	3.0	3.0	4.0	4.0	3.6666667	0.0	3.0	4.0	4.0	3.6666667	4.0	2.0	4.0	1.0	0.0	1.0	0.0	1.0	1.0	0.0	1.0	1.0	0.0	0.0		1.0	1.0	1.0	2.0	0.0	3.0	0.0	3.0	0.0	3.0	0.0	3.0	0.0	2.0	0.0	2.0	0.0	2.0	0.0	3.0	0.0	2.5	0.0	2.0	0.0	3.0	0.0	3.0	0.0	3.0	0.0	3.0	0.0	3.0	0.0	3.0	0.0	0.0	3.0	0.0	3.0	0.0	3.0	0.0	3.0	0.0	3.0	0.0	3.0	0.0	3.0	0.0	3.0	0.0	3.0	0.0	3.0	1.0	0.0	0.0	0.0	0.0	1.0	1.0	1.0	0.0	0.5	0.0	0.0	0.0	0.0	0.0	0.0	0.0	0.0	0.0	0.0			1.0	0.0	1.0
3	2	4	1	66	14	5	2	1.0	1.0	1.0	0.0	2.0	1.0	0.0	0.0	1.0	2.0	2.0	1.6666666	2.0	3.0	3.0	2.6666667	0.0	4.0	3.0	3.0	3.3333333	3.0	4.0	5.0	0.0	0.0	0.0	1.0	1.0	0.0	1.0	0.0	1.0	0.0	1.0	1.0		0.0	0.0	4.0	1.0	5.0	1.0	3.0	0.0	2.0	0.0	3.0	0.0	3.0	0.0	4.0	1.0	4.0	1.0	4.0	1.0	3.5	0.5	3.0	0.0	4.0	1.0	4.0	1.0	3.0	0.0	4.0	1.0	5.0	1.0	4.0	1.0	0.0	2.0	0.0	4.0	1.0	3.0	0.0	1.0	0.0	2.0	0.0	3.0	0.0	3.0	0.0	3.0	0.0	4.0	1.0	2.625	-2.0	-1.0	0.0	-1.0	-1.0	0.0	-1.0	-1.0	0.0	-0.875	-1.0	0.0	0.0	0.0	0.0	0.0	-1.0	-1.0	0.0	-0.375	5.0	1.0	0.0	0.0	0.0
1	3	4	2	44	4	3	3	0.0	1.0	0.0	1.0	6.0	0.0	0.0	1.0	4.0	4.0	3.0	3.6666667	5.0	4.0	5.0	4.6666665	0.0	5.0	5.0	1.0	3.6666667	5.0	5.0	5.0	1.0	0.0	0.0	0.0	0.0	0.0	0.0	0.0	0.0	1.0		0.0	0.0		1.0	4.0	1.0	5.0	1.0	4.0	1.0	4.0	1.0	5.0	1.0	5.0	1.0	5.0	1.0	4.0	1.0	5.0	1.0	4.5	1.0	3.0	0.0	3.0	0.0	5.0	1.0	5.0	1.0	5.0	1.0	4.0	1.0	5.0	1.0	1.0	5.0	1.0	5.0	1.0	5.0	1.0	5.0	1.0	5.0	1.0	5.0	1.0	5.0	1.0	5.0	1.0	5.0	1.0	5.0	1.0	0.0	1.0	1.0	0.0	0.0	0.0	1.0	0.0	0.5	0.0	0.0	0.0	0.0	0.0	0.0	0.0	0.0	0.0	0.0			1.0	0.0	1.0
1	4	2	3	71	6	4	3	1.0	1.0	1.0	0.0	8.0	0.0	1.0	0.0	1.0	3.0	1.0	1.6666666	3.0	5.0	4.0	4.0	56.0	1.0	1.0	3.0	1.6666666	2.0	3.0	3.0	1.0	0.0	0.0	0.0	0.0	0.0	0.0	1.0	1.0	0.0	0.0		1.0	1.0	1.0	3.0	0.0	3.0	0.0	3.0	0.0	3.0	0.0	3.0	0.0	3.0	0.0	3.0	0.0	3.0	0.0	3.0	0.0	3.0	0.0	3.0	0.0	3.0	0.0	3.0	0.0	3.0	0.0	3.0	0.0	3.0	0.0	3.0	0.0	0.0	3.0	0.0	3.0	0.0	3.0	0.0	3.0	0.0	3.0	0.0	3.0	0.0	3.0	0.0	3.0	0.0	3.0	0.0	3.0	0.0	0.0	0.0	0.0	0.0	0.0	0.0	0.0	0.0	0.0	0.0	0.0	0.0	0.0	0.0	0.0	0.0	0.0	0.0	0.0			1.0	1.0	1.0
2	3	1	4	43	1	5	1	0.0	1.0	1.0	0.0	7.0	0.0	1.0	0.0	4.0	4.0	5.0	4.3333335	5.0	5.0	4.0	4.6666665	4.0	4.0	4.0	2.0	3.3333333	2.0	4.0	4.0	0.0	0.0	0.0	0.0	0.0	0.0	0.0	1.0	1.0	0.0	0.0		1.0	0.0	0.0	4.0	1.0	3.0	0.0	4.0	1.0	4.0	1.0	4.0	1.0	4.0	1.0	4.0	1.0	4.0	1.0	4.0	1.0	3.875	0.875	2.0	0.0	4.0	1.0	4.0	1.0	4.0	1.0	4.0	1.0	4.0	1.0	4.0	1.0	0.0	3.0	0.0	3.0	0.0	3.0	0.0	3.0	0.0	3.0	0.0	3.0	0.0	3.0	0.0	3.0	0.0	3.0	0.0	3.0	-1.0	0.0	-1.0	-1.0	-1.0	-1.0	-1.0	-1.0	-1.0	-0.875	-1.0	0.0	-1.0	-1.0	-1.0	-1.0	-1.0	-1.0	-1.0	-0.875	4.0	1.0	0.0	1.0	1.0
2	3	4	1	72	6	7	3	1.0	0.0	0.0	0.0	6.0	0.0	0.0	1.0	4.0	4.0	2.0	3.3333333	4.0	4.0	3.0	3.6666667	79.0	5.0	4.0	4.0	4.3333335	1.0	3.0	4.0	1.0	0.0	1.0	1.0	2.0	0.0	1.0	0.0	1.0	0.0	1.0	1.0		1.0	1.0	4.0	1.0	4.0	1.0	4.0	1.0	1.0	0.0	1.0	0.0	4.0	1.0	3.0	0.0	4.0	1.0	4.0	1.0	3.125	0.625	2.0	0.0	3.0	0.0	1.0	0.0	5.0	1.0	2.0	0.0	4.0	1.0	5.0	1.0	0.0	5.0	1.0	5.0	1.0	2.0	0.0	1.0	0.0	1.0	0.0	4.0	1.0	2.0	0.0	5.0	1.0	4.0	1.0	3.125	1.0	1.0	-2.0	0.0	0.0	0.0	-1.0	1.0	0.0	0.0	0.0	0.0	-1.0	0.0	0.0	0.0	0.0	0.0	0.0	-0.125			0.0	1.0	1.0
4	1	2	3	40	13	4	1	0.0	1.0	1.0	0.0	6.0	0.0	0.0	1.0	2.0	2.0	2.0	2.0	3.0	4.0	3.0	3.3333333	43.0	3.0	4.0	4.0	3.6666667	3.0	2.0	3.0	1.0	0.0	0.0	1.0	1.0	1.0	0.0	0.0	0.0	1.0		0.0	0.0		1.0	3.0	0.0	4.0	1.0	2.0	0.0	2.0	0.0	2.0	0.0	3.0	0.0	2.0	0.0	3.0	0.0	2.0	0.0	2.625	0.125	1.0	0.0	2.0	0.0	2.0	0.0	3.0	0.0	3.0	0.0	4.0	1.0	3.0	0.0	0.0	4.0	1.0	4.0	1.0	3.0	0.0	2.0	0.0	2.0	0.0	3.0	0.0	2.0	0.0	3.0	0.0	2.0	0.0	2.875	1.0	0.0	1.0	0.0	0.0	0.0	0.0	0.0	0.0	0.25	1.0	0.0	0.0	0.0	0.0	0.0	0.0	0.0	0.0	0.125			0.0	1.0	0.0
1	3	4	2	53	2	2	3	0.0	0.0	1.0	0.0	1.0	1.0	0.0	0.0	2.0	3.0	2.0	2.3333333	4.0	4.0	3.0	3.6666667	29.0	3.0	4.0	2.0	3.0	2.0	4.0	3.0	0.0	0.0	0.0	1.0	1.0	0.0	1.0	0.0	1.0	0.0	1.0	1.0		1.0	1.0	4.0	1.0	4.0	1.0	3.0	0.0	2.0	0.0	2.0	0.0	4.0	1.0	2.0	0.0	4.0	1.0	2.0	0.0	3.125	0.5	2.0	0.0	3.0	0.0	2.0	0.0	2.0	0.0	2.0	0.0	4.0	1.0	4.0	1.0	0.0	4.0	1.0	4.0	1.0	4.0	1.0	2.0	0.0	2.0	0.0	4.0	1.0	3.0	0.0	4.0	1.0	3.0	0.0	3.375	0.0	0.0	1.0	0.0	0.0	0.0	1.0	0.0	1.0	0.25	0.0	0.0	1.0	0.0	0.0	0.0	0.0	0.0	0.0	0.125			1.0	1.0	1.0
4	3	1	2	48	8	2	3	0.0	0.0	1.0	0.0	8.0	0.0	1.0	0.0	4.0	4.0	4.0	4.0	3.0	5.0	4.0	4.0	100.0	5.0	5.0	5.0	5.0	1.0	2.0	4.0	1.0	0.0	1.0	1.0	2.0	1.0	1.0	0.0	1.0	0.0	1.0	1.0		0.0	0.0	2.0	0.0	1.0	0.0	4.0	1.0	2.0	0.0	1.0	0.0	1.0	0.0	1.0	0.0	3.0	0.0	2.0	0.0	1.875	0.125	3.0	0.0	2.0	0.0	1.0	0.0	4.0	1.0	1.0	0.0	3.0	0.0	3.0	0.0	0.0	3.0	0.0	4.0	1.0	4.0	1.0	3.0	0.0	1.0	0.0	1.0	0.0	1.0	0.0	3.0	0.0	1.0	0.0	2.5	1.0	3.0	0.0	1.0	0.0	0.0	0.0	0.0	-1.0	0.625	0.0	1.0	0.0	0.0	0.0	0.0	0.0	0.0	0.0	0.125	3.0	0.0	0.0	1.0	0.0
3	2	1	4	67	8	2	2	1.0	1.0	1.0	0.0	8.0	0.0	1.0	0.0	4.0	3.0	4.0	3.6666667	4.0	4.0	4.0	4.0	88.0	4.0	4.0	4.0	4.0	3.0	4.0	2.0	1.0	0.0	1.0	0.0	1.0	1.0	1.0	0.0	1.0	0.0	1.0	1.0		0.0	0.0	4.0	1.0	5.0	1.0	3.0	0.0	3.0	0.0	3.0	0.0	4.0	1.0	3.0	0.0	5.0	1.0	5.0	1.0	3.75	0.5	3.0	0.0	3.0	0.0	3.0	0.0	5.0	1.0	5.0	1.0	5.0	1.0	5.0	1.0	0.0	5.0	1.0	5.0	1.0	3.0	0.0	3.0	0.0	3.0	0.0	5.0	1.0	3.0	0.0	4.0	1.0	5.0	1.0	3.875	1.0	0.0	0.0	0.0	0.0	1.0	0.0	-1.0	0.0	0.125	0.0	0.0	0.0	0.0	0.0	0.0	0.0	0.0	0.0	0.0	5.0	1.0	0.0	1.0	0.0
1	4	2	3	79	18	4	1	1.0	1.0	1.0	0.0	1.0	1.0	0.0	0.0	1.0	1.0	1.0	1.0	1.0	1.0	1.0	1.0	100.0	4.0	5.0	2.0	3.6666667	3.0	5.0	3.0	0.0	1.0	1.0	1.0	2.0	0.0	1.0	0.0	1.0	0.0	1.0	1.0		1.0	1.0	5.0	1.0	5.0	1.0	2.0	0.0	2.0	0.0	5.0	1.0	5.0	1.0	5.0	1.0	5.0	1.0	4.0	1.0	4.25	0.75	1.0	0.0	2.0	0.0	5.0	1.0	5.0	1.0	5.0	1.0	5.0	1.0	5.0	1.0	0.0	5.0	1.0	5.0	1.0	4.0	1.0	3.0	0.0	5.0	1.0	5.0	1.0	5.0	1.0	5.0	1.0	5.0	1.0	4.625	0.0	0.0	2.0	1.0	0.0	0.0	0.0	0.0	1.0	0.375	0.0	0.0	1.0	0.0	0.0	0.0	0.0	0.0	0.0	0.125			1.0	1.0	1.0
4	2	3	1	42	3	4	3	0.0	0.0	1.0	0.0	7.0	0.0	1.0	0.0	1.0	1.0	1.0	1.0	3.0	5.0	3.0	3.6666667	2.0	3.0	4.0	3.0	3.3333333	5.0	4.0	3.0	1.0	0.0	1.0	0.0	1.0	1.0	1.0	0.0	1.0	0.0	1.0	1.0		1.0	1.0	4.0	1.0	5.0	1.0	3.0	0.0	3.0	0.0	3.0	0.0	4.0	1.0	4.0	1.0	3.0	0.0	4.0	1.0	3.625	0.5	4.0	1.0	4.0	1.0	4.0	1.0	3.0	0.0	4.0	1.0	5.0	1.0	5.0	1.0	1.0	2.0	0.0	1.0	0.0	3.0	0.0	3.0	0.0	4.0	1.0	4.0	1.0	4.0	1.0	4.0	1.0	4.0	1.0	3.125	-2.0	-4.0	0.0	0.0	1.0	0.0	0.0	1.0	0.0	-0.5	-1.0	-1.0	0.0	0.0	1.0	0.0	0.0	1.0	0.0	0.0			0.0	1.0	0.0
4	2	3	1	36	7	4	4	0.0	1.0	1.0	0.0	5.0	0.0	0.0	1.0	4.0	3.0	3.0	3.3333333	2.0	5.0	2.0	3.0	2.0	3.0	5.0	5.0	4.3333335	2.0	2.0	4.0	1.0	0.0	1.0	0.0	1.0	1.0	1.0	0.0	1.0	0.0	1.0	1.0		1.0	1.0	3.0	0.0	3.0	0.0	1.0	0.0	3.0	0.0	2.0	0.0	1.0	0.0	1.0	0.0	2.0	0.0	2.0	0.0	2.0	0.0	3.0	0.0	2.0	0.0	1.0	0.0	2.0	0.0	3.0	0.0	2.0	0.0	4.0	1.0	0.0	3.0	0.0	3.0	0.0	1.0	0.0	2.0	0.0	1.0	0.0	1.0	0.0	1.0	0.0	3.0	0.0	3.0	0.0	1.875	0.0	0.0	0.0	-1.0	-1.0	0.0	0.0	1.0	1.0	-0.125	0.0	0.0	0.0	0.0	0.0	0.0	0.0	0.0	0.0	0.0			0.0	1.0	0.0
2	1	4	3	30	15	6	2	0.0	1.0	0.0	1.0	1.0	1.0	0.0	0.0	1.0	1.0	3.0	1.6666666	5.0	5.0	3.0	4.3333335	29.0	4.0	4.0	5.0	4.3333335	5.0	4.0	5.0	0.0	1.0	1.0	1.0	2.0	0.0	0.0	1.0	1.0	0.0	0.0		1.0	1.0	1.0	4.0	1.0	4.0	1.0	1.0	0.0	1.0	0.0	2.0	0.0	5.0	1.0	1.0	0.0	4.0	1.0	1.0	0.0	2.75	0.5	5.0	1.0	2.0	0.0	2.0	0.0	3.0	0.0	2.0	0.0	3.0	0.0	1.0	0.0	1.0	2.0	0.0	2.0	0.0	1.0	0.0	2.0	0.0	1.0	0.0	5.0	1.0	1.0	0.0	2.0	0.0	1.0	0.0	2.0	-2.0	-2.0	0.0	1.0	-1.0	0.0	0.0	-2.0	0.0	-0.75	-1.0	-1.0	0.0	0.0	0.0	0.0	0.0	-1.0	0.0	-0.375			0.0	1.0	0.0
3	2	4	1	75	12	5	2	1.0	1.0	1.0	0.0	2.0	1.0	0.0	0.0	1.0	2.0	1.0	1.3333334	2.0	1.0	1.0	1.3333334	2.0	1.0	2.0	2.0	1.6666666	4.0	3.0	5.0	0.0	1.0	0.0	0.0	0.0	1.0	0.0	1.0	1.0	0.0	0.0		1.0	0.0	0.0	5.0	1.0	5.0	1.0	4.0	1.0	1.0	0.0	1.0	0.0	4.0	1.0	4.0	1.0	5.0	1.0	3.0	0.0	3.625	0.75	3.0	0.0	2.0	0.0	3.0	0.0	2.0	0.0	2.0	0.0	4.0	1.0	4.0	1.0	0.0	4.0	1.0	5.0	1.0	4.0	1.0	1.0	0.0	1.0	0.0	4.0	1.0	3.0	0.0	5.0	1.0	3.0	0.0	3.375	-1.0	0.0	0.0	0.0	0.0	0.0	-1.0	0.0	0.0	-0.25	0.0	0.0	0.0	0.0	0.0	0.0	-1.0	0.0	0.0	-0.125	5.0	1.0	0.0	1.0	0.0
3	2	4	1	46	17	7	3	0.0	1.0	1.0	0.0	3.0	0.0	0.0	1.0	3.0	2.0	1.0	2.0	2.0	3.0	2.0	2.3333333	10.0	2.0	3.0	2.0	2.3333333	4.0	4.0	3.0	0.0	1.0	1.0	1.0	2.0	1.0	0.0	0.0	0.0	1.0		0.0	0.0		1.0	4.0	1.0	5.0	1.0	4.0	1.0	2.0	0.0	1.0	0.0	4.0	1.0	2.0	0.0	4.0	1.0	3.0	0.0	3.25	0.625	2.0	0.0	3.0	0.0	4.0	1.0	2.0	0.0	3.0	0.0	4.0	1.0	3.0	0.0	0.0	5.0	1.0	5.0	1.0	4.0	1.0	1.0	0.0	1.0	0.0	5.0	1.0	4.0	1.0	5.0	1.0	3.0	0.0	3.75	1.0	0.0	0.0	-1.0	0.0	1.0	2.0	1.0	0.0	0.5	0.0	0.0	0.0	0.0	0.0	0.0	1.0	0.0	0.0	0.125			0.0	1.0	0.0
4	2	3	1	33	7	2	3	0.0	1.0	1.0	0.0	7.0	0.0	1.0	0.0	2.0	3.0	2.0	2.3333333	3.0	4.0	3.0	3.3333333	0.0	3.0	4.0	3.0	3.3333333	2.0	2.0	2.0	1.0	0.0	0.0	1.0	1.0	0.0	0.0	0.0	0.0	1.0		0.0	0.0		1.0	3.0	0.0	3.0	0.0	3.0	0.0	3.0	0.0	3.0	0.0	2.0	0.0	1.0	0.0	3.0	0.0	2.0	0.0	2.625	0.0	2.0	0.0	3.0	0.0	1.0	0.0	2.0	0.0	1.0	0.0	3.0	0.0	3.0	0.0	0.0	3.0	0.0	3.0	0.0	3.0	0.0	2.0	0.0	3.0	0.0	1.0	0.0	1.0	0.0	2.0	0.0	1.0	0.0	2.25	0.0	0.0	0.0	-1.0	0.0	-1.0	0.0	-1.0	-1.0	-0.375	0.0	0.0	0.0	0.0	0.0	0.0	0.0	0.0	0.0	0.0			0.0	0.0	0.0
4	3	2	1	71	2	2	3	1.0	1.0	1.0	0.0	8.0	0.0	1.0	0.0	1.0	1.0	1.0	1.0	4.0	4.0	5.0	4.3333335	0.0	4.0	1.0	2.0	2.3333333	1.0	4.0	5.0	0.0	1.0	0.0	0.0	0.0	0.0	1.0	0.0	1.0	0.0	1.0	1.0		1.0	1.0	5.0	1.0	5.0	1.0	2.0	0.0	1.0	0.0	1.0	0.0	2.0	0.0	1.0	0.0	1.0	0.0	4.0	1.0	2.25	0.25	3.0	0.0	1.0	0.0	4.0	1.0	4.0	1.0	3.0	0.0	5.0	1.0	5.0	1.0	0.0	4.0	1.0	4.0	1.0	4.0	1.0	1.0	0.0	1.0	0.0	1.0	0.0	4.0	1.0	4.0	1.0	3.0	0.0	2.875	-1.0	-1.0	2.0	0.0	0.0	-1.0	3.0	3.0	-1.0	0.625	0.0	0.0	1.0	0.0	0.0	0.0	1.0	1.0	-1.0	0.375			0.0	0.0	0.0
4	1	3	2	68	1	4	3	1.0	0.0	1.0	0.0	8.0	0.0	1.0	0.0	3.0	4.0	1.0	2.6666667	3.0	3.0	2.0	2.6666667	80.0	2.0	3.0	3.0	2.6666667	3.0	4.0	3.0	1.0	0.0	0.0	0.0	0.0	1.0	0.0	0.0	0.0	1.0		0.0	0.0		1.0	3.0	0.0	3.0	0.0	4.0	1.0	3.0	0.0	3.0	0.0	4.0	1.0	3.0	0.0	1.0	0.0	3.0	0.0	3.0	0.25	3.0	0.0	4.0	1.0	3.0	0.0	3.0	0.0	3.0	0.0	3.0	0.0	4.0	1.0	0.0	3.0	0.0	3.0	0.0	3.0	0.0	3.0	0.0	3.0	0.0	3.0	0.0	3.0	0.0	3.0	0.0	3.0	0.0	3.0	0.0	0.0	-1.0	0.0	0.0	-1.0	0.0	2.0	0.0	0.0	0.0	0.0	-1.0	0.0	0.0	-1.0	0.0	0.0	0.0	-0.25			0.0	1.0	0.0
4	1	3	2	73	3	6	4	1.0	0.0	1.0	0.0	5.0	0.0	0.0	1.0	4.0	4.0	4.0	4.0	4.0	4.0	4.0	4.0	87.0	4.0	4.0	2.0	3.3333333	2.0	3.0	5.0	1.0	0.0	1.0	1.0	2.0	0.0	1.0	0.0	1.0	0.0	1.0	1.0		0.0	0.0	5.0	1.0	5.0	1.0	5.0	1.0	4.0	1.0	2.0	0.0	1.0	0.0	2.0	0.0	5.0	1.0	3.0	0.0	3.625	0.625	2.0	0.0	2.0	0.0	3.0	0.0	5.0	1.0	3.0	0.0	5.0	1.0	5.0	1.0	0.0	3.0	0.0	3.0	0.0	3.0	0.0	3.0	0.0	3.0	0.0	3.0	0.0	3.0	0.0	3.0	0.0	3.0	0.0	3.0	-2.0	-2.0	-2.0	-1.0	1.0	2.0	1.0	-2.0	0.0	-0.625	-1.0	-1.0	-1.0	-1.0	0.0	0.0	0.0	-1.0	0.0	-0.625	3.0	0.0	0.0	1.0	0.0
1	3	4	2	51	15	5	1	0.0	1.0	1.0	0.0	1.0	1.0	0.0	0.0	1.0	1.0	1.0	1.0	3.0	1.0	1.0	1.6666666	0.0	1.0	1.0	2.0	1.3333334	3.0	3.0	3.0	0.0	1.0	1.0	1.0	2.0	1.0	1.0	0.0	1.0	0.0	1.0	1.0		0.0	0.0	4.0	1.0	4.0	1.0	4.0	1.0	1.0	0.0	4.0	1.0	4.0	1.0	4.0	1.0	4.0	1.0	5.0	1.0	3.625	0.875	3.0	0.0	5.0	1.0	3.0	0.0	3.0	0.0	3.0	0.0	3.0	0.0	3.0	0.0	0.0	3.0	0.0	3.0	0.0	3.0	0.0	3.0	0.0	3.0	0.0	3.0	0.0	3.0	0.0	3.0	0.0	3.0	0.0	3.0	-1.0	-1.0	-1.0	2.0	-1.0	-1.0	-1.0	-1.0	-2.0	-0.625	-1.0	-1.0	-1.0	0.0	-1.0	-1.0	-1.0	-1.0	-1.0	-0.875	3.0	0.0	1.0	0.0	1.0
3	2	4	1	62	2	4	4	0.0	1.0	1.0	0.0	8.0	0.0	1.0	0.0	3.0	4.0	2.0	3.0	2.0	4.0	3.0	3.0	93.0	5.0	5.0	5.0	5.0	1.0	1.0	4.0	1.0	0.0	0.0	0.0	0.0	0.0	1.0	0.0	1.0	0.0	1.0	1.0		1.0	1.0	4.0	1.0	1.0	0.0	3.0	0.0	1.0	0.0	1.0	0.0	3.0	0.0	1.0	0.0	4.0	1.0	1.0	0.0	2.25	0.25	2.0	0.0	2.0	0.0	1.0	0.0	3.0	0.0	1.0	0.0	3.0	0.0	3.0	0.0	0.0	3.0	0.0	1.0	0.0	1.0	0.0	1.0	0.0	1.0	0.0	3.0	0.0	1.0	0.0	2.0	0.0	1.0	0.0	1.625	-1.0	0.0	-2.0	0.0	0.0	0.0	0.0	-2.0	0.0	-0.625	-1.0	0.0	0.0	0.0	0.0	0.0	0.0	-1.0	0.0	-0.25			0.0	1.0	0.0
3	1	2	4	37	4	2	3	0.0	0.0	0.0	1.0	8.0	0.0	1.0	0.0	4.0	2.0	4.0	3.3333333	2.0	5.0	2.0	3.0	4.0	3.0	4.0	3.0	3.3333333	4.0	4.0	5.0	1.0	0.0	0.0	0.0	0.0	0.0	0.0	1.0	1.0	0.0	0.0		1.0	1.0	1.0	3.0	0.0	3.0	0.0	3.0	0.0	3.0	0.0	3.0	0.0	3.0	0.0	2.0	0.0	3.0	0.0	3.0	0.0	2.875	0.0	4.0	1.0	3.0	0.0	5.0	1.0	4.0	1.0	4.0	1.0	5.0	1.0	5.0	1.0	1.0	4.0	1.0	4.0	1.0	5.0	1.0	4.0	1.0	5.0	1.0	5.0	1.0	4.0	1.0	5.0	1.0	5.0	1.0	4.5	1.0	1.0	2.0	1.0	2.0	2.0	2.0	2.0	2.0	1.625	1.0	1.0	1.0	1.0	1.0	1.0	1.0	1.0	1.0	1.0			0.0	1.0	0.0
4	1	3	2	36	11	2	3	0.0	1.0	1.0	0.0	4.0	0.0	0.0	1.0	3.0	1.0	1.0	1.6666666	2.0	4.0	2.0	2.6666667	50.0	3.0	4.0	3.0	3.3333333	2.0	5.0	3.0	0.0	0.0	1.0	1.0	2.0	0.0	1.0	0.0	1.0	0.0	1.0	1.0		1.0	1.0	4.0	1.0	1.0	0.0	3.0	0.0	3.0	0.0	3.0	0.0	5.0	1.0	4.0	1.0	5.0	1.0	5.0	1.0	3.5	0.5	3.0	0.0	4.0	1.0	5.0	1.0	4.0	1.0	3.0	0.0	5.0	1.0	4.0	1.0	1.0	4.0	1.0	4.0	1.0	4.0	1.0	4.0	1.0	4.0	1.0	4.0	1.0	4.0	1.0	4.0	1.0	4.0	1.0	4.0	0.0	3.0	1.0	1.0	1.0	-1.0	0.0	-1.0	-1.0	0.5	0.0	1.0	1.0	1.0	1.0	0.0	0.0	0.0	0.0	0.5			0.0	1.0	0.0
4	2	3	1	72	6	4	3	1.0	0.0	1.0	0.0	8.0	0.0	1.0	0.0	3.0	3.0	2.0	2.6666667	3.0	5.0	4.0	4.0	99.0	5.0	5.0	5.0	5.0	1.0	2.0	5.0	1.0	0.0	1.0	1.0	2.0	0.0	0.0	0.0	0.0	1.0		0.0	0.0		1.0	5.0	1.0	5.0	1.0	5.0	1.0	5.0	1.0	2.0	0.0	5.0	1.0	2.0	0.0	5.0	1.0	5.0	1.0	4.25	0.75	1.0	0.0	4.0	1.0	4.0	1.0	2.0	0.0	3.0	0.0	5.0	1.0	5.0	1.0	0.0	4.0	1.0	5.0	1.0	5.0	1.0	5.0	1.0	2.0	0.0	4.0	1.0	3.0	0.0	5.0	1.0	4.0	1.0	4.125	-1.0	0.0	0.0	0.0	0.0	-1.0	1.0	0.0	-1.0	-0.125	0.0	0.0	0.0	0.0	0.0	0.0	0.0	0.0	0.0	0.0			0.0	1.0	0.0
4	1	3	2	36	13	6	4	0.0	1.0	0.0	0.0	2.0	1.0	0.0	0.0	4.0	2.0	3.0	3.0	4.0	4.0	4.0	4.0	-50.0	2.0	3.0	2.0	2.3333333	4.0	4.0	3.0	0.0	1.0	1.0	1.0	2.0	0.0	0.0	0.0	0.0	1.0		0.0	0.0		1.0	3.0	0.0	4.0	1.0	4.0	1.0	2.0	0.0	3.0	0.0	4.0	1.0	4.0	1.0	2.0	0.0	4.0	1.0	3.25	0.5	4.0	1.0	3.0	0.0	3.0	0.0	4.0	1.0	4.0	1.0	4.0	1.0	4.0	1.0	0.0	4.0	1.0	3.0	0.0	3.0	0.0	2.0	0.0	4.0	1.0	4.0	1.0	4.0	1.0	4.0	1.0	4.0	1.0	3.5	1.0	-1.0	-1.0	0.0	1.0	0.0	0.0	2.0	0.0	0.25	1.0	-1.0	-1.0	0.0	1.0	0.0	0.0	1.0	0.0	0.125			0.0	0.0	0.0
1	2	4	3	70	13	6	1	1.0	0.0	1.0	0.0	6.0	0.0	0.0	1.0	2.0	4.0	3.0	3.0	4.0	3.0	5.0	4.0	-29.0	5.0	5.0	2.0	4.0	3.0	4.0	5.0	1.0	0.0	1.0	1.0	2.0	0.0	0.0	1.0	1.0	0.0	0.0		1.0	1.0	1.0	4.0	1.0	5.0	1.0	4.0	1.0	2.0	0.0	1.0	0.0	3.0	0.0	3.0	0.0	4.0	1.0	2.0	0.0	3.25	0.5	3.0	0.0	2.0	0.0	3.0	0.0	5.0	1.0	2.0	0.0	5.0	1.0	5.0	1.0	0.0	5.0	1.0	5.0	1.0	4.0	1.0	1.0	0.0	1.0	0.0	3.0	0.0	3.0	0.0	3.0	0.0	3.0	0.0	3.125	1.0	0.0	0.0	-1.0	0.0	0.0	0.0	-1.0	1.0	-0.125	0.0	0.0	0.0	0.0	0.0	0.0	0.0	-1.0	0.0	-0.125			1.0	0.0	1.0
4	3	2	1	35	6	2	3	0.0	1.0	1.0	0.0	2.0	1.0	0.0	0.0	3.0	3.0	3.0	3.0	4.0	5.0	3.0	4.0	-3.0	4.0	4.0	3.0	3.6666667	5.0	3.0	3.0	1.0	0.0	1.0	0.0	1.0	0.0	0.0	1.0	1.0	0.0	0.0		1.0	1.0	1.0	3.0	0.0	3.0	0.0	2.0	0.0	3.0	0.0	4.0	1.0	3.0	0.0	4.0	1.0	4.0	1.0	4.0	1.0	3.25	0.375	4.0	1.0	4.0	1.0	3.0	0.0	4.0	1.0	3.0	0.0	5.0	1.0	3.0	0.0	1.0	3.0	0.0	3.0	0.0	3.0	0.0	3.0	0.0	3.0	0.0	3.0	0.0	3.0	0.0	3.0	0.0	3.0	0.0	3.0	0.0	0.0	1.0	0.0	-1.0	0.0	-1.0	-1.0	-1.0	-0.25	0.0	0.0	0.0	0.0	-1.0	0.0	-1.0	-1.0	-1.0	-0.375			0.0	0.0	0.0
3	2	4	1	52	12	3	4	0.0	0.0	1.0	0.0	8.0	0.0	1.0	0.0	4.0	3.0	4.0	3.6666667	1.0	5.0	4.0	3.3333333	-5.0	2.0	4.0	2.0	2.6666667	1.0	2.0	5.0	0.0	0.0	1.0	1.0	2.0	1.0	1.0	0.0	1.0	0.0	1.0	1.0		0.0	0.0	5.0	1.0	5.0	1.0	5.0	1.0	3.0	0.0	2.0	0.0	3.0	0.0	3.0	0.0	5.0	1.0	4.0	1.0	3.875	0.5	3.0	0.0	2.0	0.0	3.0	0.0	2.0	0.0	3.0	0.0	4.0	1.0	4.0	1.0	0.0	5.0	1.0	5.0	1.0	4.0	1.0	3.0	0.0	2.0	0.0	3.0	0.0	3.0	0.0	5.0	1.0	5.0	1.0	3.75	0.0	0.0	-1.0	0.0	0.0	0.0	0.0	0.0	1.0	-0.125	0.0	0.0	0.0	0.0	0.0	0.0	0.0	0.0	0.0	0.0	5.0	1.0	0.0	0.0	0.0
3	2	4	1	49	13	4	1	0.0	1.0	1.0	0.0	8.0	0.0	1.0	0.0	2.0	3.0	4.0	3.0	4.0	5.0	4.0	4.3333335	92.0	4.0	4.0	4.0	4.0	3.0	4.0	4.0	1.0	0.0	1.0	0.0	1.0	1.0	1.0	0.0	1.0	0.0	1.0	1.0		0.0	0.0	4.0	1.0	4.0	1.0	4.0	1.0	3.0	0.0	3.0	0.0	4.0	1.0	2.0	0.0	3.0	0.0	4.0	1.0	3.375	0.5	3.0	0.0	2.0	0.0	3.0	0.0	4.0	1.0	3.0	0.0	4.0	1.0	4.0	1.0	0.0	4.0	1.0	4.0	1.0	4.0	1.0	4.0	1.0	3.0	0.0	4.0	1.0	4.0	1.0	4.0	1.0	4.0	1.0	3.875	0.0	0.0	0.0	1.0	0.0	0.0	2.0	1.0	0.0	0.5	0.0	0.0	0.0	1.0	0.0	0.0	1.0	1.0	0.0	0.375	5.0	1.0	0.0	1.0	0.0
4	2	3	1	50	2	4	1	0.0	0.0	1.0	0.0	4.0	0.0	0.0	1.0	4.0	4.0	4.0	4.0	1.0	3.0	1.0	1.6666666	65.0	3.0	1.0	4.0	2.6666667	1.0	4.0	5.0	0.0	0.0	1.0	1.0	2.0	1.0	0.0	1.0	1.0	0.0	0.0		1.0	1.0	1.0	2.0	0.0	4.0	1.0	3.0	0.0	3.0	0.0	2.0	0.0	2.0	0.0	3.0	0.0	3.0	0.0	2.0	0.0	2.75	0.125	2.0	0.0	1.0	0.0	3.0	0.0	3.0	0.0	5.0	1.0	3.0	0.0	2.0	0.0	0.0	2.0	0.0	5.0	1.0	2.0	0.0	3.0	0.0	2.0	0.0	2.0	0.0	4.0	1.0	3.0	0.0	3.0	0.0	2.875	0.0	1.0	-1.0	0.0	0.0	0.0	1.0	0.0	1.0	0.125	0.0	0.0	0.0	0.0	0.0	0.0	1.0	0.0	0.0	0.125			0.0	1.0	0.0
3	1	4	2	50	8	4	3	0.0	1.0	1.0	0.0	6.0	0.0	0.0	1.0	1.0	1.0	1.0	1.0	3.0	5.0	4.0	4.0	0.0	4.0	4.0	4.0	4.0	5.0	5.0	5.0	1.0	0.0	1.0	0.0	1.0	0.0	0.0	1.0	1.0	0.0	0.0		1.0	0.0	0.0	5.0	1.0	5.0	1.0	1.0	0.0	1.0	0.0	1.0	0.0	1.0	0.0	1.0	0.0	1.0	0.0	1.0	0.0	2.0	0.25	1.0	0.0	2.0	0.0	3.0	0.0	3.0	0.0	3.0	0.0	5.0	1.0	5.0	1.0	0.0	5.0	1.0	3.0	0.0	1.0	0.0	1.0	0.0	1.0	0.0	1.0	0.0	1.0	0.0	3.0	0.0	1.0	0.0	2.0	0.0	-2.0	0.0	0.0	0.0	0.0	0.0	2.0	0.0	0.0	0.0	-1.0	0.0	0.0	0.0	0.0	0.0	0.0	0.0	-0.125	4.0	1.0	0.0	0.0	0.0
1	3	4	2	47	21	6	2	0.0	1.0	1.0	0.0	8.0	0.0	1.0	0.0	1.0	1.0	1.0	1.0	3.0	3.0	1.0	2.3333333	25.0	5.0	2.0	4.0	3.6666667	2.0	4.0	4.0	1.0	0.0	1.0	1.0	2.0	0.0	0.0	0.0	0.0	1.0		0.0	0.0		1.0	4.0	1.0	5.0	1.0	4.0	1.0	1.0	0.0	1.0	0.0	1.0	0.0	2.0	0.0	4.0	1.0	2.0	0.0	2.75	0.5	3.0	0.0	2.0	0.0	3.0	0.0	4.0	1.0	2.0	0.0	5.0	1.0	2.0	0.0	0.0	5.0	1.0	5.0	1.0	5.0	1.0	1.0	0.0	1.0	0.0	2.0	0.0	1.0	0.0	5.0	1.0	1.0	0.0	3.125	1.0	0.0	1.0	0.0	0.0	1.0	-1.0	1.0	-1.0	0.375	0.0	0.0	0.0	0.0	0.0	0.0	0.0	0.0	0.0	0.0			1.0	1.0	1.0
4	3	1	2	23	1	4	3	0.0	1.0	0.0	1.0	2.0	1.0	0.0	0.0	4.0	4.0	3.0	3.6666667	4.0	4.0	4.0	4.0	0.0	3.0	3.0	3.0	3.0	4.0	4.0	3.0	0.0	1.0	0.0	0.0	0.0	1.0	1.0	0.0	1.0	0.0	1.0	1.0		0.0	0.0	4.0	1.0	3.0	0.0	4.0	1.0	4.0	1.0	3.0	0.0	4.0	1.0	3.0	0.0	3.0	0.0	4.0	1.0	3.5	0.5	4.0	1.0	3.0	0.0	4.0	1.0	3.0	0.0	4.0	1.0	3.0	0.0	3.0	0.0	0.0	3.0	0.0	3.0	0.0	4.0	1.0	4.0	1.0	3.0	0.0	3.0	0.0	4.0	1.0	3.0	0.0	3.0	0.0	3.375	-1.0	0.0	0.0	0.0	0.0	-1.0	1.0	0.0	-1.0	-0.125	-1.0	0.0	0.0	0.0	0.0	-1.0	1.0	0.0	-1.0	-0.125	5.0	1.0	0.0	0.0	0.0
1	4	3	2	33	11	2	1	0.0	1.0	1.0	0.0	3.0	0.0	0.0	1.0	2.0	2.0	2.0	2.0	4.0	5.0	4.0	4.3333335	0.0	3.0	4.0	3.0	3.3333333	5.0	4.0	1.0	0.0	0.0	0.0	0.0	0.0	0.0	1.0	0.0	1.0	0.0	1.0	1.0		1.0	1.0	4.0	1.0	4.0	1.0	4.0	1.0	3.0	0.0	4.0	1.0	4.0	1.0	3.0	0.0	4.0	1.0	4.0	1.0	3.75	0.75	4.0	1.0	3.0	0.0	4.0	1.0	4.0	1.0	4.0	1.0	4.0	1.0	4.0	1.0	0.0	5.0	1.0	4.0	1.0	4.0	1.0	3.0	0.0	4.0	1.0	4.0	1.0	4.0	1.0	4.0	1.0	4.0	1.0	4.0	1.0	0.0	0.0	0.0	0.0	0.0	1.0	0.0	0.0	0.25	0.0	0.0	0.0	0.0	0.0	0.0	1.0	0.0	0.0	0.125			1.0	0.0	1.0
4	3	1	2	33	1	1	3	0.0	0.0	0.0	0.0	8.0	0.0	1.0	0.0	5.0	5.0	3.0	4.3333335	1.0	5.0	1.0	2.3333333	0.0	1.0	5.0	1.0	2.3333333	5.0	5.0	4.0	1.0	0.0	1.0	1.0	2.0	1.0	1.0	0.0	1.0	0.0	1.0	1.0		1.0	1.0	5.0	1.0	3.0	0.0	5.0	1.0	3.0	0.0	3.0	0.0	3.0	0.0	5.0	1.0	3.0	0.0	1.0	0.0	3.75	0.375	3.0	0.0	3.0	0.0	1.0	0.0	3.0	0.0	1.0	0.0	1.0	0.0	3.0	0.0	0.0	5.0	1.0	1.0	0.0	1.0	0.0	3.0	0.0	1.0	0.0	1.0	0.0	1.0	0.0	1.0	0.0	1.0	0.0	1.75	0.0	-2.0	-4.0	0.0	-2.0	-2.0	-4.0	-2.0	0.0	-2.0	0.0	0.0	-1.0	0.0	0.0	0.0	-1.0	0.0	0.0	-0.25			0.0	0.0	0.0
4	1	2	3	58	2	5	3	0.0	1.0	1.0	0.0	8.0	0.0	1.0	0.0	3.0	3.0	3.0	3.0	3.0	5.0	3.0	3.6666667	0.0	3.0	3.0	3.0	3.0	3.0	3.0	4.0	1.0	0.0	1.0	1.0	2.0	0.0	0.0	0.0	0.0	1.0		0.0	0.0		1.0	3.0	0.0	3.0	0.0	3.0	0.0	3.0	0.0	3.0	0.0	3.0	0.0	3.0	0.0	3.0	0.0	3.0	0.0	3.0	0.0	4.0	1.0	3.0	0.0	3.0	0.0	3.0	0.0	3.0	0.0	3.0	0.0	3.0	0.0	0.0	3.0	0.0	3.0	0.0	3.0	0.0	3.0	0.0	3.0	0.0	3.0	0.0	3.0	0.0	3.0	0.0	3.0	0.0	3.0	0.0	0.0	0.0	0.0	0.0	0.0	0.0	0.0	0.0	0.0	0.0	0.0	0.0	0.0	0.0	0.0	0.0	0.0	0.0	0.0			0.0	0.0	0.0
1	3	4	2	32	19	7	1	0.0	1.0	1.0	0.0	1.0	1.0	0.0	0.0	1.0	1.0	1.0	1.0	1.0	1.0	1.0	1.0	-95.0	1.0	2.0	1.0	1.3333334	4.0	2.0	2.0	0.0	1.0	0.0	1.0	1.0	0.0	1.0	0.0	1.0	0.0	1.0	1.0		0.0	0.0	4.0	1.0	5.0	1.0	4.0	1.0	1.0	0.0	1.0	0.0	5.0	1.0	4.0	1.0	5.0	1.0	4.0	1.0	3.625	0.75	4.0	1.0	2.0	0.0	3.0	0.0	3.0	0.0	2.0	0.0	5.0	1.0	5.0	1.0	1.0	5.0	1.0	5.0	1.0	4.0	1.0	1.0	0.0	1.0	0.0	5.0	1.0	4.0	1.0	5.0	1.0	4.0	1.0	3.75	1.0	0.0	0.0	0.0	0.0	0.0	0.0	0.0	0.0	0.125	0.0	0.0	0.0	0.0	0.0	0.0	0.0	0.0	0.0	0.0	5.0	1.0	1.0	0.0	1.0
2	3	4	1	67	6	2	2	1.0	1.0	1.0	0.0	1.0	1.0	0.0	0.0	1.0	1.0	1.0	1.0	1.0	1.0	1.0	1.0	-3.0	2.0	2.0	2.0	2.0	2.0	4.0	4.0	0.0	1.0	0.0	0.0	0.0	1.0	1.0	0.0	1.0	0.0	1.0	1.0		0.0	0.0	5.0	1.0	5.0	1.0	4.0	1.0	2.0	0.0	2.0	0.0	4.0	1.0	2.0	0.0	4.0	1.0	4.0	1.0	3.5	0.625	2.0	0.0	3.0	0.0	4.0	1.0	2.0	0.0	4.0	1.0	4.0	1.0	5.0	1.0	0.0	3.0	0.0	5.0	1.0	5.0	1.0	4.0	1.0	2.0	0.0	5.0	1.0	4.0	1.0	5.0	1.0	5.0	1.0	4.125	-2.0	0.0	1.0	2.0	0.0	1.0	2.0	1.0	1.0	0.625	-1.0	0.0	0.0	1.0	0.0	0.0	1.0	0.0	0.0	0.125	5.0	1.0	0.0	0.0	1.0
2	1	4	3	60	18	6	1	0.0	1.0	1.0	0.0	2.0	1.0	0.0	0.0	2.0	1.0	2.0	1.6666666	5.0	5.0	2.0	4.0	91.0	3.0	4.0	4.0	3.6666667	3.0	4.0	5.0	0.0	1.0	0.0	0.0	0.0	0.0	1.0	0.0	1.0	0.0	1.0	1.0		0.0	0.0	4.0	1.0	4.0	1.0	3.0	0.0	2.0	0.0	3.0	0.0	3.0	0.0	4.0	1.0	3.0	0.0	3.0	0.0	3.25	0.375	4.0	1.0	3.0	0.0	3.0	0.0	5.0	1.0	3.0	0.0	4.0	1.0	5.0	1.0	1.0	4.0	1.0	4.0	1.0	3.0	0.0	2.0	0.0	4.0	1.0	3.0	0.0	2.0	0.0	4.0	1.0	3.0	0.0	3.25	0.0	0.0	0.0	0.0	1.0	0.0	-2.0	1.0	0.0	0.0	0.0	0.0	0.0	0.0	1.0	0.0	-1.0	1.0	0.0	0.125	3.0	0.0	0.0	1.0	0.0
1	4	3	2	23	19	6	3	0.0	1.0	1.0	0.0	7.0	0.0	1.0	0.0	5.0	4.0	4.0	4.3333335	2.0	5.0	2.0	3.0	98.0	4.0	5.0	4.0	4.3333335	5.0	5.0	4.0	1.0	0.0	0.0	0.0	0.0	1.0	0.0	0.0	0.0	1.0		0.0	0.0		1.0	5.0	1.0	5.0	1.0	1.0	0.0	5.0	1.0	2.0	0.0	1.0	0.0	1.0	0.0	5.0	1.0	1.0	0.0	3.125	0.5	4.0	1.0	5.0	1.0	4.0	1.0	5.0	1.0	2.0	0.0	5.0	1.0	5.0	1.0	0.0	5.0	1.0	5.0	1.0	5.0	1.0	5.0	1.0	1.0	0.0	1.0	0.0	1.0	0.0	5.0	1.0	1.0	0.0	3.5	0.0	0.0	4.0	0.0	-1.0	0.0	0.0	0.0	0.0	0.375	0.0	0.0	1.0	0.0	0.0	0.0	0.0	0.0	0.0	0.125			1.0	1.0	1.0
1	2	4	3	31	1	2	4	0.0	1.0	0.0	0.0	1.0	1.0	0.0	0.0	1.0	1.0	2.0	1.3333334	3.0	4.0	2.0	3.0	-100.0	2.0	1.0	2.0	1.6666666	5.0	5.0	5.0	0.0	1.0	1.0	1.0	2.0	1.0	0.0	0.0	0.0	1.0		0.0	0.0		1.0	4.0	1.0	4.0	1.0	2.0	0.0	1.0	0.0	1.0	0.0	3.0	0.0	5.0	1.0	5.0	1.0	3.0	0.0	3.125	0.5	1.0	0.0	3.0	0.0	4.0	1.0	2.0	0.0	3.0	0.0	5.0	1.0	4.0	1.0	1.0	5.0	1.0	5.0	1.0	2.0	0.0	1.0	0.0	1.0	0.0	4.0	1.0	5.0	1.0	5.0	1.0	4.0	1.0	3.5	1.0	1.0	0.0	0.0	0.0	1.0	0.0	0.0	1.0	0.375	0.0	0.0	0.0	0.0	0.0	1.0	0.0	0.0	1.0	0.125			1.0	0.0	1.0
1	3	2	4	44	4	4	2	0.0	1.0	1.0	0.0	1.0	1.0	0.0	0.0	2.0	2.0	2.0	2.0	4.0	4.0	2.0	3.3333333	12.0	2.0	4.0	3.0	3.0	3.0	4.0	4.0	0.0	1.0	1.0	0.0	1.0	1.0	1.0	0.0	1.0	0.0	1.0	1.0		0.0	0.0	3.0	0.0	3.0	0.0	3.0	0.0	3.0	0.0	4.0	1.0	4.0	1.0	3.0	0.0	3.0	0.0	4.0	1.0	3.25	0.25	5.0	1.0	3.0	0.0	3.0	0.0	4.0	1.0	3.0	0.0	3.0	0.0	3.0	0.0	1.0	3.0	0.0	3.0	0.0	3.0	0.0	3.0	0.0	3.0	0.0	3.0	0.0	1.0	0.0	3.0	0.0	2.0	0.0	2.75	0.0	0.0	0.0	0.0	-1.0	-1.0	-2.0	0.0	-2.0	-0.5	0.0	0.0	0.0	0.0	-1.0	-1.0	0.0	0.0	-1.0	-0.25	3.0	0.0	1.0	1.0	1.0
3	2	4	1	87	8	6	2	1.0	0.0	1.0	0.0	3.0	0.0	0.0	1.0	3.0	2.0	2.0	2.3333333	4.0	4.0	3.0	3.6666667	0.0	3.0	4.0	2.0	3.0	4.0	3.0	3.0	0.0	1.0	0.0	1.0	1.0	0.0	0.0	0.0	0.0	1.0		0.0	0.0		1.0	5.0	1.0	5.0	1.0	5.0	1.0	4.0	1.0	4.0	1.0	5.0	1.0	4.0	1.0	4.0	1.0	5.0	1.0	4.5	1.0	3.0	0.0	2.0	0.0	4.0	1.0	5.0	1.0	3.0	0.0	5.0	1.0	5.0	1.0	1.0	5.0	1.0	5.0	1.0	5.0	1.0	4.0	1.0	5.0	1.0	5.0	1.0	5.0	1.0	5.0	1.0	5.0	1.0	4.875	0.0	0.0	0.0	0.0	1.0	0.0	1.0	1.0	0.0	0.375	0.0	0.0	0.0	0.0	0.0	0.0	0.0	0.0	0.0	0.0			0.0	0.0	0.0
3	1	4	2	32	1	2	4	0.0	0.0	0.0	1.0	8.0	0.0	1.0	0.0	1.0	1.0	1.0	1.0	5.0	5.0	5.0	5.0	0.0	5.0	5.0	5.0	5.0	5.0	5.0	5.0	1.0	0.0	1.0	1.0	2.0	1.0	1.0	0.0	1.0	0.0	1.0	1.0		0.0	0.0	5.0	1.0	5.0	1.0	5.0	1.0	1.0	0.0	5.0	1.0	5.0	1.0	5.0	1.0	5.0	1.0	5.0	1.0	4.5	0.875	5.0	1.0	5.0	1.0	5.0	1.0	1.0	0.0	5.0	1.0	5.0	1.0	5.0	1.0	1.0	5.0	1.0	5.0	1.0	5.0	1.0	1.0	0.0	5.0	1.0	5.0	1.0	1.0	0.0	1.0	0.0	5.0	1.0	3.5	0.0	0.0	0.0	0.0	0.0	0.0	-4.0	-4.0	0.0	-1.0	0.0	0.0	0.0	0.0	0.0	0.0	-1.0	-1.0	0.0	-0.25	5.0	1.0	0.0	0.0	0.0
1	3	4	2	34	11	8	3	0.0	1.0	1.0	0.0	1.0	1.0	0.0	0.0	2.0	2.0	2.0	2.0	2.0	2.0	2.0	2.0	0.0	3.0	3.0	3.0	3.0	3.0	3.0	3.0	0.0	0.0	1.0	1.0	2.0	0.0	0.0	1.0	1.0	0.0	0.0		1.0	0.0	0.0	3.0	0.0	3.0	0.0	3.0	0.0	3.0	0.0	3.0	0.0	3.0	0.0	3.0	0.0	3.0	0.0	3.0	0.0	3.0	0.0	3.0	0.0	3.0	0.0	3.0	0.0	3.0	0.0	3.0	0.0	3.0	0.0	3.0	0.0	0.0	3.0	0.0	3.0	0.0	3.0	0.0	3.0	0.0	3.0	0.0	3.0	0.0	3.0	0.0	3.0	0.0	3.0	0.0	3.0	0.0	0.0	0.0	0.0	0.0	0.0	0.0	0.0	0.0	0.0	0.0	0.0	0.0	0.0	0.0	0.0	0.0	0.0	0.0	0.0	3.0	0.0	1.0	0.0	1.0
2	3	4	1	33	9	7	4	0.0	1.0	1.0	0.0	1.0	1.0	0.0	0.0	1.0	1.0	1.0	1.0	1.0	1.0	1.0	1.0	-5.0	2.0	3.0	2.0	2.3333333	4.0	3.0	5.0	0.0	1.0	1.0	1.0	2.0	1.0	1.0	0.0	1.0	0.0	1.0	1.0		0.0	0.0	4.0	1.0	5.0	1.0	3.0	0.0	2.0	0.0	3.0	0.0	4.0	1.0	3.0	0.0	5.0	1.0	4.0	1.0	3.625	0.5	3.0	0.0	2.0	0.0	3.0	0.0	2.0	0.0	2.0	0.0	4.0	1.0	5.0	1.0	1.0	5.0	1.0	5.0	1.0	3.0	0.0	1.0	0.0	2.0	0.0	4.0	1.0	3.0	0.0	5.0	1.0	5.0	1.0	3.5	1.0	0.0	0.0	-1.0	-1.0	0.0	0.0	0.0	1.0	-0.125	0.0	0.0	0.0	0.0	0.0	0.0	0.0	0.0	0.0	0.0	5.0	1.0	0.0	0.0	1.0
2	3	4	1	53	5	6	3	0.0	1.0	1.0	0.0	4.0	0.0	0.0	1.0	1.0	1.0	1.0	1.0	1.0	1.0	1.0	1.0	-100.0	1.0	4.0	2.0	2.3333333	5.0	4.0	5.0	0.0	1.0	1.0	0.0	1.0	1.0	1.0	0.0	1.0	0.0	1.0	1.0		0.0	0.0	5.0	1.0	5.0	1.0	5.0	1.0	1.0	0.0	2.0	0.0	5.0	1.0	5.0	1.0	5.0	1.0	5.0	1.0	4.125	0.75	1.0	0.0	3.0	0.0	5.0	1.0	1.0	0.0	4.0	1.0	5.0	1.0	5.0	1.0	1.0	5.0	1.0	5.0	1.0	5.0	1.0	1.0	0.0	2.0	0.0	5.0	1.0	5.0	1.0	5.0	1.0	5.0	1.0	4.125	0.0	0.0	0.0	0.0	0.0	0.0	0.0	0.0	0.0	0.0	0.0	0.0	0.0	0.0	0.0	0.0	0.0	0.0	0.0	0.0	5.0	1.0	0.0	0.0	1.0
4	2	3	1	34	1	2	3	0.0	1.0	1.0	0.0	8.0	0.0	1.0	0.0	1.0	1.0	1.0	1.0	1.0	5.0	3.0	3.0	0.0	5.0	3.0	3.0	3.6666667	4.0	3.0	4.0	1.0	0.0	1.0	0.0	1.0	0.0	0.0	0.0	0.0	1.0		0.0	0.0		1.0	1.0	0.0	1.0	0.0	1.0	0.0	1.0	0.0	1.0	0.0	1.0	0.0	1.0	0.0	1.0	0.0	1.0	0.0	1.0	0.0	5.0	1.0	5.0	1.0	4.0	1.0	5.0	1.0	5.0	1.0	5.0	1.0	5.0	1.0	1.0	1.0	0.0	2.0	0.0	1.0	0.0	1.0	0.0	3.0	0.0	2.0	0.0	1.0	0.0	1.0	0.0	1.0	0.0	1.5	0.0	1.0	0.0	0.0	2.0	1.0	0.0	0.0	0.0	0.5	0.0	0.0	0.0	0.0	0.0	0.0	0.0	0.0	0.0	0.0			0.0	0.0	0.0
3	1	4	2	43	10	6	2	0.0	1.0	1.0	0.0	4.0	0.0	0.0	1.0	1.0	3.0	1.0	1.6666666	3.0	3.0	2.0	2.6666667	0.0	3.0	3.0	3.0	3.0	4.0	3.0	3.0	0.0	0.0	1.0	0.0	1.0	1.0	0.0	1.0	1.0	0.0	0.0		1.0	0.0	0.0	3.0	0.0	3.0	0.0	2.0	0.0	2.0	0.0	4.0	1.0	3.0	0.0	3.0	0.0	3.0	0.0	3.0	0.0	2.875	0.125	3.0	0.0	3.0	0.0	4.0	1.0	3.0	0.0	3.0	0.0	3.0	0.0	4.0	1.0	0.0	4.0	1.0	3.0	0.0	2.0	0.0	2.0	0.0	3.0	0.0	3.0	0.0	4.0	1.0	3.0	0.0	3.0	0.0	3.0	1.0	0.0	0.0	0.0	-1.0	0.0	1.0	0.0	0.0	0.125	1.0	0.0	0.0	0.0	-1.0	0.0	1.0	0.0	0.0	0.125	3.0	0.0	0.0	0.0	0.0
2	3	4	1	47	21	6	1	0.0	0.0	0.0	0.0	5.0	0.0	0.0	1.0	4.0	4.0	2.0	3.3333333	3.0	2.0	2.0	2.3333333	-22.0	2.0	3.0	3.0	2.6666667	4.0	2.0	5.0	0.0	1.0	1.0	1.0	2.0	1.0	0.0	1.0	1.0	0.0	0.0		1.0	1.0	1.0	3.0	0.0	4.0	1.0	4.0	1.0	2.0	0.0	2.0	0.0	4.0	1.0	3.0	0.0	4.0	1.0	2.0	0.0	3.25	0.5	2.0	0.0	3.0	0.0	2.0	0.0	3.0	0.0	2.0	0.0	4.0	1.0	4.0	1.0	0.0	3.0	0.0	2.0	0.0	3.0	0.0	2.0	0.0	2.0	0.0	4.0	1.0	2.0	0.0	3.0	0.0	3.0	0.0	2.625	0.0	-2.0	-1.0	0.0	0.0	0.0	-1.0	-1.0	1.0	-0.625	0.0	-1.0	-1.0	0.0	0.0	0.0	0.0	-1.0	0.0	-0.375			0.0	0.0	1.0
3	4	2	1	57	8	2	3	0.0	1.0	1.0	0.0	4.0	0.0	0.0	1.0	1.0	1.0	1.0	1.0	3.0	3.0	3.0	3.0	-4.0	3.0	3.0	3.0	3.0	4.0	4.0	1.0	0.0	0.0	1.0	1.0	2.0	0.0	0.0	1.0	1.0	0.0	0.0		1.0	1.0	1.0	4.0	1.0	2.0	0.0	3.0	0.0	4.0	1.0	3.0	0.0	4.0	1.0	4.0	1.0	4.0	1.0	4.0	1.0	3.5	0.625	4.0	1.0	4.0	1.0	4.0	1.0	3.0	0.0	3.0	0.0	4.0	1.0	2.0	0.0	0.0	4.0	1.0	2.0	0.0	4.0	1.0	4.0	1.0	3.0	0.0	4.0	1.0	3.0	0.0	4.0	1.0	4.0	1.0	3.5	0.0	0.0	1.0	0.0	0.0	0.0	-1.0	0.0	0.0	0.0	0.0	0.0	1.0	0.0	0.0	0.0	-1.0	0.0	0.0	0.0			0.0	0.0	1.0
4	2	1	3	80	5	4	3	1.0	1.0	1.0	0.0	8.0	0.0	1.0	0.0	4.0	4.0	2.0	3.3333333	4.0	4.0	2.0	3.3333333	75.0	4.0	4.0	4.0	4.0	4.0	4.0	5.0	1.0	0.0	1.0	1.0	2.0	1.0	1.0	0.0	1.0	0.0	1.0	1.0		0.0	0.0	4.0	1.0	4.0	1.0	5.0	1.0	5.0	1.0	2.0	0.0	2.0	0.0	2.0	0.0	4.0	1.0	4.0	1.0	3.5	0.625	3.0	0.0	4.0	1.0	4.0	1.0	3.0	0.0	4.0	1.0	4.0	1.0	5.0	1.0	1.0	4.0	1.0	4.0	1.0	2.0	0.0	4.0	1.0	4.0	1.0	4.0	1.0	4.0	1.0	4.0	1.0	2.0	0.0	3.75	0.0	0.0	-3.0	-1.0	2.0	2.0	2.0	0.0	-2.0	0.25	0.0	0.0	-1.0	0.0	1.0	1.0	1.0	0.0	-1.0	0.25	5.0	1.0	0.0	1.0	0.0
3	1	4	2	64	3	2	3	0.0	1.0	1.0	0.0	8.0	0.0	1.0	0.0	4.0	3.0	3.0	3.3333333	3.0	4.0	4.0	3.6666667	0.0	4.0	2.0	2.0	2.6666667	2.0	4.0	3.0	1.0	0.0	1.0	1.0	2.0	1.0	1.0	0.0	1.0	0.0	1.0	1.0		0.0	0.0	4.0	1.0	4.0	1.0	4.0	1.0	2.0	0.0	2.0	0.0	3.0	0.0	1.0	0.0	4.0	1.0	4.0	1.0	3.0	0.5	2.0	0.0	2.0	0.0	3.0	0.0	4.0	1.0	2.0	0.0	4.0	1.0	5.0	1.0	0.0	3.0	0.0	4.0	1.0	4.0	1.0	2.0	0.0	1.0	0.0	2.0	0.0	1.0	0.0	4.0	1.0	4.0	1.0	2.625	-1.0	0.0	0.0	0.0	-1.0	-1.0	0.0	0.0	0.0	-0.375	-1.0	0.0	0.0	0.0	0.0	0.0	0.0	0.0	0.0	-0.125	4.0	1.0	0.0	0.0	0.0
2	3	4	1	47	18	6	2	0.0	1.0	1.0	0.0	2.0	1.0	0.0	0.0	2.0	3.0	1.0	2.0	3.0	3.0	2.0	2.6666667	8.0	2.0	4.0	2.0	2.6666667	4.0	2.0	4.0	0.0	1.0	1.0	1.0	2.0	1.0	1.0	0.0	1.0	0.0	1.0	1.0		0.0	0.0	4.0	1.0	5.0	1.0	4.0	1.0	3.0	0.0	3.0	0.0	4.0	1.0	4.0	1.0	2.0	0.0	4.0	1.0	3.625	0.625	2.0	0.0	1.0	0.0	2.0	0.0	3.0	0.0	2.0	0.0	4.0	1.0	4.0	1.0	0.0	1.0	0.0	4.0	1.0	4.0	1.0	3.0	0.0	3.0	0.0	5.0	1.0	4.0	1.0	3.0	0.0	4.0	1.0	3.375	-3.0	-1.0	0.0	0.0	0.0	1.0	0.0	1.0	0.0	-0.25	-1.0	0.0	0.0	0.0	0.0	0.0	0.0	0.0	0.0	-0.125	5.0	1.0	0.0	1.0	1.0
2	3	4	1	56	13	3	2	0.0	1.0	1.0	0.0	4.0	0.0	0.0	1.0	1.0	2.0	1.0	1.3333334	4.0	4.0	1.0	3.0	22.0	2.0	4.0	4.0	3.3333333	3.0	1.0	4.0	0.0	1.0	1.0	1.0	2.0	1.0	1.0	0.0	1.0	0.0	1.0	1.0		1.0	1.0	4.0	1.0	3.0	0.0	3.0	0.0	2.0	0.0	3.0	0.0	4.0	1.0	2.0	0.0	2.0	0.0	4.0	1.0	2.875	0.25	2.0	0.0	3.0	0.0	3.0	0.0	2.0	0.0	2.0	0.0	2.0	0.0	4.0	1.0	1.0	4.0	1.0	4.0	1.0	2.0	0.0	2.0	0.0	2.0	0.0	4.0	1.0	3.0	0.0	4.0	1.0	4.0	1.0	3.125	0.0	1.0	-1.0	0.0	-1.0	0.0	1.0	2.0	0.0	0.25	0.0	1.0	0.0	0.0	0.0	0.0	0.0	1.0	0.0	0.25			0.0	1.0	1.0
1	4	3	2	55	19	6	3	0.0	1.0	1.0	0.0	1.0	1.0	0.0	0.0	1.0	1.0	1.0	1.0	1.0	1.0	1.0	1.0	0.0	1.0	4.0	2.0	2.3333333	3.0	4.0	5.0	0.0	1.0	0.0	1.0	1.0	1.0	0.0	1.0	1.0	0.0	0.0		1.0	1.0	1.0	5.0	1.0	5.0	1.0	3.0	0.0	3.0	0.0	2.0	0.0	4.0	1.0	4.0	1.0	3.0	0.0	2.0	0.0	3.625	0.5	4.0	1.0	3.0	0.0	4.0	1.0	3.0	0.0	3.0	0.0	4.0	1.0	3.0	0.0	0.0	5.0	1.0	5.0	1.0	3.0	0.0	2.0	0.0	2.0	0.0	5.0	1.0	4.0	1.0	4.0	1.0	4.0	1.0	3.75	0.0	0.0	0.0	-1.0	0.0	1.0	0.0	1.0	2.0	0.125	0.0	0.0	0.0	0.0	0.0	0.0	0.0	1.0	1.0	0.125			1.0	0.0	1.0
1	3	4	2	25	1	2	4	0.0	0.0	1.0	0.0	4.0	0.0	0.0	1.0	2.0	2.0	3.0	2.3333333	1.0	3.0	4.0	2.6666667	-10.0	5.0	5.0	3.0	4.3333335	4.0	4.0	4.0	0.0	0.0	1.0	1.0	2.0	0.0	1.0	0.0	1.0	0.0	1.0	1.0		1.0	1.0	3.0	0.0	4.0	1.0	4.0	1.0	3.0	0.0	4.0	1.0	3.0	0.0	4.0	1.0	3.0	0.0	5.0	1.0	3.5	0.5	5.0	1.0	5.0	1.0	5.0	1.0	5.0	1.0	4.0	1.0	5.0	1.0	4.0	1.0	1.0	5.0	1.0	5.0	1.0	5.0	1.0	5.0	1.0	5.0	1.0	5.0	1.0	5.0	1.0	4.0	1.0	5.0	1.0	4.875	2.0	1.0	1.0	2.0	1.0	2.0	1.0	1.0	0.0	1.375	1.0	0.0	0.0	1.0	0.0	1.0	0.0	1.0	0.0	0.5			1.0	0.0	1.0
3	1	4	2	63	8	6	1	0.0	1.0	1.0	0.0	6.0	0.0	0.0	1.0	3.0	1.0	1.0	1.6666666	3.0	3.0	3.0	3.0	5.0	4.0	3.0	3.0	3.3333333	3.0	4.0	4.0	0.0	1.0	0.0	1.0	1.0	0.0	0.0	1.0	1.0	0.0	0.0		1.0	0.0	0.0	4.0	1.0	4.0	1.0	3.0	0.0	1.0	0.0	4.0	1.0	4.0	1.0	4.0	1.0	3.0	0.0	4.0	1.0	3.375	0.625	3.0	0.0	4.0	1.0	4.0	1.0	3.0	0.0	3.0	0.0	4.0	1.0	4.0	1.0	0.0	4.0	1.0	4.0	1.0	3.0	0.0	3.0	0.0	3.0	0.0	4.0	1.0	4.0	1.0	3.0	0.0	3.0	0.0	3.5	0.0	0.0	0.0	2.0	-1.0	0.0	0.0	0.0	-1.0	0.125	0.0	0.0	0.0	0.0	-1.0	0.0	0.0	0.0	-1.0	-0.125	3.0	0.0	0.0	1.0	0.0
4	1	3	2	73	5	7	2	1.0	1.0	1.0	0.0	1.0	1.0	0.0	0.0	1.0	3.0	1.0	1.6666666	3.0	1.0	3.0	2.3333333	0.0	2.0	3.0	3.0	2.6666667	3.0	3.0	4.0	0.0	1.0	0.0	1.0	1.0	0.0	0.0	1.0	1.0	0.0	0.0		1.0	1.0	1.0	3.0	0.0	2.0	0.0	4.0	1.0	2.0	0.0	4.0	1.0	4.0	1.0	3.0	0.0	3.0	0.0	2.0	0.0	3.125	0.375	3.0	0.0	3.0	0.0	3.0	0.0	2.0	0.0	2.0	0.0	4.0	1.0	4.0	1.0	0.0	3.0	0.0	5.0	1.0	4.0	1.0	2.0	0.0	3.0	0.0	5.0	1.0	3.0	0.0	4.0	1.0	5.0	1.0	3.625	0.0	3.0	0.0	0.0	-1.0	1.0	0.0	1.0	3.0	0.5	0.0	1.0	0.0	0.0	-1.0	0.0	0.0	1.0	1.0	0.125			0.0	0.0	0.0
3	2	4	1	40	13	6	3	0.0	1.0	1.0	0.0	1.0	1.0	0.0	0.0	1.0	1.0	1.0	1.0	1.0	1.0	1.0	1.0	0.0	1.0	1.0	1.0	1.0	5.0	3.0	5.0	0.0	1.0	0.0	1.0	1.0	1.0	1.0	0.0	1.0	0.0	1.0	1.0		0.0	0.0	5.0	1.0	5.0	1.0	1.0	0.0	1.0	0.0	1.0	0.0	5.0	1.0	5.0	1.0	3.0	0.0	3.0	0.0	3.25	0.5	2.0	0.0	3.0	0.0	3.0	0.0	1.0	0.0	3.0	0.0	5.0	1.0	5.0	1.0	0.0	5.0	1.0	5.0	1.0	1.0	0.0	1.0	0.0	1.0	0.0	5.0	1.0	5.0	1.0	3.0	0.0	3.0	0.0	3.25	0.0	0.0	0.0	0.0	0.0	0.0	0.0	0.0	0.0	0.0	0.0	0.0	0.0	0.0	0.0	0.0	0.0	0.0	0.0	0.0	5.0	1.0	0.0	0.0	0.0
1	4	2	3	60	16	2	1	0.0	1.0	1.0	0.0	2.0	1.0	0.0	0.0	1.0	2.0	1.0	1.3333334	3.0	5.0	4.0	4.0	13.0	3.0	2.0	1.0	2.0	3.0	4.0	4.0	0.0	0.0	0.0	1.0	1.0	1.0	1.0	0.0	1.0	0.0	1.0	1.0		1.0	1.0	1.0	0.0	5.0	1.0	1.0	0.0	2.0	0.0	4.0	1.0	5.0	1.0	4.0	1.0	3.0	0.0	5.0	1.0	3.125	0.5	5.0	1.0	5.0	1.0	4.0	1.0	3.0	0.0	4.0	1.0	5.0	1.0	5.0	1.0	1.0	5.0	1.0	4.0	1.0	3.0	0.0	2.0	0.0	4.0	1.0	5.0	1.0	4.0	1.0	4.0	1.0	5.0	1.0	3.875	4.0	-1.0	2.0	0.0	0.0	0.0	0.0	1.0	0.0	0.75	1.0	0.0	0.0	0.0	0.0	0.0	0.0	1.0	0.0	0.25			1.0	1.0	1.0
2	3	4	1	71	1	5	1	1.0	1.0	1.0	0.0	1.0	1.0	0.0	0.0	1.0	1.0	1.0	1.0	3.0	3.0	1.0	2.3333333	85.0	4.0	4.0	3.0	3.6666667	4.0	4.0	5.0	0.0	1.0	1.0	1.0	2.0	0.0	1.0	0.0	1.0	0.0	1.0	1.0		1.0	1.0	5.0	1.0	5.0	1.0	4.0	1.0	1.0	0.0	1.0	0.0	5.0	1.0	5.0	1.0	5.0	1.0	3.0	0.0	3.875	0.75	2.0	0.0	3.0	0.0	3.0	0.0	4.0	1.0	3.0	0.0	5.0	1.0	5.0	1.0	0.0	5.0	1.0	5.0	1.0	5.0	1.0	1.0	0.0	1.0	0.0	5.0	1.0	5.0	1.0	5.0	1.0	4.0	1.0	4.0	0.0	0.0	1.0	0.0	0.0	0.0	0.0	0.0	1.0	0.125	0.0	0.0	0.0	0.0	0.0	0.0	0.0	0.0	1.0	0.0			0.0	1.0	1.0
4	2	3	1	57	8	6	1	0.0	1.0	1.0	0.0	1.0	1.0	0.0	0.0	1.0	1.0	1.0	1.0	2.0	4.0	2.0	2.6666667	-7.0	4.0	4.0	3.0	3.6666667	3.0	4.0	4.0	0.0	1.0	1.0	1.0	2.0	0.0	0.0	1.0	1.0	0.0	0.0		1.0	0.0	0.0	3.0	0.0	3.0	0.0	2.0	0.0	1.0	0.0	1.0	0.0	4.0	1.0	2.0	0.0	3.0	0.0	2.0	0.0	2.375	0.125	4.0	1.0	2.0	0.0	3.0	0.0	4.0	1.0	3.0	0.0	5.0	1.0	2.0	0.0	0.0	2.0	0.0	1.0	0.0	1.0	0.0	1.0	0.0	1.0	0.0	3.0	0.0	1.0	0.0	2.0	0.0	1.0	0.0	1.5	-1.0	-2.0	-1.0	0.0	0.0	-1.0	-1.0	-1.0	-1.0	-0.875	0.0	0.0	0.0	0.0	0.0	-1.0	0.0	0.0	0.0	-0.125	4.0	1.0	0.0	0.0	0.0
4	3	2	1	59	1	1	2	0.0	1.0	1.0	0.0	1.0	1.0	0.0	0.0	2.0	3.0	1.0	2.0	3.0	3.0	2.0	2.6666667	16.0	4.0	3.0	4.0	3.6666667	5.0	2.0	5.0	0.0	1.0	0.0	0.0	0.0	0.0	1.0	0.0	1.0	0.0	1.0	1.0		0.0	0.0	4.0	1.0	2.0	0.0	2.0	0.0	1.0	0.0	3.0	0.0	5.0	1.0	4.0	1.0	3.0	0.0	4.0	1.0	3.0	0.375	3.0	0.0	4.0	1.0	4.0	1.0	4.0	1.0	2.0	0.0	3.0	0.0	3.0	0.0	0.0	3.0	0.0	4.0	1.0	4.0	1.0	4.0	1.0	3.0	0.0	4.0	1.0	1.0	0.0	4.0	1.0	4.0	1.0	3.375	-1.0	2.0	2.0	3.0	0.0	-1.0	-3.0	1.0	0.0	0.375	-1.0	1.0	1.0	1.0	0.0	0.0	-1.0	1.0	0.0	0.25	1.0	0.0	0.0	1.0	0.0
4	1	3	2	82	20	6	1	1.0	1.0	1.0	0.0	8.0	0.0	1.0	0.0	2.0	3.0	2.0	2.3333333	2.0	4.0	3.0	3.0	100.0	4.0	3.0	2.0	3.0	5.0	3.0	5.0	1.0	0.0	1.0	0.0	1.0	1.0	0.0	0.0	0.0	1.0		0.0	0.0		1.0	5.0	1.0	5.0	1.0	3.0	0.0	1.0	0.0	1.0	0.0	3.0	0.0	2.0	0.0	5.0	1.0	4.0	1.0	3.125	0.375	3.0	0.0	2.0	0.0	4.0	1.0	4.0	1.0	2.0	0.0	3.0	0.0	4.0	1.0	0.0	5.0	1.0	5.0	1.0	5.0	1.0	1.0	0.0	1.0	0.0	3.0	0.0	2.0	0.0	5.0	1.0	3.0	0.0	3.375	0.0	0.0	2.0	0.0	0.0	0.0	0.0	0.0	-1.0	0.25	0.0	0.0	1.0	0.0	0.0	0.0	0.0	0.0	-1.0	0.125			0.0	1.0	0.0
3	1	4	2	72	16	6	3	1.0	1.0	1.0	0.0	7.0	0.0	1.0	0.0	1.0	4.0	1.0	2.0	3.0	2.0	3.0	2.6666667	0.0	4.0	3.0	2.0	3.0	2.0	4.0	3.0	1.0	0.0	0.0	0.0	0.0	0.0	0.0	1.0	1.0	0.0	0.0		1.0	0.0	0.0	4.0	1.0	5.0	1.0	4.0	1.0	2.0	0.0	2.0	0.0	3.0	0.0	2.0	0.0	5.0	1.0	2.0	0.0	3.375	0.5	2.0	0.0	3.0	0.0	3.0	0.0	4.0	1.0	3.0	0.0	3.0	0.0	4.0	1.0	1.0	3.0	0.0	5.0	1.0	5.0	1.0	2.0	0.0	2.0	0.0	3.0	0.0	2.0	0.0	5.0	1.0	3.0	0.0	3.375	-1.0	0.0	1.0	0.0	0.0	0.0	0.0	0.0	1.0	0.0	-1.0	0.0	0.0	0.0	0.0	0.0	0.0	0.0	0.0	-0.125	5.0	1.0	0.0	0.0	0.0
3	2	4	1	63	14	7	3	0.0	1.0	1.0	0.0	3.0	0.0	0.0	1.0	2.0	2.0	1.0	1.6666666	4.0	4.0	2.0	3.3333333	100.0	2.0	2.0	2.0	2.0	3.0	4.0	5.0	0.0	1.0	1.0	0.0	1.0	1.0	0.0	0.0	0.0	1.0		0.0	0.0		1.0	5.0	1.0	5.0	1.0	4.0	1.0	2.0	0.0	2.0	0.0	4.0	1.0	4.0	1.0	4.0	1.0	3.0	0.0	3.75	0.75	2.0	0.0	3.0	0.0	4.0	1.0	3.0	0.0	4.0	1.0	5.0	1.0	5.0	1.0	0.0	5.0	1.0	5.0	1.0	4.0	1.0	2.0	0.0	2.0	0.0	4.0	1.0	4.0	1.0	5.0	1.0	5.0	1.0	3.875	0.0	0.0	0.0	0.0	0.0	0.0	0.0	1.0	2.0	0.125	0.0	0.0	0.0	0.0	0.0	0.0	0.0	0.0	1.0	0.0			0.0	1.0	0.0
3	2	4	1	59	24	7	3	0.0	1.0	1.0	0.0	3.0	0.0	0.0	1.0	1.0	1.0	1.0	1.0	1.0	2.0	1.0	1.3333334	85.0	1.0	4.0	3.0	2.6666667	2.0	4.0	5.0	0.0	1.0	1.0	1.0	2.0	1.0	0.0	1.0	1.0	0.0	0.0		1.0	0.0	0.0	3.0	0.0	5.0	1.0	3.0	0.0	1.0	0.0	1.0	0.0	4.0	1.0	3.0	0.0	4.0	1.0	2.0	0.0	3.0	0.375	1.0	0.0	2.0	0.0	4.0	1.0	2.0	0.0	2.0	0.0	5.0	1.0	5.0	1.0	0.0	4.0	1.0	5.0	1.0	3.0	0.0	1.0	0.0	1.0	0.0	4.0	1.0	3.0	0.0	4.0	1.0	2.0	0.0	3.125	1.0	0.0	0.0	0.0	0.0	0.0	0.0	0.0	0.0	0.125	1.0	0.0	0.0	0.0	0.0	0.0	0.0	0.0	0.0	0.125	5.0	1.0	0.0	1.0	0.0
3	2	4	1	50	1	6	3	0.0	1.0	0.0	1.0	2.0	1.0	0.0	0.0	3.0	3.0	3.0	3.0	3.0	3.0	3.0	3.0	-1.0	3.0	3.0	3.0	3.0	3.0	3.0	4.0	0.0	0.0	0.0	0.0	0.0	1.0	1.0	0.0	1.0	0.0	1.0	1.0		1.0	1.0	3.0	0.0	3.0	0.0	3.0	0.0	3.0	0.0	3.0	0.0	3.0	0.0	3.0	0.0	3.0	0.0	3.0	0.0	3.0	0.0	3.0	0.0	3.0	0.0	3.0	0.0	3.0	0.0	3.0	0.0	3.0	0.0	3.0	0.0	0.0	3.0	0.0	3.0	0.0	3.0	0.0	3.0	0.0	3.0	0.0	3.0	0.0	3.0	0.0	3.0	0.0	3.0	0.0	3.0	0.0	0.0	0.0	0.0	0.0	0.0	0.0	0.0	0.0	0.0	0.0	0.0	0.0	0.0	0.0	0.0	0.0	0.0	0.0	0.0			0.0	0.0	0.0
3	1	4	2	68	6	2	2	1.0	1.0	1.0	0.0	8.0	0.0	1.0	0.0	1.0	1.0	2.0	1.3333334	1.0	5.0	1.0	2.3333333	40.0	5.0	4.0	5.0	4.6666665	5.0	2.0	4.0	1.0	0.0	0.0	0.0	0.0	1.0	1.0	0.0	1.0	0.0	1.0	1.0		0.0	0.0	4.0	1.0	4.0	1.0	1.0	0.0	4.0	1.0	4.0	1.0	4.0	1.0	4.0	1.0	4.0	1.0	4.0	1.0	3.625	0.875	5.0	1.0	3.0	0.0	4.0	1.0	5.0	1.0	5.0	1.0	5.0	1.0	5.0	1.0	0.0	5.0	1.0	4.0	1.0	1.0	0.0	4.0	1.0	4.0	1.0	4.0	1.0	1.0	0.0	4.0	1.0	4.0	1.0	3.375	1.0	0.0	0.0	0.0	0.0	0.0	-3.0	0.0	0.0	-0.25	0.0	0.0	0.0	0.0	0.0	0.0	-1.0	0.0	0.0	-0.125	5.0	1.0	0.0	1.0	0.0
3	2	4	1	66	20	7	3	1.0	1.0	0.0	1.0	1.0	1.0	0.0	0.0	1.0	1.0	1.0	1.0	3.0	2.0	2.0	2.3333333	0.0	4.0	3.0	3.0	3.3333333	5.0	5.0	5.0	0.0	1.0	1.0	0.0	1.0	0.0	1.0	0.0	1.0	0.0	1.0	1.0		1.0	1.0	3.0	0.0	5.0	1.0	5.0	1.0	1.0	0.0	2.0	0.0	4.0	1.0	3.0	0.0	5.0	1.0	3.0	0.0	3.5	0.5	4.0	1.0	1.0	0.0	3.0	0.0	4.0	1.0	2.0	0.0	5.0	1.0	4.0	1.0	0.0	3.0	0.0	5.0	1.0	1.0	0.0	1.0	0.0	2.0	0.0	4.0	1.0	3.0	0.0	4.0	1.0	2.0	0.0	2.875	0.0	0.0	-4.0	0.0	0.0	0.0	0.0	-1.0	-1.0	-0.625	0.0	0.0	-1.0	0.0	0.0	0.0	0.0	0.0	0.0	-0.125			0.0	0.0	0.0
4	2	3	1	63	1	2	3	0.0	1.0	1.0	0.0	3.0	0.0	0.0	1.0	1.0	1.0	1.0	1.0	3.0	5.0	3.0	3.6666667	0.0	4.0	4.0	4.0	4.0	5.0	5.0	1.0	0.0	0.0	0.0	1.0	1.0	0.0	0.0	1.0	1.0	0.0	0.0		1.0	0.0	0.0	5.0	1.0	5.0	1.0	3.0	0.0	5.0	1.0	5.0	1.0	5.0	1.0	5.0	1.0	5.0	1.0	5.0	1.0	4.75	0.875	4.0	1.0	4.0	1.0	5.0	1.0	4.0	1.0	5.0	1.0	5.0	1.0	5.0	1.0	0.0	5.0	1.0	5.0	1.0	5.0	1.0	5.0	1.0	5.0	1.0	5.0	1.0	5.0	1.0	5.0	1.0	5.0	1.0	5.0	0.0	0.0	2.0	0.0	0.0	0.0	0.0	0.0	0.0	0.25	0.0	0.0	1.0	0.0	0.0	0.0	0.0	0.0	0.0	0.125	5.0	1.0	0.0	0.0	0.0
1	3	2	4	68	2	6	1	1.0	1.0	1.0	0.0	8.0	0.0	1.0	0.0	1.0	1.0	1.0	1.0	3.0	4.0	2.0	3.0	90.0	5.0	5.0	3.0	4.3333335	1.0	2.0	5.0	1.0	0.0	1.0	0.0	1.0	1.0	0.0	1.0	1.0	0.0	0.0		1.0	0.0	0.0	4.0	1.0	5.0	1.0	5.0	1.0	1.0	0.0	1.0	0.0	1.0	0.0	3.0	0.0	5.0	1.0	2.0	0.0	3.125	0.5	1.0	0.0	2.0	0.0	3.0	0.0	3.0	0.0	1.0	0.0	3.0	0.0	5.0	1.0	0.0	4.0	1.0	4.0	1.0	4.0	1.0	2.0	0.0	1.0	0.0	2.0	0.0	2.0	0.0	5.0	1.0	3.0	0.0	3.0	0.0	-1.0	-1.0	1.0	0.0	1.0	-1.0	0.0	1.0	-0.125	0.0	0.0	0.0	0.0	0.0	0.0	0.0	0.0	0.0	0.0	5.0	1.0	1.0	1.0	1.0
2	3	4	1	68	6	2	3	1.0	1.0	1.0	0.0	8.0	0.0	1.0	0.0	4.0	1.0	1.0	2.0	4.0	5.0	3.0	4.0	100.0	3.0	5.0	4.0	4.0	2.0	3.0	3.0	1.0	0.0	1.0	1.0	2.0	1.0	0.0	1.0	1.0	0.0	0.0		1.0	0.0	0.0	4.0	1.0	3.0	0.0	3.0	0.0	5.0	1.0	3.0	0.0	2.0	0.0	4.0	1.0	4.0	1.0	4.0	1.0	3.5	0.5	4.0	1.0	4.0	1.0	4.0	1.0	2.0	0.0	3.0	0.0	5.0	1.0	5.0	1.0	0.0	5.0	1.0	4.0	1.0	4.0	1.0	5.0	1.0	3.0	0.0	3.0	0.0	4.0	1.0	3.0	0.0	5.0	1.0	3.875	1.0	1.0	1.0	0.0	0.0	1.0	0.0	-1.0	1.0	0.375	0.0	1.0	1.0	0.0	0.0	0.0	0.0	-1.0	0.0	0.125	1.0	0.0	0.0	1.0	1.0
1	3	4	2	66	1	2	3	1.0	0.0	1.0	0.0	8.0	0.0	1.0	0.0	2.0	3.0	4.0	3.0	3.0	5.0	1.0	3.0	98.0	5.0	4.0	5.0	4.6666665	1.0	1.0	5.0	1.0	0.0	1.0	0.0	1.0	1.0	0.0	1.0	1.0	0.0	0.0		1.0	1.0	1.0	5.0	1.0	5.0	1.0	5.0	1.0	1.0	0.0	1.0	0.0	1.0	0.0	1.0	0.0	5.0	1.0	1.0	0.0	3.0	0.5	1.0	0.0	1.0	0.0	1.0	0.0	2.0	0.0	4.0	1.0	4.0	1.0	5.0	1.0	0.0	5.0	1.0	5.0	1.0	5.0	1.0	1.0	0.0	1.0	0.0	1.0	0.0	1.0	0.0	5.0	1.0	1.0	0.0	3.0	0.0	0.0	0.0	0.0	0.0	0.0	0.0	0.0	0.0	0.0	0.0	0.0	0.0	0.0	0.0	0.0	0.0	0.0	0.0	0.0			1.0	1.0	1.0
3	1	4	2	59	14	5	1	0.0	0.0	1.0	0.0	7.0	0.0	1.0	0.0	3.0	4.0	2.0	3.0	2.0	3.0	2.0	2.3333333	90.0	4.0	5.0	4.0	4.3333335	5.0	4.0	5.0	1.0	0.0	1.0	1.0	2.0	0.0	0.0	0.0	0.0	1.0		0.0	0.0		1.0	4.0	1.0	5.0	1.0	5.0	1.0	2.0	0.0	3.0	0.0	4.0	1.0	2.0	0.0	4.0	1.0	4.0	1.0	3.625	0.625	2.0	0.0	2.0	0.0	4.0	1.0	5.0	1.0	4.0	1.0	5.0	1.0	5.0	1.0	1.0	4.0	1.0	5.0	1.0	5.0	1.0	2.0	0.0	3.0	0.0	4.0	1.0	2.0	0.0	5.0	1.0	4.0	1.0	3.75	0.0	0.0	0.0	0.0	0.0	0.0	0.0	1.0	0.0	0.125	0.0	0.0	0.0	0.0	0.0	0.0	0.0	0.0	0.0	0.0			0.0	1.0	0.0
4	1	2	3	41	1	2	1	0.0	0.0	0.0	1.0	8.0	0.0	1.0	0.0	4.0	5.0	1.0	3.3333333	3.0	5.0	5.0	4.3333335	0.0	1.0	1.0	1.0	1.0	3.0	1.0	3.0	1.0	0.0	0.0	1.0	1.0	0.0	1.0	0.0	1.0	0.0	1.0	1.0		0.0	0.0	1.0	0.0	1.0	0.0	5.0	1.0	1.0	0.0	1.0	0.0	1.0	0.0	1.0	0.0	1.0	0.0	1.0	0.0	1.5	0.125	3.0	0.0	3.0	0.0	1.0	0.0	1.0	0.0	1.0	0.0	1.0	0.0	3.0	0.0	0.0	1.0	0.0	1.0	0.0	1.0	0.0	1.0	0.0	1.0	0.0	1.0	0.0	1.0	0.0	1.0	0.0	1.0	0.0	1.0	0.0	0.0	-4.0	0.0	0.0	0.0	0.0	0.0	0.0	-0.5	0.0	0.0	-1.0	0.0	0.0	0.0	0.0	0.0	0.0	-0.125	2.0	0.0	0.0	0.0	0.0
4	2	3	1	73	19	7	4	1.0	1.0	1.0	0.0	7.0	0.0	1.0	0.0	4.0	3.0	3.0	3.3333333	3.0	4.0	2.0	3.0	0.0	5.0	5.0	3.0	4.3333335	5.0	5.0	5.0	1.0	0.0	1.0	1.0	2.0	1.0	0.0	0.0	0.0	1.0		0.0	0.0		1.0	3.0	0.0	5.0	1.0	5.0	1.0	1.0	0.0	1.0	0.0	5.0	1.0	3.0	0.0	5.0	1.0	5.0	1.0	3.5	0.5	1.0	0.0	4.0	1.0	4.0	1.0	3.0	0.0	4.0	1.0	4.0	1.0	3.0	0.0	1.0	5.0	1.0	5.0	1.0	5.0	1.0	1.0	0.0	1.0	0.0	5.0	1.0	1.0	0.0	5.0	1.0	5.0	1.0	3.5	2.0	0.0	0.0	0.0	0.0	0.0	-2.0	0.0	0.0	0.0	1.0	0.0	0.0	0.0	0.0	0.0	0.0	0.0	0.0	0.125			0.0	0.0	0.0
3	2	4	1	51	20	7	4	0.0	1.0	1.0	0.0	8.0	0.0	1.0	0.0	2.0	2.0	1.0	1.6666666	1.0	5.0	1.0	2.3333333	43.0	2.0	3.0	1.0	2.0	3.0	3.0	5.0	1.0	0.0	0.0	1.0	1.0	0.0	0.0	0.0	0.0	1.0		0.0	0.0		1.0	5.0	1.0	5.0	1.0	5.0	1.0	1.0	0.0	1.0	0.0	1.0	0.0	3.0	0.0	3.0	0.0	1.0	0.0	3.0	0.375	2.0	0.0	2.0	0.0	3.0	0.0	5.0	1.0	2.0	0.0	5.0	1.0	4.0	1.0	0.0	5.0	1.0	5.0	1.0	5.0	1.0	1.0	0.0	1.0	0.0	1.0	0.0	1.0	0.0	3.0	0.0	1.0	0.0	2.75	0.0	0.0	0.0	0.0	0.0	0.0	-2.0	0.0	0.0	-0.25	0.0	0.0	0.0	0.0	0.0	0.0	0.0	0.0	0.0	0.0			0.0	1.0	0.0
1	3	4	2	67	10	6	4	1.0	0.0	1.0	0.0	8.0	0.0	1.0	0.0	4.0	4.0	3.0	3.6666667	4.0	3.0	2.0	3.0	73.0	5.0	5.0	4.0	4.6666665	3.0	3.0	5.0	1.0	0.0	1.0	1.0	2.0	1.0	0.0	1.0	1.0	0.0	0.0		1.0	1.0	1.0	4.0	1.0	5.0	1.0	5.0	1.0	4.0	1.0	1.0	0.0	3.0	0.0	2.0	0.0	5.0	1.0	1.0	0.0	3.625	0.625	2.0	0.0	2.0	0.0	2.0	0.0	3.0	0.0	3.0	0.0	5.0	1.0	5.0	1.0	0.0	5.0	1.0	5.0	1.0	5.0	1.0	4.0	1.0	1.0	0.0	2.0	0.0	2.0	0.0	3.0	0.0	2.0	0.0	3.375	1.0	0.0	0.0	0.0	0.0	-1.0	0.0	-2.0	1.0	-0.25	0.0	0.0	0.0	0.0	0.0	0.0	0.0	-1.0	0.0	-0.125			1.0	1.0	1.0
2	3	1	4	74	6	5	3	1.0	1.0	0.0	1.0	1.0	1.0	0.0	0.0	3.0	3.0	3.0	3.0	3.0	3.0	3.0	3.0	0.0	5.0	5.0	3.0	4.3333335	5.0	5.0	4.0	0.0	1.0	1.0	0.0	1.0	0.0	0.0	1.0	1.0	0.0	0.0		1.0	0.0	0.0	3.0	0.0	3.0	0.0	3.0	0.0	3.0	0.0	3.0	0.0	3.0	0.0	3.0	0.0	3.0	0.0	3.0	0.0	3.0	0.0	3.0	0.0	4.0	1.0	3.0	0.0	3.0	0.0	3.0	0.0	3.0	0.0	3.0	0.0	0.0	3.0	0.0	3.0	0.0	3.0	0.0	3.0	0.0	3.0	0.0	3.0	0.0	3.0	0.0	3.0	0.0	3.0	0.0	3.0	0.0	0.0	0.0	0.0	0.0	0.0	0.0	0.0	0.0	0.0	0.0	0.0	0.0	0.0	0.0	0.0	0.0	0.0	0.0	0.0	3.0	0.0	0.0	0.0	1.0
3	2	4	1	48	17	1	2	0.0	1.0	1.0	0.0	5.0	0.0	0.0	1.0	3.0	3.0	3.0	3.0	2.0	3.0	3.0	2.6666667	2.0	4.0	3.0	3.0	3.3333333	2.0	2.0	4.0	1.0	0.0	0.0	0.0	0.0	1.0	0.0	1.0	1.0	0.0	0.0		1.0	0.0	0.0	4.0	1.0	4.0	1.0	4.0	1.0	3.0	0.0	3.0	0.0	1.0	0.0	1.0	0.0	3.0	0.0	1.0	0.0	2.875	0.375	1.0	0.0	2.0	0.0	3.0	0.0	2.0	0.0	2.0	0.0	3.0	0.0	3.0	0.0	0.0	5.0	1.0	5.0	1.0	3.0	0.0	4.0	1.0	5.0	1.0	1.0	0.0	1.0	0.0	5.0	1.0	2.0	0.0	3.625	1.0	1.0	-1.0	1.0	2.0	0.0	0.0	2.0	1.0	0.75	0.0	0.0	-1.0	1.0	1.0	0.0	0.0	1.0	0.0	0.25	5.0	1.0	0.0	1.0	0.0
4	2	3	1	74	21	7	2	1.0	1.0	1.0	0.0	8.0	0.0	1.0	0.0	2.0	2.0	1.0	1.6666666	1.0	1.0	1.0	1.0	3.0	4.0	4.0	4.0	4.0	2.0	2.0	2.0	1.0	0.0	0.0	0.0	0.0	0.0	0.0	0.0	0.0	1.0		0.0	0.0		1.0	4.0	1.0	4.0	1.0	4.0	1.0	2.0	0.0	2.0	0.0	3.0	0.0	3.0	0.0	4.0	1.0	2.0	0.0	3.25	0.5	3.0	0.0	2.0	0.0	2.0	0.0	4.0	1.0	2.0	0.0	4.0	1.0	4.0	1.0	0.0	5.0	1.0	5.0	1.0	4.0	1.0	2.0	0.0	2.0	0.0	3.0	0.0	2.0	0.0	5.0	1.0	2.0	0.0	3.5	1.0	1.0	0.0	0.0	0.0	0.0	-1.0	1.0	0.0	0.25	0.0	0.0	0.0	0.0	0.0	0.0	0.0	0.0	0.0	0.0			0.0	1.0	0.0
3	2	4	1	62	24	7	2	0.0	0.0	1.0	0.0	7.0	0.0	1.0	0.0	2.0	2.0	2.0	2.0	3.0	3.0	2.0	2.6666667	40.0	3.0	4.0	3.0	3.3333333	4.0	4.0	5.0	0.0	1.0	0.0	1.0	1.0	0.0	0.0	0.0	0.0	1.0		0.0	0.0		1.0	5.0	1.0	5.0	1.0	5.0	1.0	2.0	0.0	2.0	0.0	5.0	1.0	2.0	0.0	5.0	1.0	3.0	0.0	3.875	0.625	2.0	0.0	2.0	0.0	4.0	1.0	4.0	1.0	4.0	1.0	4.0	1.0	5.0	1.0	0.0	5.0	1.0	5.0	1.0	4.0	1.0	2.0	0.0	2.0	0.0	5.0	1.0	2.0	0.0	5.0	1.0	3.0	0.0	3.75	0.0	0.0	-1.0	0.0	0.0	0.0	0.0	0.0	0.0	-0.125	0.0	0.0	0.0	0.0	0.0	0.0	0.0	0.0	0.0	0.0			0.0	1.0	0.0
3	2	1	4	62	6	5	1	0.0	1.0	1.0	0.0	8.0	0.0	1.0	0.0	1.0	1.0	1.0	1.0	5.0	5.0	1.0	3.6666667	1.0	5.0	4.0	5.0	4.6666665	5.0	3.0	5.0	1.0	0.0	0.0	1.0	1.0	1.0	0.0	1.0	1.0	0.0	0.0		1.0	1.0	1.0	4.0	1.0	4.0	1.0	3.0	0.0	5.0	1.0	5.0	1.0	3.0	0.0	1.0	0.0	5.0	1.0	3.0	0.0	3.75	0.625	2.0	0.0	3.0	0.0	3.0	0.0	4.0	1.0	3.0	0.0	5.0	1.0	5.0	1.0	1.0	4.0	1.0	3.0	0.0	3.0	0.0	4.0	1.0	4.0	1.0	3.0	0.0	1.0	0.0	4.0	1.0	3.0	0.0	3.25	0.0	-1.0	0.0	-1.0	-1.0	0.0	0.0	-1.0	0.0	-0.5	0.0	-1.0	0.0	0.0	0.0	0.0	0.0	0.0	0.0	-0.125			0.0	0.0	0.0
1	4	2	3	74	10	6	2	1.0	1.0	1.0	0.0	8.0	0.0	1.0	0.0	1.0	4.0	1.0	2.0	3.0	1.0	1.0	1.6666666	-1.0	3.0	3.0	3.0	3.0	3.0	3.0	4.0	1.0	0.0	1.0	0.0	1.0	0.0	1.0	0.0	1.0	0.0	1.0	1.0		0.0	0.0	3.0	0.0	3.0	0.0	3.0	0.0	3.0	0.0	3.0	0.0	3.0	0.0	3.0	0.0	3.0	0.0	3.0	0.0	3.0	0.0	2.0	0.0	2.0	0.0	3.0	0.0	3.0	0.0	3.0	0.0	5.0	1.0	5.0	1.0	0.0	3.0	0.0	3.0	0.0	3.0	0.0	3.0	0.0	3.0	0.0	3.0	0.0	3.0	0.0	3.0	0.0	3.0	0.0	3.0	0.0	0.0	0.0	0.0	0.0	0.0	0.0	0.0	0.0	0.0	0.0	0.0	0.0	0.0	0.0	0.0	0.0	0.0	0.0	0.0	3.0	0.0	1.0	0.0	1.0
1	3	4	2	65	22	5	3	0.0	1.0	1.0	0.0	8.0	0.0	1.0	0.0	1.0	1.0	1.0	1.0	2.0	4.0	4.0	3.3333333	61.0	5.0	1.0	5.0	3.6666667	1.0	1.0	3.0	1.0	0.0	1.0	1.0	2.0	0.0	0.0	1.0	1.0	0.0	0.0		1.0	1.0	1.0	5.0	1.0	5.0	1.0	2.0	0.0	1.0	0.0	1.0	0.0	2.0	0.0	1.0	0.0	4.0	1.0	1.0	0.0	2.625	0.375	2.0	0.0	2.0	0.0	1.0	0.0	5.0	1.0	1.0	0.0	5.0	1.0	5.0	1.0	0.0	5.0	1.0	5.0	1.0	1.0	0.0	2.0	0.0	1.0	0.0	2.0	0.0	1.0	0.0	4.0	1.0	2.0	0.0	2.625	0.0	0.0	-1.0	1.0	0.0	0.0	0.0	0.0	1.0	0.0	0.0	0.0	0.0	0.0	0.0	0.0	0.0	0.0	0.0	0.0			1.0	1.0	1.0
3	2	4	1	73	1	5	3	1.0	1.0	1.0	0.0	1.0	1.0	0.0	0.0	4.0	3.0	3.0	3.3333333	3.0	5.0	3.0	3.6666667	0.0	3.0	4.0	2.0	3.0	3.0	4.0	5.0	0.0	1.0	1.0	1.0	2.0	1.0	1.0	0.0	1.0	0.0	1.0	1.0		0.0	0.0	5.0	1.0	5.0	1.0	5.0	1.0	4.0	1.0	4.0	1.0	5.0	1.0	5.0	1.0	5.0	1.0	5.0	1.0	4.75	1.0	4.0	1.0	3.0	0.0	5.0	1.0	5.0	1.0	5.0	1.0	5.0	1.0	5.0	1.0	0.0	5.0	1.0	5.0	1.0	5.0	1.0	4.0	1.0	4.0	1.0	5.0	1.0	5.0	1.0	5.0	1.0	5.0	1.0	4.75	0.0	0.0	0.0	0.0	0.0	0.0	0.0	0.0	0.0	0.0	0.0	0.0	0.0	0.0	0.0	0.0	0.0	0.0	0.0	0.0	5.0	1.0	0.0	0.0	0.0
1	3	4	2	71	10	5	3	1.0	1.0	1.0	0.0	3.0	0.0	0.0	1.0	1.0	1.0	1.0	1.0	4.0	3.0	1.0	2.6666667	0.0	1.0	3.0	2.0	2.0	3.0	4.0	5.0	0.0	0.0	1.0	0.0	1.0	0.0	0.0	0.0	0.0	1.0		0.0	0.0		1.0	5.0	1.0	5.0	1.0	5.0	1.0	2.0	0.0	4.0	1.0	4.0	1.0	3.0	0.0	5.0	1.0	3.0	0.0	4.125	0.75	2.0	0.0	1.0	0.0	4.0	1.0	5.0	1.0	2.0	0.0	5.0	1.0	4.0	1.0	0.0	5.0	1.0	5.0	1.0	5.0	1.0	2.0	0.0	2.0	0.0	4.0	1.0	3.0	0.0	5.0	1.0	3.0	0.0	3.875	0.0	0.0	0.0	0.0	-2.0	0.0	0.0	0.0	0.0	-0.25	0.0	0.0	0.0	0.0	-1.0	0.0	0.0	0.0	0.0	-0.125			1.0	0.0	1.0
4	3	2	1	54	18	7	1	0.0	1.0	1.0	0.0	4.0	0.0	0.0	1.0	3.0	3.0	3.0	3.0	3.0	3.0	3.0	3.0	0.0	3.0	3.0	3.0	3.0	3.0	3.0	1.0	0.0	0.0	1.0	0.0	1.0	1.0	0.0	1.0	1.0	0.0	0.0		1.0	0.0	0.0	3.0	0.0	3.0	0.0	3.0	0.0	3.0	0.0	3.0	0.0	1.0	0.0	1.0	0.0	2.0	0.0	1.0	0.0	2.375	0.0	2.0	0.0	3.0	0.0	3.0	0.0	3.0	0.0	3.0	0.0	5.0	1.0	5.0	1.0	0.0	2.0	0.0	2.0	0.0	3.0	0.0	2.0	0.0	2.0	0.0	1.0	0.0	2.0	0.0	2.0	0.0	2.0	0.0	2.0	-1.0	-1.0	0.0	-1.0	-1.0	0.0	1.0	0.0	1.0	-0.375	0.0	0.0	0.0	0.0	0.0	0.0	0.0	0.0	0.0	0.0	3.0	0.0	0.0	0.0	0.0
3	2	4	1	47	24	7	2	0.0	1.0	1.0	0.0	2.0	1.0	0.0	0.0	1.0	1.0	1.0	1.0	1.0	2.0	1.0	1.3333334	0.0	2.0	2.0	2.0	2.0	4.0	4.0	5.0	0.0	1.0	1.0	1.0	2.0	0.0	0.0	0.0	0.0	1.0		0.0	0.0		1.0	4.0	1.0	4.0	1.0	3.0	0.0	1.0	0.0	1.0	0.0	5.0	1.0	4.0	1.0	3.0	0.0	2.0	0.0	3.125	0.5	1.0	0.0	3.0	0.0	3.0	0.0	3.0	0.0	2.0	0.0	5.0	1.0	4.0	1.0	0.0	4.0	1.0	4.0	1.0	3.0	0.0	1.0	0.0	1.0	0.0	5.0	1.0	4.0	1.0	3.0	0.0	2.0	0.0	3.125	0.0	0.0	0.0	0.0	0.0	0.0	0.0	0.0	0.0	0.0	0.0	0.0	0.0	0.0	0.0	0.0	0.0	0.0	0.0	0.0			0.0	0.0	0.0
2	1	4	3	40	20	6	3	0.0	1.0	1.0	0.0	1.0	1.0	0.0	0.0	2.0	1.0	2.0	1.6666666	5.0	5.0	5.0	5.0	100.0	3.0	5.0	4.0	4.0	4.0	5.0	5.0	0.0	1.0	1.0	1.0	2.0	0.0	0.0	1.0	1.0	0.0	0.0		1.0	1.0	1.0	5.0	1.0	5.0	1.0	5.0	1.0	1.0	0.0	1.0	0.0	5.0	1.0	3.0	0.0	5.0	1.0	2.0	0.0	3.75	0.625	1.0	0.0	3.0	0.0	3.0	0.0	3.0	0.0	3.0	0.0	5.0	1.0	5.0	1.0	0.0	5.0	1.0	5.0	1.0	5.0	1.0	1.0	0.0	1.0	0.0	5.0	1.0	3.0	0.0	5.0	1.0	1.0	0.0	3.75	0.0	0.0	0.0	0.0	0.0	0.0	0.0	0.0	-1.0	0.0	0.0	0.0	0.0	0.0	0.0	0.0	0.0	0.0	0.0	0.0			0.0	1.0	0.0
4	3	2	1	75	20	7	1	1.0	1.0	1.0	0.0	8.0	0.0	1.0	0.0	3.0	3.0	3.0	3.0	3.0	3.0	3.0	3.0	38.0	3.0	4.0	3.0	3.3333333	3.0	2.0	5.0	0.0	0.0	1.0	1.0	2.0	1.0	0.0	1.0	1.0	0.0	0.0		1.0	0.0	0.0	3.0	0.0	4.0	1.0	3.0	0.0	2.0	0.0	2.0	0.0	3.0	0.0	2.0	0.0	4.0	1.0	2.0	0.0	2.875	0.25	2.0	0.0	2.0	0.0	2.0	0.0	3.0	0.0	2.0	0.0	4.0	1.0	3.0	0.0	0.0	3.0	0.0	3.0	0.0	2.0	0.0	2.0	0.0	2.0	0.0	4.0	1.0	2.0	0.0	3.0	0.0	2.0	0.0	2.625	0.0	-1.0	-1.0	0.0	0.0	1.0	0.0	-1.0	0.0	-0.25	0.0	-1.0	0.0	0.0	0.0	1.0	0.0	-1.0	0.0	-0.125	4.0	1.0	0.0	1.0	0.0
3	1	4	2	76	10	5	3	1.0	1.0	1.0	0.0	8.0	0.0	1.0	0.0	1.0	1.0	1.0	1.0	3.0	5.0	3.0	3.6666667	0.0	5.0	4.0	2.0	3.6666667	4.0	3.0	5.0	1.0	0.0	0.0	1.0	1.0	0.0	1.0	0.0	1.0	0.0	1.0	1.0		1.0	1.0	2.0	0.0	2.0	0.0	2.0	0.0	1.0	0.0	1.0	0.0	1.0	0.0	1.0	0.0	3.0	0.0	3.0	0.0	1.625	0.0	4.0	1.0	2.0	0.0	1.0	0.0	4.0	1.0	1.0	0.0	3.0	0.0	3.0	0.0	0.0	2.0	0.0	2.0	0.0	1.0	0.0	1.0	0.0	1.0	0.0	1.0	0.0	1.0	0.0	2.0	0.0	2.0	0.0	1.375	0.0	0.0	-1.0	0.0	0.0	0.0	0.0	-1.0	-1.0	-0.25	0.0	0.0	0.0	0.0	0.0	0.0	0.0	0.0	0.0	0.0			0.0	0.0	0.0
2	3	4	1	71	17	2	4	1.0	1.0	1.0	0.0	7.0	0.0	1.0	0.0	4.0	2.0	2.0	2.6666667	4.0	3.0	4.0	3.6666667	64.0	4.0	4.0	4.0	4.0	3.0	3.0	3.0	1.0	0.0	0.0	0.0	0.0	0.0	1.0	0.0	1.0	0.0	1.0	1.0		1.0	1.0	2.0	0.0	2.0	0.0	1.0	0.0	1.0	0.0	2.0	0.0	3.0	0.0	2.0	0.0	2.0	0.0	2.0	0.0	1.875	0.0	4.0	1.0	2.0	0.0	2.0	0.0	5.0	1.0	2.0	0.0	4.0	1.0	3.0	0.0	0.0	4.0	1.0	2.0	0.0	2.0	0.0	2.0	0.0	2.0	0.0	3.0	0.0	2.0	0.0	2.0	0.0	2.0	0.0	2.375	2.0	0.0	1.0	1.0	0.0	0.0	0.0	0.0	0.0	0.5	1.0	0.0	0.0	0.0	0.0	0.0	0.0	0.0	0.0	0.125			0.0	1.0	1.0
1	2	3	4	55	6	3	4	0.0	1.0	1.0	0.0	4.0	0.0	0.0	1.0	3.0	3.0	1.0	2.3333333	3.0	5.0	3.0	3.6666667	15.0	3.0	3.0	3.0	3.0	4.0	4.0	4.0	0.0	1.0	1.0	1.0	2.0	1.0	1.0	0.0	1.0	0.0	1.0	1.0		0.0	0.0	5.0	1.0	5.0	1.0	1.0	0.0	3.0	0.0	4.0	1.0	5.0	1.0	4.0	1.0	4.0	1.0	5.0	1.0	3.875	0.75	3.0	0.0	3.0	0.0	4.0	1.0	3.0	0.0	3.0	0.0	5.0	1.0	5.0	1.0	0.0	3.0	0.0	4.0	1.0	1.0	0.0	3.0	0.0	3.0	0.0	5.0	1.0	3.0	0.0	3.0	0.0	5.0	1.0	3.125	-2.0	-1.0	0.0	0.0	-1.0	0.0	-1.0	-1.0	0.0	-0.75	-1.0	0.0	0.0	0.0	-1.0	0.0	-1.0	-1.0	0.0	-0.5	5.0	1.0	1.0	1.0	1.0
1	3	4	2	55	3	5	4	0.0	1.0	0.0	1.0	4.0	0.0	0.0	1.0	3.0	3.0	2.0	2.6666667	5.0	5.0	4.0	4.6666665	0.0	3.0	3.0	1.0	2.3333333	5.0	5.0	3.0	0.0	0.0	0.0	1.0	1.0	0.0	1.0	0.0	1.0	0.0	1.0	1.0		1.0	1.0	5.0	1.0	4.0	1.0	3.0	0.0	3.0	0.0	2.0	0.0	3.0	0.0	3.0	0.0	4.0	1.0	4.0	1.0	3.375	0.375	4.0	1.0	3.0	0.0	3.0	0.0	3.0	0.0	3.0	0.0	3.0	0.0	5.0	1.0	1.0	4.0	1.0	3.0	0.0	3.0	0.0	2.0	0.0	5.0	1.0	2.0	0.0	3.0	0.0	4.0	1.0	5.0	1.0	3.25	-1.0	-1.0	0.0	-1.0	3.0	-1.0	0.0	0.0	1.0	-0.125	0.0	-1.0	0.0	0.0	1.0	0.0	0.0	0.0	0.0	0.0			1.0	0.0	1.0
4	1	2	3	86	21	7	4	1.0	1.0	1.0	0.0	1.0	1.0	0.0	0.0	1.0	1.0	2.0	1.3333334	2.0	3.0	2.0	2.3333333	-1.0	4.0	3.0	2.0	3.0	3.0	4.0	5.0	0.0	1.0	1.0	1.0	2.0	1.0	0.0	0.0	0.0	1.0		0.0	0.0		1.0	4.0	1.0	4.0	1.0	3.0	0.0	2.0	0.0	3.0	0.0	5.0	1.0	4.0	1.0	4.0	1.0	4.0	1.0	3.625	0.625	2.0	0.0	3.0	0.0	4.0	1.0	3.0	0.0	4.0	1.0	4.0	1.0	4.0	1.0	1.0	4.0	1.0	4.0	1.0	4.0	1.0	3.0	0.0	3.0	0.0	4.0	1.0	4.0	1.0	4.0	1.0	4.0	1.0	3.75	0.0	0.0	1.0	1.0	0.0	-1.0	0.0	0.0	0.0	0.125	0.0	0.0	1.0	0.0	0.0	0.0	0.0	0.0	0.0	0.125			0.0	0.0	0.0
4	2	3	1	27	1	2	3	0.0	0.0	0.0	0.0	8.0	0.0	1.0	0.0	3.0	4.0	4.0	3.6666667	5.0	3.0	5.0	4.3333335	11.0	4.0	4.0	2.0	3.3333333	5.0	1.0	5.0	1.0	0.0	1.0	1.0	2.0	1.0	0.0	0.0	0.0	1.0		0.0	0.0		1.0	3.0	0.0	5.0	1.0	5.0	1.0	1.0	0.0	1.0	0.0	3.0	0.0	1.0	0.0	1.0	0.0	1.0	0.0	2.5	0.25	3.0	0.0	3.0	0.0	1.0	0.0	3.0	0.0	3.0	0.0	5.0	1.0	5.0	1.0	0.0	5.0	1.0	5.0	1.0	5.0	1.0	1.0	0.0	1.0	0.0	4.0	1.0	5.0	1.0	3.0	0.0	4.0	1.0	3.625	2.0	0.0	0.0	0.0	0.0	1.0	4.0	2.0	3.0	1.125	1.0	0.0	0.0	0.0	0.0	1.0	1.0	0.0	1.0	0.375			0.0	1.0	0.0
3	2	4	1	65	8	5	2	0.0	0.0	1.0	0.0	1.0	1.0	0.0	0.0	1.0	4.0	4.0	3.0	1.0	1.0	2.0	1.3333334	0.0	2.0	5.0	5.0	4.0	1.0	4.0	5.0	0.0	1.0	1.0	1.0	2.0	0.0	0.0	0.0	0.0	1.0		0.0	0.0		1.0	5.0	1.0	5.0	1.0	1.0	0.0	1.0	0.0	1.0	0.0	4.0	1.0	1.0	0.0	4.0	1.0	4.0	1.0	2.75	0.5	1.0	0.0	2.0	0.0	1.0	0.0	5.0	1.0	1.0	0.0	5.0	1.0	5.0	1.0	0.0	5.0	1.0	5.0	1.0	1.0	0.0	1.0	0.0	1.0	0.0	4.0	1.0	1.0	0.0	4.0	1.0	1.0	0.0	2.75	0.0	0.0	0.0	0.0	0.0	0.0	0.0	0.0	-3.0	0.0	0.0	0.0	0.0	0.0	0.0	0.0	0.0	0.0	-1.0	0.0			0.0	0.0	0.0
4	1	3	2	66	20	6	1	1.0	1.0	1.0	0.0	1.0	1.0	0.0	0.0	4.0	2.0	1.0	2.3333333	4.0	4.0	1.0	3.0	26.0	5.0	1.0	2.0	2.6666667	1.0	3.0	3.0	0.0	1.0	0.0	0.0	0.0	0.0	0.0	0.0	0.0	1.0		0.0	0.0		1.0	5.0	1.0	3.0	0.0	4.0	1.0	1.0	0.0	3.0	0.0	5.0	1.0	2.0	0.0	5.0	1.0	5.0	1.0	3.5	0.5	2.0	0.0	1.0	0.0	5.0	1.0	4.0	1.0	4.0	1.0	5.0	1.0	1.0	0.0	1.0	5.0	1.0	5.0	1.0	5.0	1.0	1.0	0.0	2.0	0.0	4.0	1.0	3.0	0.0	5.0	1.0	4.0	1.0	3.75	0.0	2.0	1.0	0.0	-1.0	-1.0	1.0	0.0	-1.0	0.25	0.0	1.0	0.0	0.0	0.0	0.0	0.0	0.0	0.0	0.125			0.0	1.0	0.0
3	2	4	1	67	18	2	1	1.0	0.0	1.0	0.0	6.0	0.0	0.0	1.0	2.0	2.0	2.0	2.0	3.0	5.0	4.0	4.0	88.0	3.0	4.0	3.0	3.3333333	5.0	2.0	5.0	0.0	1.0	1.0	0.0	1.0	0.0	0.0	0.0	0.0	1.0		0.0	0.0		1.0	5.0	1.0	5.0	1.0	4.0	1.0	4.0	1.0	1.0	0.0	2.0	0.0	2.0	0.0	3.0	0.0	2.0	0.0	3.25	0.5	3.0	0.0	2.0	0.0	3.0	0.0	4.0	1.0	3.0	0.0	4.0	1.0	4.0	1.0	0.0	5.0	1.0	5.0	1.0	4.0	1.0	4.0	1.0	1.0	0.0	2.0	0.0	1.0	0.0	4.0	1.0	3.0	0.0	3.25	0.0	0.0	0.0	0.0	0.0	0.0	-1.0	1.0	1.0	0.0	0.0	0.0	0.0	0.0	0.0	0.0	0.0	1.0	0.0	0.125			0.0	1.0	0.0
4	1	3	2	47	22	6	1	0.0	0.0	0.0	1.0	1.0	1.0	0.0	0.0	2.0	1.0	2.0	1.6666666	4.0	5.0	5.0	4.6666665	-31.0	5.0	5.0	4.0	4.6666665	5.0	4.0	4.0	0.0	1.0	1.0	1.0	2.0	1.0	0.0	0.0	0.0	1.0		0.0	0.0		1.0	5.0	1.0	5.0	1.0	5.0	1.0	5.0	1.0	5.0	1.0	5.0	1.0	5.0	1.0	5.0	1.0	5.0	1.0	5.0	1.0	2.0	0.0	4.0	1.0	5.0	1.0	5.0	1.0	4.0	1.0	5.0	1.0	5.0	1.0	1.0	5.0	1.0	5.0	1.0	5.0	1.0	5.0	1.0	5.0	1.0	5.0	1.0	5.0	1.0	5.0	1.0	5.0	1.0	5.0	0.0	0.0	0.0	0.0	0.0	0.0	0.0	0.0	0.0	0.0	0.0	0.0	0.0	0.0	0.0	0.0	0.0	0.0	0.0	0.0			0.0	0.0	0.0
3	2	4	1	68	4	2	4	1.0	1.0	1.0	0.0	7.0	0.0	1.0	0.0	2.0	2.0	3.0	2.3333333	3.0	4.0	3.0	3.3333333	-1.0	3.0	4.0	4.0	3.6666667	3.0	4.0	4.0	0.0	1.0	1.0	1.0	2.0	1.0	0.0	0.0	0.0	1.0		0.0	0.0		1.0	3.0	0.0	4.0	1.0	3.0	0.0	2.0	0.0	3.0	0.0	3.0	0.0	2.0	0.0	3.0	0.0	3.0	0.0	2.875	0.125	2.0	0.0	2.0	0.0	3.0	0.0	4.0	1.0	3.0	0.0	5.0	1.0	3.0	0.0	0.0	4.0	1.0	4.0	1.0	4.0	1.0	2.0	0.0	3.0	0.0	3.0	0.0	2.0	0.0	4.0	1.0	3.0	0.0	3.25	1.0	0.0	1.0	0.0	0.0	0.0	0.0	1.0	0.0	0.375	1.0	0.0	1.0	0.0	0.0	0.0	0.0	1.0	0.0	0.375			0.0	0.0	0.0
1	2	4	3	75	5	4	3	1.0	0.0	1.0	0.0	2.0	1.0	0.0	0.0	1.0	1.0	2.0	1.3333334	4.0	5.0	4.0	4.3333335	43.0	3.0	3.0	3.0	3.0	5.0	3.0	3.0	0.0	1.0	0.0	1.0	1.0	0.0	0.0	1.0	1.0	0.0	0.0		1.0	1.0	1.0	5.0	1.0	5.0	1.0	4.0	1.0	4.0	1.0	4.0	1.0	3.0	0.0	3.0	0.0	4.0	1.0	4.0	1.0	4.0	0.75	5.0	1.0	3.0	0.0	4.0	1.0	5.0	1.0	3.0	0.0	5.0	1.0	5.0	1.0	1.0	4.0	1.0	4.0	1.0	4.0	1.0	4.0	1.0	4.0	1.0	4.0	1.0	4.0	1.0	4.0	1.0	4.0	1.0	4.0	-1.0	-1.0	0.0	0.0	0.0	1.0	1.0	0.0	0.0	0.0	0.0	0.0	0.0	0.0	0.0	1.0	1.0	0.0	0.0	0.25			1.0	1.0	1.0
1	3	4	2	57	4	4	3	0.0	1.0	1.0	0.0	4.0	0.0	0.0	1.0	1.0	3.0	2.0	2.0	3.0	3.0	1.0	2.3333333	-88.0	3.0	3.0	2.0	2.6666667	1.0	3.0	3.0	0.0	0.0	1.0	1.0	2.0	1.0	1.0	0.0	1.0	0.0	1.0	1.0		1.0	1.0	5.0	1.0	4.0	1.0	4.0	1.0	4.0	1.0	4.0	1.0	4.0	1.0	4.0	1.0	4.0	1.0	4.0	1.0	4.125	1.0	2.0	0.0	4.0	1.0	4.0	1.0	4.0	1.0	4.0	1.0	5.0	1.0	5.0	1.0	1.0	4.0	1.0	5.0	1.0	4.0	1.0	5.0	1.0	5.0	1.0	4.0	1.0	4.0	1.0	5.0	1.0	4.0	1.0	4.5	-1.0	1.0	0.0	1.0	1.0	0.0	0.0	1.0	0.0	0.375	0.0	0.0	0.0	0.0	0.0	0.0	0.0	0.0	0.0	0.0			1.0	0.0	1.0
1	4	3	2	33	1	5	4	0.0	0.0	1.0	0.0	5.0	0.0	0.0	1.0	3.0	3.0	3.0	3.0	3.0	3.0	3.0	3.0	8.0	3.0	3.0	3.0	3.0	3.0	3.0	4.0	0.0	0.0	1.0	0.0	1.0	1.0	0.0	1.0	1.0	0.0	0.0		1.0	0.0	0.0	3.0	0.0	3.0	0.0	3.0	0.0	3.0	0.0	3.0	0.0	3.0	0.0	3.0	0.0	3.0	0.0	3.0	0.0	3.0	0.0	3.0	0.0	3.0	0.0	3.0	0.0	4.0	1.0	3.0	0.0	3.0	0.0	3.0	0.0	1.0	3.0	0.0	3.0	0.0	3.0	0.0	3.0	0.0	3.0	0.0	3.0	0.0	3.0	0.0	3.0	0.0	3.0	0.0	3.0	0.0	0.0	0.0	0.0	0.0	0.0	0.0	0.0	0.0	0.0	0.0	0.0	0.0	0.0	0.0	0.0	0.0	0.0	0.0	0.0	3.0	0.0	1.0	1.0	1.0
1	3	2	4	71	11	4	4	1.0	0.0	1.0	0.0	4.0	0.0	0.0	1.0	2.0	3.0	3.0	2.6666667	3.0	3.0	2.0	2.6666667	0.0	2.0	3.0	2.0	2.3333333	2.0	3.0	4.0	0.0	1.0	1.0	1.0	2.0	1.0	0.0	1.0	1.0	0.0	0.0		1.0	1.0	1.0	3.0	0.0	3.0	0.0	3.0	0.0	1.0	0.0	1.0	0.0	4.0	1.0	1.0	0.0	2.0	0.0	3.0	0.0	2.25	0.125	1.0	0.0	1.0	0.0	2.0	0.0	1.0	0.0	2.0	0.0	5.0	1.0	4.0	1.0	0.0	3.0	0.0	3.0	0.0	4.0	1.0	1.0	0.0	1.0	0.0	4.0	1.0	1.0	0.0	2.0	0.0	2.0	0.0	2.375	0.0	0.0	1.0	0.0	0.0	0.0	0.0	0.0	-1.0	0.125	0.0	0.0	1.0	0.0	0.0	0.0	0.0	0.0	0.0	0.125			1.0	0.0	1.0
3	2	4	1	71	5	5	3	1.0	1.0	1.0	0.0	3.0	0.0	0.0	1.0	1.0	1.0	1.0	1.0	1.0	1.0	1.0	1.0	15.0	3.0	3.0	1.0	2.3333333	3.0	3.0	5.0	0.0	1.0	1.0	0.0	1.0	1.0	1.0	0.0	1.0	0.0	1.0	1.0		1.0	1.0	5.0	1.0	5.0	1.0	4.0	1.0	1.0	0.0	1.0	0.0	3.0	0.0	3.0	0.0	4.0	1.0	3.0	0.0	3.25	0.5	1.0	0.0	2.0	0.0	4.0	1.0	3.0	0.0	4.0	1.0	5.0	1.0	5.0	1.0	0.0	5.0	1.0	5.0	1.0	4.0	1.0	1.0	0.0	1.0	0.0	3.0	0.0	3.0	0.0	5.0	1.0	3.0	0.0	3.375	0.0	0.0	0.0	0.0	0.0	0.0	0.0	1.0	0.0	0.125	0.0	0.0	0.0	0.0	0.0	0.0	0.0	0.0	0.0	0.0			0.0	1.0	0.0
4	1	2	3	77	4	3	3	1.0	0.0	1.0	0.0	6.0	0.0	0.0	1.0	4.0	4.0	4.0	4.0	4.0	3.0	2.0	3.0	-13.0	1.0	2.0	2.0	1.6666666	4.0	1.0	4.0	1.0	0.0	0.0	0.0	0.0	0.0	0.0	0.0	0.0	1.0		0.0	0.0		1.0	5.0	1.0	5.0	1.0	5.0	1.0	1.0	0.0	1.0	0.0	2.0	0.0	1.0	0.0	4.0	1.0	4.0	1.0	3.0	0.5	2.0	0.0	2.0	0.0	2.0	0.0	2.0	0.0	3.0	0.0	4.0	1.0	5.0	1.0	0.0	5.0	1.0	5.0	1.0	4.0	1.0	1.0	0.0	1.0	0.0	1.0	0.0	1.0	0.0	4.0	1.0	1.0	0.0	2.75	0.0	0.0	-1.0	0.0	0.0	-1.0	0.0	0.0	-3.0	-0.25	0.0	0.0	0.0	0.0	0.0	0.0	0.0	0.0	-1.0	0.0			0.0	0.0	0.0
3	1	2	4	72	12	2	3	1.0	0.0	1.0	0.0	3.0	0.0	0.0	1.0	3.0	3.0	3.0	3.0	4.0	4.0	4.0	4.0	31.0	4.0	4.0	2.0	3.3333333	3.0	3.0	4.0	0.0	1.0	1.0	1.0	2.0	1.0	0.0	1.0	1.0	0.0	0.0		1.0	1.0	1.0	4.0	1.0	5.0	1.0	5.0	1.0	3.0	0.0	1.0	0.0	4.0	1.0	3.0	0.0	4.0	1.0	4.0	1.0	3.625	0.625	3.0	0.0	3.0	0.0	3.0	0.0	3.0	0.0	3.0	0.0	4.0	1.0	4.0	1.0	1.0	4.0	1.0	5.0	1.0	5.0	1.0	2.0	0.0	1.0	0.0	4.0	1.0	3.0	0.0	4.0	1.0	4.0	1.0	3.5	0.0	0.0	0.0	-1.0	0.0	0.0	0.0	0.0	0.0	-0.125	0.0	0.0	0.0	0.0	0.0	0.0	0.0	0.0	0.0	0.0			0.0	1.0	0.0
2	1	3	4	80	8	2	3	1.0	0.0	1.0	0.0	8.0	0.0	1.0	0.0	4.0	4.0	3.0	3.6666667	5.0	4.0	3.0	4.0	53.0	3.0	4.0	4.0	3.6666667	3.0	3.0	3.0	0.0	0.0	1.0	0.0	1.0	0.0	0.0	0.0	0.0	1.0		0.0	0.0		1.0	5.0	1.0	5.0	1.0	2.0	0.0	3.0	0.0	3.0	0.0	2.0	0.0	1.0	0.0	3.0	0.0	4.0	1.0	3.0	0.25	3.0	0.0	2.0	0.0	2.0	0.0	2.0	0.0	2.0	0.0	2.0	0.0	5.0	1.0	0.0	4.0	1.0	4.0	1.0	3.0	0.0	2.0	0.0	2.0	0.0	2.0	0.0	1.0	0.0	4.0	1.0	4.0	1.0	2.75	-1.0	-1.0	1.0	-1.0	-1.0	0.0	0.0	1.0	0.0	-0.25	0.0	0.0	0.0	0.0	0.0	0.0	0.0	1.0	0.0	0.125			0.0	1.0	0.0
3	2	4	1	73	5	4	3	1.0	1.0	1.0	0.0	2.0	1.0	0.0	0.0	2.0	2.0	2.0	2.0	2.0	2.0	2.0	2.0	3.0	2.0	4.0	2.0	2.6666667	3.0	4.0	4.0	0.0	1.0	1.0	1.0	2.0	1.0	0.0	0.0	0.0	1.0		0.0	0.0		1.0	4.0	1.0	4.0	1.0	4.0	1.0	2.0	0.0	2.0	0.0	4.0	1.0	3.0	0.0	4.0	1.0	2.0	0.0	3.375	0.625	3.0	0.0	2.0	0.0	2.0	0.0	2.0	0.0	3.0	0.0	4.0	1.0	2.0	0.0	1.0	5.0	1.0	5.0	1.0	4.0	1.0	2.0	0.0	2.0	0.0	4.0	1.0	5.0	1.0	4.0	1.0	3.0	0.0	3.875	1.0	1.0	0.0	0.0	0.0	0.0	2.0	0.0	1.0	0.5	0.0	0.0	0.0	0.0	0.0	0.0	1.0	0.0	0.0	0.125			0.0	1.0	0.0
1	3	4	2	71	19	2	3	1.0	1.0	1.0	0.0	2.0	1.0	0.0	0.0	2.0	2.0	1.0	1.6666666	2.0	4.0	1.0	2.3333333	0.0	5.0	2.0	2.0	3.0	4.0	5.0	5.0	0.0	1.0	0.0	0.0	0.0	0.0	0.0	1.0	1.0	0.0	0.0		1.0	0.0	0.0	5.0	1.0	5.0	1.0	4.0	1.0	1.0	0.0	1.0	0.0	5.0	1.0	4.0	1.0	4.0	1.0	5.0	1.0	3.625	0.75	4.0	1.0	3.0	0.0	5.0	1.0	5.0	1.0	4.0	1.0	5.0	1.0	4.0	1.0	1.0	5.0	1.0	5.0	1.0	5.0	1.0	1.0	0.0	1.0	0.0	5.0	1.0	4.0	1.0	5.0	1.0	5.0	1.0	3.875	0.0	0.0	1.0	0.0	0.0	0.0	0.0	1.0	0.0	0.25	0.0	0.0	0.0	0.0	0.0	0.0	0.0	0.0	0.0	0.0	5.0	1.0	1.0	0.0	1.0
3	2	4	1	76	7	6	4	1.0	1.0	1.0	0.0	1.0	1.0	0.0	0.0	1.0	1.0	1.0	1.0	1.0	1.0	1.0	1.0	-1.0	1.0	4.0	1.0	2.0	4.0	5.0	4.0	0.0	1.0	1.0	1.0	2.0	0.0	0.0	1.0	1.0	0.0	0.0		1.0	0.0	0.0	4.0	1.0	4.0	1.0	4.0	1.0	1.0	0.0	1.0	0.0	4.0	1.0	4.0	1.0	4.0	1.0	3.0	0.0	3.25	0.75	1.0	0.0	2.0	0.0	2.0	0.0	4.0	1.0	2.0	0.0	5.0	1.0	2.0	0.0	1.0	1.0	0.0	1.0	0.0	2.0	0.0	1.0	0.0	1.0	0.0	2.0	0.0	1.0	0.0	4.0	1.0	1.0	0.0	1.625	-3.0	-3.0	-2.0	0.0	0.0	-2.0	-3.0	0.0	-2.0	-1.625	-1.0	-1.0	-1.0	0.0	0.0	-1.0	-1.0	0.0	0.0	-0.625	3.0	0.0	0.0	0.0	0.0
1	3	4	2	44	6	4	3	0.0	1.0	1.0	0.0	7.0	0.0	1.0	0.0	1.0	1.0	1.0	1.0	2.0	5.0	1.0	2.6666667	-8.0	4.0	4.0	4.0	4.0	5.0	5.0	5.0	1.0	0.0	0.0	0.0	0.0	1.0	1.0	0.0	1.0	0.0	1.0	1.0		1.0	1.0	5.0	1.0	5.0	1.0	4.0	1.0	2.0	0.0	4.0	1.0	1.0	0.0	2.0	0.0	5.0	1.0	2.0	0.0	3.5	0.625	2.0	0.0	4.0	1.0	4.0	1.0	4.0	1.0	4.0	1.0	5.0	1.0	5.0	1.0	0.0	5.0	1.0	5.0	1.0	4.0	1.0	2.0	0.0	5.0	1.0	1.0	0.0	1.0	0.0	5.0	1.0	2.0	0.0	3.5	0.0	0.0	0.0	0.0	1.0	0.0	-1.0	0.0	0.0	0.0	0.0	0.0	0.0	0.0	0.0	0.0	0.0	0.0	0.0	0.0			1.0	0.0	1.0
2	3	4	1	19	2	2	4	0.0	1.0	1.0	0.0	2.0	1.0	0.0	0.0	1.0	2.0	1.0	1.3333334	4.0	4.0	3.0	3.6666667	-10.0	1.0	1.0	5.0	2.3333333	3.0	1.0	5.0	0.0	1.0	1.0	1.0	2.0	1.0	0.0	0.0	0.0	1.0		0.0	0.0		1.0	5.0	1.0	5.0	1.0	5.0	1.0	1.0	0.0	1.0	0.0	1.0	0.0	5.0	1.0	4.0	1.0	1.0	0.0	3.375	0.625	1.0	0.0	2.0	0.0	1.0	0.0	1.0	0.0	1.0	0.0	5.0	1.0	5.0	1.0	0.0	5.0	1.0	5.0	1.0	5.0	1.0	1.0	0.0	1.0	0.0	1.0	0.0	4.0	1.0	4.0	1.0	1.0	0.0	3.25	0.0	0.0	0.0	0.0	0.0	0.0	-1.0	0.0	0.0	-0.125	0.0	0.0	0.0	0.0	0.0	0.0	0.0	0.0	0.0	0.0			0.0	0.0	1.0
2	1	4	3	67	1	2	2	1.0	1.0	1.0	0.0	7.0	0.0	1.0	0.0	1.0	1.0	1.0	1.0	1.0	5.0	1.0	2.3333333	50.0	1.0	1.0	1.0	1.0	5.0	1.0	5.0	1.0	0.0	0.0	0.0	0.0	0.0	0.0	1.0	1.0	0.0	0.0		1.0	1.0	1.0	1.0	0.0	1.0	0.0	1.0	0.0	1.0	0.0	1.0	0.0	1.0	0.0	1.0	0.0	1.0	0.0	1.0	0.0	1.0	0.0	5.0	1.0	1.0	0.0	1.0	0.0	1.0	0.0	1.0	0.0	1.0	0.0	1.0	0.0	0.0	1.0	0.0	1.0	0.0	1.0	0.0	1.0	0.0	1.0	0.0	1.0	0.0	1.0	0.0	1.0	0.0	1.0	0.0	1.0	0.0	0.0	0.0	0.0	0.0	0.0	0.0	0.0	0.0	0.0	0.0	0.0	0.0	0.0	0.0	0.0	0.0	0.0	0.0	0.0			0.0	1.0	0.0
2	3	4	1	66	12	2	3	1.0	0.0	1.0	0.0	2.0	1.0	0.0	0.0	2.0	2.0	3.0	2.3333333	5.0	4.0	4.0	4.3333335	0.0	3.0	4.0	3.0	3.3333333	2.0	2.0	1.0	0.0	1.0	0.0	1.0	1.0	0.0	0.0	0.0	0.0	1.0		0.0	0.0		1.0	4.0	1.0	4.0	1.0	2.0	0.0	3.0	0.0	2.0	0.0	3.0	0.0	2.0	0.0	3.0	0.0	3.0	0.0	2.875	0.25	1.0	0.0	2.0	0.0	4.0	1.0	4.0	1.0	3.0	0.0	4.0	1.0	4.0	1.0	0.0	3.0	0.0	3.0	0.0	2.0	0.0	2.0	0.0	2.0	0.0	2.0	0.0	2.0	0.0	3.0	0.0	3.0	0.0	2.375	-1.0	-1.0	0.0	-1.0	0.0	-1.0	0.0	0.0	0.0	-0.5	-1.0	-1.0	0.0	0.0	0.0	0.0	0.0	0.0	0.0	-0.25			0.0	0.0	1.0
2	3	4	1	71	6	7	3	1.0	1.0	1.0	0.0	1.0	1.0	0.0	0.0	1.0	1.0	1.0	1.0	3.0	3.0	1.0	2.3333333	3.0	2.0	3.0	2.0	2.3333333	5.0	3.0	3.0	0.0	1.0	0.0	1.0	1.0	1.0	0.0	1.0	1.0	0.0	0.0		1.0	1.0	1.0	5.0	1.0	5.0	1.0	4.0	1.0	1.0	0.0	1.0	0.0	4.0	1.0	4.0	1.0	5.0	1.0	4.0	1.0	3.625	0.75	3.0	0.0	3.0	0.0	4.0	1.0	1.0	0.0	3.0	0.0	5.0	1.0	5.0	1.0	0.0	5.0	1.0	5.0	1.0	5.0	1.0	1.0	0.0	1.0	0.0	4.0	1.0	5.0	1.0	4.0	1.0	4.0	1.0	3.75	0.0	0.0	1.0	0.0	0.0	0.0	1.0	-1.0	0.0	0.125	0.0	0.0	0.0	0.0	0.0	0.0	0.0	0.0	0.0	0.0			0.0	1.0	1.0
3	2	4	1	47	1	6	1	0.0	1.0	1.0	0.0	1.0	1.0	0.0	0.0	2.0	2.0	2.0	2.0	2.0	4.0	2.0	2.6666667	3.0	4.0	4.0	2.0	3.3333333	4.0	4.0	3.0	0.0	1.0	0.0	1.0	1.0	1.0	0.0	0.0	0.0	1.0		0.0	0.0		1.0	4.0	1.0	4.0	1.0	4.0	1.0	4.0	1.0	4.0	1.0	4.0	1.0	4.0	1.0	4.0	1.0	4.0	1.0	4.0	1.0	2.0	0.0	3.0	0.0	4.0	1.0	4.0	1.0	4.0	1.0	4.0	1.0	4.0	1.0	0.0	4.0	1.0	4.0	1.0	4.0	1.0	4.0	1.0	4.0	1.0	4.0	1.0	4.0	1.0	4.0	1.0	4.0	1.0	4.0	0.0	0.0	0.0	0.0	0.0	0.0	0.0	0.0	0.0	0.0	0.0	0.0	0.0	0.0	0.0	0.0	0.0	0.0	0.0	0.0			0.0	1.0	0.0
4	2	1	3	22	1	2	3	0.0	0.0	0.0	1.0	2.0	1.0	0.0	0.0	1.0	1.0	1.0	1.0	5.0	5.0	1.0	3.6666667	15.0	1.0	4.0	1.0	2.0	3.0	5.0	4.0	0.0	1.0	1.0	1.0	2.0	1.0	1.0	0.0	1.0	0.0	1.0	1.0		1.0	1.0	5.0	1.0	5.0	1.0	5.0	1.0	5.0	1.0	4.0	1.0	5.0	1.0	5.0	1.0	4.0	1.0	5.0	1.0	4.75	1.0	3.0	0.0	5.0	1.0	5.0	1.0	5.0	1.0	5.0	1.0	5.0	1.0	5.0	1.0	0.0	5.0	1.0	5.0	1.0	5.0	1.0	4.0	1.0	5.0	1.0	5.0	1.0	5.0	1.0	5.0	1.0	5.0	1.0	4.875	0.0	0.0	0.0	-1.0	1.0	0.0	0.0	1.0	0.0	0.125	0.0	0.0	0.0	0.0	0.0	0.0	0.0	0.0	0.0	0.0			0.0	1.0	0.0
4	3	2	1	45	1	5	3	0.0	1.0	0.0	1.0	2.0	1.0	0.0	0.0	1.0	1.0	1.0	1.0	4.0	5.0	5.0	4.6666665	20.0	1.0	2.0	1.0	1.3333334	4.0	5.0	4.0	0.0	1.0	1.0	1.0	2.0	1.0	0.0	0.0	0.0	1.0		0.0	0.0		1.0	5.0	1.0	5.0	1.0	5.0	1.0	5.0	1.0	5.0	1.0	5.0	1.0	5.0	1.0	5.0	1.0	5.0	1.0	5.0	1.0	2.0	0.0	4.0	1.0	5.0	1.0	5.0	1.0	5.0	1.0	5.0	1.0	5.0	1.0	1.0	5.0	1.0	5.0	1.0	5.0	1.0	5.0	1.0	5.0	1.0	4.0	1.0	5.0	1.0	5.0	1.0	5.0	1.0	4.875	0.0	0.0	0.0	0.0	0.0	-1.0	0.0	0.0	0.0	-0.125	0.0	0.0	0.0	0.0	0.0	0.0	0.0	0.0	0.0	0.0			0.0	1.0	0.0
4	1	2	3	54	5	2	1	0.0	1.0	1.0	0.0	1.0	1.0	0.0	0.0	5.0	5.0	5.0	5.0	5.0	5.0	5.0	5.0	87.0	5.0	5.0	1.0	3.6666667	5.0	5.0	5.0	1.0	0.0	0.0	1.0	1.0	1.0	0.0	0.0	0.0	1.0		0.0	0.0		1.0	5.0	1.0	5.0	1.0	5.0	1.0	5.0	1.0	5.0	1.0	5.0	1.0	5.0	1.0	5.0	1.0	5.0	1.0	5.0	1.0	5.0	1.0	5.0	1.0	5.0	1.0	4.0	1.0	4.0	1.0	4.0	1.0	4.0	1.0	0.0	5.0	1.0	5.0	1.0	5.0	1.0	5.0	1.0	5.0	1.0	5.0	1.0	5.0	1.0	5.0	1.0	5.0	1.0	5.0	0.0	0.0	0.0	0.0	0.0	0.0	0.0	0.0	0.0	0.0	0.0	0.0	0.0	0.0	0.0	0.0	0.0	0.0	0.0	0.0			0.0	1.0	0.0
1	3	4	2	70	18	5	3	1.0	1.0	1.0	0.0	8.0	0.0	1.0	0.0	3.0	3.0	1.0	2.3333333	3.0	5.0	1.0	3.0	100.0	5.0	5.0	5.0	5.0	1.0	3.0	5.0	1.0	0.0	1.0	1.0	2.0	1.0	0.0	0.0	0.0	1.0		0.0	0.0		1.0	5.0	1.0	5.0	1.0	3.0	0.0	1.0	0.0	1.0	0.0	1.0	0.0	1.0	0.0	5.0	1.0	1.0	0.0	2.75	0.375	2.0	0.0	1.0	0.0	2.0	0.0	5.0	1.0	3.0	0.0	1.0	0.0	5.0	1.0	0.0	5.0	1.0	5.0	1.0	1.0	0.0	1.0	0.0	1.0	0.0	1.0	0.0	1.0	0.0	5.0	1.0	1.0	0.0	2.5	0.0	0.0	-2.0	0.0	0.0	0.0	0.0	0.0	0.0	-0.25	0.0	0.0	0.0	0.0	0.0	0.0	0.0	0.0	0.0	0.0			1.0	1.0	1.0
1	2	3	4	53	19	5	4	0.0	0.0	1.0	0.0	1.0	1.0	0.0	0.0	4.0	1.0	2.0	2.3333333	3.0	4.0	5.0	4.0	6.0	2.0	2.0	2.0	2.0	2.0	4.0	5.0	0.0	1.0	0.0	1.0	1.0	0.0	1.0	0.0	1.0	0.0	1.0	1.0		0.0	0.0	4.0	1.0	5.0	1.0	2.0	0.0	3.0	0.0	4.0	1.0	1.0	0.0	2.0	0.0	3.0	0.0	2.0	0.0	3.0	0.375	3.0	0.0	2.0	0.0	4.0	1.0	3.0	0.0	4.0	1.0	4.0	1.0	4.0	1.0	0.0	4.0	1.0	5.0	1.0	2.0	0.0	2.0	0.0	3.0	0.0	1.0	0.0	2.0	0.0	4.0	1.0	4.0	1.0	2.875	0.0	0.0	0.0	-1.0	-1.0	0.0	0.0	1.0	2.0	-0.125	0.0	0.0	0.0	0.0	-1.0	0.0	0.0	1.0	1.0	0.0	4.0	1.0	1.0	1.0	1.0
3	2	4	1	72	7	6	1	1.0	0.0	1.0	0.0	3.0	0.0	0.0	1.0	2.0	1.0	1.0	1.3333334	2.0	3.0	2.0	2.3333333	15.0	2.0	4.0	3.0	3.0	2.0	4.0	5.0	0.0	1.0	0.0	1.0	1.0	1.0	0.0	0.0	0.0	1.0		0.0	0.0		1.0	5.0	1.0	4.0	1.0	4.0	1.0	2.0	0.0	2.0	0.0	4.0	1.0	3.0	0.0	5.0	1.0	4.0	1.0	3.625	0.625	4.0	1.0	4.0	1.0	4.0	1.0	4.0	1.0	4.0	1.0	5.0	1.0	4.0	1.0	0.0	5.0	1.0	5.0	1.0	4.0	1.0	2.0	0.0	2.0	0.0	4.0	1.0	3.0	0.0	5.0	1.0	4.0	1.0	3.75	0.0	1.0	0.0	0.0	0.0	0.0	0.0	0.0	0.0	0.125	0.0	0.0	0.0	0.0	0.0	0.0	0.0	0.0	0.0	0.0			0.0	1.0	0.0
4	1	3	2	73	8	7	3	1.0	0.0	1.0	0.0	7.0	0.0	1.0	0.0	5.0	5.0	4.0	4.6666665	2.0	5.0	3.0	3.3333333	98.0	5.0	4.0	3.0	4.0	5.0	4.0	4.0	1.0	0.0	1.0	0.0	1.0	0.0	0.0	0.0	0.0	1.0		0.0	0.0		1.0	4.0	1.0	5.0	1.0	5.0	1.0	2.0	0.0	3.0	0.0	3.0	0.0	4.0	1.0	4.0	1.0	5.0	1.0	3.75	0.625	2.0	0.0	2.0	0.0	4.0	1.0	2.0	0.0	2.0	0.0	4.0	1.0	4.0	1.0	0.0	5.0	1.0	5.0	1.0	5.0	1.0	2.0	0.0	3.0	0.0	3.0	0.0	5.0	1.0	5.0	1.0	4.0	1.0	4.125	1.0	0.0	0.0	0.0	0.0	0.0	1.0	1.0	-1.0	0.375	0.0	0.0	0.0	0.0	0.0	0.0	0.0	0.0	0.0	0.0			0.0	1.0	0.0
2	3	4	1	38	11	7	2	0.0	1.0	1.0	0.0	1.0	1.0	0.0	0.0	1.0	1.0	1.0	1.0	1.0	1.0	1.0	1.0	-69.0	2.0	2.0	2.0	2.0	5.0	4.0	5.0	0.0	1.0	1.0	1.0	2.0	1.0	0.0	0.0	0.0	1.0		0.0	0.0		1.0	5.0	1.0	5.0	1.0	2.0	0.0	1.0	0.0	4.0	1.0	5.0	1.0	5.0	1.0	5.0	1.0	4.0	1.0	4.0	0.75	3.0	0.0	2.0	0.0	4.0	1.0	3.0	0.0	5.0	1.0	5.0	1.0	5.0	1.0	1.0	5.0	1.0	5.0	1.0	2.0	0.0	1.0	0.0	2.0	0.0	5.0	1.0	5.0	1.0	5.0	1.0	4.0	1.0	3.75	0.0	0.0	0.0	0.0	-2.0	0.0	0.0	0.0	0.0	-0.25	0.0	0.0	0.0	0.0	-1.0	0.0	0.0	0.0	0.0	-0.125			0.0	0.0	1.0
3	2	4	1	56	15	6	2	0.0	1.0	1.0	0.0	6.0	0.0	0.0	1.0	2.0	2.0	2.0	2.0	3.0	4.0	2.0	3.0	4.0	4.0	4.0	4.0	4.0	4.0	4.0	2.0	0.0	0.0	1.0	0.0	1.0	1.0	1.0	0.0	1.0	0.0	1.0	1.0		1.0	1.0	4.0	1.0	5.0	1.0	3.0	0.0	4.0	1.0	4.0	1.0	4.0	1.0	4.0	1.0	4.0	1.0	5.0	1.0	4.0	0.875	5.0	1.0	5.0	1.0	5.0	1.0	5.0	1.0	5.0	1.0	5.0	1.0	5.0	1.0	0.0	5.0	1.0	5.0	1.0	4.0	1.0	4.0	1.0	4.0	1.0	3.0	0.0	4.0	1.0	4.0	1.0	5.0	1.0	4.125	1.0	0.0	1.0	0.0	0.0	-1.0	0.0	0.0	0.0	0.125	0.0	0.0	1.0	0.0	0.0	-1.0	0.0	0.0	0.0	0.0			0.0	1.0	0.0
4	2	3	1	77	18	6	3	1.0	1.0	1.0	0.0	7.0	0.0	1.0	0.0	1.0	3.0	1.0	1.6666666	1.0	3.0	3.0	2.3333333	100.0	5.0	3.0	4.0	4.0	1.0	3.0	5.0	1.0	0.0	1.0	1.0	2.0	1.0	0.0	0.0	0.0	1.0		0.0	0.0		1.0	3.0	0.0	5.0	1.0	3.0	0.0	1.0	0.0	1.0	0.0	3.0	0.0	1.0	0.0	3.0	0.0	3.0	0.0	2.5	0.125	1.0	0.0	2.0	0.0	1.0	0.0	2.0	0.0	1.0	0.0	4.0	1.0	3.0	0.0	0.0	3.0	0.0	5.0	1.0	3.0	0.0	1.0	0.0	1.0	0.0	2.0	0.0	1.0	0.0	3.0	0.0	3.0	0.0	2.375	0.0	0.0	0.0	0.0	0.0	-1.0	0.0	0.0	0.0	-0.125	0.0	0.0	0.0	0.0	0.0	0.0	0.0	0.0	0.0	0.0			0.0	1.0	0.0
2	3	4	1	62	17	7	3	0.0	1.0	0.0	1.0	5.0	0.0	0.0	1.0	4.0	3.0	3.0	3.3333333	3.0	4.0	2.0	3.0	1.0	1.0	3.0	2.0	2.0	3.0	3.0	4.0	0.0	0.0	1.0	1.0	2.0	0.0	0.0	0.0	0.0	1.0		0.0	0.0		1.0	2.0	0.0	2.0	0.0	2.0	0.0	1.0	0.0	1.0	0.0	3.0	0.0	3.0	0.0	2.0	0.0	2.0	0.0	2.0	0.0	2.0	0.0	3.0	0.0	2.0	0.0	1.0	0.0	3.0	0.0	2.0	0.0	2.0	0.0	0.0	2.0	0.0	3.0	0.0	3.0	0.0	1.0	0.0	1.0	0.0	3.0	0.0	2.0	0.0	3.0	0.0	2.0	0.0	2.25	0.0	1.0	1.0	0.0	0.0	0.0	-1.0	1.0	0.0	0.25	0.0	0.0	0.0	0.0	0.0	0.0	0.0	0.0	0.0	0.0			0.0	0.0	1.0
1	3	4	2	68	22	6	2	1.0	0.0	1.0	0.0	7.0	0.0	1.0	0.0	2.0	3.0	3.0	2.6666667	4.0	4.0	4.0	4.0	82.0	4.0	3.0	2.0	3.0	4.0	4.0	3.0	0.0	0.0	0.0	1.0	1.0	1.0	1.0	0.0	1.0	0.0	1.0	1.0		0.0	0.0	4.0	1.0	4.0	1.0	4.0	1.0	1.0	0.0	2.0	0.0	4.0	1.0	3.0	0.0	4.0	1.0	2.0	0.0	3.25	0.625	3.0	0.0	2.0	0.0	2.0	0.0	2.0	0.0	3.0	0.0	3.0	0.0	3.0	0.0	1.0	4.0	1.0	4.0	1.0	4.0	1.0	1.0	0.0	1.0	0.0	3.0	0.0	2.0	0.0	3.0	0.0	3.0	0.0	2.75	0.0	0.0	0.0	0.0	-1.0	-1.0	-1.0	-1.0	1.0	-0.5	0.0	0.0	0.0	0.0	0.0	-1.0	0.0	-1.0	0.0	-0.25	4.0	1.0	1.0	1.0	1.0
3	1	4	2	80	4	5	4	1.0	1.0	1.0	0.0	1.0	1.0	0.0	0.0	2.0	1.0	2.0	1.6666666	1.0	3.0	1.0	1.6666666	21.0	3.0	4.0	3.0	3.3333333	3.0	4.0	4.0	0.0	1.0	1.0	1.0	2.0	0.0	0.0	0.0	0.0	1.0		0.0	0.0		1.0	5.0	1.0	5.0	1.0	5.0	1.0	3.0	0.0	3.0	0.0	4.0	1.0	3.0	0.0	4.0	1.0	4.0	1.0	4.0	0.625	4.0	1.0	3.0	0.0	4.0	1.0	4.0	1.0	3.0	0.0	5.0	1.0	4.0	1.0	1.0	5.0	1.0	5.0	1.0	5.0	1.0	4.0	1.0	3.0	0.0	5.0	1.0	3.0	0.0	5.0	1.0	5.0	1.0	4.375	0.0	0.0	0.0	1.0	0.0	1.0	0.0	1.0	1.0	0.375	0.0	0.0	0.0	1.0	0.0	0.0	0.0	0.0	0.0	0.125			0.0	1.0	0.0
1	4	3	2	74	17	5	3	1.0	1.0	1.0	0.0	2.0	1.0	0.0	0.0	2.0	1.0	1.0	1.3333334	3.0	3.0	3.0	3.0	10.0	3.0	2.0	3.0	2.6666667	3.0	2.0	3.0	0.0	1.0	1.0	1.0	2.0	1.0	1.0	0.0	1.0	0.0	1.0	1.0		1.0	1.0	4.0	1.0	4.0	1.0	3.0	0.0	3.0	0.0	3.0	0.0	3.0	0.0	3.0	0.0	3.0	0.0	3.0	0.0	3.25	0.25	3.0	0.0	3.0	0.0	3.0	0.0	3.0	0.0	3.0	0.0	3.0	0.0	3.0	0.0	0.0	4.0	1.0	4.0	1.0	3.0	0.0	3.0	0.0	2.0	0.0	3.0	0.0	3.0	0.0	3.0	0.0	3.0	0.0	3.125	0.0	0.0	0.0	0.0	-1.0	0.0	0.0	0.0	0.0	-0.125	0.0	0.0	0.0	0.0	0.0	0.0	0.0	0.0	0.0	0.0			1.0	1.0	1.0
1	3	4	2	69	6	4	4	1.0	1.0	1.0	0.0	2.0	1.0	0.0	0.0	1.0	1.0	1.0	1.0	1.0	4.0	1.0	2.0	54.0	3.0	1.0	2.0	2.0	5.0	5.0	5.0	0.0	1.0	1.0	1.0	2.0	1.0	1.0	0.0	1.0	0.0	1.0	1.0		0.0	0.0	5.0	1.0	5.0	1.0	3.0	0.0	3.0	0.0	2.0	0.0	5.0	1.0	4.0	1.0	5.0	1.0	4.0	1.0	4.0	0.625	3.0	0.0	2.0	0.0	5.0	1.0	5.0	1.0	2.0	0.0	5.0	1.0	4.0	1.0	0.0	3.0	0.0	5.0	1.0	3.0	0.0	2.0	0.0	3.0	0.0	5.0	1.0	5.0	1.0	5.0	1.0	4.0	1.0	3.875	-2.0	0.0	0.0	-1.0	1.0	0.0	1.0	0.0	0.0	-0.125	-1.0	0.0	0.0	0.0	0.0	0.0	0.0	0.0	0.0	-0.125	5.0	1.0	1.0	1.0	1.0
3	2	4	1	71	4	2	2	1.0	1.0	1.0	0.0	1.0	1.0	0.0	0.0	1.0	1.0	1.0	1.0	1.0	2.0	1.0	1.3333334	0.0	3.0	2.0	3.0	2.6666667	3.0	4.0	4.0	0.0	1.0	1.0	1.0	2.0	1.0	0.0	0.0	0.0	1.0		0.0	0.0		1.0	5.0	1.0	5.0	1.0	4.0	1.0	1.0	0.0	2.0	0.0	4.0	1.0	4.0	1.0	5.0	1.0	4.0	1.0	3.75	0.75	2.0	0.0	3.0	0.0	5.0	1.0	1.0	0.0	5.0	1.0	5.0	1.0	5.0	1.0	1.0	5.0	1.0	5.0	1.0	5.0	1.0	3.0	0.0	3.0	0.0	4.0	1.0	4.0	1.0	5.0	1.0	3.0	0.0	4.25	0.0	0.0	1.0	2.0	1.0	0.0	0.0	0.0	-1.0	0.5	0.0	0.0	0.0	0.0	0.0	0.0	0.0	0.0	-1.0	0.0			0.0	0.0	0.0
1	2	4	3	52	4	2	3	0.0	0.0	1.0	0.0	7.0	0.0	1.0	0.0	1.0	2.0	1.0	1.3333334	3.0	5.0	3.0	3.6666667	1.0	3.0	3.0	3.0	3.0	5.0	4.0	4.0	1.0	0.0	1.0	1.0	2.0	1.0	1.0	0.0	1.0	0.0	1.0	1.0		0.0	0.0	3.0	0.0	3.0	0.0	3.0	0.0	3.0	0.0	3.0	0.0	3.0	0.0	3.0	0.0	3.0	0.0	3.0	0.0	3.0	0.0	3.0	0.0	3.0	0.0	3.0	0.0	3.0	0.0	3.0	0.0	3.0	0.0	3.0	0.0	0.0	3.0	0.0	3.0	0.0	3.0	0.0	3.0	0.0	3.0	0.0	3.0	0.0	3.0	0.0	3.0	0.0	3.0	0.0	3.0	0.0	0.0	0.0	0.0	0.0	0.0	0.0	0.0	0.0	0.0	0.0	0.0	0.0	0.0	0.0	0.0	0.0	0.0	0.0	0.0	3.0	0.0	1.0	0.0	1.0
3	2	4	1	68	9	4	2	1.0	0.0	1.0	0.0	8.0	0.0	1.0	0.0	4.0	3.0	1.0	2.6666667	3.0	5.0	5.0	4.3333335	54.0	4.0	2.0	3.0	3.0	4.0	4.0	5.0	1.0	0.0	1.0	1.0	2.0	1.0	0.0	0.0	0.0	1.0		0.0	0.0		1.0	4.0	1.0	5.0	1.0	5.0	1.0	3.0	0.0	4.0	1.0	5.0	1.0	4.0	1.0	5.0	1.0	5.0	1.0	4.375	0.875	3.0	0.0	2.0	0.0	4.0	1.0	2.0	0.0	1.0	0.0	5.0	1.0	5.0	1.0	1.0	4.0	1.0	5.0	1.0	5.0	1.0	4.0	1.0	4.0	1.0	5.0	1.0	4.0	1.0	5.0	1.0	5.0	1.0	4.5	0.0	0.0	0.0	1.0	0.0	0.0	0.0	0.0	0.0	0.125	0.0	0.0	0.0	1.0	0.0	0.0	0.0	0.0	0.0	0.125			0.0	1.0	0.0
3	2	4	1	64	6	6	2	0.0	1.0	1.0	0.0	8.0	0.0	1.0	0.0	3.0	3.0	1.0	2.3333333	2.0	4.0	2.0	2.6666667	22.0	3.0	4.0	4.0	3.6666667	2.0	4.0	2.0	1.0	0.0	1.0	0.0	1.0	0.0	0.0	1.0	1.0	0.0	0.0		1.0	0.0	0.0	4.0	1.0	4.0	1.0	4.0	1.0	1.0	0.0	3.0	0.0	4.0	1.0	3.0	0.0	3.0	0.0	3.0	0.0	3.25	0.5	1.0	0.0	3.0	0.0	4.0	1.0	3.0	0.0	2.0	0.0	4.0	1.0	3.0	0.0	0.0	3.0	0.0	4.0	1.0	4.0	1.0	1.0	0.0	2.0	0.0	4.0	1.0	3.0	0.0	3.0	0.0	3.0	0.0	3.0	-1.0	0.0	0.0	0.0	-1.0	0.0	0.0	0.0	0.0	-0.25	-1.0	0.0	0.0	0.0	0.0	0.0	0.0	0.0	0.0	-0.125	3.0	0.0	0.0	1.0	0.0
2	4	3	1	55	13	2	3	0.0	1.0	0.0	0.0	1.0	1.0	0.0	0.0	2.0	4.0	2.0	2.6666667	4.0	4.0	3.0	3.6666667	0.0	3.0	3.0	3.0	3.0	4.0	2.0	1.0	0.0	1.0	1.0	1.0	2.0	0.0	0.0	1.0	1.0	0.0	0.0		1.0	0.0	0.0	4.0	1.0	4.0	1.0	3.0	0.0	3.0	0.0	3.0	0.0	3.0	0.0	3.0	0.0	3.0	0.0	3.0	0.0	3.25	0.25	4.0	1.0	3.0	0.0	3.0	0.0	3.0	0.0	3.0	0.0	4.0	1.0	4.0	1.0	0.0	4.0	1.0	4.0	1.0	3.0	0.0	3.0	0.0	3.0	0.0	3.0	0.0	3.0	0.0	3.0	0.0	3.0	0.0	3.25	0.0	0.0	0.0	0.0	0.0	0.0	0.0	0.0	0.0	0.0	0.0	0.0	0.0	0.0	0.0	0.0	0.0	0.0	0.0	0.0	4.0	1.0	0.0	0.0	1.0
3	1	4	2	79	19	6	3	1.0	1.0	1.0	0.0	1.0	1.0	0.0	0.0	3.0	3.0	3.0	3.0	3.0	1.0	1.0	1.6666666	-1.0	3.0	4.0	2.0	3.0	3.0	3.0	4.0	0.0	1.0	1.0	1.0	2.0	0.0	0.0	0.0	0.0	1.0		0.0	0.0		1.0	5.0	1.0	5.0	1.0	3.0	0.0	3.0	0.0	1.0	0.0	3.0	0.0	3.0	0.0	4.0	1.0	3.0	0.0	3.375	0.375	3.0	0.0	3.0	0.0	3.0	0.0	3.0	0.0	3.0	0.0	4.0	1.0	5.0	1.0	0.0	5.0	1.0	5.0	1.0	3.0	0.0	3.0	0.0	1.0	0.0	4.0	1.0	4.0	1.0	4.0	1.0	3.0	0.0	3.625	0.0	0.0	0.0	0.0	0.0	1.0	1.0	0.0	0.0	0.25	0.0	0.0	0.0	0.0	0.0	1.0	1.0	0.0	0.0	0.25			0.0	0.0	0.0
2	3	4	1	49	8	6	2	0.0	0.0	1.0	0.0	2.0	1.0	0.0	0.0	2.0	2.0	2.0	2.0	4.0	4.0	2.0	3.3333333	0.0	4.0	4.0	3.0	3.6666667	4.0	4.0	4.0	0.0	1.0	1.0	1.0	2.0	0.0	1.0	0.0	1.0	0.0	1.0	1.0		0.0	0.0	4.0	1.0	4.0	1.0	3.0	0.0	3.0	0.0	1.0	0.0	4.0	1.0	3.0	0.0	5.0	1.0	3.0	0.0	3.375	0.5	4.0	1.0	3.0	0.0	3.0	0.0	4.0	1.0	3.0	0.0	5.0	1.0	4.0	1.0	0.0	2.0	0.0	5.0	1.0	3.0	0.0	2.0	0.0	1.0	0.0	4.0	1.0	3.0	0.0	5.0	1.0	3.0	0.0	3.125	-2.0	1.0	0.0	-1.0	0.0	0.0	0.0	0.0	0.0	-0.25	-1.0	0.0	0.0	0.0	0.0	0.0	0.0	0.0	0.0	-0.125	4.0	1.0	0.0	0.0	1.0
3	1	4	2	65	10	6	1	0.0	1.0	1.0	0.0	1.0	1.0	0.0	0.0	2.0	2.0	2.0	2.0	3.0	2.0	2.0	2.3333333	-4.0	1.0	3.0	2.0	2.0	4.0	2.0	4.0	0.0	1.0	1.0	1.0	2.0	1.0	0.0	0.0	0.0	1.0		0.0	0.0		1.0	4.0	1.0	4.0	1.0	4.0	1.0	4.0	1.0	3.0	0.0	5.0	1.0	3.0	0.0	4.0	1.0	4.0	1.0	3.875	0.75	3.0	0.0	4.0	1.0	4.0	1.0	3.0	0.0	3.0	0.0	4.0	1.0	5.0	1.0	1.0	5.0	1.0	5.0	1.0	5.0	1.0	5.0	1.0	5.0	1.0	5.0	1.0	5.0	1.0	5.0	1.0	5.0	1.0	5.0	1.0	1.0	1.0	1.0	2.0	0.0	2.0	1.0	1.0	1.125	0.0	0.0	0.0	0.0	1.0	0.0	1.0	0.0	0.0	0.25			0.0	0.0	0.0
1	2	4	3	69	16	6	4	1.0	1.0	1.0	0.0	1.0	1.0	0.0	0.0	1.0	1.0	1.0	1.0	3.0	1.0	4.0	2.6666667	-35.0	2.0	3.0	1.0	2.0	5.0	5.0	5.0	0.0	1.0	0.0	0.0	0.0	0.0	0.0	1.0	1.0	0.0	0.0		1.0	0.0	0.0	5.0	1.0	5.0	1.0	5.0	1.0	2.0	0.0	4.0	1.0	5.0	1.0	5.0	1.0	5.0	1.0	5.0	1.0	4.5	0.875	4.0	1.0	2.0	0.0	5.0	1.0	5.0	1.0	5.0	1.0	5.0	1.0	5.0	1.0	1.0	3.0	0.0	4.0	1.0	5.0	1.0	1.0	0.0	5.0	1.0	5.0	1.0	5.0	1.0	5.0	1.0	5.0	1.0	4.125	-2.0	-1.0	0.0	-1.0	1.0	0.0	0.0	0.0	0.0	-0.375	-1.0	0.0	0.0	0.0	0.0	0.0	0.0	0.0	0.0	-0.125	5.0	1.0	1.0	0.0	1.0
1	2	4	3	62	1	2	3	0.0	1.0	1.0	0.0	4.0	0.0	0.0	1.0	1.0	1.0	1.0	1.0	5.0	5.0	4.0	4.6666665	8.0	2.0	2.0	3.0	2.3333333	4.0	3.0	4.0	0.0	0.0	1.0	0.0	1.0	1.0	0.0	1.0	1.0	0.0	0.0		1.0	1.0	1.0	5.0	1.0	5.0	1.0	3.0	0.0	3.0	0.0	3.0	0.0	5.0	1.0	5.0	1.0	5.0	1.0	5.0	1.0	4.25	0.625	3.0	0.0	3.0	0.0	5.0	1.0	4.0	1.0	3.0	0.0	5.0	1.0	5.0	1.0	0.0	5.0	1.0	5.0	1.0	3.0	0.0	4.0	1.0	3.0	0.0	5.0	1.0	5.0	1.0	5.0	1.0	4.0	1.0	4.375	0.0	0.0	0.0	1.0	0.0	0.0	0.0	0.0	-1.0	0.125	0.0	0.0	0.0	1.0	0.0	0.0	0.0	0.0	0.0	0.125			1.0	1.0	1.0
1	2	3	4	67	21	4	4	1.0	1.0	1.0	0.0	3.0	0.0	0.0	1.0	1.0	2.0	1.0	1.3333334	2.0	4.0	1.0	2.3333333	4.0	4.0	4.0	5.0	4.3333335	5.0	4.0	4.0	0.0	1.0	0.0	1.0	1.0	1.0	0.0	1.0	1.0	0.0	0.0		1.0	1.0	1.0	4.0	1.0	4.0	1.0	3.0	0.0	1.0	0.0	4.0	1.0	4.0	1.0	4.0	1.0	4.0	1.0	4.0	1.0	3.5	0.75	5.0	1.0	4.0	1.0	4.0	1.0	3.0	0.0	4.0	1.0	4.0	1.0	5.0	1.0	0.0	4.0	1.0	4.0	1.0	3.0	0.0	1.0	0.0	4.0	1.0	4.0	1.0	4.0	1.0	4.0	1.0	4.0	1.0	3.5	0.0	0.0	0.0	0.0	0.0	0.0	0.0	0.0	0.0	0.0	0.0	0.0	0.0	0.0	0.0	0.0	0.0	0.0	0.0	0.0			1.0	1.0	1.0
1	3	4	2	72	14	2	1	1.0	1.0	1.0	0.0	1.0	1.0	0.0	0.0	1.0	2.0	1.0	1.3333334	3.0	5.0	3.0	3.6666667	-1.0	3.0	3.0	2.0	2.6666667	4.0	5.0	5.0	0.0	1.0	0.0	1.0	1.0	0.0	1.0	0.0	1.0	0.0	1.0	1.0		0.0	0.0	5.0	1.0	5.0	1.0	4.0	1.0	2.0	0.0	3.0	0.0	4.0	1.0	5.0	1.0	5.0	1.0	4.0	1.0	4.125	0.75	2.0	0.0	2.0	0.0	4.0	1.0	5.0	1.0	5.0	1.0	5.0	1.0	5.0	1.0	1.0	5.0	1.0	5.0	1.0	5.0	1.0	3.0	0.0	3.0	0.0	4.0	1.0	4.0	1.0	5.0	1.0	4.0	1.0	4.25	0.0	0.0	1.0	1.0	0.0	0.0	-1.0	0.0	0.0	0.125	0.0	0.0	0.0	0.0	0.0	0.0	0.0	0.0	0.0	0.0	5.0	1.0	1.0	0.0	1.0
3	2	4	1	62	5	4	2	0.0	0.0	0.0	1.0	1.0	1.0	0.0	0.0	2.0	1.0	1.0	1.3333334	5.0	5.0	1.0	3.6666667	0.0	5.0	4.0	4.0	4.3333335	5.0	5.0	5.0	0.0	1.0	0.0	0.0	0.0	1.0	0.0	1.0	1.0	0.0	0.0		1.0	0.0	0.0	5.0	1.0	5.0	1.0	5.0	1.0	3.0	0.0	5.0	1.0	5.0	1.0	5.0	1.0	5.0	1.0	5.0	1.0	4.75	0.875	5.0	1.0	5.0	1.0	5.0	1.0	4.0	1.0	4.0	1.0	5.0	1.0	5.0	1.0	0.0	5.0	1.0	5.0	1.0	5.0	1.0	2.0	0.0	5.0	1.0	5.0	1.0	5.0	1.0	5.0	1.0	5.0	1.0	4.625	0.0	0.0	0.0	-1.0	0.0	0.0	0.0	0.0	0.0	-0.125	0.0	0.0	0.0	0.0	0.0	0.0	0.0	0.0	0.0	0.0	5.0	1.0	0.0	0.0	0.0
4	2	1	3	65	7	5	4	0.0	1.0	1.0	0.0	1.0	1.0	0.0	0.0	4.0	4.0	4.0	4.0	4.0	4.0	2.0	3.3333333	-29.0	4.0	4.0	2.0	3.3333333	4.0	4.0	4.0	0.0	1.0	0.0	0.0	0.0	0.0	0.0	0.0	0.0	1.0		0.0	0.0		1.0	4.0	1.0	4.0	1.0	4.0	1.0	4.0	1.0	4.0	1.0	2.0	0.0	2.0	0.0	2.0	0.0	4.0	1.0	3.25	0.625	3.0	0.0	3.0	0.0	2.0	0.0	4.0	1.0	4.0	1.0	4.0	1.0	4.0	1.0	0.0	2.0	0.0	2.0	0.0	2.0	0.0	4.0	1.0	2.0	0.0	2.0	0.0	2.0	0.0	2.0	0.0	4.0	1.0	2.25	-2.0	-2.0	-2.0	0.0	-2.0	0.0	0.0	0.0	0.0	-1.0	-1.0	-1.0	-1.0	0.0	-1.0	0.0	0.0	0.0	0.0	-0.5			0.0	0.0	0.0
2	3	4	1	70	5	6	2	1.0	1.0	1.0	0.0	1.0	1.0	0.0	0.0	1.0	1.0	2.0	1.3333334	3.0	3.0	4.0	3.3333333	29.0	3.0	3.0	2.0	2.6666667	4.0	3.0	4.0	0.0	1.0	1.0	1.0	2.0	0.0	1.0	0.0	1.0	0.0	1.0	1.0		0.0	0.0	4.0	1.0	5.0	1.0	4.0	1.0	3.0	0.0	1.0	0.0	3.0	0.0	4.0	1.0	4.0	1.0	2.0	0.0	3.5	0.625	3.0	0.0	3.0	0.0	3.0	0.0	4.0	1.0	3.0	0.0	4.0	1.0	4.0	1.0	1.0	4.0	1.0	5.0	1.0	4.0	1.0	2.0	0.0	1.0	0.0	3.0	0.0	2.0	0.0	2.0	0.0	3.0	0.0	2.875	0.0	0.0	0.0	-1.0	0.0	0.0	-2.0	-2.0	1.0	-0.625	0.0	0.0	0.0	0.0	0.0	0.0	-1.0	-1.0	0.0	-0.25	4.0	1.0	0.0	1.0	1.0
3	2	4	1	72	1	2	3	1.0	1.0	1.0	0.0	8.0	0.0	1.0	0.0	4.0	4.0	2.0	3.3333333	4.0	5.0	5.0	4.6666665	100.0	5.0	4.0	4.0	4.3333335	1.0	2.0	5.0	1.0	0.0	1.0	1.0	2.0	0.0	0.0	0.0	0.0	1.0		0.0	0.0		1.0	3.0	0.0	3.0	0.0	2.0	0.0	1.0	0.0	1.0	0.0	3.0	0.0	3.0	0.0	3.0	0.0	1.0	0.0	2.375	0.0	2.0	0.0	2.0	0.0	1.0	0.0	5.0	1.0	2.0	0.0	3.0	0.0	4.0	1.0	0.0	3.0	0.0	3.0	0.0	2.0	0.0	1.0	0.0	1.0	0.0	4.0	1.0	1.0	0.0	2.0	0.0	1.0	0.0	2.125	0.0	0.0	0.0	0.0	0.0	1.0	-2.0	-1.0	0.0	-0.25	0.0	0.0	0.0	0.0	0.0	1.0	0.0	0.0	0.0	0.125			0.0	1.0	0.0
2	3	4	1	76	7	6	2	1.0	0.0	1.0	0.0	1.0	1.0	0.0	0.0	3.0	1.0	3.0	2.3333333	5.0	5.0	3.0	4.3333335	0.0	2.0	2.0	1.0	1.6666666	4.0	2.0	5.0	0.0	1.0	1.0	1.0	2.0	0.0	1.0	0.0	1.0	0.0	1.0	1.0		0.0	0.0	5.0	1.0	5.0	1.0	4.0	1.0	3.0	0.0	4.0	1.0	5.0	1.0	5.0	1.0	5.0	1.0	5.0	1.0	4.5	0.875	4.0	1.0	2.0	0.0	4.0	1.0	4.0	1.0	4.0	1.0	5.0	1.0	5.0	1.0	0.0	5.0	1.0	5.0	1.0	4.0	1.0	3.0	0.0	3.0	0.0	5.0	1.0	5.0	1.0	5.0	1.0	5.0	1.0	4.375	0.0	0.0	0.0	0.0	-1.0	0.0	0.0	0.0	0.0	-0.125	0.0	0.0	0.0	0.0	-1.0	0.0	0.0	0.0	0.0	-0.125	5.0	1.0	0.0	0.0	1.0
4	2	3	1	73	11	4	3	1.0	1.0	1.0	0.0	8.0	0.0	1.0	0.0	2.0	4.0	2.0	2.6666667	2.0	5.0	4.0	3.6666667	0.0	3.0	4.0	4.0	3.6666667	4.0	4.0	3.0	1.0	0.0	0.0	1.0	1.0	0.0	0.0	0.0	0.0	1.0		0.0	0.0		1.0	4.0	1.0	4.0	1.0	3.0	0.0	1.0	0.0	3.0	0.0	2.0	0.0	4.0	1.0	3.0	0.0	4.0	1.0	3.0	0.375	3.0	0.0	4.0	1.0	4.0	1.0	2.0	0.0	3.0	0.0	4.0	1.0	4.0	1.0	0.0	4.0	1.0	4.0	1.0	4.0	1.0	2.0	0.0	4.0	1.0	3.0	0.0	4.0	1.0	4.0	1.0	4.0	1.0	3.625	0.0	0.0	1.0	1.0	1.0	1.0	0.0	1.0	0.0	0.625	0.0	0.0	1.0	0.0	1.0	0.0	0.0	1.0	0.0	0.375			0.0	0.0	0.0
2	3	4	1	60	18	6	1	0.0	1.0	1.0	0.0	2.0	1.0	0.0	0.0	1.0	1.0	1.0	1.0	1.0	3.0	1.0	1.6666666	8.0	2.0	3.0	2.0	2.3333333	4.0	4.0	5.0	0.0	1.0	0.0	1.0	1.0	0.0	0.0	1.0	1.0	0.0	0.0		1.0	0.0	0.0	4.0	1.0	4.0	1.0	4.0	1.0	2.0	0.0	2.0	0.0	5.0	1.0	4.0	1.0	4.0	1.0	4.0	1.0	3.625	0.75	3.0	0.0	2.0	0.0	4.0	1.0	4.0	1.0	4.0	1.0	5.0	1.0	5.0	1.0	1.0	1.0	0.0	4.0	1.0	3.0	0.0	1.0	0.0	1.0	0.0	4.0	1.0	4.0	1.0	4.0	1.0	4.0	1.0	2.75	-3.0	0.0	-1.0	-1.0	-1.0	-1.0	0.0	0.0	0.0	-0.875	-1.0	0.0	-1.0	0.0	0.0	0.0	0.0	0.0	0.0	-0.25	5.0	1.0	0.0	1.0	1.0
2	3	4	1	69	6	7	3	1.0	1.0	1.0	0.0	1.0	1.0	0.0	0.0	2.0	5.0	1.0	2.6666667	3.0	2.0	1.0	2.0	49.0	4.0	2.0	3.0	3.0	4.0	3.0	4.0	0.0	1.0	0.0	0.0	0.0	1.0	1.0	0.0	1.0	0.0	1.0	1.0		0.0	0.0	4.0	1.0	4.0	1.0	4.0	1.0	2.0	0.0	3.0	0.0	4.0	1.0	4.0	1.0	3.0	0.0	2.0	0.0	3.5	0.625	4.0	1.0	3.0	0.0	4.0	1.0	4.0	1.0	3.0	0.0	4.0	1.0	4.0	1.0	0.0	4.0	1.0	4.0	1.0	3.0	0.0	2.0	0.0	3.0	0.0	3.0	0.0	3.0	0.0	4.0	1.0	3.0	0.0	3.25	0.0	0.0	-1.0	0.0	0.0	-1.0	-1.0	1.0	1.0	-0.25	0.0	0.0	-1.0	0.0	0.0	-1.0	-1.0	1.0	0.0	-0.25	4.0	1.0	0.0	1.0	1.0
4	2	3	1	82	10	6	4	1.0	0.0	1.0	0.0	8.0	0.0	1.0	0.0	4.0	2.0	2.0	2.6666667	2.0	3.0	4.0	3.0	99.0	5.0	5.0	5.0	5.0	2.0	2.0	5.0	1.0	0.0	0.0	1.0	1.0	1.0	1.0	0.0	1.0	0.0	1.0	1.0		0.0	0.0	1.0	0.0	4.0	1.0	1.0	0.0	1.0	0.0	1.0	0.0	1.0	0.0	1.0	0.0	2.0	0.0	2.0	0.0	1.5	0.125	3.0	0.0	2.0	0.0	1.0	0.0	4.0	1.0	2.0	0.0	4.0	1.0	5.0	1.0	0.0	1.0	0.0	4.0	1.0	1.0	0.0	1.0	0.0	1.0	0.0	1.0	0.0	1.0	0.0	1.0	0.0	1.0	0.0	1.375	0.0	0.0	0.0	0.0	0.0	0.0	0.0	-1.0	-1.0	-0.125	0.0	0.0	0.0	0.0	0.0	0.0	0.0	0.0	0.0	0.0	5.0	1.0	0.0	1.0	0.0
4	3	1	2	58	22	6	4	0.0	1.0	0.0	0.0	4.0	0.0	0.0	1.0	3.0	3.0	3.0	3.0	3.0	3.0	3.0	3.0	0.0	3.0	4.0	3.0	3.3333333	5.0	4.0	5.0	0.0	0.0	1.0	1.0	2.0	0.0	0.0	0.0	0.0	1.0		0.0	0.0		1.0	5.0	1.0	5.0	1.0	5.0	1.0	5.0	1.0	5.0	1.0	5.0	1.0	5.0	1.0	5.0	1.0	5.0	1.0	5.0	1.0	2.0	0.0	2.0	0.0	5.0	1.0	3.0	0.0	4.0	1.0	5.0	1.0	5.0	1.0	1.0	5.0	1.0	5.0	1.0	5.0	1.0	3.0	0.0	5.0	1.0	5.0	1.0	5.0	1.0	5.0	1.0	5.0	1.0	4.75	0.0	0.0	0.0	-2.0	0.0	0.0	0.0	0.0	0.0	-0.25	0.0	0.0	0.0	-1.0	0.0	0.0	0.0	0.0	0.0	-0.125			0.0	0.0	0.0
3	2	4	1	76	16	6	4	1.0	1.0	1.0	0.0	1.0	1.0	0.0	0.0	1.0	3.0	1.0	1.6666666	4.0	3.0	1.0	2.6666667	-1.0	4.0	2.0	2.0	2.6666667	4.0	4.0	5.0	0.0	1.0	1.0	1.0	2.0	1.0	0.0	1.0	1.0	0.0	0.0		1.0	0.0	0.0	5.0	1.0	5.0	1.0	2.0	0.0	2.0	0.0	1.0	0.0	4.0	1.0	5.0	1.0	3.0	0.0	3.0	0.0	3.375	0.5	2.0	0.0	3.0	0.0	4.0	1.0	2.0	0.0	3.0	0.0	4.0	1.0	5.0	1.0	1.0	4.0	1.0	5.0	1.0	4.0	1.0	1.0	0.0	1.0	0.0	4.0	1.0	5.0	1.0	4.0	1.0	3.0	0.0	3.5	-1.0	0.0	2.0	-1.0	0.0	0.0	0.0	1.0	0.0	0.125	0.0	0.0	1.0	0.0	0.0	0.0	0.0	1.0	0.0	0.25	5.0	1.0	0.0	0.0	0.0
3	2	1	4	66	19	6	4	1.0	0.0	0.0	0.0	8.0	0.0	1.0	0.0	2.0	1.0	3.0	2.0	4.0	4.0	4.0	4.0	100.0	5.0	4.0	3.0	4.0	1.0	5.0	5.0	0.0	0.0	1.0	1.0	2.0	0.0	0.0	0.0	0.0	1.0		0.0	0.0		1.0	5.0	1.0	5.0	1.0	5.0	1.0	2.0	0.0	1.0	0.0	2.0	0.0	2.0	0.0	4.0	1.0	3.0	0.0	3.25	0.5	2.0	0.0	4.0	1.0	3.0	0.0	5.0	1.0	2.0	0.0	4.0	1.0	4.0	1.0	0.0	4.0	1.0	5.0	1.0	5.0	1.0	2.0	0.0	2.0	0.0	1.0	0.0	1.0	0.0	5.0	1.0	3.0	0.0	3.125	-1.0	0.0	0.0	0.0	1.0	-1.0	-1.0	1.0	0.0	-0.125	0.0	0.0	0.0	0.0	0.0	0.0	0.0	0.0	0.0	0.0			0.0	1.0	0.0
3	2	4	1	69	20	5	1	1.0	1.0	0.0	1.0	1.0	1.0	0.0	0.0	2.0	2.0	2.0	2.0	4.0	5.0	5.0	4.6666665	0.0	4.0	4.0	3.0	3.6666667	4.0	3.0	5.0	0.0	1.0	1.0	1.0	2.0	0.0	0.0	1.0	1.0	0.0	0.0		1.0	0.0	0.0	4.0	1.0	4.0	1.0	4.0	1.0	3.0	0.0	3.0	0.0	4.0	1.0	4.0	1.0	4.0	1.0	4.0	1.0	3.75	0.75	4.0	1.0	2.0	0.0	3.0	0.0	4.0	1.0	4.0	1.0	4.0	1.0	4.0	1.0	0.0	4.0	1.0	4.0	1.0	4.0	1.0	3.0	0.0	3.0	0.0	4.0	1.0	4.0	1.0	4.0	1.0	3.0	0.0	3.75	0.0	0.0	0.0	0.0	0.0	0.0	0.0	0.0	-1.0	0.0	0.0	0.0	0.0	0.0	0.0	0.0	0.0	0.0	-1.0	0.0	4.0	1.0	0.0	0.0	0.0
4	1	3	2	75	6	2	2	1.0	1.0	1.0	0.0	1.0	1.0	0.0	0.0	1.0	1.0	1.0	1.0	4.0	5.0	3.0	4.0	0.0	3.0	4.0	2.0	3.0	3.0	5.0	4.0	0.0	1.0	0.0	0.0	0.0	0.0	0.0	0.0	0.0	1.0		0.0	0.0		1.0	5.0	1.0	5.0	1.0	4.0	1.0	3.0	0.0	4.0	1.0	5.0	1.0	5.0	1.0	5.0	1.0	4.0	1.0	4.5	0.875	4.0	1.0	4.0	1.0	5.0	1.0	5.0	1.0	3.0	0.0	5.0	1.0	4.0	1.0	0.0	5.0	1.0	5.0	1.0	3.0	0.0	3.0	0.0	4.0	1.0	5.0	1.0	5.0	1.0	3.0	0.0	4.0	1.0	4.125	0.0	0.0	-1.0	0.0	0.0	0.0	0.0	-2.0	0.0	-0.375	0.0	0.0	-1.0	0.0	0.0	0.0	0.0	-1.0	0.0	-0.25			0.0	0.0	0.0
4	2	3	1	59	20	6	2	0.0	0.0	1.0	0.0	8.0	0.0	1.0	0.0	3.0	3.0	3.0	3.0	3.0	3.0	3.0	3.0	50.0	4.0	4.0	2.0	3.3333333	3.0	4.0	4.0	1.0	0.0	1.0	1.0	2.0	1.0	0.0	0.0	0.0	1.0		0.0	0.0		1.0	3.0	0.0	3.0	0.0	3.0	0.0	3.0	0.0	3.0	0.0	3.0	0.0	3.0	0.0	3.0	0.0	3.0	0.0	3.0	0.0	3.0	0.0	3.0	0.0	3.0	0.0	3.0	0.0	3.0	0.0	3.0	0.0	3.0	0.0	0.0	3.0	0.0	3.0	0.0	3.0	0.0	3.0	0.0	3.0	0.0	3.0	0.0	3.0	0.0	3.0	0.0	3.0	0.0	3.0	0.0	0.0	0.0	0.0	0.0	0.0	0.0	0.0	0.0	0.0	0.0	0.0	0.0	0.0	0.0	0.0	0.0	0.0	0.0	0.0			0.0	1.0	0.0
2	4	3	1	62	19	5	4	0.0	1.0	1.0	0.0	8.0	0.0	1.0	0.0	4.0	4.0	4.0	4.0	4.0	5.0	3.0	4.0	100.0	2.0	4.0	4.0	3.3333333	1.0	1.0	5.0	1.0	0.0	1.0	1.0	2.0	1.0	0.0	1.0	1.0	0.0	0.0		1.0	0.0	0.0	3.0	0.0	3.0	0.0	1.0	0.0	1.0	0.0	1.0	0.0	1.0	0.0	1.0	0.0	3.0	0.0	1.0	0.0	1.75	0.0	2.0	0.0	1.0	0.0	1.0	0.0	5.0	1.0	1.0	0.0	5.0	1.0	4.0	1.0	0.0	3.0	0.0	3.0	0.0	1.0	0.0	1.0	0.0	1.0	0.0	1.0	0.0	1.0	0.0	3.0	0.0	1.0	0.0	1.75	0.0	0.0	0.0	0.0	0.0	0.0	0.0	0.0	0.0	0.0	0.0	0.0	0.0	0.0	0.0	0.0	0.0	0.0	0.0	0.0	5.0	1.0	0.0	1.0	1.0
1	3	4	2	62	2	4	4	0.0	1.0	1.0	0.0	1.0	1.0	0.0	0.0	1.0	1.0	1.0	1.0	4.0	3.0	1.0	2.6666667	19.0	2.0	4.0	4.0	3.3333333	2.0	4.0	4.0	0.0	1.0	1.0	1.0	2.0	0.0	0.0	1.0	1.0	0.0	0.0		1.0	1.0	1.0	4.0	1.0	4.0	1.0	4.0	1.0	2.0	0.0	2.0	0.0	4.0	1.0	4.0	1.0	4.0	1.0	2.0	0.0	3.5	0.75	1.0	0.0	4.0	1.0	4.0	1.0	4.0	1.0	4.0	1.0	4.0	1.0	4.0	1.0	0.0	4.0	1.0	4.0	1.0	4.0	1.0	2.0	0.0	2.0	0.0	4.0	1.0	4.0	1.0	4.0	1.0	2.0	0.0	3.5	0.0	0.0	0.0	0.0	0.0	0.0	0.0	0.0	0.0	0.0	0.0	0.0	0.0	0.0	0.0	0.0	0.0	0.0	0.0	0.0			1.0	1.0	1.0
2	3	4	1	60	9	3	1	0.0	1.0	1.0	0.0	1.0	1.0	0.0	0.0	1.0	1.0	1.0	1.0	3.0	4.0	2.0	3.0	0.0	3.0	4.0	2.0	3.0	3.0	4.0	3.0	0.0	1.0	0.0	1.0	1.0	0.0	1.0	0.0	1.0	0.0	1.0	1.0		1.0	1.0	5.0	1.0	5.0	1.0	4.0	1.0	4.0	1.0	4.0	1.0	4.0	1.0	2.0	0.0	5.0	1.0	5.0	1.0	4.125	0.875	4.0	1.0	3.0	0.0	4.0	1.0	4.0	1.0	4.0	1.0	5.0	1.0	5.0	1.0	1.0	5.0	1.0	5.0	1.0	4.0	1.0	3.0	0.0	3.0	0.0	5.0	1.0	3.0	0.0	5.0	1.0	5.0	1.0	4.125	0.0	0.0	0.0	-1.0	-1.0	1.0	1.0	0.0	0.0	0.0	0.0	0.0	0.0	-1.0	-1.0	0.0	0.0	0.0	0.0	-0.25			0.0	0.0	1.0
3	2	4	1	82	9	4	1	1.0	1.0	1.0	0.0	1.0	1.0	0.0	0.0	1.0	1.0	1.0	1.0	1.0	1.0	1.0	1.0	2.0	1.0	1.0	1.0	1.0	1.0	1.0	4.0	0.0	1.0	0.0	1.0	1.0	0.0	1.0	0.0	1.0	0.0	1.0	1.0		0.0	0.0	2.0	0.0	5.0	1.0	3.0	0.0	1.0	0.0	1.0	0.0	4.0	1.0	4.0	1.0	4.0	1.0	5.0	1.0	3.0	0.5	2.0	0.0	2.0	0.0	1.0	0.0	4.0	1.0	1.0	0.0	5.0	1.0	4.0	1.0	0.0	5.0	1.0	5.0	1.0	3.0	0.0	1.0	0.0	1.0	0.0	5.0	1.0	5.0	1.0	5.0	1.0	3.0	0.0	3.75	3.0	0.0	0.0	0.0	0.0	1.0	1.0	1.0	-2.0	0.75	1.0	0.0	0.0	0.0	0.0	0.0	0.0	0.0	-1.0	0.125	5.0	1.0	0.0	1.0	0.0
4	2	3	1	47	7	5	3	0.0	1.0	1.0	0.0	4.0	0.0	0.0	1.0	1.0	3.0	3.0	2.3333333	4.0	5.0	5.0	4.6666665	95.0	3.0	4.0	1.0	2.6666667	4.0	4.0	3.0	0.0	0.0	0.0	1.0	1.0	0.0	0.0	0.0	0.0	1.0		0.0	0.0		1.0	4.0	1.0	5.0	1.0	3.0	0.0	4.0	1.0	2.0	0.0	3.0	0.0	4.0	1.0	5.0	1.0	4.0	1.0	3.75	0.625	3.0	0.0	1.0	0.0	5.0	1.0	3.0	0.0	5.0	1.0	4.0	1.0	5.0	1.0	0.0	5.0	1.0	5.0	1.0	3.0	0.0	4.0	1.0	3.0	0.0	4.0	1.0	4.0	1.0	5.0	1.0	4.0	1.0	4.125	1.0	0.0	0.0	0.0	1.0	1.0	0.0	0.0	0.0	0.375	0.0	0.0	0.0	0.0	0.0	1.0	0.0	0.0	0.0	0.125			0.0	1.0	0.0
1	3	4	2	55	1	5	3	0.0	1.0	0.0	1.0	1.0	1.0	0.0	0.0	4.0	3.0	3.0	3.3333333	3.0	4.0	2.0	3.0	-45.0	2.0	3.0	2.0	2.3333333	2.0	2.0	5.0	0.0	1.0	1.0	0.0	1.0	1.0	0.0	0.0	0.0	1.0		0.0	0.0		1.0	4.0	1.0	4.0	1.0	1.0	0.0	1.0	0.0	1.0	0.0	4.0	1.0	3.0	0.0	4.0	1.0	3.0	0.0	2.75	0.5	4.0	1.0	3.0	0.0	1.0	0.0	2.0	0.0	2.0	0.0	3.0	0.0	3.0	0.0	0.0	5.0	1.0	5.0	1.0	3.0	0.0	1.0	0.0	1.0	0.0	4.0	1.0	4.0	1.0	3.0	0.0	3.0	0.0	3.25	1.0	1.0	2.0	0.0	0.0	0.0	1.0	-1.0	0.0	0.5	0.0	0.0	0.0	0.0	0.0	0.0	1.0	-1.0	0.0	0.0			1.0	0.0	1.0
4	3	2	1	50	9	4	2	0.0	0.0	1.0	0.0	8.0	0.0	1.0	0.0	4.0	1.0	3.0	2.6666667	3.0	4.0	1.0	2.6666667	3.0	2.0	4.0	2.0	2.6666667	2.0	1.0	4.0	1.0	0.0	0.0	0.0	0.0	0.0	0.0	0.0	0.0	1.0		0.0	0.0		1.0	4.0	1.0	4.0	1.0	4.0	1.0	2.0	0.0	3.0	0.0	4.0	1.0	4.0	1.0	3.0	0.0	3.0	0.0	3.5	0.625	3.0	0.0	4.0	1.0	4.0	1.0	5.0	1.0	4.0	1.0	2.0	0.0	4.0	1.0	0.0	4.0	1.0	3.0	0.0	2.0	0.0	2.0	0.0	5.0	1.0	1.0	0.0	2.0	0.0	4.0	1.0	3.0	0.0	2.875	0.0	-1.0	-2.0	0.0	2.0	-3.0	-2.0	1.0	0.0	-0.625	0.0	-1.0	-1.0	0.0	1.0	-1.0	-1.0	1.0	0.0	-0.25			0.0	1.0	0.0
3	1	4	2	46	19	7	1	0.0	1.0	1.0	0.0	1.0	1.0	0.0	0.0	1.0	1.0	1.0	1.0	1.0	3.0	1.0	1.6666666	45.0	2.0	4.0	3.0	3.0	3.0	3.0	4.0	0.0	1.0	0.0	1.0	1.0	0.0	0.0	1.0	1.0	0.0	0.0		1.0	1.0	1.0	3.0	0.0	3.0	0.0	3.0	0.0	3.0	0.0	2.0	0.0	4.0	1.0	4.0	1.0	4.0	1.0	4.0	1.0	3.25	0.375	4.0	1.0	3.0	0.0	4.0	1.0	4.0	1.0	4.0	1.0	4.0	1.0	4.0	1.0	1.0	4.0	1.0	4.0	1.0	4.0	1.0	3.0	0.0	4.0	1.0	4.0	1.0	4.0	1.0	4.0	1.0	4.0	1.0	3.875	1.0	1.0	1.0	0.0	2.0	0.0	0.0	0.0	0.0	0.625	1.0	1.0	1.0	0.0	1.0	0.0	0.0	0.0	0.0	0.5			0.0	1.0	0.0
3	2	4	1	50	3	2	4	0.0	1.0	1.0	0.0	3.0	0.0	0.0	1.0	1.0	5.0	1.0	2.3333333	3.0	5.0	1.0	3.0	79.0	1.0	1.0	1.0	1.0	5.0	1.0	4.0	0.0	1.0	0.0	0.0	0.0	0.0	1.0	0.0	1.0	0.0	1.0	1.0		0.0	0.0	1.0	0.0	1.0	0.0	1.0	0.0	1.0	0.0	1.0	0.0	5.0	1.0	5.0	1.0	1.0	0.0	1.0	0.0	2.0	0.25	3.0	0.0	2.0	0.0	3.0	0.0	1.0	0.0	3.0	0.0	5.0	1.0	5.0	1.0	0.0	5.0	1.0	5.0	1.0	5.0	1.0	5.0	1.0	5.0	1.0	5.0	1.0	5.0	1.0	5.0	1.0	5.0	1.0	5.0	4.0	4.0	4.0	4.0	4.0	0.0	0.0	4.0	4.0	3.0	1.0	1.0	1.0	1.0	1.0	0.0	0.0	1.0	1.0	0.75	5.0	1.0	0.0	1.0	0.0
1	2	4	3	56	3	2	3	0.0	1.0	1.0	0.0	7.0	0.0	1.0	0.0	2.0	3.0	2.0	2.3333333	4.0	4.0	3.0	3.6666667	58.0	3.0	4.0	2.0	3.0	5.0	2.0	3.0	0.0	0.0	0.0	1.0	1.0	1.0	1.0	0.0	1.0	0.0	1.0	1.0		0.0	0.0	3.0	0.0	4.0	1.0	1.0	0.0	1.0	0.0	1.0	0.0	1.0	0.0	1.0	0.0	3.0	0.0	1.0	0.0	1.875	0.125	4.0	1.0	4.0	1.0	1.0	0.0	3.0	0.0	1.0	0.0	4.0	1.0	3.0	0.0	0.0	4.0	1.0	4.0	1.0	1.0	0.0	1.0	0.0	1.0	0.0	1.0	0.0	1.0	0.0	4.0	1.0	1.0	0.0	2.125	1.0	0.0	0.0	0.0	0.0	0.0	0.0	1.0	0.0	0.25	1.0	0.0	0.0	0.0	0.0	0.0	0.0	1.0	0.0	0.25	5.0	1.0	1.0	1.0	1.0
2	1	4	3	64	6	2	2	0.0	1.0	1.0	0.0	8.0	0.0	1.0	0.0	2.0	3.0	2.0	2.3333333	3.0	4.0	3.0	3.3333333	73.0	4.0	4.0	4.0	4.0	3.0	3.0	5.0	1.0	0.0	1.0	1.0	2.0	1.0	0.0	0.0	0.0	1.0		0.0	0.0		1.0	4.0	1.0	4.0	1.0	3.0	0.0	2.0	0.0	3.0	0.0	3.0	0.0	4.0	1.0	4.0	1.0	4.0	1.0	3.375	0.5	3.0	0.0	3.0	0.0	3.0	0.0	4.0	1.0	4.0	1.0	3.0	0.0	4.0	1.0	0.0	4.0	1.0	4.0	1.0	3.0	0.0	3.0	0.0	3.0	0.0	4.0	1.0	4.0	1.0	4.0	1.0	4.0	1.0	3.625	0.0	0.0	0.0	1.0	0.0	1.0	0.0	0.0	0.0	0.25	0.0	0.0	0.0	0.0	0.0	1.0	0.0	0.0	0.0	0.125			0.0	1.0	0.0
3	1	4	2	43	2	6	4	0.0	1.0	1.0	0.0	1.0	1.0	0.0	0.0	1.0	1.0	1.0	1.0	3.0	4.0	4.0	3.6666667	5.0	2.0	1.0	2.0	1.6666666	4.0	4.0	5.0	0.0	1.0	0.0	1.0	1.0	1.0	0.0	0.0	0.0	1.0		0.0	0.0		1.0	5.0	1.0	5.0	1.0	5.0	1.0	5.0	1.0	5.0	1.0	5.0	1.0	4.0	1.0	5.0	1.0	5.0	1.0	4.875	1.0	4.0	1.0	4.0	1.0	5.0	1.0	4.0	1.0	5.0	1.0	5.0	1.0	5.0	1.0	1.0	5.0	1.0	5.0	1.0	5.0	1.0	5.0	1.0	5.0	1.0	5.0	1.0	5.0	1.0	5.0	1.0	5.0	1.0	5.0	0.0	0.0	0.0	0.0	0.0	0.0	1.0	0.0	0.0	0.125	0.0	0.0	0.0	0.0	0.0	0.0	0.0	0.0	0.0	0.0			0.0	1.0	0.0
3	1	4	2	59	6	2	2	0.0	1.0	1.0	0.0	8.0	0.0	1.0	0.0	5.0	4.0	1.0	3.3333333	5.0	5.0	3.0	4.3333335	90.0	5.0	4.0	5.0	4.6666665	1.0	3.0	4.0	1.0	0.0	0.0	1.0	1.0	0.0	1.0	0.0	1.0	0.0	1.0	1.0		0.0	0.0	5.0	1.0	4.0	1.0	5.0	1.0	2.0	0.0	4.0	1.0	1.0	0.0	2.0	0.0	4.0	1.0	2.0	0.0	3.375	0.625	2.0	0.0	3.0	0.0	4.0	1.0	5.0	1.0	3.0	0.0	4.0	1.0	5.0	1.0	0.0	3.0	0.0	4.0	1.0	2.0	0.0	1.0	0.0	4.0	1.0	1.0	0.0	1.0	0.0	4.0	1.0	1.0	0.0	2.5	-2.0	0.0	-3.0	-1.0	0.0	0.0	-1.0	0.0	-1.0	-0.875	-1.0	0.0	-1.0	0.0	0.0	0.0	0.0	0.0	0.0	-0.25	3.0	0.0	0.0	1.0	0.0
3	2	1	4	65	2	4	2	0.0	1.0	1.0	0.0	2.0	1.0	0.0	0.0	5.0	5.0	5.0	5.0	5.0	5.0	5.0	5.0	-3.0	5.0	5.0	1.0	3.6666667	5.0	5.0	5.0	1.0	0.0	0.0	0.0	0.0	0.0	0.0	0.0	0.0	1.0		0.0	0.0		1.0	5.0	1.0	5.0	1.0	5.0	1.0	5.0	1.0	5.0	1.0	5.0	1.0	5.0	1.0	5.0	1.0	5.0	1.0	5.0	1.0	5.0	1.0	5.0	1.0	5.0	1.0	5.0	1.0	5.0	1.0	5.0	1.0	5.0	1.0	1.0	5.0	1.0	5.0	1.0	5.0	1.0	5.0	1.0	5.0	1.0	5.0	1.0	5.0	1.0	5.0	1.0	5.0	1.0	5.0	0.0	0.0	0.0	0.0	0.0	0.0	0.0	0.0	0.0	0.0	0.0	0.0	0.0	0.0	0.0	0.0	0.0	0.0	0.0	0.0			0.0	0.0	0.0
2	3	4	1	56	17	4	3	0.0	1.0	1.0	0.0	1.0	1.0	0.0	0.0	3.0	1.0	1.0	1.6666666	3.0	4.0	2.0	3.0	-7.0	1.0	3.0	3.0	2.3333333	5.0	4.0	3.0	0.0	1.0	0.0	1.0	1.0	0.0	0.0	1.0	1.0	0.0	0.0		1.0	0.0	0.0	4.0	1.0	4.0	1.0	3.0	0.0	3.0	0.0	3.0	0.0	4.0	1.0	4.0	1.0	4.0	1.0	4.0	1.0	3.625	0.625	4.0	1.0	3.0	0.0	4.0	1.0	3.0	0.0	4.0	1.0	4.0	1.0	3.0	0.0	0.0	4.0	1.0	4.0	1.0	3.0	0.0	3.0	0.0	3.0	0.0	4.0	1.0	4.0	1.0	4.0	1.0	4.0	1.0	3.625	0.0	0.0	0.0	0.0	0.0	0.0	0.0	0.0	0.0	0.0	0.0	0.0	0.0	0.0	0.0	0.0	0.0	0.0	0.0	0.0	4.0	1.0	0.0	0.0	1.0
2	1	4	3	64	1	2	1	0.0	1.0	1.0	0.0	1.0	1.0	0.0	0.0	2.0	2.0	1.0	1.6666666	3.0	4.0	1.0	2.6666667	2.0	1.0	4.0	2.0	2.3333333	3.0	1.0	3.0	0.0	1.0	1.0	0.0	1.0	1.0	0.0	0.0	0.0	1.0		0.0	0.0		1.0	3.0	0.0	3.0	0.0	3.0	0.0	3.0	0.0	3.0	0.0	3.0	0.0	2.0	0.0	3.0	0.0	2.0	0.0	2.875	0.0	4.0	1.0	2.0	0.0	3.0	0.0	3.0	0.0	3.0	0.0	3.0	0.0	3.0	0.0	0.0	4.0	1.0	3.0	0.0	3.0	0.0	1.0	0.0	3.0	0.0	4.0	1.0	3.0	0.0	3.0	0.0	2.0	0.0	3.0	1.0	0.0	0.0	-2.0	0.0	1.0	1.0	0.0	0.0	0.125	1.0	0.0	0.0	0.0	0.0	1.0	0.0	0.0	0.0	0.25			0.0	1.0	0.0
4	3	2	1	81	2	1	2	1.0	1.0	1.0	0.0	1.0	1.0	0.0	0.0	1.0	3.0	1.0	1.6666666	1.0	3.0	1.0	1.6666666	0.0	3.0	5.0	3.0	3.6666667	1.0	3.0	4.0	0.0	1.0	0.0	0.0	0.0	0.0	0.0	0.0	0.0	1.0		0.0	0.0		1.0	5.0	1.0	5.0	1.0	5.0	1.0	3.0	0.0	3.0	0.0	5.0	1.0	4.0	1.0	5.0	1.0	5.0	1.0	4.375	0.75	2.0	0.0	1.0	0.0	4.0	1.0	5.0	1.0	3.0	0.0	5.0	1.0	5.0	1.0	0.0	5.0	1.0	5.0	1.0	5.0	1.0	3.0	0.0	4.0	1.0	5.0	1.0	5.0	1.0	5.0	1.0	5.0	1.0	4.625	0.0	0.0	0.0	0.0	1.0	0.0	1.0	0.0	0.0	0.25	0.0	0.0	0.0	0.0	1.0	0.0	0.0	0.0	0.0	0.125			0.0	0.0	0.0
2	3	4	1	49	8	5	2	0.0	0.0	1.0	0.0	1.0	1.0	0.0	0.0	2.0	1.0	1.0	1.3333334	3.0	3.0	1.0	2.3333333	2.0	4.0	3.0	1.0	2.6666667	4.0	4.0	5.0	0.0	1.0	1.0	1.0	2.0	0.0	1.0	0.0	1.0	0.0	1.0	1.0		0.0	0.0	4.0	1.0	5.0	1.0	5.0	1.0	1.0	0.0	1.0	0.0	5.0	1.0	3.0	0.0	5.0	1.0	5.0	1.0	3.625	0.625	2.0	0.0	2.0	0.0	5.0	1.0	5.0	1.0	5.0	1.0	5.0	1.0	5.0	1.0	1.0	3.0	0.0	5.0	1.0	3.0	0.0	1.0	0.0	1.0	0.0	5.0	1.0	3.0	0.0	5.0	1.0	5.0	1.0	3.25	-1.0	0.0	-2.0	0.0	0.0	0.0	0.0	0.0	0.0	-0.375	-1.0	0.0	-1.0	0.0	0.0	0.0	0.0	0.0	0.0	-0.25	5.0	1.0	0.0	1.0	1.0
3	1	2	4	20	12	2	3	0.0	1.0	0.0	1.0	1.0	1.0	0.0	0.0	1.0	1.0	1.0	1.0	5.0	5.0	4.0	4.6666665	18.0	4.0	5.0	5.0	4.6666665	5.0	1.0	5.0	0.0	1.0	0.0	0.0	0.0	1.0	0.0	0.0	0.0	1.0		0.0	0.0		1.0	5.0	1.0	5.0	1.0	5.0	1.0	4.0	1.0	4.0	1.0	5.0	1.0	3.0	0.0	5.0	1.0	4.0	1.0	4.5	0.875	4.0	1.0	5.0	1.0	5.0	1.0	4.0	1.0	5.0	1.0	4.0	1.0	3.0	0.0	1.0	5.0	1.0	5.0	1.0	4.0	1.0	5.0	1.0	5.0	1.0	5.0	1.0	4.0	1.0	5.0	1.0	5.0	1.0	4.75	0.0	0.0	-1.0	1.0	1.0	0.0	1.0	0.0	1.0	0.25	0.0	0.0	0.0	0.0	0.0	0.0	1.0	0.0	0.0	0.125			0.0	1.0	0.0
3	1	2	4	52	4	7	3	0.0	1.0	0.0	1.0	2.0	1.0	0.0	0.0	5.0	2.0	1.0	2.6666667	3.0	5.0	4.0	4.0	50.0	2.0	5.0	2.0	3.0	4.0	4.0	2.0	1.0	0.0	1.0	1.0	2.0	1.0	0.0	0.0	0.0	1.0		0.0	0.0		1.0	5.0	1.0	5.0	1.0	5.0	1.0	1.0	0.0	1.0	0.0	5.0	1.0	4.0	1.0	3.0	0.0	4.0	1.0	3.625	0.625	3.0	0.0	5.0	1.0	4.0	1.0	1.0	0.0	4.0	1.0	1.0	0.0	4.0	1.0	0.0	5.0	1.0	5.0	1.0	5.0	1.0	2.0	0.0	3.0	0.0	5.0	1.0	5.0	1.0	5.0	1.0	5.0	1.0	4.375	0.0	0.0	0.0	1.0	2.0	0.0	1.0	2.0	1.0	0.75	0.0	0.0	0.0	0.0	0.0	0.0	0.0	1.0	0.0	0.125			0.0	1.0	0.0
2	3	4	1	63	2	4	3	0.0	1.0	1.0	0.0	8.0	0.0	1.0	0.0	1.0	1.0	1.0	1.0	2.0	4.0	1.0	2.3333333	40.0	3.0	5.0	4.0	4.0	4.0	4.0	5.0	1.0	0.0	1.0	0.0	1.0	0.0	0.0	0.0	0.0	1.0		0.0	0.0		1.0	4.0	1.0	5.0	1.0	5.0	1.0	3.0	0.0	3.0	0.0	2.0	0.0	2.0	0.0	4.0	1.0	3.0	0.0	3.5	0.5	3.0	0.0	3.0	0.0	2.0	0.0	4.0	1.0	2.0	0.0	5.0	1.0	5.0	1.0	0.0	5.0	1.0	4.0	1.0	4.0	1.0	2.0	0.0	2.0	0.0	2.0	0.0	2.0	0.0	4.0	1.0	2.0	0.0	3.125	1.0	-1.0	-1.0	-1.0	-1.0	0.0	0.0	0.0	-1.0	-0.375	0.0	0.0	0.0	0.0	0.0	0.0	0.0	0.0	0.0	0.0			0.0	1.0	1.0
2	3	4	1	38	7	5	3	0.0	1.0	1.0	0.0	1.0	1.0	0.0	0.0	1.0	1.0	1.0	1.0	4.0	3.0	1.0	2.6666667	-24.0	4.0	1.0	2.0	2.3333333	5.0	5.0	5.0	0.0	1.0	1.0	1.0	2.0	1.0	0.0	1.0	1.0	0.0	0.0		1.0	1.0	1.0	5.0	1.0	5.0	1.0	5.0	1.0	4.0	1.0	4.0	1.0	5.0	1.0	5.0	1.0	5.0	1.0	4.0	1.0	4.75	1.0	1.0	0.0	5.0	1.0	5.0	1.0	5.0	1.0	5.0	1.0	5.0	1.0	5.0	1.0	1.0	5.0	1.0	5.0	1.0	5.0	1.0	4.0	1.0	4.0	1.0	5.0	1.0	5.0	1.0	5.0	1.0	5.0	1.0	4.75	0.0	0.0	0.0	0.0	0.0	0.0	0.0	0.0	1.0	0.0	0.0	0.0	0.0	0.0	0.0	0.0	0.0	0.0	0.0	0.0			0.0	0.0	1.0
1	3	2	4	65	8	2	2	0.0	1.0	1.0	0.0	2.0	1.0	0.0	0.0	3.0	3.0	3.0	3.0	3.0	3.0	3.0	3.0	4.0	3.0	3.0	3.0	3.0	3.0	3.0	1.0	0.0	1.0	0.0	0.0	0.0	0.0	0.0	1.0	1.0	0.0	0.0		1.0	0.0	0.0	3.0	0.0	3.0	0.0	3.0	0.0	3.0	0.0	3.0	0.0	3.0	0.0	3.0	0.0	4.0	1.0	3.0	0.0	3.125	0.125	1.0	0.0	3.0	0.0	3.0	0.0	3.0	0.0	3.0	0.0	3.0	0.0	3.0	0.0	0.0	3.0	0.0	3.0	0.0	3.0	0.0	3.0	0.0	3.0	0.0	3.0	0.0	3.0	0.0	3.0	0.0	3.0	0.0	3.0	0.0	0.0	0.0	0.0	0.0	0.0	0.0	-1.0	0.0	-0.125	0.0	0.0	0.0	0.0	0.0	0.0	0.0	-1.0	0.0	-0.125	3.0	0.0	1.0	1.0	1.0
3	2	4	1	69	12	4	2	1.0	1.0	1.0	0.0	8.0	0.0	1.0	0.0	3.0	2.0	2.0	2.3333333	3.0	5.0	4.0	4.0	20.0	4.0	3.0	3.0	3.3333333	4.0	4.0	4.0	1.0	0.0	1.0	1.0	2.0	1.0	0.0	0.0	0.0	1.0		0.0	0.0		1.0	4.0	1.0	5.0	1.0	4.0	1.0	2.0	0.0	2.0	0.0	4.0	1.0	3.0	0.0	4.0	1.0	4.0	1.0	3.5	0.625	1.0	0.0	3.0	0.0	4.0	1.0	3.0	0.0	3.0	0.0	3.0	0.0	4.0	1.0	0.0	5.0	1.0	5.0	1.0	4.0	1.0	3.0	0.0	2.0	0.0	4.0	1.0	3.0	0.0	4.0	1.0	4.0	1.0	3.75	1.0	0.0	0.0	1.0	0.0	0.0	0.0	0.0	0.0	0.25	0.0	0.0	0.0	0.0	0.0	0.0	0.0	0.0	0.0	0.0			0.0	1.0	0.0
4	2	1	3	61	14	2	1	0.0	1.0	1.0	0.0	7.0	0.0	1.0	0.0	1.0	1.0	1.0	1.0	5.0	5.0	5.0	5.0	6.0	1.0	1.0	5.0	2.3333333	1.0	1.0	1.0	0.0	1.0	0.0	0.0	0.0	0.0	1.0	0.0	1.0	0.0	1.0	1.0		1.0	1.0	5.0	1.0	5.0	1.0	5.0	1.0	5.0	1.0	5.0	1.0	5.0	1.0	5.0	1.0	5.0	1.0	5.0	1.0	5.0	1.0	5.0	1.0	3.0	0.0	5.0	1.0	5.0	1.0	5.0	1.0	5.0	1.0	5.0	1.0	1.0	5.0	1.0	5.0	1.0	5.0	1.0	5.0	1.0	5.0	1.0	5.0	1.0	5.0	1.0	5.0	1.0	5.0	1.0	5.0	0.0	0.0	0.0	0.0	0.0	0.0	0.0	0.0	0.0	0.0	0.0	0.0	0.0	0.0	0.0	0.0	0.0	0.0	0.0	0.0			0.0	1.0	0.0
3	4	2	1	63	2	4	3	0.0	1.0	1.0	0.0	8.0	0.0	1.0	0.0	1.0	3.0	3.0	2.3333333	2.0	4.0	1.0	2.3333333	7.0	2.0	2.0	3.0	2.3333333	1.0	4.0	4.0	1.0	0.0	0.0	0.0	0.0	0.0	0.0	1.0	1.0	0.0	0.0		1.0	1.0	1.0	4.0	1.0	4.0	1.0	5.0	1.0	1.0	0.0	1.0	0.0	3.0	0.0	5.0	1.0	4.0	1.0	4.0	1.0	3.375	0.625	3.0	0.0	5.0	1.0	5.0	1.0	4.0	1.0	5.0	1.0	4.0	1.0	3.0	0.0	1.0	4.0	1.0	4.0	1.0	5.0	1.0	1.0	0.0	1.0	0.0	3.0	0.0	3.0	0.0	4.0	1.0	3.0	0.0	3.125	0.0	0.0	0.0	0.0	0.0	0.0	-2.0	0.0	-1.0	-0.25	0.0	0.0	0.0	0.0	0.0	0.0	-1.0	0.0	-1.0	-0.125			0.0	1.0	1.0
2	3	4	1	71	19	3	2	1.0	0.0	1.0	0.0	4.0	0.0	0.0	1.0	3.0	3.0	3.0	3.0	3.0	4.0	2.0	3.0	0.0	5.0	4.0	2.0	3.6666667	3.0	4.0	3.0	0.0	1.0	0.0	0.0	0.0	0.0	1.0	0.0	1.0	0.0	1.0	1.0		1.0	1.0	3.0	0.0	5.0	1.0	4.0	1.0	1.0	0.0	1.0	0.0	3.0	0.0	2.0	0.0	4.0	1.0	3.0	0.0	2.875	0.375	2.0	0.0	2.0	0.0	3.0	0.0	4.0	1.0	2.0	0.0	5.0	1.0	4.0	1.0	0.0	5.0	1.0	5.0	1.0	4.0	1.0	1.0	0.0	1.0	0.0	3.0	0.0	2.0	0.0	5.0	1.0	3.0	0.0	3.25	2.0	0.0	0.0	0.0	0.0	0.0	0.0	1.0	0.0	0.375	1.0	0.0	0.0	0.0	0.0	0.0	0.0	0.0	0.0	0.125			0.0	0.0	1.0
4	2	3	1	67	13	5	4	1.0	0.0	1.0	0.0	8.0	0.0	1.0	0.0	3.0	3.0	3.0	3.0	4.0	4.0	3.0	3.6666667	92.0	3.0	4.0	4.0	3.6666667	2.0	3.0	4.0	1.0	0.0	0.0	0.0	0.0	0.0	0.0	0.0	0.0	1.0		0.0	0.0		1.0	4.0	1.0	5.0	1.0	4.0	1.0	2.0	0.0	3.0	0.0	2.0	0.0	1.0	0.0	4.0	1.0	3.0	0.0	3.125	0.5	1.0	0.0	3.0	0.0	3.0	0.0	4.0	1.0	3.0	0.0	4.0	1.0	4.0	1.0	0.0	5.0	1.0	5.0	1.0	4.0	1.0	2.0	0.0	3.0	0.0	2.0	0.0	1.0	0.0	4.0	1.0	2.0	0.0	3.25	1.0	0.0	0.0	0.0	0.0	0.0	0.0	0.0	-1.0	0.125	0.0	0.0	0.0	0.0	0.0	0.0	0.0	0.0	0.0	0.0			0.0	1.0	0.0
4	2	3	1	60	18	4	3	0.0	1.0	1.0	0.0	8.0	0.0	1.0	0.0	1.0	1.0	1.0	1.0	5.0	5.0	1.0	3.6666667	75.0	1.0	5.0	1.0	2.3333333	5.0	5.0	5.0	1.0	0.0	1.0	1.0	2.0	1.0	0.0	0.0	0.0	1.0		0.0	0.0		1.0	5.0	1.0	5.0	1.0	5.0	1.0	4.0	1.0	4.0	1.0	1.0	0.0	1.0	0.0	5.0	1.0	5.0	1.0	3.75	0.75	4.0	1.0	2.0	0.0	4.0	1.0	5.0	1.0	4.0	1.0	5.0	1.0	5.0	1.0	1.0	5.0	1.0	5.0	1.0	5.0	1.0	2.0	0.0	4.0	1.0	2.0	0.0	2.0	0.0	5.0	1.0	4.0	1.0	3.75	0.0	0.0	0.0	-2.0	0.0	1.0	1.0	0.0	-1.0	0.0	0.0	0.0	0.0	-1.0	0.0	0.0	0.0	0.0	0.0	-0.125			0.0	1.0	0.0
2	3	4	1	71	13	6	4	1.0	1.0	1.0	0.0	8.0	0.0	1.0	0.0	4.0	4.0	4.0	4.0	3.0	4.0	1.0	2.6666667	100.0	5.0	4.0	4.0	4.3333335	3.0	2.0	5.0	1.0	0.0	1.0	0.0	1.0	1.0	1.0	0.0	1.0	0.0	1.0	1.0		0.0	0.0	4.0	1.0	5.0	1.0	5.0	1.0	2.0	0.0	2.0	0.0	2.0	0.0	1.0	0.0	4.0	1.0	3.0	0.0	3.125	0.5	1.0	0.0	2.0	0.0	3.0	0.0	4.0	1.0	3.0	0.0	5.0	1.0	5.0	1.0	0.0	5.0	1.0	5.0	1.0	5.0	1.0	2.0	0.0	3.0	0.0	2.0	0.0	1.0	0.0	4.0	1.0	5.0	1.0	3.375	1.0	0.0	0.0	0.0	1.0	0.0	0.0	0.0	2.0	0.25	0.0	0.0	0.0	0.0	0.0	0.0	0.0	0.0	1.0	0.0	5.0	1.0	0.0	1.0	1.0
1	2	4	3	64	17	7	2	0.0	0.0	1.0	0.0	8.0	0.0	1.0	0.0	5.0	4.0	4.0	4.3333335	2.0	3.0	2.0	2.3333333	82.0	5.0	5.0	5.0	5.0	3.0	3.0	5.0	1.0	0.0	1.0	1.0	2.0	0.0	0.0	0.0	0.0	1.0		0.0	0.0		1.0	5.0	1.0	5.0	1.0	3.0	0.0	4.0	1.0	3.0	0.0	3.0	0.0	1.0	0.0	4.0	1.0	3.0	0.0	3.5	0.5	1.0	0.0	1.0	0.0	4.0	1.0	4.0	1.0	4.0	1.0	5.0	1.0	5.0	1.0	0.0	5.0	1.0	5.0	1.0	4.0	1.0	4.0	1.0	3.0	0.0	3.0	0.0	3.0	0.0	5.0	1.0	3.0	0.0	4.0	0.0	0.0	1.0	0.0	0.0	0.0	2.0	1.0	0.0	0.5	0.0	0.0	1.0	0.0	0.0	0.0	0.0	0.0	0.0	0.125			1.0	1.0	1.0
2	3	4	1	66	6	3	3	1.0	1.0	1.0	0.0	8.0	0.0	1.0	0.0	1.0	1.0	2.0	1.3333334	1.0	5.0	1.0	2.3333333	44.0	3.0	5.0	3.0	3.6666667	3.0	4.0	4.0	1.0	0.0	0.0	0.0	0.0	0.0	0.0	1.0	1.0	0.0	0.0		1.0	0.0	0.0	5.0	1.0	5.0	1.0	5.0	1.0	1.0	0.0	1.0	0.0	5.0	1.0	1.0	0.0	3.0	0.0	3.0	0.0	3.25	0.5	2.0	0.0	2.0	0.0	3.0	0.0	5.0	1.0	3.0	0.0	5.0	1.0	5.0	1.0	0.0	1.0	0.0	5.0	1.0	5.0	1.0	1.0	0.0	1.0	0.0	5.0	1.0	1.0	0.0	3.0	0.0	3.0	0.0	2.75	-4.0	0.0	0.0	0.0	0.0	0.0	0.0	0.0	0.0	-0.5	-1.0	0.0	0.0	0.0	0.0	0.0	0.0	0.0	0.0	-0.125	5.0	1.0	0.0	1.0	1.0
4	2	3	1	64	5	4	2	0.0	1.0	1.0	0.0	8.0	0.0	1.0	0.0	1.0	2.0	2.0	1.6666666	2.0	4.0	1.0	2.3333333	87.0	4.0	4.0	4.0	4.0	4.0	4.0	4.0	1.0	0.0	1.0	1.0	2.0	1.0	0.0	0.0	0.0	1.0		0.0	0.0		1.0	3.0	0.0	2.0	0.0	2.0	0.0	1.0	0.0	2.0	0.0	2.0	0.0	3.0	0.0	2.0	0.0	4.0	1.0	2.125	0.0	3.0	0.0	4.0	1.0	2.0	0.0	4.0	1.0	2.0	0.0	3.0	0.0	3.0	0.0	0.0	4.0	1.0	4.0	1.0	4.0	1.0	2.0	0.0	2.0	0.0	1.0	0.0	4.0	1.0	2.0	0.0	4.0	1.0	2.875	1.0	2.0	2.0	1.0	0.0	-1.0	1.0	0.0	0.0	0.75	1.0	1.0	1.0	0.0	0.0	0.0	1.0	0.0	0.0	0.5			0.0	1.0	0.0
1	3	4	2	65	3	6	1	0.0	1.0	1.0	0.0	1.0	1.0	0.0	0.0	1.0	4.0	1.0	2.0	4.0	2.0	1.0	2.3333333	-64.0	4.0	4.0	3.0	3.6666667	2.0	5.0	5.0	0.0	1.0	1.0	0.0	1.0	1.0	0.0	1.0	1.0	0.0	0.0		1.0	1.0	1.0	5.0	1.0	5.0	1.0	5.0	1.0	2.0	0.0	1.0	0.0	4.0	1.0	5.0	1.0	5.0	1.0	4.0	1.0	4.0	0.75	2.0	0.0	2.0	0.0	4.0	1.0	2.0	0.0	3.0	0.0	4.0	1.0	5.0	1.0	0.0	5.0	1.0	5.0	1.0	5.0	1.0	2.0	0.0	2.0	0.0	5.0	1.0	5.0	1.0	5.0	1.0	4.0	1.0	4.25	0.0	0.0	0.0	0.0	1.0	1.0	0.0	0.0	0.0	0.25	0.0	0.0	0.0	0.0	0.0	0.0	0.0	0.0	0.0	0.0			1.0	0.0	1.0
2	3	4	1	75	6	8	4	1.0	0.0	1.0	0.0	5.0	0.0	0.0	1.0	2.0	2.0	3.0	2.3333333	2.0	4.0	2.0	2.6666667	0.0	4.0	4.0	3.0	3.6666667	3.0	2.0	4.0	0.0	0.0	1.0	1.0	2.0	0.0	0.0	1.0	1.0	0.0	0.0		1.0	1.0	1.0	3.0	0.0	4.0	1.0	3.0	0.0	1.0	0.0	1.0	0.0	3.0	0.0	2.0	0.0	3.0	0.0	3.0	0.0	2.5	0.125	3.0	0.0	2.0	0.0	3.0	0.0	3.0	0.0	3.0	0.0	3.0	0.0	3.0	0.0	0.0	3.0	0.0	3.0	0.0	3.0	0.0	1.0	0.0	1.0	0.0	3.0	0.0	2.0	0.0	3.0	0.0	3.0	0.0	2.375	0.0	-1.0	0.0	0.0	0.0	0.0	0.0	0.0	0.0	-0.125	0.0	-1.0	0.0	0.0	0.0	0.0	0.0	0.0	0.0	-0.125			0.0	0.0	1.0
4	2	3	1	63	3	6	4	0.0	0.0	1.0	0.0	6.0	0.0	0.0	1.0	3.0	3.0	3.0	3.0	4.0	3.0	4.0	3.6666667	9.0	3.0	5.0	1.0	3.0	5.0	3.0	2.0	1.0	0.0	0.0	0.0	0.0	1.0	0.0	1.0	1.0	0.0	0.0		1.0	0.0	0.0	3.0	0.0	3.0	0.0	3.0	0.0	3.0	0.0	3.0	0.0	3.0	0.0	3.0	0.0	3.0	0.0	3.0	0.0	3.0	0.0	3.0	0.0	3.0	0.0	4.0	1.0	4.0	1.0	4.0	1.0	4.0	1.0	4.0	1.0	0.0	3.0	0.0	3.0	0.0	3.0	0.0	3.0	0.0	3.0	0.0	3.0	0.0	3.0	0.0	3.0	0.0	3.0	0.0	3.0	0.0	0.0	0.0	0.0	0.0	0.0	0.0	0.0	0.0	0.0	0.0	0.0	0.0	0.0	0.0	0.0	0.0	0.0	0.0	0.0	3.0	0.0	0.0	1.0	0.0
3	2	4	1	50	1	6	2	0.0	0.0	1.0	0.0	1.0	1.0	0.0	0.0	5.0	1.0	5.0	3.6666667	1.0	3.0	1.0	1.6666666	0.0	1.0	3.0	1.0	1.6666666	1.0	1.0	3.0	0.0	1.0	0.0	1.0	1.0	0.0	0.0	0.0	0.0	1.0		0.0	0.0		1.0	5.0	1.0	5.0	1.0	5.0	1.0	5.0	1.0	1.0	0.0	5.0	1.0	1.0	0.0	3.0	0.0	1.0	0.0	3.75	0.625	2.0	0.0	1.0	0.0	3.0	0.0	3.0	0.0	3.0	0.0	3.0	0.0	3.0	0.0	0.0	5.0	1.0	5.0	1.0	5.0	1.0	3.0	0.0	1.0	0.0	1.0	0.0	3.0	0.0	3.0	0.0	1.0	0.0	3.25	0.0	0.0	0.0	-2.0	0.0	-4.0	2.0	0.0	0.0	-0.5	0.0	0.0	0.0	-1.0	0.0	-1.0	0.0	0.0	0.0	-0.25			0.0	0.0	0.0
2	1	4	3	55	2	5	1	0.0	0.0	1.0	0.0	8.0	0.0	1.0	0.0	5.0	1.0	3.0	3.0	1.0	5.0	5.0	3.6666667	100.0	3.0	5.0	5.0	4.3333335	1.0	1.0	5.0	1.0	0.0	1.0	1.0	2.0	1.0	1.0	0.0	1.0	0.0	1.0	1.0		0.0	0.0	1.0	0.0	4.0	1.0	3.0	0.0	1.0	0.0	1.0	0.0	1.0	0.0	1.0	0.0	5.0	1.0	1.0	0.0	2.125	0.25	1.0	0.0	1.0	0.0	1.0	0.0	1.0	0.0	1.0	0.0	5.0	1.0	5.0	1.0	0.0	5.0	1.0	4.0	1.0	1.0	0.0	1.0	0.0	1.0	0.0	1.0	0.0	1.0	0.0	5.0	1.0	1.0	0.0	2.375	4.0	0.0	-2.0	0.0	0.0	0.0	0.0	0.0	0.0	0.25	1.0	0.0	0.0	0.0	0.0	0.0	0.0	0.0	0.0	0.125	5.0	1.0	0.0	1.0	0.0
3	2	1	4	60	6	2	3	0.0	1.0	0.0	1.0	1.0	1.0	0.0	0.0	3.0	3.0	2.0	2.6666667	3.0	3.0	3.0	3.0	-29.0	2.0	4.0	1.0	2.3333333	3.0	4.0	4.0	0.0	0.0	1.0	1.0	2.0	1.0	0.0	1.0	1.0	0.0	0.0		1.0	0.0	0.0	3.0	0.0	3.0	0.0	4.0	1.0	2.0	0.0	4.0	1.0	3.0	0.0	4.0	1.0	3.0	0.0	5.0	1.0	3.25	0.375	2.0	0.0	3.0	0.0	5.0	1.0	4.0	1.0	4.0	1.0	5.0	1.0	5.0	1.0	0.0	3.0	0.0	3.0	0.0	4.0	1.0	3.0	0.0	3.0	0.0	3.0	0.0	4.0	1.0	3.0	0.0	1.0	0.0	3.25	0.0	0.0	0.0	1.0	-1.0	0.0	0.0	0.0	-4.0	0.0	0.0	0.0	0.0	0.0	-1.0	0.0	0.0	0.0	-1.0	-0.125	3.0	0.0	0.0	0.0	0.0
3	4	2	1	62	17	6	3	0.0	1.0	1.0	0.0	5.0	0.0	0.0	1.0	1.0	3.0	1.0	1.6666666	1.0	3.0	1.0	1.6666666	100.0	5.0	5.0	5.0	5.0	3.0	1.0	5.0	1.0	0.0	1.0	0.0	1.0	0.0	1.0	0.0	1.0	0.0	1.0	1.0		0.0	0.0	5.0	1.0	5.0	1.0	5.0	1.0	1.0	0.0	1.0	0.0	1.0	0.0	1.0	0.0	5.0	1.0	3.0	0.0	3.0	0.5	4.0	1.0	2.0	0.0	1.0	0.0	5.0	1.0	1.0	0.0	5.0	1.0	5.0	1.0	0.0	5.0	1.0	5.0	1.0	5.0	1.0	1.0	0.0	1.0	0.0	1.0	0.0	1.0	0.0	5.0	1.0	3.0	0.0	3.0	0.0	0.0	0.0	0.0	0.0	0.0	0.0	0.0	0.0	0.0	0.0	0.0	0.0	0.0	0.0	0.0	0.0	0.0	0.0	0.0	5.0	1.0	0.0	1.0	1.0
4	2	3	1	45	20	6	4	0.0	1.0	1.0	0.0	1.0	1.0	0.0	0.0	1.0	1.0	1.0	1.0	4.0	2.0	1.0	2.3333333	81.0	2.0	4.0	4.0	3.3333333	4.0	4.0	5.0	0.0	1.0	1.0	0.0	1.0	0.0	0.0	0.0	0.0	1.0		0.0	0.0		1.0	4.0	1.0	5.0	1.0	3.0	0.0	1.0	0.0	1.0	0.0	5.0	1.0	3.0	0.0	5.0	1.0	3.0	0.0	3.375	0.5	1.0	0.0	1.0	0.0	3.0	0.0	5.0	1.0	2.0	0.0	5.0	1.0	2.0	0.0	0.0	5.0	1.0	5.0	1.0	4.0	1.0	1.0	0.0	1.0	0.0	5.0	1.0	2.0	0.0	5.0	1.0	3.0	0.0	3.5	1.0	0.0	1.0	0.0	0.0	0.0	-1.0	0.0	0.0	0.125	0.0	0.0	1.0	0.0	0.0	0.0	0.0	0.0	0.0	0.125			0.0	1.0	0.0
4	2	3	1	66	22	6	3	1.0	0.0	1.0	0.0	5.0	0.0	0.0	1.0	2.0	3.0	2.0	2.3333333	3.0	4.0	1.0	2.6666667	83.0	5.0	4.0	4.0	4.3333335	2.0	4.0	5.0	1.0	0.0	1.0	1.0	2.0	0.0	1.0	0.0	1.0	0.0	1.0	1.0		0.0	0.0	4.0	1.0	4.0	1.0	4.0	1.0	3.0	0.0	1.0	0.0	2.0	0.0	3.0	0.0	4.0	1.0	3.0	0.0	3.125	0.5	1.0	0.0	2.0	0.0	3.0	0.0	5.0	1.0	2.0	0.0	3.0	0.0	5.0	1.0	1.0	3.0	0.0	4.0	1.0	4.0	1.0	3.0	0.0	3.0	0.0	2.0	0.0	4.0	1.0	3.0	0.0	3.0	0.0	3.25	-1.0	0.0	0.0	0.0	2.0	0.0	1.0	-1.0	0.0	0.125	-1.0	0.0	0.0	0.0	0.0	0.0	1.0	-1.0	0.0	-0.125	4.0	1.0	0.0	1.0	0.0
1	2	3	4	67	5	2	1	1.0	1.0	1.0	0.0	2.0	1.0	0.0	0.0	2.0	2.0	2.0	2.0	3.0	4.0	3.0	3.3333333	-5.0	4.0	3.0	2.0	3.0	3.0	3.0	1.0	0.0	1.0	1.0	0.0	1.0	1.0	0.0	0.0	0.0	1.0		0.0	0.0		1.0	2.0	0.0	3.0	0.0	3.0	0.0	3.0	0.0	4.0	1.0	4.0	1.0	3.0	0.0	3.0	0.0	3.0	0.0	3.125	0.25	3.0	0.0	3.0	0.0	2.0	0.0	3.0	0.0	4.0	1.0	3.0	0.0	3.0	0.0	0.0	3.0	0.0	3.0	0.0	2.0	0.0	3.0	0.0	4.0	1.0	2.0	0.0	3.0	0.0	3.0	0.0	2.0	0.0	2.875	1.0	0.0	-1.0	0.0	0.0	-2.0	0.0	0.0	-1.0	-0.25	0.0	0.0	0.0	0.0	0.0	-1.0	0.0	0.0	0.0	-0.125			1.0	0.0	1.0
1	3	4	2	60	20	6	2	0.0	1.0	0.0	1.0	2.0	1.0	0.0	0.0	3.0	3.0	3.0	3.0	4.0	5.0	4.0	4.3333335	20.0	2.0	3.0	1.0	2.0	3.0	3.0	4.0	0.0	1.0	1.0	0.0	1.0	1.0	1.0	0.0	1.0	0.0	1.0	1.0		0.0	0.0	3.0	0.0	4.0	1.0	3.0	0.0	3.0	0.0	4.0	1.0	3.0	0.0	4.0	1.0	4.0	1.0	4.0	1.0	3.5	0.5	3.0	0.0	3.0	0.0	4.0	1.0	4.0	1.0	4.0	1.0	4.0	1.0	4.0	1.0	0.0	4.0	1.0	4.0	1.0	3.0	0.0	3.0	0.0	4.0	1.0	3.0	0.0	3.0	0.0	3.0	0.0	3.0	0.0	3.375	1.0	0.0	0.0	0.0	0.0	0.0	-1.0	-1.0	-1.0	-0.125	1.0	0.0	0.0	0.0	0.0	0.0	-1.0	-1.0	-1.0	-0.125	3.0	0.0	1.0	1.0	1.0
3	1	2	4	74	6	2	2	1.0	0.0	1.0	0.0	2.0	1.0	0.0	0.0	1.0	1.0	1.0	1.0	5.0	5.0	1.0	3.6666667	0.0	1.0	5.0	1.0	2.3333333	5.0	1.0	5.0	0.0	1.0	1.0	0.0	1.0	1.0	0.0	0.0	0.0	1.0		0.0	0.0		1.0	3.0	0.0	3.0	0.0	1.0	0.0	1.0	0.0	1.0	0.0	5.0	1.0	1.0	0.0	3.0	0.0	2.0	0.0	2.25	0.125	3.0	0.0	1.0	0.0	1.0	0.0	1.0	0.0	3.0	0.0	1.0	0.0	3.0	0.0	0.0	3.0	0.0	3.0	0.0	1.0	0.0	1.0	0.0	1.0	0.0	5.0	1.0	1.0	0.0	1.0	0.0	1.0	0.0	2.0	0.0	0.0	0.0	0.0	0.0	0.0	0.0	-2.0	-1.0	-0.25	0.0	0.0	0.0	0.0	0.0	0.0	0.0	0.0	0.0	0.0			0.0	0.0	0.0
3	1	2	4	71	14	3	2	1.0	0.0	1.0	0.0	6.0	0.0	0.0	1.0	2.0	2.0	2.0	2.0	4.0	4.0	4.0	4.0	0.0	2.0	2.0	2.0	2.0	3.0	4.0	5.0	1.0	0.0	0.0	0.0	0.0	1.0	0.0	0.0	0.0	1.0		0.0	0.0		1.0	3.0	0.0	4.0	1.0	4.0	1.0	3.0	0.0	3.0	0.0	3.0	0.0	3.0	0.0	3.0	0.0	3.0	0.0	3.25	0.25	2.0	0.0	4.0	1.0	3.0	0.0	3.0	0.0	3.0	0.0	3.0	0.0	4.0	1.0	0.0	4.0	1.0	4.0	1.0	4.0	1.0	4.0	1.0	4.0	1.0	4.0	1.0	4.0	1.0	4.0	1.0	4.0	1.0	4.0	1.0	0.0	0.0	1.0	1.0	1.0	1.0	1.0	1.0	0.75	1.0	0.0	0.0	1.0	1.0	1.0	1.0	1.0	1.0	0.75			0.0	0.0	0.0
2	3	4	1	63	1	4	4	0.0	1.0	0.0	0.0	1.0	1.0	0.0	0.0	2.0	1.0	3.0	2.0	3.0	4.0	3.0	3.3333333	0.0	1.0	4.0	2.0	2.3333333	4.0	3.0	5.0	0.0	1.0	1.0	1.0	2.0	1.0	0.0	0.0	0.0	1.0		0.0	0.0		1.0	5.0	1.0	5.0	1.0	5.0	1.0	5.0	1.0	3.0	0.0	4.0	1.0	4.0	1.0	5.0	1.0	5.0	1.0	4.5	0.875	5.0	1.0	3.0	0.0	5.0	1.0	5.0	1.0	5.0	1.0	5.0	1.0	5.0	1.0	1.0	5.0	1.0	5.0	1.0	5.0	1.0	5.0	1.0	4.0	1.0	4.0	1.0	5.0	1.0	5.0	1.0	5.0	1.0	4.75	0.0	0.0	0.0	0.0	1.0	0.0	1.0	0.0	0.0	0.25	0.0	0.0	0.0	0.0	1.0	0.0	0.0	0.0	0.0	0.125			0.0	0.0	1.0
1	3	4	2	49	1	6	4	0.0	1.0	0.0	0.0	4.0	0.0	0.0	1.0	2.0	3.0	1.0	2.0	3.0	5.0	1.0	3.0	0.0	2.0	4.0	3.0	3.0	4.0	2.0	4.0	0.0	0.0	1.0	0.0	1.0	1.0	0.0	1.0	1.0	0.0	0.0		1.0	1.0	1.0	4.0	1.0	5.0	1.0	3.0	0.0	2.0	0.0	3.0	0.0	2.0	0.0	3.0	0.0	4.0	1.0	3.0	0.0	3.25	0.375	5.0	1.0	3.0	0.0	3.0	0.0	3.0	0.0	3.0	0.0	3.0	0.0	5.0	1.0	0.0	4.0	1.0	4.0	1.0	3.0	0.0	2.0	0.0	3.0	0.0	2.0	0.0	3.0	0.0	4.0	1.0	3.0	0.0	3.125	0.0	-1.0	0.0	0.0	0.0	0.0	0.0	0.0	0.0	-0.125	0.0	0.0	0.0	0.0	0.0	0.0	0.0	0.0	0.0	0.0			1.0	0.0	1.0
4	1	2	3	73	1	4	3	1.0	0.0	0.0	1.0	2.0	1.0	0.0	0.0	4.0	3.0	2.0	3.0	4.0	5.0	4.0	4.3333335	46.0	4.0	4.0	4.0	4.0	2.0	5.0	3.0	0.0	1.0	0.0	0.0	0.0	1.0	0.0	0.0	0.0	1.0		0.0	0.0		1.0	5.0	1.0	5.0	1.0	2.0	0.0	4.0	1.0	4.0	1.0	2.0	0.0	4.0	1.0	4.0	1.0	4.0	1.0	3.75	0.75	5.0	1.0	4.0	1.0	4.0	1.0	4.0	1.0	4.0	1.0	5.0	1.0	5.0	1.0	0.0	5.0	1.0	5.0	1.0	2.0	0.0	3.0	0.0	2.0	0.0	2.0	0.0	4.0	1.0	4.0	1.0	4.0	1.0	3.375	0.0	0.0	0.0	-1.0	-2.0	0.0	0.0	0.0	0.0	-0.375	0.0	0.0	0.0	-1.0	-1.0	0.0	0.0	0.0	0.0	-0.25			0.0	1.0	0.0
3	2	4	1	69	8	4	2	1.0	0.0	1.0	0.0	2.0	1.0	0.0	0.0	2.0	2.0	2.0	2.0	3.0	4.0	2.0	3.0	67.0	2.0	4.0	4.0	3.3333333	3.0	2.0	4.0	0.0	1.0	1.0	0.0	1.0	1.0	1.0	0.0	1.0	0.0	1.0	1.0		0.0	0.0	3.0	0.0	3.0	0.0	2.0	0.0	2.0	0.0	2.0	0.0	3.0	0.0	2.0	0.0	3.0	0.0	3.0	0.0	2.5	0.0	3.0	0.0	2.0	0.0	3.0	0.0	2.0	0.0	3.0	0.0	3.0	0.0	3.0	0.0	0.0	2.0	0.0	2.0	0.0	3.0	0.0	2.0	0.0	2.0	0.0	2.0	0.0	2.0	0.0	2.0	0.0	2.0	0.0	2.125	-1.0	-1.0	1.0	0.0	0.0	-1.0	0.0	-1.0	-1.0	-0.375	0.0	0.0	0.0	0.0	0.0	0.0	0.0	0.0	0.0	0.0	2.0	0.0	0.0	1.0	0.0
4	2	3	1	77	6	4	3	1.0	1.0	1.0	0.0	8.0	0.0	1.0	0.0	3.0	3.0	3.0	3.0	4.0	5.0	3.0	4.0	51.0	3.0	2.0	4.0	3.0	5.0	2.0	2.0	0.0	0.0	1.0	0.0	1.0	1.0	1.0	0.0	1.0	0.0	1.0	1.0		1.0	1.0	4.0	1.0	4.0	1.0	4.0	1.0	2.0	0.0	3.0	0.0	4.0	1.0	3.0	0.0	3.0	0.0	4.0	1.0	3.375	0.5	2.0	0.0	3.0	0.0	4.0	1.0	3.0	0.0	3.0	0.0	5.0	1.0	3.0	0.0	0.0	4.0	1.0	5.0	1.0	4.0	1.0	1.0	0.0	3.0	0.0	4.0	1.0	3.0	0.0	4.0	1.0	4.0	1.0	3.5	0.0	1.0	0.0	-1.0	0.0	0.0	0.0	1.0	0.0	0.125	0.0	0.0	0.0	0.0	0.0	0.0	0.0	1.0	0.0	0.125			0.0	1.0	0.0
3	2	4	1	54	6	5	3	0.0	1.0	1.0	0.0	6.0	0.0	0.0	1.0	3.0	3.0	3.0	3.0	3.0	3.0	3.0	3.0	-2.0	5.0	4.0	3.0	4.0	2.0	5.0	3.0	1.0	0.0	0.0	0.0	0.0	0.0	0.0	0.0	0.0	1.0		0.0	0.0		1.0	5.0	1.0	4.0	1.0	5.0	1.0	3.0	0.0	3.0	0.0	5.0	1.0	4.0	1.0	5.0	1.0	4.0	1.0	4.25	0.75	4.0	1.0	3.0	0.0	3.0	0.0	4.0	1.0	4.0	1.0	5.0	1.0	5.0	1.0	0.0	5.0	1.0	5.0	1.0	5.0	1.0	4.0	1.0	4.0	1.0	5.0	1.0	4.0	1.0	5.0	1.0	4.0	1.0	4.625	0.0	1.0	0.0	1.0	1.0	0.0	0.0	0.0	0.0	0.375	0.0	0.0	0.0	1.0	1.0	0.0	0.0	0.0	0.0	0.25			0.0	0.0	0.0
2	3	4	1	67	21	7	3	1.0	1.0	1.0	0.0	2.0	1.0	0.0	0.0	2.0	4.0	1.0	2.3333333	1.0	4.0	1.0	2.0	0.0	1.0	3.0	3.0	2.3333333	2.0	5.0	5.0	0.0	1.0	1.0	1.0	2.0	0.0	0.0	0.0	0.0	1.0		0.0	0.0		1.0	3.0	0.0	5.0	1.0	4.0	1.0	2.0	0.0	1.0	0.0	5.0	1.0	4.0	1.0	5.0	1.0	4.0	1.0	3.625	0.625	2.0	0.0	3.0	0.0	5.0	1.0	5.0	1.0	3.0	0.0	5.0	1.0	4.0	1.0	0.0	5.0	1.0	5.0	1.0	4.0	1.0	3.0	0.0	4.0	1.0	5.0	1.0	4.0	1.0	5.0	1.0	4.0	1.0	4.375	2.0	0.0	0.0	1.0	3.0	0.0	0.0	0.0	0.0	0.75	1.0	0.0	0.0	0.0	1.0	0.0	0.0	0.0	0.0	0.25			0.0	0.0	1.0
1	4	2	3	66	4	6	3	1.0	1.0	1.0	0.0	1.0	1.0	0.0	0.0	3.0	3.0	1.0	2.3333333	1.0	4.0	1.0	2.0	-15.0	4.0	4.0	4.0	4.0	3.0	4.0	4.0	0.0	1.0	0.0	0.0	0.0	0.0	1.0	0.0	1.0	0.0	1.0	1.0		0.0	0.0	5.0	1.0	5.0	1.0	5.0	1.0	5.0	1.0	5.0	1.0	5.0	1.0	5.0	1.0	5.0	1.0	5.0	1.0	5.0	1.0	4.0	1.0	4.0	1.0	5.0	1.0	4.0	1.0	5.0	1.0	5.0	1.0	5.0	1.0	1.0	4.0	1.0	5.0	1.0	5.0	1.0	5.0	1.0	5.0	1.0	5.0	1.0	4.0	1.0	5.0	1.0	5.0	1.0	4.75	-1.0	0.0	0.0	0.0	0.0	0.0	-1.0	0.0	0.0	-0.25	0.0	0.0	0.0	0.0	0.0	0.0	0.0	0.0	0.0	0.0	1.0	0.0	1.0	0.0	1.0
4	2	1	3	28	8	4	3	0.0	0.0	0.0	1.0	1.0	1.0	0.0	0.0	3.0	5.0	3.0	3.6666667	2.0	4.0	3.0	3.0	-26.0	4.0	3.0	3.0	3.3333333	3.0	4.0	4.0	1.0	0.0	0.0	0.0	0.0	1.0	0.0	0.0	0.0	1.0		0.0	0.0		1.0	4.0	1.0	3.0	0.0	2.0	0.0	3.0	0.0	2.0	0.0	4.0	1.0	3.0	0.0	3.0	0.0	3.0	0.0	3.0	0.25	3.0	0.0	4.0	1.0	4.0	1.0	5.0	1.0	3.0	0.0	4.0	1.0	4.0	1.0	1.0	4.0	1.0	3.0	0.0	5.0	1.0	2.0	0.0	2.0	0.0	3.0	0.0	4.0	1.0	4.0	1.0	4.0	1.0	3.375	0.0	0.0	3.0	-1.0	0.0	-1.0	1.0	1.0	1.0	0.375	0.0	0.0	1.0	0.0	0.0	-1.0	1.0	1.0	1.0	0.25			0.0	0.0	0.0
3	2	1	4	66	12	6	3	1.0	1.0	1.0	0.0	1.0	1.0	0.0	0.0	1.0	1.0	1.0	1.0	1.0	4.0	1.0	2.0	28.0	4.0	4.0	4.0	4.0	4.0	4.0	5.0	0.0	1.0	1.0	1.0	2.0	0.0	1.0	0.0	1.0	0.0	1.0	1.0		0.0	0.0	2.0	0.0	2.0	0.0	4.0	1.0	2.0	0.0	1.0	0.0	3.0	0.0	1.0	0.0	4.0	1.0	4.0	1.0	2.375	0.25	4.0	1.0	4.0	1.0	3.0	0.0	4.0	1.0	2.0	0.0	2.0	0.0	3.0	0.0	0.0	2.0	0.0	3.0	0.0	4.0	1.0	1.0	0.0	1.0	0.0	3.0	0.0	1.0	0.0	2.0	0.0	3.0	0.0	2.125	0.0	1.0	0.0	-1.0	0.0	0.0	0.0	-2.0	-1.0	-0.25	0.0	0.0	0.0	0.0	0.0	0.0	0.0	-1.0	-1.0	-0.125	3.0	0.0	0.0	1.0	0.0
1	2	3	4	63	1	2	1	0.0	1.0	1.0	0.0	3.0	0.0	0.0	1.0	2.0	4.0	3.0	3.0	4.0	5.0	1.0	3.3333333	0.0	1.0	3.0	1.0	1.6666666	5.0	3.0	4.0	0.0	0.0	1.0	1.0	2.0	1.0	0.0	1.0	1.0	0.0	0.0		1.0	1.0	1.0	5.0	1.0	5.0	1.0	2.0	0.0	2.0	0.0	4.0	1.0	5.0	1.0	5.0	1.0	5.0	1.0	5.0	1.0	4.125	0.75	3.0	0.0	3.0	0.0	3.0	0.0	3.0	0.0	3.0	0.0	5.0	1.0	5.0	1.0	0.0	5.0	1.0	5.0	1.0	3.0	0.0	3.0	0.0	3.0	0.0	5.0	1.0	5.0	1.0	5.0	1.0	5.0	1.0	4.25	0.0	0.0	1.0	1.0	-1.0	0.0	0.0	0.0	0.0	0.125	0.0	0.0	0.0	0.0	-1.0	0.0	0.0	0.0	0.0	-0.125			1.0	0.0	1.0
2	4	3	1	21	14	2	1	0.0	1.0	1.0	0.0	3.0	0.0	0.0	1.0	3.0	4.0	3.0	3.3333333	5.0	5.0	3.0	4.3333335	0.0	2.0	2.0	5.0	3.0	4.0	3.0	3.0	1.0	0.0	0.0	0.0	0.0	1.0	1.0	0.0	1.0	0.0	1.0	1.0		0.0	0.0	5.0	1.0	3.0	0.0	2.0	0.0	3.0	0.0	4.0	1.0	3.0	0.0	3.0	0.0	4.0	1.0	4.0	1.0	3.375	0.375	2.0	0.0	3.0	0.0	2.0	0.0	5.0	1.0	5.0	1.0	4.0	1.0	4.0	1.0	1.0	2.0	0.0	3.0	0.0	2.0	0.0	4.0	1.0	5.0	1.0	4.0	1.0	5.0	1.0	4.0	1.0	3.0	0.0	3.625	-3.0	0.0	0.0	1.0	1.0	1.0	2.0	0.0	-1.0	0.25	-1.0	0.0	0.0	1.0	0.0	1.0	1.0	0.0	-1.0	0.25	4.0	1.0	0.0	0.0	1.0
4	3	1	2	53	14	6	3	0.0	1.0	0.0	1.0	1.0	1.0	0.0	0.0	1.0	1.0	1.0	1.0	5.0	5.0	5.0	5.0	0.0	3.0	5.0	1.0	3.0	5.0	5.0	5.0	0.0	1.0	1.0	1.0	2.0	0.0	0.0	1.0	1.0	0.0	0.0		1.0	1.0	1.0	5.0	1.0	5.0	1.0	3.0	0.0	5.0	1.0	5.0	1.0	5.0	1.0	5.0	1.0	5.0	1.0	5.0	1.0	4.75	0.875	5.0	1.0	3.0	0.0	5.0	1.0	3.0	0.0	5.0	1.0	5.0	1.0	5.0	1.0	1.0	5.0	1.0	5.0	1.0	3.0	0.0	5.0	1.0	5.0	1.0	5.0	1.0	5.0	1.0	5.0	1.0	5.0	1.0	4.75	0.0	0.0	0.0	0.0	0.0	0.0	0.0	0.0	0.0	0.0	0.0	0.0	0.0	0.0	0.0	0.0	0.0	0.0	0.0	0.0			0.0	0.0	0.0
4	3	2	1	42	22	6	2	0.0	0.0	1.0	0.0	2.0	1.0	0.0	0.0	4.0	4.0	4.0	4.0	5.0	5.0	4.0	4.6666665	95.0	1.0	4.0	1.0	2.0	5.0	4.0	5.0	0.0	1.0	1.0	1.0	2.0	1.0	0.0	0.0	0.0	1.0		0.0	0.0		1.0	4.0	1.0	5.0	1.0	5.0	1.0	5.0	1.0	5.0	1.0	2.0	0.0	4.0	1.0	4.0	1.0	5.0	1.0	4.25	0.875	5.0	1.0	4.0	1.0	5.0	1.0	2.0	0.0	4.0	1.0	4.0	1.0	5.0	1.0	0.0	4.0	1.0	4.0	1.0	4.0	1.0	4.0	1.0	4.0	1.0	5.0	1.0	5.0	1.0	4.0	1.0	5.0	1.0	4.25	0.0	-1.0	-1.0	-1.0	-1.0	3.0	1.0	0.0	0.0	0.0	0.0	0.0	0.0	0.0	0.0	1.0	0.0	0.0	0.0	0.125			0.0	1.0	0.0
3	2	4	1	63	8	3	2	0.0	1.0	0.0	1.0	1.0	1.0	0.0	0.0	4.0	4.0	3.0	3.6666667	2.0	4.0	4.0	3.3333333	0.0	3.0	3.0	2.0	2.6666667	4.0	4.0	4.0	0.0	1.0	0.0	0.0	0.0	0.0	0.0	1.0	1.0	0.0	0.0		1.0	0.0	0.0	4.0	1.0	4.0	1.0	3.0	0.0	2.0	0.0	3.0	0.0	4.0	1.0	3.0	0.0	4.0	1.0	3.0	0.0	3.375	0.5	2.0	0.0	2.0	0.0	4.0	1.0	4.0	1.0	2.0	0.0	5.0	1.0	5.0	1.0	0.0	4.0	1.0	4.0	1.0	2.0	0.0	2.0	0.0	2.0	0.0	3.0	0.0	3.0	0.0	3.0	0.0	3.0	0.0	2.875	0.0	0.0	-1.0	0.0	-1.0	-1.0	0.0	-1.0	0.0	-0.5	0.0	0.0	0.0	0.0	0.0	-1.0	0.0	-1.0	0.0	-0.25	4.0	1.0	0.0	0.0	0.0
3	1	4	2	33	3	3	3	0.0	0.0	0.0	1.0	8.0	0.0	1.0	0.0	3.0	3.0	4.0	3.3333333	4.0	4.0	3.0	3.6666667	-41.0	2.0	3.0	4.0	3.0	2.0	2.0	5.0	1.0	0.0	0.0	1.0	1.0	1.0	0.0	1.0	1.0	0.0	0.0		1.0	0.0	0.0	3.0	0.0	3.0	0.0	2.0	0.0	3.0	0.0	4.0	1.0	1.0	0.0	4.0	1.0	2.0	0.0	2.0	0.0	2.75	0.25	4.0	1.0	3.0	0.0	4.0	1.0	4.0	1.0	4.0	1.0	4.0	1.0	5.0	1.0	1.0	4.0	1.0	2.0	0.0	3.0	0.0	4.0	1.0	4.0	1.0	4.0	1.0	4.0	1.0	3.0	0.0	3.0	0.0	3.5	1.0	-1.0	1.0	1.0	0.0	3.0	0.0	1.0	1.0	0.75	1.0	0.0	0.0	1.0	0.0	1.0	0.0	0.0	0.0	0.375	2.0	0.0	0.0	0.0	0.0
1	4	3	2	60	6	2	2	0.0	1.0	1.0	0.0	3.0	0.0	0.0	1.0	3.0	3.0	2.0	2.6666667	3.0	3.0	2.0	2.6666667	1.0	3.0	3.0	3.0	3.0	3.0	3.0	3.0	0.0	1.0	0.0	1.0	1.0	1.0	1.0	0.0	1.0	0.0	1.0	1.0		0.0	0.0	4.0	1.0	1.0	0.0	3.0	0.0	2.0	0.0	4.0	1.0	3.0	0.0	3.0	0.0	4.0	1.0	5.0	1.0	3.0	0.375	5.0	1.0	3.0	0.0	3.0	0.0	3.0	0.0	3.0	0.0	4.0	1.0	3.0	0.0	0.0	4.0	1.0	3.0	0.0	3.0	0.0	2.0	0.0	4.0	1.0	3.0	0.0	3.0	0.0	4.0	1.0	5.0	1.0	3.25	0.0	2.0	0.0	0.0	0.0	0.0	0.0	0.0	0.0	0.25	0.0	0.0	0.0	0.0	0.0	0.0	0.0	0.0	0.0	0.0	4.0	1.0	1.0	0.0	1.0
3	1	4	2	27	9	5	1	0.0	1.0	1.0	0.0	1.0	1.0	0.0	0.0	4.0	4.0	5.0	4.3333335	5.0	4.0	4.0	4.3333335	20.0	4.0	5.0	1.0	3.3333333	4.0	5.0	5.0	0.0	1.0	1.0	0.0	1.0	0.0	0.0	1.0	1.0	0.0	0.0		1.0	1.0	1.0	5.0	1.0	4.0	1.0	4.0	1.0	4.0	1.0	5.0	1.0	4.0	1.0	4.0	1.0	5.0	1.0	4.0	1.0	4.375	1.0	4.0	1.0	5.0	1.0	4.0	1.0	4.0	1.0	5.0	1.0	4.0	1.0	5.0	1.0	1.0	5.0	1.0	4.0	1.0	4.0	1.0	4.0	1.0	4.0	1.0	5.0	1.0	5.0	1.0	4.0	1.0	5.0	1.0	4.375	0.0	0.0	0.0	0.0	-1.0	1.0	1.0	-1.0	1.0	0.0	0.0	0.0	0.0	0.0	0.0	0.0	0.0	0.0	0.0	0.0			0.0	1.0	0.0
1	3	4	2	74	2	2	4	1.0	1.0	1.0	0.0	1.0	1.0	0.0	0.0	2.0	1.0	2.0	1.6666666	4.0	4.0	4.0	4.0	1.0	3.0	3.0	3.0	3.0	4.0	4.0	4.0	0.0	1.0	0.0	1.0	1.0	1.0	1.0	0.0	1.0	0.0	1.0	1.0		0.0	0.0	4.0	1.0	3.0	0.0	2.0	0.0	1.0	0.0	3.0	0.0	4.0	1.0	3.0	0.0	4.0	1.0	3.0	0.0	3.0	0.375	4.0	1.0	3.0	0.0	3.0	0.0	3.0	0.0	4.0	1.0	5.0	1.0	4.0	1.0	0.0	4.0	1.0	4.0	1.0	2.0	0.0	2.0	0.0	2.0	0.0	4.0	1.0	2.0	0.0	4.0	1.0	3.0	0.0	3.0	0.0	1.0	0.0	1.0	-1.0	0.0	-1.0	0.0	0.0	0.0	0.0	1.0	0.0	0.0	0.0	0.0	0.0	0.0	0.0	0.125	5.0	1.0	1.0	0.0	1.0
2	1	4	3	65	5	2	3	0.0	1.0	1.0	0.0	1.0	1.0	0.0	0.0	2.0	1.0	2.0	1.6666666	5.0	5.0	4.0	4.6666665	0.0	3.0	4.0	3.0	3.3333333	5.0	2.0	4.0	0.0	1.0	0.0	0.0	0.0	1.0	0.0	0.0	0.0	1.0		0.0	0.0		1.0	4.0	1.0	4.0	1.0	3.0	0.0	2.0	0.0	3.0	0.0	4.0	1.0	3.0	0.0	4.0	1.0	4.0	1.0	3.375	0.5	2.0	0.0	2.0	0.0	3.0	0.0	4.0	1.0	3.0	0.0	4.0	1.0	3.0	0.0	0.0	4.0	1.0	4.0	1.0	4.0	1.0	3.0	0.0	4.0	1.0	4.0	1.0	4.0	1.0	4.0	1.0	4.0	1.0	3.875	0.0	0.0	1.0	1.0	1.0	0.0	1.0	0.0	0.0	0.5	0.0	0.0	1.0	0.0	1.0	0.0	1.0	0.0	0.0	0.375			0.0	0.0	0.0
3	2	4	1	69	13	7	1	1.0	1.0	1.0	0.0	5.0	0.0	0.0	1.0	4.0	1.0	3.0	2.6666667	5.0	5.0	5.0	5.0	96.0	5.0	4.0	5.0	4.6666665	1.0	3.0	5.0	1.0	0.0	1.0	1.0	2.0	1.0	0.0	0.0	0.0	1.0		0.0	0.0		1.0	5.0	1.0	5.0	1.0	5.0	1.0	2.0	0.0	1.0	0.0	1.0	0.0	3.0	0.0	5.0	1.0	2.0	0.0	3.375	0.5	2.0	0.0	3.0	0.0	3.0	0.0	2.0	0.0	2.0	0.0	5.0	1.0	5.0	1.0	0.0	5.0	1.0	5.0	1.0	5.0	1.0	1.0	0.0	1.0	0.0	1.0	0.0	2.0	0.0	5.0	1.0	2.0	0.0	3.125	0.0	0.0	0.0	-1.0	0.0	0.0	-1.0	0.0	0.0	-0.25	0.0	0.0	0.0	0.0	0.0	0.0	0.0	0.0	0.0	0.0			0.0	1.0	0.0
3	2	4	1	55	14	6	2	0.0	1.0	1.0	0.0	8.0	0.0	1.0	0.0	4.0	1.0	1.0	2.0	3.0	5.0	3.0	3.6666667	92.0	4.0	4.0	4.0	4.0	4.0	3.0	4.0	1.0	0.0	1.0	1.0	2.0	0.0	1.0	0.0	1.0	0.0	1.0	1.0		0.0	0.0	4.0	1.0	4.0	1.0	4.0	1.0	4.0	1.0	4.0	1.0	3.0	0.0	3.0	0.0	4.0	1.0	4.0	1.0	3.75	0.75	1.0	0.0	4.0	1.0	4.0	1.0	4.0	1.0	3.0	0.0	4.0	1.0	5.0	1.0	1.0	3.0	0.0	3.0	0.0	3.0	0.0	3.0	0.0	3.0	0.0	3.0	0.0	3.0	0.0	3.0	0.0	3.0	0.0	3.0	-1.0	-1.0	-1.0	-1.0	-1.0	0.0	0.0	-1.0	-1.0	-0.75	-1.0	-1.0	-1.0	-1.0	-1.0	0.0	0.0	-1.0	-1.0	-0.75	4.0	1.0	0.0	1.0	0.0
1	3	4	2	67	5	2	3	1.0	1.0	1.0	0.0	7.0	0.0	1.0	0.0	3.0	3.0	4.0	3.3333333	3.0	4.0	3.0	3.3333333	-21.0	3.0	4.0	2.0	3.0	3.0	3.0	4.0	1.0	0.0	1.0	0.0	1.0	1.0	0.0	0.0	0.0	1.0		0.0	0.0		1.0	3.0	0.0	4.0	1.0	3.0	0.0	2.0	0.0	2.0	0.0	3.0	0.0	2.0	0.0	2.0	0.0	2.0	0.0	2.625	0.125	5.0	1.0	2.0	0.0	2.0	0.0	3.0	0.0	2.0	0.0	2.0	0.0	3.0	0.0	0.0	4.0	1.0	4.0	1.0	4.0	1.0	1.0	0.0	2.0	0.0	3.0	0.0	2.0	0.0	3.0	0.0	2.0	0.0	2.875	1.0	0.0	1.0	-1.0	0.0	0.0	0.0	1.0	0.0	0.25	1.0	0.0	1.0	0.0	0.0	0.0	0.0	0.0	0.0	0.25			1.0	0.0	1.0
1	4	3	2	24	15	6	2	0.0	1.0	0.0	1.0	3.0	0.0	0.0	1.0	1.0	2.0	2.0	1.6666666	3.0	4.0	3.0	3.3333333	0.0	5.0	2.0	3.0	3.3333333	2.0	4.0	4.0	0.0	1.0	1.0	1.0	2.0	0.0	1.0	0.0	1.0	0.0	1.0	1.0		0.0	0.0	3.0	0.0	5.0	1.0	3.0	0.0	3.0	0.0	4.0	1.0	4.0	1.0	4.0	1.0	4.0	1.0	4.0	1.0	3.75	0.625	4.0	1.0	4.0	1.0	5.0	1.0	4.0	1.0	4.0	1.0	5.0	1.0	4.0	1.0	1.0	3.0	0.0	3.0	0.0	3.0	0.0	4.0	1.0	4.0	1.0	4.0	1.0	4.0	1.0	3.0	0.0	4.0	1.0	3.5	0.0	-2.0	0.0	1.0	0.0	0.0	0.0	-1.0	0.0	-0.25	0.0	-1.0	0.0	1.0	0.0	0.0	0.0	-1.0	0.0	-0.125	3.0	0.0	1.0	0.0	1.0
2	3	4	1	44	21	2	3	0.0	0.0	1.0	0.0	8.0	0.0	1.0	0.0	2.0	2.0	2.0	2.0	2.0	3.0	2.0	2.3333333	89.0	3.0	4.0	4.0	3.6666667	2.0	1.0	4.0	1.0	0.0	1.0	1.0	2.0	1.0	1.0	0.0	1.0	0.0	1.0	1.0		0.0	0.0	3.0	0.0	3.0	0.0	3.0	0.0	3.0	0.0	3.0	0.0	3.0	0.0	3.0	0.0	3.0	0.0	3.0	0.0	3.0	0.0	2.0	0.0	2.0	0.0	2.0	0.0	4.0	1.0	2.0	0.0	3.0	0.0	4.0	1.0	0.0	4.0	1.0	4.0	1.0	4.0	1.0	2.0	0.0	2.0	0.0	2.0	0.0	2.0	0.0	4.0	1.0	2.0	0.0	3.0	1.0	1.0	1.0	-1.0	-1.0	-1.0	-1.0	1.0	-1.0	0.0	1.0	1.0	1.0	0.0	0.0	0.0	0.0	1.0	0.0	0.5	4.0	1.0	0.0	1.0	1.0
1	2	3	4	72	3	4	2	1.0	1.0	1.0	0.0	8.0	0.0	1.0	0.0	2.0	2.0	2.0	2.0	2.0	4.0	4.0	3.3333333	49.0	2.0	2.0	2.0	2.0	4.0	4.0	3.0	1.0	0.0	0.0	0.0	0.0	1.0	0.0	1.0	1.0	0.0	0.0		1.0	1.0	1.0	4.0	1.0	4.0	1.0	4.0	1.0	4.0	1.0	4.0	1.0	3.0	0.0	3.0	0.0	4.0	1.0	4.0	1.0	3.75	0.75	4.0	1.0	4.0	1.0	4.0	1.0	4.0	1.0	4.0	1.0	5.0	1.0	5.0	1.0	0.0	4.0	1.0	4.0	1.0	4.0	1.0	4.0	1.0	4.0	1.0	3.0	0.0	3.0	0.0	4.0	1.0	4.0	1.0	3.75	0.0	0.0	0.0	0.0	0.0	0.0	0.0	0.0	0.0	0.0	0.0	0.0	0.0	0.0	0.0	0.0	0.0	0.0	0.0	0.0			1.0	1.0	1.0
4	1	3	2	66	6	5	3	1.0	1.0	1.0	0.0	6.0	0.0	0.0	1.0	2.0	3.0	3.0	2.6666667	4.0	4.0	3.0	3.6666667	100.0	4.0	5.0	4.0	4.3333335	5.0	4.0	2.0	1.0	0.0	1.0	1.0	2.0	0.0	0.0	0.0	0.0	1.0		0.0	0.0		1.0	3.0	0.0	3.0	0.0	3.0	0.0	3.0	0.0	3.0	0.0	3.0	0.0	3.0	0.0	3.0	0.0	3.0	0.0	3.0	0.0	1.0	0.0	1.0	0.0	3.0	0.0	3.0	0.0	3.0	0.0	3.0	0.0	3.0	0.0	0.0	3.0	0.0	3.0	0.0	3.0	0.0	3.0	0.0	3.0	0.0	3.0	0.0	3.0	0.0	3.0	0.0	3.0	0.0	3.0	0.0	0.0	0.0	0.0	0.0	0.0	0.0	0.0	0.0	0.0	0.0	0.0	0.0	0.0	0.0	0.0	0.0	0.0	0.0	0.0			0.0	1.0	0.0
4	3	1	2	67	5	5	1	1.0	1.0	1.0	0.0	1.0	1.0	0.0	0.0	1.0	1.0	1.0	1.0	1.0	1.0	1.0	1.0	0.0	4.0	3.0	3.0	3.3333333	4.0	4.0	5.0	0.0	1.0	1.0	1.0	2.0	0.0	0.0	0.0	0.0	1.0		0.0	0.0		1.0	4.0	1.0	5.0	1.0	3.0	0.0	3.0	0.0	3.0	0.0	5.0	1.0	4.0	1.0	4.0	1.0	5.0	1.0	3.875	0.625	3.0	0.0	4.0	1.0	4.0	1.0	5.0	1.0	4.0	1.0	5.0	1.0	5.0	1.0	0.0	5.0	1.0	5.0	1.0	4.0	1.0	3.0	0.0	3.0	0.0	5.0	1.0	4.0	1.0	4.0	1.0	4.0	1.0	4.125	1.0	0.0	1.0	0.0	0.0	0.0	0.0	0.0	-1.0	0.25	0.0	0.0	1.0	0.0	0.0	0.0	0.0	0.0	0.0	0.125			0.0	0.0	0.0
3	1	4	2	75	12	4	2	1.0	1.0	1.0	0.0	7.0	0.0	1.0	0.0	4.0	4.0	4.0	4.0	2.0	3.0	2.0	2.3333333	-19.0	3.0	4.0	4.0	3.6666667	2.0	2.0	5.0	0.0	0.0	0.0	0.0	0.0	0.0	0.0	0.0	0.0	1.0		0.0	0.0		1.0	3.0	0.0	4.0	1.0	4.0	1.0	2.0	0.0	2.0	0.0	2.0	0.0	2.0	0.0	4.0	1.0	3.0	0.0	2.875	0.375	3.0	0.0	2.0	0.0	3.0	0.0	4.0	1.0	2.0	0.0	4.0	1.0	4.0	1.0	0.0	4.0	1.0	4.0	1.0	4.0	1.0	2.0	0.0	2.0	0.0	2.0	0.0	2.0	0.0	4.0	1.0	3.0	0.0	3.0	1.0	0.0	0.0	0.0	0.0	0.0	0.0	0.0	0.0	0.125	1.0	0.0	0.0	0.0	0.0	0.0	0.0	0.0	0.0	0.125			0.0	0.0	0.0
2	4	1	3	63	10	7	3	0.0	1.0	0.0	1.0	1.0	1.0	0.0	0.0	2.0	2.0	2.0	2.0	4.0	4.0	1.0	3.0	1.0	3.0	3.0	2.0	2.6666667	5.0	4.0	2.0	0.0	1.0	0.0	0.0	0.0	1.0	0.0	1.0	1.0	0.0	0.0		1.0	0.0	0.0	3.0	0.0	3.0	0.0	3.0	0.0	3.0	0.0	3.0	0.0	3.0	0.0	3.0	0.0	3.0	0.0	4.0	1.0	3.0	0.0	4.0	1.0	3.0	0.0	3.0	0.0	4.0	1.0	3.0	0.0	4.0	1.0	4.0	1.0	0.0	3.0	0.0	3.0	0.0	2.0	0.0	4.0	1.0	3.0	0.0	4.0	1.0	3.0	0.0	3.0	0.0	4.0	1.0	3.125	0.0	0.0	-1.0	1.0	0.0	1.0	0.0	0.0	0.0	0.125	0.0	0.0	0.0	1.0	0.0	1.0	0.0	0.0	0.0	0.25	3.0	0.0	0.0	0.0	1.0
2	3	4	1	57	1	2	2	0.0	1.0	1.0	0.0	7.0	0.0	1.0	0.0	1.0	3.0	1.0	1.6666666	3.0	5.0	3.0	3.6666667	0.0	4.0	5.0	4.0	4.3333335	3.0	2.0	3.0	1.0	0.0	1.0	0.0	1.0	1.0	1.0	0.0	1.0	0.0	1.0	1.0		1.0	1.0	4.0	1.0	4.0	1.0	5.0	1.0	3.0	0.0	3.0	0.0	1.0	0.0	1.0	0.0	3.0	0.0	3.0	0.0	3.0	0.375	4.0	1.0	3.0	0.0	3.0	0.0	5.0	1.0	3.0	0.0	5.0	1.0	5.0	1.0	0.0	4.0	1.0	4.0	1.0	5.0	1.0	5.0	1.0	3.0	0.0	2.0	0.0	4.0	1.0	3.0	0.0	4.0	1.0	3.75	0.0	0.0	0.0	2.0	0.0	1.0	3.0	0.0	1.0	0.75	0.0	0.0	0.0	1.0	0.0	0.0	1.0	0.0	1.0	0.25			0.0	0.0	1.0
1	3	4	2	22	4	5	3	0.0	0.0	1.0	0.0	1.0	1.0	0.0	0.0	5.0	1.0	5.0	3.6666667	4.0	4.0	4.0	4.0	-16.0	5.0	4.0	2.0	3.6666667	5.0	4.0	5.0	1.0	0.0	0.0	0.0	0.0	0.0	1.0	0.0	1.0	0.0	1.0	1.0		0.0	0.0	4.0	1.0	5.0	1.0	4.0	1.0	5.0	1.0	4.0	1.0	5.0	1.0	1.0	0.0	4.0	1.0	4.0	1.0	4.0	0.875	5.0	1.0	5.0	1.0	4.0	1.0	5.0	1.0	4.0	1.0	4.0	1.0	5.0	1.0	1.0	1.0	0.0	1.0	0.0	4.0	1.0	4.0	1.0	5.0	1.0	4.0	1.0	2.0	0.0	1.0	0.0	4.0	1.0	2.75	-3.0	-4.0	0.0	-1.0	1.0	-1.0	1.0	-3.0	0.0	-1.25	-1.0	-1.0	0.0	0.0	0.0	0.0	0.0	-1.0	0.0	-0.375	5.0	1.0	1.0	0.0	1.0
4	1	3	2	63	19	6	2	0.0	1.0	1.0	0.0	8.0	0.0	1.0	0.0	2.0	1.0	1.0	1.3333334	3.0	4.0	1.0	2.6666667	0.0	4.0	4.0	4.0	4.0	2.0	5.0	4.0	1.0	0.0	0.0	0.0	0.0	1.0	0.0	1.0	1.0	0.0	0.0		1.0	0.0	0.0	5.0	1.0	5.0	1.0	4.0	1.0	3.0	0.0	3.0	0.0	4.0	1.0	4.0	1.0	5.0	1.0	4.0	1.0	4.125	0.75	5.0	1.0	4.0	1.0	4.0	1.0	3.0	0.0	4.0	1.0	5.0	1.0	5.0	1.0	1.0	4.0	1.0	5.0	1.0	1.0	0.0	2.0	0.0	2.0	0.0	4.0	1.0	3.0	0.0	5.0	1.0	3.0	0.0	3.25	-1.0	0.0	-3.0	-1.0	-1.0	0.0	-1.0	0.0	-1.0	-0.875	0.0	0.0	-1.0	0.0	0.0	0.0	-1.0	0.0	-1.0	-0.25	5.0	1.0	0.0	0.0	0.0
3	1	4	2	65	18	4	2	0.0	0.0	1.0	0.0	8.0	0.0	1.0	0.0	1.0	4.0	4.0	3.0	3.0	4.0	3.0	3.3333333	72.0	5.0	4.0	4.0	4.3333335	4.0	3.0	4.0	1.0	0.0	1.0	0.0	1.0	0.0	0.0	1.0	1.0	0.0	0.0		1.0	1.0	1.0	4.0	1.0	4.0	1.0	3.0	0.0	2.0	0.0	2.0	0.0	3.0	0.0	3.0	0.0	2.0	0.0	2.0	0.0	2.875	0.25	2.0	0.0	3.0	0.0	3.0	0.0	4.0	1.0	3.0	0.0	3.0	0.0	3.0	0.0	0.0	4.0	1.0	5.0	1.0	3.0	0.0	3.0	0.0	3.0	0.0	3.0	0.0	3.0	0.0	2.0	0.0	3.0	0.0	3.25	0.0	1.0	0.0	1.0	1.0	0.0	0.0	0.0	1.0	0.375	0.0	0.0	0.0	0.0	0.0	0.0	0.0	0.0	0.0	0.0			0.0	1.0	0.0
3	1	2	4	22	7	2	3	0.0	1.0	1.0	0.0	8.0	0.0	1.0	0.0	3.0	4.0	5.0	4.0	5.0	3.0	4.0	4.0	-35.0	3.0	3.0	3.0	3.0	3.0	3.0	2.0	1.0	0.0	0.0	0.0	0.0	1.0	0.0	1.0	1.0	0.0	0.0		1.0	1.0	1.0	4.0	1.0	1.0	0.0	2.0	0.0	2.0	0.0	3.0	0.0	2.0	0.0	4.0	1.0	2.0	0.0	3.0	0.0	2.5	0.25	5.0	1.0	5.0	1.0	4.0	1.0	4.0	1.0	3.0	0.0	2.0	0.0	4.0	1.0	1.0	3.0	0.0	4.0	1.0	2.0	0.0	1.0	0.0	2.0	0.0	3.0	0.0	4.0	1.0	3.0	0.0	3.0	0.0	2.75	-1.0	3.0	0.0	-1.0	-1.0	1.0	0.0	1.0	0.0	0.25	-1.0	1.0	0.0	0.0	0.0	0.0	0.0	0.0	0.0	0.0			0.0	0.0	0.0
3	2	4	1	74	5	2	3	1.0	1.0	1.0	0.0	1.0	1.0	0.0	0.0	1.0	1.0	1.0	1.0	4.0	4.0	4.0	4.0	11.0	4.0	3.0	4.0	3.6666667	3.0	4.0	4.0	0.0	1.0	0.0	0.0	0.0	0.0	0.0	1.0	1.0	0.0	0.0		1.0	0.0	0.0	5.0	1.0	4.0	1.0	5.0	1.0	2.0	0.0	5.0	1.0	4.0	1.0	4.0	1.0	5.0	1.0	5.0	1.0	4.25	0.875	3.0	0.0	4.0	1.0	5.0	1.0	4.0	1.0	4.0	1.0	5.0	1.0	5.0	1.0	0.0	5.0	1.0	5.0	1.0	5.0	1.0	1.0	0.0	5.0	1.0	4.0	1.0	4.0	1.0	5.0	1.0	5.0	1.0	4.25	0.0	1.0	0.0	-1.0	0.0	0.0	0.0	0.0	0.0	0.0	0.0	0.0	0.0	0.0	0.0	0.0	0.0	0.0	0.0	0.0	5.0	1.0	0.0	1.0	0.0
2	3	4	1	30	8	6	1	0.0	1.0	1.0	0.0	1.0	1.0	0.0	0.0	1.0	1.0	1.0	1.0	3.0	5.0	1.0	3.0	-83.0	1.0	1.0	3.0	1.6666666	3.0	1.0	3.0	0.0	1.0	1.0	1.0	2.0	0.0	0.0	1.0	1.0	0.0	0.0		1.0	1.0	1.0	3.0	0.0	4.0	1.0	3.0	0.0	1.0	0.0	1.0	0.0	5.0	1.0	3.0	0.0	3.0	0.0	5.0	1.0	2.875	0.25	2.0	0.0	2.0	0.0	3.0	0.0	4.0	1.0	3.0	0.0	5.0	1.0	4.0	1.0	0.0	5.0	1.0	5.0	1.0	4.0	1.0	1.0	0.0	1.0	0.0	5.0	1.0	3.0	0.0	4.0	1.0	5.0	1.0	3.5	2.0	1.0	1.0	0.0	0.0	0.0	0.0	1.0	0.0	0.625	1.0	0.0	1.0	0.0	0.0	0.0	0.0	1.0	0.0	0.375			0.0	0.0	1.0
3	1	4	2	76	9	7	4	1.0	1.0	1.0	0.0	1.0	1.0	0.0	0.0	1.0	1.0	1.0	1.0	1.0	4.0	1.0	2.0	0.0	3.0	4.0	1.0	2.6666667	5.0	4.0	5.0	0.0	1.0	1.0	1.0	2.0	1.0	0.0	0.0	0.0	1.0		0.0	0.0		1.0	5.0	1.0	5.0	1.0	4.0	1.0	1.0	0.0	1.0	0.0	5.0	1.0	4.0	1.0	5.0	1.0	4.0	1.0	3.75	0.75	2.0	0.0	2.0	0.0	4.0	1.0	4.0	1.0	4.0	1.0	5.0	1.0	4.0	1.0	1.0	5.0	1.0	5.0	1.0	4.0	1.0	2.0	0.0	2.0	0.0	5.0	1.0	4.0	1.0	5.0	1.0	5.0	1.0	4.0	0.0	0.0	0.0	1.0	1.0	0.0	0.0	0.0	1.0	0.25	0.0	0.0	0.0	0.0	0.0	0.0	0.0	0.0	0.0	0.0			0.0	0.0	0.0
3	2	4	1	64	3	5	3	0.0	1.0	1.0	0.0	8.0	0.0	1.0	0.0	1.0	1.0	1.0	1.0	5.0	4.0	1.0	3.3333333	100.0	3.0	5.0	5.0	4.3333335	1.0	4.0	5.0	1.0	0.0	1.0	1.0	2.0	1.0	0.0	1.0	1.0	0.0	0.0		1.0	0.0	0.0	5.0	1.0	5.0	1.0	1.0	0.0	1.0	0.0	1.0	0.0	4.0	1.0	1.0	0.0	5.0	1.0	3.0	0.0	2.875	0.5	4.0	1.0	3.0	0.0	3.0	0.0	5.0	1.0	2.0	0.0	5.0	1.0	5.0	1.0	0.0	5.0	1.0	5.0	1.0	1.0	0.0	1.0	0.0	1.0	0.0	4.0	1.0	1.0	0.0	5.0	1.0	3.0	0.0	2.875	0.0	0.0	0.0	0.0	0.0	0.0	0.0	0.0	0.0	0.0	0.0	0.0	0.0	0.0	0.0	0.0	0.0	0.0	0.0	0.0	5.0	1.0	0.0	1.0	0.0
4	1	2	3	53	18	5	2	0.0	1.0	1.0	0.0	7.0	0.0	1.0	0.0	5.0	4.0	4.0	4.3333335	3.0	4.0	5.0	4.0	0.0	4.0	5.0	4.0	4.3333335	3.0	4.0	4.0	1.0	0.0	1.0	1.0	2.0	1.0	0.0	0.0	0.0	1.0		0.0	0.0		1.0	2.0	0.0	2.0	0.0	2.0	0.0	1.0	0.0	2.0	0.0	1.0	0.0	1.0	0.0	1.0	0.0	3.0	0.0	1.5	0.0	4.0	1.0	2.0	0.0	4.0	1.0	1.0	0.0	4.0	1.0	3.0	0.0	2.0	0.0	1.0	2.0	0.0	2.0	0.0	1.0	0.0	2.0	0.0	2.0	0.0	1.0	0.0	1.0	0.0	1.0	0.0	1.0	0.0	1.5	0.0	0.0	-1.0	1.0	0.0	0.0	0.0	0.0	-2.0	0.0	0.0	0.0	0.0	0.0	0.0	0.0	0.0	0.0	0.0	0.0			0.0	0.0	0.0
2	3	4	1	61	5	5	4	0.0	1.0	1.0	0.0	1.0	1.0	0.0	0.0	2.0	2.0	3.0	2.3333333	3.0	4.0	3.0	3.3333333	-5.0	2.0	2.0	2.0	2.0	4.0	3.0	5.0	0.0	1.0	1.0	0.0	1.0	1.0	0.0	0.0	0.0	1.0		0.0	0.0		1.0	3.0	0.0	3.0	0.0	2.0	0.0	1.0	0.0	2.0	0.0	3.0	0.0	4.0	1.0	3.0	0.0	1.0	0.0	2.625	0.125	2.0	0.0	3.0	0.0	2.0	0.0	1.0	0.0	2.0	0.0	3.0	0.0	3.0	0.0	0.0	4.0	1.0	4.0	1.0	3.0	0.0	1.0	0.0	1.0	0.0	3.0	0.0	4.0	1.0	2.0	0.0	2.0	0.0	2.75	1.0	1.0	1.0	0.0	-1.0	0.0	0.0	-1.0	1.0	0.125	1.0	1.0	0.0	0.0	0.0	0.0	0.0	0.0	0.0	0.25			0.0	0.0	1.0
4	2	3	1	62	2	2	3	0.0	1.0	1.0	0.0	1.0	1.0	0.0	0.0	1.0	1.0	1.0	1.0	1.0	3.0	1.0	1.6666666	0.0	3.0	2.0	1.0	2.0	3.0	2.0	3.0	0.0	1.0	1.0	1.0	2.0	1.0	0.0	1.0	1.0	0.0	0.0		1.0	0.0	0.0	4.0	1.0	4.0	1.0	4.0	1.0	2.0	0.0	2.0	0.0	4.0	1.0	2.0	0.0	4.0	1.0	2.0	0.0	3.25	0.625	3.0	0.0	1.0	0.0	2.0	0.0	2.0	0.0	2.0	0.0	4.0	1.0	3.0	0.0	0.0	4.0	1.0	4.0	1.0	4.0	1.0	2.0	0.0	2.0	0.0	4.0	1.0	2.0	0.0	3.0	0.0	3.0	0.0	3.125	0.0	0.0	0.0	0.0	0.0	0.0	0.0	-1.0	1.0	-0.125	0.0	0.0	0.0	0.0	0.0	0.0	0.0	-1.0	0.0	-0.125	4.0	1.0	0.0	0.0	0.0
1	2	4	3	60	1	7	4	0.0	1.0	0.0	0.0	1.0	1.0	0.0	0.0	1.0	1.0	3.0	1.6666666	3.0	2.0	1.0	2.0	0.0	1.0	1.0	2.0	1.3333334	1.0	1.0	4.0	0.0	1.0	0.0	0.0	0.0	1.0	1.0	0.0	1.0	0.0	1.0	1.0		1.0	1.0	3.0	0.0	3.0	0.0	3.0	0.0	3.0	0.0	3.0	0.0	3.0	0.0	3.0	0.0	3.0	0.0	3.0	0.0	3.0	0.0	1.0	0.0	2.0	0.0	3.0	0.0	3.0	0.0	3.0	0.0	3.0	0.0	3.0	0.0	0.0	2.0	0.0	1.0	0.0	3.0	0.0	1.0	0.0	1.0	0.0	3.0	0.0	1.0	0.0	1.0	0.0	1.0	0.0	1.625	-1.0	-2.0	0.0	-2.0	-2.0	0.0	-2.0	-2.0	-2.0	-1.375	0.0	0.0	0.0	0.0	0.0	0.0	0.0	0.0	0.0	0.0			1.0	0.0	1.0
3	2	4	1	66	4	8	3	1.0	0.0	1.0	0.0	2.0	1.0	0.0	0.0	2.0	3.0	2.0	2.3333333	2.0	3.0	1.0	2.0	-65.0	3.0	4.0	2.0	3.0	4.0	5.0	4.0	0.0	1.0	1.0	1.0	2.0	1.0	1.0	0.0	1.0	0.0	1.0	1.0		0.0	0.0	4.0	1.0	5.0	1.0	5.0	1.0	3.0	0.0	1.0	0.0	1.0	0.0	4.0	1.0	5.0	1.0	4.0	1.0	3.5	0.625	1.0	0.0	2.0	0.0	2.0	0.0	2.0	0.0	2.0	0.0	5.0	1.0	5.0	1.0	0.0	4.0	1.0	5.0	1.0	5.0	1.0	3.0	0.0	1.0	0.0	1.0	0.0	4.0	1.0	4.0	1.0	4.0	1.0	3.375	0.0	0.0	0.0	0.0	0.0	0.0	0.0	-1.0	0.0	-0.125	0.0	0.0	0.0	0.0	0.0	0.0	0.0	0.0	0.0	0.0	5.0	1.0	0.0	0.0	0.0
1	4	3	2	64	10	5	2	0.0	1.0	1.0	0.0	1.0	1.0	0.0	0.0	1.0	2.0	1.0	1.3333334	3.0	2.0	2.0	2.3333333	31.0	4.0	3.0	4.0	3.6666667	3.0	3.0	4.0	0.0	1.0	1.0	0.0	1.0	1.0	1.0	0.0	1.0	0.0	1.0	1.0		1.0	1.0	3.0	0.0	3.0	0.0	3.0	0.0	1.0	0.0	4.0	1.0	3.0	0.0	2.0	0.0	4.0	1.0	3.0	0.0	2.875	0.25	4.0	1.0	4.0	1.0	2.0	0.0	2.0	0.0	3.0	0.0	5.0	1.0	5.0	1.0	0.0	4.0	1.0	3.0	0.0	2.0	0.0	1.0	0.0	3.0	0.0	4.0	1.0	2.0	0.0	3.0	0.0	4.0	1.0	2.75	1.0	0.0	-1.0	0.0	-1.0	1.0	0.0	-1.0	1.0	-0.125	1.0	0.0	0.0	0.0	-1.0	1.0	0.0	-1.0	1.0	0.0			1.0	1.0	1.0
3	2	4	1	68	8	5	3	1.0	0.0	1.0	0.0	6.0	0.0	0.0	1.0	5.0	5.0	3.0	4.3333335	3.0	5.0	3.0	3.6666667	0.0	3.0	5.0	3.0	3.6666667	1.0	2.0	5.0	1.0	0.0	1.0	1.0	2.0	0.0	0.0	0.0	0.0	1.0		0.0	0.0		1.0	3.0	0.0	3.0	0.0	1.0	0.0	1.0	0.0	1.0	0.0	3.0	0.0	1.0	0.0	3.0	0.0	1.0	0.0	2.0	0.0	1.0	0.0	1.0	0.0	1.0	0.0	4.0	1.0	2.0	0.0	3.0	0.0	3.0	0.0	0.0	3.0	0.0	3.0	0.0	1.0	0.0	1.0	0.0	1.0	0.0	3.0	0.0	1.0	0.0	3.0	0.0	1.0	0.0	2.0	0.0	0.0	0.0	0.0	0.0	0.0	0.0	0.0	0.0	0.0	0.0	0.0	0.0	0.0	0.0	0.0	0.0	0.0	0.0	0.0			0.0	0.0	0.0
3	2	4	1	77	17	7	2	1.0	0.0	1.0	0.0	8.0	0.0	1.0	0.0	1.0	1.0	1.0	1.0	1.0	5.0	5.0	3.6666667	100.0	5.0	2.0	2.0	3.0	1.0	1.0	5.0	1.0	0.0	1.0	1.0	2.0	0.0	0.0	0.0	0.0	1.0		0.0	0.0		1.0	5.0	1.0	5.0	1.0	5.0	1.0	1.0	0.0	1.0	0.0	1.0	0.0	1.0	0.0	1.0	0.0	1.0	0.0	2.5	0.375	1.0	0.0	1.0	0.0	1.0	0.0	5.0	1.0	1.0	0.0	5.0	1.0	5.0	1.0	0.0	5.0	1.0	5.0	1.0	5.0	1.0	1.0	0.0	1.0	0.0	1.0	0.0	1.0	0.0	1.0	0.0	1.0	0.0	2.5	0.0	0.0	0.0	0.0	0.0	0.0	0.0	0.0	0.0	0.0	0.0	0.0	0.0	0.0	0.0	0.0	0.0	0.0	0.0	0.0			0.0	1.0	0.0
1	4	3	2	43	7	2	1	0.0	1.0	1.0	0.0	8.0	0.0	1.0	0.0	3.0	3.0	3.0	3.0	3.0	4.0	3.0	3.3333333	47.0	3.0	3.0	2.0	2.6666667	4.0	3.0	5.0	1.0	0.0	1.0	0.0	1.0	1.0	0.0	0.0	0.0	1.0		0.0	0.0		1.0	3.0	0.0	3.0	0.0	3.0	0.0	3.0	0.0	3.0	0.0	4.0	1.0	3.0	0.0	4.0	1.0	5.0	1.0	3.25	0.25	3.0	0.0	3.0	0.0	4.0	1.0	4.0	1.0	3.0	0.0	5.0	1.0	3.0	0.0	0.0	4.0	1.0	3.0	0.0	4.0	1.0	3.0	0.0	5.0	1.0	4.0	1.0	3.0	0.0	4.0	1.0	3.0	0.0	3.75	1.0	0.0	1.0	0.0	2.0	0.0	0.0	0.0	-2.0	0.5	1.0	0.0	1.0	0.0	1.0	0.0	0.0	0.0	-1.0	0.375			1.0	1.0	1.0
3	2	4	1	65	2	4	3	0.0	1.0	0.0	0.0	1.0	1.0	0.0	0.0	2.0	2.0	2.0	2.0	2.0	4.0	4.0	3.3333333	3.0	4.0	4.0	4.0	4.0	2.0	4.0	4.0	1.0	0.0	1.0	0.0	1.0	1.0	0.0	1.0	1.0	0.0	0.0		1.0	0.0	0.0	4.0	1.0	4.0	1.0	2.0	0.0	2.0	0.0	4.0	1.0	2.0	0.0	2.0	0.0	4.0	1.0	4.0	1.0	3.0	0.5	3.0	0.0	4.0	1.0	4.0	1.0	2.0	0.0	4.0	1.0	4.0	1.0	4.0	1.0	0.0	4.0	1.0	4.0	1.0	2.0	0.0	2.0	0.0	2.0	0.0	2.0	0.0	2.0	0.0	4.0	1.0	4.0	1.0	2.75	0.0	0.0	0.0	0.0	-2.0	0.0	0.0	0.0	0.0	-0.25	0.0	0.0	0.0	0.0	-1.0	0.0	0.0	0.0	0.0	-0.125	4.0	1.0	0.0	1.0	0.0
3	1	4	2	49	4	7	4	0.0	1.0	1.0	0.0	1.0	1.0	0.0	0.0	1.0	1.0	1.0	1.0	4.0	5.0	4.0	4.3333335	53.0	5.0	3.0	2.0	3.3333333	5.0	5.0	5.0	0.0	1.0	0.0	1.0	1.0	1.0	0.0	1.0	1.0	0.0	0.0		1.0	1.0	1.0	5.0	1.0	5.0	1.0	5.0	1.0	5.0	1.0	4.0	1.0	5.0	1.0	5.0	1.0	5.0	1.0	5.0	1.0	4.875	1.0	5.0	1.0	5.0	1.0	5.0	1.0	5.0	1.0	5.0	1.0	5.0	1.0	5.0	1.0	1.0	5.0	1.0	5.0	1.0	5.0	1.0	4.0	1.0	5.0	1.0	5.0	1.0	5.0	1.0	5.0	1.0	5.0	1.0	4.875	0.0	0.0	0.0	-1.0	1.0	0.0	0.0	0.0	0.0	0.0	0.0	0.0	0.0	0.0	0.0	0.0	0.0	0.0	0.0	0.0			0.0	1.0	0.0
4	2	3	1	62	3	6	4	0.0	1.0	1.0	0.0	1.0	1.0	0.0	0.0	1.0	1.0	1.0	1.0	4.0	1.0	3.0	2.6666667	-36.0	3.0	3.0	3.0	3.0	4.0	4.0	5.0	0.0	1.0	1.0	1.0	2.0	1.0	0.0	0.0	0.0	1.0		0.0	0.0		1.0	3.0	0.0	4.0	1.0	3.0	0.0	2.0	0.0	3.0	0.0	3.0	0.0	3.0	0.0	3.0	0.0	3.0	0.0	3.0	0.125	1.0	0.0	3.0	0.0	3.0	0.0	4.0	1.0	2.0	0.0	5.0	1.0	3.0	0.0	0.0	4.0	1.0	5.0	1.0	4.0	1.0	2.0	0.0	3.0	0.0	3.0	0.0	3.0	0.0	4.0	1.0	3.0	0.0	3.5	1.0	1.0	1.0	0.0	0.0	0.0	0.0	1.0	0.0	0.5	1.0	0.0	1.0	0.0	0.0	0.0	0.0	1.0	0.0	0.375			0.0	0.0	0.0
4	3	2	1	60	2	2	3	0.0	1.0	1.0	0.0	8.0	0.0	1.0	0.0	1.0	1.0	2.0	1.3333334	3.0	5.0	4.0	4.0	0.0	1.0	2.0	3.0	2.0	1.0	1.0	5.0	1.0	0.0	0.0	0.0	0.0	0.0	1.0	0.0	1.0	0.0	1.0	1.0		1.0	1.0	1.0	0.0	1.0	0.0	1.0	0.0	1.0	0.0	1.0	0.0	1.0	0.0	1.0	0.0	1.0	0.0	1.0	0.0	1.0	0.0	2.0	0.0	2.0	0.0	1.0	0.0	5.0	1.0	1.0	0.0	3.0	0.0	3.0	0.0	0.0	1.0	0.0	1.0	0.0	1.0	0.0	1.0	0.0	1.0	0.0	1.0	0.0	1.0	0.0	1.0	0.0	1.0	0.0	1.0	0.0	0.0	0.0	0.0	0.0	0.0	0.0	0.0	0.0	0.0	0.0	0.0	0.0	0.0	0.0	0.0	0.0	0.0	0.0	0.0			0.0	0.0	0.0
3	2	1	4	64	5	6	3	0.0	1.0	1.0	0.0	3.0	0.0	0.0	1.0	3.0	3.0	2.0	2.6666667	3.0	3.0	1.0	2.3333333	0.0	3.0	3.0	3.0	3.0	2.0	3.0	3.0	0.0	1.0	0.0	1.0	1.0	1.0	0.0	0.0	0.0	1.0		0.0	0.0		1.0	3.0	0.0	4.0	1.0	3.0	0.0	2.0	0.0	3.0	0.0	3.0	0.0	3.0	0.0	3.0	0.0	3.0	0.0	3.0	0.125	4.0	1.0	3.0	0.0	3.0	0.0	3.0	0.0	4.0	1.0	4.0	1.0	3.0	0.0	0.0	4.0	1.0	4.0	1.0	3.0	0.0	2.0	0.0	3.0	0.0	3.0	0.0	3.0	0.0	3.0	0.0	3.0	0.0	3.125	1.0	0.0	0.0	0.0	0.0	0.0	0.0	0.0	0.0	0.125	1.0	0.0	0.0	0.0	0.0	0.0	0.0	0.0	0.0	0.125			0.0	0.0	0.0
3	1	4	2	36	5	4	3	0.0	1.0	0.0	1.0	5.0	0.0	0.0	1.0	1.0	3.0	1.0	1.6666666	3.0	5.0	4.0	4.0	0.0	1.0	3.0	2.0	2.0	2.0	1.0	4.0	1.0	0.0	1.0	1.0	2.0	0.0	0.0	1.0	1.0	0.0	0.0		1.0	1.0	1.0	3.0	0.0	3.0	0.0	3.0	0.0	1.0	0.0	1.0	0.0	2.0	0.0	1.0	0.0	2.0	0.0	1.0	0.0	2.0	0.0	3.0	0.0	4.0	1.0	2.0	0.0	3.0	0.0	2.0	0.0	5.0	1.0	3.0	0.0	0.0	3.0	0.0	4.0	1.0	2.0	0.0	1.0	0.0	1.0	0.0	2.0	0.0	1.0	0.0	2.0	0.0	1.0	0.0	2.0	0.0	1.0	-1.0	0.0	0.0	0.0	0.0	0.0	0.0	0.0	0.0	1.0	0.0	0.0	0.0	0.0	0.0	0.0	0.0	0.125			0.0	0.0	0.0
2	3	4	1	64	23	7	3	0.0	0.0	1.0	0.0	8.0	0.0	1.0	0.0	1.0	1.0	1.0	1.0	3.0	5.0	5.0	4.3333335	20.0	1.0	3.0	3.0	2.3333333	3.0	5.0	5.0	0.0	1.0	1.0	1.0	2.0	1.0	1.0	0.0	1.0	0.0	1.0	1.0		0.0	0.0	5.0	1.0	5.0	1.0	5.0	1.0	3.0	0.0	3.0	0.0	3.0	0.0	5.0	1.0	5.0	1.0	5.0	1.0	4.25	0.625	4.0	1.0	3.0	0.0	3.0	0.0	1.0	0.0	1.0	0.0	5.0	1.0	5.0	1.0	1.0	5.0	1.0	5.0	1.0	5.0	1.0	5.0	1.0	5.0	1.0	5.0	1.0	5.0	1.0	5.0	1.0	5.0	1.0	5.0	0.0	0.0	0.0	2.0	2.0	2.0	0.0	0.0	0.0	0.75	0.0	0.0	0.0	1.0	1.0	1.0	0.0	0.0	0.0	0.375	5.0	1.0	0.0	1.0	1.0
3	4	1	2	52	4	5	4	0.0	1.0	1.0	0.0	1.0	1.0	0.0	0.0	3.0	2.0	2.0	2.3333333	3.0	3.0	1.0	2.3333333	41.0	3.0	4.0	3.0	3.3333333	4.0	4.0	4.0	0.0	1.0	0.0	1.0	1.0	0.0	1.0	0.0	1.0	0.0	1.0	1.0		0.0	0.0	5.0	1.0	5.0	1.0	4.0	1.0	2.0	0.0	4.0	1.0	5.0	1.0	4.0	1.0	5.0	1.0	4.0	1.0	4.25	0.875	3.0	0.0	5.0	1.0	4.0	1.0	3.0	0.0	3.0	0.0	5.0	1.0	5.0	1.0	1.0	5.0	1.0	5.0	1.0	5.0	1.0	3.0	0.0	4.0	1.0	5.0	1.0	4.0	1.0	5.0	1.0	4.0	1.0	4.5	0.0	0.0	1.0	1.0	0.0	0.0	0.0	0.0	0.0	0.25	0.0	0.0	0.0	0.0	0.0	0.0	0.0	0.0	0.0	0.0	5.0	1.0	0.0	1.0	1.0
1	3	4	2	47	6	7	3	0.0	1.0	1.0	0.0	1.0	1.0	0.0	0.0	1.0	1.0	1.0	1.0	2.0	2.0	1.0	1.6666666	-83.0	2.0	4.0	3.0	3.0	3.0	4.0	5.0	0.0	1.0	1.0	1.0	2.0	0.0	0.0	1.0	1.0	0.0	0.0		1.0	1.0	1.0	5.0	1.0	5.0	1.0	5.0	1.0	1.0	0.0	2.0	0.0	4.0	1.0	3.0	0.0	5.0	1.0	3.0	0.0	3.75	0.625	2.0	0.0	2.0	0.0	4.0	1.0	4.0	1.0	4.0	1.0	5.0	1.0	5.0	1.0	0.0	5.0	1.0	5.0	1.0	5.0	1.0	2.0	0.0	2.0	0.0	4.0	1.0	3.0	0.0	5.0	1.0	4.0	1.0	3.875	0.0	0.0	0.0	1.0	0.0	0.0	0.0	0.0	1.0	0.125	0.0	0.0	0.0	0.0	0.0	0.0	0.0	0.0	1.0	0.0			1.0	0.0	1.0
4	1	3	2	44	4	4	3	0.0	0.0	1.0	0.0	8.0	0.0	1.0	0.0	2.0	2.0	1.0	1.6666666	1.0	4.0	4.0	3.0	4.0	3.0	3.0	3.0	3.0	3.0	3.0	4.0	1.0	0.0	0.0	0.0	0.0	0.0	1.0	0.0	1.0	0.0	1.0	1.0		0.0	0.0	3.0	0.0	3.0	0.0	3.0	0.0	3.0	0.0	3.0	0.0	3.0	0.0	3.0	0.0	3.0	0.0	3.0	0.0	3.0	0.0	3.0	0.0	3.0	0.0	3.0	0.0	3.0	0.0	3.0	0.0	3.0	0.0	3.0	0.0	0.0	3.0	0.0	3.0	0.0	3.0	0.0	3.0	0.0	3.0	0.0	3.0	0.0	3.0	0.0	3.0	0.0	3.0	0.0	3.0	0.0	0.0	0.0	0.0	0.0	0.0	0.0	0.0	0.0	0.0	0.0	0.0	0.0	0.0	0.0	0.0	0.0	0.0	0.0	0.0	3.0	0.0	0.0	1.0	0.0
4	3	1	2	68	11	5	4	1.0	0.0	1.0	0.0	8.0	0.0	1.0	0.0	4.0	3.0	3.0	3.3333333	4.0	5.0	5.0	4.6666665	100.0	4.0	3.0	3.0	3.3333333	1.0	1.0	5.0	1.0	0.0	1.0	1.0	2.0	0.0	1.0	0.0	1.0	0.0	1.0	1.0		0.0	0.0	3.0	0.0	3.0	0.0	1.0	0.0	1.0	0.0	1.0	0.0	1.0	0.0	1.0	0.0	3.0	0.0	3.0	0.0	1.75	0.0	4.0	1.0	1.0	0.0	1.0	0.0	4.0	1.0	1.0	0.0	3.0	0.0	3.0	0.0	0.0	3.0	0.0	3.0	0.0	1.0	0.0	1.0	0.0	1.0	0.0	1.0	0.0	1.0	0.0	1.0	0.0	1.0	0.0	1.5	0.0	0.0	0.0	0.0	0.0	0.0	0.0	-2.0	-2.0	-0.25	0.0	0.0	0.0	0.0	0.0	0.0	0.0	0.0	0.0	0.0	3.0	0.0	0.0	1.0	0.0
3	2	4	1	42	11	4	3	0.0	1.0	1.0	0.0	8.0	0.0	1.0	0.0	4.0	4.0	1.0	3.0	3.0	5.0	4.0	4.0	0.0	3.0	4.0	4.0	3.6666667	3.0	3.0	3.0	1.0	0.0	1.0	1.0	2.0	0.0	0.0	1.0	1.0	0.0	0.0		1.0	0.0	0.0	4.0	1.0	3.0	0.0	2.0	0.0	1.0	0.0	3.0	0.0	2.0	0.0	2.0	0.0	2.0	0.0	3.0	0.0	2.375	0.125	2.0	0.0	3.0	0.0	3.0	0.0	2.0	0.0	2.0	0.0	2.0	0.0	3.0	0.0	0.0	1.0	0.0	2.0	0.0	1.0	0.0	1.0	0.0	1.0	0.0	1.0	0.0	1.0	0.0	1.0	0.0	1.0	0.0	1.125	-3.0	-1.0	-1.0	0.0	-2.0	-1.0	-1.0	-1.0	-2.0	-1.25	-1.0	0.0	0.0	0.0	0.0	0.0	0.0	0.0	0.0	-0.125	3.0	0.0	0.0	0.0	0.0
1	3	4	2	66	6	5	1	1.0	1.0	1.0	0.0	3.0	0.0	0.0	1.0	1.0	1.0	1.0	1.0	1.0	3.0	2.0	2.0	0.0	2.0	2.0	2.0	2.0	1.0	4.0	2.0	0.0	1.0	0.0	1.0	1.0	0.0	1.0	0.0	1.0	0.0	1.0	1.0		1.0	1.0	4.0	1.0	4.0	1.0	2.0	0.0	2.0	0.0	2.0	0.0	2.0	0.0	2.0	0.0	4.0	1.0	3.0	0.0	2.75	0.375	1.0	0.0	2.0	0.0	3.0	0.0	3.0	0.0	2.0	0.0	4.0	1.0	4.0	1.0	0.0	5.0	1.0	5.0	1.0	2.0	0.0	2.0	0.0	2.0	0.0	2.0	0.0	2.0	0.0	3.0	0.0	2.0	0.0	2.875	1.0	1.0	0.0	0.0	0.0	0.0	0.0	-1.0	-1.0	0.125	0.0	0.0	0.0	0.0	0.0	0.0	0.0	-1.0	0.0	-0.125			1.0	0.0	1.0
3	4	1	2	19	1	2	3	0.0	1.0	0.0	1.0	1.0	1.0	0.0	0.0	5.0	5.0	5.0	5.0	5.0	5.0	5.0	5.0	-25.0	5.0	5.0	1.0	3.6666667	5.0	5.0	5.0	0.0	1.0	1.0	0.0	1.0	0.0	1.0	0.0	1.0	0.0	1.0	1.0		0.0	0.0	5.0	1.0	5.0	1.0	5.0	1.0	5.0	1.0	5.0	1.0	5.0	1.0	5.0	1.0	5.0	1.0	5.0	1.0	5.0	1.0	5.0	1.0	5.0	1.0	5.0	1.0	5.0	1.0	5.0	1.0	5.0	1.0	5.0	1.0	1.0	5.0	1.0	5.0	1.0	5.0	1.0	5.0	1.0	5.0	1.0	5.0	1.0	5.0	1.0	5.0	1.0	5.0	1.0	5.0	0.0	0.0	0.0	0.0	0.0	0.0	0.0	0.0	0.0	0.0	0.0	0.0	0.0	0.0	0.0	0.0	0.0	0.0	0.0	0.0	5.0	1.0	0.0	0.0	1.0
3	2	4	1	55	1	4	4	0.0	1.0	1.0	0.0	2.0	1.0	0.0	0.0	3.0	1.0	3.0	2.3333333	3.0	3.0	3.0	3.0	0.0	3.0	4.0	2.0	3.0	4.0	3.0	3.0	0.0	1.0	0.0	0.0	0.0	0.0	1.0	0.0	1.0	0.0	1.0	1.0		0.0	0.0	3.0	0.0	2.0	0.0	3.0	0.0	1.0	0.0	2.0	0.0	2.0	0.0	2.0	0.0	3.0	0.0	4.0	1.0	2.25	0.0	3.0	0.0	2.0	0.0	3.0	0.0	3.0	0.0	3.0	0.0	4.0	1.0	4.0	1.0	1.0	3.0	0.0	4.0	1.0	1.0	0.0	3.0	0.0	2.0	0.0	2.0	0.0	2.0	0.0	3.0	0.0	3.0	0.0	2.5	0.0	2.0	-2.0	2.0	0.0	0.0	0.0	0.0	-1.0	0.25	0.0	1.0	0.0	0.0	0.0	0.0	0.0	0.0	-1.0	0.125	5.0	1.0	0.0	0.0	0.0
3	1	2	4	61	16	5	2	0.0	1.0	1.0	0.0	1.0	1.0	0.0	0.0	1.0	3.0	1.0	1.6666666	3.0	5.0	5.0	4.3333335	3.0	3.0	3.0	3.0	3.0	3.0	3.0	5.0	0.0	1.0	0.0	0.0	0.0	0.0	0.0	0.0	0.0	1.0		0.0	0.0		1.0	3.0	0.0	3.0	0.0	1.0	0.0	3.0	0.0	3.0	0.0	3.0	0.0	3.0	0.0	3.0	0.0	5.0	1.0	2.75	0.0	3.0	0.0	3.0	0.0	3.0	0.0	4.0	1.0	3.0	0.0	4.0	1.0	3.0	0.0	0.0	3.0	0.0	3.0	0.0	1.0	0.0	3.0	0.0	3.0	0.0	3.0	0.0	3.0	0.0	3.0	0.0	4.0	1.0	2.75	0.0	0.0	0.0	0.0	0.0	0.0	0.0	0.0	-1.0	0.0	0.0	0.0	0.0	0.0	0.0	0.0	0.0	0.0	0.0	0.0			0.0	1.0	0.0
3	1	4	2	57	2	2	3	0.0	1.0	1.0	0.0	7.0	0.0	1.0	0.0	3.0	3.0	1.0	2.3333333	3.0	1.0	3.0	2.3333333	-8.0	3.0	3.0	3.0	3.0	3.0	3.0	4.0	1.0	0.0	0.0	1.0	1.0	0.0	0.0	0.0	0.0	1.0		0.0	0.0		1.0	3.0	0.0	3.0	0.0	3.0	0.0	3.0	0.0	3.0	0.0	3.0	0.0	3.0	0.0	3.0	0.0	4.0	1.0	3.0	0.0	2.0	0.0	4.0	1.0	3.0	0.0	4.0	1.0	4.0	1.0	4.0	1.0	4.0	1.0	0.0	3.0	0.0	4.0	1.0	3.0	0.0	4.0	1.0	4.0	1.0	4.0	1.0	4.0	1.0	3.0	0.0	4.0	1.0	3.625	0.0	1.0	0.0	1.0	1.0	1.0	1.0	0.0	0.0	0.625	0.0	1.0	0.0	1.0	1.0	1.0	1.0	0.0	0.0	0.625			0.0	0.0	0.0
4	1	2	3	34	14	7	3	0.0	1.0	1.0	0.0	4.0	0.0	0.0	1.0	2.0	3.0	3.0	2.6666667	3.0	4.0	3.0	3.3333333	0.0	3.0	3.0	3.0	3.0	3.0	3.0	4.0	0.0	0.0	1.0	0.0	1.0	1.0	0.0	0.0	0.0	1.0		0.0	0.0		1.0	3.0	0.0	3.0	0.0	3.0	0.0	3.0	0.0	3.0	0.0	4.0	1.0	3.0	0.0	3.0	0.0	3.0	0.0	3.125	0.125	4.0	1.0	4.0	1.0	3.0	0.0	3.0	0.0	4.0	1.0	5.0	1.0	3.0	0.0	0.0	3.0	0.0	3.0	0.0	3.0	0.0	3.0	0.0	3.0	0.0	4.0	1.0	3.0	0.0	3.0	0.0	3.0	0.0	3.125	0.0	0.0	0.0	0.0	0.0	0.0	0.0	0.0	0.0	0.0	0.0	0.0	0.0	0.0	0.0	0.0	0.0	0.0	0.0	0.0			0.0	0.0	0.0
4	3	2	1	53	20	6	3	0.0	0.0	1.0	0.0	8.0	0.0	1.0	0.0	4.0	3.0	4.0	3.6666667	4.0	4.0	4.0	4.0	68.0	4.0	4.0	4.0	4.0	2.0	3.0	5.0	1.0	0.0	1.0	1.0	2.0	0.0	0.0	0.0	0.0	1.0		0.0	0.0		1.0	3.0	0.0	4.0	1.0	4.0	1.0	2.0	0.0	2.0	0.0	3.0	0.0	2.0	0.0	3.0	0.0	2.0	0.0	2.875	0.25	3.0	0.0	3.0	0.0	2.0	0.0	4.0	1.0	1.0	0.0	3.0	0.0	4.0	1.0	0.0	4.0	1.0	4.0	1.0	4.0	1.0	3.0	0.0	1.0	0.0	3.0	0.0	3.0	0.0	3.0	0.0	2.0	0.0	3.125	1.0	0.0	0.0	1.0	-1.0	0.0	1.0	0.0	0.0	0.25	1.0	0.0	0.0	0.0	0.0	0.0	0.0	0.0	0.0	0.125			0.0	1.0	0.0
3	2	4	1	35	2	4	2	0.0	0.0	1.0	0.0	2.0	1.0	0.0	0.0	4.0	4.0	4.0	4.0	3.0	3.0	2.0	2.6666667	-76.0	2.0	3.0	2.0	2.3333333	3.0	2.0	4.0	0.0	0.0	0.0	1.0	1.0	0.0	1.0	0.0	1.0	0.0	1.0	1.0		1.0	1.0	2.0	0.0	3.0	0.0	3.0	0.0	2.0	0.0	2.0	0.0	4.0	1.0	2.0	0.0	3.0	0.0	3.0	0.0	2.625	0.125	2.0	0.0	3.0	0.0	3.0	0.0	2.0	0.0	3.0	0.0	4.0	1.0	3.0	0.0	0.0	4.0	1.0	3.0	0.0	3.0	0.0	2.0	0.0	2.0	0.0	4.0	1.0	3.0	0.0	4.0	1.0	3.0	0.0	3.125	2.0	0.0	0.0	0.0	0.0	0.0	1.0	1.0	0.0	0.5	1.0	0.0	0.0	0.0	0.0	0.0	0.0	1.0	0.0	0.25			0.0	0.0	0.0
4	3	2	1	73	6	2	2	1.0	1.0	1.0	0.0	4.0	0.0	0.0	1.0	2.0	2.0	2.0	2.0	3.0	5.0	2.0	3.3333333	15.0	3.0	4.0	2.0	3.0	4.0	4.0	2.0	0.0	0.0	0.0	0.0	0.0	1.0	0.0	0.0	0.0	1.0		0.0	0.0		1.0	4.0	1.0	4.0	1.0	3.0	0.0	3.0	0.0	3.0	0.0	4.0	1.0	3.0	0.0	4.0	1.0	4.0	1.0	3.5	0.5	2.0	0.0	3.0	0.0	3.0	0.0	3.0	0.0	3.0	0.0	4.0	1.0	5.0	1.0	0.0	4.0	1.0	4.0	1.0	3.0	0.0	4.0	1.0	3.0	0.0	4.0	1.0	4.0	1.0	3.0	0.0	4.0	1.0	3.625	0.0	0.0	0.0	1.0	0.0	0.0	1.0	-1.0	0.0	0.125	0.0	0.0	0.0	1.0	0.0	0.0	1.0	-1.0	0.0	0.125			0.0	1.0	0.0
1	2	3	4	60	10	4	3	0.0	0.0	0.0	1.0	1.0	1.0	0.0	0.0	2.0	2.0	2.0	2.0	5.0	5.0	4.0	4.6666665	4.0	4.0	5.0	4.0	4.3333335	5.0	5.0	4.0	0.0	1.0	0.0	0.0	0.0	0.0	1.0	0.0	1.0	0.0	1.0	1.0		1.0	1.0	4.0	1.0	4.0	1.0	4.0	1.0	4.0	1.0	4.0	1.0	4.0	1.0	4.0	1.0	2.0	0.0	5.0	1.0	3.75	0.875	3.0	0.0	3.0	0.0	4.0	1.0	4.0	1.0	4.0	1.0	4.0	1.0	4.0	1.0	0.0	3.0	0.0	3.0	0.0	3.0	0.0	3.0	0.0	3.0	0.0	3.0	0.0	3.0	0.0	1.0	0.0	3.0	0.0	2.75	-1.0	-1.0	-1.0	-1.0	-1.0	-1.0	-1.0	-1.0	-2.0	-1.0	-1.0	-1.0	-1.0	-1.0	-1.0	-1.0	-1.0	0.0	-1.0	-0.875			1.0	1.0	1.0
4	3	2	1	38	4	6	4	0.0	1.0	0.0	0.0	1.0	1.0	0.0	0.0	1.0	1.0	1.0	1.0	1.0	1.0	1.0	1.0	-50.0	1.0	3.0	2.0	2.0	2.0	5.0	5.0	0.0	1.0	0.0	1.0	1.0	1.0	0.0	0.0	0.0	1.0		0.0	0.0		1.0	5.0	1.0	3.0	0.0	4.0	1.0	1.0	0.0	3.0	0.0	4.0	1.0	2.0	0.0	3.0	0.0	5.0	1.0	3.125	0.375	2.0	0.0	2.0	0.0	4.0	1.0	3.0	0.0	5.0	1.0	5.0	1.0	5.0	1.0	1.0	5.0	1.0	4.0	1.0	2.0	0.0	1.0	0.0	3.0	0.0	4.0	1.0	2.0	0.0	3.0	0.0	5.0	1.0	3.0	0.0	1.0	-2.0	0.0	0.0	0.0	0.0	0.0	0.0	-0.125	0.0	1.0	-1.0	0.0	0.0	0.0	0.0	0.0	0.0	0.0			0.0	0.0	0.0
3	1	4	2	56	7	7	3	0.0	1.0	1.0	0.0	7.0	0.0	1.0	0.0	2.0	3.0	2.0	2.3333333	3.0	4.0	2.0	3.0	61.0	5.0	4.0	4.0	4.3333335	3.0	4.0	4.0	1.0	0.0	0.0	0.0	0.0	1.0	0.0	1.0	1.0	0.0	0.0		1.0	1.0	1.0	4.0	1.0	5.0	1.0	4.0	1.0	1.0	0.0	1.0	0.0	2.0	0.0	2.0	0.0	4.0	1.0	4.0	1.0	2.875	0.5	3.0	0.0	2.0	0.0	4.0	1.0	2.0	0.0	2.0	0.0	4.0	1.0	3.0	0.0	0.0	5.0	1.0	5.0	1.0	5.0	1.0	2.0	0.0	1.0	0.0	2.0	0.0	4.0	1.0	5.0	1.0	5.0	1.0	3.625	1.0	0.0	1.0	1.0	0.0	0.0	2.0	1.0	1.0	0.75	0.0	0.0	0.0	0.0	0.0	0.0	1.0	0.0	0.0	0.125			0.0	1.0	0.0
3	2	4	1	42	19	5	4	0.0	1.0	1.0	0.0	8.0	0.0	1.0	0.0	2.0	3.0	3.0	2.6666667	3.0	3.0	3.0	3.0	0.0	3.0	4.0	3.0	3.3333333	3.0	3.0	3.0	1.0	0.0	0.0	1.0	1.0	0.0	0.0	0.0	0.0	1.0		0.0	0.0		1.0	3.0	0.0	3.0	0.0	3.0	0.0	3.0	0.0	3.0	0.0	3.0	0.0	3.0	0.0	3.0	0.0	3.0	0.0	3.0	0.0	2.0	0.0	3.0	0.0	3.0	0.0	3.0	0.0	3.0	0.0	5.0	1.0	3.0	0.0	0.0	3.0	0.0	3.0	0.0	3.0	0.0	3.0	0.0	3.0	0.0	3.0	0.0	3.0	0.0	3.0	0.0	3.0	0.0	3.0	0.0	0.0	0.0	0.0	0.0	0.0	0.0	0.0	0.0	0.0	0.0	0.0	0.0	0.0	0.0	0.0	0.0	0.0	0.0	0.0			0.0	0.0	0.0
3	1	4	2	52	20	7	2	0.0	1.0	1.0	0.0	8.0	0.0	1.0	0.0	2.0	2.0	2.0	2.0	2.0	4.0	2.0	2.6666667	85.0	4.0	4.0	4.0	4.0	2.0	3.0	4.0	1.0	0.0	1.0	1.0	2.0	1.0	0.0	0.0	0.0	1.0		0.0	0.0		1.0	4.0	1.0	4.0	1.0	4.0	1.0	4.0	1.0	3.0	0.0	3.0	0.0	2.0	0.0	2.0	0.0	3.0	0.0	3.25	0.5	2.0	0.0	1.0	0.0	2.0	0.0	2.0	0.0	2.0	0.0	2.0	0.0	3.0	0.0	0.0	3.0	0.0	4.0	1.0	4.0	1.0	4.0	1.0	2.0	0.0	3.0	0.0	2.0	0.0	3.0	0.0	3.0	0.0	3.125	-1.0	0.0	0.0	0.0	-1.0	0.0	0.0	1.0	0.0	-0.125	-1.0	0.0	0.0	0.0	0.0	0.0	0.0	0.0	0.0	-0.125			0.0	1.0	0.0
3	4	2	1	59	8	2	3	0.0	0.0	1.0	0.0	7.0	0.0	1.0	0.0	2.0	5.0	5.0	4.0	5.0	5.0	5.0	5.0	100.0	4.0	5.0	1.0	3.3333333	5.0	4.0	5.0	1.0	0.0	0.0	0.0	0.0	1.0	0.0	0.0	0.0	1.0		0.0	0.0		1.0	4.0	1.0	4.0	1.0	3.0	0.0	2.0	0.0	2.0	0.0	3.0	0.0	3.0	0.0	4.0	1.0	2.0	0.0	3.125	0.375	4.0	1.0	2.0	0.0	2.0	0.0	2.0	0.0	3.0	0.0	4.0	1.0	4.0	1.0	0.0	5.0	1.0	5.0	1.0	5.0	1.0	2.0	0.0	2.0	0.0	1.0	0.0	2.0	0.0	2.0	0.0	2.0	0.0	3.0	1.0	1.0	2.0	0.0	0.0	-2.0	-1.0	-2.0	0.0	-0.125	0.0	0.0	1.0	0.0	0.0	0.0	0.0	-1.0	0.0	0.0			0.0	1.0	1.0
2	1	4	3	62	10	2	3	0.0	1.0	1.0	0.0	7.0	0.0	1.0	0.0	1.0	1.0	1.0	1.0	4.0	4.0	1.0	3.0	71.0	4.0	5.0	4.0	4.3333335	4.0	4.0	5.0	1.0	0.0	1.0	1.0	2.0	1.0	1.0	0.0	1.0	0.0	1.0	1.0		0.0	0.0	5.0	1.0	5.0	1.0	5.0	1.0	5.0	1.0	5.0	1.0	4.0	1.0	2.0	0.0	5.0	1.0	4.0	1.0	4.5	0.875	4.0	1.0	2.0	0.0	4.0	1.0	5.0	1.0	4.0	1.0	5.0	1.0	5.0	1.0	1.0	5.0	1.0	5.0	1.0	5.0	1.0	5.0	1.0	5.0	1.0	4.0	1.0	2.0	0.0	5.0	1.0	5.0	1.0	4.5	0.0	0.0	0.0	0.0	0.0	0.0	0.0	0.0	1.0	0.0	0.0	0.0	0.0	0.0	0.0	0.0	0.0	0.0	0.0	0.0	5.0	1.0	0.0	1.0	0.0
1	3	4	2	52	6	6	3	0.0	1.0	1.0	0.0	3.0	0.0	0.0	1.0	1.0	1.0	1.0	1.0	1.0	4.0	1.0	2.0	0.0	2.0	4.0	2.0	2.6666667	3.0	4.0	4.0	0.0	1.0	0.0	0.0	0.0	0.0	1.0	0.0	1.0	0.0	1.0	1.0		1.0	1.0	5.0	1.0	5.0	1.0	4.0	1.0	1.0	0.0	2.0	0.0	4.0	1.0	4.0	1.0	3.0	0.0	4.0	1.0	3.5	0.625	4.0	1.0	4.0	1.0	4.0	1.0	4.0	1.0	2.0	0.0	5.0	1.0	4.0	1.0	1.0	5.0	1.0	5.0	1.0	4.0	1.0	2.0	0.0	2.0	0.0	5.0	1.0	5.0	1.0	5.0	1.0	4.0	1.0	4.125	0.0	0.0	0.0	1.0	0.0	1.0	1.0	2.0	0.0	0.625	0.0	0.0	0.0	0.0	0.0	0.0	0.0	1.0	0.0	0.125			1.0	0.0	1.0
4	2	3	1	26	6	2	2	0.0	0.0	1.0	0.0	5.0	0.0	0.0	1.0	1.0	1.0	2.0	1.3333334	3.0	3.0	3.0	3.0	-2.0	1.0	4.0	1.0	2.0	1.0	1.0	2.0	0.0	0.0	1.0	0.0	1.0	1.0	0.0	1.0	1.0	0.0	0.0		1.0	1.0	1.0	1.0	0.0	1.0	0.0	2.0	0.0	1.0	0.0	1.0	0.0	1.0	0.0	1.0	0.0	1.0	0.0	1.0	0.0	1.125	0.0	2.0	0.0	1.0	0.0	1.0	0.0	3.0	0.0	1.0	0.0	5.0	1.0	3.0	0.0	0.0	1.0	0.0	1.0	0.0	1.0	0.0	1.0	0.0	1.0	0.0	1.0	0.0	1.0	0.0	1.0	0.0	1.0	0.0	1.0	0.0	0.0	-1.0	0.0	0.0	0.0	0.0	0.0	0.0	-0.125	0.0	0.0	0.0	0.0	0.0	0.0	0.0	0.0	0.0	0.0			0.0	0.0	0.0
3	2	4	1	70	8	6	3	1.0	1.0	1.0	0.0	3.0	0.0	0.0	1.0	2.0	2.0	2.0	2.0	3.0	3.0	2.0	2.6666667	-6.0	2.0	3.0	2.0	2.3333333	4.0	3.0	3.0	0.0	1.0	1.0	0.0	1.0	0.0	1.0	0.0	1.0	0.0	1.0	1.0		0.0	0.0	4.0	1.0	4.0	1.0	4.0	1.0	2.0	0.0	2.0	0.0	4.0	1.0	3.0	0.0	4.0	1.0	3.0	0.0	3.375	0.625	3.0	0.0	2.0	0.0	3.0	0.0	4.0	1.0	3.0	0.0	4.0	1.0	4.0	1.0	0.0	3.0	0.0	4.0	1.0	4.0	1.0	1.0	0.0	2.0	0.0	4.0	1.0	3.0	0.0	4.0	1.0	3.0	0.0	3.125	-1.0	0.0	0.0	-1.0	0.0	0.0	0.0	0.0	0.0	-0.25	-1.0	0.0	0.0	0.0	0.0	0.0	0.0	0.0	0.0	-0.125	5.0	1.0	0.0	0.0	0.0
4	1	2	3	28	1	6	2	0.0	1.0	1.0	0.0	8.0	0.0	1.0	0.0	5.0	5.0	1.0	3.6666667	5.0	5.0	5.0	5.0	5.0	1.0	1.0	1.0	1.0	5.0	5.0	4.0	1.0	0.0	1.0	0.0	1.0	1.0	0.0	0.0	0.0	1.0		0.0	0.0		1.0	5.0	1.0	5.0	1.0	5.0	1.0	4.0	1.0	5.0	1.0	5.0	1.0	5.0	1.0	1.0	0.0	5.0	1.0	4.375	0.875	5.0	1.0	5.0	1.0	5.0	1.0	1.0	0.0	5.0	1.0	5.0	1.0	5.0	1.0	1.0	5.0	1.0	5.0	1.0	5.0	1.0	2.0	0.0	5.0	1.0	5.0	1.0	5.0	1.0	5.0	1.0	5.0	1.0	4.625	0.0	0.0	0.0	-2.0	0.0	0.0	0.0	4.0	0.0	0.25	0.0	0.0	0.0	-1.0	0.0	0.0	0.0	1.0	0.0	0.0			0.0	1.0	0.0
4	3	1	2	58	8	2	3	0.0	1.0	1.0	0.0	4.0	0.0	0.0	1.0	3.0	4.0	3.0	3.3333333	4.0	5.0	1.0	3.3333333	48.0	3.0	3.0	3.0	3.0	3.0	3.0	3.0	0.0	1.0	1.0	1.0	2.0	1.0	0.0	1.0	1.0	0.0	0.0		1.0	0.0	0.0	5.0	1.0	5.0	1.0	3.0	0.0	3.0	0.0	4.0	1.0	3.0	0.0	3.0	0.0	3.0	0.0	5.0	1.0	3.625	0.375	1.0	0.0	2.0	0.0	4.0	1.0	5.0	1.0	4.0	1.0	5.0	1.0	5.0	1.0	1.0	5.0	1.0	5.0	1.0	5.0	1.0	3.0	0.0	5.0	1.0	3.0	0.0	5.0	1.0	3.0	0.0	5.0	1.0	4.25	0.0	0.0	2.0	0.0	1.0	0.0	2.0	0.0	0.0	0.625	0.0	0.0	1.0	0.0	0.0	0.0	1.0	0.0	0.0	0.25	1.0	0.0	0.0	1.0	0.0
1	2	4	3	34	4	4	4	0.0	1.0	1.0	0.0	7.0	0.0	1.0	0.0	2.0	3.0	3.0	2.6666667	3.0	4.0	3.0	3.3333333	3.0	3.0	4.0	4.0	3.6666667	5.0	3.0	2.0	1.0	0.0	0.0	1.0	1.0	1.0	0.0	1.0	1.0	0.0	0.0		1.0	1.0	1.0	4.0	1.0	4.0	1.0	1.0	0.0	2.0	0.0	3.0	0.0	4.0	1.0	4.0	1.0	3.0	0.0	2.0	0.0	3.125	0.5	5.0	1.0	4.0	1.0	2.0	0.0	2.0	0.0	3.0	0.0	4.0	1.0	3.0	0.0	1.0	4.0	1.0	4.0	1.0	4.0	1.0	2.0	0.0	4.0	1.0	4.0	1.0	4.0	1.0	3.0	0.0	4.0	1.0	3.625	0.0	0.0	3.0	0.0	1.0	0.0	0.0	0.0	2.0	0.5	0.0	0.0	1.0	0.0	1.0	0.0	0.0	0.0	1.0	0.25			1.0	1.0	1.0
4	2	1	3	47	17	6	3	0.0	0.0	1.0	0.0	8.0	0.0	1.0	0.0	3.0	3.0	1.0	2.3333333	4.0	3.0	3.0	3.3333333	-2.0	4.0	3.0	2.0	3.0	5.0	3.0	4.0	1.0	0.0	0.0	0.0	0.0	0.0	0.0	1.0	1.0	0.0	0.0		1.0	1.0	1.0	1.0	0.0	2.0	0.0	2.0	0.0	2.0	0.0	3.0	0.0	3.0	0.0	2.0	0.0	1.0	0.0	1.0	0.0	2.0	0.0	4.0	1.0	3.0	0.0	4.0	1.0	5.0	1.0	3.0	0.0	3.0	0.0	3.0	0.0	1.0	4.0	1.0	3.0	0.0	3.0	0.0	3.0	0.0	3.0	0.0	3.0	0.0	3.0	0.0	2.0	0.0	4.0	1.0	3.0	3.0	1.0	1.0	1.0	0.0	0.0	1.0	1.0	3.0	1.0	1.0	0.0	0.0	0.0	0.0	0.0	0.0	0.0	1.0	0.125			0.0	0.0	0.0
1	3	4	2	39	2	8	4	0.0	1.0	1.0	0.0	2.0	1.0	0.0	0.0	1.0	1.0	1.0	1.0	1.0	3.0	1.0	1.6666666	-13.0	1.0	2.0	2.0	1.6666666	5.0	5.0	5.0	0.0	1.0	1.0	1.0	2.0	1.0	0.0	1.0	1.0	0.0	0.0		1.0	0.0	0.0	5.0	1.0	5.0	1.0	4.0	1.0	2.0	0.0	1.0	0.0	5.0	1.0	3.0	0.0	5.0	1.0	4.0	1.0	3.75	0.625	3.0	0.0	3.0	0.0	5.0	1.0	3.0	0.0	4.0	1.0	5.0	1.0	5.0	1.0	0.0	5.0	1.0	5.0	1.0	4.0	1.0	1.0	0.0	1.0	0.0	5.0	1.0	4.0	1.0	5.0	1.0	4.0	1.0	3.75	0.0	0.0	0.0	-1.0	0.0	0.0	1.0	0.0	0.0	0.0	0.0	0.0	0.0	0.0	0.0	0.0	1.0	0.0	0.0	0.125	5.0	1.0	1.0	0.0	1.0
1	3	2	4	52	2	5	1	0.0	0.0	0.0	1.0	4.0	0.0	0.0	1.0	3.0	4.0	4.0	3.6666667	1.0	4.0	1.0	2.0	-79.0	1.0	2.0	1.0	1.3333334	5.0	1.0	5.0	0.0	0.0	0.0	1.0	1.0	0.0	0.0	1.0	1.0	0.0	0.0		1.0	1.0	1.0	4.0	1.0	2.0	0.0	1.0	0.0	1.0	0.0	1.0	0.0	4.0	1.0	4.0	1.0	4.0	1.0	4.0	1.0	2.625	0.5	3.0	0.0	1.0	0.0	3.0	0.0	1.0	0.0	3.0	0.0	3.0	0.0	3.0	0.0	1.0	3.0	0.0	3.0	0.0	1.0	0.0	1.0	0.0	1.0	0.0	5.0	1.0	3.0	0.0	3.0	0.0	3.0	0.0	2.5	-1.0	1.0	0.0	0.0	0.0	1.0	-1.0	-1.0	-1.0	-0.125	-1.0	0.0	0.0	0.0	0.0	0.0	-1.0	-1.0	-1.0	-0.375			1.0	0.0	1.0
4	3	2	1	46	17	2	2	0.0	1.0	1.0	0.0	5.0	0.0	0.0	1.0	3.0	2.0	2.0	2.3333333	3.0	4.0	2.0	3.0	1.0	2.0	2.0	2.0	2.0	3.0	2.0	2.0	1.0	0.0	1.0	0.0	1.0	1.0	0.0	0.0	0.0	1.0		0.0	0.0		1.0	3.0	0.0	3.0	0.0	3.0	0.0	3.0	0.0	3.0	0.0	2.0	0.0	3.0	0.0	3.0	0.0	2.0	0.0	2.875	0.0	3.0	0.0	3.0	0.0	2.0	0.0	4.0	1.0	3.0	0.0	3.0	0.0	4.0	1.0	0.0	3.0	0.0	3.0	0.0	3.0	0.0	4.0	1.0	3.0	0.0	2.0	0.0	2.0	0.0	3.0	0.0	3.0	0.0	2.875	0.0	0.0	0.0	1.0	0.0	0.0	-1.0	0.0	1.0	0.0	0.0	0.0	0.0	1.0	0.0	0.0	0.0	0.0	0.0	0.125			0.0	0.0	0.0
2	3	1	4	43	5	2	3	0.0	0.0	0.0	0.0	7.0	0.0	1.0	0.0	2.0	3.0	2.0	2.3333333	2.0	4.0	1.0	2.3333333	33.0	3.0	2.0	2.0	2.3333333	3.0	2.0	4.0	1.0	0.0	0.0	1.0	1.0	0.0	0.0	1.0	1.0	0.0	0.0		1.0	0.0	0.0	4.0	1.0	4.0	1.0	2.0	0.0	2.0	0.0	2.0	0.0	3.0	0.0	2.0	0.0	4.0	1.0	2.0	0.0	2.875	0.375	3.0	0.0	3.0	0.0	2.0	0.0	4.0	1.0	2.0	0.0	4.0	1.0	4.0	1.0	0.0	2.0	0.0	3.0	0.0	2.0	0.0	2.0	0.0	2.0	0.0	3.0	0.0	2.0	0.0	3.0	0.0	2.0	0.0	2.375	-2.0	-1.0	0.0	0.0	0.0	0.0	0.0	-1.0	0.0	-0.5	-1.0	-1.0	0.0	0.0	0.0	0.0	0.0	-1.0	0.0	-0.375	3.0	0.0	0.0	1.0	1.0
2	1	4	3	30	13	8	3	0.0	1.0	1.0	0.0	3.0	0.0	0.0	1.0	1.0	1.0	1.0	1.0	2.0	4.0	1.0	2.3333333	37.0	1.0	4.0	2.0	2.3333333	2.0	4.0	5.0	0.0	1.0	1.0	1.0	2.0	1.0	1.0	0.0	1.0	0.0	1.0	1.0		1.0	1.0	5.0	1.0	5.0	1.0	4.0	1.0	4.0	1.0	3.0	0.0	5.0	1.0	4.0	1.0	5.0	1.0	4.0	1.0	4.375	0.875	2.0	0.0	2.0	0.0	3.0	0.0	3.0	0.0	4.0	1.0	5.0	1.0	5.0	1.0	0.0	5.0	1.0	5.0	1.0	4.0	1.0	4.0	1.0	3.0	0.0	5.0	1.0	4.0	1.0	5.0	1.0	5.0	1.0	4.375	0.0	0.0	0.0	0.0	0.0	0.0	0.0	0.0	1.0	0.0	0.0	0.0	0.0	0.0	0.0	0.0	0.0	0.0	0.0	0.0			0.0	1.0	0.0
4	3	1	2	66	21	2	2	1.0	1.0	1.0	0.0	7.0	0.0	1.0	0.0	1.0	2.0	1.0	1.3333334	3.0	3.0	2.0	2.6666667	0.0	3.0	3.0	3.0	3.0	4.0	3.0	4.0	0.0	1.0	1.0	1.0	2.0	0.0	0.0	0.0	0.0	1.0		0.0	0.0		1.0	4.0	1.0	4.0	1.0	3.0	0.0	1.0	0.0	3.0	0.0	3.0	0.0	3.0	0.0	4.0	1.0	3.0	0.0	3.125	0.375	4.0	1.0	3.0	0.0	3.0	0.0	3.0	0.0	3.0	0.0	4.0	1.0	4.0	1.0	0.0	4.0	1.0	4.0	1.0	4.0	1.0	4.0	1.0	4.0	1.0	4.0	1.0	4.0	1.0	4.0	1.0	4.0	1.0	4.0	0.0	0.0	1.0	3.0	1.0	1.0	1.0	0.0	1.0	0.875	0.0	0.0	1.0	1.0	1.0	1.0	1.0	0.0	1.0	0.625			0.0	0.0	0.0
1	2	4	3	51	9	7	1	0.0	1.0	1.0	0.0	3.0	0.0	0.0	1.0	2.0	4.0	2.0	2.6666667	4.0	5.0	1.0	3.3333333	0.0	2.0	3.0	3.0	2.6666667	5.0	4.0	4.0	0.0	1.0	0.0	0.0	0.0	0.0	0.0	1.0	1.0	0.0	0.0		1.0	1.0	1.0	4.0	1.0	4.0	1.0	2.0	0.0	3.0	0.0	3.0	0.0	2.0	0.0	3.0	0.0	4.0	1.0	3.0	0.0	3.125	0.375	3.0	0.0	3.0	0.0	2.0	0.0	4.0	1.0	3.0	0.0	4.0	1.0	3.0	0.0	0.0	5.0	1.0	4.0	1.0	3.0	0.0	2.0	0.0	2.0	0.0	2.0	0.0	4.0	1.0	3.0	0.0	4.0	1.0	3.125	1.0	0.0	1.0	-1.0	-1.0	0.0	1.0	-1.0	1.0	0.0	0.0	0.0	0.0	0.0	0.0	0.0	1.0	-1.0	1.0	0.0			1.0	0.0	1.0
1	3	4	2	49	9	5	3	0.0	0.0	0.0	1.0	2.0	1.0	0.0	0.0	1.0	5.0	3.0	3.0	4.0	3.0	4.0	3.6666667	0.0	1.0	4.0	2.0	2.3333333	5.0	4.0	3.0	0.0	0.0	0.0	1.0	1.0	0.0	0.0	1.0	1.0	0.0	0.0		1.0	1.0	1.0	5.0	1.0	5.0	1.0	4.0	1.0	2.0	0.0	4.0	1.0	4.0	1.0	4.0	1.0	5.0	1.0	5.0	1.0	4.125	0.875	4.0	1.0	3.0	0.0	3.0	0.0	3.0	0.0	3.0	0.0	3.0	0.0	4.0	1.0	0.0	5.0	1.0	5.0	1.0	4.0	1.0	1.0	0.0	3.0	0.0	4.0	1.0	4.0	1.0	4.0	1.0	4.0	1.0	3.75	0.0	0.0	0.0	-1.0	-1.0	0.0	0.0	-1.0	-1.0	-0.375	0.0	0.0	0.0	0.0	-1.0	0.0	0.0	0.0	0.0	-0.125			1.0	0.0	1.0
4	3	2	1	55	2	5	3	0.0	1.0	1.0	0.0	8.0	0.0	1.0	0.0	1.0	3.0	1.0	1.6666666	1.0	1.0	1.0	1.0	100.0	3.0	5.0	3.0	3.6666667	5.0	3.0	5.0	1.0	0.0	1.0	0.0	1.0	0.0	1.0	0.0	1.0	0.0	1.0	1.0		1.0	1.0	3.0	0.0	4.0	1.0	4.0	1.0	1.0	0.0	1.0	0.0	1.0	0.0	1.0	0.0	1.0	0.0	3.0	0.0	2.0	0.25	4.0	1.0	2.0	0.0	1.0	0.0	5.0	1.0	1.0	0.0	5.0	1.0	5.0	1.0	0.0	3.0	0.0	4.0	1.0	4.0	1.0	1.0	0.0	1.0	0.0	1.0	0.0	1.0	0.0	1.0	0.0	1.0	0.0	2.0	0.0	0.0	0.0	0.0	0.0	0.0	0.0	0.0	-2.0	0.0	0.0	0.0	0.0	0.0	0.0	0.0	0.0	0.0	0.0	0.0			0.0	1.0	0.0
4	3	2	1	58	22	2	2	0.0	1.0	1.0	0.0	8.0	0.0	1.0	0.0	3.0	3.0	3.0	3.0	3.0	3.0	3.0	3.0	100.0	3.0	3.0	3.0	3.0	3.0	3.0	2.0	1.0	0.0	1.0	1.0	2.0	0.0	1.0	0.0	1.0	0.0	1.0	1.0		1.0	1.0	3.0	0.0	3.0	0.0	3.0	0.0	3.0	0.0	3.0	0.0	3.0	0.0	3.0	0.0	3.0	0.0	3.0	0.0	3.0	0.0	2.0	0.0	3.0	0.0	3.0	0.0	3.0	0.0	3.0	0.0	3.0	0.0	3.0	0.0	0.0	3.0	0.0	3.0	0.0	3.0	0.0	3.0	0.0	3.0	0.0	3.0	0.0	3.0	0.0	3.0	0.0	3.0	0.0	3.0	0.0	0.0	0.0	0.0	0.0	0.0	0.0	0.0	0.0	0.0	0.0	0.0	0.0	0.0	0.0	0.0	0.0	0.0	0.0	0.0			0.0	1.0	0.0
1	3	4	2	50	14	7	3	0.0	1.0	0.0	0.0	7.0	0.0	1.0	0.0	1.0	1.0	1.0	1.0	2.0	4.0	1.0	2.3333333	0.0	1.0	1.0	2.0	1.3333334	3.0	1.0	3.0	1.0	0.0	0.0	1.0	1.0	1.0	0.0	0.0	0.0	1.0		0.0	0.0		1.0	4.0	1.0	3.0	0.0	1.0	0.0	1.0	0.0	1.0	0.0	1.0	0.0	1.0	0.0	3.0	0.0	1.0	0.0	1.875	0.125	1.0	0.0	1.0	0.0	5.0	1.0	1.0	0.0	1.0	0.0	1.0	0.0	4.0	1.0	0.0	4.0	1.0	3.0	0.0	1.0	0.0	1.0	0.0	1.0	0.0	1.0	0.0	1.0	0.0	3.0	0.0	1.0	0.0	1.875	0.0	0.0	0.0	0.0	0.0	0.0	0.0	0.0	0.0	0.0	0.0	0.0	0.0	0.0	0.0	0.0	0.0	0.0	0.0	0.0			1.0	0.0	1.0
3	2	4	1	59	4	6	3	0.0	1.0	1.0	0.0	1.0	1.0	0.0	0.0	1.0	3.0	1.0	1.6666666	1.0	1.0	1.0	1.0	9.0	3.0	4.0	3.0	3.3333333	4.0	4.0	4.0	0.0	1.0	1.0	1.0	2.0	1.0	0.0	1.0	1.0	0.0	0.0		1.0	0.0	0.0	2.0	0.0	4.0	1.0	2.0	0.0	1.0	0.0	1.0	0.0	4.0	1.0	2.0	0.0	2.0	0.0	3.0	0.0	2.25	0.25	3.0	0.0	2.0	0.0	4.0	1.0	2.0	0.0	2.0	0.0	4.0	1.0	2.0	0.0	0.0	2.0	0.0	4.0	1.0	2.0	0.0	2.0	0.0	1.0	0.0	4.0	1.0	2.0	0.0	2.0	0.0	2.0	0.0	2.375	0.0	0.0	0.0	1.0	0.0	0.0	0.0	0.0	-1.0	0.125	0.0	0.0	0.0	0.0	0.0	0.0	0.0	0.0	0.0	0.0	3.0	0.0	0.0	1.0	0.0
1	3	4	2	49	4	5	1	0.0	1.0	0.0	1.0	1.0	1.0	0.0	0.0	3.0	2.0	1.0	2.0	4.0	4.0	4.0	4.0	-8.0	2.0	4.0	2.0	2.6666667	4.0	4.0	5.0	0.0	1.0	1.0	1.0	2.0	0.0	0.0	1.0	1.0	0.0	0.0		1.0	0.0	0.0	4.0	1.0	3.0	0.0	3.0	0.0	5.0	1.0	4.0	1.0	4.0	1.0	4.0	1.0	4.0	1.0	5.0	1.0	3.875	0.75	4.0	1.0	4.0	1.0	4.0	1.0	3.0	0.0	4.0	1.0	5.0	1.0	4.0	1.0	1.0	4.0	1.0	3.0	0.0	2.0	0.0	3.0	0.0	3.0	0.0	4.0	1.0	3.0	0.0	4.0	1.0	4.0	1.0	3.25	0.0	0.0	-1.0	-2.0	-1.0	0.0	-1.0	0.0	-1.0	-0.625	0.0	0.0	0.0	-1.0	-1.0	0.0	-1.0	0.0	0.0	-0.375	4.0	1.0	1.0	0.0	1.0
3	2	4	1	62	7	7	1	0.0	0.0	1.0	0.0	5.0	0.0	0.0	1.0	4.0	4.0	1.0	3.0	1.0	2.0	1.0	1.3333334	100.0	5.0	5.0	2.0	4.0	2.0	1.0	5.0	1.0	0.0	1.0	1.0	2.0	0.0	1.0	0.0	1.0	0.0	1.0	1.0		0.0	0.0	1.0	0.0	5.0	1.0	1.0	0.0	1.0	0.0	1.0	0.0	1.0	0.0	1.0	0.0	1.0	0.0	1.0	0.0	1.5	0.125	1.0	0.0	2.0	0.0	1.0	0.0	4.0	1.0	1.0	0.0	1.0	0.0	3.0	0.0	0.0	1.0	0.0	5.0	1.0	1.0	0.0	1.0	0.0	1.0	0.0	1.0	0.0	1.0	0.0	1.0	0.0	1.0	0.0	1.5	0.0	0.0	0.0	0.0	0.0	0.0	0.0	0.0	0.0	0.0	0.0	0.0	0.0	0.0	0.0	0.0	0.0	0.0	0.0	0.0	1.0	0.0	0.0	1.0	0.0
1	2	4	3	46	9	4	2	0.0	0.0	1.0	0.0	1.0	1.0	0.0	0.0	4.0	4.0	3.0	3.6666667	3.0	3.0	3.0	3.0	99.0	4.0	4.0	3.0	3.6666667	3.0	3.0	5.0	0.0	0.0	1.0	1.0	2.0	1.0	1.0	0.0	1.0	0.0	1.0	1.0		1.0	1.0	3.0	0.0	4.0	1.0	4.0	1.0	3.0	0.0	4.0	1.0	3.0	0.0	3.0	0.0	4.0	1.0	3.0	0.0	3.5	0.5	5.0	1.0	3.0	0.0	3.0	0.0	4.0	1.0	3.0	0.0	3.0	0.0	4.0	1.0	0.0	3.0	0.0	4.0	1.0	4.0	1.0	3.0	0.0	3.0	0.0	3.0	0.0	4.0	1.0	3.0	0.0	4.0	1.0	3.375	0.0	0.0	0.0	0.0	-1.0	0.0	1.0	-1.0	1.0	-0.125	0.0	0.0	0.0	0.0	-1.0	0.0	1.0	-1.0	1.0	-0.125			1.0	1.0	1.0
4	3	2	1	42	3	4	3	0.0	1.0	1.0	0.0	8.0	0.0	1.0	0.0	3.0	4.0	5.0	4.0	4.0	5.0	5.0	4.6666665	61.0	5.0	4.0	5.0	4.6666665	5.0	4.0	5.0	1.0	0.0	0.0	1.0	1.0	0.0	0.0	0.0	0.0	1.0		0.0	0.0		1.0	3.0	0.0	3.0	0.0	3.0	0.0	3.0	0.0	4.0	1.0	2.0	0.0	3.0	0.0	3.0	0.0	4.0	1.0	3.0	0.125	3.0	0.0	4.0	1.0	4.0	1.0	5.0	1.0	3.0	0.0	3.0	0.0	4.0	1.0	1.0	4.0	1.0	3.0	0.0	2.0	0.0	3.0	0.0	3.0	0.0	2.0	0.0	2.0	0.0	3.0	0.0	4.0	1.0	2.75	1.0	0.0	-1.0	0.0	-1.0	0.0	-1.0	0.0	0.0	-0.25	1.0	0.0	0.0	0.0	-1.0	0.0	0.0	0.0	0.0	0.0			0.0	1.0	0.0
1	4	2	3	69	6	6	3	1.0	0.0	0.0	1.0	6.0	0.0	0.0	1.0	4.0	4.0	3.0	3.6666667	3.0	4.0	3.0	3.3333333	27.0	4.0	3.0	3.0	3.3333333	2.0	2.0	4.0	1.0	0.0	1.0	0.0	1.0	1.0	0.0	1.0	1.0	0.0	0.0		1.0	0.0	0.0	4.0	1.0	3.0	0.0	2.0	0.0	3.0	0.0	2.0	0.0	2.0	0.0	2.0	0.0	3.0	0.0	3.0	0.0	2.625	0.125	2.0	0.0	3.0	0.0	2.0	0.0	3.0	0.0	3.0	0.0	5.0	1.0	3.0	0.0	0.0	3.0	0.0	1.0	0.0	3.0	0.0	3.0	0.0	3.0	0.0	2.0	0.0	2.0	0.0	4.0	1.0	4.0	1.0	2.625	-1.0	-2.0	1.0	0.0	1.0	0.0	0.0	1.0	1.0	0.0	-1.0	0.0	0.0	0.0	0.0	0.0	0.0	1.0	1.0	0.0	3.0	0.0	1.0	1.0	1.0
4	2	3	1	64	2	6	1	0.0	0.0	1.0	0.0	8.0	0.0	1.0	0.0	4.0	4.0	4.0	4.0	4.0	3.0	3.0	3.3333333	82.0	5.0	5.0	3.0	4.3333335	3.0	3.0	5.0	1.0	0.0	1.0	1.0	2.0	1.0	0.0	1.0	1.0	0.0	0.0		1.0	1.0	1.0	4.0	1.0	5.0	1.0	4.0	1.0	3.0	0.0	1.0	0.0	3.0	0.0	4.0	1.0	4.0	1.0	3.0	0.0	3.5	0.625	2.0	0.0	4.0	1.0	4.0	1.0	3.0	0.0	3.0	0.0	5.0	1.0	5.0	1.0	0.0	5.0	1.0	5.0	1.0	4.0	1.0	2.0	0.0	2.0	0.0	3.0	0.0	3.0	0.0	4.0	1.0	4.0	1.0	3.5	1.0	0.0	0.0	-1.0	1.0	0.0	-1.0	0.0	1.0	0.0	0.0	0.0	0.0	0.0	0.0	0.0	-1.0	0.0	1.0	-0.125			0.0	1.0	0.0
3	2	4	1	61	5	5	2	0.0	0.0	1.0	0.0	6.0	0.0	0.0	1.0	4.0	4.0	4.0	4.0	2.0	4.0	2.0	2.6666667	50.0	5.0	4.0	4.0	4.3333335	4.0	4.0	5.0	1.0	0.0	0.0	1.0	1.0	0.0	0.0	1.0	1.0	0.0	0.0		1.0	1.0	1.0	1.0	0.0	3.0	0.0	3.0	0.0	1.0	0.0	1.0	0.0	1.0	0.0	1.0	0.0	1.0	0.0	1.0	0.0	1.5	0.0	2.0	0.0	2.0	0.0	1.0	0.0	5.0	1.0	1.0	0.0	2.0	0.0	1.0	0.0	0.0	3.0	0.0	3.0	0.0	1.0	0.0	1.0	0.0	1.0	0.0	1.0	0.0	1.0	0.0	3.0	0.0	1.0	0.0	1.75	2.0	0.0	-2.0	0.0	0.0	0.0	0.0	2.0	0.0	0.25	0.0	0.0	0.0	0.0	0.0	0.0	0.0	0.0	0.0	0.0			0.0	1.0	0.0
1	3	4	2	40	12	4	1	0.0	0.0	1.0	0.0	8.0	0.0	1.0	0.0	1.0	3.0	1.0	1.6666666	3.0	5.0	4.0	4.0	100.0	5.0	5.0	5.0	5.0	3.0	3.0	5.0	1.0	0.0	0.0	0.0	0.0	1.0	1.0	0.0	1.0	0.0	1.0	1.0		1.0	1.0	5.0	1.0	5.0	1.0	5.0	1.0	1.0	0.0	5.0	1.0	3.0	0.0	5.0	1.0	3.0	0.0	2.0	0.0	4.0	0.625	5.0	1.0	5.0	1.0	5.0	1.0	5.0	1.0	1.0	0.0	5.0	1.0	5.0	1.0	0.0	5.0	1.0	5.0	1.0	5.0	1.0	1.0	0.0	5.0	1.0	3.0	0.0	3.0	0.0	3.0	0.0	4.0	1.0	3.75	0.0	0.0	0.0	0.0	0.0	0.0	-2.0	0.0	2.0	-0.25	0.0	0.0	0.0	0.0	0.0	0.0	-1.0	0.0	1.0	-0.125			1.0	1.0	1.0
1	3	4	2	61	21	7	1	0.0	1.0	1.0	0.0	8.0	0.0	1.0	0.0	3.0	3.0	3.0	3.0	3.0	3.0	1.0	2.3333333	63.0	4.0	4.0	4.0	4.0	3.0	3.0	5.0	1.0	0.0	1.0	1.0	2.0	1.0	0.0	1.0	1.0	0.0	0.0		1.0	1.0	1.0	2.0	0.0	4.0	1.0	4.0	1.0	1.0	0.0	1.0	0.0	2.0	0.0	1.0	0.0	2.0	0.0	3.0	0.0	2.125	0.25	3.0	0.0	2.0	0.0	1.0	0.0	1.0	0.0	2.0	0.0	1.0	0.0	3.0	0.0	0.0	3.0	0.0	4.0	1.0	4.0	1.0	1.0	0.0	1.0	0.0	2.0	0.0	2.0	0.0	1.0	0.0	1.0	0.0	2.25	1.0	0.0	0.0	0.0	0.0	0.0	1.0	-1.0	-2.0	0.125	0.0	0.0	0.0	0.0	0.0	0.0	0.0	0.0	0.0	0.0			1.0	1.0	1.0
4	2	3	1	42	8	2	3	0.0	1.0	1.0	0.0	3.0	0.0	0.0	1.0	1.0	2.0	1.0	1.3333334	2.0	5.0	3.0	3.3333333	5.0	3.0	4.0	4.0	3.6666667	4.0	4.0	4.0	0.0	0.0	0.0	1.0	1.0	0.0	0.0	0.0	0.0	1.0		0.0	0.0		1.0	4.0	1.0	4.0	1.0	4.0	1.0	2.0	0.0	3.0	0.0	3.0	0.0	3.0	0.0	4.0	1.0	3.0	0.0	3.375	0.5	3.0	0.0	4.0	1.0	3.0	0.0	4.0	1.0	3.0	0.0	5.0	1.0	3.0	0.0	0.0	5.0	1.0	4.0	1.0	4.0	1.0	2.0	0.0	3.0	0.0	3.0	0.0	3.0	0.0	4.0	1.0	4.0	1.0	3.5	1.0	0.0	0.0	0.0	0.0	0.0	0.0	0.0	1.0	0.125	0.0	0.0	0.0	0.0	0.0	0.0	0.0	0.0	1.0	0.0			0.0	1.0	0.0
3	2	1	4	55	9	5	1	0.0	0.0	1.0	0.0	6.0	0.0	0.0	1.0	3.0	2.0	1.0	2.0	2.0	4.0	3.0	3.0	100.0	5.0	4.0	5.0	4.6666665	1.0	3.0	5.0	1.0	0.0	1.0	1.0	2.0	0.0	0.0	1.0	1.0	0.0	0.0		1.0	1.0	1.0	3.0	0.0	3.0	0.0	5.0	1.0	5.0	1.0	3.0	0.0	4.0	1.0	4.0	1.0	5.0	1.0	2.0	0.0	4.0	0.625	1.0	0.0	1.0	0.0	2.0	0.0	5.0	1.0	1.0	0.0	1.0	0.0	4.0	1.0	0.0	3.0	0.0	5.0	1.0	1.0	0.0	5.0	1.0	2.0	0.0	1.0	0.0	2.0	0.0	5.0	1.0	2.0	0.0	3.0	0.0	2.0	-4.0	0.0	-1.0	-3.0	-2.0	0.0	0.0	-1.0	0.0	1.0	-1.0	0.0	0.0	-1.0	-1.0	0.0	0.0	-0.25			0.0	1.0	0.0
4	3	2	1	68	10	2	3	1.0	0.0	1.0	0.0	6.0	0.0	0.0	1.0	3.0	3.0	3.0	3.0	4.0	4.0	1.0	3.0	0.0	4.0	3.0	4.0	3.6666667	3.0	3.0	4.0	1.0	0.0	1.0	1.0	2.0	1.0	0.0	1.0	1.0	0.0	0.0		1.0	0.0	0.0	4.0	1.0	4.0	1.0	3.0	0.0	1.0	0.0	2.0	0.0	4.0	1.0	3.0	0.0	3.0	0.0	3.0	0.0	3.0	0.375	1.0	0.0	2.0	0.0	3.0	0.0	5.0	1.0	3.0	0.0	5.0	1.0	5.0	1.0	1.0	3.0	0.0	4.0	1.0	3.0	0.0	1.0	0.0	2.0	0.0	4.0	1.0	3.0	0.0	3.0	0.0	3.0	0.0	2.875	-1.0	0.0	0.0	0.0	0.0	0.0	0.0	0.0	0.0	-0.125	-1.0	0.0	0.0	0.0	0.0	0.0	0.0	0.0	0.0	-0.125	5.0	1.0	0.0	0.0	0.0
4	3	2	1	25	8	2	2	0.0	1.0	0.0	1.0	1.0	1.0	0.0	0.0	4.0	1.0	2.0	2.3333333	3.0	5.0	3.0	3.6666667	-15.0	3.0	4.0	1.0	2.6666667	4.0	5.0	5.0	0.0	1.0	1.0	0.0	1.0	0.0	0.0	1.0	1.0	0.0	0.0		1.0	1.0	1.0	5.0	1.0	1.0	0.0	3.0	0.0	5.0	1.0	1.0	0.0	3.0	0.0	5.0	1.0	4.0	1.0	2.0	0.0	3.375	0.5	3.0	0.0	3.0	0.0	5.0	1.0	3.0	0.0	4.0	1.0	1.0	0.0	4.0	1.0	0.0	1.0	0.0	4.0	1.0	3.0	0.0	1.0	0.0	3.0	0.0	5.0	1.0	5.0	1.0	2.0	0.0	2.0	0.0	3.0	-4.0	3.0	0.0	-4.0	2.0	2.0	0.0	-2.0	0.0	-0.375	-1.0	1.0	0.0	-1.0	0.0	1.0	0.0	-1.0	0.0	-0.125			0.0	0.0	0.0
3	1	2	4	41	24	2	1	0.0	0.0	0.0	1.0	1.0	1.0	0.0	0.0	5.0	4.0	5.0	4.6666665	4.0	4.0	4.0	4.0	7.0	4.0	2.0	2.0	2.6666667	5.0	5.0	4.0	0.0	1.0	1.0	1.0	2.0	1.0	0.0	1.0	1.0	0.0	0.0		1.0	0.0	0.0	4.0	1.0	4.0	1.0	4.0	1.0	4.0	1.0	4.0	1.0	5.0	1.0	5.0	1.0	4.0	1.0	4.0	1.0	4.25	1.0	4.0	1.0	4.0	1.0	4.0	1.0	5.0	1.0	5.0	1.0	4.0	1.0	5.0	1.0	1.0	5.0	1.0	4.0	1.0	5.0	1.0	4.0	1.0	4.0	1.0	5.0	1.0	4.0	1.0	5.0	1.0	4.0	1.0	4.5	1.0	0.0	1.0	0.0	0.0	0.0	-1.0	1.0	0.0	0.25	0.0	0.0	0.0	0.0	0.0	0.0	0.0	0.0	0.0	0.0	5.0	1.0	0.0	1.0	0.0
2	4	3	1	43	9	6	3	0.0	0.0	1.0	0.0	6.0	0.0	0.0	1.0	4.0	5.0	3.0	4.0	3.0	4.0	5.0	4.0	-3.0	5.0	5.0	5.0	5.0	5.0	3.0	4.0	1.0	0.0	1.0	1.0	2.0	1.0	0.0	0.0	0.0	1.0		0.0	0.0		1.0	4.0	1.0	4.0	1.0	4.0	1.0	4.0	1.0	4.0	1.0	4.0	1.0	4.0	1.0	5.0	1.0	4.0	1.0	4.125	1.0	2.0	0.0	3.0	0.0	1.0	0.0	1.0	0.0	1.0	0.0	1.0	0.0	1.0	0.0	0.0	3.0	0.0	3.0	0.0	2.0	0.0	3.0	0.0	4.0	1.0	3.0	0.0	3.0	0.0	3.0	0.0	3.0	0.0	3.0	-1.0	-1.0	-2.0	-1.0	0.0	-1.0	-1.0	-2.0	-1.0	-1.125	-1.0	-1.0	-1.0	-1.0	0.0	-1.0	-1.0	-1.0	-1.0	-0.875			0.0	0.0	1.0
2	3	4	1	54	13	6	2	0.0	1.0	1.0	0.0	8.0	0.0	1.0	0.0	2.0	3.0	2.0	2.3333333	5.0	5.0	3.0	4.3333335	-81.0	4.0	4.0	3.0	3.6666667	5.0	4.0	4.0	1.0	0.0	1.0	1.0	2.0	1.0	0.0	0.0	0.0	1.0		0.0	0.0		1.0	3.0	0.0	4.0	1.0	3.0	0.0	3.0	0.0	3.0	0.0	4.0	1.0	3.0	0.0	3.0	0.0	4.0	1.0	3.25	0.25	2.0	0.0	3.0	0.0	3.0	0.0	5.0	1.0	4.0	1.0	3.0	0.0	3.0	0.0	0.0	4.0	1.0	3.0	0.0	4.0	1.0	3.0	0.0	4.0	1.0	4.0	1.0	3.0	0.0	5.0	1.0	3.0	0.0	3.75	1.0	-1.0	1.0	0.0	1.0	0.0	0.0	2.0	-1.0	0.5	1.0	-1.0	1.0	0.0	1.0	0.0	0.0	1.0	-1.0	0.375			0.0	0.0	1.0
3	2	4	1	42	19	6	4	0.0	1.0	1.0	0.0	1.0	1.0	0.0	0.0	1.0	1.0	1.0	1.0	1.0	3.0	1.0	1.6666666	-30.0	2.0	4.0	3.0	3.0	5.0	4.0	5.0	0.0	1.0	1.0	1.0	2.0	1.0	0.0	1.0	1.0	0.0	0.0		1.0	0.0	0.0	5.0	1.0	5.0	1.0	4.0	1.0	1.0	0.0	1.0	0.0	5.0	1.0	4.0	1.0	5.0	1.0	4.0	1.0	3.75	0.75	2.0	0.0	3.0	0.0	4.0	1.0	2.0	0.0	4.0	1.0	5.0	1.0	5.0	1.0	0.0	4.0	1.0	5.0	1.0	5.0	1.0	1.0	0.0	1.0	0.0	5.0	1.0	4.0	1.0	5.0	1.0	4.0	1.0	3.75	-1.0	0.0	1.0	0.0	0.0	0.0	0.0	0.0	0.0	0.0	0.0	0.0	0.0	0.0	0.0	0.0	0.0	0.0	0.0	0.0	5.0	1.0	0.0	0.0	0.0
3	2	4	1	64	2	4	3	0.0	1.0	1.0	0.0	8.0	0.0	1.0	0.0	2.0	3.0	2.0	2.3333333	3.0	4.0	3.0	3.3333333	0.0	3.0	4.0	4.0	3.6666667	2.0	3.0	3.0	1.0	0.0	1.0	0.0	1.0	1.0	0.0	1.0	1.0	0.0	0.0		1.0	0.0	0.0	4.0	1.0	4.0	1.0	3.0	0.0	2.0	0.0	2.0	0.0	3.0	0.0	3.0	0.0	4.0	1.0	3.0	0.0	3.125	0.375	3.0	0.0	2.0	0.0	3.0	0.0	4.0	1.0	3.0	0.0	4.0	1.0	4.0	1.0	0.0	4.0	1.0	4.0	1.0	3.0	0.0	2.0	0.0	2.0	0.0	3.0	0.0	2.0	0.0	4.0	1.0	3.0	0.0	3.0	0.0	0.0	0.0	0.0	0.0	0.0	-1.0	0.0	0.0	-0.125	0.0	0.0	0.0	0.0	0.0	0.0	0.0	0.0	0.0	0.0	4.0	1.0	0.0	0.0	0.0
2	3	4	1	59	10	6	3	0.0	1.0	0.0	1.0	2.0	1.0	0.0	0.0	2.0	1.0	1.0	1.3333334	4.0	4.0	4.0	4.0	34.0	2.0	4.0	2.0	2.6666667	4.0	3.0	4.0	0.0	1.0	1.0	0.0	1.0	1.0	1.0	0.0	1.0	0.0	1.0	1.0		1.0	1.0	4.0	1.0	4.0	1.0	4.0	1.0	4.0	1.0	3.0	0.0	3.0	0.0	2.0	0.0	4.0	1.0	4.0	1.0	3.5	0.625	3.0	0.0	2.0	0.0	3.0	0.0	4.0	1.0	3.0	0.0	2.0	0.0	4.0	1.0	0.0	4.0	1.0	2.0	0.0	2.0	0.0	4.0	1.0	2.0	0.0	2.0	0.0	2.0	0.0	4.0	1.0	4.0	1.0	2.75	0.0	-2.0	-2.0	0.0	-1.0	-1.0	0.0	0.0	0.0	-0.75	0.0	-1.0	-1.0	0.0	0.0	0.0	0.0	0.0	0.0	-0.25			0.0	1.0	1.0
3	2	4	1	64	5	5	2	0.0	0.0	1.0	0.0	2.0	1.0	0.0	0.0	1.0	1.0	1.0	1.0	3.0	3.0	4.0	3.3333333	19.0	2.0	2.0	1.0	1.6666666	4.0	4.0	2.0	0.0	1.0	1.0	1.0	2.0	1.0	1.0	0.0	1.0	0.0	1.0	1.0		0.0	0.0	5.0	1.0	5.0	1.0	4.0	1.0	2.0	0.0	2.0	0.0	3.0	0.0	2.0	0.0	5.0	1.0	3.0	0.0	3.5	0.5	3.0	0.0	2.0	0.0	4.0	1.0	4.0	1.0	3.0	0.0	5.0	1.0	4.0	1.0	0.0	5.0	1.0	5.0	1.0	4.0	1.0	2.0	0.0	2.0	0.0	3.0	0.0	2.0	0.0	4.0	1.0	3.0	0.0	3.375	0.0	0.0	0.0	0.0	0.0	0.0	0.0	-1.0	0.0	-0.125	0.0	0.0	0.0	0.0	0.0	0.0	0.0	0.0	0.0	0.0	5.0	1.0	0.0	1.0	0.0
1	2	3	4	44	6	2	3	0.0	1.0	1.0	0.0	8.0	0.0	1.0	0.0	1.0	1.0	1.0	1.0	5.0	5.0	5.0	5.0	1.0	5.0	5.0	5.0	5.0	5.0	5.0	4.0	1.0	0.0	1.0	1.0	2.0	1.0	0.0	1.0	1.0	0.0	0.0		1.0	1.0	1.0	5.0	1.0	5.0	1.0	5.0	1.0	5.0	1.0	5.0	1.0	1.0	0.0	1.0	0.0	5.0	1.0	5.0	1.0	4.0	0.75	1.0	0.0	5.0	1.0	5.0	1.0	1.0	0.0	1.0	0.0	5.0	1.0	5.0	1.0	0.0	5.0	1.0	5.0	1.0	1.0	0.0	1.0	0.0	1.0	0.0	1.0	0.0	1.0	0.0	5.0	1.0	5.0	1.0	2.5	0.0	0.0	-4.0	-4.0	-4.0	0.0	0.0	0.0	0.0	-1.5	0.0	0.0	-1.0	-1.0	-1.0	0.0	0.0	0.0	0.0	-0.375			1.0	0.0	1.0
3	2	4	1	63	1	4	3	0.0	0.0	1.0	0.0	7.0	0.0	1.0	0.0	2.0	2.0	3.0	2.3333333	3.0	4.0	2.0	3.0	6.0	2.0	2.0	2.0	2.0	3.0	4.0	5.0	0.0	1.0	1.0	1.0	2.0	0.0	0.0	1.0	1.0	0.0	0.0		1.0	0.0	0.0	5.0	1.0	5.0	1.0	5.0	1.0	2.0	0.0	2.0	0.0	4.0	1.0	4.0	1.0	5.0	1.0	5.0	1.0	4.0	0.75	3.0	0.0	4.0	1.0	4.0	1.0	3.0	0.0	5.0	1.0	4.0	1.0	4.0	1.0	1.0	5.0	1.0	5.0	1.0	5.0	1.0	2.0	0.0	1.0	0.0	4.0	1.0	4.0	1.0	5.0	1.0	5.0	1.0	3.875	0.0	0.0	0.0	0.0	-1.0	0.0	0.0	0.0	0.0	-0.125	0.0	0.0	0.0	0.0	0.0	0.0	0.0	0.0	0.0	0.0	5.0	1.0	0.0	1.0	0.0
2	3	4	1	48	3	4	4	0.0	1.0	1.0	0.0	2.0	1.0	0.0	0.0	4.0	1.0	1.0	2.0	2.0	4.0	3.0	3.0	1.0	4.0	4.0	2.0	3.3333333	1.0	4.0	5.0	0.0	0.0	0.0	0.0	0.0	0.0	1.0	0.0	1.0	0.0	1.0	1.0		0.0	0.0	2.0	0.0	4.0	1.0	1.0	0.0	1.0	0.0	2.0	0.0	3.0	0.0	2.0	0.0	2.0	0.0	2.0	0.0	2.125	0.125	1.0	0.0	5.0	1.0	5.0	1.0	3.0	0.0	4.0	1.0	4.0	1.0	3.0	0.0	0.0	3.0	0.0	1.0	0.0	1.0	0.0	1.0	0.0	1.0	0.0	3.0	0.0	2.0	0.0	4.0	1.0	2.0	0.0	2.0	1.0	-3.0	0.0	0.0	-1.0	0.0	0.0	2.0	0.0	-0.125	0.0	-1.0	0.0	0.0	0.0	0.0	0.0	1.0	0.0	0.0	4.0	1.0	0.0	0.0	1.0
1	2	4	3	51	11	6	3	0.0	1.0	1.0	0.0	7.0	0.0	1.0	0.0	4.0	3.0	2.0	3.0	4.0	4.0	4.0	4.0	75.0	3.0	3.0	3.0	3.0	5.0	3.0	3.0	1.0	0.0	1.0	1.0	2.0	0.0	1.0	0.0	1.0	0.0	1.0	1.0		1.0	1.0	3.0	0.0	5.0	1.0	4.0	1.0	3.0	0.0	3.0	0.0	4.0	1.0	3.0	0.0	4.0	1.0	3.0	0.0	3.625	0.5	3.0	0.0	3.0	0.0	3.0	0.0	3.0	0.0	3.0	0.0	5.0	1.0	3.0	0.0	0.0	4.0	1.0	5.0	1.0	4.0	1.0	3.0	0.0	3.0	0.0	4.0	1.0	3.0	0.0	4.0	1.0	3.0	0.0	3.75	1.0	0.0	0.0	0.0	0.0	0.0	0.0	0.0	0.0	0.125	1.0	0.0	0.0	0.0	0.0	0.0	0.0	0.0	0.0	0.125			1.0	1.0	1.0
3	2	1	4	54	3	4	3	0.0	0.0	1.0	0.0	7.0	0.0	1.0	0.0	4.0	4.0	4.0	4.0	4.0	5.0	1.0	3.3333333	-9.0	5.0	4.0	4.0	4.3333335	5.0	5.0	4.0	1.0	0.0	0.0	1.0	1.0	1.0	0.0	0.0	0.0	1.0		0.0	0.0		1.0	4.0	1.0	4.0	1.0	4.0	1.0	4.0	1.0	4.0	1.0	4.0	1.0	5.0	1.0	4.0	1.0	4.0	1.0	4.125	1.0	4.0	1.0	2.0	0.0	5.0	1.0	2.0	0.0	4.0	1.0	5.0	1.0	5.0	1.0	1.0	4.0	1.0	5.0	1.0	4.0	1.0	5.0	1.0	4.0	1.0	4.0	1.0	4.0	1.0	4.0	1.0	5.0	1.0	4.25	0.0	1.0	0.0	1.0	0.0	0.0	-1.0	0.0	1.0	0.125	0.0	0.0	0.0	0.0	0.0	0.0	0.0	0.0	0.0	0.0			0.0	0.0	0.0
2	3	4	1	38	20	3	3	0.0	0.0	1.0	0.0	8.0	0.0	1.0	0.0	3.0	4.0	3.0	3.3333333	2.0	3.0	2.0	2.3333333	50.0	3.0	4.0	3.0	3.3333333	1.0	1.0	3.0	1.0	0.0	0.0	1.0	1.0	0.0	0.0	1.0	1.0	0.0	0.0		1.0	0.0	0.0	3.0	0.0	3.0	0.0	1.0	0.0	1.0	0.0	1.0	0.0	1.0	0.0	1.0	0.0	3.0	0.0	1.0	0.0	1.75	0.0	2.0	0.0	3.0	0.0	1.0	0.0	4.0	1.0	1.0	0.0	4.0	1.0	3.0	0.0	0.0	3.0	0.0	3.0	0.0	5.0	1.0	1.0	0.0	1.0	0.0	1.0	0.0	1.0	0.0	3.0	0.0	1.0	0.0	2.25	0.0	0.0	4.0	0.0	0.0	0.0	0.0	0.0	0.0	0.5	0.0	0.0	1.0	0.0	0.0	0.0	0.0	0.0	0.0	0.125	3.0	0.0	0.0	1.0	1.0
1	3	4	2	54	18	5	3	0.0	1.0	1.0	0.0	8.0	0.0	1.0	0.0	1.0	1.0	3.0	1.6666666	4.0	5.0	1.0	3.3333333	65.0	5.0	5.0	4.0	4.6666665	4.0	1.0	4.0	1.0	0.0	1.0	1.0	2.0	1.0	1.0	0.0	1.0	0.0	1.0	1.0		0.0	0.0	5.0	1.0	5.0	1.0	5.0	1.0	1.0	0.0	1.0	0.0	4.0	1.0	1.0	0.0	5.0	1.0	2.0	0.0	3.375	0.625	4.0	1.0	1.0	0.0	1.0	0.0	1.0	0.0	1.0	0.0	5.0	1.0	5.0	1.0	0.0	3.0	0.0	5.0	1.0	5.0	1.0	1.0	0.0	1.0	0.0	4.0	1.0	1.0	0.0	4.0	1.0	1.0	0.0	3.0	-2.0	0.0	0.0	0.0	0.0	0.0	0.0	-1.0	-1.0	-0.375	-1.0	0.0	0.0	0.0	0.0	0.0	0.0	0.0	0.0	-0.125	5.0	1.0	1.0	1.0	1.0
4	2	1	3	61	7	2	1	0.0	1.0	1.0	0.0	4.0	0.0	0.0	1.0	2.0	2.0	2.0	2.0	4.0	4.0	2.0	3.3333333	4.0	2.0	2.0	2.0	2.0	4.0	4.0	4.0	0.0	1.0	0.0	0.0	0.0	0.0	0.0	1.0	1.0	0.0	0.0		1.0	0.0	0.0	2.0	0.0	2.0	0.0	2.0	0.0	2.0	0.0	2.0	0.0	2.0	0.0	2.0	0.0	2.0	0.0	2.0	0.0	2.0	0.0	3.0	0.0	2.0	0.0	2.0	0.0	5.0	1.0	3.0	0.0	4.0	1.0	4.0	1.0	0.0	3.0	0.0	3.0	0.0	3.0	0.0	3.0	0.0	3.0	0.0	3.0	0.0	3.0	0.0	3.0	0.0	3.0	0.0	3.0	1.0	1.0	1.0	1.0	1.0	1.0	1.0	1.0	1.0	1.0	0.0	0.0	0.0	0.0	0.0	0.0	0.0	0.0	0.0	0.0	2.0	0.0	0.0	1.0	0.0
4	1	3	2	54	8	3	2	0.0	0.0	1.0	0.0	8.0	0.0	1.0	0.0	2.0	3.0	2.0	2.3333333	3.0	5.0	4.0	4.0	26.0	4.0	3.0	4.0	3.6666667	3.0	2.0	3.0	1.0	0.0	0.0	1.0	1.0	1.0	0.0	0.0	0.0	1.0		0.0	0.0		1.0	4.0	1.0	3.0	0.0	3.0	0.0	3.0	0.0	3.0	0.0	2.0	0.0	4.0	1.0	2.0	0.0	4.0	1.0	3.0	0.25	3.0	0.0	3.0	0.0	4.0	1.0	2.0	0.0	4.0	1.0	3.0	0.0	3.0	0.0	0.0	3.0	0.0	4.0	1.0	3.0	0.0	4.0	1.0	3.0	0.0	2.0	0.0	4.0	1.0	3.0	0.0	4.0	1.0	3.25	-1.0	1.0	0.0	1.0	0.0	0.0	0.0	1.0	0.0	0.25	-1.0	1.0	0.0	1.0	0.0	0.0	0.0	0.0	0.0	0.125			0.0	1.0	0.0
1	3	4	2	37	2	1	3	0.0	1.0	1.0	0.0	6.0	0.0	0.0	1.0	3.0	3.0	2.0	2.6666667	3.0	5.0	5.0	4.3333335	100.0	3.0	3.0	3.0	3.0	3.0	3.0	3.0	1.0	0.0	0.0	1.0	1.0	0.0	0.0	1.0	1.0	0.0	0.0		1.0	1.0	1.0	3.0	0.0	2.0	0.0	3.0	0.0	3.0	0.0	3.0	0.0	3.0	0.0	3.0	0.0	3.0	0.0	3.0	0.0	2.875	0.0	4.0	1.0	3.0	0.0	3.0	0.0	3.0	0.0	3.0	0.0	3.0	0.0	5.0	1.0	0.0	3.0	0.0	3.0	0.0	3.0	0.0	3.0	0.0	3.0	0.0	3.0	0.0	3.0	0.0	3.0	0.0	3.0	0.0	3.0	0.0	1.0	0.0	0.0	0.0	0.0	0.0	0.0	0.0	0.125	0.0	0.0	0.0	0.0	0.0	0.0	0.0	0.0	0.0	0.0			1.0	1.0	1.0
4	2	3	1	54	22	8	3	0.0	0.0	1.0	0.0	2.0	1.0	0.0	0.0	3.0	1.0	4.0	2.6666667	4.0	3.0	5.0	4.0	-5.0	1.0	2.0	2.0	1.6666666	4.0	2.0	5.0	0.0	1.0	1.0	0.0	1.0	0.0	0.0	1.0	1.0	0.0	0.0		1.0	0.0	0.0	4.0	1.0	5.0	1.0	5.0	1.0	2.0	0.0	2.0	0.0	5.0	1.0	3.0	0.0	5.0	1.0	4.0	1.0	3.875	0.625	3.0	0.0	3.0	0.0	4.0	1.0	5.0	1.0	5.0	1.0	5.0	1.0	5.0	1.0	0.0	5.0	1.0	5.0	1.0	5.0	1.0	2.0	0.0	1.0	0.0	5.0	1.0	3.0	0.0	5.0	1.0	4.0	1.0	3.875	1.0	0.0	0.0	0.0	-1.0	0.0	0.0	0.0	0.0	0.0	0.0	0.0	0.0	0.0	0.0	0.0	0.0	0.0	0.0	0.0	5.0	1.0	0.0	0.0	0.0
2	3	4	1	33	10	6	4	0.0	1.0	1.0	0.0	2.0	1.0	0.0	0.0	1.0	1.0	1.0	1.0	2.0	5.0	1.0	2.6666667	73.0	2.0	3.0	2.0	2.3333333	3.0	4.0	5.0	0.0	1.0	1.0	1.0	2.0	0.0	1.0	0.0	1.0	0.0	1.0	1.0		1.0	1.0	5.0	1.0	4.0	1.0	3.0	0.0	2.0	0.0	1.0	0.0	4.0	1.0	3.0	0.0	5.0	1.0	4.0	1.0	3.375	0.5	3.0	0.0	3.0	0.0	3.0	0.0	5.0	1.0	4.0	1.0	5.0	1.0	4.0	1.0	0.0	3.0	0.0	4.0	1.0	3.0	0.0	2.0	0.0	3.0	0.0	4.0	1.0	4.0	1.0	4.0	1.0	2.0	0.0	3.375	-2.0	0.0	0.0	0.0	2.0	0.0	1.0	-1.0	-2.0	0.0	-1.0	0.0	0.0	0.0	0.0	0.0	1.0	0.0	-1.0	0.0			0.0	1.0	1.0
1	3	4	2	48	19	7	4	0.0	1.0	1.0	0.0	7.0	0.0	1.0	0.0	2.0	4.0	1.0	2.3333333	2.0	4.0	3.0	3.0	6.0	1.0	3.0	2.0	2.0	3.0	2.0	2.0	0.0	1.0	0.0	1.0	1.0	0.0	1.0	0.0	1.0	0.0	1.0	1.0		0.0	0.0	3.0	0.0	5.0	1.0	2.0	0.0	2.0	0.0	3.0	0.0	2.0	0.0	1.0	0.0	2.0	0.0	3.0	0.0	2.5	0.125	4.0	1.0	2.0	0.0	2.0	0.0	5.0	1.0	3.0	0.0	5.0	1.0	4.0	1.0	0.0	4.0	1.0	3.0	0.0	1.0	0.0	2.0	0.0	1.0	0.0	1.0	0.0	1.0	0.0	2.0	0.0	1.0	0.0	1.875	1.0	-2.0	-1.0	0.0	-2.0	-1.0	0.0	0.0	-2.0	-0.625	1.0	-1.0	0.0	0.0	0.0	0.0	0.0	0.0	0.0	0.0	4.0	1.0	1.0	1.0	1.0
2	4	3	1	45	8	6	3	0.0	0.0	1.0	0.0	2.0	1.0	0.0	0.0	2.0	2.0	2.0	2.0	4.0	4.0	1.0	3.0	1.0	2.0	4.0	4.0	3.3333333	4.0	1.0	4.0	0.0	1.0	1.0	1.0	2.0	0.0	1.0	0.0	1.0	0.0	1.0	1.0		0.0	0.0	4.0	1.0	4.0	1.0	3.0	0.0	2.0	0.0	1.0	0.0	3.0	0.0	2.0	0.0	5.0	1.0	2.0	0.0	3.0	0.375	2.0	0.0	2.0	0.0	2.0	0.0	3.0	0.0	2.0	0.0	5.0	1.0	4.0	1.0	0.0	4.0	1.0	4.0	1.0	4.0	1.0	2.0	0.0	1.0	0.0	3.0	0.0	2.0	0.0	5.0	1.0	2.0	0.0	3.125	0.0	0.0	1.0	0.0	0.0	0.0	0.0	0.0	0.0	0.125	0.0	0.0	1.0	0.0	0.0	0.0	0.0	0.0	0.0	0.125	4.0	1.0	0.0	0.0	1.0
4	3	2	1	35	19	2	1	0.0	0.0	0.0	0.0	2.0	1.0	0.0	0.0	1.0	3.0	5.0	3.0	4.0	5.0	4.0	4.3333335	-56.0	5.0	4.0	3.0	4.0	5.0	5.0	1.0	0.0	0.0	0.0	1.0	1.0	0.0	0.0	1.0	1.0	0.0	0.0		1.0	1.0	1.0	3.0	0.0	3.0	0.0	3.0	0.0	3.0	0.0	3.0	0.0	3.0	0.0	3.0	0.0	3.0	0.0	3.0	0.0	3.0	0.0	1.0	0.0	2.0	0.0	4.0	1.0	3.0	0.0	3.0	0.0	3.0	0.0	3.0	0.0	0.0	3.0	0.0	3.0	0.0	3.0	0.0	3.0	0.0	3.0	0.0	3.0	0.0	3.0	0.0	3.0	0.0	3.0	0.0	3.0	0.0	0.0	0.0	0.0	0.0	0.0	0.0	0.0	0.0	0.0	0.0	0.0	0.0	0.0	0.0	0.0	0.0	0.0	0.0	0.0			0.0	0.0	0.0
4	1	3	2	36	5	6	2	0.0	1.0	1.0	0.0	1.0	1.0	0.0	0.0	3.0	4.0	2.0	3.0	4.0	5.0	1.0	3.3333333	0.0	1.0	1.0	1.0	1.0	4.0	2.0	4.0	0.0	1.0	0.0	0.0	0.0	0.0	0.0	0.0	0.0	1.0		0.0	0.0		1.0	3.0	0.0	3.0	0.0	1.0	0.0	1.0	0.0	1.0	0.0	3.0	0.0	4.0	1.0	2.0	0.0	4.0	1.0	2.25	0.125	4.0	1.0	3.0	0.0	2.0	0.0	4.0	1.0	3.0	0.0	4.0	1.0	3.0	0.0	0.0	3.0	0.0	3.0	0.0	2.0	0.0	1.0	0.0	1.0	0.0	3.0	0.0	4.0	1.0	2.0	0.0	4.0	1.0	2.375	0.0	0.0	1.0	0.0	0.0	0.0	0.0	0.0	0.0	0.125	0.0	0.0	0.0	0.0	0.0	0.0	0.0	0.0	0.0	0.0			0.0	0.0	0.0
2	1	4	3	52	4	4	2	0.0	1.0	1.0	0.0	7.0	0.0	1.0	0.0	4.0	4.0	3.0	3.6666667	2.0	2.0	2.0	2.0	0.0	2.0	4.0	4.0	3.3333333	2.0	3.0	2.0	1.0	0.0	1.0	1.0	2.0	1.0	0.0	0.0	0.0	1.0		0.0	0.0		1.0	4.0	1.0	4.0	1.0	3.0	0.0	2.0	0.0	2.0	0.0	3.0	0.0	2.0	0.0	4.0	1.0	2.0	0.0	3.0	0.375	2.0	0.0	2.0	0.0	3.0	0.0	4.0	1.0	3.0	0.0	5.0	1.0	5.0	1.0	0.0	5.0	1.0	5.0	1.0	3.0	0.0	2.0	0.0	2.0	0.0	3.0	0.0	2.0	0.0	5.0	1.0	2.0	0.0	3.375	1.0	1.0	0.0	0.0	0.0	0.0	0.0	1.0	0.0	0.375	0.0	0.0	0.0	0.0	0.0	0.0	0.0	0.0	0.0	0.0			0.0	0.0	0.0
2	1	3	4	48	3	4	3	0.0	0.0	1.0	0.0	3.0	0.0	0.0	1.0	2.0	2.0	4.0	2.6666667	2.0	4.0	3.0	3.0	54.0	4.0	4.0	2.0	3.3333333	3.0	3.0	3.0	0.0	0.0	0.0	0.0	0.0	0.0	0.0	0.0	0.0	1.0		0.0	0.0		1.0	4.0	1.0	4.0	1.0	3.0	0.0	3.0	0.0	4.0	1.0	4.0	1.0	4.0	1.0	3.0	0.0	4.0	1.0	3.625	0.625	4.0	1.0	3.0	0.0	4.0	1.0	3.0	0.0	4.0	1.0	4.0	1.0	4.0	1.0	1.0	4.0	1.0	2.0	0.0	4.0	1.0	3.0	0.0	4.0	1.0	4.0	1.0	4.0	1.0	4.0	1.0	4.0	1.0	3.625	0.0	-2.0	1.0	0.0	0.0	0.0	0.0	1.0	0.0	0.0	0.0	-1.0	1.0	0.0	0.0	0.0	0.0	1.0	0.0	0.125			0.0	1.0	0.0
1	2	4	3	57	6	2	3	0.0	1.0	1.0	0.0	8.0	0.0	1.0	0.0	1.0	3.0	1.0	1.6666666	2.0	4.0	1.0	2.3333333	0.0	3.0	5.0	4.0	4.0	5.0	4.0	4.0	1.0	0.0	1.0	1.0	2.0	0.0	0.0	1.0	1.0	0.0	0.0		1.0	1.0	1.0	5.0	1.0	5.0	1.0	4.0	1.0	5.0	1.0	5.0	1.0	3.0	0.0	1.0	0.0	5.0	1.0	5.0	1.0	4.125	0.75	4.0	1.0	4.0	1.0	4.0	1.0	4.0	1.0	2.0	0.0	5.0	1.0	5.0	1.0	0.0	5.0	1.0	5.0	1.0	4.0	1.0	1.0	0.0	4.0	1.0	4.0	1.0	1.0	0.0	4.0	1.0	4.0	1.0	3.5	0.0	0.0	0.0	-4.0	-1.0	1.0	0.0	-1.0	-1.0	-0.625	0.0	0.0	0.0	-1.0	0.0	1.0	0.0	0.0	0.0	0.0			1.0	0.0	1.0
1	2	4	3	47	18	5	4	0.0	0.0	1.0	0.0	4.0	0.0	0.0	1.0	3.0	3.0	3.0	3.0	3.0	2.0	4.0	3.0	-4.0	2.0	4.0	3.0	3.0	3.0	4.0	3.0	0.0	1.0	0.0	1.0	1.0	0.0	1.0	0.0	1.0	0.0	1.0	1.0		1.0	1.0	4.0	1.0	2.0	0.0	4.0	1.0	5.0	1.0	4.0	1.0	2.0	0.0	3.0	0.0	2.0	0.0	2.0	0.0	3.25	0.5	2.0	0.0	3.0	0.0	3.0	0.0	2.0	0.0	2.0	0.0	4.0	1.0	3.0	0.0	1.0	4.0	1.0	3.0	0.0	3.0	0.0	4.0	1.0	3.0	0.0	3.0	0.0	3.0	0.0	4.0	1.0	3.0	0.0	3.375	0.0	1.0	-1.0	-1.0	-1.0	1.0	0.0	2.0	1.0	0.125	0.0	0.0	-1.0	0.0	-1.0	0.0	0.0	1.0	0.0	-0.125			1.0	0.0	1.0
4	2	3	1	60	5	6	3	0.0	1.0	1.0	0.0	2.0	1.0	0.0	0.0	1.0	1.0	1.0	1.0	4.0	4.0	1.0	3.0	14.0	4.0	4.0	4.0	4.0	4.0	5.0	4.0	0.0	1.0	1.0	0.0	1.0	0.0	0.0	0.0	0.0	1.0		0.0	0.0		1.0	4.0	1.0	4.0	1.0	4.0	1.0	1.0	0.0	1.0	0.0	4.0	1.0	5.0	1.0	4.0	1.0	4.0	1.0	3.375	0.75	3.0	0.0	3.0	0.0	5.0	1.0	5.0	1.0	4.0	1.0	5.0	1.0	5.0	1.0	0.0	5.0	1.0	4.0	1.0	4.0	1.0	1.0	0.0	1.0	0.0	5.0	1.0	5.0	1.0	4.0	1.0	5.0	1.0	3.625	1.0	0.0	0.0	0.0	0.0	1.0	0.0	0.0	1.0	0.25	0.0	0.0	0.0	0.0	0.0	0.0	0.0	0.0	0.0	0.0			0.0	1.0	0.0
4	2	1	3	49	9	2	3	0.0	1.0	1.0	0.0	8.0	0.0	1.0	0.0	3.0	2.0	2.0	2.3333333	2.0	5.0	2.0	3.0	35.0	2.0	4.0	5.0	3.6666667	4.0	3.0	4.0	1.0	0.0	0.0	0.0	0.0	0.0	1.0	0.0	1.0	0.0	1.0	1.0		0.0	0.0	3.0	0.0	2.0	0.0	2.0	0.0	2.0	0.0	4.0	1.0	1.0	0.0	5.0	1.0	4.0	1.0	1.0	0.0	2.875	0.375	3.0	0.0	5.0	1.0	4.0	1.0	2.0	0.0	4.0	1.0	4.0	1.0	4.0	1.0	0.0	2.0	0.0	4.0	1.0	4.0	1.0	4.0	1.0	4.0	1.0	4.0	1.0	4.0	1.0	4.0	1.0	1.0	0.0	3.75	-1.0	2.0	2.0	2.0	0.0	3.0	-1.0	0.0	0.0	0.875	0.0	1.0	1.0	1.0	0.0	1.0	0.0	0.0	0.0	0.5	2.0	0.0	0.0	1.0	0.0
4	1	3	2	33	1	6	3	0.0	0.0	0.0	0.0	8.0	0.0	1.0	0.0	5.0	5.0	5.0	5.0	5.0	5.0	5.0	5.0	0.0	5.0	5.0	1.0	3.6666667	5.0	5.0	3.0	1.0	0.0	0.0	1.0	1.0	0.0	0.0	1.0	1.0	0.0	0.0		1.0	1.0	1.0	1.0	0.0	1.0	0.0	1.0	0.0	1.0	0.0	1.0	0.0	1.0	0.0	1.0	0.0	1.0	0.0	1.0	0.0	1.0	0.0	5.0	1.0	3.0	0.0	5.0	1.0	5.0	1.0	5.0	1.0	5.0	1.0	5.0	1.0	1.0	1.0	0.0	1.0	0.0	1.0	0.0	1.0	0.0	1.0	0.0	1.0	0.0	1.0	0.0	1.0	0.0	1.0	0.0	1.0	0.0	0.0	0.0	0.0	0.0	0.0	0.0	0.0	0.0	0.0	0.0	0.0	0.0	0.0	0.0	0.0	0.0	0.0	0.0	0.0			0.0	0.0	0.0
4	3	2	1	46	18	5	2	0.0	1.0	1.0	0.0	7.0	0.0	1.0	0.0	1.0	3.0	1.0	1.6666666	1.0	3.0	1.0	1.6666666	-6.0	3.0	3.0	1.0	2.3333333	1.0	1.0	3.0	1.0	0.0	0.0	0.0	0.0	1.0	0.0	1.0	1.0	0.0	0.0		1.0	0.0	0.0	3.0	0.0	3.0	0.0	3.0	0.0	2.0	0.0	2.0	0.0	1.0	0.0	1.0	0.0	4.0	1.0	1.0	0.0	2.375	0.125	2.0	0.0	2.0	0.0	1.0	0.0	5.0	1.0	1.0	0.0	3.0	0.0	3.0	0.0	0.0	1.0	0.0	1.0	0.0	1.0	0.0	1.0	0.0	1.0	0.0	2.0	0.0	1.0	0.0	1.0	0.0	1.0	0.0	1.125	-2.0	-2.0	-2.0	-1.0	-1.0	1.0	0.0	-3.0	0.0	-1.25	0.0	0.0	0.0	0.0	0.0	0.0	0.0	-1.0	0.0	-0.125	3.0	0.0	0.0	0.0	0.0
4	2	3	1	55	22	6	2	0.0	0.0	1.0	0.0	6.0	0.0	0.0	1.0	1.0	1.0	1.0	1.0	4.0	5.0	4.0	4.3333335	-2.0	3.0	4.0	3.0	3.3333333	1.0	3.0	5.0	1.0	0.0	1.0	1.0	2.0	1.0	0.0	1.0	1.0	0.0	0.0		1.0	0.0	0.0	1.0	0.0	4.0	1.0	4.0	1.0	1.0	0.0	1.0	0.0	4.0	1.0	1.0	0.0	1.0	0.0	4.0	1.0	2.125	0.375	2.0	0.0	2.0	0.0	3.0	0.0	1.0	0.0	1.0	0.0	4.0	1.0	1.0	0.0	0.0	1.0	0.0	3.0	0.0	2.0	0.0	2.0	0.0	2.0	0.0	4.0	1.0	3.0	0.0	2.0	0.0	2.0	0.0	2.375	0.0	-1.0	-2.0	1.0	1.0	0.0	2.0	1.0	-2.0	0.25	0.0	-1.0	-1.0	0.0	0.0	0.0	0.0	0.0	-1.0	-0.25	2.0	0.0	0.0	0.0	0.0
2	1	3	4	42	14	6	4	0.0	1.0	0.0	0.0	1.0	1.0	0.0	0.0	3.0	1.0	3.0	2.3333333	5.0	5.0	4.0	4.6666665	-78.0	3.0	5.0	1.0	3.0	5.0	5.0	5.0	0.0	1.0	1.0	1.0	2.0	0.0	0.0	0.0	0.0	1.0		0.0	0.0		1.0	1.0	0.0	2.0	0.0	3.0	0.0	1.0	0.0	3.0	0.0	3.0	0.0	4.0	1.0	5.0	1.0	3.0	0.0	2.75	0.25	2.0	0.0	4.0	1.0	3.0	0.0	2.0	0.0	3.0	0.0	3.0	0.0	4.0	1.0	0.0	3.0	0.0	4.0	1.0	3.0	0.0	2.0	0.0	2.0	0.0	2.0	0.0	2.0	0.0	1.0	0.0	2.0	0.0	2.375	2.0	2.0	0.0	1.0	-1.0	-1.0	-2.0	-4.0	-1.0	-0.375	0.0	1.0	0.0	0.0	0.0	0.0	-1.0	-1.0	0.0	-0.125			0.0	0.0	0.0
1	3	4	2	22	19	6	3	0.0	1.0	1.0	0.0	8.0	0.0	1.0	0.0	2.0	2.0	2.0	2.0	3.0	4.0	2.0	3.0	91.0	3.0	4.0	4.0	3.6666667	2.0	2.0	4.0	1.0	0.0	1.0	1.0	2.0	1.0	1.0	0.0	1.0	0.0	1.0	1.0		1.0	1.0	5.0	1.0	4.0	1.0	1.0	0.0	4.0	1.0	3.0	0.0	3.0	0.0	2.0	0.0	3.0	0.0	2.0	0.0	3.125	0.375	3.0	0.0	3.0	0.0	2.0	0.0	4.0	1.0	3.0	0.0	4.0	1.0	4.0	1.0	0.0	5.0	1.0	5.0	1.0	2.0	0.0	4.0	1.0	3.0	0.0	3.0	0.0	2.0	0.0	4.0	1.0	2.0	0.0	3.5	0.0	1.0	1.0	0.0	0.0	0.0	0.0	1.0	0.0	0.375	0.0	0.0	0.0	0.0	0.0	0.0	0.0	1.0	0.0	0.125			1.0	1.0	1.0
2	3	4	1	39	5	5	1	0.0	1.0	0.0	1.0	1.0	1.0	0.0	0.0	3.0	2.0	2.0	2.3333333	4.0	5.0	4.0	4.3333335	-16.0	2.0	3.0	2.0	2.3333333	5.0	2.0	5.0	0.0	1.0	1.0	1.0	2.0	1.0	0.0	1.0	1.0	0.0	0.0		1.0	0.0	0.0	5.0	1.0	5.0	1.0	5.0	1.0	5.0	1.0	5.0	1.0	5.0	1.0	5.0	1.0	5.0	1.0	5.0	1.0	5.0	1.0	5.0	1.0	4.0	1.0	5.0	1.0	4.0	1.0	5.0	1.0	5.0	1.0	5.0	1.0	1.0	5.0	1.0	5.0	1.0	5.0	1.0	5.0	1.0	5.0	1.0	5.0	1.0	5.0	1.0	5.0	1.0	5.0	1.0	5.0	0.0	0.0	0.0	0.0	0.0	0.0	0.0	0.0	0.0	0.0	0.0	0.0	0.0	0.0	0.0	0.0	0.0	0.0	0.0	0.0	5.0	1.0	0.0	0.0	1.0
3	2	4	1	47	19	7	3	0.0	1.0	1.0	0.0	1.0	1.0	0.0	0.0	3.0	3.0	4.0	3.3333333	5.0	5.0	2.0	4.0	100.0	4.0	4.0	2.0	3.3333333	4.0	3.0	4.0	0.0	1.0	1.0	0.0	1.0	1.0	0.0	1.0	1.0	0.0	0.0		1.0	0.0	0.0	3.0	0.0	4.0	1.0	2.0	0.0	3.0	0.0	3.0	0.0	4.0	1.0	4.0	1.0	4.0	1.0	3.0	0.0	3.375	0.5	3.0	0.0	3.0	0.0	3.0	0.0	5.0	1.0	3.0	0.0	4.0	1.0	4.0	1.0	0.0	3.0	0.0	4.0	1.0	3.0	0.0	3.0	0.0	3.0	0.0	4.0	1.0	3.0	0.0	4.0	1.0	4.0	1.0	3.375	0.0	0.0	1.0	0.0	0.0	0.0	-1.0	0.0	1.0	0.0	0.0	0.0	0.0	0.0	0.0	0.0	-1.0	0.0	1.0	-0.125	3.0	0.0	0.0	1.0	0.0
4	1	3	2	38	2	2	2	0.0	1.0	1.0	0.0	1.0	1.0	0.0	0.0	1.0	1.0	5.0	2.3333333	5.0	5.0	5.0	5.0	0.0	5.0	5.0	5.0	5.0	5.0	5.0	1.0	0.0	1.0	1.0	1.0	2.0	0.0	0.0	0.0	0.0	1.0		0.0	0.0		1.0	5.0	1.0	5.0	1.0	1.0	0.0	5.0	1.0	5.0	1.0	5.0	1.0	5.0	1.0	5.0	1.0	5.0	1.0	4.5	0.875	5.0	1.0	5.0	1.0	5.0	1.0	5.0	1.0	5.0	1.0	5.0	1.0	5.0	1.0	0.0	5.0	1.0	1.0	0.0	1.0	0.0	5.0	1.0	5.0	1.0	5.0	1.0	5.0	1.0	5.0	1.0	5.0	1.0	4.0	0.0	-4.0	0.0	0.0	0.0	0.0	0.0	0.0	0.0	-0.5	0.0	-1.0	0.0	0.0	0.0	0.0	0.0	0.0	0.0	-0.125			0.0	0.0	0.0
2	3	4	1	49	12	6	1	0.0	1.0	1.0	0.0	1.0	1.0	0.0	0.0	1.0	1.0	1.0	1.0	1.0	5.0	1.0	2.3333333	-90.0	1.0	3.0	2.0	2.0	5.0	4.0	5.0	0.0	1.0	1.0	1.0	2.0	1.0	1.0	0.0	1.0	0.0	1.0	1.0		1.0	1.0	5.0	1.0	5.0	1.0	5.0	1.0	1.0	0.0	3.0	0.0	5.0	1.0	5.0	1.0	5.0	1.0	4.0	1.0	4.25	0.75	3.0	0.0	3.0	0.0	5.0	1.0	3.0	0.0	4.0	1.0	5.0	1.0	5.0	1.0	1.0	5.0	1.0	5.0	1.0	5.0	1.0	2.0	0.0	3.0	0.0	5.0	1.0	5.0	1.0	5.0	1.0	4.0	1.0	4.375	0.0	0.0	0.0	1.0	0.0	0.0	0.0	0.0	0.0	0.125	0.0	0.0	0.0	0.0	0.0	0.0	0.0	0.0	0.0	0.0			0.0	0.0	1.0
4	3	1	2	38	14	6	3	0.0	1.0	1.0	0.0	1.0	1.0	0.0	0.0	2.0	1.0	1.0	1.3333334	1.0	3.0	1.0	1.6666666	2.0	1.0	2.0	2.0	1.6666666	4.0	3.0	4.0	0.0	1.0	1.0	1.0	2.0	1.0	0.0	1.0	1.0	0.0	0.0		1.0	0.0	0.0	4.0	1.0	4.0	1.0	2.0	0.0	3.0	0.0	2.0	0.0	4.0	1.0	3.0	0.0	4.0	1.0	4.0	1.0	3.25	0.5	5.0	1.0	4.0	1.0	4.0	1.0	3.0	0.0	4.0	1.0	5.0	1.0	5.0	1.0	1.0	2.0	0.0	5.0	1.0	3.0	0.0	3.0	0.0	2.0	0.0	4.0	1.0	3.0	0.0	2.0	0.0	4.0	1.0	3.0	-2.0	1.0	1.0	0.0	0.0	0.0	0.0	-2.0	0.0	-0.25	-1.0	0.0	0.0	0.0	0.0	0.0	0.0	-1.0	0.0	-0.25	4.0	1.0	0.0	1.0	0.0
2	1	4	3	28	4	6	1	0.0	1.0	1.0	0.0	8.0	0.0	1.0	0.0	3.0	2.0	3.0	2.6666667	3.0	4.0	2.0	3.0	1.0	4.0	4.0	3.0	3.6666667	4.0	3.0	5.0	1.0	0.0	1.0	1.0	2.0	1.0	0.0	0.0	0.0	1.0		0.0	0.0		1.0	3.0	0.0	3.0	0.0	2.0	0.0	1.0	0.0	2.0	0.0	2.0	0.0	2.0	0.0	4.0	1.0	4.0	1.0	2.375	0.125	3.0	0.0	4.0	1.0	2.0	0.0	4.0	1.0	3.0	0.0	3.0	0.0	3.0	0.0	0.0	3.0	0.0	3.0	0.0	2.0	0.0	1.0	0.0	3.0	0.0	3.0	0.0	2.0	0.0	3.0	0.0	2.0	0.0	2.5	0.0	0.0	0.0	0.0	1.0	1.0	0.0	-1.0	-2.0	0.125	0.0	0.0	0.0	0.0	0.0	0.0	0.0	-1.0	-1.0	-0.125			0.0	0.0	0.0
4	2	3	1	37	1	4	2	0.0	1.0	1.0	0.0	7.0	0.0	1.0	0.0	1.0	3.0	2.0	2.0	3.0	5.0	1.0	3.0	83.0	4.0	4.0	4.0	4.0	3.0	4.0	5.0	1.0	0.0	0.0	1.0	1.0	0.0	0.0	1.0	1.0	0.0	0.0		1.0	0.0	0.0	5.0	1.0	5.0	1.0	4.0	1.0	2.0	0.0	4.0	1.0	2.0	0.0	3.0	0.0	5.0	1.0	3.0	0.0	3.75	0.625	3.0	0.0	3.0	0.0	4.0	1.0	3.0	0.0	2.0	0.0	5.0	1.0	5.0	1.0	1.0	5.0	1.0	5.0	1.0	4.0	1.0	2.0	0.0	4.0	1.0	2.0	0.0	3.0	0.0	5.0	1.0	3.0	0.0	3.75	0.0	0.0	0.0	0.0	0.0	0.0	0.0	0.0	0.0	0.0	0.0	0.0	0.0	0.0	0.0	0.0	0.0	0.0	0.0	0.0	5.0	1.0	0.0	1.0	0.0
4	1	2	3	52	4	1	4	0.0	0.0	1.0	0.0	1.0	1.0	0.0	0.0	4.0	4.0	4.0	4.0	3.0	3.0	3.0	3.0	0.0	3.0	2.0	3.0	2.6666667	3.0	2.0	4.0	0.0	1.0	0.0	0.0	0.0	0.0	0.0	1.0	1.0	0.0	0.0		1.0	1.0	1.0	3.0	0.0	2.0	0.0	3.0	0.0	2.0	0.0	2.0	0.0	3.0	0.0	2.0	0.0	3.0	0.0	3.0	0.0	2.5	0.0	2.0	0.0	2.0	0.0	2.0	0.0	3.0	0.0	3.0	0.0	4.0	1.0	3.0	0.0	0.0	3.0	0.0	3.0	0.0	3.0	0.0	2.0	0.0	2.0	0.0	2.0	0.0	2.0	0.0	3.0	0.0	2.0	0.0	2.5	0.0	1.0	0.0	0.0	0.0	-1.0	0.0	0.0	-1.0	0.0	0.0	0.0	0.0	0.0	0.0	0.0	0.0	0.0	0.0	0.0			0.0	0.0	0.0
2	3	4	1	52	1	2	1	0.0	1.0	1.0	0.0	8.0	0.0	1.0	0.0	5.0	4.0	4.0	4.3333335	4.0	5.0	5.0	4.6666665	50.0	3.0	4.0	2.0	3.0	2.0	4.0	3.0	1.0	0.0	1.0	0.0	1.0	1.0	0.0	1.0	1.0	0.0	0.0		1.0	0.0	0.0	4.0	1.0	4.0	1.0	4.0	1.0	5.0	1.0	5.0	1.0	4.0	1.0	3.0	0.0	4.0	1.0	5.0	1.0	4.125	0.875	4.0	1.0	3.0	0.0	5.0	1.0	5.0	1.0	4.0	1.0	5.0	1.0	5.0	1.0	0.0	4.0	1.0	4.0	1.0	4.0	1.0	4.0	1.0	4.0	1.0	3.0	0.0	3.0	0.0	4.0	1.0	4.0	1.0	3.75	0.0	0.0	0.0	-1.0	-1.0	-1.0	0.0	0.0	-1.0	-0.375	0.0	0.0	0.0	0.0	0.0	-1.0	0.0	0.0	0.0	-0.125	5.0	1.0	0.0	1.0	1.0
2	3	4	1	41	8	5	3	0.0	0.0	0.0	1.0	2.0	1.0	0.0	0.0	1.0	1.0	3.0	1.6666666	5.0	5.0	3.0	4.3333335	0.0	3.0	3.0	1.0	2.3333333	4.0	5.0	3.0	0.0	1.0	1.0	1.0	2.0	0.0	0.0	1.0	1.0	0.0	0.0		1.0	0.0	0.0	5.0	1.0	5.0	1.0	1.0	0.0	1.0	0.0	5.0	1.0	5.0	1.0	5.0	1.0	5.0	1.0	4.0	1.0	4.0	0.75	5.0	1.0	3.0	0.0	5.0	1.0	4.0	1.0	5.0	1.0	5.0	1.0	5.0	1.0	0.0	5.0	1.0	5.0	1.0	1.0	0.0	1.0	0.0	1.0	0.0	5.0	1.0	3.0	0.0	5.0	1.0	5.0	1.0	3.25	0.0	0.0	0.0	0.0	-4.0	0.0	-2.0	0.0	1.0	-0.75	0.0	0.0	0.0	0.0	-1.0	0.0	-1.0	0.0	0.0	-0.25	5.0	1.0	0.0	0.0	1.0
1	3	4	2	29	18	7	2	0.0	1.0	1.0	0.0	2.0	1.0	0.0	0.0	1.0	1.0	1.0	1.0	3.0	3.0	1.0	2.3333333	0.0	2.0	4.0	2.0	2.6666667	4.0	2.0	4.0	0.0	1.0	1.0	0.0	1.0	1.0	0.0	1.0	1.0	0.0	0.0		1.0	1.0	1.0	5.0	1.0	5.0	1.0	4.0	1.0	1.0	0.0	1.0	0.0	4.0	1.0	4.0	1.0	5.0	1.0	4.0	1.0	3.625	0.75	1.0	0.0	2.0	0.0	2.0	0.0	2.0	0.0	2.0	0.0	5.0	1.0	2.0	0.0	0.0	5.0	1.0	5.0	1.0	4.0	1.0	1.0	0.0	1.0	0.0	4.0	1.0	4.0	1.0	5.0	1.0	3.0	0.0	3.625	0.0	0.0	0.0	0.0	0.0	0.0	0.0	0.0	-1.0	0.0	0.0	0.0	0.0	0.0	0.0	0.0	0.0	0.0	-1.0	0.0			1.0	0.0	1.0
2	1	3	4	36	1	5	3	0.0	0.0	0.0	1.0	5.0	0.0	0.0	1.0	4.0	5.0	5.0	4.6666665	4.0	5.0	5.0	4.6666665	12.0	1.0	3.0	5.0	3.0	4.0	3.0	1.0	0.0	0.0	0.0	0.0	0.0	0.0	1.0	0.0	1.0	0.0	1.0	1.0		0.0	0.0	4.0	1.0	2.0	0.0	4.0	1.0	1.0	0.0	4.0	1.0	5.0	1.0	1.0	0.0	3.0	0.0	3.0	0.0	3.0	0.5	1.0	0.0	1.0	0.0	1.0	0.0	4.0	1.0	2.0	0.0	1.0	0.0	1.0	0.0	0.0	4.0	1.0	3.0	0.0	5.0	1.0	1.0	0.0	1.0	0.0	1.0	0.0	5.0	1.0	1.0	0.0	1.0	0.0	2.625	0.0	1.0	1.0	0.0	-3.0	-4.0	4.0	-2.0	-2.0	-0.375	0.0	0.0	0.0	0.0	-1.0	-1.0	1.0	0.0	0.0	-0.125	1.0	0.0	0.0	1.0	0.0
3	2	4	1	46	2	4	4	0.0	1.0	1.0	0.0	1.0	1.0	0.0	0.0	1.0	1.0	1.0	1.0	1.0	5.0	1.0	2.3333333	-18.0	1.0	1.0	1.0	1.0	5.0	5.0	4.0	0.0	1.0	0.0	1.0	1.0	1.0	0.0	0.0	0.0	1.0		0.0	0.0		1.0	4.0	1.0	5.0	1.0	4.0	1.0	1.0	0.0	2.0	0.0	5.0	1.0	5.0	1.0	4.0	1.0	3.0	0.0	3.75	0.75	2.0	0.0	3.0	0.0	5.0	1.0	3.0	0.0	5.0	1.0	5.0	1.0	4.0	1.0	1.0	5.0	1.0	5.0	1.0	3.0	0.0	1.0	0.0	1.0	0.0	5.0	1.0	5.0	1.0	4.0	1.0	5.0	1.0	3.625	1.0	0.0	-1.0	0.0	-1.0	0.0	0.0	0.0	2.0	-0.125	0.0	0.0	-1.0	0.0	0.0	0.0	0.0	0.0	1.0	-0.125			0.0	0.0	0.0
3	2	4	1	44	4	4	2	0.0	0.0	1.0	0.0	1.0	1.0	0.0	0.0	1.0	1.0	1.0	1.0	3.0	4.0	2.0	3.0	-100.0	1.0	1.0	2.0	1.3333334	4.0	2.0	4.0	0.0	0.0	1.0	1.0	2.0	1.0	0.0	1.0	1.0	0.0	0.0		1.0	1.0	1.0	4.0	1.0	4.0	1.0	4.0	1.0	1.0	0.0	1.0	0.0	5.0	1.0	4.0	1.0	4.0	1.0	3.0	0.0	3.375	0.75	3.0	0.0	1.0	0.0	2.0	0.0	1.0	0.0	2.0	0.0	5.0	1.0	3.0	0.0	0.0	4.0	1.0	5.0	1.0	4.0	1.0	1.0	0.0	1.0	0.0	5.0	1.0	4.0	1.0	4.0	1.0	4.0	1.0	3.5	0.0	1.0	0.0	0.0	0.0	0.0	0.0	0.0	1.0	0.125	0.0	0.0	0.0	0.0	0.0	0.0	0.0	0.0	1.0	0.0			0.0	0.0	0.0
3	4	1	2	22	6	2	3	0.0	0.0	0.0	1.0	2.0	1.0	0.0	0.0	5.0	4.0	5.0	4.6666665	4.0	4.0	5.0	4.3333335	30.0	4.0	4.0	4.0	4.0	5.0	4.0	5.0	0.0	1.0	0.0	0.0	0.0	0.0	1.0	0.0	1.0	0.0	1.0	1.0		1.0	1.0	5.0	1.0	4.0	1.0	5.0	1.0	5.0	1.0	4.0	1.0	5.0	1.0	5.0	1.0	1.0	0.0	5.0	1.0	4.25	0.875	4.0	1.0	4.0	1.0	4.0	1.0	5.0	1.0	4.0	1.0	5.0	1.0	4.0	1.0	1.0	5.0	1.0	4.0	1.0	4.0	1.0	4.0	1.0	5.0	1.0	5.0	1.0	5.0	1.0	5.0	1.0	1.0	0.0	4.625	0.0	0.0	-1.0	-1.0	1.0	0.0	0.0	4.0	-4.0	0.375	0.0	0.0	0.0	0.0	0.0	0.0	0.0	1.0	-1.0	0.125			0.0	1.0	1.0
2	3	1	4	52	15	6	1	0.0	0.0	0.0	0.0	1.0	1.0	0.0	0.0	4.0	5.0	3.0	4.0	3.0	4.0	5.0	4.0	-19.0	3.0	4.0	1.0	2.6666667	3.0	4.0	5.0	0.0	1.0	1.0	1.0	2.0	0.0	1.0	0.0	1.0	0.0	1.0	1.0		1.0	1.0	3.0	0.0	4.0	1.0	3.0	0.0	5.0	1.0	5.0	1.0	4.0	1.0	5.0	1.0	4.0	1.0	4.0	1.0	4.125	0.75	3.0	0.0	3.0	0.0	4.0	1.0	5.0	1.0	3.0	0.0	4.0	1.0	4.0	1.0	1.0	4.0	1.0	5.0	1.0	3.0	0.0	4.0	1.0	3.0	0.0	3.0	0.0	4.0	1.0	4.0	1.0	3.0	0.0	3.75	1.0	1.0	0.0	-1.0	-2.0	-1.0	-1.0	0.0	-1.0	-0.375	1.0	0.0	0.0	0.0	-1.0	-1.0	0.0	0.0	-1.0	-0.125			0.0	0.0	1.0
3	2	4	1	34	8	5	3	0.0	1.0	1.0	0.0	6.0	0.0	0.0	1.0	5.0	4.0	2.0	3.6666667	4.0	5.0	4.0	4.3333335	71.0	4.0	5.0	3.0	4.0	2.0	1.0	4.0	1.0	0.0	1.0	1.0	2.0	1.0	1.0	0.0	1.0	0.0	1.0	1.0		1.0	1.0	5.0	1.0	4.0	1.0	4.0	1.0	2.0	0.0	1.0	0.0	1.0	0.0	2.0	0.0	5.0	1.0	2.0	0.0	3.0	0.5	2.0	0.0	4.0	1.0	1.0	0.0	2.0	0.0	5.0	1.0	4.0	1.0	2.0	0.0	1.0	2.0	0.0	2.0	0.0	2.0	0.0	2.0	0.0	2.0	0.0	2.0	0.0	2.0	0.0	2.0	0.0	2.0	0.0	2.0	-3.0	-2.0	-2.0	0.0	1.0	1.0	0.0	-3.0	0.0	-1.0	-1.0	-1.0	-1.0	0.0	0.0	0.0	0.0	-1.0	0.0	-0.5			0.0	1.0	0.0
4	2	1	3	57	1	2	3	0.0	1.0	1.0	0.0	8.0	0.0	1.0	0.0	3.0	1.0	1.0	1.6666666	2.0	5.0	5.0	4.0	97.0	3.0	3.0	4.0	3.3333333	5.0	3.0	2.0	1.0	0.0	0.0	1.0	1.0	0.0	0.0	0.0	0.0	1.0		0.0	0.0		1.0	2.0	0.0	3.0	0.0	3.0	0.0	3.0	0.0	2.0	0.0	3.0	0.0	2.0	0.0	3.0	0.0	4.0	1.0	2.625	0.0	2.0	0.0	3.0	0.0	3.0	0.0	3.0	0.0	4.0	1.0	3.0	0.0	4.0	1.0	1.0	5.0	1.0	3.0	0.0	3.0	0.0	3.0	0.0	3.0	0.0	1.0	0.0	4.0	1.0	2.0	0.0	3.0	0.0	3.0	3.0	0.0	0.0	0.0	1.0	-2.0	2.0	-1.0	-1.0	0.375	1.0	0.0	0.0	0.0	0.0	0.0	1.0	0.0	-1.0	0.25			0.0	1.0	0.0
1	3	4	2	53	8	6	2	0.0	1.0	1.0	0.0	8.0	0.0	1.0	0.0	3.0	2.0	3.0	2.6666667	3.0	5.0	2.0	3.3333333	68.0	5.0	4.0	3.0	4.0	2.0	4.0	4.0	1.0	0.0	1.0	1.0	2.0	1.0	0.0	1.0	1.0	0.0	0.0		1.0	1.0	1.0	4.0	1.0	5.0	1.0	4.0	1.0	3.0	0.0	4.0	1.0	3.0	0.0	3.0	0.0	4.0	1.0	4.0	1.0	3.75	0.625	1.0	0.0	3.0	0.0	4.0	1.0	3.0	0.0	3.0	0.0	4.0	1.0	4.0	1.0	0.0	4.0	1.0	5.0	1.0	4.0	1.0	3.0	0.0	4.0	1.0	3.0	0.0	3.0	0.0	4.0	1.0	4.0	1.0	3.75	0.0	0.0	0.0	0.0	0.0	0.0	0.0	0.0	0.0	0.0	0.0	0.0	0.0	0.0	0.0	0.0	0.0	0.0	0.0	0.0			1.0	1.0	1.0
4	3	2	1	27	2	3	3	0.0	0.0	0.0	1.0	2.0	1.0	0.0	0.0	3.0	3.0	3.0	3.0	3.0	2.0	3.0	2.6666667	0.0	2.0	2.0	2.0	2.0	4.0	4.0	3.0	1.0	0.0	1.0	1.0	2.0	1.0	0.0	0.0	0.0	1.0		0.0	0.0		1.0	2.0	0.0	2.0	0.0	1.0	0.0	2.0	0.0	2.0	0.0	2.0	0.0	5.0	1.0	1.0	0.0	3.0	0.0	2.125	0.125	3.0	0.0	3.0	0.0	3.0	0.0	2.0	0.0	3.0	0.0	2.0	0.0	2.0	0.0	0.0	2.0	0.0	5.0	1.0	3.0	0.0	4.0	1.0	2.0	0.0	1.0	0.0	5.0	1.0	2.0	0.0	3.0	0.0	3.0	0.0	3.0	2.0	2.0	0.0	-1.0	0.0	1.0	0.0	0.875	0.0	1.0	0.0	1.0	0.0	0.0	0.0	0.0	0.0	0.25			0.0	0.0	0.0
3	1	4	2	54	13	5	3	0.0	1.0	1.0	0.0	8.0	0.0	1.0	0.0	2.0	4.0	3.0	3.0	2.0	5.0	2.0	3.0	-9.0	4.0	4.0	3.0	3.6666667	3.0	3.0	4.0	1.0	0.0	1.0	0.0	1.0	0.0	0.0	1.0	1.0	0.0	0.0		1.0	1.0	1.0	4.0	1.0	4.0	1.0	4.0	1.0	4.0	1.0	4.0	1.0	4.0	1.0	4.0	1.0	4.0	1.0	4.0	1.0	4.0	1.0	2.0	0.0	4.0	1.0	4.0	1.0	3.0	0.0	4.0	1.0	4.0	1.0	4.0	1.0	1.0	4.0	1.0	4.0	1.0	4.0	1.0	4.0	1.0	4.0	1.0	4.0	1.0	4.0	1.0	4.0	1.0	4.0	1.0	4.0	0.0	0.0	0.0	0.0	0.0	0.0	0.0	0.0	0.0	0.0	0.0	0.0	0.0	0.0	0.0	0.0	0.0	0.0	0.0	0.0			0.0	0.0	0.0
3	2	1	4	58	3	6	4	0.0	1.0	1.0	0.0	7.0	0.0	1.0	0.0	3.0	3.0	3.0	3.0	4.0	5.0	1.0	3.3333333	22.0	3.0	4.0	3.0	3.3333333	3.0	3.0	4.0	1.0	0.0	1.0	1.0	2.0	0.0	1.0	0.0	1.0	0.0	1.0	1.0		0.0	0.0	3.0	0.0	3.0	0.0	2.0	0.0	2.0	0.0	4.0	1.0	4.0	1.0	2.0	0.0	2.0	0.0	2.0	0.0	2.75	0.25	3.0	0.0	2.0	0.0	2.0	0.0	5.0	1.0	3.0	0.0	5.0	1.0	3.0	0.0	0.0	1.0	0.0	1.0	0.0	1.0	0.0	1.0	0.0	1.0	0.0	2.0	0.0	1.0	0.0	2.0	0.0	2.0	0.0	1.25	-2.0	-2.0	-1.0	-1.0	-3.0	-2.0	-1.0	0.0	0.0	-1.5	0.0	0.0	0.0	0.0	-1.0	-1.0	0.0	0.0	0.0	-0.25	3.0	0.0	0.0	1.0	0.0
1	3	4	2	35	6	6	2	0.0	1.0	0.0	1.0	1.0	1.0	0.0	0.0	1.0	1.0	1.0	1.0	3.0	5.0	2.0	3.3333333	0.0	2.0	1.0	2.0	1.6666666	3.0	3.0	4.0	0.0	1.0	0.0	1.0	1.0	0.0	1.0	0.0	1.0	0.0	1.0	1.0		0.0	0.0	4.0	1.0	4.0	1.0	4.0	1.0	1.0	0.0	1.0	0.0	3.0	0.0	2.0	0.0	5.0	1.0	3.0	0.0	3.0	0.5	3.0	0.0	3.0	0.0	2.0	0.0	4.0	1.0	2.0	0.0	5.0	1.0	3.0	0.0	0.0	4.0	1.0	5.0	1.0	4.0	1.0	1.0	0.0	1.0	0.0	3.0	0.0	3.0	0.0	4.0	1.0	3.0	0.0	3.125	0.0	1.0	0.0	0.0	0.0	0.0	1.0	-1.0	0.0	0.125	0.0	0.0	0.0	0.0	0.0	0.0	0.0	0.0	0.0	0.0	5.0	1.0	1.0	0.0	1.0
2	4	3	1	38	1	4	2	0.0	1.0	1.0	0.0	1.0	1.0	0.0	0.0	3.0	2.0	3.0	2.6666667	5.0	4.0	4.0	4.3333335	0.0	1.0	3.0	1.0	1.6666666	3.0	2.0	2.0	0.0	1.0	0.0	1.0	1.0	1.0	0.0	1.0	1.0	0.0	0.0		1.0	1.0	1.0	3.0	0.0	3.0	0.0	3.0	0.0	4.0	1.0	3.0	0.0	4.0	1.0	3.0	0.0	3.0	0.0	4.0	1.0	3.25	0.25	2.0	0.0	3.0	0.0	3.0	0.0	4.0	1.0	4.0	1.0	5.0	1.0	4.0	1.0	0.0	4.0	1.0	3.0	0.0	3.0	0.0	4.0	1.0	3.0	0.0	5.0	1.0	4.0	1.0	4.0	1.0	4.0	1.0	3.75	1.0	0.0	0.0	0.0	0.0	1.0	1.0	1.0	0.0	0.5	1.0	0.0	0.0	0.0	0.0	0.0	1.0	1.0	0.0	0.375			0.0	0.0	1.0
4	2	3	1	33	19	4	3	0.0	1.0	1.0	0.0	8.0	0.0	1.0	0.0	1.0	4.0	1.0	2.0	4.0	4.0	4.0	4.0	2.0	5.0	5.0	5.0	5.0	3.0	1.0	4.0	1.0	0.0	1.0	0.0	1.0	1.0	0.0	0.0	0.0	1.0		0.0	0.0		1.0	5.0	1.0	5.0	1.0	4.0	1.0	1.0	0.0	5.0	1.0	4.0	1.0	3.0	0.0	4.0	1.0	5.0	1.0	3.875	0.75	5.0	1.0	4.0	1.0	4.0	1.0	4.0	1.0	4.0	1.0	5.0	1.0	5.0	1.0	1.0	5.0	1.0	4.0	1.0	5.0	1.0	4.0	1.0	5.0	1.0	5.0	1.0	3.0	0.0	5.0	1.0	5.0	1.0	4.5	0.0	-1.0	1.0	3.0	0.0	1.0	0.0	1.0	0.0	0.625	0.0	0.0	0.0	1.0	0.0	0.0	0.0	0.0	0.0	0.125			0.0	1.0	0.0
3	1	4	2	36	16	7	2	0.0	1.0	1.0	0.0	1.0	1.0	0.0	0.0	1.0	2.0	1.0	1.3333334	1.0	4.0	1.0	2.0	57.0	1.0	4.0	2.0	2.3333333	5.0	5.0	3.0	0.0	1.0	0.0	1.0	1.0	0.0	0.0	0.0	0.0	1.0		0.0	0.0		1.0	5.0	1.0	5.0	1.0	3.0	0.0	4.0	1.0	5.0	1.0	3.0	0.0	2.0	0.0	5.0	1.0	4.0	1.0	4.0	0.625	4.0	1.0	3.0	0.0	5.0	1.0	5.0	1.0	4.0	1.0	5.0	1.0	4.0	1.0	0.0	5.0	1.0	5.0	1.0	3.0	0.0	3.0	0.0	5.0	1.0	3.0	0.0	2.0	0.0	5.0	1.0	4.0	1.0	3.875	0.0	0.0	0.0	-1.0	0.0	0.0	0.0	0.0	0.0	-0.125	0.0	0.0	0.0	-1.0	0.0	0.0	0.0	0.0	0.0	-0.125			0.0	1.0	0.0
4	3	2	1	51	15	8	2	0.0	0.0	1.0	0.0	8.0	0.0	1.0	0.0	5.0	4.0	2.0	3.6666667	1.0	4.0	1.0	2.0	81.0	4.0	4.0	4.0	4.0	5.0	2.0	5.0	1.0	0.0	1.0	1.0	2.0	1.0	0.0	1.0	1.0	0.0	0.0		1.0	0.0	0.0	4.0	1.0	2.0	0.0	2.0	0.0	1.0	0.0	1.0	0.0	1.0	0.0	1.0	0.0	1.0	0.0	2.0	0.0	1.625	0.125	3.0	0.0	1.0	0.0	2.0	0.0	5.0	1.0	1.0	0.0	4.0	1.0	3.0	0.0	0.0	1.0	0.0	2.0	0.0	1.0	0.0	2.0	0.0	1.0	0.0	1.0	0.0	2.0	0.0	2.0	0.0	2.0	0.0	1.5	-3.0	0.0	-1.0	1.0	0.0	0.0	1.0	1.0	0.0	-0.125	-1.0	0.0	0.0	0.0	0.0	0.0	0.0	0.0	0.0	-0.125	4.0	1.0	0.0	1.0	0.0
4	1	3	2	46	5	3	3	0.0	1.0	1.0	0.0	8.0	0.0	1.0	0.0	4.0	3.0	1.0	2.6666667	4.0	5.0	3.0	4.0	26.0	4.0	4.0	2.0	3.3333333	5.0	4.0	4.0	1.0	0.0	0.0	0.0	0.0	1.0	1.0	0.0	1.0	0.0	1.0	1.0		0.0	0.0	4.0	1.0	3.0	0.0	3.0	0.0	3.0	0.0	3.0	0.0	3.0	0.0	3.0	0.0	3.0	0.0	3.0	0.0	3.125	0.125	1.0	0.0	3.0	0.0	3.0	0.0	3.0	0.0	3.0	0.0	4.0	1.0	3.0	0.0	1.0	3.0	0.0	3.0	0.0	3.0	0.0	3.0	0.0	3.0	0.0	5.0	1.0	5.0	1.0	3.0	0.0	5.0	1.0	3.5	-1.0	0.0	0.0	0.0	0.0	2.0	2.0	0.0	2.0	0.375	-1.0	0.0	0.0	0.0	0.0	1.0	1.0	0.0	1.0	0.125	3.0	0.0	0.0	1.0	0.0
4	1	3	2	45	5	2	3	0.0	1.0	1.0	0.0	5.0	0.0	0.0	1.0	2.0	1.0	3.0	2.0	5.0	5.0	4.0	4.6666665	6.0	2.0	1.0	1.0	1.3333334	5.0	4.0	3.0	0.0	0.0	1.0	0.0	1.0	0.0	0.0	1.0	1.0	0.0	0.0		1.0	0.0	0.0	3.0	0.0	4.0	1.0	3.0	0.0	1.0	0.0	3.0	0.0	3.0	0.0	3.0	0.0	4.0	1.0	3.0	0.0	3.0	0.25	3.0	0.0	3.0	0.0	4.0	1.0	3.0	0.0	3.0	0.0	4.0	1.0	4.0	1.0	0.0	3.0	0.0	4.0	1.0	3.0	0.0	1.0	0.0	3.0	0.0	3.0	0.0	3.0	0.0	5.0	1.0	3.0	0.0	3.125	0.0	0.0	0.0	0.0	0.0	0.0	0.0	1.0	0.0	0.125	0.0	0.0	0.0	0.0	0.0	0.0	0.0	0.0	0.0	0.0	3.0	0.0	0.0	1.0	0.0
4	2	3	1	29	1	4	3	0.0	1.0	1.0	0.0	7.0	0.0	1.0	0.0	3.0	3.0	3.0	3.0	3.0	3.0	3.0	3.0	0.0	2.0	3.0	2.0	2.3333333	4.0	4.0	2.0	0.0	0.0	0.0	1.0	1.0	0.0	0.0	0.0	0.0	1.0		0.0	0.0		1.0	3.0	0.0	3.0	0.0	2.0	0.0	2.0	0.0	2.0	0.0	2.0	0.0	2.0	0.0	3.0	0.0	2.0	0.0	2.375	0.0	3.0	0.0	3.0	0.0	3.0	0.0	3.0	0.0	3.0	0.0	3.0	0.0	4.0	1.0	0.0	3.0	0.0	3.0	0.0	2.0	0.0	2.0	0.0	2.0	0.0	2.0	0.0	2.0	0.0	2.0	0.0	2.0	0.0	2.25	0.0	0.0	0.0	0.0	0.0	0.0	0.0	-1.0	0.0	-0.125	0.0	0.0	0.0	0.0	0.0	0.0	0.0	0.0	0.0	0.0			0.0	0.0	0.0
3	2	4	1	48	3	6	1	0.0	1.0	1.0	0.0	1.0	1.0	0.0	0.0	2.0	1.0	1.0	1.3333334	3.0	3.0	2.0	2.6666667	-40.0	1.0	2.0	2.0	1.6666666	4.0	5.0	4.0	0.0	1.0	0.0	1.0	1.0	0.0	1.0	0.0	1.0	0.0	1.0	1.0		1.0	1.0	5.0	1.0	5.0	1.0	4.0	1.0	2.0	0.0	2.0	0.0	5.0	1.0	4.0	1.0	5.0	1.0	3.0	0.0	4.0	0.75	1.0	0.0	3.0	0.0	4.0	1.0	4.0	1.0	3.0	0.0	5.0	1.0	3.0	0.0	1.0	5.0	1.0	5.0	1.0	4.0	1.0	2.0	0.0	2.0	0.0	5.0	1.0	4.0	1.0	5.0	1.0	3.0	0.0	4.0	0.0	0.0	0.0	0.0	0.0	0.0	0.0	0.0	0.0	0.0	0.0	0.0	0.0	0.0	0.0	0.0	0.0	0.0	0.0	0.0			0.0	0.0	0.0
4	2	1	3	52	6	4	4	0.0	0.0	0.0	1.0	8.0	0.0	1.0	0.0	2.0	1.0	3.0	2.0	5.0	5.0	5.0	5.0	26.0	2.0	4.0	5.0	3.6666667	3.0	4.0	4.0	1.0	0.0	0.0	0.0	0.0	1.0	1.0	0.0	1.0	0.0	1.0	1.0		0.0	0.0	5.0	1.0	3.0	0.0	5.0	1.0	5.0	1.0	2.0	0.0	5.0	1.0	5.0	1.0	5.0	1.0	5.0	1.0	4.375	0.75	5.0	1.0	4.0	1.0	5.0	1.0	1.0	0.0	5.0	1.0	5.0	1.0	5.0	1.0	1.0	5.0	1.0	4.0	1.0	5.0	1.0	5.0	1.0	4.0	1.0	5.0	1.0	5.0	1.0	4.0	1.0	5.0	1.0	4.625	0.0	1.0	0.0	0.0	2.0	0.0	0.0	-1.0	0.0	0.25	0.0	1.0	0.0	0.0	1.0	0.0	0.0	0.0	0.0	0.25	5.0	1.0	0.0	1.0	0.0
3	2	4	1	41	8	3	1	0.0	1.0	1.0	0.0	1.0	1.0	0.0	0.0	3.0	1.0	1.0	1.6666666	3.0	4.0	3.0	3.3333333	-100.0	1.0	1.0	1.0	1.0	4.0	4.0	4.0	0.0	1.0	0.0	1.0	1.0	0.0	0.0	0.0	0.0	1.0		0.0	0.0		1.0	4.0	1.0	4.0	1.0	4.0	1.0	1.0	0.0	1.0	0.0	4.0	1.0	4.0	1.0	3.0	0.0	3.0	0.0	3.125	0.625	3.0	0.0	3.0	0.0	4.0	1.0	3.0	0.0	3.0	0.0	4.0	1.0	4.0	1.0	1.0	5.0	1.0	5.0	1.0	4.0	1.0	1.0	0.0	1.0	0.0	5.0	1.0	5.0	1.0	3.0	0.0	4.0	1.0	3.625	1.0	1.0	0.0	0.0	0.0	1.0	1.0	0.0	1.0	0.5	0.0	0.0	0.0	0.0	0.0	0.0	0.0	0.0	1.0	0.0			0.0	0.0	0.0
1	3	2	4	44	5	2	1	0.0	0.0	1.0	0.0	8.0	0.0	1.0	0.0	4.0	5.0	4.0	4.3333335	3.0	5.0	1.0	3.0	0.0	5.0	3.0	3.0	3.6666667	2.0	2.0	4.0	1.0	0.0	1.0	0.0	1.0	0.0	0.0	1.0	1.0	0.0	0.0		1.0	1.0	1.0	3.0	0.0	3.0	0.0	1.0	0.0	1.0	0.0	2.0	0.0	3.0	0.0	1.0	0.0	3.0	0.0	1.0	0.0	2.125	0.0	3.0	0.0	1.0	0.0	2.0	0.0	3.0	0.0	1.0	0.0	4.0	1.0	4.0	1.0	0.0	4.0	1.0	3.0	0.0	1.0	0.0	1.0	0.0	1.0	0.0	4.0	1.0	1.0	0.0	3.0	0.0	1.0	0.0	2.25	1.0	0.0	0.0	0.0	-1.0	1.0	0.0	0.0	0.0	0.125	1.0	0.0	0.0	0.0	0.0	1.0	0.0	0.0	0.0	0.25			1.0	0.0	1.0
2	4	3	1	37	6	6	2	0.0	0.0	1.0	0.0	3.0	0.0	0.0	1.0	3.0	2.0	2.0	2.3333333	3.0	4.0	1.0	2.6666667	-4.0	1.0	2.0	2.0	1.6666666	4.0	2.0	3.0	0.0	1.0	0.0	1.0	1.0	1.0	0.0	1.0	1.0	0.0	0.0		1.0	0.0	0.0	2.0	0.0	3.0	0.0	2.0	0.0	2.0	0.0	2.0	0.0	3.0	0.0	2.0	0.0	3.0	0.0	2.0	0.0	2.375	0.0	3.0	0.0	3.0	0.0	2.0	0.0	4.0	1.0	3.0	0.0	2.0	0.0	3.0	0.0	0.0	4.0	1.0	2.0	0.0	2.0	0.0	2.0	0.0	2.0	0.0	2.0	0.0	1.0	0.0	2.0	0.0	2.0	0.0	2.125	2.0	-1.0	0.0	0.0	0.0	-1.0	-1.0	-1.0	0.0	-0.25	1.0	0.0	0.0	0.0	0.0	0.0	0.0	0.0	0.0	0.125	3.0	0.0	0.0	0.0	1.0
4	1	3	2	43	10	5	3	0.0	1.0	1.0	0.0	1.0	1.0	0.0	0.0	2.0	4.0	2.0	2.6666667	4.0	4.0	4.0	4.0	9.0	2.0	5.0	3.0	3.3333333	2.0	2.0	1.0	0.0	1.0	1.0	1.0	2.0	0.0	0.0	1.0	1.0	0.0	0.0		1.0	0.0	0.0	5.0	1.0	3.0	0.0	3.0	0.0	3.0	0.0	3.0	0.0	4.0	1.0	4.0	1.0	3.0	0.0	4.0	1.0	3.5	0.375	1.0	0.0	3.0	0.0	4.0	1.0	2.0	0.0	4.0	1.0	5.0	1.0	5.0	1.0	0.0	4.0	1.0	5.0	1.0	3.0	0.0	4.0	1.0	3.0	0.0	4.0	1.0	4.0	1.0	3.0	0.0	4.0	1.0	3.75	-1.0	2.0	0.0	1.0	0.0	0.0	0.0	0.0	0.0	0.25	0.0	1.0	0.0	1.0	0.0	0.0	0.0	0.0	0.0	0.25	5.0	1.0	0.0	1.0	0.0
3	2	4	1	38	24	6	3	0.0	0.0	0.0	0.0	6.0	0.0	0.0	1.0	3.0	4.0	3.0	3.3333333	4.0	5.0	4.0	4.3333335	-5.0	4.0	3.0	3.0	3.3333333	5.0	4.0	5.0	0.0	1.0	0.0	1.0	1.0	0.0	0.0	0.0	0.0	1.0		0.0	0.0		1.0	4.0	1.0	3.0	0.0	3.0	0.0	2.0	0.0	5.0	1.0	2.0	0.0	4.0	1.0	4.0	1.0	4.0	1.0	3.375	0.5	5.0	1.0	5.0	1.0	4.0	1.0	3.0	0.0	4.0	1.0	4.0	1.0	4.0	1.0	1.0	3.0	0.0	3.0	0.0	4.0	1.0	4.0	1.0	4.0	1.0	4.0	1.0	4.0	1.0	4.0	1.0	4.0	1.0	3.75	-1.0	0.0	1.0	2.0	-1.0	2.0	0.0	0.0	0.0	0.375	-1.0	0.0	1.0	1.0	0.0	1.0	0.0	0.0	0.0	0.25			0.0	0.0	0.0
1	3	4	2	49	1	2	4	0.0	1.0	1.0	0.0	8.0	0.0	1.0	0.0	1.0	1.0	1.0	1.0	5.0	5.0	1.0	3.6666667	65.0	4.0	4.0	5.0	4.3333335	1.0	4.0	4.0	1.0	0.0	1.0	1.0	2.0	0.0	1.0	0.0	1.0	0.0	1.0	1.0		0.0	0.0	5.0	1.0	5.0	1.0	1.0	0.0	4.0	1.0	4.0	1.0	1.0	0.0	2.0	0.0	4.0	1.0	2.0	0.0	3.25	0.625	2.0	0.0	2.0	0.0	3.0	0.0	5.0	1.0	3.0	0.0	5.0	1.0	5.0	1.0	0.0	5.0	1.0	5.0	1.0	1.0	0.0	3.0	0.0	4.0	1.0	1.0	0.0	2.0	0.0	5.0	1.0	2.0	0.0	3.25	0.0	0.0	0.0	-1.0	0.0	0.0	0.0	1.0	0.0	0.0	0.0	0.0	0.0	-1.0	0.0	0.0	0.0	0.0	0.0	-0.125	5.0	1.0	1.0	1.0	1.0
1	4	2	3	40	2	1	4	0.0	1.0	1.0	0.0	7.0	0.0	1.0	0.0	4.0	3.0	4.0	3.6666667	3.0	5.0	5.0	4.3333335	90.0	4.0	4.0	4.0	4.0	5.0	4.0	4.0	1.0	0.0	1.0	1.0	2.0	1.0	1.0	0.0	1.0	0.0	1.0	1.0		1.0	1.0	5.0	1.0	5.0	1.0	2.0	0.0	3.0	0.0	4.0	1.0	2.0	0.0	1.0	0.0	4.0	1.0	1.0	0.0	3.25	0.5	3.0	0.0	3.0	0.0	4.0	1.0	2.0	0.0	2.0	0.0	5.0	1.0	5.0	1.0	0.0	5.0	1.0	5.0	1.0	1.0	0.0	2.0	0.0	4.0	1.0	2.0	0.0	1.0	0.0	5.0	1.0	1.0	0.0	3.125	0.0	0.0	-1.0	-1.0	0.0	0.0	0.0	1.0	0.0	-0.125	0.0	0.0	0.0	0.0	0.0	0.0	0.0	0.0	0.0	0.0			1.0	1.0	1.0
1	3	4	2	44	4	4	4	0.0	0.0	0.0	0.0	6.0	0.0	0.0	1.0	4.0	4.0	3.0	3.6666667	3.0	5.0	1.0	3.0	-30.0	1.0	2.0	1.0	1.3333334	5.0	3.0	3.0	1.0	0.0	1.0	1.0	2.0	0.0	1.0	0.0	1.0	0.0	1.0	1.0		1.0	1.0	5.0	1.0	5.0	1.0	3.0	0.0	1.0	0.0	3.0	0.0	3.0	0.0	3.0	0.0	4.0	1.0	2.0	0.0	3.375	0.375	3.0	0.0	4.0	1.0	3.0	0.0	5.0	1.0	3.0	0.0	5.0	1.0	5.0	1.0	0.0	5.0	1.0	5.0	1.0	3.0	0.0	1.0	0.0	3.0	0.0	3.0	0.0	3.0	0.0	5.0	1.0	3.0	0.0	3.5	0.0	0.0	0.0	0.0	0.0	0.0	0.0	1.0	1.0	0.125	0.0	0.0	0.0	0.0	0.0	0.0	0.0	0.0	0.0	0.0			1.0	0.0	1.0
1	4	3	2	63	7	5	1	0.0	1.0	1.0	0.0	6.0	0.0	0.0	1.0	5.0	4.0	4.0	4.3333335	5.0	5.0	5.0	5.0	1.0	5.0	5.0	3.0	4.3333335	5.0	5.0	5.0	1.0	0.0	0.0	0.0	0.0	0.0	1.0	0.0	1.0	0.0	1.0	1.0		0.0	0.0	5.0	1.0	4.0	1.0	2.0	0.0	3.0	0.0	4.0	1.0	2.0	0.0	5.0	1.0	5.0	1.0	5.0	1.0	3.75	0.625	5.0	1.0	4.0	1.0	4.0	1.0	5.0	1.0	3.0	0.0	5.0	1.0	5.0	1.0	0.0	5.0	1.0	5.0	1.0	4.0	1.0	3.0	0.0	4.0	1.0	4.0	1.0	2.0	0.0	5.0	1.0	4.0	1.0	4.0	0.0	1.0	2.0	0.0	0.0	2.0	-3.0	0.0	-1.0	0.25	0.0	0.0	1.0	0.0	0.0	1.0	-1.0	0.0	0.0	0.125	5.0	1.0	1.0	0.0	1.0
4	2	3	1	41	1	2	1	0.0	0.0	1.0	0.0	7.0	0.0	1.0	0.0	4.0	4.0	4.0	4.0	2.0	3.0	3.0	2.6666667	0.0	3.0	4.0	3.0	3.3333333	3.0	3.0	4.0	0.0	0.0	1.0	1.0	2.0	1.0	0.0	0.0	0.0	1.0		0.0	0.0		1.0	4.0	1.0	4.0	1.0	3.0	0.0	4.0	1.0	3.0	0.0	3.0	0.0	3.0	0.0	3.0	0.0	3.0	0.0	3.375	0.375	4.0	1.0	3.0	0.0	3.0	0.0	3.0	0.0	3.0	0.0	4.0	1.0	3.0	0.0	0.0	4.0	1.0	4.0	1.0	3.0	0.0	4.0	1.0	3.0	0.0	3.0	0.0	3.0	0.0	3.0	0.0	3.0	0.0	3.375	0.0	0.0	0.0	0.0	0.0	0.0	0.0	0.0	0.0	0.0	0.0	0.0	0.0	0.0	0.0	0.0	0.0	0.0	0.0	0.0			0.0	0.0	0.0
2	1	4	3	43	20	7	4	0.0	1.0	1.0	0.0	2.0	1.0	0.0	0.0	1.0	1.0	1.0	1.0	1.0	1.0	1.0	1.0	100.0	2.0	4.0	2.0	2.6666667	4.0	3.0	5.0	0.0	1.0	1.0	1.0	2.0	1.0	0.0	1.0	1.0	0.0	0.0		1.0	1.0	1.0	4.0	1.0	5.0	1.0	4.0	1.0	1.0	0.0	1.0	0.0	4.0	1.0	4.0	1.0	4.0	1.0	4.0	1.0	3.375	0.75	1.0	0.0	2.0	0.0	5.0	1.0	5.0	1.0	2.0	0.0	5.0	1.0	5.0	1.0	0.0	4.0	1.0	4.0	1.0	4.0	1.0	1.0	0.0	1.0	0.0	4.0	1.0	5.0	1.0	4.0	1.0	5.0	1.0	3.375	0.0	-1.0	0.0	0.0	0.0	0.0	1.0	0.0	1.0	0.0	0.0	0.0	0.0	0.0	0.0	0.0	0.0	0.0	0.0	0.0			0.0	1.0	0.0
4	3	1	2	49	17	3	3	0.0	0.0	1.0	0.0	6.0	0.0	0.0	1.0	5.0	5.0	5.0	5.0	5.0	5.0	5.0	5.0	-8.0	4.0	5.0	5.0	4.6666665	5.0	4.0	4.0	1.0	0.0	0.0	0.0	0.0	0.0	1.0	0.0	1.0	0.0	1.0	1.0		1.0	1.0	4.0	1.0	4.0	1.0	5.0	1.0	3.0	0.0	4.0	1.0	5.0	1.0	4.0	1.0	4.0	1.0	4.0	1.0	4.125	0.875	2.0	0.0	5.0	1.0	4.0	1.0	5.0	1.0	5.0	1.0	5.0	1.0	5.0	1.0	1.0	4.0	1.0	3.0	0.0	4.0	1.0	4.0	1.0	4.0	1.0	5.0	1.0	4.0	1.0	5.0	1.0	3.0	0.0	4.125	0.0	-1.0	-1.0	1.0	0.0	0.0	0.0	1.0	-1.0	0.0	0.0	-1.0	0.0	1.0	0.0	0.0	0.0	0.0	-1.0	0.0			0.0	0.0	0.0
2	3	4	1	19	17	4	1	0.0	1.0	1.0	0.0	6.0	0.0	0.0	1.0	4.0	1.0	2.0	2.3333333	1.0	4.0	2.0	2.3333333	-17.0	4.0	1.0	1.0	2.0	4.0	4.0	4.0	0.0	1.0	0.0	0.0	0.0	0.0	1.0	0.0	1.0	0.0	1.0	1.0		1.0	1.0	3.0	0.0	3.0	0.0	3.0	0.0	1.0	0.0	2.0	0.0	4.0	1.0	4.0	1.0	4.0	1.0	5.0	1.0	3.0	0.375	4.0	1.0	2.0	0.0	4.0	1.0	3.0	0.0	5.0	1.0	5.0	1.0	2.0	0.0	1.0	4.0	1.0	4.0	1.0	4.0	1.0	3.0	0.0	4.0	1.0	4.0	1.0	3.0	0.0	4.0	1.0	5.0	1.0	3.75	1.0	1.0	1.0	2.0	2.0	0.0	-1.0	0.0	0.0	0.75	1.0	1.0	1.0	0.0	1.0	0.0	-1.0	0.0	0.0	0.375			0.0	0.0	1.0
4	3	1	2	39	19	6	3	0.0	0.0	1.0	0.0	6.0	0.0	0.0	1.0	1.0	5.0	5.0	3.6666667	5.0	5.0	5.0	5.0	100.0	5.0	5.0	5.0	5.0	5.0	1.0	5.0	1.0	0.0	0.0	1.0	1.0	1.0	0.0	1.0	1.0	0.0	0.0		1.0	0.0	0.0	5.0	1.0	5.0	1.0	5.0	1.0	5.0	1.0	5.0	1.0	1.0	0.0	5.0	1.0	5.0	1.0	5.0	1.0	4.5	0.875	2.0	0.0	5.0	1.0	1.0	0.0	5.0	1.0	4.0	1.0	5.0	1.0	5.0	1.0	1.0	5.0	1.0	5.0	1.0	5.0	1.0	5.0	1.0	5.0	1.0	5.0	1.0	5.0	1.0	5.0	1.0	5.0	1.0	5.0	0.0	0.0	0.0	0.0	0.0	4.0	0.0	0.0	0.0	0.5	0.0	0.0	0.0	0.0	0.0	1.0	0.0	0.0	0.0	0.125	5.0	1.0	0.0	1.0	0.0
3	1	4	2	40	21	6	1	0.0	1.0	1.0	0.0	4.0	0.0	0.0	1.0	1.0	2.0	1.0	1.3333334	5.0	5.0	2.0	4.0	0.0	3.0	3.0	4.0	3.3333333	3.0	3.0	4.0	0.0	1.0	0.0	0.0	0.0	0.0	0.0	1.0	1.0	0.0	0.0		1.0	1.0	1.0	5.0	1.0	5.0	1.0	2.0	0.0	2.0	0.0	4.0	1.0	4.0	1.0	3.0	0.0	4.0	1.0	3.0	0.0	3.625	0.625	3.0	0.0	2.0	0.0	3.0	0.0	4.0	1.0	3.0	0.0	5.0	1.0	5.0	1.0	0.0	4.0	1.0	5.0	1.0	2.0	0.0	4.0	1.0	2.0	0.0	3.0	0.0	2.0	0.0	5.0	1.0	4.0	1.0	3.375	-1.0	0.0	0.0	2.0	-2.0	-1.0	-1.0	1.0	1.0	-0.25	0.0	0.0	0.0	1.0	-1.0	-1.0	0.0	0.0	1.0	-0.125			0.0	0.0	0.0
2	4	3	1	33	4	5	4	0.0	0.0	1.0	0.0	5.0	0.0	0.0	1.0	3.0	3.0	3.0	3.0	3.0	3.0	3.0	3.0	11.0	3.0	3.0	3.0	3.0	3.0	3.0	3.0	0.0	0.0	0.0	0.0	0.0	0.0	1.0	0.0	1.0	0.0	1.0	1.0		1.0	1.0	3.0	0.0	3.0	0.0	3.0	0.0	3.0	0.0	3.0	0.0	3.0	0.0	3.0	0.0	3.0	0.0	3.0	0.0	3.0	0.0	3.0	0.0	3.0	0.0	3.0	0.0	3.0	0.0	3.0	0.0	3.0	0.0	3.0	0.0	1.0	3.0	0.0	3.0	0.0	3.0	0.0	3.0	0.0	3.0	0.0	3.0	0.0	3.0	0.0	3.0	0.0	3.0	0.0	3.0	0.0	0.0	0.0	0.0	0.0	0.0	0.0	0.0	0.0	0.0	0.0	0.0	0.0	0.0	0.0	0.0	0.0	0.0	0.0	0.0			0.0	1.0	1.0
4	3	2	1	48	14	6	2	0.0	0.0	1.0	0.0	7.0	0.0	1.0	0.0	3.0	2.0	2.0	2.3333333	4.0	4.0	4.0	4.0	10.0	3.0	4.0	3.0	3.3333333	4.0	3.0	2.0	1.0	0.0	1.0	1.0	2.0	1.0	0.0	1.0	1.0	0.0	0.0		1.0	1.0	1.0	4.0	1.0	4.0	1.0	4.0	1.0	3.0	0.0	3.0	0.0	2.0	0.0	2.0	0.0	4.0	1.0	3.0	0.0	3.25	0.5	3.0	0.0	3.0	0.0	3.0	0.0	3.0	0.0	3.0	0.0	4.0	1.0	4.0	1.0	0.0	5.0	1.0	4.0	1.0	3.0	0.0	3.0	0.0	3.0	0.0	2.0	0.0	2.0	0.0	4.0	1.0	3.0	0.0	3.25	1.0	0.0	-1.0	0.0	0.0	0.0	0.0	0.0	0.0	0.0	0.0	0.0	-1.0	0.0	0.0	0.0	0.0	0.0	0.0	-0.125			0.0	1.0	0.0
2	3	4	1	32	5	4	3	0.0	1.0	1.0	0.0	1.0	1.0	0.0	0.0	1.0	1.0	2.0	1.3333334	4.0	5.0	1.0	3.3333333	-99.0	2.0	2.0	2.0	2.0	4.0	4.0	4.0	0.0	1.0	1.0	1.0	2.0	0.0	0.0	0.0	0.0	1.0		0.0	0.0		1.0	4.0	1.0	4.0	1.0	3.0	0.0	1.0	0.0	2.0	0.0	5.0	1.0	5.0	1.0	5.0	1.0	4.0	1.0	3.625	0.625	4.0	1.0	3.0	0.0	4.0	1.0	3.0	0.0	4.0	1.0	4.0	1.0	4.0	1.0	1.0	5.0	1.0	5.0	1.0	4.0	1.0	1.0	0.0	1.0	0.0	4.0	1.0	4.0	1.0	4.0	1.0	4.0	1.0	3.5	1.0	1.0	1.0	0.0	-1.0	-1.0	-1.0	-1.0	0.0	-0.125	0.0	0.0	1.0	0.0	0.0	0.0	0.0	0.0	0.0	0.125			0.0	0.0	1.0
4	2	3	1	50	7	5	3	0.0	1.0	1.0	0.0	8.0	0.0	1.0	0.0	2.0	4.0	1.0	2.3333333	2.0	4.0	4.0	3.3333333	0.0	4.0	2.0	5.0	3.6666667	2.0	2.0	5.0	1.0	0.0	1.0	1.0	2.0	1.0	1.0	0.0	1.0	0.0	1.0	1.0		1.0	1.0	5.0	1.0	5.0	1.0	5.0	1.0	1.0	0.0	1.0	0.0	1.0	0.0	1.0	0.0	5.0	1.0	5.0	1.0	3.0	0.5	2.0	0.0	2.0	0.0	2.0	0.0	2.0	0.0	2.0	0.0	2.0	0.0	4.0	1.0	0.0	5.0	1.0	5.0	1.0	5.0	1.0	1.0	0.0	1.0	0.0	1.0	0.0	1.0	0.0	5.0	1.0	4.0	1.0	3.0	0.0	0.0	0.0	0.0	0.0	0.0	0.0	0.0	-1.0	0.0	0.0	0.0	0.0	0.0	0.0	0.0	0.0	0.0	0.0	0.0			0.0	0.0	0.0
2	1	4	3	40	4	2	3	0.0	0.0	1.0	0.0	8.0	0.0	1.0	0.0	1.0	2.0	2.0	1.6666666	4.0	5.0	2.0	3.6666667	60.0	2.0	5.0	4.0	3.6666667	2.0	2.0	3.0	1.0	0.0	1.0	1.0	2.0	1.0	0.0	1.0	1.0	0.0	0.0		1.0	1.0	1.0	4.0	1.0	4.0	1.0	4.0	1.0	1.0	0.0	2.0	0.0	1.0	0.0	2.0	0.0	3.0	0.0	3.0	0.0	2.625	0.375	2.0	0.0	4.0	1.0	2.0	0.0	1.0	0.0	2.0	0.0	2.0	0.0	4.0	1.0	0.0	4.0	1.0	4.0	1.0	4.0	1.0	2.0	0.0	4.0	1.0	2.0	0.0	2.0	0.0	4.0	1.0	4.0	1.0	3.25	0.0	0.0	0.0	1.0	2.0	1.0	0.0	1.0	1.0	0.625	0.0	0.0	0.0	0.0	1.0	0.0	0.0	1.0	1.0	0.25			0.0	1.0	0.0
1	3	4	2	44	7	7	1	0.0	0.0	0.0	0.0	4.0	0.0	0.0	1.0	3.0	3.0	2.0	2.6666667	3.0	5.0	3.0	3.6666667	-100.0	2.0	2.0	2.0	2.0	3.0	3.0	5.0	0.0	0.0	1.0	1.0	2.0	0.0	0.0	1.0	1.0	0.0	0.0		1.0	0.0	0.0	3.0	0.0	3.0	0.0	3.0	0.0	3.0	0.0	3.0	0.0	3.0	0.0	3.0	0.0	3.0	0.0	3.0	0.0	3.0	0.0	3.0	0.0	3.0	0.0	2.0	0.0	1.0	0.0	2.0	0.0	3.0	0.0	3.0	0.0	0.0	1.0	0.0	1.0	0.0	1.0	0.0	1.0	0.0	1.0	0.0	3.0	0.0	1.0	0.0	1.0	0.0	1.0	0.0	1.25	-2.0	-2.0	-2.0	-2.0	-2.0	0.0	-2.0	-2.0	-2.0	-1.75	0.0	0.0	0.0	0.0	0.0	0.0	0.0	0.0	0.0	0.0	3.0	0.0	1.0	0.0	1.0
3	2	4	1	53	6	7	3	0.0	0.0	1.0	0.0	3.0	0.0	0.0	1.0	3.0	2.0	3.0	2.6666667	4.0	4.0	2.0	3.3333333	5.0	1.0	4.0	2.0	2.3333333	3.0	2.0	5.0	0.0	1.0	1.0	1.0	2.0	0.0	0.0	0.0	0.0	1.0		0.0	0.0		1.0	5.0	1.0	5.0	1.0	4.0	1.0	1.0	0.0	1.0	0.0	5.0	1.0	3.0	0.0	4.0	1.0	3.0	0.0	3.5	0.625	1.0	0.0	2.0	0.0	2.0	0.0	4.0	1.0	1.0	0.0	2.0	0.0	3.0	0.0	0.0	5.0	1.0	5.0	1.0	4.0	1.0	1.0	0.0	1.0	0.0	5.0	1.0	4.0	1.0	4.0	1.0	3.0	0.0	3.625	0.0	0.0	0.0	0.0	0.0	0.0	1.0	0.0	0.0	0.125	0.0	0.0	0.0	0.0	0.0	0.0	1.0	0.0	0.0	0.125			0.0	1.0	0.0
3	2	4	1	54	17	5	4	0.0	0.0	0.0	0.0	8.0	0.0	1.0	0.0	4.0	5.0	4.0	4.3333335	4.0	4.0	4.0	4.0	25.0	4.0	4.0	2.0	3.3333333	4.0	4.0	4.0	1.0	0.0	1.0	0.0	1.0	1.0	1.0	0.0	1.0	0.0	1.0	1.0		1.0	1.0	3.0	0.0	4.0	1.0	4.0	1.0	4.0	1.0	4.0	1.0	2.0	0.0	2.0	0.0	3.0	0.0	3.0	0.0	3.25	0.5	2.0	0.0	3.0	0.0	4.0	1.0	4.0	1.0	4.0	1.0	4.0	1.0	4.0	1.0	0.0	3.0	0.0	4.0	1.0	4.0	1.0	4.0	1.0	2.0	0.0	2.0	0.0	2.0	0.0	3.0	0.0	3.0	0.0	3.0	0.0	0.0	0.0	0.0	-2.0	0.0	0.0	0.0	0.0	-0.25	0.0	0.0	0.0	0.0	-1.0	0.0	0.0	0.0	0.0	-0.125			0.0	1.0	0.0
3	2	1	4	36	2	5	3	0.0	0.0	0.0	1.0	1.0	1.0	0.0	0.0	3.0	3.0	3.0	3.0	3.0	3.0	3.0	3.0	6.0	3.0	3.0	3.0	3.0	3.0	3.0	5.0	0.0	0.0	0.0	0.0	0.0	0.0	0.0	1.0	1.0	0.0	0.0		1.0	0.0	0.0	3.0	0.0	3.0	0.0	3.0	0.0	3.0	0.0	3.0	0.0	3.0	0.0	3.0	0.0	3.0	0.0	3.0	0.0	3.0	0.0	3.0	0.0	3.0	0.0	3.0	0.0	3.0	0.0	3.0	0.0	3.0	0.0	3.0	0.0	1.0	3.0	0.0	3.0	0.0	3.0	0.0	3.0	0.0	3.0	0.0	3.0	0.0	3.0	0.0	3.0	0.0	3.0	0.0	3.0	0.0	0.0	0.0	0.0	0.0	0.0	0.0	0.0	0.0	0.0	0.0	0.0	0.0	0.0	0.0	0.0	0.0	0.0	0.0	0.0	3.0	0.0	0.0	1.0	0.0
3	2	4	1	36	24	8	2	0.0	0.0	1.0	0.0	1.0	1.0	0.0	0.0	1.0	2.0	1.0	1.3333334	4.0	4.0	3.0	3.6666667	0.0	1.0	2.0	2.0	1.6666666	5.0	4.0	5.0	0.0	1.0	1.0	1.0	2.0	1.0	1.0	0.0	1.0	0.0	1.0	1.0		0.0	0.0	5.0	1.0	4.0	1.0	5.0	1.0	1.0	0.0	2.0	0.0	4.0	1.0	4.0	1.0	5.0	1.0	2.0	0.0	3.75	0.75	2.0	0.0	4.0	1.0	5.0	1.0	2.0	0.0	4.0	1.0	5.0	1.0	5.0	1.0	1.0	5.0	1.0	5.0	1.0	5.0	1.0	1.0	0.0	2.0	0.0	3.0	0.0	5.0	1.0	5.0	1.0	3.0	0.0	3.875	0.0	1.0	0.0	0.0	0.0	-1.0	1.0	0.0	1.0	0.125	0.0	0.0	0.0	0.0	0.0	-1.0	0.0	0.0	0.0	-0.125	5.0	1.0	0.0	0.0	0.0
2	3	4	1	45	6	2	2	0.0	0.0	1.0	0.0	4.0	0.0	0.0	1.0	4.0	4.0	3.0	3.6666667	3.0	3.0	2.0	2.6666667	20.0	3.0	4.0	3.0	3.3333333	3.0	3.0	5.0	0.0	1.0	1.0	1.0	2.0	1.0	0.0	1.0	1.0	0.0	0.0		1.0	0.0	0.0	5.0	1.0	4.0	1.0	4.0	1.0	4.0	1.0	3.0	0.0	4.0	1.0	4.0	1.0	3.0	0.0	4.0	1.0	3.875	0.75	2.0	0.0	3.0	0.0	3.0	0.0	2.0	0.0	3.0	0.0	4.0	1.0	4.0	1.0	0.0	5.0	1.0	4.0	1.0	4.0	1.0	4.0	1.0	3.0	0.0	4.0	1.0	4.0	1.0	4.0	1.0	4.0	1.0	4.0	0.0	0.0	0.0	0.0	0.0	0.0	0.0	1.0	0.0	0.125	0.0	0.0	0.0	0.0	0.0	0.0	0.0	1.0	0.0	0.125	4.0	1.0	0.0	1.0	1.0
3	2	4	1	46	14	6	4	0.0	0.0	1.0	0.0	1.0	1.0	0.0	0.0	4.0	4.0	4.0	4.0	2.0	3.0	4.0	3.0	0.0	3.0	4.0	2.0	3.0	4.0	4.0	5.0	0.0	1.0	0.0	1.0	1.0	1.0	0.0	0.0	0.0	1.0		0.0	0.0		1.0	2.0	0.0	4.0	1.0	3.0	0.0	2.0	0.0	2.0	0.0	4.0	1.0	2.0	0.0	2.0	0.0	2.0	0.0	2.625	0.25	2.0	0.0	2.0	0.0	2.0	0.0	2.0	0.0	2.0	0.0	4.0	1.0	3.0	0.0	0.0	5.0	1.0	4.0	1.0	4.0	1.0	2.0	0.0	2.0	0.0	4.0	1.0	2.0	0.0	2.0	0.0	2.0	0.0	3.125	3.0	0.0	1.0	0.0	0.0	0.0	0.0	0.0	0.0	0.5	1.0	0.0	1.0	0.0	0.0	0.0	0.0	0.0	0.0	0.25			0.0	0.0	0.0
1	2	4	3	40	19	7	2	0.0	1.0	1.0	0.0	2.0	1.0	0.0	0.0	2.0	2.0	2.0	2.0	2.0	2.0	2.0	2.0	1.0	4.0	4.0	3.0	3.6666667	4.0	4.0	4.0	0.0	0.0	0.0	1.0	1.0	1.0	0.0	0.0	0.0	1.0		0.0	0.0		1.0	5.0	1.0	5.0	1.0	3.0	0.0	2.0	0.0	3.0	0.0	4.0	1.0	4.0	1.0	3.0	0.0	3.0	0.0	3.625	0.5	2.0	0.0	4.0	1.0	4.0	1.0	2.0	0.0	3.0	0.0	4.0	1.0	3.0	0.0	0.0	5.0	1.0	5.0	1.0	4.0	1.0	2.0	0.0	3.0	0.0	4.0	1.0	4.0	1.0	4.0	1.0	3.0	0.0	3.875	0.0	0.0	1.0	0.0	0.0	0.0	0.0	1.0	0.0	0.25	0.0	0.0	1.0	0.0	0.0	0.0	0.0	1.0	0.0	0.25			1.0	0.0	1.0
4	3	2	1	27	1	2	2	0.0	1.0	1.0	0.0	8.0	0.0	1.0	0.0	1.0	3.0	1.0	1.6666666	3.0	5.0	5.0	4.3333335	0.0	3.0	5.0	3.0	3.6666667	5.0	5.0	3.0	1.0	0.0	1.0	1.0	2.0	0.0	0.0	0.0	0.0	1.0		0.0	0.0		1.0	5.0	1.0	1.0	0.0	1.0	0.0	1.0	0.0	1.0	0.0	1.0	0.0	1.0	0.0	1.0	0.0	1.0	0.0	1.5	0.125	2.0	0.0	1.0	0.0	1.0	0.0	1.0	0.0	1.0	0.0	5.0	1.0	5.0	1.0	0.0	5.0	1.0	1.0	0.0	1.0	0.0	1.0	0.0	1.0	0.0	1.0	0.0	1.0	0.0	1.0	0.0	1.0	0.0	1.5	0.0	0.0	0.0	0.0	0.0	0.0	0.0	0.0	0.0	0.0	0.0	0.0	0.0	0.0	0.0	0.0	0.0	0.0	0.0	0.0			0.0	0.0	0.0
1	3	4	2	37	12	6	4	0.0	0.0	1.0	0.0	6.0	0.0	0.0	1.0	3.0	2.0	1.0	2.0	3.0	5.0	4.0	4.0	72.0	1.0	4.0	1.0	2.0	5.0	1.0	5.0	1.0	0.0	0.0	1.0	1.0	0.0	0.0	1.0	1.0	0.0	0.0		1.0	0.0	0.0	3.0	0.0	5.0	1.0	5.0	1.0	3.0	0.0	1.0	0.0	1.0	0.0	1.0	0.0	4.0	1.0	1.0	0.0	2.875	0.375	3.0	0.0	2.0	0.0	2.0	0.0	4.0	1.0	1.0	0.0	4.0	1.0	2.0	0.0	0.0	4.0	1.0	4.0	1.0	4.0	1.0	2.0	0.0	1.0	0.0	1.0	0.0	1.0	0.0	2.0	0.0	3.0	0.0	2.375	1.0	-1.0	-1.0	-1.0	0.0	0.0	0.0	-2.0	2.0	-0.5	1.0	0.0	0.0	0.0	0.0	0.0	0.0	-1.0	0.0	0.0	5.0	1.0	1.0	1.0	1.0
3	2	4	1	30	7	2	1	0.0	0.0	1.0	0.0	8.0	0.0	1.0	0.0	4.0	4.0	4.0	4.0	3.0	4.0	4.0	3.6666667	30.0	3.0	4.0	4.0	3.6666667	3.0	2.0	2.0	1.0	0.0	1.0	1.0	2.0	1.0	0.0	1.0	1.0	0.0	0.0		1.0	1.0	1.0	4.0	1.0	4.0	1.0	3.0	0.0	3.0	0.0	2.0	0.0	2.0	0.0	2.0	0.0	3.0	0.0	3.0	0.0	2.875	0.25	4.0	1.0	2.0	0.0	2.0	0.0	3.0	0.0	3.0	0.0	4.0	1.0	4.0	1.0	0.0	3.0	0.0	4.0	1.0	3.0	0.0	2.0	0.0	2.0	0.0	2.0	0.0	2.0	0.0	4.0	1.0	3.0	0.0	2.75	-1.0	0.0	0.0	-1.0	0.0	0.0	0.0	1.0	0.0	-0.125	-1.0	0.0	0.0	0.0	0.0	0.0	0.0	1.0	0.0	0.0			0.0	1.0	0.0
1	4	3	2	52	7	4	3	0.0	1.0	0.0	1.0	4.0	0.0	0.0	1.0	3.0	3.0	3.0	3.0	3.0	4.0	4.0	3.6666667	-4.0	3.0	3.0	3.0	3.0	3.0	3.0	2.0	1.0	0.0	1.0	0.0	1.0	1.0	0.0	1.0	1.0	0.0	0.0		1.0	1.0	1.0	3.0	0.0	3.0	0.0	3.0	0.0	3.0	0.0	3.0	0.0	3.0	0.0	3.0	0.0	3.0	0.0	3.0	0.0	3.0	0.0	3.0	0.0	3.0	0.0	3.0	0.0	3.0	0.0	3.0	0.0	3.0	0.0	3.0	0.0	0.0	3.0	0.0	3.0	0.0	3.0	0.0	3.0	0.0	3.0	0.0	3.0	0.0	3.0	0.0	3.0	0.0	3.0	0.0	3.0	0.0	0.0	0.0	0.0	0.0	0.0	0.0	0.0	0.0	0.0	0.0	0.0	0.0	0.0	0.0	0.0	0.0	0.0	0.0	0.0			1.0	0.0	1.0
4	1	2	3	35	21	6	3	0.0	0.0	1.0	0.0	7.0	0.0	1.0	0.0	4.0	4.0	5.0	4.3333335	4.0	4.0	4.0	4.0	-9.0	3.0	5.0	3.0	3.6666667	4.0	4.0	5.0	1.0	0.0	1.0	1.0	2.0	1.0	0.0	0.0	0.0	1.0		0.0	0.0		1.0	4.0	1.0	5.0	1.0	3.0	0.0	2.0	0.0	4.0	1.0	3.0	0.0	3.0	0.0	4.0	1.0	4.0	1.0	3.5	0.5	3.0	0.0	3.0	0.0	3.0	0.0	4.0	1.0	4.0	1.0	4.0	1.0	4.0	1.0	0.0	3.0	0.0	4.0	1.0	4.0	1.0	3.0	0.0	4.0	1.0	3.0	0.0	4.0	1.0	4.0	1.0	4.0	1.0	3.625	-1.0	-1.0	1.0	1.0	0.0	0.0	1.0	0.0	0.0	0.125	-1.0	0.0	1.0	0.0	0.0	0.0	1.0	0.0	0.0	0.125			0.0	0.0	0.0
2	3	4	1	40	9	6	2	0.0	0.0	0.0	1.0	4.0	0.0	0.0	1.0	1.0	1.0	2.0	1.3333334	4.0	5.0	2.0	3.6666667	-100.0	1.0	3.0	3.0	2.3333333	5.0	1.0	5.0	0.0	0.0	1.0	1.0	2.0	1.0	0.0	0.0	0.0	1.0		0.0	0.0		1.0	3.0	0.0	3.0	0.0	1.0	0.0	1.0	0.0	1.0	0.0	4.0	1.0	4.0	1.0	1.0	0.0	3.0	0.0	2.25	0.25	4.0	1.0	2.0	0.0	3.0	0.0	3.0	0.0	1.0	0.0	4.0	1.0	3.0	0.0	1.0	3.0	0.0	3.0	0.0	3.0	0.0	1.0	0.0	1.0	0.0	2.0	0.0	3.0	0.0	3.0	0.0	3.0	0.0	2.375	0.0	0.0	2.0	0.0	0.0	-2.0	-1.0	2.0	0.0	0.125	0.0	0.0	0.0	0.0	0.0	-1.0	-1.0	0.0	0.0	-0.25			0.0	0.0	1.0
2	3	4	1	35	13	7	1	0.0	1.0	1.0	0.0	1.0	1.0	0.0	0.0	1.0	1.0	1.0	1.0	1.0	1.0	1.0	1.0	0.0	1.0	2.0	1.0	1.3333334	5.0	3.0	5.0	0.0	1.0	1.0	1.0	2.0	1.0	0.0	0.0	0.0	1.0		0.0	0.0		1.0	5.0	1.0	5.0	1.0	4.0	1.0	1.0	0.0	1.0	0.0	4.0	1.0	2.0	0.0	5.0	1.0	1.0	0.0	3.375	0.625	2.0	0.0	4.0	1.0	4.0	1.0	2.0	0.0	2.0	0.0	4.0	1.0	4.0	1.0	1.0	5.0	1.0	5.0	1.0	5.0	1.0	1.0	0.0	1.0	0.0	4.0	1.0	2.0	0.0	5.0	1.0	4.0	1.0	3.5	0.0	0.0	1.0	0.0	0.0	0.0	0.0	0.0	3.0	0.125	0.0	0.0	0.0	0.0	0.0	0.0	0.0	0.0	1.0	0.0			0.0	0.0	1.0
1	3	4	2	46	8	4	3	0.0	0.0	1.0	0.0	4.0	0.0	0.0	1.0	3.0	1.0	3.0	2.3333333	5.0	5.0	3.0	4.3333335	0.0	1.0	2.0	1.0	1.3333334	5.0	5.0	2.0	0.0	0.0	0.0	1.0	1.0	0.0	1.0	0.0	1.0	0.0	1.0	1.0		1.0	1.0	5.0	1.0	5.0	1.0	4.0	1.0	2.0	0.0	3.0	0.0	4.0	1.0	3.0	0.0	3.0	0.0	3.0	0.0	3.625	0.5	3.0	0.0	3.0	0.0	4.0	1.0	3.0	0.0	4.0	1.0	4.0	1.0	4.0	1.0	0.0	5.0	1.0	5.0	1.0	5.0	1.0	3.0	0.0	3.0	0.0	5.0	1.0	2.0	0.0	5.0	1.0	5.0	1.0	4.125	0.0	0.0	1.0	1.0	0.0	1.0	-1.0	2.0	2.0	0.5	0.0	0.0	0.0	0.0	0.0	0.0	0.0	1.0	1.0	0.125			1.0	0.0	1.0
2	3	1	4	41	3	7	1	0.0	0.0	0.0	1.0	8.0	0.0	1.0	0.0	4.0	4.0	4.0	4.0	5.0	5.0	4.0	4.6666665	78.0	4.0	5.0	2.0	3.6666667	5.0	5.0	5.0	1.0	0.0	0.0	0.0	0.0	0.0	0.0	1.0	1.0	0.0	0.0		1.0	0.0	0.0	4.0	1.0	3.0	0.0	4.0	1.0	4.0	1.0	5.0	1.0	4.0	1.0	4.0	1.0	3.0	0.0	4.0	1.0	3.875	0.75	4.0	1.0	5.0	1.0	3.0	0.0	4.0	1.0	5.0	1.0	5.0	1.0	5.0	1.0	1.0	4.0	1.0	4.0	1.0	5.0	1.0	4.0	1.0	4.0	1.0	4.0	1.0	5.0	1.0	4.0	1.0	3.0	0.0	4.25	0.0	1.0	1.0	0.0	-1.0	0.0	1.0	1.0	-1.0	0.375	0.0	1.0	0.0	0.0	0.0	0.0	0.0	1.0	-1.0	0.25	5.0	1.0	0.0	1.0	1.0
2	3	4	1	37	17	7	3	0.0	1.0	1.0	0.0	1.0	1.0	0.0	0.0	1.0	1.0	1.0	1.0	4.0	3.0	1.0	2.6666667	41.0	3.0	4.0	4.0	3.6666667	2.0	4.0	3.0	0.0	1.0	1.0	1.0	2.0	1.0	1.0	0.0	1.0	0.0	1.0	1.0		1.0	1.0	4.0	1.0	4.0	1.0	2.0	0.0	1.0	0.0	3.0	0.0	4.0	1.0	4.0	1.0	4.0	1.0	3.0	0.0	3.25	0.625	3.0	0.0	4.0	1.0	4.0	1.0	3.0	0.0	3.0	0.0	4.0	1.0	4.0	1.0	1.0	4.0	1.0	4.0	1.0	4.0	1.0	2.0	0.0	4.0	1.0	4.0	1.0	4.0	1.0	4.0	1.0	4.0	1.0	3.75	0.0	0.0	2.0	1.0	1.0	0.0	0.0	0.0	1.0	0.5	0.0	0.0	1.0	0.0	1.0	0.0	0.0	0.0	1.0	0.25			0.0	1.0	1.0
4	1	3	2	18	10	1	4	0.0	0.0	1.0	0.0	7.0	0.0	1.0	0.0	2.0	2.0	1.0	1.6666666	3.0	4.0	1.0	2.6666667	7.0	5.0	5.0	4.0	4.6666665	5.0	2.0	4.0	1.0	0.0	1.0	1.0	2.0	1.0	0.0	0.0	0.0	1.0		0.0	0.0		1.0	5.0	1.0	5.0	1.0	5.0	1.0	3.0	0.0	2.0	0.0	3.0	0.0	4.0	1.0	5.0	1.0	4.0	1.0	4.0	0.625	3.0	0.0	4.0	1.0	4.0	1.0	2.0	0.0	5.0	1.0	5.0	1.0	5.0	1.0	1.0	5.0	1.0	4.0	1.0	5.0	1.0	1.0	0.0	4.0	1.0	5.0	1.0	5.0	1.0	5.0	1.0	5.0	1.0	4.25	0.0	-1.0	0.0	-2.0	2.0	2.0	1.0	0.0	1.0	0.25	0.0	0.0	0.0	0.0	1.0	1.0	0.0	0.0	0.0	0.25			0.0	1.0	0.0
4	2	3	1	44	9	4	3	0.0	1.0	1.0	0.0	6.0	0.0	0.0	1.0	3.0	1.0	1.0	1.6666666	1.0	5.0	1.0	2.3333333	0.0	4.0	4.0	4.0	4.0	2.0	4.0	5.0	1.0	0.0	1.0	0.0	1.0	0.0	0.0	0.0	0.0	1.0		0.0	0.0		1.0	5.0	1.0	5.0	1.0	3.0	0.0	4.0	1.0	3.0	0.0	3.0	0.0	4.0	1.0	5.0	1.0	5.0	1.0	4.0	0.625	5.0	1.0	4.0	1.0	4.0	1.0	3.0	0.0	4.0	1.0	5.0	1.0	4.0	1.0	1.0	5.0	1.0	5.0	1.0	5.0	1.0	3.0	0.0	5.0	1.0	5.0	1.0	5.0	1.0	5.0	1.0	4.0	1.0	4.75	0.0	0.0	2.0	-1.0	2.0	2.0	1.0	0.0	-1.0	0.75	0.0	0.0	1.0	-1.0	1.0	1.0	0.0	0.0	0.0	0.25			0.0	0.0	0.0
3	2	4	1	37	13	7	1	0.0	1.0	1.0	0.0	2.0	1.0	0.0	0.0	1.0	1.0	1.0	1.0	2.0	4.0	1.0	2.3333333	-48.0	2.0	4.0	2.0	2.6666667	5.0	4.0	4.0	0.0	1.0	1.0	1.0	2.0	1.0	0.0	0.0	0.0	1.0		0.0	0.0		1.0	3.0	0.0	4.0	1.0	1.0	0.0	1.0	0.0	1.0	0.0	4.0	1.0	2.0	0.0	4.0	1.0	4.0	1.0	2.5	0.375	1.0	0.0	1.0	0.0	4.0	1.0	3.0	0.0	3.0	0.0	4.0	1.0	4.0	1.0	0.0	4.0	1.0	5.0	1.0	2.0	0.0	1.0	0.0	1.0	0.0	4.0	1.0	1.0	0.0	2.0	0.0	4.0	1.0	2.5	1.0	1.0	1.0	0.0	0.0	0.0	-1.0	-2.0	0.0	0.0	1.0	0.0	0.0	0.0	0.0	0.0	0.0	-1.0	0.0	0.0			0.0	0.0	0.0
3	1	4	2	55	24	7	2	0.0	1.0	0.0	0.0	2.0	1.0	0.0	0.0	2.0	2.0	2.0	2.0	4.0	4.0	4.0	4.0	16.0	2.0	3.0	3.0	2.6666667	4.0	4.0	4.0	0.0	1.0	1.0	1.0	2.0	1.0	0.0	1.0	1.0	0.0	0.0		1.0	1.0	1.0	4.0	1.0	4.0	1.0	4.0	1.0	4.0	1.0	4.0	1.0	4.0	1.0	4.0	1.0	4.0	1.0	4.0	1.0	4.0	1.0	4.0	1.0	4.0	1.0	4.0	1.0	2.0	0.0	3.0	0.0	4.0	1.0	4.0	1.0	0.0	4.0	1.0	4.0	1.0	4.0	1.0	4.0	1.0	4.0	1.0	4.0	1.0	4.0	1.0	4.0	1.0	4.0	1.0	4.0	0.0	0.0	0.0	0.0	0.0	0.0	0.0	0.0	0.0	0.0	0.0	0.0	0.0	0.0	0.0	0.0	0.0	0.0	0.0	0.0			0.0	1.0	0.0
3	2	4	1	53	20	6	3	0.0	1.0	1.0	0.0	1.0	1.0	0.0	0.0	3.0	1.0	1.0	1.6666666	3.0	3.0	1.0	2.3333333	0.0	2.0	3.0	2.0	2.3333333	5.0	3.0	4.0	0.0	1.0	0.0	0.0	0.0	0.0	0.0	1.0	1.0	0.0	0.0		1.0	0.0	0.0	3.0	0.0	5.0	1.0	3.0	0.0	1.0	0.0	3.0	0.0	5.0	1.0	3.0	0.0	5.0	1.0	3.0	0.0	3.5	0.375	3.0	0.0	3.0	0.0	3.0	0.0	3.0	0.0	3.0	0.0	5.0	1.0	5.0	1.0	1.0	3.0	0.0	5.0	1.0	3.0	0.0	2.0	0.0	2.0	0.0	5.0	1.0	4.0	1.0	5.0	1.0	3.0	0.0	3.625	0.0	0.0	0.0	1.0	-1.0	0.0	1.0	0.0	0.0	0.125	0.0	0.0	0.0	0.0	0.0	0.0	1.0	0.0	0.0	0.125	5.0	1.0	0.0	0.0	0.0
2	3	4	1	33	10	8	3	0.0	1.0	1.0	0.0	1.0	1.0	0.0	0.0	1.0	1.0	1.0	1.0	1.0	1.0	1.0	1.0	-39.0	1.0	2.0	2.0	1.6666666	3.0	4.0	4.0	0.0	1.0	1.0	0.0	1.0	0.0	0.0	0.0	0.0	1.0		0.0	0.0		1.0	2.0	0.0	4.0	1.0	3.0	0.0	2.0	0.0	3.0	0.0	4.0	1.0	4.0	1.0	2.0	0.0	4.0	1.0	3.0	0.375	3.0	0.0	2.0	0.0	4.0	1.0	2.0	0.0	4.0	1.0	4.0	1.0	3.0	0.0	1.0	2.0	0.0	3.0	0.0	3.0	0.0	2.0	0.0	2.0	0.0	3.0	0.0	2.0	0.0	4.0	1.0	4.0	1.0	2.625	0.0	-1.0	0.0	0.0	-1.0	-1.0	-2.0	2.0	0.0	-0.375	0.0	-1.0	0.0	0.0	0.0	-1.0	-1.0	1.0	0.0	-0.25			0.0	0.0	1.0
4	2	3	1	34	5	4	3	0.0	0.0	0.0	0.0	4.0	0.0	0.0	1.0	3.0	4.0	4.0	3.6666667	5.0	5.0	4.0	4.6666665	32.0	2.0	4.0	2.0	2.6666667	5.0	4.0	3.0	0.0	0.0	0.0	1.0	1.0	0.0	0.0	0.0	0.0	1.0		0.0	0.0		1.0	3.0	0.0	3.0	0.0	3.0	0.0	1.0	0.0	2.0	0.0	4.0	1.0	3.0	0.0	4.0	1.0	3.0	0.0	2.875	0.25	3.0	0.0	4.0	1.0	4.0	1.0	2.0	0.0	4.0	1.0	5.0	1.0	2.0	0.0	1.0	5.0	1.0	4.0	1.0	3.0	0.0	2.0	0.0	2.0	0.0	4.0	1.0	3.0	0.0	4.0	1.0	3.0	0.0	3.375	2.0	1.0	0.0	1.0	0.0	0.0	0.0	0.0	0.0	0.5	1.0	1.0	0.0	0.0	0.0	0.0	0.0	0.0	0.0	0.25			0.0	1.0	0.0
3	2	4	1	53	1	2	4	0.0	1.0	1.0	0.0	1.0	1.0	0.0	0.0	1.0	1.0	1.0	1.0	3.0	3.0	1.0	2.3333333	-1.0	1.0	1.0	1.0	1.0	1.0	1.0	4.0	0.0	1.0	0.0	1.0	1.0	0.0	1.0	0.0	1.0	0.0	1.0	1.0		0.0	0.0	3.0	0.0	3.0	0.0	1.0	0.0	3.0	0.0	3.0	0.0	3.0	0.0	3.0	0.0	3.0	0.0	3.0	0.0	2.75	0.0	2.0	0.0	2.0	0.0	3.0	0.0	3.0	0.0	3.0	0.0	5.0	1.0	5.0	1.0	0.0	3.0	0.0	3.0	0.0	3.0	0.0	3.0	0.0	3.0	0.0	3.0	0.0	3.0	0.0	3.0	0.0	3.0	0.0	3.0	0.0	0.0	2.0	0.0	0.0	0.0	0.0	0.0	0.0	0.25	0.0	0.0	0.0	0.0	0.0	0.0	0.0	0.0	0.0	0.0	3.0	0.0	0.0	0.0	0.0
1	2	3	4	37	14	2	3	0.0	0.0	0.0	1.0	2.0	1.0	0.0	0.0	4.0	4.0	3.0	3.6666667	3.0	4.0	4.0	3.6666667	30.0	4.0	4.0	3.0	3.6666667	4.0	3.0	3.0	0.0	1.0	0.0	0.0	0.0	0.0	1.0	0.0	1.0	0.0	1.0	1.0		1.0	1.0	5.0	1.0	4.0	1.0	5.0	1.0	5.0	1.0	5.0	1.0	5.0	1.0	5.0	1.0	4.0	1.0	5.0	1.0	4.75	1.0	3.0	0.0	3.0	0.0	3.0	0.0	5.0	1.0	4.0	1.0	4.0	1.0	5.0	1.0	1.0	5.0	1.0	4.0	1.0	4.0	1.0	5.0	1.0	3.0	0.0	4.0	1.0	4.0	1.0	5.0	1.0	4.0	1.0	4.25	0.0	0.0	-1.0	0.0	-2.0	-1.0	-1.0	1.0	-1.0	-0.5	0.0	0.0	0.0	0.0	-1.0	0.0	0.0	0.0	0.0	-0.125			1.0	1.0	1.0
4	1	3	2	30	5	6	3	0.0	0.0	0.0	0.0	7.0	0.0	1.0	0.0	4.0	1.0	4.0	3.0	5.0	5.0	4.0	4.6666665	20.0	4.0	3.0	2.0	3.0	4.0	4.0	3.0	1.0	0.0	1.0	1.0	2.0	1.0	0.0	1.0	1.0	0.0	0.0		1.0	0.0	0.0	5.0	1.0	4.0	1.0	2.0	0.0	5.0	1.0	4.0	1.0	5.0	1.0	3.0	0.0	4.0	1.0	3.0	0.0	4.0	0.75	4.0	1.0	3.0	0.0	2.0	0.0	2.0	0.0	2.0	0.0	4.0	1.0	5.0	1.0	0.0	5.0	1.0	4.0	1.0	2.0	0.0	5.0	1.0	4.0	1.0	4.0	1.0	4.0	1.0	4.0	1.0	2.0	0.0	4.0	0.0	0.0	0.0	0.0	0.0	-1.0	1.0	0.0	-1.0	0.0	0.0	0.0	0.0	0.0	0.0	0.0	1.0	0.0	0.0	0.125	5.0	1.0	0.0	1.0	0.0
1	3	4	2	47	8	7	3	0.0	1.0	0.0	1.0	1.0	1.0	0.0	0.0	2.0	1.0	1.0	1.3333334	3.0	5.0	1.0	3.0	28.0	2.0	4.0	3.0	3.0	2.0	3.0	4.0	0.0	1.0	1.0	1.0	2.0	1.0	1.0	0.0	1.0	0.0	1.0	1.0		0.0	0.0	3.0	0.0	3.0	0.0	3.0	0.0	2.0	0.0	3.0	0.0	4.0	1.0	4.0	1.0	3.0	0.0	4.0	1.0	3.125	0.25	4.0	1.0	3.0	0.0	2.0	0.0	3.0	0.0	2.0	0.0	5.0	1.0	2.0	0.0	0.0	1.0	0.0	3.0	0.0	2.0	0.0	1.0	0.0	1.0	0.0	4.0	1.0	3.0	0.0	3.0	0.0	2.0	0.0	2.25	-2.0	0.0	-1.0	-1.0	-2.0	0.0	-1.0	0.0	-2.0	-0.875	0.0	0.0	0.0	0.0	0.0	0.0	-1.0	0.0	-1.0	-0.125	5.0	1.0	1.0	1.0	1.0
3	2	4	1	46	1	2	2	0.0	1.0	1.0	0.0	2.0	1.0	0.0	0.0	2.0	2.0	3.0	2.3333333	4.0	4.0	3.0	3.6666667	62.0	3.0	3.0	3.0	3.0	4.0	2.0	2.0	0.0	1.0	1.0	1.0	2.0	0.0	1.0	0.0	1.0	0.0	1.0	1.0		0.0	0.0	3.0	0.0	3.0	0.0	3.0	0.0	3.0	0.0	3.0	0.0	3.0	0.0	3.0	0.0	3.0	0.0	3.0	0.0	3.0	0.0	2.0	0.0	2.0	0.0	4.0	1.0	3.0	0.0	5.0	1.0	4.0	1.0	3.0	0.0	0.0	3.0	0.0	3.0	0.0	3.0	0.0	3.0	0.0	3.0	0.0	3.0	0.0	3.0	0.0	3.0	0.0	3.0	0.0	3.0	0.0	0.0	0.0	0.0	0.0	0.0	0.0	0.0	0.0	0.0	0.0	0.0	0.0	0.0	0.0	0.0	0.0	0.0	0.0	0.0	4.0	1.0	0.0	1.0	0.0
2	3	4	1	45	2	4	1	0.0	1.0	1.0	0.0	4.0	0.0	0.0	1.0	2.0	2.0	3.0	2.3333333	2.0	4.0	4.0	3.3333333	0.0	3.0	3.0	2.0	2.6666667	3.0	3.0	2.0	0.0	0.0	1.0	1.0	2.0	1.0	1.0	0.0	1.0	0.0	1.0	1.0		0.0	0.0	5.0	1.0	5.0	1.0	4.0	1.0	2.0	0.0	4.0	1.0	3.0	0.0	3.0	0.0	4.0	1.0	3.0	0.0	3.75	0.625	4.0	1.0	3.0	0.0	4.0	1.0	3.0	0.0	3.0	0.0	5.0	1.0	5.0	1.0	0.0	5.0	1.0	4.0	1.0	3.0	0.0	2.0	0.0	2.0	0.0	3.0	0.0	3.0	0.0	4.0	1.0	3.0	0.0	3.25	0.0	-1.0	-1.0	0.0	-2.0	0.0	0.0	0.0	0.0	-0.5	0.0	0.0	-1.0	0.0	-1.0	0.0	0.0	0.0	0.0	-0.25	5.0	1.0	0.0	0.0	1.0
3	2	4	1	38	5	4	3	0.0	0.0	1.0	0.0	7.0	0.0	1.0	0.0	2.0	4.0	3.0	3.0	3.0	4.0	4.0	3.6666667	50.0	4.0	4.0	4.0	4.0	1.0	3.0	5.0	1.0	0.0	1.0	1.0	2.0	1.0	0.0	1.0	1.0	0.0	0.0		1.0	0.0	0.0	1.0	0.0	3.0	0.0	3.0	0.0	1.0	0.0	1.0	0.0	1.0	0.0	1.0	0.0	3.0	0.0	2.0	0.0	1.75	0.0	2.0	0.0	2.0	0.0	2.0	0.0	2.0	0.0	1.0	0.0	2.0	0.0	3.0	0.0	0.0	1.0	0.0	1.0	0.0	3.0	0.0	1.0	0.0	1.0	0.0	1.0	0.0	1.0	0.0	3.0	0.0	1.0	0.0	1.5	0.0	-2.0	0.0	0.0	0.0	0.0	0.0	0.0	-1.0	-0.25	0.0	0.0	0.0	0.0	0.0	0.0	0.0	0.0	0.0	0.0	1.0	0.0	0.0	1.0	0.0
2	3	4	1	49	7	3	3	0.0	0.0	1.0	0.0	3.0	0.0	0.0	1.0	3.0	3.0	3.0	3.0	3.0	3.0	1.0	2.3333333	23.0	5.0	3.0	3.0	3.6666667	2.0	4.0	4.0	0.0	1.0	1.0	1.0	2.0	1.0	0.0	1.0	1.0	0.0	0.0		1.0	0.0	0.0	4.0	1.0	4.0	1.0	4.0	1.0	2.0	0.0	3.0	0.0	5.0	1.0	5.0	1.0	4.0	1.0	3.0	0.0	3.875	0.75	3.0	0.0	4.0	1.0	4.0	1.0	2.0	0.0	3.0	0.0	5.0	1.0	3.0	0.0	1.0	4.0	1.0	4.0	1.0	4.0	1.0	2.0	0.0	3.0	0.0	5.0	1.0	5.0	1.0	4.0	1.0	3.0	0.0	3.875	0.0	0.0	0.0	0.0	0.0	0.0	0.0	0.0	0.0	0.0	0.0	0.0	0.0	0.0	0.0	0.0	0.0	0.0	0.0	0.0	5.0	1.0	0.0	1.0	1.0
4	2	3	1	75	16	5	4	1.0	1.0	0.0	1.0	1.0	1.0	0.0	0.0	1.0	2.0	1.0	1.3333334	2.0	2.0	2.0	2.0	0.0	2.0	3.0	2.0	2.3333333	3.0	3.0	3.0	0.0	1.0	0.0	0.0	0.0	0.0	0.0	0.0	0.0	1.0		0.0	0.0		1.0	5.0	1.0	4.0	1.0	3.0	0.0	3.0	0.0	3.0	0.0	3.0	0.0	3.0	0.0	5.0	1.0	3.0	0.0	3.625	0.375	4.0	1.0	2.0	0.0	3.0	0.0	3.0	0.0	3.0	0.0	5.0	1.0	5.0	1.0	0.0	5.0	1.0	5.0	1.0	3.0	0.0	3.0	0.0	3.0	0.0	3.0	0.0	3.0	0.0	5.0	1.0	4.0	1.0	3.75	0.0	1.0	0.0	0.0	0.0	0.0	0.0	0.0	1.0	0.125	0.0	0.0	0.0	0.0	0.0	0.0	0.0	0.0	1.0	0.0			0.0	0.0	0.0
2	3	4	1	53	9	5	3	0.0	0.0	0.0	1.0	3.0	0.0	0.0	1.0	2.0	3.0	1.0	2.0	3.0	4.0	3.0	3.3333333	-8.0	1.0	2.0	1.0	1.3333334	3.0	3.0	5.0	0.0	1.0	0.0	1.0	1.0	0.0	0.0	1.0	1.0	0.0	0.0		1.0	1.0	1.0	5.0	1.0	5.0	1.0	5.0	1.0	3.0	0.0	4.0	1.0	4.0	1.0	2.0	0.0	4.0	1.0	4.0	1.0	4.0	0.75	2.0	0.0	3.0	0.0	4.0	1.0	4.0	1.0	5.0	1.0	4.0	1.0	5.0	1.0	0.0	3.0	0.0	5.0	1.0	5.0	1.0	3.0	0.0	1.0	0.0	3.0	0.0	2.0	0.0	3.0	0.0	5.0	1.0	3.125	-2.0	0.0	0.0	0.0	-3.0	-1.0	0.0	-1.0	1.0	-0.875	-1.0	0.0	0.0	0.0	-1.0	-1.0	0.0	-1.0	0.0	-0.5			0.0	0.0	1.0
4	2	3	1	44	15	6	4	0.0	0.0	1.0	0.0	7.0	0.0	1.0	0.0	5.0	5.0	3.0	4.3333335	3.0	3.0	3.0	3.0	0.0	4.0	5.0	4.0	4.3333335	1.0	1.0	3.0	1.0	0.0	0.0	0.0	0.0	1.0	0.0	0.0	0.0	1.0		0.0	0.0		1.0	1.0	0.0	1.0	0.0	1.0	0.0	1.0	0.0	1.0	0.0	1.0	0.0	1.0	0.0	1.0	0.0	1.0	0.0	1.0	0.0	5.0	1.0	1.0	0.0	1.0	0.0	1.0	0.0	4.0	1.0	1.0	0.0	1.0	0.0	0.0	1.0	0.0	1.0	0.0	1.0	0.0	1.0	0.0	1.0	0.0	1.0	0.0	1.0	0.0	1.0	0.0	1.0	0.0	1.0	0.0	0.0	0.0	0.0	0.0	0.0	0.0	0.0	0.0	0.0	0.0	0.0	0.0	0.0	0.0	0.0	0.0	0.0	0.0	0.0			0.0	0.0	0.0
3	4	2	1	44	19	5	2	0.0	0.0	1.0	0.0	8.0	0.0	1.0	0.0	5.0	3.0	4.0	4.0	5.0	5.0	4.0	4.6666665	-56.0	2.0	5.0	2.0	3.0	5.0	4.0	4.0	1.0	0.0	0.0	1.0	1.0	0.0	0.0	1.0	1.0	0.0	0.0		1.0	1.0	1.0	3.0	0.0	5.0	1.0	5.0	1.0	4.0	1.0	3.0	0.0	4.0	1.0	5.0	1.0	5.0	1.0	5.0	1.0	4.25	0.75	2.0	0.0	4.0	1.0	5.0	1.0	4.0	1.0	4.0	1.0	4.0	1.0	5.0	1.0	1.0	5.0	1.0	4.0	1.0	3.0	0.0	5.0	1.0	5.0	1.0	4.0	1.0	3.0	0.0	4.0	1.0	5.0	1.0	4.125	2.0	-1.0	-2.0	1.0	2.0	0.0	-2.0	-1.0	0.0	-0.125	1.0	0.0	-1.0	0.0	1.0	0.0	-1.0	0.0	0.0	0.0			0.0	0.0	1.0
4	2	1	3	37	11	4	2	0.0	0.0	1.0	0.0	8.0	0.0	1.0	0.0	3.0	4.0	4.0	3.6666667	5.0	5.0	1.0	3.6666667	-60.0	4.0	4.0	1.0	3.0	3.0	4.0	4.0	1.0	0.0	1.0	1.0	2.0	0.0	0.0	0.0	0.0	1.0		0.0	0.0		1.0	2.0	0.0	1.0	0.0	1.0	0.0	1.0	0.0	2.0	0.0	1.0	0.0	1.0	0.0	2.0	0.0	2.0	0.0	1.375	0.0	3.0	0.0	1.0	0.0	1.0	0.0	4.0	1.0	1.0	0.0	2.0	0.0	2.0	0.0	0.0	3.0	0.0	3.0	0.0	5.0	1.0	2.0	0.0	4.0	1.0	5.0	1.0	4.0	1.0	3.0	0.0	3.0	0.0	3.625	1.0	2.0	4.0	1.0	2.0	4.0	3.0	1.0	1.0	2.25	0.0	0.0	1.0	0.0	1.0	1.0	1.0	0.0	0.0	0.5			0.0	0.0	0.0
2	3	4	1	44	11	3	1	0.0	0.0	1.0	0.0	3.0	0.0	0.0	1.0	2.0	1.0	1.0	1.3333334	3.0	3.0	3.0	3.0	-100.0	4.0	4.0	2.0	3.3333333	5.0	4.0	5.0	0.0	1.0	1.0	1.0	2.0	1.0	0.0	0.0	0.0	1.0		0.0	0.0		1.0	5.0	1.0	5.0	1.0	4.0	1.0	1.0	0.0	1.0	0.0	4.0	1.0	1.0	0.0	5.0	1.0	1.0	0.0	3.25	0.625	2.0	0.0	2.0	0.0	4.0	1.0	1.0	0.0	4.0	1.0	5.0	1.0	5.0	1.0	1.0	5.0	1.0	5.0	1.0	4.0	1.0	1.0	0.0	1.0	0.0	4.0	1.0	2.0	0.0	5.0	1.0	2.0	0.0	3.375	0.0	0.0	0.0	0.0	0.0	0.0	1.0	0.0	1.0	0.125	0.0	0.0	0.0	0.0	0.0	0.0	0.0	0.0	0.0	0.0			0.0	0.0	1.0
1	3	2	4	43	19	7	3	0.0	0.0	0.0	0.0	1.0	1.0	0.0	0.0	4.0	4.0	3.0	3.6666667	1.0	3.0	3.0	2.3333333	41.0	2.0	2.0	5.0	3.0	2.0	1.0	5.0	1.0	0.0	1.0	1.0	2.0	1.0	0.0	1.0	1.0	0.0	0.0		1.0	1.0	1.0	1.0	0.0	2.0	0.0	1.0	0.0	1.0	0.0	1.0	0.0	1.0	0.0	2.0	0.0	1.0	0.0	1.0	0.0	1.25	0.0	1.0	0.0	1.0	0.0	1.0	0.0	1.0	0.0	3.0	0.0	1.0	0.0	2.0	0.0	0.0	1.0	0.0	1.0	0.0	1.0	0.0	1.0	0.0	1.0	0.0	2.0	0.0	2.0	0.0	1.0	0.0	1.0	0.0	1.25	0.0	-1.0	0.0	0.0	0.0	1.0	0.0	0.0	0.0	0.0	0.0	0.0	0.0	0.0	0.0	0.0	0.0	0.0	0.0	0.0			1.0	1.0	1.0
1	3	4	2	27	13	8	4	0.0	0.0	0.0	0.0	7.0	0.0	1.0	0.0	4.0	5.0	4.0	4.3333335	5.0	4.0	5.0	4.6666665	13.0	5.0	4.0	4.0	4.3333335	4.0	4.0	2.0	1.0	0.0	1.0	1.0	2.0	1.0	0.0	1.0	1.0	0.0	0.0		1.0	1.0	1.0	5.0	1.0	5.0	1.0	4.0	1.0	4.0	1.0	5.0	1.0	3.0	0.0	3.0	0.0	4.0	1.0	4.0	1.0	4.125	0.75	4.0	1.0	4.0	1.0	4.0	1.0	3.0	0.0	4.0	1.0	3.0	0.0	4.0	1.0	0.0	5.0	1.0	4.0	1.0	2.0	0.0	5.0	1.0	5.0	1.0	4.0	1.0	3.0	0.0	3.0	0.0	4.0	1.0	3.875	0.0	-1.0	-2.0	1.0	0.0	1.0	0.0	-1.0	0.0	-0.25	0.0	0.0	-1.0	0.0	0.0	1.0	0.0	-1.0	0.0	-0.125			1.0	1.0	1.0
2	4	3	1	38	9	6	3	0.0	0.0	1.0	0.0	8.0	0.0	1.0	0.0	3.0	3.0	2.0	2.6666667	3.0	4.0	4.0	3.6666667	91.0	2.0	4.0	4.0	3.3333333	2.0	2.0	5.0	1.0	0.0	1.0	1.0	2.0	1.0	1.0	0.0	1.0	0.0	1.0	1.0		1.0	1.0	4.0	1.0	5.0	1.0	2.0	0.0	1.0	0.0	1.0	0.0	4.0	1.0	1.0	0.0	3.0	0.0	1.0	0.0	2.625	0.375	4.0	1.0	2.0	0.0	1.0	0.0	1.0	0.0	2.0	0.0	5.0	1.0	4.0	1.0	0.0	5.0	1.0	5.0	1.0	4.0	1.0	1.0	0.0	1.0	0.0	4.0	1.0	1.0	0.0	5.0	1.0	1.0	0.0	3.25	1.0	0.0	2.0	0.0	0.0	0.0	0.0	2.0	0.0	0.625	0.0	0.0	1.0	0.0	0.0	0.0	0.0	1.0	0.0	0.25			0.0	1.0	1.0
4	2	1	3	36	7	4	3	0.0	0.0	0.0	0.0	8.0	0.0	1.0	0.0	2.0	4.0	2.0	2.6666667	4.0	1.0	4.0	3.0	4.0	4.0	5.0	5.0	4.6666665	5.0	4.0	4.0	1.0	0.0	1.0	1.0	2.0	1.0	0.0	0.0	0.0	1.0		0.0	0.0		1.0	5.0	1.0	5.0	1.0	4.0	1.0	3.0	0.0	5.0	1.0	4.0	1.0	3.0	0.0	5.0	1.0	4.0	1.0	4.25	0.75	4.0	1.0	4.0	1.0	4.0	1.0	2.0	0.0	3.0	0.0	5.0	1.0	4.0	1.0	1.0	4.0	1.0	5.0	1.0	5.0	1.0	3.0	0.0	4.0	1.0	3.0	0.0	3.0	0.0	5.0	1.0	4.0	1.0	4.0	-1.0	0.0	1.0	0.0	-1.0	-1.0	0.0	0.0	0.0	-0.25	0.0	0.0	0.0	0.0	0.0	-1.0	0.0	0.0	0.0	-0.125			0.0	1.0	0.0
4	2	1	3	40	8	6	4	0.0	0.0	1.0	0.0	8.0	0.0	1.0	0.0	4.0	4.0	5.0	4.3333335	3.0	4.0	3.0	3.3333333	-74.0	1.0	4.0	3.0	2.6666667	3.0	1.0	3.0	1.0	0.0	0.0	1.0	1.0	1.0	0.0	0.0	0.0	1.0		0.0	0.0		1.0	4.0	1.0	3.0	0.0	5.0	1.0	1.0	0.0	2.0	0.0	2.0	0.0	4.0	1.0	4.0	1.0	2.0	0.0	3.125	0.5	2.0	0.0	2.0	0.0	3.0	0.0	3.0	0.0	1.0	0.0	4.0	1.0	4.0	1.0	0.0	5.0	1.0	4.0	1.0	5.0	1.0	1.0	0.0	3.0	0.0	4.0	1.0	4.0	1.0	4.0	1.0	2.0	0.0	3.75	1.0	1.0	0.0	0.0	1.0	2.0	0.0	0.0	0.0	0.625	0.0	1.0	0.0	0.0	0.0	1.0	0.0	0.0	0.0	0.25			0.0	0.0	0.0
2	4	1	3	44	6	4	3	0.0	0.0	0.0	1.0	3.0	0.0	0.0	1.0	3.0	3.0	3.0	3.0	5.0	5.0	3.0	4.3333335	-1.0	2.0	3.0	2.0	2.3333333	3.0	3.0	3.0	0.0	1.0	0.0	0.0	0.0	1.0	1.0	0.0	1.0	0.0	1.0	1.0		0.0	0.0	3.0	0.0	1.0	0.0	1.0	0.0	3.0	0.0	1.0	0.0	2.0	0.0	4.0	1.0	3.0	0.0	3.0	0.0	2.25	0.125	3.0	0.0	3.0	0.0	3.0	0.0	1.0	0.0	3.0	0.0	4.0	1.0	3.0	0.0	0.0	2.0	0.0	1.0	0.0	4.0	1.0	3.0	0.0	1.0	0.0	2.0	0.0	3.0	0.0	3.0	0.0	3.0	0.0	2.375	-1.0	0.0	3.0	0.0	0.0	0.0	-1.0	0.0	0.0	0.125	0.0	0.0	1.0	0.0	0.0	0.0	-1.0	0.0	0.0	0.0	3.0	0.0	0.0	0.0	1.0
4	3	1	2	43	4	5	3	0.0	0.0	1.0	0.0	8.0	0.0	1.0	0.0	4.0	3.0	4.0	3.6666667	3.0	5.0	5.0	4.3333335	92.0	4.0	4.0	5.0	4.3333335	1.0	2.0	5.0	1.0	0.0	0.0	0.0	0.0	0.0	0.0	0.0	0.0	1.0		0.0	0.0		1.0	3.0	0.0	3.0	0.0	4.0	1.0	1.0	0.0	4.0	1.0	1.0	0.0	1.0	0.0	3.0	0.0	3.0	0.0	2.5	0.25	1.0	0.0	2.0	0.0	1.0	0.0	4.0	1.0	1.0	0.0	2.0	0.0	2.0	0.0	0.0	3.0	0.0	3.0	0.0	5.0	1.0	2.0	0.0	2.0	0.0	1.0	0.0	1.0	0.0	3.0	0.0	2.0	0.0	2.5	0.0	0.0	1.0	1.0	-2.0	0.0	0.0	0.0	-1.0	0.0	0.0	0.0	0.0	0.0	-1.0	0.0	0.0	0.0	0.0	-0.125			0.0	1.0	0.0
2	3	4	1	37	19	2	4	0.0	0.0	0.0	0.0	1.0	1.0	0.0	0.0	3.0	5.0	5.0	4.3333335	3.0	3.0	1.0	2.3333333	-74.0	1.0	4.0	1.0	2.0	1.0	3.0	4.0	0.0	1.0	1.0	1.0	2.0	0.0	0.0	0.0	0.0	1.0		0.0	0.0		1.0	4.0	1.0	4.0	1.0	1.0	0.0	1.0	0.0	1.0	0.0	1.0	0.0	1.0	0.0	1.0	0.0	1.0	0.0	1.75	0.25	2.0	0.0	1.0	0.0	1.0	0.0	3.0	0.0	3.0	0.0	3.0	0.0	5.0	1.0	0.0	4.0	1.0	1.0	0.0	1.0	0.0	1.0	0.0	1.0	0.0	1.0	0.0	1.0	0.0	1.0	0.0	1.0	0.0	1.375	0.0	-3.0	0.0	0.0	0.0	0.0	0.0	0.0	0.0	-0.375	0.0	-1.0	0.0	0.0	0.0	0.0	0.0	0.0	0.0	-0.125			0.0	0.0	1.0
3	1	2	4	43	13	7	2	0.0	0.0	1.0	0.0	2.0	1.0	0.0	0.0	1.0	4.0	1.0	2.0	2.0	5.0	1.0	2.6666667	40.0	5.0	4.0	5.0	4.6666665	5.0	1.0	5.0	1.0	0.0	1.0	1.0	2.0	0.0	1.0	0.0	1.0	0.0	1.0	1.0		0.0	0.0	5.0	1.0	5.0	1.0	4.0	1.0	1.0	0.0	1.0	0.0	1.0	0.0	2.0	0.0	4.0	1.0	1.0	0.0	2.875	0.5	3.0	0.0	3.0	0.0	1.0	0.0	5.0	1.0	1.0	0.0	1.0	0.0	1.0	0.0	1.0	4.0	1.0	4.0	1.0	1.0	0.0	1.0	0.0	1.0	0.0	1.0	0.0	4.0	1.0	4.0	1.0	1.0	0.0	2.5	-1.0	-1.0	-3.0	0.0	0.0	0.0	2.0	0.0	0.0	-0.375	0.0	0.0	-1.0	0.0	0.0	0.0	1.0	0.0	0.0	0.0	1.0	0.0	0.0	1.0	0.0
1	4	2	3	43	13	2	3	0.0	0.0	1.0	0.0	8.0	0.0	1.0	0.0	3.0	3.0	3.0	3.0	3.0	5.0	4.0	4.0	50.0	4.0	3.0	3.0	3.3333333	3.0	3.0	4.0	1.0	0.0	0.0	0.0	0.0	1.0	0.0	1.0	1.0	0.0	0.0		1.0	0.0	0.0	3.0	0.0	3.0	0.0	3.0	0.0	3.0	0.0	3.0	0.0	3.0	0.0	3.0	0.0	3.0	0.0	3.0	0.0	3.0	0.0	3.0	0.0	3.0	0.0	3.0	0.0	3.0	0.0	3.0	0.0	3.0	0.0	3.0	0.0	0.0	3.0	0.0	3.0	0.0	3.0	0.0	3.0	0.0	3.0	0.0	3.0	0.0	3.0	0.0	3.0	0.0	3.0	0.0	3.0	0.0	0.0	0.0	0.0	0.0	0.0	0.0	0.0	0.0	0.0	0.0	0.0	0.0	0.0	0.0	0.0	0.0	0.0	0.0	0.0	3.0	0.0	1.0	1.0	1.0
2	3	4	1	33	16	6	2	0.0	0.0	1.0	0.0	8.0	0.0	1.0	0.0	1.0	1.0	1.0	1.0	1.0	4.0	2.0	2.3333333	7.0	2.0	4.0	3.0	3.0	4.0	1.0	4.0	1.0	0.0	0.0	0.0	0.0	1.0	0.0	1.0	1.0	0.0	0.0		1.0	1.0	1.0	2.0	0.0	3.0	0.0	2.0	0.0	1.0	0.0	1.0	0.0	1.0	0.0	2.0	0.0	3.0	0.0	2.0	0.0	1.875	0.0	4.0	1.0	2.0	0.0	1.0	0.0	3.0	0.0	1.0	0.0	1.0	0.0	4.0	1.0	0.0	4.0	1.0	3.0	0.0	2.0	0.0	1.0	0.0	2.0	0.0	1.0	0.0	1.0	0.0	2.0	0.0	2.0	0.0	2.0	2.0	0.0	0.0	0.0	1.0	0.0	-1.0	-1.0	0.0	0.125	1.0	0.0	0.0	0.0	0.0	0.0	0.0	0.0	0.0	0.125			0.0	1.0	1.0
1	4	3	2	34	1	4	2	0.0	0.0	1.0	0.0	1.0	1.0	0.0	0.0	1.0	1.0	1.0	1.0	5.0	5.0	1.0	3.6666667	-100.0	1.0	1.0	1.0	1.0	5.0	1.0	5.0	0.0	1.0	1.0	1.0	2.0	1.0	0.0	1.0	1.0	0.0	0.0		1.0	1.0	1.0	5.0	1.0	5.0	1.0	5.0	1.0	1.0	0.0	1.0	0.0	5.0	1.0	5.0	1.0	5.0	1.0	5.0	1.0	4.0	0.75	4.0	1.0	1.0	0.0	1.0	0.0	2.0	0.0	5.0	1.0	5.0	1.0	5.0	1.0	1.0	5.0	1.0	5.0	1.0	5.0	1.0	1.0	0.0	1.0	0.0	5.0	1.0	5.0	1.0	5.0	1.0	5.0	1.0	4.0	0.0	0.0	0.0	0.0	0.0	0.0	0.0	0.0	0.0	0.0	0.0	0.0	0.0	0.0	0.0	0.0	0.0	0.0	0.0	0.0			1.0	0.0	1.0
3	2	4	1	38	1	2	2	0.0	0.0	1.0	0.0	8.0	0.0	1.0	0.0	1.0	1.0	1.0	1.0	5.0	5.0	5.0	5.0	100.0	5.0	5.0	5.0	5.0	1.0	1.0	5.0	1.0	0.0	0.0	1.0	1.0	0.0	0.0	0.0	0.0	1.0		0.0	0.0		1.0	5.0	1.0	5.0	1.0	5.0	1.0	5.0	1.0	5.0	1.0	5.0	1.0	5.0	1.0	5.0	1.0	5.0	1.0	5.0	1.0	5.0	1.0	5.0	1.0	5.0	1.0	5.0	1.0	5.0	1.0	5.0	1.0	5.0	1.0	1.0	5.0	1.0	5.0	1.0	5.0	1.0	5.0	1.0	5.0	1.0	5.0	1.0	5.0	1.0	5.0	1.0	5.0	1.0	5.0	0.0	0.0	0.0	0.0	0.0	0.0	0.0	0.0	0.0	0.0	0.0	0.0	0.0	0.0	0.0	0.0	0.0	0.0	0.0	0.0			0.0	1.0	0.0
2	3	4	1	35	13	7	1	0.0	0.0	1.0	0.0	7.0	0.0	1.0	0.0	4.0	5.0	4.0	4.3333335	4.0	5.0	4.0	4.3333335	-34.0	5.0	4.0	2.0	3.6666667	2.0	2.0	4.0	1.0	0.0	1.0	1.0	2.0	1.0	0.0	0.0	0.0	1.0		0.0	0.0		1.0	3.0	0.0	4.0	1.0	3.0	0.0	2.0	0.0	1.0	0.0	1.0	0.0	2.0	0.0	3.0	0.0	1.0	0.0	2.375	0.125	2.0	0.0	2.0	0.0	2.0	0.0	2.0	0.0	3.0	0.0	5.0	1.0	4.0	1.0	0.0	3.0	0.0	4.0	1.0	3.0	0.0	2.0	0.0	1.0	0.0	1.0	0.0	1.0	0.0	4.0	1.0	1.0	0.0	2.375	0.0	0.0	0.0	0.0	0.0	0.0	-1.0	1.0	0.0	0.0	0.0	0.0	0.0	0.0	0.0	0.0	0.0	1.0	0.0	0.125			0.0	0.0	1.0
1	3	4	2	29	7	4	4	0.0	0.0	0.0	1.0	2.0	1.0	0.0	0.0	2.0	3.0	2.0	2.3333333	3.0	5.0	1.0	3.0	0.0	2.0	2.0	2.0	2.0	3.0	1.0	4.0	0.0	1.0	1.0	1.0	2.0	1.0	1.0	0.0	1.0	0.0	1.0	1.0		1.0	1.0	4.0	1.0	5.0	1.0	2.0	0.0	1.0	0.0	4.0	1.0	4.0	1.0	5.0	1.0	4.0	1.0	3.0	0.0	3.625	0.75	4.0	1.0	4.0	1.0	4.0	1.0	2.0	0.0	3.0	0.0	4.0	1.0	5.0	1.0	1.0	5.0	1.0	5.0	1.0	4.0	1.0	3.0	0.0	3.0	0.0	5.0	1.0	5.0	1.0	5.0	1.0	4.0	1.0	4.375	1.0	0.0	2.0	2.0	-1.0	1.0	0.0	1.0	1.0	0.75	0.0	0.0	1.0	0.0	-1.0	0.0	0.0	0.0	1.0	0.0			1.0	0.0	1.0
1	3	4	2	36	19	6	2	0.0	0.0	1.0	0.0	8.0	0.0	1.0	0.0	3.0	2.0	3.0	2.6666667	4.0	5.0	5.0	4.6666665	-16.0	2.0	1.0	4.0	2.3333333	2.0	2.0	5.0	1.0	0.0	1.0	1.0	2.0	1.0	1.0	0.0	1.0	0.0	1.0	1.0		1.0	1.0	5.0	1.0	5.0	1.0	3.0	0.0	2.0	0.0	3.0	0.0	4.0	1.0	1.0	0.0	4.0	1.0	2.0	0.0	3.375	0.5	3.0	0.0	3.0	0.0	4.0	1.0	2.0	0.0	3.0	0.0	5.0	1.0	5.0	1.0	0.0	4.0	1.0	5.0	1.0	4.0	1.0	1.0	0.0	4.0	1.0	3.0	0.0	2.0	0.0	4.0	1.0	3.0	0.0	3.375	-1.0	0.0	1.0	-1.0	1.0	-1.0	1.0	0.0	1.0	0.0	0.0	0.0	1.0	0.0	1.0	-1.0	0.0	0.0	0.0	0.125			1.0	0.0	1.0
1	3	4	2	40	13	4	3	0.0	0.0	0.0	1.0	1.0	1.0	0.0	0.0	3.0	2.0	4.0	3.0	3.0	5.0	3.0	3.6666667	0.0	3.0	3.0	2.0	2.6666667	4.0	1.0	4.0	0.0	1.0	1.0	0.0	1.0	1.0	0.0	1.0	1.0	0.0	0.0		1.0	0.0	0.0	5.0	1.0	4.0	1.0	1.0	0.0	3.0	0.0	2.0	0.0	3.0	0.0	2.0	0.0	5.0	1.0	3.0	0.0	3.125	0.375	4.0	1.0	3.0	0.0	4.0	1.0	4.0	1.0	3.0	0.0	4.0	1.0	5.0	1.0	0.0	4.0	1.0	4.0	1.0	2.0	0.0	4.0	1.0	3.0	0.0	3.0	0.0	2.0	0.0	3.0	0.0	2.0	0.0	3.125	-1.0	0.0	1.0	1.0	1.0	0.0	0.0	-2.0	-1.0	0.0	0.0	0.0	0.0	1.0	0.0	0.0	0.0	-1.0	0.0	0.0	2.0	0.0	1.0	0.0	1.0
4	2	3	1	40	14	4	3	0.0	0.0	1.0	0.0	1.0	1.0	0.0	0.0	1.0	2.0	2.0	1.6666666	4.0	5.0	4.0	4.3333335	0.0	3.0	4.0	2.0	3.0	4.0	4.0	4.0	0.0	1.0	1.0	1.0	2.0	0.0	1.0	0.0	1.0	0.0	1.0	1.0		0.0	0.0	5.0	1.0	5.0	1.0	3.0	0.0	2.0	0.0	2.0	0.0	3.0	0.0	2.0	0.0	4.0	1.0	5.0	1.0	3.25	0.375	4.0	1.0	4.0	1.0	4.0	1.0	4.0	1.0	4.0	1.0	5.0	1.0	5.0	1.0	0.0	5.0	1.0	5.0	1.0	3.0	0.0	2.0	0.0	2.0	0.0	3.0	0.0	2.0	0.0	5.0	1.0	5.0	1.0	3.375	0.0	0.0	0.0	0.0	0.0	0.0	0.0	1.0	0.0	0.125	0.0	0.0	0.0	0.0	0.0	0.0	0.0	0.0	0.0	0.0	4.0	1.0	0.0	0.0	0.0
2	1	4	3	26	1	1	4	0.0	0.0	1.0	0.0	7.0	0.0	1.0	0.0	1.0	1.0	3.0	1.6666666	3.0	5.0	5.0	4.3333335	-21.0	5.0	5.0	3.0	4.3333335	2.0	5.0	4.0	1.0	0.0	1.0	1.0	2.0	0.0	0.0	0.0	0.0	1.0		0.0	0.0		1.0	5.0	1.0	5.0	1.0	5.0	1.0	5.0	1.0	5.0	1.0	1.0	0.0	3.0	0.0	4.0	1.0	4.0	1.0	4.125	0.75	3.0	0.0	4.0	1.0	5.0	1.0	5.0	1.0	4.0	1.0	5.0	1.0	5.0	1.0	1.0	5.0	1.0	5.0	1.0	5.0	1.0	5.0	1.0	5.0	1.0	4.0	1.0	4.0	1.0	4.0	1.0	3.0	0.0	4.625	0.0	0.0	0.0	0.0	0.0	3.0	1.0	0.0	-1.0	0.5	0.0	0.0	0.0	0.0	0.0	1.0	1.0	0.0	-1.0	0.25			0.0	0.0	0.0
3	4	2	1	29	12	2	2	0.0	0.0	0.0	0.0	5.0	0.0	0.0	1.0	3.0	2.0	3.0	2.6666667	4.0	4.0	4.0	4.0	-9.0	4.0	4.0	3.0	3.6666667	4.0	4.0	5.0	1.0	0.0	1.0	1.0	2.0	1.0	0.0	1.0	1.0	0.0	0.0		1.0	0.0	0.0	4.0	1.0	4.0	1.0	5.0	1.0	4.0	1.0	4.0	1.0	4.0	1.0	5.0	1.0	4.0	1.0	4.0	1.0	4.25	1.0	2.0	0.0	4.0	1.0	4.0	1.0	5.0	1.0	3.0	0.0	4.0	1.0	4.0	1.0	1.0	2.0	0.0	2.0	0.0	2.0	0.0	2.0	0.0	2.0	0.0	1.0	0.0	2.0	0.0	2.0	0.0	2.0	0.0	1.875	-2.0	-2.0	-3.0	-2.0	-2.0	-3.0	-3.0	-2.0	-2.0	-2.375	-1.0	-1.0	-1.0	-1.0	-1.0	-1.0	-1.0	-1.0	-1.0	-1.0	4.0	1.0	0.0	0.0	1.0
1	3	2	4	43	20	8	2	0.0	0.0	1.0	0.0	1.0	1.0	0.0	0.0	1.0	1.0	1.0	1.0	1.0	1.0	1.0	1.0	-45.0	1.0	4.0	2.0	2.3333333	5.0	3.0	5.0	0.0	1.0	1.0	1.0	2.0	0.0	0.0	1.0	1.0	0.0	0.0		1.0	1.0	1.0	4.0	1.0	5.0	1.0	5.0	1.0	1.0	0.0	1.0	0.0	5.0	1.0	3.0	0.0	5.0	1.0	4.0	1.0	3.625	0.625	3.0	0.0	3.0	0.0	4.0	1.0	2.0	0.0	2.0	0.0	4.0	1.0	4.0	1.0	1.0	5.0	1.0	5.0	1.0	5.0	1.0	1.0	0.0	1.0	0.0	5.0	1.0	4.0	1.0	5.0	1.0	4.0	1.0	3.875	1.0	0.0	0.0	0.0	0.0	0.0	1.0	0.0	0.0	0.25	0.0	0.0	0.0	0.0	0.0	0.0	1.0	0.0	0.0	0.125			1.0	0.0	1.0
2	1	3	4	32	11	7	3	0.0	0.0	0.0	0.0	6.0	0.0	0.0	1.0	1.0	2.0	1.0	1.3333334	3.0	5.0	1.0	3.0	100.0	5.0	4.0	5.0	4.6666665	1.0	5.0	4.0	1.0	0.0	0.0	1.0	1.0	0.0	0.0	0.0	0.0	1.0		0.0	0.0		1.0	5.0	1.0	4.0	1.0	4.0	1.0	1.0	0.0	2.0	0.0	2.0	0.0	2.0	0.0	4.0	1.0	5.0	1.0	3.0	0.5	3.0	0.0	2.0	0.0	2.0	0.0	5.0	1.0	2.0	0.0	5.0	1.0	5.0	1.0	0.0	5.0	1.0	4.0	1.0	5.0	1.0	4.0	1.0	4.0	1.0	1.0	0.0	4.0	1.0	3.0	0.0	5.0	1.0	3.75	0.0	0.0	1.0	3.0	2.0	-1.0	2.0	-1.0	0.0	0.75	0.0	0.0	0.0	1.0	1.0	0.0	1.0	-1.0	0.0	0.25			0.0	1.0	0.0
3	2	4	1	32	4	4	4	0.0	0.0	0.0	0.0	6.0	0.0	0.0	1.0	1.0	2.0	1.0	1.3333334	1.0	5.0	2.0	2.6666667	0.0	5.0	4.0	4.0	4.3333335	5.0	1.0	4.0	1.0	0.0	1.0	1.0	2.0	1.0	1.0	0.0	1.0	0.0	1.0	1.0		0.0	0.0	4.0	1.0	4.0	1.0	1.0	0.0	2.0	0.0	1.0	0.0	1.0	0.0	1.0	0.0	1.0	0.0	1.0	0.0	1.875	0.25	3.0	0.0	1.0	0.0	1.0	0.0	3.0	0.0	1.0	0.0	3.0	0.0	2.0	0.0	0.0	4.0	1.0	4.0	1.0	1.0	0.0	3.0	0.0	1.0	0.0	1.0	0.0	1.0	0.0	3.0	0.0	1.0	0.0	2.25	0.0	0.0	0.0	1.0	0.0	0.0	0.0	2.0	0.0	0.375	0.0	0.0	0.0	0.0	0.0	0.0	0.0	0.0	0.0	0.0	5.0	1.0	0.0	0.0	0.0
2	1	4	3	20	1	2	3	0.0	0.0	0.0	1.0	1.0	1.0	0.0	0.0	5.0	2.0	3.0	3.3333333	4.0	4.0	5.0	4.3333335	2.0	4.0	3.0	2.0	3.0	5.0	4.0	3.0	0.0	0.0	0.0	0.0	0.0	0.0	1.0	0.0	1.0	0.0	1.0	1.0		1.0	1.0	1.0	0.0	2.0	0.0	2.0	0.0	1.0	0.0	2.0	0.0	2.0	0.0	3.0	0.0	2.0	0.0	2.0	0.0	1.875	0.0	3.0	0.0	4.0	1.0	2.0	0.0	4.0	1.0	3.0	0.0	4.0	1.0	4.0	1.0	1.0	5.0	1.0	3.0	0.0	2.0	0.0	3.0	0.0	4.0	1.0	2.0	0.0	3.0	0.0	4.0	1.0	5.0	1.0	3.25	4.0	1.0	0.0	2.0	2.0	0.0	0.0	2.0	3.0	1.375	1.0	0.0	0.0	0.0	1.0	0.0	0.0	1.0	1.0	0.375			0.0	1.0	0.0
4	1	3	2	34	2	5	2	0.0	0.0	1.0	0.0	8.0	0.0	1.0	0.0	3.0	3.0	3.0	3.0	2.0	4.0	4.0	3.3333333	99.0	5.0	5.0	5.0	5.0	2.0	3.0	5.0	1.0	0.0	1.0	1.0	2.0	1.0	1.0	0.0	1.0	0.0	1.0	1.0		0.0	0.0	3.0	0.0	3.0	0.0	4.0	1.0	4.0	1.0	2.0	0.0	3.0	0.0	4.0	1.0	4.0	1.0	3.0	0.0	3.375	0.5	2.0	0.0	2.0	0.0	2.0	0.0	4.0	1.0	4.0	1.0	3.0	0.0	3.0	0.0	0.0	4.0	1.0	4.0	1.0	4.0	1.0	2.0	0.0	3.0	0.0	3.0	0.0	3.0	0.0	4.0	1.0	4.0	1.0	3.375	1.0	1.0	0.0	-2.0	1.0	0.0	-1.0	0.0	1.0	0.0	1.0	1.0	0.0	-1.0	0.0	0.0	-1.0	0.0	1.0	0.0	2.0	0.0	0.0	1.0	0.0
1	3	4	2	42	18	6	3	0.0	0.0	1.0	0.0	8.0	0.0	1.0	0.0	3.0	4.0	2.0	3.0	4.0	5.0	3.0	4.0	13.0	4.0	5.0	5.0	4.6666665	3.0	3.0	4.0	1.0	0.0	1.0	1.0	2.0	0.0	0.0	1.0	1.0	0.0	0.0		1.0	1.0	1.0	3.0	0.0	4.0	1.0	1.0	0.0	4.0	1.0	2.0	0.0	1.0	0.0	1.0	0.0	3.0	0.0	2.0	0.0	2.375	0.25	4.0	1.0	4.0	1.0	3.0	0.0	4.0	1.0	2.0	0.0	3.0	0.0	3.0	0.0	0.0	4.0	1.0	4.0	1.0	1.0	0.0	4.0	1.0	2.0	0.0	1.0	0.0	1.0	0.0	3.0	0.0	1.0	0.0	2.5	1.0	0.0	0.0	0.0	0.0	0.0	0.0	0.0	-1.0	0.125	1.0	0.0	0.0	0.0	0.0	0.0	0.0	0.0	0.0	0.125			1.0	1.0	1.0
1	3	2	4	30	5	2	3	0.0	0.0	0.0	1.0	1.0	1.0	0.0	0.0	5.0	5.0	4.0	4.6666665	4.0	4.0	4.0	4.0	-2.0	4.0	4.0	1.0	3.0	5.0	5.0	4.0	0.0	1.0	0.0	0.0	0.0	1.0	0.0	0.0	0.0	1.0		0.0	0.0		1.0	5.0	1.0	3.0	0.0	4.0	1.0	4.0	1.0	5.0	1.0	4.0	1.0	5.0	1.0	4.0	1.0	4.0	1.0	4.25	0.875	4.0	1.0	4.0	1.0	4.0	1.0	5.0	1.0	3.0	0.0	4.0	1.0	5.0	1.0	1.0	4.0	1.0	4.0	1.0	3.0	0.0	5.0	1.0	4.0	1.0	4.0	1.0	5.0	1.0	4.0	1.0	5.0	1.0	4.125	-1.0	1.0	-1.0	1.0	-1.0	0.0	0.0	0.0	1.0	-0.125	0.0	1.0	-1.0	0.0	0.0	0.0	0.0	0.0	0.0	0.0			1.0	0.0	1.0
4	1	3	2	24	1	4	1	0.0	0.0	0.0	1.0	7.0	0.0	1.0	0.0	5.0	5.0	5.0	5.0	5.0	5.0	5.0	5.0	0.0	5.0	5.0	1.0	3.6666667	5.0	5.0	5.0	1.0	0.0	0.0	0.0	0.0	0.0	0.0	1.0	1.0	0.0	0.0		1.0	1.0	1.0	5.0	1.0	5.0	1.0	5.0	1.0	5.0	1.0	5.0	1.0	5.0	1.0	5.0	1.0	5.0	1.0	5.0	1.0	5.0	1.0	5.0	1.0	5.0	1.0	5.0	1.0	5.0	1.0	5.0	1.0	5.0	1.0	5.0	1.0	1.0	5.0	1.0	5.0	1.0	5.0	1.0	5.0	1.0	5.0	1.0	5.0	1.0	5.0	1.0	5.0	1.0	5.0	1.0	5.0	0.0	0.0	0.0	0.0	0.0	0.0	0.0	0.0	0.0	0.0	0.0	0.0	0.0	0.0	0.0	0.0	0.0	0.0	0.0	0.0			0.0	0.0	0.0
3	2	4	1	22	3	2	3	0.0	0.0	0.0	1.0	1.0	1.0	0.0	0.0	5.0	4.0	5.0	4.6666665	4.0	5.0	4.0	4.3333335	-84.0	4.0	3.0	1.0	2.6666667	4.0	4.0	2.0	0.0	1.0	1.0	1.0	2.0	1.0	0.0	1.0	1.0	0.0	0.0		1.0	1.0	1.0	4.0	1.0	4.0	1.0	4.0	1.0	3.0	0.0	4.0	1.0	4.0	1.0	3.0	0.0	3.0	0.0	3.0	0.0	3.625	0.625	3.0	0.0	4.0	1.0	4.0	1.0	4.0	1.0	5.0	1.0	5.0	1.0	4.0	1.0	0.0	4.0	1.0	4.0	1.0	4.0	1.0	4.0	1.0	4.0	1.0	4.0	1.0	5.0	1.0	5.0	1.0	5.0	1.0	4.25	0.0	0.0	0.0	1.0	0.0	0.0	2.0	2.0	2.0	0.625	0.0	0.0	0.0	1.0	0.0	0.0	1.0	1.0	1.0	0.375			0.0	0.0	0.0
1	2	4	3	27	5	2	3	0.0	0.0	0.0	1.0	8.0	0.0	1.0	0.0	4.0	3.0	3.0	3.3333333	3.0	3.0	2.0	2.6666667	-3.0	3.0	3.0	4.0	3.3333333	5.0	3.0	4.0	1.0	0.0	1.0	0.0	1.0	1.0	1.0	0.0	1.0	0.0	1.0	1.0		0.0	0.0	3.0	0.0	3.0	0.0	3.0	0.0	4.0	1.0	3.0	0.0	3.0	0.0	3.0	0.0	4.0	1.0	3.0	0.0	3.25	0.25	2.0	0.0	3.0	0.0	3.0	0.0	3.0	0.0	4.0	1.0	4.0	1.0	3.0	0.0	0.0	3.0	0.0	3.0	0.0	3.0	0.0	3.0	0.0	4.0	1.0	4.0	1.0	3.0	0.0	3.0	0.0	3.0	0.0	3.25	0.0	0.0	0.0	-1.0	1.0	1.0	0.0	-1.0	0.0	0.0	0.0	0.0	0.0	-1.0	1.0	1.0	0.0	-1.0	0.0	0.0	2.0	0.0	1.0	0.0	1.0
4	2	1	3	28	1	2	2	0.0	0.0	1.0	0.0	5.0	0.0	0.0	1.0	4.0	4.0	4.0	4.0	4.0	4.0	5.0	4.3333335	0.0	4.0	4.0	2.0	3.3333333	5.0	4.0	5.0	1.0	0.0	0.0	1.0	1.0	0.0	1.0	0.0	1.0	0.0	1.0	1.0		1.0	1.0	4.0	1.0	5.0	1.0	4.0	1.0	5.0	1.0	5.0	1.0	4.0	1.0	5.0	1.0	5.0	1.0	4.0	1.0	4.625	1.0	3.0	0.0	3.0	0.0	4.0	1.0	5.0	1.0	4.0	1.0	4.0	1.0	5.0	1.0	0.0	4.0	1.0	5.0	1.0	4.0	1.0	5.0	1.0	4.0	1.0	5.0	1.0	4.0	1.0	5.0	1.0	4.0	1.0	4.5	0.0	0.0	0.0	0.0	-1.0	1.0	-1.0	0.0	0.0	-0.125	0.0	0.0	0.0	0.0	0.0	0.0	0.0	0.0	0.0	0.0			0.0	0.0	0.0
1	3	4	2	32	9	8	3	0.0	0.0	1.0	0.0	1.0	1.0	0.0	0.0	1.0	1.0	1.0	1.0	2.0	3.0	1.0	2.0	-70.0	1.0	2.0	2.0	1.6666666	4.0	4.0	5.0	0.0	1.0	1.0	1.0	2.0	1.0	0.0	0.0	0.0	1.0		0.0	0.0		1.0	5.0	1.0	5.0	1.0	4.0	1.0	1.0	0.0	2.0	0.0	5.0	1.0	5.0	1.0	5.0	1.0	1.0	0.0	4.0	0.75	2.0	0.0	3.0	0.0	4.0	1.0	1.0	0.0	2.0	0.0	5.0	1.0	5.0	1.0	0.0	5.0	1.0	5.0	1.0	4.0	1.0	1.0	0.0	2.0	0.0	5.0	1.0	5.0	1.0	5.0	1.0	4.0	1.0	4.0	0.0	0.0	0.0	0.0	0.0	0.0	0.0	0.0	3.0	0.0	0.0	0.0	0.0	0.0	0.0	0.0	0.0	0.0	1.0	0.0			1.0	0.0	1.0
4	3	1	2	32	7	7	3	0.0	0.0	0.0	1.0	7.0	0.0	1.0	0.0	4.0	5.0	3.0	4.0	1.0	4.0	5.0	3.3333333	11.0	4.0	5.0	3.0	4.0	5.0	3.0	3.0	1.0	0.0	0.0	1.0	1.0	1.0	1.0	0.0	1.0	0.0	1.0	1.0		1.0	1.0	3.0	0.0	2.0	0.0	3.0	0.0	3.0	0.0	3.0	0.0	2.0	0.0	2.0	0.0	3.0	0.0	1.0	0.0	2.625	0.0	4.0	1.0	3.0	0.0	1.0	0.0	3.0	0.0	1.0	0.0	5.0	1.0	3.0	0.0	0.0	2.0	0.0	3.0	0.0	3.0	0.0	3.0	0.0	3.0	0.0	3.0	0.0	1.0	0.0	3.0	0.0	1.0	0.0	2.625	-1.0	1.0	0.0	0.0	0.0	1.0	-1.0	0.0	0.0	0.0	0.0	0.0	0.0	0.0	0.0	0.0	0.0	0.0	0.0	0.0			0.0	1.0	0.0
4	2	1	3	48	16	6	3	0.0	0.0	1.0	0.0	5.0	0.0	0.0	1.0	4.0	3.0	5.0	4.0	4.0	5.0	4.0	4.3333335	0.0	3.0	4.0	3.0	3.3333333	5.0	4.0	5.0	0.0	0.0	1.0	1.0	2.0	0.0	1.0	0.0	1.0	0.0	1.0	1.0		0.0	0.0	5.0	1.0	5.0	1.0	4.0	1.0	2.0	0.0	2.0	0.0	3.0	0.0	3.0	0.0	4.0	1.0	4.0	1.0	3.5	0.5	3.0	0.0	4.0	1.0	3.0	0.0	3.0	0.0	3.0	0.0	5.0	1.0	3.0	0.0	1.0	5.0	1.0	5.0	1.0	3.0	0.0	1.0	0.0	2.0	0.0	3.0	0.0	3.0	0.0	4.0	1.0	4.0	1.0	3.25	0.0	0.0	-1.0	-1.0	0.0	0.0	0.0	0.0	0.0	-0.25	0.0	0.0	-1.0	0.0	0.0	0.0	0.0	0.0	0.0	-0.125	5.0	1.0	0.0	0.0	0.0
1	3	2	4	33	18	6	1	0.0	0.0	1.0	0.0	8.0	0.0	1.0	0.0	5.0	5.0	4.0	4.6666665	2.0	5.0	5.0	4.0	-12.0	4.0	3.0	1.0	2.6666667	5.0	3.0	4.0	1.0	0.0	1.0	0.0	1.0	1.0	0.0	1.0	1.0	0.0	0.0		1.0	1.0	1.0	5.0	1.0	2.0	0.0	2.0	0.0	5.0	1.0	1.0	0.0	4.0	1.0	5.0	1.0	3.0	0.0	4.0	1.0	3.375	0.5	2.0	0.0	5.0	1.0	5.0	1.0	1.0	0.0	5.0	1.0	1.0	0.0	5.0	1.0	1.0	4.0	1.0	5.0	1.0	5.0	1.0	5.0	1.0	2.0	0.0	2.0	0.0	2.0	0.0	3.0	0.0	4.0	1.0	3.5	-1.0	3.0	3.0	0.0	1.0	-2.0	-3.0	0.0	0.0	0.125	0.0	1.0	1.0	0.0	0.0	-1.0	-1.0	0.0	0.0	0.0			1.0	0.0	1.0
4	1	2	3	32	1	5	4	0.0	0.0	1.0	0.0	5.0	0.0	0.0	1.0	3.0	2.0	3.0	2.6666667	2.0	5.0	4.0	3.6666667	-41.0	2.0	4.0	3.0	3.0	3.0	3.0	4.0	1.0	0.0	1.0	0.0	1.0	1.0	0.0	0.0	0.0	1.0		0.0	0.0		1.0	5.0	1.0	5.0	1.0	2.0	0.0	2.0	0.0	3.0	0.0	3.0	0.0	5.0	1.0	2.0	0.0	2.0	0.0	3.375	0.375	3.0	0.0	3.0	0.0	4.0	1.0	5.0	1.0	3.0	0.0	2.0	0.0	5.0	1.0	0.0	5.0	1.0	5.0	1.0	3.0	0.0	2.0	0.0	2.0	0.0	3.0	0.0	5.0	1.0	2.0	0.0	4.0	1.0	3.375	0.0	0.0	1.0	0.0	-1.0	0.0	0.0	0.0	2.0	0.0	0.0	0.0	0.0	0.0	0.0	0.0	0.0	0.0	1.0	0.0			0.0	0.0	0.0
2	3	4	1	18	22	4	1	0.0	0.0	1.0	0.0	2.0	1.0	0.0	0.0	5.0	3.0	4.0	4.0	2.0	2.0	1.0	1.6666666	-1.0	2.0	4.0	2.0	2.6666667	5.0	2.0	2.0	0.0	1.0	0.0	0.0	0.0	0.0	0.0	1.0	1.0	0.0	0.0		1.0	1.0	1.0	4.0	1.0	2.0	0.0	1.0	0.0	1.0	0.0	1.0	0.0	4.0	1.0	3.0	0.0	5.0	1.0	1.0	0.0	2.625	0.375	4.0	1.0	2.0	0.0	4.0	1.0	2.0	0.0	1.0	0.0	4.0	1.0	4.0	1.0	0.0	5.0	1.0	4.0	1.0	2.0	0.0	1.0	0.0	2.0	0.0	4.0	1.0	3.0	0.0	4.0	1.0	1.0	0.0	3.125	1.0	2.0	1.0	0.0	1.0	0.0	0.0	-1.0	0.0	0.5	0.0	1.0	0.0	0.0	0.0	0.0	0.0	0.0	0.0	0.125			0.0	0.0	1.0
3	1	4	2	27	9	6	2	0.0	0.0	1.0	0.0	1.0	1.0	0.0	0.0	4.0	5.0	4.0	4.3333335	3.0	3.0	4.0	3.3333333	-14.0	4.0	4.0	1.0	3.0	3.0	4.0	5.0	0.0	1.0	1.0	1.0	2.0	1.0	0.0	1.0	1.0	0.0	0.0		1.0	0.0	0.0	3.0	0.0	5.0	1.0	3.0	0.0	2.0	0.0	3.0	0.0	3.0	0.0	2.0	0.0	4.0	1.0	3.0	0.0	3.125	0.25	3.0	0.0	2.0	0.0	5.0	1.0	3.0	0.0	4.0	1.0	3.0	0.0	2.0	0.0	0.0	5.0	1.0	2.0	0.0	3.0	0.0	1.0	0.0	3.0	0.0	5.0	1.0	2.0	0.0	3.0	0.0	4.0	1.0	3.0	2.0	-3.0	0.0	-1.0	0.0	2.0	0.0	-1.0	1.0	-0.125	1.0	-1.0	0.0	0.0	0.0	1.0	0.0	-1.0	1.0	0.0	2.0	0.0	0.0	0.0	0.0
2	4	3	1	31	10	4	4	0.0	0.0	1.0	0.0	1.0	1.0	0.0	0.0	4.0	4.0	3.0	3.6666667	4.0	4.0	4.0	4.0	16.0	4.0	3.0	3.0	3.3333333	4.0	4.0	4.0	0.0	1.0	1.0	1.0	2.0	1.0	0.0	1.0	1.0	0.0	0.0		1.0	0.0	0.0	3.0	0.0	2.0	0.0	3.0	0.0	2.0	0.0	2.0	0.0	3.0	0.0	2.0	0.0	3.0	0.0	2.0	0.0	2.5	0.0	3.0	0.0	3.0	0.0	4.0	1.0	4.0	1.0	4.0	1.0	4.0	1.0	4.0	1.0	1.0	3.0	0.0	3.0	0.0	3.0	0.0	3.0	0.0	3.0	0.0	3.0	0.0	2.0	0.0	2.0	0.0	2.0	0.0	2.75	0.0	1.0	0.0	1.0	1.0	0.0	0.0	-1.0	0.0	0.25	0.0	0.0	0.0	0.0	0.0	0.0	0.0	0.0	0.0	0.0	4.0	1.0	0.0	1.0	1.0
1	2	3	4	33	3	2	4	0.0	0.0	1.0	0.0	8.0	0.0	1.0	0.0	3.0	3.0	2.0	2.6666667	4.0	4.0	4.0	4.0	-39.0	4.0	3.0	2.0	3.0	5.0	4.0	5.0	1.0	0.0	1.0	1.0	2.0	1.0	0.0	0.0	0.0	1.0		0.0	0.0		1.0	4.0	1.0	2.0	0.0	2.0	0.0	2.0	0.0	3.0	0.0	2.0	0.0	3.0	0.0	4.0	1.0	2.0	0.0	2.75	0.25	3.0	0.0	4.0	1.0	4.0	1.0	4.0	1.0	4.0	1.0	4.0	1.0	2.0	0.0	1.0	4.0	1.0	4.0	1.0	5.0	1.0	4.0	1.0	4.0	1.0	3.0	0.0	4.0	1.0	3.0	0.0	2.0	0.0	3.875	0.0	2.0	3.0	2.0	1.0	1.0	1.0	-1.0	0.0	1.125	0.0	1.0	1.0	1.0	1.0	0.0	1.0	-1.0	0.0	0.5			1.0	0.0	1.0
1	3	2	4	26	10	4	1	0.0	0.0	1.0	0.0	6.0	0.0	0.0	1.0	2.0	3.0	2.0	2.3333333	2.0	4.0	4.0	3.3333333	-40.0	3.0	2.0	4.0	3.0	3.0	4.0	2.0	0.0	0.0	0.0	1.0	1.0	0.0	0.0	1.0	1.0	0.0	0.0		1.0	0.0	0.0	4.0	1.0	4.0	1.0	3.0	0.0	2.0	0.0	2.0	0.0	3.0	0.0	3.0	0.0	3.0	0.0	3.0	0.0	3.0	0.25	3.0	0.0	2.0	0.0	3.0	0.0	3.0	0.0	4.0	1.0	4.0	1.0	4.0	1.0	0.0	4.0	1.0	4.0	1.0	3.0	0.0	2.0	0.0	2.0	0.0	3.0	0.0	3.0	0.0	3.0	0.0	3.0	0.0	3.0	0.0	0.0	0.0	0.0	0.0	0.0	0.0	0.0	0.0	0.0	0.0	0.0	0.0	0.0	0.0	0.0	0.0	0.0	0.0	0.0	4.0	1.0	1.0	0.0	1.0
2	3	4	1	30	6	6	2	0.0	0.0	1.0	0.0	3.0	0.0	0.0	1.0	3.0	2.0	4.0	3.0	3.0	4.0	1.0	2.6666667	0.0	2.0	4.0	3.0	3.0	5.0	1.0	5.0	0.0	1.0	0.0	1.0	1.0	0.0	1.0	0.0	1.0	0.0	1.0	1.0		1.0	1.0	5.0	1.0	5.0	1.0	2.0	0.0	1.0	0.0	1.0	0.0	1.0	0.0	1.0	0.0	5.0	1.0	3.0	0.0	2.625	0.375	4.0	1.0	1.0	0.0	2.0	0.0	5.0	1.0	1.0	0.0	5.0	1.0	5.0	1.0	0.0	5.0	1.0	5.0	1.0	1.0	0.0	1.0	0.0	1.0	0.0	1.0	0.0	1.0	0.0	2.0	0.0	3.0	0.0	2.125	0.0	0.0	-1.0	0.0	0.0	0.0	0.0	-3.0	0.0	-0.5	0.0	0.0	0.0	0.0	0.0	0.0	0.0	-1.0	0.0	-0.125			0.0	0.0	1.0
3	2	4	1	33	19	6	2	0.0	0.0	1.0	0.0	7.0	0.0	1.0	0.0	4.0	4.0	4.0	4.0	3.0	4.0	3.0	3.3333333	50.0	4.0	4.0	2.0	3.3333333	2.0	3.0	4.0	1.0	0.0	1.0	1.0	2.0	1.0	0.0	0.0	0.0	1.0		0.0	0.0		1.0	4.0	1.0	3.0	0.0	5.0	1.0	1.0	0.0	1.0	0.0	1.0	0.0	1.0	0.0	3.0	0.0	1.0	0.0	2.375	0.25	2.0	0.0	2.0	0.0	4.0	1.0	1.0	0.0	2.0	0.0	2.0	0.0	4.0	1.0	0.0	1.0	0.0	4.0	1.0	1.0	0.0	1.0	0.0	1.0	0.0	1.0	0.0	1.0	0.0	3.0	0.0	1.0	0.0	1.625	-3.0	1.0	-4.0	0.0	0.0	0.0	0.0	0.0	0.0	-0.75	-1.0	1.0	-1.0	0.0	0.0	0.0	0.0	0.0	0.0	-0.125			0.0	1.0	0.0
2	4	1	3	34	8	6	3	0.0	0.0	0.0	1.0	1.0	1.0	0.0	0.0	1.0	1.0	1.0	1.0	3.0	5.0	3.0	3.6666667	94.0	3.0	3.0	3.0	3.0	5.0	3.0	3.0	0.0	1.0	0.0	1.0	1.0	0.0	1.0	0.0	1.0	0.0	1.0	1.0		0.0	0.0	3.0	0.0	4.0	1.0	3.0	0.0	3.0	0.0	3.0	0.0	4.0	1.0	4.0	1.0	3.0	0.0	5.0	1.0	3.375	0.375	3.0	0.0	4.0	1.0	3.0	0.0	3.0	0.0	5.0	1.0	4.0	1.0	3.0	0.0	0.0	3.0	0.0	4.0	1.0	3.0	0.0	3.0	0.0	3.0	0.0	3.0	0.0	3.0	0.0	3.0	0.0	5.0	1.0	3.125	0.0	0.0	0.0	0.0	0.0	-1.0	-1.0	0.0	0.0	-0.25	0.0	0.0	0.0	0.0	0.0	-1.0	-1.0	0.0	0.0	-0.25	4.0	1.0	0.0	1.0	1.0
3	2	4	1	33	5	6	4	0.0	0.0	0.0	0.0	4.0	0.0	0.0	1.0	1.0	1.0	1.0	1.0	3.0	3.0	1.0	2.3333333	-100.0	1.0	3.0	3.0	2.3333333	5.0	3.0	5.0	0.0	1.0	1.0	1.0	2.0	0.0	0.0	0.0	0.0	1.0		0.0	0.0		1.0	5.0	1.0	5.0	1.0	3.0	0.0	3.0	0.0	2.0	0.0	4.0	1.0	4.0	1.0	5.0	1.0	4.0	1.0	3.875	0.625	3.0	0.0	2.0	0.0	3.0	0.0	3.0	0.0	3.0	0.0	5.0	1.0	3.0	0.0	1.0	5.0	1.0	5.0	1.0	3.0	0.0	2.0	0.0	2.0	0.0	4.0	1.0	4.0	1.0	5.0	1.0	4.0	1.0	3.75	0.0	0.0	0.0	-1.0	0.0	0.0	0.0	0.0	0.0	-0.125	0.0	0.0	0.0	0.0	0.0	0.0	0.0	0.0	0.0	0.0			0.0	0.0	0.0
4	3	2	1	21	1	2	2	0.0	0.0	0.0	1.0	4.0	0.0	0.0	1.0	5.0	4.0	4.0	4.3333335	5.0	5.0	4.0	4.6666665	0.0	5.0	4.0	3.0	4.0	4.0	2.0	3.0	1.0	0.0	1.0	1.0	2.0	0.0	1.0	0.0	1.0	0.0	1.0	1.0		1.0	1.0	2.0	0.0	3.0	0.0	2.0	0.0	4.0	1.0	3.0	0.0	1.0	0.0	3.0	0.0	3.0	0.0	4.0	1.0	2.625	0.125	3.0	0.0	3.0	0.0	2.0	0.0	4.0	1.0	3.0	0.0	3.0	0.0	3.0	0.0	1.0	2.0	0.0	3.0	0.0	3.0	0.0	4.0	1.0	3.0	0.0	3.0	0.0	2.0	0.0	4.0	1.0	3.0	0.0	3.0	0.0	0.0	1.0	0.0	0.0	2.0	-1.0	1.0	-1.0	0.375	0.0	0.0	0.0	0.0	0.0	0.0	0.0	1.0	-1.0	0.125			0.0	0.0	0.0
3	2	4	1	32	4	6	4	0.0	0.0	1.0	0.0	3.0	0.0	0.0	1.0	1.0	1.0	1.0	1.0	1.0	3.0	2.0	2.0	-30.0	1.0	1.0	3.0	1.6666666	3.0	4.0	4.0	0.0	1.0	1.0	1.0	2.0	1.0	0.0	1.0	1.0	0.0	0.0		1.0	0.0	0.0	4.0	1.0	4.0	1.0	4.0	1.0	2.0	0.0	3.0	0.0	3.0	0.0	3.0	0.0	5.0	1.0	3.0	0.0	3.5	0.5	2.0	0.0	3.0	0.0	4.0	1.0	2.0	0.0	3.0	0.0	5.0	1.0	3.0	0.0	0.0	4.0	1.0	4.0	1.0	3.0	0.0	1.0	0.0	2.0	0.0	2.0	0.0	3.0	0.0	5.0	1.0	3.0	0.0	3.0	0.0	0.0	-1.0	-1.0	-1.0	-1.0	0.0	0.0	0.0	-0.5	0.0	0.0	-1.0	0.0	0.0	0.0	0.0	0.0	0.0	-0.125	5.0	1.0	0.0	0.0	0.0
3	2	4	1	32	1	2	4	0.0	0.0	1.0	0.0	6.0	0.0	0.0	1.0	4.0	3.0	3.0	3.3333333	4.0	5.0	4.0	4.3333335	43.0	3.0	3.0	3.0	3.0	4.0	5.0	4.0	1.0	0.0	0.0	1.0	1.0	0.0	0.0	0.0	0.0	1.0		0.0	0.0		1.0	4.0	1.0	3.0	0.0	5.0	1.0	3.0	0.0	5.0	1.0	5.0	1.0	3.0	0.0	5.0	1.0	4.0	1.0	4.125	0.625	3.0	0.0	4.0	1.0	5.0	1.0	3.0	0.0	3.0	0.0	4.0	1.0	4.0	1.0	0.0	3.0	0.0	4.0	1.0	4.0	1.0	3.0	0.0	5.0	1.0	4.0	1.0	3.0	0.0	5.0	1.0	4.0	1.0	3.875	-1.0	1.0	-1.0	0.0	0.0	-1.0	0.0	0.0	0.0	-0.25	-1.0	1.0	0.0	0.0	0.0	0.0	0.0	0.0	0.0	0.0			0.0	1.0	0.0
4	1	3	2	34	3	3	2	0.0	0.0	0.0	1.0	8.0	0.0	1.0	0.0	4.0	4.0	1.0	3.0	3.0	4.0	2.0	3.0	-18.0	3.0	1.0	4.0	2.6666667	4.0	5.0	5.0	1.0	0.0	0.0	0.0	0.0	0.0	1.0	0.0	1.0	0.0	1.0	1.0		0.0	0.0	3.0	0.0	4.0	1.0	1.0	0.0	4.0	1.0	1.0	0.0	2.0	0.0	5.0	1.0	5.0	1.0	3.0	0.0	3.125	0.5	3.0	0.0	4.0	1.0	2.0	0.0	1.0	0.0	5.0	1.0	3.0	0.0	4.0	1.0	1.0	4.0	1.0	3.0	0.0	2.0	0.0	4.0	1.0	5.0	1.0	5.0	1.0	2.0	0.0	3.0	0.0	1.0	0.0	3.5	1.0	-1.0	1.0	0.0	4.0	3.0	-3.0	-2.0	-2.0	0.375	1.0	-1.0	0.0	0.0	1.0	1.0	-1.0	-1.0	0.0	0.0	2.0	0.0	0.0	0.0	0.0
3	4	1	2	21	1	2	1	0.0	0.0	0.0	1.0	1.0	1.0	0.0	0.0	4.0	5.0	5.0	4.6666665	4.0	5.0	5.0	4.6666665	0.0	5.0	5.0	2.0	4.0	5.0	5.0	5.0	0.0	1.0	0.0	1.0	1.0	0.0	1.0	0.0	1.0	0.0	1.0	1.0		1.0	1.0	5.0	1.0	5.0	1.0	5.0	1.0	4.0	1.0	5.0	1.0	5.0	1.0	5.0	1.0	5.0	1.0	5.0	1.0	4.875	1.0	5.0	1.0	4.0	1.0	2.0	0.0	4.0	1.0	2.0	0.0	1.0	0.0	4.0	1.0	1.0	4.0	1.0	5.0	1.0	5.0	1.0	5.0	1.0	5.0	1.0	5.0	1.0	5.0	1.0	5.0	1.0	5.0	1.0	4.875	-1.0	0.0	0.0	1.0	0.0	0.0	0.0	0.0	0.0	0.0	0.0	0.0	0.0	0.0	0.0	0.0	0.0	0.0	0.0	0.0			0.0	0.0	1.0
4	3	1	2	26	10	8	1	0.0	0.0	0.0	0.0	3.0	0.0	0.0	1.0	1.0	1.0	1.0	1.0	2.0	3.0	1.0	2.0	0.0	3.0	3.0	2.0	2.6666667	5.0	2.0	4.0	0.0	1.0	0.0	1.0	1.0	1.0	0.0	0.0	0.0	1.0		0.0	0.0		1.0	5.0	1.0	5.0	1.0	5.0	1.0	1.0	0.0	2.0	0.0	4.0	1.0	2.0	0.0	5.0	1.0	3.0	0.0	3.625	0.625	2.0	0.0	2.0	0.0	4.0	1.0	2.0	0.0	3.0	0.0	5.0	1.0	5.0	1.0	0.0	5.0	1.0	5.0	1.0	4.0	1.0	2.0	0.0	2.0	0.0	4.0	1.0	3.0	0.0	5.0	1.0	3.0	0.0	3.75	0.0	0.0	-1.0	1.0	0.0	0.0	1.0	0.0	0.0	0.125	0.0	0.0	0.0	0.0	0.0	0.0	0.0	0.0	0.0	0.0			0.0	0.0	0.0
4	1	3	2	29	4	5	1	0.0	0.0	0.0	0.0	8.0	0.0	1.0	0.0	5.0	4.0	4.0	4.3333335	3.0	2.0	1.0	2.0	0.0	5.0	4.0	5.0	4.6666665	1.0	1.0	4.0	1.0	0.0	1.0	0.0	1.0	1.0	0.0	0.0	0.0	1.0		0.0	0.0		1.0	1.0	0.0	1.0	0.0	1.0	0.0	1.0	0.0	1.0	0.0	1.0	0.0	1.0	0.0	1.0	0.0	1.0	0.0	1.0	0.0	3.0	0.0	1.0	0.0	1.0	0.0	1.0	0.0	1.0	0.0	4.0	1.0	4.0	1.0	0.0	1.0	0.0	1.0	0.0	1.0	0.0	1.0	0.0	1.0	0.0	1.0	0.0	1.0	0.0	1.0	0.0	1.0	0.0	1.0	0.0	0.0	0.0	0.0	0.0	0.0	0.0	0.0	0.0	0.0	0.0	0.0	0.0	0.0	0.0	0.0	0.0	0.0	0.0	0.0			0.0	0.0	0.0
4	3	1	2	21	11	4	2	0.0	0.0	1.0	0.0	4.0	0.0	0.0	1.0	1.0	1.0	1.0	1.0	1.0	3.0	1.0	1.6666666	-80.0	1.0	1.0	1.0	1.0	5.0	2.0	5.0	0.0	1.0	0.0	1.0	1.0	0.0	0.0	0.0	0.0	1.0		0.0	0.0		1.0	3.0	0.0	3.0	0.0	3.0	0.0	1.0	0.0	1.0	0.0	3.0	0.0	3.0	0.0	3.0	0.0	3.0	0.0	2.5	0.0	3.0	0.0	3.0	0.0	3.0	0.0	3.0	0.0	3.0	0.0	3.0	0.0	4.0	1.0	0.0	3.0	0.0	3.0	0.0	3.0	0.0	1.0	0.0	1.0	0.0	3.0	0.0	3.0	0.0	3.0	0.0	3.0	0.0	2.5	0.0	0.0	0.0	0.0	0.0	0.0	0.0	0.0	0.0	0.0	0.0	0.0	0.0	0.0	0.0	0.0	0.0	0.0	0.0	0.0			0.0	0.0	0.0
4	3	2	1	24	1	1	3	0.0	0.0	0.0	1.0	7.0	0.0	1.0	0.0	4.0	3.0	4.0	3.6666667	4.0	3.0	1.0	2.6666667	0.0	1.0	1.0	1.0	1.0	5.0	2.0	3.0	1.0	0.0	0.0	1.0	1.0	0.0	0.0	0.0	0.0	1.0		0.0	0.0		1.0	4.0	1.0	4.0	1.0	4.0	1.0	1.0	0.0	4.0	1.0	4.0	1.0	4.0	1.0	4.0	1.0	4.0	1.0	3.625	0.875	3.0	0.0	3.0	0.0	4.0	1.0	5.0	1.0	4.0	1.0	5.0	1.0	4.0	1.0	1.0	5.0	1.0	5.0	1.0	4.0	1.0	1.0	0.0	4.0	1.0	4.0	1.0	4.0	1.0	4.0	1.0	4.0	1.0	3.875	1.0	1.0	0.0	0.0	0.0	0.0	0.0	0.0	0.0	0.25	0.0	0.0	0.0	0.0	0.0	0.0	0.0	0.0	0.0	0.0			0.0	0.0	0.0
2	3	1	4	28	9	2	3	0.0	0.0	0.0	1.0	1.0	1.0	0.0	0.0	3.0	4.0	4.0	3.6666667	2.0	3.0	2.0	2.3333333	5.0	3.0	3.0	3.0	3.0	3.0	3.0	3.0	1.0	0.0	1.0	0.0	1.0	0.0	1.0	0.0	1.0	0.0	1.0	1.0		0.0	0.0	4.0	1.0	4.0	1.0	4.0	1.0	4.0	1.0	4.0	1.0	4.0	1.0	4.0	1.0	5.0	1.0	4.0	1.0	4.125	1.0	3.0	0.0	4.0	1.0	4.0	1.0	4.0	1.0	4.0	1.0	4.0	1.0	4.0	1.0	0.0	3.0	0.0	3.0	0.0	2.0	0.0	2.0	0.0	2.0	0.0	2.0	0.0	2.0	0.0	1.0	0.0	3.0	0.0	2.125	-1.0	-1.0	-2.0	-2.0	-2.0	-2.0	-2.0	-4.0	-1.0	-2.0	-1.0	-1.0	-1.0	-1.0	-1.0	-1.0	-1.0	-1.0	-1.0	-1.0	1.0	0.0	0.0	1.0	1.0
1	2	4	3	24	14	2	3	0.0	0.0	1.0	0.0	8.0	0.0	1.0	0.0	3.0	3.0	2.0	2.6666667	4.0	3.0	2.0	3.0	26.0	1.0	2.0	4.0	2.3333333	3.0	3.0	4.0	1.0	0.0	0.0	0.0	0.0	0.0	0.0	0.0	0.0	1.0		0.0	0.0		1.0	3.0	0.0	5.0	1.0	1.0	0.0	1.0	0.0	3.0	0.0	3.0	0.0	2.0	0.0	3.0	0.0	5.0	1.0	2.625	0.125	4.0	1.0	2.0	0.0	3.0	0.0	4.0	1.0	3.0	0.0	5.0	1.0	2.0	0.0	1.0	3.0	0.0	2.0	0.0	1.0	0.0	3.0	0.0	2.0	0.0	1.0	0.0	4.0	1.0	2.0	0.0	1.0	0.0	2.25	0.0	-3.0	0.0	2.0	-1.0	-2.0	2.0	-1.0	-4.0	-0.375	0.0	-1.0	0.0	0.0	0.0	0.0	1.0	0.0	-1.0	0.0			1.0	1.0	1.0
3	2	4	1	23	9	6	2	0.0	0.0	1.0	0.0	8.0	0.0	1.0	0.0	2.0	3.0	3.0	2.6666667	3.0	4.0	2.0	3.0	15.0	3.0	4.0	3.0	3.3333333	4.0	4.0	4.0	1.0	0.0	1.0	1.0	2.0	1.0	0.0	0.0	0.0	1.0		0.0	0.0		1.0	4.0	1.0	4.0	1.0	4.0	1.0	2.0	0.0	2.0	0.0	4.0	1.0	3.0	0.0	4.0	1.0	3.0	0.0	3.375	0.625	2.0	0.0	2.0	0.0	4.0	1.0	3.0	0.0	3.0	0.0	4.0	1.0	4.0	1.0	0.0	4.0	1.0	4.0	1.0	4.0	1.0	2.0	0.0	2.0	0.0	4.0	1.0	3.0	0.0	4.0	1.0	2.0	0.0	3.375	0.0	0.0	0.0	0.0	0.0	0.0	0.0	0.0	-1.0	0.0	0.0	0.0	0.0	0.0	0.0	0.0	0.0	0.0	0.0	0.0			0.0	1.0	0.0
2	3	4	1	34	1	4	1	0.0	0.0	1.0	0.0	5.0	0.0	0.0	1.0	3.0	3.0	3.0	3.0	2.0	4.0	1.0	2.3333333	0.0	3.0	4.0	4.0	3.6666667	3.0	3.0	3.0	0.0	0.0	1.0	1.0	2.0	0.0	0.0	1.0	1.0	0.0	0.0		1.0	0.0	0.0	4.0	1.0	4.0	1.0	3.0	0.0	2.0	0.0	2.0	0.0	3.0	0.0	2.0	0.0	4.0	1.0	3.0	0.0	3.0	0.375	3.0	0.0	3.0	0.0	3.0	0.0	3.0	0.0	3.0	0.0	4.0	1.0	3.0	0.0	0.0	4.0	1.0	4.0	1.0	3.0	0.0	2.0	0.0	2.0	0.0	3.0	0.0	2.0	0.0	4.0	1.0	3.0	0.0	3.0	0.0	0.0	0.0	0.0	0.0	0.0	0.0	0.0	0.0	0.0	0.0	0.0	0.0	0.0	0.0	0.0	0.0	0.0	0.0	0.0	4.0	1.0	0.0	0.0	1.0
2	3	4	1	33	19	6	4	0.0	0.0	1.0	0.0	3.0	0.0	0.0	1.0	2.0	2.0	2.0	2.0	3.0	4.0	3.0	3.3333333	43.0	4.0	4.0	2.0	3.3333333	1.0	3.0	4.0	0.0	1.0	1.0	1.0	2.0	1.0	0.0	1.0	1.0	0.0	0.0		1.0	0.0	0.0	5.0	1.0	5.0	1.0	5.0	1.0	2.0	0.0	2.0	0.0	4.0	1.0	4.0	1.0	4.0	1.0	3.0	0.0	3.875	0.75	2.0	0.0	2.0	0.0	2.0	0.0	3.0	0.0	1.0	0.0	5.0	1.0	4.0	1.0	0.0	5.0	1.0	5.0	1.0	5.0	1.0	2.0	0.0	2.0	0.0	4.0	1.0	4.0	1.0	4.0	1.0	3.0	0.0	3.875	0.0	0.0	0.0	0.0	0.0	0.0	0.0	0.0	0.0	0.0	0.0	0.0	0.0	0.0	0.0	0.0	0.0	0.0	0.0	0.0	5.0	1.0	0.0	1.0	1.0
1	4	3	2	25	8	2	3	0.0	0.0	1.0	0.0	8.0	0.0	1.0	0.0	3.0	3.0	3.0	3.0	4.0	4.0	3.0	3.6666667	78.0	3.0	3.0	3.0	3.0	3.0	3.0	3.0	1.0	0.0	0.0	0.0	0.0	0.0	0.0	1.0	1.0	0.0	0.0		1.0	1.0	1.0	3.0	0.0	3.0	0.0	3.0	0.0	3.0	0.0	3.0	0.0	2.0	0.0	3.0	0.0	3.0	0.0	4.0	1.0	2.875	0.0	3.0	0.0	4.0	1.0	3.0	0.0	3.0	0.0	3.0	0.0	4.0	1.0	3.0	0.0	0.0	3.0	0.0	3.0	0.0	3.0	0.0	3.0	0.0	4.0	1.0	3.0	0.0	3.0	0.0	3.0	0.0	3.0	0.0	3.125	0.0	0.0	0.0	0.0	1.0	1.0	0.0	0.0	-1.0	0.25	0.0	0.0	0.0	0.0	1.0	0.0	0.0	0.0	-1.0	0.125			1.0	1.0	1.0
2	3	1	4	33	20	6	1	0.0	0.0	1.0	0.0	8.0	0.0	1.0	0.0	5.0	5.0	4.0	4.6666665	3.0	4.0	3.0	3.3333333	92.0	5.0	4.0	5.0	4.6666665	3.0	4.0	5.0	1.0	0.0	1.0	1.0	2.0	0.0	0.0	0.0	0.0	1.0		0.0	0.0		1.0	5.0	1.0	4.0	1.0	4.0	1.0	5.0	1.0	4.0	1.0	4.0	1.0	4.0	1.0	4.0	1.0	5.0	1.0	4.25	1.0	4.0	1.0	4.0	1.0	3.0	0.0	5.0	1.0	3.0	0.0	4.0	1.0	4.0	1.0	1.0	4.0	1.0	4.0	1.0	4.0	1.0	4.0	1.0	4.0	1.0	4.0	1.0	4.0	1.0	4.0	1.0	3.0	0.0	4.0	-1.0	0.0	0.0	-1.0	0.0	0.0	0.0	0.0	-2.0	-0.25	0.0	0.0	0.0	0.0	0.0	0.0	0.0	0.0	-1.0	0.0			0.0	1.0	1.0
3	2	4	1	25	8	4	1	0.0	0.0	1.0	0.0	1.0	1.0	0.0	0.0	1.0	1.0	1.0	1.0	2.0	2.0	1.0	1.6666666	-99.0	1.0	4.0	4.0	3.0	5.0	4.0	5.0	0.0	1.0	1.0	1.0	2.0	1.0	0.0	0.0	0.0	1.0		0.0	0.0		1.0	5.0	1.0	5.0	1.0	5.0	1.0	5.0	1.0	2.0	0.0	5.0	1.0	4.0	1.0	4.0	1.0	3.0	0.0	4.375	0.875	2.0	0.0	4.0	1.0	3.0	0.0	4.0	1.0	2.0	0.0	4.0	1.0	5.0	1.0	1.0	5.0	1.0	5.0	1.0	5.0	1.0	5.0	1.0	3.0	0.0	5.0	1.0	4.0	1.0	4.0	1.0	4.0	1.0	4.5	0.0	0.0	0.0	0.0	1.0	0.0	0.0	0.0	1.0	0.125	0.0	0.0	0.0	0.0	0.0	0.0	0.0	0.0	1.0	0.0			0.0	0.0	0.0
2	3	1	4	30	1	5	3	0.0	0.0	0.0	1.0	1.0	1.0	0.0	0.0	5.0	3.0	4.0	4.0	3.0	4.0	4.0	3.6666667	15.0	5.0	4.0	2.0	3.6666667	4.0	4.0	4.0	0.0	1.0	0.0	0.0	0.0	1.0	0.0	0.0	0.0	1.0		0.0	0.0		1.0	5.0	1.0	5.0	1.0	5.0	1.0	4.0	1.0	5.0	1.0	3.0	0.0	5.0	1.0	3.0	0.0	4.0	1.0	4.375	0.75	5.0	1.0	3.0	0.0	4.0	1.0	5.0	1.0	4.0	1.0	4.0	1.0	4.0	1.0	1.0	3.0	0.0	4.0	1.0	3.0	0.0	5.0	1.0	3.0	0.0	5.0	1.0	4.0	1.0	3.0	0.0	2.0	0.0	3.75	-2.0	-1.0	-2.0	1.0	-2.0	2.0	-1.0	0.0	-2.0	-0.625	-1.0	0.0	-1.0	0.0	-1.0	1.0	0.0	0.0	-1.0	-0.25			0.0	1.0	1.0
2	1	3	4	62	14	6	3	0.0	1.0	1.0	0.0	7.0	0.0	1.0	0.0	1.0	2.0	1.0	1.3333334	3.0	4.0	4.0	3.6666667	0.0	3.0	4.0	3.0	3.3333333	1.0	3.0	3.0	1.0	0.0	0.0	0.0	0.0	0.0	0.0	0.0	0.0	1.0		0.0	0.0		1.0	3.0	0.0	3.0	0.0	3.0	0.0	3.0	0.0	3.0	0.0	1.0	0.0	3.0	0.0	3.0	0.0	3.0	0.0	2.75	0.0	4.0	1.0	1.0	0.0	3.0	0.0	4.0	1.0	3.0	0.0	3.0	0.0	3.0	0.0	0.0	3.0	0.0	3.0	0.0	3.0	0.0	3.0	0.0	3.0	0.0	3.0	0.0	3.0	0.0	3.0	0.0	3.0	0.0	3.0	0.0	0.0	0.0	0.0	0.0	2.0	0.0	0.0	0.0	0.25	0.0	0.0	0.0	0.0	0.0	0.0	0.0	0.0	0.0	0.0			0.0	0.0	0.0
1	2	4	3	32	14	6	2	0.0	0.0	1.0	0.0	8.0	0.0	1.0	0.0	5.0	5.0	4.0	4.6666665	4.0	5.0	5.0	4.6666665	-7.0	5.0	5.0	1.0	3.6666667	4.0	5.0	5.0	1.0	0.0	1.0	0.0	1.0	0.0	1.0	0.0	1.0	0.0	1.0	1.0		1.0	1.0	4.0	1.0	3.0	0.0	4.0	1.0	4.0	1.0	4.0	1.0	5.0	1.0	5.0	1.0	5.0	1.0	5.0	1.0	4.25	0.875	4.0	1.0	4.0	1.0	5.0	1.0	5.0	1.0	4.0	1.0	5.0	1.0	5.0	1.0	1.0	5.0	1.0	4.0	1.0	2.0	0.0	5.0	1.0	2.0	0.0	4.0	1.0	5.0	1.0	4.0	1.0	3.0	0.0	3.875	1.0	1.0	-2.0	1.0	-2.0	-1.0	0.0	-1.0	-2.0	-0.375	0.0	1.0	-1.0	0.0	-1.0	0.0	0.0	0.0	-1.0	-0.125			1.0	0.0	1.0
1	3	2	4	34	24	7	4	0.0	0.0	1.0	0.0	2.0	1.0	0.0	0.0	3.0	4.0	4.0	3.6666667	3.0	3.0	4.0	3.3333333	-12.0	5.0	4.0	3.0	4.0	4.0	3.0	4.0	0.0	1.0	0.0	1.0	1.0	0.0	1.0	0.0	1.0	0.0	1.0	1.0		0.0	0.0	3.0	0.0	4.0	1.0	3.0	0.0	4.0	1.0	4.0	1.0	4.0	1.0	3.0	0.0	3.0	0.0	5.0	1.0	3.5	0.5	3.0	0.0	4.0	1.0	5.0	1.0	3.0	0.0	3.0	0.0	4.0	1.0	4.0	1.0	1.0	4.0	1.0	5.0	1.0	4.0	1.0	3.0	0.0	3.0	0.0	4.0	1.0	4.0	1.0	3.0	0.0	4.0	1.0	3.75	1.0	1.0	1.0	-1.0	-1.0	0.0	1.0	0.0	-1.0	0.25	1.0	0.0	1.0	-1.0	-1.0	0.0	1.0	0.0	0.0	0.125	4.0	1.0	1.0	0.0	1.0
4	3	1	2	23	19	8	4	0.0	0.0	0.0	0.0	7.0	0.0	1.0	0.0	4.0	3.0	4.0	3.6666667	4.0	3.0	5.0	4.0	-7.0	4.0	3.0	2.0	3.0	3.0	5.0	4.0	0.0	1.0	0.0	0.0	0.0	0.0	0.0	1.0	1.0	0.0	0.0		1.0	1.0	1.0	2.0	0.0	3.0	0.0	4.0	1.0	3.0	0.0	3.0	0.0	4.0	1.0	3.0	0.0	2.0	0.0	4.0	1.0	3.0	0.25	4.0	1.0	4.0	1.0	2.0	0.0	2.0	0.0	3.0	0.0	3.0	0.0	3.0	0.0	0.0	2.0	0.0	2.0	0.0	3.0	0.0	3.0	0.0	3.0	0.0	3.0	0.0	2.0	0.0	4.0	1.0	4.0	1.0	2.75	0.0	-1.0	-1.0	0.0	0.0	-1.0	-1.0	2.0	0.0	-0.25	0.0	0.0	-1.0	0.0	0.0	-1.0	0.0	1.0	0.0	-0.125			0.0	0.0	0.0
4	1	3	2	81	4	2	3	1.0	1.0	1.0	0.0	5.0	0.0	0.0	1.0	2.0	3.0	2.0	2.3333333	3.0	4.0	3.0	3.3333333	46.0	3.0	4.0	2.0	3.0	3.0	1.0	2.0	1.0	0.0	1.0	0.0	1.0	0.0	0.0	0.0	0.0	1.0		0.0	0.0		1.0	5.0	1.0	4.0	1.0	5.0	1.0	1.0	0.0	3.0	0.0	4.0	1.0	5.0	1.0	4.0	1.0	5.0	1.0	3.875	0.75	3.0	0.0	3.0	0.0	2.0	0.0	4.0	1.0	3.0	0.0	4.0	1.0	5.0	1.0	0.0	5.0	1.0	5.0	1.0	5.0	1.0	1.0	0.0	2.0	0.0	3.0	0.0	4.0	1.0	5.0	1.0	4.0	1.0	3.75	0.0	1.0	0.0	0.0	-1.0	-1.0	-1.0	1.0	-1.0	-0.125	0.0	0.0	0.0	0.0	0.0	-1.0	0.0	0.0	0.0	-0.125			0.0	1.0	0.0
4	2	3	1	73	10	7	4	1.0	1.0	1.0	0.0	7.0	0.0	1.0	0.0	1.0	2.0	1.0	1.3333334	4.0	4.0	1.0	3.0	-2.0	4.0	4.0	4.0	4.0	3.0	4.0	5.0	1.0	0.0	1.0	1.0	2.0	1.0	1.0	0.0	1.0	0.0	1.0	1.0		1.0	1.0	4.0	1.0	3.0	0.0	4.0	1.0	4.0	1.0	4.0	1.0	4.0	1.0	4.0	1.0	4.0	1.0	4.0	1.0	3.875	0.875	2.0	0.0	3.0	0.0	4.0	1.0	4.0	1.0	3.0	0.0	4.0	1.0	2.0	0.0	1.0	4.0	1.0	3.0	0.0	4.0	1.0	3.0	0.0	4.0	1.0	4.0	1.0	4.0	1.0	4.0	1.0	4.0	1.0	3.75	0.0	0.0	0.0	-1.0	0.0	0.0	0.0	0.0	0.0	-0.125	0.0	0.0	0.0	-1.0	0.0	0.0	0.0	0.0	0.0	-0.125			0.0	0.0	0.0
1	3	4	2	25	12	6	2	0.0	0.0	0.0	1.0	5.0	0.0	0.0	1.0	4.0	4.0	3.0	3.6666667	4.0	2.0	2.0	2.6666667	1.0	4.0	3.0	4.0	3.6666667	3.0	5.0	3.0	1.0	0.0	0.0	1.0	1.0	0.0	0.0	0.0	0.0	1.0		0.0	0.0		1.0	4.0	1.0	4.0	1.0	2.0	0.0	2.0	0.0	3.0	0.0	4.0	1.0	5.0	1.0	5.0	1.0	4.0	1.0	3.625	0.625	3.0	0.0	3.0	0.0	1.0	0.0	2.0	0.0	1.0	0.0	4.0	1.0	2.0	0.0	1.0	4.0	1.0	3.0	0.0	2.0	0.0	4.0	1.0	2.0	0.0	4.0	1.0	4.0	1.0	1.0	0.0	3.0	0.0	3.0	0.0	-1.0	0.0	2.0	-1.0	0.0	-1.0	-4.0	-1.0	-0.625	0.0	-1.0	0.0	1.0	0.0	0.0	0.0	-1.0	-1.0	-0.125			1.0	0.0	1.0
1	3	2	4	82	10	2	1	1.0	1.0	1.0	0.0	2.0	1.0	0.0	0.0	2.0	4.0	2.0	2.6666667	3.0	5.0	3.0	3.6666667	12.0	3.0	4.0	3.0	3.3333333	3.0	3.0	3.0	0.0	1.0	1.0	0.0	1.0	1.0	0.0	0.0	0.0	1.0		0.0	0.0		1.0	4.0	1.0	4.0	1.0	3.0	0.0	3.0	0.0	3.0	0.0	4.0	1.0	3.0	0.0	4.0	1.0	3.0	0.0	3.5	0.5	2.0	0.0	2.0	0.0	3.0	0.0	4.0	1.0	3.0	0.0	4.0	1.0	4.0	1.0	0.0	4.0	1.0	4.0	1.0	3.0	0.0	3.0	0.0	3.0	0.0	4.0	1.0	3.0	0.0	4.0	1.0	4.0	1.0	3.5	0.0	0.0	0.0	0.0	0.0	0.0	0.0	0.0	1.0	0.0	0.0	0.0	0.0	0.0	0.0	0.0	0.0	0.0	1.0	0.0			1.0	1.0	1.0
1	4	2	3	68	2	4	2	1.0	1.0	1.0	0.0	1.0	1.0	0.0	0.0	1.0	3.0	1.0	1.6666666	4.0	4.0	1.0	3.0	0.0	1.0	3.0	2.0	2.0	3.0	3.0	4.0	0.0	1.0	0.0	1.0	1.0	1.0	1.0	0.0	1.0	0.0	1.0	1.0		0.0	0.0	5.0	1.0	5.0	1.0	4.0	1.0	2.0	0.0	2.0	0.0	3.0	0.0	3.0	0.0	4.0	1.0	4.0	1.0	3.5	0.5	3.0	0.0	3.0	0.0	4.0	1.0	1.0	0.0	4.0	1.0	4.0	1.0	5.0	1.0	0.0	5.0	1.0	5.0	1.0	4.0	1.0	2.0	0.0	2.0	0.0	3.0	0.0	3.0	0.0	4.0	1.0	4.0	1.0	3.5	0.0	0.0	0.0	0.0	0.0	0.0	0.0	0.0	0.0	0.0	0.0	0.0	0.0	0.0	0.0	0.0	0.0	0.0	0.0	0.0	5.0	1.0	1.0	0.0	1.0
1	3	2	4	60	7	6	2	0.0	0.0	1.0	0.0	2.0	1.0	0.0	0.0	4.0	4.0	4.0	4.0	4.0	5.0	4.0	4.3333335	31.0	4.0	4.0	2.0	3.3333333	5.0	5.0	4.0	0.0	1.0	0.0	0.0	0.0	1.0	1.0	0.0	1.0	0.0	1.0	1.0		1.0	1.0	4.0	1.0	3.0	0.0	4.0	1.0	4.0	1.0	3.0	0.0	4.0	1.0	4.0	1.0	4.0	1.0	3.0	0.0	3.75	0.75	4.0	1.0	4.0	1.0	4.0	1.0	3.0	0.0	3.0	0.0	3.0	0.0	3.0	0.0	0.0	3.0	0.0	3.0	0.0	3.0	0.0	3.0	0.0	2.0	0.0	3.0	0.0	2.0	0.0	2.0	0.0	2.0	0.0	2.625	-1.0	0.0	-1.0	-1.0	-1.0	-1.0	-2.0	-2.0	-1.0	-1.125	-1.0	0.0	-1.0	-1.0	0.0	-1.0	-1.0	-1.0	0.0	-0.75			1.0	1.0	1.0
3	2	1	4	62	12	4	4	0.0	1.0	1.0	0.0	1.0	1.0	0.0	0.0	1.0	1.0	1.0	1.0	2.0	4.0	1.0	2.3333333	43.0	4.0	4.0	5.0	4.3333335	5.0	4.0	5.0	0.0	1.0	0.0	0.0	0.0	0.0	0.0	1.0	1.0	0.0	0.0		1.0	0.0	0.0	4.0	1.0	4.0	1.0	4.0	1.0	1.0	0.0	2.0	0.0	2.0	0.0	1.0	0.0	1.0	0.0	3.0	0.0	2.375	0.375	2.0	0.0	2.0	0.0	1.0	0.0	4.0	1.0	1.0	0.0	3.0	0.0	2.0	0.0	0.0	1.0	0.0	1.0	0.0	2.0	0.0	1.0	0.0	1.0	0.0	1.0	0.0	1.0	0.0	1.0	0.0	1.0	0.0	1.125	-3.0	-3.0	-2.0	0.0	-1.0	-1.0	0.0	0.0	-2.0	-1.25	-1.0	-1.0	-1.0	0.0	0.0	0.0	0.0	0.0	0.0	-0.375	5.0	1.0	0.0	1.0	0.0
3	2	4	1	55	1	2	3	0.0	1.0	1.0	0.0	7.0	0.0	1.0	0.0	4.0	5.0	1.0	3.3333333	4.0	5.0	5.0	4.6666665	56.0	2.0	4.0	4.0	3.3333333	4.0	2.0	3.0	1.0	0.0	1.0	0.0	1.0	1.0	0.0	0.0	0.0	1.0		0.0	0.0		1.0	3.0	0.0	2.0	0.0	1.0	0.0	1.0	0.0	1.0	0.0	1.0	0.0	1.0	0.0	3.0	0.0	1.0	0.0	1.625	0.0	4.0	1.0	1.0	0.0	1.0	0.0	4.0	1.0	1.0	0.0	4.0	1.0	4.0	1.0	0.0	1.0	0.0	1.0	0.0	1.0	0.0	1.0	0.0	1.0	0.0	1.0	0.0	1.0	0.0	1.0	0.0	1.0	0.0	1.0	-2.0	-1.0	0.0	0.0	0.0	0.0	0.0	-2.0	0.0	-0.625	0.0	0.0	0.0	0.0	0.0	0.0	0.0	0.0	0.0	0.0			0.0	1.0	0.0
3	4	1	2	40	5	2	3	0.0	0.0	1.0	0.0	1.0	1.0	0.0	0.0	2.0	4.0	5.0	3.6666667	4.0	5.0	3.0	4.0	79.0	1.0	4.0	2.0	2.3333333	5.0	2.0	5.0	0.0	1.0	1.0	1.0	2.0	1.0	0.0	0.0	0.0	1.0		0.0	0.0		1.0	4.0	1.0	4.0	1.0	4.0	1.0	3.0	0.0	3.0	0.0	4.0	1.0	3.0	0.0	4.0	1.0	4.0	1.0	3.625	0.625	5.0	1.0	5.0	1.0	2.0	0.0	4.0	1.0	4.0	1.0	4.0	1.0	4.0	1.0	0.0	4.0	1.0	4.0	1.0	4.0	1.0	4.0	1.0	4.0	1.0	4.0	1.0	4.0	1.0	4.0	1.0	4.0	1.0	4.0	0.0	0.0	0.0	1.0	1.0	0.0	1.0	0.0	0.0	0.375	0.0	0.0	0.0	1.0	1.0	0.0	1.0	0.0	0.0	0.375			0.0	1.0	1.0
1	3	4	2	64	18	6	3	0.0	0.0	1.0	0.0	7.0	0.0	1.0	0.0	2.0	4.0	3.0	3.0	3.0	5.0	1.0	3.0	100.0	5.0	5.0	4.0	4.6666665	3.0	2.0	5.0	1.0	0.0	1.0	1.0	2.0	0.0	0.0	0.0	0.0	1.0		0.0	0.0		1.0	5.0	1.0	5.0	1.0	5.0	1.0	5.0	1.0	5.0	1.0	4.0	1.0	1.0	0.0	3.0	0.0	1.0	0.0	4.125	0.75	1.0	0.0	1.0	0.0	3.0	0.0	4.0	1.0	2.0	0.0	5.0	1.0	5.0	1.0	0.0	5.0	1.0	5.0	1.0	5.0	1.0	5.0	1.0	5.0	1.0	4.0	1.0	1.0	0.0	3.0	0.0	1.0	0.0	4.125	0.0	0.0	0.0	0.0	0.0	0.0	0.0	0.0	0.0	0.0	0.0	0.0	0.0	0.0	0.0	0.0	0.0	0.0	0.0	0.0			1.0	1.0	1.0
3	1	4	2	69	20	6	4	1.0	0.0	1.0	0.0	1.0	1.0	0.0	0.0	1.0	1.0	1.0	1.0	3.0	3.0	1.0	2.3333333	-2.0	1.0	4.0	2.0	2.3333333	5.0	4.0	4.0	0.0	1.0	1.0	1.0	2.0	0.0	0.0	0.0	0.0	1.0		0.0	0.0		1.0	5.0	1.0	5.0	1.0	5.0	1.0	2.0	0.0	1.0	0.0	5.0	1.0	5.0	1.0	5.0	1.0	5.0	1.0	4.125	0.75	1.0	0.0	2.0	0.0	5.0	1.0	4.0	1.0	4.0	1.0	5.0	1.0	3.0	0.0	0.0	5.0	1.0	5.0	1.0	5.0	1.0	2.0	0.0	1.0	0.0	5.0	1.0	5.0	1.0	5.0	1.0	5.0	1.0	4.125	0.0	0.0	0.0	0.0	0.0	0.0	0.0	0.0	0.0	0.0	0.0	0.0	0.0	0.0	0.0	0.0	0.0	0.0	0.0	0.0			0.0	0.0	0.0
4	2	3	1	74	15	4	4	1.0	1.0	1.0	0.0	1.0	1.0	0.0	0.0	1.0	1.0	1.0	1.0	3.0	5.0	2.0	3.3333333	-1.0	1.0	4.0	2.0	2.3333333	5.0	5.0	5.0	0.0	1.0	1.0	0.0	1.0	1.0	0.0	1.0	1.0	0.0	0.0		1.0	0.0	0.0	5.0	1.0	5.0	1.0	4.0	1.0	1.0	0.0	3.0	0.0	4.0	1.0	4.0	1.0	5.0	1.0	3.0	0.0	3.875	0.75	4.0	1.0	2.0	0.0	4.0	1.0	2.0	0.0	4.0	1.0	5.0	1.0	4.0	1.0	0.0	4.0	1.0	5.0	1.0	4.0	1.0	1.0	0.0	1.0	0.0	5.0	1.0	4.0	1.0	5.0	1.0	4.0	1.0	3.625	-1.0	0.0	0.0	0.0	-2.0	1.0	0.0	0.0	1.0	-0.25	0.0	0.0	0.0	0.0	0.0	0.0	0.0	0.0	1.0	0.0	5.0	1.0	0.0	0.0	0.0
4	2	3	1	74	16	6	3	1.0	0.0	1.0	0.0	7.0	0.0	1.0	0.0	4.0	2.0	3.0	3.0	3.0	4.0	4.0	3.6666667	42.0	4.0	4.0	4.0	4.0	2.0	2.0	5.0	1.0	0.0	1.0	1.0	2.0	1.0	0.0	0.0	0.0	1.0		0.0	0.0		1.0	4.0	1.0	4.0	1.0	4.0	1.0	4.0	1.0	4.0	1.0	4.0	1.0	3.0	0.0	4.0	1.0	3.0	0.0	3.875	0.875	3.0	0.0	3.0	0.0	3.0	0.0	2.0	0.0	3.0	0.0	4.0	1.0	4.0	1.0	0.0	4.0	1.0	4.0	1.0	4.0	1.0	4.0	1.0	4.0	1.0	4.0	1.0	3.0	0.0	4.0	1.0	3.0	0.0	3.875	0.0	0.0	0.0	0.0	0.0	0.0	0.0	0.0	0.0	0.0	0.0	0.0	0.0	0.0	0.0	0.0	0.0	0.0	0.0	0.0			0.0	1.0	0.0
2	3	4	1	76	11	7	3	1.0	0.0	1.0	0.0	3.0	0.0	0.0	1.0	3.0	3.0	3.0	3.0	2.0	4.0	3.0	3.0	5.0	5.0	4.0	2.0	3.6666667	3.0	2.0	4.0	0.0	1.0	1.0	1.0	2.0	1.0	1.0	0.0	1.0	0.0	1.0	1.0		1.0	1.0	4.0	1.0	4.0	1.0	4.0	1.0	2.0	0.0	1.0	0.0	4.0	1.0	3.0	0.0	4.0	1.0	3.0	0.0	3.25	0.625	3.0	0.0	3.0	0.0	3.0	0.0	2.0	0.0	2.0	0.0	4.0	1.0	4.0	1.0	0.0	4.0	1.0	4.0	1.0	4.0	1.0	1.0	0.0	1.0	0.0	4.0	1.0	3.0	0.0	4.0	1.0	3.0	0.0	3.125	0.0	0.0	0.0	-1.0	0.0	0.0	0.0	0.0	0.0	-0.125	0.0	0.0	0.0	0.0	0.0	0.0	0.0	0.0	0.0	0.0			0.0	1.0	1.0
2	4	3	1	69	6	6	3	1.0	1.0	1.0	0.0	6.0	0.0	0.0	1.0	1.0	1.0	1.0	1.0	3.0	4.0	1.0	2.6666667	100.0	5.0	5.0	4.0	4.6666665	2.0	5.0	5.0	1.0	0.0	1.0	1.0	2.0	0.0	0.0	1.0	1.0	0.0	0.0		1.0	0.0	0.0	4.0	1.0	4.0	1.0	4.0	1.0	3.0	0.0	2.0	0.0	3.0	0.0	2.0	0.0	3.0	0.0	2.0	0.0	3.125	0.375	1.0	0.0	4.0	1.0	3.0	0.0	5.0	1.0	4.0	1.0	4.0	1.0	5.0	1.0	0.0	4.0	1.0	5.0	1.0	4.0	1.0	2.0	0.0	3.0	0.0	3.0	0.0	2.0	0.0	3.0	0.0	3.0	0.0	3.25	0.0	1.0	0.0	-1.0	1.0	0.0	0.0	0.0	1.0	0.125	0.0	0.0	0.0	0.0	0.0	0.0	0.0	0.0	0.0	0.0	5.0	1.0	0.0	1.0	1.0
3	2	4	1	67	13	6	3	1.0	1.0	1.0	0.0	1.0	1.0	0.0	0.0	1.0	1.0	1.0	1.0	1.0	3.0	1.0	1.6666666	-18.0	4.0	3.0	2.0	3.0	5.0	4.0	4.0	0.0	1.0	1.0	0.0	1.0	1.0	1.0	0.0	1.0	0.0	1.0	1.0		0.0	0.0	4.0	1.0	5.0	1.0	5.0	1.0	1.0	0.0	1.0	0.0	4.0	1.0	3.0	0.0	4.0	1.0	5.0	1.0	3.375	0.625	4.0	1.0	2.0	0.0	3.0	0.0	2.0	0.0	4.0	1.0	5.0	1.0	5.0	1.0	0.0	2.0	0.0	5.0	1.0	4.0	1.0	1.0	0.0	1.0	0.0	4.0	1.0	1.0	0.0	3.0	0.0	4.0	1.0	2.625	-2.0	0.0	-1.0	0.0	0.0	0.0	-2.0	-1.0	-1.0	-0.75	-1.0	0.0	0.0	0.0	0.0	0.0	0.0	-1.0	0.0	-0.25	5.0	1.0	0.0	0.0	0.0
2	3	4	1	37	1	2	3	0.0	0.0	1.0	0.0	1.0	1.0	0.0	0.0	5.0	4.0	4.0	4.3333335	4.0	4.0	3.0	3.6666667	0.0	4.0	5.0	2.0	3.6666667	1.0	1.0	3.0	0.0	1.0	1.0	0.0	1.0	1.0	0.0	1.0	1.0	0.0	0.0		1.0	0.0	0.0	1.0	0.0	3.0	0.0	1.0	0.0	1.0	0.0	1.0	0.0	1.0	0.0	1.0	0.0	1.0	0.0	1.0	0.0	1.25	0.0	2.0	0.0	1.0	0.0	1.0	0.0	2.0	0.0	1.0	0.0	3.0	0.0	1.0	0.0	0.0	1.0	0.0	1.0	0.0	1.0	0.0	1.0	0.0	1.0	0.0	1.0	0.0	1.0	0.0	1.0	0.0	1.0	0.0	1.0	0.0	-2.0	0.0	0.0	0.0	0.0	0.0	0.0	0.0	-0.25	0.0	0.0	0.0	0.0	0.0	0.0	0.0	0.0	0.0	0.0	3.0	0.0	0.0	0.0	1.0
4	2	3	1	63	12	4	3	0.0	1.0	1.0	0.0	7.0	0.0	1.0	0.0	1.0	1.0	1.0	1.0	2.0	4.0	2.0	2.6666667	15.0	2.0	4.0	2.0	2.6666667	3.0	4.0	5.0	0.0	1.0	1.0	1.0	2.0	1.0	0.0	0.0	0.0	1.0		0.0	0.0		1.0	5.0	1.0	5.0	1.0	3.0	0.0	3.0	0.0	4.0	1.0	4.0	1.0	4.0	1.0	4.0	1.0	4.0	1.0	4.0	0.75	3.0	0.0	3.0	0.0	4.0	1.0	4.0	1.0	4.0	1.0	4.0	1.0	5.0	1.0	0.0	5.0	1.0	5.0	1.0	3.0	0.0	3.0	0.0	3.0	0.0	4.0	1.0	4.0	1.0	5.0	1.0	4.0	1.0	4.0	0.0	0.0	0.0	0.0	-1.0	0.0	0.0	1.0	0.0	0.0	0.0	0.0	0.0	0.0	-1.0	0.0	0.0	0.0	0.0	-0.125			0.0	1.0	0.0
1	3	4	2	54	14	6	2	0.0	0.0	1.0	0.0	2.0	1.0	0.0	0.0	2.0	3.0	3.0	2.6666667	4.0	4.0	3.0	3.6666667	6.0	4.0	3.0	2.0	3.0	5.0	4.0	5.0	0.0	1.0	1.0	1.0	2.0	1.0	1.0	0.0	1.0	0.0	1.0	1.0		1.0	1.0	4.0	1.0	5.0	1.0	5.0	1.0	4.0	1.0	4.0	1.0	4.0	1.0	3.0	0.0	4.0	1.0	4.0	1.0	4.125	0.875	4.0	1.0	3.0	0.0	4.0	1.0	4.0	1.0	4.0	1.0	4.0	1.0	3.0	0.0	1.0	4.0	1.0	4.0	1.0	3.0	0.0	4.0	1.0	3.0	0.0	4.0	1.0	4.0	1.0	4.0	1.0	3.0	0.0	3.75	0.0	-1.0	-2.0	0.0	-1.0	0.0	1.0	0.0	-1.0	-0.375	0.0	0.0	-1.0	0.0	-1.0	0.0	1.0	0.0	-1.0	-0.125			1.0	1.0	1.0
3	2	4	1	69	14	7	3	1.0	1.0	1.0	0.0	7.0	0.0	1.0	0.0	1.0	1.0	1.0	1.0	1.0	4.0	1.0	2.0	42.0	4.0	2.0	4.0	3.3333333	4.0	3.0	5.0	1.0	0.0	1.0	1.0	2.0	0.0	0.0	1.0	1.0	0.0	0.0		1.0	0.0	0.0	3.0	0.0	5.0	1.0	4.0	1.0	1.0	0.0	4.0	1.0	4.0	1.0	4.0	1.0	5.0	1.0	3.0	0.0	3.75	0.75	3.0	0.0	3.0	0.0	4.0	1.0	5.0	1.0	2.0	0.0	5.0	1.0	4.0	1.0	0.0	1.0	0.0	5.0	1.0	4.0	1.0	1.0	0.0	2.0	0.0	4.0	1.0	4.0	1.0	5.0	1.0	3.0	0.0	3.25	-2.0	0.0	0.0	0.0	-2.0	0.0	0.0	0.0	0.0	-0.5	0.0	0.0	0.0	0.0	-1.0	0.0	0.0	0.0	0.0	-0.125	5.0	1.0	0.0	1.0	0.0
4	1	3	2	78	11	6	3	1.0	1.0	1.0	0.0	6.0	0.0	0.0	1.0	1.0	3.0	1.0	1.6666666	1.0	3.0	2.0	2.0	40.0	1.0	4.0	2.0	2.3333333	2.0	1.0	5.0	1.0	0.0	1.0	1.0	2.0	0.0	0.0	0.0	0.0	1.0		0.0	0.0		1.0	4.0	1.0	4.0	1.0	4.0	1.0	1.0	0.0	1.0	0.0	3.0	0.0	1.0	0.0	3.0	0.0	4.0	1.0	2.625	0.375	2.0	0.0	2.0	0.0	2.0	0.0	4.0	1.0	2.0	0.0	3.0	0.0	4.0	1.0	0.0	4.0	1.0	4.0	1.0	4.0	1.0	2.0	0.0	1.0	0.0	3.0	0.0	2.0	0.0	3.0	0.0	3.0	0.0	2.875	0.0	0.0	0.0	1.0	0.0	0.0	1.0	0.0	-1.0	0.25	0.0	0.0	0.0	0.0	0.0	0.0	0.0	0.0	-1.0	0.0			0.0	1.0	0.0
3	2	4	1	74	6	5	4	1.0	1.0	1.0	0.0	1.0	1.0	0.0	0.0	1.0	1.0	1.0	1.0	2.0	4.0	2.0	2.6666667	0.0	2.0	4.0	3.0	3.0	3.0	4.0	4.0	0.0	1.0	1.0	1.0	2.0	1.0	1.0	0.0	1.0	0.0	1.0	1.0		0.0	0.0	4.0	1.0	4.0	1.0	3.0	0.0	1.0	0.0	2.0	0.0	3.0	0.0	2.0	0.0	3.0	0.0	2.0	0.0	2.75	0.25	2.0	0.0	3.0	0.0	2.0	0.0	3.0	0.0	2.0	0.0	5.0	1.0	3.0	0.0	0.0	2.0	0.0	4.0	1.0	2.0	0.0	1.0	0.0	1.0	0.0	3.0	0.0	2.0	0.0	3.0	0.0	2.0	0.0	2.25	-2.0	0.0	-1.0	0.0	-1.0	0.0	0.0	0.0	0.0	-0.5	-1.0	0.0	0.0	0.0	0.0	0.0	0.0	0.0	0.0	-0.125	5.0	1.0	0.0	0.0	0.0
3	2	4	1	56	6	6	3	0.0	1.0	1.0	0.0	6.0	0.0	0.0	1.0	4.0	4.0	2.0	3.3333333	4.0	5.0	4.0	4.3333335	65.0	4.0	4.0	4.0	4.0	2.0	5.0	2.0	0.0	0.0	1.0	1.0	2.0	1.0	1.0	0.0	1.0	0.0	1.0	1.0		1.0	1.0	5.0	1.0	5.0	1.0	4.0	1.0	1.0	0.0	4.0	1.0	5.0	1.0	3.0	0.0	3.0	0.0	3.0	0.0	3.75	0.625	2.0	0.0	3.0	0.0	5.0	1.0	4.0	1.0	5.0	1.0	4.0	1.0	5.0	1.0	0.0	5.0	1.0	5.0	1.0	4.0	1.0	1.0	0.0	4.0	1.0	5.0	1.0	4.0	1.0	4.0	1.0	4.0	1.0	4.0	0.0	0.0	0.0	0.0	0.0	0.0	1.0	1.0	1.0	0.25	0.0	0.0	0.0	0.0	0.0	0.0	1.0	1.0	1.0	0.25			0.0	1.0	0.0
4	3	2	1	34	1	7	3	0.0	1.0	0.0	1.0	2.0	1.0	0.0	0.0	2.0	1.0	1.0	1.3333334	4.0	5.0	4.0	4.3333335	0.0	3.0	4.0	3.0	3.3333333	4.0	3.0	4.0	0.0	1.0	0.0	1.0	1.0	0.0	1.0	0.0	1.0	0.0	1.0	1.0		0.0	0.0	3.0	0.0	3.0	0.0	3.0	0.0	3.0	0.0	3.0	0.0	3.0	0.0	3.0	0.0	3.0	0.0	4.0	1.0	3.0	0.0	3.0	0.0	4.0	1.0	3.0	0.0	4.0	1.0	3.0	0.0	5.0	1.0	3.0	0.0	0.0	3.0	0.0	3.0	0.0	3.0	0.0	3.0	0.0	3.0	0.0	3.0	0.0	3.0	0.0	3.0	0.0	3.0	0.0	3.0	0.0	0.0	0.0	0.0	0.0	0.0	0.0	0.0	-1.0	0.0	0.0	0.0	0.0	0.0	0.0	0.0	0.0	0.0	-1.0	0.0	5.0	1.0	0.0	0.0	0.0
3	1	4	2	69	5	6	4	1.0	1.0	1.0	0.0	2.0	1.0	0.0	0.0	2.0	4.0	2.0	2.6666667	2.0	1.0	2.0	1.6666666	-24.0	2.0	4.0	4.0	3.3333333	4.0	4.0	4.0	0.0	1.0	1.0	0.0	1.0	1.0	0.0	0.0	0.0	1.0		0.0	0.0		1.0	5.0	1.0	5.0	1.0	3.0	0.0	1.0	0.0	2.0	0.0	4.0	1.0	3.0	0.0	3.0	0.0	3.0	0.0	3.25	0.375	3.0	0.0	2.0	0.0	2.0	0.0	4.0	1.0	2.0	0.0	5.0	1.0	5.0	1.0	0.0	4.0	1.0	4.0	1.0	2.0	0.0	2.0	0.0	2.0	0.0	5.0	1.0	2.0	0.0	2.0	0.0	2.0	0.0	2.875	-1.0	-1.0	-1.0	1.0	0.0	1.0	-1.0	-1.0	-1.0	-0.375	0.0	0.0	0.0	0.0	0.0	0.0	0.0	0.0	0.0	0.0			0.0	0.0	0.0
1	3	4	2	32	6	6	4	0.0	1.0	1.0	0.0	7.0	0.0	1.0	0.0	1.0	2.0	2.0	1.6666666	4.0	5.0	4.0	4.3333335	5.0	2.0	5.0	3.0	3.3333333	4.0	3.0	5.0	0.0	0.0	0.0	1.0	1.0	0.0	0.0	0.0	0.0	1.0		0.0	0.0		1.0	5.0	1.0	5.0	1.0	5.0	1.0	2.0	0.0	3.0	0.0	5.0	1.0	4.0	1.0	5.0	1.0	4.0	1.0	4.25	0.75	2.0	0.0	4.0	1.0	4.0	1.0	3.0	0.0	4.0	1.0	5.0	1.0	5.0	1.0	0.0	5.0	1.0	5.0	1.0	5.0	1.0	2.0	0.0	3.0	0.0	5.0	1.0	4.0	1.0	5.0	1.0	4.0	1.0	4.25	0.0	0.0	0.0	0.0	0.0	0.0	0.0	0.0	0.0	0.0	0.0	0.0	0.0	0.0	0.0	0.0	0.0	0.0	0.0	0.0			1.0	1.0	1.0
1	3	4	2	74	5	6	3	1.0	1.0	1.0	0.0	1.0	1.0	0.0	0.0	1.0	1.0	1.0	1.0	1.0	1.0	1.0	1.0	13.0	1.0	2.0	3.0	2.0	5.0	3.0	4.0	0.0	1.0	0.0	0.0	0.0	1.0	0.0	1.0	1.0	0.0	0.0		1.0	0.0	0.0	5.0	1.0	5.0	1.0	4.0	1.0	1.0	0.0	1.0	0.0	4.0	1.0	2.0	0.0	5.0	1.0	3.0	0.0	3.375	0.625	2.0	0.0	1.0	0.0	2.0	0.0	2.0	0.0	1.0	0.0	4.0	1.0	5.0	1.0	0.0	3.0	0.0	5.0	1.0	1.0	0.0	1.0	0.0	1.0	0.0	4.0	1.0	3.0	0.0	3.0	0.0	3.0	0.0	2.625	-2.0	0.0	-3.0	0.0	0.0	0.0	1.0	-2.0	0.0	-0.75	-1.0	0.0	-1.0	0.0	0.0	0.0	0.0	-1.0	0.0	-0.375	5.0	1.0	1.0	1.0	1.0
2	4	3	1	74	23	2	3	1.0	0.0	1.0	0.0	8.0	0.0	1.0	0.0	5.0	4.0	3.0	4.0	1.0	5.0	3.0	3.0	100.0	5.0	5.0	5.0	5.0	1.0	1.0	4.0	1.0	0.0	1.0	0.0	1.0	1.0	1.0	0.0	1.0	0.0	1.0	1.0		1.0	1.0	5.0	1.0	3.0	0.0	5.0	1.0	1.0	0.0	1.0	0.0	1.0	0.0	1.0	0.0	5.0	1.0	3.0	0.0	2.75	0.375	4.0	1.0	2.0	0.0	1.0	0.0	3.0	0.0	1.0	0.0	3.0	0.0	5.0	1.0	0.0	3.0	0.0	5.0	1.0	3.0	0.0	1.0	0.0	1.0	0.0	1.0	0.0	1.0	0.0	5.0	1.0	1.0	0.0	2.5	-2.0	2.0	-2.0	0.0	0.0	0.0	0.0	0.0	-2.0	-0.25	-1.0	1.0	-1.0	0.0	0.0	0.0	0.0	0.0	0.0	-0.125			0.0	1.0	1.0
4	2	1	3	62	1	2	3	0.0	0.0	0.0	1.0	1.0	1.0	0.0	0.0	1.0	1.0	3.0	1.6666666	3.0	5.0	5.0	4.3333335	-1.0	3.0	3.0	3.0	3.0	3.0	3.0	2.0	0.0	1.0	0.0	0.0	0.0	0.0	0.0	0.0	0.0	1.0		0.0	0.0		1.0	3.0	0.0	3.0	0.0	3.0	0.0	3.0	0.0	3.0	0.0	3.0	0.0	3.0	0.0	3.0	0.0	3.0	0.0	3.0	0.0	1.0	0.0	3.0	0.0	3.0	0.0	3.0	0.0	3.0	0.0	3.0	0.0	3.0	0.0	0.0	3.0	0.0	3.0	0.0	3.0	0.0	3.0	0.0	3.0	0.0	3.0	0.0	3.0	0.0	3.0	0.0	3.0	0.0	3.0	0.0	0.0	0.0	0.0	0.0	0.0	0.0	0.0	0.0	0.0	0.0	0.0	0.0	0.0	0.0	0.0	0.0	0.0	0.0	0.0			0.0	0.0	0.0
2	3	4	1	62	2	3	2	0.0	1.0	1.0	0.0	7.0	0.0	1.0	0.0	2.0	2.0	2.0	2.0	3.0	4.0	3.0	3.3333333	-1.0	4.0	4.0	3.0	3.6666667	5.0	4.0	4.0	1.0	0.0	0.0	0.0	0.0	0.0	0.0	0.0	0.0	1.0		0.0	0.0		1.0	5.0	1.0	5.0	1.0	4.0	1.0	2.0	0.0	4.0	1.0	5.0	1.0	4.0	1.0	3.0	0.0	4.0	1.0	4.0	0.75	5.0	1.0	2.0	0.0	3.0	0.0	3.0	0.0	3.0	0.0	5.0	1.0	5.0	1.0	0.0	5.0	1.0	5.0	1.0	5.0	1.0	3.0	0.0	4.0	1.0	5.0	1.0	4.0	1.0	4.0	1.0	4.0	1.0	4.375	0.0	0.0	1.0	1.0	0.0	0.0	0.0	1.0	0.0	0.375	0.0	0.0	0.0	0.0	0.0	0.0	0.0	1.0	0.0	0.125			0.0	0.0	1.0
3	1	2	4	61	7	5	3	0.0	0.0	1.0	0.0	8.0	0.0	1.0	0.0	1.0	1.0	1.0	1.0	4.0	4.0	4.0	4.0	-2.0	3.0	5.0	4.0	4.0	3.0	3.0	5.0	1.0	0.0	0.0	1.0	1.0	0.0	0.0	1.0	1.0	0.0	0.0		1.0	0.0	0.0	4.0	1.0	3.0	0.0	1.0	0.0	3.0	0.0	1.0	0.0	3.0	0.0	1.0	0.0	3.0	0.0	3.0	0.0	2.375	0.125	4.0	1.0	3.0	0.0	1.0	0.0	2.0	0.0	1.0	0.0	3.0	0.0	4.0	1.0	0.0	1.0	0.0	1.0	0.0	1.0	0.0	1.0	0.0	1.0	0.0	1.0	0.0	1.0	0.0	1.0	0.0	1.0	0.0	1.0	-3.0	-2.0	0.0	-2.0	0.0	-2.0	0.0	-2.0	-2.0	-1.375	-1.0	0.0	0.0	0.0	0.0	0.0	0.0	0.0	0.0	-0.125	3.0	0.0	0.0	0.0	0.0
1	2	3	4	49	14	4	3	0.0	1.0	1.0	0.0	6.0	0.0	0.0	1.0	1.0	1.0	1.0	1.0	2.0	5.0	4.0	3.6666667	89.0	4.0	3.0	1.0	2.6666667	4.0	2.0	5.0	1.0	0.0	1.0	1.0	2.0	1.0	1.0	0.0	1.0	0.0	1.0	1.0		0.0	0.0	4.0	1.0	2.0	0.0	2.0	0.0	3.0	0.0	2.0	0.0	3.0	0.0	2.0	0.0	4.0	1.0	3.0	0.0	2.75	0.25	4.0	1.0	4.0	1.0	4.0	1.0	5.0	1.0	4.0	1.0	5.0	1.0	5.0	1.0	1.0	2.0	0.0	1.0	0.0	1.0	0.0	2.0	0.0	1.0	0.0	1.0	0.0	1.0	0.0	2.0	0.0	2.0	0.0	1.375	-2.0	-1.0	-1.0	-1.0	-1.0	-2.0	-1.0	-2.0	-1.0	-1.375	-1.0	0.0	0.0	0.0	0.0	0.0	0.0	-1.0	0.0	-0.25	5.0	1.0	1.0	1.0	1.0
4	3	2	1	80	9	7	3	1.0	1.0	1.0	0.0	8.0	0.0	1.0	0.0	2.0	3.0	1.0	2.0	2.0	5.0	1.0	2.6666667	90.0	5.0	4.0	4.0	4.3333335	1.0	2.0	5.0	1.0	0.0	0.0	0.0	0.0	0.0	0.0	0.0	0.0	1.0		0.0	0.0		1.0	1.0	0.0	4.0	1.0	4.0	1.0	3.0	0.0	2.0	0.0	3.0	0.0	1.0	0.0	2.0	0.0	4.0	1.0	2.5	0.25	1.0	0.0	3.0	0.0	3.0	0.0	4.0	1.0	2.0	0.0	3.0	0.0	5.0	1.0	0.0	3.0	0.0	2.0	0.0	4.0	1.0	2.0	0.0	2.0	0.0	2.0	0.0	1.0	0.0	2.0	0.0	3.0	0.0	2.25	2.0	-2.0	0.0	-1.0	0.0	-1.0	0.0	0.0	-1.0	-0.25	0.0	-1.0	0.0	0.0	0.0	0.0	0.0	0.0	-1.0	-0.125			0.0	1.0	0.0
4	1	2	3	70	3	4	4	1.0	0.0	1.0	0.0	2.0	1.0	0.0	0.0	1.0	3.0	3.0	2.3333333	3.0	3.0	1.0	2.3333333	0.0	1.0	2.0	2.0	1.6666666	3.0	5.0	4.0	0.0	1.0	1.0	0.0	1.0	0.0	0.0	1.0	1.0	0.0	0.0		1.0	0.0	0.0	4.0	1.0	4.0	1.0	4.0	1.0	4.0	1.0	3.0	0.0	3.0	0.0	4.0	1.0	3.0	0.0	4.0	1.0	3.625	0.625	1.0	0.0	3.0	0.0	4.0	1.0	2.0	0.0	3.0	0.0	4.0	1.0	5.0	1.0	0.0	4.0	1.0	4.0	1.0	4.0	1.0	3.0	0.0	3.0	0.0	3.0	0.0	3.0	0.0	3.0	0.0	4.0	1.0	3.375	0.0	0.0	0.0	-1.0	0.0	0.0	-1.0	0.0	0.0	-0.25	0.0	0.0	0.0	-1.0	0.0	0.0	-1.0	0.0	0.0	-0.25	5.0	1.0	0.0	0.0	0.0
3	1	4	2	48	1	6	1	0.0	1.0	1.0	0.0	1.0	1.0	0.0	0.0	1.0	1.0	1.0	1.0	3.0	5.0	1.0	3.0	-40.0	4.0	4.0	2.0	3.3333333	4.0	5.0	4.0	0.0	1.0	0.0	0.0	0.0	0.0	0.0	0.0	0.0	1.0		0.0	0.0		1.0	4.0	1.0	4.0	1.0	3.0	0.0	2.0	0.0	4.0	1.0	4.0	1.0	4.0	1.0	4.0	1.0	4.0	1.0	3.625	0.75	3.0	0.0	3.0	0.0	5.0	1.0	4.0	1.0	4.0	1.0	5.0	1.0	5.0	1.0	0.0	4.0	1.0	4.0	1.0	3.0	0.0	3.0	0.0	5.0	1.0	4.0	1.0	3.0	0.0	4.0	1.0	4.0	1.0	3.75	0.0	0.0	0.0	1.0	1.0	0.0	-1.0	0.0	0.0	0.125	0.0	0.0	0.0	0.0	0.0	0.0	-1.0	0.0	0.0	-0.125			0.0	0.0	0.0
3	1	4	2	62	14	4	4	0.0	1.0	1.0	0.0	8.0	0.0	1.0	0.0	3.0	4.0	3.0	3.3333333	4.0	3.0	2.0	3.0	62.0	4.0	2.0	3.0	3.0	3.0	4.0	5.0	1.0	0.0	1.0	0.0	1.0	1.0	0.0	0.0	0.0	1.0		0.0	0.0		1.0	4.0	1.0	3.0	0.0	4.0	1.0	1.0	0.0	2.0	0.0	3.0	0.0	2.0	0.0	4.0	1.0	3.0	0.0	2.875	0.375	2.0	0.0	2.0	0.0	3.0	0.0	3.0	0.0	3.0	0.0	4.0	1.0	4.0	1.0	1.0	3.0	0.0	4.0	1.0	4.0	1.0	2.0	0.0	2.0	0.0	3.0	0.0	2.0	0.0	4.0	1.0	3.0	0.0	3.0	-1.0	1.0	0.0	1.0	0.0	0.0	0.0	0.0	0.0	0.125	-1.0	1.0	0.0	0.0	0.0	0.0	0.0	0.0	0.0	0.0			0.0	1.0	0.0
1	2	3	4	70	3	6	4	1.0	1.0	1.0	0.0	8.0	0.0	1.0	0.0	4.0	3.0	2.0	3.0	2.0	4.0	2.0	2.6666667	80.0	4.0	4.0	4.0	4.0	2.0	2.0	5.0	1.0	0.0	1.0	1.0	2.0	0.0	1.0	0.0	1.0	0.0	1.0	1.0		0.0	0.0	2.0	0.0	3.0	0.0	2.0	0.0	1.0	0.0	1.0	0.0	3.0	0.0	2.0	0.0	2.0	0.0	1.0	0.0	2.0	0.0	3.0	0.0	2.0	0.0	1.0	0.0	4.0	1.0	1.0	0.0	2.0	0.0	3.0	0.0	0.0	1.0	0.0	3.0	0.0	1.0	0.0	1.0	0.0	1.0	0.0	3.0	0.0	1.0	0.0	1.0	0.0	1.0	0.0	1.5	-1.0	0.0	-1.0	0.0	0.0	0.0	-1.0	-1.0	0.0	-0.5	0.0	0.0	0.0	0.0	0.0	0.0	0.0	0.0	0.0	0.0	1.0	0.0	1.0	1.0	1.0
1	3	4	2	68	7	5	2	1.0	1.0	1.0	0.0	3.0	0.0	0.0	1.0	1.0	1.0	1.0	1.0	1.0	4.0	1.0	2.0	9.0	1.0	1.0	4.0	2.0	5.0	1.0	4.0	1.0	0.0	1.0	1.0	2.0	0.0	1.0	0.0	1.0	0.0	1.0	1.0		1.0	1.0	5.0	1.0	5.0	1.0	4.0	1.0	1.0	0.0	3.0	0.0	4.0	1.0	1.0	0.0	5.0	1.0	4.0	1.0	3.5	0.625	5.0	1.0	3.0	0.0	2.0	0.0	5.0	1.0	2.0	0.0	5.0	1.0	5.0	1.0	0.0	5.0	1.0	5.0	1.0	5.0	1.0	1.0	0.0	1.0	0.0	4.0	1.0	2.0	0.0	5.0	1.0	4.0	1.0	3.5	0.0	0.0	1.0	0.0	-2.0	0.0	1.0	0.0	0.0	0.0	0.0	0.0	0.0	0.0	0.0	0.0	0.0	0.0	0.0	0.0			1.0	1.0	1.0
4	1	2	3	82	14	7	2	1.0	0.0	1.0	0.0	7.0	0.0	1.0	0.0	2.0	2.0	2.0	2.0	3.0	4.0	4.0	3.6666667	90.0	5.0	4.0	3.0	4.0	4.0	2.0	4.0	1.0	0.0	1.0	0.0	1.0	0.0	0.0	0.0	0.0	1.0		0.0	0.0		1.0	4.0	1.0	4.0	1.0	4.0	1.0	1.0	0.0	2.0	0.0	4.0	1.0	3.0	0.0	3.0	0.0	4.0	1.0	3.125	0.5	3.0	0.0	2.0	0.0	4.0	1.0	4.0	1.0	3.0	0.0	4.0	1.0	3.0	0.0	1.0	4.0	1.0	3.0	0.0	3.0	0.0	1.0	0.0	2.0	0.0	4.0	1.0	4.0	1.0	4.0	1.0	3.0	0.0	3.125	0.0	-1.0	-1.0	0.0	0.0	0.0	1.0	1.0	-1.0	0.0	0.0	-1.0	-1.0	0.0	0.0	0.0	1.0	1.0	-1.0	0.0			0.0	1.0	0.0
3	2	4	1	57	5	4	4	0.0	1.0	1.0	0.0	5.0	0.0	0.0	1.0	4.0	2.0	2.0	2.6666667	2.0	4.0	2.0	2.6666667	38.0	4.0	4.0	3.0	3.6666667	3.0	3.0	5.0	0.0	1.0	1.0	1.0	2.0	1.0	0.0	1.0	1.0	0.0	0.0		1.0	1.0	1.0	5.0	1.0	5.0	1.0	5.0	1.0	4.0	1.0	2.0	0.0	4.0	1.0	3.0	0.0	5.0	1.0	4.0	1.0	4.125	0.75	3.0	0.0	4.0	1.0	4.0	1.0	3.0	0.0	4.0	1.0	5.0	1.0	5.0	1.0	0.0	5.0	1.0	5.0	1.0	5.0	1.0	4.0	1.0	2.0	0.0	4.0	1.0	3.0	0.0	5.0	1.0	5.0	1.0	4.125	0.0	0.0	0.0	0.0	0.0	0.0	0.0	0.0	1.0	0.0	0.0	0.0	0.0	0.0	0.0	0.0	0.0	0.0	0.0	0.0			0.0	1.0	0.0
4	3	1	2	65	1	4	3	0.0	1.0	1.0	0.0	7.0	0.0	1.0	0.0	2.0	2.0	1.0	1.6666666	5.0	5.0	5.0	5.0	49.0	2.0	3.0	4.0	3.0	5.0	4.0	2.0	1.0	0.0	0.0	0.0	0.0	0.0	0.0	0.0	0.0	1.0		0.0	0.0		1.0	3.0	0.0	3.0	0.0	4.0	1.0	1.0	0.0	1.0	0.0	1.0	0.0	1.0	0.0	4.0	1.0	2.0	0.0	2.25	0.25	4.0	1.0	2.0	0.0	2.0	0.0	4.0	1.0	2.0	0.0	3.0	0.0	3.0	0.0	1.0	5.0	1.0	5.0	1.0	5.0	1.0	1.0	0.0	1.0	0.0	5.0	1.0	1.0	0.0	4.0	1.0	1.0	0.0	3.375	2.0	2.0	1.0	0.0	0.0	4.0	0.0	0.0	-1.0	1.125	1.0	1.0	0.0	0.0	0.0	1.0	0.0	0.0	0.0	0.375			0.0	1.0	0.0
2	4	3	1	69	16	6	3	1.0	0.0	1.0	0.0	7.0	0.0	1.0	0.0	3.0	3.0	2.0	2.6666667	3.0	4.0	4.0	3.6666667	92.0	5.0	4.0	3.0	4.0	2.0	1.0	4.0	1.0	0.0	0.0	1.0	1.0	0.0	1.0	0.0	1.0	0.0	1.0	1.0		0.0	0.0	3.0	0.0	4.0	1.0	4.0	1.0	3.0	0.0	1.0	0.0	3.0	0.0	2.0	0.0	2.0	0.0	2.0	0.0	2.75	0.25	2.0	0.0	3.0	0.0	2.0	0.0	3.0	0.0	1.0	0.0	3.0	0.0	3.0	0.0	0.0	3.0	0.0	4.0	1.0	4.0	1.0	2.0	0.0	1.0	0.0	3.0	0.0	1.0	0.0	4.0	1.0	1.0	0.0	2.75	0.0	0.0	0.0	-1.0	0.0	0.0	-1.0	2.0	-1.0	0.0	0.0	0.0	0.0	0.0	0.0	0.0	0.0	1.0	0.0	0.125	4.0	1.0	0.0	1.0	1.0
2	1	4	3	73	4	4	2	1.0	1.0	1.0	0.0	4.0	0.0	0.0	1.0	2.0	2.0	3.0	2.3333333	4.0	4.0	2.0	3.3333333	11.0	1.0	2.0	2.0	1.6666666	2.0	3.0	5.0	0.0	1.0	1.0	0.0	1.0	1.0	1.0	0.0	1.0	0.0	1.0	1.0		0.0	0.0	4.0	1.0	5.0	1.0	2.0	0.0	1.0	0.0	1.0	0.0	3.0	0.0	2.0	0.0	3.0	0.0	4.0	1.0	2.625	0.25	2.0	0.0	2.0	0.0	3.0	0.0	3.0	0.0	3.0	0.0	4.0	1.0	4.0	1.0	0.0	5.0	1.0	4.0	1.0	2.0	0.0	1.0	0.0	2.0	0.0	1.0	0.0	2.0	0.0	4.0	1.0	3.0	0.0	2.625	1.0	-1.0	0.0	0.0	1.0	-2.0	0.0	1.0	-1.0	0.0	0.0	0.0	0.0	0.0	0.0	0.0	0.0	1.0	-1.0	0.125	4.0	1.0	0.0	1.0	0.0
4	2	3	1	68	6	3	1	1.0	0.0	1.0	0.0	8.0	0.0	1.0	0.0	4.0	2.0	3.0	3.0	3.0	4.0	1.0	2.6666667	64.0	4.0	4.0	2.0	3.3333333	1.0	4.0	5.0	1.0	0.0	0.0	1.0	1.0	0.0	1.0	0.0	1.0	0.0	1.0	1.0		0.0	0.0	4.0	1.0	5.0	1.0	5.0	1.0	1.0	0.0	4.0	1.0	3.0	0.0	1.0	0.0	3.0	0.0	4.0	1.0	3.25	0.5	2.0	0.0	1.0	0.0	2.0	0.0	5.0	1.0	5.0	1.0	4.0	1.0	4.0	1.0	0.0	4.0	1.0	4.0	1.0	5.0	1.0	1.0	0.0	4.0	1.0	2.0	0.0	1.0	0.0	2.0	0.0	4.0	1.0	2.875	0.0	-1.0	0.0	0.0	0.0	-1.0	0.0	-1.0	0.0	-0.375	0.0	0.0	0.0	0.0	0.0	0.0	0.0	0.0	0.0	0.0	5.0	1.0	0.0	1.0	0.0
2	1	4	3	62	6	3	2	0.0	0.0	1.0	0.0	8.0	0.0	1.0	0.0	4.0	3.0	4.0	3.6666667	4.0	5.0	3.0	4.0	50.0	5.0	4.0	4.0	4.3333335	5.0	4.0	4.0	1.0	0.0	1.0	1.0	2.0	1.0	1.0	0.0	1.0	0.0	1.0	1.0		0.0	0.0	4.0	1.0	4.0	1.0	4.0	1.0	3.0	0.0	3.0	0.0	4.0	1.0	3.0	0.0	4.0	1.0	3.0	0.0	3.625	0.625	3.0	0.0	2.0	0.0	3.0	0.0	2.0	0.0	3.0	0.0	4.0	1.0	4.0	1.0	0.0	4.0	1.0	4.0	1.0	4.0	1.0	2.0	0.0	2.0	0.0	4.0	1.0	3.0	0.0	4.0	1.0	3.0	0.0	3.375	0.0	0.0	0.0	-1.0	-1.0	0.0	0.0	0.0	0.0	-0.25	0.0	0.0	0.0	0.0	0.0	0.0	0.0	0.0	0.0	0.0	4.0	1.0	0.0	1.0	0.0
4	3	2	1	71	6	3	1	1.0	0.0	0.0	0.0	8.0	0.0	1.0	0.0	2.0	2.0	2.0	2.0	4.0	4.0	4.0	4.0	0.0	2.0	4.0	2.0	2.6666667	5.0	4.0	5.0	1.0	0.0	1.0	0.0	1.0	1.0	0.0	1.0	1.0	0.0	0.0		1.0	1.0	1.0	5.0	1.0	5.0	1.0	5.0	1.0	5.0	1.0	5.0	1.0	5.0	1.0	5.0	1.0	3.0	0.0	5.0	1.0	4.75	0.875	4.0	1.0	4.0	1.0	5.0	1.0	5.0	1.0	5.0	1.0	5.0	1.0	5.0	1.0	1.0	5.0	1.0	5.0	1.0	5.0	1.0	5.0	1.0	5.0	1.0	5.0	1.0	5.0	1.0	5.0	1.0	5.0	1.0	5.0	0.0	0.0	0.0	0.0	0.0	0.0	0.0	2.0	0.0	0.25	0.0	0.0	0.0	0.0	0.0	0.0	0.0	1.0	0.0	0.125			0.0	0.0	0.0
4	3	2	1	56	20	6	2	0.0	0.0	1.0	0.0	1.0	1.0	0.0	0.0	2.0	2.0	1.0	1.6666666	1.0	5.0	1.0	2.3333333	100.0	4.0	2.0	2.0	2.6666667	5.0	2.0	4.0	0.0	1.0	1.0	1.0	2.0	1.0	0.0	0.0	0.0	1.0		0.0	0.0		1.0	5.0	1.0	5.0	1.0	5.0	1.0	1.0	0.0	1.0	0.0	5.0	1.0	5.0	1.0	5.0	1.0	5.0	1.0	4.0	0.75	1.0	0.0	3.0	0.0	5.0	1.0	1.0	0.0	5.0	1.0	5.0	1.0	5.0	1.0	1.0	5.0	1.0	5.0	1.0	5.0	1.0	1.0	0.0	1.0	0.0	5.0	1.0	5.0	1.0	5.0	1.0	5.0	1.0	4.0	0.0	0.0	0.0	0.0	0.0	0.0	0.0	0.0	0.0	0.0	0.0	0.0	0.0	0.0	0.0	0.0	0.0	0.0	0.0	0.0			0.0	1.0	0.0
3	2	4	1	61	6	7	2	0.0	0.0	1.0	0.0	7.0	0.0	1.0	0.0	3.0	3.0	3.0	3.0	3.0	4.0	2.0	3.0	98.0	5.0	3.0	4.0	4.0	3.0	4.0	5.0	1.0	0.0	1.0	1.0	2.0	0.0	0.0	0.0	0.0	1.0		0.0	0.0		1.0	3.0	0.0	5.0	1.0	5.0	1.0	2.0	0.0	2.0	0.0	4.0	1.0	3.0	0.0	4.0	1.0	3.0	0.0	3.5	0.5	2.0	0.0	4.0	1.0	4.0	1.0	4.0	1.0	2.0	0.0	3.0	0.0	4.0	1.0	0.0	4.0	1.0	5.0	1.0	5.0	1.0	1.0	0.0	1.0	0.0	4.0	1.0	3.0	0.0	3.0	0.0	3.0	0.0	3.25	1.0	0.0	0.0	-1.0	-1.0	0.0	0.0	-1.0	0.0	-0.25	1.0	0.0	0.0	0.0	0.0	0.0	0.0	-1.0	0.0	0.0			0.0	1.0	0.0
2	3	4	1	57	19	6	3	0.0	0.0	1.0	0.0	4.0	0.0	0.0	1.0	2.0	3.0	2.0	2.3333333	3.0	4.0	2.0	3.0	100.0	3.0	3.0	2.0	2.6666667	2.0	2.0	4.0	0.0	1.0	1.0	1.0	2.0	0.0	0.0	1.0	1.0	0.0	0.0		1.0	1.0	1.0	3.0	0.0	3.0	0.0	3.0	0.0	3.0	0.0	2.0	0.0	3.0	0.0	3.0	0.0	3.0	0.0	3.0	0.0	2.875	0.0	3.0	0.0	2.0	0.0	2.0	0.0	3.0	0.0	3.0	0.0	3.0	0.0	2.0	0.0	0.0	3.0	0.0	3.0	0.0	3.0	0.0	2.0	0.0	2.0	0.0	3.0	0.0	3.0	0.0	3.0	0.0	3.0	0.0	2.75	0.0	0.0	0.0	-1.0	0.0	0.0	0.0	0.0	0.0	-0.125	0.0	0.0	0.0	0.0	0.0	0.0	0.0	0.0	0.0	0.0			0.0	1.0	1.0
1	3	2	4	57	24	8	4	0.0	0.0	1.0	0.0	1.0	1.0	0.0	0.0	1.0	5.0	5.0	3.6666667	3.0	1.0	1.0	1.6666666	-88.0	1.0	1.0	1.0	1.0	5.0	1.0	4.0	0.0	1.0	1.0	1.0	2.0	0.0	0.0	1.0	1.0	0.0	0.0		1.0	1.0	1.0	5.0	1.0	5.0	1.0	5.0	1.0	1.0	0.0	5.0	1.0	5.0	1.0	5.0	1.0	5.0	1.0	5.0	1.0	4.5	0.875	4.0	1.0	1.0	0.0	1.0	0.0	1.0	0.0	1.0	0.0	5.0	1.0	5.0	1.0	0.0	5.0	1.0	5.0	1.0	5.0	1.0	1.0	0.0	1.0	0.0	5.0	1.0	5.0	1.0	5.0	1.0	5.0	1.0	4.0	0.0	0.0	0.0	0.0	-4.0	0.0	0.0	0.0	0.0	-0.5	0.0	0.0	0.0	0.0	-1.0	0.0	0.0	0.0	0.0	-0.125			1.0	0.0	1.0
2	3	4	1	74	2	4	4	1.0	0.0	1.0	0.0	5.0	0.0	0.0	1.0	2.0	4.0	2.0	2.6666667	4.0	5.0	5.0	4.6666665	99.0	5.0	5.0	5.0	5.0	4.0	5.0	5.0	0.0	0.0	1.0	1.0	2.0	0.0	1.0	0.0	1.0	0.0	1.0	1.0		1.0	1.0	5.0	1.0	5.0	1.0	5.0	1.0	5.0	1.0	5.0	1.0	5.0	1.0	5.0	1.0	5.0	1.0	5.0	1.0	5.0	1.0	2.0	0.0	2.0	0.0	5.0	1.0	5.0	1.0	5.0	1.0	5.0	1.0	5.0	1.0	0.0	5.0	1.0	5.0	1.0	5.0	1.0	5.0	1.0	5.0	1.0	5.0	1.0	5.0	1.0	5.0	1.0	5.0	1.0	5.0	0.0	0.0	0.0	0.0	0.0	0.0	0.0	0.0	0.0	0.0	0.0	0.0	0.0	0.0	0.0	0.0	0.0	0.0	0.0	0.0			0.0	1.0	1.0
3	2	4	1	28	1	6	4	0.0	1.0	1.0	0.0	2.0	1.0	0.0	0.0	2.0	1.0	1.0	1.3333334	4.0	4.0	2.0	3.3333333	97.0	4.0	5.0	4.0	4.3333335	5.0	2.0	5.0	0.0	1.0	1.0	1.0	2.0	1.0	0.0	0.0	0.0	1.0		0.0	0.0		1.0	5.0	1.0	5.0	1.0	3.0	0.0	4.0	1.0	3.0	0.0	5.0	1.0	5.0	1.0	5.0	1.0	4.0	1.0	4.375	0.75	4.0	1.0	4.0	1.0	4.0	1.0	4.0	1.0	3.0	0.0	5.0	1.0	5.0	1.0	1.0	5.0	1.0	5.0	1.0	3.0	0.0	4.0	1.0	3.0	0.0	5.0	1.0	4.0	1.0	5.0	1.0	4.0	1.0	4.25	0.0	0.0	0.0	0.0	0.0	0.0	-1.0	0.0	0.0	-0.125	0.0	0.0	0.0	0.0	0.0	0.0	0.0	0.0	0.0	0.0			0.0	1.0	0.0
1	3	4	2	67	3	6	4	1.0	1.0	1.0	0.0	2.0	1.0	0.0	0.0	3.0	2.0	3.0	2.6666667	3.0	4.0	3.0	3.3333333	0.0	4.0	4.0	3.0	3.6666667	3.0	4.0	4.0	0.0	1.0	1.0	0.0	1.0	1.0	1.0	0.0	1.0	0.0	1.0	1.0		0.0	0.0	5.0	1.0	5.0	1.0	4.0	1.0	4.0	1.0	4.0	1.0	3.0	0.0	3.0	0.0	4.0	1.0	4.0	1.0	4.0	0.75	3.0	0.0	3.0	0.0	3.0	0.0	5.0	1.0	4.0	1.0	5.0	1.0	5.0	1.0	1.0	5.0	1.0	5.0	1.0	3.0	0.0	3.0	0.0	3.0	0.0	3.0	0.0	3.0	0.0	5.0	1.0	4.0	1.0	3.75	0.0	0.0	-1.0	-1.0	-1.0	0.0	0.0	1.0	0.0	-0.25	0.0	0.0	-1.0	-1.0	-1.0	0.0	0.0	0.0	0.0	-0.375	5.0	1.0	1.0	0.0	1.0
4	2	3	1	59	2	3	2	0.0	0.0	1.0	0.0	7.0	0.0	1.0	0.0	1.0	3.0	2.0	2.0	4.0	5.0	2.0	3.6666667	1.0	3.0	4.0	4.0	3.6666667	4.0	2.0	3.0	1.0	0.0	0.0	0.0	0.0	1.0	0.0	0.0	0.0	1.0		0.0	0.0		1.0	4.0	1.0	4.0	1.0	4.0	1.0	2.0	0.0	4.0	1.0	3.0	0.0	2.0	0.0	3.0	0.0	2.0	0.0	3.25	0.5	5.0	1.0	3.0	0.0	2.0	0.0	1.0	0.0	3.0	0.0	4.0	1.0	4.0	1.0	0.0	5.0	1.0	4.0	1.0	4.0	1.0	3.0	0.0	4.0	1.0	3.0	0.0	3.0	0.0	4.0	1.0	4.0	1.0	3.75	1.0	0.0	0.0	1.0	0.0	0.0	1.0	1.0	2.0	0.5	0.0	0.0	0.0	0.0	0.0	0.0	0.0	1.0	1.0	0.125			0.0	0.0	0.0
3	1	4	2	73	4	5	2	1.0	0.0	1.0	0.0	1.0	1.0	0.0	0.0	2.0	2.0	3.0	2.3333333	3.0	4.0	4.0	3.6666667	-1.0	4.0	4.0	2.0	3.3333333	4.0	4.0	5.0	0.0	1.0	1.0	0.0	1.0	0.0	1.0	0.0	1.0	0.0	1.0	1.0		0.0	0.0	4.0	1.0	4.0	1.0	4.0	1.0	1.0	0.0	1.0	0.0	2.0	0.0	1.0	0.0	3.0	0.0	2.0	0.0	2.5	0.375	4.0	1.0	2.0	0.0	4.0	1.0	4.0	1.0	3.0	0.0	4.0	1.0	4.0	1.0	0.0	3.0	0.0	5.0	1.0	5.0	1.0	1.0	0.0	1.0	0.0	2.0	0.0	1.0	0.0	2.0	0.0	2.0	0.0	2.5	-1.0	1.0	1.0	0.0	0.0	0.0	0.0	-1.0	0.0	0.0	-1.0	0.0	0.0	0.0	0.0	0.0	0.0	0.0	0.0	-0.125	5.0	1.0	0.0	0.0	0.0
4	3	1	2	32	14	6	3	0.0	0.0	1.0	0.0	1.0	1.0	0.0	0.0	2.0	3.0	3.0	2.6666667	3.0	2.0	4.0	3.0	-44.0	3.0	4.0	3.0	3.3333333	3.0	2.0	4.0	0.0	1.0	0.0	1.0	1.0	1.0	0.0	0.0	0.0	1.0		0.0	0.0		1.0	4.0	1.0	4.0	1.0	4.0	1.0	3.0	0.0	4.0	1.0	3.0	0.0	4.0	1.0	4.0	1.0	4.0	1.0	3.75	0.75	2.0	0.0	4.0	1.0	4.0	1.0	4.0	1.0	3.0	0.0	3.0	0.0	3.0	0.0	0.0	2.0	0.0	4.0	1.0	4.0	1.0	4.0	1.0	4.0	1.0	4.0	1.0	4.0	1.0	4.0	1.0	4.0	1.0	3.75	-2.0	0.0	0.0	1.0	0.0	1.0	0.0	0.0	0.0	0.0	-1.0	0.0	0.0	1.0	0.0	1.0	0.0	0.0	0.0	0.125			0.0	0.0	0.0
4	1	2	3	30	1	5	3	0.0	0.0	0.0	1.0	1.0	1.0	0.0	0.0	5.0	5.0	5.0	5.0	5.0	5.0	5.0	5.0	0.0	5.0	5.0	1.0	3.6666667	5.0	5.0	5.0	0.0	1.0	1.0	0.0	1.0	0.0	0.0	0.0	0.0	1.0		0.0	0.0		1.0	3.0	0.0	3.0	0.0	3.0	0.0	3.0	0.0	3.0	0.0	3.0	0.0	3.0	0.0	3.0	0.0	3.0	0.0	3.0	0.0	4.0	1.0	3.0	0.0	3.0	0.0	3.0	0.0	3.0	0.0	3.0	0.0	3.0	0.0	0.0	5.0	1.0	5.0	1.0	5.0	1.0	5.0	1.0	5.0	1.0	5.0	1.0	5.0	1.0	5.0	1.0	5.0	1.0	5.0	2.0	2.0	2.0	2.0	2.0	2.0	2.0	2.0	2.0	2.0	1.0	1.0	1.0	1.0	1.0	1.0	1.0	1.0	1.0	1.0			0.0	0.0	0.0
3	1	4	2	79	19	4	2	1.0	1.0	1.0	0.0	2.0	1.0	0.0	0.0	2.0	3.0	3.0	2.6666667	3.0	3.0	4.0	3.3333333	-3.0	2.0	4.0	3.0	3.0	4.0	2.0	5.0	0.0	0.0	1.0	0.0	1.0	1.0	0.0	0.0	0.0	1.0		0.0	0.0		1.0	5.0	1.0	5.0	1.0	3.0	0.0	3.0	0.0	1.0	0.0	1.0	0.0	1.0	0.0	3.0	0.0	1.0	0.0	2.75	0.25	5.0	1.0	1.0	0.0	1.0	0.0	3.0	0.0	1.0	0.0	4.0	1.0	5.0	1.0	0.0	5.0	1.0	5.0	1.0	1.0	0.0	1.0	0.0	1.0	0.0	1.0	0.0	1.0	0.0	3.0	0.0	1.0	0.0	2.25	0.0	0.0	-2.0	-2.0	0.0	0.0	0.0	0.0	0.0	-0.5	0.0	0.0	0.0	0.0	0.0	0.0	0.0	0.0	0.0	0.0			0.0	0.0	0.0
3	1	2	4	60	1	2	4	0.0	0.0	0.0	1.0	1.0	1.0	0.0	0.0	4.0	2.0	4.0	3.3333333	5.0	5.0	4.0	4.6666665	-1.0	2.0	1.0	1.0	1.3333334	5.0	3.0	5.0	0.0	1.0	0.0	0.0	0.0	0.0	0.0	0.0	0.0	1.0		0.0	0.0		1.0	5.0	1.0	5.0	1.0	4.0	1.0	2.0	0.0	4.0	1.0	3.0	0.0	3.0	0.0	5.0	1.0	5.0	1.0	3.875	0.625	5.0	1.0	2.0	0.0	4.0	1.0	4.0	1.0	4.0	1.0	5.0	1.0	5.0	1.0	0.0	5.0	1.0	5.0	1.0	4.0	1.0	2.0	0.0	4.0	1.0	3.0	0.0	3.0	0.0	5.0	1.0	5.0	1.0	3.875	0.0	0.0	0.0	0.0	0.0	0.0	0.0	0.0	0.0	0.0	0.0	0.0	0.0	0.0	0.0	0.0	0.0	0.0	0.0	0.0			0.0	0.0	0.0
3	1	4	2	52	19	7	4	0.0	1.0	1.0	0.0	7.0	0.0	1.0	0.0	4.0	4.0	1.0	3.0	4.0	4.0	1.0	3.0	3.0	5.0	5.0	4.0	4.6666665	4.0	2.0	4.0	1.0	0.0	0.0	1.0	1.0	0.0	0.0	0.0	0.0	1.0		0.0	0.0		1.0	2.0	0.0	2.0	0.0	2.0	0.0	2.0	0.0	2.0	0.0	2.0	0.0	2.0	0.0	2.0	0.0	2.0	0.0	2.0	0.0	4.0	1.0	1.0	0.0	2.0	0.0	5.0	1.0	3.0	0.0	5.0	1.0	5.0	1.0	0.0	4.0	1.0	3.0	0.0	2.0	0.0	2.0	0.0	2.0	0.0	2.0	0.0	4.0	1.0	4.0	1.0	2.0	0.0	2.875	2.0	1.0	0.0	0.0	0.0	0.0	2.0	2.0	0.0	0.875	1.0	0.0	0.0	0.0	0.0	0.0	1.0	1.0	0.0	0.375			0.0	1.0	0.0
3	2	4	1	59	19	6	3	0.0	0.0	1.0	0.0	8.0	0.0	1.0	0.0	4.0	4.0	2.0	3.3333333	2.0	3.0	3.0	2.6666667	79.0	3.0	4.0	3.0	3.3333333	1.0	2.0	5.0	1.0	0.0	1.0	1.0	2.0	1.0	0.0	1.0	1.0	0.0	0.0		1.0	1.0	1.0	4.0	1.0	4.0	1.0	5.0	1.0	1.0	0.0	1.0	0.0	2.0	0.0	2.0	0.0	3.0	0.0	1.0	0.0	2.75	0.375	2.0	0.0	2.0	0.0	2.0	0.0	2.0	0.0	2.0	0.0	4.0	1.0	4.0	1.0	0.0	4.0	1.0	5.0	1.0	4.0	1.0	1.0	0.0	1.0	0.0	2.0	0.0	2.0	0.0	4.0	1.0	1.0	0.0	2.875	0.0	1.0	-1.0	0.0	0.0	0.0	0.0	1.0	0.0	0.125	0.0	0.0	0.0	0.0	0.0	0.0	0.0	1.0	0.0	0.125			0.0	1.0	0.0
4	1	2	3	37	5	6	2	0.0	1.0	1.0	0.0	1.0	1.0	0.0	0.0	3.0	2.0	2.0	2.3333333	4.0	4.0	4.0	4.0	-46.0	3.0	4.0	3.0	3.3333333	4.0	4.0	5.0	0.0	1.0	0.0	1.0	1.0	0.0	0.0	1.0	1.0	0.0	0.0		1.0	1.0	1.0	4.0	1.0	4.0	1.0	5.0	1.0	4.0	1.0	5.0	1.0	5.0	1.0	4.0	1.0	5.0	1.0	5.0	1.0	4.5	1.0	2.0	0.0	2.0	0.0	5.0	1.0	5.0	1.0	5.0	1.0	5.0	1.0	5.0	1.0	1.0	4.0	1.0	5.0	1.0	4.0	1.0	5.0	1.0	4.0	1.0	5.0	1.0	4.0	1.0	4.0	1.0	4.0	1.0	4.375	0.0	1.0	-1.0	1.0	-1.0	0.0	0.0	-1.0	-1.0	-0.125	0.0	0.0	0.0	0.0	0.0	0.0	0.0	0.0	0.0	0.0			0.0	0.0	0.0
3	1	4	2	61	20	8	2	0.0	0.0	1.0	0.0	3.0	0.0	0.0	1.0	2.0	2.0	2.0	2.0	2.0	2.0	3.0	2.3333333	54.0	4.0	2.0	2.0	2.6666667	3.0	2.0	4.0	0.0	1.0	1.0	1.0	2.0	0.0	0.0	1.0	1.0	0.0	0.0		1.0	0.0	0.0	3.0	0.0	4.0	1.0	3.0	0.0	2.0	0.0	1.0	0.0	3.0	0.0	2.0	0.0	3.0	0.0	2.0	0.0	2.625	0.125	1.0	0.0	2.0	0.0	3.0	0.0	3.0	0.0	3.0	0.0	4.0	1.0	2.0	0.0	0.0	4.0	1.0	1.0	0.0	1.0	0.0	1.0	0.0	1.0	0.0	1.0	0.0	1.0	0.0	1.0	0.0	1.0	0.0	1.375	1.0	-3.0	-2.0	-1.0	0.0	-2.0	-1.0	-2.0	-1.0	-1.25	1.0	-1.0	0.0	0.0	0.0	0.0	0.0	0.0	0.0	0.0	4.0	1.0	0.0	1.0	0.0
4	2	3	1	51	7	2	1	0.0	1.0	1.0	0.0	8.0	0.0	1.0	0.0	3.0	3.0	3.0	3.0	4.0	5.0	4.0	4.3333335	91.0	3.0	4.0	3.0	3.3333333	4.0	4.0	3.0	1.0	0.0	0.0	0.0	0.0	0.0	0.0	1.0	1.0	0.0	0.0		1.0	1.0	1.0	3.0	0.0	3.0	0.0	3.0	0.0	4.0	1.0	3.0	0.0	2.0	0.0	2.0	0.0	3.0	0.0	3.0	0.0	2.875	0.125	2.0	0.0	3.0	0.0	3.0	0.0	4.0	1.0	3.0	0.0	4.0	1.0	4.0	1.0	0.0	3.0	0.0	4.0	1.0	3.0	0.0	4.0	1.0	4.0	1.0	2.0	0.0	2.0	0.0	4.0	1.0	3.0	0.0	3.25	0.0	1.0	0.0	0.0	1.0	0.0	0.0	1.0	0.0	0.375	0.0	1.0	0.0	0.0	1.0	0.0	0.0	1.0	0.0	0.375			0.0	1.0	0.0
2	3	4	1	41	16	5	3	0.0	0.0	1.0	0.0	8.0	0.0	1.0	0.0	2.0	3.0	3.0	2.6666667	4.0	5.0	4.0	4.3333335	88.0	5.0	5.0	5.0	5.0	2.0	3.0	4.0	1.0	0.0	1.0	1.0	2.0	1.0	0.0	0.0	0.0	1.0		0.0	0.0		1.0	5.0	1.0	4.0	1.0	5.0	1.0	5.0	1.0	5.0	1.0	5.0	1.0	3.0	0.0	4.0	1.0	3.0	0.0	4.5	0.875	3.0	0.0	3.0	0.0	2.0	0.0	5.0	1.0	5.0	1.0	5.0	1.0	4.0	1.0	0.0	4.0	1.0	3.0	0.0	5.0	1.0	5.0	1.0	5.0	1.0	5.0	1.0	3.0	0.0	5.0	1.0	3.0	0.0	4.375	-1.0	-1.0	0.0	0.0	0.0	0.0	0.0	1.0	0.0	-0.125	0.0	-1.0	0.0	0.0	0.0	0.0	0.0	0.0	0.0	-0.125			0.0	1.0	1.0
3	2	4	1	59	3	4	2	0.0	0.0	1.0	0.0	3.0	0.0	0.0	1.0	5.0	5.0	5.0	5.0	3.0	4.0	1.0	2.6666667	25.0	4.0	4.0	3.0	3.6666667	5.0	5.0	2.0	0.0	1.0	1.0	1.0	2.0	0.0	0.0	0.0	0.0	1.0		0.0	0.0		1.0	4.0	1.0	4.0	1.0	2.0	0.0	3.0	0.0	3.0	0.0	4.0	1.0	3.0	0.0	5.0	1.0	4.0	1.0	3.5	0.5	3.0	0.0	2.0	0.0	4.0	1.0	4.0	1.0	5.0	1.0	4.0	1.0	3.0	0.0	0.0	4.0	1.0	4.0	1.0	2.0	0.0	4.0	1.0	3.0	0.0	4.0	1.0	3.0	0.0	4.0	1.0	4.0	1.0	3.5	0.0	0.0	0.0	1.0	0.0	0.0	0.0	-1.0	0.0	0.0	0.0	0.0	0.0	1.0	0.0	0.0	0.0	0.0	0.0	0.125			0.0	1.0	0.0
3	2	4	1	61	19	4	1	0.0	1.0	1.0	0.0	5.0	0.0	0.0	1.0	2.0	2.0	2.0	2.0	3.0	4.0	2.0	3.0	-14.0	4.0	4.0	4.0	4.0	2.0	2.0	3.0	1.0	0.0	0.0	0.0	0.0	0.0	0.0	0.0	0.0	1.0		0.0	0.0		1.0	3.0	0.0	4.0	1.0	4.0	1.0	3.0	0.0	2.0	0.0	2.0	0.0	2.0	0.0	3.0	0.0	2.0	0.0	2.875	0.25	3.0	0.0	2.0	0.0	3.0	0.0	3.0	0.0	3.0	0.0	4.0	1.0	3.0	0.0	0.0	4.0	1.0	4.0	1.0	4.0	1.0	2.0	0.0	2.0	0.0	2.0	0.0	2.0	0.0	3.0	0.0	3.0	0.0	2.875	1.0	0.0	0.0	-1.0	0.0	0.0	0.0	0.0	1.0	0.0	1.0	0.0	0.0	0.0	0.0	0.0	0.0	0.0	0.0	0.125			0.0	0.0	0.0
2	3	4	1	64	19	6	2	0.0	0.0	1.0	0.0	8.0	0.0	1.0	0.0	1.0	4.0	1.0	2.0	5.0	5.0	5.0	5.0	100.0	5.0	5.0	5.0	5.0	1.0	1.0	5.0	1.0	0.0	1.0	0.0	1.0	1.0	0.0	1.0	1.0	0.0	0.0		1.0	0.0	0.0	4.0	1.0	5.0	1.0	4.0	1.0	4.0	1.0	1.0	0.0	1.0	0.0	1.0	0.0	5.0	1.0	5.0	1.0	3.125	0.625	3.0	0.0	2.0	0.0	5.0	1.0	5.0	1.0	4.0	1.0	5.0	1.0	5.0	1.0	0.0	5.0	1.0	5.0	1.0	4.0	1.0	2.0	0.0	1.0	0.0	1.0	0.0	2.0	0.0	5.0	1.0	4.0	1.0	3.125	1.0	0.0	0.0	-2.0	0.0	0.0	1.0	0.0	-1.0	0.0	0.0	0.0	0.0	-1.0	0.0	0.0	0.0	0.0	0.0	-0.125	4.0	1.0	0.0	1.0	1.0
3	1	4	2	39	20	6	3	0.0	1.0	1.0	0.0	8.0	0.0	1.0	0.0	2.0	1.0	1.0	1.3333334	4.0	5.0	4.0	4.3333335	0.0	2.0	2.0	5.0	3.0	2.0	2.0	4.0	1.0	0.0	0.0	1.0	1.0	0.0	0.0	0.0	0.0	1.0		0.0	0.0		1.0	5.0	1.0	5.0	1.0	5.0	1.0	4.0	1.0	2.0	0.0	5.0	1.0	3.0	0.0	5.0	1.0	2.0	0.0	4.25	0.75	2.0	0.0	5.0	1.0	4.0	1.0	4.0	1.0	2.0	0.0	5.0	1.0	5.0	1.0	1.0	5.0	1.0	5.0	1.0	5.0	1.0	4.0	1.0	2.0	0.0	5.0	1.0	2.0	0.0	5.0	1.0	2.0	0.0	4.125	0.0	0.0	0.0	0.0	0.0	0.0	-1.0	0.0	0.0	-0.125	0.0	0.0	0.0	0.0	0.0	0.0	0.0	0.0	0.0	0.0			0.0	0.0	0.0
3	2	4	1	57	18	6	2	0.0	1.0	0.0	0.0	5.0	0.0	0.0	1.0	1.0	2.0	3.0	2.0	4.0	5.0	5.0	4.6666665	100.0	5.0	3.0	5.0	4.3333335	1.0	4.0	5.0	1.0	0.0	1.0	1.0	2.0	0.0	0.0	1.0	1.0	0.0	0.0		1.0	0.0	0.0	5.0	1.0	5.0	1.0	2.0	0.0	2.0	0.0	1.0	0.0	2.0	0.0	2.0	0.0	5.0	1.0	2.0	0.0	3.0	0.375	3.0	0.0	1.0	0.0	3.0	0.0	4.0	1.0	3.0	0.0	5.0	1.0	4.0	1.0	1.0	4.0	1.0	5.0	1.0	2.0	0.0	1.0	0.0	1.0	0.0	2.0	0.0	2.0	0.0	5.0	1.0	2.0	0.0	2.75	-1.0	0.0	0.0	-1.0	0.0	0.0	0.0	0.0	0.0	-0.25	0.0	0.0	0.0	0.0	0.0	0.0	0.0	0.0	0.0	0.0	5.0	1.0	0.0	1.0	0.0
2	3	4	1	54	11	6	3	0.0	1.0	1.0	0.0	6.0	0.0	0.0	1.0	3.0	3.0	2.0	2.6666667	3.0	3.0	2.0	2.6666667	25.0	4.0	3.0	2.0	3.0	3.0	2.0	4.0	1.0	0.0	1.0	1.0	2.0	1.0	0.0	1.0	1.0	0.0	0.0		1.0	1.0	1.0	2.0	0.0	3.0	0.0	2.0	0.0	3.0	0.0	2.0	0.0	2.0	0.0	2.0	0.0	2.0	0.0	2.0	0.0	2.25	0.0	3.0	0.0	2.0	0.0	1.0	0.0	2.0	0.0	2.0	0.0	2.0	0.0	3.0	0.0	0.0	3.0	0.0	3.0	0.0	4.0	1.0	4.0	1.0	3.0	0.0	3.0	0.0	2.0	0.0	3.0	0.0	3.0	0.0	3.125	1.0	0.0	2.0	1.0	1.0	1.0	0.0	1.0	1.0	0.875	0.0	0.0	1.0	1.0	0.0	0.0	0.0	0.0	0.0	0.25			0.0	1.0	1.0
2	1	4	3	40	21	7	2	0.0	1.0	1.0	0.0	8.0	0.0	1.0	0.0	2.0	2.0	1.0	1.6666666	3.0	4.0	2.0	3.0	-4.0	3.0	3.0	3.0	3.0	3.0	3.0	4.0	1.0	0.0	0.0	0.0	0.0	1.0	1.0	0.0	1.0	0.0	1.0	1.0		1.0	1.0	3.0	0.0	3.0	0.0	3.0	0.0	3.0	0.0	3.0	0.0	3.0	0.0	3.0	0.0	3.0	0.0	4.0	1.0	3.0	0.0	4.0	1.0	4.0	1.0	4.0	1.0	3.0	0.0	3.0	0.0	4.0	1.0	4.0	1.0	0.0	4.0	1.0	4.0	1.0	4.0	1.0	4.0	1.0	4.0	1.0	4.0	1.0	4.0	1.0	4.0	1.0	4.0	1.0	4.0	1.0	1.0	1.0	1.0	1.0	1.0	1.0	1.0	0.0	1.0	1.0	1.0	1.0	1.0	1.0	1.0	1.0	1.0	0.0	1.0			0.0	0.0	0.0
3	2	4	1	79	16	6	3	1.0	1.0	1.0	0.0	6.0	0.0	0.0	1.0	4.0	3.0	3.0	3.3333333	2.0	3.0	3.0	2.6666667	28.0	4.0	4.0	3.0	3.6666667	3.0	3.0	5.0	1.0	0.0	1.0	1.0	2.0	1.0	1.0	0.0	1.0	0.0	1.0	1.0		0.0	0.0	5.0	1.0	5.0	1.0	2.0	0.0	1.0	0.0	1.0	0.0	2.0	0.0	2.0	0.0	5.0	1.0	4.0	1.0	2.875	0.375	1.0	0.0	2.0	0.0	1.0	0.0	2.0	0.0	3.0	0.0	3.0	0.0	3.0	0.0	0.0	3.0	0.0	3.0	0.0	1.0	0.0	1.0	0.0	1.0	0.0	1.0	0.0	1.0	0.0	3.0	0.0	1.0	0.0	1.75	-2.0	-2.0	-1.0	0.0	0.0	-1.0	-1.0	-2.0	-3.0	-1.125	-1.0	-1.0	0.0	0.0	0.0	0.0	0.0	-1.0	-1.0	-0.375	3.0	0.0	0.0	1.0	0.0
3	1	4	2	20	3	4	3	0.0	1.0	1.0	0.0	3.0	0.0	0.0	1.0	2.0	2.0	2.0	2.0	2.0	5.0	3.0	3.3333333	-45.0	3.0	3.0	2.0	2.6666667	4.0	4.0	2.0	0.0	1.0	1.0	0.0	1.0	1.0	0.0	0.0	0.0	1.0		0.0	0.0		1.0	4.0	1.0	4.0	1.0	2.0	0.0	3.0	0.0	3.0	0.0	5.0	1.0	3.0	0.0	4.0	1.0	2.0	0.0	3.5	0.5	4.0	1.0	3.0	0.0	4.0	1.0	3.0	0.0	4.0	1.0	5.0	1.0	5.0	1.0	0.0	5.0	1.0	5.0	1.0	2.0	0.0	5.0	1.0	4.0	1.0	5.0	1.0	4.0	1.0	5.0	1.0	4.0	1.0	4.375	1.0	1.0	0.0	2.0	1.0	0.0	1.0	1.0	2.0	0.875	0.0	0.0	0.0	1.0	1.0	0.0	1.0	0.0	1.0	0.375			0.0	0.0	0.0
2	4	1	3	64	10	4	2	0.0	0.0	1.0	0.0	1.0	1.0	0.0	0.0	4.0	2.0	2.0	2.6666667	4.0	4.0	4.0	4.0	9.0	2.0	2.0	2.0	2.0	3.0	2.0	5.0	0.0	1.0	1.0	1.0	2.0	1.0	0.0	1.0	1.0	0.0	0.0		1.0	1.0	1.0	5.0	1.0	4.0	1.0	5.0	1.0	2.0	0.0	2.0	0.0	4.0	1.0	4.0	1.0	3.0	0.0	2.0	0.0	3.625	0.625	2.0	0.0	2.0	0.0	2.0	0.0	2.0	0.0	3.0	0.0	4.0	1.0	4.0	1.0	1.0	4.0	1.0	4.0	1.0	5.0	1.0	2.0	0.0	2.0	0.0	4.0	1.0	4.0	1.0	4.0	1.0	4.0	1.0	3.625	-1.0	0.0	0.0	0.0	0.0	0.0	0.0	1.0	2.0	0.0	0.0	0.0	0.0	0.0	0.0	0.0	0.0	1.0	1.0	0.125			0.0	1.0	1.0
3	2	4	1	44	20	6	2	0.0	1.0	1.0	0.0	2.0	1.0	0.0	0.0	2.0	2.0	2.0	2.0	3.0	5.0	1.0	3.0	12.0	2.0	4.0	3.0	3.0	4.0	4.0	5.0	0.0	1.0	1.0	1.0	2.0	1.0	1.0	0.0	1.0	0.0	1.0	1.0		0.0	0.0	4.0	1.0	5.0	1.0	3.0	0.0	4.0	1.0	3.0	0.0	2.0	0.0	2.0	0.0	4.0	1.0	3.0	0.0	3.375	0.5	3.0	0.0	2.0	0.0	4.0	1.0	5.0	1.0	3.0	0.0	3.0	0.0	4.0	1.0	0.0	3.0	0.0	4.0	1.0	3.0	0.0	4.0	1.0	2.0	0.0	2.0	0.0	2.0	0.0	4.0	1.0	3.0	0.0	3.0	-1.0	-1.0	0.0	0.0	-1.0	0.0	0.0	0.0	0.0	-0.375	-1.0	0.0	0.0	0.0	0.0	0.0	0.0	0.0	0.0	-0.125	5.0	1.0	0.0	1.0	0.0
3	2	4	1	55	22	8	1	0.0	1.0	0.0	0.0	2.0	1.0	0.0	0.0	1.0	3.0	2.0	2.0	3.0	3.0	2.0	2.6666667	0.0	3.0	3.0	3.0	3.0	5.0	4.0	5.0	0.0	1.0	1.0	1.0	2.0	1.0	0.0	1.0	1.0	0.0	0.0		1.0	1.0	1.0	5.0	1.0	5.0	1.0	5.0	1.0	2.0	0.0	2.0	0.0	5.0	1.0	5.0	1.0	4.0	1.0	4.0	1.0	4.125	0.75	2.0	0.0	3.0	0.0	4.0	1.0	3.0	0.0	4.0	1.0	5.0	1.0	4.0	1.0	0.0	5.0	1.0	5.0	1.0	5.0	1.0	2.0	0.0	2.0	0.0	5.0	1.0	5.0	1.0	4.0	1.0	4.0	1.0	4.125	0.0	0.0	0.0	0.0	0.0	0.0	0.0	0.0	0.0	0.0	0.0	0.0	0.0	0.0	0.0	0.0	0.0	0.0	0.0	0.0			0.0	0.0	0.0
4	3	2	1	54	15	7	3	0.0	0.0	1.0	0.0	8.0	0.0	1.0	0.0	3.0	3.0	3.0	3.0	1.0	3.0	2.0	2.0	28.0	4.0	5.0	5.0	4.6666665	2.0	1.0	5.0	1.0	0.0	1.0	1.0	2.0	1.0	0.0	0.0	0.0	1.0		0.0	0.0		1.0	3.0	0.0	3.0	0.0	3.0	0.0	1.0	0.0	1.0	0.0	1.0	0.0	1.0	0.0	3.0	0.0	1.0	0.0	2.0	0.0	3.0	0.0	1.0	0.0	1.0	0.0	1.0	0.0	1.0	0.0	3.0	0.0	3.0	0.0	0.0	1.0	0.0	1.0	0.0	1.0	0.0	1.0	0.0	1.0	0.0	1.0	0.0	1.0	0.0	3.0	0.0	1.0	0.0	1.25	-2.0	-2.0	-2.0	0.0	0.0	0.0	0.0	0.0	0.0	-0.75	0.0	0.0	0.0	0.0	0.0	0.0	0.0	0.0	0.0	0.0			0.0	1.0	0.0
4	2	3	1	58	21	7	1	0.0	1.0	1.0	0.0	2.0	1.0	0.0	0.0	1.0	3.0	1.0	1.6666666	3.0	5.0	1.0	3.0	1.0	2.0	1.0	1.0	1.3333334	4.0	4.0	5.0	0.0	1.0	1.0	1.0	2.0	0.0	0.0	0.0	0.0	1.0		0.0	0.0		1.0	5.0	1.0	5.0	1.0	5.0	1.0	1.0	0.0	1.0	0.0	5.0	1.0	4.0	1.0	5.0	1.0	5.0	1.0	3.875	0.75	1.0	0.0	2.0	0.0	4.0	1.0	4.0	1.0	2.0	0.0	5.0	1.0	5.0	1.0	1.0	5.0	1.0	5.0	1.0	5.0	1.0	1.0	0.0	1.0	0.0	5.0	1.0	4.0	1.0	5.0	1.0	5.0	1.0	3.875	0.0	0.0	0.0	0.0	0.0	0.0	0.0	0.0	0.0	0.0	0.0	0.0	0.0	0.0	0.0	0.0	0.0	0.0	0.0	0.0			0.0	0.0	0.0
3	4	2	1	70	3	2	4	1.0	0.0	1.0	0.0	1.0	1.0	0.0	0.0	2.0	2.0	2.0	2.0	5.0	3.0	2.0	3.3333333	8.0	4.0	4.0	3.0	3.6666667	3.0	4.0	3.0	0.0	1.0	0.0	0.0	0.0	1.0	0.0	0.0	0.0	1.0		0.0	0.0		1.0	4.0	1.0	4.0	1.0	3.0	0.0	3.0	0.0	3.0	0.0	3.0	0.0	3.0	0.0	2.0	0.0	4.0	1.0	3.125	0.25	3.0	0.0	2.0	0.0	4.0	1.0	5.0	1.0	3.0	0.0	2.0	0.0	4.0	1.0	1.0	4.0	1.0	4.0	1.0	4.0	1.0	4.0	1.0	4.0	1.0	3.0	0.0	4.0	1.0	4.0	1.0	4.0	1.0	3.875	0.0	0.0	1.0	1.0	1.0	0.0	1.0	2.0	0.0	0.75	0.0	0.0	1.0	1.0	1.0	0.0	1.0	1.0	0.0	0.625			0.0	1.0	1.0
4	2	3	1	32	9	2	2	0.0	0.0	1.0	0.0	8.0	0.0	1.0	0.0	3.0	4.0	3.0	3.3333333	3.0	4.0	4.0	3.6666667	23.0	4.0	4.0	3.0	3.6666667	3.0	4.0	5.0	1.0	0.0	0.0	0.0	0.0	0.0	0.0	0.0	0.0	1.0		0.0	0.0		1.0	4.0	1.0	4.0	1.0	3.0	0.0	4.0	1.0	4.0	1.0	3.0	0.0	2.0	0.0	4.0	1.0	4.0	1.0	3.5	0.625	4.0	1.0	4.0	1.0	4.0	1.0	3.0	0.0	4.0	1.0	4.0	1.0	4.0	1.0	0.0	4.0	1.0	4.0	1.0	4.0	1.0	4.0	1.0	4.0	1.0	3.0	0.0	2.0	0.0	4.0	1.0	4.0	1.0	3.625	0.0	0.0	1.0	0.0	0.0	0.0	0.0	0.0	0.0	0.125	0.0	0.0	1.0	0.0	0.0	0.0	0.0	0.0	0.0	0.125			0.0	1.0	0.0
3	2	4	1	63	18	4	2	0.0	1.0	1.0	0.0	1.0	1.0	0.0	0.0	1.0	1.0	1.0	1.0	3.0	3.0	1.0	2.3333333	-41.0	3.0	1.0	5.0	3.0	5.0	5.0	5.0	0.0	1.0	1.0	1.0	2.0	1.0	1.0	0.0	1.0	0.0	1.0	1.0		1.0	1.0	5.0	1.0	5.0	1.0	5.0	1.0	3.0	0.0	2.0	0.0	5.0	1.0	5.0	1.0	5.0	1.0	5.0	1.0	4.375	0.75	3.0	0.0	4.0	1.0	5.0	1.0	4.0	1.0	5.0	1.0	5.0	1.0	5.0	1.0	0.0	5.0	1.0	5.0	1.0	5.0	1.0	2.0	0.0	1.0	0.0	5.0	1.0	5.0	1.0	5.0	1.0	5.0	1.0	4.125	0.0	0.0	0.0	-1.0	-1.0	0.0	0.0	0.0	0.0	-0.25	0.0	0.0	0.0	0.0	0.0	0.0	0.0	0.0	0.0	0.0			0.0	0.0	0.0
3	2	4	1	77	9	7	2	1.0	0.0	1.0	0.0	1.0	1.0	0.0	0.0	2.0	2.0	2.0	2.0	3.0	3.0	2.0	2.6666667	-4.0	3.0	4.0	2.0	3.0	2.0	4.0	5.0	0.0	1.0	1.0	1.0	2.0	0.0	1.0	0.0	1.0	0.0	1.0	1.0		0.0	0.0	3.0	0.0	4.0	1.0	3.0	0.0	1.0	0.0	1.0	0.0	4.0	1.0	3.0	0.0	4.0	1.0	2.0	0.0	2.875	0.375	2.0	0.0	2.0	0.0	2.0	0.0	2.0	0.0	2.0	0.0	4.0	1.0	3.0	0.0	0.0	1.0	0.0	4.0	1.0	2.0	0.0	1.0	0.0	1.0	0.0	4.0	1.0	3.0	0.0	4.0	1.0	2.0	0.0	2.5	-2.0	0.0	-1.0	0.0	0.0	0.0	0.0	0.0	0.0	-0.375	0.0	0.0	0.0	0.0	0.0	0.0	0.0	0.0	0.0	0.0	4.0	1.0	0.0	0.0	0.0
1	3	4	2	56	19	2	4	0.0	1.0	1.0	0.0	3.0	0.0	0.0	1.0	1.0	1.0	1.0	1.0	1.0	3.0	1.0	1.6666666	0.0	3.0	2.0	4.0	3.0	4.0	3.0	4.0	0.0	1.0	0.0	1.0	1.0	0.0	1.0	0.0	1.0	0.0	1.0	1.0		0.0	0.0	5.0	1.0	3.0	0.0	1.0	0.0	1.0	0.0	3.0	0.0	2.0	0.0	2.0	0.0	4.0	1.0	2.0	0.0	2.625	0.25	2.0	0.0	2.0	0.0	3.0	0.0	3.0	0.0	4.0	1.0	5.0	1.0	3.0	0.0	0.0	4.0	1.0	4.0	1.0	1.0	0.0	2.0	0.0	3.0	0.0	2.0	0.0	2.0	0.0	4.0	1.0	2.0	0.0	2.75	-1.0	1.0	0.0	1.0	0.0	0.0	0.0	0.0	0.0	0.125	0.0	1.0	0.0	0.0	0.0	0.0	0.0	0.0	0.0	0.125	5.0	1.0	1.0	0.0	1.0
1	2	4	3	21	19	5	1	0.0	1.0	1.0	0.0	8.0	0.0	1.0	0.0	1.0	2.0	5.0	2.6666667	5.0	4.0	1.0	3.3333333	-65.0	5.0	5.0	5.0	5.0	5.0	5.0	5.0	1.0	0.0	1.0	1.0	2.0	1.0	1.0	0.0	1.0	0.0	1.0	1.0		1.0	1.0	4.0	1.0	2.0	0.0	4.0	1.0	1.0	0.0	4.0	1.0	1.0	0.0	2.0	0.0	4.0	1.0	1.0	0.0	2.75	0.5	3.0	0.0	2.0	0.0	1.0	0.0	1.0	0.0	1.0	0.0	5.0	1.0	2.0	0.0	0.0	4.0	1.0	4.0	1.0	5.0	1.0	1.0	0.0	5.0	1.0	1.0	0.0	1.0	0.0	5.0	1.0	1.0	0.0	3.25	0.0	2.0	1.0	0.0	1.0	0.0	-1.0	1.0	0.0	0.5	0.0	1.0	0.0	0.0	0.0	0.0	0.0	0.0	0.0	0.125			1.0	0.0	1.0
2	3	4	1	53	14	6	3	0.0	0.0	1.0	0.0	1.0	1.0	0.0	0.0	1.0	1.0	1.0	1.0	1.0	1.0	1.0	1.0	-58.0	2.0	3.0	2.0	2.3333333	3.0	3.0	4.0	0.0	1.0	1.0	1.0	2.0	1.0	1.0	0.0	1.0	0.0	1.0	1.0		1.0	1.0	4.0	1.0	4.0	1.0	3.0	0.0	3.0	0.0	1.0	0.0	4.0	1.0	3.0	0.0	4.0	1.0	4.0	1.0	3.25	0.5	3.0	0.0	4.0	1.0	4.0	1.0	3.0	0.0	3.0	0.0	5.0	1.0	3.0	0.0	0.0	4.0	1.0	5.0	1.0	3.0	0.0	3.0	0.0	1.0	0.0	4.0	1.0	4.0	1.0	4.0	1.0	4.0	1.0	3.5	0.0	1.0	0.0	0.0	0.0	0.0	1.0	0.0	0.0	0.25	0.0	0.0	0.0	0.0	0.0	0.0	1.0	0.0	0.0	0.125			0.0	0.0	1.0
1	3	4	2	69	23	5	2	1.0	1.0	1.0	0.0	8.0	0.0	1.0	0.0	2.0	3.0	2.0	2.3333333	4.0	4.0	3.0	3.6666667	100.0	5.0	5.0	4.0	4.6666665	1.0	3.0	5.0	1.0	0.0	1.0	1.0	2.0	1.0	0.0	1.0	1.0	0.0	0.0		1.0	1.0	1.0	3.0	0.0	1.0	0.0	3.0	0.0	1.0	0.0	1.0	0.0	4.0	1.0	2.0	0.0	4.0	1.0	1.0	0.0	2.375	0.25	2.0	0.0	1.0	0.0	2.0	0.0	2.0	0.0	2.0	0.0	2.0	0.0	4.0	1.0	0.0	4.0	1.0	1.0	0.0	3.0	0.0	1.0	0.0	1.0	0.0	4.0	1.0	2.0	0.0	4.0	1.0	2.0	0.0	2.5	1.0	0.0	0.0	0.0	0.0	0.0	0.0	0.0	1.0	0.125	1.0	0.0	0.0	0.0	0.0	0.0	0.0	0.0	0.0	0.125			1.0	1.0	1.0
4	1	2	3	18	19	1	3	0.0	0.0	1.0	0.0	7.0	0.0	1.0	0.0	3.0	3.0	3.0	3.0	4.0	4.0	2.0	3.3333333	0.0	3.0	2.0	3.0	2.6666667	4.0	3.0	3.0	1.0	0.0	1.0	1.0	2.0	1.0	0.0	0.0	0.0	1.0		0.0	0.0		1.0	4.0	1.0	4.0	1.0	2.0	0.0	2.0	0.0	3.0	0.0	3.0	0.0	3.0	0.0	3.0	0.0	2.0	0.0	3.0	0.25	3.0	0.0	3.0	0.0	3.0	0.0	3.0	0.0	3.0	0.0	4.0	1.0	4.0	1.0	0.0	5.0	1.0	4.0	1.0	3.0	0.0	2.0	0.0	3.0	0.0	3.0	0.0	3.0	0.0	4.0	1.0	2.0	0.0	3.375	1.0	0.0	1.0	0.0	0.0	0.0	0.0	1.0	0.0	0.375	0.0	0.0	0.0	0.0	0.0	0.0	0.0	1.0	0.0	0.125			0.0	0.0	0.0
3	1	4	2	61	2	2	2	0.0	0.0	1.0	0.0	1.0	1.0	0.0	0.0	2.0	3.0	2.0	2.3333333	2.0	3.0	1.0	2.0	-87.0	3.0	4.0	2.0	3.0	5.0	4.0	4.0	0.0	1.0	1.0	1.0	2.0	1.0	0.0	1.0	1.0	0.0	0.0		1.0	0.0	0.0	5.0	1.0	5.0	1.0	4.0	1.0	3.0	0.0	3.0	0.0	4.0	1.0	4.0	1.0	5.0	1.0	5.0	1.0	4.125	0.75	4.0	1.0	3.0	0.0	4.0	1.0	2.0	0.0	4.0	1.0	3.0	0.0	4.0	1.0	1.0	5.0	1.0	5.0	1.0	4.0	1.0	3.0	0.0	2.0	0.0	4.0	1.0	5.0	1.0	5.0	1.0	5.0	1.0	4.125	0.0	0.0	0.0	0.0	-1.0	0.0	1.0	0.0	0.0	0.0	0.0	0.0	0.0	0.0	0.0	0.0	0.0	0.0	0.0	0.0	5.0	1.0	0.0	0.0	0.0
1	3	4	2	39	1	6	3	0.0	1.0	0.0	1.0	1.0	1.0	0.0	0.0	2.0	1.0	3.0	2.0	2.0	4.0	3.0	3.0	-69.0	2.0	4.0	4.0	3.3333333	5.0	4.0	5.0	0.0	1.0	1.0	1.0	2.0	1.0	0.0	0.0	0.0	1.0		0.0	0.0		1.0	4.0	1.0	4.0	1.0	4.0	1.0	1.0	0.0	2.0	0.0	4.0	1.0	4.0	1.0	5.0	1.0	1.0	0.0	3.5	0.75	2.0	0.0	2.0	0.0	4.0	1.0	4.0	1.0	2.0	0.0	1.0	0.0	4.0	1.0	0.0	5.0	1.0	5.0	1.0	5.0	1.0	4.0	1.0	4.0	1.0	5.0	1.0	5.0	1.0	5.0	1.0	4.0	1.0	4.75	1.0	1.0	1.0	3.0	2.0	1.0	1.0	0.0	3.0	1.25	0.0	0.0	0.0	1.0	1.0	0.0	0.0	0.0	1.0	0.25			1.0	0.0	1.0
2	3	4	1	80	14	2	2	1.0	1.0	1.0	0.0	3.0	0.0	0.0	1.0	1.0	2.0	1.0	1.3333334	4.0	2.0	2.0	2.6666667	0.0	2.0	4.0	3.0	3.0	2.0	2.0	4.0	0.0	1.0	0.0	0.0	0.0	0.0	0.0	0.0	0.0	1.0		0.0	0.0		1.0	4.0	1.0	4.0	1.0	2.0	0.0	2.0	0.0	2.0	0.0	3.0	0.0	2.0	0.0	2.0	0.0	2.0	0.0	2.625	0.25	4.0	1.0	2.0	0.0	4.0	1.0	3.0	0.0	2.0	0.0	4.0	1.0	4.0	1.0	0.0	4.0	1.0	4.0	1.0	2.0	0.0	2.0	0.0	2.0	0.0	3.0	0.0	2.0	0.0	4.0	1.0	2.0	0.0	2.875	0.0	0.0	0.0	0.0	0.0	0.0	0.0	2.0	0.0	0.25	0.0	0.0	0.0	0.0	0.0	0.0	0.0	1.0	0.0	0.125			0.0	0.0	1.0
3	2	4	1	67	19	6	2	1.0	0.0	1.0	0.0	2.0	1.0	0.0	0.0	2.0	1.0	3.0	2.0	3.0	4.0	4.0	3.6666667	-9.0	4.0	1.0	3.0	2.6666667	4.0	3.0	5.0	0.0	1.0	0.0	0.0	0.0	1.0	0.0	0.0	0.0	1.0		0.0	0.0		1.0	5.0	1.0	5.0	1.0	1.0	0.0	2.0	0.0	3.0	0.0	4.0	1.0	4.0	1.0	3.0	0.0	3.0	0.0	3.375	0.5	2.0	0.0	4.0	1.0	4.0	1.0	3.0	0.0	4.0	1.0	4.0	1.0	1.0	0.0	0.0	5.0	1.0	5.0	1.0	1.0	0.0	1.0	0.0	1.0	0.0	4.0	1.0	4.0	1.0	3.0	0.0	4.0	1.0	3.0	0.0	0.0	0.0	-1.0	-2.0	0.0	0.0	0.0	1.0	-0.375	0.0	0.0	0.0	0.0	0.0	0.0	0.0	0.0	1.0	0.0			0.0	0.0	0.0
1	4	2	3	45	3	1	3	0.0	1.0	0.0	1.0	8.0	0.0	1.0	0.0	5.0	3.0	4.0	4.0	5.0	5.0	5.0	5.0	0.0	5.0	1.0	1.0	2.3333333	5.0	3.0	3.0	1.0	0.0	0.0	1.0	1.0	0.0	0.0	1.0	1.0	0.0	0.0		1.0	1.0	1.0	3.0	0.0	3.0	0.0	3.0	0.0	3.0	0.0	3.0	0.0	3.0	0.0	3.0	0.0	3.0	0.0	3.0	0.0	3.0	0.0	2.0	0.0	3.0	0.0	4.0	1.0	5.0	1.0	4.0	1.0	4.0	1.0	3.0	0.0	0.0	5.0	1.0	5.0	1.0	5.0	1.0	5.0	1.0	5.0	1.0	5.0	1.0	5.0	1.0	5.0	1.0	5.0	1.0	5.0	2.0	2.0	2.0	2.0	2.0	2.0	2.0	2.0	2.0	2.0	1.0	1.0	1.0	1.0	1.0	1.0	1.0	1.0	1.0	1.0			1.0	0.0	1.0
4	2	3	1	58	3	4	3	0.0	1.0	1.0	0.0	8.0	0.0	1.0	0.0	2.0	2.0	2.0	2.0	3.0	4.0	4.0	3.6666667	5.0	3.0	3.0	3.0	3.0	3.0	4.0	3.0	0.0	0.0	0.0	0.0	0.0	1.0	1.0	0.0	1.0	0.0	1.0	1.0		1.0	1.0	3.0	0.0	4.0	1.0	4.0	1.0	3.0	0.0	3.0	0.0	4.0	1.0	3.0	0.0	3.0	0.0	4.0	1.0	3.375	0.375	3.0	0.0	3.0	0.0	4.0	1.0	3.0	0.0	3.0	0.0	3.0	0.0	4.0	1.0	0.0	4.0	1.0	4.0	1.0	3.0	0.0	3.0	0.0	3.0	0.0	4.0	1.0	4.0	1.0	3.0	0.0	4.0	1.0	3.5	1.0	0.0	-1.0	0.0	0.0	0.0	1.0	0.0	0.0	0.125	1.0	0.0	-1.0	0.0	0.0	0.0	1.0	0.0	0.0	0.125			0.0	1.0	0.0
2	3	4	1	56	23	5	1	0.0	1.0	1.0	0.0	3.0	0.0	0.0	1.0	1.0	1.0	2.0	1.3333334	3.0	4.0	2.0	3.0	1.0	4.0	2.0	4.0	3.3333333	2.0	3.0	4.0	0.0	1.0	0.0	1.0	1.0	0.0	1.0	0.0	1.0	0.0	1.0	1.0		0.0	0.0	4.0	1.0	4.0	1.0	2.0	0.0	1.0	0.0	1.0	0.0	2.0	0.0	2.0	0.0	4.0	1.0	3.0	0.0	2.5	0.375	4.0	1.0	2.0	0.0	2.0	0.0	2.0	0.0	3.0	0.0	4.0	1.0	4.0	1.0	0.0	3.0	0.0	4.0	1.0	3.0	0.0	1.0	0.0	1.0	0.0	2.0	0.0	2.0	0.0	4.0	1.0	2.0	0.0	2.5	-1.0	0.0	1.0	0.0	0.0	0.0	0.0	0.0	-1.0	0.0	-1.0	0.0	0.0	0.0	0.0	0.0	0.0	0.0	0.0	-0.125	4.0	1.0	0.0	0.0	1.0
3	2	4	1	64	19	7	3	0.0	1.0	1.0	0.0	4.0	0.0	0.0	1.0	3.0	3.0	1.0	2.3333333	1.0	2.0	1.0	1.3333334	0.0	1.0	4.0	2.0	2.3333333	3.0	1.0	4.0	0.0	1.0	1.0	0.0	1.0	0.0	0.0	1.0	1.0	0.0	0.0		1.0	0.0	0.0	3.0	0.0	4.0	1.0	3.0	0.0	1.0	0.0	1.0	0.0	5.0	1.0	3.0	0.0	4.0	1.0	1.0	0.0	3.0	0.375	2.0	0.0	2.0	0.0	1.0	0.0	4.0	1.0	2.0	0.0	4.0	1.0	3.0	0.0	0.0	1.0	0.0	4.0	1.0	3.0	0.0	1.0	0.0	1.0	0.0	5.0	1.0	1.0	0.0	3.0	0.0	1.0	0.0	2.375	-2.0	0.0	0.0	0.0	0.0	0.0	-2.0	-1.0	0.0	-0.625	0.0	0.0	0.0	0.0	0.0	0.0	0.0	-1.0	0.0	-0.125	4.0	1.0	0.0	0.0	0.0
1	2	4	3	70	19	6	4	1.0	0.0	0.0	0.0	7.0	0.0	1.0	0.0	3.0	2.0	2.0	2.3333333	5.0	5.0	3.0	4.3333335	10.0	3.0	4.0	3.0	3.3333333	3.0	4.0	5.0	0.0	1.0	1.0	1.0	2.0	0.0	1.0	0.0	1.0	0.0	1.0	1.0		0.0	0.0	4.0	1.0	4.0	1.0	4.0	1.0	2.0	0.0	3.0	0.0	4.0	1.0	2.0	0.0	5.0	1.0	4.0	1.0	3.5	0.625	4.0	1.0	3.0	0.0	4.0	1.0	3.0	0.0	3.0	0.0	4.0	1.0	4.0	1.0	0.0	4.0	1.0	4.0	1.0	4.0	1.0	2.0	0.0	3.0	0.0	4.0	1.0	2.0	0.0	4.0	1.0	4.0	1.0	3.375	0.0	0.0	0.0	0.0	0.0	0.0	0.0	-1.0	0.0	-0.125	0.0	0.0	0.0	0.0	0.0	0.0	0.0	0.0	0.0	0.0	5.0	1.0	1.0	1.0	1.0
3	1	4	2	58	11	6	3	0.0	0.0	1.0	0.0	6.0	0.0	0.0	1.0	3.0	3.0	3.0	3.0	4.0	5.0	4.0	4.3333335	50.0	4.0	4.0	4.0	4.0	3.0	4.0	5.0	0.0	0.0	1.0	1.0	2.0	1.0	0.0	1.0	1.0	0.0	0.0		1.0	1.0	1.0	4.0	1.0	5.0	1.0	3.0	0.0	2.0	0.0	2.0	0.0	3.0	0.0	3.0	0.0	4.0	1.0	3.0	0.0	3.25	0.375	3.0	0.0	3.0	0.0	4.0	1.0	3.0	0.0	4.0	1.0	5.0	1.0	5.0	1.0	0.0	5.0	1.0	5.0	1.0	4.0	1.0	2.0	0.0	2.0	0.0	4.0	1.0	4.0	1.0	5.0	1.0	4.0	1.0	3.875	1.0	0.0	1.0	0.0	0.0	1.0	1.0	1.0	1.0	0.625	0.0	0.0	1.0	0.0	0.0	1.0	1.0	0.0	1.0	0.375			0.0	1.0	0.0
2	1	4	3	39	21	7	1	0.0	0.0	0.0	1.0	4.0	0.0	0.0	1.0	5.0	4.0	3.0	4.0	3.0	2.0	2.0	2.3333333	-20.0	2.0	5.0	3.0	3.3333333	5.0	2.0	5.0	0.0	1.0	1.0	1.0	2.0	1.0	0.0	0.0	0.0	1.0		0.0	0.0		1.0	4.0	1.0	5.0	1.0	1.0	0.0	2.0	0.0	1.0	0.0	4.0	1.0	2.0	0.0	4.0	1.0	2.0	0.0	2.875	0.5	3.0	0.0	1.0	0.0	2.0	0.0	1.0	0.0	1.0	0.0	2.0	0.0	4.0	1.0	0.0	5.0	1.0	5.0	1.0	2.0	0.0	2.0	0.0	1.0	0.0	4.0	1.0	2.0	0.0	4.0	1.0	2.0	0.0	3.125	1.0	0.0	1.0	0.0	0.0	0.0	0.0	0.0	0.0	0.25	0.0	0.0	0.0	0.0	0.0	0.0	0.0	0.0	0.0	0.0			0.0	0.0	0.0
1	3	2	4	38	18	6	2	0.0	0.0	1.0	0.0	3.0	0.0	0.0	1.0	2.0	2.0	2.0	2.0	4.0	4.0	4.0	4.0	1.0	2.0	2.0	1.0	1.6666666	4.0	2.0	4.0	0.0	1.0	1.0	1.0	2.0	1.0	1.0	0.0	1.0	0.0	1.0	1.0		0.0	0.0	4.0	1.0	4.0	1.0	3.0	0.0	2.0	0.0	2.0	0.0	4.0	1.0	4.0	1.0	4.0	1.0	3.0	0.0	3.375	0.625	4.0	1.0	3.0	0.0	3.0	0.0	2.0	0.0	2.0	0.0	4.0	1.0	4.0	1.0	0.0	4.0	1.0	4.0	1.0	3.0	0.0	2.0	0.0	2.0	0.0	5.0	1.0	4.0	1.0	4.0	1.0	4.0	1.0	3.5	0.0	0.0	0.0	0.0	0.0	1.0	0.0	0.0	1.0	0.125	0.0	0.0	0.0	0.0	0.0	0.0	0.0	0.0	1.0	0.0	4.0	1.0	1.0	0.0	1.0
3	2	1	4	71	16	6	3	1.0	0.0	1.0	0.0	5.0	0.0	0.0	1.0	4.0	4.0	3.0	3.6666667	4.0	4.0	4.0	4.0	48.0	5.0	4.0	3.0	4.0	1.0	2.0	5.0	1.0	0.0	1.0	1.0	2.0	1.0	0.0	0.0	0.0	1.0		0.0	0.0		1.0	4.0	1.0	4.0	1.0	1.0	0.0	1.0	0.0	1.0	0.0	2.0	0.0	2.0	0.0	4.0	1.0	2.0	0.0	2.375	0.375	3.0	0.0	2.0	0.0	2.0	0.0	5.0	1.0	2.0	0.0	4.0	1.0	4.0	1.0	0.0	4.0	1.0	4.0	1.0	1.0	0.0	1.0	0.0	1.0	0.0	2.0	0.0	2.0	0.0	4.0	1.0	2.0	0.0	2.375	0.0	0.0	0.0	0.0	0.0	0.0	0.0	0.0	0.0	0.0	0.0	0.0	0.0	0.0	0.0	0.0	0.0	0.0	0.0	0.0			0.0	1.0	0.0
4	3	2	1	59	6	4	3	0.0	0.0	0.0	1.0	2.0	1.0	0.0	0.0	2.0	2.0	2.0	2.0	4.0	5.0	2.0	3.6666667	-8.0	2.0	4.0	1.0	2.3333333	5.0	4.0	5.0	0.0	1.0	1.0	1.0	2.0	1.0	0.0	0.0	0.0	1.0		0.0	0.0		1.0	5.0	1.0	5.0	1.0	4.0	1.0	1.0	0.0	1.0	0.0	4.0	1.0	4.0	1.0	5.0	1.0	4.0	1.0	3.625	0.75	1.0	0.0	2.0	0.0	4.0	1.0	4.0	1.0	4.0	1.0	5.0	1.0	5.0	1.0	0.0	5.0	1.0	5.0	1.0	5.0	1.0	1.0	0.0	1.0	0.0	5.0	1.0	4.0	1.0	5.0	1.0	5.0	1.0	3.875	0.0	0.0	1.0	0.0	0.0	1.0	0.0	0.0	1.0	0.25	0.0	0.0	0.0	0.0	0.0	0.0	0.0	0.0	0.0	0.0			0.0	0.0	0.0
3	4	2	1	42	13	5	2	0.0	1.0	1.0	0.0	5.0	0.0	0.0	1.0	3.0	2.0	1.0	2.0	4.0	4.0	2.0	3.3333333	1.0	3.0	3.0	3.0	3.0	5.0	4.0	3.0	1.0	0.0	1.0	1.0	2.0	0.0	0.0	1.0	1.0	0.0	0.0		1.0	0.0	0.0	4.0	1.0	3.0	0.0	3.0	0.0	3.0	0.0	4.0	1.0	4.0	1.0	3.0	0.0	3.0	0.0	3.0	0.0	3.375	0.375	3.0	0.0	4.0	1.0	4.0	1.0	3.0	0.0	3.0	0.0	3.0	0.0	3.0	0.0	0.0	3.0	0.0	3.0	0.0	3.0	0.0	3.0	0.0	3.0	0.0	3.0	0.0	3.0	0.0	3.0	0.0	3.0	0.0	3.0	-1.0	0.0	0.0	0.0	-1.0	-1.0	0.0	0.0	0.0	-0.375	-1.0	0.0	0.0	0.0	-1.0	-1.0	0.0	0.0	0.0	-0.375	4.0	1.0	0.0	0.0	1.0
2	3	4	1	63	2	2	1	0.0	0.0	1.0	0.0	7.0	0.0	1.0	0.0	3.0	3.0	3.0	3.0	3.0	4.0	4.0	3.6666667	66.0	2.0	2.0	4.0	2.6666667	3.0	2.0	5.0	1.0	0.0	1.0	1.0	2.0	1.0	0.0	1.0	1.0	0.0	0.0		1.0	0.0	0.0	3.0	0.0	4.0	1.0	4.0	1.0	2.0	0.0	2.0	0.0	1.0	0.0	3.0	0.0	4.0	1.0	3.0	0.0	2.875	0.375	3.0	0.0	3.0	0.0	3.0	0.0	2.0	0.0	2.0	0.0	5.0	1.0	5.0	1.0	0.0	4.0	1.0	4.0	1.0	5.0	1.0	2.0	0.0	1.0	0.0	2.0	0.0	2.0	0.0	5.0	1.0	3.0	0.0	3.125	1.0	0.0	1.0	0.0	-1.0	1.0	-1.0	1.0	0.0	0.25	1.0	0.0	0.0	0.0	0.0	0.0	0.0	0.0	0.0	0.125	4.0	1.0	0.0	1.0	1.0
4	1	3	2	40	3	4	3	0.0	0.0	1.0	0.0	1.0	1.0	0.0	0.0	2.0	3.0	2.0	2.3333333	4.0	5.0	4.0	4.3333335	43.0	2.0	1.0	4.0	2.3333333	4.0	5.0	4.0	0.0	1.0	0.0	1.0	1.0	1.0	0.0	0.0	0.0	1.0		0.0	0.0		1.0	5.0	1.0	5.0	1.0	5.0	1.0	2.0	0.0	4.0	1.0	5.0	1.0	5.0	1.0	5.0	1.0	4.0	1.0	4.5	0.875	4.0	1.0	4.0	1.0	5.0	1.0	2.0	0.0	2.0	0.0	5.0	1.0	5.0	1.0	0.0	5.0	1.0	5.0	1.0	5.0	1.0	2.0	0.0	4.0	1.0	5.0	1.0	5.0	1.0	5.0	1.0	4.0	1.0	4.5	0.0	0.0	0.0	0.0	0.0	0.0	0.0	0.0	0.0	0.0	0.0	0.0	0.0	0.0	0.0	0.0	0.0	0.0	0.0	0.0			0.0	1.0	0.0
4	2	1	3	58	11	2	2	0.0	0.0	1.0	0.0	6.0	0.0	0.0	1.0	3.0	4.0	3.0	3.3333333	2.0	4.0	2.0	2.6666667	80.0	3.0	4.0	3.0	3.3333333	4.0	2.0	4.0	1.0	0.0	0.0	1.0	1.0	0.0	0.0	0.0	0.0	1.0		0.0	0.0		1.0	3.0	0.0	3.0	0.0	3.0	0.0	3.0	0.0	2.0	0.0	2.0	0.0	2.0	0.0	4.0	1.0	3.0	0.0	2.75	0.125	2.0	0.0	2.0	0.0	2.0	0.0	2.0	0.0	2.0	0.0	3.0	0.0	3.0	0.0	0.0	4.0	1.0	4.0	1.0	4.0	1.0	3.0	0.0	3.0	0.0	3.0	0.0	3.0	0.0	4.0	1.0	4.0	1.0	3.5	1.0	1.0	1.0	0.0	1.0	1.0	1.0	0.0	1.0	0.75	1.0	1.0	1.0	0.0	0.0	0.0	0.0	0.0	1.0	0.375			0.0	1.0	0.0
4	3	2	1	34	6	4	2	0.0	0.0	1.0	0.0	7.0	0.0	1.0	0.0	4.0	4.0	3.0	3.6666667	4.0	5.0	5.0	4.6666665	-33.0	5.0	4.0	2.0	3.6666667	5.0	5.0	5.0	1.0	0.0	1.0	1.0	2.0	0.0	0.0	0.0	0.0	1.0		0.0	0.0		1.0	4.0	1.0	4.0	1.0	2.0	0.0	2.0	0.0	3.0	0.0	3.0	0.0	1.0	0.0	4.0	1.0	2.0	0.0	2.875	0.375	3.0	0.0	4.0	1.0	4.0	1.0	5.0	1.0	3.0	0.0	4.0	1.0	5.0	1.0	0.0	5.0	1.0	5.0	1.0	1.0	0.0	1.0	0.0	3.0	0.0	1.0	0.0	1.0	0.0	5.0	1.0	5.0	1.0	2.75	1.0	1.0	-1.0	-1.0	0.0	-2.0	0.0	1.0	3.0	-0.125	0.0	0.0	0.0	0.0	0.0	0.0	0.0	0.0	1.0	0.0			0.0	0.0	0.0
2	1	4	3	62	3	4	4	0.0	0.0	1.0	0.0	8.0	0.0	1.0	0.0	1.0	1.0	1.0	1.0	5.0	5.0	5.0	5.0	35.0	5.0	5.0	5.0	5.0	5.0	4.0	5.0	0.0	1.0	1.0	1.0	2.0	0.0	0.0	0.0	0.0	1.0		0.0	0.0		1.0	5.0	1.0	5.0	1.0	5.0	1.0	5.0	1.0	4.0	1.0	5.0	1.0	4.0	1.0	5.0	1.0	5.0	1.0	4.75	1.0	5.0	1.0	5.0	1.0	4.0	1.0	5.0	1.0	4.0	1.0	5.0	1.0	5.0	1.0	1.0	5.0	1.0	5.0	1.0	5.0	1.0	5.0	1.0	5.0	1.0	5.0	1.0	4.0	1.0	5.0	1.0	5.0	1.0	4.875	0.0	0.0	0.0	0.0	1.0	0.0	0.0	0.0	0.0	0.125	0.0	0.0	0.0	0.0	0.0	0.0	0.0	0.0	0.0	0.0			0.0	1.0	0.0
1	3	2	4	69	2	2	3	1.0	1.0	1.0	0.0	8.0	0.0	1.0	0.0	2.0	2.0	2.0	2.0	2.0	2.0	2.0	2.0	0.0	2.0	4.0	4.0	3.3333333	3.0	2.0	1.0	1.0	0.0	1.0	0.0	1.0	1.0	1.0	0.0	1.0	0.0	1.0	1.0		0.0	0.0	4.0	1.0	4.0	1.0	4.0	1.0	3.0	0.0	3.0	0.0	3.0	0.0	3.0	0.0	4.0	1.0	3.0	0.0	3.5	0.5	3.0	0.0	3.0	0.0	3.0	0.0	4.0	1.0	3.0	0.0	4.0	1.0	4.0	1.0	0.0	4.0	1.0	4.0	1.0	3.0	0.0	3.0	0.0	3.0	0.0	3.0	0.0	3.0	0.0	4.0	1.0	4.0	1.0	3.375	0.0	0.0	-1.0	0.0	0.0	0.0	0.0	0.0	1.0	-0.125	0.0	0.0	-1.0	0.0	0.0	0.0	0.0	0.0	1.0	-0.125	4.0	1.0	1.0	0.0	1.0
3	2	4	1	47	9	4	3	0.0	0.0	1.0	0.0	8.0	0.0	1.0	0.0	4.0	4.0	3.0	3.6666667	1.0	4.0	3.0	2.6666667	59.0	5.0	3.0	2.0	3.3333333	1.0	3.0	5.0	1.0	0.0	1.0	1.0	2.0	1.0	0.0	0.0	0.0	1.0		0.0	0.0		1.0	4.0	1.0	5.0	1.0	3.0	0.0	2.0	0.0	2.0	0.0	3.0	0.0	2.0	0.0	4.0	1.0	3.0	0.0	3.125	0.375	3.0	0.0	3.0	0.0	3.0	0.0	4.0	1.0	4.0	1.0	4.0	1.0	1.0	0.0	1.0	5.0	1.0	5.0	1.0	4.0	1.0	2.0	0.0	2.0	0.0	3.0	0.0	2.0	0.0	5.0	1.0	3.0	0.0	3.5	1.0	0.0	1.0	0.0	0.0	0.0	0.0	1.0	0.0	0.375	0.0	0.0	1.0	0.0	0.0	0.0	0.0	0.0	0.0	0.125			0.0	1.0	0.0
1	4	3	2	45	1	2	3	0.0	1.0	1.0	0.0	6.0	0.0	0.0	1.0	1.0	1.0	1.0	1.0	4.0	5.0	5.0	4.6666665	49.0	4.0	3.0	3.0	3.3333333	4.0	1.0	4.0	1.0	0.0	1.0	1.0	2.0	1.0	0.0	1.0	1.0	0.0	0.0		1.0	1.0	1.0	3.0	0.0	3.0	0.0	3.0	0.0	1.0	0.0	1.0	0.0	1.0	0.0	1.0	0.0	3.0	0.0	1.0	0.0	2.0	0.0	2.0	0.0	2.0	0.0	1.0	0.0	5.0	1.0	3.0	0.0	3.0	0.0	5.0	1.0	0.0	5.0	1.0	3.0	0.0	1.0	0.0	1.0	0.0	1.0	0.0	1.0	0.0	1.0	0.0	4.0	1.0	1.0	0.0	2.125	2.0	0.0	-2.0	0.0	0.0	0.0	0.0	1.0	0.0	0.125	1.0	0.0	0.0	0.0	0.0	0.0	0.0	1.0	0.0	0.25			1.0	1.0	1.0
2	3	4	1	59	3	2	4	0.0	1.0	1.0	0.0	2.0	1.0	0.0	0.0	2.0	3.0	2.0	2.3333333	4.0	5.0	4.0	4.3333335	0.0	4.0	4.0	3.0	3.6666667	3.0	2.0	3.0	0.0	1.0	0.0	1.0	1.0	0.0	1.0	0.0	1.0	0.0	1.0	1.0		1.0	1.0	4.0	1.0	3.0	0.0	1.0	0.0	2.0	0.0	2.0	0.0	1.0	0.0	1.0	0.0	3.0	0.0	1.0	0.0	2.125	0.125	4.0	1.0	2.0	0.0	1.0	0.0	5.0	1.0	2.0	0.0	4.0	1.0	3.0	0.0	0.0	4.0	1.0	4.0	1.0	1.0	0.0	3.0	0.0	3.0	0.0	1.0	0.0	1.0	0.0	3.0	0.0	1.0	0.0	2.5	0.0	1.0	0.0	1.0	1.0	0.0	0.0	0.0	0.0	0.375	0.0	1.0	0.0	0.0	0.0	0.0	0.0	0.0	0.0	0.125			0.0	0.0	1.0
3	2	4	1	74	19	7	1	1.0	1.0	1.0	0.0	3.0	0.0	0.0	1.0	2.0	2.0	2.0	2.0	3.0	4.0	3.0	3.3333333	6.0	2.0	3.0	2.0	2.3333333	4.0	2.0	3.0	0.0	1.0	0.0	0.0	0.0	0.0	1.0	0.0	1.0	0.0	1.0	1.0		1.0	1.0	4.0	1.0	4.0	1.0	4.0	1.0	2.0	0.0	2.0	0.0	4.0	1.0	3.0	0.0	4.0	1.0	2.0	0.0	3.375	0.625	4.0	1.0	2.0	0.0	3.0	0.0	4.0	1.0	3.0	0.0	5.0	1.0	4.0	1.0	0.0	4.0	1.0	4.0	1.0	4.0	1.0	2.0	0.0	2.0	0.0	4.0	1.0	2.0	0.0	4.0	1.0	3.0	0.0	3.25	0.0	0.0	0.0	0.0	0.0	0.0	-1.0	0.0	1.0	-0.125	0.0	0.0	0.0	0.0	0.0	0.0	0.0	0.0	0.0	0.0			0.0	1.0	0.0
1	4	3	2	66	15	4	3	1.0	1.0	1.0	0.0	1.0	1.0	0.0	0.0	2.0	2.0	1.0	1.6666666	4.0	4.0	3.0	3.6666667	-2.0	3.0	3.0	2.0	2.6666667	3.0	4.0	3.0	0.0	1.0	0.0	0.0	0.0	0.0	1.0	0.0	1.0	0.0	1.0	1.0		1.0	1.0	4.0	1.0	4.0	1.0	3.0	0.0	3.0	0.0	3.0	0.0	4.0	1.0	3.0	0.0	3.0	0.0	3.0	0.0	3.375	0.375	1.0	0.0	3.0	0.0	3.0	0.0	3.0	0.0	4.0	1.0	4.0	1.0	4.0	1.0	0.0	4.0	1.0	4.0	1.0	3.0	0.0	3.0	0.0	3.0	0.0	4.0	1.0	3.0	0.0	4.0	1.0	4.0	1.0	3.5	0.0	0.0	0.0	0.0	0.0	0.0	0.0	1.0	1.0	0.125	0.0	0.0	0.0	0.0	0.0	0.0	0.0	1.0	1.0	0.125			1.0	0.0	1.0
2	3	4	1	67	18	2	2	1.0	0.0	1.0	0.0	8.0	0.0	1.0	0.0	4.0	4.0	3.0	3.6666667	4.0	5.0	4.0	4.3333335	100.0	5.0	5.0	2.0	4.0	3.0	4.0	5.0	1.0	0.0	1.0	1.0	2.0	1.0	0.0	1.0	1.0	0.0	0.0		1.0	1.0	1.0	4.0	1.0	5.0	1.0	4.0	1.0	1.0	0.0	1.0	0.0	3.0	0.0	2.0	0.0	5.0	1.0	4.0	1.0	3.125	0.5	2.0	0.0	2.0	0.0	3.0	0.0	3.0	0.0	3.0	0.0	5.0	1.0	5.0	1.0	0.0	5.0	1.0	5.0	1.0	4.0	1.0	1.0	0.0	1.0	0.0	3.0	0.0	1.0	0.0	5.0	1.0	4.0	1.0	3.125	1.0	0.0	0.0	0.0	0.0	0.0	-1.0	0.0	0.0	0.0	0.0	0.0	0.0	0.0	0.0	0.0	0.0	0.0	0.0	0.0			0.0	1.0	1.0
3	1	4	2	72	7	4	3	1.0	0.0	1.0	0.0	8.0	0.0	1.0	0.0	2.0	1.0	4.0	2.3333333	1.0	5.0	1.0	2.3333333	100.0	5.0	5.0	5.0	5.0	2.0	4.0	5.0	1.0	0.0	1.0	1.0	2.0	0.0	1.0	0.0	1.0	0.0	1.0	1.0		0.0	0.0	5.0	1.0	5.0	1.0	5.0	1.0	4.0	1.0	1.0	0.0	3.0	0.0	3.0	0.0	5.0	1.0	4.0	1.0	3.875	0.625	3.0	0.0	5.0	1.0	3.0	0.0	5.0	1.0	2.0	0.0	5.0	1.0	2.0	0.0	0.0	1.0	0.0	5.0	1.0	5.0	1.0	3.0	0.0	1.0	0.0	1.0	0.0	1.0	0.0	5.0	1.0	3.0	0.0	2.75	-4.0	0.0	0.0	-1.0	0.0	-2.0	-2.0	0.0	-1.0	-1.125	-1.0	0.0	0.0	-1.0	0.0	0.0	0.0	0.0	-1.0	-0.25	5.0	1.0	0.0	1.0	0.0
3	2	1	4	49	8	4	2	0.0	0.0	0.0	1.0	1.0	1.0	0.0	0.0	2.0	3.0	4.0	3.0	4.0	3.0	3.0	3.3333333	5.0	4.0	4.0	2.0	3.3333333	4.0	3.0	4.0	0.0	0.0	1.0	0.0	1.0	1.0	0.0	0.0	0.0	1.0		0.0	0.0		1.0	4.0	1.0	4.0	1.0	4.0	1.0	4.0	1.0	4.0	1.0	4.0	1.0	3.0	0.0	5.0	1.0	4.0	1.0	4.0	0.875	5.0	1.0	4.0	1.0	3.0	0.0	2.0	0.0	3.0	0.0	5.0	1.0	5.0	1.0	1.0	4.0	1.0	4.0	1.0	4.0	1.0	4.0	1.0	4.0	1.0	4.0	1.0	4.0	1.0	4.0	1.0	3.0	0.0	4.0	0.0	0.0	0.0	0.0	0.0	0.0	1.0	-1.0	-1.0	0.0	0.0	0.0	0.0	0.0	0.0	0.0	1.0	0.0	-1.0	0.125			0.0	1.0	0.0
2	3	4	1	66	19	5	4	1.0	1.0	1.0	0.0	1.0	1.0	0.0	0.0	2.0	4.0	1.0	2.3333333	4.0	4.0	1.0	3.0	-2.0	2.0	4.0	2.0	2.6666667	4.0	5.0	4.0	0.0	1.0	0.0	1.0	1.0	0.0	1.0	0.0	1.0	0.0	1.0	1.0		1.0	1.0	5.0	1.0	5.0	1.0	5.0	1.0	1.0	0.0	1.0	0.0	4.0	1.0	4.0	1.0	5.0	1.0	5.0	1.0	3.75	0.75	3.0	0.0	2.0	0.0	2.0	0.0	4.0	1.0	2.0	0.0	5.0	1.0	4.0	1.0	0.0	5.0	1.0	5.0	1.0	5.0	1.0	1.0	0.0	1.0	0.0	4.0	1.0	4.0	1.0	5.0	1.0	5.0	1.0	3.75	0.0	0.0	0.0	0.0	0.0	0.0	0.0	0.0	0.0	0.0	0.0	0.0	0.0	0.0	0.0	0.0	0.0	0.0	0.0	0.0			0.0	0.0	1.0
2	1	3	4	67	9	7	4	1.0	1.0	1.0	0.0	1.0	1.0	0.0	0.0	2.0	1.0	1.0	1.3333334	2.0	3.0	1.0	2.0	70.0	3.0	4.0	4.0	3.6666667	3.0	2.0	2.0	0.0	1.0	1.0	0.0	1.0	1.0	0.0	1.0	1.0	0.0	0.0		1.0	0.0	0.0	4.0	1.0	5.0	1.0	1.0	0.0	1.0	0.0	1.0	0.0	3.0	0.0	3.0	0.0	3.0	0.0	3.0	0.0	2.625	0.25	2.0	0.0	2.0	0.0	4.0	1.0	4.0	1.0	4.0	1.0	5.0	1.0	3.0	0.0	0.0	5.0	1.0	5.0	1.0	3.0	0.0	1.0	0.0	3.0	0.0	3.0	0.0	3.0	0.0	5.0	1.0	4.0	1.0	3.5	1.0	0.0	2.0	0.0	2.0	0.0	0.0	2.0	1.0	0.875	0.0	0.0	0.0	0.0	0.0	0.0	0.0	1.0	1.0	0.125	5.0	1.0	0.0	1.0	0.0
3	2	4	1	69	19	6	2	1.0	1.0	1.0	0.0	1.0	1.0	0.0	0.0	2.0	1.0	1.0	1.3333334	1.0	3.0	1.0	1.6666666	55.0	1.0	3.0	1.0	1.6666666	2.0	5.0	5.0	0.0	1.0	1.0	1.0	2.0	0.0	0.0	0.0	0.0	1.0		0.0	0.0		1.0	4.0	1.0	5.0	1.0	4.0	1.0	1.0	0.0	2.0	0.0	5.0	1.0	4.0	1.0	5.0	1.0	5.0	1.0	3.75	0.75	2.0	0.0	1.0	0.0	4.0	1.0	5.0	1.0	3.0	0.0	5.0	1.0	4.0	1.0	0.0	5.0	1.0	5.0	1.0	5.0	1.0	1.0	0.0	2.0	0.0	5.0	1.0	4.0	1.0	5.0	1.0	5.0	1.0	4.0	1.0	0.0	1.0	0.0	0.0	0.0	0.0	0.0	0.0	0.25	0.0	0.0	0.0	0.0	0.0	0.0	0.0	0.0	0.0	0.0			0.0	1.0	0.0
2	3	4	1	62	20	6	1	0.0	1.0	1.0	0.0	6.0	0.0	0.0	1.0	2.0	2.0	1.0	1.6666666	2.0	3.0	4.0	3.0	63.0	5.0	1.0	1.0	2.3333333	3.0	4.0	5.0	1.0	0.0	0.0	0.0	0.0	0.0	1.0	0.0	1.0	0.0	1.0	1.0		1.0	1.0	5.0	1.0	5.0	1.0	4.0	1.0	3.0	0.0	1.0	0.0	3.0	0.0	2.0	0.0	4.0	1.0	2.0	0.0	3.375	0.5	2.0	0.0	2.0	0.0	3.0	0.0	3.0	0.0	2.0	0.0	4.0	1.0	4.0	1.0	1.0	5.0	1.0	5.0	1.0	4.0	1.0	2.0	0.0	1.0	0.0	3.0	0.0	3.0	0.0	4.0	1.0	3.0	0.0	3.375	0.0	0.0	0.0	-1.0	0.0	0.0	1.0	0.0	1.0	0.0	0.0	0.0	0.0	0.0	0.0	0.0	0.0	0.0	0.0	0.0			0.0	1.0	1.0
2	4	3	1	60	2	1	2	0.0	1.0	1.0	0.0	8.0	0.0	1.0	0.0	3.0	4.0	2.0	3.0	3.0	4.0	3.0	3.3333333	-1.0	3.0	3.0	3.0	3.0	4.0	3.0	4.0	1.0	0.0	0.0	0.0	0.0	1.0	0.0	0.0	0.0	1.0		0.0	0.0		1.0	3.0	0.0	3.0	0.0	3.0	0.0	3.0	0.0	3.0	0.0	3.0	0.0	3.0	0.0	3.0	0.0	4.0	1.0	3.0	0.0	2.0	0.0	4.0	1.0	4.0	1.0	4.0	1.0	3.0	0.0	4.0	1.0	4.0	1.0	0.0	4.0	1.0	4.0	1.0	3.0	0.0	4.0	1.0	4.0	1.0	4.0	1.0	4.0	1.0	4.0	1.0	4.0	1.0	3.875	1.0	1.0	0.0	1.0	1.0	1.0	1.0	1.0	0.0	0.875	1.0	1.0	0.0	1.0	1.0	1.0	1.0	1.0	0.0	0.875			0.0	0.0	1.0
2	1	4	3	68	15	6	4	1.0	0.0	1.0	0.0	6.0	0.0	0.0	1.0	2.0	1.0	2.0	1.6666666	3.0	2.0	2.0	2.3333333	32.0	2.0	4.0	3.0	3.0	4.0	3.0	5.0	1.0	0.0	1.0	1.0	2.0	1.0	0.0	1.0	1.0	0.0	0.0		1.0	1.0	1.0	4.0	1.0	4.0	1.0	3.0	0.0	2.0	0.0	2.0	0.0	3.0	0.0	3.0	0.0	3.0	0.0	3.0	0.0	3.0	0.25	2.0	0.0	2.0	0.0	3.0	0.0	3.0	0.0	4.0	1.0	4.0	1.0	4.0	1.0	1.0	4.0	1.0	5.0	1.0	4.0	1.0	2.0	0.0	2.0	0.0	3.0	0.0	3.0	0.0	4.0	1.0	4.0	1.0	3.375	0.0	1.0	1.0	0.0	0.0	0.0	0.0	1.0	1.0	0.375	0.0	0.0	1.0	0.0	0.0	0.0	0.0	1.0	1.0	0.25			0.0	1.0	0.0
3	1	4	2	73	6	7	2	1.0	0.0	1.0	0.0	2.0	1.0	0.0	0.0	2.0	1.0	3.0	2.0	2.0	3.0	1.0	2.0	25.0	5.0	4.0	3.0	4.0	3.0	5.0	5.0	0.0	1.0	0.0	0.0	0.0	0.0	1.0	0.0	1.0	0.0	1.0	1.0		1.0	1.0	4.0	1.0	5.0	1.0	4.0	1.0	1.0	0.0	2.0	0.0	4.0	1.0	3.0	0.0	4.0	1.0	3.0	0.0	3.375	0.625	3.0	0.0	2.0	0.0	4.0	1.0	4.0	1.0	3.0	0.0	5.0	1.0	4.0	1.0	0.0	5.0	1.0	5.0	1.0	4.0	1.0	2.0	0.0	2.0	0.0	4.0	1.0	4.0	1.0	4.0	1.0	4.0	1.0	3.75	1.0	0.0	0.0	1.0	0.0	0.0	1.0	0.0	1.0	0.375	0.0	0.0	0.0	0.0	0.0	0.0	1.0	0.0	1.0	0.125			0.0	1.0	0.0
1	2	3	4	42	9	2	3	0.0	1.0	1.0	0.0	3.0	0.0	0.0	1.0	1.0	1.0	1.0	1.0	4.0	5.0	1.0	3.3333333	-39.0	1.0	2.0	1.0	1.3333334	4.0	2.0	4.0	0.0	1.0	1.0	1.0	2.0	0.0	1.0	0.0	1.0	0.0	1.0	1.0		1.0	1.0	5.0	1.0	5.0	1.0	5.0	1.0	1.0	0.0	2.0	0.0	5.0	1.0	4.0	1.0	4.0	1.0	5.0	1.0	3.875	0.75	5.0	1.0	4.0	1.0	2.0	0.0	2.0	0.0	1.0	0.0	4.0	1.0	4.0	1.0	0.0	5.0	1.0	5.0	1.0	5.0	1.0	1.0	0.0	1.0	0.0	5.0	1.0	4.0	1.0	4.0	1.0	4.0	1.0	3.75	0.0	0.0	0.0	0.0	-1.0	0.0	0.0	0.0	-1.0	-0.125	0.0	0.0	0.0	0.0	0.0	0.0	0.0	0.0	0.0	0.0			1.0	0.0	1.0
1	3	4	2	69	3	4	3	1.0	1.0	1.0	0.0	7.0	0.0	1.0	0.0	1.0	2.0	1.0	1.3333334	2.0	4.0	1.0	2.3333333	15.0	2.0	4.0	4.0	3.3333333	4.0	1.0	3.0	0.0	1.0	0.0	0.0	0.0	0.0	1.0	0.0	1.0	0.0	1.0	1.0		0.0	0.0	5.0	1.0	2.0	0.0	2.0	0.0	4.0	1.0	1.0	0.0	4.0	1.0	1.0	0.0	5.0	1.0	2.0	0.0	3.0	0.5	2.0	0.0	2.0	0.0	2.0	0.0	4.0	1.0	2.0	0.0	5.0	1.0	5.0	1.0	0.0	5.0	1.0	2.0	0.0	2.0	0.0	1.0	0.0	1.0	0.0	4.0	1.0	2.0	0.0	5.0	1.0	2.0	0.0	2.75	0.0	0.0	0.0	-3.0	0.0	0.0	1.0	0.0	0.0	-0.25	0.0	0.0	0.0	-1.0	0.0	0.0	0.0	0.0	0.0	-0.125	5.0	1.0	1.0	1.0	1.0
1	3	2	4	60	2	4	3	0.0	0.0	1.0	0.0	4.0	0.0	0.0	1.0	2.0	2.0	2.0	2.0	4.0	3.0	4.0	3.6666667	0.0	2.0	3.0	3.0	2.6666667	3.0	3.0	4.0	0.0	0.0	0.0	0.0	0.0	0.0	0.0	1.0	1.0	0.0	0.0		1.0	0.0	0.0	4.0	1.0	3.0	0.0	4.0	1.0	2.0	0.0	3.0	0.0	4.0	1.0	3.0	0.0	3.0	0.0	3.0	0.0	3.25	0.375	3.0	0.0	3.0	0.0	3.0	0.0	4.0	1.0	3.0	0.0	4.0	1.0	3.0	0.0	0.0	4.0	1.0	4.0	1.0	4.0	1.0	2.0	0.0	3.0	0.0	4.0	1.0	3.0	0.0	3.0	0.0	4.0	1.0	3.375	0.0	1.0	0.0	0.0	0.0	0.0	0.0	0.0	1.0	0.125	0.0	1.0	0.0	0.0	0.0	0.0	0.0	0.0	1.0	0.125	4.0	1.0	1.0	0.0	1.0
2	3	4	1	66	3	8	2	1.0	0.0	1.0	0.0	1.0	1.0	0.0	0.0	1.0	2.0	2.0	1.6666666	3.0	5.0	2.0	3.3333333	-44.0	4.0	4.0	4.0	4.0	3.0	2.0	5.0	0.0	1.0	1.0	1.0	2.0	0.0	1.0	0.0	1.0	0.0	1.0	1.0		1.0	1.0	4.0	1.0	4.0	1.0	3.0	0.0	2.0	0.0	4.0	1.0	3.0	0.0	2.0	0.0	4.0	1.0	3.0	0.0	3.25	0.5	4.0	1.0	5.0	1.0	5.0	1.0	3.0	0.0	3.0	0.0	5.0	1.0	5.0	1.0	1.0	5.0	1.0	5.0	1.0	5.0	1.0	1.0	0.0	1.0	0.0	4.0	1.0	3.0	0.0	5.0	1.0	3.0	0.0	3.625	1.0	1.0	2.0	-1.0	-3.0	1.0	1.0	1.0	0.0	0.375	0.0	0.0	1.0	0.0	-1.0	1.0	0.0	0.0	0.0	0.125			0.0	0.0	1.0
3	2	4	1	33	20	6	4	0.0	0.0	1.0	0.0	8.0	0.0	1.0	0.0	5.0	4.0	3.0	4.0	2.0	3.0	3.0	2.6666667	0.0	3.0	4.0	3.0	3.3333333	1.0	1.0	5.0	1.0	0.0	1.0	1.0	2.0	1.0	0.0	1.0	1.0	0.0	0.0		1.0	1.0	1.0	1.0	0.0	1.0	0.0	1.0	0.0	1.0	0.0	1.0	0.0	1.0	0.0	1.0	0.0	1.0	0.0	1.0	0.0	1.0	0.0	2.0	0.0	1.0	0.0	1.0	0.0	1.0	0.0	1.0	0.0	1.0	0.0	1.0	0.0	0.0	1.0	0.0	1.0	0.0	1.0	0.0	1.0	0.0	1.0	0.0	1.0	0.0	1.0	0.0	1.0	0.0	1.0	0.0	1.0	0.0	0.0	0.0	0.0	0.0	0.0	0.0	0.0	0.0	0.0	0.0	0.0	0.0	0.0	0.0	0.0	0.0	0.0	0.0	0.0			0.0	0.0	0.0
2	4	3	1	64	9	7	1	0.0	1.0	1.0	0.0	1.0	1.0	0.0	0.0	1.0	1.0	1.0	1.0	1.0	3.0	1.0	1.6666666	0.0	2.0	3.0	1.0	2.0	5.0	5.0	4.0	0.0	1.0	0.0	1.0	1.0	1.0	0.0	1.0	1.0	0.0	0.0		1.0	1.0	1.0	5.0	1.0	5.0	1.0	3.0	0.0	1.0	0.0	1.0	0.0	5.0	1.0	5.0	1.0	5.0	1.0	5.0	1.0	3.75	0.625	3.0	0.0	3.0	0.0	5.0	1.0	2.0	0.0	5.0	1.0	5.0	1.0	5.0	1.0	1.0	5.0	1.0	5.0	1.0	3.0	0.0	1.0	0.0	1.0	0.0	5.0	1.0	5.0	1.0	5.0	1.0	5.0	1.0	3.75	0.0	0.0	0.0	0.0	0.0	0.0	0.0	0.0	0.0	0.0	0.0	0.0	0.0	0.0	0.0	0.0	0.0	0.0	0.0	0.0			0.0	0.0	1.0
3	1	4	2	54	14	6	3	0.0	0.0	1.0	0.0	4.0	0.0	0.0	1.0	1.0	1.0	1.0	1.0	3.0	4.0	1.0	2.6666667	15.0	3.0	3.0	4.0	3.3333333	4.0	4.0	5.0	0.0	1.0	0.0	1.0	1.0	1.0	0.0	1.0	1.0	0.0	0.0		1.0	1.0	1.0	3.0	0.0	4.0	1.0	4.0	1.0	2.0	0.0	2.0	0.0	4.0	1.0	3.0	0.0	4.0	1.0	3.0	0.0	3.25	0.5	3.0	0.0	3.0	0.0	3.0	0.0	3.0	0.0	3.0	0.0	5.0	1.0	5.0	1.0	0.0	5.0	1.0	5.0	1.0	5.0	1.0	2.0	0.0	2.0	0.0	4.0	1.0	3.0	0.0	5.0	1.0	3.0	0.0	3.875	2.0	1.0	1.0	0.0	0.0	0.0	0.0	1.0	0.0	0.625	1.0	0.0	0.0	0.0	0.0	0.0	0.0	0.0	0.0	0.125			0.0	1.0	0.0
1	3	4	2	39	18	5	2	0.0	1.0	1.0	0.0	1.0	1.0	0.0	0.0	1.0	1.0	1.0	1.0	1.0	2.0	3.0	2.0	-88.0	2.0	2.0	2.0	2.0	3.0	4.0	4.0	0.0	1.0	1.0	1.0	2.0	0.0	1.0	0.0	1.0	0.0	1.0	1.0		1.0	1.0	5.0	1.0	5.0	1.0	5.0	1.0	1.0	0.0	1.0	0.0	5.0	1.0	4.0	1.0	5.0	1.0	3.0	0.0	3.875	0.75	3.0	0.0	2.0	0.0	3.0	0.0	2.0	0.0	2.0	0.0	5.0	1.0	3.0	0.0	0.0	5.0	1.0	5.0	1.0	5.0	1.0	1.0	0.0	1.0	0.0	5.0	1.0	4.0	1.0	3.0	0.0	3.0	0.0	3.625	0.0	0.0	0.0	0.0	0.0	0.0	0.0	-2.0	0.0	-0.25	0.0	0.0	0.0	0.0	0.0	0.0	0.0	-1.0	0.0	-0.125			1.0	0.0	1.0
4	2	3	1	64	1	2	3	0.0	1.0	1.0	0.0	8.0	0.0	1.0	0.0	4.0	2.0	4.0	3.3333333	2.0	4.0	1.0	2.3333333	50.0	3.0	3.0	3.0	3.0	2.0	3.0	4.0	1.0	0.0	0.0	0.0	0.0	1.0	1.0	0.0	1.0	0.0	1.0	1.0		0.0	0.0	4.0	1.0	4.0	1.0	2.0	0.0	2.0	0.0	3.0	0.0	4.0	1.0	4.0	1.0	4.0	1.0	4.0	1.0	3.375	0.625	3.0	0.0	3.0	0.0	4.0	1.0	5.0	1.0	3.0	0.0	5.0	1.0	5.0	1.0	0.0	3.0	0.0	4.0	1.0	2.0	0.0	2.0	0.0	2.0	0.0	4.0	1.0	3.0	0.0	3.0	0.0	3.0	0.0	2.875	-1.0	0.0	0.0	0.0	-1.0	0.0	-1.0	-1.0	-1.0	-0.5	-1.0	0.0	0.0	0.0	0.0	0.0	-1.0	-1.0	-1.0	-0.375	5.0	1.0	0.0	1.0	0.0
3	1	4	2	71	8	5	3	1.0	0.0	1.0	0.0	8.0	0.0	1.0	0.0	2.0	2.0	2.0	2.0	4.0	4.0	3.0	3.6666667	-20.0	3.0	3.0	2.0	2.6666667	3.0	2.0	3.0	0.0	0.0	1.0	1.0	2.0	1.0	0.0	0.0	0.0	1.0		0.0	0.0		1.0	5.0	1.0	5.0	1.0	4.0	1.0	1.0	0.0	1.0	0.0	3.0	0.0	3.0	0.0	4.0	1.0	4.0	1.0	3.25	0.5	3.0	0.0	2.0	0.0	4.0	1.0	3.0	0.0	3.0	0.0	5.0	1.0	4.0	1.0	1.0	5.0	1.0	5.0	1.0	4.0	1.0	1.0	0.0	2.0	0.0	3.0	0.0	4.0	1.0	5.0	1.0	4.0	1.0	3.625	0.0	0.0	0.0	0.0	1.0	0.0	1.0	1.0	0.0	0.375	0.0	0.0	0.0	0.0	0.0	0.0	1.0	0.0	0.0	0.125			0.0	0.0	0.0
3	1	4	2	54	17	6	1	0.0	1.0	1.0	0.0	6.0	0.0	0.0	1.0	1.0	1.0	1.0	1.0	1.0	4.0	1.0	2.0	95.0	3.0	4.0	4.0	3.6666667	4.0	4.0	4.0	1.0	0.0	1.0	1.0	2.0	0.0	1.0	0.0	1.0	0.0	1.0	1.0		0.0	0.0	5.0	1.0	5.0	1.0	4.0	1.0	1.0	0.0	2.0	0.0	4.0	1.0	2.0	0.0	3.0	0.0	4.0	1.0	3.25	0.5	2.0	0.0	3.0	0.0	4.0	1.0	3.0	0.0	3.0	0.0	5.0	1.0	4.0	1.0	0.0	5.0	1.0	5.0	1.0	4.0	1.0	2.0	0.0	2.0	0.0	4.0	1.0	2.0	0.0	4.0	1.0	4.0	1.0	3.5	0.0	0.0	0.0	1.0	0.0	0.0	0.0	1.0	0.0	0.25	0.0	0.0	0.0	0.0	0.0	0.0	0.0	1.0	0.0	0.125	5.0	1.0	0.0	1.0	0.0
3	2	4	1	54	5	5	1	0.0	1.0	1.0	0.0	3.0	0.0	0.0	1.0	1.0	1.0	1.0	1.0	1.0	1.0	1.0	1.0	0.0	2.0	2.0	1.0	1.6666666	5.0	1.0	2.0	0.0	1.0	1.0	0.0	1.0	1.0	1.0	0.0	1.0	0.0	1.0	1.0		0.0	0.0	2.0	0.0	5.0	1.0	3.0	0.0	2.0	0.0	2.0	0.0	4.0	1.0	4.0	1.0	4.0	1.0	3.0	0.0	3.25	0.5	4.0	1.0	3.0	0.0	4.0	1.0	2.0	0.0	3.0	0.0	5.0	1.0	5.0	1.0	0.0	1.0	0.0	4.0	1.0	2.0	0.0	1.0	0.0	2.0	0.0	5.0	1.0	4.0	1.0	3.0	0.0	4.0	1.0	2.75	-1.0	-1.0	-1.0	-1.0	0.0	1.0	0.0	-1.0	1.0	-0.5	0.0	0.0	0.0	0.0	0.0	0.0	0.0	-1.0	1.0	-0.125	5.0	1.0	0.0	0.0	0.0
3	2	4	1	51	9	4	2	0.0	1.0	1.0	0.0	2.0	1.0	0.0	0.0	1.0	2.0	1.0	1.3333334	4.0	5.0	4.0	4.3333335	15.0	4.0	5.0	4.0	4.3333335	5.0	4.0	4.0	0.0	0.0	0.0	0.0	0.0	0.0	0.0	0.0	0.0	1.0		0.0	0.0		1.0	5.0	1.0	5.0	1.0	4.0	1.0	3.0	0.0	4.0	1.0	4.0	1.0	2.0	0.0	5.0	1.0	4.0	1.0	4.0	0.75	3.0	0.0	4.0	1.0	4.0	1.0	5.0	1.0	4.0	1.0	3.0	0.0	3.0	0.0	0.0	5.0	1.0	5.0	1.0	4.0	1.0	4.0	1.0	5.0	1.0	4.0	1.0	2.0	0.0	5.0	1.0	4.0	1.0	4.25	0.0	0.0	0.0	1.0	1.0	0.0	0.0	0.0	0.0	0.25	0.0	0.0	0.0	1.0	0.0	0.0	0.0	0.0	0.0	0.125			0.0	1.0	0.0
1	3	4	2	47	13	5	3	0.0	1.0	1.0	0.0	3.0	0.0	0.0	1.0	1.0	1.0	1.0	1.0	1.0	1.0	1.0	1.0	0.0	1.0	3.0	3.0	2.3333333	3.0	4.0	1.0	0.0	1.0	1.0	0.0	1.0	1.0	0.0	1.0	1.0	0.0	0.0		1.0	1.0	1.0	4.0	1.0	4.0	1.0	4.0	1.0	2.0	0.0	4.0	1.0	5.0	1.0	4.0	1.0	4.0	1.0	4.0	1.0	3.875	0.875	4.0	1.0	3.0	0.0	4.0	1.0	3.0	0.0	4.0	1.0	4.0	1.0	4.0	1.0	0.0	4.0	1.0	4.0	1.0	4.0	1.0	2.0	0.0	4.0	1.0	5.0	1.0	4.0	1.0	4.0	1.0	4.0	1.0	3.875	0.0	0.0	0.0	0.0	0.0	0.0	0.0	0.0	0.0	0.0	0.0	0.0	0.0	0.0	0.0	0.0	0.0	0.0	0.0	0.0			1.0	0.0	1.0
2	3	4	1	63	4	7	3	0.0	1.0	1.0	0.0	1.0	1.0	0.0	0.0	2.0	3.0	1.0	2.0	1.0	3.0	1.0	1.6666666	0.0	4.0	2.0	2.0	2.6666667	1.0	4.0	5.0	0.0	1.0	1.0	1.0	2.0	0.0	1.0	0.0	1.0	0.0	1.0	1.0		0.0	0.0	5.0	1.0	5.0	1.0	5.0	1.0	1.0	0.0	1.0	0.0	4.0	1.0	3.0	0.0	4.0	1.0	2.0	0.0	3.5	0.625	2.0	0.0	2.0	0.0	2.0	0.0	4.0	1.0	2.0	0.0	5.0	1.0	4.0	1.0	0.0	3.0	0.0	5.0	1.0	5.0	1.0	1.0	0.0	1.0	0.0	5.0	1.0	3.0	0.0	4.0	1.0	4.0	1.0	3.375	-2.0	0.0	0.0	0.0	0.0	1.0	0.0	0.0	2.0	-0.125	-1.0	0.0	0.0	0.0	0.0	0.0	0.0	0.0	1.0	-0.125	5.0	1.0	0.0	0.0	1.0
3	2	4	1	64	12	5	1	0.0	1.0	1.0	0.0	2.0	1.0	0.0	0.0	1.0	1.0	3.0	1.6666666	5.0	4.0	1.0	3.3333333	92.0	3.0	2.0	5.0	3.3333333	5.0	2.0	4.0	0.0	1.0	0.0	0.0	0.0	0.0	0.0	0.0	0.0	1.0		0.0	0.0		1.0	5.0	1.0	5.0	1.0	4.0	1.0	1.0	0.0	1.0	0.0	5.0	1.0	1.0	0.0	4.0	1.0	1.0	0.0	3.25	0.625	2.0	0.0	3.0	0.0	1.0	0.0	3.0	0.0	1.0	0.0	3.0	0.0	5.0	1.0	0.0	5.0	1.0	5.0	1.0	3.0	0.0	1.0	0.0	1.0	0.0	5.0	1.0	3.0	0.0	5.0	1.0	3.0	0.0	3.5	0.0	0.0	-1.0	0.0	0.0	0.0	2.0	1.0	2.0	0.25	0.0	0.0	-1.0	0.0	0.0	0.0	0.0	0.0	0.0	-0.125			0.0	1.0	0.0
3	4	2	1	68	2	2	2	1.0	1.0	1.0	0.0	7.0	0.0	1.0	0.0	3.0	2.0	2.0	2.3333333	4.0	4.0	2.0	3.3333333	-1.0	4.0	4.0	4.0	4.0	3.0	2.0	2.0	0.0	0.0	0.0	0.0	0.0	1.0	0.0	1.0	1.0	0.0	0.0		1.0	0.0	0.0	3.0	0.0	3.0	0.0	3.0	0.0	2.0	0.0	2.0	0.0	2.0	0.0	2.0	0.0	3.0	0.0	4.0	1.0	2.5	0.0	3.0	0.0	3.0	0.0	3.0	0.0	3.0	0.0	3.0	0.0	4.0	1.0	4.0	1.0	0.0	3.0	0.0	3.0	0.0	4.0	1.0	2.0	0.0	2.0	0.0	2.0	0.0	2.0	0.0	3.0	0.0	3.0	0.0	2.625	0.0	0.0	1.0	0.0	0.0	0.0	0.0	0.0	-1.0	0.125	0.0	0.0	1.0	0.0	0.0	0.0	0.0	0.0	-1.0	0.125	4.0	1.0	0.0	0.0	1.0
2	1	4	3	38	6	4	2	0.0	1.0	0.0	1.0	2.0	1.0	0.0	0.0	3.0	3.0	2.0	2.6666667	4.0	4.0	2.0	3.3333333	12.0	3.0	4.0	3.0	3.3333333	3.0	3.0	4.0	0.0	1.0	0.0	1.0	1.0	0.0	0.0	1.0	1.0	0.0	0.0		1.0	1.0	1.0	3.0	0.0	4.0	1.0	2.0	0.0	2.0	0.0	3.0	0.0	3.0	0.0	2.0	0.0	3.0	0.0	5.0	1.0	2.75	0.125	3.0	0.0	2.0	0.0	3.0	0.0	3.0	0.0	2.0	0.0	5.0	1.0	4.0	1.0	0.0	5.0	1.0	5.0	1.0	3.0	0.0	2.0	0.0	2.0	0.0	3.0	0.0	3.0	0.0	3.0	0.0	3.0	0.0	3.25	2.0	1.0	1.0	0.0	-1.0	0.0	1.0	0.0	-2.0	0.5	1.0	0.0	0.0	0.0	0.0	0.0	0.0	0.0	-1.0	0.125			0.0	1.0	0.0
2	4	3	1	44	1	1	3	0.0	0.0	1.0	0.0	7.0	0.0	1.0	0.0	3.0	3.0	4.0	3.3333333	3.0	5.0	5.0	4.3333335	52.0	2.0	3.0	4.0	3.0	4.0	3.0	2.0	1.0	0.0	0.0	0.0	0.0	1.0	1.0	0.0	1.0	0.0	1.0	1.0		0.0	0.0	4.0	1.0	4.0	1.0	3.0	0.0	2.0	0.0	3.0	0.0	2.0	0.0	2.0	0.0	4.0	1.0	4.0	1.0	3.0	0.375	4.0	1.0	4.0	1.0	3.0	0.0	4.0	1.0	4.0	1.0	5.0	1.0	5.0	1.0	0.0	3.0	0.0	4.0	1.0	2.0	0.0	2.0	0.0	2.0	0.0	2.0	0.0	2.0	0.0	4.0	1.0	3.0	0.0	2.625	-1.0	0.0	-1.0	0.0	-1.0	0.0	0.0	0.0	-1.0	-0.375	-1.0	0.0	0.0	0.0	0.0	0.0	0.0	0.0	-1.0	-0.125	4.0	1.0	0.0	1.0	1.0
2	3	4	1	78	10	4	3	1.0	0.0	1.0	0.0	6.0	0.0	0.0	1.0	3.0	4.0	2.0	3.0	5.0	4.0	4.0	4.3333335	82.0	4.0	4.0	2.0	3.3333333	4.0	2.0	5.0	1.0	0.0	1.0	1.0	2.0	0.0	0.0	0.0	0.0	1.0		0.0	0.0		1.0	4.0	1.0	4.0	1.0	3.0	0.0	1.0	0.0	1.0	0.0	2.0	0.0	1.0	0.0	2.0	0.0	4.0	1.0	2.25	0.25	1.0	0.0	2.0	0.0	2.0	0.0	5.0	1.0	2.0	0.0	4.0	1.0	3.0	0.0	0.0	4.0	1.0	3.0	0.0	2.0	0.0	2.0	0.0	1.0	0.0	2.0	0.0	1.0	0.0	2.0	0.0	2.0	0.0	2.125	0.0	-1.0	-1.0	1.0	0.0	0.0	0.0	0.0	-2.0	-0.125	0.0	-1.0	0.0	0.0	0.0	0.0	0.0	0.0	-1.0	-0.125			0.0	1.0	1.0
1	2	4	3	54	20	7	1	0.0	0.0	1.0	0.0	7.0	0.0	1.0	0.0	3.0	2.0	4.0	3.0	4.0	3.0	3.0	3.3333333	17.0	2.0	3.0	3.0	2.6666667	4.0	4.0	5.0	0.0	1.0	1.0	1.0	2.0	1.0	0.0	1.0	1.0	0.0	0.0		1.0	1.0	1.0	2.0	0.0	3.0	0.0	3.0	0.0	3.0	0.0	2.0	0.0	3.0	0.0	2.0	0.0	3.0	0.0	2.0	0.0	2.625	0.0	2.0	0.0	2.0	0.0	4.0	1.0	3.0	0.0	4.0	1.0	4.0	1.0	4.0	1.0	0.0	4.0	1.0	4.0	1.0	3.0	0.0	3.0	0.0	4.0	1.0	3.0	0.0	4.0	1.0	3.0	0.0	4.0	1.0	3.5	2.0	1.0	0.0	0.0	2.0	0.0	2.0	0.0	2.0	0.875	1.0	1.0	0.0	0.0	1.0	0.0	1.0	0.0	1.0	0.5			1.0	1.0	1.0
2	4	3	1	41	7	4	1	0.0	0.0	1.0	0.0	8.0	0.0	1.0	0.0	2.0	4.0	2.0	2.6666667	2.0	3.0	3.0	2.6666667	80.0	4.0	5.0	4.0	4.3333335	2.0	4.0	5.0	1.0	0.0	1.0	0.0	1.0	1.0	0.0	1.0	1.0	0.0	0.0		1.0	0.0	0.0	5.0	1.0	5.0	1.0	4.0	1.0	4.0	1.0	1.0	0.0	3.0	0.0	2.0	0.0	4.0	1.0	2.0	0.0	3.5	0.625	3.0	0.0	3.0	0.0	4.0	1.0	2.0	0.0	2.0	0.0	5.0	1.0	4.0	1.0	0.0	5.0	1.0	5.0	1.0	5.0	1.0	4.0	1.0	2.0	0.0	4.0	1.0	2.0	0.0	5.0	1.0	3.0	0.0	4.0	0.0	0.0	1.0	0.0	1.0	1.0	0.0	1.0	1.0	0.5	0.0	0.0	0.0	0.0	0.0	1.0	0.0	0.0	0.0	0.125	4.0	1.0	0.0	1.0	1.0
1	2	4	3	65	11	2	2	0.0	1.0	1.0	0.0	1.0	1.0	0.0	0.0	4.0	4.0	4.0	4.0	4.0	5.0	3.0	4.0	-1.0	4.0	5.0	1.0	3.3333333	5.0	4.0	4.0	0.0	1.0	0.0	0.0	0.0	1.0	1.0	0.0	1.0	0.0	1.0	1.0		0.0	0.0	3.0	0.0	4.0	1.0	4.0	1.0	4.0	1.0	4.0	1.0	5.0	1.0	4.0	1.0	4.0	1.0	5.0	1.0	4.0	0.875	3.0	0.0	3.0	0.0	4.0	1.0	4.0	1.0	4.0	1.0	5.0	1.0	5.0	1.0	0.0	3.0	0.0	5.0	1.0	4.0	1.0	4.0	1.0	4.0	1.0	5.0	1.0	4.0	1.0	5.0	1.0	5.0	1.0	4.25	0.0	1.0	0.0	0.0	0.0	0.0	0.0	1.0	0.0	0.25	0.0	0.0	0.0	0.0	0.0	0.0	0.0	0.0	0.0	0.0	3.0	0.0	1.0	0.0	1.0
3	2	4	1	65	14	2	3	0.0	1.0	0.0	0.0	1.0	1.0	0.0	0.0	2.0	2.0	2.0	2.0	4.0	4.0	4.0	4.0	-40.0	4.0	4.0	3.0	3.6666667	3.0	4.0	4.0	0.0	1.0	1.0	0.0	1.0	1.0	0.0	0.0	0.0	1.0		0.0	0.0		1.0	5.0	1.0	5.0	1.0	5.0	1.0	3.0	0.0	2.0	0.0	3.0	0.0	3.0	0.0	4.0	1.0	3.0	0.0	3.75	0.5	3.0	0.0	4.0	1.0	3.0	0.0	4.0	1.0	3.0	0.0	4.0	1.0	5.0	1.0	1.0	5.0	1.0	5.0	1.0	4.0	1.0	3.0	0.0	2.0	0.0	3.0	0.0	4.0	1.0	4.0	1.0	4.0	1.0	3.75	0.0	0.0	-1.0	0.0	0.0	0.0	1.0	0.0	1.0	0.0	0.0	0.0	0.0	0.0	0.0	0.0	1.0	0.0	1.0	0.125			0.0	0.0	0.0
3	2	4	1	55	10	8	2	0.0	1.0	1.0	0.0	6.0	0.0	0.0	1.0	1.0	1.0	1.0	1.0	3.0	4.0	1.0	2.6666667	100.0	5.0	4.0	5.0	4.6666665	1.0	4.0	5.0	1.0	0.0	1.0	1.0	2.0	1.0	0.0	0.0	0.0	1.0		0.0	0.0		1.0	5.0	1.0	5.0	1.0	4.0	1.0	3.0	0.0	1.0	0.0	4.0	1.0	2.0	0.0	5.0	1.0	4.0	1.0	3.625	0.625	3.0	0.0	2.0	0.0	4.0	1.0	4.0	1.0	2.0	0.0	5.0	1.0	5.0	1.0	0.0	5.0	1.0	5.0	1.0	4.0	1.0	4.0	1.0	1.0	0.0	4.0	1.0	1.0	0.0	5.0	1.0	5.0	1.0	3.625	0.0	0.0	0.0	1.0	0.0	0.0	-1.0	0.0	1.0	0.0	0.0	0.0	0.0	1.0	0.0	0.0	0.0	0.0	0.0	0.125			0.0	1.0	0.0
2	3	4	1	75	3	6	3	1.0	1.0	0.0	1.0	1.0	1.0	0.0	0.0	1.0	1.0	1.0	1.0	1.0	4.0	2.0	2.3333333	-19.0	4.0	2.0	1.0	2.3333333	3.0	4.0	5.0	0.0	1.0	1.0	1.0	2.0	1.0	1.0	0.0	1.0	0.0	1.0	1.0		1.0	1.0	2.0	0.0	4.0	1.0	2.0	0.0	2.0	0.0	1.0	0.0	3.0	0.0	2.0	0.0	4.0	1.0	3.0	0.0	2.5	0.25	3.0	0.0	3.0	0.0	4.0	1.0	2.0	0.0	4.0	1.0	5.0	1.0	4.0	1.0	0.0	5.0	1.0	5.0	1.0	2.0	0.0	1.0	0.0	1.0	0.0	3.0	0.0	4.0	1.0	5.0	1.0	3.0	0.0	3.25	3.0	1.0	0.0	-1.0	0.0	0.0	2.0	1.0	0.0	0.75	1.0	0.0	0.0	0.0	0.0	0.0	1.0	0.0	0.0	0.25			0.0	0.0	1.0
1	3	4	2	45	7	7	4	0.0	1.0	1.0	0.0	1.0	1.0	0.0	0.0	1.0	1.0	1.0	1.0	1.0	1.0	1.0	1.0	-100.0	1.0	1.0	1.0	1.0	5.0	5.0	4.0	0.0	1.0	0.0	1.0	1.0	1.0	0.0	1.0	1.0	0.0	0.0		1.0	0.0	0.0	5.0	1.0	5.0	1.0	5.0	1.0	1.0	0.0	1.0	0.0	5.0	1.0	5.0	1.0	5.0	1.0	5.0	1.0	4.0	0.75	2.0	0.0	4.0	1.0	5.0	1.0	3.0	0.0	2.0	0.0	5.0	1.0	4.0	1.0	0.0	4.0	1.0	5.0	1.0	5.0	1.0	1.0	0.0	1.0	0.0	5.0	1.0	5.0	1.0	5.0	1.0	5.0	1.0	3.875	-1.0	0.0	0.0	0.0	0.0	0.0	0.0	0.0	0.0	-0.125	0.0	0.0	0.0	0.0	0.0	0.0	0.0	0.0	0.0	0.0	5.0	1.0	1.0	0.0	1.0
3	2	4	1	77	21	4	3	1.0	0.0	1.0	0.0	3.0	0.0	0.0	1.0	2.0	3.0	2.0	2.3333333	3.0	4.0	5.0	4.0	57.0	5.0	3.0	2.0	3.3333333	3.0	2.0	5.0	0.0	1.0	1.0	1.0	2.0	1.0	1.0	0.0	1.0	0.0	1.0	1.0		1.0	1.0	4.0	1.0	5.0	1.0	5.0	1.0	1.0	0.0	1.0	0.0	2.0	0.0	2.0	0.0	3.0	0.0	2.0	0.0	2.875	0.375	2.0	0.0	2.0	0.0	2.0	0.0	1.0	0.0	2.0	0.0	4.0	1.0	5.0	1.0	0.0	5.0	1.0	5.0	1.0	3.0	0.0	1.0	0.0	1.0	0.0	1.0	0.0	3.0	0.0	4.0	1.0	2.0	0.0	2.875	1.0	0.0	-2.0	0.0	0.0	-1.0	1.0	1.0	0.0	0.0	0.0	0.0	-1.0	0.0	0.0	0.0	0.0	1.0	0.0	0.0			0.0	1.0	0.0
1	4	3	2	50	1	3	4	0.0	0.0	1.0	0.0	1.0	1.0	0.0	0.0	1.0	1.0	1.0	1.0	3.0	3.0	1.0	2.3333333	-73.0	1.0	4.0	3.0	2.6666667	5.0	4.0	5.0	0.0	1.0	1.0	1.0	2.0	1.0	1.0	0.0	1.0	0.0	1.0	1.0		0.0	0.0	5.0	1.0	5.0	1.0	5.0	1.0	1.0	0.0	1.0	0.0	5.0	1.0	5.0	1.0	5.0	1.0	5.0	1.0	4.0	0.75	3.0	0.0	3.0	0.0	4.0	1.0	1.0	0.0	2.0	0.0	5.0	1.0	4.0	1.0	1.0	5.0	1.0	5.0	1.0	5.0	1.0	1.0	0.0	1.0	0.0	5.0	1.0	5.0	1.0	5.0	1.0	5.0	1.0	4.0	0.0	0.0	0.0	0.0	0.0	0.0	0.0	0.0	0.0	0.0	0.0	0.0	0.0	0.0	0.0	0.0	0.0	0.0	0.0	0.0	5.0	1.0	1.0	0.0	1.0
4	1	3	2	22	7	4	1	0.0	1.0	0.0	0.0	3.0	0.0	0.0	1.0	1.0	1.0	2.0	1.3333334	3.0	4.0	2.0	3.0	0.0	1.0	2.0	2.0	1.6666666	3.0	2.0	3.0	0.0	0.0	0.0	1.0	1.0	0.0	0.0	0.0	0.0	1.0		0.0	0.0		1.0	4.0	1.0	4.0	1.0	3.0	0.0	1.0	0.0	2.0	0.0	4.0	1.0	4.0	1.0	4.0	1.0	4.0	1.0	3.25	0.625	5.0	1.0	4.0	1.0	3.0	0.0	2.0	0.0	2.0	0.0	5.0	1.0	4.0	1.0	0.0	4.0	1.0	4.0	1.0	3.0	0.0	1.0	0.0	4.0	1.0	4.0	1.0	4.0	1.0	4.0	1.0	4.0	1.0	3.5	0.0	0.0	0.0	0.0	2.0	0.0	0.0	0.0	0.0	0.25	0.0	0.0	0.0	0.0	1.0	0.0	0.0	0.0	0.0	0.125			0.0	0.0	0.0
1	3	4	2	71	20	4	4	1.0	0.0	1.0	0.0	1.0	1.0	0.0	0.0	3.0	3.0	1.0	2.3333333	3.0	4.0	1.0	2.6666667	-1.0	2.0	3.0	2.0	2.3333333	3.0	4.0	5.0	0.0	1.0	1.0	1.0	2.0	0.0	0.0	0.0	0.0	1.0		0.0	0.0		1.0	4.0	1.0	4.0	1.0	4.0	1.0	4.0	1.0	2.0	0.0	4.0	1.0	3.0	0.0	4.0	1.0	3.0	0.0	3.625	0.75	2.0	0.0	3.0	0.0	3.0	0.0	4.0	1.0	2.0	0.0	4.0	1.0	3.0	0.0	0.0	4.0	1.0	4.0	1.0	2.0	0.0	3.0	0.0	2.0	0.0	3.0	0.0	3.0	0.0	4.0	1.0	3.0	0.0	3.125	0.0	0.0	-2.0	-1.0	0.0	-1.0	0.0	0.0	0.0	-0.5	0.0	0.0	-1.0	-1.0	0.0	-1.0	0.0	0.0	0.0	-0.375			1.0	0.0	1.0
4	1	3	2	69	9	7	1	1.0	1.0	1.0	0.0	6.0	0.0	0.0	1.0	3.0	3.0	2.0	2.6666667	3.0	5.0	3.0	3.6666667	46.0	5.0	5.0	3.0	4.3333335	3.0	3.0	5.0	1.0	0.0	1.0	1.0	2.0	1.0	0.0	1.0	1.0	0.0	0.0		1.0	0.0	0.0	5.0	1.0	5.0	1.0	3.0	0.0	3.0	0.0	3.0	0.0	2.0	0.0	3.0	0.0	3.0	0.0	3.0	0.0	3.375	0.25	3.0	0.0	4.0	1.0	3.0	0.0	5.0	1.0	3.0	0.0	3.0	0.0	5.0	1.0	0.0	5.0	1.0	5.0	1.0	4.0	1.0	3.0	0.0	3.0	0.0	3.0	0.0	3.0	0.0	3.0	0.0	3.0	0.0	3.625	0.0	0.0	1.0	0.0	0.0	1.0	0.0	0.0	0.0	0.25	0.0	0.0	1.0	0.0	0.0	0.0	0.0	0.0	0.0	0.125	5.0	1.0	0.0	1.0	0.0
1	2	4	3	64	6	5	2	0.0	0.0	1.0	0.0	6.0	0.0	0.0	1.0	4.0	5.0	4.0	4.3333335	4.0	5.0	4.0	4.3333335	0.0	3.0	3.0	2.0	2.6666667	2.0	1.0	1.0	1.0	0.0	0.0	0.0	0.0	1.0	1.0	0.0	1.0	0.0	1.0	1.0		0.0	0.0	1.0	0.0	1.0	0.0	1.0	0.0	1.0	0.0	1.0	0.0	1.0	0.0	1.0	0.0	1.0	0.0	1.0	0.0	1.0	0.0	2.0	0.0	1.0	0.0	3.0	0.0	3.0	0.0	3.0	0.0	3.0	0.0	3.0	0.0	0.0	1.0	0.0	1.0	0.0	1.0	0.0	1.0	0.0	1.0	0.0	1.0	0.0	1.0	0.0	1.0	0.0	1.0	0.0	1.0	0.0	0.0	0.0	0.0	0.0	0.0	0.0	0.0	0.0	0.0	0.0	0.0	0.0	0.0	0.0	0.0	0.0	0.0	0.0	0.0	1.0	0.0	1.0	0.0	1.0
3	2	4	1	69	14	6	2	1.0	1.0	1.0	0.0	5.0	0.0	0.0	1.0	2.0	1.0	1.0	1.3333334	2.0	3.0	2.0	2.3333333	100.0	5.0	5.0	2.0	4.0	5.0	1.0	5.0	0.0	0.0	1.0	1.0	2.0	0.0	0.0	0.0	0.0	1.0		0.0	0.0		1.0	3.0	0.0	5.0	1.0	2.0	0.0	1.0	0.0	1.0	0.0	4.0	1.0	2.0	0.0	3.0	0.0	3.0	0.0	2.625	0.25	2.0	0.0	3.0	0.0	3.0	0.0	5.0	1.0	2.0	0.0	4.0	1.0	4.0	1.0	0.0	5.0	1.0	5.0	1.0	3.0	0.0	1.0	0.0	5.0	1.0	5.0	1.0	1.0	0.0	5.0	1.0	4.0	1.0	3.75	2.0	0.0	1.0	0.0	4.0	1.0	-1.0	2.0	1.0	1.125	1.0	0.0	0.0	0.0	1.0	0.0	0.0	1.0	1.0	0.375			0.0	1.0	0.0
4	2	3	1	45	8	5	3	0.0	1.0	0.0	1.0	1.0	1.0	0.0	0.0	1.0	1.0	1.0	1.0	3.0	5.0	1.0	3.0	26.0	3.0	5.0	5.0	4.3333335	4.0	1.0	3.0	0.0	1.0	1.0	1.0	2.0	0.0	0.0	0.0	0.0	1.0		0.0	0.0		1.0	5.0	1.0	5.0	1.0	2.0	0.0	4.0	1.0	5.0	1.0	5.0	1.0	4.0	1.0	4.0	1.0	5.0	1.0	4.25	0.875	4.0	1.0	3.0	0.0	2.0	0.0	1.0	0.0	3.0	0.0	5.0	1.0	5.0	1.0	0.0	4.0	1.0	5.0	1.0	1.0	0.0	1.0	0.0	3.0	0.0	5.0	1.0	4.0	1.0	5.0	1.0	5.0	1.0	3.5	-1.0	0.0	-1.0	-3.0	-2.0	0.0	0.0	1.0	0.0	-0.75	0.0	0.0	0.0	-1.0	-1.0	0.0	0.0	0.0	0.0	-0.25			0.0	1.0	0.0
3	1	4	2	71	1	2	1	1.0	1.0	1.0	0.0	2.0	1.0	0.0	0.0	1.0	5.0	1.0	2.3333333	1.0	5.0	1.0	2.3333333	-7.0	5.0	5.0	5.0	5.0	5.0	5.0	5.0	0.0	0.0	1.0	1.0	2.0	0.0	0.0	1.0	1.0	0.0	0.0		1.0	0.0	0.0	3.0	0.0	4.0	1.0	1.0	0.0	4.0	1.0	3.0	0.0	1.0	0.0	3.0	0.0	5.0	1.0	5.0	1.0	3.0	0.375	3.0	0.0	5.0	1.0	4.0	1.0	3.0	0.0	3.0	0.0	1.0	0.0	4.0	1.0	0.0	5.0	1.0	3.0	0.0	1.0	0.0	5.0	1.0	3.0	0.0	1.0	0.0	4.0	1.0	3.0	0.0	5.0	1.0	3.125	2.0	-1.0	0.0	1.0	0.0	0.0	1.0	-2.0	0.0	0.125	1.0	-1.0	0.0	0.0	0.0	0.0	1.0	-1.0	0.0	0.0	3.0	0.0	0.0	0.0	0.0
1	4	3	2	78	5	6	2	1.0	0.0	1.0	0.0	1.0	1.0	0.0	0.0	1.0	3.0	1.0	1.6666666	5.0	5.0	4.0	4.6666665	-21.0	1.0	3.0	2.0	2.0	5.0	4.0	4.0	0.0	1.0	0.0	1.0	1.0	1.0	0.0	1.0	1.0	0.0	0.0		1.0	1.0	1.0	5.0	1.0	5.0	1.0	1.0	0.0	1.0	0.0	3.0	0.0	5.0	1.0	3.0	0.0	4.0	1.0	3.0	0.0	3.375	0.5	5.0	1.0	4.0	1.0	3.0	0.0	1.0	0.0	1.0	0.0	5.0	1.0	5.0	1.0	1.0	5.0	1.0	5.0	1.0	5.0	1.0	1.0	0.0	3.0	0.0	5.0	1.0	4.0	1.0	5.0	1.0	5.0	1.0	4.125	0.0	0.0	4.0	0.0	0.0	0.0	1.0	1.0	2.0	0.75	0.0	0.0	1.0	0.0	0.0	0.0	1.0	0.0	1.0	0.25			1.0	0.0	1.0
4	1	3	2	83	12	6	3	1.0	0.0	1.0	0.0	8.0	0.0	1.0	0.0	3.0	4.0	4.0	3.6666667	4.0	3.0	3.0	3.3333333	-3.0	4.0	4.0	3.0	3.6666667	3.0	2.0	5.0	1.0	0.0	1.0	1.0	2.0	1.0	0.0	0.0	0.0	1.0		0.0	0.0		1.0	4.0	1.0	4.0	1.0	3.0	0.0	2.0	0.0	3.0	0.0	4.0	1.0	2.0	0.0	4.0	1.0	3.0	0.0	3.25	0.5	2.0	0.0	2.0	0.0	3.0	0.0	4.0	1.0	3.0	0.0	4.0	1.0	5.0	1.0	0.0	4.0	1.0	4.0	1.0	5.0	1.0	2.0	0.0	2.0	0.0	4.0	1.0	3.0	0.0	3.0	0.0	3.0	0.0	3.375	0.0	0.0	2.0	0.0	-1.0	0.0	1.0	-1.0	0.0	0.125	0.0	0.0	1.0	0.0	0.0	0.0	0.0	-1.0	0.0	0.0			0.0	0.0	0.0
2	3	4	1	46	23	7	3	0.0	1.0	1.0	0.0	7.0	0.0	1.0	0.0	3.0	3.0	3.0	3.0	3.0	3.0	3.0	3.0	50.0	2.0	4.0	3.0	3.0	4.0	4.0	4.0	0.0	1.0	0.0	1.0	1.0	1.0	0.0	0.0	0.0	1.0		0.0	0.0		1.0	4.0	1.0	4.0	1.0	3.0	0.0	1.0	0.0	2.0	0.0	5.0	1.0	3.0	0.0	2.0	0.0	2.0	0.0	3.0	0.375	1.0	0.0	3.0	0.0	3.0	0.0	3.0	0.0	3.0	0.0	4.0	1.0	2.0	0.0	0.0	4.0	1.0	5.0	1.0	4.0	1.0	2.0	0.0	4.0	1.0	4.0	1.0	4.0	1.0	3.0	0.0	3.0	0.0	3.75	0.0	1.0	1.0	1.0	2.0	-1.0	1.0	1.0	1.0	0.75	0.0	0.0	1.0	0.0	1.0	0.0	1.0	0.0	0.0	0.375			0.0	1.0	1.0
2	3	4	1	56	5	3	4	0.0	1.0	1.0	0.0	8.0	0.0	1.0	0.0	3.0	4.0	2.0	3.0	4.0	2.0	2.0	2.6666667	0.0	3.0	2.0	2.0	2.3333333	4.0	3.0	4.0	1.0	0.0	1.0	0.0	1.0	1.0	0.0	1.0	1.0	0.0	0.0		1.0	1.0	1.0	3.0	0.0	4.0	1.0	1.0	0.0	1.0	0.0	1.0	0.0	3.0	0.0	3.0	0.0	4.0	1.0	4.0	1.0	2.5	0.25	2.0	0.0	4.0	1.0	3.0	0.0	3.0	0.0	3.0	0.0	5.0	1.0	4.0	1.0	0.0	4.0	1.0	4.0	1.0	2.0	0.0	2.0	0.0	4.0	1.0	3.0	0.0	3.0	0.0	4.0	1.0	3.0	0.0	3.25	1.0	0.0	1.0	1.0	3.0	0.0	0.0	0.0	-1.0	0.75	1.0	0.0	0.0	0.0	1.0	0.0	0.0	0.0	-1.0	0.25			0.0	0.0	1.0
2	3	1	4	67	9	4	4	1.0	1.0	1.0	0.0	2.0	1.0	0.0	0.0	2.0	1.0	1.0	1.3333334	4.0	4.0	1.0	3.0	63.0	2.0	2.0	3.0	2.3333333	3.0	3.0	3.0	0.0	1.0	0.0	0.0	0.0	1.0	1.0	0.0	1.0	0.0	1.0	1.0		1.0	1.0	3.0	0.0	3.0	0.0	3.0	0.0	2.0	0.0	3.0	0.0	4.0	1.0	3.0	0.0	3.0	0.0	2.0	0.0	3.0	0.125	3.0	0.0	3.0	0.0	3.0	0.0	3.0	0.0	3.0	0.0	5.0	1.0	3.0	0.0	0.0	3.0	0.0	3.0	0.0	2.0	0.0	2.0	0.0	3.0	0.0	4.0	1.0	3.0	0.0	3.0	0.0	2.0	0.0	2.875	0.0	0.0	-1.0	0.0	0.0	0.0	0.0	0.0	0.0	-0.125	0.0	0.0	0.0	0.0	0.0	0.0	0.0	0.0	0.0	0.0			0.0	1.0	1.0
4	1	3	2	59	13	8	3	0.0	0.0	0.0	0.0	2.0	1.0	0.0	0.0	1.0	1.0	1.0	1.0	3.0	3.0	3.0	3.0	-21.0	3.0	3.0	1.0	2.3333333	5.0	1.0	5.0	0.0	1.0	1.0	1.0	2.0	0.0	0.0	0.0	0.0	1.0		0.0	0.0		1.0	5.0	1.0	5.0	1.0	1.0	0.0	1.0	0.0	1.0	0.0	1.0	0.0	1.0	0.0	1.0	0.0	1.0	0.0	2.0	0.25	2.0	0.0	2.0	0.0	1.0	0.0	1.0	0.0	1.0	0.0	3.0	0.0	2.0	0.0	0.0	5.0	1.0	5.0	1.0	1.0	0.0	1.0	0.0	1.0	0.0	3.0	0.0	1.0	0.0	3.0	0.0	1.0	0.0	2.5	0.0	0.0	0.0	0.0	0.0	2.0	0.0	2.0	0.0	0.5	0.0	0.0	0.0	0.0	0.0	0.0	0.0	0.0	0.0	0.0			0.0	0.0	0.0
1	3	4	2	53	6	5	4	0.0	0.0	1.0	0.0	2.0	1.0	0.0	0.0	4.0	3.0	2.0	3.0	4.0	4.0	3.0	3.6666667	66.0	3.0	4.0	2.0	3.0	2.0	5.0	4.0	0.0	1.0	1.0	0.0	1.0	1.0	0.0	0.0	0.0	1.0		0.0	0.0		1.0	5.0	1.0	5.0	1.0	4.0	1.0	1.0	0.0	1.0	0.0	3.0	0.0	2.0	0.0	4.0	1.0	4.0	1.0	3.125	0.5	3.0	0.0	3.0	0.0	5.0	1.0	4.0	1.0	4.0	1.0	5.0	1.0	4.0	1.0	1.0	5.0	1.0	5.0	1.0	4.0	1.0	1.0	0.0	2.0	0.0	4.0	1.0	4.0	1.0	4.0	1.0	4.0	1.0	3.625	0.0	0.0	0.0	0.0	1.0	1.0	2.0	0.0	0.0	0.5	0.0	0.0	0.0	0.0	0.0	1.0	1.0	0.0	0.0	0.25			1.0	1.0	1.0
2	3	4	1	61	1	4	3	0.0	1.0	1.0	0.0	2.0	1.0	0.0	0.0	3.0	2.0	1.0	2.0	3.0	4.0	1.0	2.6666667	8.0	2.0	5.0	2.0	3.0	5.0	4.0	4.0	1.0	0.0	1.0	1.0	2.0	0.0	0.0	0.0	0.0	1.0		0.0	0.0		1.0	5.0	1.0	5.0	1.0	4.0	1.0	1.0	0.0	2.0	0.0	4.0	1.0	1.0	0.0	5.0	1.0	1.0	0.0	3.375	0.625	3.0	0.0	3.0	0.0	1.0	0.0	5.0	1.0	1.0	0.0	5.0	1.0	5.0	1.0	0.0	5.0	1.0	4.0	1.0	5.0	1.0	1.0	0.0	1.0	0.0	4.0	1.0	1.0	0.0	4.0	1.0	1.0	0.0	3.125	0.0	-1.0	1.0	0.0	-1.0	0.0	0.0	-1.0	0.0	-0.25	0.0	0.0	0.0	0.0	0.0	0.0	0.0	0.0	0.0	0.0			0.0	1.0	1.0
2	3	4	1	52	18	5	3	0.0	1.0	1.0	0.0	8.0	0.0	1.0	0.0	3.0	1.0	1.0	1.6666666	2.0	5.0	1.0	2.6666667	0.0	3.0	4.0	4.0	3.6666667	5.0	3.0	3.0	1.0	0.0	1.0	1.0	2.0	1.0	0.0	1.0	1.0	0.0	0.0		1.0	1.0	1.0	3.0	0.0	5.0	1.0	3.0	0.0	3.0	0.0	4.0	1.0	3.0	0.0	1.0	0.0	3.0	0.0	3.0	0.0	3.125	0.25	2.0	0.0	3.0	0.0	4.0	1.0	5.0	1.0	5.0	1.0	5.0	1.0	5.0	1.0	0.0	3.0	0.0	3.0	0.0	3.0	0.0	3.0	0.0	3.0	0.0	3.0	0.0	3.0	0.0	3.0	0.0	3.0	0.0	3.0	0.0	-2.0	0.0	0.0	-1.0	0.0	2.0	0.0	0.0	-0.125	0.0	-1.0	0.0	0.0	-1.0	0.0	0.0	0.0	0.0	-0.25			0.0	0.0	1.0
1	4	2	3	63	10	2	2	0.0	1.0	1.0	0.0	8.0	0.0	1.0	0.0	1.0	1.0	1.0	1.0	5.0	5.0	5.0	5.0	0.0	5.0	5.0	5.0	5.0	5.0	5.0	5.0	1.0	0.0	1.0	1.0	2.0	0.0	0.0	1.0	1.0	0.0	0.0		1.0	0.0	0.0	5.0	1.0	4.0	1.0	3.0	0.0	4.0	1.0	5.0	1.0	4.0	1.0	4.0	1.0	5.0	1.0	5.0	1.0	4.25	0.875	3.0	0.0	2.0	0.0	4.0	1.0	5.0	1.0	2.0	0.0	4.0	1.0	5.0	1.0	0.0	4.0	1.0	4.0	1.0	4.0	1.0	4.0	1.0	4.0	1.0	4.0	1.0	4.0	1.0	4.0	1.0	4.0	1.0	4.0	-1.0	0.0	1.0	0.0	-1.0	0.0	0.0	-1.0	-1.0	-0.25	0.0	0.0	1.0	0.0	0.0	0.0	0.0	0.0	0.0	0.125	4.0	1.0	1.0	0.0	1.0
4	2	3	1	74	5	5	4	1.0	0.0	0.0	1.0	2.0	1.0	0.0	0.0	3.0	3.0	3.0	3.0	2.0	4.0	4.0	3.3333333	-44.0	2.0	4.0	1.0	2.3333333	3.0	4.0	4.0	0.0	1.0	1.0	1.0	2.0	1.0	0.0	0.0	0.0	1.0		0.0	0.0		1.0	4.0	1.0	5.0	1.0	3.0	0.0	2.0	0.0	1.0	0.0	4.0	1.0	5.0	1.0	5.0	1.0	4.0	1.0	3.625	0.625	3.0	0.0	3.0	0.0	4.0	1.0	3.0	0.0	4.0	1.0	5.0	1.0	5.0	1.0	1.0	4.0	1.0	5.0	1.0	5.0	1.0	2.0	0.0	1.0	0.0	4.0	1.0	4.0	1.0	5.0	1.0	4.0	1.0	3.75	0.0	0.0	2.0	0.0	0.0	0.0	-1.0	0.0	0.0	0.125	0.0	0.0	1.0	0.0	0.0	0.0	0.0	0.0	0.0	0.125			0.0	0.0	0.0
3	1	4	2	51	9	6	2	0.0	0.0	1.0	0.0	6.0	0.0	0.0	1.0	3.0	3.0	2.0	2.6666667	2.0	5.0	3.0	3.3333333	59.0	4.0	5.0	4.0	4.3333335	2.0	2.0	5.0	1.0	0.0	1.0	1.0	2.0	0.0	0.0	1.0	1.0	0.0	0.0		1.0	0.0	0.0	5.0	1.0	5.0	1.0	4.0	1.0	1.0	0.0	1.0	0.0	3.0	0.0	3.0	0.0	4.0	1.0	2.0	0.0	3.25	0.5	1.0	0.0	3.0	0.0	2.0	0.0	3.0	0.0	2.0	0.0	5.0	1.0	4.0	1.0	0.0	5.0	1.0	5.0	1.0	5.0	1.0	1.0	0.0	1.0	0.0	3.0	0.0	3.0	0.0	4.0	1.0	2.0	0.0	3.375	0.0	0.0	1.0	0.0	0.0	0.0	0.0	0.0	0.0	0.125	0.0	0.0	0.0	0.0	0.0	0.0	0.0	0.0	0.0	0.0	5.0	1.0	0.0	1.0	0.0
2	3	4	1	77	7	5	3	1.0	1.0	1.0	0.0	7.0	0.0	1.0	0.0	1.0	1.0	1.0	1.0	1.0	3.0	1.0	1.6666666	42.0	4.0	3.0	2.0	3.0	2.0	4.0	4.0	1.0	0.0	1.0	1.0	2.0	1.0	1.0	0.0	1.0	0.0	1.0	1.0		1.0	1.0	5.0	1.0	5.0	1.0	3.0	0.0	1.0	0.0	1.0	0.0	3.0	0.0	3.0	0.0	3.0	0.0	3.0	0.0	3.0	0.25	4.0	1.0	2.0	0.0	4.0	1.0	5.0	1.0	4.0	1.0	4.0	1.0	5.0	1.0	0.0	5.0	1.0	5.0	1.0	3.0	0.0	1.0	0.0	2.0	0.0	3.0	0.0	4.0	1.0	4.0	1.0	4.0	1.0	3.375	0.0	0.0	0.0	0.0	1.0	0.0	1.0	1.0	1.0	0.375	0.0	0.0	0.0	0.0	0.0	0.0	1.0	1.0	1.0	0.25			0.0	1.0	1.0
1	3	4	2	70	4	6	2	1.0	1.0	1.0	0.0	1.0	1.0	0.0	0.0	1.0	1.0	1.0	1.0	3.0	3.0	1.0	2.3333333	45.0	3.0	4.0	3.0	3.3333333	3.0	3.0	5.0	0.0	1.0	1.0	1.0	2.0	0.0	0.0	1.0	1.0	0.0	0.0		1.0	1.0	1.0	5.0	1.0	5.0	1.0	3.0	0.0	1.0	0.0	1.0	0.0	3.0	0.0	1.0	0.0	5.0	1.0	2.0	0.0	3.0	0.375	3.0	0.0	3.0	0.0	3.0	0.0	2.0	0.0	2.0	0.0	4.0	1.0	4.0	1.0	0.0	5.0	1.0	5.0	1.0	3.0	0.0	1.0	0.0	1.0	0.0	3.0	0.0	3.0	0.0	3.0	0.0	3.0	0.0	3.0	0.0	0.0	0.0	0.0	0.0	0.0	2.0	-2.0	1.0	0.0	0.0	0.0	0.0	0.0	0.0	0.0	0.0	-1.0	0.0	-0.125			1.0	1.0	1.0
2	1	4	3	60	3	6	3	0.0	1.0	0.0	1.0	1.0	1.0	0.0	0.0	2.0	1.0	3.0	2.0	4.0	5.0	3.0	4.0	-20.0	3.0	4.0	2.0	3.0	3.0	4.0	4.0	0.0	1.0	1.0	1.0	2.0	1.0	0.0	1.0	1.0	0.0	0.0		1.0	1.0	1.0	3.0	0.0	5.0	1.0	2.0	0.0	2.0	0.0	3.0	0.0	3.0	0.0	2.0	0.0	3.0	0.0	2.0	0.0	2.875	0.125	4.0	1.0	2.0	0.0	3.0	0.0	4.0	1.0	3.0	0.0	4.0	1.0	4.0	1.0	0.0	5.0	1.0	5.0	1.0	2.0	0.0	2.0	0.0	2.0	0.0	3.0	0.0	2.0	0.0	3.0	0.0	3.0	0.0	3.0	2.0	0.0	0.0	0.0	-1.0	0.0	0.0	0.0	1.0	0.125	1.0	0.0	0.0	0.0	0.0	0.0	0.0	0.0	0.0	0.125			0.0	0.0	0.0
3	2	4	1	50	6	1	3	0.0	1.0	1.0	0.0	8.0	0.0	1.0	0.0	1.0	3.0	1.0	1.6666666	5.0	5.0	5.0	5.0	91.0	3.0	4.0	3.0	3.3333333	3.0	4.0	5.0	1.0	0.0	0.0	0.0	0.0	0.0	1.0	0.0	1.0	0.0	1.0	1.0		0.0	0.0	5.0	1.0	5.0	1.0	3.0	0.0	5.0	1.0	5.0	1.0	4.0	1.0	4.0	1.0	5.0	1.0	5.0	1.0	4.5	0.875	4.0	1.0	4.0	1.0	4.0	1.0	4.0	1.0	4.0	1.0	5.0	1.0	5.0	1.0	1.0	5.0	1.0	5.0	1.0	3.0	0.0	5.0	1.0	4.0	1.0	4.0	1.0	5.0	1.0	5.0	1.0	4.0	1.0	4.5	0.0	0.0	0.0	0.0	-1.0	0.0	1.0	0.0	-1.0	0.0	0.0	0.0	0.0	0.0	0.0	0.0	0.0	0.0	0.0	0.0	5.0	1.0	0.0	1.0	0.0
4	2	3	1	55	1	2	3	0.0	0.0	0.0	1.0	2.0	1.0	0.0	0.0	2.0	2.0	3.0	2.3333333	4.0	5.0	4.0	4.3333335	0.0	3.0	4.0	2.0	3.0	5.0	4.0	4.0	0.0	1.0	1.0	1.0	2.0	1.0	0.0	0.0	0.0	1.0		0.0	0.0		1.0	5.0	1.0	5.0	1.0	5.0	1.0	1.0	0.0	5.0	1.0	5.0	1.0	2.0	0.0	5.0	1.0	4.0	1.0	4.125	0.75	5.0	1.0	4.0	1.0	4.0	1.0	1.0	0.0	4.0	1.0	5.0	1.0	5.0	1.0	0.0	5.0	1.0	5.0	1.0	5.0	1.0	1.0	0.0	5.0	1.0	5.0	1.0	4.0	1.0	5.0	1.0	5.0	1.0	4.375	0.0	0.0	0.0	0.0	0.0	0.0	2.0	0.0	1.0	0.25	0.0	0.0	0.0	0.0	0.0	0.0	1.0	0.0	0.0	0.125			0.0	0.0	0.0
3	1	4	2	70	6	4	3	1.0	1.0	1.0	0.0	8.0	0.0	1.0	0.0	2.0	2.0	1.0	1.6666666	4.0	5.0	3.0	4.0	56.0	5.0	4.0	2.0	3.6666667	3.0	2.0	5.0	1.0	0.0	1.0	1.0	2.0	0.0	0.0	0.0	0.0	1.0		0.0	0.0		1.0	3.0	0.0	4.0	1.0	3.0	0.0	2.0	0.0	1.0	0.0	4.0	1.0	2.0	0.0	3.0	0.0	3.0	0.0	2.75	0.25	1.0	0.0	2.0	0.0	2.0	0.0	4.0	1.0	3.0	0.0	4.0	1.0	3.0	0.0	1.0	4.0	1.0	5.0	1.0	3.0	0.0	2.0	0.0	1.0	0.0	4.0	1.0	3.0	0.0	4.0	1.0	3.0	0.0	3.25	1.0	1.0	0.0	0.0	0.0	0.0	1.0	1.0	0.0	0.5	1.0	0.0	0.0	0.0	0.0	0.0	0.0	1.0	0.0	0.25			0.0	1.0	0.0
2	3	4	1	52	4	5	3	0.0	1.0	1.0	0.0	8.0	0.0	1.0	0.0	1.0	1.0	1.0	1.0	1.0	4.0	1.0	2.0	34.0	2.0	4.0	4.0	3.3333333	5.0	3.0	5.0	1.0	0.0	1.0	1.0	2.0	1.0	1.0	0.0	1.0	0.0	1.0	1.0		1.0	1.0	1.0	0.0	1.0	0.0	1.0	0.0	1.0	0.0	1.0	0.0	1.0	0.0	1.0	0.0	1.0	0.0	1.0	0.0	1.0	0.0	2.0	0.0	4.0	1.0	1.0	0.0	4.0	1.0	2.0	0.0	5.0	1.0	4.0	1.0	0.0	1.0	0.0	1.0	0.0	1.0	0.0	1.0	0.0	1.0	0.0	1.0	0.0	1.0	0.0	1.0	0.0	1.0	0.0	1.0	0.0	0.0	0.0	0.0	0.0	0.0	0.0	0.0	0.0	0.0	0.0	0.0	0.0	0.0	0.0	0.0	0.0	0.0	0.0	0.0			0.0	1.0	1.0
2	4	3	1	45	19	6	2	0.0	1.0	1.0	0.0	2.0	1.0	0.0	0.0	3.0	3.0	4.0	3.3333333	3.0	5.0	5.0	4.3333335	28.0	4.0	3.0	1.0	2.6666667	5.0	4.0	5.0	1.0	0.0	1.0	0.0	1.0	1.0	0.0	0.0	0.0	1.0		0.0	0.0		1.0	4.0	1.0	5.0	1.0	5.0	1.0	4.0	1.0	5.0	1.0	5.0	1.0	5.0	1.0	5.0	1.0	5.0	1.0	4.75	1.0	4.0	1.0	5.0	1.0	5.0	1.0	4.0	1.0	5.0	1.0	5.0	1.0	2.0	0.0	0.0	5.0	1.0	5.0	1.0	3.0	0.0	5.0	1.0	5.0	1.0	5.0	1.0	5.0	1.0	5.0	1.0	5.0	1.0	4.75	1.0	0.0	-2.0	1.0	0.0	0.0	0.0	0.0	0.0	0.0	0.0	0.0	-1.0	0.0	0.0	0.0	0.0	0.0	0.0	-0.125			0.0	1.0	1.0
3	2	4	1	32	7	7	3	0.0	1.0	1.0	0.0	1.0	1.0	0.0	0.0	1.0	1.0	1.0	1.0	1.0	3.0	1.0	1.6666666	-100.0	1.0	2.0	2.0	1.6666666	4.0	3.0	3.0	0.0	1.0	1.0	1.0	2.0	1.0	0.0	1.0	1.0	0.0	0.0		1.0	0.0	0.0	5.0	1.0	5.0	1.0	5.0	1.0	1.0	0.0	1.0	0.0	3.0	0.0	5.0	1.0	5.0	1.0	3.0	0.0	3.75	0.625	2.0	0.0	3.0	0.0	4.0	1.0	3.0	0.0	3.0	0.0	5.0	1.0	3.0	0.0	0.0	4.0	1.0	5.0	1.0	5.0	1.0	1.0	0.0	1.0	0.0	3.0	0.0	5.0	1.0	5.0	1.0	3.0	0.0	3.625	-1.0	0.0	0.0	0.0	0.0	0.0	0.0	0.0	0.0	-0.125	0.0	0.0	0.0	0.0	0.0	0.0	0.0	0.0	0.0	0.0	5.0	1.0	0.0	0.0	0.0
4	1	3	2	63	3	5	3	0.0	1.0	0.0	0.0	2.0	1.0	0.0	0.0	1.0	4.0	4.0	3.0	1.0	5.0	3.0	3.0	2.0	2.0	4.0	5.0	3.6666667	3.0	2.0	4.0	1.0	0.0	1.0	0.0	1.0	0.0	0.0	0.0	0.0	1.0		0.0	0.0		1.0	5.0	1.0	5.0	1.0	3.0	0.0	1.0	0.0	4.0	1.0	4.0	1.0	2.0	0.0	5.0	1.0	3.0	0.0	3.625	0.625	4.0	1.0	2.0	0.0	3.0	0.0	3.0	0.0	3.0	0.0	5.0	1.0	3.0	0.0	0.0	5.0	1.0	5.0	1.0	2.0	0.0	1.0	0.0	4.0	1.0	4.0	1.0	3.0	0.0	5.0	1.0	3.0	0.0	3.625	0.0	0.0	-1.0	0.0	0.0	0.0	1.0	0.0	0.0	0.0	0.0	0.0	0.0	0.0	0.0	0.0	0.0	0.0	0.0	0.0			0.0	1.0	0.0
1	2	4	3	65	16	7	4	0.0	1.0	1.0	0.0	5.0	0.0	0.0	1.0	1.0	1.0	1.0	1.0	2.0	4.0	2.0	2.6666667	90.0	4.0	4.0	5.0	4.3333335	2.0	4.0	5.0	1.0	0.0	1.0	1.0	2.0	0.0	1.0	0.0	1.0	0.0	1.0	1.0		1.0	1.0	5.0	1.0	5.0	1.0	5.0	1.0	2.0	0.0	1.0	0.0	5.0	1.0	2.0	0.0	5.0	1.0	5.0	1.0	3.75	0.625	3.0	0.0	2.0	0.0	5.0	1.0	5.0	1.0	4.0	1.0	5.0	1.0	5.0	1.0	1.0	5.0	1.0	5.0	1.0	5.0	1.0	2.0	0.0	1.0	0.0	5.0	1.0	2.0	0.0	5.0	1.0	5.0	1.0	3.75	0.0	0.0	0.0	0.0	0.0	0.0	0.0	0.0	0.0	0.0	0.0	0.0	0.0	0.0	0.0	0.0	0.0	0.0	0.0	0.0			1.0	1.0	1.0
1	3	4	2	69	8	5	2	1.0	1.0	1.0	0.0	3.0	0.0	0.0	1.0	1.0	1.0	1.0	1.0	1.0	4.0	1.0	2.0	20.0	1.0	3.0	3.0	2.3333333	2.0	3.0	5.0	0.0	1.0	0.0	0.0	0.0	1.0	1.0	0.0	1.0	0.0	1.0	1.0		0.0	0.0	3.0	0.0	5.0	1.0	3.0	0.0	1.0	0.0	3.0	0.0	4.0	1.0	3.0	0.0	4.0	1.0	3.0	0.0	3.25	0.375	2.0	0.0	2.0	0.0	3.0	0.0	3.0	0.0	3.0	0.0	4.0	1.0	3.0	0.0	0.0	3.0	0.0	5.0	1.0	3.0	0.0	1.0	0.0	3.0	0.0	4.0	1.0	3.0	0.0	3.0	0.0	3.0	0.0	3.125	0.0	0.0	0.0	0.0	0.0	0.0	0.0	-1.0	0.0	-0.125	0.0	0.0	0.0	0.0	0.0	0.0	0.0	-1.0	0.0	-0.125	4.0	1.0	1.0	1.0	1.0
1	2	3	4	60	5	2	3	0.0	1.0	1.0	0.0	7.0	0.0	1.0	0.0	1.0	3.0	2.0	2.0	3.0	4.0	4.0	3.6666667	12.0	3.0	3.0	3.0	3.0	1.0	4.0	1.0	1.0	0.0	0.0	0.0	0.0	0.0	0.0	1.0	1.0	0.0	0.0		1.0	0.0	0.0	4.0	1.0	4.0	1.0	2.0	0.0	3.0	0.0	2.0	0.0	3.0	0.0	3.0	0.0	3.0	0.0	3.0	0.0	3.0	0.25	3.0	0.0	3.0	0.0	3.0	0.0	3.0	0.0	3.0	0.0	3.0	0.0	4.0	1.0	0.0	4.0	1.0	4.0	1.0	2.0	0.0	2.0	0.0	2.0	0.0	3.0	0.0	2.0	0.0	3.0	0.0	3.0	0.0	2.75	0.0	0.0	0.0	-1.0	0.0	0.0	-1.0	0.0	0.0	-0.25	0.0	0.0	0.0	0.0	0.0	0.0	0.0	0.0	0.0	0.0	3.0	0.0	1.0	1.0	1.0
1	4	3	2	53	7	4	3	0.0	1.0	1.0	0.0	8.0	0.0	1.0	0.0	1.0	1.0	1.0	1.0	3.0	5.0	5.0	4.3333335	39.0	4.0	5.0	5.0	4.6666665	1.0	5.0	5.0	1.0	0.0	1.0	0.0	1.0	0.0	1.0	0.0	1.0	0.0	1.0	1.0		0.0	0.0	5.0	1.0	5.0	1.0	5.0	1.0	5.0	1.0	5.0	1.0	3.0	0.0	5.0	1.0	5.0	1.0	5.0	1.0	4.75	0.875	4.0	1.0	5.0	1.0	5.0	1.0	4.0	1.0	5.0	1.0	5.0	1.0	5.0	1.0	1.0	5.0	1.0	5.0	1.0	4.0	1.0	5.0	1.0	5.0	1.0	3.0	0.0	5.0	1.0	5.0	1.0	5.0	1.0	4.625	0.0	0.0	-1.0	0.0	0.0	0.0	0.0	0.0	0.0	-0.125	0.0	0.0	0.0	0.0	0.0	0.0	0.0	0.0	0.0	0.0	5.0	1.0	1.0	1.0	1.0
3	2	4	1	59	7	5	2	0.0	1.0	1.0	0.0	4.0	0.0	0.0	1.0	1.0	1.0	1.0	1.0	1.0	1.0	1.0	1.0	0.0	3.0	3.0	3.0	3.0	3.0	4.0	5.0	0.0	1.0	1.0	1.0	2.0	1.0	1.0	0.0	1.0	0.0	1.0	1.0		0.0	0.0	4.0	1.0	4.0	1.0	4.0	1.0	1.0	0.0	2.0	0.0	4.0	1.0	4.0	1.0	4.0	1.0	3.0	0.0	3.375	0.75	2.0	0.0	4.0	1.0	2.0	0.0	3.0	0.0	3.0	0.0	5.0	1.0	4.0	1.0	0.0	1.0	0.0	4.0	1.0	4.0	1.0	1.0	0.0	1.0	0.0	4.0	1.0	4.0	1.0	4.0	1.0	3.0	0.0	2.875	-3.0	0.0	0.0	0.0	-1.0	0.0	0.0	0.0	0.0	-0.5	-1.0	0.0	0.0	0.0	0.0	0.0	0.0	0.0	0.0	-0.125	5.0	1.0	0.0	0.0	0.0
3	4	1	2	49	22	7	1	0.0	0.0	1.0	0.0	1.0	1.0	0.0	0.0	5.0	4.0	4.0	4.3333335	4.0	5.0	5.0	4.6666665	-69.0	5.0	4.0	5.0	4.6666665	5.0	4.0	5.0	0.0	1.0	1.0	1.0	2.0	0.0	0.0	1.0	1.0	0.0	0.0		1.0	0.0	0.0	5.0	1.0	4.0	1.0	4.0	1.0	2.0	0.0	4.0	1.0	4.0	1.0	2.0	0.0	4.0	1.0	4.0	1.0	3.625	0.75	5.0	1.0	5.0	1.0	1.0	0.0	1.0	0.0	2.0	0.0	2.0	0.0	1.0	0.0	1.0	5.0	1.0	4.0	1.0	4.0	1.0	5.0	1.0	4.0	1.0	4.0	1.0	4.0	1.0	4.0	1.0	4.0	1.0	4.25	0.0	0.0	0.0	3.0	0.0	0.0	2.0	0.0	0.0	0.625	0.0	0.0	0.0	1.0	0.0	0.0	1.0	0.0	0.0	0.25	4.0	1.0	0.0	0.0	1.0
3	1	4	2	59	14	5	3	0.0	1.0	1.0	0.0	8.0	0.0	1.0	0.0	1.0	1.0	1.0	1.0	1.0	1.0	1.0	1.0	0.0	1.0	2.0	3.0	2.0	3.0	2.0	2.0	1.0	0.0	0.0	0.0	0.0	0.0	0.0	1.0	1.0	0.0	0.0		1.0	0.0	0.0	5.0	1.0	5.0	1.0	3.0	0.0	2.0	0.0	1.0	0.0	4.0	1.0	2.0	0.0	5.0	1.0	3.0	0.0	3.375	0.5	1.0	0.0	3.0	0.0	2.0	0.0	3.0	0.0	3.0	0.0	5.0	1.0	4.0	1.0	0.0	5.0	1.0	5.0	1.0	4.0	1.0	1.0	0.0	1.0	0.0	4.0	1.0	2.0	0.0	5.0	1.0	3.0	0.0	3.375	0.0	0.0	1.0	-1.0	0.0	0.0	0.0	0.0	0.0	0.0	0.0	0.0	1.0	0.0	0.0	0.0	0.0	0.0	0.0	0.125	5.0	1.0	0.0	0.0	0.0
1	3	4	2	39	1	6	2	0.0	1.0	1.0	0.0	1.0	1.0	0.0	0.0	2.0	2.0	1.0	1.6666666	1.0	3.0	2.0	2.0	-2.0	2.0	2.0	2.0	2.0	3.0	4.0	2.0	0.0	1.0	0.0	0.0	0.0	0.0	1.0	0.0	1.0	0.0	1.0	1.0		0.0	0.0	4.0	1.0	5.0	1.0	4.0	1.0	2.0	0.0	3.0	0.0	4.0	1.0	3.0	0.0	4.0	1.0	4.0	1.0	3.625	0.625	3.0	0.0	2.0	0.0	3.0	0.0	4.0	1.0	3.0	0.0	3.0	0.0	5.0	1.0	0.0	5.0	1.0	5.0	1.0	4.0	1.0	2.0	0.0	3.0	0.0	4.0	1.0	3.0	0.0	5.0	1.0	3.0	0.0	3.875	1.0	0.0	0.0	0.0	0.0	0.0	0.0	1.0	-1.0	0.25	0.0	0.0	0.0	0.0	0.0	0.0	0.0	0.0	-1.0	0.0	5.0	1.0	1.0	0.0	1.0
3	2	4	1	56	1	2	3	0.0	1.0	1.0	0.0	8.0	0.0	1.0	0.0	1.0	1.0	1.0	1.0	3.0	1.0	1.0	1.6666666	80.0	4.0	4.0	5.0	4.3333335	3.0	3.0	5.0	0.0	0.0	1.0	1.0	2.0	1.0	0.0	1.0	1.0	0.0	0.0		1.0	1.0	1.0	3.0	0.0	3.0	0.0	1.0	0.0	2.0	0.0	2.0	0.0	2.0	0.0	2.0	0.0	3.0	0.0	3.0	0.0	2.25	0.0	4.0	1.0	3.0	0.0	2.0	0.0	5.0	1.0	3.0	0.0	4.0	1.0	4.0	1.0	0.0	5.0	1.0	4.0	1.0	3.0	0.0	4.0	1.0	4.0	1.0	3.0	0.0	3.0	0.0	3.0	0.0	4.0	1.0	3.625	2.0	1.0	2.0	2.0	2.0	1.0	1.0	0.0	1.0	1.375	1.0	1.0	0.0	1.0	1.0	0.0	0.0	0.0	1.0	0.5			0.0	1.0	0.0
4	1	3	2	53	17	3	1	0.0	1.0	1.0	0.0	8.0	0.0	1.0	0.0	2.0	2.0	3.0	2.3333333	4.0	3.0	2.0	3.0	1.0	2.0	3.0	1.0	2.0	2.0	4.0	4.0	1.0	0.0	0.0	0.0	0.0	1.0	1.0	0.0	1.0	0.0	1.0	1.0		1.0	1.0	3.0	0.0	2.0	0.0	3.0	0.0	4.0	1.0	4.0	1.0	4.0	1.0	3.0	0.0	3.0	0.0	2.0	0.0	3.25	0.375	4.0	1.0	4.0	1.0	3.0	0.0	5.0	1.0	3.0	0.0	4.0	1.0	4.0	1.0	1.0	3.0	0.0	4.0	1.0	3.0	0.0	3.0	0.0	3.0	0.0	3.0	0.0	3.0	0.0	3.0	0.0	3.0	0.0	3.125	0.0	2.0	0.0	-1.0	-1.0	-1.0	0.0	0.0	1.0	-0.125	0.0	1.0	0.0	-1.0	-1.0	-1.0	0.0	0.0	0.0	-0.25			0.0	0.0	0.0
1	3	4	2	80	18	6	4	1.0	0.0	1.0	0.0	1.0	1.0	0.0	0.0	2.0	3.0	1.0	2.0	4.0	4.0	2.0	3.3333333	89.0	2.0	4.0	2.0	2.6666667	3.0	2.0	5.0	0.0	1.0	0.0	0.0	0.0	1.0	1.0	0.0	1.0	0.0	1.0	1.0		1.0	1.0	5.0	1.0	5.0	1.0	4.0	1.0	2.0	0.0	2.0	0.0	3.0	0.0	2.0	0.0	4.0	1.0	3.0	0.0	3.375	0.5	3.0	0.0	3.0	0.0	3.0	0.0	4.0	1.0	4.0	1.0	4.0	1.0	4.0	1.0	0.0	5.0	1.0	5.0	1.0	5.0	1.0	2.0	0.0	2.0	0.0	2.0	0.0	2.0	0.0	4.0	1.0	4.0	1.0	3.375	0.0	0.0	1.0	0.0	0.0	-1.0	0.0	0.0	1.0	0.0	0.0	0.0	0.0	0.0	0.0	0.0	0.0	0.0	1.0	0.0			1.0	1.0	1.0
4	1	3	2	66	22	7	1	1.0	1.0	1.0	0.0	7.0	0.0	1.0	0.0	4.0	1.0	1.0	2.0	1.0	3.0	1.0	1.6666666	18.0	2.0	4.0	2.0	2.6666667	5.0	4.0	5.0	1.0	0.0	0.0	1.0	1.0	0.0	0.0	0.0	0.0	1.0		0.0	0.0		1.0	5.0	1.0	5.0	1.0	4.0	1.0	1.0	0.0	2.0	0.0	4.0	1.0	4.0	1.0	5.0	1.0	5.0	1.0	3.75	0.75	4.0	1.0	2.0	0.0	5.0	1.0	5.0	1.0	5.0	1.0	5.0	1.0	5.0	1.0	1.0	5.0	1.0	5.0	1.0	4.0	1.0	2.0	0.0	2.0	0.0	5.0	1.0	5.0	1.0	5.0	1.0	5.0	1.0	4.125	0.0	0.0	0.0	1.0	0.0	1.0	1.0	0.0	0.0	0.375	0.0	0.0	0.0	0.0	0.0	0.0	0.0	0.0	0.0	0.0			0.0	1.0	0.0
1	2	3	4	62	12	2	1	0.0	1.0	1.0	0.0	8.0	0.0	1.0	0.0	1.0	1.0	1.0	1.0	4.0	4.0	1.0	3.0	52.0	2.0	5.0	4.0	3.6666667	1.0	4.0	4.0	1.0	0.0	0.0	1.0	1.0	0.0	0.0	1.0	1.0	0.0	0.0		1.0	0.0	0.0	5.0	1.0	5.0	1.0	4.0	1.0	2.0	0.0	2.0	0.0	4.0	1.0	4.0	1.0	4.0	1.0	4.0	1.0	3.75	0.75	5.0	1.0	2.0	0.0	4.0	1.0	5.0	1.0	3.0	0.0	3.0	0.0	5.0	1.0	1.0	5.0	1.0	5.0	1.0	4.0	1.0	2.0	0.0	2.0	0.0	4.0	1.0	4.0	1.0	4.0	1.0	5.0	1.0	3.75	0.0	0.0	0.0	0.0	0.0	0.0	0.0	0.0	1.0	0.0	0.0	0.0	0.0	0.0	0.0	0.0	0.0	0.0	0.0	0.0	5.0	1.0	1.0	1.0	1.0
3	2	4	1	73	18	6	4	1.0	0.0	1.0	0.0	2.0	1.0	0.0	0.0	2.0	2.0	2.0	2.0	4.0	4.0	4.0	4.0	42.0	3.0	4.0	3.0	3.3333333	4.0	4.0	4.0	0.0	1.0	1.0	1.0	2.0	0.0	0.0	1.0	1.0	0.0	0.0		1.0	1.0	1.0	5.0	1.0	5.0	1.0	4.0	1.0	2.0	0.0	2.0	0.0	4.0	1.0	2.0	0.0	5.0	1.0	3.0	0.0	3.625	0.625	1.0	0.0	2.0	0.0	3.0	0.0	4.0	1.0	2.0	0.0	4.0	1.0	5.0	1.0	0.0	5.0	1.0	5.0	1.0	4.0	1.0	2.0	0.0	2.0	0.0	4.0	1.0	2.0	0.0	5.0	1.0	3.0	0.0	3.625	0.0	0.0	0.0	0.0	0.0	0.0	0.0	0.0	0.0	0.0	0.0	0.0	0.0	0.0	0.0	0.0	0.0	0.0	0.0	0.0			0.0	1.0	0.0
1	3	4	2	73	7	4	2	1.0	1.0	1.0	0.0	1.0	1.0	0.0	0.0	1.0	2.0	1.0	1.3333334	3.0	4.0	3.0	3.3333333	-3.0	3.0	4.0	3.0	3.3333333	5.0	4.0	4.0	0.0	1.0	0.0	0.0	0.0	0.0	0.0	1.0	1.0	0.0	0.0		1.0	1.0	1.0	5.0	1.0	5.0	1.0	4.0	1.0	2.0	0.0	2.0	0.0	5.0	1.0	3.0	0.0	5.0	1.0	4.0	1.0	3.875	0.625	4.0	1.0	2.0	0.0	4.0	1.0	3.0	0.0	4.0	1.0	5.0	1.0	4.0	1.0	1.0	5.0	1.0	5.0	1.0	4.0	1.0	3.0	0.0	3.0	0.0	5.0	1.0	4.0	1.0	5.0	1.0	5.0	1.0	4.25	0.0	0.0	0.0	1.0	1.0	0.0	1.0	0.0	1.0	0.375	0.0	0.0	0.0	0.0	0.0	0.0	1.0	0.0	0.0	0.125			1.0	0.0	1.0
3	2	4	1	73	9	6	2	1.0	1.0	1.0	0.0	1.0	1.0	0.0	0.0	1.0	1.0	1.0	1.0	2.0	1.0	2.0	1.6666666	0.0	2.0	4.0	2.0	2.6666667	4.0	4.0	5.0	0.0	1.0	1.0	1.0	2.0	1.0	0.0	1.0	1.0	0.0	0.0		1.0	0.0	0.0	5.0	1.0	5.0	1.0	3.0	0.0	2.0	0.0	2.0	0.0	5.0	1.0	4.0	1.0	4.0	1.0	4.0	1.0	3.75	0.625	4.0	1.0	2.0	0.0	4.0	1.0	2.0	0.0	4.0	1.0	5.0	1.0	3.0	0.0	1.0	2.0	0.0	5.0	1.0	4.0	1.0	2.0	0.0	2.0	0.0	5.0	1.0	4.0	1.0	4.0	1.0	4.0	1.0	3.5	-3.0	0.0	1.0	0.0	0.0	0.0	0.0	0.0	0.0	-0.25	-1.0	0.0	1.0	0.0	0.0	0.0	0.0	0.0	0.0	0.0	5.0	1.0	0.0	0.0	0.0
2	4	3	1	33	4	2	4	0.0	0.0	0.0	0.0	4.0	0.0	0.0	1.0	4.0	4.0	4.0	4.0	3.0	4.0	5.0	4.0	40.0	3.0	5.0	2.0	3.3333333	5.0	3.0	1.0	0.0	0.0	0.0	1.0	1.0	0.0	0.0	1.0	1.0	0.0	0.0		1.0	0.0	0.0	4.0	1.0	4.0	1.0	3.0	0.0	3.0	0.0	3.0	0.0	4.0	1.0	4.0	1.0	3.0	0.0	4.0	1.0	3.5	0.5	3.0	0.0	4.0	1.0	3.0	0.0	4.0	1.0	4.0	1.0	3.0	0.0	5.0	1.0	0.0	4.0	1.0	4.0	1.0	3.0	0.0	4.0	1.0	3.0	0.0	4.0	1.0	4.0	1.0	3.0	0.0	4.0	1.0	3.625	0.0	0.0	0.0	1.0	0.0	0.0	0.0	0.0	0.0	0.125	0.0	0.0	0.0	1.0	0.0	0.0	0.0	0.0	0.0	0.125	4.0	1.0	0.0	1.0	1.0
3	1	4	2	74	3	6	1	1.0	1.0	1.0	0.0	7.0	0.0	1.0	0.0	3.0	4.0	3.0	3.3333333	2.0	4.0	3.0	3.0	75.0	4.0	4.0	4.0	4.0	2.0	2.0	3.0	0.0	0.0	0.0	1.0	1.0	1.0	0.0	1.0	1.0	0.0	0.0		1.0	0.0	0.0	3.0	0.0	3.0	0.0	2.0	0.0	1.0	0.0	1.0	0.0	3.0	0.0	1.0	0.0	2.0	0.0	1.0	0.0	2.0	0.0	2.0	0.0	1.0	0.0	1.0	0.0	3.0	0.0	1.0	0.0	4.0	1.0	3.0	0.0	0.0	3.0	0.0	3.0	0.0	2.0	0.0	1.0	0.0	1.0	0.0	2.0	0.0	1.0	0.0	2.0	0.0	1.0	0.0	1.875	0.0	0.0	0.0	0.0	0.0	-1.0	0.0	0.0	0.0	-0.125	0.0	0.0	0.0	0.0	0.0	0.0	0.0	0.0	0.0	0.0	2.0	0.0	0.0	1.0	0.0
2	3	4	1	89	11	6	2	1.0	0.0	1.0	0.0	4.0	0.0	0.0	1.0	2.0	2.0	2.0	2.0	4.0	4.0	4.0	4.0	2.0	3.0	4.0	4.0	3.6666667	5.0	4.0	5.0	0.0	1.0	1.0	0.0	1.0	1.0	0.0	1.0	1.0	0.0	0.0		1.0	1.0	1.0	5.0	1.0	5.0	1.0	4.0	1.0	1.0	0.0	1.0	0.0	5.0	1.0	4.0	1.0	5.0	1.0	5.0	1.0	3.75	0.75	3.0	0.0	4.0	1.0	4.0	1.0	2.0	0.0	2.0	0.0	5.0	1.0	2.0	0.0	1.0	5.0	1.0	5.0	1.0	4.0	1.0	1.0	0.0	1.0	0.0	5.0	1.0	4.0	1.0	5.0	1.0	4.0	1.0	3.75	0.0	0.0	0.0	0.0	0.0	0.0	0.0	0.0	-1.0	0.0	0.0	0.0	0.0	0.0	0.0	0.0	0.0	0.0	0.0	0.0			0.0	1.0	1.0
2	3	4	1	78	19	7	3	1.0	0.0	1.0	0.0	3.0	0.0	0.0	1.0	2.0	2.0	1.0	1.6666666	4.0	4.0	4.0	4.0	-50.0	4.0	4.0	4.0	4.0	1.0	4.0	4.0	0.0	1.0	1.0	1.0	2.0	0.0	1.0	0.0	1.0	0.0	1.0	1.0		1.0	1.0	5.0	1.0	5.0	1.0	2.0	0.0	1.0	0.0	1.0	0.0	5.0	1.0	2.0	0.0	4.0	1.0	5.0	1.0	3.125	0.5	3.0	0.0	3.0	0.0	4.0	1.0	4.0	1.0	2.0	0.0	4.0	1.0	3.0	0.0	1.0	5.0	1.0	5.0	1.0	3.0	0.0	1.0	0.0	1.0	0.0	5.0	1.0	3.0	0.0	5.0	1.0	3.0	0.0	3.5	0.0	0.0	1.0	0.0	0.0	0.0	1.0	1.0	-2.0	0.375	0.0	0.0	0.0	0.0	0.0	0.0	0.0	0.0	-1.0	0.0			0.0	0.0	1.0
3	2	4	1	69	5	6	3	1.0	1.0	1.0	0.0	1.0	1.0	0.0	0.0	2.0	4.0	2.0	2.6666667	2.0	3.0	1.0	2.0	-16.0	3.0	2.0	2.0	2.3333333	4.0	3.0	4.0	0.0	1.0	0.0	1.0	1.0	1.0	1.0	0.0	1.0	0.0	1.0	1.0		0.0	0.0	5.0	1.0	5.0	1.0	4.0	1.0	2.0	0.0	1.0	0.0	4.0	1.0	3.0	0.0	3.0	0.0	3.0	0.0	3.375	0.5	2.0	0.0	2.0	0.0	4.0	1.0	3.0	0.0	4.0	1.0	5.0	1.0	5.0	1.0	0.0	3.0	0.0	4.0	1.0	3.0	0.0	1.0	0.0	1.0	0.0	4.0	1.0	3.0	0.0	3.0	0.0	3.0	0.0	2.75	-2.0	-1.0	-1.0	-1.0	0.0	0.0	0.0	0.0	0.0	-0.625	-1.0	0.0	-1.0	0.0	0.0	0.0	0.0	0.0	0.0	-0.25	5.0	1.0	0.0	0.0	0.0
1	3	4	2	69	9	4	3	1.0	0.0	1.0	0.0	8.0	0.0	1.0	0.0	4.0	5.0	4.0	4.3333335	2.0	4.0	1.0	2.3333333	100.0	5.0	5.0	5.0	5.0	2.0	2.0	5.0	1.0	0.0	1.0	0.0	1.0	0.0	0.0	1.0	1.0	0.0	0.0		1.0	1.0	1.0	4.0	1.0	5.0	1.0	4.0	1.0	4.0	1.0	4.0	1.0	1.0	0.0	1.0	0.0	4.0	1.0	1.0	0.0	3.375	0.75	2.0	0.0	2.0	0.0	2.0	0.0	5.0	1.0	2.0	0.0	4.0	1.0	4.0	1.0	0.0	4.0	1.0	5.0	1.0	2.0	0.0	2.0	0.0	3.0	0.0	1.0	0.0	1.0	0.0	4.0	1.0	2.0	0.0	2.75	0.0	0.0	-2.0	-2.0	-1.0	0.0	0.0	0.0	1.0	-0.625	0.0	0.0	-1.0	-1.0	-1.0	0.0	0.0	0.0	0.0	-0.375			1.0	1.0	1.0
4	2	3	1	66	6	2	2	1.0	0.0	1.0	0.0	7.0	0.0	1.0	0.0	3.0	2.0	2.0	2.3333333	4.0	5.0	3.0	4.0	-2.0	2.0	4.0	3.0	3.0	3.0	2.0	4.0	1.0	0.0	0.0	0.0	0.0	0.0	0.0	0.0	0.0	1.0		0.0	0.0		1.0	4.0	1.0	4.0	1.0	5.0	1.0	2.0	0.0	2.0	0.0	3.0	0.0	1.0	0.0	4.0	1.0	4.0	1.0	3.125	0.5	4.0	1.0	3.0	0.0	4.0	1.0	4.0	1.0	3.0	0.0	5.0	1.0	5.0	1.0	1.0	5.0	1.0	4.0	1.0	4.0	1.0	2.0	0.0	2.0	0.0	3.0	0.0	2.0	0.0	5.0	1.0	4.0	1.0	3.375	1.0	0.0	-1.0	0.0	0.0	0.0	1.0	1.0	0.0	0.25	0.0	0.0	0.0	0.0	0.0	0.0	0.0	0.0	0.0	0.0			0.0	0.0	0.0
4	2	3	1	85	2	6	2	1.0	0.0	1.0	0.0	2.0	1.0	0.0	0.0	2.0	1.0	1.0	1.3333334	3.0	3.0	2.0	2.6666667	0.0	1.0	2.0	2.0	1.6666666	1.0	4.0	5.0	0.0	1.0	1.0	0.0	1.0	0.0	0.0	0.0	0.0	1.0		0.0	0.0		1.0	5.0	1.0	5.0	1.0	5.0	1.0	1.0	0.0	1.0	0.0	1.0	0.0	1.0	0.0	5.0	1.0	1.0	0.0	3.0	0.5	1.0	0.0	2.0	0.0	2.0	0.0	5.0	1.0	1.0	0.0	5.0	1.0	5.0	1.0	0.0	5.0	1.0	5.0	1.0	5.0	1.0	1.0	0.0	1.0	0.0	1.0	0.0	1.0	0.0	4.0	1.0	1.0	0.0	2.875	0.0	0.0	0.0	0.0	0.0	0.0	0.0	-1.0	0.0	-0.125	0.0	0.0	0.0	0.0	0.0	0.0	0.0	0.0	0.0	0.0			0.0	0.0	0.0
4	2	3	1	78	19	5	3	1.0	0.0	1.0	0.0	3.0	0.0	0.0	1.0	3.0	3.0	3.0	3.0	3.0	3.0	4.0	3.3333333	0.0	2.0	4.0	3.0	3.0	3.0	4.0	5.0	0.0	1.0	1.0	0.0	1.0	0.0	0.0	0.0	0.0	1.0		0.0	0.0		1.0	2.0	0.0	3.0	0.0	1.0	0.0	1.0	0.0	1.0	0.0	2.0	0.0	1.0	0.0	1.0	0.0	1.0	0.0	1.5	0.0	3.0	0.0	1.0	0.0	1.0	0.0	4.0	1.0	2.0	0.0	5.0	1.0	3.0	0.0	0.0	4.0	1.0	4.0	1.0	1.0	0.0	1.0	0.0	1.0	0.0	2.0	0.0	1.0	0.0	1.0	0.0	2.0	0.0	1.875	2.0	1.0	0.0	0.0	0.0	0.0	0.0	0.0	1.0	0.375	1.0	1.0	0.0	0.0	0.0	0.0	0.0	0.0	0.0	0.25			0.0	0.0	0.0
1	3	4	2	72	5	7	2	1.0	1.0	1.0	0.0	1.0	1.0	0.0	0.0	1.0	2.0	1.0	1.3333334	3.0	4.0	1.0	2.6666667	-22.0	3.0	4.0	2.0	3.0	3.0	4.0	4.0	0.0	1.0	1.0	1.0	2.0	0.0	1.0	0.0	1.0	0.0	1.0	1.0		0.0	0.0	4.0	1.0	5.0	1.0	4.0	1.0	1.0	0.0	1.0	0.0	5.0	1.0	3.0	0.0	5.0	1.0	3.0	0.0	3.5	0.625	1.0	0.0	1.0	0.0	3.0	0.0	4.0	1.0	3.0	0.0	5.0	1.0	5.0	1.0	0.0	3.0	0.0	5.0	1.0	4.0	1.0	1.0	0.0	1.0	0.0	4.0	1.0	2.0	0.0	5.0	1.0	3.0	0.0	3.125	-1.0	0.0	0.0	0.0	0.0	-1.0	-1.0	0.0	0.0	-0.375	-1.0	0.0	0.0	0.0	0.0	0.0	0.0	0.0	0.0	-0.125	5.0	1.0	1.0	0.0	1.0
3	2	4	1	52	13	6	4	0.0	1.0	0.0	0.0	7.0	0.0	1.0	0.0	1.0	1.0	1.0	1.0	5.0	5.0	4.0	4.6666665	0.0	2.0	4.0	2.0	2.6666667	5.0	4.0	5.0	1.0	0.0	0.0	1.0	1.0	1.0	0.0	0.0	0.0	1.0		0.0	0.0		1.0	5.0	1.0	5.0	1.0	4.0	1.0	3.0	0.0	4.0	1.0	4.0	1.0	4.0	1.0	3.0	0.0	3.0	0.0	4.0	0.75	4.0	1.0	4.0	1.0	4.0	1.0	4.0	1.0	2.0	0.0	5.0	1.0	5.0	1.0	0.0	5.0	1.0	5.0	1.0	4.0	1.0	2.0	0.0	3.0	0.0	4.0	1.0	3.0	0.0	4.0	1.0	3.0	0.0	3.75	0.0	0.0	0.0	-1.0	-1.0	0.0	-1.0	1.0	0.0	-0.25	0.0	0.0	0.0	0.0	-1.0	0.0	-1.0	1.0	0.0	-0.125			0.0	0.0	0.0
3	2	4	1	58	13	4	2	0.0	0.0	1.0	0.0	2.0	1.0	0.0	0.0	1.0	1.0	1.0	1.0	1.0	3.0	1.0	1.6666666	0.0	1.0	2.0	1.0	1.3333334	5.0	4.0	5.0	0.0	1.0	1.0	1.0	2.0	1.0	1.0	0.0	1.0	0.0	1.0	1.0		0.0	0.0	5.0	1.0	5.0	1.0	5.0	1.0	1.0	0.0	1.0	0.0	5.0	1.0	5.0	1.0	5.0	1.0	4.0	1.0	4.0	0.75	2.0	0.0	3.0	0.0	5.0	1.0	4.0	1.0	5.0	1.0	5.0	1.0	5.0	1.0	0.0	3.0	0.0	5.0	1.0	5.0	1.0	1.0	0.0	1.0	0.0	5.0	1.0	5.0	1.0	5.0	1.0	4.0	1.0	3.75	-2.0	0.0	0.0	0.0	0.0	0.0	0.0	0.0	0.0	-0.25	-1.0	0.0	0.0	0.0	0.0	0.0	0.0	0.0	0.0	-0.125	5.0	1.0	0.0	0.0	0.0
4	2	3	1	45	7	4	3	0.0	1.0	1.0	0.0	4.0	0.0	0.0	1.0	2.0	2.0	2.0	2.0	2.0	4.0	1.0	2.3333333	-31.0	1.0	1.0	1.0	1.0	5.0	2.0	5.0	0.0	1.0	1.0	1.0	2.0	1.0	0.0	0.0	0.0	1.0		0.0	0.0		1.0	4.0	1.0	3.0	0.0	1.0	0.0	1.0	0.0	1.0	0.0	4.0	1.0	2.0	0.0	4.0	1.0	2.0	0.0	2.5	0.375	1.0	0.0	2.0	0.0	2.0	0.0	1.0	0.0	2.0	0.0	4.0	1.0	4.0	1.0	0.0	4.0	1.0	3.0	0.0	1.0	0.0	1.0	0.0	1.0	0.0	4.0	1.0	1.0	0.0	4.0	1.0	2.0	0.0	2.375	0.0	0.0	0.0	0.0	0.0	0.0	-1.0	0.0	0.0	-0.125	0.0	0.0	0.0	0.0	0.0	0.0	0.0	0.0	0.0	0.0			0.0	0.0	0.0
4	2	3	1	37	5	4	3	0.0	1.0	1.0	0.0	5.0	0.0	0.0	1.0	4.0	2.0	3.0	3.0	3.0	4.0	3.0	3.3333333	35.0	3.0	3.0	3.0	3.0	4.0	4.0	3.0	1.0	0.0	0.0	1.0	1.0	1.0	0.0	0.0	0.0	1.0		0.0	0.0		1.0	4.0	1.0	4.0	1.0	2.0	0.0	2.0	0.0	1.0	0.0	4.0	1.0	3.0	0.0	3.0	0.0	3.0	0.0	2.875	0.375	4.0	1.0	3.0	0.0	3.0	0.0	3.0	0.0	3.0	0.0	5.0	1.0	3.0	0.0	0.0	4.0	1.0	4.0	1.0	3.0	0.0	4.0	1.0	1.0	0.0	4.0	1.0	3.0	0.0	4.0	1.0	4.0	1.0	3.375	0.0	0.0	1.0	2.0	0.0	0.0	0.0	1.0	1.0	0.5	0.0	0.0	0.0	1.0	0.0	0.0	0.0	1.0	1.0	0.25			0.0	1.0	0.0
1	3	4	2	67	16	5	3	1.0	1.0	1.0	0.0	1.0	1.0	0.0	0.0	1.0	2.0	1.0	1.3333334	5.0	5.0	2.0	4.0	40.0	3.0	2.0	2.0	2.3333333	4.0	5.0	5.0	0.0	1.0	0.0	1.0	1.0	0.0	0.0	1.0	1.0	0.0	0.0		1.0	1.0	1.0	5.0	1.0	5.0	1.0	5.0	1.0	3.0	0.0	5.0	1.0	3.0	0.0	4.0	1.0	4.0	1.0	5.0	1.0	4.25	0.75	5.0	1.0	5.0	1.0	5.0	1.0	3.0	0.0	5.0	1.0	5.0	1.0	5.0	1.0	1.0	5.0	1.0	5.0	1.0	5.0	1.0	5.0	1.0	5.0	1.0	5.0	1.0	5.0	1.0	5.0	1.0	5.0	1.0	5.0	0.0	0.0	0.0	2.0	0.0	2.0	1.0	1.0	0.0	0.75	0.0	0.0	0.0	1.0	0.0	1.0	0.0	0.0	0.0	0.25			1.0	1.0	1.0
3	2	4	1	47	5	6	3	0.0	1.0	1.0	0.0	8.0	0.0	1.0	0.0	2.0	2.0	1.0	1.6666666	1.0	4.0	2.0	2.3333333	98.0	5.0	5.0	5.0	5.0	1.0	4.0	4.0	1.0	0.0	0.0	0.0	0.0	0.0	0.0	1.0	1.0	0.0	0.0		1.0	1.0	1.0	4.0	1.0	5.0	1.0	4.0	1.0	1.0	0.0	2.0	0.0	2.0	0.0	1.0	0.0	4.0	1.0	1.0	0.0	2.875	0.5	2.0	0.0	2.0	0.0	4.0	1.0	4.0	1.0	1.0	0.0	5.0	1.0	5.0	1.0	0.0	5.0	1.0	5.0	1.0	4.0	1.0	1.0	0.0	1.0	0.0	2.0	0.0	1.0	0.0	5.0	1.0	1.0	0.0	3.0	1.0	0.0	0.0	0.0	-1.0	0.0	0.0	1.0	0.0	0.125	0.0	0.0	0.0	0.0	0.0	0.0	0.0	0.0	0.0	0.0			0.0	1.0	0.0
3	2	4	1	58	7	5	1	0.0	0.0	0.0	1.0	2.0	1.0	0.0	0.0	2.0	4.0	1.0	2.3333333	5.0	4.0	2.0	3.6666667	17.0	2.0	5.0	3.0	3.3333333	4.0	1.0	4.0	0.0	1.0	1.0	1.0	2.0	1.0	0.0	1.0	1.0	0.0	0.0		1.0	1.0	1.0	4.0	1.0	4.0	1.0	2.0	0.0	1.0	0.0	1.0	0.0	4.0	1.0	3.0	0.0	2.0	0.0	3.0	0.0	2.625	0.375	3.0	0.0	2.0	0.0	2.0	0.0	4.0	1.0	2.0	0.0	1.0	0.0	4.0	1.0	0.0	5.0	1.0	4.0	1.0	1.0	0.0	1.0	0.0	2.0	0.0	4.0	1.0	2.0	0.0	4.0	1.0	3.0	0.0	2.875	1.0	0.0	-1.0	0.0	1.0	0.0	-1.0	2.0	0.0	0.25	0.0	0.0	0.0	0.0	0.0	0.0	0.0	1.0	0.0	0.125			0.0	1.0	0.0
3	1	4	2	65	8	5	1	0.0	1.0	1.0	0.0	7.0	0.0	1.0	0.0	1.0	2.0	2.0	1.6666666	4.0	4.0	4.0	4.0	15.0	4.0	4.0	5.0	4.3333335	4.0	4.0	4.0	1.0	0.0	1.0	0.0	1.0	0.0	0.0	0.0	0.0	1.0		0.0	0.0		1.0	4.0	1.0	4.0	1.0	3.0	0.0	2.0	0.0	4.0	1.0	4.0	1.0	4.0	1.0	4.0	1.0	4.0	1.0	3.625	0.75	2.0	0.0	4.0	1.0	4.0	1.0	2.0	0.0	3.0	0.0	4.0	1.0	4.0	1.0	1.0	5.0	1.0	5.0	1.0	5.0	1.0	4.0	1.0	4.0	1.0	5.0	1.0	4.0	1.0	5.0	1.0	4.0	1.0	4.625	1.0	1.0	2.0	2.0	0.0	1.0	0.0	1.0	0.0	1.0	0.0	0.0	1.0	1.0	0.0	0.0	0.0	0.0	0.0	0.25			0.0	1.0	0.0
3	2	4	1	24	15	6	2	0.0	1.0	1.0	0.0	8.0	0.0	1.0	0.0	4.0	3.0	3.0	3.3333333	1.0	5.0	4.0	3.3333333	76.0	4.0	4.0	3.0	3.6666667	1.0	2.0	4.0	1.0	0.0	1.0	1.0	2.0	1.0	0.0	0.0	0.0	1.0		0.0	0.0		1.0	4.0	1.0	4.0	1.0	4.0	1.0	2.0	0.0	1.0	0.0	3.0	0.0	2.0	0.0	2.0	0.0	3.0	0.0	2.75	0.375	2.0	0.0	2.0	0.0	3.0	0.0	4.0	1.0	2.0	0.0	4.0	1.0	3.0	0.0	0.0	5.0	1.0	5.0	1.0	5.0	1.0	1.0	0.0	1.0	0.0	3.0	0.0	1.0	0.0	1.0	0.0	3.0	0.0	2.75	1.0	1.0	1.0	-1.0	0.0	0.0	-1.0	-1.0	0.0	0.0	0.0	0.0	0.0	0.0	0.0	0.0	0.0	0.0	0.0	0.0			0.0	1.0	0.0
1	3	4	2	52	19	6	1	0.0	0.0	1.0	0.0	2.0	1.0	0.0	0.0	3.0	2.0	2.0	2.3333333	4.0	4.0	3.0	3.6666667	-59.0	1.0	4.0	2.0	2.3333333	3.0	3.0	4.0	0.0	1.0	1.0	1.0	2.0	0.0	0.0	1.0	1.0	0.0	0.0		1.0	0.0	0.0	3.0	0.0	4.0	1.0	3.0	0.0	1.0	0.0	1.0	0.0	4.0	1.0	4.0	1.0	4.0	1.0	2.0	0.0	3.0	0.5	2.0	0.0	2.0	0.0	2.0	0.0	2.0	0.0	2.0	0.0	4.0	1.0	3.0	0.0	0.0	3.0	0.0	4.0	1.0	3.0	0.0	1.0	0.0	1.0	0.0	4.0	1.0	4.0	1.0	3.0	0.0	3.0	0.0	2.875	0.0	0.0	0.0	0.0	0.0	0.0	0.0	-1.0	1.0	-0.125	0.0	0.0	0.0	0.0	0.0	0.0	0.0	-1.0	0.0	-0.125	4.0	1.0	1.0	0.0	1.0
2	3	4	1	61	12	6	3	0.0	0.0	1.0	0.0	7.0	0.0	1.0	0.0	4.0	4.0	3.0	3.6666667	4.0	4.0	3.0	3.6666667	45.0	4.0	4.0	3.0	3.6666667	4.0	4.0	5.0	1.0	0.0	1.0	0.0	1.0	1.0	0.0	0.0	0.0	1.0		0.0	0.0		1.0	3.0	0.0	5.0	1.0	4.0	1.0	2.0	0.0	2.0	0.0	4.0	1.0	4.0	1.0	4.0	1.0	3.0	0.0	3.5	0.625	3.0	0.0	2.0	0.0	4.0	1.0	3.0	0.0	3.0	0.0	4.0	1.0	3.0	0.0	1.0	4.0	1.0	4.0	1.0	4.0	1.0	2.0	0.0	2.0	0.0	4.0	1.0	4.0	1.0	4.0	1.0	3.0	0.0	3.5	1.0	-1.0	0.0	0.0	0.0	0.0	0.0	0.0	0.0	0.0	1.0	0.0	0.0	0.0	0.0	0.0	0.0	0.0	0.0	0.125			0.0	1.0	1.0
2	4	1	3	55	12	2	1	0.0	0.0	1.0	0.0	8.0	0.0	1.0	0.0	4.0	4.0	4.0	4.0	2.0	3.0	1.0	2.0	55.0	3.0	4.0	1.0	2.6666667	5.0	5.0	4.0	1.0	0.0	1.0	0.0	1.0	1.0	1.0	0.0	1.0	0.0	1.0	1.0		0.0	0.0	5.0	1.0	5.0	1.0	4.0	1.0	2.0	0.0	4.0	1.0	4.0	1.0	5.0	1.0	5.0	1.0	2.0	0.0	4.25	0.875	5.0	1.0	4.0	1.0	5.0	1.0	1.0	0.0	4.0	1.0	5.0	1.0	5.0	1.0	1.0	5.0	1.0	5.0	1.0	5.0	1.0	3.0	0.0	2.0	0.0	4.0	1.0	5.0	1.0	4.0	1.0	4.0	1.0	4.125	0.0	0.0	1.0	1.0	-2.0	0.0	0.0	-1.0	2.0	-0.125	0.0	0.0	0.0	0.0	-1.0	0.0	0.0	0.0	1.0	-0.125	5.0	1.0	0.0	1.0	1.0
4	2	1	3	81	8	6	3	1.0	1.0	0.0	0.0	1.0	1.0	0.0	0.0	1.0	2.0	2.0	1.6666666	1.0	2.0	3.0	2.0	5.0	4.0	3.0	2.0	3.0	4.0	2.0	5.0	0.0	1.0	1.0	1.0	2.0	0.0	0.0	1.0	1.0	0.0	0.0		1.0	0.0	0.0	3.0	0.0	5.0	1.0	4.0	1.0	1.0	0.0	1.0	0.0	4.0	1.0	2.0	0.0	2.0	0.0	4.0	1.0	2.75	0.375	3.0	0.0	2.0	0.0	3.0	0.0	4.0	1.0	2.0	0.0	4.0	1.0	4.0	1.0	0.0	2.0	0.0	4.0	1.0	4.0	1.0	1.0	0.0	1.0	0.0	3.0	0.0	1.0	0.0	2.0	0.0	4.0	1.0	2.25	-1.0	-1.0	0.0	0.0	0.0	-1.0	-1.0	0.0	0.0	-0.5	0.0	0.0	0.0	0.0	0.0	-1.0	0.0	0.0	0.0	-0.125	4.0	1.0	0.0	1.0	0.0
2	1	4	3	85	1	2	1	1.0	0.0	1.0	0.0	6.0	0.0	0.0	1.0	4.0	5.0	3.0	4.0	4.0	4.0	3.0	3.6666667	5.0	4.0	3.0	4.0	3.6666667	3.0	4.0	5.0	1.0	0.0	0.0	0.0	0.0	0.0	0.0	1.0	1.0	0.0	0.0		1.0	1.0	1.0	4.0	1.0	4.0	1.0	4.0	1.0	4.0	1.0	4.0	1.0	4.0	1.0	4.0	1.0	4.0	1.0	4.0	1.0	4.0	1.0	3.0	0.0	4.0	1.0	4.0	1.0	4.0	1.0	4.0	1.0	4.0	1.0	4.0	1.0	0.0	4.0	1.0	4.0	1.0	4.0	1.0	4.0	1.0	4.0	1.0	4.0	1.0	4.0	1.0	4.0	1.0	4.0	1.0	4.0	0.0	0.0	0.0	0.0	0.0	0.0	0.0	0.0	0.0	0.0	0.0	0.0	0.0	0.0	0.0	0.0	0.0	0.0	0.0	0.0			0.0	1.0	0.0
2	3	4	1	34	1	2	3	0.0	1.0	0.0	1.0	8.0	0.0	1.0	0.0	2.0	2.0	2.0	2.0	4.0	2.0	4.0	3.3333333	18.0	2.0	3.0	5.0	3.3333333	2.0	1.0	5.0	0.0	0.0	0.0	1.0	1.0	1.0	1.0	0.0	1.0	0.0	1.0	1.0		0.0	0.0	3.0	0.0	3.0	0.0	3.0	0.0	5.0	1.0	3.0	0.0	2.0	0.0	2.0	0.0	2.0	0.0	1.0	0.0	2.875	0.125	4.0	1.0	5.0	1.0	4.0	1.0	5.0	1.0	2.0	0.0	2.0	0.0	2.0	0.0	1.0	2.0	0.0	3.0	0.0	2.0	0.0	1.0	0.0	2.0	0.0	3.0	0.0	2.0	0.0	2.0	0.0	2.0	0.0	2.125	-1.0	0.0	-1.0	-4.0	-1.0	1.0	0.0	0.0	1.0	-0.75	0.0	0.0	0.0	-1.0	0.0	0.0	0.0	0.0	0.0	-0.125	2.0	0.0	0.0	1.0	1.0
2	3	4	1	25	22	6	1	0.0	1.0	1.0	0.0	3.0	0.0	0.0	1.0	2.0	2.0	2.0	2.0	3.0	4.0	3.0	3.3333333	-20.0	1.0	4.0	2.0	2.3333333	4.0	4.0	4.0	0.0	0.0	0.0	1.0	1.0	1.0	0.0	0.0	0.0	1.0		0.0	0.0		1.0	3.0	0.0	5.0	1.0	5.0	1.0	2.0	0.0	4.0	1.0	4.0	1.0	4.0	1.0	5.0	1.0	3.0	0.0	4.0	0.75	4.0	1.0	4.0	1.0	4.0	1.0	3.0	0.0	3.0	0.0	4.0	1.0	5.0	1.0	0.0	4.0	1.0	5.0	1.0	5.0	1.0	3.0	0.0	3.0	0.0	4.0	1.0	4.0	1.0	5.0	1.0	4.0	1.0	4.125	1.0	0.0	0.0	1.0	-1.0	0.0	0.0	0.0	1.0	0.125	1.0	0.0	0.0	0.0	-1.0	0.0	0.0	0.0	1.0	0.0			0.0	0.0	1.0
3	4	1	2	33	1	4	2	0.0	1.0	1.0	0.0	8.0	0.0	1.0	0.0	4.0	5.0	4.0	4.3333335	5.0	5.0	1.0	3.6666667	47.0	4.0	4.0	1.0	3.0	5.0	5.0	3.0	1.0	0.0	0.0	0.0	0.0	1.0	0.0	1.0	1.0	0.0	0.0		1.0	1.0	1.0	2.0	0.0	3.0	0.0	1.0	0.0	4.0	1.0	1.0	0.0	1.0	0.0	2.0	0.0	2.0	0.0	3.0	0.0	2.0	0.125	3.0	0.0	4.0	1.0	4.0	1.0	5.0	1.0	4.0	1.0	2.0	0.0	2.0	0.0	1.0	4.0	1.0	5.0	1.0	3.0	0.0	3.0	0.0	5.0	1.0	5.0	1.0	5.0	1.0	5.0	1.0	5.0	1.0	4.375	2.0	2.0	2.0	-1.0	4.0	4.0	3.0	3.0	2.0	2.375	1.0	1.0	0.0	-1.0	1.0	1.0	1.0	1.0	1.0	0.625			0.0	1.0	1.0
3	2	4	1	63	1	2	1	0.0	1.0	1.0	0.0	7.0	0.0	1.0	0.0	1.0	1.0	1.0	1.0	5.0	5.0	5.0	5.0	1.0	1.0	5.0	1.0	2.3333333	5.0	5.0	5.0	0.0	1.0	1.0	1.0	2.0	1.0	0.0	1.0	1.0	0.0	0.0		1.0	0.0	0.0	5.0	1.0	5.0	1.0	1.0	0.0	1.0	0.0	1.0	0.0	5.0	1.0	5.0	1.0	5.0	1.0	5.0	1.0	3.5	0.625	2.0	0.0	1.0	0.0	3.0	0.0	3.0	0.0	1.0	0.0	5.0	1.0	5.0	1.0	0.0	5.0	1.0	5.0	1.0	3.0	0.0	1.0	0.0	1.0	0.0	5.0	1.0	5.0	1.0	5.0	1.0	5.0	1.0	3.75	0.0	0.0	2.0	0.0	0.0	0.0	0.0	0.0	0.0	0.25	0.0	0.0	0.0	0.0	0.0	0.0	0.0	0.0	0.0	0.0	5.0	1.0	0.0	0.0	0.0
4	1	2	3	53	4	6	3	0.0	0.0	0.0	0.0	7.0	0.0	1.0	0.0	3.0	4.0	2.0	3.0	2.0	4.0	3.0	3.0	95.0	4.0	4.0	5.0	4.3333335	3.0	3.0	4.0	1.0	0.0	1.0	1.0	2.0	1.0	0.0	0.0	0.0	1.0		0.0	0.0		1.0	3.0	0.0	3.0	0.0	4.0	1.0	3.0	0.0	2.0	0.0	3.0	0.0	3.0	0.0	3.0	0.0	3.0	0.0	3.0	0.125	2.0	0.0	3.0	0.0	3.0	0.0	4.0	1.0	2.0	0.0	3.0	0.0	4.0	1.0	0.0	4.0	1.0	3.0	0.0	4.0	1.0	2.0	0.0	2.0	0.0	3.0	0.0	3.0	0.0	4.0	1.0	3.0	0.0	3.125	1.0	0.0	0.0	-1.0	0.0	0.0	0.0	1.0	0.0	0.125	1.0	0.0	0.0	0.0	0.0	0.0	0.0	1.0	0.0	0.25			0.0	1.0	0.0
3	2	4	1	77	11	7	2	1.0	1.0	1.0	0.0	1.0	1.0	0.0	0.0	1.0	1.0	1.0	1.0	1.0	3.0	1.0	1.6666666	-15.0	2.0	4.0	3.0	3.0	4.0	5.0	5.0	0.0	1.0	1.0	1.0	2.0	0.0	0.0	1.0	1.0	0.0	0.0		1.0	0.0	0.0	5.0	1.0	5.0	1.0	5.0	1.0	1.0	0.0	1.0	0.0	4.0	1.0	3.0	0.0	4.0	1.0	4.0	1.0	3.5	0.625	1.0	0.0	2.0	0.0	3.0	0.0	4.0	1.0	1.0	0.0	5.0	1.0	4.0	1.0	0.0	5.0	1.0	5.0	1.0	5.0	1.0	1.0	0.0	1.0	0.0	4.0	1.0	4.0	1.0	4.0	1.0	3.0	0.0	3.625	0.0	0.0	0.0	0.0	0.0	0.0	1.0	0.0	-1.0	0.125	0.0	0.0	0.0	0.0	0.0	0.0	1.0	0.0	-1.0	0.125	5.0	1.0	0.0	0.0	0.0
2	3	4	1	38	19	7	1	0.0	1.0	1.0	0.0	4.0	0.0	0.0	1.0	1.0	1.0	1.0	1.0	1.0	3.0	1.0	1.6666666	-2.0	3.0	4.0	3.0	3.3333333	3.0	3.0	3.0	0.0	1.0	1.0	0.0	1.0	0.0	0.0	1.0	1.0	0.0	0.0		1.0	1.0	1.0	3.0	0.0	4.0	1.0	3.0	0.0	1.0	0.0	1.0	0.0	3.0	0.0	3.0	0.0	4.0	1.0	3.0	0.0	2.75	0.25	3.0	0.0	1.0	0.0	3.0	0.0	4.0	1.0	2.0	0.0	5.0	1.0	3.0	0.0	0.0	3.0	0.0	4.0	1.0	1.0	0.0	1.0	0.0	1.0	0.0	3.0	0.0	3.0	0.0	4.0	1.0	3.0	0.0	2.5	0.0	0.0	-2.0	0.0	0.0	0.0	0.0	0.0	0.0	-0.25	0.0	0.0	0.0	0.0	0.0	0.0	0.0	0.0	0.0	0.0			0.0	0.0	1.0
4	2	3	1	76	4	5	2	1.0	1.0	1.0	0.0	8.0	0.0	1.0	0.0	3.0	2.0	3.0	2.6666667	3.0	4.0	2.0	3.0	1.0	3.0	3.0	2.0	2.6666667	4.0	3.0	5.0	1.0	0.0	0.0	1.0	1.0	0.0	0.0	0.0	0.0	1.0		0.0	0.0		1.0	4.0	1.0	4.0	1.0	3.0	0.0	2.0	0.0	2.0	0.0	3.0	0.0	3.0	0.0	4.0	1.0	4.0	1.0	3.125	0.375	2.0	0.0	3.0	0.0	3.0	0.0	4.0	1.0	4.0	1.0	4.0	1.0	4.0	1.0	0.0	4.0	1.0	4.0	1.0	4.0	1.0	2.0	0.0	2.0	0.0	3.0	0.0	3.0	0.0	4.0	1.0	4.0	1.0	3.25	0.0	0.0	1.0	0.0	0.0	0.0	0.0	0.0	0.0	0.125	0.0	0.0	1.0	0.0	0.0	0.0	0.0	0.0	0.0	0.125			0.0	0.0	0.0
1	2	4	3	55	22	7	4	0.0	1.0	1.0	0.0	1.0	1.0	0.0	0.0	2.0	2.0	2.0	2.0	2.0	4.0	2.0	2.6666667	30.0	1.0	1.0	1.0	1.0	4.0	4.0	5.0	0.0	1.0	1.0	1.0	2.0	1.0	1.0	0.0	1.0	0.0	1.0	1.0		1.0	1.0	5.0	1.0	4.0	1.0	4.0	1.0	2.0	0.0	2.0	0.0	4.0	1.0	4.0	1.0	5.0	1.0	3.0	0.0	3.75	0.75	3.0	0.0	4.0	1.0	5.0	1.0	4.0	1.0	4.0	1.0	5.0	1.0	5.0	1.0	0.0	5.0	1.0	5.0	1.0	5.0	1.0	2.0	0.0	2.0	0.0	5.0	1.0	4.0	1.0	4.0	1.0	4.0	1.0	4.0	0.0	1.0	1.0	0.0	0.0	1.0	0.0	-1.0	1.0	0.25	0.0	0.0	0.0	0.0	0.0	0.0	0.0	0.0	1.0	0.0			1.0	1.0	1.0
3	2	4	1	63	1	5	3	0.0	0.0	1.0	0.0	8.0	0.0	1.0	0.0	4.0	4.0	4.0	4.0	3.0	3.0	3.0	3.0	74.0	5.0	4.0	3.0	4.0	1.0	2.0	5.0	1.0	0.0	1.0	1.0	2.0	0.0	1.0	0.0	1.0	0.0	1.0	1.0		0.0	0.0	3.0	0.0	4.0	1.0	5.0	1.0	4.0	1.0	2.0	0.0	4.0	1.0	3.0	0.0	5.0	1.0	4.0	1.0	3.75	0.625	2.0	0.0	3.0	0.0	3.0	0.0	4.0	1.0	3.0	0.0	4.0	1.0	3.0	0.0	0.0	3.0	0.0	4.0	1.0	4.0	1.0	3.0	0.0	2.0	0.0	4.0	1.0	3.0	0.0	5.0	1.0	4.0	1.0	3.5	0.0	0.0	-1.0	-1.0	0.0	0.0	0.0	0.0	0.0	-0.25	0.0	0.0	0.0	-1.0	0.0	0.0	0.0	0.0	0.0	-0.125	3.0	0.0	0.0	1.0	0.0
3	1	4	2	69	11	4	1	1.0	1.0	1.0	0.0	7.0	0.0	1.0	0.0	1.0	1.0	1.0	1.0	3.0	2.0	1.0	2.0	-13.0	1.0	4.0	3.0	2.6666667	4.0	4.0	5.0	0.0	1.0	1.0	1.0	2.0	0.0	1.0	0.0	1.0	0.0	1.0	1.0		0.0	0.0	5.0	1.0	5.0	1.0	4.0	1.0	2.0	0.0	1.0	0.0	4.0	1.0	4.0	1.0	4.0	1.0	2.0	0.0	3.625	0.75	2.0	0.0	2.0	0.0	4.0	1.0	4.0	1.0	3.0	0.0	5.0	1.0	4.0	1.0	0.0	4.0	1.0	4.0	1.0	5.0	1.0	1.0	0.0	1.0	0.0	4.0	1.0	4.0	1.0	4.0	1.0	2.0	0.0	3.375	-1.0	-1.0	1.0	-1.0	0.0	0.0	0.0	0.0	0.0	-0.25	0.0	0.0	0.0	0.0	0.0	0.0	0.0	0.0	0.0	0.0	5.0	1.0	0.0	0.0	0.0
2	3	4	1	60	4	3	2	0.0	1.0	1.0	0.0	2.0	1.0	0.0	0.0	1.0	2.0	1.0	1.3333334	4.0	3.0	1.0	2.6666667	45.0	3.0	4.0	3.0	3.3333333	4.0	4.0	4.0	0.0	0.0	0.0	1.0	1.0	0.0	1.0	0.0	1.0	0.0	1.0	1.0		1.0	1.0	4.0	1.0	3.0	0.0	3.0	0.0	2.0	0.0	2.0	0.0	4.0	1.0	4.0	1.0	5.0	1.0	4.0	1.0	3.375	0.5	4.0	1.0	2.0	0.0	5.0	1.0	4.0	1.0	3.0	0.0	5.0	1.0	4.0	1.0	0.0	5.0	1.0	4.0	1.0	4.0	1.0	2.0	0.0	3.0	0.0	5.0	1.0	4.0	1.0	5.0	1.0	5.0	1.0	4.0	1.0	1.0	1.0	0.0	1.0	1.0	0.0	0.0	1.0	0.625	0.0	1.0	1.0	0.0	0.0	0.0	0.0	0.0	0.0	0.25			0.0	1.0	1.0
1	3	2	4	72	4	4	4	1.0	0.0	1.0	0.0	1.0	1.0	0.0	0.0	3.0	2.0	4.0	3.0	4.0	4.0	4.0	4.0	39.0	5.0	4.0	2.0	3.6666667	3.0	4.0	5.0	0.0	1.0	1.0	0.0	1.0	0.0	1.0	0.0	1.0	0.0	1.0	1.0		1.0	1.0	5.0	1.0	5.0	1.0	4.0	1.0	3.0	0.0	3.0	0.0	4.0	1.0	4.0	1.0	4.0	1.0	5.0	1.0	4.0	0.75	3.0	0.0	3.0	0.0	5.0	1.0	5.0	1.0	3.0	0.0	4.0	1.0	5.0	1.0	1.0	4.0	1.0	5.0	1.0	4.0	1.0	3.0	0.0	3.0	0.0	4.0	1.0	3.0	0.0	5.0	1.0	4.0	1.0	3.875	-1.0	0.0	0.0	0.0	0.0	0.0	-1.0	1.0	-1.0	-0.125	0.0	0.0	0.0	0.0	0.0	0.0	-1.0	0.0	0.0	-0.125			1.0	1.0	1.0
2	3	4	1	64	19	6	3	0.0	0.0	1.0	0.0	3.0	0.0	0.0	1.0	1.0	1.0	1.0	1.0	1.0	1.0	1.0	1.0	0.0	1.0	1.0	1.0	1.0	5.0	5.0	5.0	0.0	1.0	0.0	1.0	1.0	0.0	1.0	0.0	1.0	0.0	1.0	1.0		1.0	1.0	5.0	1.0	5.0	1.0	5.0	1.0	1.0	0.0	2.0	0.0	5.0	1.0	4.0	1.0	5.0	1.0	5.0	1.0	4.0	0.75	4.0	1.0	3.0	0.0	5.0	1.0	1.0	0.0	4.0	1.0	5.0	1.0	5.0	1.0	1.0	5.0	1.0	5.0	1.0	5.0	1.0	2.0	0.0	4.0	1.0	5.0	1.0	5.0	1.0	5.0	1.0	5.0	1.0	4.5	0.0	0.0	0.0	1.0	2.0	0.0	1.0	0.0	0.0	0.5	0.0	0.0	0.0	0.0	1.0	0.0	0.0	0.0	0.0	0.125			0.0	0.0	1.0
1	3	4	2	72	4	2	2	1.0	0.0	1.0	0.0	2.0	1.0	0.0	0.0	3.0	3.0	4.0	3.3333333	4.0	4.0	4.0	4.0	-2.0	4.0	4.0	3.0	3.6666667	4.0	3.0	5.0	0.0	1.0	1.0	1.0	2.0	1.0	0.0	1.0	1.0	0.0	0.0		1.0	1.0	1.0	4.0	1.0	4.0	1.0	3.0	0.0	2.0	0.0	3.0	0.0	4.0	1.0	4.0	1.0	4.0	1.0	4.0	1.0	3.5	0.625	4.0	1.0	2.0	0.0	2.0	0.0	2.0	0.0	2.0	0.0	3.0	0.0	4.0	1.0	0.0	4.0	1.0	4.0	1.0	3.0	0.0	2.0	0.0	2.0	0.0	4.0	1.0	4.0	1.0	4.0	1.0	3.0	0.0	3.375	0.0	0.0	0.0	0.0	-1.0	0.0	0.0	0.0	-1.0	-0.125	0.0	0.0	0.0	0.0	0.0	0.0	0.0	0.0	-1.0	0.0			1.0	0.0	1.0
4	1	3	2	72	2	5	2	1.0	1.0	1.0	0.0	7.0	0.0	1.0	0.0	4.0	3.0	3.0	3.3333333	5.0	5.0	3.0	4.3333335	99.0	2.0	3.0	2.0	2.3333333	3.0	3.0	3.0	1.0	0.0	0.0	0.0	0.0	0.0	0.0	0.0	0.0	1.0		0.0	0.0		1.0	2.0	0.0	3.0	0.0	3.0	0.0	1.0	0.0	1.0	0.0	3.0	0.0	2.0	0.0	2.0	0.0	3.0	0.0	2.125	0.0	1.0	0.0	2.0	0.0	3.0	0.0	4.0	1.0	2.0	0.0	2.0	0.0	2.0	0.0	0.0	4.0	1.0	2.0	0.0	2.0	0.0	1.0	0.0	3.0	0.0	3.0	0.0	2.0	0.0	3.0	0.0	3.0	0.0	2.5	2.0	-1.0	-1.0	0.0	2.0	0.0	0.0	1.0	0.0	0.375	1.0	0.0	0.0	0.0	0.0	0.0	0.0	0.0	0.0	0.125			0.0	1.0	0.0
2	1	3	4	80	13	4	2	1.0	0.0	1.0	0.0	8.0	0.0	1.0	0.0	4.0	4.0	4.0	4.0	3.0	4.0	4.0	3.6666667	59.0	4.0	4.0	3.0	3.6666667	4.0	4.0	4.0	1.0	0.0	1.0	0.0	1.0	1.0	1.0	0.0	1.0	0.0	1.0	1.0		1.0	1.0	3.0	0.0	4.0	1.0	3.0	0.0	4.0	1.0	4.0	1.0	3.0	0.0	3.0	0.0	3.0	0.0	3.0	0.0	3.375	0.375	3.0	0.0	2.0	0.0	3.0	0.0	4.0	1.0	2.0	0.0	4.0	1.0	4.0	1.0	1.0	4.0	1.0	4.0	1.0	4.0	1.0	4.0	1.0	2.0	0.0	3.0	0.0	3.0	0.0	3.0	0.0	2.0	0.0	3.375	1.0	0.0	1.0	0.0	-2.0	0.0	0.0	0.0	-1.0	0.0	1.0	0.0	1.0	0.0	-1.0	0.0	0.0	0.0	0.0	0.125			0.0	1.0	0.0
3	2	4	1	43	2	5	3	0.0	1.0	1.0	0.0	8.0	0.0	1.0	0.0	2.0	1.0	1.0	1.3333334	4.0	5.0	1.0	3.3333333	56.0	4.0	5.0	2.0	3.6666667	2.0	4.0	4.0	0.0	0.0	1.0	1.0	2.0	1.0	0.0	1.0	1.0	0.0	0.0		1.0	0.0	0.0	5.0	1.0	5.0	1.0	3.0	0.0	3.0	0.0	2.0	0.0	4.0	1.0	4.0	1.0	5.0	1.0	3.0	0.0	3.875	0.625	2.0	0.0	2.0	0.0	4.0	1.0	3.0	0.0	4.0	1.0	5.0	1.0	5.0	1.0	1.0	5.0	1.0	4.0	1.0	4.0	1.0	4.0	1.0	4.0	1.0	5.0	1.0	5.0	1.0	5.0	1.0	4.0	1.0	4.5	0.0	-1.0	1.0	1.0	2.0	1.0	1.0	0.0	1.0	0.625	0.0	0.0	1.0	1.0	1.0	0.0	0.0	0.0	1.0	0.375	5.0	1.0	0.0	1.0	0.0
4	1	2	3	73	21	4	2	1.0	0.0	1.0	0.0	8.0	0.0	1.0	0.0	2.0	3.0	2.0	2.3333333	3.0	5.0	4.0	4.0	6.0	2.0	4.0	3.0	3.0	3.0	3.0	5.0	1.0	0.0	0.0	1.0	1.0	1.0	0.0	0.0	0.0	1.0		0.0	0.0		1.0	5.0	1.0	4.0	1.0	4.0	1.0	4.0	1.0	3.0	0.0	5.0	1.0	5.0	1.0	4.0	1.0	5.0	1.0	4.25	0.875	5.0	1.0	2.0	0.0	4.0	1.0	4.0	1.0	3.0	0.0	5.0	1.0	5.0	1.0	0.0	5.0	1.0	5.0	1.0	4.0	1.0	3.0	0.0	3.0	0.0	5.0	1.0	4.0	1.0	5.0	1.0	4.0	1.0	4.25	0.0	1.0	0.0	-1.0	0.0	0.0	-1.0	1.0	-1.0	0.0	0.0	0.0	0.0	-1.0	0.0	0.0	0.0	0.0	0.0	-0.125			0.0	1.0	0.0
3	2	4	1	77	21	7	3	1.0	1.0	1.0	0.0	4.0	0.0	0.0	1.0	2.0	1.0	3.0	2.0	2.0	4.0	1.0	2.3333333	69.0	3.0	4.0	4.0	3.6666667	2.0	4.0	5.0	1.0	0.0	1.0	0.0	1.0	1.0	0.0	0.0	0.0	1.0		0.0	0.0		1.0	5.0	1.0	5.0	1.0	4.0	1.0	2.0	0.0	2.0	0.0	3.0	0.0	2.0	0.0	4.0	1.0	1.0	0.0	3.375	0.5	3.0	0.0	3.0	0.0	3.0	0.0	3.0	0.0	2.0	0.0	4.0	1.0	4.0	1.0	0.0	5.0	1.0	4.0	1.0	3.0	0.0	2.0	0.0	2.0	0.0	3.0	0.0	2.0	0.0	2.0	0.0	3.0	0.0	2.875	0.0	-1.0	-1.0	0.0	0.0	0.0	0.0	-2.0	2.0	-0.5	0.0	0.0	-1.0	0.0	0.0	0.0	0.0	-1.0	0.0	-0.25			0.0	1.0	0.0
3	2	4	1	74	16	7	1	1.0	1.0	1.0	0.0	1.0	1.0	0.0	0.0	1.0	1.0	1.0	1.0	2.0	1.0	1.0	1.3333334	-58.0	2.0	2.0	4.0	2.6666667	5.0	5.0	5.0	0.0	1.0	0.0	0.0	0.0	0.0	0.0	0.0	0.0	1.0		0.0	0.0		1.0	5.0	1.0	5.0	1.0	5.0	1.0	3.0	0.0	3.0	0.0	5.0	1.0	5.0	1.0	5.0	1.0	5.0	1.0	4.5	0.75	3.0	0.0	5.0	1.0	5.0	1.0	5.0	1.0	5.0	1.0	5.0	1.0	5.0	1.0	1.0	5.0	1.0	5.0	1.0	5.0	1.0	4.0	1.0	4.0	1.0	5.0	1.0	5.0	1.0	5.0	1.0	5.0	1.0	4.75	0.0	0.0	0.0	1.0	1.0	0.0	0.0	0.0	0.0	0.25	0.0	0.0	0.0	1.0	1.0	0.0	0.0	0.0	0.0	0.25			0.0	0.0	0.0
4	1	3	2	72	2	6	1	1.0	0.0	1.0	0.0	5.0	0.0	0.0	1.0	3.0	3.0	3.0	3.0	4.0	5.0	4.0	4.3333335	35.0	1.0	1.0	4.0	2.0	2.0	1.0	5.0	1.0	0.0	1.0	0.0	1.0	1.0	0.0	0.0	0.0	1.0		0.0	0.0		1.0	5.0	1.0	5.0	1.0	5.0	1.0	1.0	0.0	1.0	0.0	2.0	0.0	1.0	0.0	5.0	1.0	4.0	1.0	3.125	0.5	2.0	0.0	3.0	0.0	4.0	1.0	1.0	0.0	4.0	1.0	5.0	1.0	2.0	0.0	0.0	3.0	0.0	5.0	1.0	4.0	1.0	1.0	0.0	1.0	0.0	1.0	0.0	1.0	0.0	4.0	1.0	2.0	0.0	2.5	-2.0	0.0	-1.0	0.0	0.0	-1.0	0.0	-1.0	-2.0	-0.625	-1.0	0.0	0.0	0.0	0.0	0.0	0.0	0.0	-1.0	-0.125			0.0	1.0	0.0
4	2	3	1	40	16	2	2	0.0	1.0	1.0	0.0	7.0	0.0	1.0	0.0	1.0	3.0	1.0	1.6666666	3.0	3.0	2.0	2.6666667	2.0	3.0	3.0	3.0	3.0	4.0	4.0	2.0	1.0	0.0	0.0	0.0	0.0	1.0	0.0	0.0	0.0	1.0		0.0	0.0		1.0	3.0	0.0	4.0	1.0	3.0	0.0	3.0	0.0	4.0	1.0	4.0	1.0	4.0	1.0	3.0	0.0	4.0	1.0	3.5	0.5	3.0	0.0	3.0	0.0	3.0	0.0	3.0	0.0	3.0	0.0	3.0	0.0	3.0	0.0	0.0	3.0	0.0	3.0	0.0	3.0	0.0	3.0	0.0	3.0	0.0	3.0	0.0	3.0	0.0	3.0	0.0	3.0	0.0	3.0	0.0	-1.0	0.0	0.0	-1.0	-1.0	-1.0	0.0	-1.0	-0.5	0.0	-1.0	0.0	0.0	-1.0	-1.0	-1.0	0.0	-1.0	-0.5			0.0	1.0	0.0
3	1	4	2	70	18	6	3	1.0	0.0	1.0	0.0	8.0	0.0	1.0	0.0	3.0	4.0	3.0	3.3333333	3.0	5.0	5.0	4.3333335	100.0	5.0	5.0	5.0	5.0	4.0	3.0	5.0	1.0	0.0	1.0	1.0	2.0	0.0	0.0	0.0	0.0	1.0		0.0	0.0		1.0	5.0	1.0	5.0	1.0	4.0	1.0	1.0	0.0	1.0	0.0	4.0	1.0	1.0	0.0	4.0	1.0	3.0	0.0	3.125	0.625	3.0	0.0	2.0	0.0	3.0	0.0	5.0	1.0	3.0	0.0	5.0	1.0	3.0	0.0	0.0	5.0	1.0	5.0	1.0	4.0	1.0	1.0	0.0	1.0	0.0	4.0	1.0	1.0	0.0	4.0	1.0	4.0	1.0	3.125	0.0	0.0	0.0	0.0	0.0	0.0	0.0	0.0	1.0	0.0	0.0	0.0	0.0	0.0	0.0	0.0	0.0	0.0	1.0	0.0			0.0	1.0	0.0
3	2	4	1	62	4	3	2	0.0	1.0	1.0	0.0	8.0	0.0	1.0	0.0	3.0	3.0	4.0	3.3333333	4.0	5.0	5.0	4.6666665	85.0	3.0	4.0	3.0	3.3333333	1.0	5.0	5.0	0.0	1.0	1.0	1.0	2.0	1.0	1.0	0.0	1.0	0.0	1.0	1.0		1.0	1.0	5.0	1.0	5.0	1.0	5.0	1.0	4.0	1.0	4.0	1.0	3.0	0.0	3.0	0.0	5.0	1.0	4.0	1.0	4.25	0.75	3.0	0.0	2.0	0.0	5.0	1.0	5.0	1.0	5.0	1.0	5.0	1.0	5.0	1.0	0.0	5.0	1.0	5.0	1.0	5.0	1.0	5.0	1.0	5.0	1.0	4.0	1.0	4.0	1.0	5.0	1.0	5.0	1.0	4.75	0.0	0.0	0.0	1.0	1.0	1.0	1.0	0.0	1.0	0.5	0.0	0.0	0.0	0.0	0.0	1.0	1.0	0.0	0.0	0.25			0.0	1.0	0.0
2	1	4	3	68	4	2	2	1.0	0.0	1.0	0.0	1.0	1.0	0.0	0.0	1.0	1.0	1.0	1.0	3.0	5.0	5.0	4.3333335	0.0	3.0	3.0	4.0	3.3333333	4.0	3.0	3.0	0.0	1.0	0.0	0.0	0.0	0.0	1.0	0.0	1.0	0.0	1.0	1.0		1.0	1.0	3.0	0.0	3.0	0.0	4.0	1.0	4.0	1.0	4.0	1.0	4.0	1.0	4.0	1.0	4.0	1.0	4.0	1.0	3.75	0.75	2.0	0.0	3.0	0.0	3.0	0.0	3.0	0.0	4.0	1.0	4.0	1.0	4.0	1.0	0.0	4.0	1.0	5.0	1.0	5.0	1.0	4.0	1.0	4.0	1.0	4.0	1.0	4.0	1.0	3.0	0.0	3.0	0.0	4.125	1.0	2.0	1.0	0.0	0.0	0.0	0.0	-1.0	-1.0	0.375	1.0	1.0	0.0	0.0	0.0	0.0	0.0	-1.0	-1.0	0.125			0.0	0.0	0.0
4	3	2	1	59	7	4	2	0.0	1.0	1.0	0.0	8.0	0.0	1.0	0.0	4.0	4.0	2.0	3.3333333	5.0	5.0	2.0	4.0	-3.0	3.0	4.0	5.0	4.0	3.0	3.0	4.0	1.0	0.0	0.0	0.0	0.0	0.0	0.0	1.0	1.0	0.0	0.0		1.0	0.0	0.0	5.0	1.0	4.0	1.0	3.0	0.0	1.0	0.0	2.0	0.0	3.0	0.0	1.0	0.0	4.0	1.0	3.0	0.0	2.875	0.375	5.0	1.0	4.0	1.0	2.0	0.0	3.0	0.0	3.0	0.0	4.0	1.0	4.0	1.0	0.0	5.0	1.0	4.0	1.0	2.0	0.0	1.0	0.0	1.0	0.0	3.0	0.0	1.0	0.0	4.0	1.0	2.0	0.0	2.625	0.0	0.0	-1.0	0.0	-1.0	0.0	0.0	0.0	-1.0	-0.25	0.0	0.0	0.0	0.0	0.0	0.0	0.0	0.0	0.0	0.0	4.0	1.0	0.0	0.0	0.0
1	3	4	2	67	19	4	3	1.0	1.0	1.0	0.0	5.0	0.0	0.0	1.0	2.0	2.0	2.0	2.0	4.0	4.0	4.0	4.0	50.0	3.0	3.0	3.0	3.0	2.0	3.0	4.0	1.0	0.0	1.0	1.0	2.0	1.0	0.0	1.0	1.0	0.0	0.0		1.0	0.0	0.0	4.0	1.0	4.0	1.0	4.0	1.0	2.0	0.0	2.0	0.0	2.0	0.0	2.0	0.0	4.0	1.0	3.0	0.0	3.0	0.5	4.0	1.0	2.0	0.0	2.0	0.0	3.0	0.0	2.0	0.0	4.0	1.0	4.0	1.0	0.0	3.0	0.0	4.0	1.0	3.0	0.0	2.0	0.0	2.0	0.0	2.0	0.0	2.0	0.0	3.0	0.0	3.0	0.0	2.625	-1.0	0.0	-1.0	0.0	0.0	0.0	0.0	-1.0	0.0	-0.375	-1.0	0.0	-1.0	0.0	0.0	0.0	0.0	-1.0	0.0	-0.375	4.0	1.0	1.0	1.0	1.0
4	2	3	1	68	17	7	4	1.0	0.0	1.0	0.0	1.0	1.0	0.0	0.0	1.0	2.0	1.0	1.3333334	1.0	3.0	1.0	1.6666666	90.0	2.0	4.0	3.0	3.0	2.0	4.0	4.0	0.0	1.0	1.0	1.0	2.0	1.0	0.0	1.0	1.0	0.0	0.0		1.0	0.0	0.0	4.0	1.0	5.0	1.0	4.0	1.0	1.0	0.0	1.0	0.0	3.0	0.0	4.0	1.0	3.0	0.0	2.0	0.0	3.125	0.5	2.0	0.0	2.0	0.0	3.0	0.0	2.0	0.0	3.0	0.0	5.0	1.0	4.0	1.0	0.0	3.0	0.0	5.0	1.0	4.0	1.0	1.0	0.0	1.0	0.0	3.0	0.0	4.0	1.0	4.0	1.0	2.0	0.0	3.125	-1.0	0.0	0.0	0.0	0.0	0.0	0.0	1.0	0.0	0.0	-1.0	0.0	0.0	0.0	0.0	0.0	0.0	1.0	0.0	0.0	5.0	1.0	0.0	1.0	0.0
2	4	3	1	52	5	-3105	2	0.0	1.0	1.0	0.0	5.0	0.0	0.0	1.0	3.0	2.0	1.0	2.0	2.0	3.0	1.0	2.0	61.0	2.0	2.0	3.0	2.3333333	3.0	3.0	3.0	1.0	0.0	1.0	1.0	2.0	0.0	0.0	1.0	1.0	0.0	0.0		1.0	0.0	0.0	3.0	0.0	4.0	1.0	4.0	1.0	1.0	0.0	1.0	0.0	3.0	0.0	2.0	0.0	5.0	1.0	2.0	0.0	2.875	0.375	4.0	1.0	3.0	0.0	4.0	1.0	4.0	1.0	3.0	0.0	5.0	1.0	3.0	0.0	0.0	3.0	0.0	5.0	1.0	5.0	1.0	1.0	0.0	1.0	0.0	3.0	0.0	2.0	0.0	5.0	1.0	2.0	0.0	3.125	0.0	1.0	1.0	0.0	0.0	0.0	0.0	0.0	0.0	0.25	0.0	0.0	0.0	0.0	0.0	0.0	0.0	0.0	0.0	0.0	5.0	1.0	0.0	1.0	1.0
1	3	2	4	72	1	5	1	1.0	0.0	1.0	0.0	3.0	0.0	0.0	1.0	1.0	1.0	2.0	1.3333334	4.0	3.0	5.0	4.0	1.0	3.0	4.0	2.0	3.0	4.0	4.0	5.0	0.0	1.0	1.0	0.0	1.0	1.0	0.0	1.0	1.0	0.0	0.0		1.0	1.0	1.0	5.0	1.0	5.0	1.0	4.0	1.0	2.0	0.0	1.0	0.0	4.0	1.0	4.0	1.0	5.0	1.0	5.0	1.0	3.75	0.75	3.0	0.0	2.0	0.0	4.0	1.0	3.0	0.0	5.0	1.0	5.0	1.0	5.0	1.0	1.0	5.0	1.0	5.0	1.0	4.0	1.0	1.0	0.0	1.0	0.0	4.0	1.0	4.0	1.0	5.0	1.0	5.0	1.0	3.625	0.0	0.0	0.0	-1.0	0.0	0.0	0.0	0.0	0.0	-0.125	0.0	0.0	0.0	0.0	0.0	0.0	0.0	0.0	0.0	0.0			1.0	0.0	1.0
1	3	2	4	77	6	3	1	1.0	1.0	1.0	0.0	8.0	0.0	1.0	0.0	2.0	2.0	4.0	2.6666667	1.0	2.0	1.0	1.3333334	100.0	3.0	4.0	4.0	3.6666667	1.0	2.0	4.0	1.0	0.0	1.0	1.0	2.0	1.0	1.0	0.0	1.0	0.0	1.0	1.0		0.0	0.0	5.0	1.0	5.0	1.0	4.0	1.0	1.0	0.0	1.0	0.0	3.0	0.0	1.0	0.0	5.0	1.0	2.0	0.0	3.125	0.5	2.0	0.0	3.0	0.0	2.0	0.0	2.0	0.0	4.0	1.0	2.0	0.0	4.0	1.0	1.0	5.0	1.0	5.0	1.0	3.0	0.0	1.0	0.0	1.0	0.0	3.0	0.0	1.0	0.0	4.0	1.0	4.0	1.0	2.875	0.0	0.0	-1.0	0.0	0.0	0.0	0.0	-1.0	2.0	-0.25	0.0	0.0	-1.0	0.0	0.0	0.0	0.0	0.0	1.0	-0.125	5.0	1.0	1.0	1.0	1.0
2	1	4	3	28	7	5	2	0.0	0.0	1.0	0.0	3.0	0.0	0.0	1.0	4.0	2.0	4.0	3.3333333	2.0	3.0	3.0	2.6666667	-29.0	3.0	2.0	3.0	2.6666667	3.0	3.0	3.0	0.0	0.0	0.0	1.0	1.0	1.0	0.0	0.0	0.0	1.0		0.0	0.0		1.0	4.0	1.0	3.0	0.0	3.0	0.0	2.0	0.0	2.0	0.0	3.0	0.0	4.0	1.0	2.0	0.0	3.0	0.0	2.875	0.25	3.0	0.0	2.0	0.0	3.0	0.0	3.0	0.0	3.0	0.0	4.0	1.0	3.0	0.0	0.0	3.0	0.0	2.0	0.0	3.0	0.0	3.0	0.0	4.0	1.0	3.0	0.0	2.0	0.0	3.0	0.0	3.0	0.0	2.875	-1.0	-1.0	0.0	1.0	2.0	0.0	-2.0	1.0	0.0	0.0	-1.0	0.0	0.0	0.0	1.0	0.0	-1.0	0.0	0.0	-0.125			0.0	0.0	0.0
3	1	4	2	71	18	5	3	1.0	0.0	1.0	0.0	7.0	0.0	1.0	0.0	4.0	3.0	3.0	3.3333333	4.0	5.0	4.0	4.3333335	1.0	3.0	4.0	4.0	3.6666667	4.0	2.0	5.0	1.0	0.0	0.0	0.0	0.0	0.0	1.0	0.0	1.0	0.0	1.0	1.0		0.0	0.0	4.0	1.0	5.0	1.0	4.0	1.0	3.0	0.0	4.0	1.0	3.0	0.0	3.0	0.0	3.0	0.0	5.0	1.0	3.625	0.5	4.0	1.0	3.0	0.0	4.0	1.0	3.0	0.0	4.0	1.0	5.0	1.0	4.0	1.0	1.0	2.0	0.0	4.0	1.0	4.0	1.0	1.0	0.0	2.0	0.0	2.0	0.0	3.0	0.0	3.0	0.0	4.0	1.0	2.625	-2.0	-1.0	0.0	-2.0	-2.0	-1.0	0.0	0.0	-1.0	-1.0	-1.0	0.0	0.0	0.0	-1.0	0.0	0.0	0.0	0.0	-0.25	4.0	1.0	0.0	0.0	0.0
4	1	3	2	69	3	1	4	1.0	1.0	0.0	0.0	8.0	0.0	1.0	0.0	1.0	3.0	1.0	1.6666666	4.0	3.0	1.0	2.6666667	85.0	5.0	4.0	5.0	4.6666665	3.0	4.0	4.0	1.0	0.0	0.0	1.0	1.0	0.0	0.0	0.0	0.0	1.0		0.0	0.0		1.0	3.0	0.0	4.0	1.0	2.0	0.0	1.0	0.0	2.0	0.0	1.0	0.0	1.0	0.0	2.0	0.0	2.0	0.0	2.0	0.125	4.0	1.0	2.0	0.0	3.0	0.0	5.0	1.0	2.0	0.0	3.0	0.0	4.0	1.0	0.0	3.0	0.0	3.0	0.0	1.0	0.0	1.0	0.0	1.0	0.0	1.0	0.0	2.0	0.0	3.0	0.0	2.0	0.0	1.875	0.0	-1.0	-1.0	0.0	-1.0	0.0	1.0	1.0	0.0	-0.125	0.0	-1.0	0.0	0.0	0.0	0.0	0.0	0.0	0.0	-0.125			0.0	1.0	0.0
2	3	4	1	38	6	7	1	0.0	1.0	1.0	0.0	3.0	0.0	0.0	1.0	1.0	1.0	1.0	1.0	1.0	4.0	1.0	2.0	-20.0	1.0	4.0	2.0	2.3333333	4.0	2.0	5.0	0.0	0.0	1.0	1.0	2.0	0.0	1.0	0.0	1.0	0.0	1.0	1.0		0.0	0.0	5.0	1.0	5.0	1.0	3.0	0.0	1.0	0.0	1.0	0.0	4.0	1.0	3.0	0.0	4.0	1.0	2.0	0.0	3.25	0.5	1.0	0.0	2.0	0.0	2.0	0.0	2.0	0.0	2.0	0.0	4.0	1.0	3.0	0.0	1.0	5.0	1.0	4.0	1.0	3.0	0.0	1.0	0.0	1.0	0.0	4.0	1.0	3.0	0.0	4.0	1.0	3.0	0.0	3.125	0.0	-1.0	0.0	0.0	0.0	0.0	0.0	0.0	1.0	-0.125	0.0	0.0	0.0	0.0	0.0	0.0	0.0	0.0	0.0	0.0	5.0	1.0	0.0	0.0	1.0
2	3	4	1	78	13	7	2	1.0	0.0	1.0	0.0	1.0	1.0	0.0	0.0	4.0	1.0	2.0	2.3333333	5.0	3.0	4.0	4.0	7.0	2.0	4.0	1.0	2.3333333	5.0	4.0	5.0	0.0	1.0	1.0	1.0	2.0	1.0	0.0	1.0	1.0	0.0	0.0		1.0	0.0	0.0	5.0	1.0	5.0	1.0	5.0	1.0	5.0	1.0	3.0	0.0	5.0	1.0	5.0	1.0	2.0	0.0	5.0	1.0	4.375	0.75	3.0	0.0	3.0	0.0	4.0	1.0	1.0	0.0	1.0	0.0	5.0	1.0	5.0	1.0	0.0	5.0	1.0	5.0	1.0	5.0	1.0	5.0	1.0	3.0	0.0	5.0	1.0	5.0	1.0	5.0	1.0	5.0	1.0	4.75	0.0	0.0	0.0	0.0	0.0	0.0	0.0	3.0	0.0	0.375	0.0	0.0	0.0	0.0	0.0	0.0	0.0	1.0	0.0	0.125	5.0	1.0	0.0	1.0	1.0
2	3	4	1	60	10	4	4	0.0	0.0	1.0	0.0	1.0	1.0	0.0	0.0	1.0	1.0	1.0	1.0	1.0	1.0	1.0	1.0	-39.0	1.0	1.0	1.0	1.0	5.0	1.0	4.0	0.0	1.0	1.0	0.0	1.0	1.0	1.0	0.0	1.0	0.0	1.0	1.0		0.0	0.0	5.0	1.0	5.0	1.0	5.0	1.0	1.0	0.0	1.0	0.0	5.0	1.0	5.0	1.0	5.0	1.0	5.0	1.0	4.0	0.75	3.0	0.0	2.0	0.0	5.0	1.0	2.0	0.0	5.0	1.0	5.0	1.0	5.0	1.0	1.0	5.0	1.0	5.0	1.0	5.0	1.0	1.0	0.0	1.0	0.0	5.0	1.0	5.0	1.0	5.0	1.0	5.0	1.0	4.0	0.0	0.0	0.0	0.0	0.0	0.0	0.0	0.0	0.0	0.0	0.0	0.0	0.0	0.0	0.0	0.0	0.0	0.0	0.0	0.0	5.0	1.0	0.0	0.0	1.0
3	2	4	1	54	13	6	3	0.0	1.0	1.0	0.0	7.0	0.0	1.0	0.0	2.0	1.0	2.0	1.6666666	3.0	4.0	1.0	2.6666667	41.0	3.0	4.0	3.0	3.3333333	5.0	3.0	2.0	0.0	1.0	0.0	1.0	1.0	0.0	0.0	0.0	0.0	1.0		0.0	0.0		1.0	4.0	1.0	5.0	1.0	4.0	1.0	2.0	0.0	4.0	1.0	5.0	1.0	4.0	1.0	4.0	1.0	3.0	0.0	4.0	0.875	5.0	1.0	3.0	0.0	4.0	1.0	4.0	1.0	4.0	1.0	5.0	1.0	5.0	1.0	1.0	5.0	1.0	5.0	1.0	3.0	0.0	3.0	0.0	5.0	1.0	5.0	1.0	5.0	1.0	5.0	1.0	3.0	0.0	4.5	1.0	0.0	-1.0	1.0	1.0	0.0	1.0	1.0	0.0	0.5	0.0	0.0	-1.0	0.0	0.0	0.0	0.0	0.0	0.0	-0.125			0.0	1.0	0.0
3	2	4	1	31	10	7	3	0.0	1.0	0.0	1.0	3.0	0.0	0.0	1.0	1.0	1.0	1.0	1.0	5.0	5.0	1.0	3.6666667	-23.0	1.0	5.0	3.0	3.0	1.0	1.0	4.0	0.0	1.0	1.0	1.0	2.0	1.0	1.0	0.0	1.0	0.0	1.0	1.0		0.0	0.0	5.0	1.0	5.0	1.0	5.0	1.0	1.0	0.0	1.0	0.0	1.0	0.0	3.0	0.0	5.0	1.0	3.0	0.0	3.25	0.5	3.0	0.0	1.0	0.0	3.0	0.0	3.0	0.0	1.0	0.0	5.0	1.0	5.0	1.0	0.0	5.0	1.0	5.0	1.0	3.0	0.0	1.0	0.0	3.0	0.0	1.0	0.0	3.0	0.0	5.0	1.0	3.0	0.0	3.25	0.0	0.0	-2.0	0.0	2.0	0.0	0.0	0.0	0.0	0.0	0.0	0.0	-1.0	0.0	0.0	0.0	0.0	0.0	0.0	-0.125	5.0	1.0	0.0	0.0	0.0
3	4	1	2	38	14	5	3	0.0	1.0	1.0	0.0	8.0	0.0	1.0	0.0	5.0	5.0	5.0	5.0	5.0	5.0	5.0	5.0	3.0	5.0	5.0	1.0	3.6666667	5.0	5.0	5.0	1.0	0.0	0.0	1.0	1.0	0.0	0.0	0.0	0.0	1.0		0.0	0.0		1.0	5.0	1.0	5.0	1.0	5.0	1.0	3.0	0.0	5.0	1.0	4.0	1.0	4.0	1.0	2.0	0.0	4.0	1.0	4.125	0.75	5.0	1.0	5.0	1.0	3.0	0.0	5.0	1.0	5.0	1.0	3.0	0.0	5.0	1.0	0.0	4.0	1.0	5.0	1.0	5.0	1.0	5.0	1.0	3.0	0.0	4.0	1.0	3.0	0.0	3.0	0.0	5.0	1.0	4.0	-1.0	0.0	0.0	2.0	-2.0	0.0	-1.0	1.0	1.0	-0.125	0.0	0.0	0.0	1.0	-1.0	0.0	-1.0	0.0	0.0	-0.125			0.0	1.0	1.0
1	3	4	2	68	5	5	2	1.0	0.0	1.0	0.0	3.0	0.0	0.0	1.0	2.0	1.0	3.0	2.0	2.0	2.0	1.0	1.6666666	2.0	3.0	5.0	2.0	3.3333333	5.0	5.0	5.0	0.0	1.0	1.0	1.0	2.0	0.0	0.0	1.0	1.0	0.0	0.0		1.0	1.0	1.0	5.0	1.0	5.0	1.0	4.0	1.0	1.0	0.0	1.0	0.0	4.0	1.0	4.0	1.0	5.0	1.0	4.0	1.0	3.625	0.75	2.0	0.0	3.0	0.0	4.0	1.0	3.0	0.0	4.0	1.0	5.0	1.0	5.0	1.0	1.0	5.0	1.0	5.0	1.0	4.0	1.0	1.0	0.0	1.0	0.0	4.0	1.0	4.0	1.0	5.0	1.0	5.0	1.0	3.625	0.0	0.0	0.0	0.0	0.0	0.0	0.0	0.0	1.0	0.0	0.0	0.0	0.0	0.0	0.0	0.0	0.0	0.0	0.0	0.0			1.0	1.0	1.0
3	2	4	1	56	6	5	3	0.0	1.0	1.0	0.0	7.0	0.0	1.0	0.0	2.0	2.0	4.0	2.6666667	3.0	4.0	1.0	2.6666667	40.0	4.0	4.0	5.0	4.3333335	4.0	2.0	5.0	1.0	0.0	1.0	0.0	1.0	0.0	0.0	0.0	0.0	1.0		0.0	0.0		1.0	4.0	1.0	3.0	0.0	2.0	0.0	2.0	0.0	1.0	0.0	4.0	1.0	1.0	0.0	2.0	0.0	1.0	0.0	2.375	0.25	2.0	0.0	2.0	0.0	2.0	0.0	5.0	1.0	2.0	0.0	3.0	0.0	2.0	0.0	0.0	5.0	1.0	5.0	1.0	2.0	0.0	1.0	0.0	1.0	0.0	5.0	1.0	1.0	0.0	2.0	0.0	1.0	0.0	2.75	1.0	2.0	0.0	-1.0	0.0	1.0	0.0	0.0	0.0	0.375	0.0	1.0	0.0	0.0	0.0	0.0	0.0	0.0	0.0	0.125			0.0	1.0	0.0
2	3	4	1	64	3	2	3	0.0	1.0	0.0	1.0	1.0	1.0	0.0	0.0	1.0	1.0	1.0	1.0	5.0	5.0	5.0	5.0	-1.0	5.0	3.0	5.0	4.3333335	5.0	5.0	5.0	0.0	1.0	0.0	1.0	1.0	1.0	0.0	1.0	1.0	0.0	0.0		1.0	1.0	1.0	5.0	1.0	5.0	1.0	3.0	0.0	5.0	1.0	5.0	1.0	1.0	0.0	5.0	1.0	5.0	1.0	1.0	0.0	4.25	0.75	5.0	1.0	3.0	0.0	5.0	1.0	5.0	1.0	3.0	0.0	5.0	1.0	5.0	1.0	0.0	5.0	1.0	5.0	1.0	3.0	0.0	5.0	1.0	5.0	1.0	5.0	1.0	5.0	1.0	5.0	1.0	5.0	1.0	4.75	0.0	0.0	0.0	0.0	0.0	4.0	0.0	0.0	4.0	0.5	0.0	0.0	0.0	0.0	0.0	1.0	0.0	0.0	1.0	0.125			0.0	0.0	1.0
4	2	3	1	41	13	2	3	0.0	1.0	1.0	0.0	8.0	0.0	1.0	0.0	2.0	4.0	2.0	2.6666667	5.0	4.0	1.0	3.3333333	0.0	3.0	3.0	3.0	3.0	2.0	1.0	1.0	0.0	0.0	1.0	0.0	1.0	1.0	0.0	0.0	0.0	1.0		0.0	0.0		1.0	3.0	0.0	3.0	0.0	1.0	0.0	3.0	0.0	3.0	0.0	1.0	0.0	1.0	0.0	3.0	0.0	3.0	0.0	2.25	0.0	5.0	1.0	1.0	0.0	1.0	0.0	4.0	1.0	1.0	0.0	3.0	0.0	3.0	0.0	0.0	1.0	0.0	1.0	0.0	1.0	0.0	1.0	0.0	1.0	0.0	1.0	0.0	1.0	0.0	1.0	0.0	1.0	0.0	1.0	-2.0	-2.0	0.0	-2.0	-2.0	0.0	0.0	-2.0	-2.0	-1.25	0.0	0.0	0.0	0.0	0.0	0.0	0.0	0.0	0.0	0.0			0.0	0.0	0.0
3	2	4	1	60	15	2	2	0.0	1.0	1.0	0.0	8.0	0.0	1.0	0.0	3.0	2.0	2.0	2.3333333	3.0	4.0	4.0	3.6666667	0.0	3.0	4.0	3.0	3.3333333	2.0	4.0	3.0	0.0	0.0	0.0	1.0	1.0	1.0	0.0	1.0	1.0	0.0	0.0		1.0	0.0	0.0	3.0	0.0	4.0	1.0	3.0	0.0	2.0	0.0	2.0	0.0	3.0	0.0	3.0	0.0	4.0	1.0	4.0	1.0	3.0	0.25	4.0	1.0	2.0	0.0	4.0	1.0	5.0	1.0	4.0	1.0	5.0	1.0	4.0	1.0	0.0	3.0	0.0	5.0	1.0	2.0	0.0	2.0	0.0	2.0	0.0	2.0	0.0	2.0	0.0	4.0	1.0	4.0	1.0	2.75	0.0	1.0	-1.0	0.0	0.0	-1.0	-1.0	0.0	0.0	-0.25	0.0	0.0	0.0	0.0	0.0	0.0	0.0	0.0	0.0	0.0	5.0	1.0	0.0	0.0	0.0
1	2	3	4	60	8	1	2	0.0	0.0	1.0	0.0	7.0	0.0	1.0	0.0	1.0	1.0	1.0	1.0	5.0	5.0	2.0	4.0	87.0	4.0	4.0	3.0	3.6666667	5.0	5.0	4.0	1.0	0.0	0.0	1.0	1.0	0.0	1.0	0.0	1.0	0.0	1.0	1.0		0.0	0.0	5.0	1.0	5.0	1.0	5.0	1.0	3.0	0.0	5.0	1.0	5.0	1.0	5.0	1.0	5.0	1.0	5.0	1.0	4.75	0.875	2.0	0.0	3.0	0.0	5.0	1.0	5.0	1.0	5.0	1.0	5.0	1.0	5.0	1.0	1.0	5.0	1.0	4.0	1.0	5.0	1.0	4.0	1.0	5.0	1.0	5.0	1.0	5.0	1.0	5.0	1.0	5.0	1.0	4.75	0.0	-1.0	0.0	1.0	0.0	0.0	0.0	0.0	0.0	0.0	0.0	0.0	0.0	1.0	0.0	0.0	0.0	0.0	0.0	0.125	5.0	1.0	1.0	1.0	1.0
3	1	4	2	50	7	6	3	0.0	0.0	1.0	0.0	5.0	0.0	0.0	1.0	4.0	3.0	4.0	3.6666667	3.0	3.0	1.0	2.3333333	51.0	3.0	5.0	4.0	4.0	1.0	5.0	2.0	1.0	0.0	1.0	1.0	2.0	0.0	1.0	0.0	1.0	0.0	1.0	1.0		0.0	0.0	5.0	1.0	5.0	1.0	5.0	1.0	2.0	0.0	3.0	0.0	4.0	1.0	2.0	0.0	5.0	1.0	4.0	1.0	3.875	0.625	4.0	1.0	3.0	0.0	5.0	1.0	1.0	0.0	5.0	1.0	5.0	1.0	5.0	1.0	0.0	5.0	1.0	5.0	1.0	5.0	1.0	3.0	0.0	3.0	0.0	5.0	1.0	2.0	0.0	5.0	1.0	4.0	1.0	4.125	0.0	0.0	0.0	1.0	0.0	1.0	0.0	0.0	0.0	0.25	0.0	0.0	0.0	0.0	0.0	0.0	0.0	0.0	0.0	0.0	3.0	0.0	0.0	1.0	0.0
2	1	3	4	41	1	5	3	0.0	1.0	1.0	0.0	7.0	0.0	1.0	0.0	2.0	3.0	2.0	2.3333333	3.0	3.0	3.0	3.0	-15.0	2.0	4.0	4.0	3.3333333	5.0	4.0	4.0	1.0	0.0	0.0	1.0	1.0	1.0	1.0	0.0	1.0	0.0	1.0	1.0		0.0	0.0	4.0	1.0	2.0	0.0	3.0	0.0	4.0	1.0	3.0	0.0	3.0	0.0	2.0	0.0	4.0	1.0	3.0	0.0	3.125	0.375	3.0	0.0	2.0	0.0	4.0	1.0	2.0	0.0	3.0	0.0	2.0	0.0	3.0	0.0	1.0	3.0	0.0	3.0	0.0	3.0	0.0	3.0	0.0	3.0	0.0	3.0	0.0	3.0	0.0	3.0	0.0	3.0	0.0	3.0	-1.0	1.0	0.0	-1.0	0.0	0.0	1.0	-1.0	0.0	-0.125	-1.0	0.0	0.0	-1.0	0.0	0.0	0.0	-1.0	0.0	-0.375	5.0	1.0	0.0	0.0	0.0
1	2	4	3	62	20	2	3	0.0	0.0	1.0	0.0	8.0	0.0	1.0	0.0	5.0	4.0	2.0	3.6666667	2.0	5.0	4.0	3.6666667	100.0	5.0	5.0	5.0	5.0	3.0	2.0	5.0	1.0	0.0	1.0	1.0	2.0	1.0	0.0	1.0	1.0	0.0	0.0		1.0	0.0	0.0	3.0	0.0	5.0	1.0	4.0	1.0	3.0	0.0	1.0	0.0	1.0	0.0	3.0	0.0	3.0	0.0	2.0	0.0	2.875	0.25	2.0	0.0	2.0	0.0	2.0	0.0	2.0	0.0	3.0	0.0	3.0	0.0	3.0	0.0	0.0	4.0	1.0	5.0	1.0	4.0	1.0	3.0	0.0	1.0	0.0	1.0	0.0	1.0	0.0	4.0	1.0	1.0	0.0	2.875	1.0	0.0	0.0	0.0	0.0	0.0	-2.0	1.0	-1.0	0.0	1.0	0.0	0.0	0.0	0.0	0.0	0.0	1.0	0.0	0.25	3.0	0.0	1.0	1.0	1.0
3	2	4	1	64	22	7	2	0.0	1.0	1.0	0.0	1.0	1.0	0.0	0.0	2.0	1.0	1.0	1.3333334	2.0	4.0	1.0	2.3333333	-1.0	2.0	2.0	1.0	1.6666666	4.0	2.0	4.0	0.0	1.0	0.0	0.0	0.0	1.0	0.0	1.0	1.0	0.0	0.0		1.0	1.0	1.0	5.0	1.0	5.0	1.0	4.0	1.0	1.0	0.0	3.0	0.0	4.0	1.0	5.0	1.0	4.0	1.0	4.0	1.0	3.875	0.75	3.0	0.0	3.0	0.0	4.0	1.0	3.0	0.0	3.0	0.0	5.0	1.0	5.0	1.0	0.0	5.0	1.0	5.0	1.0	4.0	1.0	2.0	0.0	5.0	1.0	5.0	1.0	5.0	1.0	5.0	1.0	5.0	1.0	4.5	0.0	0.0	0.0	1.0	2.0	1.0	0.0	1.0	1.0	0.625	0.0	0.0	0.0	0.0	1.0	0.0	0.0	0.0	0.0	0.125			0.0	0.0	0.0
3	1	4	2	61	20	5	4	0.0	1.0	1.0	0.0	1.0	1.0	0.0	0.0	1.0	1.0	1.0	1.0	3.0	3.0	1.0	2.3333333	-21.0	2.0	5.0	3.0	3.3333333	5.0	4.0	5.0	0.0	1.0	0.0	1.0	1.0	0.0	0.0	0.0	0.0	1.0		0.0	0.0		1.0	5.0	1.0	5.0	1.0	5.0	1.0	3.0	0.0	3.0	0.0	5.0	1.0	5.0	1.0	5.0	1.0	5.0	1.0	4.5	0.75	5.0	1.0	4.0	1.0	5.0	1.0	4.0	1.0	1.0	0.0	5.0	1.0	5.0	1.0	1.0	5.0	1.0	5.0	1.0	5.0	1.0	3.0	0.0	5.0	1.0	5.0	1.0	5.0	1.0	5.0	1.0	5.0	1.0	4.75	0.0	0.0	0.0	0.0	2.0	0.0	0.0	0.0	0.0	0.25	0.0	0.0	0.0	0.0	1.0	0.0	0.0	0.0	0.0	0.125			0.0	0.0	0.0
4	1	3	2	37	3	5	1	0.0	1.0	1.0	0.0	7.0	0.0	1.0	0.0	2.0	1.0	2.0	1.6666666	4.0	5.0	2.0	3.6666667	-3.0	2.0	3.0	2.0	2.3333333	4.0	3.0	3.0	1.0	0.0	0.0	1.0	1.0	0.0	0.0	0.0	0.0	1.0		0.0	0.0		1.0	4.0	1.0	4.0	1.0	4.0	1.0	1.0	0.0	2.0	0.0	4.0	1.0	3.0	0.0	4.0	1.0	3.0	0.0	3.25	0.625	3.0	0.0	3.0	0.0	4.0	1.0	4.0	1.0	2.0	0.0	4.0	1.0	4.0	1.0	0.0	5.0	1.0	5.0	1.0	4.0	1.0	2.0	0.0	2.0	0.0	4.0	1.0	3.0	0.0	4.0	1.0	3.0	0.0	3.625	1.0	1.0	0.0	1.0	0.0	0.0	0.0	0.0	0.0	0.375	0.0	0.0	0.0	0.0	0.0	0.0	0.0	0.0	0.0	0.0			0.0	0.0	0.0
4	1	3	2	49	3	2	2	0.0	0.0	1.0	0.0	5.0	0.0	0.0	1.0	3.0	3.0	5.0	3.6666667	3.0	5.0	5.0	4.3333335	0.0	3.0	5.0	3.0	3.6666667	3.0	3.0	1.0	0.0	0.0	1.0	0.0	1.0	1.0	0.0	1.0	1.0	0.0	0.0		1.0	1.0	1.0	3.0	0.0	3.0	0.0	4.0	1.0	3.0	0.0	3.0	0.0	3.0	0.0	4.0	1.0	4.0	1.0	3.0	0.0	3.375	0.375	3.0	0.0	2.0	0.0	5.0	1.0	3.0	0.0	3.0	0.0	5.0	1.0	5.0	1.0	0.0	3.0	0.0	3.0	0.0	4.0	1.0	4.0	1.0	3.0	0.0	4.0	1.0	4.0	1.0	3.0	0.0	5.0	1.0	3.5	0.0	0.0	0.0	1.0	0.0	1.0	0.0	-1.0	2.0	0.125	0.0	0.0	0.0	1.0	0.0	1.0	0.0	-1.0	1.0	0.125			0.0	0.0	0.0
4	1	3	2	43	9	5	1	0.0	1.0	1.0	0.0	2.0	1.0	0.0	0.0	2.0	5.0	2.0	3.0	4.0	5.0	2.0	3.6666667	4.0	2.0	2.0	1.0	1.6666666	3.0	2.0	5.0	0.0	1.0	0.0	1.0	1.0	0.0	0.0	1.0	1.0	0.0	0.0		1.0	0.0	0.0	4.0	1.0	3.0	0.0	2.0	0.0	2.0	0.0	3.0	0.0	4.0	1.0	3.0	0.0	4.0	1.0	4.0	1.0	3.125	0.375	2.0	0.0	3.0	0.0	3.0	0.0	4.0	1.0	3.0	0.0	4.0	1.0	4.0	1.0	1.0	4.0	1.0	4.0	1.0	3.0	0.0	2.0	0.0	3.0	0.0	4.0	1.0	4.0	1.0	4.0	1.0	3.0	0.0	3.5	0.0	1.0	1.0	0.0	0.0	0.0	1.0	0.0	-1.0	0.375	0.0	1.0	0.0	0.0	0.0	0.0	1.0	0.0	-1.0	0.25	3.0	0.0	0.0	1.0	0.0
2	3	4	1	51	1	4	3	0.0	0.0	0.0	0.0	8.0	0.0	1.0	0.0	5.0	5.0	5.0	5.0	5.0	2.0	5.0	4.0	0.0	5.0	5.0	5.0	5.0	1.0	5.0	5.0	1.0	0.0	0.0	0.0	0.0	1.0	0.0	1.0	1.0	0.0	0.0		1.0	1.0	1.0	5.0	1.0	5.0	1.0	5.0	1.0	5.0	1.0	5.0	1.0	4.0	1.0	4.0	1.0	5.0	1.0	5.0	1.0	4.75	1.0	5.0	1.0	5.0	1.0	5.0	1.0	5.0	1.0	1.0	0.0	5.0	1.0	5.0	1.0	1.0	5.0	1.0	5.0	1.0	3.0	0.0	5.0	1.0	5.0	1.0	3.0	0.0	3.0	0.0	3.0	0.0	3.0	0.0	4.0	0.0	0.0	-2.0	0.0	0.0	-1.0	-1.0	-2.0	-2.0	-0.75	0.0	0.0	-1.0	0.0	0.0	-1.0	-1.0	-1.0	-1.0	-0.5			0.0	0.0	1.0
3	2	4	1	73	19	7	2	1.0	0.0	1.0	0.0	8.0	0.0	1.0	0.0	4.0	4.0	2.0	3.3333333	4.0	5.0	2.0	3.6666667	100.0	4.0	4.0	4.0	4.0	4.0	4.0	5.0	1.0	0.0	1.0	1.0	2.0	0.0	1.0	0.0	1.0	0.0	1.0	1.0		1.0	1.0	5.0	1.0	5.0	1.0	5.0	1.0	1.0	0.0	1.0	0.0	5.0	1.0	3.0	0.0	5.0	1.0	5.0	1.0	3.75	0.625	4.0	1.0	2.0	0.0	4.0	1.0	4.0	1.0	4.0	1.0	4.0	1.0	5.0	1.0	0.0	5.0	1.0	5.0	1.0	5.0	1.0	1.0	0.0	1.0	0.0	5.0	1.0	1.0	0.0	5.0	1.0	3.0	0.0	3.5	0.0	0.0	0.0	0.0	0.0	0.0	-2.0	0.0	-2.0	-0.25	0.0	0.0	0.0	0.0	0.0	0.0	0.0	0.0	-1.0	0.0			0.0	1.0	0.0
1	3	4	2	62	4	4	4	0.0	0.0	1.0	0.0	1.0	1.0	0.0	0.0	1.0	1.0	1.0	1.0	1.0	1.0	1.0	1.0	-18.0	2.0	2.0	2.0	2.0	4.0	4.0	4.0	0.0	1.0	1.0	1.0	2.0	1.0	1.0	0.0	1.0	0.0	1.0	1.0		1.0	1.0	4.0	1.0	4.0	1.0	4.0	1.0	2.0	0.0	2.0	0.0	5.0	1.0	2.0	0.0	4.0	1.0	3.0	0.0	3.375	0.625	2.0	0.0	2.0	0.0	4.0	1.0	2.0	0.0	2.0	0.0	5.0	1.0	4.0	1.0	0.0	5.0	1.0	4.0	1.0	4.0	1.0	2.0	0.0	2.0	0.0	4.0	1.0	2.0	0.0	4.0	1.0	4.0	1.0	3.375	1.0	0.0	0.0	0.0	0.0	-1.0	0.0	0.0	1.0	0.0	0.0	0.0	0.0	0.0	0.0	0.0	0.0	0.0	1.0	0.0			1.0	0.0	1.0
2	3	1	4	53	19	7	1	0.0	1.0	1.0	0.0	8.0	0.0	1.0	0.0	4.0	4.0	4.0	4.0	4.0	4.0	4.0	4.0	-17.0	5.0	4.0	2.0	3.6666667	4.0	4.0	5.0	1.0	0.0	0.0	1.0	1.0	0.0	1.0	0.0	1.0	0.0	1.0	1.0		1.0	1.0	4.0	1.0	4.0	1.0	4.0	1.0	5.0	1.0	4.0	1.0	4.0	1.0	4.0	1.0	4.0	1.0	5.0	1.0	4.125	1.0	4.0	1.0	4.0	1.0	5.0	1.0	5.0	1.0	4.0	1.0	4.0	1.0	5.0	1.0	1.0	4.0	1.0	2.0	0.0	4.0	1.0	3.0	0.0	4.0	1.0	4.0	1.0	3.0	0.0	1.0	0.0	4.0	1.0	3.125	0.0	-2.0	0.0	-2.0	0.0	0.0	-1.0	-3.0	-1.0	-1.0	0.0	-1.0	0.0	-1.0	0.0	0.0	-1.0	-1.0	0.0	-0.5			0.0	0.0	1.0
2	3	4	1	54	16	4	2	0.0	1.0	1.0	0.0	8.0	0.0	1.0	0.0	1.0	3.0	1.0	1.6666666	3.0	5.0	3.0	3.6666667	0.0	3.0	2.0	5.0	3.3333333	1.0	3.0	2.0	1.0	0.0	1.0	1.0	2.0	1.0	0.0	1.0	1.0	0.0	0.0		1.0	0.0	0.0	3.0	0.0	5.0	1.0	3.0	0.0	1.0	0.0	3.0	0.0	3.0	0.0	2.0	0.0	4.0	1.0	3.0	0.0	3.0	0.25	3.0	0.0	3.0	0.0	4.0	1.0	3.0	0.0	3.0	0.0	5.0	1.0	5.0	1.0	0.0	3.0	0.0	4.0	1.0	3.0	0.0	1.0	0.0	1.0	0.0	2.0	0.0	2.0	0.0	3.0	0.0	3.0	0.0	2.375	0.0	-1.0	0.0	0.0	-2.0	-1.0	0.0	-1.0	0.0	-0.625	0.0	0.0	0.0	0.0	0.0	0.0	0.0	-1.0	0.0	-0.125	5.0	1.0	0.0	0.0	1.0
4	2	3	1	50	7	2	2	0.0	1.0	1.0	0.0	8.0	0.0	1.0	0.0	1.0	3.0	2.0	2.0	3.0	5.0	1.0	3.0	32.0	3.0	4.0	3.0	3.3333333	2.0	2.0	2.0	1.0	0.0	0.0	0.0	0.0	1.0	1.0	0.0	1.0	0.0	1.0	1.0		0.0	0.0	5.0	1.0	4.0	1.0	1.0	0.0	1.0	0.0	1.0	0.0	3.0	0.0	3.0	0.0	3.0	0.0	3.0	0.0	2.625	0.25	3.0	0.0	3.0	0.0	2.0	0.0	4.0	1.0	1.0	0.0	5.0	1.0	1.0	0.0	0.0	4.0	1.0	4.0	1.0	1.0	0.0	2.0	0.0	3.0	0.0	3.0	0.0	3.0	0.0	3.0	0.0	2.0	0.0	2.875	-1.0	0.0	0.0	1.0	2.0	0.0	0.0	0.0	-1.0	0.25	0.0	0.0	0.0	0.0	0.0	0.0	0.0	0.0	0.0	0.0	5.0	1.0	0.0	1.0	0.0
1	2	4	3	82	14	5	3	1.0	0.0	1.0	0.0	7.0	0.0	1.0	0.0	2.0	2.0	1.0	1.6666666	3.0	3.0	3.0	3.0	81.0	3.0	4.0	4.0	3.6666667	2.0	2.0	4.0	1.0	0.0	1.0	1.0	2.0	1.0	0.0	0.0	0.0	1.0		0.0	0.0		1.0	4.0	1.0	4.0	1.0	4.0	1.0	2.0	0.0	1.0	0.0	2.0	0.0	1.0	0.0	4.0	1.0	2.0	0.0	2.75	0.5	2.0	0.0	2.0	0.0	2.0	0.0	3.0	0.0	2.0	0.0	4.0	1.0	4.0	1.0	0.0	4.0	1.0	4.0	1.0	4.0	1.0	1.0	0.0	1.0	0.0	2.0	0.0	1.0	0.0	4.0	1.0	2.0	0.0	2.625	0.0	0.0	0.0	-1.0	0.0	0.0	0.0	0.0	0.0	-0.125	0.0	0.0	0.0	0.0	0.0	0.0	0.0	0.0	0.0	0.0			1.0	1.0	1.0
3	2	4	1	52	11	6	3	0.0	1.0	1.0	0.0	7.0	0.0	1.0	0.0	4.0	3.0	2.0	3.0	3.0	5.0	2.0	3.3333333	29.0	4.0	3.0	4.0	3.6666667	2.0	2.0	3.0	1.0	0.0	0.0	1.0	1.0	0.0	0.0	1.0	1.0	0.0	0.0		1.0	0.0	0.0	3.0	0.0	4.0	1.0	2.0	0.0	1.0	0.0	2.0	0.0	2.0	0.0	2.0	0.0	2.0	0.0	2.0	0.0	2.25	0.125	1.0	0.0	2.0	0.0	3.0	0.0	4.0	1.0	3.0	0.0	4.0	1.0	3.0	0.0	0.0	5.0	1.0	4.0	1.0	1.0	0.0	1.0	0.0	1.0	0.0	1.0	0.0	1.0	0.0	2.0	0.0	1.0	0.0	2.0	2.0	0.0	-1.0	0.0	-1.0	-1.0	-1.0	0.0	-1.0	-0.25	1.0	0.0	0.0	0.0	0.0	0.0	0.0	0.0	0.0	0.125	4.0	1.0	0.0	1.0	0.0
2	3	1	4	49	1	2	2	0.0	1.0	1.0	0.0	8.0	0.0	1.0	0.0	3.0	3.0	3.0	3.0	3.0	3.0	3.0	3.0	5.0	3.0	3.0	3.0	3.0	3.0	3.0	3.0	1.0	0.0	0.0	0.0	0.0	1.0	1.0	0.0	1.0	0.0	1.0	1.0		0.0	0.0	3.0	0.0	3.0	0.0	3.0	0.0	3.0	0.0	3.0	0.0	3.0	0.0	3.0	0.0	3.0	0.0	3.0	0.0	3.0	0.0	3.0	0.0	3.0	0.0	3.0	0.0	3.0	0.0	3.0	0.0	3.0	0.0	3.0	0.0	1.0	3.0	0.0	3.0	0.0	3.0	0.0	3.0	0.0	3.0	0.0	3.0	0.0	3.0	0.0	3.0	0.0	3.0	0.0	3.0	0.0	0.0	0.0	0.0	0.0	0.0	0.0	0.0	0.0	0.0	0.0	0.0	0.0	0.0	0.0	0.0	0.0	0.0	0.0	0.0	3.0	0.0	0.0	1.0	1.0
1	2	3	4	39	1	2	2	0.0	0.0	0.0	1.0	8.0	0.0	1.0	0.0	4.0	3.0	4.0	3.6666667	4.0	5.0	5.0	4.6666665	-8.0	3.0	5.0	1.0	3.0	4.0	3.0	4.0	1.0	0.0	0.0	1.0	1.0	0.0	0.0	0.0	0.0	1.0		0.0	0.0		1.0	2.0	0.0	5.0	1.0	2.0	0.0	3.0	0.0	3.0	0.0	5.0	1.0	5.0	1.0	4.0	1.0	5.0	1.0	3.625	0.5	4.0	1.0	5.0	1.0	5.0	1.0	5.0	1.0	4.0	1.0	5.0	1.0	5.0	1.0	1.0	5.0	1.0	4.0	1.0	4.0	1.0	4.0	1.0	5.0	1.0	4.0	1.0	4.0	1.0	5.0	1.0	5.0	1.0	4.375	3.0	-1.0	2.0	1.0	2.0	-1.0	-1.0	1.0	0.0	0.75	1.0	0.0	1.0	1.0	1.0	0.0	0.0	0.0	0.0	0.5			1.0	0.0	1.0
2	1	4	3	37	19	5	2	0.0	1.0	1.0	0.0	5.0	0.0	0.0	1.0	4.0	4.0	1.0	3.0	3.0	3.0	1.0	2.3333333	0.0	4.0	3.0	4.0	3.6666667	1.0	1.0	1.0	1.0	0.0	1.0	1.0	2.0	1.0	1.0	0.0	1.0	0.0	1.0	1.0		1.0	1.0	4.0	1.0	4.0	1.0	5.0	1.0	1.0	0.0	1.0	0.0	3.0	0.0	1.0	0.0	3.0	0.0	3.0	0.0	2.75	0.375	4.0	1.0	3.0	0.0	3.0	0.0	5.0	1.0	2.0	0.0	4.0	1.0	3.0	0.0	0.0	3.0	0.0	2.0	0.0	4.0	1.0	1.0	0.0	4.0	1.0	3.0	0.0	1.0	0.0	3.0	0.0	1.0	0.0	2.625	-1.0	-2.0	-1.0	0.0	3.0	0.0	0.0	0.0	-2.0	-0.125	-1.0	-1.0	0.0	0.0	1.0	0.0	0.0	0.0	0.0	-0.125			0.0	0.0	0.0
1	4	2	3	47	1	3	1	0.0	1.0	0.0	1.0	1.0	1.0	0.0	0.0	3.0	3.0	3.0	3.0	3.0	3.0	3.0	3.0	0.0	3.0	4.0	2.0	3.0	5.0	5.0	1.0	0.0	1.0	0.0	0.0	0.0	0.0	1.0	0.0	1.0	0.0	1.0	1.0		1.0	1.0	5.0	1.0	5.0	1.0	3.0	0.0	4.0	1.0	5.0	1.0	5.0	1.0	5.0	1.0	5.0	1.0	5.0	1.0	4.625	0.875	5.0	1.0	4.0	1.0	5.0	1.0	3.0	0.0	3.0	0.0	3.0	0.0	4.0	1.0	0.0	5.0	1.0	5.0	1.0	3.0	0.0	4.0	1.0	5.0	1.0	5.0	1.0	5.0	1.0	5.0	1.0	5.0	1.0	4.625	0.0	0.0	0.0	0.0	0.0	0.0	0.0	0.0	0.0	0.0	0.0	0.0	0.0	0.0	0.0	0.0	0.0	0.0	0.0	0.0			1.0	0.0	1.0
2	3	4	1	58	3	4	1	0.0	0.0	1.0	0.0	5.0	0.0	0.0	1.0	4.0	3.0	4.0	3.6666667	2.0	4.0	3.0	3.0	60.0	3.0	1.0	3.0	2.3333333	3.0	1.0	4.0	1.0	0.0	1.0	0.0	1.0	1.0	0.0	1.0	1.0	0.0	0.0		1.0	0.0	0.0	4.0	1.0	4.0	1.0	4.0	1.0	2.0	0.0	3.0	0.0	3.0	0.0	2.0	0.0	4.0	1.0	3.0	0.0	3.25	0.5	2.0	0.0	4.0	1.0	3.0	0.0	4.0	1.0	4.0	1.0	4.0	1.0	5.0	1.0	0.0	4.0	1.0	4.0	1.0	4.0	1.0	1.0	0.0	3.0	0.0	3.0	0.0	2.0	0.0	2.0	0.0	2.0	0.0	2.875	0.0	0.0	0.0	-1.0	0.0	0.0	0.0	-2.0	-1.0	-0.375	0.0	0.0	0.0	0.0	0.0	0.0	0.0	-1.0	0.0	-0.125	4.0	1.0	0.0	1.0	1.0
2	3	4	1	44	1	5	4	0.0	0.0	1.0	0.0	2.0	1.0	0.0	0.0	4.0	4.0	4.0	4.0	4.0	4.0	4.0	4.0	21.0	4.0	3.0	2.0	3.0	4.0	4.0	4.0	0.0	1.0	1.0	1.0	2.0	1.0	1.0	0.0	1.0	0.0	1.0	1.0		0.0	0.0	3.0	0.0	4.0	1.0	3.0	0.0	2.0	0.0	3.0	0.0	4.0	1.0	4.0	1.0	3.0	0.0	4.0	1.0	3.25	0.375	3.0	0.0	2.0	0.0	4.0	1.0	3.0	0.0	3.0	0.0	4.0	1.0	4.0	1.0	0.0	4.0	1.0	4.0	1.0	3.0	0.0	2.0	0.0	4.0	1.0	4.0	1.0	4.0	1.0	4.0	1.0	4.0	1.0	3.625	1.0	0.0	0.0	0.0	1.0	0.0	0.0	1.0	0.0	0.375	1.0	0.0	0.0	0.0	1.0	0.0	0.0	1.0	0.0	0.375	5.0	1.0	0.0	1.0	1.0
1	3	4	2	57	1	7	3	0.0	1.0	1.0	0.0	8.0	0.0	1.0	0.0	1.0	1.0	2.0	1.3333334	3.0	5.0	4.0	4.0	93.0	4.0	4.0	4.0	4.0	3.0	4.0	4.0	0.0	0.0	0.0	1.0	1.0	0.0	0.0	0.0	0.0	1.0		0.0	0.0		1.0	5.0	1.0	5.0	1.0	5.0	1.0	3.0	0.0	3.0	0.0	2.0	0.0	3.0	0.0	4.0	1.0	4.0	1.0	3.75	0.5	1.0	0.0	3.0	0.0	3.0	0.0	4.0	1.0	2.0	0.0	5.0	1.0	5.0	1.0	0.0	5.0	1.0	5.0	1.0	4.0	1.0	1.0	0.0	1.0	0.0	3.0	0.0	3.0	0.0	5.0	1.0	4.0	1.0	3.375	0.0	0.0	-1.0	-2.0	-2.0	1.0	0.0	1.0	0.0	-0.375	0.0	0.0	0.0	0.0	0.0	0.0	0.0	0.0	0.0	0.0			1.0	1.0	1.0
3	1	4	2	70	10	4	3	1.0	1.0	1.0	0.0	8.0	0.0	1.0	0.0	5.0	3.0	4.0	4.0	5.0	5.0	5.0	5.0	50.0	5.0	4.0	2.0	3.6666667	1.0	3.0	5.0	1.0	0.0	1.0	0.0	1.0	0.0	0.0	1.0	1.0	0.0	0.0		1.0	1.0	1.0	5.0	1.0	5.0	1.0	5.0	1.0	3.0	0.0	5.0	1.0	3.0	0.0	1.0	0.0	5.0	1.0	4.0	1.0	4.0	0.625	4.0	1.0	2.0	0.0	3.0	0.0	1.0	0.0	3.0	0.0	5.0	1.0	5.0	1.0	0.0	5.0	1.0	5.0	1.0	5.0	1.0	3.0	0.0	5.0	1.0	3.0	0.0	3.0	0.0	5.0	1.0	4.0	1.0	4.25	0.0	0.0	0.0	0.0	0.0	0.0	2.0	0.0	0.0	0.25	0.0	0.0	0.0	0.0	0.0	0.0	0.0	0.0	0.0	0.0			0.0	1.0	0.0
3	2	4	1	52	2	7	3	0.0	1.0	0.0	1.0	1.0	1.0	0.0	0.0	1.0	1.0	3.0	1.6666666	5.0	5.0	5.0	5.0	1.0	1.0	1.0	1.0	1.0	4.0	1.0	2.0	0.0	0.0	1.0	0.0	1.0	1.0	0.0	0.0	0.0	1.0		0.0	0.0		1.0	4.0	1.0	1.0	0.0	1.0	0.0	1.0	0.0	1.0	0.0	1.0	0.0	4.0	1.0	1.0	0.0	5.0	1.0	1.75	0.25	3.0	0.0	3.0	0.0	1.0	0.0	4.0	1.0	1.0	0.0	4.0	1.0	4.0	1.0	0.0	4.0	1.0	1.0	0.0	1.0	0.0	1.0	0.0	1.0	0.0	1.0	0.0	4.0	1.0	1.0	0.0	1.0	0.0	1.75	0.0	0.0	0.0	0.0	0.0	0.0	0.0	0.0	-4.0	0.0	0.0	0.0	0.0	0.0	0.0	0.0	0.0	0.0	-1.0	0.0			0.0	0.0	0.0
1	3	4	2	46	7	4	1	0.0	0.0	1.0	0.0	1.0	1.0	0.0	0.0	2.0	2.0	2.0	2.0	2.0	4.0	2.0	2.6666667	50.0	2.0	4.0	2.0	2.6666667	2.0	4.0	3.0	0.0	1.0	1.0	1.0	2.0	1.0	1.0	0.0	1.0	0.0	1.0	1.0		1.0	1.0	4.0	1.0	4.0	1.0	4.0	1.0	2.0	0.0	2.0	0.0	4.0	1.0	4.0	1.0	4.0	1.0	4.0	1.0	3.5	0.75	2.0	0.0	2.0	0.0	4.0	1.0	2.0	0.0	4.0	1.0	4.0	1.0	4.0	1.0	0.0	4.0	1.0	4.0	1.0	4.0	1.0	2.0	0.0	2.0	0.0	4.0	1.0	4.0	1.0	4.0	1.0	4.0	1.0	3.5	0.0	0.0	0.0	0.0	0.0	0.0	0.0	0.0	0.0	0.0	0.0	0.0	0.0	0.0	0.0	0.0	0.0	0.0	0.0	0.0			1.0	1.0	1.0
4	2	1	3	56	19	7	4	0.0	0.0	1.0	0.0	1.0	1.0	0.0	0.0	1.0	3.0	1.0	1.6666666	1.0	3.0	1.0	1.6666666	7.0	4.0	1.0	1.0	2.0	5.0	5.0	5.0	0.0	1.0	1.0	1.0	2.0	0.0	1.0	0.0	1.0	0.0	1.0	1.0		0.0	0.0	5.0	1.0	5.0	1.0	4.0	1.0	1.0	0.0	1.0	0.0	5.0	1.0	4.0	1.0	5.0	1.0	5.0	1.0	3.75	0.75	5.0	1.0	3.0	0.0	3.0	0.0	3.0	0.0	3.0	0.0	5.0	1.0	5.0	1.0	0.0	3.0	0.0	4.0	1.0	4.0	1.0	4.0	1.0	4.0	1.0	4.0	1.0	4.0	1.0	4.0	1.0	4.0	1.0	3.875	-2.0	-1.0	0.0	3.0	3.0	-1.0	0.0	-1.0	-1.0	0.125	-1.0	0.0	0.0	1.0	1.0	0.0	0.0	0.0	0.0	0.125	5.0	1.0	0.0	1.0	0.0
1	3	4	2	47	19	6	2	0.0	1.0	1.0	0.0	1.0	1.0	0.0	0.0	1.0	1.0	1.0	1.0	4.0	2.0	1.0	2.3333333	-3.0	2.0	4.0	4.0	3.3333333	5.0	5.0	5.0	0.0	1.0	0.0	0.0	0.0	0.0	0.0	1.0	1.0	0.0	0.0		1.0	0.0	0.0	5.0	1.0	5.0	1.0	5.0	1.0	2.0	0.0	5.0	1.0	5.0	1.0	5.0	1.0	5.0	1.0	5.0	1.0	4.625	0.875	3.0	0.0	2.0	0.0	5.0	1.0	4.0	1.0	4.0	1.0	5.0	1.0	5.0	1.0	1.0	5.0	1.0	5.0	1.0	5.0	1.0	2.0	0.0	5.0	1.0	5.0	1.0	5.0	1.0	5.0	1.0	5.0	1.0	4.625	0.0	0.0	0.0	0.0	0.0	0.0	0.0	0.0	0.0	0.0	0.0	0.0	0.0	0.0	0.0	0.0	0.0	0.0	0.0	0.0	5.0	1.0	1.0	0.0	1.0
3	2	4	1	30	13	6	3	0.0	1.0	1.0	0.0	7.0	0.0	1.0	0.0	3.0	3.0	2.0	2.6666667	1.0	2.0	2.0	1.6666666	-10.0	3.0	4.0	4.0	3.6666667	4.0	3.0	4.0	0.0	0.0	1.0	1.0	2.0	0.0	0.0	1.0	1.0	0.0	0.0		1.0	0.0	0.0	5.0	1.0	4.0	1.0	4.0	1.0	1.0	0.0	2.0	0.0	4.0	1.0	3.0	0.0	3.0	0.0	3.0	0.0	3.25	0.5	2.0	0.0	2.0	0.0	2.0	0.0	3.0	0.0	2.0	0.0	1.0	0.0	2.0	0.0	0.0	4.0	1.0	2.0	0.0	3.0	0.0	1.0	0.0	2.0	0.0	4.0	1.0	2.0	0.0	3.0	0.0	2.0	0.0	2.625	-1.0	-2.0	-1.0	0.0	0.0	0.0	-1.0	0.0	-1.0	-0.625	0.0	-1.0	-1.0	0.0	0.0	0.0	0.0	0.0	0.0	-0.25	5.0	1.0	0.0	0.0	0.0
2	3	4	1	62	1	2	4	0.0	1.0	1.0	0.0	2.0	1.0	0.0	0.0	1.0	1.0	1.0	1.0	3.0	4.0	3.0	3.3333333	9.0	3.0	4.0	2.0	3.0	3.0	2.0	4.0	0.0	1.0	1.0	0.0	1.0	1.0	1.0	0.0	1.0	0.0	1.0	1.0		0.0	0.0	5.0	1.0	4.0	1.0	4.0	1.0	2.0	0.0	3.0	0.0	4.0	1.0	4.0	1.0	4.0	1.0	4.0	1.0	3.75	0.75	4.0	1.0	4.0	1.0	4.0	1.0	4.0	1.0	4.0	1.0	5.0	1.0	4.0	1.0	1.0	5.0	1.0	4.0	1.0	2.0	0.0	2.0	0.0	4.0	1.0	5.0	1.0	3.0	0.0	4.0	1.0	4.0	1.0	3.625	0.0	0.0	-2.0	0.0	1.0	1.0	-1.0	0.0	0.0	-0.125	0.0	0.0	-1.0	0.0	1.0	0.0	-1.0	0.0	0.0	-0.125	4.0	1.0	0.0	1.0	1.0
1	4	3	2	64	7	6	3	0.0	1.0	1.0	0.0	1.0	1.0	0.0	0.0	1.0	1.0	1.0	1.0	3.0	1.0	2.0	2.0	50.0	4.0	2.0	1.0	2.3333333	5.0	4.0	5.0	0.0	1.0	1.0	1.0	2.0	1.0	1.0	0.0	1.0	0.0	1.0	1.0		0.0	0.0	5.0	1.0	5.0	1.0	5.0	1.0	1.0	0.0	1.0	0.0	4.0	1.0	1.0	0.0	5.0	1.0	1.0	0.0	3.375	0.625	1.0	0.0	1.0	0.0	3.0	0.0	1.0	0.0	1.0	0.0	5.0	1.0	5.0	1.0	0.0	5.0	1.0	5.0	1.0	5.0	1.0	1.0	0.0	1.0	0.0	2.0	0.0	1.0	0.0	5.0	1.0	1.0	0.0	3.125	0.0	0.0	0.0	0.0	0.0	-2.0	0.0	0.0	0.0	-0.25	0.0	0.0	0.0	0.0	0.0	-1.0	0.0	0.0	0.0	-0.125	5.0	1.0	1.0	1.0	1.0
1	4	2	3	67	5	4	3	1.0	1.0	1.0	0.0	1.0	1.0	0.0	0.0	3.0	1.0	2.0	2.0	4.0	4.0	2.0	3.3333333	3.0	2.0	3.0	3.0	2.6666667	2.0	4.0	5.0	0.0	1.0	1.0	1.0	2.0	1.0	0.0	1.0	1.0	0.0	0.0		1.0	1.0	1.0	4.0	1.0	5.0	1.0	2.0	0.0	1.0	0.0	1.0	0.0	4.0	1.0	4.0	1.0	5.0	1.0	4.0	1.0	3.25	0.625	3.0	0.0	2.0	0.0	3.0	0.0	4.0	1.0	3.0	0.0	5.0	1.0	4.0	1.0	0.0	4.0	1.0	5.0	1.0	4.0	1.0	1.0	0.0	2.0	0.0	4.0	1.0	4.0	1.0	5.0	1.0	4.0	1.0	3.625	0.0	0.0	2.0	0.0	1.0	0.0	0.0	0.0	0.0	0.375	0.0	0.0	1.0	0.0	0.0	0.0	0.0	0.0	0.0	0.125			1.0	1.0	1.0
4	1	2	3	81	11	3	3	1.0	0.0	1.0	0.0	1.0	1.0	0.0	0.0	2.0	3.0	3.0	2.6666667	4.0	4.0	3.0	3.6666667	-1.0	4.0	3.0	3.0	3.3333333	3.0	2.0	5.0	0.0	1.0	1.0	0.0	1.0	1.0	1.0	0.0	1.0	0.0	1.0	1.0		0.0	0.0	5.0	1.0	5.0	1.0	1.0	0.0	1.0	0.0	1.0	0.0	3.0	0.0	1.0	0.0	4.0	1.0	2.0	0.0	2.625	0.375	3.0	0.0	2.0	0.0	1.0	0.0	2.0	0.0	1.0	0.0	4.0	1.0	2.0	0.0	0.0	5.0	1.0	5.0	1.0	1.0	0.0	1.0	0.0	1.0	0.0	3.0	0.0	1.0	0.0	4.0	1.0	2.0	0.0	2.625	0.0	0.0	0.0	0.0	0.0	0.0	0.0	0.0	0.0	0.0	0.0	0.0	0.0	0.0	0.0	0.0	0.0	0.0	0.0	0.0	5.0	1.0	0.0	0.0	0.0
1	2	4	3	25	2	2	2	0.0	1.0	1.0	0.0	4.0	0.0	0.0	1.0	1.0	3.0	1.0	1.6666666	4.0	4.0	1.0	3.0	0.0	1.0	3.0	2.0	2.0	4.0	3.0	3.0	0.0	0.0	0.0	1.0	1.0	1.0	0.0	1.0	1.0	0.0	0.0		1.0	1.0	1.0	3.0	0.0	4.0	1.0	4.0	1.0	3.0	0.0	3.0	0.0	5.0	1.0	4.0	1.0	5.0	1.0	5.0	1.0	3.875	0.625	3.0	0.0	5.0	1.0	4.0	1.0	3.0	0.0	3.0	0.0	5.0	1.0	5.0	1.0	0.0	4.0	1.0	3.0	0.0	4.0	1.0	3.0	0.0	3.0	0.0	5.0	1.0	4.0	1.0	4.0	1.0	3.0	0.0	3.75	1.0	-1.0	0.0	0.0	0.0	0.0	0.0	-1.0	-2.0	-0.125	1.0	-1.0	0.0	0.0	0.0	0.0	0.0	0.0	-1.0	0.0			1.0	0.0	1.0
3	2	4	1	64	5	5	2	0.0	1.0	1.0	0.0	1.0	1.0	0.0	0.0	1.0	1.0	3.0	1.6666666	3.0	3.0	1.0	2.3333333	1.0	1.0	1.0	2.0	1.3333334	5.0	5.0	5.0	0.0	1.0	1.0	1.0	2.0	0.0	0.0	1.0	1.0	0.0	0.0		1.0	0.0	0.0	5.0	1.0	3.0	0.0	3.0	0.0	1.0	0.0	1.0	0.0	5.0	1.0	3.0	0.0	5.0	1.0	5.0	1.0	3.25	0.375	2.0	0.0	4.0	1.0	3.0	0.0	5.0	1.0	3.0	0.0	5.0	1.0	5.0	1.0	1.0	5.0	1.0	5.0	1.0	3.0	0.0	1.0	0.0	1.0	0.0	5.0	1.0	2.0	0.0	5.0	1.0	5.0	1.0	3.375	0.0	2.0	0.0	0.0	0.0	0.0	-1.0	0.0	0.0	0.125	0.0	1.0	0.0	0.0	0.0	0.0	0.0	0.0	0.0	0.125	5.0	1.0	0.0	0.0	0.0
1	2	4	3	38	3	4	3	0.0	1.0	1.0	0.0	8.0	0.0	1.0	0.0	3.0	1.0	1.0	1.6666666	3.0	4.0	1.0	2.6666667	0.0	1.0	3.0	3.0	2.3333333	5.0	3.0	1.0	1.0	0.0	1.0	1.0	2.0	1.0	1.0	0.0	1.0	0.0	1.0	1.0		0.0	0.0	4.0	1.0	3.0	0.0	3.0	0.0	3.0	0.0	3.0	0.0	4.0	1.0	4.0	1.0	4.0	1.0	5.0	1.0	3.5	0.5	4.0	1.0	5.0	1.0	3.0	0.0	3.0	0.0	3.0	0.0	5.0	1.0	5.0	1.0	0.0	5.0	1.0	5.0	1.0	3.0	0.0	3.0	0.0	5.0	1.0	4.0	1.0	4.0	1.0	5.0	1.0	5.0	1.0	4.25	1.0	2.0	0.0	0.0	2.0	0.0	0.0	1.0	0.0	0.75	0.0	1.0	0.0	0.0	1.0	0.0	0.0	0.0	0.0	0.25	5.0	1.0	1.0	0.0	1.0
1	3	4	2	64	1	5	3	0.0	1.0	1.0	0.0	1.0	1.0	0.0	0.0	1.0	1.0	2.0	1.3333334	2.0	4.0	2.0	2.6666667	-50.0	4.0	4.0	2.0	3.3333333	5.0	5.0	5.0	0.0	1.0	0.0	1.0	1.0	1.0	1.0	0.0	1.0	0.0	1.0	1.0		1.0	1.0	5.0	1.0	5.0	1.0	5.0	1.0	3.0	0.0	1.0	0.0	5.0	1.0	5.0	1.0	5.0	1.0	5.0	1.0	4.25	0.75	3.0	0.0	3.0	0.0	5.0	1.0	2.0	0.0	4.0	1.0	5.0	1.0	5.0	1.0	1.0	5.0	1.0	5.0	1.0	5.0	1.0	4.0	1.0	4.0	1.0	5.0	1.0	5.0	1.0	5.0	1.0	5.0	1.0	4.75	0.0	0.0	0.0	1.0	3.0	0.0	0.0	0.0	0.0	0.5	0.0	0.0	0.0	1.0	1.0	0.0	0.0	0.0	0.0	0.25			1.0	0.0	1.0
2	1	4	3	54	7	1	2	0.0	1.0	1.0	0.0	1.0	1.0	0.0	0.0	1.0	1.0	1.0	1.0	5.0	5.0	3.0	4.3333335	0.0	3.0	4.0	3.0	3.3333333	5.0	4.0	4.0	0.0	1.0	0.0	0.0	0.0	1.0	0.0	1.0	1.0	0.0	0.0		1.0	1.0	1.0	4.0	1.0	3.0	0.0	3.0	0.0	1.0	0.0	3.0	0.0	3.0	0.0	4.0	1.0	3.0	0.0	3.0	0.0	3.0	0.25	4.0	1.0	3.0	0.0	5.0	1.0	3.0	0.0	5.0	1.0	5.0	1.0	5.0	1.0	0.0	4.0	1.0	4.0	1.0	3.0	0.0	1.0	0.0	4.0	1.0	3.0	0.0	4.0	1.0	3.0	0.0	4.0	1.0	3.25	0.0	1.0	0.0	0.0	1.0	0.0	0.0	0.0	1.0	0.25	0.0	1.0	0.0	0.0	1.0	0.0	0.0	0.0	1.0	0.25			0.0	0.0	0.0
3	2	4	1	48	21	7	1	0.0	1.0	0.0	0.0	3.0	0.0	0.0	1.0	1.0	1.0	1.0	1.0	1.0	3.0	1.0	1.6666666	-10.0	3.0	4.0	2.0	3.0	3.0	4.0	4.0	0.0	1.0	0.0	1.0	1.0	0.0	0.0	1.0	1.0	0.0	0.0		1.0	1.0	1.0	5.0	1.0	5.0	1.0	4.0	1.0	1.0	0.0	1.0	0.0	5.0	1.0	4.0	1.0	4.0	1.0	4.0	1.0	3.625	0.75	3.0	0.0	2.0	0.0	4.0	1.0	4.0	1.0	3.0	0.0	4.0	1.0	4.0	1.0	0.0	5.0	1.0	5.0	1.0	5.0	1.0	1.0	0.0	1.0	0.0	5.0	1.0	4.0	1.0	4.0	1.0	4.0	1.0	3.75	0.0	0.0	1.0	0.0	0.0	0.0	0.0	0.0	0.0	0.125	0.0	0.0	0.0	0.0	0.0	0.0	0.0	0.0	0.0	0.0			0.0	0.0	0.0
1	3	4	2	62	19	7	3	0.0	0.0	1.0	0.0	7.0	0.0	1.0	0.0	3.0	3.0	3.0	3.0	3.0	3.0	1.0	2.3333333	100.0	3.0	4.0	5.0	4.0	1.0	3.0	5.0	1.0	0.0	0.0	1.0	1.0	0.0	1.0	0.0	1.0	0.0	1.0	1.0		1.0	1.0	1.0	0.0	5.0	1.0	5.0	1.0	4.0	1.0	1.0	0.0	4.0	1.0	2.0	0.0	5.0	1.0	4.0	1.0	3.375	0.625	2.0	0.0	2.0	0.0	2.0	0.0	5.0	1.0	1.0	0.0	4.0	1.0	5.0	1.0	0.0	5.0	1.0	4.0	1.0	5.0	1.0	2.0	0.0	2.0	0.0	3.0	0.0	1.0	0.0	3.0	0.0	2.0	0.0	3.125	4.0	-1.0	0.0	-2.0	1.0	-1.0	-1.0	-2.0	-2.0	-0.25	1.0	0.0	0.0	-1.0	0.0	-1.0	0.0	-1.0	-1.0	-0.25			1.0	1.0	1.0
4	2	1	3	50	2	2	2	0.0	1.0	1.0	0.0	1.0	1.0	0.0	0.0	1.0	1.0	1.0	1.0	2.0	5.0	4.0	3.6666667	-81.0	1.0	4.0	2.0	2.3333333	1.0	5.0	4.0	0.0	1.0	1.0	1.0	2.0	1.0	1.0	0.0	1.0	0.0	1.0	1.0		0.0	0.0	4.0	1.0	4.0	1.0	2.0	0.0	1.0	0.0	1.0	0.0	5.0	1.0	4.0	1.0	2.0	0.0	4.0	1.0	2.875	0.5	2.0	0.0	2.0	0.0	4.0	1.0	2.0	0.0	4.0	1.0	5.0	1.0	5.0	1.0	0.0	3.0	0.0	5.0	1.0	1.0	0.0	1.0	0.0	4.0	1.0	2.0	0.0	2.0	0.0	5.0	1.0	4.0	1.0	2.875	-1.0	1.0	-1.0	0.0	3.0	-3.0	-2.0	3.0	0.0	0.0	-1.0	0.0	0.0	0.0	1.0	-1.0	-1.0	1.0	0.0	-0.125	5.0	1.0	0.0	0.0	0.0
1	3	4	2	54	1	5	1	0.0	0.0	1.0	0.0	1.0	1.0	0.0	0.0	3.0	3.0	3.0	3.0	2.0	3.0	2.0	2.3333333	2.0	4.0	4.0	3.0	3.6666667	2.0	4.0	5.0	0.0	1.0	1.0	1.0	2.0	1.0	1.0	0.0	1.0	0.0	1.0	1.0		1.0	1.0	4.0	1.0	4.0	1.0	4.0	1.0	2.0	0.0	1.0	0.0	3.0	0.0	3.0	0.0	4.0	1.0	3.0	0.0	3.125	0.5	1.0	0.0	2.0	0.0	4.0	1.0	3.0	0.0	3.0	0.0	4.0	1.0	3.0	0.0	0.0	4.0	1.0	4.0	1.0	4.0	1.0	1.0	0.0	1.0	0.0	3.0	0.0	3.0	0.0	4.0	1.0	3.0	0.0	3.0	0.0	0.0	0.0	-1.0	0.0	0.0	0.0	0.0	0.0	-0.125	0.0	0.0	0.0	0.0	0.0	0.0	0.0	0.0	0.0	0.0			1.0	1.0	1.0
3	1	4	2	66	5	7	3	1.0	1.0	1.0	0.0	6.0	0.0	0.0	1.0	2.0	2.0	1.0	1.6666666	4.0	4.0	2.0	3.3333333	50.0	4.0	4.0	4.0	4.0	2.0	4.0	4.0	0.0	1.0	1.0	1.0	2.0	0.0	0.0	1.0	1.0	0.0	0.0		1.0	0.0	0.0	4.0	1.0	4.0	1.0	3.0	0.0	1.0	0.0	1.0	0.0	5.0	1.0	5.0	1.0	5.0	1.0	4.0	1.0	3.5	0.625	3.0	0.0	2.0	0.0	4.0	1.0	5.0	1.0	2.0	0.0	4.0	1.0	5.0	1.0	1.0	5.0	1.0	5.0	1.0	2.0	0.0	1.0	0.0	1.0	0.0	5.0	1.0	4.0	1.0	5.0	1.0	4.0	1.0	3.5	1.0	1.0	-1.0	0.0	0.0	0.0	-1.0	0.0	0.0	0.0	0.0	0.0	0.0	0.0	0.0	0.0	0.0	0.0	0.0	0.0	5.0	1.0	0.0	1.0	0.0
4	1	2	3	66	6	3	1	1.0	1.0	1.0	0.0	6.0	0.0	0.0	1.0	1.0	1.0	1.0	1.0	4.0	5.0	1.0	3.3333333	1.0	3.0	3.0	3.0	3.0	3.0	4.0	5.0	0.0	0.0	1.0	0.0	1.0	1.0	0.0	0.0	0.0	1.0		0.0	0.0		1.0	4.0	1.0	4.0	1.0	4.0	1.0	3.0	0.0	3.0	0.0	3.0	0.0	3.0	0.0	4.0	1.0	4.0	1.0	3.5	0.5	4.0	1.0	3.0	0.0	4.0	1.0	3.0	0.0	4.0	1.0	5.0	1.0	5.0	1.0	1.0	5.0	1.0	5.0	1.0	3.0	0.0	3.0	0.0	3.0	0.0	3.0	0.0	3.0	0.0	4.0	1.0	5.0	1.0	3.625	1.0	1.0	-1.0	0.0	0.0	0.0	0.0	0.0	1.0	0.125	0.0	0.0	-1.0	0.0	0.0	0.0	0.0	0.0	0.0	-0.125			0.0	0.0	0.0
4	2	3	1	70	4	2	3	1.0	0.0	1.0	0.0	7.0	0.0	1.0	0.0	2.0	3.0	2.0	2.3333333	3.0	4.0	4.0	3.6666667	98.0	4.0	4.0	4.0	4.0	1.0	1.0	4.0	1.0	0.0	1.0	0.0	1.0	1.0	0.0	1.0	1.0	0.0	0.0		1.0	0.0	0.0	4.0	1.0	3.0	0.0	4.0	1.0	2.0	0.0	4.0	1.0	3.0	0.0	1.0	0.0	4.0	1.0	1.0	0.0	3.125	0.5	2.0	0.0	1.0	0.0	2.0	0.0	1.0	0.0	1.0	0.0	4.0	1.0	3.0	0.0	0.0	4.0	1.0	4.0	1.0	4.0	1.0	2.0	0.0	2.0	0.0	2.0	0.0	1.0	0.0	4.0	1.0	2.0	0.0	2.875	0.0	1.0	0.0	0.0	-2.0	-1.0	0.0	0.0	1.0	-0.25	0.0	1.0	0.0	0.0	-1.0	0.0	0.0	0.0	0.0	0.0	4.0	1.0	0.0	1.0	0.0
2	1	4	3	54	18	7	4	0.0	0.0	1.0	0.0	2.0	1.0	0.0	0.0	2.0	2.0	2.0	2.0	3.0	3.0	2.0	2.6666667	-43.0	2.0	3.0	1.0	2.0	4.0	2.0	5.0	0.0	1.0	1.0	0.0	1.0	1.0	1.0	0.0	1.0	0.0	1.0	1.0		0.0	0.0	4.0	1.0	4.0	1.0	4.0	1.0	2.0	0.0	2.0	0.0	2.0	0.0	3.0	0.0	4.0	1.0	3.0	0.0	3.125	0.5	1.0	0.0	2.0	0.0	3.0	0.0	2.0	0.0	3.0	0.0	4.0	1.0	4.0	1.0	0.0	4.0	1.0	4.0	1.0	4.0	1.0	1.0	0.0	1.0	0.0	2.0	0.0	2.0	0.0	4.0	1.0	4.0	1.0	2.75	0.0	0.0	0.0	-1.0	-1.0	0.0	-1.0	0.0	1.0	-0.375	0.0	0.0	0.0	0.0	0.0	0.0	0.0	0.0	1.0	0.0	4.0	1.0	0.0	0.0	0.0
2	4	3	1	50	8	6	4	0.0	1.0	1.0	0.0	1.0	1.0	0.0	0.0	4.0	4.0	3.0	3.6666667	1.0	2.0	1.0	1.3333334	-8.0	2.0	4.0	3.0	3.0	5.0	2.0	4.0	0.0	1.0	1.0	0.0	1.0	0.0	0.0	1.0	1.0	0.0	0.0		1.0	1.0	1.0	2.0	0.0	4.0	1.0	2.0	0.0	1.0	0.0	1.0	0.0	5.0	1.0	3.0	0.0	3.0	0.0	2.0	0.0	2.625	0.25	2.0	0.0	3.0	0.0	3.0	0.0	2.0	0.0	2.0	0.0	5.0	1.0	4.0	1.0	0.0	3.0	0.0	5.0	1.0	2.0	0.0	1.0	0.0	1.0	0.0	5.0	1.0	2.0	0.0	4.0	1.0	2.0	0.0	2.875	1.0	1.0	0.0	0.0	0.0	0.0	-1.0	1.0	0.0	0.25	0.0	0.0	0.0	0.0	0.0	0.0	0.0	1.0	0.0	0.125			0.0	0.0	1.0
2	3	4	1	63	4	5	3	0.0	1.0	1.0	0.0	8.0	0.0	1.0	0.0	5.0	5.0	5.0	5.0	3.0	5.0	5.0	4.3333335	62.0	3.0	3.0	3.0	3.0	1.0	3.0	3.0	1.0	0.0	1.0	0.0	1.0	0.0	0.0	1.0	1.0	0.0	0.0		1.0	1.0	1.0	4.0	1.0	5.0	1.0	3.0	0.0	3.0	0.0	3.0	0.0	4.0	1.0	4.0	1.0	3.0	0.0	3.0	0.0	3.625	0.5	1.0	0.0	3.0	0.0	4.0	1.0	4.0	1.0	2.0	0.0	5.0	1.0	5.0	1.0	0.0	5.0	1.0	4.0	1.0	3.0	0.0	2.0	0.0	3.0	0.0	4.0	1.0	4.0	1.0	4.0	1.0	4.0	1.0	3.625	1.0	-1.0	0.0	-1.0	0.0	0.0	0.0	1.0	1.0	0.0	0.0	0.0	0.0	0.0	0.0	0.0	0.0	1.0	1.0	0.125			0.0	1.0	1.0
2	1	4	3	32	11	5	3	0.0	1.0	1.0	0.0	5.0	0.0	0.0	1.0	1.0	3.0	2.0	2.0	3.0	5.0	2.0	3.3333333	0.0	3.0	4.0	3.0	3.3333333	4.0	3.0	3.0	1.0	0.0	1.0	0.0	1.0	1.0	0.0	1.0	1.0	0.0	0.0		1.0	1.0	1.0	4.0	1.0	4.0	1.0	4.0	1.0	1.0	0.0	2.0	0.0	4.0	1.0	3.0	0.0	2.0	0.0	3.0	0.0	3.0	0.5	5.0	1.0	2.0	0.0	2.0	0.0	3.0	0.0	3.0	0.0	4.0	1.0	3.0	0.0	0.0	5.0	1.0	5.0	1.0	4.0	1.0	1.0	0.0	1.0	0.0	4.0	1.0	4.0	1.0	3.0	0.0	4.0	1.0	3.375	1.0	1.0	0.0	0.0	-1.0	0.0	1.0	1.0	1.0	0.375	0.0	0.0	0.0	0.0	0.0	0.0	1.0	0.0	1.0	0.125			0.0	0.0	0.0
1	4	3	2	22	6	4	2	0.0	1.0	1.0	0.0	1.0	1.0	0.0	0.0	1.0	1.0	3.0	1.6666666	4.0	5.0	2.0	3.6666667	-31.0	2.0	1.0	2.0	1.6666666	5.0	4.0	2.0	0.0	1.0	0.0	1.0	1.0	1.0	0.0	1.0	1.0	0.0	0.0		1.0	1.0	1.0	5.0	1.0	4.0	1.0	3.0	0.0	2.0	0.0	4.0	1.0	5.0	1.0	5.0	1.0	3.0	0.0	4.0	1.0	3.875	0.625	4.0	1.0	4.0	1.0	4.0	1.0	4.0	1.0	4.0	1.0	5.0	1.0	3.0	0.0	1.0	5.0	1.0	4.0	1.0	4.0	1.0	2.0	0.0	5.0	1.0	5.0	1.0	5.0	1.0	5.0	1.0	5.0	1.0	4.375	0.0	0.0	1.0	0.0	1.0	0.0	0.0	2.0	1.0	0.5	0.0	0.0	1.0	0.0	0.0	0.0	0.0	1.0	0.0	0.25			1.0	0.0	1.0
1	3	2	4	37	20	7	3	0.0	1.0	0.0	0.0	1.0	1.0	0.0	0.0	3.0	3.0	3.0	3.0	3.0	4.0	4.0	3.6666667	23.0	2.0	2.0	3.0	2.3333333	1.0	1.0	4.0	1.0	0.0	1.0	0.0	1.0	1.0	1.0	0.0	1.0	0.0	1.0	1.0		1.0	1.0	1.0	0.0	2.0	0.0	2.0	0.0	2.0	0.0	1.0	0.0	2.0	0.0	2.0	0.0	1.0	0.0	1.0	0.0	1.625	0.0	3.0	0.0	5.0	1.0	5.0	1.0	2.0	0.0	3.0	0.0	4.0	1.0	3.0	0.0	1.0	5.0	1.0	1.0	0.0	4.0	1.0	2.0	0.0	5.0	1.0	4.0	1.0	3.0	0.0	1.0	0.0	3.0	0.0	3.125	4.0	-1.0	2.0	0.0	4.0	2.0	1.0	0.0	2.0	1.5	1.0	0.0	1.0	0.0	1.0	1.0	0.0	0.0	0.0	0.5			1.0	1.0	1.0
1	3	4	2	46	19	2	4	0.0	1.0	1.0	0.0	6.0	0.0	0.0	1.0	4.0	3.0	3.0	3.3333333	1.0	3.0	3.0	2.3333333	0.0	3.0	3.0	2.0	2.6666667	1.0	1.0	3.0	1.0	0.0	1.0	0.0	1.0	1.0	1.0	0.0	1.0	0.0	1.0	1.0		1.0	1.0	3.0	0.0	2.0	0.0	2.0	0.0	1.0	0.0	1.0	0.0	1.0	0.0	1.0	0.0	2.0	0.0	1.0	0.0	1.625	0.0	2.0	0.0	2.0	0.0	1.0	0.0	3.0	0.0	2.0	0.0	3.0	0.0	3.0	0.0	0.0	4.0	1.0	2.0	0.0	2.0	0.0	1.0	0.0	1.0	0.0	1.0	0.0	1.0	0.0	3.0	0.0	2.0	0.0	1.875	1.0	0.0	0.0	0.0	0.0	0.0	0.0	1.0	1.0	0.25	1.0	0.0	0.0	0.0	0.0	0.0	0.0	0.0	0.0	0.125			1.0	0.0	1.0
1	4	3	2	69	15	4	3	1.0	0.0	1.0	0.0	6.0	0.0	0.0	1.0	3.0	4.0	4.0	3.6666667	4.0	5.0	3.0	4.0	81.0	1.0	5.0	4.0	3.3333333	4.0	4.0	4.0	1.0	0.0	1.0	1.0	2.0	0.0	0.0	1.0	1.0	0.0	0.0		1.0	1.0	1.0	5.0	1.0	5.0	1.0	5.0	1.0	4.0	1.0	1.0	0.0	4.0	1.0	3.0	0.0	4.0	1.0	4.0	1.0	3.875	0.75	4.0	1.0	2.0	0.0	3.0	0.0	5.0	1.0	3.0	0.0	5.0	1.0	5.0	1.0	0.0	5.0	1.0	5.0	1.0	5.0	1.0	4.0	1.0	3.0	0.0	4.0	1.0	3.0	0.0	4.0	1.0	5.0	1.0	4.125	0.0	0.0	0.0	0.0	2.0	0.0	0.0	0.0	1.0	0.25	0.0	0.0	0.0	0.0	0.0	0.0	0.0	0.0	0.0	0.0			1.0	1.0	1.0
4	2	3	1	64	24	7	1	0.0	1.0	1.0	0.0	1.0	1.0	0.0	0.0	1.0	1.0	1.0	1.0	1.0	1.0	1.0	1.0	-2.0	4.0	5.0	3.0	4.0	3.0	4.0	5.0	0.0	1.0	1.0	1.0	2.0	1.0	0.0	0.0	0.0	1.0		0.0	0.0		1.0	2.0	0.0	2.0	0.0	2.0	0.0	2.0	0.0	2.0	0.0	2.0	0.0	2.0	0.0	2.0	0.0	2.0	0.0	2.0	0.0	2.0	0.0	3.0	0.0	4.0	1.0	1.0	0.0	3.0	0.0	5.0	1.0	4.0	1.0	1.0	4.0	1.0	4.0	1.0	3.0	0.0	4.0	1.0	4.0	1.0	4.0	1.0	4.0	1.0	4.0	1.0	4.0	1.0	3.875	2.0	2.0	1.0	2.0	2.0	2.0	2.0	2.0	2.0	1.875	1.0	1.0	0.0	1.0	1.0	1.0	1.0	1.0	1.0	0.875			0.0	0.0	0.0
3	2	4	1	53	3	2	2	0.0	1.0	1.0	0.0	1.0	1.0	0.0	0.0	1.0	1.0	1.0	1.0	4.0	4.0	1.0	3.0	0.0	4.0	4.0	2.0	3.3333333	5.0	3.0	4.0	0.0	1.0	0.0	1.0	1.0	0.0	1.0	0.0	1.0	0.0	1.0	1.0		0.0	0.0	5.0	1.0	5.0	1.0	2.0	0.0	1.0	0.0	2.0	0.0	2.0	0.0	2.0	0.0	5.0	1.0	2.0	0.0	3.0	0.375	4.0	1.0	3.0	0.0	4.0	1.0	4.0	1.0	4.0	1.0	5.0	1.0	5.0	1.0	0.0	5.0	1.0	5.0	1.0	2.0	0.0	1.0	0.0	1.0	0.0	2.0	0.0	2.0	0.0	5.0	1.0	3.0	0.0	2.875	0.0	0.0	0.0	0.0	-1.0	0.0	0.0	0.0	1.0	-0.125	0.0	0.0	0.0	0.0	0.0	0.0	0.0	0.0	0.0	0.0	5.0	1.0	0.0	0.0	0.0
2	3	4	1	52	8	7	3	0.0	1.0	1.0	0.0	3.0	0.0	0.0	1.0	2.0	2.0	2.0	2.0	2.0	3.0	2.0	2.3333333	16.0	1.0	1.0	2.0	1.3333334	4.0	2.0	5.0	0.0	1.0	1.0	1.0	2.0	1.0	0.0	1.0	1.0	0.0	0.0		1.0	1.0	1.0	5.0	1.0	5.0	1.0	3.0	0.0	1.0	0.0	1.0	0.0	5.0	1.0	5.0	1.0	5.0	1.0	3.0	0.0	3.75	0.625	2.0	0.0	3.0	0.0	2.0	0.0	1.0	0.0	4.0	1.0	5.0	1.0	5.0	1.0	0.0	5.0	1.0	5.0	1.0	3.0	0.0	1.0	0.0	1.0	0.0	5.0	1.0	5.0	1.0	5.0	1.0	3.0	0.0	3.75	0.0	0.0	0.0	0.0	0.0	0.0	0.0	0.0	0.0	0.0	0.0	0.0	0.0	0.0	0.0	0.0	0.0	0.0	0.0	0.0			0.0	1.0	1.0
4	2	3	1	55	19	6	2	0.0	0.0	1.0	0.0	5.0	0.0	0.0	1.0	4.0	4.0	1.0	3.0	1.0	5.0	3.0	3.0	20.0	3.0	3.0	3.0	3.0	5.0	1.0	5.0	1.0	0.0	1.0	1.0	2.0	1.0	0.0	0.0	0.0	1.0		0.0	0.0		1.0	5.0	1.0	1.0	0.0	3.0	0.0	1.0	0.0	1.0	0.0	1.0	0.0	1.0	0.0	1.0	0.0	1.0	0.0	1.75	0.125	1.0	0.0	1.0	0.0	1.0	0.0	1.0	0.0	1.0	0.0	5.0	1.0	3.0	0.0	0.0	4.0	1.0	4.0	1.0	3.0	0.0	1.0	0.0	1.0	0.0	1.0	0.0	1.0	0.0	3.0	0.0	1.0	0.0	2.25	-1.0	3.0	0.0	0.0	0.0	0.0	0.0	2.0	0.0	0.5	0.0	1.0	0.0	0.0	0.0	0.0	0.0	0.0	0.0	0.125			0.0	1.0	0.0
3	2	1	4	50	20	4	2	0.0	0.0	1.0	0.0	5.0	0.0	0.0	1.0	4.0	4.0	4.0	4.0	4.0	4.0	2.0	3.3333333	0.0	2.0	4.0	2.0	2.6666667	4.0	2.0	4.0	0.0	0.0	1.0	1.0	2.0	1.0	0.0	0.0	0.0	1.0		0.0	0.0		1.0	2.0	0.0	4.0	1.0	2.0	0.0	2.0	0.0	1.0	0.0	4.0	1.0	2.0	0.0	2.0	0.0	2.0	0.0	2.375	0.25	2.0	0.0	2.0	0.0	2.0	0.0	2.0	0.0	4.0	1.0	4.0	1.0	2.0	0.0	0.0	3.0	0.0	4.0	1.0	2.0	0.0	2.0	0.0	1.0	0.0	2.0	0.0	2.0	0.0	3.0	0.0	2.0	0.0	2.375	1.0	0.0	0.0	0.0	0.0	-2.0	0.0	1.0	0.0	0.0	0.0	0.0	0.0	0.0	0.0	-1.0	0.0	0.0	0.0	-0.125			0.0	0.0	0.0
3	2	4	1	63	3	2	4	0.0	1.0	1.0	0.0	8.0	0.0	1.0	0.0	1.0	2.0	1.0	1.3333334	1.0	5.0	3.0	3.0	17.0	5.0	4.0	3.0	4.0	3.0	3.0	3.0	1.0	0.0	1.0	1.0	2.0	1.0	0.0	0.0	0.0	1.0		0.0	0.0		1.0	4.0	1.0	4.0	1.0	2.0	0.0	1.0	0.0	1.0	0.0	4.0	1.0	4.0	1.0	3.0	0.0	4.0	1.0	2.875	0.5	2.0	0.0	3.0	0.0	4.0	1.0	3.0	0.0	2.0	0.0	5.0	1.0	3.0	0.0	0.0	5.0	1.0	5.0	1.0	3.0	0.0	1.0	0.0	1.0	0.0	4.0	1.0	4.0	1.0	4.0	1.0	4.0	1.0	3.375	1.0	1.0	1.0	0.0	0.0	0.0	0.0	1.0	0.0	0.5	0.0	0.0	0.0	0.0	0.0	0.0	0.0	1.0	0.0	0.125			0.0	1.0	0.0
3	1	2	4	59	16	2	1	0.0	1.0	1.0	0.0	8.0	0.0	1.0	0.0	3.0	2.0	2.0	2.3333333	4.0	5.0	4.0	4.3333335	0.0	5.0	4.0	3.0	4.0	4.0	3.0	5.0	1.0	0.0	1.0	1.0	2.0	0.0	0.0	0.0	0.0	1.0		0.0	0.0		1.0	3.0	0.0	1.0	0.0	4.0	1.0	1.0	0.0	1.0	0.0	1.0	0.0	1.0	0.0	2.0	0.0	1.0	0.0	1.75	0.125	2.0	0.0	2.0	0.0	2.0	0.0	4.0	1.0	2.0	0.0	5.0	1.0	3.0	0.0	0.0	4.0	1.0	2.0	0.0	4.0	1.0	1.0	0.0	1.0	0.0	1.0	0.0	1.0	0.0	2.0	0.0	1.0	0.0	2.0	1.0	1.0	0.0	0.0	0.0	0.0	0.0	0.0	0.0	0.25	1.0	0.0	0.0	0.0	0.0	0.0	0.0	0.0	0.0	0.125			0.0	0.0	0.0
4	2	3	1	73	20	5	1	1.0	1.0	1.0	0.0	1.0	1.0	0.0	0.0	3.0	3.0	3.0	3.0	3.0	3.0	3.0	3.0	0.0	4.0	3.0	4.0	3.6666667	3.0	4.0	5.0	0.0	1.0	1.0	1.0	2.0	1.0	0.0	1.0	1.0	0.0	0.0		1.0	1.0	1.0	4.0	1.0	4.0	1.0	3.0	0.0	2.0	0.0	1.0	0.0	4.0	1.0	3.0	0.0	2.0	0.0	4.0	1.0	2.875	0.375	3.0	0.0	2.0	0.0	3.0	0.0	3.0	0.0	3.0	0.0	4.0	1.0	4.0	1.0	0.0	4.0	1.0	5.0	1.0	4.0	1.0	2.0	0.0	1.0	0.0	4.0	1.0	3.0	0.0	4.0	1.0	3.0	0.0	3.375	0.0	1.0	1.0	0.0	0.0	0.0	0.0	2.0	-1.0	0.5	0.0	0.0	1.0	0.0	0.0	0.0	0.0	1.0	-1.0	0.25			0.0	0.0	0.0
4	1	3	2	53	2	1	3	0.0	0.0	1.0	0.0	1.0	1.0	0.0	0.0	2.0	3.0	2.0	2.3333333	2.0	5.0	2.0	3.0	-58.0	2.0	2.0	1.0	1.6666666	5.0	2.0	5.0	0.0	1.0	1.0	1.0	2.0	0.0	1.0	0.0	1.0	0.0	1.0	1.0		1.0	1.0	5.0	1.0	3.0	0.0	1.0	0.0	4.0	1.0	3.0	0.0	2.0	0.0	2.0	0.0	1.0	0.0	4.0	1.0	2.625	0.25	4.0	1.0	4.0	1.0	2.0	0.0	2.0	0.0	4.0	1.0	4.0	1.0	3.0	0.0	1.0	2.0	0.0	3.0	0.0	4.0	1.0	4.0	1.0	5.0	1.0	5.0	1.0	5.0	1.0	4.0	1.0	5.0	1.0	4.0	-3.0	0.0	3.0	0.0	2.0	3.0	3.0	3.0	1.0	1.375	-1.0	0.0	1.0	0.0	1.0	1.0	1.0	1.0	0.0	0.5			0.0	0.0	0.0
2	1	4	3	46	1	6	3	0.0	1.0	1.0	0.0	1.0	1.0	0.0	0.0	1.0	1.0	1.0	1.0	1.0	4.0	1.0	2.0	6.0	1.0	1.0	2.0	1.3333334	3.0	4.0	3.0	0.0	0.0	0.0	0.0	0.0	1.0	1.0	0.0	1.0	0.0	1.0	1.0		1.0	1.0	5.0	1.0	3.0	0.0	1.0	0.0	1.0	0.0	3.0	0.0	2.0	0.0	3.0	0.0	3.0	0.0	4.0	1.0	2.625	0.125	4.0	1.0	4.0	1.0	5.0	1.0	1.0	0.0	4.0	1.0	5.0	1.0	4.0	1.0	0.0	5.0	1.0	3.0	0.0	3.0	0.0	3.0	0.0	2.0	0.0	3.0	0.0	3.0	0.0	4.0	1.0	4.0	1.0	3.25	0.0	0.0	2.0	2.0	-1.0	1.0	0.0	1.0	0.0	0.625	0.0	0.0	0.0	0.0	0.0	0.0	0.0	1.0	0.0	0.125			0.0	1.0	0.0
2	3	1	4	39	9	4	4	0.0	1.0	1.0	0.0	2.0	1.0	0.0	0.0	2.0	2.0	2.0	2.0	3.0	4.0	3.0	3.3333333	100.0	3.0	4.0	2.0	3.0	5.0	4.0	4.0	0.0	1.0	1.0	1.0	2.0	1.0	1.0	0.0	1.0	0.0	1.0	1.0		0.0	0.0	4.0	1.0	4.0	1.0	3.0	0.0	4.0	1.0	4.0	1.0	3.0	0.0	3.0	0.0	4.0	1.0	4.0	1.0	3.625	0.625	3.0	0.0	3.0	0.0	4.0	1.0	3.0	0.0	4.0	1.0	3.0	0.0	5.0	1.0	0.0	3.0	0.0	3.0	0.0	5.0	1.0	4.0	1.0	4.0	1.0	4.0	1.0	3.0	0.0	4.0	1.0	4.0	1.0	3.75	-1.0	-1.0	2.0	0.0	0.0	1.0	0.0	0.0	0.0	0.125	-1.0	-1.0	1.0	0.0	0.0	1.0	0.0	0.0	0.0	0.0	4.0	1.0	0.0	1.0	1.0
4	2	1	3	33	7	2	2	0.0	1.0	1.0	0.0	2.0	1.0	0.0	0.0	1.0	1.0	1.0	1.0	1.0	3.0	1.0	1.6666666	-70.0	1.0	1.0	2.0	1.3333334	3.0	1.0	5.0	0.0	1.0	1.0	1.0	2.0	1.0	0.0	0.0	0.0	1.0		0.0	0.0		1.0	5.0	1.0	5.0	1.0	3.0	0.0	1.0	0.0	2.0	0.0	5.0	1.0	4.0	1.0	5.0	1.0	3.0	0.0	3.75	0.625	3.0	0.0	3.0	0.0	3.0	0.0	2.0	0.0	2.0	0.0	4.0	1.0	4.0	1.0	0.0	5.0	1.0	5.0	1.0	4.0	1.0	1.0	0.0	1.0	0.0	5.0	1.0	4.0	1.0	4.0	1.0	3.0	0.0	3.625	0.0	0.0	1.0	0.0	-1.0	0.0	0.0	-1.0	0.0	-0.125	0.0	0.0	1.0	0.0	0.0	0.0	0.0	0.0	0.0	0.125			0.0	0.0	0.0
3	2	4	1	76	8	4	3	1.0	1.0	1.0	0.0	2.0	1.0	0.0	0.0	1.0	1.0	1.0	1.0	3.0	4.0	1.0	2.6666667	17.0	2.0	3.0	4.0	3.0	4.0	2.0	4.0	0.0	1.0	1.0	1.0	2.0	1.0	0.0	0.0	0.0	1.0		0.0	0.0		1.0	5.0	1.0	5.0	1.0	2.0	0.0	2.0	0.0	3.0	0.0	4.0	1.0	2.0	0.0	3.0	0.0	4.0	1.0	3.25	0.375	4.0	1.0	2.0	0.0	4.0	1.0	4.0	1.0	4.0	1.0	5.0	1.0	5.0	1.0	0.0	5.0	1.0	5.0	1.0	2.0	0.0	2.0	0.0	2.0	0.0	4.0	1.0	2.0	0.0	4.0	1.0	4.0	1.0	3.25	0.0	0.0	0.0	0.0	-1.0	0.0	0.0	1.0	0.0	0.0	0.0	0.0	0.0	0.0	0.0	0.0	0.0	1.0	0.0	0.125			0.0	1.0	0.0
2	3	4	1	25	9	6	1	0.0	1.0	1.0	0.0	8.0	0.0	1.0	0.0	1.0	4.0	1.0	2.0	4.0	5.0	5.0	4.6666665	34.0	4.0	5.0	2.0	3.6666667	5.0	5.0	5.0	1.0	0.0	1.0	0.0	1.0	0.0	1.0	0.0	1.0	0.0	1.0	1.0		0.0	0.0	5.0	1.0	5.0	1.0	4.0	1.0	5.0	1.0	5.0	1.0	3.0	0.0	3.0	0.0	5.0	1.0	4.0	1.0	4.375	0.75	3.0	0.0	4.0	1.0	5.0	1.0	5.0	1.0	5.0	1.0	5.0	1.0	5.0	1.0	0.0	5.0	1.0	5.0	1.0	5.0	1.0	4.0	1.0	5.0	1.0	5.0	1.0	3.0	0.0	5.0	1.0	5.0	1.0	4.625	0.0	0.0	1.0	-1.0	0.0	2.0	0.0	0.0	1.0	0.25	0.0	0.0	0.0	0.0	0.0	1.0	0.0	0.0	0.0	0.125	5.0	1.0	0.0	1.0	1.0
3	2	4	1	64	1	8	2	0.0	1.0	1.0	0.0	1.0	1.0	0.0	0.0	2.0	2.0	1.0	1.6666666	2.0	2.0	2.0	2.0	-50.0	2.0	3.0	2.0	2.3333333	4.0	4.0	4.0	0.0	1.0	1.0	1.0	2.0	0.0	0.0	0.0	0.0	1.0		0.0	0.0		1.0	5.0	1.0	5.0	1.0	5.0	1.0	3.0	0.0	2.0	0.0	4.0	1.0	5.0	1.0	4.0	1.0	5.0	1.0	4.125	0.75	3.0	0.0	3.0	0.0	4.0	1.0	4.0	1.0	2.0	0.0	5.0	1.0	5.0	1.0	1.0	5.0	1.0	5.0	1.0	5.0	1.0	3.0	0.0	3.0	0.0	5.0	1.0	5.0	1.0	5.0	1.0	5.0	1.0	4.5	0.0	0.0	0.0	0.0	1.0	1.0	0.0	1.0	0.0	0.375	0.0	0.0	0.0	0.0	0.0	0.0	0.0	0.0	0.0	0.0			0.0	0.0	0.0
1	2	4	3	25	1	5	4	0.0	1.0	1.0	0.0	4.0	0.0	0.0	1.0	3.0	3.0	4.0	3.3333333	5.0	5.0	5.0	5.0	-4.0	2.0	3.0	2.0	2.3333333	4.0	4.0	3.0	0.0	0.0	0.0	0.0	0.0	0.0	0.0	1.0	1.0	0.0	0.0		1.0	1.0	1.0	4.0	1.0	4.0	1.0	4.0	1.0	4.0	1.0	5.0	1.0	5.0	1.0	5.0	1.0	4.0	1.0	5.0	1.0	4.375	1.0	4.0	1.0	3.0	0.0	4.0	1.0	5.0	1.0	4.0	1.0	4.0	1.0	4.0	1.0	1.0	4.0	1.0	4.0	1.0	3.0	0.0	5.0	1.0	4.0	1.0	4.0	1.0	4.0	1.0	4.0	1.0	4.0	1.0	4.0	0.0	0.0	-1.0	1.0	-1.0	-1.0	-1.0	0.0	-1.0	-0.375	0.0	0.0	-1.0	0.0	0.0	0.0	0.0	0.0	0.0	-0.125			1.0	0.0	1.0
4	2	3	1	75	19	5	3	1.0	1.0	1.0	0.0	6.0	0.0	0.0	1.0	4.0	2.0	3.0	3.0	3.0	3.0	3.0	3.0	55.0	4.0	5.0	4.0	4.3333335	2.0	2.0	5.0	1.0	0.0	1.0	0.0	1.0	1.0	0.0	0.0	0.0	1.0		0.0	0.0		1.0	5.0	1.0	5.0	1.0	4.0	1.0	4.0	1.0	1.0	0.0	2.0	0.0	1.0	0.0	5.0	1.0	2.0	0.0	3.375	0.625	2.0	0.0	3.0	0.0	4.0	1.0	4.0	1.0	4.0	1.0	5.0	1.0	5.0	1.0	0.0	5.0	1.0	5.0	1.0	3.0	0.0	4.0	1.0	1.0	0.0	2.0	0.0	1.0	0.0	5.0	1.0	3.0	0.0	3.25	0.0	0.0	-1.0	0.0	0.0	0.0	0.0	0.0	1.0	-0.125	0.0	0.0	-1.0	0.0	0.0	0.0	0.0	0.0	0.0	-0.125			0.0	1.0	0.0
2	4	3	1	40	20	7	1	0.0	1.0	0.0	1.0	1.0	1.0	0.0	0.0	3.0	5.0	4.0	4.0	4.0	4.0	3.0	3.6666667	23.0	5.0	5.0	1.0	3.6666667	4.0	4.0	4.0	0.0	1.0	1.0	1.0	2.0	0.0	0.0	0.0	0.0	1.0		0.0	0.0		1.0	3.0	0.0	3.0	0.0	4.0	1.0	4.0	1.0	4.0	1.0	5.0	1.0	3.0	0.0	1.0	0.0	4.0	1.0	3.375	0.5	4.0	1.0	4.0	1.0	5.0	1.0	4.0	1.0	4.0	1.0	2.0	0.0	5.0	1.0	1.0	3.0	0.0	3.0	0.0	5.0	1.0	5.0	1.0	4.0	1.0	5.0	1.0	2.0	0.0	5.0	1.0	4.0	1.0	4.0	0.0	0.0	1.0	1.0	0.0	0.0	-1.0	4.0	0.0	0.625	0.0	0.0	0.0	0.0	0.0	0.0	0.0	1.0	0.0	0.125			0.0	1.0	1.0
2	3	4	1	55	21	7	3	0.0	0.0	1.0	0.0	8.0	0.0	1.0	0.0	2.0	2.0	3.0	2.3333333	4.0	4.0	4.0	4.0	100.0	5.0	5.0	5.0	5.0	3.0	2.0	5.0	1.0	0.0	0.0	1.0	1.0	1.0	0.0	1.0	1.0	0.0	0.0		1.0	1.0	1.0	4.0	1.0	4.0	1.0	5.0	1.0	2.0	0.0	3.0	0.0	4.0	1.0	2.0	0.0	4.0	1.0	4.0	1.0	3.5	0.625	2.0	0.0	3.0	0.0	4.0	1.0	3.0	0.0	3.0	0.0	4.0	1.0	4.0	1.0	0.0	4.0	1.0	4.0	1.0	4.0	1.0	4.0	1.0	4.0	1.0	4.0	1.0	2.0	0.0	4.0	1.0	4.0	1.0	3.75	0.0	0.0	-1.0	2.0	1.0	0.0	0.0	0.0	0.0	0.25	0.0	0.0	0.0	1.0	1.0	0.0	0.0	0.0	0.0	0.25			0.0	1.0	1.0
2	1	3	4	22	1	4	3	0.0	0.0	1.0	0.0	1.0	1.0	0.0	0.0	4.0	4.0	5.0	4.3333335	5.0	4.0	4.0	4.3333335	-40.0	2.0	2.0	2.0	2.0	3.0	3.0	4.0	0.0	1.0	1.0	0.0	1.0	1.0	0.0	0.0	0.0	1.0		0.0	0.0		1.0	3.0	0.0	2.0	0.0	3.0	0.0	4.0	1.0	3.0	0.0	5.0	1.0	2.0	0.0	2.0	0.0	2.0	0.0	3.0	0.25	4.0	1.0	4.0	1.0	1.0	0.0	2.0	0.0	4.0	1.0	1.0	0.0	1.0	0.0	1.0	4.0	1.0	3.0	0.0	2.0	0.0	4.0	1.0	2.0	0.0	2.0	0.0	4.0	1.0	2.0	0.0	2.0	0.0	2.875	1.0	1.0	-1.0	0.0	-1.0	-3.0	2.0	0.0	0.0	-0.125	1.0	0.0	0.0	0.0	0.0	-1.0	1.0	0.0	0.0	0.125			0.0	0.0	0.0
3	2	1	4	22	4	6	1	0.0	0.0	0.0	0.0	1.0	1.0	0.0	0.0	2.0	2.0	2.0	2.0	2.0	2.0	1.0	1.6666666	-100.0	2.0	4.0	3.0	3.0	5.0	4.0	4.0	0.0	1.0	0.0	0.0	0.0	1.0	0.0	0.0	0.0	1.0		0.0	0.0		1.0	4.0	1.0	4.0	1.0	2.0	0.0	2.0	0.0	2.0	0.0	2.0	0.0	2.0	0.0	3.0	0.0	3.0	0.0	2.625	0.25	5.0	1.0	2.0	0.0	4.0	1.0	3.0	0.0	2.0	0.0	2.0	0.0	4.0	1.0	1.0	3.0	0.0	2.0	0.0	3.0	0.0	2.0	0.0	3.0	0.0	4.0	1.0	2.0	0.0	2.0	0.0	3.0	0.0	2.625	-1.0	-2.0	1.0	0.0	1.0	2.0	0.0	-1.0	0.0	0.0	-1.0	-1.0	0.0	0.0	0.0	1.0	0.0	0.0	0.0	-0.125			0.0	0.0	0.0
3	1	4	2	64	14	5	4	0.0	1.0	1.0	0.0	6.0	0.0	0.0	1.0	2.0	3.0	1.0	2.0	4.0	4.0	3.0	3.6666667	5.0	4.0	4.0	4.0	4.0	2.0	4.0	4.0	1.0	0.0	1.0	0.0	1.0	1.0	0.0	1.0	1.0	0.0	0.0		1.0	1.0	1.0	5.0	1.0	5.0	1.0	5.0	1.0	4.0	1.0	5.0	1.0	4.0	1.0	5.0	1.0	5.0	1.0	5.0	1.0	4.75	1.0	2.0	0.0	4.0	1.0	5.0	1.0	2.0	0.0	4.0	1.0	5.0	1.0	5.0	1.0	1.0	5.0	1.0	5.0	1.0	5.0	1.0	5.0	1.0	5.0	1.0	5.0	1.0	5.0	1.0	5.0	1.0	5.0	1.0	5.0	0.0	0.0	0.0	1.0	0.0	1.0	0.0	0.0	0.0	0.25	0.0	0.0	0.0	0.0	0.0	0.0	0.0	0.0	0.0	0.0			0.0	1.0	0.0
1	3	4	2	46	5	4	3	0.0	1.0	1.0	0.0	2.0	1.0	0.0	0.0	1.0	1.0	1.0	1.0	3.0	5.0	4.0	4.0	18.0	1.0	4.0	2.0	2.3333333	4.0	1.0	5.0	0.0	1.0	0.0	1.0	1.0	0.0	1.0	0.0	1.0	0.0	1.0	1.0		1.0	1.0	5.0	1.0	5.0	1.0	4.0	1.0	1.0	0.0	2.0	0.0	4.0	1.0	4.0	1.0	5.0	1.0	4.0	1.0	3.75	0.75	4.0	1.0	2.0	0.0	2.0	0.0	5.0	1.0	4.0	1.0	4.0	1.0	5.0	1.0	1.0	5.0	1.0	5.0	1.0	5.0	1.0	1.0	0.0	1.0	0.0	4.0	1.0	4.0	1.0	5.0	1.0	4.0	1.0	3.75	0.0	0.0	1.0	0.0	-1.0	0.0	0.0	0.0	0.0	0.0	0.0	0.0	0.0	0.0	0.0	0.0	0.0	0.0	0.0	0.0			1.0	1.0	1.0
3	2	4	1	34	7	4	3	0.0	0.0	1.0	0.0	4.0	0.0	0.0	1.0	3.0	3.0	3.0	3.0	3.0	2.0	2.0	2.3333333	25.0	4.0	5.0	4.0	4.3333335	5.0	4.0	5.0	0.0	0.0	1.0	1.0	2.0	1.0	0.0	1.0	1.0	0.0	0.0		1.0	1.0	1.0	5.0	1.0	4.0	1.0	4.0	1.0	3.0	0.0	1.0	0.0	5.0	1.0	3.0	0.0	5.0	1.0	3.0	0.0	3.75	0.625	1.0	0.0	2.0	0.0	4.0	1.0	2.0	0.0	3.0	0.0	5.0	1.0	5.0	1.0	0.0	5.0	1.0	5.0	1.0	5.0	1.0	2.0	0.0	1.0	0.0	5.0	1.0	2.0	0.0	5.0	1.0	3.0	0.0	3.75	0.0	1.0	1.0	-1.0	0.0	0.0	-1.0	0.0	0.0	0.0	0.0	0.0	0.0	0.0	0.0	0.0	0.0	0.0	0.0	0.0			0.0	1.0	0.0
2	3	4	1	59	7	5	3	0.0	0.0	1.0	0.0	7.0	0.0	1.0	0.0	4.0	2.0	2.0	2.6666667	4.0	5.0	4.0	4.3333335	87.0	1.0	5.0	5.0	3.6666667	5.0	2.0	4.0	0.0	0.0	1.0	1.0	2.0	1.0	0.0	1.0	1.0	0.0	0.0		1.0	1.0	1.0	5.0	1.0	5.0	1.0	1.0	0.0	1.0	0.0	1.0	0.0	2.0	0.0	1.0	0.0	5.0	1.0	2.0	0.0	2.625	0.375	5.0	1.0	4.0	1.0	2.0	0.0	5.0	1.0	2.0	0.0	1.0	0.0	5.0	1.0	0.0	5.0	1.0	5.0	1.0	4.0	1.0	4.0	1.0	4.0	1.0	5.0	1.0	1.0	0.0	5.0	1.0	5.0	1.0	4.125	0.0	0.0	3.0	3.0	3.0	3.0	0.0	0.0	3.0	1.5	0.0	0.0	1.0	1.0	1.0	1.0	0.0	0.0	1.0	0.5			0.0	1.0	1.0
4	3	1	2	25	2	2	2	0.0	0.0	0.0	1.0	1.0	1.0	0.0	0.0	3.0	3.0	4.0	3.3333333	3.0	4.0	3.0	3.3333333	-2.0	3.0	3.0	3.0	3.0	4.0	3.0	3.0	0.0	1.0	0.0	1.0	1.0	0.0	1.0	0.0	1.0	0.0	1.0	1.0		0.0	0.0	3.0	0.0	2.0	0.0	2.0	0.0	2.0	0.0	3.0	0.0	3.0	0.0	3.0	0.0	3.0	0.0	2.0	0.0	2.625	0.0	2.0	0.0	3.0	0.0	2.0	0.0	4.0	1.0	2.0	0.0	3.0	0.0	3.0	0.0	0.0	2.0	0.0	2.0	0.0	2.0	0.0	3.0	0.0	3.0	0.0	1.0	0.0	1.0	0.0	3.0	0.0	3.0	0.0	2.125	-1.0	0.0	0.0	1.0	0.0	-2.0	-2.0	0.0	1.0	-0.5	0.0	0.0	0.0	0.0	0.0	0.0	0.0	0.0	0.0	0.0	3.0	0.0	0.0	0.0	0.0
4	2	3	1	36	21	6	2	0.0	0.0	1.0	0.0	8.0	0.0	1.0	0.0	1.0	1.0	1.0	1.0	2.0	4.0	2.0	2.6666667	7.0	3.0	4.0	2.0	3.0	3.0	3.0	2.0	1.0	0.0	0.0	0.0	0.0	0.0	1.0	0.0	1.0	0.0	1.0	1.0		1.0	1.0	3.0	0.0	4.0	1.0	3.0	0.0	3.0	0.0	3.0	0.0	3.0	0.0	3.0	0.0	3.0	0.0	3.0	0.0	3.125	0.125	3.0	0.0	3.0	0.0	4.0	1.0	3.0	0.0	4.0	1.0	3.0	0.0	3.0	0.0	0.0	3.0	0.0	3.0	0.0	3.0	0.0	3.0	0.0	3.0	0.0	3.0	0.0	3.0	0.0	3.0	0.0	3.0	0.0	3.0	0.0	-1.0	0.0	0.0	0.0	0.0	0.0	0.0	0.0	-0.125	0.0	-1.0	0.0	0.0	0.0	0.0	0.0	0.0	0.0	-0.125			0.0	1.0	0.0
3	2	1	4	78	2	1	3	1.0	1.0	1.0	0.0	8.0	0.0	1.0	0.0	1.0	5.0	1.0	2.3333333	4.0	5.0	5.0	4.6666665	50.0	5.0	5.0	5.0	5.0	5.0	3.0	4.0	0.0	0.0	0.0	0.0	0.0	1.0	0.0	0.0	0.0	1.0		0.0	0.0		1.0	3.0	0.0	3.0	0.0	1.0	0.0	3.0	0.0	5.0	1.0	1.0	0.0	1.0	0.0	1.0	0.0	3.0	0.0	2.25	0.125	1.0	0.0	4.0	1.0	5.0	1.0	3.0	0.0	3.0	0.0	3.0	0.0	3.0	0.0	0.0	3.0	0.0	3.0	0.0	3.0	0.0	3.0	0.0	3.0	0.0	3.0	0.0	3.0	0.0	3.0	0.0	3.0	0.0	3.0	0.0	0.0	2.0	0.0	-2.0	2.0	2.0	2.0	0.0	0.75	0.0	0.0	0.0	0.0	-1.0	0.0	0.0	0.0	0.0	-0.125			0.0	1.0	0.0
2	3	4	1	43	1	2	3	0.0	1.0	0.0	1.0	3.0	0.0	0.0	1.0	1.0	1.0	1.0	1.0	3.0	4.0	3.0	3.3333333	-1.0	2.0	4.0	3.0	3.0	4.0	3.0	5.0	0.0	1.0	1.0	1.0	2.0	1.0	0.0	1.0	1.0	0.0	0.0		1.0	0.0	0.0	4.0	1.0	4.0	1.0	4.0	1.0	2.0	0.0	2.0	0.0	4.0	1.0	3.0	0.0	4.0	1.0	4.0	1.0	3.375	0.625	4.0	1.0	3.0	0.0	4.0	1.0	3.0	0.0	4.0	1.0	5.0	1.0	4.0	1.0	0.0	4.0	1.0	4.0	1.0	4.0	1.0	1.0	0.0	2.0	0.0	4.0	1.0	3.0	0.0	5.0	1.0	4.0	1.0	3.375	0.0	0.0	0.0	-1.0	0.0	0.0	0.0	1.0	0.0	0.0	0.0	0.0	0.0	0.0	0.0	0.0	0.0	0.0	0.0	0.0	5.0	1.0	0.0	0.0	1.0
3	1	4	2	53	5	5	3	0.0	0.0	0.0	0.0	8.0	0.0	1.0	0.0	5.0	5.0	5.0	5.0	1.0	5.0	4.0	3.3333333	100.0	5.0	5.0	4.0	4.6666665	1.0	3.0	4.0	1.0	0.0	1.0	1.0	2.0	1.0	0.0	0.0	0.0	1.0		0.0	0.0		1.0	5.0	1.0	5.0	1.0	1.0	0.0	1.0	0.0	1.0	0.0	1.0	0.0	1.0	0.0	3.0	0.0	1.0	0.0	2.25	0.25	2.0	0.0	1.0	0.0	1.0	0.0	4.0	1.0	1.0	0.0	5.0	1.0	5.0	1.0	0.0	5.0	1.0	5.0	1.0	1.0	0.0	1.0	0.0	1.0	0.0	1.0	0.0	1.0	0.0	1.0	0.0	1.0	0.0	2.0	0.0	0.0	0.0	0.0	0.0	0.0	0.0	-2.0	0.0	-0.25	0.0	0.0	0.0	0.0	0.0	0.0	0.0	0.0	0.0	0.0			0.0	1.0	0.0
3	2	4	1	45	16	6	1	0.0	0.0	1.0	0.0	6.0	0.0	0.0	1.0	3.0	3.0	3.0	3.0	3.0	3.0	1.0	2.3333333	10.0	4.0	4.0	3.0	3.6666667	1.0	4.0	2.0	0.0	0.0	1.0	0.0	1.0	1.0	0.0	1.0	1.0	0.0	0.0		1.0	1.0	1.0	4.0	1.0	5.0	1.0	1.0	0.0	1.0	0.0	3.0	0.0	5.0	1.0	1.0	0.0	2.0	0.0	5.0	1.0	2.75	0.375	5.0	1.0	4.0	1.0	2.0	0.0	3.0	0.0	5.0	1.0	4.0	1.0	5.0	1.0	0.0	5.0	1.0	5.0	1.0	1.0	0.0	1.0	0.0	1.0	0.0	3.0	0.0	1.0	0.0	4.0	1.0	5.0	1.0	2.625	1.0	0.0	0.0	0.0	-2.0	-2.0	0.0	2.0	0.0	-0.125	0.0	0.0	0.0	0.0	0.0	-1.0	0.0	1.0	0.0	0.0			0.0	1.0	0.0
1	3	4	2	66	1	6	4	1.0	1.0	1.0	0.0	7.0	0.0	1.0	0.0	1.0	1.0	1.0	1.0	1.0	1.0	1.0	1.0	10.0	2.0	2.0	2.0	2.0	3.0	2.0	4.0	1.0	0.0	1.0	1.0	2.0	1.0	0.0	0.0	0.0	1.0		0.0	0.0		1.0	5.0	1.0	5.0	1.0	2.0	0.0	1.0	0.0	3.0	0.0	3.0	0.0	3.0	0.0	3.0	0.0	3.0	0.0	3.125	0.25	2.0	0.0	3.0	0.0	2.0	0.0	4.0	1.0	2.0	0.0	5.0	1.0	5.0	1.0	1.0	5.0	1.0	5.0	1.0	5.0	1.0	4.0	1.0	5.0	1.0	5.0	1.0	5.0	1.0	5.0	1.0	5.0	1.0	4.875	0.0	0.0	3.0	3.0	2.0	2.0	2.0	2.0	2.0	1.75	0.0	0.0	1.0	1.0	1.0	1.0	1.0	1.0	1.0	0.75			1.0	1.0	1.0
3	2	4	1	67	3	2	2	1.0	0.0	1.0	0.0	1.0	1.0	0.0	0.0	1.0	1.0	1.0	1.0	3.0	4.0	5.0	4.0	0.0	5.0	4.0	2.0	3.6666667	5.0	5.0	5.0	0.0	1.0	1.0	1.0	2.0	1.0	1.0	0.0	1.0	0.0	1.0	1.0		0.0	0.0	4.0	1.0	5.0	1.0	5.0	1.0	1.0	0.0	1.0	0.0	4.0	1.0	3.0	0.0	5.0	1.0	4.0	1.0	3.5	0.625	5.0	1.0	3.0	0.0	4.0	1.0	2.0	0.0	4.0	1.0	5.0	1.0	3.0	0.0	1.0	5.0	1.0	5.0	1.0	5.0	1.0	1.0	0.0	1.0	0.0	5.0	1.0	4.0	1.0	5.0	1.0	5.0	1.0	3.875	1.0	0.0	0.0	0.0	0.0	1.0	1.0	0.0	1.0	0.375	0.0	0.0	0.0	0.0	0.0	0.0	1.0	0.0	0.0	0.125	5.0	1.0	0.0	0.0	0.0
2	4	3	1	58	3	5	4	0.0	0.0	0.0	1.0	6.0	0.0	0.0	1.0	3.0	2.0	2.0	2.3333333	1.0	5.0	2.0	2.6666667	30.0	2.0	2.0	2.0	2.0	2.0	3.0	3.0	1.0	0.0	0.0	0.0	0.0	0.0	0.0	1.0	1.0	0.0	0.0		1.0	1.0	1.0	5.0	1.0	5.0	1.0	2.0	0.0	1.0	0.0	1.0	0.0	2.0	0.0	2.0	0.0	5.0	1.0	2.0	0.0	2.875	0.375	5.0	1.0	3.0	0.0	2.0	0.0	3.0	0.0	3.0	0.0	4.0	1.0	4.0	1.0	0.0	5.0	1.0	5.0	1.0	2.0	0.0	1.0	0.0	1.0	0.0	2.0	0.0	2.0	0.0	5.0	1.0	2.0	0.0	2.875	0.0	0.0	0.0	0.0	0.0	0.0	0.0	0.0	0.0	0.0	0.0	0.0	0.0	0.0	0.0	0.0	0.0	0.0	0.0	0.0			0.0	1.0	1.0
2	3	4	1	56	21	7	3	0.0	0.0	1.0	0.0	1.0	1.0	0.0	0.0	1.0	1.0	1.0	1.0	1.0	1.0	1.0	1.0	22.0	3.0	3.0	2.0	2.6666667	5.0	4.0	5.0	0.0	1.0	1.0	1.0	2.0	0.0	1.0	0.0	1.0	0.0	1.0	1.0		0.0	0.0	5.0	1.0	5.0	1.0	4.0	1.0	3.0	0.0	3.0	0.0	5.0	1.0	4.0	1.0	4.0	1.0	4.0	1.0	4.125	0.75	4.0	1.0	2.0	0.0	5.0	1.0	5.0	1.0	4.0	1.0	5.0	1.0	5.0	1.0	0.0	5.0	1.0	5.0	1.0	4.0	1.0	3.0	0.0	3.0	0.0	5.0	1.0	3.0	0.0	4.0	1.0	4.0	1.0	4.0	0.0	0.0	0.0	0.0	0.0	0.0	-1.0	0.0	0.0	-0.125	0.0	0.0	0.0	0.0	0.0	0.0	-1.0	0.0	0.0	-0.125	5.0	1.0	0.0	1.0	1.0
2	3	4	1	53	9	5	2	0.0	1.0	1.0	0.0	7.0	0.0	1.0	0.0	3.0	2.0	4.0	3.0	3.0	5.0	1.0	3.0	69.0	1.0	4.0	4.0	3.0	3.0	4.0	4.0	1.0	0.0	1.0	1.0	2.0	1.0	0.0	0.0	0.0	1.0		0.0	0.0		1.0	4.0	1.0	5.0	1.0	4.0	1.0	2.0	0.0	3.0	0.0	3.0	0.0	1.0	0.0	4.0	1.0	1.0	0.0	3.25	0.5	4.0	1.0	3.0	0.0	3.0	0.0	2.0	0.0	2.0	0.0	4.0	1.0	4.0	1.0	0.0	5.0	1.0	5.0	1.0	4.0	1.0	2.0	0.0	3.0	0.0	2.0	0.0	2.0	0.0	4.0	1.0	2.0	0.0	3.375	1.0	0.0	0.0	0.0	0.0	-1.0	1.0	0.0	1.0	0.125	0.0	0.0	0.0	0.0	0.0	0.0	0.0	0.0	0.0	0.0			0.0	1.0	1.0
4	3	1	2	49	5	4	2	0.0	1.0	1.0	0.0	6.0	0.0	0.0	1.0	3.0	1.0	3.0	2.3333333	4.0	5.0	1.0	3.3333333	0.0	5.0	3.0	2.0	3.3333333	4.0	4.0	4.0	0.0	0.0	0.0	1.0	1.0	0.0	0.0	0.0	0.0	1.0		0.0	0.0		1.0	5.0	1.0	5.0	1.0	5.0	1.0	4.0	1.0	5.0	1.0	5.0	1.0	5.0	1.0	4.0	1.0	5.0	1.0	4.75	1.0	3.0	0.0	4.0	1.0	3.0	0.0	4.0	1.0	4.0	1.0	4.0	1.0	3.0	0.0	0.0	5.0	1.0	4.0	1.0	5.0	1.0	5.0	1.0	4.0	1.0	5.0	1.0	5.0	1.0	5.0	1.0	5.0	1.0	4.75	0.0	-1.0	0.0	1.0	-1.0	0.0	0.0	1.0	0.0	0.0	0.0	0.0	0.0	0.0	0.0	0.0	0.0	0.0	0.0	0.0			0.0	0.0	0.0
4	1	3	2	60	4	2	1	0.0	0.0	1.0	0.0	1.0	1.0	0.0	0.0	2.0	2.0	2.0	2.0	3.0	2.0	1.0	2.0	31.0	2.0	2.0	2.0	2.0	4.0	2.0	5.0	0.0	1.0	0.0	1.0	1.0	1.0	0.0	1.0	1.0	0.0	0.0		1.0	1.0	1.0	4.0	1.0	4.0	1.0	4.0	1.0	1.0	0.0	1.0	0.0	4.0	1.0	1.0	0.0	4.0	1.0	1.0	0.0	2.875	0.625	1.0	0.0	1.0	0.0	2.0	0.0	1.0	0.0	1.0	0.0	4.0	1.0	4.0	1.0	0.0	4.0	1.0	4.0	1.0	4.0	1.0	1.0	0.0	2.0	0.0	4.0	1.0	2.0	0.0	2.0	0.0	5.0	1.0	2.875	0.0	0.0	0.0	0.0	1.0	0.0	1.0	-2.0	4.0	0.0	0.0	0.0	0.0	0.0	0.0	0.0	0.0	-1.0	1.0	-0.125			0.0	1.0	0.0
1	3	4	2	36	15	6	2	0.0	1.0	1.0	0.0	8.0	0.0	1.0	0.0	2.0	2.0	1.0	1.6666666	3.0	5.0	5.0	4.3333335	35.0	5.0	4.0	4.0	4.3333335	4.0	4.0	4.0	1.0	0.0	0.0	1.0	1.0	0.0	0.0	1.0	1.0	0.0	0.0		1.0	1.0	1.0	4.0	1.0	2.0	0.0	2.0	0.0	2.0	0.0	3.0	0.0	2.0	0.0	2.0	0.0	3.0	0.0	4.0	1.0	2.5	0.125	4.0	1.0	4.0	1.0	2.0	0.0	2.0	0.0	1.0	0.0	4.0	1.0	4.0	1.0	0.0	3.0	0.0	2.0	0.0	1.0	0.0	2.0	0.0	4.0	1.0	2.0	0.0	2.0	0.0	4.0	1.0	1.0	0.0	2.5	-1.0	0.0	-1.0	0.0	1.0	0.0	0.0	1.0	-3.0	0.0	-1.0	0.0	0.0	0.0	1.0	0.0	0.0	1.0	-1.0	0.125			1.0	1.0	1.0
2	3	4	1	49	11	6	4	0.0	1.0	1.0	0.0	6.0	0.0	0.0	1.0	1.0	1.0	1.0	1.0	3.0	1.0	1.0	1.6666666	54.0	2.0	4.0	4.0	3.3333333	2.0	2.0	4.0	1.0	0.0	0.0	0.0	0.0	0.0	1.0	0.0	1.0	0.0	1.0	1.0		1.0	1.0	4.0	1.0	4.0	1.0	4.0	1.0	1.0	0.0	1.0	0.0	3.0	0.0	2.0	0.0	4.0	1.0	2.0	0.0	2.875	0.5	2.0	0.0	2.0	0.0	2.0	0.0	5.0	1.0	2.0	0.0	5.0	1.0	4.0	1.0	0.0	5.0	1.0	5.0	1.0	3.0	0.0	1.0	0.0	1.0	0.0	3.0	0.0	2.0	0.0	4.0	1.0	2.0	0.0	3.0	1.0	1.0	-1.0	0.0	0.0	0.0	0.0	0.0	0.0	0.125	0.0	0.0	-1.0	0.0	0.0	0.0	0.0	0.0	0.0	-0.125			0.0	1.0	1.0
2	1	4	3	53	24	6	3	0.0	1.0	1.0	0.0	8.0	0.0	1.0	0.0	1.0	1.0	1.0	1.0	3.0	4.0	4.0	3.6666667	96.0	5.0	5.0	5.0	5.0	4.0	4.0	5.0	1.0	0.0	1.0	1.0	2.0	0.0	1.0	0.0	1.0	0.0	1.0	1.0		1.0	1.0	4.0	1.0	5.0	1.0	3.0	0.0	1.0	0.0	1.0	0.0	2.0	0.0	2.0	0.0	4.0	1.0	2.0	0.0	2.75	0.375	2.0	0.0	2.0	0.0	3.0	0.0	5.0	1.0	2.0	0.0	5.0	1.0	3.0	0.0	0.0	5.0	1.0	5.0	1.0	4.0	1.0	1.0	0.0	1.0	0.0	2.0	0.0	2.0	0.0	5.0	1.0	1.0	0.0	3.125	1.0	0.0	1.0	0.0	0.0	0.0	0.0	1.0	-1.0	0.375	0.0	0.0	1.0	0.0	0.0	0.0	0.0	0.0	0.0	0.125			0.0	1.0	0.0
2	4	3	1	34	8	6	2	0.0	1.0	0.0	0.0	7.0	0.0	1.0	0.0	1.0	1.0	1.0	1.0	3.0	3.0	2.0	2.6666667	-2.0	2.0	2.0	3.0	2.3333333	5.0	4.0	3.0	0.0	1.0	1.0	1.0	2.0	1.0	0.0	0.0	0.0	1.0		0.0	0.0		1.0	5.0	1.0	5.0	1.0	1.0	0.0	1.0	0.0	3.0	0.0	3.0	0.0	3.0	0.0	3.0	0.0	5.0	1.0	3.0	0.25	3.0	0.0	5.0	1.0	5.0	1.0	4.0	1.0	3.0	0.0	5.0	1.0	3.0	0.0	0.0	5.0	1.0	5.0	1.0	1.0	0.0	1.0	0.0	1.0	0.0	3.0	0.0	3.0	0.0	5.0	1.0	5.0	1.0	3.0	0.0	0.0	0.0	0.0	-2.0	0.0	0.0	2.0	0.0	0.0	0.0	0.0	0.0	0.0	0.0	0.0	0.0	1.0	0.0	0.125			0.0	0.0	1.0
3	1	4	2	21	6	2	2	0.0	1.0	0.0	1.0	2.0	1.0	0.0	0.0	1.0	1.0	1.0	1.0	2.0	1.0	1.0	1.3333334	-51.0	1.0	1.0	1.0	1.0	3.0	1.0	5.0	0.0	1.0	0.0	1.0	1.0	0.0	0.0	0.0	0.0	1.0		0.0	0.0		1.0	5.0	1.0	3.0	0.0	5.0	1.0	1.0	0.0	4.0	1.0	5.0	1.0	4.0	1.0	4.0	1.0	4.0	1.0	3.875	0.75	5.0	1.0	4.0	1.0	5.0	1.0	4.0	1.0	3.0	0.0	5.0	1.0	5.0	1.0	0.0	4.0	1.0	4.0	1.0	5.0	1.0	1.0	0.0	3.0	0.0	5.0	1.0	4.0	1.0	4.0	1.0	4.0	1.0	3.75	-1.0	1.0	0.0	0.0	-1.0	0.0	0.0	0.0	0.0	-0.125	0.0	1.0	0.0	0.0	-1.0	0.0	0.0	0.0	0.0	0.0			0.0	0.0	0.0
3	2	4	1	50	9	4	1	0.0	0.0	1.0	0.0	5.0	0.0	0.0	1.0	3.0	3.0	1.0	2.3333333	4.0	4.0	3.0	3.6666667	0.0	3.0	4.0	3.0	3.3333333	4.0	5.0	4.0	1.0	0.0	1.0	1.0	2.0	0.0	0.0	0.0	0.0	1.0		0.0	0.0		1.0	3.0	0.0	3.0	0.0	3.0	0.0	1.0	0.0	3.0	0.0	3.0	0.0	3.0	0.0	3.0	0.0	3.0	0.0	2.75	0.0	4.0	1.0	3.0	0.0	4.0	1.0	4.0	1.0	3.0	0.0	3.0	0.0	4.0	1.0	0.0	3.0	0.0	3.0	0.0	3.0	0.0	1.0	0.0	3.0	0.0	3.0	0.0	3.0	0.0	3.0	0.0	3.0	0.0	2.75	0.0	0.0	0.0	0.0	0.0	0.0	0.0	0.0	0.0	0.0	0.0	0.0	0.0	0.0	0.0	0.0	0.0	0.0	0.0	0.0			0.0	0.0	0.0
2	3	4	1	53	6	5	3	0.0	0.0	1.0	0.0	6.0	0.0	0.0	1.0	4.0	1.0	5.0	3.3333333	4.0	5.0	5.0	4.6666665	100.0	5.0	5.0	5.0	5.0	1.0	5.0	5.0	1.0	0.0	0.0	0.0	0.0	0.0	1.0	0.0	1.0	0.0	1.0	1.0		1.0	1.0	5.0	1.0	5.0	1.0	5.0	1.0	5.0	1.0	1.0	0.0	2.0	0.0	5.0	1.0	5.0	1.0	5.0	1.0	4.125	0.75	3.0	0.0	5.0	1.0	5.0	1.0	4.0	1.0	5.0	1.0	5.0	1.0	5.0	1.0	0.0	5.0	1.0	5.0	1.0	5.0	1.0	5.0	1.0	1.0	0.0	2.0	0.0	5.0	1.0	5.0	1.0	4.0	1.0	4.125	0.0	0.0	0.0	0.0	0.0	0.0	0.0	0.0	-1.0	0.0	0.0	0.0	0.0	0.0	0.0	0.0	0.0	0.0	0.0	0.0			0.0	1.0	1.0
3	4	1	2	53	20	6	3	0.0	1.0	1.0	0.0	8.0	0.0	1.0	0.0	1.0	2.0	1.0	1.3333334	3.0	5.0	1.0	3.0	9.0	2.0	4.0	3.0	3.0	3.0	3.0	3.0	1.0	0.0	0.0	1.0	1.0	1.0	0.0	1.0	1.0	0.0	0.0		1.0	1.0	1.0	3.0	0.0	3.0	0.0	3.0	0.0	3.0	0.0	3.0	0.0	3.0	0.0	3.0	0.0	3.0	0.0	3.0	0.0	3.0	0.0	3.0	0.0	3.0	0.0	3.0	0.0	3.0	0.0	3.0	0.0	3.0	0.0	3.0	0.0	0.0	3.0	0.0	3.0	0.0	3.0	0.0	3.0	0.0	3.0	0.0	3.0	0.0	2.0	0.0	3.0	0.0	3.0	0.0	2.875	0.0	0.0	0.0	0.0	0.0	0.0	-1.0	0.0	0.0	-0.125	0.0	0.0	0.0	0.0	0.0	0.0	0.0	0.0	0.0	0.0			0.0	1.0	1.0
3	1	4	2	49	22	6	3	0.0	1.0	0.0	1.0	2.0	1.0	0.0	0.0	1.0	2.0	1.0	1.3333334	3.0	5.0	2.0	3.3333333	9.0	2.0	2.0	2.0	2.0	4.0	4.0	4.0	0.0	1.0	1.0	0.0	1.0	1.0	1.0	0.0	1.0	0.0	1.0	1.0		0.0	0.0	5.0	1.0	4.0	1.0	4.0	1.0	1.0	0.0	2.0	0.0	5.0	1.0	2.0	0.0	5.0	1.0	2.0	0.0	3.5	0.625	4.0	1.0	2.0	0.0	2.0	0.0	3.0	0.0	2.0	0.0	5.0	1.0	4.0	1.0	0.0	5.0	1.0	5.0	1.0	5.0	1.0	1.0	0.0	1.0	0.0	5.0	1.0	2.0	0.0	5.0	1.0	2.0	0.0	3.625	0.0	1.0	1.0	0.0	-1.0	0.0	0.0	0.0	0.0	0.125	0.0	0.0	0.0	0.0	0.0	0.0	0.0	0.0	0.0	0.0	5.0	1.0	0.0	1.0	0.0
2	3	4	1	35	1	2	2	0.0	0.0	1.0	0.0	5.0	0.0	0.0	1.0	5.0	5.0	3.0	4.3333335	1.0	3.0	3.0	2.3333333	0.0	1.0	5.0	4.0	3.3333333	1.0	1.0	1.0	0.0	0.0	0.0	1.0	1.0	0.0	0.0	1.0	1.0	0.0	0.0		1.0	0.0	0.0	4.0	1.0	3.0	0.0	1.0	0.0	4.0	1.0	1.0	0.0	1.0	0.0	1.0	0.0	3.0	0.0	1.0	0.0	2.25	0.25	1.0	0.0	1.0	0.0	1.0	0.0	3.0	0.0	1.0	0.0	3.0	0.0	2.0	0.0	0.0	3.0	0.0	1.0	0.0	1.0	0.0	4.0	1.0	1.0	0.0	1.0	0.0	1.0	0.0	1.0	0.0	1.0	0.0	1.625	-1.0	-2.0	0.0	0.0	0.0	0.0	0.0	-2.0	0.0	-0.625	-1.0	0.0	0.0	0.0	0.0	0.0	0.0	0.0	0.0	-0.125	3.0	0.0	0.0	0.0	1.0
2	3	4	1	36	9	2	1	0.0	1.0	1.0	0.0	7.0	0.0	1.0	0.0	3.0	3.0	3.0	3.0	3.0	5.0	3.0	3.6666667	0.0	3.0	4.0	3.0	3.3333333	3.0	3.0	3.0	1.0	0.0	0.0	1.0	1.0	0.0	0.0	1.0	1.0	0.0	0.0		1.0	1.0	1.0	3.0	0.0	3.0	0.0	3.0	0.0	3.0	0.0	3.0	0.0	4.0	1.0	3.0	0.0	3.0	0.0	3.0	0.0	3.125	0.125	2.0	0.0	3.0	0.0	3.0	0.0	3.0	0.0	3.0	0.0	3.0	0.0	3.0	0.0	0.0	3.0	0.0	3.0	0.0	3.0	0.0	3.0	0.0	3.0	0.0	4.0	1.0	3.0	0.0	3.0	0.0	4.0	1.0	3.125	0.0	0.0	0.0	0.0	0.0	0.0	0.0	0.0	1.0	0.0	0.0	0.0	0.0	0.0	0.0	0.0	0.0	0.0	1.0	0.0			0.0	0.0	1.0
4	2	3	1	51	19	5	2	0.0	0.0	1.0	0.0	5.0	0.0	0.0	1.0	2.0	4.0	2.0	2.6666667	4.0	5.0	1.0	3.3333333	59.0	2.0	3.0	3.0	2.6666667	2.0	2.0	5.0	0.0	0.0	1.0	1.0	2.0	1.0	1.0	0.0	1.0	0.0	1.0	1.0		0.0	0.0	4.0	1.0	4.0	1.0	5.0	1.0	1.0	0.0	1.0	0.0	4.0	1.0	2.0	0.0	2.0	0.0	2.0	0.0	2.875	0.5	1.0	0.0	2.0	0.0	2.0	0.0	2.0	0.0	2.0	0.0	4.0	1.0	3.0	0.0	0.0	4.0	1.0	4.0	1.0	4.0	1.0	1.0	0.0	1.0	0.0	4.0	1.0	1.0	0.0	2.0	0.0	1.0	0.0	2.625	0.0	0.0	-1.0	0.0	0.0	0.0	-1.0	0.0	-1.0	-0.25	0.0	0.0	0.0	0.0	0.0	0.0	0.0	0.0	0.0	0.0	4.0	1.0	0.0	1.0	0.0
2	3	4	1	45	20	5	1	0.0	1.0	1.0	0.0	1.0	1.0	0.0	0.0	1.0	1.0	1.0	1.0	4.0	5.0	4.0	4.3333335	0.0	2.0	2.0	2.0	2.0	1.0	1.0	1.0	0.0	1.0	1.0	0.0	1.0	1.0	1.0	0.0	1.0	0.0	1.0	1.0		0.0	0.0	2.0	0.0	4.0	1.0	4.0	1.0	2.0	0.0	2.0	0.0	4.0	1.0	2.0	0.0	4.0	1.0	4.0	1.0	3.0	0.5	3.0	0.0	2.0	0.0	3.0	0.0	4.0	1.0	2.0	0.0	4.0	1.0	5.0	1.0	0.0	2.0	0.0	4.0	1.0	2.0	0.0	2.0	0.0	2.0	0.0	4.0	1.0	2.0	0.0	4.0	1.0	4.0	1.0	2.75	0.0	0.0	-2.0	0.0	0.0	0.0	0.0	0.0	0.0	-0.25	0.0	0.0	-1.0	0.0	0.0	0.0	0.0	0.0	0.0	-0.125	5.0	1.0	0.0	0.0	1.0
3	2	4	1	35	7	2	4	0.0	1.0	1.0	0.0	4.0	0.0	0.0	1.0	4.0	5.0	3.0	4.0	3.0	4.0	2.0	3.0	82.0	3.0	4.0	5.0	4.0	2.0	1.0	3.0	0.0	1.0	1.0	0.0	1.0	0.0	1.0	0.0	1.0	0.0	1.0	1.0		0.0	0.0	4.0	1.0	4.0	1.0	5.0	1.0	3.0	0.0	3.0	0.0	3.0	0.0	2.0	0.0	4.0	1.0	4.0	1.0	3.5	0.5	4.0	1.0	3.0	0.0	3.0	0.0	4.0	1.0	4.0	1.0	5.0	1.0	5.0	1.0	0.0	4.0	1.0	4.0	1.0	3.0	0.0	2.0	0.0	3.0	0.0	3.0	0.0	2.0	0.0	3.0	0.0	5.0	1.0	3.0	0.0	0.0	-2.0	-1.0	0.0	0.0	0.0	-1.0	1.0	-0.5	0.0	0.0	-1.0	0.0	0.0	0.0	0.0	-1.0	0.0	-0.25	5.0	1.0	0.0	1.0	0.0
4	1	3	2	33	18	6	3	0.0	0.0	0.0	0.0	8.0	0.0	1.0	0.0	1.0	1.0	1.0	1.0	5.0	5.0	5.0	5.0	-100.0	4.0	2.0	1.0	2.3333333	1.0	2.0	5.0	1.0	0.0	1.0	1.0	2.0	1.0	0.0	0.0	0.0	1.0		0.0	0.0		1.0	5.0	1.0	5.0	1.0	5.0	1.0	4.0	1.0	5.0	1.0	5.0	1.0	5.0	1.0	5.0	1.0	5.0	1.0	4.875	1.0	5.0	1.0	4.0	1.0	5.0	1.0	1.0	0.0	4.0	1.0	5.0	1.0	5.0	1.0	1.0	5.0	1.0	5.0	1.0	5.0	1.0	5.0	1.0	5.0	1.0	5.0	1.0	5.0	1.0	5.0	1.0	5.0	1.0	5.0	0.0	0.0	0.0	1.0	0.0	0.0	0.0	0.0	0.0	0.125	0.0	0.0	0.0	0.0	0.0	0.0	0.0	0.0	0.0	0.0			0.0	0.0	0.0
1	3	4	2	48	11	4	4	0.0	1.0	0.0	0.0	7.0	0.0	1.0	0.0	1.0	1.0	1.0	1.0	1.0	4.0	1.0	2.0	0.0	3.0	4.0	2.0	3.0	5.0	4.0	3.0	0.0	1.0	1.0	1.0	2.0	1.0	0.0	1.0	1.0	0.0	0.0		1.0	0.0	0.0	5.0	1.0	5.0	1.0	5.0	1.0	4.0	1.0	3.0	0.0	5.0	1.0	5.0	1.0	4.0	1.0	3.0	0.0	4.5	0.875	4.0	1.0	5.0	1.0	5.0	1.0	4.0	1.0	4.0	1.0	5.0	1.0	5.0	1.0	0.0	5.0	1.0	5.0	1.0	5.0	1.0	3.0	0.0	3.0	0.0	5.0	1.0	5.0	1.0	5.0	1.0	4.0	1.0	4.5	0.0	0.0	0.0	-1.0	0.0	0.0	0.0	1.0	1.0	0.0	0.0	0.0	0.0	-1.0	0.0	0.0	0.0	0.0	1.0	-0.125	5.0	1.0	1.0	0.0	1.0
2	3	1	4	53	16	6	4	0.0	1.0	1.0	0.0	5.0	0.0	0.0	1.0	3.0	4.0	4.0	3.6666667	3.0	4.0	5.0	4.0	14.0	4.0	4.0	3.0	3.6666667	3.0	4.0	3.0	1.0	0.0	0.0	0.0	0.0	0.0	1.0	0.0	1.0	0.0	1.0	1.0		1.0	1.0	3.0	0.0	3.0	0.0	3.0	0.0	3.0	0.0	3.0	0.0	3.0	0.0	3.0	0.0	3.0	0.0	3.0	0.0	3.0	0.0	3.0	0.0	3.0	0.0	3.0	0.0	3.0	0.0	3.0	0.0	3.0	0.0	3.0	0.0	0.0	3.0	0.0	3.0	0.0	3.0	0.0	3.0	0.0	3.0	0.0	3.0	0.0	3.0	0.0	3.0	0.0	3.0	0.0	3.0	0.0	0.0	0.0	0.0	0.0	0.0	0.0	0.0	0.0	0.0	0.0	0.0	0.0	0.0	0.0	0.0	0.0	0.0	0.0	0.0			0.0	1.0	1.0
2	3	4	1	42	20	2	3	0.0	1.0	1.0	0.0	4.0	0.0	0.0	1.0	1.0	4.0	1.0	2.0	1.0	1.0	1.0	1.0	-2.0	2.0	3.0	3.0	2.6666667	1.0	1.0	1.0	0.0	0.0	0.0	1.0	1.0	1.0	0.0	1.0	1.0	0.0	0.0		1.0	1.0	1.0	1.0	0.0	1.0	0.0	1.0	0.0	1.0	0.0	1.0	0.0	1.0	0.0	1.0	0.0	1.0	0.0	1.0	0.0	1.0	0.0	1.0	0.0	2.0	0.0	1.0	0.0	3.0	0.0	2.0	0.0	3.0	0.0	3.0	0.0	0.0	1.0	0.0	1.0	0.0	1.0	0.0	1.0	0.0	1.0	0.0	1.0	0.0	1.0	0.0	1.0	0.0	1.0	0.0	1.0	0.0	0.0	0.0	0.0	0.0	0.0	0.0	0.0	0.0	0.0	0.0	0.0	0.0	0.0	0.0	0.0	0.0	0.0	0.0	0.0			0.0	0.0	1.0
4	1	2	3	51	20	7	4	0.0	1.0	1.0	0.0	1.0	1.0	0.0	0.0	1.0	1.0	1.0	1.0	5.0	5.0	1.0	3.6666667	0.0	1.0	4.0	3.0	2.6666667	5.0	3.0	5.0	0.0	1.0	0.0	0.0	0.0	1.0	0.0	0.0	0.0	1.0		0.0	0.0		1.0	5.0	1.0	5.0	1.0	5.0	1.0	3.0	0.0	5.0	1.0	3.0	0.0	1.0	0.0	5.0	1.0	5.0	1.0	4.0	0.625	5.0	1.0	5.0	1.0	3.0	0.0	5.0	1.0	5.0	1.0	5.0	1.0	5.0	1.0	1.0	4.0	1.0	4.0	1.0	4.0	1.0	5.0	1.0	3.0	0.0	4.0	1.0	4.0	1.0	4.0	1.0	4.0	1.0	4.0	-1.0	-1.0	-1.0	2.0	-2.0	1.0	3.0	-1.0	-1.0	0.0	0.0	0.0	0.0	1.0	-1.0	1.0	1.0	0.0	0.0	0.25			0.0	0.0	0.0
3	2	4	1	52	11	7	4	0.0	1.0	1.0	0.0	8.0	0.0	1.0	0.0	3.0	2.0	1.0	2.0	2.0	4.0	1.0	2.3333333	-70.0	2.0	3.0	3.0	2.6666667	4.0	3.0	5.0	1.0	0.0	1.0	1.0	2.0	1.0	0.0	1.0	1.0	0.0	0.0		1.0	1.0	1.0	4.0	1.0	5.0	1.0	5.0	1.0	1.0	0.0	1.0	0.0	4.0	1.0	3.0	0.0	3.0	0.0	1.0	0.0	3.25	0.5	2.0	0.0	1.0	0.0	1.0	0.0	3.0	0.0	1.0	0.0	3.0	0.0	4.0	1.0	0.0	5.0	1.0	5.0	1.0	5.0	1.0	1.0	0.0	1.0	0.0	4.0	1.0	3.0	0.0	3.0	0.0	1.0	0.0	3.375	1.0	0.0	0.0	0.0	0.0	0.0	0.0	0.0	0.0	0.125	0.0	0.0	0.0	0.0	0.0	0.0	0.0	0.0	0.0	0.0			0.0	0.0	0.0
3	2	4	1	31	2	6	1	0.0	1.0	1.0	0.0	2.0	1.0	0.0	0.0	2.0	3.0	3.0	2.6666667	2.0	4.0	1.0	2.3333333	2.0	2.0	2.0	2.0	2.0	3.0	3.0	2.0	0.0	1.0	0.0	1.0	1.0	1.0	0.0	1.0	1.0	0.0	0.0		1.0	0.0	0.0	2.0	0.0	4.0	1.0	1.0	0.0	1.0	0.0	1.0	0.0	4.0	1.0	4.0	1.0	3.0	0.0	1.0	0.0	2.5	0.375	2.0	0.0	3.0	0.0	4.0	1.0	1.0	0.0	2.0	0.0	2.0	0.0	3.0	0.0	0.0	4.0	1.0	5.0	1.0	1.0	0.0	1.0	0.0	1.0	0.0	4.0	1.0	4.0	1.0	3.0	0.0	1.0	0.0	2.875	2.0	1.0	0.0	0.0	0.0	0.0	0.0	0.0	0.0	0.375	1.0	0.0	0.0	0.0	0.0	0.0	0.0	0.0	0.0	0.125	5.0	1.0	0.0	1.0	0.0
3	2	4	1	52	23	8	2	0.0	1.0	0.0	0.0	4.0	0.0	0.0	1.0	5.0	1.0	3.0	3.0	1.0	5.0	1.0	2.3333333	71.0	1.0	1.0	1.0	1.0	5.0	3.0	2.0	0.0	1.0	0.0	0.0	0.0	1.0	0.0	0.0	0.0	1.0		0.0	0.0		1.0	5.0	1.0	5.0	1.0	1.0	0.0	4.0	1.0	3.0	0.0	1.0	0.0	1.0	0.0	3.0	0.0	1.0	0.0	2.875	0.375	1.0	0.0	4.0	1.0	3.0	0.0	5.0	1.0	3.0	0.0	5.0	1.0	5.0	1.0	0.0	3.0	0.0	3.0	0.0	3.0	0.0	3.0	0.0	3.0	0.0	3.0	0.0	3.0	0.0	3.0	0.0	3.0	0.0	3.0	-2.0	-2.0	2.0	-1.0	0.0	2.0	2.0	0.0	2.0	0.125	-1.0	-1.0	0.0	-1.0	0.0	0.0	0.0	0.0	0.0	-0.375			0.0	1.0	0.0
2	1	4	3	36	19	6	4	0.0	0.0	0.0	0.0	8.0	0.0	1.0	0.0	4.0	4.0	4.0	4.0	3.0	4.0	3.0	3.3333333	92.0	3.0	3.0	3.0	3.0	3.0	1.0	4.0	1.0	0.0	1.0	1.0	2.0	1.0	0.0	0.0	0.0	1.0		0.0	0.0		1.0	3.0	0.0	3.0	0.0	3.0	0.0	1.0	0.0	1.0	0.0	1.0	0.0	1.0	0.0	3.0	0.0	1.0	0.0	2.0	0.0	2.0	0.0	1.0	0.0	1.0	0.0	3.0	0.0	1.0	0.0	3.0	0.0	3.0	0.0	0.0	3.0	0.0	3.0	0.0	3.0	0.0	1.0	0.0	1.0	0.0	1.0	0.0	1.0	0.0	3.0	0.0	1.0	0.0	2.0	0.0	0.0	0.0	0.0	0.0	0.0	0.0	0.0	0.0	0.0	0.0	0.0	0.0	0.0	0.0	0.0	0.0	0.0	0.0	0.0			0.0	1.0	0.0
3	2	1	4	59	3	2	4	0.0	0.0	1.0	0.0	1.0	1.0	0.0	0.0	1.0	2.0	1.0	1.3333334	1.0	3.0	1.0	1.6666666	0.0	1.0	2.0	3.0	2.0	4.0	2.0	4.0	0.0	1.0	1.0	0.0	1.0	1.0	0.0	1.0	1.0	0.0	0.0		1.0	0.0	0.0	4.0	1.0	4.0	1.0	3.0	0.0	1.0	0.0	2.0	0.0	4.0	1.0	3.0	0.0	4.0	1.0	2.0	0.0	3.125	0.5	3.0	0.0	2.0	0.0	2.0	0.0	2.0	0.0	3.0	0.0	4.0	1.0	2.0	0.0	0.0	2.0	0.0	4.0	1.0	3.0	0.0	1.0	0.0	2.0	0.0	4.0	1.0	3.0	0.0	4.0	1.0	2.0	0.0	2.875	-2.0	0.0	0.0	0.0	0.0	0.0	0.0	0.0	0.0	-0.25	-1.0	0.0	0.0	0.0	0.0	0.0	0.0	0.0	0.0	-0.125	4.0	1.0	0.0	0.0	0.0
3	2	1	4	81	21	6	3	1.0	0.0	1.0	0.0	6.0	0.0	0.0	1.0	2.0	3.0	2.0	2.3333333	4.0	4.0	4.0	4.0	75.0	5.0	4.0	2.0	3.6666667	1.0	3.0	5.0	1.0	0.0	1.0	0.0	1.0	0.0	1.0	0.0	1.0	0.0	1.0	1.0		0.0	0.0	4.0	1.0	4.0	1.0	4.0	1.0	3.0	0.0	2.0	0.0	3.0	0.0	2.0	0.0	4.0	1.0	3.0	0.0	3.25	0.5	4.0	1.0	3.0	0.0	3.0	0.0	5.0	1.0	2.0	0.0	4.0	1.0	4.0	1.0	0.0	3.0	0.0	4.0	1.0	4.0	1.0	2.0	0.0	1.0	0.0	2.0	0.0	2.0	0.0	3.0	0.0	2.0	0.0	2.625	-1.0	0.0	0.0	-1.0	-1.0	-1.0	0.0	-1.0	-1.0	-0.625	-1.0	0.0	0.0	0.0	0.0	0.0	0.0	-1.0	0.0	-0.25	4.0	1.0	0.0	1.0	0.0
3	2	4	1	45	4	4	3	0.0	1.0	1.0	0.0	3.0	0.0	0.0	1.0	1.0	1.0	1.0	1.0	3.0	2.0	4.0	3.0	36.0	2.0	4.0	5.0	3.6666667	2.0	1.0	3.0	0.0	0.0	1.0	0.0	1.0	1.0	0.0	0.0	0.0	1.0		0.0	0.0		1.0	2.0	0.0	4.0	1.0	5.0	1.0	4.0	1.0	2.0	0.0	4.0	1.0	3.0	0.0	5.0	1.0	2.0	0.0	3.625	0.625	4.0	1.0	2.0	0.0	2.0	0.0	4.0	1.0	2.0	0.0	5.0	1.0	5.0	1.0	1.0	5.0	1.0	5.0	1.0	1.0	0.0	4.0	1.0	1.0	0.0	5.0	1.0	2.0	0.0	4.0	1.0	2.0	0.0	3.375	3.0	1.0	-4.0	0.0	-1.0	1.0	-1.0	-1.0	0.0	-0.25	1.0	0.0	-1.0	0.0	0.0	0.0	0.0	0.0	0.0	0.0			0.0	1.0	0.0
4	3	2	1	35	8	4	3	0.0	1.0	0.0	1.0	2.0	1.0	0.0	0.0	5.0	1.0	3.0	3.0	5.0	3.0	1.0	3.0	25.0	1.0	5.0	5.0	3.6666667	5.0	3.0	5.0	0.0	1.0	1.0	1.0	2.0	1.0	0.0	0.0	0.0	1.0		0.0	0.0		1.0	4.0	1.0	3.0	0.0	1.0	0.0	1.0	0.0	3.0	0.0	2.0	0.0	5.0	1.0	3.0	0.0	3.0	0.0	2.75	0.25	1.0	0.0	4.0	1.0	3.0	0.0	5.0	1.0	1.0	0.0	5.0	1.0	2.0	0.0	1.0	3.0	0.0	4.0	1.0	1.0	0.0	1.0	0.0	3.0	0.0	2.0	0.0	3.0	0.0	1.0	0.0	4.0	1.0	2.25	-1.0	1.0	0.0	0.0	0.0	0.0	-2.0	-2.0	1.0	-0.5	-1.0	1.0	0.0	0.0	0.0	0.0	-1.0	0.0	1.0	-0.125			0.0	1.0	0.0
4	2	3	1	36	13	7	4	0.0	0.0	0.0	0.0	7.0	0.0	1.0	0.0	3.0	2.0	3.0	2.6666667	5.0	4.0	4.0	4.3333335	50.0	5.0	5.0	4.0	4.6666665	3.0	3.0	5.0	1.0	0.0	1.0	1.0	2.0	1.0	0.0	1.0	1.0	0.0	0.0		1.0	1.0	1.0	5.0	1.0	5.0	1.0	5.0	1.0	4.0	1.0	1.0	0.0	3.0	0.0	3.0	0.0	5.0	1.0	2.0	0.0	3.875	0.625	4.0	1.0	3.0	0.0	3.0	0.0	3.0	0.0	2.0	0.0	4.0	1.0	5.0	1.0	1.0	5.0	1.0	5.0	1.0	5.0	1.0	4.0	1.0	2.0	0.0	3.0	0.0	3.0	0.0	5.0	1.0	3.0	0.0	4.0	0.0	0.0	0.0	0.0	1.0	0.0	0.0	0.0	1.0	0.125	0.0	0.0	0.0	0.0	0.0	0.0	0.0	0.0	0.0	0.0			0.0	1.0	0.0
4	3	2	1	27	1	2	2	0.0	0.0	0.0	1.0	4.0	0.0	0.0	1.0	5.0	5.0	5.0	5.0	3.0	3.0	3.0	3.0	0.0	3.0	3.0	3.0	3.0	5.0	3.0	4.0	0.0	0.0	0.0	1.0	1.0	1.0	0.0	1.0	1.0	0.0	0.0		1.0	0.0	0.0	3.0	0.0	3.0	0.0	3.0	0.0	3.0	0.0	3.0	0.0	3.0	0.0	3.0	0.0	3.0	0.0	3.0	0.0	3.0	0.0	4.0	1.0	3.0	0.0	3.0	0.0	3.0	0.0	3.0	0.0	3.0	0.0	3.0	0.0	0.0	3.0	0.0	3.0	0.0	3.0	0.0	3.0	0.0	3.0	0.0	3.0	0.0	3.0	0.0	3.0	0.0	3.0	0.0	3.0	0.0	0.0	0.0	0.0	0.0	0.0	0.0	0.0	0.0	0.0	0.0	0.0	0.0	0.0	0.0	0.0	0.0	0.0	0.0	0.0	3.0	0.0	0.0	0.0	0.0
3	2	4	1	39	16	7	1	0.0	1.0	1.0	0.0	1.0	1.0	0.0	0.0	2.0	2.0	1.0	1.6666666	2.0	4.0	2.0	2.6666667	0.0	2.0	4.0	2.0	2.6666667	5.0	4.0	5.0	0.0	1.0	0.0	1.0	1.0	1.0	0.0	1.0	1.0	0.0	0.0		1.0	0.0	0.0	3.0	0.0	2.0	0.0	4.0	1.0	2.0	0.0	1.0	0.0	4.0	1.0	4.0	1.0	4.0	1.0	4.0	1.0	3.0	0.5	3.0	0.0	2.0	0.0	3.0	0.0	2.0	0.0	2.0	0.0	4.0	1.0	3.0	0.0	0.0	1.0	0.0	1.0	0.0	4.0	1.0	1.0	0.0	1.0	0.0	4.0	1.0	4.0	1.0	4.0	1.0	4.0	1.0	2.5	-2.0	-1.0	0.0	-1.0	0.0	0.0	0.0	0.0	0.0	-0.5	0.0	0.0	0.0	0.0	0.0	0.0	0.0	0.0	0.0	0.0	4.0	1.0	0.0	0.0	0.0
1	3	4	2	53	7	6	2	0.0	1.0	1.0	0.0	1.0	1.0	0.0	0.0	1.0	1.0	1.0	1.0	3.0	4.0	1.0	2.6666667	-74.0	1.0	3.0	2.0	2.0	3.0	4.0	3.0	0.0	1.0	1.0	1.0	2.0	1.0	0.0	0.0	0.0	1.0		0.0	0.0		1.0	3.0	0.0	5.0	1.0	2.0	0.0	3.0	0.0	4.0	1.0	5.0	1.0	5.0	1.0	3.0	0.0	4.0	1.0	3.75	0.5	2.0	0.0	2.0	0.0	4.0	1.0	4.0	1.0	2.0	0.0	3.0	0.0	3.0	0.0	1.0	5.0	1.0	4.0	1.0	4.0	1.0	4.0	1.0	4.0	1.0	5.0	1.0	5.0	1.0	4.0	1.0	4.0	1.0	4.375	2.0	-1.0	2.0	1.0	0.0	0.0	0.0	1.0	0.0	0.625	1.0	0.0	1.0	1.0	0.0	0.0	0.0	1.0	0.0	0.5			1.0	0.0	1.0
1	3	4	2	51	19	6	1	0.0	1.0	0.0	0.0	7.0	0.0	1.0	0.0	4.0	4.0	3.0	3.6666667	3.0	4.0	3.0	3.3333333	14.0	4.0	4.0	3.0	3.6666667	4.0	3.0	3.0	1.0	0.0	1.0	0.0	1.0	1.0	0.0	1.0	1.0	0.0	0.0		1.0	0.0	0.0	5.0	1.0	5.0	1.0	3.0	0.0	3.0	0.0	3.0	0.0	3.0	0.0	2.0	0.0	4.0	1.0	3.0	0.0	3.5	0.375	2.0	0.0	2.0	0.0	3.0	0.0	3.0	0.0	3.0	0.0	5.0	1.0	5.0	1.0	0.0	5.0	1.0	5.0	1.0	3.0	0.0	2.0	0.0	3.0	0.0	3.0	0.0	3.0	0.0	5.0	1.0	3.0	0.0	3.625	0.0	0.0	0.0	-1.0	0.0	0.0	1.0	1.0	0.0	0.125	0.0	0.0	0.0	0.0	0.0	0.0	0.0	0.0	0.0	0.0	5.0	1.0	1.0	1.0	1.0
1	2	4	3	41	20	6	1	0.0	1.0	1.0	0.0	1.0	1.0	0.0	0.0	1.0	1.0	1.0	1.0	1.0	3.0	1.0	1.6666666	-88.0	1.0	4.0	2.0	2.3333333	5.0	5.0	5.0	0.0	1.0	0.0	1.0	1.0	1.0	0.0	0.0	0.0	1.0		0.0	0.0		1.0	5.0	1.0	5.0	1.0	5.0	1.0	1.0	0.0	1.0	0.0	3.0	0.0	2.0	0.0	5.0	1.0	2.0	0.0	3.375	0.5	2.0	0.0	2.0	0.0	3.0	0.0	4.0	1.0	4.0	1.0	5.0	1.0	5.0	1.0	1.0	5.0	1.0	5.0	1.0	5.0	1.0	1.0	0.0	1.0	0.0	3.0	0.0	2.0	0.0	5.0	1.0	2.0	0.0	3.375	0.0	0.0	0.0	0.0	0.0	0.0	0.0	0.0	0.0	0.0	0.0	0.0	0.0	0.0	0.0	0.0	0.0	0.0	0.0	0.0			1.0	0.0	1.0
3	2	1	4	25	24	3	1	0.0	1.0	1.0	0.0	4.0	0.0	0.0	1.0	3.0	3.0	3.0	3.0	3.0	5.0	3.0	3.6666667	0.0	3.0	3.0	3.0	3.0	3.0	3.0	2.0	0.0	0.0	0.0	0.0	0.0	0.0	0.0	0.0	0.0	1.0		0.0	0.0		1.0	3.0	0.0	4.0	1.0	3.0	0.0	3.0	0.0	2.0	0.0	3.0	0.0	3.0	0.0	3.0	0.0	3.0	0.0	3.0	0.125	3.0	0.0	3.0	0.0	3.0	0.0	3.0	0.0	3.0	0.0	3.0	0.0	3.0	0.0	0.0	3.0	0.0	3.0	0.0	3.0	0.0	3.0	0.0	3.0	0.0	3.0	0.0	3.0	0.0	3.0	0.0	3.0	0.0	3.0	0.0	-1.0	0.0	0.0	1.0	0.0	0.0	0.0	0.0	0.0	0.0	-1.0	0.0	0.0	0.0	0.0	0.0	0.0	0.0	-0.125			0.0	0.0	0.0
1	3	4	2	54	9	6	3	0.0	0.0	1.0	0.0	6.0	0.0	0.0	1.0	3.0	3.0	3.0	3.0	3.0	3.0	3.0	3.0	91.0	4.0	4.0	3.0	3.6666667	4.0	3.0	5.0	1.0	0.0	1.0	1.0	2.0	1.0	1.0	0.0	1.0	0.0	1.0	1.0		0.0	0.0	4.0	1.0	4.0	1.0	4.0	1.0	3.0	0.0	2.0	0.0	3.0	0.0	3.0	0.0	4.0	1.0	3.0	0.0	3.375	0.5	3.0	0.0	3.0	0.0	4.0	1.0	3.0	0.0	3.0	0.0	4.0	1.0	4.0	1.0	1.0	4.0	1.0	4.0	1.0	4.0	1.0	2.0	0.0	2.0	0.0	3.0	0.0	3.0	0.0	4.0	1.0	3.0	0.0	3.25	0.0	0.0	0.0	-1.0	0.0	0.0	0.0	0.0	0.0	-0.125	0.0	0.0	0.0	0.0	0.0	0.0	0.0	0.0	0.0	0.0	4.0	1.0	1.0	1.0	1.0
1	4	3	2	52	3	5	3	0.0	1.0	1.0	0.0	7.0	0.0	1.0	0.0	1.0	2.0	1.0	1.3333334	4.0	5.0	5.0	4.6666665	27.0	3.0	3.0	3.0	3.0	3.0	3.0	1.0	0.0	0.0	1.0	0.0	1.0	1.0	1.0	0.0	1.0	0.0	1.0	1.0		0.0	0.0	3.0	0.0	5.0	1.0	3.0	0.0	5.0	1.0	4.0	1.0	3.0	0.0	5.0	1.0	3.0	0.0	5.0	1.0	3.875	0.5	4.0	1.0	4.0	1.0	4.0	1.0	4.0	1.0	4.0	1.0	5.0	1.0	5.0	1.0	1.0	5.0	1.0	4.0	1.0	3.0	0.0	4.0	1.0	4.0	1.0	3.0	0.0	5.0	1.0	4.0	1.0	4.0	1.0	4.0	2.0	-1.0	0.0	-1.0	0.0	0.0	0.0	1.0	-1.0	0.125	1.0	0.0	0.0	0.0	0.0	0.0	0.0	1.0	0.0	0.25	5.0	1.0	1.0	1.0	1.0
2	1	3	4	30	1	6	2	0.0	1.0	1.0	0.0	3.0	0.0	0.0	1.0	3.0	3.0	3.0	3.0	3.0	4.0	3.0	3.3333333	0.0	3.0	3.0	3.0	3.0	3.0	3.0	4.0	0.0	0.0	1.0	0.0	1.0	1.0	0.0	0.0	0.0	1.0		0.0	0.0		1.0	4.0	1.0	4.0	1.0	3.0	0.0	3.0	0.0	4.0	1.0	3.0	0.0	3.0	0.0	5.0	1.0	4.0	1.0	3.625	0.5	2.0	0.0	4.0	1.0	3.0	0.0	3.0	0.0	4.0	1.0	5.0	1.0	4.0	1.0	1.0	5.0	1.0	5.0	1.0	3.0	0.0	3.0	0.0	5.0	1.0	4.0	1.0	4.0	1.0	5.0	1.0	4.0	1.0	4.25	1.0	1.0	0.0	0.0	1.0	1.0	1.0	0.0	0.0	0.625	0.0	0.0	0.0	0.0	0.0	1.0	1.0	0.0	0.0	0.25			0.0	0.0	0.0
3	2	1	4	28	15	5	3	0.0	1.0	1.0	0.0	8.0	0.0	1.0	0.0	2.0	5.0	5.0	4.0	5.0	4.0	4.0	4.3333335	47.0	5.0	2.0	1.0	2.6666667	3.0	4.0	5.0	1.0	0.0	0.0	0.0	0.0	0.0	1.0	0.0	1.0	0.0	1.0	1.0		1.0	1.0	5.0	1.0	5.0	1.0	1.0	0.0	2.0	0.0	3.0	0.0	4.0	1.0	1.0	0.0	4.0	1.0	5.0	1.0	3.125	0.5	3.0	0.0	5.0	1.0	4.0	1.0	5.0	1.0	3.0	0.0	5.0	1.0	2.0	0.0	0.0	5.0	1.0	5.0	1.0	2.0	0.0	4.0	1.0	4.0	1.0	3.0	0.0	3.0	0.0	3.0	0.0	5.0	1.0	3.625	0.0	0.0	1.0	2.0	1.0	-1.0	2.0	-1.0	0.0	0.5	0.0	0.0	0.0	1.0	1.0	-1.0	0.0	-1.0	0.0	0.0			0.0	1.0	0.0
1	4	2	3	28	17	6	3	0.0	1.0	0.0	1.0	1.0	1.0	0.0	0.0	1.0	3.0	1.0	1.6666666	4.0	4.0	4.0	4.0	-21.0	1.0	5.0	3.0	3.0	4.0	1.0	4.0	0.0	1.0	1.0	1.0	2.0	1.0	0.0	1.0	1.0	0.0	0.0		1.0	1.0	1.0	5.0	1.0	5.0	1.0	5.0	1.0	3.0	0.0	5.0	1.0	5.0	1.0	4.0	1.0	5.0	1.0	5.0	1.0	4.625	0.875	3.0	0.0	5.0	1.0	3.0	0.0	4.0	1.0	4.0	1.0	5.0	1.0	4.0	1.0	1.0	3.0	0.0	5.0	1.0	4.0	1.0	2.0	0.0	4.0	1.0	5.0	1.0	5.0	1.0	4.0	1.0	5.0	1.0	4.0	-2.0	0.0	-1.0	-1.0	-1.0	0.0	1.0	-1.0	0.0	-0.625	-1.0	0.0	0.0	0.0	0.0	0.0	0.0	0.0	0.0	-0.125			1.0	0.0	1.0
2	1	4	3	33	4	2	3	0.0	1.0	1.0	0.0	8.0	0.0	1.0	0.0	3.0	4.0	4.0	3.6666667	4.0	5.0	4.0	4.3333335	-11.0	5.0	3.0	4.0	4.0	5.0	4.0	4.0	1.0	0.0	1.0	1.0	2.0	1.0	1.0	0.0	1.0	0.0	1.0	1.0		0.0	0.0	1.0	0.0	4.0	1.0	2.0	0.0	5.0	1.0	2.0	0.0	5.0	1.0	4.0	1.0	5.0	1.0	4.0	1.0	3.5	0.625	4.0	1.0	4.0	1.0	5.0	1.0	5.0	1.0	3.0	0.0	4.0	1.0	2.0	0.0	0.0	3.0	0.0	3.0	0.0	5.0	1.0	5.0	1.0	5.0	1.0	5.0	1.0	2.0	0.0	4.0	1.0	2.0	0.0	4.0	2.0	-1.0	3.0	0.0	3.0	0.0	-2.0	-1.0	-2.0	0.5	0.0	-1.0	1.0	0.0	1.0	0.0	-1.0	0.0	-1.0	0.0	5.0	1.0	0.0	0.0	0.0
3	2	4	1	40	9	6	2	0.0	1.0	1.0	0.0	5.0	0.0	0.0	1.0	4.0	2.0	4.0	3.3333333	4.0	4.0	3.0	3.6666667	1.0	2.0	2.0	2.0	2.0	5.0	4.0	1.0	0.0	0.0	1.0	1.0	2.0	1.0	1.0	0.0	1.0	0.0	1.0	1.0		0.0	0.0	4.0	1.0	5.0	1.0	2.0	0.0	4.0	1.0	4.0	1.0	5.0	1.0	4.0	1.0	4.0	1.0	4.0	1.0	4.0	0.875	4.0	1.0	3.0	0.0	4.0	1.0	4.0	1.0	4.0	1.0	4.0	1.0	4.0	1.0	0.0	4.0	1.0	4.0	1.0	2.0	0.0	4.0	1.0	4.0	1.0	5.0	1.0	4.0	1.0	4.0	1.0	4.0	1.0	3.875	0.0	-1.0	0.0	0.0	0.0	0.0	0.0	0.0	0.0	-0.125	0.0	0.0	0.0	0.0	0.0	0.0	0.0	0.0	0.0	0.0	5.0	1.0	0.0	0.0	0.0
2	4	3	1	24	7	7	1	0.0	1.0	1.0	0.0	8.0	0.0	1.0	0.0	1.0	2.0	1.0	1.3333334	2.0	5.0	1.0	2.6666667	38.0	2.0	4.0	3.0	3.0	4.0	3.0	4.0	1.0	0.0	1.0	0.0	1.0	1.0	0.0	0.0	0.0	1.0		0.0	0.0		1.0	4.0	1.0	5.0	1.0	3.0	0.0	3.0	0.0	4.0	1.0	4.0	1.0	5.0	1.0	5.0	1.0	4.0	1.0	4.125	0.75	2.0	0.0	3.0	0.0	3.0	0.0	3.0	0.0	3.0	0.0	5.0	1.0	4.0	1.0	0.0	5.0	1.0	3.0	0.0	3.0	0.0	3.0	0.0	4.0	1.0	4.0	1.0	4.0	1.0	4.0	1.0	4.0	1.0	3.75	1.0	-2.0	0.0	0.0	0.0	0.0	-1.0	-1.0	0.0	-0.375	0.0	-1.0	0.0	0.0	0.0	0.0	0.0	0.0	0.0	-0.125			0.0	1.0	1.0
4	2	3	1	48	19	5	3	0.0	1.0	1.0	0.0	7.0	0.0	1.0	0.0	1.0	1.0	1.0	1.0	3.0	5.0	3.0	3.6666667	0.0	5.0	4.0	4.0	4.3333335	4.0	1.0	3.0	1.0	0.0	0.0	1.0	1.0	1.0	0.0	0.0	0.0	1.0		0.0	0.0		1.0	5.0	1.0	5.0	1.0	2.0	0.0	2.0	0.0	4.0	1.0	1.0	0.0	1.0	0.0	3.0	0.0	5.0	1.0	2.875	0.375	3.0	0.0	2.0	0.0	3.0	0.0	3.0	0.0	3.0	0.0	3.0	0.0	3.0	0.0	0.0	5.0	1.0	5.0	1.0	3.0	0.0	2.0	0.0	3.0	0.0	1.0	0.0	1.0	0.0	5.0	1.0	3.0	0.0	3.125	0.0	0.0	1.0	0.0	-1.0	0.0	0.0	2.0	-2.0	0.25	0.0	0.0	0.0	0.0	-1.0	0.0	0.0	1.0	-1.0	0.0			0.0	0.0	0.0
4	3	2	1	52	20	4	3	0.0	1.0	1.0	0.0	7.0	0.0	1.0	0.0	2.0	2.0	1.0	1.6666666	1.0	4.0	1.0	2.0	0.0	3.0	4.0	4.0	3.6666667	3.0	3.0	2.0	1.0	0.0	1.0	1.0	2.0	1.0	0.0	1.0	1.0	0.0	0.0		1.0	0.0	0.0	3.0	0.0	3.0	0.0	2.0	0.0	1.0	0.0	3.0	0.0	2.0	0.0	2.0	0.0	3.0	0.0	2.0	0.0	2.375	0.0	3.0	0.0	3.0	0.0	3.0	0.0	3.0	0.0	4.0	1.0	3.0	0.0	3.0	0.0	0.0	3.0	0.0	3.0	0.0	3.0	0.0	1.0	0.0	3.0	0.0	1.0	0.0	3.0	0.0	3.0	0.0	2.0	0.0	2.5	0.0	0.0	1.0	0.0	0.0	-1.0	1.0	0.0	0.0	0.125	0.0	0.0	0.0	0.0	0.0	0.0	0.0	0.0	0.0	0.0	4.0	1.0	0.0	0.0	0.0
3	2	4	1	55	3	6	4	0.0	1.0	1.0	0.0	1.0	1.0	0.0	0.0	1.0	1.0	1.0	1.0	2.0	3.0	1.0	2.0	-40.0	1.0	2.0	2.0	1.6666666	5.0	5.0	4.0	0.0	1.0	1.0	1.0	2.0	0.0	0.0	0.0	0.0	1.0		0.0	0.0		1.0	5.0	1.0	5.0	1.0	5.0	1.0	1.0	0.0	1.0	0.0	5.0	1.0	5.0	1.0	5.0	1.0	5.0	1.0	4.0	0.75	2.0	0.0	4.0	1.0	4.0	1.0	4.0	1.0	4.0	1.0	5.0	1.0	5.0	1.0	0.0	5.0	1.0	5.0	1.0	5.0	1.0	2.0	0.0	2.0	0.0	5.0	1.0	5.0	1.0	5.0	1.0	5.0	1.0	4.25	0.0	0.0	0.0	1.0	1.0	0.0	0.0	0.0	0.0	0.25	0.0	0.0	0.0	0.0	0.0	0.0	0.0	0.0	0.0	0.0			0.0	0.0	0.0
2	3	4	1	51	5	6	4	0.0	1.0	1.0	0.0	2.0	1.0	0.0	0.0	4.0	3.0	2.0	3.0	2.0	3.0	2.0	2.3333333	-1.0	4.0	3.0	4.0	3.6666667	3.0	3.0	3.0	0.0	0.0	0.0	0.0	0.0	1.0	0.0	1.0	1.0	0.0	0.0		1.0	0.0	0.0	2.0	0.0	2.0	0.0	2.0	0.0	2.0	0.0	2.0	0.0	3.0	0.0	2.0	0.0	3.0	0.0	2.0	0.0	2.25	0.0	3.0	0.0	3.0	0.0	2.0	0.0	3.0	0.0	4.0	1.0	4.0	1.0	3.0	0.0	0.0	3.0	0.0	3.0	0.0	2.0	0.0	2.0	0.0	2.0	0.0	2.0	0.0	2.0	0.0	3.0	0.0	2.0	0.0	2.375	1.0	1.0	0.0	0.0	0.0	-1.0	0.0	0.0	0.0	0.125	0.0	0.0	0.0	0.0	0.0	0.0	0.0	0.0	0.0	0.0	2.0	0.0	0.0	0.0	1.0
1	3	4	2	31	16	6	3	0.0	1.0	0.0	0.0	8.0	0.0	1.0	0.0	5.0	2.0	3.0	3.3333333	1.0	3.0	1.0	1.6666666	0.0	3.0	1.0	2.0	2.0	3.0	3.0	5.0	1.0	0.0	1.0	1.0	2.0	1.0	0.0	1.0	1.0	0.0	0.0		1.0	0.0	0.0	5.0	1.0	5.0	1.0	3.0	0.0	1.0	0.0	1.0	0.0	1.0	0.0	1.0	0.0	3.0	0.0	1.0	0.0	2.5	0.25	1.0	0.0	2.0	0.0	3.0	0.0	1.0	0.0	2.0	0.0	5.0	1.0	5.0	1.0	1.0	5.0	1.0	5.0	1.0	2.0	0.0	1.0	0.0	1.0	0.0	2.0	0.0	1.0	0.0	5.0	1.0	3.0	0.0	2.75	0.0	0.0	-1.0	0.0	0.0	1.0	0.0	2.0	2.0	0.25	0.0	0.0	0.0	0.0	0.0	0.0	0.0	1.0	0.0	0.125	5.0	1.0	1.0	0.0	1.0
3	2	4	1	41	2	5	3	0.0	1.0	1.0	0.0	8.0	0.0	1.0	0.0	4.0	4.0	3.0	3.6666667	3.0	5.0	4.0	4.0	80.0	4.0	4.0	3.0	3.6666667	4.0	3.0	5.0	1.0	0.0	1.0	1.0	2.0	0.0	1.0	0.0	1.0	0.0	1.0	1.0		0.0	0.0	3.0	0.0	3.0	0.0	3.0	0.0	3.0	0.0	3.0	0.0	3.0	0.0	3.0	0.0	3.0	0.0	3.0	0.0	3.0	0.0	3.0	0.0	3.0	0.0	3.0	0.0	4.0	1.0	3.0	0.0	4.0	1.0	4.0	1.0	0.0	3.0	0.0	3.0	0.0	3.0	0.0	3.0	0.0	3.0	0.0	3.0	0.0	3.0	0.0	3.0	0.0	3.0	0.0	3.0	0.0	0.0	0.0	0.0	0.0	0.0	0.0	0.0	0.0	0.0	0.0	0.0	0.0	0.0	0.0	0.0	0.0	0.0	0.0	0.0	3.0	0.0	0.0	1.0	0.0
1	3	4	2	37	10	5	2	0.0	1.0	1.0	0.0	8.0	0.0	1.0	0.0	3.0	3.0	2.0	2.6666667	3.0	4.0	4.0	3.6666667	45.0	4.0	4.0	3.0	3.6666667	1.0	2.0	1.0	1.0	0.0	0.0	1.0	1.0	1.0	0.0	1.0	1.0	0.0	0.0		1.0	1.0	1.0	3.0	0.0	3.0	0.0	3.0	0.0	3.0	0.0	2.0	0.0	2.0	0.0	2.0	0.0	3.0	0.0	3.0	0.0	2.625	0.0	2.0	0.0	2.0	0.0	2.0	0.0	3.0	0.0	2.0	0.0	3.0	0.0	3.0	0.0	0.0	3.0	0.0	3.0	0.0	3.0	0.0	3.0	0.0	3.0	0.0	2.0	0.0	2.0	0.0	3.0	0.0	3.0	0.0	2.75	0.0	0.0	0.0	0.0	1.0	0.0	0.0	0.0	0.0	0.125	0.0	0.0	0.0	0.0	0.0	0.0	0.0	0.0	0.0	0.0			1.0	1.0	1.0
2	1	4	3	25	5	2	3	0.0	1.0	1.0	0.0	8.0	0.0	1.0	0.0	3.0	2.0	1.0	2.0	1.0	1.0	1.0	1.0	98.0	3.0	4.0	5.0	4.0	5.0	4.0	4.0	1.0	0.0	0.0	0.0	0.0	0.0	0.0	0.0	0.0	1.0		0.0	0.0		1.0	4.0	1.0	4.0	1.0	3.0	0.0	3.0	0.0	3.0	0.0	1.0	0.0	1.0	0.0	1.0	0.0	1.0	0.0	2.5	0.25	3.0	0.0	2.0	0.0	1.0	0.0	1.0	0.0	1.0	0.0	1.0	0.0	1.0	0.0	0.0	3.0	0.0	2.0	0.0	5.0	1.0	1.0	0.0	1.0	0.0	1.0	0.0	1.0	0.0	2.0	0.0	1.0	0.0	2.0	-1.0	-2.0	2.0	-2.0	-2.0	0.0	0.0	1.0	0.0	-0.5	-1.0	-1.0	1.0	0.0	0.0	0.0	0.0	0.0	0.0	-0.125			0.0	1.0	0.0
1	2	3	4	44	2	1	4	0.0	0.0	1.0	0.0	8.0	0.0	1.0	0.0	1.0	2.0	3.0	2.0	2.0	4.0	1.0	2.3333333	0.0	3.0	3.0	3.0	3.0	4.0	4.0	3.0	1.0	0.0	1.0	1.0	2.0	1.0	1.0	0.0	1.0	0.0	1.0	1.0		1.0	1.0	3.0	0.0	3.0	0.0	3.0	0.0	2.0	0.0	3.0	0.0	5.0	1.0	3.0	0.0	3.0	0.0	3.0	0.0	3.125	0.125	2.0	0.0	2.0	0.0	3.0	0.0	4.0	1.0	4.0	1.0	5.0	1.0	4.0	1.0	0.0	4.0	1.0	5.0	1.0	2.0	0.0	2.0	0.0	4.0	1.0	5.0	1.0	3.0	0.0	1.0	0.0	5.0	1.0	3.25	1.0	2.0	-1.0	0.0	1.0	0.0	0.0	-2.0	2.0	0.125	1.0	1.0	0.0	0.0	1.0	0.0	0.0	0.0	1.0	0.375			1.0	0.0	1.0
2	4	1	3	34	17	6	4	0.0	1.0	0.0	0.0	1.0	1.0	0.0	0.0	1.0	2.0	1.0	1.3333334	3.0	5.0	4.0	4.0	-49.0	5.0	4.0	3.0	4.0	5.0	5.0	5.0	0.0	1.0	0.0	1.0	1.0	0.0	0.0	1.0	1.0	0.0	0.0		1.0	0.0	0.0	5.0	1.0	5.0	1.0	5.0	1.0	5.0	1.0	5.0	1.0	5.0	1.0	5.0	1.0	5.0	1.0	5.0	1.0	5.0	1.0	5.0	1.0	5.0	1.0	5.0	1.0	5.0	1.0	5.0	1.0	5.0	1.0	5.0	1.0	1.0	5.0	1.0	5.0	1.0	5.0	1.0	5.0	1.0	5.0	1.0	5.0	1.0	5.0	1.0	5.0	1.0	5.0	1.0	5.0	0.0	0.0	0.0	0.0	0.0	0.0	0.0	0.0	0.0	0.0	0.0	0.0	0.0	0.0	0.0	0.0	0.0	0.0	0.0	0.0	5.0	1.0	0.0	0.0	1.0
3	1	4	2	43	2	6	2	0.0	1.0	1.0	0.0	1.0	1.0	0.0	0.0	1.0	1.0	1.0	1.0	1.0	3.0	1.0	1.6666666	0.0	1.0	1.0	5.0	2.3333333	5.0	5.0	4.0	0.0	1.0	1.0	1.0	2.0	1.0	1.0	0.0	1.0	0.0	1.0	1.0		1.0	1.0	5.0	1.0	5.0	1.0	5.0	1.0	1.0	0.0	3.0	0.0	5.0	1.0	5.0	1.0	5.0	1.0	5.0	1.0	4.25	0.75	2.0	0.0	2.0	0.0	4.0	1.0	2.0	0.0	4.0	1.0	5.0	1.0	5.0	1.0	1.0	5.0	1.0	5.0	1.0	5.0	1.0	3.0	0.0	3.0	0.0	5.0	1.0	5.0	1.0	5.0	1.0	5.0	1.0	4.5	0.0	0.0	0.0	2.0	0.0	0.0	0.0	0.0	0.0	0.25	0.0	0.0	0.0	0.0	0.0	0.0	0.0	0.0	0.0	0.0			0.0	0.0	0.0
1	3	2	4	47	1	6	4	0.0	1.0	0.0	0.0	1.0	1.0	0.0	0.0	3.0	4.0	2.0	3.0	4.0	5.0	4.0	4.3333335	-2.0	3.0	2.0	3.0	2.6666667	4.0	2.0	2.0	0.0	1.0	0.0	0.0	0.0	1.0	0.0	1.0	1.0	0.0	0.0		1.0	1.0	1.0	5.0	1.0	5.0	1.0	3.0	0.0	5.0	1.0	4.0	1.0	4.0	1.0	4.0	1.0	3.0	0.0	3.0	0.0	4.125	0.75	3.0	0.0	4.0	1.0	3.0	0.0	3.0	0.0	4.0	1.0	5.0	1.0	4.0	1.0	0.0	5.0	1.0	5.0	1.0	3.0	0.0	5.0	1.0	5.0	1.0	5.0	1.0	4.0	1.0	4.0	1.0	4.0	1.0	4.5	0.0	0.0	0.0	0.0	1.0	1.0	0.0	1.0	1.0	0.375	0.0	0.0	0.0	0.0	0.0	0.0	0.0	1.0	1.0	0.125			1.0	0.0	1.0
1	4	2	3	27	1	5	3	0.0	1.0	0.0	1.0	2.0	1.0	0.0	0.0	1.0	1.0	3.0	1.6666666	5.0	5.0	3.0	4.3333335	-19.0	4.0	3.0	5.0	4.0	5.0	5.0	2.0	0.0	1.0	0.0	0.0	0.0	1.0	0.0	1.0	1.0	0.0	0.0		1.0	0.0	0.0	5.0	1.0	5.0	1.0	5.0	1.0	4.0	1.0	5.0	1.0	4.0	1.0	5.0	1.0	3.0	0.0	1.0	0.0	4.5	0.875	5.0	1.0	3.0	0.0	5.0	1.0	1.0	0.0	5.0	1.0	5.0	1.0	5.0	1.0	0.0	4.0	1.0	5.0	1.0	5.0	1.0	5.0	1.0	4.0	1.0	5.0	1.0	5.0	1.0	4.0	1.0	5.0	1.0	4.625	-1.0	0.0	0.0	1.0	-1.0	1.0	0.0	1.0	4.0	0.125	0.0	0.0	0.0	0.0	0.0	0.0	0.0	1.0	1.0	0.125	5.0	1.0	1.0	0.0	1.0
2	3	4	1	24	19	2	2	0.0	0.0	1.0	0.0	1.0	1.0	0.0	0.0	1.0	1.0	1.0	1.0	3.0	1.0	3.0	2.3333333	-99.0	2.0	1.0	1.0	1.3333334	5.0	4.0	5.0	0.0	1.0	0.0	1.0	1.0	0.0	1.0	0.0	1.0	0.0	1.0	1.0		0.0	0.0	4.0	1.0	5.0	1.0	4.0	1.0	1.0	0.0	1.0	0.0	5.0	1.0	3.0	0.0	5.0	1.0	3.0	0.0	3.5	0.625	2.0	0.0	3.0	0.0	4.0	1.0	2.0	0.0	3.0	0.0	5.0	1.0	5.0	1.0	1.0	5.0	1.0	5.0	1.0	4.0	1.0	1.0	0.0	1.0	0.0	5.0	1.0	5.0	1.0	5.0	1.0	3.0	0.0	3.875	1.0	0.0	0.0	0.0	0.0	0.0	2.0	0.0	0.0	0.375	0.0	0.0	0.0	0.0	0.0	0.0	1.0	0.0	0.0	0.125	1.0	0.0	0.0	0.0	1.0
4	3	1	2	20	10	1	2	0.0	1.0	0.0	0.0	6.0	0.0	0.0	1.0	4.0	3.0	3.0	3.3333333	3.0	4.0	4.0	3.6666667	5.0	4.0	2.0	2.0	2.6666667	3.0	2.0	4.0	1.0	0.0	1.0	1.0	2.0	0.0	0.0	0.0	0.0	1.0		0.0	0.0		1.0	3.0	0.0	5.0	1.0	4.0	1.0	4.0	1.0	4.0	1.0	4.0	1.0	4.0	1.0	4.0	1.0	4.0	1.0	4.0	0.875	3.0	0.0	4.0	1.0	4.0	1.0	4.0	1.0	4.0	1.0	4.0	1.0	4.0	1.0	1.0	5.0	1.0	4.0	1.0	4.0	1.0	4.0	1.0	4.0	1.0	5.0	1.0	4.0	1.0	4.0	1.0	4.0	1.0	4.25	2.0	-1.0	0.0	0.0	0.0	1.0	0.0	0.0	0.0	0.25	1.0	0.0	0.0	0.0	0.0	0.0	0.0	0.0	0.0	0.125			0.0	1.0	0.0
4	1	2	3	52	11	6	4	0.0	1.0	1.0	0.0	8.0	0.0	1.0	0.0	3.0	4.0	2.0	3.0	4.0	4.0	2.0	3.3333333	1.0	3.0	2.0	4.0	3.0	3.0	2.0	3.0	0.0	0.0	0.0	1.0	1.0	0.0	0.0	0.0	0.0	1.0		0.0	0.0		1.0	5.0	1.0	4.0	1.0	1.0	0.0	2.0	0.0	2.0	0.0	3.0	0.0	5.0	1.0	4.0	1.0	2.0	0.0	3.25	0.5	2.0	0.0	5.0	1.0	4.0	1.0	4.0	1.0	4.0	1.0	4.0	1.0	5.0	1.0	0.0	5.0	1.0	4.0	1.0	5.0	1.0	4.0	1.0	4.0	1.0	3.0	0.0	4.0	1.0	4.0	1.0	4.0	1.0	4.125	0.0	0.0	4.0	2.0	2.0	0.0	-1.0	0.0	2.0	0.875	0.0	0.0	1.0	1.0	1.0	0.0	0.0	0.0	1.0	0.375			0.0	0.0	0.0
3	2	4	1	44	20	5	2	0.0	0.0	1.0	0.0	5.0	0.0	0.0	1.0	5.0	5.0	5.0	5.0	5.0	5.0	5.0	5.0	0.0	3.0	4.0	3.0	3.3333333	4.0	3.0	3.0	0.0	0.0	1.0	1.0	2.0	1.0	1.0	0.0	1.0	0.0	1.0	1.0		0.0	0.0	5.0	1.0	4.0	1.0	3.0	0.0	1.0	0.0	1.0	0.0	3.0	0.0	2.0	0.0	3.0	0.0	3.0	0.0	2.75	0.25	4.0	1.0	2.0	0.0	3.0	0.0	2.0	0.0	3.0	0.0	5.0	1.0	4.0	1.0	0.0	5.0	1.0	5.0	1.0	3.0	0.0	1.0	0.0	1.0	0.0	3.0	0.0	2.0	0.0	3.0	0.0	3.0	0.0	2.875	0.0	1.0	0.0	0.0	0.0	0.0	0.0	0.0	0.0	0.125	0.0	0.0	0.0	0.0	0.0	0.0	0.0	0.0	0.0	0.0	5.0	1.0	0.0	0.0	0.0
1	3	4	2	52	1	4	2	0.0	1.0	1.0	0.0	2.0	1.0	0.0	0.0	1.0	3.0	3.0	2.3333333	4.0	4.0	3.0	3.6666667	-4.0	3.0	2.0	2.0	2.3333333	3.0	4.0	2.0	0.0	1.0	0.0	1.0	1.0	1.0	0.0	0.0	0.0	1.0		0.0	0.0		1.0	4.0	1.0	4.0	1.0	2.0	0.0	1.0	0.0	3.0	0.0	3.0	0.0	3.0	0.0	3.0	0.0	4.0	1.0	2.875	0.25	3.0	0.0	2.0	0.0	5.0	1.0	5.0	1.0	3.0	0.0	3.0	0.0	4.0	1.0	0.0	5.0	1.0	5.0	1.0	5.0	1.0	3.0	0.0	4.0	1.0	5.0	1.0	4.0	1.0	5.0	1.0	5.0	1.0	4.5	1.0	1.0	3.0	2.0	1.0	2.0	1.0	2.0	1.0	1.625	0.0	0.0	1.0	0.0	1.0	1.0	1.0	1.0	0.0	0.625			1.0	0.0	1.0
3	2	4	1	37	14	6	3	0.0	0.0	1.0	0.0	1.0	1.0	0.0	0.0	1.0	1.0	1.0	1.0	4.0	4.0	2.0	3.3333333	-60.0	2.0	4.0	2.0	2.6666667	4.0	4.0	4.0	0.0	1.0	0.0	1.0	1.0	0.0	0.0	1.0	1.0	0.0	0.0		1.0	1.0	1.0	5.0	1.0	5.0	1.0	4.0	1.0	1.0	0.0	2.0	0.0	5.0	1.0	5.0	1.0	5.0	1.0	4.0	1.0	4.0	0.75	4.0	1.0	2.0	0.0	5.0	1.0	4.0	1.0	4.0	1.0	5.0	1.0	5.0	1.0	0.0	5.0	1.0	5.0	1.0	4.0	1.0	1.0	0.0	2.0	0.0	5.0	1.0	5.0	1.0	5.0	1.0	4.0	1.0	4.0	0.0	0.0	0.0	0.0	0.0	0.0	0.0	0.0	0.0	0.0	0.0	0.0	0.0	0.0	0.0	0.0	0.0	0.0	0.0	0.0			0.0	0.0	0.0
2	3	4	1	52	19	6	4	0.0	1.0	1.0	0.0	1.0	1.0	0.0	0.0	1.0	1.0	1.0	1.0	1.0	3.0	1.0	1.6666666	0.0	1.0	2.0	2.0	1.6666666	5.0	5.0	4.0	0.0	1.0	0.0	1.0	1.0	0.0	0.0	0.0	0.0	1.0		0.0	0.0		1.0	5.0	1.0	5.0	1.0	4.0	1.0	1.0	0.0	1.0	0.0	5.0	1.0	5.0	1.0	5.0	1.0	3.0	0.0	3.875	0.75	4.0	1.0	3.0	0.0	4.0	1.0	3.0	0.0	5.0	1.0	5.0	1.0	5.0	1.0	1.0	5.0	1.0	5.0	1.0	5.0	1.0	1.0	0.0	1.0	0.0	5.0	1.0	5.0	1.0	5.0	1.0	4.0	1.0	4.0	0.0	0.0	1.0	0.0	0.0	0.0	0.0	0.0	1.0	0.125	0.0	0.0	0.0	0.0	0.0	0.0	0.0	0.0	1.0	0.0			0.0	0.0	1.0
1	3	2	4	31	14	7	3	0.0	0.0	1.0	0.0	1.0	1.0	0.0	0.0	1.0	1.0	1.0	1.0	3.0	3.0	1.0	2.3333333	-100.0	3.0	3.0	3.0	3.0	5.0	3.0	5.0	0.0	1.0	1.0	1.0	2.0	0.0	0.0	1.0	1.0	0.0	0.0		1.0	1.0	1.0	5.0	1.0	5.0	1.0	5.0	1.0	2.0	0.0	1.0	0.0	5.0	1.0	5.0	1.0	5.0	1.0	5.0	1.0	4.125	0.75	1.0	0.0	5.0	1.0	5.0	1.0	3.0	0.0	5.0	1.0	5.0	1.0	5.0	1.0	0.0	1.0	0.0	5.0	1.0	5.0	1.0	2.0	0.0	1.0	0.0	5.0	1.0	5.0	1.0	5.0	1.0	5.0	1.0	3.625	-4.0	0.0	0.0	0.0	0.0	0.0	0.0	0.0	0.0	-0.5	-1.0	0.0	0.0	0.0	0.0	0.0	0.0	0.0	0.0	-0.125			1.0	0.0	1.0
2	4	1	3	41	1	2	3	0.0	1.0	0.0	0.0	2.0	1.0	0.0	0.0	1.0	3.0	1.0	1.6666666	4.0	5.0	4.0	4.3333335	0.0	3.0	5.0	4.0	4.0	5.0	3.0	4.0	0.0	0.0	0.0	0.0	0.0	0.0	1.0	0.0	1.0	0.0	1.0	1.0		0.0	0.0	3.0	0.0	3.0	0.0	3.0	0.0	3.0	0.0	3.0	0.0	3.0	0.0	4.0	1.0	3.0	0.0	3.0	0.0	3.125	0.125	3.0	0.0	3.0	0.0	3.0	0.0	3.0	0.0	3.0	0.0	3.0	0.0	3.0	0.0	0.0	3.0	0.0	3.0	0.0	3.0	0.0	3.0	0.0	3.0	0.0	3.0	0.0	3.0	0.0	3.0	0.0	3.0	0.0	3.0	0.0	0.0	0.0	0.0	0.0	0.0	-1.0	0.0	0.0	-0.125	0.0	0.0	0.0	0.0	0.0	0.0	-1.0	0.0	0.0	-0.125	3.0	0.0	0.0	0.0	1.0
2	4	3	1	31	1	3	1	0.0	0.0	0.0	1.0	8.0	0.0	1.0	0.0	5.0	3.0	4.0	4.0	2.0	5.0	3.0	3.3333333	0.0	5.0	5.0	5.0	5.0	4.0	5.0	3.0	1.0	0.0	1.0	1.0	2.0	1.0	1.0	0.0	1.0	0.0	1.0	1.0		1.0	1.0	5.0	1.0	3.0	0.0	5.0	1.0	5.0	1.0	5.0	1.0	1.0	0.0	5.0	1.0	5.0	1.0	1.0	0.0	4.25	0.75	5.0	1.0	5.0	1.0	5.0	1.0	5.0	1.0	3.0	0.0	5.0	1.0	3.0	0.0	1.0	5.0	1.0	3.0	0.0	1.0	0.0	5.0	1.0	5.0	1.0	1.0	0.0	3.0	0.0	3.0	0.0	1.0	0.0	3.25	0.0	0.0	-4.0	0.0	0.0	0.0	-2.0	-2.0	0.0	-1.0	0.0	0.0	-1.0	0.0	0.0	0.0	-1.0	-1.0	0.0	-0.375			0.0	0.0	1.0
2	3	4	1	44	19	7	1	0.0	0.0	0.0	1.0	8.0	0.0	1.0	0.0	4.0	4.0	2.0	3.3333333	2.0	5.0	5.0	4.0	1.0	4.0	3.0	2.0	3.0	3.0	5.0	5.0	1.0	0.0	1.0	1.0	2.0	1.0	0.0	1.0	1.0	0.0	0.0		1.0	1.0	1.0	4.0	1.0	4.0	1.0	1.0	0.0	2.0	0.0	2.0	0.0	2.0	0.0	3.0	0.0	3.0	0.0	3.0	0.0	2.625	0.25	3.0	0.0	5.0	1.0	4.0	1.0	3.0	0.0	3.0	0.0	4.0	1.0	5.0	1.0	1.0	5.0	1.0	3.0	0.0	5.0	1.0	4.0	1.0	5.0	1.0	4.0	1.0	3.0	0.0	4.0	1.0	4.0	1.0	4.125	1.0	-1.0	4.0	2.0	3.0	2.0	0.0	1.0	1.0	1.5	0.0	-1.0	1.0	1.0	1.0	1.0	0.0	1.0	1.0	0.5			0.0	0.0	1.0
3	1	4	2	34	6	6	3	0.0	0.0	1.0	0.0	1.0	1.0	0.0	0.0	4.0	4.0	4.0	4.0	5.0	5.0	5.0	5.0	89.0	2.0	5.0	5.0	4.0	3.0	5.0	5.0	1.0	0.0	1.0	1.0	2.0	0.0	0.0	0.0	0.0	1.0		0.0	0.0		1.0	5.0	1.0	5.0	1.0	4.0	1.0	5.0	1.0	5.0	1.0	5.0	1.0	5.0	1.0	5.0	1.0	5.0	1.0	4.875	1.0	4.0	1.0	5.0	1.0	5.0	1.0	5.0	1.0	5.0	1.0	5.0	1.0	5.0	1.0	1.0	5.0	1.0	5.0	1.0	5.0	1.0	5.0	1.0	5.0	1.0	5.0	1.0	5.0	1.0	5.0	1.0	5.0	1.0	5.0	0.0	0.0	1.0	0.0	0.0	0.0	0.0	0.0	0.0	0.125	0.0	0.0	0.0	0.0	0.0	0.0	0.0	0.0	0.0	0.0			0.0	1.0	0.0
4	1	3	2	31	1	6	4	0.0	1.0	1.0	0.0	6.0	0.0	0.0	1.0	4.0	3.0	4.0	3.6666667	1.0	4.0	2.0	2.3333333	0.0	2.0	4.0	3.0	3.0	4.0	2.0	4.0	1.0	0.0	0.0	0.0	0.0	0.0	0.0	0.0	0.0	1.0		0.0	0.0		1.0	4.0	1.0	4.0	1.0	2.0	0.0	1.0	0.0	2.0	0.0	4.0	1.0	1.0	0.0	3.0	0.0	3.0	0.0	2.625	0.375	3.0	0.0	3.0	0.0	2.0	0.0	2.0	0.0	3.0	0.0	5.0	1.0	4.0	1.0	0.0	5.0	1.0	5.0	1.0	1.0	0.0	1.0	0.0	3.0	0.0	5.0	1.0	1.0	0.0	4.0	1.0	4.0	1.0	3.125	1.0	1.0	-1.0	0.0	1.0	1.0	0.0	1.0	1.0	0.5	0.0	0.0	0.0	0.0	0.0	0.0	0.0	1.0	1.0	0.125			0.0	0.0	0.0
4	3	2	1	28	19	6	1	0.0	1.0	1.0	0.0	6.0	0.0	0.0	1.0	3.0	4.0	3.0	3.3333333	3.0	3.0	3.0	3.0	10.0	4.0	4.0	4.0	4.0	4.0	3.0	3.0	1.0	0.0	0.0	0.0	0.0	0.0	1.0	0.0	1.0	0.0	1.0	1.0		0.0	0.0	3.0	0.0	3.0	0.0	3.0	0.0	3.0	0.0	3.0	0.0	3.0	0.0	3.0	0.0	3.0	0.0	3.0	0.0	3.0	0.0	2.0	0.0	3.0	0.0	3.0	0.0	3.0	0.0	3.0	0.0	3.0	0.0	3.0	0.0	0.0	3.0	0.0	3.0	0.0	3.0	0.0	3.0	0.0	3.0	0.0	3.0	0.0	3.0	0.0	3.0	0.0	3.0	0.0	3.0	0.0	0.0	0.0	0.0	0.0	0.0	0.0	0.0	0.0	0.0	0.0	0.0	0.0	0.0	0.0	0.0	0.0	0.0	0.0	0.0	3.0	0.0	0.0	1.0	0.0
2	3	4	1	47	6	4	3	0.0	1.0	1.0	0.0	1.0	1.0	0.0	0.0	1.0	1.0	1.0	1.0	4.0	4.0	1.0	3.0	-2.0	3.0	3.0	2.0	2.6666667	4.0	4.0	5.0	0.0	1.0	1.0	1.0	2.0	1.0	0.0	0.0	0.0	1.0		0.0	0.0		1.0	5.0	1.0	5.0	1.0	4.0	1.0	2.0	0.0	4.0	1.0	4.0	1.0	4.0	1.0	5.0	1.0	5.0	1.0	4.125	0.875	3.0	0.0	2.0	0.0	5.0	1.0	5.0	1.0	5.0	1.0	5.0	1.0	5.0	1.0	0.0	5.0	1.0	5.0	1.0	4.0	1.0	2.0	0.0	3.0	0.0	4.0	1.0	4.0	1.0	4.0	1.0	5.0	1.0	3.875	0.0	0.0	0.0	0.0	-1.0	0.0	0.0	-1.0	0.0	-0.25	0.0	0.0	0.0	0.0	-1.0	0.0	0.0	0.0	0.0	-0.125			0.0	0.0	1.0
3	1	4	2	53	7	4	3	0.0	0.0	1.0	0.0	1.0	1.0	0.0	0.0	3.0	3.0	2.0	2.6666667	3.0	2.0	1.0	2.0	0.0	1.0	4.0	2.0	2.3333333	4.0	1.0	5.0	0.0	1.0	1.0	0.0	1.0	1.0	1.0	0.0	1.0	0.0	1.0	1.0		1.0	1.0	5.0	1.0	5.0	1.0	4.0	1.0	1.0	0.0	1.0	0.0	1.0	0.0	1.0	0.0	5.0	1.0	1.0	0.0	2.875	0.5	2.0	0.0	1.0	0.0	1.0	0.0	1.0	0.0	1.0	0.0	5.0	1.0	1.0	0.0	0.0	5.0	1.0	5.0	1.0	5.0	1.0	1.0	0.0	1.0	0.0	1.0	0.0	1.0	0.0	5.0	1.0	1.0	0.0	3.0	0.0	0.0	1.0	0.0	0.0	0.0	0.0	0.0	0.0	0.125	0.0	0.0	0.0	0.0	0.0	0.0	0.0	0.0	0.0	0.0			0.0	0.0	0.0
1	4	3	2	25	5	2	4	0.0	1.0	1.0	0.0	4.0	0.0	0.0	1.0	2.0	2.0	2.0	2.0	4.0	4.0	4.0	4.0	0.0	2.0	3.0	2.0	2.3333333	5.0	4.0	4.0	0.0	1.0	1.0	1.0	2.0	1.0	0.0	1.0	1.0	0.0	0.0		1.0	0.0	0.0	5.0	1.0	5.0	1.0	4.0	1.0	2.0	0.0	3.0	0.0	3.0	0.0	4.0	1.0	3.0	0.0	4.0	1.0	3.625	0.5	3.0	0.0	3.0	0.0	4.0	1.0	3.0	0.0	4.0	1.0	5.0	1.0	1.0	0.0	0.0	5.0	1.0	4.0	1.0	3.0	0.0	2.0	0.0	3.0	0.0	3.0	0.0	4.0	1.0	4.0	1.0	4.0	1.0	3.5	0.0	-1.0	-1.0	0.0	0.0	0.0	0.0	1.0	0.0	-0.125	0.0	0.0	-1.0	0.0	0.0	0.0	0.0	1.0	0.0	0.0	5.0	1.0	1.0	0.0	1.0
3	2	1	4	76	3	4	3	1.0	0.0	1.0	0.0	2.0	1.0	0.0	0.0	3.0	3.0	3.0	3.0	3.0	3.0	1.0	2.3333333	2.0	1.0	3.0	1.0	1.6666666	1.0	1.0	4.0	0.0	0.0	1.0	0.0	1.0	0.0	1.0	0.0	1.0	0.0	1.0	1.0		0.0	0.0	5.0	1.0	5.0	1.0	1.0	0.0	1.0	0.0	1.0	0.0	1.0	0.0	1.0	0.0	5.0	1.0	1.0	0.0	2.5	0.375	3.0	0.0	1.0	0.0	1.0	0.0	5.0	1.0	1.0	0.0	5.0	1.0	4.0	1.0	0.0	3.0	0.0	5.0	1.0	1.0	0.0	1.0	0.0	1.0	0.0	1.0	0.0	1.0	0.0	1.0	0.0	1.0	0.0	1.75	-2.0	0.0	0.0	0.0	0.0	0.0	0.0	-4.0	0.0	-0.75	-1.0	0.0	0.0	0.0	0.0	0.0	0.0	-1.0	0.0	-0.25	5.0	1.0	0.0	1.0	0.0
4	2	3	1	75	10	4	3	1.0	1.0	1.0	0.0	2.0	1.0	0.0	0.0	1.0	3.0	1.0	1.6666666	1.0	2.0	1.0	1.3333334	1.0	1.0	1.0	1.0	1.0	5.0	5.0	4.0	0.0	1.0	1.0	1.0	2.0	1.0	0.0	1.0	1.0	0.0	0.0		1.0	0.0	0.0	1.0	0.0	1.0	0.0	1.0	0.0	1.0	0.0	1.0	0.0	1.0	0.0	1.0	0.0	1.0	0.0	1.0	0.0	1.0	0.0	4.0	1.0	2.0	0.0	1.0	0.0	1.0	0.0	1.0	0.0	1.0	0.0	1.0	0.0	0.0	1.0	0.0	1.0	0.0	1.0	0.0	1.0	0.0	1.0	0.0	1.0	0.0	1.0	0.0	1.0	0.0	1.0	0.0	1.0	0.0	0.0	0.0	0.0	0.0	0.0	0.0	0.0	0.0	0.0	0.0	0.0	0.0	0.0	0.0	0.0	0.0	0.0	0.0	0.0	3.0	0.0	0.0	0.0	0.0
2	3	4	1	75	16	7	1	1.0	1.0	1.0	0.0	1.0	1.0	0.0	0.0	1.0	3.0	3.0	2.3333333	3.0	3.0	1.0	2.3333333	43.0	3.0	4.0	3.0	3.3333333	2.0	1.0	5.0	0.0	1.0	1.0	1.0	2.0	0.0	0.0	1.0	1.0	0.0	0.0		1.0	0.0	0.0	5.0	1.0	5.0	1.0	5.0	1.0	1.0	0.0	1.0	0.0	4.0	1.0	3.0	0.0	5.0	1.0	4.0	1.0	3.625	0.625	3.0	0.0	3.0	0.0	4.0	1.0	4.0	1.0	3.0	0.0	5.0	1.0	5.0	1.0	0.0	3.0	0.0	5.0	1.0	5.0	1.0	1.0	0.0	1.0	0.0	4.0	1.0	2.0	0.0	5.0	1.0	4.0	1.0	3.25	-2.0	0.0	0.0	0.0	0.0	0.0	-1.0	0.0	0.0	-0.375	-1.0	0.0	0.0	0.0	0.0	0.0	0.0	0.0	0.0	-0.125	5.0	1.0	0.0	1.0	1.0
3	2	4	1	40	2	6	3	0.0	0.0	1.0	0.0	7.0	0.0	1.0	0.0	4.0	2.0	2.0	2.6666667	1.0	3.0	3.0	2.3333333	-4.0	1.0	2.0	2.0	1.6666666	1.0	1.0	5.0	1.0	0.0	1.0	1.0	2.0	1.0	0.0	1.0	1.0	0.0	0.0		1.0	0.0	0.0	5.0	1.0	4.0	1.0	5.0	1.0	1.0	0.0	1.0	0.0	1.0	0.0	1.0	0.0	3.0	0.0	1.0	0.0	2.625	0.375	1.0	0.0	1.0	0.0	1.0	0.0	1.0	0.0	1.0	0.0	3.0	0.0	3.0	0.0	0.0	4.0	1.0	3.0	0.0	2.0	0.0	1.0	0.0	1.0	0.0	1.0	0.0	1.0	0.0	1.0	0.0	1.0	0.0	1.75	-1.0	-1.0	-3.0	0.0	0.0	0.0	0.0	-2.0	0.0	-0.875	0.0	-1.0	-1.0	0.0	0.0	0.0	0.0	0.0	0.0	-0.25	4.0	1.0	0.0	0.0	0.0
2	1	3	4	43	4	5	1	0.0	0.0	0.0	0.0	1.0	1.0	0.0	0.0	1.0	1.0	1.0	1.0	5.0	5.0	4.0	4.6666665	30.0	1.0	4.0	1.0	2.0	4.0	5.0	4.0	0.0	1.0	1.0	1.0	2.0	0.0	0.0	0.0	0.0	1.0		0.0	0.0		1.0	1.0	0.0	1.0	0.0	1.0	0.0	2.0	0.0	5.0	1.0	5.0	1.0	5.0	1.0	5.0	1.0	3.0	0.0	3.125	0.5	5.0	1.0	2.0	0.0	4.0	1.0	5.0	1.0	3.0	0.0	5.0	1.0	5.0	1.0	1.0	5.0	1.0	1.0	0.0	2.0	0.0	2.0	0.0	5.0	1.0	5.0	1.0	5.0	1.0	5.0	1.0	5.0	1.0	3.75	4.0	0.0	1.0	0.0	0.0	0.0	0.0	0.0	2.0	0.625	1.0	0.0	0.0	0.0	0.0	0.0	0.0	0.0	1.0	0.125			0.0	1.0	0.0
1	3	2	4	81	6	6	4	1.0	0.0	1.0	0.0	2.0	1.0	0.0	0.0	2.0	2.0	2.0	2.0	3.0	2.0	2.0	2.3333333	21.0	4.0	4.0	3.0	3.6666667	4.0	2.0	4.0	0.0	1.0	1.0	1.0	2.0	1.0	1.0	0.0	1.0	0.0	1.0	1.0		0.0	0.0	4.0	1.0	4.0	1.0	1.0	0.0	1.0	0.0	1.0	0.0	4.0	1.0	1.0	0.0	3.0	0.0	4.0	1.0	2.375	0.375	3.0	0.0	2.0	0.0	2.0	0.0	2.0	0.0	2.0	0.0	4.0	1.0	4.0	1.0	0.0	4.0	1.0	4.0	1.0	1.0	0.0	1.0	0.0	1.0	0.0	4.0	1.0	1.0	0.0	3.0	0.0	4.0	1.0	2.375	0.0	0.0	0.0	0.0	0.0	0.0	0.0	0.0	0.0	0.0	0.0	0.0	0.0	0.0	0.0	0.0	0.0	0.0	0.0	0.0	4.0	1.0	1.0	1.0	1.0
2	1	4	3	83	19	2	3	1.0	1.0	1.0	0.0	7.0	0.0	1.0	0.0	1.0	1.0	1.0	1.0	4.0	3.0	2.0	3.0	38.0	3.0	1.0	1.0	1.6666666	4.0	5.0	5.0	0.0	1.0	1.0	1.0	2.0	1.0	0.0	0.0	0.0	1.0		0.0	0.0		1.0	5.0	1.0	5.0	1.0	5.0	1.0	1.0	0.0	3.0	0.0	5.0	1.0	5.0	1.0	5.0	1.0	4.0	1.0	4.25	0.75	3.0	0.0	3.0	0.0	4.0	1.0	4.0	1.0	2.0	0.0	5.0	1.0	5.0	1.0	1.0	5.0	1.0	5.0	1.0	5.0	1.0	5.0	1.0	5.0	1.0	5.0	1.0	5.0	1.0	5.0	1.0	5.0	1.0	5.0	0.0	0.0	0.0	4.0	2.0	0.0	0.0	0.0	1.0	0.75	0.0	0.0	0.0	1.0	1.0	0.0	0.0	0.0	0.0	0.25			0.0	1.0	0.0
1	3	4	2	31	4	6	4	0.0	1.0	1.0	0.0	7.0	0.0	1.0	0.0	3.0	3.0	3.0	3.0	3.0	3.0	3.0	3.0	-37.0	3.0	3.0	3.0	3.0	3.0	4.0	3.0	1.0	0.0	0.0	0.0	0.0	0.0	0.0	1.0	1.0	0.0	0.0		1.0	0.0	0.0	3.0	0.0	3.0	0.0	3.0	0.0	3.0	0.0	3.0	0.0	3.0	0.0	3.0	0.0	3.0	0.0	3.0	0.0	3.0	0.0	3.0	0.0	3.0	0.0	3.0	0.0	3.0	0.0	3.0	0.0	3.0	0.0	3.0	0.0	0.0	3.0	0.0	3.0	0.0	3.0	0.0	3.0	0.0	3.0	0.0	3.0	0.0	3.0	0.0	2.0	0.0	3.0	0.0	2.875	0.0	0.0	0.0	0.0	0.0	0.0	0.0	-1.0	0.0	-0.125	0.0	0.0	0.0	0.0	0.0	0.0	0.0	0.0	0.0	0.0	3.0	0.0	1.0	0.0	1.0
4	1	3	2	39	6	6	2	0.0	0.0	1.0	0.0	1.0	1.0	0.0	0.0	2.0	1.0	2.0	1.6666666	4.0	4.0	1.0	3.0	-20.0	1.0	5.0	2.0	2.6666667	5.0	4.0	5.0	0.0	1.0	1.0	1.0	2.0	0.0	0.0	0.0	0.0	1.0		0.0	0.0		1.0	5.0	1.0	5.0	1.0	4.0	1.0	5.0	1.0	4.0	1.0	4.0	1.0	4.0	1.0	4.0	1.0	3.0	0.0	4.375	1.0	4.0	1.0	4.0	1.0	5.0	1.0	3.0	0.0	4.0	1.0	5.0	1.0	5.0	1.0	0.0	5.0	1.0	5.0	1.0	4.0	1.0	5.0	1.0	5.0	1.0	4.0	1.0	4.0	1.0	5.0	1.0	5.0	1.0	4.625	0.0	0.0	0.0	0.0	1.0	0.0	0.0	1.0	2.0	0.25	0.0	0.0	0.0	0.0	0.0	0.0	0.0	0.0	1.0	0.0			0.0	0.0	0.0
3	4	1	2	33	12	4	1	0.0	0.0	0.0	1.0	4.0	0.0	0.0	1.0	5.0	5.0	4.0	4.6666665	3.0	4.0	3.0	3.3333333	0.0	3.0	3.0	3.0	3.0	3.0	3.0	4.0	1.0	0.0	1.0	0.0	1.0	0.0	1.0	0.0	1.0	0.0	1.0	1.0		0.0	0.0	3.0	0.0	3.0	0.0	3.0	0.0	3.0	0.0	3.0	0.0	2.0	0.0	3.0	0.0	3.0	0.0	3.0	0.0	2.875	0.0	3.0	0.0	3.0	0.0	3.0	0.0	3.0	0.0	3.0	0.0	3.0	0.0	4.0	1.0	0.0	3.0	0.0	3.0	0.0	3.0	0.0	3.0	0.0	2.0	0.0	3.0	0.0	3.0	0.0	3.0	0.0	3.0	0.0	2.875	0.0	0.0	0.0	0.0	-1.0	1.0	0.0	0.0	0.0	0.0	0.0	0.0	0.0	0.0	0.0	0.0	0.0	0.0	0.0	0.0	3.0	0.0	0.0	0.0	1.0
3	2	4	1	30	24	7	3	0.0	0.0	0.0	1.0	1.0	1.0	0.0	0.0	5.0	5.0	3.0	4.3333335	4.0	5.0	4.0	4.3333335	-6.0	4.0	5.0	5.0	4.6666665	3.0	4.0	2.0	1.0	0.0	0.0	0.0	0.0	1.0	1.0	0.0	1.0	0.0	1.0	1.0		0.0	0.0	2.0	0.0	3.0	0.0	3.0	0.0	1.0	0.0	3.0	0.0	2.0	0.0	3.0	0.0	3.0	0.0	3.0	0.0	2.5	0.0	4.0	1.0	5.0	1.0	3.0	0.0	4.0	1.0	4.0	1.0	4.0	1.0	3.0	0.0	0.0	4.0	1.0	2.0	0.0	1.0	0.0	2.0	0.0	3.0	0.0	1.0	0.0	3.0	0.0	2.0	0.0	1.0	0.0	2.25	2.0	-1.0	-2.0	1.0	0.0	-1.0	0.0	-1.0	-2.0	-0.25	1.0	0.0	0.0	0.0	0.0	0.0	0.0	0.0	0.0	0.125	2.0	0.0	0.0	0.0	0.0
4	2	3	1	28	17	6	3	0.0	0.0	1.0	0.0	1.0	1.0	0.0	0.0	4.0	5.0	1.0	3.3333333	3.0	5.0	3.0	3.6666667	-41.0	4.0	4.0	1.0	3.0	1.0	5.0	3.0	1.0	0.0	1.0	0.0	1.0	0.0	0.0	1.0	1.0	0.0	0.0		1.0	0.0	0.0	3.0	0.0	3.0	0.0	3.0	0.0	3.0	0.0	4.0	1.0	4.0	1.0	4.0	1.0	4.0	1.0	3.0	0.0	3.5	0.5	5.0	1.0	4.0	1.0	3.0	0.0	1.0	0.0	4.0	1.0	4.0	1.0	1.0	0.0	1.0	3.0	0.0	4.0	1.0	2.0	0.0	4.0	1.0	4.0	1.0	4.0	1.0	3.0	0.0	4.0	1.0	4.0	1.0	3.5	0.0	1.0	-1.0	1.0	0.0	0.0	-1.0	0.0	1.0	0.0	0.0	1.0	0.0	1.0	0.0	0.0	-1.0	0.0	1.0	0.125	4.0	1.0	0.0	0.0	0.0
3	2	4	1	42	16	6	3	0.0	0.0	1.0	0.0	6.0	0.0	0.0	1.0	1.0	4.0	2.0	2.3333333	2.0	4.0	1.0	2.3333333	87.0	5.0	4.0	4.0	4.3333335	1.0	2.0	5.0	1.0	0.0	1.0	1.0	2.0	1.0	1.0	0.0	1.0	0.0	1.0	1.0		0.0	0.0	3.0	0.0	4.0	1.0	5.0	1.0	4.0	1.0	1.0	0.0	4.0	1.0	1.0	0.0	3.0	0.0	1.0	0.0	3.125	0.5	1.0	0.0	4.0	1.0	1.0	0.0	1.0	0.0	1.0	0.0	4.0	1.0	2.0	0.0	0.0	3.0	0.0	4.0	1.0	5.0	1.0	4.0	1.0	1.0	0.0	4.0	1.0	1.0	0.0	3.0	0.0	1.0	0.0	3.125	0.0	0.0	0.0	0.0	0.0	0.0	0.0	0.0	0.0	0.0	0.0	0.0	0.0	0.0	0.0	0.0	0.0	0.0	0.0	0.0	4.0	1.0	0.0	1.0	0.0
4	1	3	2	37	4	2	2	0.0	0.0	1.0	0.0	1.0	1.0	0.0	0.0	2.0	2.0	2.0	2.0	3.0	3.0	2.0	2.6666667	-29.0	3.0	2.0	2.0	2.3333333	4.0	4.0	4.0	0.0	1.0	1.0	1.0	2.0	1.0	0.0	0.0	0.0	1.0		0.0	0.0		1.0	3.0	0.0	4.0	1.0	4.0	1.0	1.0	0.0	3.0	0.0	4.0	1.0	3.0	0.0	3.0	0.0	3.0	0.0	3.125	0.375	3.0	0.0	3.0	0.0	4.0	1.0	3.0	0.0	3.0	0.0	4.0	1.0	5.0	1.0	0.0	5.0	1.0	4.0	1.0	3.0	0.0	3.0	0.0	4.0	1.0	4.0	1.0	3.0	0.0	4.0	1.0	4.0	1.0	3.75	2.0	0.0	-1.0	2.0	1.0	0.0	0.0	1.0	1.0	0.625	1.0	0.0	-1.0	0.0	1.0	0.0	0.0	1.0	1.0	0.25			0.0	0.0	0.0
2	3	4	1	35	16	4	3	0.0	0.0	1.0	0.0	2.0	1.0	0.0	0.0	3.0	1.0	1.0	1.6666666	2.0	5.0	1.0	2.6666667	0.0	4.0	5.0	5.0	4.6666665	1.0	4.0	3.0	0.0	0.0	1.0	1.0	2.0	1.0	1.0	0.0	1.0	0.0	1.0	1.0		0.0	0.0	5.0	1.0	3.0	0.0	5.0	1.0	3.0	0.0	3.0	0.0	5.0	1.0	3.0	0.0	5.0	1.0	3.0	0.0	4.0	0.5	2.0	0.0	2.0	0.0	3.0	0.0	4.0	1.0	3.0	0.0	5.0	1.0	5.0	1.0	0.0	1.0	0.0	3.0	0.0	5.0	1.0	3.0	0.0	3.0	0.0	5.0	1.0	3.0	0.0	5.0	1.0	2.0	0.0	3.5	-4.0	0.0	0.0	0.0	0.0	0.0	0.0	0.0	-1.0	-0.5	-1.0	0.0	0.0	0.0	0.0	0.0	0.0	0.0	0.0	-0.125	5.0	1.0	0.0	0.0	1.0
1	4	2	3	32	24	5	4	0.0	1.0	0.0	0.0	1.0	1.0	0.0	0.0	1.0	1.0	5.0	2.3333333	3.0	5.0	5.0	4.3333335	-17.0	5.0	5.0	2.0	4.0	5.0	5.0	3.0	0.0	1.0	0.0	0.0	0.0	0.0	1.0	0.0	1.0	0.0	1.0	1.0		1.0	1.0	1.0	0.0	1.0	0.0	1.0	0.0	5.0	1.0	1.0	0.0	3.0	0.0	5.0	1.0	1.0	0.0	5.0	1.0	2.25	0.25	5.0	1.0	5.0	1.0	3.0	0.0	4.0	1.0	3.0	0.0	5.0	1.0	5.0	1.0	1.0	5.0	1.0	5.0	1.0	5.0	1.0	5.0	1.0	5.0	1.0	5.0	1.0	5.0	1.0	5.0	1.0	5.0	1.0	5.0	4.0	4.0	4.0	0.0	4.0	2.0	0.0	4.0	0.0	2.75	1.0	1.0	1.0	0.0	1.0	1.0	0.0	1.0	0.0	0.75			1.0	0.0	1.0
1	2	4	3	31	2	2	2	0.0	1.0	0.0	1.0	3.0	0.0	0.0	1.0	1.0	1.0	1.0	1.0	2.0	5.0	4.0	3.6666667	-25.0	2.0	2.0	3.0	2.3333333	3.0	4.0	4.0	1.0	0.0	1.0	0.0	1.0	1.0	1.0	0.0	1.0	0.0	1.0	1.0		1.0	1.0	5.0	1.0	4.0	1.0	4.0	1.0	1.0	0.0	1.0	0.0	4.0	1.0	2.0	0.0	4.0	1.0	3.0	0.0	3.125	0.625	2.0	0.0	4.0	1.0	4.0	1.0	4.0	1.0	3.0	0.0	4.0	1.0	5.0	1.0	0.0	5.0	1.0	5.0	1.0	4.0	1.0	1.0	0.0	1.0	0.0	4.0	1.0	4.0	1.0	5.0	1.0	2.0	0.0	3.625	0.0	1.0	0.0	0.0	0.0	0.0	2.0	1.0	-1.0	0.5	0.0	0.0	0.0	0.0	0.0	0.0	1.0	0.0	0.0	0.125			1.0	0.0	1.0
3	1	4	2	36	5	4	2	0.0	1.0	1.0	0.0	2.0	1.0	0.0	0.0	3.0	1.0	1.0	1.6666666	3.0	3.0	1.0	2.3333333	0.0	4.0	2.0	2.0	2.6666667	4.0	5.0	4.0	0.0	1.0	1.0	0.0	1.0	0.0	0.0	0.0	0.0	1.0		0.0	0.0		1.0	3.0	0.0	3.0	0.0	2.0	0.0	3.0	0.0	3.0	0.0	3.0	0.0	4.0	1.0	4.0	1.0	5.0	1.0	3.125	0.25	3.0	0.0	3.0	0.0	3.0	0.0	3.0	0.0	3.0	0.0	5.0	1.0	5.0	1.0	1.0	4.0	1.0	4.0	1.0	2.0	0.0	5.0	1.0	3.0	0.0	5.0	1.0	4.0	1.0	5.0	1.0	5.0	1.0	4.0	1.0	1.0	0.0	2.0	0.0	2.0	0.0	1.0	0.0	0.875	1.0	1.0	0.0	1.0	0.0	1.0	0.0	0.0	0.0	0.5			0.0	0.0	0.0
3	2	4	1	52	8	5	3	0.0	1.0	1.0	0.0	7.0	0.0	1.0	0.0	3.0	2.0	2.0	2.3333333	4.0	4.0	2.0	3.3333333	-20.0	4.0	4.0	3.0	3.6666667	4.0	3.0	3.0	1.0	0.0	0.0	0.0	0.0	1.0	0.0	1.0	1.0	0.0	0.0		1.0	0.0	0.0	4.0	1.0	4.0	1.0	4.0	1.0	4.0	1.0	5.0	1.0	5.0	1.0	5.0	1.0	4.0	1.0	5.0	1.0	4.375	1.0	4.0	1.0	3.0	0.0	5.0	1.0	3.0	0.0	5.0	1.0	4.0	1.0	4.0	1.0	0.0	5.0	1.0	4.0	1.0	3.0	0.0	4.0	1.0	4.0	1.0	4.0	1.0	4.0	1.0	4.0	1.0	5.0	1.0	4.0	1.0	0.0	-1.0	0.0	-1.0	-1.0	-1.0	0.0	0.0	-0.375	0.0	0.0	-1.0	0.0	0.0	0.0	0.0	0.0	0.0	-0.125	2.0	0.0	0.0	0.0	0.0
3	2	4	1	43	3	6	3	0.0	1.0	1.0	0.0	3.0	0.0	0.0	1.0	1.0	1.0	1.0	1.0	1.0	5.0	1.0	2.3333333	70.0	2.0	1.0	2.0	1.6666666	3.0	5.0	5.0	0.0	1.0	0.0	1.0	1.0	0.0	0.0	1.0	1.0	0.0	0.0		1.0	1.0	1.0	4.0	1.0	5.0	1.0	1.0	0.0	1.0	0.0	1.0	0.0	4.0	1.0	2.0	0.0	5.0	1.0	1.0	0.0	2.875	0.5	2.0	0.0	2.0	0.0	2.0	0.0	1.0	0.0	2.0	0.0	4.0	1.0	5.0	1.0	0.0	5.0	1.0	5.0	1.0	1.0	0.0	1.0	0.0	1.0	0.0	5.0	1.0	2.0	0.0	5.0	1.0	1.0	0.0	3.125	1.0	0.0	0.0	0.0	0.0	1.0	0.0	0.0	0.0	0.25	0.0	0.0	0.0	0.0	0.0	0.0	0.0	0.0	0.0	0.0			0.0	1.0	0.0
1	4	3	2	35	9	5	4	0.0	1.0	1.0	0.0	2.0	1.0	0.0	0.0	1.0	1.0	1.0	1.0	3.0	4.0	1.0	2.6666667	0.0	2.0	5.0	5.0	4.0	2.0	1.0	4.0	0.0	0.0	0.0	1.0	1.0	0.0	1.0	0.0	1.0	0.0	1.0	1.0		0.0	0.0	4.0	1.0	4.0	1.0	2.0	0.0	2.0	0.0	4.0	1.0	4.0	1.0	2.0	0.0	5.0	1.0	2.0	0.0	3.375	0.625	5.0	1.0	2.0	0.0	4.0	1.0	5.0	1.0	2.0	0.0	5.0	1.0	4.0	1.0	0.0	4.0	1.0	4.0	1.0	2.0	0.0	2.0	0.0	4.0	1.0	5.0	1.0	4.0	1.0	4.0	1.0	4.0	1.0	3.625	0.0	0.0	0.0	0.0	0.0	1.0	2.0	-1.0	2.0	0.25	0.0	0.0	0.0	0.0	0.0	0.0	1.0	0.0	1.0	0.125	5.0	1.0	1.0	0.0	1.0
3	1	4	2	36	1	4	1	0.0	1.0	0.0	1.0	1.0	1.0	0.0	0.0	1.0	3.0	1.0	1.6666666	5.0	5.0	5.0	5.0	-5.0	2.0	3.0	2.0	2.3333333	3.0	1.0	4.0	0.0	1.0	0.0	1.0	1.0	0.0	0.0	1.0	1.0	0.0	0.0		1.0	0.0	0.0	5.0	1.0	4.0	1.0	3.0	0.0	3.0	0.0	5.0	1.0	3.0	0.0	3.0	0.0	5.0	1.0	3.0	0.0	3.875	0.5	4.0	1.0	2.0	0.0	2.0	0.0	2.0	0.0	3.0	0.0	5.0	1.0	2.0	0.0	1.0	3.0	0.0	3.0	0.0	4.0	1.0	3.0	0.0	3.0	0.0	3.0	0.0	3.0	0.0	4.0	1.0	1.0	0.0	3.25	-2.0	-1.0	1.0	0.0	-2.0	0.0	0.0	-1.0	-2.0	-0.625	-1.0	-1.0	1.0	0.0	-1.0	0.0	0.0	0.0	0.0	-0.25	3.0	0.0	0.0	0.0	0.0
3	4	2	1	44	21	4	4	0.0	1.0	1.0	0.0	8.0	0.0	1.0	0.0	1.0	1.0	1.0	1.0	3.0	4.0	3.0	3.3333333	98.0	4.0	4.0	5.0	4.3333335	5.0	4.0	4.0	1.0	0.0	0.0	0.0	0.0	0.0	1.0	0.0	1.0	0.0	1.0	1.0		0.0	0.0	4.0	1.0	3.0	0.0	4.0	1.0	4.0	1.0	4.0	1.0	3.0	0.0	4.0	1.0	3.0	0.0	4.0	1.0	3.625	0.625	3.0	0.0	3.0	0.0	4.0	1.0	3.0	0.0	4.0	1.0	4.0	1.0	3.0	0.0	1.0	3.0	0.0	4.0	1.0	4.0	1.0	4.0	1.0	1.0	0.0	3.0	0.0	4.0	1.0	4.0	1.0	4.0	1.0	3.375	-1.0	1.0	0.0	0.0	-3.0	0.0	0.0	1.0	0.0	-0.25	-1.0	1.0	0.0	0.0	-1.0	0.0	0.0	1.0	0.0	0.0	4.0	1.0	0.0	1.0	1.0
4	3	2	1	48	13	7	3	0.0	1.0	1.0	0.0	2.0	1.0	0.0	0.0	1.0	1.0	1.0	1.0	1.0	1.0	1.0	1.0	0.0	2.0	2.0	4.0	2.6666667	3.0	4.0	3.0	0.0	1.0	1.0	1.0	2.0	1.0	1.0	0.0	1.0	0.0	1.0	1.0		0.0	0.0	3.0	0.0	3.0	0.0	3.0	0.0	3.0	0.0	3.0	0.0	3.0	0.0	3.0	0.0	3.0	0.0	3.0	0.0	3.0	0.0	4.0	1.0	3.0	0.0	4.0	1.0	4.0	1.0	4.0	1.0	5.0	1.0	4.0	1.0	1.0	3.0	0.0	3.0	0.0	3.0	0.0	3.0	0.0	3.0	0.0	3.0	0.0	3.0	0.0	3.0	0.0	3.0	0.0	3.0	0.0	0.0	0.0	0.0	0.0	0.0	0.0	0.0	0.0	0.0	0.0	0.0	0.0	0.0	0.0	0.0	0.0	0.0	0.0	0.0	4.0	1.0	0.0	0.0	0.0
4	2	3	1	32	19	6	3	0.0	0.0	1.0	0.0	8.0	0.0	1.0	0.0	2.0	3.0	1.0	2.0	3.0	3.0	3.0	3.0	5.0	1.0	3.0	2.0	2.0	4.0	3.0	5.0	1.0	0.0	1.0	1.0	2.0	0.0	1.0	0.0	1.0	0.0	1.0	1.0		0.0	0.0	3.0	0.0	5.0	1.0	4.0	1.0	2.0	0.0	2.0	0.0	3.0	0.0	3.0	0.0	3.0	0.0	3.0	0.0	3.125	0.25	4.0	1.0	4.0	1.0	2.0	0.0	2.0	0.0	2.0	0.0	3.0	0.0	3.0	0.0	0.0	2.0	0.0	4.0	1.0	4.0	1.0	1.0	0.0	2.0	0.0	3.0	0.0	3.0	0.0	3.0	0.0	2.0	0.0	2.75	-1.0	-1.0	0.0	-1.0	0.0	0.0	0.0	0.0	-1.0	-0.375	0.0	0.0	0.0	0.0	0.0	0.0	0.0	0.0	0.0	0.0	1.0	0.0	0.0	1.0	0.0
1	3	4	2	43	14	5	4	0.0	1.0	1.0	0.0	8.0	0.0	1.0	0.0	2.0	4.0	2.0	2.6666667	3.0	4.0	1.0	2.6666667	38.0	3.0	4.0	3.0	3.3333333	3.0	2.0	1.0	1.0	0.0	0.0	0.0	0.0	0.0	1.0	0.0	1.0	0.0	1.0	1.0		1.0	1.0	3.0	0.0	3.0	0.0	3.0	0.0	2.0	0.0	3.0	0.0	4.0	1.0	1.0	0.0	3.0	0.0	1.0	0.0	2.75	0.125	2.0	0.0	3.0	0.0	2.0	0.0	3.0	0.0	3.0	0.0	4.0	1.0	3.0	0.0	0.0	3.0	0.0	3.0	0.0	3.0	0.0	2.0	0.0	3.0	0.0	4.0	1.0	1.0	0.0	3.0	0.0	1.0	0.0	2.75	0.0	0.0	0.0	0.0	0.0	0.0	0.0	0.0	0.0	0.0	0.0	0.0	0.0	0.0	0.0	0.0	0.0	0.0	0.0	0.0			1.0	1.0	1.0
4	3	2	1	39	4	4	3	0.0	1.0	1.0	0.0	8.0	0.0	1.0	0.0	3.0	2.0	3.0	2.6666667	3.0	4.0	2.0	3.0	-60.0	3.0	3.0	5.0	3.6666667	2.0	3.0	3.0	1.0	0.0	0.0	0.0	0.0	1.0	0.0	0.0	0.0	1.0		0.0	0.0		1.0	1.0	0.0	2.0	0.0	3.0	0.0	2.0	0.0	2.0	0.0	3.0	0.0	3.0	0.0	4.0	1.0	3.0	0.0	2.5	0.125	2.0	0.0	2.0	0.0	3.0	0.0	4.0	1.0	2.0	0.0	3.0	0.0	2.0	0.0	0.0	4.0	1.0	3.0	0.0	3.0	0.0	4.0	1.0	2.0	0.0	4.0	1.0	3.0	0.0	2.0	0.0	3.0	0.0	3.125	3.0	1.0	0.0	2.0	0.0	1.0	0.0	-2.0	0.0	0.625	1.0	0.0	0.0	1.0	0.0	1.0	0.0	-1.0	0.0	0.25			0.0	0.0	0.0
2	4	3	1	40	2	2	3	0.0	1.0	0.0	1.0	1.0	1.0	0.0	0.0	1.0	3.0	3.0	2.3333333	5.0	4.0	2.0	3.6666667	-32.0	1.0	1.0	3.0	1.6666666	1.0	3.0	3.0	0.0	1.0	0.0	1.0	1.0	0.0	0.0	0.0	0.0	1.0		0.0	0.0		1.0	3.0	0.0	5.0	1.0	2.0	0.0	3.0	0.0	1.0	0.0	3.0	0.0	5.0	1.0	5.0	1.0	4.0	1.0	3.375	0.375	4.0	1.0	3.0	0.0	4.0	1.0	5.0	1.0	1.0	0.0	1.0	0.0	3.0	0.0	0.0	3.0	0.0	2.0	0.0	3.0	0.0	4.0	1.0	3.0	0.0	3.0	0.0	1.0	0.0	2.0	0.0	3.0	0.0	2.625	0.0	-3.0	1.0	1.0	2.0	0.0	-4.0	-3.0	-1.0	-0.75	0.0	-1.0	0.0	1.0	0.0	0.0	-1.0	-1.0	-1.0	-0.25			0.0	0.0	1.0
2	3	4	1	38	19	2	3	0.0	0.0	1.0	0.0	7.0	0.0	1.0	0.0	1.0	1.0	1.0	1.0	1.0	1.0	1.0	1.0	-97.0	1.0	1.0	1.0	1.0	3.0	5.0	4.0	0.0	1.0	1.0	1.0	2.0	0.0	1.0	0.0	1.0	0.0	1.0	1.0		0.0	0.0	5.0	1.0	5.0	1.0	5.0	1.0	5.0	1.0	1.0	0.0	5.0	1.0	5.0	1.0	5.0	1.0	4.0	1.0	4.5	0.875	1.0	0.0	3.0	0.0	5.0	1.0	5.0	1.0	5.0	1.0	5.0	1.0	3.0	0.0	1.0	5.0	1.0	5.0	1.0	5.0	1.0	5.0	1.0	1.0	0.0	5.0	1.0	5.0	1.0	5.0	1.0	4.0	1.0	4.5	0.0	0.0	0.0	0.0	0.0	0.0	0.0	0.0	0.0	0.0	0.0	0.0	0.0	0.0	0.0	0.0	0.0	0.0	0.0	0.0	5.0	1.0	0.0	0.0	1.0
2	3	1	4	41	23	7	1	0.0	0.0	0.0	0.0	7.0	0.0	1.0	0.0	4.0	4.0	3.0	3.6666667	4.0	3.0	3.0	3.3333333	4.0	4.0	4.0	3.0	3.6666667	4.0	4.0	4.0	0.0	1.0	0.0	1.0	1.0	1.0	1.0	0.0	1.0	0.0	1.0	1.0		1.0	1.0	2.0	0.0	3.0	0.0	3.0	0.0	2.0	0.0	5.0	1.0	3.0	0.0	3.0	0.0	2.0	0.0	3.0	0.0	2.875	0.125	4.0	1.0	4.0	1.0	4.0	1.0	3.0	0.0	2.0	0.0	3.0	0.0	4.0	1.0	1.0	3.0	0.0	3.0	0.0	4.0	1.0	2.0	0.0	3.0	0.0	2.0	0.0	4.0	1.0	2.0	0.0	4.0	1.0	2.875	1.0	0.0	1.0	0.0	-2.0	-1.0	1.0	0.0	1.0	0.0	0.0	0.0	1.0	0.0	-1.0	0.0	1.0	0.0	1.0	0.125			0.0	1.0	1.0
3	2	4	1	41	12	6	2	0.0	0.0	0.0	0.0	5.0	0.0	0.0	1.0	3.0	4.0	4.0	3.6666667	3.0	4.0	3.0	3.3333333	20.0	3.0	2.0	2.0	2.3333333	4.0	3.0	5.0	1.0	0.0	1.0	1.0	2.0	1.0	1.0	0.0	1.0	0.0	1.0	1.0		0.0	0.0	3.0	0.0	3.0	0.0	3.0	0.0	2.0	0.0	1.0	0.0	2.0	0.0	1.0	0.0	4.0	1.0	1.0	0.0	2.375	0.125	2.0	0.0	2.0	0.0	2.0	0.0	2.0	0.0	2.0	0.0	2.0	0.0	5.0	1.0	0.0	3.0	0.0	3.0	0.0	3.0	0.0	1.0	0.0	1.0	0.0	2.0	0.0	1.0	0.0	4.0	1.0	1.0	0.0	2.25	0.0	0.0	0.0	-1.0	0.0	0.0	0.0	0.0	0.0	-0.125	0.0	0.0	0.0	0.0	0.0	0.0	0.0	0.0	0.0	0.0	3.0	0.0	0.0	1.0	0.0
2	3	4	1	35	9	7	2	0.0	1.0	1.0	0.0	3.0	0.0	0.0	1.0	4.0	1.0	3.0	2.6666667	4.0	4.0	3.0	3.6666667	2.0	2.0	4.0	2.0	2.6666667	5.0	5.0	3.0	0.0	0.0	0.0	0.0	0.0	1.0	1.0	0.0	1.0	0.0	1.0	1.0		1.0	1.0	4.0	1.0	3.0	0.0	3.0	0.0	1.0	0.0	2.0	0.0	4.0	1.0	3.0	0.0	4.0	1.0	4.0	1.0	3.0	0.375	3.0	0.0	4.0	1.0	4.0	1.0	3.0	0.0	4.0	1.0	4.0	1.0	4.0	1.0	0.0	4.0	1.0	5.0	1.0	4.0	1.0	1.0	0.0	2.0	0.0	4.0	1.0	4.0	1.0	3.0	0.0	4.0	1.0	3.375	0.0	2.0	1.0	0.0	0.0	0.0	1.0	-1.0	0.0	0.375	0.0	1.0	1.0	0.0	0.0	0.0	1.0	-1.0	0.0	0.25			0.0	1.0	1.0
4	1	3	2	41	10	5	3	0.0	1.0	1.0	0.0	2.0	1.0	0.0	0.0	1.0	1.0	1.0	1.0	4.0	5.0	4.0	4.3333335	-20.0	2.0	1.0	2.0	1.6666666	3.0	4.0	4.0	0.0	1.0	1.0	1.0	2.0	1.0	0.0	1.0	1.0	0.0	0.0		1.0	0.0	0.0	5.0	1.0	5.0	1.0	3.0	0.0	1.0	0.0	3.0	0.0	4.0	1.0	4.0	1.0	5.0	1.0	5.0	1.0	3.75	0.625	3.0	0.0	3.0	0.0	5.0	1.0	4.0	1.0	4.0	1.0	5.0	1.0	2.0	0.0	0.0	3.0	0.0	4.0	1.0	2.0	0.0	1.0	0.0	3.0	0.0	4.0	1.0	4.0	1.0	4.0	1.0	4.0	1.0	3.125	-2.0	-1.0	-1.0	0.0	0.0	0.0	0.0	-1.0	-1.0	-0.625	-1.0	0.0	0.0	0.0	0.0	0.0	0.0	0.0	0.0	-0.125	4.0	1.0	0.0	0.0	0.0
4	1	3	2	44	4	1	3	0.0	0.0	1.0	0.0	8.0	0.0	1.0	0.0	5.0	4.0	5.0	4.6666665	5.0	3.0	1.0	3.0	91.0	5.0	4.0	5.0	4.6666665	1.0	4.0	3.0	1.0	0.0	0.0	1.0	1.0	0.0	0.0	0.0	0.0	1.0		0.0	0.0		1.0	3.0	0.0	3.0	0.0	1.0	0.0	1.0	0.0	1.0	0.0	1.0	0.0	1.0	0.0	1.0	0.0	1.0	0.0	1.5	0.0	4.0	1.0	3.0	0.0	1.0	0.0	5.0	1.0	1.0	0.0	4.0	1.0	1.0	0.0	0.0	3.0	0.0	1.0	0.0	1.0	0.0	1.0	0.0	1.0	0.0	1.0	0.0	1.0	0.0	1.0	0.0	1.0	0.0	1.25	0.0	-2.0	0.0	0.0	0.0	0.0	0.0	0.0	0.0	-0.25	0.0	0.0	0.0	0.0	0.0	0.0	0.0	0.0	0.0	0.0			0.0	1.0	0.0
1	3	4	2	19	9	4	3	0.0	1.0	1.0	0.0	1.0	1.0	0.0	0.0	1.0	1.0	1.0	1.0	4.0	5.0	1.0	3.3333333	-92.0	1.0	1.0	1.0	1.0	5.0	5.0	4.0	0.0	1.0	0.0	1.0	1.0	0.0	1.0	0.0	1.0	0.0	1.0	1.0		1.0	1.0	5.0	1.0	5.0	1.0	4.0	1.0	1.0	0.0	2.0	0.0	5.0	1.0	5.0	1.0	5.0	1.0	4.0	1.0	4.0	0.75	2.0	0.0	4.0	1.0	5.0	1.0	3.0	0.0	5.0	1.0	5.0	1.0	5.0	1.0	0.0	5.0	1.0	5.0	1.0	4.0	1.0	1.0	0.0	2.0	0.0	5.0	1.0	5.0	1.0	5.0	1.0	4.0	1.0	4.0	0.0	0.0	0.0	0.0	0.0	0.0	0.0	0.0	0.0	0.0	0.0	0.0	0.0	0.0	0.0	0.0	0.0	0.0	0.0	0.0			1.0	0.0	1.0
4	2	3	1	37	19	6	3	0.0	1.0	1.0	0.0	1.0	1.0	0.0	0.0	1.0	1.0	1.0	1.0	4.0	4.0	1.0	3.0	-64.0	1.0	4.0	3.0	2.6666667	4.0	4.0	2.0	0.0	1.0	1.0	1.0	2.0	0.0	0.0	0.0	0.0	1.0		0.0	0.0		1.0	5.0	1.0	1.0	0.0	4.0	1.0	1.0	0.0	3.0	0.0	5.0	1.0	4.0	1.0	5.0	1.0	5.0	1.0	3.5	0.625	2.0	0.0	3.0	0.0	5.0	1.0	4.0	1.0	4.0	1.0	5.0	1.0	4.0	1.0	0.0	5.0	1.0	4.0	1.0	5.0	1.0	1.0	0.0	3.0	0.0	5.0	1.0	4.0	1.0	5.0	1.0	5.0	1.0	4.0	0.0	3.0	1.0	0.0	0.0	0.0	0.0	0.0	0.0	0.5	0.0	1.0	0.0	0.0	0.0	0.0	0.0	0.0	0.0	0.125			0.0	0.0	0.0
1	4	3	2	44	1	4	1	0.0	0.0	1.0	0.0	2.0	1.0	0.0	0.0	1.0	2.0	1.0	1.3333334	2.0	5.0	4.0	3.6666667	0.0	3.0	4.0	3.0	3.3333333	3.0	5.0	4.0	0.0	1.0	1.0	1.0	2.0	1.0	0.0	1.0	1.0	0.0	0.0		1.0	1.0	1.0	5.0	1.0	5.0	1.0	4.0	1.0	2.0	0.0	3.0	0.0	5.0	1.0	5.0	1.0	5.0	1.0	3.0	0.0	4.25	0.75	2.0	0.0	5.0	1.0	5.0	1.0	4.0	1.0	4.0	1.0	5.0	1.0	5.0	1.0	0.0	5.0	1.0	5.0	1.0	5.0	1.0	3.0	0.0	3.0	0.0	5.0	1.0	5.0	1.0	5.0	1.0	5.0	1.0	4.5	0.0	0.0	1.0	1.0	0.0	0.0	0.0	0.0	2.0	0.25	0.0	0.0	0.0	0.0	0.0	0.0	0.0	0.0	1.0	0.0			1.0	0.0	1.0
2	3	4	1	35	7	4	3	0.0	1.0	0.0	1.0	1.0	1.0	0.0	0.0	1.0	1.0	1.0	1.0	5.0	5.0	1.0	3.6666667	0.0	1.0	3.0	1.0	1.6666666	5.0	5.0	4.0	0.0	1.0	0.0	1.0	1.0	0.0	0.0	0.0	0.0	1.0		0.0	0.0		1.0	3.0	0.0	4.0	1.0	3.0	0.0	4.0	1.0	5.0	1.0	5.0	1.0	5.0	1.0	1.0	0.0	4.0	1.0	3.75	0.625	2.0	0.0	4.0	1.0	5.0	1.0	5.0	1.0	5.0	1.0	5.0	1.0	5.0	1.0	0.0	5.0	1.0	4.0	1.0	3.0	0.0	2.0	0.0	5.0	1.0	5.0	1.0	5.0	1.0	5.0	1.0	5.0	1.0	4.25	2.0	0.0	0.0	-2.0	0.0	0.0	0.0	4.0	1.0	0.5	1.0	0.0	0.0	-1.0	0.0	0.0	0.0	1.0	0.0	0.125			0.0	0.0	1.0
3	2	4	1	34	5	6	4	0.0	1.0	1.0	0.0	1.0	1.0	0.0	0.0	1.0	2.0	1.0	1.3333334	1.0	4.0	4.0	3.0	-8.0	3.0	5.0	5.0	4.3333335	5.0	3.0	3.0	1.0	0.0	0.0	0.0	0.0	1.0	0.0	0.0	0.0	1.0		0.0	0.0		1.0	3.0	0.0	3.0	0.0	1.0	0.0	3.0	0.0	3.0	0.0	5.0	1.0	4.0	1.0	3.0	0.0	5.0	1.0	3.125	0.25	4.0	1.0	5.0	1.0	3.0	0.0	3.0	0.0	3.0	0.0	3.0	0.0	5.0	1.0	1.0	5.0	1.0	3.0	0.0	1.0	0.0	3.0	0.0	3.0	0.0	5.0	1.0	5.0	1.0	3.0	0.0	5.0	1.0	3.5	2.0	0.0	0.0	0.0	0.0	0.0	1.0	0.0	0.0	0.375	1.0	0.0	0.0	0.0	0.0	0.0	0.0	0.0	0.0	0.125			0.0	0.0	0.0
4	2	3	1	37	11	7	1	0.0	0.0	1.0	0.0	6.0	0.0	0.0	1.0	2.0	4.0	3.0	3.0	1.0	3.0	3.0	2.3333333	5.0	2.0	2.0	3.0	2.3333333	3.0	1.0	5.0	0.0	0.0	1.0	1.0	2.0	1.0	0.0	1.0	1.0	0.0	0.0		1.0	1.0	1.0	3.0	0.0	4.0	1.0	2.0	0.0	1.0	0.0	1.0	0.0	2.0	0.0	1.0	0.0	3.0	0.0	1.0	0.0	2.125	0.125	1.0	0.0	1.0	0.0	1.0	0.0	3.0	0.0	1.0	0.0	5.0	1.0	5.0	1.0	0.0	1.0	0.0	4.0	1.0	3.0	0.0	1.0	0.0	1.0	0.0	2.0	0.0	1.0	0.0	3.0	0.0	1.0	0.0	2.0	-2.0	0.0	1.0	0.0	0.0	0.0	0.0	0.0	0.0	-0.125	0.0	0.0	0.0	0.0	0.0	0.0	0.0	0.0	0.0	0.0			0.0	1.0	0.0
1	4	3	2	42	1	2	1	0.0	0.0	0.0	1.0	1.0	1.0	0.0	0.0	1.0	1.0	1.0	1.0	1.0	1.0	1.0	1.0	0.0	5.0	5.0	5.0	5.0	5.0	5.0	3.0	0.0	1.0	0.0	1.0	1.0	1.0	0.0	1.0	1.0	0.0	0.0		1.0	0.0	0.0	5.0	1.0	5.0	1.0	5.0	1.0	5.0	1.0	5.0	1.0	5.0	1.0	5.0	1.0	5.0	1.0	5.0	1.0	5.0	1.0	5.0	1.0	5.0	1.0	5.0	1.0	5.0	1.0	5.0	1.0	5.0	1.0	5.0	1.0	1.0	5.0	1.0	5.0	1.0	5.0	1.0	5.0	1.0	5.0	1.0	5.0	1.0	5.0	1.0	5.0	1.0	5.0	1.0	5.0	0.0	0.0	0.0	0.0	0.0	0.0	0.0	0.0	0.0	0.0	0.0	0.0	0.0	0.0	0.0	0.0	0.0	0.0	0.0	0.0	5.0	1.0	1.0	0.0	1.0
2	3	1	4	36	6	4	3	0.0	0.0	0.0	0.0	3.0	0.0	0.0	1.0	4.0	3.0	3.0	3.3333333	1.0	4.0	3.0	2.6666667	-100.0	1.0	2.0	1.0	1.3333334	5.0	4.0	4.0	0.0	1.0	1.0	0.0	1.0	0.0	0.0	0.0	0.0	1.0		0.0	0.0		1.0	2.0	0.0	3.0	0.0	1.0	0.0	1.0	0.0	1.0	0.0	5.0	1.0	4.0	1.0	1.0	0.0	1.0	0.0	2.25	0.25	1.0	0.0	2.0	0.0	1.0	0.0	1.0	0.0	4.0	1.0	1.0	0.0	4.0	1.0	0.0	1.0	0.0	1.0	0.0	1.0	0.0	1.0	0.0	1.0	0.0	5.0	1.0	4.0	1.0	1.0	0.0	1.0	0.0	1.875	-1.0	-2.0	0.0	0.0	0.0	0.0	0.0	0.0	0.0	-0.375	0.0	0.0	0.0	0.0	0.0	0.0	0.0	0.0	0.0	0.0			0.0	0.0	1.0
4	3	2	1	22	4	4	4	0.0	0.0	1.0	0.0	1.0	1.0	0.0	0.0	2.0	1.0	1.0	1.3333334	1.0	1.0	1.0	1.0	-100.0	1.0	2.0	1.0	1.3333334	4.0	4.0	5.0	0.0	1.0	1.0	0.0	1.0	1.0	0.0	1.0	1.0	0.0	0.0		1.0	1.0	1.0	2.0	0.0	4.0	1.0	3.0	0.0	1.0	0.0	1.0	0.0	5.0	1.0	5.0	1.0	4.0	1.0	4.0	1.0	3.125	0.5	4.0	1.0	4.0	1.0	5.0	1.0	3.0	0.0	5.0	1.0	5.0	1.0	4.0	1.0	0.0	5.0	1.0	4.0	1.0	3.0	0.0	1.0	0.0	1.0	0.0	5.0	1.0	5.0	1.0	5.0	1.0	5.0	1.0	3.625	3.0	0.0	0.0	0.0	0.0	0.0	0.0	1.0	1.0	0.5	1.0	0.0	0.0	0.0	0.0	0.0	0.0	0.0	0.0	0.125			0.0	0.0	0.0
2	4	1	3	19	1	1	2	0.0	1.0	0.0	1.0	4.0	0.0	0.0	1.0	3.0	2.0	4.0	3.0	3.0	5.0	1.0	3.0	4.0	2.0	4.0	3.0	3.0	3.0	3.0	3.0	0.0	1.0	0.0	0.0	0.0	1.0	0.0	1.0	1.0	0.0	0.0		1.0	0.0	0.0	3.0	0.0	5.0	1.0	2.0	0.0	4.0	1.0	3.0	0.0	5.0	1.0	5.0	1.0	3.0	0.0	5.0	1.0	3.75	0.5	5.0	1.0	4.0	1.0	5.0	1.0	5.0	1.0	5.0	1.0	3.0	0.0	5.0	1.0	0.0	4.0	1.0	3.0	0.0	1.0	0.0	4.0	1.0	4.0	1.0	4.0	1.0	5.0	1.0	3.0	0.0	3.0	0.0	3.5	1.0	-2.0	-1.0	0.0	1.0	-1.0	0.0	0.0	-2.0	-0.25	1.0	-1.0	0.0	0.0	1.0	0.0	0.0	0.0	-1.0	0.125	5.0	1.0	0.0	1.0	1.0
4	3	2	1	36	14	7	1	0.0	1.0	0.0	1.0	8.0	0.0	1.0	0.0	5.0	4.0	5.0	4.6666665	5.0	5.0	5.0	5.0	83.0	4.0	5.0	2.0	3.6666667	2.0	5.0	4.0	1.0	0.0	1.0	0.0	1.0	0.0	1.0	0.0	1.0	0.0	1.0	1.0		0.0	0.0	4.0	1.0	3.0	0.0	3.0	0.0	4.0	1.0	4.0	1.0	5.0	1.0	5.0	1.0	5.0	1.0	4.0	1.0	4.125	0.75	5.0	1.0	5.0	1.0	5.0	1.0	2.0	0.0	4.0	1.0	2.0	0.0	5.0	1.0	1.0	5.0	1.0	5.0	1.0	2.0	0.0	5.0	1.0	5.0	1.0	4.0	1.0	4.0	1.0	4.0	1.0	5.0	1.0	4.25	1.0	2.0	-1.0	1.0	1.0	-1.0	-1.0	-1.0	1.0	0.125	0.0	1.0	0.0	0.0	0.0	0.0	0.0	0.0	0.0	0.125	5.0	1.0	0.0	1.0	0.0
4	3	2	1	42	4	1	4	0.0	0.0	0.0	1.0	1.0	1.0	0.0	0.0	1.0	3.0	1.0	1.6666666	2.0	5.0	5.0	4.0	0.0	1.0	4.0	2.0	2.3333333	3.0	4.0	4.0	0.0	1.0	1.0	1.0	2.0	0.0	0.0	1.0	1.0	0.0	0.0		1.0	0.0	0.0	4.0	1.0	4.0	1.0	4.0	1.0	1.0	0.0	3.0	0.0	2.0	0.0	4.0	1.0	3.0	0.0	1.0	0.0	3.125	0.5	3.0	0.0	4.0	1.0	2.0	0.0	4.0	1.0	2.0	0.0	4.0	1.0	4.0	1.0	0.0	2.0	0.0	2.0	0.0	2.0	0.0	1.0	0.0	2.0	0.0	1.0	0.0	1.0	0.0	3.0	0.0	2.0	0.0	1.75	-2.0	-2.0	-2.0	0.0	-1.0	-1.0	-3.0	0.0	1.0	-1.375	-1.0	-1.0	-1.0	0.0	0.0	0.0	-1.0	0.0	0.0	-0.5	4.0	1.0	0.0	0.0	0.0
2	4	3	1	32	4	4	3	0.0	0.0	0.0	0.0	1.0	1.0	0.0	0.0	3.0	3.0	3.0	3.0	2.0	2.0	1.0	1.6666666	0.0	3.0	2.0	2.0	2.3333333	4.0	4.0	3.0	0.0	1.0	1.0	1.0	2.0	0.0	0.0	1.0	1.0	0.0	0.0		1.0	1.0	1.0	3.0	0.0	3.0	0.0	3.0	0.0	4.0	1.0	3.0	0.0	3.0	0.0	4.0	1.0	4.0	1.0	3.0	0.0	3.375	0.375	4.0	1.0	3.0	0.0	2.0	0.0	3.0	0.0	3.0	0.0	3.0	0.0	4.0	1.0	0.0	3.0	0.0	3.0	0.0	3.0	0.0	3.0	0.0	2.0	0.0	3.0	0.0	4.0	1.0	3.0	0.0	3.0	0.0	3.0	0.0	0.0	0.0	-1.0	-1.0	0.0	0.0	-1.0	0.0	-0.375	0.0	0.0	0.0	-1.0	0.0	0.0	0.0	-1.0	0.0	-0.25			0.0	0.0	1.0
2	3	4	1	35	18	6	4	0.0	1.0	1.0	0.0	8.0	0.0	1.0	0.0	3.0	1.0	1.0	1.6666666	4.0	3.0	1.0	2.6666667	-4.0	2.0	4.0	4.0	3.3333333	3.0	1.0	4.0	1.0	0.0	1.0	1.0	2.0	1.0	0.0	0.0	0.0	1.0		0.0	0.0		1.0	3.0	0.0	3.0	0.0	3.0	0.0	2.0	0.0	1.0	0.0	4.0	1.0	2.0	0.0	4.0	1.0	3.0	0.0	2.75	0.25	2.0	0.0	2.0	0.0	2.0	0.0	4.0	1.0	1.0	0.0	4.0	1.0	5.0	1.0	0.0	3.0	0.0	4.0	1.0	2.0	0.0	1.0	0.0	1.0	0.0	4.0	1.0	3.0	0.0	4.0	1.0	3.0	0.0	2.75	0.0	1.0	-1.0	-1.0	0.0	0.0	1.0	0.0	0.0	0.0	0.0	1.0	0.0	0.0	0.0	0.0	0.0	0.0	0.0	0.125			0.0	0.0	1.0
3	4	2	1	34	9	5	1	0.0	1.0	0.0	0.0	2.0	1.0	0.0	0.0	3.0	1.0	4.0	2.6666667	3.0	3.0	3.0	3.0	-43.0	3.0	4.0	2.0	3.0	5.0	3.0	1.0	0.0	0.0	0.0	0.0	0.0	0.0	0.0	1.0	1.0	0.0	0.0		1.0	0.0	0.0	3.0	0.0	3.0	0.0	4.0	1.0	4.0	1.0	3.0	0.0	4.0	1.0	3.0	0.0	2.0	0.0	4.0	1.0	3.25	0.375	3.0	0.0	3.0	0.0	2.0	0.0	4.0	1.0	2.0	0.0	3.0	0.0	5.0	1.0	0.0	3.0	0.0	2.0	0.0	1.0	0.0	2.0	0.0	4.0	1.0	2.0	0.0	3.0	0.0	4.0	1.0	3.0	0.0	2.625	0.0	-1.0	-3.0	-2.0	1.0	-2.0	0.0	2.0	-1.0	-0.625	0.0	0.0	-1.0	-1.0	1.0	-1.0	0.0	1.0	-1.0	-0.125	3.0	0.0	0.0	0.0	1.0
1	2	4	3	28	17	6	4	0.0	1.0	1.0	0.0	2.0	1.0	0.0	0.0	2.0	2.0	2.0	2.0	2.0	4.0	2.0	2.6666667	-8.0	2.0	2.0	3.0	2.3333333	4.0	5.0	4.0	0.0	1.0	0.0	1.0	1.0	1.0	1.0	0.0	1.0	0.0	1.0	1.0		1.0	1.0	5.0	1.0	5.0	1.0	3.0	0.0	1.0	0.0	2.0	0.0	4.0	1.0	4.0	1.0	3.0	0.0	3.0	0.0	3.375	0.5	4.0	1.0	3.0	0.0	4.0	1.0	4.0	1.0	3.0	0.0	5.0	1.0	5.0	1.0	1.0	5.0	1.0	5.0	1.0	3.0	0.0	2.0	0.0	3.0	0.0	4.0	1.0	4.0	1.0	4.0	1.0	3.0	0.0	3.75	0.0	0.0	0.0	1.0	1.0	0.0	0.0	1.0	0.0	0.375	0.0	0.0	0.0	0.0	0.0	0.0	0.0	1.0	0.0	0.125			1.0	0.0	1.0
1	2	3	4	34	3	5	4	0.0	1.0	1.0	0.0	6.0	0.0	0.0	1.0	4.0	4.0	4.0	4.0	3.0	5.0	5.0	4.3333335	0.0	2.0	1.0	2.0	1.6666666	5.0	4.0	3.0	0.0	0.0	1.0	1.0	2.0	0.0	1.0	0.0	1.0	0.0	1.0	1.0		0.0	0.0	4.0	1.0	4.0	1.0	2.0	0.0	3.0	0.0	4.0	1.0	4.0	1.0	4.0	1.0	4.0	1.0	5.0	1.0	3.625	0.75	4.0	1.0	3.0	0.0	4.0	1.0	4.0	1.0	3.0	0.0	4.0	1.0	4.0	1.0	0.0	4.0	1.0	4.0	1.0	4.0	1.0	2.0	0.0	4.0	1.0	4.0	1.0	4.0	1.0	4.0	1.0	4.0	1.0	3.75	0.0	0.0	2.0	-1.0	0.0	0.0	0.0	0.0	-1.0	0.125	0.0	0.0	1.0	0.0	0.0	0.0	0.0	0.0	0.0	0.125	5.0	1.0	1.0	0.0	1.0
4	2	1	3	37	7	7	1	0.0	0.0	0.0	1.0	1.0	1.0	0.0	0.0	4.0	4.0	4.0	4.0	4.0	4.0	4.0	4.0	10.0	4.0	4.0	2.0	3.3333333	1.0	4.0	2.0	0.0	1.0	1.0	1.0	2.0	1.0	0.0	0.0	0.0	1.0		0.0	0.0		1.0	3.0	0.0	3.0	0.0	4.0	1.0	4.0	1.0	3.0	0.0	4.0	1.0	4.0	1.0	3.0	0.0	4.0	1.0	3.5	0.5	3.0	0.0	4.0	1.0	4.0	1.0	4.0	1.0	4.0	1.0	3.0	0.0	3.0	0.0	1.0	4.0	1.0	4.0	1.0	3.0	0.0	3.0	0.0	4.0	1.0	4.0	1.0	4.0	1.0	4.0	1.0	4.0	1.0	3.75	1.0	1.0	-1.0	-1.0	1.0	0.0	0.0	1.0	0.0	0.25	1.0	1.0	-1.0	-1.0	1.0	0.0	0.0	1.0	0.0	0.25			0.0	1.0	0.0
2	1	4	3	38	9	6	3	0.0	1.0	1.0	0.0	6.0	0.0	0.0	1.0	4.0	4.0	3.0	3.6666667	4.0	4.0	3.0	3.6666667	44.0	4.0	4.0	3.0	3.6666667	3.0	4.0	3.0	1.0	0.0	0.0	0.0	0.0	0.0	0.0	1.0	1.0	0.0	0.0		1.0	1.0	1.0	3.0	0.0	3.0	0.0	3.0	0.0	3.0	0.0	4.0	1.0	3.0	0.0	2.0	0.0	3.0	0.0	3.0	0.0	3.0	0.125	2.0	0.0	3.0	0.0	2.0	0.0	3.0	0.0	2.0	0.0	3.0	0.0	3.0	0.0	0.0	3.0	0.0	3.0	0.0	3.0	0.0	3.0	0.0	3.0	0.0	3.0	0.0	2.0	0.0	3.0	0.0	3.0	0.0	2.875	0.0	0.0	0.0	0.0	-1.0	0.0	0.0	0.0	0.0	-0.125	0.0	0.0	0.0	0.0	-1.0	0.0	0.0	0.0	0.0	-0.125			0.0	1.0	0.0
1	3	4	2	38	5	6	1	0.0	0.0	0.0	1.0	1.0	1.0	0.0	0.0	2.0	2.0	2.0	2.0	2.0	4.0	2.0	2.6666667	80.0	4.0	4.0	3.0	3.6666667	4.0	5.0	5.0	0.0	1.0	1.0	1.0	2.0	1.0	0.0	1.0	1.0	0.0	0.0		1.0	1.0	1.0	5.0	1.0	5.0	1.0	5.0	1.0	5.0	1.0	5.0	1.0	5.0	1.0	5.0	1.0	5.0	1.0	5.0	1.0	5.0	1.0	4.0	1.0	1.0	0.0	5.0	1.0	5.0	1.0	5.0	1.0	5.0	1.0	5.0	1.0	0.0	5.0	1.0	5.0	1.0	5.0	1.0	5.0	1.0	5.0	1.0	5.0	1.0	5.0	1.0	5.0	1.0	5.0	1.0	5.0	0.0	0.0	0.0	0.0	0.0	0.0	0.0	0.0	0.0	0.0	0.0	0.0	0.0	0.0	0.0	0.0	0.0	0.0	0.0	0.0			1.0	1.0	1.0
2	3	4	1	36	7	2	3	0.0	1.0	1.0	0.0	8.0	0.0	1.0	0.0	1.0	2.0	1.0	1.3333334	3.0	5.0	4.0	4.0	1.0	5.0	4.0	4.0	4.3333335	3.0	5.0	4.0	1.0	0.0	1.0	0.0	1.0	1.0	1.0	0.0	1.0	0.0	1.0	1.0		1.0	1.0	4.0	1.0	3.0	0.0	4.0	1.0	4.0	1.0	3.0	0.0	4.0	1.0	5.0	1.0	4.0	1.0	3.0	0.0	3.875	0.75	3.0	0.0	4.0	1.0	4.0	1.0	4.0	1.0	3.0	0.0	4.0	1.0	5.0	1.0	0.0	5.0	1.0	3.0	0.0	3.0	0.0	4.0	1.0	4.0	1.0	5.0	1.0	4.0	1.0	4.0	1.0	4.0	1.0	4.0	1.0	0.0	-1.0	0.0	1.0	1.0	-1.0	0.0	1.0	0.125	0.0	0.0	-1.0	0.0	1.0	0.0	0.0	0.0	1.0	0.0			0.0	0.0	1.0
4	3	1	2	23	6	2	4	0.0	1.0	1.0	0.0	3.0	0.0	0.0	1.0	3.0	2.0	3.0	2.6666667	4.0	5.0	2.0	3.6666667	-70.0	3.0	1.0	2.0	2.0	5.0	2.0	5.0	0.0	0.0	0.0	1.0	1.0	0.0	0.0	0.0	0.0	1.0		0.0	0.0		1.0	2.0	0.0	2.0	0.0	2.0	0.0	3.0	0.0	3.0	0.0	3.0	0.0	2.0	0.0	3.0	0.0	1.0	0.0	2.5	0.0	4.0	1.0	4.0	1.0	3.0	0.0	3.0	0.0	3.0	0.0	3.0	0.0	3.0	0.0	0.0	2.0	0.0	2.0	0.0	2.0	0.0	3.0	0.0	2.0	0.0	1.0	0.0	1.0	0.0	2.0	0.0	3.0	0.0	1.875	0.0	0.0	0.0	0.0	-1.0	-2.0	-1.0	-1.0	2.0	-0.625	0.0	0.0	0.0	0.0	0.0	0.0	0.0	0.0	0.0	0.0			0.0	0.0	0.0
1	3	4	2	40	21	7	3	0.0	1.0	1.0	0.0	1.0	1.0	0.0	0.0	3.0	1.0	1.0	1.6666666	3.0	3.0	1.0	2.3333333	0.0	2.0	4.0	3.0	3.0	5.0	4.0	3.0	0.0	1.0	0.0	1.0	1.0	0.0	0.0	0.0	0.0	1.0		0.0	0.0		1.0	3.0	0.0	5.0	1.0	4.0	1.0	1.0	0.0	1.0	0.0	5.0	1.0	3.0	0.0	3.0	0.0	4.0	1.0	3.125	0.375	1.0	0.0	2.0	0.0	3.0	0.0	2.0	0.0	1.0	0.0	4.0	1.0	2.0	0.0	0.0	4.0	1.0	5.0	1.0	4.0	1.0	1.0	0.0	2.0	0.0	5.0	1.0	4.0	1.0	4.0	1.0	4.0	1.0	3.625	1.0	0.0	0.0	0.0	1.0	0.0	1.0	1.0	0.0	0.5	1.0	0.0	0.0	0.0	0.0	0.0	1.0	1.0	0.0	0.375			1.0	0.0	1.0
1	3	4	2	44	19	6	4	0.0	0.0	1.0	0.0	3.0	0.0	0.0	1.0	1.0	1.0	1.0	1.0	1.0	3.0	1.0	1.6666666	-30.0	1.0	4.0	2.0	2.3333333	3.0	3.0	4.0	0.0	1.0	1.0	1.0	2.0	0.0	1.0	0.0	1.0	0.0	1.0	1.0		0.0	0.0	5.0	1.0	5.0	1.0	4.0	1.0	3.0	0.0	1.0	0.0	4.0	1.0	5.0	1.0	5.0	1.0	4.0	1.0	4.0	0.75	1.0	0.0	2.0	0.0	3.0	0.0	3.0	0.0	2.0	0.0	5.0	1.0	4.0	1.0	0.0	5.0	1.0	5.0	1.0	4.0	1.0	3.0	0.0	1.0	0.0	4.0	1.0	4.0	1.0	5.0	1.0	4.0	1.0	3.875	0.0	0.0	0.0	0.0	0.0	0.0	-1.0	0.0	0.0	-0.125	0.0	0.0	0.0	0.0	0.0	0.0	0.0	0.0	0.0	0.0	5.0	1.0	1.0	0.0	1.0
3	4	2	1	44	14	6	1	0.0	1.0	1.0	0.0	2.0	1.0	0.0	0.0	2.0	3.0	2.0	2.3333333	4.0	4.0	2.0	3.3333333	1.0	2.0	2.0	2.0	2.0	3.0	3.0	4.0	0.0	1.0	0.0	0.0	0.0	1.0	1.0	0.0	1.0	0.0	1.0	1.0		0.0	0.0	3.0	0.0	4.0	1.0	2.0	0.0	4.0	1.0	4.0	1.0	3.0	0.0	4.0	1.0	3.0	0.0	4.0	1.0	3.375	0.5	3.0	0.0	3.0	0.0	3.0	0.0	3.0	0.0	4.0	1.0	4.0	1.0	4.0	1.0	0.0	4.0	1.0	3.0	0.0	2.0	0.0	3.0	0.0	3.0	0.0	3.0	0.0	2.0	0.0	3.0	0.0	4.0	1.0	2.875	1.0	-1.0	0.0	-1.0	-1.0	0.0	-2.0	0.0	0.0	-0.5	1.0	-1.0	0.0	-1.0	-1.0	0.0	-1.0	0.0	0.0	-0.375	4.0	1.0	0.0	0.0	1.0
1	2	4	3	33	9	2	3	0.0	1.0	0.0	0.0	2.0	1.0	0.0	0.0	1.0	4.0	1.0	2.0	1.0	5.0	1.0	2.3333333	-50.0	1.0	3.0	5.0	3.0	4.0	5.0	5.0	0.0	0.0	1.0	1.0	2.0	0.0	0.0	1.0	1.0	0.0	0.0		1.0	1.0	1.0	5.0	1.0	5.0	1.0	3.0	0.0	2.0	0.0	5.0	1.0	4.0	1.0	5.0	1.0	5.0	1.0	5.0	1.0	4.25	0.75	5.0	1.0	5.0	1.0	5.0	1.0	4.0	1.0	4.0	1.0	5.0	1.0	5.0	1.0	0.0	5.0	1.0	5.0	1.0	5.0	1.0	5.0	1.0	5.0	1.0	5.0	1.0	5.0	1.0	5.0	1.0	5.0	1.0	5.0	0.0	0.0	2.0	3.0	0.0	1.0	0.0	0.0	0.0	0.75	0.0	0.0	1.0	1.0	0.0	0.0	0.0	0.0	0.0	0.25			1.0	0.0	1.0
4	2	1	3	25	24	6	1	0.0	1.0	1.0	0.0	1.0	1.0	0.0	0.0	3.0	2.0	3.0	2.6666667	3.0	1.0	2.0	2.0	0.0	4.0	1.0	4.0	3.0	5.0	4.0	5.0	0.0	1.0	0.0	0.0	0.0	1.0	0.0	0.0	0.0	1.0		0.0	0.0		1.0	3.0	0.0	3.0	0.0	2.0	0.0	2.0	0.0	3.0	0.0	4.0	1.0	5.0	1.0	3.0	0.0	5.0	1.0	3.125	0.25	3.0	0.0	4.0	1.0	5.0	1.0	3.0	0.0	3.0	0.0	5.0	1.0	4.0	1.0	0.0	2.0	0.0	3.0	0.0	2.0	0.0	2.0	0.0	3.0	0.0	4.0	1.0	5.0	1.0	3.0	0.0	5.0	1.0	3.0	-1.0	0.0	0.0	0.0	0.0	0.0	0.0	0.0	0.0	-0.125	0.0	0.0	0.0	0.0	0.0	0.0	0.0	0.0	0.0	0.0			0.0	0.0	0.0
1	4	3	2	26	2	6	1	0.0	0.0	1.0	0.0	1.0	1.0	0.0	0.0	3.0	4.0	4.0	3.6666667	4.0	5.0	1.0	3.3333333	3.0	3.0	1.0	4.0	2.6666667	5.0	5.0	3.0	0.0	1.0	1.0	0.0	1.0	0.0	1.0	0.0	1.0	0.0	1.0	1.0		1.0	1.0	5.0	1.0	3.0	0.0	4.0	1.0	3.0	0.0	4.0	1.0	5.0	1.0	5.0	1.0	4.0	1.0	5.0	1.0	4.125	0.75	3.0	0.0	3.0	0.0	5.0	1.0	5.0	1.0	4.0	1.0	5.0	1.0	5.0	1.0	1.0	3.0	0.0	5.0	1.0	3.0	0.0	5.0	1.0	5.0	1.0	5.0	1.0	5.0	1.0	4.0	1.0	4.0	1.0	4.375	-2.0	2.0	-1.0	2.0	1.0	0.0	0.0	0.0	-1.0	0.25	-1.0	1.0	-1.0	1.0	0.0	0.0	0.0	0.0	0.0	0.0			1.0	1.0	1.0
2	1	4	3	25	1	4	3	0.0	1.0	0.0	1.0	6.0	0.0	0.0	1.0	5.0	4.0	4.0	4.3333335	4.0	5.0	5.0	4.6666665	8.0	4.0	4.0	2.0	3.3333333	4.0	4.0	3.0	1.0	0.0	0.0	0.0	0.0	0.0	0.0	0.0	0.0	1.0		0.0	0.0		1.0	4.0	1.0	4.0	1.0	4.0	1.0	4.0	1.0	4.0	1.0	4.0	1.0	4.0	1.0	4.0	1.0	4.0	1.0	4.0	1.0	3.0	0.0	3.0	0.0	4.0	1.0	4.0	1.0	4.0	1.0	4.0	1.0	4.0	1.0	1.0	3.0	0.0	3.0	0.0	3.0	0.0	3.0	0.0	3.0	0.0	3.0	0.0	3.0	0.0	2.0	0.0	3.0	0.0	2.875	-1.0	-1.0	-1.0	-1.0	-1.0	-1.0	-1.0	-2.0	-1.0	-1.125	-1.0	-1.0	-1.0	-1.0	-1.0	-1.0	-1.0	-1.0	-1.0	-1.0			0.0	1.0	0.0
1	3	4	2	36	19	6	3	0.0	1.0	1.0	0.0	1.0	1.0	0.0	0.0	1.0	1.0	1.0	1.0	2.0	2.0	1.0	1.6666666	21.0	2.0	1.0	3.0	2.0	4.0	5.0	4.0	0.0	1.0	1.0	1.0	2.0	1.0	0.0	1.0	1.0	0.0	0.0		1.0	1.0	1.0	5.0	1.0	5.0	1.0	4.0	1.0	1.0	0.0	2.0	0.0	5.0	1.0	5.0	1.0	5.0	1.0	5.0	1.0	4.0	0.75	2.0	0.0	3.0	0.0	5.0	1.0	2.0	0.0	4.0	1.0	5.0	1.0	4.0	1.0	0.0	5.0	1.0	5.0	1.0	5.0	1.0	4.0	1.0	4.0	1.0	5.0	1.0	5.0	1.0	5.0	1.0	5.0	1.0	4.75	0.0	0.0	1.0	3.0	2.0	0.0	0.0	0.0	0.0	0.75	0.0	0.0	0.0	1.0	1.0	0.0	0.0	0.0	0.0	0.25			1.0	1.0	1.0
2	3	4	1	59	23	6	1	0.0	1.0	1.0	0.0	1.0	1.0	0.0	0.0	1.0	1.0	1.0	1.0	2.0	3.0	1.0	2.0	-5.0	3.0	4.0	2.0	3.0	3.0	4.0	4.0	0.0	1.0	1.0	1.0	2.0	1.0	0.0	0.0	0.0	1.0		0.0	0.0		1.0	4.0	1.0	4.0	1.0	2.0	0.0	2.0	0.0	2.0	0.0	4.0	1.0	3.0	0.0	4.0	1.0	3.0	0.0	3.125	0.5	2.0	0.0	2.0	0.0	4.0	1.0	3.0	0.0	3.0	0.0	5.0	1.0	4.0	1.0	0.0	4.0	1.0	4.0	1.0	2.0	0.0	2.0	0.0	2.0	0.0	4.0	1.0	3.0	0.0	4.0	1.0	2.0	0.0	3.125	0.0	0.0	0.0	0.0	0.0	0.0	0.0	0.0	-1.0	0.0	0.0	0.0	0.0	0.0	0.0	0.0	0.0	0.0	0.0	0.0			0.0	0.0	1.0
4	3	2	1	33	7	2	1	0.0	0.0	0.0	1.0	2.0	1.0	0.0	0.0	3.0	4.0	3.0	3.3333333	2.0	4.0	2.0	2.6666667	0.0	2.0	4.0	3.0	3.0	5.0	1.0	2.0	1.0	0.0	1.0	0.0	1.0	1.0	0.0	1.0	1.0	0.0	0.0		1.0	0.0	0.0	3.0	0.0	3.0	0.0	1.0	0.0	1.0	0.0	1.0	0.0	1.0	0.0	1.0	0.0	3.0	0.0	1.0	0.0	1.75	0.0	3.0	0.0	2.0	0.0	1.0	0.0	2.0	0.0	1.0	0.0	1.0	0.0	3.0	0.0	0.0	1.0	0.0	1.0	0.0	1.0	0.0	1.0	0.0	1.0	0.0	1.0	0.0	1.0	0.0	1.0	0.0	1.0	0.0	1.0	-2.0	-2.0	0.0	0.0	0.0	0.0	0.0	-2.0	0.0	-0.75	0.0	0.0	0.0	0.0	0.0	0.0	0.0	0.0	0.0	0.0	2.0	0.0	0.0	0.0	0.0
4	2	3	1	24	4	4	3	0.0	1.0	1.0	0.0	5.0	0.0	0.0	1.0	4.0	4.0	4.0	4.0	2.0	5.0	2.0	3.0	-59.0	2.0	4.0	2.0	2.6666667	2.0	4.0	4.0	0.0	0.0	1.0	0.0	1.0	1.0	0.0	1.0	1.0	0.0	0.0		1.0	0.0	0.0	4.0	1.0	2.0	0.0	2.0	0.0	1.0	0.0	2.0	0.0	2.0	0.0	4.0	1.0	2.0	0.0	2.0	0.0	2.375	0.25	4.0	1.0	3.0	0.0	2.0	0.0	2.0	0.0	2.0	0.0	2.0	0.0	2.0	0.0	0.0	4.0	1.0	2.0	0.0	2.0	0.0	1.0	0.0	2.0	0.0	2.0	0.0	4.0	1.0	2.0	0.0	4.0	1.0	2.375	0.0	0.0	0.0	0.0	0.0	0.0	0.0	0.0	2.0	0.0	0.0	0.0	0.0	0.0	0.0	0.0	0.0	0.0	1.0	0.0	4.0	1.0	0.0	0.0	0.0
1	2	4	3	33	23	7	3	0.0	1.0	1.0	0.0	1.0	1.0	0.0	0.0	1.0	1.0	1.0	1.0	1.0	3.0	1.0	1.6666666	-20.0	1.0	2.0	2.0	1.6666666	3.0	4.0	4.0	0.0	1.0	0.0	1.0	1.0	1.0	0.0	0.0	0.0	1.0		0.0	0.0		1.0	5.0	1.0	5.0	1.0	4.0	1.0	1.0	0.0	1.0	0.0	5.0	1.0	4.0	1.0	5.0	1.0	3.0	0.0	3.75	0.75	4.0	1.0	2.0	0.0	4.0	1.0	4.0	1.0	4.0	1.0	5.0	1.0	4.0	1.0	1.0	5.0	1.0	5.0	1.0	5.0	1.0	1.0	0.0	2.0	0.0	5.0	1.0	5.0	1.0	5.0	1.0	5.0	1.0	4.125	0.0	0.0	1.0	0.0	1.0	0.0	1.0	0.0	2.0	0.375	0.0	0.0	0.0	0.0	0.0	0.0	0.0	0.0	1.0	0.0			1.0	0.0	1.0
3	1	4	2	43	4	7	3	0.0	1.0	0.0	1.0	1.0	1.0	0.0	0.0	2.0	3.0	4.0	3.0	4.0	3.0	4.0	3.6666667	12.0	4.0	4.0	3.0	3.6666667	5.0	3.0	4.0	0.0	1.0	0.0	1.0	1.0	1.0	0.0	0.0	0.0	1.0		0.0	0.0		1.0	3.0	0.0	4.0	1.0	3.0	0.0	2.0	0.0	3.0	0.0	4.0	1.0	4.0	1.0	3.0	0.0	4.0	1.0	3.25	0.375	4.0	1.0	4.0	1.0	4.0	1.0	4.0	1.0	5.0	1.0	3.0	0.0	5.0	1.0	0.0	4.0	1.0	5.0	1.0	4.0	1.0	4.0	1.0	3.0	0.0	4.0	1.0	5.0	1.0	5.0	1.0	5.0	1.0	4.25	1.0	1.0	1.0	2.0	0.0	0.0	1.0	2.0	1.0	1.0	1.0	0.0	1.0	1.0	0.0	0.0	0.0	1.0	0.0	0.5			0.0	1.0	0.0
2	3	4	1	30	18	7	2	0.0	1.0	1.0	0.0	8.0	0.0	1.0	0.0	1.0	4.0	1.0	2.0	2.0	4.0	4.0	3.3333333	100.0	2.0	4.0	2.0	2.6666667	3.0	2.0	2.0	1.0	0.0	0.0	1.0	1.0	0.0	0.0	1.0	1.0	0.0	0.0		1.0	1.0	1.0	4.0	1.0	4.0	1.0	5.0	1.0	1.0	0.0	2.0	0.0	2.0	0.0	2.0	0.0	3.0	0.0	2.0	0.0	2.875	0.375	5.0	1.0	3.0	0.0	2.0	0.0	4.0	1.0	1.0	0.0	3.0	0.0	4.0	1.0	0.0	5.0	1.0	5.0	1.0	5.0	1.0	1.0	0.0	2.0	0.0	2.0	0.0	2.0	0.0	3.0	0.0	2.0	0.0	3.125	1.0	1.0	0.0	0.0	0.0	0.0	0.0	0.0	0.0	0.25	0.0	0.0	0.0	0.0	0.0	0.0	0.0	0.0	0.0	0.0			0.0	1.0	1.0
2	3	4	1	36	9	6	3	0.0	1.0	1.0	0.0	1.0	1.0	0.0	0.0	1.0	1.0	1.0	1.0	2.0	3.0	1.0	2.0	-3.0	1.0	2.0	1.0	1.3333334	5.0	5.0	4.0	0.0	1.0	0.0	1.0	1.0	0.0	0.0	1.0	1.0	0.0	0.0		1.0	1.0	1.0	5.0	1.0	5.0	1.0	5.0	1.0	1.0	0.0	3.0	0.0	5.0	1.0	4.0	1.0	5.0	1.0	3.0	0.0	4.125	0.75	1.0	0.0	2.0	0.0	4.0	1.0	2.0	0.0	3.0	0.0	4.0	1.0	3.0	0.0	1.0	5.0	1.0	5.0	1.0	5.0	1.0	1.0	0.0	4.0	1.0	5.0	1.0	4.0	1.0	5.0	1.0	4.0	1.0	4.25	0.0	0.0	0.0	0.0	1.0	0.0	0.0	0.0	1.0	0.125	0.0	0.0	0.0	0.0	1.0	0.0	0.0	0.0	1.0	0.125			0.0	0.0	1.0
3	2	4	1	25	10	6	3	0.0	1.0	0.0	0.0	2.0	1.0	0.0	0.0	2.0	1.0	2.0	1.6666666	3.0	4.0	1.0	2.6666667	-30.0	2.0	4.0	4.0	3.3333333	4.0	4.0	5.0	0.0	1.0	1.0	1.0	2.0	0.0	0.0	1.0	1.0	0.0	0.0		1.0	0.0	0.0	4.0	1.0	4.0	1.0	1.0	0.0	1.0	0.0	1.0	0.0	4.0	1.0	3.0	0.0	4.0	1.0	1.0	0.0	2.75	0.5	2.0	0.0	1.0	0.0	1.0	0.0	4.0	1.0	1.0	0.0	3.0	0.0	4.0	1.0	0.0	3.0	0.0	3.0	0.0	1.0	0.0	1.0	0.0	1.0	0.0	2.0	0.0	1.0	0.0	3.0	0.0	1.0	0.0	1.875	-1.0	-1.0	0.0	0.0	0.0	-2.0	-2.0	-1.0	0.0	-0.875	-1.0	-1.0	0.0	0.0	0.0	-1.0	0.0	-1.0	0.0	-0.5	5.0	1.0	0.0	0.0	0.0
3	2	4	1	51	18	6	3	0.0	0.0	0.0	0.0	5.0	0.0	0.0	1.0	3.0	3.0	3.0	3.0	3.0	3.0	3.0	3.0	-12.0	3.0	3.0	3.0	3.0	3.0	3.0	3.0	0.0	0.0	0.0	1.0	1.0	1.0	1.0	0.0	1.0	0.0	1.0	1.0		0.0	0.0	3.0	0.0	3.0	0.0	3.0	0.0	2.0	0.0	3.0	0.0	3.0	0.0	3.0	0.0	2.0	0.0	2.0	0.0	2.75	0.0	3.0	0.0	2.0	0.0	2.0	0.0	2.0	0.0	2.0	0.0	2.0	0.0	2.0	0.0	0.0	3.0	0.0	3.0	0.0	2.0	0.0	2.0	0.0	3.0	0.0	2.0	0.0	2.0	0.0	2.0	0.0	2.0	0.0	2.375	0.0	0.0	-1.0	0.0	0.0	-1.0	-1.0	0.0	0.0	-0.375	0.0	0.0	0.0	0.0	0.0	0.0	0.0	0.0	0.0	0.0	2.0	0.0	0.0	0.0	0.0
2	3	4	1	37	24	3	1	0.0	0.0	1.0	0.0	6.0	0.0	0.0	1.0	2.0	2.0	2.0	2.0	4.0	4.0	1.0	3.0	54.0	5.0	5.0	5.0	5.0	3.0	2.0	4.0	1.0	0.0	1.0	1.0	2.0	1.0	0.0	1.0	1.0	0.0	0.0		1.0	0.0	0.0	5.0	1.0	5.0	1.0	5.0	1.0	1.0	0.0	1.0	0.0	2.0	0.0	2.0	0.0	4.0	1.0	1.0	0.0	3.125	0.5	2.0	0.0	2.0	0.0	2.0	0.0	2.0	0.0	1.0	0.0	2.0	0.0	3.0	0.0	0.0	5.0	1.0	5.0	1.0	4.0	1.0	1.0	0.0	1.0	0.0	3.0	0.0	2.0	0.0	4.0	1.0	2.0	0.0	3.125	0.0	0.0	-1.0	0.0	0.0	1.0	0.0	0.0	1.0	0.0	0.0	0.0	0.0	0.0	0.0	0.0	0.0	0.0	0.0	0.0	4.0	1.0	0.0	1.0	1.0
2	1	3	4	44	7	4	4	0.0	0.0	0.0	1.0	1.0	1.0	0.0	0.0	3.0	5.0	5.0	4.3333335	5.0	4.0	5.0	4.6666665	-22.0	3.0	4.0	3.0	3.3333333	5.0	4.0	5.0	0.0	1.0	0.0	0.0	0.0	0.0	1.0	0.0	1.0	0.0	1.0	1.0		1.0	1.0	4.0	1.0	3.0	0.0	4.0	1.0	5.0	1.0	3.0	0.0	5.0	1.0	3.0	0.0	5.0	1.0	5.0	1.0	4.0	0.625	4.0	1.0	4.0	1.0	3.0	0.0	5.0	1.0	3.0	0.0	4.0	1.0	4.0	1.0	1.0	1.0	0.0	1.0	0.0	1.0	0.0	1.0	0.0	2.0	0.0	2.0	0.0	1.0	0.0	2.0	0.0	2.0	0.0	1.375	-3.0	-2.0	-3.0	-4.0	-1.0	-3.0	-2.0	-3.0	-3.0	-2.625	-1.0	0.0	-1.0	-1.0	0.0	-1.0	0.0	-1.0	-1.0	-0.625			0.0	0.0	0.0
2	3	4	1	34	2	5	4	0.0	0.0	1.0	0.0	1.0	1.0	0.0	0.0	5.0	4.0	4.0	4.3333335	4.0	5.0	5.0	4.6666665	100.0	4.0	4.0	2.0	3.3333333	5.0	5.0	4.0	1.0	0.0	1.0	1.0	2.0	1.0	0.0	1.0	1.0	0.0	0.0		1.0	0.0	0.0	4.0	1.0	4.0	1.0	2.0	0.0	5.0	1.0	5.0	1.0	5.0	1.0	5.0	1.0	4.0	1.0	5.0	1.0	4.25	0.875	5.0	1.0	5.0	1.0	5.0	1.0	2.0	0.0	5.0	1.0	4.0	1.0	3.0	0.0	1.0	4.0	1.0	5.0	1.0	2.0	0.0	4.0	1.0	4.0	1.0	4.0	1.0	5.0	1.0	4.0	1.0	5.0	1.0	4.0	0.0	1.0	0.0	-1.0	-1.0	-1.0	0.0	0.0	0.0	-0.25	0.0	0.0	0.0	0.0	0.0	0.0	0.0	0.0	0.0	0.0	5.0	1.0	0.0	1.0	1.0
4	3	2	1	20	9	8	3	0.0	0.0	0.0	1.0	8.0	0.0	1.0	0.0	3.0	3.0	5.0	3.6666667	3.0	5.0	5.0	4.3333335	9.0	3.0	3.0	4.0	3.3333333	5.0	3.0	2.0	0.0	1.0	0.0	1.0	1.0	1.0	1.0	0.0	1.0	0.0	1.0	1.0		1.0	1.0	1.0	0.0	2.0	0.0	1.0	0.0	2.0	0.0	1.0	0.0	2.0	0.0	1.0	0.0	2.0	0.0	1.0	0.0	1.5	0.0	3.0	0.0	4.0	1.0	3.0	0.0	3.0	0.0	1.0	0.0	2.0	0.0	3.0	0.0	1.0	2.0	0.0	2.0	0.0	1.0	0.0	1.0	0.0	2.0	0.0	2.0	0.0	3.0	0.0	3.0	0.0	1.0	0.0	2.0	1.0	0.0	0.0	-1.0	1.0	0.0	2.0	1.0	0.0	0.5	0.0	0.0	0.0	0.0	0.0	0.0	0.0	0.0	0.0	0.0			0.0	1.0	0.0
1	4	2	3	30	1	7	1	0.0	0.0	1.0	0.0	8.0	0.0	1.0	0.0	3.0	3.0	3.0	3.0	4.0	5.0	1.0	3.3333333	0.0	4.0	4.0	5.0	4.3333335	5.0	4.0	4.0	1.0	0.0	0.0	0.0	0.0	1.0	1.0	0.0	1.0	0.0	1.0	1.0		0.0	0.0	5.0	1.0	5.0	1.0	4.0	1.0	3.0	0.0	3.0	0.0	3.0	0.0	3.0	0.0	4.0	1.0	5.0	1.0	3.75	0.5	5.0	1.0	3.0	0.0	3.0	0.0	3.0	0.0	2.0	0.0	5.0	1.0	3.0	0.0	0.0	5.0	1.0	5.0	1.0	5.0	1.0	3.0	0.0	3.0	0.0	3.0	0.0	3.0	0.0	5.0	1.0	5.0	1.0	4.0	0.0	0.0	1.0	0.0	0.0	0.0	0.0	1.0	0.0	0.25	0.0	0.0	0.0	0.0	0.0	0.0	0.0	0.0	0.0	0.0	5.0	1.0	1.0	0.0	1.0
3	2	4	1	18	1	2	3	0.0	0.0	0.0	1.0	4.0	0.0	0.0	1.0	2.0	3.0	4.0	3.0	1.0	4.0	4.0	3.0	0.0	2.0	4.0	2.0	2.6666667	5.0	3.0	2.0	0.0	0.0	0.0	0.0	0.0	1.0	0.0	1.0	1.0	0.0	0.0		1.0	1.0	1.0	4.0	1.0	4.0	1.0	1.0	0.0	1.0	0.0	2.0	0.0	4.0	1.0	4.0	1.0	4.0	1.0	2.0	0.0	3.0	0.625	3.0	0.0	3.0	0.0	3.0	0.0	4.0	1.0	4.0	1.0	4.0	1.0	4.0	1.0	0.0	5.0	1.0	5.0	1.0	2.0	0.0	1.0	0.0	1.0	0.0	4.0	1.0	4.0	1.0	3.0	0.0	3.0	0.0	3.125	1.0	1.0	1.0	0.0	-1.0	0.0	0.0	-1.0	1.0	0.125	0.0	0.0	0.0	0.0	0.0	0.0	0.0	-1.0	0.0	-0.125			0.0	0.0	0.0
3	2	4	1	34	22	6	3	0.0	0.0	1.0	0.0	5.0	0.0	0.0	1.0	3.0	5.0	2.0	3.3333333	1.0	4.0	3.0	2.6666667	0.0	3.0	3.0	3.0	3.0	1.0	1.0	4.0	0.0	0.0	1.0	0.0	1.0	1.0	0.0	1.0	1.0	0.0	0.0		1.0	1.0	1.0	1.0	0.0	1.0	0.0	1.0	0.0	1.0	0.0	1.0	0.0	1.0	0.0	1.0	0.0	1.0	0.0	1.0	0.0	1.0	0.0	1.0	0.0	1.0	0.0	1.0	0.0	1.0	0.0	1.0	0.0	1.0	0.0	1.0	0.0	0.0	1.0	0.0	1.0	0.0	1.0	0.0	1.0	0.0	1.0	0.0	1.0	0.0	1.0	0.0	1.0	0.0	1.0	0.0	1.0	0.0	0.0	0.0	0.0	0.0	0.0	0.0	0.0	0.0	0.0	0.0	0.0	0.0	0.0	0.0	0.0	0.0	0.0	0.0	0.0			0.0	0.0	0.0
1	3	4	2	22	4	4	1	0.0	0.0	1.0	0.0	3.0	0.0	0.0	1.0	1.0	1.0	2.0	1.3333334	2.0	4.0	1.0	2.3333333	0.0	1.0	3.0	2.0	2.0	5.0	3.0	4.0	0.0	0.0	1.0	1.0	2.0	1.0	0.0	1.0	1.0	0.0	0.0		1.0	1.0	1.0	4.0	1.0	4.0	1.0	3.0	0.0	1.0	0.0	1.0	0.0	5.0	1.0	4.0	1.0	4.0	1.0	3.0	0.0	3.25	0.625	2.0	0.0	3.0	0.0	2.0	0.0	2.0	0.0	4.0	1.0	3.0	0.0	2.0	0.0	0.0	4.0	1.0	5.0	1.0	3.0	0.0	1.0	0.0	1.0	0.0	5.0	1.0	4.0	1.0	3.0	0.0	3.0	0.0	3.25	0.0	1.0	0.0	0.0	0.0	0.0	0.0	-1.0	0.0	0.0	0.0	0.0	0.0	0.0	0.0	0.0	0.0	-1.0	0.0	-0.125			1.0	0.0	1.0
4	3	2	1	22	9	5	1	0.0	0.0	0.0	1.0	1.0	1.0	0.0	0.0	1.0	1.0	1.0	1.0	5.0	5.0	5.0	5.0	-65.0	1.0	5.0	1.0	2.3333333	5.0	5.0	5.0	0.0	1.0	1.0	1.0	2.0	0.0	1.0	0.0	1.0	0.0	1.0	1.0		1.0	1.0	5.0	1.0	5.0	1.0	1.0	0.0	5.0	1.0	5.0	1.0	5.0	1.0	5.0	1.0	5.0	1.0	5.0	1.0	4.5	0.875	5.0	1.0	5.0	1.0	5.0	1.0	5.0	1.0	5.0	1.0	5.0	1.0	5.0	1.0	1.0	5.0	1.0	5.0	1.0	1.0	0.0	1.0	0.0	1.0	0.0	5.0	1.0	5.0	1.0	5.0	1.0	5.0	1.0	3.5	0.0	0.0	0.0	-4.0	-4.0	0.0	0.0	0.0	0.0	-1.0	0.0	0.0	0.0	-1.0	-1.0	0.0	0.0	0.0	0.0	-0.25			0.0	0.0	0.0
3	4	1	2	26	8	2	3	0.0	0.0	0.0	1.0	8.0	0.0	1.0	0.0	5.0	3.0	5.0	4.3333335	1.0	5.0	1.0	2.3333333	-49.0	2.0	3.0	5.0	3.3333333	5.0	4.0	4.0	1.0	0.0	1.0	1.0	2.0	0.0	0.0	1.0	1.0	0.0	0.0		1.0	0.0	0.0	3.0	0.0	4.0	1.0	1.0	0.0	5.0	1.0	5.0	1.0	5.0	1.0	5.0	1.0	4.0	1.0	4.0	1.0	4.0	0.75	4.0	1.0	3.0	0.0	4.0	1.0	3.0	0.0	1.0	0.0	5.0	1.0	4.0	1.0	1.0	1.0	0.0	4.0	1.0	3.0	0.0	3.0	0.0	4.0	1.0	5.0	1.0	5.0	1.0	4.0	1.0	4.0	1.0	3.625	-2.0	0.0	2.0	-2.0	-1.0	0.0	0.0	0.0	0.0	-0.375	0.0	0.0	0.0	-1.0	0.0	0.0	0.0	0.0	0.0	-0.125	3.0	0.0	0.0	0.0	1.0
3	1	4	2	27	7	2	3	0.0	0.0	0.0	1.0	3.0	0.0	0.0	1.0	3.0	3.0	3.0	3.0	3.0	3.0	3.0	3.0	0.0	5.0	5.0	1.0	3.6666667	5.0	5.0	5.0	0.0	1.0	1.0	1.0	2.0	1.0	0.0	1.0	1.0	0.0	0.0		1.0	1.0	1.0	4.0	1.0	3.0	0.0	4.0	1.0	4.0	1.0	3.0	0.0	4.0	1.0	4.0	1.0	4.0	1.0	4.0	1.0	3.75	0.75	4.0	1.0	5.0	1.0	4.0	1.0	4.0	1.0	4.0	1.0	3.0	0.0	4.0	1.0	1.0	4.0	1.0	4.0	1.0	4.0	1.0	4.0	1.0	3.0	0.0	4.0	1.0	4.0	1.0	4.0	1.0	3.0	0.0	3.875	0.0	1.0	0.0	0.0	0.0	0.0	0.0	0.0	-1.0	0.125	0.0	1.0	0.0	0.0	0.0	0.0	0.0	0.0	-1.0	0.125			0.0	0.0	0.0
3	2	4	1	31	9	5	1	0.0	0.0	0.0	1.0	1.0	1.0	0.0	0.0	2.0	2.0	3.0	2.3333333	3.0	4.0	2.0	3.0	-50.0	2.0	3.0	3.0	2.6666667	3.0	4.0	5.0	0.0	1.0	1.0	1.0	2.0	0.0	1.0	0.0	1.0	0.0	1.0	1.0		0.0	0.0	3.0	0.0	3.0	0.0	3.0	0.0	1.0	0.0	1.0	0.0	4.0	1.0	2.0	0.0	3.0	0.0	3.0	0.0	2.5	0.125	1.0	0.0	1.0	0.0	3.0	0.0	2.0	0.0	2.0	0.0	5.0	1.0	4.0	1.0	0.0	3.0	0.0	3.0	0.0	3.0	0.0	1.0	0.0	1.0	0.0	4.0	1.0	2.0	0.0	3.0	0.0	3.0	0.0	2.5	0.0	0.0	0.0	0.0	0.0	0.0	0.0	0.0	0.0	0.0	0.0	0.0	0.0	0.0	0.0	0.0	0.0	0.0	0.0	0.0	4.0	1.0	0.0	0.0	0.0
1	3	2	4	30	4	7	1	0.0	0.0	0.0	0.0	2.0	1.0	0.0	0.0	2.0	1.0	1.0	1.3333334	3.0	4.0	1.0	2.6666667	-47.0	1.0	3.0	2.0	2.0	4.0	3.0	3.0	0.0	1.0	0.0	1.0	1.0	1.0	0.0	1.0	1.0	0.0	0.0		1.0	1.0	1.0	4.0	1.0	5.0	1.0	4.0	1.0	1.0	0.0	2.0	0.0	4.0	1.0	4.0	1.0	3.0	0.0	3.0	0.0	3.375	0.625	4.0	1.0	3.0	0.0	3.0	0.0	3.0	0.0	2.0	0.0	4.0	1.0	3.0	0.0	0.0	5.0	1.0	5.0	1.0	4.0	1.0	1.0	0.0	1.0	0.0	4.0	1.0	4.0	1.0	4.0	1.0	3.0	0.0	3.5	1.0	0.0	0.0	0.0	-1.0	0.0	0.0	1.0	0.0	0.125	0.0	0.0	0.0	0.0	0.0	0.0	0.0	1.0	0.0	0.125			1.0	0.0	1.0
4	1	3	2	23	1	6	3	0.0	0.0	0.0	0.0	2.0	1.0	0.0	0.0	5.0	4.0	4.0	4.3333335	1.0	4.0	4.0	3.0	0.0	1.0	1.0	2.0	1.3333334	1.0	4.0	4.0	1.0	0.0	1.0	0.0	1.0	1.0	0.0	0.0	0.0	1.0		0.0	0.0		1.0	5.0	1.0	3.0	0.0	2.0	0.0	1.0	0.0	1.0	0.0	5.0	1.0	4.0	1.0	5.0	1.0	5.0	1.0	3.25	0.5	3.0	0.0	2.0	0.0	4.0	1.0	1.0	0.0	2.0	0.0	5.0	1.0	5.0	1.0	1.0	5.0	1.0	5.0	1.0	4.0	1.0	1.0	0.0	2.0	0.0	5.0	1.0	5.0	1.0	5.0	1.0	5.0	1.0	4.0	0.0	2.0	2.0	0.0	1.0	0.0	1.0	0.0	0.0	0.75	0.0	1.0	1.0	0.0	0.0	0.0	0.0	0.0	0.0	0.25			0.0	0.0	0.0
				44	5	4	3	0.0	1.0	0.0	1.0	2.0	1.0	0.0	0.0	2.0	2.0	3.0	2.3333333	3.0	4.0	3.0	3.3333333	-3.0	3.0	3.0	3.0	3.0	4.0	3.0	2.0	0.0	1.0	0.0	1.0	1.0	0.0	1.0	0.0	1.0	0.0	1.0	1.0		1.0	1.0	3.0	0.0	3.0	0.0	3.0	0.0	3.0	0.0	3.0	0.0	3.0	0.0	3.0	0.0	3.0	0.0	3.0	0.0	3.0	0.0	3.0	0.0	3.0	0.0	3.0	0.0	3.0	0.0	3.0	0.0	3.0	0.0	3.0	0.0	0.0	4.0	1.0	3.0	0.0	4.0	1.0	4.0	1.0	3.0	0.0	4.0	1.0	4.0	1.0	3.0	0.0	3.0	0.0	3.625	1.0	0.0	1.0	1.0	0.0	1.0	1.0	0.0	0.0	0.625	1.0	0.0	1.0	1.0	0.0	1.0	1.0	0.0	0.0	0.625				0.0	
				59	8	4	3	0.0	1.0	1.0	0.0	2.0	1.0	0.0	0.0	3.0	3.0	3.0	3.0	2.0	5.0	3.0	3.3333333	0.0	2.0	3.0	4.0	3.0	4.0	4.0	2.0	0.0	1.0	0.0	0.0	0.0	0.0	0.0	1.0	1.0	0.0	0.0		1.0																																																																																0.0	
3	2	4	1	69	16	2	2	1.0	1.0	1.0	0.0	8.0	0.0	1.0	0.0	1.0	1.0	1.0	1.0	2.0	4.0	1.0	2.3333333	0.0	2.0	4.0	4.0	3.3333333	4.0	4.0	3.0	1.0	0.0	1.0	1.0	2.0	1.0	0.0	0.0	0.0	1.0		0.0	0.0		1.0	4.0	1.0	5.0	1.0	5.0	1.0	1.0	0.0	1.0	0.0	4.0	1.0	2.0	0.0	4.0	1.0	2.0	0.0	3.25	0.625	2.0	0.0	2.0	0.0	4.0	1.0	2.0	0.0	2.0	0.0	5.0	1.0	5.0	1.0	1.0	5.0	1.0	5.0	1.0	5.0	1.0	1.0	0.0	1.0	0.0	5.0	1.0	3.0	0.0	2.0	0.0	2.0	0.0	3.375	1.0	0.0	0.0	0.0	0.0	1.0	1.0	-2.0	0.0	0.125	0.0	0.0	0.0	0.0	0.0	0.0	0.0	-1.0	0.0	-0.125			0.0	0.0	0.0
3	2	4	1	72	8	2	2	1.0	1.0	1.0	0.0	1.0	1.0	0.0	0.0	1.0	1.0	2.0	1.3333334	3.0	4.0	3.0	3.3333333	-50.0	2.0	4.0	4.0	3.3333333	2.0	4.0	5.0	0.0	1.0	0.0	1.0	1.0	1.0	1.0	0.0	1.0	0.0	1.0	1.0		1.0	1.0	5.0	1.0	5.0	1.0	4.0	1.0	3.0	0.0	2.0	0.0	5.0	1.0	4.0	1.0	5.0	1.0	3.0	0.0	4.125	0.75	2.0	0.0	2.0	0.0	3.0	0.0	4.0	1.0	4.0	1.0	5.0	1.0	5.0	1.0	0.0	5.0	1.0	5.0	1.0	4.0	1.0	4.0	1.0	3.0	0.0	5.0	1.0	5.0	1.0	5.0	1.0	4.0	1.0	4.5	0.0	0.0	0.0	1.0	1.0	0.0	1.0	0.0	1.0	0.375	0.0	0.0	0.0	1.0	0.0	0.0	0.0	0.0	1.0	0.125			0.0	0.0	0.0
4	1	3	2	67	9	6	2	1.0	0.0	1.0	0.0	8.0	0.0	1.0	0.0	3.0	4.0	4.0	3.6666667	1.0	5.0	3.0	3.0	100.0	5.0	5.0	5.0	5.0	1.0	3.0	5.0	1.0	0.0	1.0	1.0	2.0	1.0	0.0	0.0	0.0	1.0		0.0	0.0		1.0	3.0	0.0	5.0	1.0	5.0	1.0	3.0	0.0	1.0	0.0	3.0	0.0	3.0	0.0	5.0	1.0	3.0	0.0	3.5	0.375	1.0	0.0	2.0	0.0	4.0	1.0	1.0	0.0	3.0	0.0	3.0	0.0	5.0	1.0	1.0	5.0	1.0	5.0	1.0	5.0	1.0	3.0	0.0	1.0	0.0	3.0	0.0	3.0	0.0	5.0	1.0	4.0	1.0	3.75	2.0	0.0	0.0	0.0	0.0	0.0	0.0	0.0	1.0	0.25	1.0	0.0	0.0	0.0	0.0	0.0	0.0	0.0	1.0	0.125			0.0	1.0	0.0
2	3	4	1	53	18	5	3	0.0	1.0	1.0	0.0	1.0	1.0	0.0	0.0	1.0	1.0	1.0	1.0	2.0	5.0	1.0	2.6666667	7.0	2.0	4.0	2.0	2.6666667	4.0	4.0	2.0	0.0	1.0	1.0	1.0	2.0	1.0	1.0	0.0	1.0	0.0	1.0	1.0		1.0	1.0	4.0	1.0	4.0	1.0	3.0	0.0	2.0	0.0	2.0	0.0	4.0	1.0	4.0	1.0	4.0	1.0	3.0	0.0	3.375	0.625	3.0	0.0	2.0	0.0	4.0	1.0	3.0	0.0	3.0	0.0	4.0	1.0	4.0	1.0	1.0	4.0	1.0	4.0	1.0	3.0	0.0	2.0	0.0	2.0	0.0	4.0	1.0	4.0	1.0	4.0	1.0	3.0	0.0	3.375	0.0	0.0	0.0	0.0	0.0	0.0	0.0	0.0	0.0	0.0	0.0	0.0	0.0	0.0	0.0	0.0	0.0	0.0	0.0	0.0			0.0	1.0	1.0
				46	1	2	3	0.0	0.0	1.0	0.0	8.0	0.0	1.0	0.0	1.0	1.0	1.0	1.0	5.0	5.0	5.0	5.0	81.0	5.0	5.0	5.0	5.0	1.0	5.0	4.0	1.0	0.0	1.0	1.0	2.0	0.0	0.0	1.0	1.0	0.0	0.0		1.0	0.0	0.0	4.0	1.0	4.0	1.0	2.0	0.0	1.0	0.0	1.0	0.0	1.0	0.0	1.0	0.0	4.0	1.0	1.0	0.0	2.25	0.375	5.0	1.0	3.0	0.0	1.0	0.0	5.0	1.0	3.0	0.0	4.0	1.0	2.0	0.0	0.0																																											1.0	
				60	2	1	1	0.0	1.0	1.0	0.0	2.0	1.0	0.0	0.0	1.0	1.0	1.0	1.0	3.0	5.0	1.0	3.0	87.0	3.0	5.0	3.0	3.6666667	5.0	5.0	3.0	0.0	0.0	1.0	0.0	1.0	1.0	0.0	1.0	1.0	0.0	0.0		1.0	0.0	0.0	5.0	1.0	5.0	1.0	4.0	1.0	5.0	1.0	5.0	1.0	3.0	0.0	4.0	1.0	5.0	1.0	5.0	1.0	4.5	0.875	5.0	1.0	3.0	0.0	5.0	1.0	2.0	0.0	5.0	1.0	4.0	1.0	5.0	1.0	0.0	5.0	1.0	5.0	1.0	5.0	1.0	5.0	1.0	4.0	1.0	4.0	1.0	5.0	1.0	5.0	1.0	5.0	1.0	4.75	0.0	0.0	1.0	0.0	-1.0	1.0	1.0	0.0	0.0	0.25	0.0	0.0	0.0	0.0	0.0	1.0	0.0	0.0	0.0	0.125	5.0	1.0		1.0	
				44	8	5	4	0.0	0.0	1.0	0.0	7.0	0.0	1.0	0.0	1.0	3.0	1.0	1.6666666	4.0	5.0	1.0	3.3333333	0.0	2.0	3.0	2.0	2.3333333	3.0	3.0	2.0	1.0	0.0	1.0	1.0	2.0	0.0	0.0	1.0	1.0	0.0	0.0		1.0	0.0	0.0	4.0	1.0	4.0	1.0	3.0	0.0	2.0	0.0	3.0	0.0	2.0	0.0	3.0	0.0	2.0	0.0	2.0	0.0	2.875	0.25	1.0	0.0	3.0	0.0	1.0	0.0	4.0	1.0	2.0	0.0	4.0	1.0	4.0	1.0	0.0																																											0.0	
				25	6	3	2	0.0	1.0	1.0	0.0	2.0	1.0	0.0	0.0	2.0	2.0	1.0	1.6666666	4.0	5.0	1.0	3.3333333	0.0	2.0	2.0	3.0	2.3333333	5.0	1.0	2.0	0.0	0.0	0.0	0.0	0.0	1.0	1.0	0.0	1.0	0.0	1.0	1.0																																																																																	0.0	
1	3	4	2	57	9	4	4	0.0	1.0	1.0	0.0	8.0	0.0	1.0	0.0	4.0	5.0	1.0	3.3333333	5.0	5.0	5.0	5.0	-99.0	1.0	1.0	1.0	1.0	1.0	1.0	4.0	1.0	0.0	0.0	1.0	1.0	1.0	1.0	0.0	1.0	0.0	1.0	1.0		1.0	1.0	4.0	1.0	4.0	1.0	2.0	0.0	1.0	0.0	4.0	1.0	4.0	1.0	4.0	1.0	4.0	1.0	4.0	1.0	3.375	0.75	3.0	0.0	3.0	0.0	4.0	1.0	4.0	1.0	4.0	1.0	5.0	1.0	1.0	0.0	1.0	5.0	1.0	4.0	1.0	5.0	1.0	2.0	0.0	5.0	1.0	5.0	1.0	5.0	1.0	5.0	1.0	5.0	1.0	4.5	1.0	0.0	3.0	1.0	1.0	1.0	1.0	1.0	1.0	1.125	0.0	0.0	1.0	0.0	0.0	0.0	0.0	0.0	0.0	0.125			1.0	0.0	1.0
				33	3	4	2	0.0	1.0	1.0	0.0	1.0	1.0	0.0	0.0	4.0	2.0	4.0	3.3333333	4.0	4.0	4.0	4.0	-2.0	4.0	4.0	2.0	3.3333333	4.0	4.0	4.0	0.0	1.0	1.0	1.0	2.0	1.0	1.0	0.0	1.0	0.0	1.0	1.0																																																																																	0.0	
				78	14	5	2	1.0	1.0	1.0	0.0	2.0	1.0	0.0	0.0	3.0	4.0	2.0	3.0	1.0	4.0	1.0	2.0	0.0	1.0	1.0	1.0	1.0	5.0	1.0	4.0	0.0	1.0	0.0	0.0	0.0	0.0	0.0	1.0	1.0	0.0	0.0		1.0																																																																																0.0	
				81	14	6	4	1.0	1.0	1.0	0.0	1.0	1.0	0.0	0.0	2.0	1.0	1.0	1.3333334	3.0	5.0	4.0	4.0	3.0	4.0	4.0	3.0	3.6666667	4.0	5.0	5.0	0.0	1.0	1.0	1.0	2.0	0.0	0.0	1.0	1.0	0.0	0.0		1.0	1.0	1.0	4.0	1.0	4.0	1.0	4.0	1.0	2.0	0.0	3.0	0.0	4.0	1.0	3.0	0.0	4.0	1.0	4.0	1.0	3.5	0.625	3.0	0.0	3.0	0.0	3.0	0.0	4.0	1.0	3.0	0.0	5.0	1.0	4.0	1.0	0.0																																											1.0	
				30	4	5	2	0.0	1.0	1.0	0.0	1.0	1.0	0.0	0.0	2.0	1.0	2.0	1.6666666	4.0	5.0	1.0	3.3333333	-64.0	2.0	4.0	2.0	2.6666667	2.0	4.0	4.0	0.0	1.0	1.0	1.0	2.0	1.0	0.0	1.0	1.0	0.0	0.0		1.0																							4.0	1.0	5.0	1.0	5.0	1.0	4.0	1.0	2.0	0.0	5.0	1.0	4.0	1.0																																												0.0	
				70	4	2	3	1.0	1.0	1.0	0.0	1.0	1.0	0.0	0.0	1.0	1.0	1.0	1.0	4.0	3.0	1.0	2.6666667	-1.0	2.0	2.0	2.0	2.0	5.0	4.0	4.0	0.0	1.0	1.0	1.0	2.0	1.0	0.0	0.0	0.0	1.0		0.0	0.0		1.0	3.0	0.0	3.0	0.0	4.0	1.0	3.0	0.0	3.0	0.0	3.0	0.0	3.0	0.0	3.0	0.0	4.0	1.0	3.125	0.125	3.0	0.0	3.0	0.0	4.0	1.0	4.0	1.0	4.0	1.0	4.0	1.0	5.0	1.0	0.0																																											0.0	
				57	1	6	1	0.0	1.0	0.0	0.0	2.0	1.0	0.0	0.0	3.0	4.0	2.0	3.0	3.0	4.0	4.0	3.6666667	12.0	1.0	3.0	2.0	2.0	2.0	2.0	1.0	0.0	0.0	0.0	0.0	0.0	1.0	0.0	1.0	1.0	0.0	0.0		1.0	1.0	1.0	3.0	0.0	3.0	0.0	2.0	0.0	1.0	0.0	1.0	0.0	1.0	0.0	1.0	0.0	2.0	0.0	3.0	0.0	1.75	0.0	2.0	0.0	2.0	0.0	2.0	0.0	3.0	0.0	2.0	0.0	3.0	0.0	4.0	1.0	0.0	3.0	0.0	3.0	0.0	2.0	0.0	1.0	0.0	1.0	0.0	1.0	0.0	2.0	0.0	2.0	0.0	3.0	0.0	1.875	0.0	0.0	0.0	0.0	0.0	0.0	1.0	0.0	0.0	0.125	0.0	0.0	0.0	0.0	0.0	0.0	0.0	0.0	0.0	0.0				1.0	
1	3	4	2	74	7	2	4	1.0	1.0	1.0	0.0	7.0	0.0	1.0	0.0	3.0	1.0	1.0	1.6666666	1.0	3.0	1.0	1.6666666	1.0	2.0	3.0	1.0	2.0	3.0	2.0	3.0	1.0	0.0	0.0	1.0	1.0	0.0	0.0	1.0	1.0	0.0	0.0		1.0	1.0	1.0	5.0	1.0	5.0	1.0	2.0	0.0	1.0	0.0	2.0	0.0	3.0	0.0	2.0	0.0	3.0	0.0	4.0	1.0	2.875	0.25	2.0	0.0	2.0	0.0	3.0	0.0	5.0	1.0	2.0	0.0	5.0	1.0	5.0	1.0	0.0	5.0	1.0	5.0	1.0	5.0	1.0	1.0	0.0	2.0	0.0	3.0	0.0	2.0	0.0	3.0	0.0	3.0	0.0	3.25	0.0	0.0	3.0	0.0	0.0	0.0	0.0	0.0	-1.0	0.375	0.0	0.0	1.0	0.0	0.0	0.0	0.0	0.0	-1.0	0.125			1.0	0.0	1.0
				72	2	4	4	1.0	1.0	1.0	0.0		0.0	0.0	1.0	1.0	2.0	1.0	1.3333334	3.0	3.0	1.0	2.3333333	0.0	3.0	2.0	3.0	2.6666667	3.0	3.0	4.0	0.0	0.0		0.0																																																																																									0.0	
				77	12	6	2	1.0	1.0	1.0	0.0					1.0	1.0	1.0	1.0	1.0	2.0	1.0	1.3333334	1.0							5.0	0.0	1.0		0.0																																																																																									0.0	
				70	4	6	4	1.0	1.0	1.0	0.0	3.0	0.0	0.0	1.0	2.0	2.0	2.0	2.0	2.0	2.0	2.0	2.0	-20.0	1.0	4.0	3.0	2.6666667	5.0	3.0	1.0	0.0	1.0	0.0	1.0	1.0	0.0	0.0	1.0	1.0	0.0	0.0		1.0																											5.0	1.0	5.0	1.0	5.0	1.0	5.0	1.0	5.0	1.0																																												0.0	
				43	4	3	1	0.0	1.0	1.0	0.0	1.0	1.0	0.0	0.0	2.0	2.0	2.0	2.0	3.0	3.0	2.0	2.6666667	0.0	2.0	4.0	3.0	3.0	4.0	4.0	4.0	0.0	1.0		0.0		0.0	1.0	0.0	1.0	0.0	1.0	1.0																																																																																	0.0	
				59	4	4	3	0.0	1.0	1.0	0.0	7.0	0.0	1.0	0.0	1.0	2.0	2.0	1.6666666	4.0	5.0	4.0	4.3333335	10.0	2.0	4.0	2.0	2.6666667	3.0	2.0	4.0	1.0	0.0	0.0	0.0	0.0	0.0	0.0	0.0	0.0	1.0		0.0	0.0		1.0	5.0	1.0	5.0	1.0	5.0	1.0	5.0	1.0	5.0	1.0	4.0	1.0	4.0	1.0	5.0	1.0	5.0	1.0	4.75	1.0	5.0	1.0	4.0	1.0	5.0	1.0	5.0	1.0	5.0	1.0	5.0	1.0	5.0	1.0	1.0																																											1.0	
				58	3	5	2	0.0	1.0	1.0	0.0	8.0	0.0	1.0	0.0	2.0	2.0	2.0	2.0	3.0	5.0	3.0	3.6666667	69.0	5.0	4.0	4.0	4.3333335	3.0	5.0	5.0	1.0	0.0	1.0	1.0	2.0	1.0	1.0	0.0	1.0	0.0	1.0	1.0																																																																																	1.0	
				56	3	6	2	0.0	0.0	1.0	0.0	8.0	0.0	1.0	0.0	3.0	3.0	1.0	2.3333333	3.0	5.0	3.0	3.6666667	54.0	2.0	4.0	3.0	3.0	3.0	4.0	4.0	1.0	0.0	1.0	1.0	2.0	1.0	0.0	0.0	0.0	1.0		0.0	0.0		1.0	4.0	1.0	4.0	1.0	4.0	1.0	3.0	0.0	2.0	0.0	4.0	1.0	3.0	0.0	4.0	1.0	4.0	1.0	3.5	0.625	4.0	1.0	2.0	0.0	3.0	0.0	4.0	1.0	3.0	0.0	4.0	1.0	2.0	0.0	0.0	4.0	1.0	4.0	1.0	4.0	1.0	4.0	1.0	3.0	0.0	4.0	1.0	4.0	1.0	4.0	1.0	3.0	0.0	3.875	0.0	0.0	0.0	1.0	1.0	0.0	1.0	0.0	-1.0	0.375	0.0	0.0	0.0	1.0	0.0	0.0	1.0	0.0	-1.0	0.25				1.0	
				76	3	3	2	1.0	0.0	1.0	0.0	1.0	1.0	0.0	0.0	2.0	2.0	2.0	2.0	4.0	4.0	2.0	3.3333333	1.0	4.0	4.0	4.0	4.0	4.0	4.0	4.0	0.0	1.0	0.0	0.0	0.0	0.0	0.0	1.0	1.0	0.0	0.0		1.0																																																																																0.0	
				60	15	2	4	0.0	0.0	1.0	0.0	2.0	1.0	0.0	0.0	1.0	4.0	1.0	2.0	3.0	4.0	1.0	2.6666667	-2.0	1.0	2.0	2.0	1.6666666	3.0	3.0	2.0	0.0	1.0	0.0	0.0	0.0	1.0	1.0	0.0	1.0	0.0	1.0	1.0																																																																																	0.0	
2	3	1	4	70	1	4	4	1.0	1.0	1.0	0.0	1.0	1.0	0.0	0.0	3.0	3.0	3.0	3.0	4.0	4.0	3.0	3.6666667	38.0	4.0	5.0	3.0	4.0	3.0	3.0	4.0	0.0	1.0	1.0	0.0	1.0	1.0	1.0	0.0	1.0	0.0	1.0	1.0		0.0	0.0	5.0	1.0	5.0	1.0	5.0	1.0	4.0	1.0	3.0	0.0	3.0	0.0	3.0	0.0	5.0	1.0	4.0	1.0	4.125	0.625	3.0	0.0	3.0	0.0	3.0	0.0	4.0	1.0	3.0	0.0	4.0	1.0	4.0	1.0	0.0	5.0	1.0	5.0	1.0	4.0	1.0	3.0	0.0	3.0	0.0	3.0	0.0	3.0	0.0	5.0	1.0	4.0	1.0	3.875	0.0	0.0	-1.0	-1.0	0.0	0.0	0.0	0.0	0.0	-0.25	0.0	0.0	0.0	-1.0	0.0	0.0	0.0	0.0	0.0	-0.125	5.0	1.0	0.0	1.0	1.0
4	2	3	1	47	1	6	3	0.0	0.0	1.0	0.0	7.0	0.0	1.0	0.0	5.0	4.0	5.0	4.6666665	2.0	2.0	1.0	1.6666666	50.0	2.0	5.0	3.0	3.3333333	3.0	2.0	4.0	1.0	0.0	1.0	1.0	2.0	0.0	1.0	0.0	1.0	0.0	1.0	1.0		1.0	1.0	3.0	0.0	3.0	0.0	2.0	0.0	1.0	0.0	1.0	0.0	2.0	0.0	1.0	0.0	3.0	0.0	3.0	0.0	2.0	0.0	3.0	0.0	2.0	0.0	2.0	0.0	2.0	0.0	2.0	0.0	4.0	1.0	4.0	1.0	0.0	4.0	1.0	5.0	1.0	4.0	1.0	3.0	0.0	2.0	0.0	2.0	0.0	2.0	0.0	3.0	0.0	3.0	0.0	3.125	1.0	2.0	2.0	2.0	1.0	0.0	1.0	0.0	0.0	1.125	1.0	1.0	1.0	0.0	0.0	0.0	0.0	0.0	0.0	0.375			0.0	1.0	0.0
4	2	3	1	81	6	6	3	1.0	1.0	0.0	1.0	1.0	1.0	0.0	0.0	3.0	1.0	3.0	2.3333333	3.0	5.0	3.0	3.6666667	-1.0	1.0	3.0	2.0	2.0	3.0	3.0	5.0	0.0	1.0	1.0	1.0	2.0	0.0	0.0	0.0	0.0	1.0		0.0	0.0		1.0	5.0	1.0	3.0	0.0	1.0	0.0	1.0	0.0	1.0	0.0	3.0	0.0	3.0	0.0	2.0	0.0	1.0	0.0	2.375	0.125	3.0	0.0	3.0	0.0	3.0	0.0	4.0	1.0	3.0	0.0	3.0	0.0	3.0	0.0	0.0	5.0	1.0	5.0	1.0	2.0	0.0	1.0	0.0	1.0	0.0	4.0	1.0	2.0	0.0	3.0	0.0	3.0	0.0	2.875	0.0	2.0	1.0	0.0	0.0	1.0	-1.0	1.0	2.0	0.5	0.0	1.0	0.0	0.0	0.0	1.0	0.0	0.0	0.0	0.25			0.0	0.0	0.0
				77	16	6	4	1.0	0.0	1.0	0.0	8.0	0.0	1.0	0.0	4.0	4.0	3.0	3.6666667	3.0	3.0	2.0	2.6666667	50.0	4.0	4.0	4.0	4.0	3.0	4.0	5.0	1.0	0.0	1.0	1.0	2.0	1.0	0.0	0.0	0.0	1.0		0.0	0.0		1.0																							1.0	0.0	3.0	0.0	1.0	0.0	1.0	0.0	4.0	1.0	4.0	1.0																																												1.0	
				68	5	2	1	1.0	1.0	1.0	0.0	8.0	0.0	1.0	0.0	1.0	3.0	1.0	1.6666666	5.0	5.0	5.0	5.0	100.0	5.0	5.0	5.0	5.0	1.0	5.0	1.0	1.0	0.0	0.0	0.0	0.0	0.0	1.0	0.0	1.0	0.0	1.0	1.0																																																																																	1.0	
				83	22	7	4	1.0	1.0	1.0	0.0	7.0	0.0	1.0	0.0	2.0	2.0	2.0	2.0	3.0	4.0	2.0	3.0	20.0	3.0	4.0	3.0	3.3333333	2.0	1.0	4.0	0.0	1.0	1.0	0.0	1.0	0.0	0.0	1.0	1.0	0.0	0.0		1.0																																																																																1.0	
				71	8	3	2	1.0	1.0	1.0	0.0	8.0	0.0	1.0	0.0	1.0	3.0	1.0	1.6666666	3.0	4.0	2.0	3.0	0.0	3.0	3.0	3.0	3.0	3.0	3.0	3.0	1.0	0.0	1.0	0.0	1.0	1.0	0.0	0.0	0.0	1.0		0.0	0.0		1.0																																																																														0.0	
1	3	4	2	44	12	6	2	0.0	1.0	1.0	0.0	3.0	0.0	0.0	1.0	1.0	1.0	1.0	1.0	2.0	2.0	1.0	1.6666666	14.0	1.0	4.0	4.0	3.0	5.0	5.0	4.0	0.0	1.0	1.0	0.0	1.0	1.0	1.0	0.0	1.0	0.0	1.0	1.0		0.0	0.0	5.0	1.0	5.0	1.0	5.0	1.0	2.0	0.0	4.0	1.0	5.0	1.0	5.0	1.0	4.0	1.0	4.0	1.0	4.375	0.875	2.0	0.0	2.0	0.0	5.0	1.0	4.0	1.0	3.0	0.0	5.0	1.0	5.0	1.0	1.0	3.0	0.0	5.0	1.0	5.0	1.0	2.0	0.0	4.0	1.0	5.0	1.0	5.0	1.0	5.0	1.0	5.0	1.0	4.25	-2.0	0.0	0.0	0.0	0.0	0.0	0.0	1.0	1.0	-0.125	-1.0	0.0	0.0	0.0	0.0	0.0	0.0	0.0	0.0	-0.125	5.0	1.0	1.0	1.0	1.0
				61	3	4	3	0.0	1.0	1.0	0.0	8.0	0.0	1.0	0.0	3.0	3.0	3.0	3.0	3.0	5.0	4.0	4.0	50.0	3.0	3.0	5.0	3.6666667	5.0	3.0	4.0	1.0	0.0	0.0	0.0	0.0	1.0	0.0	0.0	0.0	1.0		0.0	0.0		1.0																									4.0	1.0	3.0	0.0	3.0	0.0	5.0	1.0	5.0	1.0																																												1.0	
				62	9	3	1	0.0	1.0	1.0	0.0	2.0	1.0	0.0	0.0	4.0	1.0	1.0	2.0	2.0	3.0	1.0	2.0	1.0	2.0	1.0	2.0	1.6666666	4.0	2.0	3.0	0.0	1.0	0.0	0.0	0.0	0.0	0.0	1.0	1.0	0.0	0.0		1.0																																																																																0.0	
				64	20	2	2	0.0	1.0	1.0	0.0	8.0	0.0	1.0	0.0	2.0	3.0	2.0	2.3333333	4.0	4.0	4.0	4.0	-8.0	3.0	3.0	3.0	3.0	2.0	3.0	2.0	1.0	0.0	0.0	0.0	0.0	0.0	0.0	0.0	0.0	1.0		0.0	0.0		1.0																																																																														0.0	
				44	18	4	2	0.0	1.0	1.0	0.0	2.0	1.0	0.0	0.0	3.0	2.0	2.0	2.3333333	3.0	4.0	3.0	3.3333333	1.0	2.0	3.0	3.0	2.6666667	4.0	3.0	3.0	0.0	1.0	1.0	1.0	2.0	1.0	1.0	0.0	1.0	0.0	1.0	1.0																																																																																	0.0	
3	2	4	1	64	2	4	4	0.0	1.0	1.0	0.0	1.0	1.0	0.0	0.0	1.0	1.0	1.0	1.0	2.0	3.0	2.0	2.3333333	-95.0	2.0	1.0	2.0	1.6666666	3.0	4.0	4.0	0.0	1.0	1.0	1.0	2.0	1.0	0.0	0.0	0.0	1.0		0.0	0.0		1.0	5.0	1.0	5.0	1.0	4.0	1.0	1.0	0.0	1.0	0.0	3.0	0.0	4.0	1.0	5.0	1.0	3.0	0.0	3.5	0.625	2.0	0.0	3.0	0.0	4.0	1.0	3.0	0.0	4.0	1.0	5.0	1.0	5.0	1.0	0.0	5.0	1.0	5.0	1.0	5.0	1.0	1.0	0.0	3.0	0.0	5.0	1.0	5.0	1.0	5.0	1.0	4.0	1.0	4.25	0.0	0.0	1.0	0.0	2.0	2.0	1.0	0.0	1.0	0.75	0.0	0.0	0.0	0.0	0.0	1.0	0.0	0.0	1.0	0.125			0.0	0.0	0.0
				44	2	1	1	0.0	1.0	1.0	0.0	2.0	1.0	0.0	0.0	3.0	3.0	3.0	3.0	3.0	3.0	3.0	3.0	3.0	4.0	3.0	3.0	3.3333333	5.0	3.0	3.0	1.0	0.0	0.0	1.0	1.0	1.0	0.0	1.0	1.0	0.0	0.0		1.0			3.0	0.0	3.0	0.0	3.0	0.0	3.0	0.0	4.0	1.0	3.0	0.0	3.0	0.0	3.0	0.0	3.0	0.0	3.125	0.125	2.0	0.0	3.0	0.0	3.0	0.0	3.0	0.0	3.0	0.0	3.0	0.0	3.0	0.0	1.0																																											1.0	
2	1	4	3	59	8	5	1	0.0	1.0	1.0	0.0	6.0	0.0	0.0	1.0	2.0	2.0	2.0	2.0	2.0	4.0	2.0	2.6666667	82.0	2.0	4.0	2.0	2.6666667	2.0	2.0	3.0	1.0	0.0	1.0	1.0	2.0	0.0	0.0	1.0	1.0	0.0	0.0		1.0	1.0	1.0	4.0	1.0	4.0	1.0	2.0	0.0	2.0	0.0	1.0	0.0	2.0	0.0	1.0	0.0	3.0	0.0	3.0	0.0	2.375	0.25	2.0	0.0	2.0	0.0	3.0	0.0	4.0	1.0	2.0	0.0	4.0	1.0	3.0	0.0	0.0	4.0	1.0	4.0	1.0	4.0	1.0	2.0	0.0	2.0	0.0	1.0	0.0	1.0	0.0	3.0	0.0	2.0	0.0	2.625	0.0	0.0	2.0	0.0	1.0	-1.0	0.0	0.0	-1.0	0.25	0.0	0.0	1.0	0.0	0.0	0.0	0.0	0.0	0.0	0.125			0.0	1.0	0.0
4	1	3	2	48	21	6	3	0.0	1.0	1.0	0.0	2.0	1.0	0.0	0.0	3.0	1.0	1.0	1.6666666	2.0	3.0	1.0	2.0	0.0	3.0	3.0	4.0	3.3333333	3.0	4.0	4.0	0.0	1.0	1.0	1.0	2.0	1.0	0.0	0.0	0.0	1.0		0.0	0.0		1.0	3.0	0.0	4.0	1.0	3.0	0.0	1.0	0.0	4.0	1.0	5.0	1.0	3.0	0.0	3.0	0.0	4.0	1.0	3.25	0.375	3.0	0.0	3.0	0.0	4.0	1.0	3.0	0.0	3.0	0.0	5.0	1.0	4.0	1.0	0.0	4.0	1.0	4.0	1.0	3.0	0.0	1.0	0.0	3.0	0.0	5.0	1.0	4.0	1.0	4.0	1.0	3.0	0.0	3.5	1.0	0.0	0.0	0.0	-1.0	0.0	1.0	1.0	-1.0	0.25	1.0	0.0	0.0	0.0	-1.0	0.0	1.0	1.0	-1.0	0.25			0.0	0.0	0.0
				63	1	2	4	0.0	1.0	1.0	0.0		0.0	0.0	1.0	1.0	1.0	1.0	1.0	1.0	1.0	1.0	1.0	-51.0	1.0	1.0	1.0	1.0	5.0	5.0	4.0	0.0	0.0		0.0																																																																																									0.0	
				54	8	6	3	0.0	1.0	0.0	1.0	4.0	0.0	0.0	1.0	1.0	4.0	1.0	2.0	5.0	5.0	1.0	3.6666667	0.0	2.0	2.0	2.0	2.0	1.0	3.0	4.0	0.0	0.0	1.0	1.0	2.0	0.0	0.0	0.0	0.0	1.0		0.0	0.0		1.0																																																																														0.0	
				38	1	4	3	0.0	1.0	1.0	0.0	4.0	0.0	0.0	1.0	3.0	3.0	3.0	3.0	3.0	5.0	5.0	4.3333335	0.0	3.0	3.0	3.0	3.0	5.0	3.0	3.0	1.0	0.0	0.0	0.0	0.0	0.0	1.0	0.0	1.0	0.0	1.0	1.0		1.0	1.0	3.0	0.0	3.0	0.0	3.0	0.0	3.0	0.0	3.0	0.0	3.0	0.0	3.0	0.0	3.0	0.0	3.0	0.0	3.0	0.0	3.0	0.0	3.0	0.0	3.0	0.0	3.0	0.0	3.0	0.0	3.0	0.0	3.0	0.0	1.0																																											0.0	
2	4	3	1	51	13	6	3	0.0	1.0	1.0	0.0	1.0	1.0	0.0	0.0	1.0	1.0	1.0	1.0	3.0	1.0	1.0	1.6666666	-99.0	2.0	1.0	1.0	1.3333334	5.0	4.0	5.0	0.0	1.0	1.0	1.0	2.0	1.0	1.0	0.0	1.0	0.0	1.0	1.0		0.0	0.0	4.0	1.0	4.0	1.0	4.0	1.0	2.0	0.0	2.0	0.0	5.0	1.0	4.0	1.0	4.0	1.0	4.0	1.0	3.625	0.75	3.0	0.0	1.0	0.0	4.0	1.0	2.0	0.0	4.0	1.0	5.0	1.0	2.0	0.0	1.0	4.0	1.0	4.0	1.0	4.0	1.0	1.0	0.0	1.0	0.0	5.0	1.0	4.0	1.0	4.0	1.0	3.0	0.0	3.375	0.0	0.0	0.0	-1.0	-1.0	0.0	0.0	0.0	-1.0	-0.25	0.0	0.0	0.0	0.0	0.0	0.0	0.0	0.0	-1.0	0.0	5.0	1.0	0.0	0.0	1.0
4	3	2	1	53	4	5	4	0.0	1.0	0.0	0.0	1.0	1.0	0.0	0.0	1.0	1.0	1.0	1.0	5.0	3.0	1.0	3.0	-1.0	1.0	1.0	1.0	1.0	5.0	5.0	5.0	0.0	1.0	0.0	0.0	0.0	0.0	1.0	0.0	1.0	0.0	1.0	1.0		0.0	0.0	5.0	1.0	5.0	1.0	5.0	1.0	3.0	0.0	5.0	1.0	5.0	1.0	5.0	1.0	5.0	1.0	5.0	1.0	4.75	0.875	5.0	1.0	5.0	1.0	5.0	1.0	5.0	1.0	5.0	1.0	5.0	1.0	5.0	1.0	1.0	5.0	1.0	5.0	1.0	5.0	1.0	3.0	0.0	5.0	1.0	5.0	1.0	5.0	1.0	5.0	1.0	5.0	1.0	4.75	0.0	0.0	0.0	0.0	0.0	0.0	0.0	0.0	0.0	0.0	0.0	0.0	0.0	0.0	0.0	0.0	0.0	0.0	0.0	0.0	5.0	1.0	0.0	0.0	0.0
				53	24	5	1	0.0	1.0	1.0	0.0	1.0	1.0	0.0	0.0	1.0	1.0	1.0	1.0	3.0	3.0	1.0	2.3333333	41.0	4.0	1.0	2.0	2.3333333	4.0	5.0	5.0	0.0	1.0	1.0	1.0	2.0	1.0	1.0	0.0	1.0	0.0	1.0	1.0																																																																																	1.0	
3	4	1	2	45	3	4	1	0.0	1.0	1.0	0.0	7.0	0.0	1.0	0.0	2.0	3.0	1.0	2.0	3.0	4.0	3.0	3.3333333	1.0	2.0	4.0	4.0	3.3333333	2.0	2.0	3.0	1.0	0.0	1.0	1.0	2.0	1.0	0.0	0.0	0.0	1.0		0.0	0.0		1.0	3.0	0.0	4.0	1.0	1.0	0.0	1.0	0.0	1.0	0.0	1.0	0.0	1.0	0.0	1.0	0.0	3.0	0.0	1.625	0.125	4.0	1.0	3.0	0.0	4.0	1.0	4.0	1.0	3.0	0.0	4.0	1.0	3.0	0.0	0.0	3.0	0.0	4.0	1.0	2.0	0.0	1.0	0.0	2.0	0.0	1.0	0.0	1.0	0.0	1.0	0.0	2.0	0.0	1.875	0.0	0.0	1.0	0.0	1.0	0.0	0.0	0.0	-1.0	0.25	0.0	0.0	0.0	0.0	0.0	0.0	0.0	0.0	0.0	0.0			0.0	0.0	1.0
2	4	1	3	52	4	3	3	0.0	0.0	1.0	0.0	4.0	0.0	0.0	1.0	4.0	3.0	4.0	3.6666667	4.0	4.0	4.0	4.0	0.0	2.0	3.0	2.0	2.3333333	4.0	2.0	4.0	0.0	0.0	1.0	1.0	2.0	1.0	1.0	0.0	1.0	0.0	1.0	1.0		1.0	1.0	1.0	0.0	4.0	1.0	2.0	0.0	2.0	0.0	2.0	0.0	4.0	1.0	2.0	0.0	4.0	1.0	4.0	1.0	2.625	0.375	5.0	1.0	1.0	0.0	2.0	0.0	2.0	0.0	2.0	0.0	4.0	1.0	4.0	1.0	0.0	4.0	1.0	4.0	1.0	2.0	0.0	2.0	0.0	2.0	0.0	4.0	1.0	2.0	0.0	4.0	1.0	2.0	0.0	3.0	3.0	0.0	0.0	0.0	0.0	0.0	0.0	0.0	-2.0	0.375	1.0	0.0	0.0	0.0	0.0	0.0	0.0	0.0	-1.0	0.125			0.0	0.0	1.0
				44	5	1	3	0.0	0.0	0.0	1.0	2.0	1.0	0.0	0.0	3.0	5.0	5.0	4.3333335	3.0	5.0	5.0	4.3333335								3.0	0.0	1.0		0.0																																																																																									1.0	
4	2	3	1	45	1	4	4	0.0	1.0	0.0	0.0	3.0	0.0	0.0	1.0	4.0	4.0	2.0	3.3333333	2.0	5.0	5.0	4.0	0.0	5.0	5.0	2.0	4.0	5.0	5.0	4.0	0.0	0.0	0.0	1.0	1.0	0.0	0.0	1.0	1.0	0.0	0.0		1.0	0.0	0.0	5.0	1.0	5.0	1.0	5.0	1.0	5.0	1.0	5.0	1.0	5.0	1.0	5.0	1.0	5.0	1.0	5.0	1.0	5.0	1.0	5.0	1.0	3.0	0.0	5.0	1.0	5.0	1.0	5.0	1.0	5.0	1.0	5.0	1.0	1.0	5.0	1.0	5.0	1.0	5.0	1.0	5.0	1.0	5.0	1.0	5.0	1.0	5.0	1.0	5.0	1.0	5.0	1.0	5.0	0.0	0.0	0.0	0.0	0.0	0.0	0.0	0.0	0.0	0.0	0.0	0.0	0.0	0.0	0.0	0.0	0.0	0.0	0.0	0.0	4.0	1.0	0.0	0.0	0.0
3	2	1	4	43	8	2	2	0.0	0.0	1.0	0.0	5.0	0.0	0.0	1.0	4.0	4.0	2.0	3.3333333	2.0	5.0	2.0	3.0	40.0	5.0	2.0	5.0	4.0	1.0	3.0	4.0	1.0	0.0	0.0	1.0	1.0	1.0	0.0	0.0	0.0	1.0		0.0	0.0		1.0	2.0	0.0	4.0	1.0	4.0	1.0	1.0	0.0	1.0	0.0	5.0	1.0	2.0	0.0	3.0	0.0	1.0	0.0	2.75	0.375	3.0	0.0	4.0	1.0	2.0	0.0	4.0	1.0	2.0	0.0	1.0	0.0	4.0	1.0	0.0	4.0	1.0	2.0	0.0	3.0	0.0	1.0	0.0	2.0	0.0	5.0	1.0	4.0	1.0	4.0	1.0	2.0	0.0	3.125	2.0	-2.0	-1.0	0.0	1.0	0.0	2.0	1.0	1.0	0.375	1.0	-1.0	-1.0	0.0	0.0	0.0	1.0	1.0	0.0	0.125			0.0	1.0	0.0
				42	23	5	2	0.0	1.0	1.0	0.0	4.0	0.0	0.0	1.0	1.0	1.0	1.0	1.0	1.0	3.0	1.0	1.6666666	0.0	3.0	2.0	2.0	2.3333333	4.0	3.0	2.0	0.0	1.0	1.0	1.0	2.0	1.0	0.0	1.0	1.0	0.0	0.0		1.0	1.0	1.0	3.0	0.0	3.0	0.0	3.0	0.0	3.0	0.0	3.0	0.0	3.0	0.0	3.0	0.0	3.0	0.0	3.0	0.0	3.0	0.0	2.0	0.0	3.0	0.0	3.0	0.0	3.0	0.0	3.0	0.0	3.0	0.0	3.0	0.0	0.0																																											0.0	
				59	18	-3105	4	0.0	0.0	1.0	0.0	7.0	0.0	1.0	0.0	2.0	3.0	1.0	2.0	3.0	5.0	4.0	4.0	8.0	3.0	4.0	3.0	3.3333333	4.0	3.0	5.0	1.0	0.0	1.0	0.0	1.0	0.0	0.0	1.0	1.0	0.0	0.0		1.0																											4.0	1.0	5.0	1.0	2.0	0.0	4.0	1.0	5.0	1.0																																												1.0	
				58	21	5	1	0.0	1.0	1.0	0.0	1.0	1.0	0.0	0.0	1.0	1.0	1.0	1.0	3.0	3.0	2.0	2.6666667	6.0	3.0	3.0	3.0	3.0	5.0	4.0	4.0	0.0	1.0	1.0	1.0	2.0	1.0	0.0	1.0	1.0	0.0	0.0		1.0			4.0	1.0	4.0	1.0	3.0	0.0	4.0	1.0	3.0	0.0	4.0	1.0	3.0	0.0	4.0	1.0	4.0	1.0	3.625	0.625	3.0	0.0	4.0	1.0	5.0	1.0	3.0	0.0	4.0	1.0	5.0	1.0	4.0	1.0	1.0																																											1.0	
				80	8	2	3	1.0	1.0	1.0	0.0	4.0	0.0	0.0	1.0	2.0	1.0	1.0	1.3333334	1.0	3.0	3.0	2.3333333	42.0	3.0	4.0	2.0	3.0	2.0	3.0	5.0	0.0	1.0	1.0	0.0	1.0	0.0	1.0	0.0	1.0	0.0	1.0	1.0																																																																																	1.0	
				78	2	2	3	1.0	1.0	1.0	0.0	8.0	0.0	1.0	0.0	3.0	3.0	2.0	2.6666667	4.0	4.0	4.0	4.0	-1.0	3.0	4.0	3.0	3.3333333	1.0	3.0	4.0	1.0	0.0	0.0	1.0	1.0	0.0	0.0	1.0	1.0	0.0	0.0		1.0																																																																																0.0	
1	3	4	2	82	10	3	2	1.0	1.0	1.0	0.0	8.0	0.0	1.0	0.0	1.0	1.0	1.0	1.0	1.0	5.0	4.0	3.3333333	35.0	2.0	5.0	5.0	4.0	4.0	3.0	4.0	1.0	0.0	1.0	0.0	1.0	0.0	1.0	0.0	1.0	0.0	1.0	1.0		0.0	0.0	3.0	0.0	5.0	1.0	4.0	1.0	1.0	0.0	4.0	1.0	2.0	0.0	1.0	0.0	4.0	1.0	1.0	0.0	3.0	0.5	2.0	0.0	2.0	0.0	1.0	0.0	4.0	1.0	1.0	0.0	4.0	1.0	4.0	1.0	0.0	4.0	1.0	4.0	1.0	4.0	1.0	1.0	0.0	1.0	0.0	1.0	0.0	1.0	0.0	4.0	1.0	1.0	0.0	2.5	1.0	-1.0	0.0	0.0	-3.0	-1.0	0.0	0.0	0.0	-0.5	1.0	0.0	0.0	0.0	-1.0	0.0	0.0	0.0	0.0	0.0	5.0	1.0	1.0	1.0	1.0
2	4	3	1	68	5	3	4	1.0	1.0	0.0	1.0	1.0	1.0	0.0	0.0	3.0	4.0	2.0	3.0	3.0	3.0	4.0	3.3333333	0.0	3.0	4.0	2.0	3.0	3.0	3.0	4.0	0.0	1.0	0.0	0.0	0.0	1.0	0.0	1.0	1.0	0.0	0.0		1.0	1.0	1.0	4.0	1.0	4.0	1.0	3.0	0.0	3.0	0.0	4.0	1.0	4.0	1.0	4.0	1.0	4.0	1.0	3.0	0.0	3.75	0.75	4.0	1.0	1.0	0.0	4.0	1.0	4.0	1.0	3.0	0.0	4.0	1.0	3.0	0.0	1.0	4.0	1.0	4.0	1.0	5.0	1.0	4.0	1.0	4.0	1.0	4.0	1.0	5.0	1.0	4.0	1.0	4.0	1.0	4.25	0.0	0.0	2.0	1.0	0.0	0.0	1.0	0.0	1.0	0.5	0.0	0.0	1.0	1.0	0.0	0.0	0.0	0.0	1.0	0.25			0.0	0.0	1.0
4	2	3	1	91	2	3	4	1.0	1.0	1.0	0.0	8.0	0.0	1.0	0.0	1.0	1.0	1.0	1.0	2.0	5.0	4.0	3.6666667	77.0	4.0	4.0	5.0	4.3333335	1.0	3.0	4.0	1.0	0.0	1.0	0.0	1.0	0.0	0.0	1.0	1.0	0.0	0.0		1.0	0.0	0.0	5.0	1.0	5.0	1.0	3.0	0.0	1.0	0.0	1.0	0.0	4.0	1.0	2.0	0.0	5.0	1.0	3.0	0.0	3.25	0.5	3.0	0.0	3.0	0.0	4.0	1.0	4.0	1.0	3.0	0.0	4.0	1.0	4.0	1.0	0.0	5.0	1.0	5.0	1.0	4.0	1.0	1.0	0.0	3.0	0.0	4.0	1.0	1.0	0.0	4.0	1.0	3.0	0.0	3.375	0.0	0.0	1.0	0.0	2.0	0.0	-1.0	-1.0	0.0	0.125	0.0	0.0	1.0	0.0	0.0	0.0	0.0	0.0	0.0	0.125	3.0	0.0	0.0	1.0	0.0
				69	11	4	2	1.0	1.0	1.0	0.0	8.0	0.0	1.0	0.0	1.0	1.0	1.0	1.0	4.0	1.0	1.0	2.0	0.0	2.0	5.0	2.0	3.0	5.0	2.0	5.0	0.0	0.0	0.0	1.0	1.0	0.0	1.0	0.0	1.0	0.0	1.0	1.0		0.0	0.0	5.0	1.0	2.0	0.0	1.0	0.0	1.0	0.0	1.0	0.0	5.0	1.0	2.0	0.0	5.0	1.0	4.0	1.0	2.75	0.375	1.0	0.0	2.0	0.0	2.0	0.0	5.0	1.0	2.0	0.0	5.0	1.0	4.0	1.0	0.0	3.0	0.0	2.0	0.0	2.0	0.0	1.0	0.0	1.0	0.0	5.0	1.0	3.0	0.0	4.0	1.0	4.0	1.0	2.625	-2.0	0.0	1.0	0.0	0.0	0.0	1.0	-1.0	0.0	-0.125	-1.0	0.0	0.0	0.0	0.0	0.0	0.0	0.0	0.0	-0.125	5.0	1.0		0.0	
				64	14	6	4	0.0	1.0	1.0	0.0	1.0	1.0	0.0	0.0	2.0	1.0	1.0	1.3333334	4.0	4.0	1.0	3.0	-12.0	3.0	2.0	3.0	2.6666667	3.0	1.0	2.0	0.0	1.0	1.0	1.0	2.0	0.0	1.0	0.0	1.0	0.0	1.0	1.0																																																																																	0.0	
				35	13	4	1	0.0	0.0	1.0	0.0	1.0	1.0	0.0	0.0	1.0	1.0	1.0	1.0	3.0	4.0	1.0	2.6666667	-88.0	1.0	1.0	1.0	1.0	3.0	1.0	2.0	0.0	1.0	1.0	1.0	2.0	1.0	1.0	0.0	1.0	0.0	1.0	1.0																																																																																	0.0	
				26	10	6	3	0.0	1.0	1.0	0.0	8.0	0.0	1.0	0.0	3.0	3.0	2.0	2.6666667	5.0	5.0	5.0	5.0	0.0	3.0	3.0	3.0	3.0	3.0	3.0	1.0	1.0	0.0	0.0	0.0	0.0	0.0	1.0	0.0	1.0	0.0	1.0	1.0																																																																																	0.0	
3	2	4	1	77	4	2	1	1.0	0.0	1.0	0.0	7.0	0.0	1.0	0.0	4.0	4.0	4.0	4.0	4.0	5.0	3.0	4.0	30.0	4.0	4.0	3.0	3.6666667	4.0	5.0	5.0	1.0	0.0	1.0	0.0	1.0	0.0	0.0	0.0	0.0	1.0		0.0	0.0		1.0	4.0	1.0	5.0	1.0	3.0	0.0	2.0	0.0	3.0	0.0	4.0	1.0	3.0	0.0	5.0	1.0	4.0	1.0	3.625	0.5	3.0	0.0	3.0	0.0	4.0	1.0	3.0	0.0	4.0	1.0	5.0	1.0	5.0	1.0	0.0	5.0	1.0	5.0	1.0	4.0	1.0	2.0	0.0	3.0	0.0	4.0	1.0	3.0	0.0	5.0	1.0	5.0	1.0	3.875	1.0	0.0	1.0	0.0	0.0	0.0	0.0	0.0	1.0	0.25	0.0	0.0	1.0	0.0	0.0	0.0	0.0	0.0	0.0	0.125			0.0	1.0	0.0
4	2	3	1	60	6	6	3	0.0	1.0	1.0	0.0	2.0	1.0	0.0	0.0	3.0	3.0	3.0	3.0	3.0	3.0	3.0	3.0	33.0	3.0	3.0	2.0	2.6666667	3.0	4.0	3.0	0.0	1.0	0.0	1.0	1.0	0.0	0.0	0.0	0.0	1.0		0.0	0.0		1.0	3.0	0.0	3.0	0.0	3.0	0.0	3.0	0.0	3.0	0.0	4.0	1.0	3.0	0.0	3.0	0.0	2.0	0.0	3.125	0.125	2.0	0.0	2.0	0.0	3.0	0.0	3.0	0.0	4.0	1.0	3.0	0.0	3.0	0.0	0.0	3.0	0.0	3.0	0.0	3.0	0.0	3.0	0.0	3.0	0.0	3.0	0.0	3.0	0.0	3.0	0.0	3.0	0.0	3.0	0.0	0.0	0.0	0.0	0.0	-1.0	0.0	0.0	1.0	-0.125	0.0	0.0	0.0	0.0	0.0	-1.0	0.0	0.0	0.0	-0.125			0.0	1.0	0.0
3	2	4	1	75	6	2	3	1.0	1.0	1.0	0.0	8.0	0.0	1.0	0.0	1.0	3.0	1.0	1.6666666	4.0	4.0	2.0	3.3333333	82.0	2.0	3.0	4.0	3.0	2.0	2.0	4.0	1.0	0.0	0.0	0.0	0.0	1.0	0.0	0.0	0.0	1.0		0.0	0.0		1.0	3.0	0.0	3.0	0.0	3.0	0.0	3.0	0.0	3.0	0.0	3.0	0.0	3.0	0.0	3.0	0.0	3.0	0.0	3.0	0.0	2.0	0.0	3.0	0.0	2.0	0.0	2.0	0.0	3.0	0.0	2.0	0.0	4.0	1.0	0.0	4.0	1.0	3.0	0.0	3.0	0.0	3.0	0.0	3.0	0.0	3.0	0.0	3.0	0.0	3.0	0.0	3.0	0.0	3.125	1.0	0.0	0.0	0.0	0.0	0.0	0.0	0.0	0.0	0.125	1.0	0.0	0.0	0.0	0.0	0.0	0.0	0.0	0.0	0.125			0.0	1.0	0.0
				42	18	6	2	0.0	0.0	1.0	0.0	1.0	1.0	0.0	0.0	5.0	4.0	4.0	4.3333335	4.0	5.0	4.0	4.3333335	8.0	5.0	4.0	1.0	3.3333333	4.0	2.0	2.0	0.0	1.0		0.0		0.0	0.0	0.0	0.0	1.0		0.0	0.0		1.0																																																																														1.0	
				85	2	3	4	1.0	1.0	1.0	0.0	8.0	0.0	1.0	0.0	2.0	3.0	1.0	2.0	3.0	3.0	1.0	2.3333333	100.0	4.0	4.0	4.0	4.0	1.0	4.0	4.0	1.0	0.0	1.0	0.0	1.0	0.0	0.0	0.0	0.0	1.0		0.0	0.0		1.0	3.0	0.0	5.0	1.0	5.0	1.0	4.0	1.0	3.0	0.0	2.0	0.0	3.0	0.0	3.0	0.0	3.0	0.0	3.5	0.375	1.0	0.0	2.0	0.0	1.0	0.0	4.0	1.0	1.0	0.0	4.0	1.0	4.0	1.0	0.0	5.0	1.0	5.0	1.0	4.0	1.0	5.0	1.0	1.0	0.0	2.0	0.0	2.0	0.0	3.0	0.0	2.0	0.0	3.375	2.0	0.0	-1.0	1.0	-2.0	0.0	-1.0	0.0	-1.0	-0.125	1.0	0.0	0.0	0.0	0.0	0.0	0.0	0.0	0.0	0.125				1.0	
				64	1	7	1	0.0	1.0	1.0	0.0	8.0	0.0	1.0	0.0	1.0	1.0	1.0	1.0	3.0	3.0	3.0	3.0	31.0	2.0	5.0	5.0	4.0	2.0	3.0	5.0	1.0	0.0		0.0		1.0	1.0	0.0	1.0	0.0	1.0	1.0																																																																																	1.0	
3	1	2	4	68	1	2	2	1.0	1.0	1.0	0.0	7.0	0.0	1.0	0.0	4.0	3.0	2.0	3.0	3.0	3.0	4.0	3.3333333	47.0	4.0	4.0	3.0	3.6666667	1.0	3.0	5.0	1.0	0.0	0.0	0.0	0.0	1.0	0.0	0.0	0.0	1.0		0.0	0.0		1.0	5.0	1.0	4.0	1.0	2.0	0.0	1.0	0.0	1.0	0.0	4.0	1.0	1.0	0.0	3.0	0.0	1.0	0.0	2.625	0.375	5.0	1.0	3.0	0.0	2.0	0.0	3.0	0.0	1.0	0.0	4.0	1.0	5.0	1.0	0.0	5.0	1.0	5.0	1.0	2.0	0.0	1.0	0.0	2.0	0.0	4.0	1.0	1.0	0.0	3.0	0.0	3.0	0.0	2.875	0.0	1.0	0.0	0.0	1.0	0.0	0.0	0.0	2.0	0.25	0.0	0.0	0.0	0.0	0.0	0.0	0.0	0.0	0.0	0.0			0.0	1.0	0.0
3	2	4	1	65	6	4	1	0.0	1.0	1.0	0.0	1.0	1.0	0.0	0.0	2.0	3.0	2.0	2.3333333	4.0	5.0	2.0	3.6666667	32.0	3.0	3.0	2.0	2.6666667	4.0	5.0	4.0	0.0	1.0	1.0	1.0	2.0	0.0	1.0	0.0	1.0	0.0	1.0	1.0		0.0	0.0	5.0	1.0	5.0	1.0	5.0	1.0	5.0	1.0	5.0	1.0	5.0	1.0	5.0	1.0	5.0	1.0	3.0	0.0	5.0	1.0	2.0	0.0	2.0	0.0	5.0	1.0	2.0	0.0	4.0	1.0	4.0	1.0	5.0	1.0	0.0	4.0	1.0	5.0	1.0	5.0	1.0	3.0	0.0	3.0	0.0	5.0	1.0	4.0	1.0	5.0	1.0	4.0	1.0	4.25	-1.0	0.0	0.0	-2.0	-2.0	0.0	-1.0	0.0	1.0	-0.75	0.0	0.0	0.0	-1.0	-1.0	0.0	0.0	0.0	1.0	-0.25	5.0	1.0	0.0	1.0	0.0
				61	10	5	2	0.0	1.0	1.0	0.0	7.0	0.0	1.0	0.0	2.0	2.0	1.0	1.6666666	3.0	3.0	3.0	3.0	0.0	3.0	4.0	3.0	3.3333333	3.0	4.0	3.0	0.0	0.0		0.0		0.0	0.0	1.0	1.0	0.0	0.0		1.0																																																																																0.0	
4	2	3	1	78	23	7	4	1.0	0.0	1.0	0.0	6.0	0.0	0.0	1.0	2.0	3.0	2.0	2.3333333	2.0	3.0	4.0	3.0	78.0	4.0	4.0	3.0	3.6666667	4.0	3.0	5.0	1.0	0.0	1.0	1.0	2.0	0.0	0.0	0.0	0.0	1.0		0.0	0.0		1.0	4.0	1.0	4.0	1.0	4.0	1.0	2.0	0.0	2.0	0.0	3.0	0.0	2.0	0.0	3.0	0.0	2.0	0.0	3.0	0.375	1.0	0.0	2.0	0.0	4.0	1.0	5.0	1.0	2.0	0.0	4.0	1.0	5.0	1.0	0.0	5.0	1.0	5.0	1.0	4.0	1.0	2.0	0.0	2.0	0.0	2.0	0.0	2.0	0.0	4.0	1.0	2.0	0.0	3.25	1.0	1.0	0.0	0.0	0.0	-1.0	0.0	1.0	0.0	0.25	0.0	0.0	0.0	0.0	0.0	0.0	0.0	1.0	0.0	0.125			0.0	1.0	0.0
1	3	4	2	60	2	2	2	0.0	1.0	1.0	0.0	8.0	0.0	1.0	0.0	1.0	1.0	1.0	1.0	3.0	3.0	3.0	3.0	68.0	4.0	4.0	4.0	4.0	3.0	4.0	4.0	1.0	0.0	0.0	0.0	0.0	0.0	1.0	0.0	1.0	0.0	1.0	1.0		0.0	0.0	3.0	0.0	4.0	1.0	4.0	1.0	3.0	0.0	4.0	1.0	4.0	1.0	4.0	1.0	3.0	0.0	4.0	1.0	3.625	0.625	3.0	0.0	4.0	1.0	3.0	0.0	4.0	1.0	3.0	0.0	4.0	1.0	4.0	1.0	0.0	4.0	1.0	3.0	0.0	4.0	1.0	3.0	0.0	4.0	1.0	4.0	1.0	3.0	0.0	4.0	1.0	4.0	1.0	3.625	1.0	-1.0	0.0	0.0	0.0	0.0	-1.0	1.0	0.0	0.0	1.0	-1.0	0.0	0.0	0.0	0.0	-1.0	1.0	0.0	0.0	5.0	1.0	1.0	1.0	1.0
				38	16	6	3	0.0	1.0	1.0	0.0	1.0	1.0	0.0	0.0	2.0	1.0	3.0	2.0	4.0	4.0	2.0	3.3333333	36.0	2.0	3.0	3.0	2.6666667	4.0	3.0	3.0	0.0	1.0	1.0	1.0	2.0	0.0	0.0	0.0	0.0	1.0		0.0	0.0		1.0	3.0	0.0	2.0	0.0	2.0	0.0	2.0	0.0	2.0	0.0	4.0	1.0	2.0	0.0	3.0	0.0	2.0	0.0	2.5	0.125	2.0	0.0	1.0	0.0																																																						1.0	
				86	4	5	1	1.0	1.0	1.0	0.0	8.0	0.0	1.0	0.0	1.0	3.0	1.0	1.6666666	3.0	5.0	5.0	4.3333335	90.0	2.0	2.0	5.0	3.0	3.0	2.0	4.0	1.0	0.0	1.0	1.0	2.0	0.0	0.0	0.0	0.0	1.0		0.0	0.0		1.0	5.0	1.0	5.0	1.0	3.0	0.0	3.0	0.0	3.0	0.0	4.0	1.0	3.0	0.0	3.0	0.0	4.0	1.0	3.625	0.375	4.0	1.0	3.0	0.0	3.0	0.0	4.0	1.0	3.0	0.0	5.0	1.0	5.0	1.0	0.0	4.0	1.0	5.0	1.0	4.0	1.0	3.0	0.0	3.0	0.0	3.0	0.0	3.0	0.0	4.0	1.0	4.0	1.0	3.625	-1.0	0.0	1.0	0.0	0.0	-1.0	0.0	1.0	0.0	0.0	0.0	0.0	1.0	0.0	0.0	-1.0	0.0	1.0	0.0	0.125				1.0	
4	1	3	2	66	7	3	2	1.0	1.0	0.0	0.0	3.0	0.0	0.0	1.0	2.0	3.0	3.0	2.6666667	2.0	4.0	4.0	3.3333333	0.0	1.0	2.0	3.0	2.0	4.0	4.0	4.0	0.0	1.0	0.0	1.0	1.0	0.0	0.0	0.0	0.0	1.0		0.0	0.0		1.0	5.0	1.0	5.0	1.0	2.0	0.0	1.0	0.0	3.0	0.0	2.0	0.0	4.0	1.0	5.0	1.0	3.0	0.0	3.375	0.5	3.0	0.0	3.0	0.0	4.0	1.0	4.0	1.0	4.0	1.0	5.0	1.0	5.0	1.0	0.0	5.0	1.0	5.0	1.0	3.0	0.0	1.0	0.0	3.0	0.0	3.0	0.0	4.0	1.0	5.0	1.0	4.0	1.0	3.625	0.0	0.0	1.0	0.0	0.0	1.0	0.0	0.0	1.0	0.25	0.0	0.0	0.0	0.0	0.0	0.0	0.0	0.0	1.0	0.0			0.0	0.0	0.0
4	3	2	1	66	6	6	4	1.0	0.0	1.0	0.0	8.0	0.0	1.0	0.0	5.0	4.0	5.0	4.6666665	2.0	3.0	4.0	3.0	98.0	5.0	5.0	5.0	5.0	3.0	4.0	5.0	1.0	0.0	1.0	0.0	1.0	1.0	0.0	0.0	0.0	1.0		0.0	0.0		1.0	2.0	0.0	1.0	0.0	1.0	0.0	4.0	1.0	1.0	0.0	1.0	0.0	1.0	0.0	2.0	0.0	1.0	0.0	1.625	0.125	4.0	1.0	2.0	0.0	1.0	0.0	2.0	0.0	1.0	0.0	1.0	0.0	2.0	0.0	1.0	4.0	1.0	3.0	0.0	2.0	0.0	1.0	0.0	2.0	0.0	1.0	0.0	1.0	0.0	3.0	0.0	4.0	1.0	2.125	2.0	2.0	1.0	-3.0	1.0	0.0	0.0	1.0	3.0	0.5	1.0	0.0	0.0	-1.0	0.0	0.0	0.0	0.0	1.0	0.0			0.0	1.0	0.0
4	1	3	2	76	8	4	3	1.0	0.0	1.0	0.0	4.0	0.0	0.0	1.0	3.0	3.0	3.0	3.0	1.0	4.0	1.0	2.0	0.0	3.0	1.0	2.0	2.0	3.0	3.0	5.0	0.0	1.0	1.0	1.0	2.0	1.0	0.0	0.0	0.0	1.0		0.0	0.0		1.0	4.0	1.0	4.0	1.0	4.0	1.0	3.0	0.0	3.0	0.0	3.0	0.0	3.0	0.0	3.0	0.0	4.0	1.0	3.375	0.375	1.0	0.0	3.0	0.0	4.0	1.0	4.0	1.0	4.0	1.0	4.0	1.0	5.0	1.0	0.0	5.0	1.0	5.0	1.0	5.0	1.0	3.0	0.0	3.0	0.0	3.0	0.0	3.0	0.0	4.0	1.0	4.0	1.0	3.875	1.0	1.0	1.0	0.0	0.0	0.0	0.0	1.0	0.0	0.5	0.0	0.0	0.0	0.0	0.0	0.0	0.0	1.0	0.0	0.125			0.0	0.0	0.0
				50	14	4	4	0.0	1.0	0.0	0.0	6.0	0.0	0.0	1.0	3.0	3.0	2.0	2.6666667	2.0	3.0	1.0	2.0	55.0	3.0	4.0	4.0	3.6666667	2.0	3.0	4.0	1.0	0.0	1.0	1.0	2.0	1.0	1.0	0.0	1.0	0.0	1.0	1.0																																																																																	1.0	
1	4	2	3	60	3	4	3	0.0	1.0	0.0	1.0	1.0	1.0	0.0	0.0	3.0	3.0	1.0	2.3333333	2.0	3.0	3.0	2.6666667	4.0	1.0	3.0	1.0	1.6666666	1.0	3.0	5.0	0.0	1.0	1.0	0.0	1.0	1.0	0.0	1.0	1.0	0.0	0.0		1.0	0.0	0.0	2.0	0.0	3.0	0.0	3.0	0.0	3.0	0.0	3.0	0.0	3.0	0.0	3.0	0.0	2.0	0.0	5.0	1.0	2.75	0.0	4.0	1.0	3.0	0.0	3.0	0.0	5.0	1.0	3.0	0.0	4.0	1.0	4.0	1.0	0.0	3.0	0.0	4.0	1.0	3.0	0.0	3.0	0.0	3.0	0.0	4.0	1.0	5.0	1.0	3.0	0.0	5.0	1.0	3.5	1.0	1.0	0.0	0.0	0.0	1.0	2.0	1.0	0.0	0.75	0.0	1.0	0.0	0.0	0.0	1.0	1.0	0.0	0.0	0.375	4.0	1.0	1.0	1.0	1.0
1	3	2	4	62	6	4	3	0.0	1.0	1.0	0.0	8.0	0.0	1.0	0.0	3.0	4.0	4.0	3.6666667	4.0	5.0	4.0	4.3333335	94.0	5.0	4.0	5.0	4.6666665	5.0	4.0	5.0	1.0	0.0	0.0	0.0	0.0	0.0	0.0	1.0	1.0	0.0	0.0		1.0	0.0	0.0	5.0	1.0	5.0	1.0	5.0	1.0	4.0	1.0	4.0	1.0	4.0	1.0	2.0	0.0	3.0	0.0	4.0	1.0	4.0	0.75	2.0	0.0	5.0	1.0	3.0	0.0	3.0	0.0	4.0	1.0	5.0	1.0	5.0	1.0	0.0	5.0	1.0	5.0	1.0	4.0	1.0	4.0	1.0	4.0	1.0	3.0	0.0	3.0	0.0	4.0	1.0	3.0	0.0	4.0	0.0	0.0	-1.0	0.0	0.0	-1.0	1.0	1.0	-1.0	0.0	0.0	0.0	0.0	0.0	0.0	-1.0	0.0	1.0	-1.0	0.0	5.0	1.0	1.0	1.0	1.0
4	2	3	1	59	12	4	4	0.0	1.0	1.0	0.0	1.0	1.0	0.0	0.0	3.0	1.0	1.0	1.6666666	1.0	3.0	1.0	1.6666666	5.0	1.0	4.0	3.0	2.6666667	4.0	5.0	5.0	0.0	1.0	0.0	0.0	0.0	0.0	0.0	1.0	1.0	0.0	0.0		1.0	0.0	0.0	1.0	0.0	4.0	1.0	1.0	0.0	1.0	0.0	1.0	0.0	1.0	0.0	1.0	0.0	1.0	0.0	1.0	0.0	1.375	0.125	2.0	0.0	1.0	0.0	1.0	0.0	4.0	1.0	1.0	0.0	4.0	1.0	1.0	0.0	0.0	1.0	0.0	1.0	0.0	1.0	0.0	1.0	0.0	1.0	0.0	1.0	0.0	1.0	0.0	1.0	0.0	1.0	0.0	1.0	0.0	-3.0	0.0	0.0	0.0	0.0	0.0	0.0	0.0	-0.375	0.0	-1.0	0.0	0.0	0.0	0.0	0.0	0.0	0.0	-0.125	3.0	0.0	0.0	1.0	0.0
				65	9	2	3	0.0	0.0	1.0	0.0	3.0	0.0	0.0	1.0	2.0	2.0	1.0	1.6666666	2.0	2.0	2.0	2.0	50.0	4.0	4.0	4.0	4.0	5.0	1.0	3.0	0.0	1.0	1.0	1.0	2.0	0.0	0.0	1.0	1.0	0.0	0.0		1.0			5.0	1.0	5.0	1.0	4.0	1.0	1.0	0.0	1.0	0.0	5.0	1.0	4.0	1.0	5.0	1.0	5.0	1.0	3.75	0.75	3.0	0.0	3.0	0.0	4.0	1.0	2.0	0.0	4.0	1.0	5.0	1.0	5.0	1.0	1.0																																											1.0	
				66	2	6	1	1.0	1.0	1.0	0.0	2.0	1.0	0.0	0.0	1.0	1.0	3.0	1.6666666	4.0	4.0	3.0	3.6666667	9.0	4.0	4.0	4.0	4.0	5.0	3.0	2.0	0.0	1.0	0.0	0.0	0.0	0.0	0.0	1.0	1.0	0.0	0.0		1.0																							2.0	0.0																																																								1.0	
				65	22	6	4	0.0	0.0	1.0	0.0	4.0	0.0	0.0	1.0	3.0	1.0	3.0	2.3333333	3.0	3.0	3.0	3.0	0.0	1.0	2.0	3.0	2.0	5.0	5.0	5.0	0.0	0.0	1.0	0.0	1.0	1.0	1.0	0.0	1.0	0.0	1.0	1.0																																																																																	0.0	
				84	5	2	3	1.0	0.0	1.0	0.0					1.0	3.0	1.0	1.6666666	3.0	5.0	5.0	4.3333335									0.0	1.0		0.0																																																																																									1.0	
				65	4	7	1	0.0	1.0	1.0	0.0	7.0	0.0	1.0	0.0	2.0	1.0	1.0	1.3333334	3.0	3.0	3.0	3.0	65.0	3.0	3.0	5.0	3.6666667	3.0	4.0	4.0	1.0	0.0	0.0	0.0	0.0	0.0	0.0	1.0	1.0	0.0	0.0		1.0	0.0	0.0	2.0	0.0	4.0	1.0	1.0	0.0	1.0	0.0	3.0	0.0	3.0	0.0	1.0	0.0	3.0	0.0	1.0	0.0	2.25	0.125	2.0	0.0	3.0	0.0	3.0	0.0	4.0	1.0	2.0	0.0	3.0	0.0	4.0	1.0	0.0																																											1.0	
1	3	2	4	91	18	6	3	1.0	0.0	1.0	0.0	8.0	0.0	1.0	0.0	3.0	3.0	3.0	3.0	3.0	4.0	4.0	3.6666667	60.0	5.0	4.0	4.0	4.3333335	3.0	3.0	3.0	1.0	0.0	1.0	0.0	1.0	1.0	1.0	0.0	1.0	0.0	1.0	1.0		1.0	1.0	4.0	1.0	4.0	1.0	4.0	1.0	4.0	1.0	2.0	0.0	2.0	0.0	2.0	0.0	4.0	1.0	3.0	0.0	3.25	0.625	2.0	0.0	3.0	0.0	3.0	0.0	3.0	0.0	3.0	0.0	4.0	1.0	2.0	0.0	0.0	4.0	1.0	4.0	1.0	4.0	1.0	3.0	0.0	2.0	0.0	2.0	0.0	2.0	0.0	4.0	1.0	3.0	0.0	3.125	0.0	0.0	0.0	-1.0	0.0	0.0	0.0	0.0	0.0	-0.125	0.0	0.0	0.0	-1.0	0.0	0.0	0.0	0.0	0.0	-0.125			1.0	1.0	1.0
				42	19	7	2	0.0	0.0	1.0	0.0	2.0	1.0	0.0	0.0	1.0	1.0	1.0	1.0	3.0	4.0	3.0	3.3333333	0.0	2.0	4.0	2.0	2.6666667	4.0	4.0	4.0	0.0	1.0	0.0	1.0	1.0	0.0	0.0	0.0	0.0	1.0		0.0	0.0		1.0																																																																														0.0	
				61	21	6	2	0.0	1.0	1.0	0.0	8.0	0.0	1.0	0.0	1.0	1.0	1.0	1.0	3.0	5.0	5.0	4.3333335	0.0	3.0	5.0	5.0	4.3333335	3.0	4.0	5.0	1.0	0.0		1.0		0.0	0.0	1.0	1.0	0.0	0.0		1.0																																																																																0.0	
1	2	4	3	70	9	7	1	1.0	0.0	1.0	0.0	7.0	0.0	1.0	0.0	3.0	4.0	4.0	3.6666667	4.0	3.0	4.0	3.6666667	64.0	5.0	3.0	3.0	3.6666667	1.0	1.0	5.0	1.0	0.0	1.0	1.0	2.0	1.0	1.0	0.0	1.0	0.0	1.0	1.0		0.0	0.0	3.0	0.0	4.0	1.0	4.0	1.0	4.0	1.0	1.0	0.0	1.0	0.0	2.0	0.0	1.0	0.0	3.0	0.0	2.5	0.375	2.0	0.0	3.0	0.0	2.0	0.0	1.0	0.0	3.0	0.0	5.0	1.0	4.0	1.0	0.0	4.0	1.0	4.0	1.0	4.0	1.0	3.0	0.0	1.0	0.0	1.0	0.0	4.0	1.0	4.0	1.0	3.0	0.0	3.125	1.0	0.0	0.0	-1.0	0.0	0.0	2.0	3.0	0.0	0.625	1.0	0.0	0.0	-1.0	0.0	0.0	1.0	1.0	0.0	0.25	4.0	1.0	1.0	1.0	1.0
				59	20	6	1	0.0	1.0	1.0	0.0	1.0	1.0	0.0	0.0	1.0	1.0	1.0	1.0	1.0	1.0	1.0	1.0	0.0	1.0	3.0	2.0	2.0	4.0	3.0	4.0	0.0	1.0		0.0		1.0	0.0	1.0	1.0	0.0	0.0		1.0																																																																																0.0	
1	2	4	3	69	3	4	1	1.0	0.0	1.0	0.0	2.0	1.0	0.0	0.0	2.0	2.0	1.0	1.6666666	4.0	4.0	2.0	3.3333333	59.0	4.0	4.0	4.0	4.0	2.0	2.0	4.0	0.0	1.0	1.0	1.0	2.0	1.0	0.0	1.0	1.0	0.0	0.0		1.0	0.0	0.0	5.0	1.0	5.0	1.0	3.0	0.0	2.0	0.0	1.0	0.0	3.0	0.0	3.0	0.0	4.0	1.0	2.0	0.0	3.25	0.375	2.0	0.0	2.0	0.0	4.0	1.0	4.0	1.0	2.0	0.0	5.0	1.0	5.0	1.0	0.0	5.0	1.0	5.0	1.0	4.0	1.0	3.0	0.0	2.0	0.0	2.0	0.0	3.0	0.0	4.0	1.0	3.0	0.0	3.5	0.0	0.0	1.0	1.0	1.0	-1.0	0.0	0.0	1.0	0.25	0.0	0.0	1.0	0.0	0.0	0.0	0.0	0.0	0.0	0.125	5.0	1.0	1.0	1.0	1.0
				69	5	4	2	1.0	1.0	1.0	0.0	8.0	0.0	1.0	0.0	2.0	2.0	3.0	2.3333333	4.0	4.0	4.0	4.0	-1.0	3.0	2.0	2.0	2.3333333	4.0	3.0	4.0	1.0	0.0	0.0	0.0	0.0	0.0	1.0	0.0	1.0	0.0	1.0	1.0		1.0	1.0	4.0	1.0	3.0	0.0	3.0	0.0	3.0	0.0	3.0	0.0	3.0	0.0	4.0	1.0	4.0	1.0	4.0	1.0	3.375	0.375	3.0	0.0	3.0	0.0	3.0	0.0	4.0	1.0	4.0	1.0	4.0	1.0	5.0	1.0	1.0																																											0.0	
				52	1	1	3	0.0	1.0	0.0	1.0	4.0	0.0	0.0	1.0	1.0	1.0	1.0	1.0	4.0	5.0	2.0	3.6666667	31.0	4.0	4.0	4.0	4.0	4.0	5.0	2.0	0.0	0.0	1.0	1.0	2.0	1.0	1.0	0.0	1.0	0.0	1.0	1.0		1.0	1.0	4.0	1.0	3.0	0.0	2.0	0.0	2.0	0.0	4.0	1.0	4.0	1.0	3.0	0.0	2.0	0.0	4.0	1.0	3.0	0.375	4.0	1.0	2.0	0.0	2.0	0.0	4.0	1.0	4.0	1.0	5.0	1.0	4.0	1.0	0.0	4.0	1.0	5.0	1.0	2.0	0.0	4.0	1.0	4.0	1.0	5.0	1.0	4.0	1.0	4.0	1.0	4.0	1.0	4.0	0.0	2.0	0.0	2.0	0.0	1.0	1.0	2.0	0.0	1.0	0.0	1.0	0.0	1.0	0.0	0.0	1.0	1.0	0.0	0.5				1.0	
				64	6	2	3	0.0	1.0	1.0	0.0					2.0	4.0	2.0	2.6666667	3.0	4.0	2.0	3.0	0.0	4.0	4.0	4.0	4.0	3.0	3.0	1.0	0.0	0.0		0.0																																																																																									0.0	
1	2	4	3	58	12	6	4	0.0	1.0	1.0	0.0	1.0	1.0	0.0	0.0	1.0	5.0	1.0	2.3333333	3.0	4.0	1.0	2.6666667	-15.0	2.0	4.0	3.0	3.0	3.0	4.0	4.0	0.0	1.0	0.0	0.0	0.0	0.0	0.0	1.0	1.0	0.0	0.0		1.0	0.0	0.0	4.0	1.0	4.0	1.0	1.0	0.0	1.0	0.0	3.0	0.0	2.0	0.0	2.0	0.0	4.0	1.0	4.0	1.0	2.625	0.375	4.0	1.0	3.0	0.0	4.0	1.0	4.0	1.0	2.0	0.0	1.0	0.0	5.0	1.0	0.0	4.0	1.0	4.0	1.0	1.0	0.0	1.0	0.0	3.0	0.0	2.0	0.0	4.0	1.0	4.0	1.0	3.0	0.0	2.875	0.0	0.0	0.0	0.0	0.0	0.0	2.0	0.0	-1.0	0.25	0.0	0.0	0.0	0.0	0.0	0.0	1.0	0.0	-1.0	0.125	4.0	1.0	1.0	0.0	1.0
2	3	4	1	48	20	6	4	0.0	0.0	1.0	0.0	1.0	1.0	0.0	0.0	1.0	1.0	1.0	1.0	2.0	3.0	2.0	2.3333333	-40.0	1.0	3.0	2.0	2.0	5.0	3.0	5.0	0.0	1.0	1.0	1.0	2.0	1.0	0.0	1.0	1.0	0.0	0.0		1.0	0.0	0.0	5.0	1.0	5.0	1.0	3.0	0.0	1.0	0.0	1.0	0.0	3.0	0.0	4.0	1.0	5.0	1.0	4.0	1.0	3.375	0.5	3.0	0.0	3.0	0.0	4.0	1.0	3.0	0.0	3.0	0.0	5.0	1.0	5.0	1.0	0.0	5.0	1.0	5.0	1.0	3.0	0.0	1.0	0.0	1.0	0.0	3.0	0.0	4.0	1.0	5.0	1.0	4.0	1.0	3.375	0.0	0.0	0.0	0.0	0.0	0.0	0.0	0.0	0.0	0.0	0.0	0.0	0.0	0.0	0.0	0.0	0.0	0.0	0.0	0.0	5.0	1.0	0.0	0.0	1.0
1	4	2	3	26	10	4	3	0.0	1.0	1.0	0.0	8.0	0.0	1.0	0.0	3.0	3.0	4.0	3.3333333	3.0	5.0	4.0	4.0	-3.0	4.0	5.0	3.0	4.0	5.0	5.0	4.0	1.0	0.0	0.0	0.0	0.0	0.0	1.0	0.0	1.0	0.0	1.0	1.0		1.0	1.0	3.0	0.0	3.0	0.0	4.0	1.0	3.0	0.0	3.0	0.0	3.0	0.0	4.0	1.0	4.0	1.0	4.0	1.0	3.375	0.375	3.0	0.0	3.0	0.0	4.0	1.0	4.0	1.0	3.0	0.0	4.0	1.0	3.0	0.0	1.0	3.0	0.0	3.0	0.0	2.0	0.0	3.0	0.0	3.0	0.0	1.0	0.0	4.0	1.0	2.0	0.0	5.0	1.0	2.625	0.0	0.0	-2.0	0.0	0.0	-2.0	0.0	-2.0	1.0	-0.75	0.0	0.0	-1.0	0.0	0.0	0.0	0.0	-1.0	0.0	-0.25			1.0	0.0	1.0
				48	1	1	4	0.0	1.0	0.0	0.0	4.0	0.0	0.0	1.0	2.0	2.0	2.0	2.0	3.0	2.0	3.0	2.6666667	38.0	3.0	3.0	2.0	2.6666667	1.0	3.0	2.0	0.0	0.0	0.0	0.0	0.0	0.0	1.0	0.0	1.0	0.0	1.0	1.0																																																																																	1.0	
				73	12	5	4	1.0	1.0	1.0	0.0	8.0	0.0	1.0	0.0	4.0	4.0	2.0	3.3333333	4.0	5.0	5.0	4.6666665	93.0	5.0	4.0	2.0	3.6666667	3.0	4.0	3.0	1.0	0.0	1.0	1.0	2.0	1.0	0.0	1.0	1.0	0.0	0.0		1.0	0.0	0.0	5.0	1.0	5.0	1.0	5.0	1.0	2.0	0.0	2.0	0.0	2.0	0.0	4.0	1.0	4.0	1.0	4.0	1.0	3.625	0.625	1.0	0.0	2.0	0.0	4.0	1.0	4.0	1.0	3.0	0.0	5.0	1.0	4.0	1.0	0.0	4.0	1.0	5.0	1.0	5.0	1.0	3.0	0.0	3.0	0.0	3.0	0.0	4.0	1.0	5.0	1.0	4.0	1.0	4.0	-1.0	0.0	0.0	1.0	1.0	1.0	0.0	1.0	0.0	0.375	0.0	0.0	0.0	0.0	0.0	0.0	0.0	0.0	0.0	0.0	5.0	1.0		1.0	
2	3	4	1	56	19	7	3	0.0	0.0	1.0	0.0	8.0	0.0	1.0	0.0	1.0	1.0	1.0	1.0	3.0	3.0	5.0	3.6666667	100.0	5.0	5.0	5.0	5.0	1.0	4.0	3.0	1.0	0.0	1.0	1.0	2.0	0.0	0.0	1.0	1.0	0.0	0.0		1.0	0.0	0.0	5.0	1.0	4.0	1.0	4.0	1.0	3.0	0.0	1.0	0.0	4.0	1.0	1.0	0.0	4.0	1.0	2.0	0.0	3.25	0.625	3.0	0.0	2.0	0.0	1.0	0.0	2.0	0.0	3.0	0.0	5.0	1.0	4.0	1.0	0.0	4.0	1.0	5.0	1.0	2.0	0.0	2.0	0.0	1.0	0.0	4.0	1.0	2.0	0.0	2.0	0.0	4.0	1.0	2.75	-1.0	1.0	-2.0	-1.0	0.0	0.0	1.0	-2.0	2.0	-0.5	0.0	0.0	-1.0	0.0	0.0	0.0	0.0	-1.0	1.0	-0.25	2.0	0.0	0.0	1.0	1.0
				47	4	2	2	0.0	1.0	1.0	0.0	3.0	0.0	0.0	1.0	1.0	1.0	1.0	1.0	2.0	3.0	1.0	2.0	6.0	3.0	4.0	2.0	3.0	4.0	2.0	4.0	0.0	1.0	1.0	0.0	1.0	1.0	1.0	0.0	1.0	0.0	1.0	1.0																																																																																	1.0	
				47	20	6	3	0.0	0.0	1.0	0.0	6.0	0.0	0.0	1.0	4.0	4.0	5.0	4.3333335	4.0	4.0	4.0	4.0	0.0	3.0	3.0	3.0	3.0	4.0	3.0	5.0	1.0	0.0		0.0		1.0	0.0	0.0	0.0	1.0		0.0	0.0		1.0																																																																														0.0	
3	2	4	1	68	10	6	1	1.0	1.0	1.0	0.0	5.0	0.0	0.0	1.0	1.0	1.0	1.0	1.0	3.0	1.0	1.0	1.6666666	0.0	3.0	1.0	3.0	2.3333333	5.0	1.0	4.0	0.0	1.0	0.0	1.0	1.0	0.0	1.0	0.0	1.0	0.0	1.0	1.0		1.0	1.0	5.0	1.0	5.0	1.0	3.0	0.0	1.0	0.0	3.0	0.0	1.0	0.0	1.0	0.0	4.0	1.0	1.0	0.0	2.875	0.375	2.0	0.0	3.0	0.0	1.0	0.0	5.0	1.0	2.0	0.0	4.0	1.0	3.0	0.0	0.0	5.0	1.0	5.0	1.0	4.0	1.0	1.0	0.0	4.0	1.0	1.0	0.0	1.0	0.0	4.0	1.0	1.0	0.0	3.125	0.0	0.0	1.0	0.0	1.0	0.0	0.0	0.0	0.0	0.25	0.0	0.0	1.0	0.0	1.0	0.0	0.0	0.0	0.0	0.25			0.0	0.0	0.0
2	3	4	1	73	14	2	3	1.0	1.0	0.0	1.0	1.0	1.0	0.0	0.0	3.0	2.0	3.0	2.6666667	3.0	4.0	3.0	3.3333333	0.0	4.0	4.0	2.0	3.3333333	4.0	4.0	4.0	0.0	1.0	0.0	1.0	1.0	0.0	1.0	0.0	1.0	0.0	1.0	1.0		0.0	0.0	3.0	0.0	4.0	1.0	2.0	0.0	2.0	0.0	3.0	0.0	3.0	0.0	3.0	0.0	3.0	0.0	4.0	1.0	2.875	0.125	4.0	1.0	4.0	1.0	4.0	1.0	4.0	1.0	4.0	1.0	4.0	1.0	4.0	1.0	0.0	4.0	1.0	3.0	0.0	3.0	0.0	3.0	0.0	3.0	0.0	4.0	1.0	3.0	0.0	4.0	1.0	4.0	1.0	3.375	1.0	-1.0	1.0	1.0	0.0	1.0	0.0	1.0	0.0	0.5	1.0	-1.0	0.0	0.0	0.0	1.0	0.0	1.0	0.0	0.25	4.0	1.0	0.0	0.0	1.0
				38	9	4	1	0.0	0.0	1.0	0.0	6.0	0.0	0.0	1.0	2.0	2.0	1.0	1.6666666	4.0	5.0	4.0	4.3333335	55.0	4.0	4.0	2.0	3.3333333	2.0	2.0	4.0	1.0	0.0	1.0	1.0	2.0	1.0	0.0	0.0	0.0	1.0		0.0	0.0		1.0																									2.0	0.0	2.0	0.0	2.0	0.0	5.0	1.0	4.0	1.0																																												1.0	
3	1	4	2	62	7	2	3	0.0	1.0	1.0	0.0	6.0	0.0	0.0	1.0	4.0	4.0	4.0	4.0	1.0	3.0	1.0	1.6666666	35.0	4.0	4.0	4.0	4.0	2.0	2.0	4.0	1.0	0.0	1.0	0.0	1.0	1.0	0.0	1.0	1.0	0.0	0.0		1.0	0.0	0.0	2.0	0.0	2.0	0.0	2.0	0.0	2.0	0.0	2.0	0.0	2.0	0.0	2.0	0.0	2.0	0.0	2.0	0.0	2.0	0.0	4.0	1.0	3.0	0.0	2.0	0.0	4.0	1.0	2.0	0.0	4.0	1.0	4.0	1.0	0.0	2.0	0.0	4.0	1.0	4.0	1.0	2.0	0.0	2.0	0.0	2.0	0.0	2.0	0.0	2.0	0.0	2.0	0.0	2.5	0.0	2.0	2.0	0.0	0.0	0.0	0.0	0.0	0.0	0.5	0.0	1.0	1.0	0.0	0.0	0.0	0.0	0.0	0.0	0.25	4.0	1.0	0.0	1.0	0.0
				48	13	7	3	0.0	1.0	0.0	1.0	1.0	1.0	0.0	0.0	1.0	2.0	1.0	1.3333334	3.0	4.0	1.0	2.6666667	-63.0	1.0	3.0	3.0	2.3333333	5.0	3.0	4.0	0.0	1.0	0.0	1.0	1.0	1.0	0.0	1.0	1.0	0.0	0.0		1.0																																																																																0.0	
2	4	3	1	48	7	4	2	0.0	0.0	1.0	0.0	7.0	0.0	1.0	0.0	2.0	3.0	2.0	2.3333333	2.0	5.0	4.0	3.6666667	68.0	1.0	5.0	3.0	3.0	1.0	4.0	5.0	1.0	0.0	0.0	1.0	1.0	0.0	1.0	0.0	1.0	0.0	1.0	1.0		0.0	0.0	4.0	1.0	4.0	1.0	2.0	0.0	1.0	0.0	2.0	0.0	3.0	0.0	4.0	1.0	3.0	0.0	2.0	0.0	2.875	0.375	2.0	0.0	2.0	0.0	2.0	0.0	4.0	1.0	1.0	0.0	3.0	0.0	3.0	0.0	0.0	4.0	1.0	4.0	1.0	2.0	0.0	1.0	0.0	3.0	0.0	3.0	0.0	3.0	0.0	3.0	0.0	2.0	0.0	2.875	0.0	0.0	0.0	0.0	1.0	0.0	-1.0	0.0	0.0	0.0	0.0	0.0	0.0	0.0	0.0	0.0	-1.0	0.0	0.0	-0.125	4.0	1.0	0.0	1.0	1.0
				68	9	5	4	1.0	0.0	0.0	0.0	4.0	0.0	0.0	1.0	5.0	3.0	5.0	4.3333335	5.0	5.0	2.0	4.0	9.0	2.0	4.0	2.0	2.6666667	2.0	2.0	1.0	0.0	1.0	1.0	0.0	1.0	0.0	1.0	0.0	1.0	0.0	1.0	1.0																																																																																	1.0	
				49	6	2	3	0.0	1.0	1.0	0.0	8.0	0.0	1.0	0.0	3.0	3.0	3.0	3.0	4.0	4.0	3.0	3.6666667	-8.0	3.0	3.0	4.0	3.3333333	2.0	2.0	4.0	1.0	0.0	1.0	0.0	1.0	1.0	1.0	0.0	1.0	0.0	1.0	1.0																																																																																	0.0	
1	3	4	2	51	1	4	3	0.0	1.0	0.0	1.0	1.0	1.0	0.0	0.0	2.0	3.0	1.0	2.0	2.0	3.0	5.0	3.3333333	31.0	2.0	4.0	2.0	2.6666667	1.0	3.0	2.0	0.0	0.0	0.0	1.0	1.0	1.0	1.0	0.0	1.0	0.0	1.0	1.0		1.0	1.0	5.0	1.0	5.0	1.0	5.0	1.0	2.0	0.0	5.0	1.0	4.0	1.0	2.0	0.0	3.0	0.0	4.0	1.0	3.875	0.625	5.0	1.0	5.0	1.0	4.0	1.0	1.0	0.0	4.0	1.0	5.0	1.0	5.0	1.0	1.0	5.0	1.0	5.0	1.0	5.0	1.0	2.0	0.0	3.0	0.0	3.0	0.0	4.0	1.0	5.0	1.0	3.0	0.0	4.0	0.0	0.0	0.0	0.0	-2.0	-1.0	2.0	2.0	-1.0	0.125	0.0	0.0	0.0	0.0	-1.0	-1.0	1.0	1.0	-1.0	0.0			1.0	1.0	1.0
1	2	3	4	63	10	4	1	0.0	0.0	0.0	1.0	1.0	1.0	0.0	0.0	1.0	1.0	1.0	1.0	5.0	5.0	5.0	5.0	0.0	4.0	5.0	3.0	4.0	4.0	5.0	5.0	0.0	1.0	0.0	0.0	0.0	0.0	0.0	1.0	1.0	0.0	0.0		1.0	1.0	1.0	5.0	1.0	5.0	1.0	1.0	0.0	2.0	0.0	1.0	0.0	2.0	0.0	3.0	0.0	4.0	1.0	3.0	0.0	2.875	0.375	4.0	1.0	2.0	0.0	4.0	1.0	2.0	0.0	4.0	1.0	5.0	1.0	5.0	1.0	0.0	5.0	1.0	5.0	1.0	1.0	0.0	2.0	0.0	1.0	0.0	2.0	0.0	2.0	0.0	5.0	1.0	2.0	0.0	2.875	0.0	0.0	0.0	0.0	0.0	0.0	-1.0	1.0	-1.0	0.0	0.0	0.0	0.0	0.0	0.0	0.0	0.0	0.0	0.0	0.0			1.0	0.0	1.0
				43	5	1	2	0.0	1.0	1.0	0.0	5.0	0.0	0.0	1.0	2.0	1.0	3.0	2.0	3.0	3.0	2.0	2.6666667	0.0							1.0	0.0	0.0		0.0																																																																																									0.0	
				32	12	5	3	0.0	0.0	0.0	1.0	3.0	0.0	0.0	1.0	3.0	3.0	4.0	3.3333333	3.0	4.0	3.0	3.3333333	0.0	2.0	2.0	3.0	2.3333333	2.0	2.0	4.0	0.0	1.0	0.0	1.0	1.0	0.0	1.0	0.0	1.0	0.0	1.0	1.0				2.0	0.0	3.0	0.0	2.0	0.0	2.0	0.0	3.0	0.0	3.0	0.0	3.0	0.0	4.0	1.0	2.0	0.0	2.75	0.125	2.0	0.0	4.0	1.0	2.0	0.0	1.0	0.0	3.0	0.0	3.0	0.0	2.0	0.0	1.0																																											0.0	
				44	11	4	3	0.0	1.0	1.0	0.0	8.0	0.0	1.0	0.0	3.0	3.0	3.0	3.0	1.0	5.0	1.0	2.3333333	91.0	3.0	5.0	3.0	3.6666667	5.0	4.0	2.0	1.0	0.0	0.0	1.0	1.0	0.0	0.0	1.0	1.0	0.0	0.0		1.0																																																																																1.0	
				20	1	2	3	0.0	0.0	0.0	1.0		0.0	0.0	1.0	3.0	1.0	3.0	2.3333333	3.0	3.0	3.0	3.0	-43.0	3.0	3.0	3.0	3.0	3.0	3.0	1.0	0.0	0.0		0.0																																																																																									0.0	
				44	4	3	3	0.0	0.0	0.0	1.0	3.0	0.0	0.0	1.0	4.0	3.0	3.0	3.3333333	2.0	5.0	1.0	2.6666667	0.0	1.0	3.0	1.0	1.6666666	4.0	1.0	3.0	0.0	0.0	1.0	1.0	2.0	0.0	0.0	1.0	1.0	0.0	0.0		1.0	1.0	1.0	3.0	0.0	5.0	1.0	3.0	0.0	1.0	0.0	1.0	0.0	3.0	0.0	4.0	1.0	5.0	1.0	3.0	0.0	3.125	0.375	3.0	0.0	3.0	0.0	5.0	1.0	1.0	0.0	3.0	0.0	5.0	1.0	5.0	1.0	1.0	5.0	1.0	5.0	1.0	3.0	0.0	1.0	0.0	1.0	0.0	3.0	0.0	4.0	1.0	5.0	1.0	3.0	0.0	3.375	2.0	0.0	0.0	0.0	0.0	0.0	0.0	0.0	0.0	0.25	1.0	0.0	0.0	0.0	0.0	0.0	0.0	0.0	0.0	0.125				0.0	
2	3	4	1	26	1	6	1	0.0	0.0	1.0	0.0	4.0	0.0	0.0	1.0	2.0	3.0	3.0	2.6666667	5.0	4.0	2.0	3.6666667	-20.0	2.0	3.0	2.0	2.3333333	5.0	4.0	4.0	0.0	1.0	0.0	1.0	1.0	0.0	1.0	0.0	1.0	0.0	1.0	1.0		1.0	1.0	5.0	1.0	5.0	1.0	4.0	1.0	2.0	0.0	4.0	1.0	4.0	1.0	4.0	1.0	4.0	1.0	5.0	1.0	4.0	0.875	2.0	0.0	3.0	0.0	3.0	0.0	3.0	0.0	4.0	1.0	5.0	1.0	5.0	1.0	1.0	4.0	1.0	5.0	1.0	4.0	1.0	4.0	1.0	4.0	1.0	3.0	0.0	3.0	0.0	5.0	1.0	4.0	1.0	4.0	-1.0	0.0	0.0	2.0	0.0	-1.0	-1.0	1.0	-1.0	0.0	0.0	0.0	0.0	1.0	0.0	-1.0	-1.0	0.0	0.0	-0.125			0.0	0.0	1.0
3	1	4	2	27	19	5	3	0.0	0.0	1.0	0.0	2.0	1.0	0.0	0.0	3.0	3.0	5.0	3.6666667	4.0	2.0	4.0	3.3333333	20.0	5.0	3.0	2.0	3.3333333	3.0	4.0	4.0	0.0	1.0	1.0	1.0	2.0	0.0	0.0	0.0	0.0	1.0		0.0	0.0		1.0	3.0	0.0	2.0	0.0	3.0	0.0	3.0	0.0	5.0	1.0	2.0	0.0	4.0	1.0	5.0	1.0	4.0	1.0	3.375	0.375	4.0	1.0	4.0	1.0	4.0	1.0	4.0	1.0	5.0	1.0	3.0	0.0	2.0	0.0	1.0	4.0	1.0	3.0	0.0	2.0	0.0	4.0	1.0	5.0	1.0	5.0	1.0	3.0	0.0	2.0	0.0	3.0	0.0	3.5	1.0	1.0	-1.0	1.0	0.0	3.0	-1.0	-3.0	-1.0	0.125	1.0	0.0	0.0	1.0	0.0	1.0	-1.0	-1.0	-1.0	0.125			0.0	1.0	0.0
4	2	1	3	30	18	2	1	0.0	0.0	1.0	0.0	1.0	1.0	0.0	0.0	1.0	4.0	5.0	3.3333333	4.0	4.0	3.0	3.6666667	11.0	1.0	1.0	5.0	2.3333333	4.0	1.0	5.0	1.0	0.0	0.0	0.0	0.0	0.0	0.0	1.0	1.0	0.0	0.0		1.0	1.0	1.0	4.0	1.0	4.0	1.0	5.0	1.0	4.0	1.0	5.0	1.0	4.0	1.0	3.0	0.0	4.0	1.0	4.0	1.0	4.125	0.875	5.0	1.0	5.0	1.0	1.0	0.0	2.0	0.0	5.0	1.0	1.0	0.0	2.0	0.0	0.0	5.0	1.0	5.0	1.0	5.0	1.0	5.0	1.0	5.0	1.0	4.0	1.0	5.0	1.0	5.0	1.0	5.0	1.0	4.875	1.0	1.0	0.0	1.0	0.0	0.0	2.0	1.0	1.0	0.75	0.0	0.0	0.0	0.0	0.0	0.0	1.0	0.0	0.0	0.125			0.0	1.0	0.0
1	4	3	2	33	14	4	2	0.0	0.0	1.0	0.0	8.0	0.0	1.0	0.0	5.0	5.0	5.0	5.0	3.0	5.0	5.0	4.3333335	-4.0	3.0	3.0	2.0	2.6666667	3.0	3.0	3.0	1.0	0.0	1.0	1.0	2.0	0.0	1.0	0.0	1.0	0.0	1.0	1.0		0.0	0.0	4.0	1.0	3.0	0.0	3.0	0.0	3.0	0.0	3.0	0.0	4.0	1.0	3.0	0.0	5.0	1.0	3.0	0.0	3.5	0.375	4.0	1.0	3.0	0.0	2.0	0.0	4.0	1.0	3.0	0.0	4.0	1.0	3.0	0.0	1.0	2.0	0.0	2.0	0.0	2.0	0.0	2.0	0.0	1.0	0.0	2.0	0.0	2.0	0.0	3.0	0.0	2.0	0.0	2.0	-2.0	-1.0	-1.0	-1.0	-2.0	-2.0	-1.0	-2.0	-1.0	-1.5	-1.0	0.0	0.0	0.0	0.0	-1.0	0.0	-1.0	0.0	-0.375	3.0	0.0	1.0	0.0	1.0
3	2	4	1	21	3	2	3	0.0	0.0	1.0	0.0	2.0	1.0	0.0	0.0	3.0	2.0	3.0	2.6666667	4.0	4.0	3.0	3.6666667	8.0	3.0	3.0	2.0	2.6666667	4.0	3.0	4.0	0.0	1.0	1.0	1.0	2.0	1.0	1.0	0.0	1.0	0.0	1.0	1.0		1.0	1.0	3.0	0.0	3.0	0.0	2.0	0.0	3.0	0.0	3.0	0.0	3.0	0.0	3.0	0.0	3.0	0.0	3.0	0.0	2.875	0.0	2.0	0.0	3.0	0.0	5.0	1.0	4.0	1.0	4.0	1.0	5.0	1.0	4.0	1.0	1.0	3.0	0.0	3.0	0.0	3.0	0.0	3.0	0.0	3.0	0.0	3.0	0.0	3.0	0.0	3.0	0.0	3.0	0.0	3.0	0.0	0.0	1.0	0.0	0.0	0.0	0.0	0.0	0.0	0.125	0.0	0.0	0.0	0.0	0.0	0.0	0.0	0.0	0.0	0.0			0.0	1.0	0.0
2	3	1	4	31	3	5	1	0.0	0.0	1.0	0.0	8.0	0.0	1.0	0.0	3.0	4.0	4.0	3.6666667	4.0	4.0	3.0	3.6666667	10.0	2.0	2.0	3.0	2.3333333	2.0	3.0	5.0	1.0	0.0	0.0	0.0	0.0	0.0	1.0	0.0	1.0	0.0	1.0	1.0		0.0	0.0	3.0	0.0	3.0	0.0	3.0	0.0	3.0	0.0	3.0	0.0	4.0	1.0	4.0	1.0	3.0	0.0	4.0	1.0	3.25	0.25	5.0	1.0	2.0	0.0	4.0	1.0	3.0	0.0	4.0	1.0	2.0	0.0	4.0	1.0	0.0	3.0	0.0	2.0	0.0	4.0	1.0	2.0	0.0	4.0	1.0	4.0	1.0	3.0	0.0	3.0	0.0	3.0	0.0	3.125	0.0	-1.0	1.0	-1.0	1.0	0.0	-1.0	0.0	-1.0	-0.125	0.0	0.0	1.0	0.0	1.0	0.0	-1.0	0.0	-1.0	0.125	2.0	0.0	0.0	1.0	1.0
3	1	2	4	29	9	6	2	0.0	0.0	1.0	0.0	8.0	0.0	1.0	0.0	3.0	2.0	2.0	2.3333333	3.0	4.0	3.0	3.3333333	-2.0	3.0	3.0	2.0	2.6666667	4.0	3.0	5.0	1.0	0.0	0.0	0.0	0.0	0.0	0.0	1.0	1.0	0.0	0.0		1.0	1.0	1.0	4.0	1.0	4.0	1.0	4.0	1.0	4.0	1.0	3.0	0.0	4.0	1.0	4.0	1.0	4.0	1.0	3.0	0.0	3.875	0.875	4.0	1.0	4.0	1.0	3.0	0.0	4.0	1.0	4.0	1.0	4.0	1.0	3.0	0.0	1.0	3.0	0.0	3.0	0.0	4.0	1.0	3.0	0.0	4.0	1.0	4.0	1.0	4.0	1.0	5.0	1.0	3.0	0.0	3.75	-1.0	-1.0	0.0	-1.0	1.0	0.0	0.0	1.0	0.0	-0.125	-1.0	-1.0	0.0	-1.0	1.0	0.0	0.0	0.0	0.0	-0.25			0.0	0.0	0.0
1	4	3	2	27	1	2	3	0.0	0.0	1.0	0.0	8.0	0.0	1.0	0.0	5.0	5.0	5.0	5.0	5.0	4.0	5.0	4.6666665	-31.0	3.0	4.0	2.0	3.0	4.0	5.0	5.0	1.0	0.0	1.0	0.0	1.0	1.0	0.0	0.0	0.0	1.0		0.0	0.0		1.0	4.0	1.0	3.0	0.0	4.0	1.0	3.0	0.0	3.0	0.0	4.0	1.0	5.0	1.0	3.0	0.0	5.0	1.0	3.625	0.5	5.0	1.0	4.0	1.0	4.0	1.0	5.0	1.0	5.0	1.0	4.0	1.0	4.0	1.0	1.0	5.0	1.0	4.0	1.0	2.0	0.0	2.0	0.0	5.0	1.0	2.0	0.0	4.0	1.0	5.0	1.0	4.0	1.0	3.625	1.0	1.0	-2.0	-1.0	2.0	-2.0	-1.0	2.0	-1.0	0.0	0.0	1.0	-1.0	0.0	1.0	-1.0	0.0	1.0	0.0	0.125			1.0	0.0	1.0
2	1	3	4	23	13	1	4	0.0	0.0	1.0	0.0	8.0	0.0	1.0	0.0	4.0	3.0	3.0	3.3333333	3.0	5.0	2.0	3.3333333	14.0	5.0	5.0	5.0	5.0	5.0	3.0	5.0	1.0	0.0	0.0	1.0	1.0	0.0	0.0	0.0	0.0	1.0		0.0	0.0		1.0	2.0	0.0	4.0	1.0	1.0	0.0	5.0	1.0	3.0	0.0	4.0	1.0	5.0	1.0	4.0	1.0	4.0	1.0	3.5	0.625	2.0	0.0	4.0	1.0	4.0	1.0	3.0	0.0	2.0	0.0	4.0	1.0	2.0	0.0	1.0	3.0	0.0	3.0	0.0	5.0	1.0	3.0	0.0	5.0	1.0	4.0	1.0	2.0	0.0	4.0	1.0	3.0	0.0	3.625	1.0	-1.0	4.0	-2.0	2.0	0.0	-3.0	0.0	-1.0	0.125	0.0	-1.0	1.0	-1.0	1.0	0.0	-1.0	0.0	-1.0	-0.125			0.0	1.0	0.0
2	4	1	3	31	3	2	3	0.0	0.0	1.0	0.0	1.0	1.0	0.0	0.0	4.0	2.0	3.0	3.0	4.0	5.0	1.0	3.3333333	-8.0	2.0	5.0	2.0	3.0	5.0	4.0	3.0	0.0	1.0	1.0	0.0	1.0	1.0	0.0	0.0	0.0	1.0		0.0	0.0		1.0	5.0	1.0	4.0	1.0	4.0	1.0	5.0	1.0	4.0	1.0	5.0	1.0	4.0	1.0	5.0	1.0	4.0	1.0	4.5	1.0	4.0	1.0	4.0	1.0	4.0	1.0	2.0	0.0	5.0	1.0	5.0	1.0	5.0	1.0	0.0	5.0	1.0	5.0	1.0	5.0	1.0	5.0	1.0	5.0	1.0	5.0	1.0	5.0	1.0	5.0	1.0	5.0	1.0	5.0	0.0	1.0	1.0	0.0	1.0	0.0	1.0	0.0	1.0	0.5	0.0	0.0	0.0	0.0	0.0	0.0	0.0	0.0	0.0	0.0			0.0	0.0	1.0
2	1	4	3	23	1	6	3	0.0	0.0	0.0	0.0	1.0	1.0	0.0	0.0	2.0	4.0	2.0	2.6666667	5.0	5.0	4.0	4.6666665	-59.0	2.0	5.0	2.0	3.0	5.0	3.0	4.0	0.0	1.0	0.0	0.0	0.0	1.0	1.0	0.0	1.0	0.0	1.0	1.0		1.0	1.0	3.0	0.0	2.0	0.0	3.0	0.0	2.0	0.0	2.0	0.0	3.0	0.0	2.0	0.0	3.0	0.0	5.0	1.0	2.5	0.0	5.0	1.0	4.0	1.0	5.0	1.0	2.0	0.0	2.0	0.0	4.0	1.0	4.0	1.0	1.0	3.0	0.0	2.0	0.0	3.0	0.0	3.0	0.0	1.0	0.0	1.0	0.0	2.0	0.0	1.0	0.0	2.0	0.0	2.0	0.0	0.0	0.0	1.0	-1.0	-2.0	0.0	-2.0	-3.0	-0.5	0.0	0.0	0.0	0.0	0.0	0.0	0.0	0.0	-1.0	0.0			0.0	0.0	0.0
1	2	4	3	24	16	2	4	0.0	0.0	1.0	0.0	7.0	0.0	1.0	0.0	5.0	3.0	4.0	4.0	1.0	5.0	4.0	3.3333333	59.0	4.0	4.0	4.0	4.0	2.0	4.0	4.0	1.0	0.0	1.0	0.0	1.0	1.0	0.0	1.0	1.0	0.0	0.0		1.0	1.0	1.0	4.0	1.0	4.0	1.0	1.0	0.0	3.0	0.0	2.0	0.0	2.0	0.0	2.0	0.0	4.0	1.0	2.0	0.0	2.75	0.375	2.0	0.0	3.0	0.0	2.0	0.0	1.0	0.0	1.0	0.0	2.0	0.0	2.0	0.0	0.0	4.0	1.0	4.0	1.0	1.0	0.0	1.0	0.0	2.0	0.0	1.0	0.0	1.0	0.0	4.0	1.0	2.0	0.0	2.25	0.0	0.0	0.0	-2.0	0.0	-1.0	-1.0	0.0	0.0	-0.5	0.0	0.0	0.0	0.0	0.0	0.0	0.0	0.0	0.0	0.0			1.0	1.0	1.0
1	3	4	2					1.0		0.0	0.0	1.0	1.0	0.0	0.0	5.0	5.0	5.0	5.0	5.0	5.0	5.0	5.0	0.0	5.0	5.0	1.0	3.6666667	5.0	5.0	5.0	0.0	1.0	0.0	0.0	0.0	1.0	0.0	1.0	1.0	0.0	0.0		1.0	1.0	1.0	5.0	1.0	5.0	1.0	5.0	1.0	5.0	1.0	5.0	1.0	5.0	1.0	5.0	1.0	5.0	1.0	5.0	1.0	5.0	1.0	1.0	0.0	1.0	0.0	5.0	1.0	5.0	1.0	5.0	1.0	5.0	1.0	5.0	1.0	1.0	5.0	1.0	5.0	1.0	5.0	1.0	5.0	1.0	5.0	1.0	5.0	1.0	5.0	1.0	5.0	1.0	5.0	1.0	5.0	0.0	0.0	0.0	0.0	0.0	0.0	0.0	0.0	0.0	0.0	0.0	0.0	0.0	0.0	0.0	0.0	0.0	0.0	0.0	0.0			1.0	0.0	1.0
