region	zone	woreda	kebele	village_id	_parent_index	crop	landscape	gender	age	education_years	yrsexp	extension_received	totalHH	hhsize_adultequiv	median_dist_fert	plot_owned	plotareaha	plotareaha2	use_infert	use_orgfert	hired_labour	use_impseed	use_rowplant	use_pesticide	plt_herbicideUse	plt_draftanimals	plt_intercrop	plt_croprotation	N_rate	P_rate	N_rate2	N_P	N_footslope	N_midslope	N_hillslope	ctot	ntot	oc	p	k	ph	sand	silt	clay	rain_sum	rain_cv	lnrain	price_dap	price_nps	price_npsb	price_npsZnb	price_urea	N_price_market	teff_price_market	wheat_price_market	Teff_N_ratio	Wheat_N_ratio	yield
"Amhara"	"North_Shewa"	"Basona_Werana"	"Abamote"	1	1024	"Wheat"	"Midslope"	1.0	65	0	0	0	5	3.0	60.0	1.0	0.125	0.015625	1.0	1.0	0.0	1.0	0.0	0.0	1	1	0	1	186.4	68.0	34744.957	12675.199	0.0	186.4	0.0	22.9	11040	15.2	13.4	205	6.47	32.6	28.7	38.1	808.5304	1.5606483	6.695218			50.0		50.0	114.67	53.46	46.65		0.41	1200.0
"Amhara"	"North_Shewa"	"Basona_Werana"	"Abamote"	1	756	"Teff"	"Footslope"	1.0	75	0	2	1	6	3.3	60.0	1.0	0.25	0.0625	1.0	0.0	1.0	0.0	0.0	1.0	1	1	0	1	28.32	4.76	802.0224	134.8032	28.32	0.0	0.0	22.9	11040	15.2	13.4	205	6.47	32.6	28.7	38.1	808.5304	1.5606483	6.695218			38.57143		40.2	114.67	53.46	46.65	0.47		1000.0
"Amhara"	"North_Shewa"	"Basona_Werana"	"Abamote"	1	970	"Wheat"	"Footslope"	0.0	51	4	0	1	5	2.8	60.0	1.0	0.25	0.0625	1.0	0.0	1.0	1.0	0.0	1.0	1	1	0	1	96.399994	20.4	9292.959	1966.5598	96.399994	0.0	0.0	22.0	10942	15.2	14.1	203	6.43	32.2	28.79	38.3	808.5304	1.5606483	6.695218			35.0		40.0	114.67	53.46	46.65		0.41	1200.0
"Amhara"	"North_Shewa"	"Basona_Werana"	"Abamote"	1	756	"Wheat"	"Footslope"	1.0	75	0	2	1	6	3.3	60.0	1.0	0.125	0.015625	1.0	0.0	1.0	1.0	0.0	1.0	1	1	0	0	140.8	27.2	19824.64	3829.7603	140.8	0.0	0.0	22.9	11040	15.2	13.4	205	6.47	32.6	28.7	38.1	808.5304	1.5606483	6.695218			39.2		40.2	114.67	53.46	46.65		0.41	2400.0
"Amhara"	"North_Shewa"	"Basona_Werana"	"Abamote"	1	1024	"Wheat"	"Midslope"	1.0	65	0	0	0	5	3.0	60.0	1.0	0.25	0.0625	1.0	0.0	0.0	1.0	0.0	0.0	1	1	0	1	36.8	0.0	1354.24	0.0	0.0	36.8	0.0	22.9	11040	15.2	13.4	205	6.47	32.6	28.7	38.1	808.5304	1.5606483	6.695218					50.0	114.67	53.46	46.65		0.41	600.0
"Amhara"	"North_Shewa"	"Basona_Werana"	"Abamote"	1	886	"Wheat"	"Midslope"	0.0	57	0	0	0	3	2.0	60.0	1.0	0.5	0.25	1.0	0.0	1.0	0.0	0.0	1.0	1	1	0	1	65.0	17.0	4225.0	1105.0	0.0	65.0	0.0	22.9	11040	15.2	13.4	205	6.47	32.6	28.7	38.1	808.5304	1.5606483	6.695218			33.2		30.0	114.67	53.46	46.65		0.41	1500.0
"Amhara"	"North_Shewa"	"Basona_Werana"	"Abamote"	1	741	"Wheat"	"Hillslope"	1.0	28	9	0	0	4	2.1	60.0	0.0	0.5	0.25	1.0	0.0	0.0	0.0	0.0	1.0	1	1	0	1	55.5	8.5	3080.25	471.75	0.0	0.0	55.5	22.0	10942	15.2	14.1	203	6.43	32.2	28.79	38.3	808.5304	1.5606483	6.695218			25.68		25.7	114.67	53.46	46.65		0.41	800.0
"Amhara"	"North_Shewa"	"Basona_Werana"	"Abamote"	1	738	"Wheat"	"Midslope"	1.0	45	0	0	1	3	1.8	60.0	1.0	0.25	0.0625	1.0	0.0	0.0	0.0	0.0	1.0	1	1	0	1	65.0	17.0	4225.0	1105.0	0.0	65.0	0.0	22.0	10942	15.2	14.1	203	6.43	32.2	28.79	38.3	808.5304	1.5606483	6.695218			16.0		24.95	114.67	53.46	46.65		0.41	20.0
"Amhara"	"North_Shewa"	"Basona_Werana"	"Abamote"	1	741	"Wheat"	"Hillslope"	1.0	28	9	0	0	4	2.1	60.0	0.0	0.75	0.5625	1.0	0.0	0.0	0.0	0.0	1.0	1	1	0	1	67.666664	5.6666665	4578.7773	383.44443	0.0	0.0	67.666664	22.0	10942	15.2	14.1	203	6.43	32.2	28.79	38.3	808.5304	1.5606483	6.695218			25.68		25.7	114.67	53.46	46.65		0.41	800.0
"Amhara"	"North_Shewa"	"Basona_Werana"	"Abamote"	1	1042	"Wheat"	"Footslope"	1.0	47	0	0	1	6	3.1	60.0	1.0	0.25	0.0625	1.0	0.0	0.0	1.0	0.0	1.0	0	1	0	1	84.0	34.0	7056.0	2856.0	84.0	0.0	0.0	22.0	10942	15.2	14.1	203	6.43	32.2	28.79	38.3	808.5304	1.5606483	6.695218			40.2		39.2	114.67	53.46	46.65		0.41	1600.0
"Amhara"	"North_Shewa"	"Basona_Werana"	"Abamote"	1	1001	"Wheat"	"Midslope"	1.0	57	8	0	1	5	2.8	60.0	1.0	0.5	0.25	1.0	0.0	0.0	1.0	1.0	1.0	1	1	0	1	84.2	13.6	7089.6396	1145.12	0.0	84.2	0.0	22.9	11040	15.2	13.4	205	6.47	32.6	28.7	38.1	808.5304	1.5606483	6.695218			46.2		48.0	114.67	53.46	46.65		0.41	2200.0
"Amhara"	"North_Shewa"	"Basona_Werana"	"Abamote"	1	805	"Wheat"	"Footslope"	1.0	37	8	0	1	3	1.8	60.0	0.0	1.0	1.0	1.0	1.0	0.0	1.0	0.0	1.0	1	1	0	1	32.5	8.5	1056.25	276.25	32.5	0.0	0.0	22.0	10942	15.2	14.1	203	6.43	32.2	28.79	38.3	808.5304	1.5606483	6.695218			48.6		49.2	114.67	53.46	46.65		0.41	1500.0
"Amhara"	"North_Shewa"	"Basona_Werana"	"Abamote"	1	738	"Wheat"	"Footslope"	1.0	45	0	0	1	3	1.8	60.0	1.0	0.25	0.0625	1.0	0.0	0.0	0.0	0.0	1.0	1	1	0	1	65.0	17.0	4225.0	1105.0	65.0	0.0	0.0	22.0	10942	15.2	14.1	203	6.43	32.2	28.79	38.3	808.5304	1.5606483	6.695218			16.0		24.95	114.67	53.46	46.65		0.41	20.0
"Amhara"	"North_Shewa"	"Basona_Werana"	"Abamote"	1	756	"Wheat"	"Footslope"	1.0	75	0	2	1	6	3.3	60.0	1.0	0.125	0.015625	1.0	0.0	1.0	1.0	0.0	1.0	1	1	0	0	229.6	40.8	52716.164	9367.68	229.6	0.0	0.0	22.9	11040	15.2	13.4	205	6.47	32.6	28.7	38.1	808.5304	1.5606483	6.695218			39.2		40.2	114.67	53.46	46.65		0.41	2000.0
"Amhara"	"North_Shewa"	"Basona_Werana"	"Abamote"	1	756	"Wheat"	"Midslope"	1.0	75	0	2	1	6	3.3	60.0	1.0	0.25	0.0625	1.0	0.0	1.0	1.0	0.0	1.0	1	1	0	1	70.4	13.6	4956.16	957.44006	0.0	70.4	0.0	22.9	11040	15.2	13.4	205	6.47	32.6	28.7	38.1	808.5304	1.5606483	6.695218			39.2		40.2	114.67	53.46	46.65		0.41	1000.0
"Amhara"	"North_Shewa"	"Basona_Werana"	"Abamote"	1	805	"Wheat"	"Footslope"	1.0	37	8	0	1	3	1.8	60.0	0.0	0.5	0.25	0.0	0.0	0.0	1.0	0.0	1.0	1	1	0	1	0.0	0.0	0.0	0.0	0.0	0.0	0.0	22.0	10942	15.2	14.1	203	6.43	32.2	28.79	38.3	808.5304	1.5606483	6.695218						114.67	53.46	46.65		0.41	1800.0
"Amhara"	"North_Shewa"	"Basona_Werana"	"Abamote"	1	741	"Wheat"	"Hillslope"	1.0	28	9	0	0	4	2.1	60.0	0.0	0.5	0.25	1.0	0.0	1.0	0.0	0.0	1.0	1	1	0	1	101.5	8.5	10302.25	862.75	0.0	0.0	101.5	22.0	10942	15.2	14.1	203	6.43	32.2	28.79	38.3	808.5304	1.5606483	6.695218			25.68		25.7	114.67	53.46	46.65		0.41	12.0
"Amhara"	"North_Shewa"	"Basona_Werana"	"Abamote"	1	1016	"Wheat"	"Midslope"	1.0	58	0	0	0	7	4.0	60.0	1.0	0.25	0.0625	1.0	0.0	0.0	1.0	1.0	0.0	1	1	0	1	102.4	34.0	10485.761	3481.6	0.0	102.4	0.0	22.4	11043	15.1	13.5	211	6.42	32.7	28.72	37.4	833.0175	1.5665497	6.7250547			48.8		75.0	114.67	53.46	46.65		0.41	3200.0
"Amhara"	"North_Shewa"	"Basona_Werana"	"Abamote"	1	805	"Wheat"	"Midslope"	1.0	37	8	0	1	3	1.8	60.0	1.0	0.25	0.0625	1.0	1.0	0.0	0.0	0.0	1.0	1	1	0	1	65.0	17.0	4225.0	1105.0	0.0	65.0	0.0	22.0	10942	15.2	14.1	203	6.43	32.2	28.79	38.3	808.5304	1.5606483	6.695218			48.6		49.2	114.67	53.46	46.65		0.41	2400.0
"Amhara"	"North_Shewa"	"Basona_Werana"	"Abamote"	1	1042	"Wheat"	"Footslope"	1.0	47	0	0	1	6	3.1	60.0	1.0	0.25	0.0625	1.0	0.0	0.0	1.0	0.0	1.0	1	1	0	1	130.0	34.0	16900.0	4420.0	130.0	0.0	0.0	22.0	10942	15.2	14.1	203	6.43	32.2	28.79	38.3	808.5304	1.5606483	6.695218			40.2		39.2	114.67	53.46	46.65		0.41	400.0
"Amhara"	"North_Shewa"	"Basona_Werana"	"Abamote"	1	1042	"Wheat"	"Midslope"	1.0	47	0	0	1	6	3.1	60.0	1.0	0.125	0.015625	1.0	0.0	0.0	1.0	0.0	1.0	1	1	0	1	222.0	34.0	49284.0	7548.0	0.0	222.0	0.0	22.0	10942	15.2	14.1	203	6.43	32.2	28.79	38.3	808.5304	1.5606483	6.695218			40.2		39.2	114.67	53.46	46.65		0.41	800.0
"Amhara"	"North_Shewa"	"Basona_Werana"	"Abamote"	1	970	"Wheat"	"Midslope"	0.0	51	4	0	1	5	2.8	60.0	1.0	0.37	0.1369	1.0	0.0	1.0	1.0	0.0	1.0	1	1	0	1	57.432434	6.891892	3298.4844	395.8181	0.0	57.432434	0.0	22.0	10942	15.2	14.1	203	6.43	32.2	28.79	38.3	808.5304	1.5606483	6.695218			34.666668		40.0	114.67	53.46	46.65		0.41	810.8108
"Amhara"	"North_Shewa"	"Basona_Werana"	"Abamote"	1	970	"Wheat"	"Footslope"	0.0	51	4	0	1	5	2.8	60.0	1.0	0.67	0.4489	1.0	0.0	1.0	1.0	0.0	1.0	1	1	0	1	69.10448	12.686567	4775.4287	876.6986	69.10448	0.0	0.0	22.0	10942	15.2	14.1	203	6.43	32.2	28.79	38.3	808.5304	1.5606483	6.695218			70.0		40.0	114.67	53.46	46.65		0.41	895.5224
"Amhara"	"North_Shewa"	"Basona_Werana"	"Abamote"	1	908	"Wheat"	"Midslope"	1.0	42	3	0	1	5	2.6	60.0	0.0	0.5	0.25	1.0	0.0	0.0	1.0	0.0	0.0	1	1	0	1	111.0	17.0	12321.0	1887.0	0.0	111.0	0.0	22.9	11040	15.2	13.4	205	6.47	32.6	28.7	38.1	808.5304	1.5606483	6.695218			37.2		44.0	114.67	53.46	46.65		0.41	1000.0
"Southern_Nations,_Nationalities_and_Peoples"	"Hadiya"	"Anlemo"	"Samen_Daresh"	2	98	"Teff"	"Midslope"	1.0	50	2	41	1	7	3.2	20.0	1.0	0.125	0.015625	1.0	0.0	0.0	0.0	0.0	0.0	1	1	0	1	130.0	34.0	16900.0	4420.0	0.0	130.0	0.0	21.9	47552	20.8	9.3	224	5.82	33.6	26.62	38.2	627.18835	2.3876572	6.441247			34.0		34.0	122.76	54.66	47.98	0.45		400.0
"Southern_Nations,_Nationalities_and_Peoples"	"Hadiya"	"Anlemo"	"Samen_Daresh"	2	86	"Wheat"	"Midslope"	1.0	20	8	8	1	8	4.1	20.0	1.0	0.5	0.25	1.0	0.0	0.0	1.0	0.0	0.0	1	1	0	1	32.5	8.5	1056.25	276.25	0.0	32.5	0.0	21.9	47552	20.8	9.3	224	5.82	33.6	26.62	38.2	627.18835	2.3876572	6.441247			36.8		36.8	122.76	54.66	47.98		0.39	12.0
"Southern_Nations,_Nationalities_and_Peoples"	"Hadiya"	"Anlemo"	"Samen_Daresh"	2	93	"Wheat"	"Midslope"	1.0	45	4	28	1	5	3.0	20.0	1.0	0.5	0.25	1.0	0.0	0.0	0.0	0.0	0.0	1	1	0	0	65.0	17.0	4225.0	1105.0	0.0	65.0	0.0	21.9	47552	20.8	9.3	224	5.82	33.6	26.62	38.2	627.18835	2.3876572	6.441247			40.0		40.0	122.76	54.66	47.98		0.39	1200.0
"Southern_Nations,_Nationalities_and_Peoples"	"Hadiya"	"Anlemo"	"Samen_Daresh"	2	108	"Teff"	"Midslope"	1.0	45	8	25	1	6	3.1	20.0	1.0	0.5	0.25	1.0	0.0	0.0	0.0	0.0	0.0	1	1	0	1	65.0	17.0	4225.0	1105.0	0.0	65.0	0.0	21.9	47552	20.8	9.3	224	5.82	33.6	26.62	38.2	627.18835	2.3876572	6.441247			37.8		37.8	122.76	54.66	47.98	0.45		6.0
"Southern_Nations,_Nationalities_and_Peoples"	"Hadiya"	"Anlemo"	"Samen_Daresh"	2	108	"Teff"	"Midslope"	1.0	45	8	25	1	6	3.1	20.0	1.0	0.5	0.25	1.0	0.0	0.0	0.0	0.0	0.0	1	1	0	1	65.0	17.0	4225.0	1105.0	0.0	65.0	0.0	21.9	47552	20.8	9.3	224	5.82	33.6	26.62	38.2	627.18835	2.3876572	6.441247			37.8		37.8	122.76	54.66	47.98	0.45		600.0
"Southern_Nations,_Nationalities_and_Peoples"	"Hadiya"	"Anlemo"	"Samen_Daresh"	2	152	"Wheat"	"Hillslope"	0.0	42	8	15	1	8	4.1	20.0	1.0	0.75	0.5625	1.0	0.0	0.0	1.0	1.0	0.0	1	1	0	1	49.666668	17.0	2466.7778	844.3334	0.0	0.0	49.666668	21.9	47552	20.8	9.3	224	5.82	33.6	26.62	38.2	627.18835	2.3876572	6.441247			33.333332		39.0	122.76	54.66	47.98		0.39	9.333333
"Southern_Nations,_Nationalities_and_Peoples"	"Hadiya"	"Anlemo"	"Samen_Daresh"	2	86	"Teff"	"Midslope"	1.0	20	8	8	1	8	4.1	20.0	1.0	0.375	0.140625	1.0	0.0	0.0	0.0	0.0	0.0	1	1	0	1	43.333332	11.333333	1877.7777	491.11108	0.0	43.333332	0.0	21.9	47552	20.8	9.3	224	5.82	33.6	26.62	38.2	627.18835	2.3876572	6.441247			36.8		36.8	122.76	54.66	47.98	0.45		533.3333
"Southern_Nations,_Nationalities_and_Peoples"	"Hadiya"	"Anlemo"	"Samen_Daresh"	2	92	"Wheat"	"Midslope"	1.0	42	12	25	1	9	4.6	20.0	1.0	0.5	0.25	1.0	0.0	0.0	0.0	1.0	1.0	1	1	0	1	32.5	8.5	1056.25	276.25	0.0	32.5	0.0	21.9	47552	20.8	9.3	224	5.82	33.6	26.62	38.2	627.18835	2.3876572	6.441247			38.0		38.0	122.76	54.66	47.98		0.39	2000.0
"Southern_Nations,_Nationalities_and_Peoples"	"Hadiya"	"Anlemo"	"Samen_Daresh"	2	475	"Teff"	"Midslope"	0.0	30	7	10	1	8	3.7	20.0	1.0	0.25	0.0625	1.0	0.0	0.0	0.0	0.0	0.0	1	1	0	1	65.0	17.0	4225.0	1105.0	0.0	65.0	0.0	21.9	47552	20.8	9.3	224	5.82	33.6	26.62	38.2	627.18835	2.3876572	6.441247			36.0		37.0	122.76	54.66	47.98	0.45		600.0
"Southern_Nations,_Nationalities_and_Peoples"	"Hadiya"	"Anlemo"	"Samen_Daresh"	2	475	"Wheat"	"Midslope"	0.0	30	7	10	1	8	3.7	20.0	1.0	0.5	0.25	1.0	0.0	0.0	1.0	0.0	1.0	1	1	0	1	42.0	17.0	1764.0	714.0	0.0	42.0	0.0	21.9	47552	20.8	9.3	224	5.82	33.6	26.62	38.2	627.18835	2.3876572	6.441247			18.0		37.0	122.76	54.66	47.98		0.39	1800.0
"Southern_Nations,_Nationalities_and_Peoples"	"Hadiya"	"Anlemo"	"Samen_Daresh"	2	120	"Wheat"	"Midslope"	1.0	75	0	50	1	6	3.1	20.0	1.0	0.25	0.0625	1.0	0.0	0.0	1.0	0.0	0.0	1	1	0	0	130.0	34.0	16900.0	4420.0	0.0	130.0	0.0	21.8	43309	20.8	8.9	222	5.8	33.4	26.8	37.3	627.18835	2.3876572	6.441247			50.0		50.0	122.76	54.66	47.98		0.39	1200.0
"Southern_Nations,_Nationalities_and_Peoples"	"Hadiya"	"Anlemo"	"Samen_Daresh"	2	196	"Teff"	"Midslope"	1.0	35	2	32	1	4	2.1	20.0	1.0	0.5	0.25	1.0	0.0	0.0	0.0	0.0	0.0	0	0	0	1	32.5	8.5	1056.25	276.25	0.0	32.5	0.0	21.9	47552	20.8	9.3	224	5.82	33.6	26.62	38.2	627.18835	2.3876572	6.441247			60.0		52.0	122.76	54.66	47.98	0.45		3.0
"Southern_Nations,_Nationalities_and_Peoples"	"Hadiya"	"Anlemo"	"Samen_Daresh"	2	98	"Wheat"	"Midslope"	1.0	50	2	41	1	7	3.2	20.0	1.0	0.5	0.25	1.0	0.0	1.0	1.0	1.0	1.0	1	1	0	1	111.0	17.0	12321.0	1887.0	0.0	111.0	0.0	21.9	47552	20.8	9.3	224	5.82	33.6	26.62	38.2	627.18835	2.3876572	6.441247			34.0		34.0	122.76	54.66	47.98		0.39	16.0
"Southern_Nations,_Nationalities_and_Peoples"	"Hadiya"	"Anlemo"	"Samen_Daresh"	2	108	"Wheat"	"Midslope"	1.0	45	8	25	1	6	3.1	20.0	1.0	0.5	0.25	1.0	0.0	0.0	1.0	0.0	1.0	1	1	0	1	65.0	17.0	4225.0	1105.0	0.0	65.0	0.0	21.9	47552	20.8	9.3	224	5.82	33.6	26.62	38.2	627.18835	2.3876572	6.441247			36.4		36.2	122.76	54.66	47.98		0.39	1400.0
"Southern_Nations,_Nationalities_and_Peoples"	"Hadiya"	"Anlemo"	"Samen_Daresh"	2	47	"Wheat"	"Midslope"	1.0	38	10	15	1	7	3.2	20.0	0.0	0.25	0.0625	1.0	0.0	1.0	1.0	1.0	1.0	1	0	0	0	130.0	34.0	16900.0	4420.0	0.0	130.0	0.0	21.9	47552	20.8	9.3	224	5.82	33.6	26.62	38.2	627.18835	2.3876572	6.441247			70.0		38.0	122.76	54.66	47.98		0.39	2000.0
"Southern_Nations,_Nationalities_and_Peoples"	"Hadiya"	"Anlemo"	"Samen_Daresh"	2	86	"Wheat"	"Midslope"	1.0	20	8	8	1	8	4.1	20.0	1.0	0.25	0.0625	1.0	0.0	0.0	1.0	0.0	1.0	1	1	0	1	130.0	34.0	16900.0	4420.0	0.0	130.0	0.0	21.9	47552	20.8	9.3	224	5.82	33.6	26.62	38.2	627.18835	2.3876572	6.441247			37.0		37.0	122.76	54.66	47.98		0.39	2000.0
"Southern_Nations,_Nationalities_and_Peoples"	"Hadiya"	"Anlemo"	"Samen_Daresh"	2	98	"Wheat"	"Footslope"	1.0	50	2	41	1	7	3.2	20.0	0.0	0.5	0.25	1.0	0.0	1.0	0.0	1.0	1.0	1	1	0	1	195.0	51.0	38025.0	9945.0	195.0	0.0	0.0	21.9	47552	20.8	9.3	224	5.82	33.6	26.62	38.2	627.18835	2.3876572	6.441247			17.0		24.95	122.76	54.66	47.98		0.39	18.0
"Southern_Nations,_Nationalities_and_Peoples"	"Hadiya"	"Anlemo"	"Samen_Daresh"	2	196	"Wheat"	"Midslope"	1.0	35	2	32	1	4	2.1	20.0	1.0	0.5	0.25	1.0	0.0	0.0	0.0	1.0	0.0	0	1	0	0	32.5	8.5	1056.25	276.25	0.0	32.5	0.0	21.9	47552	20.8	9.3	224	5.82	33.6	26.62	38.2	627.18835	2.3876572	6.441247			50.0		50.0	122.76	54.66	47.98		0.39	3.0
"Southern_Nations,_Nationalities_and_Peoples"	"Hadiya"	"Anlemo"	"Samen_Daresh"	2	47	"Teff"	"Midslope"	1.0	38	10	15	1	7	3.2	20.0	1.0	0.25	0.0625	1.0	0.0	1.0	1.0	0.0	1.0	0	1	0	0	111.0	17.0	12321.0	1887.0	0.0	111.0	0.0	21.9	47552	20.8	9.3	224	5.82	33.6	26.62	38.2	627.18835	2.3876572	6.441247			48.0		70.0	122.76	54.66	47.98	0.45		800.0
"Southern_Nations,_Nationalities_and_Peoples"	"Hadiya"	"Anlemo"	"Samen_Daresh"	2	92	"Wheat"	"Midslope"	1.0	42	12	25	1	9	4.6	20.0	0.0	0.75	0.5625	1.0	0.0	1.0	0.0	1.0	1.0	1	1	0	1	43.333332	11.333333	1877.7777	491.11108	0.0	43.333332	0.0	21.9	47552	20.8	9.3	224	5.82	33.6	26.62	38.2	627.18835	2.3876572	6.441247			38.0		38.0	122.76	54.66	47.98		0.39	2933.3333
"Southern_Nations,_Nationalities_and_Peoples"	"Hadiya"	"Anlemo"	"Samen_Daresh"	2	195	"Wheat"	"Footslope"	0.0	50	0	32	1	10	4.5	20.0	0.0	0.125	0.015625	1.0	0.0	0.0	0.0	1.0	0.0	1	0	0	0	168.0	68.0	28224.0	11424.0	168.0	0.0	0.0	21.9	47552	20.8	9.3	224	5.82	33.6	26.62	38.2	627.18835	2.3876572	6.441247			39.6		39.2	122.76	54.66	47.98		0.39	8.0
"Amhara"	"North_Shewa"	"Merhabete"	"Harogenda"	3	582	"Sorghum"	"Hillslope"	1.0	32	0	15	1	6	2.9	60.0	1.0	0.5	0.25	0.0	0.0	0.0	0.0	0.0	0.0	0	1	0	1	0.0	0.0	0.0	0.0	0.0	0.0	0.0	24.5	5325	11.7	11.2	177	6.91	40.2	24.19	32.9	712.6659	1.4862918	6.5690126						114.67	53.46	46.65			1600.0
"Amhara"	"North_Shewa"	"Merhabete"	"Harogenda"	3	559	"Teff"	"Midslope"	1.0	54	0	40	1	6	2.9	60.0	0.0	0.25	0.0625	1.0	0.0	0.0	0.0	0.0	0.0	1	1	0	1	94.4	68.0	8911.36	6419.2	0.0	94.4	0.0	24.5	5325	11.7	11.2	177	6.91	40.2	24.19	32.9	712.6659	1.4862918	6.5690126			32.77		40.3	114.67	53.46	46.65	0.47		1000.0
"Amhara"	"North_Shewa"	"Merhabete"	"Harogenda"	3	592	"Teff"	"Midslope"	1.0	42	0	28	1	7	3.0	60.0	0.0	1.0	1.0	1.0	1.0	0.0	1.0	0.0	0.0	1	0	0	1	9.5	8.5	90.25	80.75	0.0	9.5	0.0	24.5	5325	11.7	11.2	177	6.91	40.2	24.19	32.9	712.6659	1.4862918	6.5690126			33.0			114.67	53.46	46.65	0.47		1100.0
"Amhara"	"North_Shewa"	"Merhabete"	"Harogenda"	3	617	"Teff"	"Midslope"	1.0	35	4	15	1	2	1.5	60.0	0.0	0.75	0.5625	1.0	0.0	1.0	1.0	0.0	0.0	1	1	0	1	137.33333	68.0	18860.443	9338.666	0.0	137.33333	0.0	24.2	4765	11.9	12.0	172	6.91	39.7	24.92	33.2	793.62885	1.5778887	6.6766157			32.736668		40.34	114.67	53.46	46.65	0.47		13.333333
"Amhara"	"North_Shewa"	"Merhabete"	"Harogenda"	3	557	"Sorghum"	"Midslope"	1.0	52	6	38	1	9	4.4	60.0	0.0	0.5	0.25	1.0	0.0	1.0	0.0	0.0	0.0	1	1	0	1	55.5	8.5	3080.25	471.75	0.0	55.5	0.0	24.5	5325	11.7	11.2	177	6.91	40.2	24.19	32.9	712.6659	1.4862918	6.5690126			32.8		40.34	114.67	53.46	46.65			1000.0
"Amhara"	"North_Shewa"	"Merhabete"	"Harogenda"	3	558	"Teff"	"Footslope"	1.0	65	4	40	1	5	2.4	60.0	0.0	0.5	0.25	1.0	1.0	0.0	0.0	0.0	0.0	1	1	0	1	9.5	8.5	90.25	80.75	9.5	0.0	0.0	24.5	5325	11.7	11.2	177	6.91	40.2	24.19	32.9	712.6659	1.4862918	6.5690126			32.8			114.67	53.46	46.65	0.47		1000.0
"Amhara"	"North_Shewa"	"Merhabete"	"Harogenda"	3	558	"Teff"	"Footslope"	1.0	65	4	40	1	5	2.4	60.0	0.0	1.0	1.0	1.0	0.0	0.0	0.0	0.0	0.0	0	1	0	1	9.5	8.5	90.25	80.75	9.5	0.0	0.0	24.5	5325	11.7	11.2	177	6.91	40.2	24.19	32.9	712.6659	1.4862918	6.5690126			32.8			114.67	53.46	46.65	0.47		800.0
"Amhara"	"North_Shewa"	"Merhabete"	"Harogenda"	3	546	"Teff"	"Hillslope"	1.0	55	0	40	1	6	2.9	60.0	1.0	0.5	0.25	1.0	0.0	1.0	0.0	0.0	0.0	1	1	0	1	38.0	34.0	1444.0	1292.0	0.0	0.0	38.0	24.5	5325	11.7	11.2	177	6.91	40.2	24.19	32.9	712.6659	1.4862918	6.5690126			32.77			114.67	53.46	46.65	0.47		22.0
"Amhara"	"North_Shewa"	"Merhabete"	"Harogenda"	3	615	"Teff"	"Midslope"	1.0	31	5	10	1	3	1.8	60.0	0.0	1.25	1.5625	1.0	0.0	1.0	1.0	0.0	0.0	1	0	0	0	26.0	6.8	676.0	176.8	0.0	26.0	0.0	24.5	5325	11.7	11.2	177	6.91	40.2	24.19	32.9	712.6659	1.4862918	6.5690126			32.78		40.34	114.67	53.46	46.65	0.47		560.0
"Amhara"	"North_Shewa"	"Merhabete"	"Harogenda"	3	557	"Sorghum"	"Hillslope"	1.0	52	6	38	1	9	4.4	60.0	1.0	0.25	0.0625	1.0	0.0	1.0	0.0	0.0	0.0	1	1	0	1	222.0	34.0	49284.0	7548.0	0.0	0.0	222.0	24.5	5325	11.7	11.2	177	6.91	40.2	24.19	32.9	712.6659	1.4862918	6.5690126			32.76		40.34	114.67	53.46	46.65			1600.0
"Amhara"	"North_Shewa"	"Merhabete"	"Harogenda"	3	559	"Teff"	"Footslope"	1.0	54	0	40	1	6	2.9	60.0	0.0	0.5	0.25	1.0	0.0	0.0	0.0	0.0	0.0	1	1	0	1	47.2	34.0	2227.84	1604.8	47.2	0.0	0.0	24.5	5325	11.7	11.2	177	6.91	40.2	24.19	32.9	712.6659	1.4862918	6.5690126			32.77		40.3	114.67	53.46	46.65	0.47		1000.0
"Amhara"	"North_Shewa"	"Merhabete"	"Harogenda"	3	615	"Sorghum"	"Midslope"	1.0	31	5	10	1	3	1.8	60.0	0.0	1.25	1.5625	1.0	0.0	1.0	0.0	0.0	0.0	1	1	0	1	92.0	0.0	8464.0	0.0	0.0	92.0	0.0	24.5	5325	11.7	11.2	177	6.91	40.2	24.19	32.9	712.6659	1.4862918	6.5690126					32.72984	114.67	53.46	46.65			2400.0
"Amhara"	"North_Shewa"	"Merhabete"	"Harogenda"	3	557	"Teff"	"Hillslope"	1.0	52	6	38	1	9	4.4	60.0	1.0	0.5	0.25	1.0	1.0	1.0	0.0	0.0	0.0	1	1	0	0	141.0	85.0	19881.0	11985.0	0.0	0.0	141.0	24.5	5325	11.7	11.2	177	6.91	40.2	24.19	32.9	712.6659	1.4862918	6.5690126			32.768		40.34	114.67	53.46	46.65	0.47		800.0
"Amhara"	"North_Shewa"	"Merhabete"	"Harogenda"	3	548	"Teff"	"Midslope"	1.0	45	0	30	1	7	3.0	60.0	0.0	0.5	0.25	1.0	1.0	1.0	1.0	0.0	0.0	1	1	0	0	65.0	17.0	4225.0	1105.0	0.0	65.0	0.0	24.5	5325	11.7	11.2	177	6.91	40.2	24.19	32.9	712.6659	1.4862918	6.5690126			32.76		42.0	114.67	53.46	46.65	0.47		600.0
"Amhara"	"North_Shewa"	"Merhabete"	"Harogenda"	3	557	"Teff"	"Midslope"	1.0	52	6	38	1	9	4.4	60.0	1.0	0.75	0.5625	1.0	0.0	1.0	0.0	0.0	1.0	1	1	0	1	25.333334	22.666666	641.77783	574.2222	0.0	25.333334	0.0	24.5	5325	11.7	11.2	177	6.91	40.2	24.19	32.9	712.6659	1.4862918	6.5690126			32.77			114.67	53.46	46.65	0.47		1000.0
"Amhara"	"North_Shewa"	"Merhabete"	"Harogenda"	3	592	"Sorghum"	"Footslope"	1.0	42	0	28	1	7	3.0	60.0	0.0	0.75	0.5625	0.0	0.0	0.0	1.0	0.0	0.0	0	0	0	1	0.0	0.0	0.0	0.0	0.0	0.0	0.0	24.5	5325	11.7	11.2	177	6.91	40.2	24.19	32.9	712.6659	1.4862918	6.5690126						114.67	53.46	46.65			2266.6667
"Amhara"	"North_Shewa"	"Merhabete"	"Harogenda"	3	558	"Sorghum"	"Midslope"	1.0	65	4	40	1	5	2.4	60.0	1.0	0.75	0.5625	0.0	0.0	0.0	0.0	0.0	0.0	0	1	0	0	0.0	0.0	0.0	0.0	0.0	0.0	0.0	24.5	5325	11.7	11.2	177	6.91	40.2	24.19	32.9	712.6659	1.4862918	6.5690126						114.67	53.46	46.65			533.3333
"Amhara"	"North_Shewa"	"Merhabete"	"Harogenda"	3	546	"Sorghum"	"Hillslope"	1.0	55	0	40	1	6	2.9	60.0	1.0	0.5	0.25	1.0	0.0	0.0	0.0	0.0	0.0	0	1	0	1	46.0	0.0	2116.0	0.0	0.0	0.0	46.0	24.5	5325	11.7	11.2	177	6.91	40.2	24.19	32.9	712.6659	1.4862918	6.5690126					40.34	114.67	53.46	46.65			24.0
"Amhara"	"North_Shewa"	"Merhabete"	"Harogenda"	3	548	"Sorghum"	"Hillslope"	1.0	45	0	30	1	7	3.0	60.0	0.0	1.0	1.0	1.0	1.0	1.0	0.0	0.0	0.0	0	1	0	1	23.0	0.0	529.0	0.0	0.0	0.0	23.0	24.5	5325	11.7	11.2	177	6.91	40.2	24.19	32.9	712.6659	1.4862918	6.5690126					42.0	114.67	53.46	46.65			1000.0
"Amhara"	"North_Shewa"	"Merhabete"	"Harogenda"	3	558	"Teff"	"Midslope"	1.0	65	4	40	1	5	2.4	60.0	1.0	0.5	0.25	0.0	0.0	0.0	0.0	0.0	0.0	1	1	0	1	0.0	0.0	0.0	0.0	0.0	0.0	0.0	24.5	5325	11.7	11.2	177	6.91	40.2	24.19	32.9	712.6659	1.4862918	6.5690126						114.67	53.46	46.65	0.47		600.0
"Amhara"	"North_Shewa"	"Merhabete"	"Harogenda"	3	558	"Teff"	"Hillslope"	1.0	65	4	40	1	5	2.4	60.0	1.0	0.25	0.0625	1.0	0.0	0.0	0.0	0.0	0.0	1	1	0	1	38.0	34.0	1444.0	1292.0	0.0	0.0	38.0	24.5	5325	11.7	11.2	177	6.91	40.2	24.19	32.9	712.6659	1.4862918	6.5690126			32.8			114.67	53.46	46.65	0.47		600.0
"Amhara"	"North_Shewa"	"Merhabete"	"Harogenda"	3	582	"Teff"	"Hillslope"	1.0	32	0	15	1	6	2.9	60.0	1.0	0.125	0.015625	1.0	0.0	0.0	0.0	0.0	0.0	0	1	0	0	38.0	34.0	1444.0	1292.0	0.0	0.0	38.0	24.5	5325	11.7	11.2	177	6.91	40.2	24.19	32.9	712.6659	1.4862918	6.5690126			32.77			114.67	53.46	46.65	0.47		1600.0
"Amhara"	"North_Shewa"	"Merhabete"	"Harogenda"	3	592	"Teff"	"Footslope"	1.0	42	0	28	1	7	3.0	60.0	0.0	0.25	0.0625	1.0	0.0	0.0	1.0	0.0	0.0	1	1	0	1	57.0	51.0	3249.0	2907.0	57.0	0.0	0.0	24.5	5325	11.7	11.2	177	6.91	40.2	24.19	32.9	712.6659	1.4862918	6.5690126			32.8			114.67	53.46	46.65	0.47		1600.0
"Amhara"	"North_Shewa"	"Merhabete"	"Harogenda"	3	582	"Teff"	"Hillslope"	1.0	32	0	15	1	6	2.9	60.0	1.0	0.5	0.25	1.0	0.0	0.0	0.0	0.0	0.0	0	1	0	0	1.9	1.7	3.61	3.23	0.0	0.0	1.9	24.5	5325	11.7	11.2	177	6.91	40.2	24.19	32.9	712.6659	1.4862918	6.5690126			32.8			114.67	53.46	46.65	0.47		800.0
"Amhara"	"North_Shewa"	"Merhabete"	"Harogenda"	3	617	"Sorghum"	"Footslope"	1.0	35	4	15	1	2	1.5	60.0	0.0	0.5	0.25	1.0	0.0	1.0	0.0	0.0	0.0	1	1	0	1	84.0	34.0	7056.0	2856.0	84.0	0.0	0.0	24.2	4765	11.9	12.0	172	6.91	39.7	24.92	33.2	793.62885	1.5778887	6.6766157			32.7723		40.34	114.67	53.46	46.65			30.0
"Amhara"	"North_Shewa"	"Merhabete"	"Harogenda"	3	545	"Teff"	"Footslope"	1.0	63	6	50	1	4	2.5	60.0	1.0	0.25	0.0625	1.0	0.0	1.0	0.0	1.0	0.0	1	1	0	0	114.0	102.0	12996.0	11628.0	114.0	0.0	0.0	24.5	5325	11.7	11.2	177	6.91	40.2	24.19	32.9	712.6659	1.4862918	6.5690126			32.666668			114.67	53.46	46.65	0.47		1600.0
"Amhara"	"North_Shewa"	"Merhabete"	"Harogenda"	3	615	"Teff"	"Hillslope"	1.0	31	5	10	1	3	1.8	60.0	0.0	0.75	0.5625	1.0	0.0	1.0	1.0	0.0	0.0	1	1	0	0	56.0	22.666666	3136.0	1269.3333	0.0	0.0	56.0	24.5	5325	11.7	11.2	177	6.91	40.2	24.19	32.9	712.6659	1.4862918	6.5690126			32.7723		40.34	114.67	53.46	46.65	0.47		533.3333
"Amhara"	"North_Shewa"	"Merhabete"	"Harogenda"	3	615	"Teff"	"Midslope"	1.0	31	5	10	1	3	1.8	60.0	0.0	0.75	0.5625	1.0	0.0	1.0	1.0	0.0	0.0	1	1	0	0	56.0	22.666666	3136.0	1269.3333	0.0	56.0	0.0	24.5	5325	11.7	11.2	177	6.91	40.2	24.19	32.9	712.6659	1.4862918	6.5690126			32.7723		40.34	114.67	53.46	46.65	0.47		666.6667
"Amhara"	"North_Shewa"	"Merhabete"	"Harogenda"	3	559	"Teff"	"Footslope"	1.0	54	0	40	1	6	2.9	60.0	0.0	0.5	0.25	1.0	0.0	0.0	0.0	0.0	0.0	1	1	0	1	47.2	34.0	2227.84	1604.8	47.2	0.0	0.0	24.5	5325	11.7	11.2	177	6.91	40.2	24.19	32.9	712.6659	1.4862918	6.5690126			32.77		40.3	114.67	53.46	46.65	0.47		1000.0
"Amhara"	"North_Shewa"	"Merhabete"	"Harogenda"	3	548	"Teff"	"Hillslope"	1.0	45	0	30	1	7	3.0	60.0	0.0	0.5	0.25	1.0	0.0	0.0	1.0	0.0	0.0	1	1	0	0	74.5	25.5	5550.25	1899.75	0.0	0.0	74.5	24.5	5325	11.7	11.2	177	6.91	40.2	24.19	32.9	712.6659	1.4862918	6.5690126			32.76		42.0	114.67	53.46	46.65	0.47		600.0
"Amhara"	"North_Shewa"	"Merhabete"	"Harogenda"	3	592	"Sorghum"	"Midslope"	1.0	42	0	28	1	7	3.0	60.0	0.0	1.0	1.0	0.0	0.0	0.0	1.0	0.0	0.0	0	1	0	1	0.0	0.0	0.0	0.0	0.0	0.0	0.0	24.5	5325	11.7	11.2	177	6.91	40.2	24.19	32.9	712.6659	1.4862918	6.5690126						114.67	53.46	46.65			2800.0
"Amhara"	"North_Shewa"	"Merhabete"	"Harogenda"	3	545	"Teff"	"Midslope"	1.0	63	6	50	1	4	2.5	60.0	1.0	0.5	0.25	1.0	1.0	1.0	0.0	1.0	1.0	1	1	0	1	19.0	17.0	361.0	323.0	0.0	19.0	0.0	24.5	5325	11.7	11.2	177	6.91	40.2	24.19	32.9	712.6659	1.4862918	6.5690126			32.77			114.67	53.46	46.65	0.47		2000.0
"Amhara"	"North_Shewa"	"Merhabete"	"Harogenda"	3	582	"Teff"	"Midslope"	1.0	32	0	15	1	6	2.9	60.0	1.0	0.25	0.0625	1.0	0.0	0.0	0.0	0.0	0.0	0	1	0	0	19.0	17.0	361.0	323.0	0.0	19.0	0.0	24.5	5325	11.7	11.2	177	6.91	40.2	24.19	32.9	712.6659	1.4862918	6.5690126			32.77			114.67	53.46	46.65	0.47		600.0
"Amhara"	"North_Shewa"	"Merhabete"	"Harogenda"	3	546	"Teff"	"Hillslope"	1.0	55	0	40	1	6	2.9	60.0	1.0	0.25	0.0625	1.0	0.0	1.0	0.0	0.0	0.0	1	1	0	0	38.0	34.0	1444.0	1292.0	0.0	0.0	38.0	24.5	5325	11.7	11.2	177	6.91	40.2	24.19	32.9	712.6659	1.4862918	6.5690126			32.77			114.67	53.46	46.65	0.47		16.0
"Amhara"	"North_Shewa"	"Merhabete"	"Harogenda"	3	559	"Sorghum"	"Hillslope"	1.0	54	0	40	1	6	2.9	60.0	0.0	0.75	0.5625	0.0	0.0	0.0	0.0	0.0	0.0	0	1	0	0	0.0	0.0	0.0	0.0	0.0	0.0	0.0	24.5	5325	11.7	11.2	177	6.91	40.2	24.19	32.9	712.6659	1.4862918	6.5690126						114.67	53.46	46.65			5200.0
"Amhara"	"North_Gonder"	"West_Belesa"	"Menti"	4	788	"Sorghum"	"Footslope"	1.0	21	5	6	1	3	1.8	60.0	0.0	0.125	0.015625	1.0	0.0	0.0	0.0	0.0	1.0	0	0	0	1	10.64	9.52	113.20961	101.29281	10.64	0.0	0.0	15.5	1471	10.3	13.2	239	6.94	32.3	27.85	39.0	935.66223	1.0919951	6.8412547		45.714287				114.67	53.46	46.65			4000.0
"Amhara"	"North_Gonder"	"West_Belesa"	"Menti"	4	790	"Teff"	"Footslope"	1.0	45	0	30	1	9	4.4	60.0	0.0	0.25	0.0625	1.0	0.0	0.0	1.0	0.0	0.0	0	0	0	1	26.0	6.8	676.0	176.8	26.0	0.0	0.0	16.8	1727	11.0	11.9	228	6.77	36.5	26.99	34.1	935.66223	1.0919951	6.8412547		40.5			41.0	114.67	53.46	46.65	0.47		1200.0
"Amhara"	"North_Gonder"	"West_Belesa"	"Menti"	4	790	"Sorghum"	"Footslope"	1.0	45	0	30	1	9	4.4	60.0	1.0	0.25	0.0625	1.0	0.0	0.0	0.0	0.0	1.0	0	0	0	1	39.0	10.2	1521.0	397.8	39.0	0.0	0.0	16.8	1727	11.0	11.9	228	6.77	36.5	26.99	34.1	935.66223	1.0919951	6.8412547		40.666668			42.0	114.67	53.46	46.65			2000.0
"Amhara"	"North_Gonder"	"West_Belesa"	"Menti"	4	789	"Teff"	"Footslope"	1.0	44	0	20	1	7	3.4	60.0	0.0	0.5	0.25	1.0	0.0	0.0	0.0	0.0	0.0	0	0	1	1	26.0	6.8	676.0	176.8	26.0	0.0	0.0	16.6	1940	11.3	11.6	229	6.8	36.0	26.74	35.3	935.66223	1.0919951	6.8412547		40.5			41.0	114.67	53.46	46.65	0.47		600.0
"Amhara"	"North_Gonder"	"West_Belesa"	"Menti"	4	773	"Sorghum"	"Footslope"	1.0	55	0	41	1	7	3.4	60.0	1.0	0.5	0.25	0.0	0.0	1.0	0.0	0.0	1.0	0	0	0	1	0.0	0.0	0.0	0.0	0.0	0.0	0.0	16.6	1940	11.3	11.6	229	6.8	36.0	26.74	35.3	935.66223	1.0919951	6.8412547						114.67	53.46	46.65			1200.0
"Amhara"	"North_Gonder"	"West_Belesa"	"Menti"	4	789	"Teff"	"Footslope"	1.0	44	0	20	1	7	3.4	60.0	0.0	0.375	0.140625	1.0	0.0	1.0	0.0	0.0	0.0	0	0	0	1	26.0	6.7999997	676.0	176.79999	26.0	0.0	0.0	16.6	1940	11.3	11.6	229	6.8	36.0	26.74	35.3	935.66223	1.0919951	6.8412547		41.333332			41.333332	114.67	53.46	46.65	0.47		1066.6666
"Amhara"	"North_Gonder"	"West_Belesa"	"Menti"	4	771	"Sorghum"	"Footslope"	1.0	42	3	28	1	8	3.7	60.0	1.0	0.5	0.25	0.0	0.0	0.0	0.0	0.0	1.0	0	0	0	1	0.0	0.0	0.0	0.0	0.0	0.0	0.0	17.0	1630	10.9	12.1	234	6.83	33.8	27.38	37.0	935.66223	1.0919951	6.8412547						114.67	53.46	46.65			4000.0
"Amhara"	"North_Gonder"	"West_Belesa"	"Menti"	4	764	"Teff"	"Footslope"	1.0	52	5	30	1	9	4.4	60.0	0.0	0.5	0.25	1.0	0.0	0.0	0.0	0.0	1.0	0	1	1	1	8.4	3.4	70.55999	28.56	8.4	0.0	0.0	17.0	1630	10.9	12.1	234	6.83	33.8	27.38	37.0	935.66223	1.0919951	6.8412547		50.0			50.0	114.67	53.46	46.65	0.47		600.0
"Amhara"	"North_Gonder"	"West_Belesa"	"Menti"	4	763	"Wheat"	"Hillslope"	1.0	20	11	40	1	9	4.0	60.0	1.0	0.5	0.25	1.0	0.0	0.0	0.0	0.0	0.0	0	1	0	1	17.66	5.1	311.87558	90.065994	0.0	0.0	17.66	15.5	1471	10.3	13.2	239	6.94	32.3	27.85	39.0	935.66223	1.0919951	6.8412547		50.0			50.0	114.67	53.46	46.65		0.41	1200.0
"Amhara"	"North_Gonder"	"West_Belesa"	"Menti"	4	772	"Sorghum"	"Footslope"	1.0	65	0	51	0	4	2.3	60.0	1.0	0.5	0.25	1.0	0.0	0.0	0.0	0.0	1.0	0	0	0	1	23.0	0.0	529.0	0.0	23.0	0.0	0.0	17.0	1630	10.9	12.1	234	6.83	33.8	27.38	37.0	935.66223	1.0919951	6.8412547					24.95	114.67	53.46	46.65			1000.0
"Amhara"	"North_Gonder"	"West_Belesa"	"Menti"	4	765	"Teff"	"Footslope"	1.0	38	0	20	1	6	2.7	60.0	0.0	0.375	0.140625	1.0	0.0	0.0	0.0	0.0	0.0	0	1	1	1	22.026667	5.44	485.17404	119.825066	22.026667	0.0	0.0	17.0	1630	10.9	12.1	234	6.83	33.8	27.38	37.0	935.66223	1.0919951	6.8412547		50.0			50.0	114.67	53.46	46.65	0.47		1066.6666
"Amhara"	"North_Gonder"	"West_Belesa"	"Menti"	4	772	"Teff"	"Footslope"	1.0	65	0	51	0	4	2.3	60.0	1.0	0.5	0.25	1.0	0.0	0.0	1.0	0.0	1.0	0	0	1	1	32.5	8.5	1056.25	276.25	32.5	0.0	0.0	17.0	1630	10.9	12.1	234	6.83	33.8	27.38	37.0	935.66223	1.0919951	6.8412547		16.0			24.95	114.67	53.46	46.65	0.47		600.0
"Amhara"	"North_Gonder"	"West_Belesa"	"Menti"	4	764	"Teff"	"Midslope"	1.0	52	5	30	1	9	4.4	60.0	1.0	0.25	0.0625	1.0	0.0	0.0	0.0	0.0	1.0	0	1	0	1	42.8	13.6	1831.84	582.08	0.0	42.8	0.0	17.0	1630	10.9	12.1	234	6.83	33.8	27.38	37.0	935.66223	1.0919951	6.8412547		50.0			50.0	114.67	53.46	46.65	0.47		400.0
"Amhara"	"North_Gonder"	"West_Belesa"	"Menti"	4	788	"Sorghum"	"Footslope"	1.0	21	5	6	1	3	1.8	60.0	0.0	0.5	0.25	1.0	1.0	0.0	0.0	0.0	1.0	0	0	0	0	0.76	0.68	0.5776	0.5168	0.76	0.0	0.0	15.5	1471	10.3	13.2	239	6.94	32.3	27.85	39.0	935.66223	1.0919951	6.8412547		41.0				114.67	53.46	46.65			2600.0
"Amhara"	"North_Gonder"	"West_Belesa"	"Menti"	4	763	"Sorghum"	"Footslope"	1.0	20	11	40	1	9	4.0	60.0	0.0	0.5	0.25	1.0	0.0	0.0	0.0	0.0	1.0	0	1	0	1	16.68	3.4	278.2224	56.712	16.68	0.0	0.0	15.5	1471	10.3	13.2	239	6.94	32.3	27.85	39.0	935.66223	1.0919951	6.8412547		50.0			50.0	114.67	53.46	46.65			1100.0
"Amhara"	"North_Gonder"	"West_Belesa"	"Menti"	4	763	"Teff"	"Footslope"	1.0	20	11	40	1	9	4.0	60.0	1.0	0.25	0.0625	1.0	0.0	1.0	0.0	0.0	1.0	0	1	1	1	33.68	5.44	1134.3424	183.21921	33.68	0.0	0.0	15.5	1471	10.3	13.2	239	6.94	32.3	27.85	39.0	935.66223	1.0919951	6.8412547		62.5			50.0	114.67	53.46	46.65	0.47		1000.0
"Amhara"	"North_Gonder"	"West_Belesa"	"Menti"	4	771	"Teff"	"Footslope"	1.0	42	3	28	1	8	3.7	60.0	1.0	0.5	0.25	0.0	0.0	0.0	0.0	0.0	1.0	0	0	1	1	0.0	0.0	0.0	0.0	0.0	0.0	0.0	17.0	1630	10.9	12.1	234	6.83	33.8	27.38	37.0	935.66223	1.0919951	6.8412547						114.67	53.46	46.65	0.47		1000.0
"Amhara"	"North_Gonder"	"West_Belesa"	"Menti"	4	773	"Teff"	"Footslope"	1.0	55	0	41	1	7	3.4	60.0	1.0	0.5	0.25	1.0	0.0	0.0	1.0	0.0	1.0	0	0	1	1	32.5	8.5	1056.25	276.25	32.5	0.0	0.0	16.6	1940	11.3	11.6	229	6.8	36.0	26.74	35.3	935.66223	1.0919951	6.8412547		16.0			24.95	114.67	53.46	46.65	0.47		1200.0
"Amhara"	"North_Gonder"	"West_Belesa"	"Menti"	4	788	"Teff"	"Footslope"	1.0	21	5	6	1	3	1.8	60.0	0.0	0.25	0.0625	1.0	0.0	1.0	0.0	0.0	1.0	0	0	0	0	16.68	3.4	278.2224	56.712	16.68	0.0	0.0	15.5	1471	10.3	13.2	239	6.94	32.3	27.85	39.0	935.66223	1.0919951	6.8412547		43.0			45.714287	114.67	53.46	46.65	0.47		800.0
"Amhara"	"North_Gonder"	"West_Belesa"	"Menti"	4	763	"Teff"	"Footslope"	1.0	20	11	40	1	9	4.0	60.0	1.0	0.25	0.0625	1.0	0.0	0.0	1.0	0.0	0.0	0	1	1	1	22.199999	3.4	492.83994	75.479996	22.199999	0.0	0.0	15.5	1471	10.3	13.2	239	6.94	32.3	27.85	39.0	935.66223	1.0919951	6.8412547		50.0			50.0	114.67	53.46	46.65	0.47		1000.0
"Amhara"	"North_Gonder"	"West_Belesa"	"Menti"	4	771	"Sorghum"	"Footslope"	1.0	42	3	28	1	8	3.7	60.0	0.0	0.75	0.5625	0.0	0.0	0.0	0.0	0.0	1.0	0	0	0	1	0.0	0.0	0.0	0.0	0.0	0.0	0.0	17.0	1630	10.9	12.1	234	6.83	33.8	27.38	37.0	935.66223	1.0919951	6.8412547						114.67	53.46	46.65			2666.6667
"Amhara"	"North_Gonder"	"West_Belesa"	"Menti"	4	764	"Sorghum"	"Midslope"	1.0	52	5	30	1	9	4.4	60.0	1.0	0.75	0.5625	0.0	0.0	0.0	0.0	0.0	1.0	0	1	0	1	0.0	0.0	0.0	0.0	0.0	0.0	0.0	17.0	1630	10.9	12.1	234	6.83	33.8	27.38	37.0	935.66223	1.0919951	6.8412547						114.67	53.46	46.65			16.0
"Amhara"	"North_Gonder"	"West_Belesa"	"Menti"	4	763	"Sorghum"	"Footslope"	1.0	20	11	40	1	9	4.0	60.0	1.0	0.5	0.25	1.0	0.0	0.0	0.0	0.0	1.0	0	1	0	1	14.08	2.72	198.2464	38.2976	14.08	0.0	0.0	15.5	1471	10.3	13.2	239	6.94	32.3	27.85	39.0	935.66223	1.0919951	6.8412547		50.0			50.0	114.67	53.46	46.65			1100.0
"Amhara"	"North_Gonder"	"West_Belesa"	"Menti"	4	790	"Sorghum"	"Footslope"	1.0	45	0	30	1	9	4.4	60.0	1.0	0.25	0.0625	1.0	0.0	0.0	0.0	0.0	1.0	0	1	0	1	20.8	5.44	432.63995	113.152	20.8	0.0	0.0	16.8	1727	11.0	11.9	228	6.77	36.5	26.99	34.1	935.66223	1.0919951	6.8412547		46.875			47.5	114.67	53.46	46.65			3200.0
"Amhara"	"North_Gonder"	"West_Belesa"	"Menti"	4	789	"Sorghum"	"Footslope"	1.0	44	0	20	1	7	3.4	60.0	1.0	0.25	0.0625	1.0	0.0	0.0	0.0	0.0	1.0	0	0	0	1	18.4	0.0	338.56	0.0	18.4	0.0	0.0	16.6	1940	11.3	11.6	229	6.8	36.0	26.74	35.3	935.66223	1.0919951	6.8412547					41.0	114.67	53.46	46.65			2000.0
"Amhara"	"North_Gonder"	"West_Belesa"	"Menti"	4	763	"Teff"	"Hillslope"	1.0	20	11	40	1	9	4.0	60.0	1.0	0.5	0.25	1.0	0.0	1.0	0.0	0.0	0.0	0	1	1	1	8.34	1.7	69.5556	14.178	0.0	0.0	8.34	15.5	1471	10.3	13.2	239	6.94	32.3	27.85	39.0	935.66223	1.0919951	6.8412547		50.0			50.0	114.67	53.46	46.65	0.47		800.0
"Amhara"	"North_Gonder"	"West_Belesa"	"Menti"	4	790	"Teff"	"Footslope"	1.0	45	0	30	1	9	4.4	60.0	1.0	0.25	0.0625	1.0	0.0	0.0	1.0	0.0	0.0	0	0	0	1	29.8	10.2	888.04	303.96	29.8	0.0	0.0	16.8	1727	11.0	11.9	228	6.77	36.5	26.99	34.1	935.66223	1.0919951	6.8412547		42.0			41.0	114.67	53.46	46.65	0.47		1000.0
"Amhara"	"North_Gonder"	"West_Belesa"	"Menti"	4	770	"Teff"	"Footslope"	1.0	25	0	11	1	3	1.8	60.0	1.0	0.25	0.0625	1.0	0.0	0.0	0.0	0.0	1.0	0	0	1	1	26.0	6.8	676.0	176.8	26.0	0.0	0.0	15.5	1471	10.3	13.2	239	6.94	32.3	27.85	39.0	935.66223	1.0919951	6.8412547		32.0			32.0	114.67	53.46	46.65	0.47		1200.0
"Amhara"	"North_Gonder"	"West_Belesa"	"Menti"	4	788	"Teff"	"Midslope"	1.0	21	5	6	1	3	1.8	60.0	0.0	0.5	0.25	1.0	0.0	1.0	0.0	0.0	1.0	0	0	0	0	6.5	1.7	42.25	11.05	0.0	6.5	0.0	15.5	1471	10.3	13.2	239	6.94	32.3	27.85	39.0	935.66223	1.0919951	6.8412547		43.0			43.0	114.67	53.46	46.65	0.47		1000.0
"Amhara"	"North_Gonder"	"West_Belesa"	"Menti"	4	789	"Sorghum"	"Footslope"	1.0	44	0	20	1	7	3.4	60.0	1.0	0.5	0.25	0.0	0.0	0.0	0.0	0.0	1.0	0	0	0	1	0.0	0.0	0.0	0.0	0.0	0.0	0.0	16.6	1940	11.3	11.6	229	6.8	36.0	26.74	35.3	935.66223	1.0919951	6.8412547						114.67	53.46	46.65			1800.0
"Amhara"	"North_Gonder"	"West_Belesa"	"Menti"	4	770	"Sorghum"	"Footslope"	1.0	25	0	11	1	3	1.8	60.0	1.0	0.25	0.0625	1.0	0.0	0.0	0.0	0.0	1.0	0	0	0	1	26.0	6.8	676.0	176.8	26.0	0.0	0.0	15.5	1471	10.3	13.2	239	6.94	32.3	27.85	39.0	935.66223	1.0919951	6.8412547		32.0			32.0	114.67	53.46	46.65			2000.0
"Amhara"	"North_Gonder"	"West_Belesa"	"Menti"	4	765	"Sorghum"	"Footslope"	1.0	38	0	20	1	6	2.7	60.0	0.0	0.25	0.0625	1.0	0.0	0.0	0.0	0.0	1.0	0	1	0	1	33.04	8.16	1091.6416	269.6064	33.04	0.0	0.0	17.0	1630	10.9	12.1	234	6.83	33.8	27.38	37.0	935.66223	1.0919951	6.8412547		50.0			50.0	114.67	53.46	46.65			4400.0
"Amhara"	"North_Gonder"	"West_Belesa"	"Menti"	4	788	"Sorghum"	"Midslope"	1.0	21	5	6	1	3	1.8	60.0	1.0	0.375	0.140625	0.0	0.0	0.0	0.0	0.0	1.0	0	0	0	0	0.0	0.0	0.0	0.0	0.0	0.0	0.0	15.5	1471	10.3	13.2	239	6.94	32.3	27.85	39.0	935.66223	1.0919951	6.8412547						114.67	53.46	46.65			2266.6667
"Amhara"	"North_Gonder"	"West_Belesa"	"Menti"	4	771	"Teff"	"Footslope"	1.0	42	3	28	1	8	3.7	60.0	0.0	0.25	0.0625	1.0	0.0	0.0	0.0	0.0	1.0	0	0	0	1	52.0	13.6	2704.0	707.2	52.0	0.0	0.0	17.0	1630	10.9	12.1	234	6.83	33.8	27.38	37.0	935.66223	1.0919951	6.8412547		20.0			24.95	114.67	53.46	46.65	0.47		2000.0
"Amhara"	"North_Shewa"	"Merhabete"	"Afezez"	5	569	"Sorghum"	"Footslope"	1.0	47	0	25	0	7	3.4	30.0	1.0	1.0	1.0	1.0	0.0	0.0	0.0	0.0	0.0	1	1	0	0	92.0	0.0	8464.0	0.0	92.0	0.0	0.0	26.1	4885	11.9	10.6	179	6.82	39.6	25.35	34.2	760.2566	1.4471279	6.633656					40.0	114.67	53.46	46.65			3000.0
"Amhara"	"North_Shewa"	"Merhabete"	"Afezez"	5	631	"Teff"	"Midslope"	1.0	64	8	38	1	2	1.5	30.0	1.0	0.5	0.25	1.0	0.0	0.0	1.0	0.0	0.0	1	1	0	0	50.0	30.0	2500.0	1500.0	0.0	50.0	0.0	27.9	5505	12.8	10.7	166	6.64	37.8	25.32	35.9	760.2566	1.4471279	6.633656	36.0				38.0	114.67	53.46	46.65	0.47		800.0
"Amhara"	"North_Shewa"	"Merhabete"	"Afezez"	5	593	"Teff"	"Midslope"	1.0	65	5	51	1	5	2.4	30.0	1.0	0.5	0.25	1.0	0.0	0.0	1.0	0.0	0.0	1	1	0	0	88.0	17.0	7744.0	1496.0	0.0	88.0	0.0	27.9	5505	12.8	10.7	166	6.64	37.8	25.32	35.9	760.2566	1.4471279	6.633656			70.0		50.0	114.67	53.46	46.65	0.47		2000.0
"Amhara"	"North_Shewa"	"Merhabete"	"Afezez"	5	631	"Teff"	"Footslope"	1.0	64	8	38	1	2	1.5	30.0	1.0	0.25	0.0625	1.0	0.0	1.0	1.0	0.0	0.0	1	1	0	0	164.0	80.0	26896.0	13120.0	164.0	0.0	0.0	27.9	5505	12.8	10.7	166	6.64	37.8	25.32	35.9	760.2566	1.4471279	6.633656	37.0				39.2	114.67	53.46	46.65	0.47		800.0
"Amhara"	"North_Shewa"	"Merhabete"	"Afezez"	5	631	"Sorghum"	"Footslope"	1.0	64	8	38	1	2	1.5	30.0	1.0	0.25	0.0625	1.0	0.0	0.0	0.0	0.0	0.0	1	1	0	0	184.0	0.0	33856.0	0.0	184.0	0.0	0.0	27.9	5505	12.8	10.7	166	6.64	37.8	25.32	35.9	760.2566	1.4471279	6.633656					37.0	114.67	53.46	46.65			3200.0
"Amhara"	"North_Shewa"	"Merhabete"	"Afezez"	5	561	"Sorghum"	"Footslope"	1.0	41	0	27	0	3	2.0	30.0	1.0	0.25	0.0625	1.0	0.0	1.0	0.0	0.0	0.0	0	1	0	0	38.0	34.0	1444.0	1292.0	38.0	0.0	0.0	27.9	5505	12.8	10.7	166	6.64	37.8	25.32	35.9	760.2566	1.4471279	6.633656			39.6			114.67	53.46	46.65			800.0
"Amhara"	"North_Shewa"	"Merhabete"	"Afezez"	5	549	"Teff"	"Midslope"	1.0	60	0	40	1	5	2.6	30.0	1.0	1.0	1.0	1.0	0.0	0.0	0.0	0.0	0.0	1	1	0	1	78.5	8.5	6162.25	667.25	0.0	78.5	0.0	27.9	5505	12.8	10.7	166	6.64	37.8	25.32	35.9	760.2566	1.4471279	6.633656			38.0		39.4	114.67	53.46	46.65	0.47		1200.0
"Amhara"	"North_Shewa"	"Merhabete"	"Afezez"	5	569	"Teff"	"Hillslope"	1.0	47	0	25	0	7	3.4	30.0	0.0	0.5	0.25	1.0	0.0	0.0	0.0	0.0	0.0	1	1	0	0	32.5	8.5	1056.25	276.25	0.0	0.0	32.5	26.1	4885	11.9	10.6	179	6.82	39.6	25.35	34.2	760.2566	1.4471279	6.633656			40.0		40.0	114.67	53.46	46.65	0.47		1800.0
"Amhara"	"North_Shewa"	"Merhabete"	"Afezez"	5	631	"Teff"	"Midslope"	1.0	64	8	38	1	2	1.5	30.0	1.0	0.5	0.25	1.0	0.0	1.0	1.0	0.0	0.0	1	1	0	0	82.0	40.0	6724.0	3280.0	0.0	82.0	0.0	27.9	5505	12.8	10.7	166	6.64	37.8	25.32	35.9	760.2566	1.4471279	6.633656	37.0				39.3	114.67	53.46	46.65	0.47		800.0
"Amhara"	"North_Shewa"	"Merhabete"	"Afezez"	5	631	"Sorghum"	"Footslope"	1.0	64	8	38	1	2	1.5	30.0	1.0	0.25	0.0625	1.0	0.0	0.0	0.0	0.0	0.0	1	1	0	0	46.0	0.0	2116.0	0.0	46.0	0.0	0.0	27.9	5505	12.8	10.7	166	6.64	37.8	25.32	35.9	760.2566	1.4471279	6.633656					38.4	114.67	53.46	46.65			2400.0
"Amhara"	"North_Shewa"	"Merhabete"	"Afezez"	5	561	"Sorghum"	"Hillslope"	1.0	41	0	27	0	3	2.0	30.0	1.0	1.0	1.0	1.0	0.0	1.0	0.0	0.0	0.0	0	1	0	0	1.33	1.19	1.7689002	1.5827001	0.0	0.0	1.33	27.9	5505	12.8	10.7	166	6.64	37.8	25.32	35.9	760.2566	1.4471279	6.633656			35.714287			114.67	53.46	46.65			1400.0
"Amhara"	"North_Shewa"	"Merhabete"	"Afezez"	5	561	"Teff"	"Footslope"	1.0	41	0	27	0	3	2.0	30.0	1.0	0.25	0.0625	1.0	0.0	1.0	1.0	0.0	0.0	0	1	0	0	65.0	17.0	4225.0	1105.0	65.0	0.0	0.0	27.9	5505	12.8	10.7	166	6.64	37.8	25.32	35.9	760.2566	1.4471279	6.633656			23.0		39.6	114.67	53.46	46.65	0.47		800.0
"Amhara"	"North_Shewa"	"Merhabete"	"Afezez"	5	626	"Sorghum"	"Footslope"	1.0	48	0	33	0	5	3.0	30.0	0.0	0.5	0.25	1.0	0.0	0.0	0.0	0.0	0.0	1	1	0	0	92.0	0.0	8464.0	0.0	92.0	0.0	0.0	25.6	3995	11.6	11.0	176	6.86	37.4	25.09	37.4	760.2566	1.4471279	6.633656					46.0	114.67	53.46	46.65			2000.0
"Amhara"	"North_Shewa"	"Merhabete"	"Afezez"	5	626	"Sorghum"	"Hillslope"	1.0	48	0	33	0	5	3.0	30.0	0.0	0.25	0.0625	1.0	0.0	0.0	0.0	0.0	0.0	1	1	0	0	184.0	0.0	33856.0	0.0	0.0	0.0	184.0	25.6	3995	11.6	11.0	176	6.86	37.4	25.09	37.4	760.2566	1.4471279	6.633656					46.0	114.67	53.46	46.65			4000.0
"Amhara"	"North_Shewa"	"Merhabete"	"Afezez"	5	626	"Teff"	"Footslope"	1.0	48	0	33	0	5	3.0	30.0	0.0	0.25	0.0625	1.0	0.0	0.0	1.0	0.0	0.0	1	1	0	0	38.0	34.0	1444.0	1292.0	38.0	0.0	0.0	25.6	3995	11.6	11.0	176	6.86	37.4	25.09	37.4	760.2566	1.4471279	6.633656			48.0			114.67	53.46	46.65	0.47		1600.0
"Amhara"	"North_Shewa"	"Merhabete"	"Afezez"	5	568	"Teff"	"Hillslope"	0.0	70	0	45	0	6	2.9	30.0	1.0	0.25	0.0625	1.0	0.0	0.0	1.0	0.0	0.0	0	1	0	0	130.0	34.0	16900.0	4420.0	0.0	0.0	130.0	26.1	4885	11.9	10.6	179	6.82	39.6	25.35	34.2	760.2566	1.4471279	6.633656			36.0		36.0	114.67	53.46	46.65	0.47		16.0
"Amhara"	"North_Shewa"	"Merhabete"	"Afezez"	5	593	"Sorghum"	"Footslope"	1.0	65	5	51	1	5	2.4	30.0	1.0	0.5	0.25	1.0	0.0	0.0	0.0	0.0	0.0	1	1	0	0	92.0	0.0	8464.0	0.0	92.0	0.0	0.0	27.9	5505	12.8	10.7	166	6.64	37.8	25.32	35.9	760.2566	1.4471279	6.633656					45.5	114.67	53.46	46.65			3000.0
"Amhara"	"North_Shewa"	"Merhabete"	"Afezez"	5	593	"Teff"	"Footslope"	1.0	65	5	51	1	5	2.4	30.0	1.0	0.25	0.0625	1.0	0.0	0.0	0.0	0.0	0.0	1	1	0	0	92.0	0.0	8464.0	0.0	92.0	0.0	0.0	27.9	5505	12.8	10.7	166	6.64	37.8	25.32	35.9	760.2566	1.4471279	6.633656					70.0	114.67	53.46	46.65	0.47		2000.0
"Amhara"	"North_Shewa"	"Merhabete"	"Afezez"	5	549	"Sorghum"	"Midslope"	1.0	60	0	40	1	5	2.6	30.0	1.0	0.25	0.0625	1.0	0.0	0.0	0.0	0.0	0.0	1	1	0	1	92.0	0.0	8464.0	0.0	0.0	92.0	0.0	27.9	5505	12.8	10.7	166	6.64	37.8	25.32	35.9	760.2566	1.4471279	6.633656					39.4	114.67	53.46	46.65			2000.0
"Amhara"	"North_Shewa"	"Merhabete"	"Afezez"	5	630	"Teff"	"Hillslope"	1.0	50	5	35	1	1	1.0	30.0	1.0	0.5	0.25	1.0	0.0	0.0	1.0	0.0	0.0	1	1	0	0	64.0	20.0	4096.0	1280.0	0.0	0.0	64.0	26.1	4885	11.9	10.6	179	6.82	39.6	25.35	34.2	760.2566	1.4471279	6.633656	37.2				42.0	114.67	53.46	46.65	0.47		800.0
"Amhara"	"North_Shewa"	"Merhabete"	"Afezez"	5	626	"Sorghum"	"Footslope"	1.0	48	0	33	0	5	3.0	30.0	0.0	0.25	0.0625	1.0	0.0	0.0	0.0	0.0	0.0	1	1	0	0	92.0	0.0	8464.0	0.0	92.0	0.0	0.0	25.6	3995	11.6	11.0	176	6.86	37.4	25.09	37.4	760.2566	1.4471279	6.633656					40.0	114.67	53.46	46.65			5200.0
"Amhara"	"North_Shewa"	"Merhabete"	"Afezez"	5	550	"Sorghum"	"Footslope"	1.0	36	0	17	1	2	1.5	30.0	1.0	0.25	0.0625	1.0	0.0	0.0	0.0	0.0	0.0	1	1	0	1	92.0	0.0	8464.0	0.0	92.0	0.0	0.0	27.9	5505	12.8	10.7	166	6.64	37.8	25.32	35.9	760.2566	1.4471279	6.633656					32.0	114.67	53.46	46.65			2400.0
"Amhara"	"North_Shewa"	"Merhabete"	"Afezez"	5	550	"Teff"	"Footslope"	1.0	36	0	17	1	2	1.5	30.0	1.0	0.5	0.25	1.0	0.0	0.0	0.0	0.0	0.0	1	1	0	1	65.0	17.0	4225.0	1105.0	65.0	0.0	0.0	27.9	5505	12.8	10.7	166	6.64	37.8	25.32	35.9	760.2566	1.4471279	6.633656			29.0		32.0	114.67	53.46	46.65	0.47		1200.0
"Amhara"	"North_Shewa"	"Merhabete"	"Afezez"	5	569	"Teff"	"Midslope"	1.0	47	0	25	0	7	3.4	30.0	1.0	0.25	0.0625	1.0	0.0	0.0	0.0	0.0	0.0	1	1	0	0	46.0	0.0	2116.0	0.0	0.0	46.0	0.0	26.1	4885	11.9	10.6	179	6.82	39.6	25.35	34.2	760.2566	1.4471279	6.633656					40.0	114.67	53.46	46.65	0.47		2400.0
"Amhara"	"North_Shewa"	"Merhabete"	"Afezez"	5	593	"Sorghum"	"Footslope"	1.0	65	5	51	1	5	2.4	30.0	1.0	0.5	0.25	1.0	0.0	0.0	0.0	0.0	0.0	1	1	0	1	46.0	0.0	2116.0	0.0	46.0	0.0	0.0	27.9	5505	12.8	10.7	166	6.64	37.8	25.32	35.9	760.2566	1.4471279	6.633656					46.0	114.67	53.46	46.65			4000.0
"Amhara"	"North_Shewa"	"Merhabete"	"Afezez"	5	561	"Teff"	"Footslope"	1.0	41	0	27	0	3	2.0	30.0	1.0	0.37	0.1369	1.0	0.0	1.0	1.0	0.0	0.0	0	1	0	0	50.08108	17.0	2508.1147	851.37836	50.08108	0.0	0.0	27.9	5505	12.8	10.7	166	6.64	37.8	25.32	35.9	760.2566	1.4471279	6.633656			80.27027		46.0	114.67	53.46	46.65	0.47		675.67566
"Amhara"	"North_Shewa"	"Merhabete"	"Afezez"	5	630	"Teff"	"Footslope"	1.0	50	5	35	1	1	1.0	30.0	1.0	0.5	0.25	1.0	0.0	0.0	1.0	0.0	0.0	1	1	0	0	64.0	20.0	4096.0	1280.0	64.0	0.0	0.0	26.1	4885	11.9	10.6	179	6.82	39.6	25.35	34.2	760.2566	1.4471279	6.633656	37.2				37.2	114.67	53.46	46.65	0.47		1600.0
"Amhara"	"North_Shewa"	"Merhabete"	"Afezez"	5	625	"Teff"	"Midslope"	1.0	51	6	36	1	6	3.1	30.0	1.0	1.0	1.0	1.0	0.0	1.0	0.0	0.0	0.0	1	1	0	0	42.0	17.0	1764.0	714.0	0.0	42.0	0.0	26.1	4885	11.9	10.6	179	6.82	39.6	25.35	34.2	760.2566	1.4471279	6.633656			39.6		42.0	114.67	53.46	46.65	0.47		700.0
"Amhara"	"North_Shewa"	"Merhabete"	"Afezez"	5	631	"Sorghum"	"Midslope"	1.0	64	8	38	1	2	1.5	30.0	1.0	0.25	0.0625	1.0	0.0	0.0	0.0	0.0	0.0	1	1	0	0	184.0	0.0	33856.0	0.0	0.0	184.0	0.0	27.9	5505	12.8	10.7	166	6.64	37.8	25.32	35.9	760.2566	1.4471279	6.633656					37.0	114.67	53.46	46.65			2400.0
"Amhara"	"North_Shewa"	"Merhabete"	"Afezez"	5	568	"Sorghum"	"Footslope"	0.0	70	0	45	0	6	2.9	30.0	1.0	0.75	0.5625	1.0	0.0	0.0	0.0	0.0	0.0	0	1	0	0	61.333332	0.0	3761.7776	0.0	61.333332	0.0	0.0	26.1	4885	11.9	10.6	179	6.82	39.6	25.35	34.2	760.2566	1.4471279	6.633656					36.0	114.67	53.46	46.65			666.6667
"Amhara"	"North_Shewa"	"Merhabete"	"Afezez"	5	568	"Teff"	"Midslope"	0.0	70	0	45	0	6	2.9	30.0	1.0	0.75	0.5625	1.0	0.0	0.0	1.0	1.0	0.0	0	1	0	0	30.666666	0.0	940.4444	0.0	0.0	30.666666	0.0	26.1	4885	11.9	10.6	179	6.82	39.6	25.35	34.2	760.2566	1.4471279	6.633656					36.0	114.67	53.46	46.65	0.47		1333.3334
"Amhara"	"North_Shewa"	"Merhabete"	"Afezez"	5	625	"Sorghum"	"Midslope"	1.0	51	6	36	1	6	3.1	30.0	1.0	0.5	0.25	1.0	0.0	0.0	0.0	0.0	0.0	1	1	0	0	92.0	0.0	8464.0	0.0	0.0	92.0	0.0	26.1	4885	11.9	10.6	179	6.82	39.6	25.35	34.2	760.2566	1.4471279	6.633656					42.0	114.67	53.46	46.65			2000.0
"Oromia"	"Jimma"	"SeKoru"	"Gengeleta"	6	240	"Teff"	"Midslope"	1.0	25	4	8	1	3	2.0	30.0	1.0	0.5	0.25	1.0	0.0	0.0	0.0	0.0	0.0	1	1	0	1	19.0	17.0	361.0	323.0	0.0	19.0	0.0	28.0	25915	19.5	9.9	203	5.64	33.0	24.56	40.5	905.46985	3.2305913	6.808454			50.0			120.72	52.3	45.31	0.43		700.0
"Oromia"	"Jimma"	"SeKoru"	"Gengeleta"	6	239	"Teff"	"Hillslope"	1.0	35	3	15	1	6	2.7	30.0	1.0	0.5	0.25	1.0	0.0	0.0	0.0	0.0	0.0	1	1	0	1	42.0	17.0	1764.0	714.0	0.0	0.0	42.0	28.0	25915	19.5	9.9	203	5.64	33.0	24.56	40.5	905.46985	3.2305913	6.808454			50.0		70.0	120.72	52.3	45.31	0.43		800.0
"Oromia"	"Jimma"	"SeKoru"	"Gengeleta"	6	239	"Sorghum"	"Midslope"	1.0	35	3	15	1	6	2.7	30.0	1.0	0.25	0.0625	0.0	0.0	0.0	0.0	0.0	0.0	1	1	0	1	0.0	0.0	0.0	0.0	0.0	0.0	0.0	28.0	25915	19.5	9.9	203	5.64	33.0	24.56	40.5	905.46985	3.2305913	6.808454						120.72	52.3	45.31			1600.0
"Oromia"	"Jimma"	"SeKoru"	"Gengeleta"	6	355	"Teff"	"Midslope"	1.0	47	4	15	1	7	3.4	30.0	1.0	0.5	0.25	0.0	0.0	0.0	0.0	0.0	0.0	1	1	0	0	0.0	0.0	0.0	0.0	0.0	0.0	0.0	28.3	24102	18.7	9.9	201	5.64	31.7	25.26	41.3	905.46985	3.2305913	6.808454						120.72	52.3	45.31	0.43		800.0
"Oromia"	"Jimma"	"SeKoru"	"Gengeleta"	6	355	"Sorghum"	"Footslope"	1.0	47	4	15	1	7	3.4	30.0	1.0	2.0	4.0	0.0	0.0	0.0	0.0	0.0	0.0	0	1	0	0	0.0	0.0	0.0	0.0	0.0	0.0	0.0	28.3	24102	18.7	9.9	201	5.64	31.7	25.26	41.3	905.46985	3.2305913	6.808454						120.72	52.3	45.31			200.0
"Oromia"	"Jimma"	"SeKoru"	"Gengeleta"	6	348	"Teff"	"Midslope"	1.0	30	0	10	0	4	2.1	30.0	1.0	0.5	0.25	1.0	0.0	0.0	0.0	0.0	0.0	1	1	0	1	28.2	17.0	795.24005	479.40002	0.0	28.2	0.0	28.0	25915	19.5	9.9	203	5.64	33.0	24.56	40.5	905.46985	3.2305913	6.808454		50.0			46.0	120.72	52.3	45.31	0.43		340.0
"Oromia"	"Jimma"	"SeKoru"	"Gengeleta"	6	270	"Wheat"	"Footslope"	1.0	65	0	40	1	9	4.8	30.0	1.0	0.5	0.25	1.0	0.0	0.0	1.0	0.0	1.0	0	1	0	1	130.0	34.0	16900.0	4420.0	130.0	0.0	0.0	27.9	24837	18.1	10.7	201	5.64	31.5	25.72	41.2	905.46985	3.2305913	6.808454			25.0		25.0	120.72	52.3	45.31		0.38	1200.0
"Oromia"	"Jimma"	"SeKoru"	"Gengeleta"	6	286	"Teff"	"Midslope"	1.0	30	0	18	1	4	2.1	30.0	0.0	0.5	0.25	1.0	0.0	0.0	0.0	0.0	0.0	1	1	0	1	21.0	8.5	441.0	178.5	0.0	21.0	0.0	28.0	25915	19.5	9.9	203	5.64	33.0	24.56	40.5	905.46985	3.2305913	6.808454			50.0		75.0	120.72	52.3	45.31	0.43		400.0
"Oromia"	"Jimma"	"SeKoru"	"Gengeleta"	6	287	"Teff"	"Footslope"	1.0	55	2	40	1	4	2.5	30.0	1.0	0.5	0.25	1.0	0.0	0.0	0.0	0.0	0.0	1	1	0	1	19.0	17.0	361.0	323.0	19.0	0.0	0.0	28.0	25915	19.5	9.9	203	5.64	33.0	24.56	40.5	905.46985	3.2305913	6.808454			50.0			120.72	52.3	45.31	0.43		400.0
"Oromia"	"Jimma"	"SeKoru"	"Gengeleta"	6	349	"Teff"	"Midslope"	1.0	50	4	15	0	9	4.6	30.0	1.0	0.5	0.25	1.0	0.0	1.0	0.0	0.0	0.0	1	1	0	1	19.0	17.0	361.0	323.0	0.0	19.0	0.0	28.3	24102	18.7	9.9	201	5.64	31.7	25.26	41.3	905.46985	3.2305913	6.808454			50.0			120.72	52.3	45.31	0.43		400.0
"Oromia"	"Jimma"	"SeKoru"	"Gengeleta"	6	351	"Wheat"	"Footslope"	1.0	35	5	15	1	6	2.7	30.0	0.0	0.5	0.25	1.0	0.0	0.0	1.0	0.0	0.0	0	1	0	1	60.25	12.75	3630.0625	768.1875	60.25	0.0	0.0	28.3	24102	18.7	9.9	201	5.64	31.7	25.26	41.3	905.46985	3.2305913	6.808454		42.666668			32.0	120.72	52.3	45.31		0.38	1600.0
"Oromia"	"Jimma"	"SeKoru"	"Gengeleta"	6	240	"Sorghum"	"Midslope"	1.0	25	4	8	1	3	2.0	30.0	1.0	0.5	0.25	0.0	0.0	0.0	0.0	0.0	0.0	1	1	0	1	0.0	0.0	0.0	0.0	0.0	0.0	0.0	28.0	25915	19.5	9.9	203	5.64	33.0	24.56	40.5	905.46985	3.2305913	6.808454						120.72	52.3	45.31			1400.0
"Oromia"	"Jimma"	"SeKoru"	"Gengeleta"	6	351	"Teff"	"Footslope"	1.0	35	5	15	1	6	2.7	30.0	1.0	0.375	0.140625	1.0	0.0	1.0	0.0	0.0	0.0	1	1	0	1	12.666667	11.333333	160.44446	143.55556	12.666667	0.0	0.0	28.3	24102	18.7	9.9	201	5.64	31.7	25.26	41.3	905.46985	3.2305913	6.808454			32.0			120.72	52.3	45.31	0.43		533.3333
"Amhara"	"North_Shewa"	"Merhabete"	"Harogenda"	7	623	"Teff"	"Footslope"	1.0	50	0	36	1	8	3.9	40.0	0.0	0.75	0.5625	1.0	0.0	0.0	0.0	0.0	0.0	1	1	0	1	12.666667	11.333333	160.44446	143.55556	12.666667	0.0	0.0	24.5	5325	11.7	11.2	177	6.91	40.2	24.19	32.9	712.6659	1.4862918	6.5690126			32.772			114.67	53.46	46.65	0.47		333.33334
"Amhara"	"North_Shewa"	"Merhabete"	"Harogenda"	7	622	"Teff"	"Footslope"	1.0	46	0	20	1	7	3.2	40.0	0.0	0.0625	0.00390625	1.0	0.0	0.0	0.0	0.0	0.0	1	1	0	0	394.96	153.0	155993.39	188000.95	394.96	0.0	0.0	22.3	4807	11.3	11.6	185	7.0	41.0	24.68	32.8	712.6659	1.4862918	6.5690126			32.772285			114.67	53.46	46.65	0.47		960.0
"Amhara"	"North_Shewa"	"Merhabete"	"Harogenda"	7	551	"Sorghum"	"Hillslope"	1.0	65	0	45	1	4	2.5	40.0	1.0	0.5	0.25	1.0	0.0	0.0	0.0	0.0	0.0	0	1	0	1	92.0	0.0	8464.0	0.0	0.0	0.0	92.0	24.5	5325	11.7	11.2	177	6.91	40.2	24.19	32.9	712.6659	1.4862918	6.5690126					49.25	114.67	53.46	46.65			800.0
"Amhara"	"North_Shewa"	"Merhabete"	"Harogenda"	7	575	"Sorghum"	"Footslope"	1.0	62	0	37	1	6	3.1	40.0	1.0	1.0	1.0	1.0	0.0	0.0	0.0	0.0	0.0	1	1	0	1	32.5	8.5	1056.25	276.25	32.5	0.0	0.0	24.5	5325	11.7	11.2	177	6.91	40.2	24.19	32.9	712.6659	1.4862918	6.5690126			37.2		42.0	114.67	53.46	46.65			2000.0
"Amhara"	"North_Shewa"	"Merhabete"	"Harogenda"	7	551	"Teff"	"Midslope"	1.0	65	0	45	1	4	2.5	40.0	1.0	0.5	0.25	1.0	1.0	0.0	0.0	0.0	0.0	1	1	0	1	38.0	34.0	1444.0	1292.0	0.0	38.0	0.0	24.5	5325	11.7	11.2	177	6.91	40.2	24.19	32.9	712.6659	1.4862918	6.5690126			48.2			114.67	53.46	46.65	0.47		700.0
"Amhara"	"North_Shewa"	"Merhabete"	"Harogenda"	7	543	"Teff"	"Midslope"	1.0	70	0	50	1	2	1.5	40.0	1.0	0.25	0.0625	1.0	0.0	1.0	0.0	0.0	0.0	1	1	0	1	76.0	68.0	5776.0	5168.0	0.0	76.0	0.0	24.5	5325	11.7	11.2	177	6.91	40.2	24.19	32.9	712.6659	1.4862918	6.5690126			38.8			114.67	53.46	46.65	0.47		800.0
"Amhara"	"North_Shewa"	"Merhabete"	"Harogenda"	7	623	"Sorghum"	"Midslope"	1.0	50	0	36	1	8	3.9	40.0	1.0	0.25	0.0625	0.0	0.0	0.0	0.0	0.0	0.0	0	1	0	1	0.0	0.0	0.0	0.0	0.0	0.0	0.0	24.5	5325	11.7	11.2	177	6.91	40.2	24.19	32.9	712.6659	1.4862918	6.5690126						114.67	53.46	46.65			800.0
"Amhara"	"North_Shewa"	"Merhabete"	"Harogenda"	7	575	"Teff"	"Hillslope"	1.0	62	0	37	1	6	3.1	40.0	1.0	1.0	1.0	1.0	0.0	0.0	0.0	0.0	0.0	1	1	0	1	42.0	17.0	1764.0	714.0	0.0	0.0	42.0	24.5	5325	11.7	11.2	177	6.91	40.2	24.19	32.9	712.6659	1.4862918	6.5690126			36.0		42.0	114.67	53.46	46.65	0.47		1100.0
"Amhara"	"North_Shewa"	"Merhabete"	"Harogenda"	7	574	"Sorghum"	"Midslope"	1.0	40	0	25	1	5	2.6	40.0	0.0	0.5	0.25	1.0	0.0	0.0	1.0	0.0	0.0	1	1	0	1	46.0	0.0	2116.0	0.0	0.0	46.0	0.0	22.3	4807	11.3	11.6	185	7.0	41.0	24.68	32.8	712.6659	1.4862918	6.5690126					37.2	114.67	53.46	46.65			2000.0
"Amhara"	"North_Shewa"	"Merhabete"	"Harogenda"	7	622	"Sorghum"	"Midslope"	1.0	46	0	20	1	7	3.2	40.0	0.0	0.75	0.5625	0.0	0.0	0.0	0.0	0.0	0.0	0	1	0	0	0.0	0.0	0.0	0.0	0.0	0.0	0.0	22.3	4807	11.3	11.6	185	7.0	41.0	24.68	32.8	712.6659	1.4862918	6.5690126						114.67	53.46	46.65			1066.6666
"Amhara"	"North_Shewa"	"Merhabete"	"Harogenda"	7	623	"Sorghum"	"Hillslope"	1.0	50	0	36	1	8	3.9	40.0	1.0	0.5	0.25	0.0	0.0	0.0	0.0	0.0	0.0	0	1	0	1	0.0	0.0	0.0	0.0	0.0	0.0	0.0	24.5	5325	11.7	11.2	177	6.91	40.2	24.19	32.9	712.6659	1.4862918	6.5690126						114.67	53.46	46.65			800.0
"Amhara"	"North_Shewa"	"Merhabete"	"Harogenda"	7	552	"Sorghum"	"Midslope"	1.0	50	0	28	1	9	4.2	40.0	1.0	0.75	0.5625	1.0	0.0	0.0	0.0	0.0	0.0	1	1	0	1	13.28	11.333333	176.3584	150.50665	0.0	13.28	0.0	24.2	4765	11.9	12.0	172	6.91	39.7	24.92	33.2	793.62885	1.5778887	6.6766157			38.0		75.0	114.67	53.46	46.65			3200.0
"Amhara"	"North_Shewa"	"Merhabete"	"Harogenda"	7	565	"Sorghum"	"Footslope"	1.0	75	0	50	0	6	3.1	40.0	1.0	0.25	0.0625	0.0	0.0	0.0	0.0	0.0	0.0	0	1	0	0	0.0	0.0	0.0	0.0	0.0	0.0	0.0	24.5	5325	11.7	11.2	177	6.91	40.2	24.19	32.9	712.6659	1.4862918	6.5690126						114.67	53.46	46.65			2400.0
"Amhara"	"North_Shewa"	"Merhabete"	"Harogenda"	7	622	"Sorghum"	"Midslope"	1.0	46	0	20	1	7	3.2	40.0	0.0	1.0	1.0	1.0	0.0	0.0	0.0	0.0	0.0	0	1	0	1	9.5	8.5	90.25	80.75	0.0	9.5	0.0	22.3	4807	11.3	11.6	185	7.0	41.0	24.68	32.8	712.6659	1.4862918	6.5690126			65.5446			114.67	53.46	46.65			1200.0
"Amhara"	"North_Shewa"	"Merhabete"	"Harogenda"	7	565	"Teff"	"Hillslope"	1.0	75	0	50	0	6	3.1	40.0	1.0	0.5	0.25	1.0	0.0	0.0	0.0	0.0	1.0	1	1	0	0	47.2	34.0	2227.84	1604.8	0.0	0.0	47.2	24.5	5325	11.7	11.2	177	6.91	40.2	24.19	32.9	712.6659	1.4862918	6.5690126			40.0		40.0	114.67	53.46	46.65	0.47		600.0
"Amhara"	"North_Shewa"	"Merhabete"	"Harogenda"	7	574	"Teff"	"Midslope"	1.0	40	0	25	1	5	2.6	40.0	0.0	0.5	0.25	1.0	0.0	0.0	1.0	0.0	0.0	1	1	0	1	38.0	34.0	1444.0	1292.0	0.0	38.0	0.0	22.3	4807	11.3	11.6	185	7.0	41.0	24.68	32.8	712.6659	1.4862918	6.5690126			42.0			114.67	53.46	46.65	0.47		1600.0
"Amhara"	"North_Shewa"	"Merhabete"	"Harogenda"	7	552	"Teff"	"Midslope"	1.0	50	0	28	1	9	4.2	40.0	1.0	1.5	2.25	1.0	0.0	0.0	0.0	0.0	0.0	1	1	0	1	19.0	17.0	361.0	323.0	0.0	19.0	0.0	24.2	4765	11.9	12.0	172	6.91	39.7	24.92	33.2	793.62885	1.5778887	6.6766157			38.0			114.67	53.46	46.65	0.47		1200.0
"Amhara"	"North_Shewa"	"Merhabete"	"Harogenda"	7	564	"Sorghum"	"Midslope"	1.0	45	7	15	0	6	3.1	40.0	1.0	2.0	4.0	1.0	0.0	0.0	0.0	0.0	0.0	1	1	0	0	21.0	8.5	441.0	178.5	0.0	21.0	0.0	22.3	4807	11.3	11.6	185	7.0	41.0	24.68	32.8	712.6659	1.4862918	6.5690126			40.0		40.0	114.67	53.46	46.65			3250.0
"Amhara"	"North_Shewa"	"Merhabete"	"Harogenda"	7	623	"Sorghum"	"Hillslope"	1.0	50	0	36	1	8	3.9	40.0	1.0	0.25	0.0625	0.0	0.0	0.0	0.0	0.0	0.0	0	1	0	0	0.0	0.0	0.0	0.0	0.0	0.0	0.0	24.5	5325	11.7	11.2	177	6.91	40.2	24.19	32.9	712.6659	1.4862918	6.5690126						114.67	53.46	46.65			600.0
"Amhara"	"North_Shewa"	"Merhabete"	"Harogenda"	7	543	"Teff"	"Midslope"	1.0	70	0	50	1	2	1.5	40.0	1.0	0.25	0.0625	1.0	0.0	1.0	0.0	0.0	0.0	1	1	0	1	130.0	34.0	16900.0	4420.0	0.0	130.0	0.0	24.5	5325	11.7	11.2	177	6.91	40.2	24.19	32.9	712.6659	1.4862918	6.5690126			49.34		44.8	114.67	53.46	46.65	0.47		800.0
"Amhara"	"North_Shewa"	"Merhabete"	"Harogenda"	7	564	"Teff"	"Midslope"	1.0	45	7	15	0	6	3.1	40.0	1.0	2.0	4.0	1.0	0.0	0.0	0.0	0.0	0.0	1	1	0	0	21.0	8.5	441.0	178.5	0.0	21.0	0.0	22.3	4807	11.3	11.6	185	7.0	41.0	24.68	32.8	712.6659	1.4862918	6.5690126			40.0		40.0	114.67	53.46	46.65	0.47		850.0
"Amhara"	"North_Shewa"	"Merhabete"	"Harogenda"	7	542	"Teff"	"Midslope"	1.0	65	0	46	1	4	2.5	40.0	1.0	1.0	1.0	1.0	0.0	0.0	1.0	0.0	0.0	1	1	0	0	30.5	17.0	930.25	518.5	0.0	30.5	0.0	24.5	5325	11.7	11.2	177	6.91	40.2	24.19	32.9	712.6659	1.4862918	6.5690126			48.9		75.0	114.67	53.46	46.65	0.47		600.0
"Amhara"	"North_Shewa"	"Merhabete"	"Harogenda"	7	622	"Teff"	"Midslope"	1.0	46	0	20	1	7	3.2	40.0	0.0	0.75	0.5625	1.0	0.0	0.0	0.0	0.0	0.0	1	1	0	1	8.599999	3.8533335	73.95999	33.138664	0.0	8.599999	0.0	22.3	4807	11.3	11.6	185	7.0	41.0	24.68	32.8	712.6659	1.4862918	6.5690126			32.764706		40.34	114.67	53.46	46.65	0.47		1600.0
"Southern_Nations,_Nationalities_and_Peoples"	"Hadiya"	"Anlemo"	"M_Anlemo"	8	525	"Wheat"	"Midslope"	1.0	20	7	40	1	8	4.5	60.0	0.0	0.75	0.5625	1.0	0.0	1.0	1.0	1.0	0.0	1	1	0	0	43.333332	11.333333	1877.7777	491.11108	0.0	43.333332	0.0	24.3	64694	22.4	8.9	222	5.72	33.9	27.8	35.2	672.25415	2.1776361	6.5106363			50.0		50.0	122.76	54.66	47.98		0.39	2133.3333
"Southern_Nations,_Nationalities_and_Peoples"	"Hadiya"	"Anlemo"	"M_Anlemo"	8	524	"Teff"	"Midslope"	1.0	52	3	30	1	5	2.6	60.0	1.0	0.5	0.25	1.0	0.0	1.0	1.0	0.0	0.0	1	1	0	0	42.0	17.0	1764.0	714.0	0.0	42.0	0.0	24.3	64694	22.4	8.9	222	5.72	33.9	27.8	35.2	672.25415	2.1776361	6.5106363			50.0		50.0	122.76	54.66	47.98	0.45		500.0
"Southern_Nations,_Nationalities_and_Peoples"	"Hadiya"	"Anlemo"	"M_Anlemo"	8	512	"Wheat"	"Midslope"	1.0	40	5	0	1	5	3.5	60.0	1.0	0.75	0.5625	1.0	0.0	0.0	1.0	1.0	0.0	1	1	0	1	31.466667	22.666666	990.1511	713.24445	0.0	31.466667	0.0	24.3	64694	22.4	8.9	222	5.72	33.9	27.8	35.2	672.25415	2.1776361	6.5106363			39.0		75.0	122.76	54.66	47.98		0.39	16.0
"Southern_Nations,_Nationalities_and_Peoples"	"Hadiya"	"Anlemo"	"M_Anlemo"	8	525	"Wheat"	"Midslope"	1.0	20	7	40	1	8	4.5	60.0	0.0	0.75	0.5625	1.0	0.0	1.0	1.0	1.0	0.0	1	1	0	0	28.0	11.333333	784.0	317.3333	0.0	28.0	0.0	24.3	64694	22.4	8.9	222	5.72	33.9	27.8	35.2	672.25415	2.1776361	6.5106363			50.0		50.0	122.76	54.66	47.98		0.39	1733.3334
"Southern_Nations,_Nationalities_and_Peoples"	"Hadiya"	"Anlemo"	"M_Anlemo"	8	525	"Wheat"	"Midslope"	1.0	20	7	40	1	8	4.5	60.0	1.0	0.5	0.25	1.0	0.0	0.0	1.0	1.0	0.0	1	1	0	0	65.0	17.0	4225.0	1105.0	0.0	65.0	0.0	24.3	64694	22.4	8.9	222	5.72	33.9	27.8	35.2	672.25415	2.1776361	6.5106363			50.0		50.0	122.76	54.66	47.98		0.39	1200.0
"Southern_Nations,_Nationalities_and_Peoples"	"Hadiya"	"Anlemo"	"M_Anlemo"	8	489	"Wheat"	"Footslope"	1.0	50	8	25	1	11	5.0	60.0	1.0	0.5	0.25	1.0	0.0	0.0	0.0	0.0	1.0	1	1	0	1	130.0	34.0	16900.0	4420.0	130.0	0.0	0.0	24.3	64694	22.4	8.9	222	5.72	33.9	27.8	35.2	672.25415	2.1776361	6.5106363			36.2		36.2	122.76	54.66	47.98		0.39	1600.0
"Southern_Nations,_Nationalities_and_Peoples"	"Hadiya"	"Anlemo"	"M_Anlemo"	8	414	"Wheat"	"Midslope"	1.0	42	5	17	1	9	4.4	60.0	1.0	0.625	0.390625	1.0	0.0	0.0	1.0	0.0	1.0	1	1	0	1	67.2	27.2	4515.8394	1827.84	0.0	67.2	0.0	24.3	64694	22.4	8.9	222	5.72	33.9	27.8	35.2	672.25415	2.1776361	6.5106363			36.4		36.4	122.76	54.66	47.98		0.39	1600.0
"Southern_Nations,_Nationalities_and_Peoples"	"Hadiya"	"Anlemo"	"M_Anlemo"	8	297	"Wheat"	"Midslope"	1.0	48	10	0	1	9	0.5	60.0	1.0	0.5	0.25	1.0	0.0	0.0	1.0	0.0	0.0	1	1	0	1	32.5	8.5	1056.25	276.25	0.0	32.5	0.0	24.3	64694	22.4	8.9	222	5.72	33.9	27.8	35.2	672.25415	2.1776361	6.5106363			36.8		36.8	122.76	54.66	47.98		0.39	24.0
"Southern_Nations,_Nationalities_and_Peoples"	"Hadiya"	"Anlemo"	"M_Anlemo"	8	298	"Wheat"	"Midslope"	1.0	25	12	0	1	7	3.8	60.0	0.0	0.25	0.0625	1.0	0.0	0.0	0.0	0.0	0.0	1	1	0	1	130.0	34.0	16900.0	4420.0	0.0	130.0	0.0	24.3	64694	22.4	8.9	222	5.72	33.9	27.8	35.2	672.25415	2.1776361	6.5106363			18.4		36.5	122.76	54.66	47.98		0.39	16.0
"Southern_Nations,_Nationalities_and_Peoples"	"Hadiya"	"Anlemo"	"M_Anlemo"	8	524	"Wheat"	"Midslope"	1.0	52	3	30	1	5	2.6	60.0	0.0	0.75	0.5625	1.0	0.0	1.0	1.0	1.0	1.0	1	1	0	0	43.333332	11.333333	1877.7777	491.11108	0.0	43.333332	0.0	24.3	64694	22.4	8.9	222	5.72	33.9	27.8	35.2	672.25415	2.1776361	6.5106363			45.0		45.8	122.76	54.66	47.98		0.39	3600.0
"Southern_Nations,_Nationalities_and_Peoples"	"Hadiya"	"Anlemo"	"M_Anlemo"	8	298	"Wheat"	"Midslope"	1.0	25	12	0	1	7	3.8	60.0	0.0	0.25	0.0625	1.0	0.0	0.0	0.0	0.0	0.0	1	1	0	1	41.08	17.0	1687.5665	698.36005	0.0	41.08	0.0	24.3	64694	22.4	8.9	222	5.72	33.9	27.8	35.2	672.25415	2.1776361	6.5106363			37.0		38.0	122.76	54.66	47.98		0.39	20.0
"Southern_Nations,_Nationalities_and_Peoples"	"Hadiya"	"Anlemo"	"M_Anlemo"	8	410	"Wheat"	"Midslope"	1.0	54	8	0	1	5	2.8	60.0	1.0	0.5	0.25	1.0	0.0	1.0	1.0	0.0	1.0	1	1	0	1	32.5	8.5	1056.25	276.25	0.0	32.5	0.0	24.3	64694	22.4	8.9	222	5.72	33.9	27.8	35.2	672.25415	2.1776361	6.5106363			36.0		36.6	122.76	54.66	47.98		0.39	2000.0
"Southern_Nations,_Nationalities_and_Peoples"	"Hadiya"	"Anlemo"	"M_Anlemo"	8	503	"Wheat"	"Footslope"	1.0	80	0	0	1	8	3.7	60.0	1.0	0.375	0.140625	1.0	0.0	1.0	1.0	0.0	1.0	1	1	0	1	37.2	11.333333	1383.8401	421.6	37.2	0.0	0.0	24.3	64694	22.4	8.9	222	5.72	33.9	27.8	35.2	672.25415	2.1776361	6.5106363			36.0		37.0	122.76	54.66	47.98		0.39	1866.6666
"Southern_Nations,_Nationalities_and_Peoples"	"Hadiya"	"Anlemo"	"M_Anlemo"	8	421	"Wheat"	"Midslope"	1.0	60	0	0	1	4	2.5	60.0	1.0	0.5	0.25	1.0	0.0	0.0	0.0	0.0	0.0	1	1	0	1	65.0	17.0	4225.0	1105.0	0.0	65.0	0.0	24.3	64694	22.4	8.9	222	5.72	33.9	27.8	35.2	672.25415	2.1776361	6.5106363			38.0		37.0	122.76	54.66	47.98		0.39	1400.0
"Southern_Nations,_Nationalities_and_Peoples"	"Hadiya"	"Anlemo"	"M_Anlemo"	8	525	"Teff"	"Midslope"	1.0	20	7	40	1	8	4.5	60.0	0.0	0.75	0.5625	1.0	0.0	1.0	1.0	0.0	0.0	1	1	0	0	21.666666	5.6666665	469.44443	122.77777	0.0	21.666666	0.0	24.3	64694	22.4	8.9	222	5.72	33.9	27.8	35.2	672.25415	2.1776361	6.5106363			50.0		52.0	122.76	54.66	47.98	0.45		400.0
"Southern_Nations,_Nationalities_and_Peoples"	"Hadiya"	"Anlemo"	"M_Anlemo"	8	298	"Wheat"	"Footslope"	1.0	25	12	0	1	7	3.8	60.0	1.0	1.0	1.0	1.0	0.0	0.0	1.0	0.0	1.0	1	1	0	1	10.27	4.25	105.47291	43.647503	10.27	0.0	0.0	24.3	64694	22.4	8.9	222	5.72	33.9	27.8	35.2	672.25415	2.1776361	6.5106363			37.0		38.0	122.76	54.66	47.98		0.39	28.0
"Amhara"	"North_Shewa"	"Basona_Werana"	"Bakelo"	9	879	"Wheat"	"Footslope"	1.0	47	6	0	1	6	2.9	90.0	1.0	0.25	0.0625	1.0	0.0	1.0	1.0	0.0	0.0	1	1	0	1	74.5	25.5	5550.25	1899.75	74.5	0.0	0.0	23.9	22905	15.9	13.4	177	6.29	31.4	27.31	39.7	768.513	1.47981	6.6444573			48.0		52.0	114.67	53.46	46.65		0.41	1200.0
"Amhara"	"North_Shewa"	"Basona_Werana"	"Bakelo"	9	976	"Wheat"	"Midslope"	1.0	48	5	0	1	6	3.3	90.0	1.0	0.5	0.25	1.0	1.0	1.0	1.0	0.0	0.0	0	1	0	1	84.0	34.0	7056.0	2856.0	0.0	84.0	0.0	20.6	21220	16.1	12.2	209	6.33	33.7	28.23	38.2	768.513	1.47981	6.6444573			48.2		49.5	114.67	53.46	46.65		0.41	1000.0
"Amhara"	"North_Shewa"	"Basona_Werana"	"Bakelo"	9	896	"Wheat"	"Midslope"	1.0	56	0	0	1	8	3.9	90.0	1.0	0.1875	0.03515625	1.0	1.0	1.0	1.0	0.0	0.0	1	0	0	1	25.333334	22.666666	641.77783	574.2222	0.0	25.333334	0.0	20.3	18530	16.3	11.6	192	6.37	32.5	28.84	38.2	811.81616	1.5391347	6.699274			42.0			114.67	53.46	46.65		0.41	1600.0
"Amhara"	"North_Shewa"	"Basona_Werana"	"Bakelo"	9	896	"Wheat"	"Footslope"	1.0	56	0	0	1	8	3.9	90.0	1.0	0.25	0.0625	1.0	1.0	1.0	1.0	0.0	0.0	1	1	0	1	168.0	68.0	28224.0	11424.0	168.0	0.0	0.0	20.3	18530	16.3	11.6	192	6.37	32.5	28.84	38.2	811.81616	1.5391347	6.699274			42.0		42.0	114.67	53.46	46.65		0.41	200.0
"Amhara"	"North_Shewa"	"Basona_Werana"	"Bakelo"	9	1051	"Wheat"	"Footslope"	1.0	55	7	0	1	3	1.8	90.0	1.0	0.25	0.0625	1.0	0.0	1.0	0.0	0.0	0.0	0	1	0	1	168.0	68.0	28224.0	11424.0	168.0	0.0	0.0	20.6	21220	16.1	12.2	209	6.33	33.7	28.23	38.2	768.513	1.47981	6.6444573			38.0		36.0	114.67	53.46	46.65		0.41	800.0
"Amhara"	"North_Shewa"	"Basona_Werana"	"Bakelo"	9	1051	"Wheat"	"Footslope"	1.0	55	7	0	1	3	1.8	90.0	1.0	0.25	0.0625	1.0	0.0	1.0	1.0	0.0	0.0	1	1	0	1	38.0	34.0	1444.0	1292.0	38.0	0.0	0.0	20.6	21220	16.1	12.2	209	6.33	33.7	28.23	38.2	768.513	1.47981	6.6444573			38.0			114.67	53.46	46.65		0.41	3200.0
"Amhara"	"North_Shewa"	"Basona_Werana"	"Bakelo"	9	896	"Wheat"	"Footslope"	1.0	56	0	0	1	8	3.9	90.0	0.0	0.5	0.25	1.0	0.0	1.0	1.0	0.0	0.0	1	1	0	1	42.0	17.0	1764.0	714.0	42.0	0.0	0.0	20.3	18530	16.3	11.6	192	6.37	32.5	28.84	38.2	811.81616	1.5391347	6.699274			42.0		42.0	114.67	53.46	46.65		0.41	600.0
"Amhara"	"North_Shewa"	"Basona_Werana"	"Bakelo"	9	866	"Wheat"	"Footslope"	0.0	35	9	0	1	7	3.6	90.0	1.0	0.375	0.140625	1.0	0.0	1.0	1.0	0.0	0.0	1	1	0	1	117.333336	22.666666	13767.111	2659.5554	117.333336	0.0	0.0	23.9	22905	15.9	13.4	177	6.29	31.4	27.31	39.7	768.513	1.47981	6.6444573			48.2		48.213333	114.67	53.46	46.65		0.41	666.6667
"Amhara"	"North_Shewa"	"Basona_Werana"	"Bakelo"	9	976	"Wheat"	"Midslope"	1.0	48	5	0	1	6	3.3	90.0	1.0	0.5	0.25	1.0	1.0	0.0	1.0	0.0	0.0	0	1	0	1	19.0	17.0	361.0	323.0	0.0	19.0	0.0	20.6	21220	16.1	12.2	209	6.33	33.7	28.23	38.2	768.513	1.47981	6.6444573			48.0			114.67	53.46	46.65		0.41	1000.0
"Amhara"	"North_Shewa"	"Basona_Werana"	"Bakelo"	9	896	"Wheat"	"Footslope"	1.0	56	0	0	1	8	3.9	90.0	1.0	0.375	0.140625	1.0	0.0	1.0	1.0	0.0	0.0	1	1	0	1	56.0	22.666666	3136.0	1269.3333	56.0	0.0	0.0	20.3	18530	16.3	11.6	192	6.37	32.5	28.84	38.2	811.81616	1.5391347	6.699274			42.0		42.0	114.67	53.46	46.65		0.41	1333.3334
"Amhara"	"North_Shewa"	"Basona_Werana"	"Bakelo"	9	899	"Wheat"	"Footslope"	1.0	48	5	0	1	6	3.3	90.0	1.0	0.25	0.0625	1.0	0.0	1.0	1.0	0.0	0.0	1	1	0	1	111.0	17.0	12321.0	1887.0	111.0	0.0	0.0	20.6	21220	16.1	12.2	209	6.33	33.7	28.23	38.2	768.513	1.47981	6.6444573			47.0		48.0	114.67	53.46	46.65		0.41	3200.0
"Amhara"	"North_Shewa"	"Basona_Werana"	"Bakelo"	9	993	"Wheat"	"Hillslope"	1.0	63	0	0	1	2	1.5	90.0	1.0	0.25	0.0625	1.0	0.0	0.0	0.0	0.0	0.0	0	1	0	1	37.4	17.0	1398.7601	635.80005	0.0	0.0	37.4	22.8	40144	16.8	12.9	183	6.2	32.3	27.57	39.2	768.513	1.47981	6.6444573			50.0		46.0	114.67	53.46	46.65		0.41	600.0
"Amhara"	"North_Shewa"	"Basona_Werana"	"Bakelo"	9	976	"Wheat"	"Midslope"	1.0	48	5	0	1	6	3.3	90.0	1.0	0.5	0.25	0.0	0.0	1.0	1.0	0.0	0.0	0	1	0	1	0.0	0.0	0.0	0.0	0.0	0.0	0.0	20.6	21220	16.1	12.2	209	6.33	33.7	28.23	38.2	768.513	1.47981	6.6444573						114.67	53.46	46.65		0.41	600.0
"Amhara"	"North_Shewa"	"Basona_Werana"	"Bakelo"	9	1011	"Wheat"	"Footslope"	0.0	32	5	0	1	6	3.3	90.0	1.0	0.25	0.0625	1.0	0.0	1.0	1.0	0.0	0.0	1	1	0	1	65.0	17.0	4225.0	1105.0	65.0	0.0	0.0	20.3	18530	16.3	11.6	192	6.37	32.5	28.84	38.2	811.81616	1.5391347	6.699274			50.0		50.0	114.67	53.46	46.65		0.41	2000.0
"Amhara"	"North_Shewa"	"Basona_Werana"	"Bakelo"	9	879	"Wheat"	"Hillslope"	1.0	47	6	0	1	6	2.9	90.0	1.0	0.25	0.0625	1.0	0.0	1.0	1.0	0.0	0.0	1	1	0	1	87.08	17.0	7582.927	1480.36	0.0	0.0	87.08	23.9	22905	15.9	13.4	177	6.29	31.4	27.31	39.7	768.513	1.47981	6.6444573			48.0		52.027027	114.67	53.46	46.65		0.41	800.0
"Amhara"	"North_Shewa"	"Basona_Werana"	"Bakelo"	9	904	"Wheat"	"Footslope"	1.0	68	0	0	1	5	2.8	90.0	1.0	0.25	0.0625	1.0	0.0	1.0	0.0	0.0	0.0	1	1	0	1	65.0	17.0	4225.0	1105.0	65.0	0.0	0.0	23.9	22905	15.9	13.4	177	6.29	31.4	27.31	39.7	768.513	1.47981	6.6444573			36.0		40.0	114.67	53.46	46.65		0.41	1600.0
"Amhara"	"North_Shewa"	"Basona_Werana"	"Bakelo"	9	907	"Wheat"	"Footslope"	0.0	50	0	0	1	4	2.5	90.0	1.0	0.25	0.0625	1.0	0.0	1.0	1.0	0.0	0.0	1	1	0	1	130.0	34.0	16900.0	4420.0	130.0	0.0	0.0	21.5	22491	16.0	12.4	212	6.32	33.0	28.26	37.8	768.513	1.47981	6.6444573			44.0		46.0	114.67	53.46	46.65		0.41	2000.0
"Amhara"	"North_Shewa"	"Basona_Werana"	"Bakelo"	9	993	"Wheat"	"Footslope"	1.0	63	0	0	1	2	1.5	90.0	1.0	0.25	0.0625	1.0	0.0	1.0	0.0	0.0	0.0	0	0	0	1	37.4	17.0	1398.7601	635.80005	37.4	0.0	0.0	22.8	40144	16.8	12.9	183	6.2	32.3	27.57	39.2	768.513	1.47981	6.6444573			48.0		42.0	114.67	53.46	46.65		0.41	600.0
"Southern_Nations,_Nationalities_and_Peoples"	"Hadiya"	"Lemo"	"Shurmo"	10	158	"Wheat"	"Midslope"	1.0	50	10	29	1	6	3.5	35.0	1.0	0.75	0.5625	1.0	0.0	1.0	0.0	1.0	1.0	1	1	0	1	58.666668	11.333333	3441.7778	664.88885	0.0	58.666668	0.0	23.2	63872	19.2	9.1	224	5.69	36.5	28.33	32.9	693.1522	2.1552086	6.5412498			37.0		37.0	122.76	54.66	47.98		0.39	1733.3334
"Southern_Nations,_Nationalities_and_Peoples"	"Hadiya"	"Lemo"	"Shurmo"	10	361	"Wheat"	"Midslope"	1.0	58	4	15	1	8	4.1	35.0	1.0	0.25	0.0625	1.0	0.0	1.0	0.0	0.0	1.0	1	1	0	1	260.0	68.0	67600.0	17680.0	0.0	260.0	0.0	24.3	82214	20.4	9.0	224	5.65	35.7	28.59	33.3	693.1522	2.1552086	6.5412498			39.8		39.4	122.76	54.66	47.98		0.39	20.0
"Southern_Nations,_Nationalities_and_Peoples"	"Hadiya"	"Lemo"	"Shurmo"	10	159	"Wheat"	"Midslope"	1.0	68	6	27	1	6	2.9	35.0	1.0	1.0	1.0	1.0	0.0	0.0	0.0	1.0	1.0	1	1	0	1	42.0	17.0	1764.0	714.0	0.0	42.0	0.0	24.3	82214	20.4	9.0	224	5.65	35.7	28.59	33.3	693.1522	2.1552086	6.5412498			37.0		37.0	122.76	54.66	47.98		0.39	18.0
"Southern_Nations,_Nationalities_and_Peoples"	"Hadiya"	"Lemo"	"Shurmo"	10	327	"Wheat"	"Midslope"	1.0	65	0	25	0	8	4.5	35.0	1.0	0.5	0.25	1.0	0.0	0.0	0.0	0.0	1.0	1	0	0	1	65.0	17.0	4225.0	1105.0	0.0	65.0	0.0	24.3	82214	20.4	9.0	224	5.65	35.7	28.59	33.3	693.1522	2.1552086	6.5412498			39.0		38.0	122.76	54.66	47.98		0.39	1600.0
"Southern_Nations,_Nationalities_and_Peoples"	"Hadiya"	"Lemo"	"Shurmo"	10	192	"Wheat"	"Midslope"	1.0	48	10	15	1	8	3.3	35.0	1.0	0.5	0.25	1.0	0.0	1.0	0.0	0.0	0.0	1	1	0	1	97.5	25.5	9506.25	2486.25	0.0	97.5	0.0	24.3	82214	20.4	9.0	224	5.65	35.7	28.59	33.3	693.1522	2.1552086	6.5412498			36.666668		34.666668	122.76	54.66	47.98		0.39	44.0
"Southern_Nations,_Nationalities_and_Peoples"	"Hadiya"	"Lemo"	"Shurmo"	10	361	"Wheat"	"Footslope"	1.0	58	4	15	1	8	4.1	35.0	0.0	1.0	1.0	1.0	0.0	1.0	1.0	0.0	1.0	1	1	0	1	25.6	8.5	655.36005	217.6	25.6	0.0	0.0	24.3	82214	20.4	9.0	224	5.65	35.7	28.59	33.3	693.1522	2.1552086	6.5412498			39.2		40.0	122.76	54.66	47.98		0.39	18.0
"Southern_Nations,_Nationalities_and_Peoples"	"Hadiya"	"Lemo"	"Shurmo"	10	328	"Wheat"	"Midslope"	1.0	55	6	38	1	6	3.3	35.0	1.0	0.75	0.5625	1.0	0.0	1.0	0.0	0.0	0.0	1	1	0	1	86.666664	22.666666	7511.111	1964.4443	0.0	86.666664	0.0	24.3	82214	20.4	9.0	224	5.65	35.7	28.59	33.3	693.1522	2.1552086	6.5412498			39.0		35.0	122.76	54.66	47.98		0.39	20.0
"Southern_Nations,_Nationalities_and_Peoples"	"Hadiya"	"Lemo"	"Shurmo"	10	221	"Wheat"	"Midslope"	1.0	50	3	30	1	4	2.5	35.0	1.0	0.75	0.5625	1.0	0.0	0.0	0.0	0.0	0.0	1	1	0	1	71.333336	22.666666	5088.445	1616.8889	0.0	71.333336	0.0	24.3	82214	20.4	9.0	224	5.65	35.7	28.59	33.3	693.1522	2.1552086	6.5412498			38.0		37.0	122.76	54.66	47.98		0.39	1733.3334
"Southern_Nations,_Nationalities_and_Peoples"	"Hadiya"	"Lemo"	"Shurmo"	10	197	"Wheat"	"Midslope"	1.0	70	0	39	1	3	2.0	35.0	0.0	0.5	0.25	1.0	0.0	0.0	0.0	1.0	0.0	1	1	0	1	65.0	17.0	4225.0	1105.0	0.0	65.0	0.0	24.3	82214	20.4	9.0	224	5.65	35.7	28.59	33.3	693.1522	2.1552086	6.5412498			38.0		37.0	122.76	54.66	47.98		0.39	1200.0
"Southern_Nations,_Nationalities_and_Peoples"	"Hadiya"	"Lemo"	"Shurmo"	10	222	"Wheat"	"Footslope"	1.0	55	1	20	1	6	3.5	35.0	1.0	0.9	0.81	1.0	0.0	0.0	0.0	1.0	0.0	1	1	0	1	72.22222	18.88889	5216.0493	1364.1975	72.22222	0.0	0.0	24.3	82214	20.4	9.0	224	5.65	35.7	28.59	33.3	693.1522	2.1552086	6.5412498			38.0		37.0	122.76	54.66	47.98		0.39	14.444445
"Southern_Nations,_Nationalities_and_Peoples"	"Hadiya"	"Lemo"	"Shurmo"	10	191	"Wheat"	"Midslope"	1.0	78	5	35	0	7	3.8	35.0	1.0	0.35	0.1225	1.0	0.0	1.0	0.0	0.0	1.0	1	1	0	1	100.99999	31.571428	10200.998	3188.714	0.0	100.99999	0.0	24.3	82214	20.4	9.0	224	5.65	35.7	28.59	33.3	693.1522	2.1552086	6.5412498			35.384617		39.0	122.76	54.66	47.98		0.39	2285.7144
"Oromia"	"Jimma"	"SeKoru"	"Wolmera"	11	295	"Teff"	"Hillslope"	1.0	40	0	20	1	7	3.4	30.0	0.0	0.25	0.0625	1.0	0.0	0.0	0.0	0.0	0.0	1	1	0	1	61.0	34.0	3721.0	2074.0	0.0	0.0	61.0	29.3	48938	19.9	9.5	209	5.59	32.9	24.63	39.1	905.46985	3.2305913	6.808454			50.0		50.0	120.72	52.3	45.31	0.43		600.0
"Oromia"	"Jimma"	"SeKoru"	"Wolmera"	11	440	"Wheat"	"Footslope"	1.0	35	5	20	1	6	2.7	30.0	0.0	0.25	0.0625	1.0	0.0	0.0	0.0	1.0	0.0	1	1	0	1	84.0	34.0	7056.0	2856.0	84.0	0.0	0.0	29.2	39640	19.4	9.9	204	5.65	31.7	24.48	40.4	905.46985	3.2305913	6.808454			50.0		46.0	120.72	52.3	45.31		0.38	800.0
"Oromia"	"Jimma"	"SeKoru"	"Wolmera"	11	452	"Wheat"	"Midslope"	1.0	64	7	44	1	5	2.6	30.0	1.0	0.375	0.140625	1.0	0.0	0.0	0.0	1.0	1.0	1	1	0	1	86.666664	22.666666	7511.111	1964.4443	0.0	86.666664	0.0	29.2	39640	19.4	9.9	204	5.65	31.7	24.48	40.4	905.46985	3.2305913	6.808454			50.0		40.0	120.72	52.3	45.31		0.38	1066.6666
"Oromia"	"Jimma"	"SeKoru"	"Wolmera"	11	452	"Teff"	"Footslope"	1.0	64	7	44	1	5	2.6	30.0	0.0	1.0	1.0	1.0	0.0	0.0	0.0	0.0	0.0	1	1	0	1	30.5	17.0	930.25	518.5	30.5	0.0	0.0	29.2	39640	19.4	9.9	204	5.65	31.7	24.48	40.4	905.46985	3.2305913	6.808454			50.0		40.0	120.72	52.3	45.31	0.43		700.0
"Oromia"	"Jimma"	"SeKoru"	"Wolmera"	11	454	"Teff"	"Midslope"	1.0	40	3	24	1	16	6.7	30.0	1.0	1.0	1.0	1.0	0.0	0.0	0.0	0.0	0.0	1	1	0	1	9.5	8.5	90.25	80.75	0.0	9.5	0.0	28.6	33169	18.5	10.4	206	5.65	31.6	24.69	40.8	905.46985	3.2305913	6.808454			50.0			120.72	52.3	45.31	0.43		200.0
"Oromia"	"Jimma"	"SeKoru"	"Wolmera"	11	454	"Wheat"	"Footslope"	1.0	40	3	24	1	16	6.7	30.0	1.0	0.25	0.0625	1.0	0.0	0.0	0.0	1.0	0.0	0	1	0	1	65.0	17.0	4225.0	1105.0	65.0	0.0	0.0	28.6	33169	18.5	10.4	206	5.65	31.6	24.69	40.8	905.46985	3.2305913	6.808454			50.0		40.0	120.72	52.3	45.31		0.38	400.0
"Oromia"	"Jimma"	"SeKoru"	"Wolmera"	11	365	"Teff"	"Hillslope"	1.0	35	0	5	0	8	3.3	30.0	0.0	0.5	0.25	1.0	0.0	1.0	0.0	0.0	0.0	1	1	0	1	61.0	34.0	3721.0	2074.0	0.0	0.0	61.0	29.2	39640	19.4	9.9	204	5.65	31.7	24.48	40.4	905.46985	3.2305913	6.808454			50.0		40.0	120.72	52.3	45.31	0.43		400.0
"Oromia"	"Jimma"	"SeKoru"	"Wolmera"	11	454	"Sorghum"	"Footslope"	1.0	40	3	24	1	16	6.7	30.0	1.0	0.375	0.140625	0.0	0.0	0.0	0.0	0.0	0.0	0	1	0	1	0.0	0.0	0.0	0.0	0.0	0.0	0.0	28.6	33169	18.5	10.4	206	5.65	31.6	24.69	40.8	905.46985	3.2305913	6.808454						120.72	52.3	45.31			533.3333
"Oromia"	"Jimma"	"SeKoru"	"Wolmera"	11	398	"Sorghum"	"Midslope"	1.0	59	6	34	1	8	3.9	30.0	1.0	0.25	0.0625	0.0	0.0	0.0	0.0	0.0	0.0	0	1	0	1	0.0	0.0	0.0	0.0	0.0	0.0	0.0	29.2	39640	19.4	9.9	204	5.65	31.7	24.48	40.4	905.46985	3.2305913	6.808454						120.72	52.3	45.31			1600.0
"Oromia"	"Jimma"	"SeKoru"	"Wolmera"	11	441	"Teff"	"Midslope"	0.0	22	5	9	1	8	3.6	30.0	0.0	0.5	0.25	1.0	0.0	0.0	0.0	0.0	0.0	1	1	0	1	9.5	8.5	90.25	80.75	0.0	9.5	0.0	28.6	33169	18.5	10.4	206	5.65	31.6	24.69	40.8	905.46985	3.2305913	6.808454			52.0			120.72	52.3	45.31	0.43		170.0
"Oromia"	"Jimma"	"SeKoru"	"Wolmera"	11	342	"Sorghum"	"Midslope"	1.0	48	0	12	1	11	4.6	30.0	1.0	0.25	0.0625	1.0	0.0	0.0	0.0	0.0	0.0	0	1	0	1	9.5	8.5	90.25	80.75	0.0	9.5	0.0	29.2	39640	19.4	9.9	204	5.65	31.7	24.48	40.4	905.46985	3.2305913	6.808454			42.08			120.72	52.3	45.31			400.0
"Oromia"	"Jimma"	"SeKoru"	"Wolmera"	11	292	"Teff"	"Hillslope"	1.0	40	2	21	1	10	4.5	30.0	1.0	0.5	0.25	1.0	0.0	0.0	0.0	0.0	0.0	1	1	0	1	40.0	25.5	1600.0	1020.0	0.0	0.0	40.0	29.2	39640	19.4	9.9	204	5.65	31.7	24.48	40.4	905.46985	3.2305913	6.808454			50.0		52.0	120.72	52.3	45.31	0.43		360.0
"Oromia"	"Jimma"	"SeKoru"	"Wolmera"	11	440	"Teff"	"Footslope"	1.0	35	5	20	1	6	2.7	30.0	0.0	0.25	0.0625	1.0	0.0	0.0	0.0	0.0	0.0	1	1	0	1	84.0	34.0	7056.0	2856.0	84.0	0.0	0.0	29.2	39640	19.4	9.9	204	5.65	31.7	24.48	40.4	905.46985	3.2305913	6.808454			50.0		46.0	120.72	52.3	45.31	0.43		600.0
"Oromia"	"Jimma"	"SeKoru"	"Wolmera"	11	448	"Teff"	"Hillslope"	1.0	42	3	25	1	6	2.9	30.0	0.0	0.25	0.0625	1.0	0.0	0.0	0.0	0.0	0.0	1	1	0	1	19.0	17.0	361.0	323.0	0.0	0.0	19.0	28.5	30691	18.6	9.8	217	5.62	32.2	24.11	39.3	905.46985	3.2305913	6.808454			50.0			120.72	52.3	45.31	0.43		800.0
"Oromia"	"Jimma"	"SeKoru"	"Wolmera"	11	342	"Teff"	"Midslope"	1.0	48	0	12	1	11	4.6	30.0	1.0	0.375	0.140625	1.0	0.0	0.0	0.0	0.0	0.0	1	1	0	1	25.333334	22.666666	641.77783	574.2222	0.0	25.333334	0.0	29.2	39640	19.4	9.9	204	5.65	31.7	24.48	40.4	905.46985	3.2305913	6.808454			42.1			120.72	52.3	45.31	0.43		181.33333
"Oromia"	"Jimma"	"SeKoru"	"Wolmera"	11	398	"Teff"	"Midslope"	1.0	59	6	34	1	8	3.9	30.0	1.0	0.25	0.0625	1.0	0.0	0.0	0.0	0.0	0.0	1	1	0	1	84.0	34.0	7056.0	2856.0	0.0	84.0	0.0	29.2	39640	19.4	9.9	204	5.65	31.7	24.48	40.4	905.46985	3.2305913	6.808454			48.0		40.0	120.72	52.3	45.31	0.43		200.0
"Oromia"	"Jimma"	"SeKoru"	"Wolmera"	11	441	"Wheat"	"Hillslope"	0.0	22	5	9	1	8	3.6	30.0	1.0	0.0625	0.00390625	1.0	0.0	0.0	1.0	1.0	1.0	0	1	0	1	76.0	68.0	5776.0	5168.0	0.0	0.0	76.0	28.6	33169	18.5	10.4	206	5.65	31.6	24.69	40.8	905.46985	3.2305913	6.808454			52.0			120.72	52.3	45.31		0.38	1088.0
"Oromia"	"Jimma"	"SeKoru"	"Wolmera"	11	453	"Wheat"	"Midslope"	1.0	38	4	22	1	8	3.5	30.0	0.0	0.25	0.0625	1.0	0.0	0.0	0.0	1.0	0.0	1	1	0	1	74.5	25.5	5550.25	1899.75	0.0	74.5	0.0	28.1	28358	18.5	10.4	211	5.69	31.4	25.26	41.1	905.46985	3.2305913	6.808454			50.0		40.0	120.72	52.3	45.31		0.38	800.0
"Oromia"	"Jimma"	"SeKoru"	"Wolmera"	11	295	"Teff"	"Hillslope"	1.0	40	0	20	1	7	3.4	30.0	0.0	0.5	0.25	1.0	0.0	0.0	0.0	0.0	0.0	1	1	0	1	21.0	8.5	441.0	178.5	0.0	0.0	21.0	29.3	48938	19.9	9.5	209	5.59	32.9	24.63	39.1	905.46985	3.2305913	6.808454			50.0		50.0	120.72	52.3	45.31	0.43		500.0
"Oromia"	"Jimma"	"SeKoru"	"Wolmera"	11	440	"Teff"	"Midslope"	1.0	35	5	20	1	6	2.7	30.0	1.0	0.25	0.0625	1.0	0.0	0.0	0.0	0.0	0.0	1	1	0	1	84.0	34.0	7056.0	2856.0	0.0	84.0	0.0	29.2	39640	19.4	9.9	204	5.65	31.7	24.48	40.4	905.46985	3.2305913	6.808454			50.0		46.0	120.72	52.3	45.31	0.43		600.0
"Amhara"	"North_Gonder"	"West_Belesa"	"Dikuana"	12	701	"Sorghum"	"Midslope"	1.0	55	3	41	1	9	4.4	60.0	1.0	0.375	0.140625	1.0	0.0	0.0	0.0	0.0	1.0	0	1	0	1	28.0	11.333333	784.0	317.3333	0.0	28.0	0.0	13.5	1107	10.2	12.1	209	7.0	36.2	24.95	36.0	918.14777	1.1200904	6.822358		50.0			50.0	114.67	53.46	46.65			4133.3335
"Amhara"	"North_Gonder"	"West_Belesa"	"Dikuana"	12	696	"Sorghum"	"Footslope"	1.0	46	0	32	1	6	3.3	60.0	0.0	0.5	0.25	1.0	0.0	0.0	0.0	0.0	0.0	0	0	0	1	23.3	8.5	542.88995	198.04999	23.3	0.0	0.0	14.8	1292	10.7	13.1	233	7.02	34.4	26.52	38.0	918.14777	1.1200904	6.822358		24.0			24.95	114.67	53.46	46.65			1000.0
"Amhara"	"North_Gonder"	"West_Belesa"	"Dikuana"	12	726	"Teff"	"Footslope"	1.0	50	5	35	1	6	3.1	60.0	1.0	0.25	0.0625	1.0	0.0	0.0	0.0	0.0	1.0	0	1	0	1	30.36	0.0	921.7296	0.0	30.36	0.0	0.0	14.8	1292	10.7	13.1	233	7.02	34.4	26.52	38.0	918.14777	1.1200904	6.822358					39.7	114.67	53.46	46.65	0.47		1200.0
"Amhara"	"North_Gonder"	"West_Belesa"	"Dikuana"	12	726	"Sorghum"	"Footslope"	1.0	50	5	35	1	6	3.1	60.0	1.0	0.25	0.0625	0.0	0.0	0.0	0.0	0.0	1.0	0	1	0	1	0.0	0.0	0.0	0.0	0.0	0.0	0.0	14.8	1292	10.7	13.1	233	7.02	34.4	26.52	38.0	918.14777	1.1200904	6.822358						114.67	53.46	46.65			800.0
"Amhara"	"North_Gonder"	"West_Belesa"	"Dikuana"	12	694	"Teff"	"Footslope"	0.0	40	0	41	1	4	2.5	60.0	0.0	0.4	0.16	1.0	0.0	0.0	0.0	0.0	0.0	0	0	0	1	14.25	12.75	203.0625	181.6875	14.25	0.0	0.0	13.5	1107	10.2	12.1	209	7.0	36.2	24.95	36.0	918.14777	1.1200904	6.822358		40.833332				114.67	53.46	46.65	0.47		750.0
"Amhara"	"North_Gonder"	"West_Belesa"	"Dikuana"	12	701	"Teff"	"Hillslope"	1.0	55	3	41	1	9	4.4	60.0	1.0	0.65	0.4225	1.0	0.0	1.0	1.0	0.0	0.0	0	1	0	1	16.153847	6.5384617	260.94678	105.62131	0.0	0.0	16.153847	13.5	1107	10.2	12.1	209	7.0	36.2	24.95	36.0	918.14777	1.1200904	6.822358		50.0			50.0	114.67	53.46	46.65	0.47		923.0769
"Amhara"	"North_Gonder"	"West_Belesa"	"Dikuana"	12	701	"Sorghum"	"Footslope"	1.0	55	3	41	1	9	4.4	60.0	0.0	0.375	0.140625	1.0	0.0	0.0	0.0	0.0	1.0	0	1	0	1	28.0	11.333333	784.0	317.3333	28.0	0.0	0.0	13.5	1107	10.2	12.1	209	7.0	36.2	24.95	36.0	918.14777	1.1200904	6.822358		50.0			50.0	114.67	53.46	46.65			3866.6667
"Amhara"	"North_Gonder"	"West_Belesa"	"Dikuana"	12	701	"Wheat"	"Footslope"	1.0	55	3	41	1	9	4.4	60.0	1.0	0.25	0.0625	1.0	0.0	0.0	1.0	0.0	1.0	0	1	0	1	38.0	34.0	1444.0	1292.0	38.0	0.0	0.0	13.5	1107	10.2	12.1	209	7.0	36.2	24.95	36.0	918.14777	1.1200904	6.822358		50.0				114.67	53.46	46.65		0.41	1200.0
"Amhara"	"North_Gonder"	"West_Belesa"	"Dikuana"	12	702	"Sorghum"	"Footslope"	1.0	50	3	36	1	8	3.5	60.0	1.0	0.5	0.25	1.0	0.0	0.0	0.0	0.0	0.0	0	0	0	1	19.0	17.0	361.0	323.0	19.0	0.0	0.0	13.4	765	9.4	11.9	225	7.11	36.0	26.45	36.0	933.8611	1.0995116	6.839328		50.0				114.67	53.46	46.65			1400.0
"Amhara"	"North_Gonder"	"West_Belesa"	"Dikuana"	12	724	"Sorghum"	"Hillslope"	1.0	74	0	60	1	5	3.0	60.0	1.0	0.5	0.25	0.0	0.0	0.0	0.0	0.0	1.0	0	0	0	1	0.0	0.0	0.0	0.0	0.0	0.0	0.0	14.8	1292	10.7	13.1	233	7.02	34.4	26.52	38.0	918.14777	1.1200904	6.822358						114.67	53.46	46.65			800.0
"Amhara"	"North_Gonder"	"West_Belesa"	"Dikuana"	12	724	"Teff"	"Footslope"	1.0	74	0	60	1	5	3.0	60.0	0.0	0.25	0.0625	1.0	0.0	0.0	0.0	0.0	1.0	0	1	0	1	7.6	6.8	57.76	51.68	7.6	0.0	0.0	14.8	1292	10.7	13.1	233	7.02	34.4	26.52	38.0	918.14777	1.1200904	6.822358		50.0				114.67	53.46	46.65	0.47		400.0
"Amhara"	"North_Gonder"	"West_Belesa"	"Dikuana"	12	726	"Teff"	"Footslope"	1.0	50	5	35	1	6	3.1	60.0	1.0	0.25	0.0625	1.0	0.0	0.0	0.0	0.0	1.0	0	1	0	1	30.36	0.0	921.7296	0.0	30.36	0.0	0.0	14.8	1292	10.7	13.1	233	7.02	34.4	26.52	38.0	918.14777	1.1200904	6.822358					39.7	114.67	53.46	46.65	0.47		400.0
"Amhara"	"North_Gonder"	"West_Belesa"	"Dikuana"	12	696	"Teff"	"Footslope"	1.0	46	0	32	1	6	3.3	60.0	0.0	0.12	0.0144	1.0	0.0	0.0	0.0	0.0	0.0	0	0	0	1	77.91667	35.416668	6071.008	2759.5488	77.91667	0.0	0.0	14.8	1292	10.7	13.1	233	7.02	34.4	26.52	38.0	918.14777	1.1200904	6.822358		24.0			25.0	114.67	53.46	46.65	0.47		833.3333
"Amhara"	"North_Gonder"	"West_Belesa"	"Dikuana"	12	692	"Sorghum"	"Footslope"	1.0	47	0	23	1	7	3.2	60.0	1.0	0.25	0.0625	1.0	0.0	0.0	0.0	0.0	1.0	1	0	0	1	19.0	17.0	361.0	323.0	19.0	0.0	0.0	14.8	1292	10.7	13.1	233	7.02	34.4	26.52	38.0	918.14777	1.1200904	6.822358		34.0				114.67	53.46	46.65			2800.0
"Amhara"	"North_Gonder"	"West_Belesa"	"Dikuana"	12	726	"Teff"	"Footslope"	1.0	50	5	35	1	6	3.1	60.0	1.0	0.25	0.0625	1.0	0.0	0.0	1.0	0.0	1.0	0	1	1	1	30.36	0.0	921.7296	0.0	30.36	0.0	0.0	14.8	1292	10.7	13.1	233	7.02	34.4	26.52	38.0	918.14777	1.1200904	6.822358					39.7	114.67	53.46	46.65	0.47		800.0
"Amhara"	"North_Gonder"	"West_Belesa"	"Dikuana"	12	702	"Teff"	"Midslope"	1.0	50	3	36	1	8	3.5	60.0	0.0	0.5	0.25	1.0	0.0	0.0	0.0	0.0	1.0	0	1	0	1	12.45	0.85	155.0025	10.5825	0.0	12.45	0.0	13.4	765	9.4	11.9	225	7.11	36.0	26.45	36.0	933.8611	1.0995116	6.839328		500.0			50.0	114.67	53.46	46.65	0.47		600.0
"Amhara"	"North_Gonder"	"West_Belesa"	"Dikuana"	12	715	"Sorghum"	"Footslope"	1.0	55	0	40	1	5	2.6	60.0	1.0	0.5	0.25	1.0	0.0	0.0	0.0	0.0	1.0	0	1	0	1	32.5	8.5	1056.25	276.25	32.5	0.0	0.0	14.8	1292	10.7	13.1	233	7.02	34.4	26.52	38.0	918.14777	1.1200904	6.822358		50.0			50.0	114.67	53.46	46.65			2600.0
"Amhara"	"North_Gonder"	"West_Belesa"	"Dikuana"	12	725	"Sorghum"	"Midslope"	1.0	48	0	25	1	7	3.4	60.0	1.0	0.25	0.0625	1.0	0.0	0.0	0.0	0.0	1.0	0	1	0	1	3.8	3.4	14.44	12.92	0.0	3.8	0.0	14.8	1292	10.7	13.1	233	7.02	34.4	26.52	38.0	918.14777	1.1200904	6.822358		50.0				114.67	53.46	46.65			2800.0
"Amhara"	"North_Gonder"	"West_Belesa"	"Dikuana"	12	694	"Sorghum"	"Footslope"	0.0	40	0	41	1	4	2.5	60.0	1.0	0.5	0.25	1.0	0.0	0.0	0.0	0.0	0.0	0	0	0	1	3.8	3.4	14.44	12.92	3.8	0.0	0.0	13.5	1107	10.2	12.1	209	7.0	36.2	24.95	36.0	918.14777	1.1200904	6.822358		35.0				114.67	53.46	46.65			2000.0
"Amhara"	"North_Gonder"	"West_Belesa"	"Dikuana"	12	724	"Sorghum"	"Footslope"	1.0	74	0	60	1	5	3.0	60.0	1.0	0.25	0.0625	0.0	0.0	0.0	0.0	0.0	1.0	0	1	0	1	0.0	0.0	0.0	0.0	0.0	0.0	0.0	14.8	1292	10.7	13.1	233	7.02	34.4	26.52	38.0	918.14777	1.1200904	6.822358						114.67	53.46	46.65			800.0
"Amhara"	"North_Gonder"	"West_Belesa"	"Dikuana"	12	724	"Teff"	"Midslope"	1.0	74	0	60	1	5	3.0	60.0	0.0	0.25	0.0625	1.0	0.0	0.0	0.0	0.0	1.0	0	1	1	1	11.4	10.2	129.95999	116.27999	0.0	11.4	0.0	14.8	1292	10.7	13.1	233	7.02	34.4	26.52	38.0	918.14777	1.1200904	6.822358		50.0				114.67	53.46	46.65	0.47		400.0
"Amhara"	"North_Gonder"	"West_Belesa"	"Dikuana"	12	694	"Teff"	"Midslope"	0.0	40	0	41	1	4	2.5	60.0	1.0	1.0	1.0	1.0	0.0	0.0	0.0	0.0	0.0	0	0	1	1	1.9	1.7	3.61	3.23	0.0	1.9	0.0	13.5	1107	10.2	12.1	209	7.0	36.2	24.95	36.0	918.14777	1.1200904	6.822358		35.0				114.67	53.46	46.65	0.47		1000.0
"Amhara"	"North_Gonder"	"West_Belesa"	"Dikuana"	12	702	"Teff"	"Midslope"	1.0	50	3	36	1	8	3.5	60.0	1.0	1.0	1.0	1.0	0.0	0.0	0.0	0.0	1.0	0	0	0	1	10.5	4.25	110.25	44.625	0.0	10.5	0.0	13.4	765	9.4	11.9	225	7.11	36.0	26.45	36.0	933.8611	1.0995116	6.839328		50.0			50.0	114.67	53.46	46.65	0.47		400.0
"Amhara"	"North_Gonder"	"West_Belesa"	"Dikuana"	12	724	"Teff"	"Footslope"	1.0	74	0	60	1	5	3.0	60.0	0.0	0.25	0.0625	1.0	0.0	1.0	0.0	0.0	1.0	0	1	0	1	19.0	17.0	361.0	323.0	19.0	0.0	0.0	14.8	1292	10.7	13.1	233	7.02	34.4	26.52	38.0	918.14777	1.1200904	6.822358		50.0				114.67	53.46	46.65	0.47		1600.0
"Amhara"	"North_Gonder"	"West_Belesa"	"Dikuana"	12	714	"Teff"	"Midslope"	1.0	55	0	40	1	7	3.2	60.0	1.0	0.5	0.25	1.0	0.0	0.0	0.0	0.0	0.0	0	1	1	1	3.8	3.4	14.44	12.92	0.0	3.8	0.0	14.8	1292	10.7	13.1	233	7.02	34.4	26.52	38.0	918.14777	1.1200904	6.822358		50.0				114.67	53.46	46.65	0.47		8.0
"Amhara"	"North_Gonder"	"West_Belesa"	"Dikuana"	12	726	"Sorghum"	"Midslope"	1.0	50	5	35	1	6	3.1	60.0	0.0	0.5	0.25	0.0	0.0	0.0	0.0	0.0	1.0	0	1	0	1	0.0	0.0	0.0	0.0	0.0	0.0	0.0	14.8	1292	10.7	13.1	233	7.02	34.4	26.52	38.0	918.14777	1.1200904	6.822358						114.67	53.46	46.65			400.0
"Amhara"	"North_Gonder"	"West_Belesa"	"Dikuana"	12	701	"Teff"	"Hillslope"	1.0	55	3	41	1	9	4.4	60.0	1.0	0.25	0.0625	1.0	0.0	0.0	1.0	0.0	1.0	0	1	0	1	42.0	17.0	1764.0	714.0	0.0	0.0	42.0	13.5	1107	10.2	12.1	209	7.0	36.2	24.95	36.0	918.14777	1.1200904	6.822358		50.0			50.0	114.67	53.46	46.65	0.47		1200.0
"Amhara"	"North_Gonder"	"West_Belesa"	"Dikuana"	12	702	"Wheat"	"Footslope"	1.0	50	3	36	1	8	3.5	60.0	0.0	0.5	0.25	1.0	0.0	0.0	1.0	0.0	1.0	0	0	0	1	19.0	17.0	361.0	323.0	19.0	0.0	0.0	13.4	765	9.4	11.9	225	7.11	36.0	26.45	36.0	933.8611	1.0995116	6.839328		50.0				114.67	53.46	46.65		0.41	11.0
"Amhara"	"North_Gonder"	"West_Belesa"	"Dikuana"	12	725	"Teff"	"Footslope"	1.0	48	0	25	1	7	3.4	60.0	1.0	0.5	0.25	1.0	0.0	0.0	0.0	0.0	1.0	0	1	1	1	10.299999	5.1	106.08998	52.529995	10.299999	0.0	0.0	14.8	1292	10.7	13.1	233	7.02	34.4	26.52	38.0	918.14777	1.1200904	6.822358		50.0			50.0	114.67	53.46	46.65	0.47		600.0
"Amhara"	"North_Gonder"	"West_Belesa"	"Dikuana"	12	725	"Teff"	"Midslope"	1.0	48	0	25	1	7	3.4	60.0	1.0	0.25	0.0625	1.0	0.0	0.0	0.0	0.0	1.0	0	1	0	1	24.4	13.6	595.36	331.84	0.0	24.4	0.0	14.8	1292	10.7	13.1	233	7.02	34.4	26.52	38.0	918.14777	1.1200904	6.822358		50.0			50.0	114.67	53.46	46.65	0.47		400.0
"Amhara"	"North_Gonder"	"West_Belesa"	"Dikuana"	12	715	"Teff"	"Footslope"	1.0	55	0	40	1	5	2.6	60.0	1.0	0.5	0.25	1.0	0.0	0.0	0.0	0.0	1.0	0	1	1	1	32.5	8.5	1056.25	276.25	32.5	0.0	0.0	14.8	1292	10.7	13.1	233	7.02	34.4	26.52	38.0	918.14777	1.1200904	6.822358		50.0			50.0	114.67	53.46	46.65	0.47		2400.0
"Oromia"	"Jimma"	"SeKoru"	"Wongesho"	13	426	"Wheat"	"Footslope"	1.0	32	6	1	1	4	2.1	15.0	0.0	0.5	0.25	1.0	0.0	1.0	1.0	0.0	1.0	0	1	0	1	42.0	17.0	1764.0	714.0	42.0	0.0	0.0	26.9	24070	19.0	10.2	216	5.74	30.8	25.57	39.3	895.44336	3.1165743	6.797319			0.0		50.0	120.72	52.3	45.31		0.38	600.0
"Oromia"	"Jimma"	"SeKoru"	"Wongesho"	13	406	"Teff"	"Midslope"	1.0	45	3	24	1	5	2.6	15.0	1.0	0.125	0.015625	1.0	0.0	0.0	0.0	0.0	0.0	1	1	0	1	168.0	68.0	28224.0	11424.0	0.0	168.0	0.0	27.9	30987	20.3	10.0	207	5.7	31.3	25.78	38.6	895.44336	3.1165743	6.797319			40.0		36.0	120.72	52.3	45.31	0.43		4.08
"Oromia"	"Jimma"	"SeKoru"	"Wongesho"	13	436	"Teff"	"Hillslope"	1.0	54	4	30	1	17	7.6	15.0	1.0	0.25	0.0625	1.0	0.0	0.0	0.0	0.0	0.0	1	1	0	1	260.0	68.0	67600.0	17680.0	0.0	0.0	260.0	27.9	30987	20.3	10.0	207	5.7	31.3	25.78	38.6	895.44336	3.1165743	6.797319			50.0		50.0	120.72	52.3	45.31	0.43		400.0
"Oromia"	"Jimma"	"SeKoru"	"Wongesho"	13	437	"Teff"	"Midslope"	1.0	29	8	10	1	7	3.0	15.0	1.0	1.0	1.0	1.0	0.0	0.0	0.0	0.0	0.0	1	1	0	1	42.0	17.0	1764.0	714.0	0.0	42.0	0.0	26.9	24070	19.0	10.2	216	5.74	30.8	25.57	39.3	895.44336	3.1165743	6.797319			25.0		50.0	120.72	52.3	45.31	0.43		655.0
"Oromia"	"Jimma"	"SeKoru"	"Wongesho"	13	172	"Teff"	"Hillslope"	1.0	30	10	18	1	7	3.2	15.0	1.0	0.5	0.25	1.0	0.0	0.0	0.0	0.0	0.0	1	1	0	1	9.5	8.5	90.25	80.75	0.0	0.0	9.5	26.8	26939	19.9	9.9	216	5.71	32.9	25.67	36.9	895.44336	3.1165743	6.797319			50.0			120.72	52.3	45.31	0.43		400.0
"Oromia"	"Jimma"	"SeKoru"	"Wongesho"	13	423	"Sorghum"	"Midslope"	0.0	40	0	31	1	9	4.2	15.0	1.0	0.25	0.0625	0.0	0.0	0.0	0.0	0.0	0.0	0	1	0	1	0.0	0.0	0.0	0.0	0.0	0.0	0.0	26.1	21537	19.3	10.2	229	5.73	32.2	25.55	37.6	895.44336	3.1165743	6.797319						120.72	52.3	45.31			2.72
"Oromia"	"Jimma"	"SeKoru"	"Wongesho"	13	173	"Teff"	"Hillslope"	1.0	28	0	10	1	6	2.9	15.0	1.0	0.5	0.25	1.0	0.0	0.0	0.0	0.0	0.0	1	1	0	1	42.0	17.0	1764.0	714.0	0.0	0.0	42.0	26.9	24070	19.0	10.2	216	5.74	30.8	25.57	39.3	895.44336	3.1165743	6.797319			50.0		48.0	120.72	52.3	45.31	0.43		200.0
"Oromia"	"Jimma"	"SeKoru"	"Wongesho"	13	423	"Sorghum"	"Midslope"	0.0	40	0	31	1	9	4.2	15.0	1.0	0.25	0.0625	0.0	0.0	0.0	0.0	0.0	0.0	0	1	0	0	0.0	0.0	0.0	0.0	0.0	0.0	0.0	26.1	21537	19.3	10.2	229	5.73	32.2	25.55	37.6	895.44336	3.1165743	6.797319						120.72	52.3	45.31			306.0
"Oromia"	"Jimma"	"SeKoru"	"Wongesho"	13	284	"Teff"	"Midslope"	1.0	18	9	10	0	13	5.8	15.0	1.0	0.5	0.25	1.0	0.0	0.0	1.0	0.0	0.0	1	0	0	0	61.0	34.0	3721.0	2074.0	0.0	61.0	0.0	26.9	24070	19.0	10.2	216	5.74	30.8	25.57	39.3	895.44336	3.1165743	6.797319		50.0			40.0	120.72	52.3	45.31	0.43		300.0
"Oromia"	"Jimma"	"SeKoru"	"Wongesho"	13	405	"Teff"	"Midslope"	1.0	42	2	15	1	8	4.1	15.0	1.0	0.25	0.0625	1.0	0.0	0.0	0.0	0.0	0.0	1	1	0	1	38.0	34.0	1444.0	1292.0	0.0	38.0	0.0	26.8	26939	19.9	9.9	216	5.71	32.9	25.67	36.9	895.44336	3.1165743	6.797319			38.0			120.72	52.3	45.31	0.43		400.0
"Oromia"	"Jimma"	"SeKoru"	"Wongesho"	13	436	"Teff"	"Midslope"	1.0	54	4	30	1	17	7.6	15.0	0.0	1.0	1.0	1.0	0.0	0.0	0.0	0.0	0.0	1	1	0	1	42.0	17.0	1764.0	714.0	0.0	42.0	0.0	27.9	30987	20.3	10.0	207	5.7	31.3	25.78	38.6	895.44336	3.1165743	6.797319			50.0		50.0	120.72	52.3	45.31	0.43		150.0
"Oromia"	"Jimma"	"SeKoru"	"Wongesho"	13	172	"Sorghum"	"Hillslope"	1.0	30	10	18	1	7	3.2	15.0	1.0	0.125	0.015625	0.0	0.0	0.0	0.0	0.0	0.0	0	1	0	1	0.0	0.0	0.0	0.0	0.0	0.0	0.0	26.8	26939	19.9	9.9	216	5.71	32.9	25.67	36.9	895.44336	3.1165743	6.797319						120.72	52.3	45.31			800.0
"Oromia"	"Jimma"	"SeKoru"	"Wongesho"	13	423	"Teff"	"Hillslope"	0.0	40	0	31	1	9	4.2	15.0	1.0	0.375	0.140625	1.0	0.0	0.0	1.0	0.0	0.0	0	1	0	1	56.0	22.666666	3136.0	1269.3333	0.0	0.0	56.0	26.1	21537	19.3	10.2	229	5.73	32.2	25.55	37.6	895.44336	3.1165743	6.797319			48.0		38.0	120.72	52.3	45.31	0.43		90.666664
"Oromia"	"Jimma"	"SeKoru"	"Wongesho"	13	284	"Wheat"	"Midslope"	1.0	18	9	10	0	13	5.8	15.0	1.0	0.25	0.0625	1.0	0.0	0.0	0.0	0.0	0.0	1	0	0	1	24.4	13.6	595.36	331.84	0.0	24.4	0.0	26.9	24070	19.0	10.2	216	5.74	30.8	25.57	39.3	895.44336	3.1165743	6.797319		25.0			24.95	120.72	52.3	45.31		0.38	4.0
"Oromia"	"Jimma"	"SeKoru"	"Wongesho"	13	173	"Sorghum"	"Hillslope"	1.0	28	0	10	1	6	2.9	15.0	1.0	0.125	0.015625	0.0	0.0	0.0	0.0	0.0	0.0	0	1	0	1	0.0	0.0	0.0	0.0	0.0	0.0	0.0	26.9	24070	19.0	10.2	216	5.74	30.8	25.57	39.3	895.44336	3.1165743	6.797319						120.72	52.3	45.31			5200.0
"Oromia"	"Jimma"	"SeKoru"	"Wongesho"	13	447	"Sorghum"	"Footslope"	1.0	33	5	14	1	5	2.4	15.0	1.0	0.125	0.015625	0.0	0.0	0.0	0.0	0.0	0.0	0	1	0	1	0.0	0.0	0.0	0.0	0.0	0.0	0.0	26.8	26939	19.9	9.9	216	5.71	32.9	25.67	36.9	895.44336	3.1165743	6.797319						120.72	52.3	45.31			1440.0
"Oromia"	"Jimma"	"SeKoru"	"Wongesho"	13	200	"Teff"	"Footslope"	1.0	45	10	30	1	11	4.4	15.0	1.0	0.25	0.0625	1.0	0.0	0.0	0.0	0.0	0.0	1	1	0	1	19.0	17.0	361.0	323.0	19.0	0.0	0.0	26.9	24070	19.0	10.2	216	5.74	30.8	25.57	39.3	895.44336	3.1165743	6.797319			50.0			120.72	52.3	45.31	0.43		6.0
"Oromia"	"Jimma"	"SeKoru"	"Wongesho"	13	426	"Teff"	"Footslope"	1.0	32	6	1	1	4	2.1	15.0	1.0	0.375	0.140625	1.0	0.0	0.0	0.0	0.0	0.0	1	1	0	1	99.333336	34.0	9867.111	3377.3335	99.333336	0.0	0.0	26.9	24070	19.0	10.2	216	5.74	30.8	25.57	39.3	895.44336	3.1165743	6.797319			50.0		50.0	120.72	52.3	45.31	0.43		266.66666
"Oromia"	"Jimma"	"SeKoru"	"Wongesho"	13	447	"Teff"	"Hillslope"	1.0	33	5	14	1	5	2.4	15.0	0.0	0.5	0.25	1.0	0.0	0.0	0.0	0.0	0.0	1	1	0	0	16.86	8.5	284.2596	143.31	0.0	0.0	16.86	26.8	26939	19.9	9.9	216	5.71	32.9	25.67	36.9	895.44336	3.1165743	6.797319			50.0		50.0	120.72	52.3	45.31	0.43		500.0
"Oromia"	"Jimma"	"SeKoru"	"Wongesho"	13	423	"Teff"	"Hillslope"	0.0	40	0	31	1	9	4.2	15.0	1.0	0.375	0.140625	1.0	0.0	0.0	1.0	0.0	0.0	1	1	0	1	56.0	22.666666	3136.0	1269.3333	0.0	0.0	56.0	26.1	21537	19.3	10.2	229	5.73	32.2	25.55	37.6	895.44336	3.1165743	6.797319			48.0		75.0	120.72	52.3	45.31	0.43		90.666664
"Oromia"	"Jimma"	"SeKoru"	"Wongesho"	13	406	"Sorghum"	"Hillslope"	1.0	45	3	24	1	5	2.6	15.0	1.0	0.125	0.015625	0.0	0.0	0.0	0.0	0.0	0.0	0	1	0	1	0.0	0.0	0.0	0.0	0.0	0.0	0.0	27.9	30987	20.3	10.0	207	5.7	31.3	25.78	38.6	895.44336	3.1165743	6.797319						120.72	52.3	45.31			400.0
"Oromia"	"Jimma"	"SeKoru"	"Wongesho"	13	436	"Teff"	"Footslope"	1.0	54	4	30	1	17	7.6	15.0	1.0	0.5	0.25	1.0	0.0	0.0	0.0	0.0	0.0	1	1	0	1	84.0	34.0	7056.0	2856.0	84.0	0.0	0.0	27.9	30987	20.3	10.0	207	5.7	31.3	25.78	38.6	895.44336	3.1165743	6.797319			50.0		48.0	120.72	52.3	45.31	0.43		300.0
"Oromia"	"Jimma"	"SeKoru"	"Wongesho"	13	284	"Teff"	"Midslope"	1.0	18	9	10	0	13	5.8	15.0	1.0	0.5	0.25	1.0	0.0	0.0	0.0	0.0	0.0	1	0	0	1	38.0	34.0	1444.0	1292.0	0.0	38.0	0.0	26.9	24070	19.0	10.2	216	5.74	30.8	25.57	39.3	895.44336	3.1165743	6.797319		50.0				120.72	52.3	45.31	0.43		300.0
"Oromia"	"Jimma"	"SeKoru"	"Wongesho"	13	200	"Teff"	"Footslope"	1.0	45	10	30	1	11	4.4	15.0	1.0	0.25	0.0625	1.0	0.0	0.0	0.0	0.0	0.0	1	1	0	1	19.0	17.0	361.0	323.0	19.0	0.0	0.0	26.9	24070	19.0	10.2	216	5.74	30.8	25.57	39.3	895.44336	3.1165743	6.797319			50.0			120.72	52.3	45.31	0.43		7.0
"Oromia"	"Jimma"	"SeKoru"	"Wongesho"	13	200	"Sorghum"	"Footslope"	1.0	45	10	30	1	11	4.4	15.0	1.0	0.25	0.0625	0.0	0.0	0.0	0.0	0.0	0.0	0	1	0	1	0.0	0.0	0.0	0.0	0.0	0.0	0.0	26.9	24070	19.0	10.2	216	5.74	30.8	25.57	39.3	895.44336	3.1165743	6.797319						120.72	52.3	45.31			1300.0
"Oromia"	"Jimma"	"SeKoru"	"Wongesho"	13	436	"Teff"	"Midslope"	1.0	54	4	30	1	17	7.6	15.0	1.0	1.0	1.0	1.0	0.0	0.0	0.0	0.0	0.0	1	1	0	0	53.5	17.0	2862.25	909.5	0.0	53.5	0.0	27.9	30987	20.3	10.0	207	5.7	31.3	25.78	38.6	895.44336	3.1165743	6.797319			50.0		46.666668	120.72	52.3	45.31	0.43		200.0
"Oromia"	"Jimma"	"SeKoru"	"Wongesho"	13	447	"Teff"	"Midslope"	1.0	33	5	14	1	5	2.4	15.0	1.0	0.25	0.0625	1.0	0.0	0.0	0.0	0.0	0.0	1	1	0	1	84.0	34.0	7056.0	2856.0	0.0	84.0	0.0	26.8	26939	19.9	9.9	216	5.71	32.9	25.67	36.9	895.44336	3.1165743	6.797319			50.0		50.0	120.72	52.3	45.31	0.43		720.0
"Southern_Nations,_Nationalities_and_Peoples"	"Hadiya"	"Anlemo"	"D_Fonko"	14	369	"Wheat"	"Midslope"	0.0	38	8	0	1	8	3.7	45.0	1.0	0.75	0.5625	1.0	0.0	0.0	1.0	1.0	0.0	1	1	0	0	56.0	22.666666	3136.0	1269.3333	0.0	56.0	0.0	23.9	63134	20.8	10.4	236	5.76	35.7	27.66	34.9	678.8492	2.1924362	6.520399			40.0		34.0	122.76	54.66	47.98		0.39	1600.0
"Southern_Nations,_Nationalities_and_Peoples"	"Hadiya"	"Anlemo"	"D_Fonko"	14	465	"Wheat"	"Midslope"	1.0	42	9	10	1	11	5.0	45.0	1.0	0.5	0.25	1.0	0.0	0.0	1.0	1.0	1.0	1	1	0	0	84.0	34.0	7056.0	2856.0	0.0	84.0	0.0	23.9	63134	20.8	10.4	236	5.76	35.7	27.66	34.9	678.8492	2.1924362	6.520399			36.4		36.5	122.76	54.66	47.98		0.39	1600.0
"Southern_Nations,_Nationalities_and_Peoples"	"Hadiya"	"Anlemo"	"D_Fonko"	14	506	"Wheat"	"Midslope"	1.0	55	0	4	1	4	2.5	45.0	1.0	0.5	0.25	1.0	0.0	0.0	0.0	0.0	0.0	1	1	0	1	65.0	17.0	4225.0	1105.0	0.0	65.0	0.0	23.9	63134	20.8	10.4	236	5.76	35.7	27.66	34.9	678.8492	2.1924362	6.520399			36.5		36.5	122.76	54.66	47.98		0.39	800.0
"Southern_Nations,_Nationalities_and_Peoples"	"Hadiya"	"Anlemo"	"D_Fonko"	14	402	"Teff"	"Hillslope"	1.0	60	2	10	1	6	3.3	45.0	1.0	1.0	1.0	1.0	0.0	0.0	1.0	0.0	1.0	0	1	0	1	16.25	4.25	264.0625	69.0625	0.0	0.0	16.25	23.9	63134	20.8	10.4	236	5.76	35.7	27.66	34.9	678.8492	2.1924362	6.520399			28.0		24.95	122.76	54.66	47.98	0.45		100.0
"Southern_Nations,_Nationalities_and_Peoples"	"Hadiya"	"Anlemo"	"D_Fonko"	14	499	"Teff"	"Midslope"	1.0	46	8	26	1	8	4.3	45.0	1.0	0.25	0.0625	1.0	0.0	1.0	0.0	0.0	0.0	1	0	0	1	65.0	17.0	4225.0	1105.0	0.0	65.0	0.0	23.9	63134	20.8	10.4	236	5.76	35.7	27.66	34.9	678.8492	2.1924362	6.520399			80.0		40.0	122.76	54.66	47.98	0.45		400.0
"Southern_Nations,_Nationalities_and_Peoples"	"Hadiya"	"Anlemo"	"D_Fonko"	14	434	"Wheat"	"Midslope"	1.0	60	6	15	1	8	3.9	45.0	1.0	0.5	0.25	1.0	0.0	1.0	1.0	1.0	0.0	1	1	0	1	47.4	13.6	2246.7603	644.64	0.0	47.4	0.0	23.9	63134	20.8	10.4	236	5.76	35.7	27.66	34.9	678.8492	2.1924362	6.520399			36.25		47.142857	122.76	54.66	47.98		0.39	24.0
"Southern_Nations,_Nationalities_and_Peoples"	"Hadiya"	"Anlemo"	"D_Fonko"	14	402	"Wheat"	"Hillslope"	1.0	60	2	10	1	6	3.3	45.0	1.0	1.0	1.0	1.0	0.0	0.0	1.0	0.0	1.0	1	0	0	1	42.0	17.0	1764.0	714.0	0.0	0.0	42.0	23.9	63134	20.8	10.4	236	5.76	35.7	27.66	34.9	678.8492	2.1924362	6.520399			40.0		38.0	122.76	54.66	47.98		0.39	2.5
"Southern_Nations,_Nationalities_and_Peoples"	"Hadiya"	"Anlemo"	"D_Fonko"	14	434	"Wheat"	"Midslope"	1.0	60	6	15	1	8	3.9	45.0	0.0	0.5	0.25	1.0	0.0	1.0	1.0	1.0	0.0	1	1	0	1	65.0	17.0	4225.0	1105.0	0.0	65.0	0.0	23.9	63134	20.8	10.4	236	5.76	35.7	27.66	34.9	678.8492	2.1924362	6.520399			39.0		38.0	122.76	54.66	47.98		0.39	20.0
"Southern_Nations,_Nationalities_and_Peoples"	"Hadiya"	"Anlemo"	"D_Fonko"	14	296	"Teff"	"Midslope"	1.0	47	4	10	1	7	3.2	45.0	0.0	0.375	0.140625	1.0	0.0	0.0	0.0	0.0	0.0	1	1	0	1	43.333332	11.333333	1877.7777	491.11108	0.0	43.333332	0.0	23.9	63134	20.8	10.4	236	5.76	35.7	27.66	34.9	678.8492	2.1924362	6.520399			36.0		36.0	122.76	54.66	47.98	0.45		5.3333335
"Southern_Nations,_Nationalities_and_Peoples"	"Hadiya"	"Anlemo"	"D_Fonko"	14	322	"Teff"	"Midslope"	1.0	40	8	5	1	8	3.7	45.0	1.0	0.25	0.0625	1.0	0.0	0.0	0.0	0.0	0.0	1	1	0	1	65.0	17.0	4225.0	1105.0	0.0	65.0	0.0	23.9	63134	20.8	10.4	236	5.76	35.7	27.66	34.9	678.8492	2.1924362	6.520399			36.0		36.8	122.76	54.66	47.98	0.45		6.0
"Southern_Nations,_Nationalities_and_Peoples"	"Hadiya"	"Anlemo"	"D_Fonko"	14	478	"Wheat"	"Midslope"	1.0	45	11	0	1	8	3.7	45.0	1.0	1.0	1.0	1.0	0.0	0.0	0.0	0.0	0.0	1	1	0	0	0.65	0.17	0.42249995	0.1105	0.0	0.65	0.0	24.6	62871	21.4	9.4	234	5.74	35.0	28.12	35.3	678.8492	2.1924362	6.520399			4000.0		75.0	122.76	54.66	47.98		0.39	2000.0
"Southern_Nations,_Nationalities_and_Peoples"	"Hadiya"	"Anlemo"	"D_Fonko"	14	296	"Wheat"	"Midslope"	1.0	47	4	10	1	7	3.2	45.0	1.0	0.5	0.25	1.0	0.0	1.0	1.0	0.0	0.0	1	0	0	1	65.0	17.0	4225.0	1105.0	0.0	65.0	0.0	23.9	63134	20.8	10.4	236	5.76	35.7	27.66	34.9	678.8492	2.1924362	6.520399			36.0		37.0	122.76	54.66	47.98		0.39	18.0
"Southern_Nations,_Nationalities_and_Peoples"	"Hadiya"	"Anlemo"	"D_Fonko"	14	409	"Wheat"	"Footslope"	1.0	45	4	10	1	6	2.9	45.0	1.0	0.5	0.25	1.0	0.0	0.0	1.0	0.0	1.0	1	1	0	1	32.5	8.5	1056.25	276.25	32.5	0.0	0.0	23.9	63134	20.8	10.4	236	5.76	35.7	27.66	34.9	678.8492	2.1924362	6.520399			36.0		36.0	122.76	54.66	47.98		0.39	2200.0
"Southern_Nations,_Nationalities_and_Peoples"	"Hadiya"	"Anlemo"	"D_Fonko"	14	402	"Wheat"	"Hillslope"	1.0	60	2	10	1	6	3.3	45.0	0.0	1.0	1.0	1.0	0.0	1.0	1.0	0.0	1.0	1	0	0	1	42.0	17.0	1764.0	714.0	0.0	0.0	42.0	23.9	63134	20.8	10.4	236	5.76	35.7	27.66	34.9	678.8492	2.1924362	6.520399			39.0		38.0	122.76	54.66	47.98		0.39	5.5
"Southern_Nations,_Nationalities_and_Peoples"	"Hadiya"	"Anlemo"	"D_Fonko"	14	322	"Wheat"	"Midslope"	1.0	40	8	5	1	8	3.7	45.0	1.0	0.375	0.140625	1.0	0.0	1.0	1.0	0.0	0.0	1	1	0	1	43.333332	11.333333	1877.7777	491.11108	0.0	43.333332	0.0	23.9	63134	20.8	10.4	236	5.76	35.7	27.66	34.9	678.8492	2.1924362	6.520399			36.0		36.8	122.76	54.66	47.98		0.39	2133.3333
"Southern_Nations,_Nationalities_and_Peoples"	"Hadiya"	"Anlemo"	"Samen_Daresh"	15	190	"Teff"	"Midslope"	0.0	45	0	0	1	9	4.0	25.0	1.0	0.25	0.0625	1.0	0.0	0.0	0.0	0.0	0.0	1	1	0	1	111.6	34.0	12454.56	3794.4	0.0	111.6	0.0	21.9	47552	20.8	9.3	224	5.82	33.6	26.62	38.2	627.18835	2.3876572	6.441247			38.0		40.0	122.76	54.66	47.98	0.45		800.0
"Southern_Nations,_Nationalities_and_Peoples"	"Hadiya"	"Anlemo"	"Samen_Daresh"	15	231	"Teff"	"Footslope"	0.0	52	0	32	1	6	3.3	25.0	1.0	0.125	0.015625	0.0	0.0	0.0	0.0	0.0	0.0	1	1	0	0	0.0	0.0	0.0	0.0	0.0	0.0	0.0	21.9	47552	20.8	9.3	224	5.82	33.6	26.62	38.2	627.18835	2.3876572	6.441247						122.76	54.66	47.98	0.45		80.0
"Southern_Nations,_Nationalities_and_Peoples"	"Hadiya"	"Anlemo"	"Samen_Daresh"	15	231	"Wheat"	"Midslope"	0.0	52	0	32	1	6	3.3	25.0	1.0	0.75	0.5625	1.0	0.0	0.0	1.0	1.0	0.0	1	1	0	0	86.666664	22.666666	7511.111	1964.4443	0.0	86.666664	0.0	21.9	47552	20.8	9.3	224	5.82	33.6	26.62	38.2	627.18835	2.3876572	6.441247			42.0		42.0	122.76	54.66	47.98		0.39	13.333333
"Southern_Nations,_Nationalities_and_Peoples"	"Hadiya"	"Anlemo"	"Samen_Daresh"	15	110	"Wheat"	"Midslope"	1.0	50	0	25	1	5	3.0	25.0	1.0	0.5	0.25	1.0	0.0	0.0	1.0	0.0	1.0	1	1	0	1	65.0	17.0	4225.0	1105.0	0.0	65.0	0.0	21.9	47552	20.8	9.3	224	5.82	33.6	26.62	38.2	627.18835	2.3876572	6.441247			76.6		75.0	122.76	54.66	47.98		0.39	1600.0
"Southern_Nations,_Nationalities_and_Peoples"	"Hadiya"	"Anlemo"	"Samen_Daresh"	15	84	"Wheat"	"Footslope"	1.0	40	5	5	1	8	3.5	25.0	1.0	0.5	0.25	1.0	0.0	0.0	0.0	0.0	1.0	1	1	0	1	107.0	34.0	11449.0	3638.0	107.0	0.0	0.0	21.9	47552	20.8	9.3	224	5.82	33.6	26.62	38.2	627.18835	2.3876572	6.441247			44.0		43.0	122.76	54.66	47.98		0.39	1800.0
"Southern_Nations,_Nationalities_and_Peoples"	"Hadiya"	"Anlemo"	"Samen_Daresh"	15	186	"Wheat"	"Midslope"	1.0	35	5	0	1	5	2.6	25.0	1.0	1.5	2.25	1.0	0.0	0.0	1.0	0.0	0.0	1	1	0	0	37.0	5.6666665	1369.0	209.66666	0.0	37.0	0.0	21.9	47552	20.8	9.3	224	5.82	33.6	26.62	38.2	627.18835	2.3876572	6.441247			56.0		50.0	122.76	54.66	47.98		0.39	266.66666
"Southern_Nations,_Nationalities_and_Peoples"	"Hadiya"	"Anlemo"	"Samen_Daresh"	15	186	"Teff"	"Midslope"	1.0	35	5	0	1	5	2.6	25.0	1.0	3.0	9.0	1.0	0.0	0.0	1.0	0.0	0.0	1	1	0	0	18.5	2.8333333	342.25	52.416664	0.0	18.5	0.0	21.9	47552	20.8	9.3	224	5.82	33.6	26.62	38.2	627.18835	2.3876572	6.441247			70.0		70.0	122.76	54.66	47.98	0.45		166.66667
"Southern_Nations,_Nationalities_and_Peoples"	"Hadiya"	"Anlemo"	"Samen_Daresh"	15	110	"Teff"	"Midslope"	1.0	50	0	25	1	5	3.0	25.0	1.0	0.5	0.25	1.0	0.0	0.0	0.0	0.0	0.0	1	1	0	1	65.0	17.0	4225.0	1105.0	0.0	65.0	0.0	21.9	47552	20.8	9.3	224	5.82	33.6	26.62	38.2	627.18835	2.3876572	6.441247			76.6		75.0	122.76	54.66	47.98	0.45		400.0
"Southern_Nations,_Nationalities_and_Peoples"	"Hadiya"	"Anlemo"	"Samen_Daresh"	15	109	"Teff"	"Midslope"	1.0	35	3	20	1	7	3.0	25.0	1.0	0.5	0.25	1.0	0.0	0.0	1.0	0.0	1.0	1	1	0	1	130.0	34.0	16900.0	4420.0	0.0	130.0	0.0	21.9	47552	20.8	9.3	224	5.82	33.6	26.62	38.2	627.18835	2.3876572	6.441247			37.0		36.9	122.76	54.66	47.98	0.45		1200.0
"Southern_Nations,_Nationalities_and_Peoples"	"Hadiya"	"Anlemo"	"Samen_Daresh"	15	87	"Wheat"	"Midslope"	0.0	36	0	0	1	3	1.8	25.0	1.0	0.25	0.0625	1.0	0.0	0.0	1.0	0.0	0.0	1	1	0	1	65.0	17.0	4225.0	1105.0	0.0	65.0	0.0	21.9	47552	20.8	9.3	224	5.82	33.6	26.62	38.2	627.18835	2.3876572	6.441247			37.48		38.0	122.76	54.66	47.98		0.39	12.0
"Southern_Nations,_Nationalities_and_Peoples"	"Hadiya"	"Anlemo"	"Samen_Daresh"	15	190	"Wheat"	"Midslope"	0.0	45	0	0	1	9	4.0	25.0	1.0	0.5	0.25	1.0	0.0	0.0	0.0	1.0	0.0	1	1	0	1	111.0	17.0	12321.0	1887.0	0.0	111.0	0.0	21.9	47552	20.8	9.3	224	5.82	33.6	26.62	38.2	627.18835	2.3876572	6.441247			38.0		39.0	122.76	54.66	47.98		0.39	1200.0
"Southern_Nations,_Nationalities_and_Peoples"	"Hadiya"	"Anlemo"	"Samen_Daresh"	15	109	"Wheat"	"Midslope"	1.0	35	3	20	1	7	3.0	25.0	1.0	0.5	0.25	1.0	0.0	0.0	1.0	0.0	1.0	1	1	0	1	130.0	34.0	16900.0	4420.0	0.0	130.0	0.0	21.9	47552	20.8	9.3	224	5.82	33.6	26.62	38.2	627.18835	2.3876572	6.441247			36.7		36.9	122.76	54.66	47.98		0.39	2400.0
"Southern_Nations,_Nationalities_and_Peoples"	"Hadiya"	"Anlemo"	"Samen_Daresh"	15	99	"Wheat"	"Midslope"	1.0	41	0	0	1	4	2.1	25.0	1.0	0.25	0.0625	1.0	0.0	1.0	0.0	0.0	0.0	1	1	0	1	65.0	17.0	4225.0	1105.0	0.0	65.0	0.0	21.9	47552	20.8	9.3	224	5.82	33.6	26.62	38.2	627.18835	2.3876572	6.441247			74.0		40.0	122.76	54.66	47.98		0.39	1600.0
"Southern_Nations,_Nationalities_and_Peoples"	"Hadiya"	"Lemo"	"Ambicho_gode"	16	40	"Sorghum"	"Midslope"	1.0	50	3	0	1	12	6.1	30.0	1.0	0.1	0.01	1.0	0.0	0.0	0.0	1.0	0.0	1	1	0	1	218.0	51.0	47524.0	11118.0	0.0	218.0	0.0	23.1	56520	20.8	8.0	218	5.76	36.6	28.2	34.2	689.825	2.3819942	6.536438			46.666668		45.714287	122.76	54.66	47.98			1500.0
"Southern_Nations,_Nationalities_and_Peoples"	"Hadiya"	"Lemo"	"Ambicho_gode"	16	16	"Wheat"	"Footslope"	1.0	35	3	0	1	6	2.9	30.0	1.0	0.5	0.25	1.0	0.0	1.0	1.0	0.0	0.0	1	1	0	1	65.0	17.0	4225.0	1105.0	65.0	0.0	0.0	23.1	56520	20.8	8.0	218	5.76	36.6	28.2	34.2	689.825	2.3819942	6.536438			35.0		37.0	122.76	54.66	47.98		0.39	10.0
"Southern_Nations,_Nationalities_and_Peoples"	"Hadiya"	"Lemo"	"Ambicho_gode"	16	41	"Teff"	"Footslope"	0.0	75	0	5	1	9	4.6	30.0	1.0	0.25	0.0625	1.0	0.0	0.0	0.0	0.0	0.0	1	1	0	1	111.0	17.0	12321.0	1887.0	111.0	0.0	0.0	23.1	56520	20.8	8.0	218	5.76	36.6	28.2	34.2	689.825	2.3819942	6.536438			80.0		38.0	122.76	54.66	47.98	0.45		1000.0
"Southern_Nations,_Nationalities_and_Peoples"	"Hadiya"	"Lemo"	"Ambicho_gode"	16	25	"Teff"	"Midslope"	1.0	60	0	42	1	3	2.0	30.0	1.0	0.5	0.25	1.0	0.0	1.0	1.0	0.0	0.0	1	1	0	0	130.0	34.0	16900.0	4420.0	0.0	130.0	0.0	20.9	49119	19.3	8.6	229	5.8	37.1	27.66	34.6	635.0031	2.3936768	6.45363			50.0		50.0	122.76	54.66	47.98	0.45		1000.0
"Southern_Nations,_Nationalities_and_Peoples"	"Hadiya"	"Lemo"	"Ambicho_gode"	16	40	"Wheat"	"Midslope"	1.0	50	3	0	1	12	6.1	30.0	1.0	0.15	0.0225	1.0	0.0	0.0	0.0	1.0	0.0	1	1	0	1	185.0	28.333334	34225.0	5241.667	0.0	185.0	0.0	23.1	56520	20.8	8.0	218	5.76	36.6	28.2	34.2	689.825	2.3819942	6.536438			84.0		40.0	122.76	54.66	47.98		0.39	2000.0
"Southern_Nations,_Nationalities_and_Peoples"	"Hadiya"	"Lemo"	"Ambicho_gode"	16	23	"Teff"	"Midslope"	1.0	45	9	27	1	9	4.2	30.0	1.0	1.0	1.0	1.0	0.0	1.0	1.0	0.0	0.0	1	1	0	0	32.5	8.5	1056.25	276.25	0.0	32.5	0.0	23.1	56520	20.8	8.0	218	5.76	36.6	28.2	34.2	689.825	2.3819942	6.536438			50.0		50.0	122.76	54.66	47.98	0.45		700.0
"Southern_Nations,_Nationalities_and_Peoples"	"Hadiya"	"Lemo"	"Ambicho_gode"	16	474	"Sorghum"	"Midslope"	1.0	40	3	8	1	7	3.6	30.0	1.0	0.065	0.004225	0.0	0.0	0.0	0.0	0.0	0.0	0	1	0	1	0.0	0.0	0.0	0.0	0.0	0.0	0.0	20.9	49119	19.3	8.6	229	5.8	37.1	27.66	34.6	635.0031	2.3936768	6.45363						122.76	54.66	47.98			769.2308
"Southern_Nations,_Nationalities_and_Peoples"	"Hadiya"	"Lemo"	"Ambicho_gode"	16	76	"Teff"	"Midslope"	1.0	60	0	15	1	12	5.9	30.0	1.0	0.25	0.0625	1.0	0.0	1.0	0.0	0.0	0.0	1	1	0	1	222.0	34.0	49284.0	7548.0	0.0	222.0	0.0	23.1	56520	20.8	8.0	218	5.76	36.6	28.2	34.2	689.825	2.3819942	6.536438			39.0		24.95	122.76	54.66	47.98	0.45		600.0
"Southern_Nations,_Nationalities_and_Peoples"	"Hadiya"	"Lemo"	"Ambicho_gode"	16	474	"Teff"	"Midslope"	1.0	40	3	8	1	7	3.6	30.0	1.0	0.5	0.25	1.0	0.0	0.0	0.0	0.0	0.0	1	1	0	0	32.5	8.5	1056.25	276.25	0.0	32.5	0.0	20.9	49119	19.3	8.6	229	5.8	37.1	27.66	34.6	635.0031	2.3936768	6.45363			38.2		38.0	122.76	54.66	47.98	0.45		8.0
"Southern_Nations,_Nationalities_and_Peoples"	"Hadiya"	"Lemo"	"Ambicho_gode"	16	41	"Wheat"	"Footslope"	0.0	75	0	5	1	9	4.6	30.0	1.0	0.25	0.0625	1.0	0.0	1.0	0.0	0.0	0.0	1	1	0	1	111.0	17.0	12321.0	1887.0	111.0	0.0	0.0	23.1	56520	20.8	8.0	218	5.76	36.6	28.2	34.2	689.825	2.3819942	6.536438			84.0		38.0	122.76	54.66	47.98		0.39	1600.0
"Southern_Nations,_Nationalities_and_Peoples"	"Hadiya"	"Lemo"	"Ambicho_gode"	16	320	"Wheat"	"Footslope"	1.0	48	6	0	1	9	4.8	30.0	1.0	0.5	0.25	1.0	0.0	1.0	0.0	0.0	0.0	1	1	0	1	32.5	8.5	1056.25	276.25	32.5	0.0	0.0	23.1	56520	20.8	8.0	218	5.76	36.6	28.2	34.2	689.825	2.3819942	6.536438			38.0		70.0	122.76	54.66	47.98		0.39	5200.0
"Southern_Nations,_Nationalities_and_Peoples"	"Hadiya"	"Lemo"	"Ambicho_gode"	16	24	"Wheat"	"Midslope"	0.0	45	3	0	1	3	1.8	30.0	1.0	0.25	0.0625	1.0	0.0	0.0	1.0	0.0	0.0	1	1	0	0	65.0	17.0	4225.0	1105.0	0.0	65.0	0.0	23.1	56520	20.8	8.0	218	5.76	36.6	28.2	34.2	689.825	2.3819942	6.536438			50.0		50.0	122.76	54.66	47.98		0.39	1200.0
"Southern_Nations,_Nationalities_and_Peoples"	"Hadiya"	"Lemo"	"Jawe"	17	431	"Wheat"	"Footslope"	1.0	56	0	30	1	9	4.4	45.0	1.0	0.5	0.25	1.0	0.0	1.0	0.0	0.0	0.0	1	1	0	1	84.0	34.0	7056.0	2856.0	84.0	0.0	0.0	23.7	42430	19.5	7.3	219	5.6	36.0	28.4	37.2	714.499	2.6479616	6.571582			38.2		38.2	122.76	54.66	47.98		0.39	3400.0
"Southern_Nations,_Nationalities_and_Peoples"	"Hadiya"	"Lemo"	"Jawe"	17	432	"Wheat"	"Midslope"	1.0	48	5	28	1	5	2.8	45.0	1.0	0.5	0.25	1.0	0.0	1.0	0.0	0.0	1.0	1	1	0	1	126.0	51.0	15876.0	6426.0	0.0	126.0	0.0	23.7	42430	19.5	7.3	219	5.6	36.0	28.4	37.2	714.499	2.6479616	6.571582			33.333332		40.0	122.76	54.66	47.98		0.39	3000.0
"Southern_Nations,_Nationalities_and_Peoples"	"Hadiya"	"Lemo"	"Jawe"	17	429	"Wheat"	"Midslope"	1.0	71	3	60	1	7	3.8	45.0	1.0	0.75	0.5625	1.0	0.0	1.0	1.0	1.0	1.0	1	1	0	0	43.333332	11.333333	1877.7777	491.11108	0.0	43.333332	0.0	23.7	42430	19.5	7.3	219	5.6	36.0	28.4	37.2	714.499	2.6479616	6.571582			50.0		50.0	122.76	54.66	47.98		0.39	3333.3333
"Southern_Nations,_Nationalities_and_Peoples"	"Hadiya"	"Lemo"	"Jawe"	17	383	"Wheat"	"Footslope"	1.0	62	1	46	1	9	4.0	45.0	1.0	0.25	0.0625	1.0	0.0	1.0	0.0	0.0	0.0	1	1	0	1	84.0	34.0	7056.0	2856.0	84.0	0.0	0.0	23.7	42430	19.5	7.3	219	5.6	36.0	28.4	37.2	714.499	2.6479616	6.571582			40.0		40.0	122.76	54.66	47.98		0.39	2800.0
"Southern_Nations,_Nationalities_and_Peoples"	"Hadiya"	"Lemo"	"Jawe"	17	281	"Wheat"	"Midslope"	1.0	50	0	25	1	11	5.6	45.0	1.0	0.125	0.015625	1.0	0.0	1.0	1.0	1.0	1.0	0	1	0	0	93.2	34.0	8686.239	3168.7998	0.0	93.2	0.0	23.7	42430	19.5	7.3	219	5.6	36.0	28.4	37.2	714.499	2.6479616	6.571582			24.0		33.333332	122.76	54.66	47.98		0.39	3200.0
"Southern_Nations,_Nationalities_and_Peoples"	"Hadiya"	"Lemo"	"Jawe"	17	281	"Wheat"	"Midslope"	1.0	50	0	25	1	11	5.6	45.0	1.0	0.125	0.015625	1.0	0.0	1.0	1.0	1.0	1.0	0	1	0	1	93.2	34.0	8686.239	3168.7998	0.0	93.2	0.0	23.7	42430	19.5	7.3	219	5.6	36.0	28.4	37.2	714.499	2.6479616	6.571582			24.0		33.333332	122.76	54.66	47.98		0.39	24.0
"Southern_Nations,_Nationalities_and_Peoples"	"Hadiya"	"Lemo"	"Jawe"	17	523	"Teff"	"Midslope"	1.0	40	5	22	1	5	2.8	45.0	1.0	0.25	0.0625	1.0	0.0	0.0	1.0	0.0	0.0	1	1	0	0	65.0	17.0	4225.0	1105.0	0.0	65.0	0.0	23.7	42430	19.5	7.3	219	5.6	36.0	28.4	37.2	714.499	2.6479616	6.571582			50.0		50.0	122.76	54.66	47.98	0.45		800.0
"Southern_Nations,_Nationalities_and_Peoples"	"Hadiya"	"Lemo"	"Jawe"	17	238	"Teff"	"Footslope"	1.0	80	0	60	1	7	4.0	45.0	0.0	5.0	25.0	1.0	0.0	1.0	0.0	0.0	0.0	1	1	0	1	3.25	0.85	10.5625	2.7625	3.25	0.0	0.0	23.7	42430	19.5	7.3	219	5.6	36.0	28.4	37.2	714.499	2.6479616	6.571582			40.0		40.0	122.76	54.66	47.98	0.45		60.0
"Southern_Nations,_Nationalities_and_Peoples"	"Hadiya"	"Lemo"	"Jawe"	17	432	"Teff"	"Midslope"	1.0	48	5	28	1	5	2.8	45.0	1.0	0.25	0.0625	1.0	0.0	1.0	0.0	0.0	0.0	1	0	0	1	65.0	17.0	4225.0	1105.0	0.0	65.0	0.0	23.7	42430	19.5	7.3	219	5.6	36.0	28.4	37.2	714.499	2.6479616	6.571582			40.0		40.0	122.76	54.66	47.98	0.45		800.0
"Southern_Nations,_Nationalities_and_Peoples"	"Hadiya"	"Lemo"	"Jawe"	17	381	"Teff"	"Footslope"	1.0	65	0	46	1	9	4.2	45.0	1.0	0.75	0.5625	1.0	0.0	1.0	0.0	0.0	0.0	1	1	0	1	43.333332	11.333333	1877.7777	491.11108	43.333332	0.0	0.0	23.7	42430	19.5	7.3	219	5.6	36.0	28.4	37.2	714.499	2.6479616	6.571582			40.0		40.0	122.76	54.66	47.98	0.45		1466.6666
"Southern_Nations,_Nationalities_and_Peoples"	"Hadiya"	"Lemo"	"Jawe"	17	523	"Wheat"	"Midslope"	1.0	40	5	22	1	5	2.8	45.0	1.0	0.25	0.0625	1.0	0.0	0.0	1.0	1.0	0.0	1	1	0	0	65.0	17.0	4225.0	1105.0	0.0	65.0	0.0	23.7	42430	19.5	7.3	219	5.6	36.0	28.4	37.2	714.499	2.6479616	6.571582			50.0		50.0	122.76	54.66	47.98		0.39	1200.0
"Southern_Nations,_Nationalities_and_Peoples"	"Hadiya"	"Lemo"	"Jawe"	17	238	"Wheat"	"Footslope"	1.0	80	0	60	1	7	4.0	45.0	1.0	0.5	0.25	1.0	0.0	1.0	0.0	0.0	0.0	1	1	0	1	65.0	17.0	4225.0	1105.0	65.0	0.0	0.0	23.7	42430	19.5	7.3	219	5.6	36.0	28.4	37.2	714.499	2.6479616	6.571582			40.0		40.0	122.76	54.66	47.98		0.39	2000.0
"Southern_Nations,_Nationalities_and_Peoples"	"Hadiya"	"Lemo"	"Jawe"	17	430	"Wheat"	"Midslope"	1.0	60	5	40	1	8	3.9	45.0	1.0	0.5	0.25	1.0	0.0	1.0	1.0	1.0	0.0	1	1	0	0	65.0	17.0	4225.0	1105.0	0.0	65.0	0.0	23.7	42430	19.5	7.3	219	5.6	36.0	28.4	37.2	714.499	2.6479616	6.571582			50.0		50.0	122.76	54.66	47.98		0.39	300.0
"Southern_Nations,_Nationalities_and_Peoples"	"Hadiya"	"Lemo"	"Jawe"	17	382	"Wheat"	"Footslope"	0.0	50	0	0	1	7	3.8	45.0	1.0	0.5	0.25	1.0	0.0	0.0	0.0	0.0	0.0	1	1	0	1	32.5	8.5	1056.25	276.25	32.5	0.0	0.0	23.7	42430	19.5	7.3	219	5.6	36.0	28.4	37.2	714.499	2.6479616	6.571582			40.0		40.0	122.76	54.66	47.98		0.39	600.0
"Southern_Nations,_Nationalities_and_Peoples"	"Hadiya"	"Lemo"	"Jawe"	17	429	"Teff"	"Midslope"	1.0	71	3	60	1	7	3.8	45.0	1.0	0.5	0.25	1.0	0.0	1.0	1.0	0.0	0.0	1	0	0	0	32.5	8.5	1056.25	276.25	0.0	32.5	0.0	23.7	42430	19.5	7.3	219	5.6	36.0	28.4	37.2	714.499	2.6479616	6.571582			52.0		52.0	122.76	54.66	47.98	0.45		1000.0
"Southern_Nations,_Nationalities_and_Peoples"	"Hadiya"	"Lemo"	"Jawe"	17	430	"Teff"	"Midslope"	1.0	60	5	40	1	8	3.9	45.0	1.0	0.375	0.140625	1.0	0.0	1.0	1.0	0.0	0.0	1	1	0	0	56.0	22.666666	3136.0	1269.3333	0.0	56.0	0.0	23.7	42430	19.5	7.3	219	5.6	36.0	28.4	37.2	714.499	2.6479616	6.571582			50.0		50.0	122.76	54.66	47.98	0.45		1333.3334
"Southern_Nations,_Nationalities_and_Peoples"	"Hadiya"	"Lemo"	"Jawe"	17	381	"Wheat"	"Footslope"	1.0	65	0	46	1	9	4.2	45.0	1.0	0.5	0.25	1.0	0.0	1.0	0.0	0.0	0.0	1	1	0	1	111.0	17.0	12321.0	1887.0	111.0	0.0	0.0	23.7	42430	19.5	7.3	219	5.6	36.0	28.4	37.2	714.499	2.6479616	6.571582			40.0		40.0	122.76	54.66	47.98		0.39	2200.0
"Southern_Nations,_Nationalities_and_Peoples"	"Hadiya"	"Lemo"	"Jawe"	17	429	"Sorghum"	"Midslope"	1.0	71	3	60	1	7	3.8	45.0	1.0	0.375	0.140625	0.0	0.0	1.0	1.0	1.0	1.0	0	1	0	0	0.0	0.0	0.0	0.0	0.0	0.0	0.0	23.7	42430	19.5	7.3	219	5.6	36.0	28.4	37.2	714.499	2.6479616	6.571582						122.76	54.66	47.98			1333.3334
"Southern_Nations,_Nationalities_and_Peoples"	"Hadiya"	"Lemo"	"Jawe"	17	281	"Teff"	"Midslope"	1.0	50	0	25	1	11	5.6	45.0	1.0	0.125	0.015625	1.0	0.0	1.0	0.0	0.0	1.0	0	1	0	1	74.8	34.0	5595.0405	2543.2002	0.0	74.8	0.0	23.7	42430	19.5	7.3	219	5.6	36.0	28.4	37.2	714.499	2.6479616	6.571582			18.0		25.0	122.76	54.66	47.98	0.45		800.0
"Southern_Nations,_Nationalities_and_Peoples"	"Hadiya"	"Lemo"	"Jawe"	17	430	"Sorghum"	"Midslope"	1.0	60	5	40	1	8	3.9	45.0	1.0	0.125	0.015625	0.0	0.0	0.0	1.0	1.0	0.0	0	1	0	0	0.0	0.0	0.0	0.0	0.0	0.0	0.0	23.7	42430	19.5	7.3	219	5.6	36.0	28.4	37.2	714.499	2.6479616	6.571582						122.76	54.66	47.98			1600.0
"Southern_Nations,_Nationalities_and_Peoples"	"Hadiya"	"Lemo"	"Jawe"	17	281	"Teff"	"Midslope"	1.0	50	0	25	1	11	5.6	45.0	1.0	0.25	0.0625	1.0	0.0	1.0	0.0	0.0	1.0	0	1	0	1	37.4	17.0	1398.7601	635.80005	0.0	37.4	0.0	23.7	42430	19.5	7.3	219	5.6	36.0	28.4	37.2	714.499	2.6479616	6.571582			18.0		25.0	122.76	54.66	47.98	0.45		400.0
"Southern_Nations,_Nationalities_and_Peoples"	"Hadiya"	"Lemo"	"Jawe"	17	431	"Teff"	"Footslope"	1.0	56	0	30	1	9	4.4	45.0	1.0	0.25	0.0625	1.0	0.0	1.0	0.0	0.0	0.0	1	1	0	1	59.6	20.4	3552.16	1215.84	59.6	0.0	0.0	23.7	42430	19.5	7.3	219	5.6	36.0	28.4	37.2	714.499	2.6479616	6.571582			38.0		38.0	122.76	54.66	47.98	0.45		1200.0
"Southern_Nations,_Nationalities_and_Peoples"	"Hadiya"	"Lemo"	"Jawe"	17	383	"Teff"	"Footslope"	1.0	62	1	46	1	9	4.0	45.0	1.0	0.25	0.0625	1.0	0.0	0.0	0.0	0.0	0.0	1	1	0	1	65.0	17.0	4225.0	1105.0	65.0	0.0	0.0	23.7	42430	19.5	7.3	219	5.6	36.0	28.4	37.2	714.499	2.6479616	6.571582			40.0		40.0	122.76	54.66	47.98	0.45		1600.0
"Amhara"	"East_Gojjam"	"Gozamin"	"Addisnagulit"	18	782	"Teff"	"Midslope"	0.0	50	0	30	0	2	1.5	30.0	1.0	0.25	0.0625	1.0	0.0	0.0	0.0	0.0	1.0	0	1	0	1	164.0	80.0	26896.0	13120.0	0.0	164.0	0.0	26.9	21956	19.3	12.6	235	5.72	33.5	25.83	39.0	995.13257	1.8866812	6.902876	50.0				39.0	114.67	53.46	46.65	0.47		2400.0
"Amhara"	"East_Gojjam"	"Gozamin"	"Addisnagulit"	18	744	"Teff"	"Midslope"	1.0	55	16	45	1	4	2.5	30.0	1.0	0.25	0.0625	1.0	0.0	0.0	0.0	1.0	0.0	1	0	0	0	38.0	34.0	1444.0	1292.0	0.0	38.0	0.0	26.9	21956	19.3	12.6	235	5.72	33.5	25.83	39.0	995.13257	1.8866812	6.902876			19.2			114.67	53.46	46.65	0.47		4.0
"Amhara"	"East_Gojjam"	"Gozamin"	"Addisnagulit"	18	750	"Teff"	"Footslope"	1.0	49	0	21	1	8	3.9	30.0	0.0	0.5	0.25	1.0	0.0	0.0	1.0	0.0	1.0	0	1	0	0	84.0	34.0	7056.0	2856.0	84.0	0.0	0.0	26.9	21956	19.3	12.6	235	5.72	33.5	25.83	39.0	995.13257	1.8866812	6.902876			45.0		45.0	114.67	53.46	46.65	0.47		1800.0
"Amhara"	"East_Gojjam"	"Gozamin"	"Addisnagulit"	18	793	"Wheat"	"Midslope"	1.0	38	0	20	0	5	2.8	30.0	1.0	0.25	0.0625	1.0	0.0	0.0	1.0	1.0	1.0	1	1	0	1	160.0	102.0	25600.0	16320.0	0.0	160.0	0.0	26.9	21956	19.3	12.6	235	5.72	33.5	25.83	39.0	995.13257	1.8866812	6.902876			30.0		40.0	114.67	53.46	46.65		0.41	2400.0
"Amhara"	"East_Gojjam"	"Gozamin"	"Addisnagulit"	18	762	"Teff"	"Midslope"	1.0	45	0	31	1	6	2.9	30.0	1.0	0.125	0.015625	1.0	1.0	0.0	0.0	0.0	0.0	0	0	0	1	111.6	34.0	12454.56	3794.4	0.0	111.6	0.0	26.9	21956	19.3	12.6	235	5.72	33.5	25.83	39.0	995.13257	1.8866812	6.902876			32.0		32.0	114.67	53.46	46.65	0.47		1600.0
"Amhara"	"East_Gojjam"	"Gozamin"	"Addisnagulit"	18	784	"Wheat"	"Midslope"	0.0	55	0	39	1	3	2.0	30.0	1.0	0.25	0.0625	1.0	0.0	0.0	1.0	0.0	0.0	1	0	0	1	130.0	34.0	16900.0	4420.0	0.0	130.0	0.0	26.9	21956	19.3	12.6	235	5.72	33.5	25.83	39.0	995.13257	1.8866812	6.902876			48.0		48.0	114.67	53.46	46.65		0.41	16.0
"Amhara"	"East_Gojjam"	"Gozamin"	"Addisnagulit"	18	783	"Teff"	"Midslope"	1.0	30	0	10	1	5	2.6	30.0	0.0	0.5	0.25	1.0	0.0	0.0	0.0	0.0	1.0	1	1	0	1	45.4	30.0	2061.1602	1362.0	0.0	45.4	0.0	26.9	21956	19.3	12.6	235	5.72	33.5	25.83	39.0	995.13257	1.8866812	6.902876	100.0				37.0	114.67	53.46	46.65	0.47		1200.0
"Amhara"	"East_Gojjam"	"Gozamin"	"Addisnagulit"	18	685	"Teff"	"Midslope"	1.0	65	0	51	1	6	3.3	30.0	1.0	0.375	0.140625	1.0	0.0	1.0	0.0	0.0	0.0	1	0	0	1	25.946665	22.666666	673.22943	588.1244	0.0	25.946665	0.0	26.9	21956	19.3	12.6	235	5.72	33.5	25.83	39.0	995.13257	1.8866812	6.902876			40.0		75.0	114.67	53.46	46.65	0.47		14.666667
"Amhara"	"East_Gojjam"	"Gozamin"	"Addisnagulit"	18	761	"Wheat"	"Midslope"	1.0	68	3	52	1	4	2.5	30.0	1.0	0.25	0.0625	1.0	1.0	0.0	0.0	1.0	1.0	1	0	0	1	157.0	17.0	24649.0	2669.0	0.0	157.0	0.0	26.9	21956	19.3	12.6	235	5.72	33.5	25.83	39.0	995.13257	1.8866812	6.902876			32.0		32.0	114.67	53.46	46.65		0.41	2400.0
"Amhara"	"East_Gojjam"	"Gozamin"	"Addisnagulit"	18	760	"Teff"	"Footslope"	1.0	42	0	28	1	6	2.9	30.0	1.0	0.125	0.015625	1.0	0.0	0.0	0.0	0.0	0.0	0	0	0	0	130.0	34.0	16900.0	4420.0	130.0	0.0	0.0	26.9	21956	19.3	12.6	235	5.72	33.5	25.83	39.0	995.13257	1.8866812	6.902876			3.0		30.0	114.67	53.46	46.65	0.47		2400.0
"Amhara"	"East_Gojjam"	"Gozamin"	"Addisnagulit"	18	750	"Wheat"		1.0	49	0	21	1	8	3.9	30.0	0.0	0.25	0.0625	1.0	0.0	0.0	0.0	1.0	0.0	0	1	0	1	168.0	68.0	28224.0	11424.0	0.0	0.0	0.0	26.9	21956	19.3	12.6	235	5.72	33.5	25.83	39.0	995.13257	1.8866812	6.902876			45.0		50.0	114.67	53.46	46.65		0.41	3200.0
"Amhara"	"East_Gojjam"	"Gozamin"	"Addisnagulit"	18	677	"Teff"	"Midslope"	1.0	37	0	20	1	6	3.1	30.0	1.0	0.125	0.015625	1.0	0.0	1.0	0.0	0.0	1.0	0	1	0	1	33.8	8.84	1142.44	298.792	0.0	33.8	0.0	26.9	21956	19.3	12.6	235	5.72	33.5	25.83	39.0	995.13257	1.8866812	6.902876			40.0		40.0	114.67	53.46	46.65	0.47		12.0
"Amhara"	"East_Gojjam"	"Gozamin"	"Addisnagulit"	18	762	"Wheat"	"Midslope"	1.0	45	0	31	1	6	2.9	30.0	1.0	0.125	0.015625	1.0	1.0	0.0	1.0	1.0	0.0	0	0	0	1	244.0	136.0	59536.0	33184.0	0.0	244.0	0.0	26.9	21956	19.3	12.6	235	5.72	33.5	25.83	39.0	995.13257	1.8866812	6.902876			32.0		32.0	114.67	53.46	46.65		0.41	3200.0
"Amhara"	"East_Gojjam"	"Gozamin"	"Addisnagulit"	18	781	"Wheat"	"Midslope"	0.0	30	0	18	1	6	3.1	30.0	0.0	0.25	0.0625	1.0	0.0	1.0	0.0	1.0	1.0	1	1	0	1	118.0	80.0	13924.0	9440.0	0.0	118.0	0.0	26.9	21956	19.3	12.6	235	5.72	33.5	25.83	39.0	995.13257	1.8866812	6.902876	50.0				37.68	114.67	53.46	46.65		0.41	2400.0
"Amhara"	"East_Gojjam"	"Gozamin"	"Addisnagulit"	18	744	"Wheat"	"Midslope"	1.0	55	16	45	1	4	2.5	30.0	1.0	0.25	0.0625	1.0	0.0	0.0	0.0	1.0	1.0	1	0	0	0	65.0	17.0	4225.0	1105.0	0.0	65.0	0.0	26.9	21956	19.3	12.6	235	5.72	33.5	25.83	39.0	995.13257	1.8866812	6.902876			38.4		37.2	114.67	53.46	46.65		0.41	1000.0
"Amhara"	"East_Gojjam"	"Gozamin"	"Addisnagulit"	18	745	"Wheat"	"Footslope"	1.0	44	0	30	1	7	3.2	30.0	1.0	0.25	0.0625	1.0	0.0	1.0	0.0	1.0	1.0	0	1	0	0	103.0	51.0	10609.0	5253.0	103.0	0.0	0.0	26.9	21956	19.3	12.6	235	5.72	33.5	25.83	39.0	995.13257	1.8866812	6.902876			39.013332		37.2	114.67	53.46	46.65		0.41	2400.0
"Amhara"	"East_Gojjam"	"Gozamin"	"Addisnagulit"	18	784	"Teff"	"Footslope"	0.0	55	0	39	1	3	2.0	30.0	1.0	0.25	0.0625	1.0	0.0	0.0	0.0	0.0	0.0	0	0	0	0	130.0	34.0	16900.0	4420.0	130.0	0.0	0.0	26.9	21956	19.3	12.6	235	5.72	33.5	25.83	39.0	995.13257	1.8866812	6.902876			48.0		48.0	114.67	53.46	46.65	0.47		1200.0
"Amhara"	"East_Gojjam"	"Gozamin"	"Addisnagulit"	18	737	"Wheat"	"Footslope"	1.0	70	0	56	1	3	2.0	30.0	1.0	0.25	0.0625	1.0	1.0	0.0	1.0	1.0	0.0	1	0	0	1	168.0	68.0	28224.0	11424.0	168.0	0.0	0.0	26.9	21956	19.3	12.6	235	5.72	33.5	25.83	39.0	995.13257	1.8866812	6.902876			16.0		32.0	114.67	53.46	46.65		0.41	2000.0
"Amhara"	"East_Gojjam"	"Gozamin"	"Addisnagulit"	18	793	"Teff"	"Midslope"	1.0	38	0	20	0	5	2.8	30.0	0.0	0.25	0.0625	1.0	0.0	0.0	0.0	0.0	1.0	1	1	0	0	122.0	68.0	14884.0	8296.0	0.0	122.0	0.0	26.9	21956	19.3	12.6	235	5.72	33.5	25.83	39.0	995.13257	1.8866812	6.902876			36.0		40.0	114.67	53.46	46.65	0.47		600.0
"Amhara"	"East_Gojjam"	"Gozamin"	"Addisnagulit"	18	761	"Teff"	"Midslope"	1.0	68	3	52	1	4	2.5	30.0	1.0	0.25	0.0625	1.0	0.0	0.0	0.0	0.0	0.0	1	0	0	1	111.0	17.0	12321.0	1887.0	0.0	111.0	0.0	26.9	21956	19.3	12.6	235	5.72	33.5	25.83	39.0	995.13257	1.8866812	6.902876			32.0		32.0	114.67	53.46	46.65	0.47		1200.0
"Amhara"	"East_Gojjam"	"Gozamin"	"Addisnagulit"	18	750	"Teff"	"Footslope"	1.0	49	0	21	1	8	3.9	30.0	0.0	0.25	0.0625	1.0	0.0	0.0	0.0	0.0	1.0	0	1	0	1	74.8	34.0	5595.0405	2543.2002	74.8	0.0	0.0	26.9	21956	19.3	12.6	235	5.72	33.5	25.83	39.0	995.13257	1.8866812	6.902876			45.0		24.95	114.67	53.46	46.65	0.47		1400.0
"Amhara"	"East_Gojjam"	"Gozamin"	"Addisnagulit"	18	671	"Wheat"	"Footslope"	1.0	42	1	30	1	6	3.3	30.0	0.0	0.25	0.0625	1.0	0.0	0.0	1.0	1.0	0.0	0	1	0	1	63.6	40.0	4044.9597	2544.0	63.6	0.0	0.0	26.9	21956	19.3	12.6	235	5.72	33.5	25.83	39.0	995.13257	1.8866812	6.902876	39.0				50.0	114.67	53.46	46.65		0.41	2800.0
"Amhara"	"East_Gojjam"	"Gozamin"	"Addisnagulit"	18	737	"Teff"	"Midslope"	1.0	70	0	56	1	3	2.0	30.0	1.0	0.25	0.0625	1.0	0.0	0.0	0.0	0.0	0.0	1	0	0	1	84.0	34.0	7056.0	2856.0	0.0	84.0	0.0	26.9	21956	19.3	12.6	235	5.72	33.5	25.83	39.0	995.13257	1.8866812	6.902876			32.0		32.0	114.67	53.46	46.65	0.47		1200.0
"Amhara"	"East_Gojjam"	"Gozamin"	"Addisnagulit"	18	677	"Wheat"	"Midslope"	1.0	37	0	20	1	6	3.1	30.0	1.0	0.125	0.015625	1.0	0.0	0.0	0.0	1.0	1.0	0	1	0	1	61.92	34.0	3834.0862	2105.28	0.0	61.92	0.0	26.9	21956	19.3	12.6	235	5.72	33.5	25.83	39.0	995.13257	1.8866812	6.902876			40.0		40.0	114.67	53.46	46.65		0.41	2000.0
"Amhara"	"East_Gojjam"	"Gozamin"	"Addisnagulit"	18	744	"Teff"	"Midslope"	1.0	55	16	45	1	4	2.5	30.0	1.0	0.25	0.0625	1.0	0.0	0.0	0.0	1.0	0.0	1	0	0	0	37.4	17.0	1398.7601	635.80005	0.0	37.4	0.0	26.9	21956	19.3	12.6	235	5.72	33.5	25.83	39.0	995.13257	1.8866812	6.902876			38.4		50.0	114.67	53.46	46.65	0.47		800.0
"Amhara"	"East_Gojjam"	"Gozamin"	"Addisnagulit"	18	781	"Teff"	"Footslope"	0.0	30	0	18	1	6	3.1	30.0	0.0	0.25	0.0625	1.0	0.0	1.0	1.0	0.0	1.0	1	1	0	1	81.2	80.0	6593.4395	6496.0	81.2	0.0	0.0	26.9	21956	19.3	12.6	235	5.72	33.5	25.83	39.0	995.13257	1.8866812	6.902876	50.0				37.68	114.67	53.46	46.65	0.47		1600.0
"Amhara"	"East_Gojjam"	"Gozamin"	"Addisnagulit"	18	761	"Teff"	"Midslope"	1.0	68	3	52	1	4	2.5	30.0	1.0	0.5	0.25	1.0	0.0	0.0	0.0	0.0	0.0	1	0	0	1	42.0	17.0	1764.0	714.0	0.0	42.0	0.0	26.9	21956	19.3	12.6	235	5.72	33.5	25.83	39.0	995.13257	1.8866812	6.902876			32.0		32.0	114.67	53.46	46.65	0.47		1600.0
"Amhara"	"East_Gojjam"	"Gozamin"	"Addisnagulit"	18	737	"Teff"	"Midslope"	1.0	70	0	56	1	3	2.0	30.0	1.0	0.25	0.0625	1.0	0.0	0.0	0.0	0.0	0.0	1	0	0	1	122.0	68.0	14884.0	8296.0	0.0	122.0	0.0	26.9	21956	19.3	12.6	235	5.72	33.5	25.83	39.0	995.13257	1.8866812	6.902876			16.0		32.0	114.67	53.46	46.65	0.47		2000.0
"Amhara"	"East_Gojjam"	"Gozamin"	"Addisnagulit"	18	783	"Wheat"	"Midslope"	1.0	30	0	10	1	5	2.6	30.0	0.0	0.5	0.25	1.0	0.0	0.0	1.0	1.0	1.0	1	1	0	1	100.0	60.0	10000.0	6000.0	0.0	100.0	0.0	26.9	21956	19.3	12.6	235	5.72	33.5	25.83	39.0	995.13257	1.8866812	6.902876	50.0				40.0	114.67	53.46	46.65		0.41	2800.0
"Amhara"	"East_Gojjam"	"Gozamin"	"Addisnagulit"	18	750	"Wheat"	"Midslope"	1.0	49	0	21	1	8	3.9	30.0	0.0	0.5	0.25	1.0	0.0	0.0	1.0	1.0	0.0	0	1	0	0	84.0	34.0	7056.0	2856.0	0.0	84.0	0.0	26.9	21956	19.3	12.6	235	5.72	33.5	25.83	39.0	995.13257	1.8866812	6.902876			45.0		45.0	114.67	53.46	46.65		0.41	3600.0
"Amhara"	"East_Gojjam"	"Gozamin"	"Addisnagulit"	18	750	"Wheat"	"Midslope"	1.0	49	0	21	1	8	3.9	30.0	1.0	0.25	0.0625	1.0	0.0	0.0	1.0	1.0	0.0	0	1	0	1	168.0	68.0	28224.0	11424.0	0.0	168.0	0.0	26.9	21956	19.3	12.6	235	5.72	33.5	25.83	39.0	995.13257	1.8866812	6.902876			45.0		45.0	114.67	53.46	46.65		0.41	2600.0
"Amhara"	"East_Gojjam"	"Gozamin"	"Addisnagulit"	18	793	"Teff"	"Midslope"	1.0	38	0	20	0	5	2.8	30.0	1.0	0.25	0.0625	1.0	0.0	1.0	0.0	0.0	1.0	1	1	0	1	84.0	34.0	7056.0	2856.0	0.0	84.0	0.0	26.9	21956	19.3	12.6	235	5.72	33.5	25.83	39.0	995.13257	1.8866812	6.902876			36.0		40.0	114.67	53.46	46.65	0.47		600.0
"Amhara"	"East_Gojjam"	"Gozamin"	"Addisnagulit"	18	745	"Teff"	"Midslope"	1.0	44	0	30	1	7	3.2	30.0	0.0	1.0	1.0	1.0	0.0	1.0	0.0	0.0	0.0	1	1	0	0	93.5	42.5	8742.25	3973.75	0.0	93.5	0.0	26.9	21956	19.3	12.6	235	5.72	33.5	25.83	39.0	995.13257	1.8866812	6.902876			1600.52		24.95	114.67	53.46	46.65	0.47		2000.0
"Amhara"	"East_Gojjam"	"Gozamin"	"Addisnagulit"	18	760	"Teff"	"Midslope"	1.0	42	0	28	1	6	2.9	30.0	1.0	0.25	0.0625	1.0	0.0	0.0	0.0	0.0	0.0	0	0	0	1	130.0	34.0	16900.0	4420.0	0.0	130.0	0.0	26.9	21956	19.3	12.6	235	5.72	33.5	25.83	39.0	995.13257	1.8866812	6.902876			30.0		30.0	114.67	53.46	46.65	0.47		1600.0
"Amhara"	"East_Gojjam"	"Gozamin"	"Addisnagulit"	18	677	"Teff"	"Midslope"	1.0	37	0	20	1	6	3.1	30.0	0.0	0.5	0.25	1.0	0.0	0.0	0.0	0.0	0.0	1	1	0	0	65.0	17.0	4225.0	1105.0	0.0	65.0	0.0	26.9	21956	19.3	12.6	235	5.72	33.5	25.83	39.0	995.13257	1.8866812	6.902876			40.0		40.0	114.67	53.46	46.65	0.47		800.0
"Amhara"	"East_Gojjam"	"Gozamin"	"Addisnagulit"	18	671	"Teff"	"Footslope"	1.0	42	1	30	1	6	3.3	30.0	0.0	0.75	0.5625	1.0	0.0	0.0	0.0	0.0	0.0	1	1	0	0	12.0	13.333333	144.0	160.0	12.0	0.0	0.0	26.9	21956	19.3	12.6	235	5.72	33.5	25.83	39.0	995.13257	1.8866812	6.902876	39.0					114.67	53.46	46.65	0.47		1600.0
"Amhara"	"East_Gojjam"	"Gozamin"	"Addisnagulit"	18	760	"Wheat"	"Midslope"	1.0	42	0	28	1	6	2.9	30.0	1.0	0.125	0.015625	1.0	1.0	0.0	0.0	1.0	0.0	0	0	0	1	168.0	68.0	28224.0	11424.0	0.0	168.0	0.0	26.9	21956	19.3	12.6	235	5.72	33.5	25.83	39.0	995.13257	1.8866812	6.902876			30.0		30.0	114.67	53.46	46.65		0.41	3200.0
"Amhara"	"East_Gojjam"	"Gozamin"	"Addisnagulit"	18	685	"Wheat"	"Midslope"	1.0	65	0	51	1	6	3.3	30.0	1.0	0.375	0.140625	1.0	0.0	1.0	0.0	1.0	0.0	1	0	0	1	112.0	45.333332	12544.0	5077.333	0.0	112.0	0.0	26.9	21956	19.3	12.6	235	5.72	33.5	25.83	39.0	995.13257	1.8866812	6.902876			40.0		38.0	114.67	53.46	46.65		0.41	20.0
"Southern_Nations,_Nationalities_and_Peoples"	"Hadiya"	"Lemo"	"Anabelesa"	19	223	"Teff"	"Midslope"	1.0	60	4	35	1	10	4.7	30.0	1.0	0.5	0.25	1.0	0.0	0.0	0.0	0.0	0.0	1	1	0	1	65.0	17.0	4225.0	1105.0	0.0	65.0	0.0	21.1	52184	19.0	9.5	242	5.76	37.3	27.4	34.8	635.0031	2.3936768	6.45363			36.4		36.4	122.76	54.66	47.98	0.45		1000.0
"Southern_Nations,_Nationalities_and_Peoples"	"Hadiya"	"Lemo"	"Anabelesa"	19	153	"Teff"	"Footslope"	1.0	30	9	15	1	10	4.5	30.0	1.0	1.0	1.0	1.0	0.0	1.0	0.0	0.0	0.0	1	1	0	0	37.25	12.75	1387.5625	474.9375	37.25	0.0	0.0	21.1	52184	19.0	9.5	242	5.76	37.3	27.4	34.8	635.0031	2.3936768	6.45363			35.333332		40.0	122.76	54.66	47.98	0.45		650.0
"Southern_Nations,_Nationalities_and_Peoples"	"Hadiya"	"Lemo"	"Anabelesa"	19	216	"Wheat"	"Footslope"	1.0	55	6	35	0	10	4.9	30.0	1.0	0.25	0.0625	1.0	0.0	1.0	0.0	0.0	0.0	1	1	0	1	104.0	27.2	10816.0	2828.8	104.0	0.0	0.0	21.1	52184	19.0	9.5	242	5.76	37.3	27.4	34.8	635.0031	2.3936768	6.45363			41.25		40.0	122.76	54.66	47.98		0.39	24.0
"Southern_Nations,_Nationalities_and_Peoples"	"Hadiya"	"Lemo"	"Anabelesa"	19	232	"Teff"	"Hillslope"	1.0	50	0	20	1	9	4.6	30.0	1.0	1.125	1.265625	1.0	0.0	0.0	0.0	0.0	0.0	1	0	0	0	28.88889	7.5555553	834.56793	218.2716	0.0	0.0	28.88889	21.1	52184	19.0	9.5	242	5.76	37.3	27.4	34.8	635.0031	2.3936768	6.45363			40.0		40.0	122.76	54.66	47.98	0.45		20.444445
"Southern_Nations,_Nationalities_and_Peoples"	"Hadiya"	"Lemo"	"Anabelesa"	19	232	"Wheat"	"Midslope"	1.0	50	0	20	1	9	4.6	30.0	1.0	0.5	0.25	1.0	0.0	0.0	0.0	0.0	0.0	0	0	0	0	1.95	0.51	3.8025002	0.9945	0.0	1.95	0.0	21.1	52184	19.0	9.5	242	5.76	37.3	27.4	34.8	635.0031	2.3936768	6.45363			4000.0		75.0	122.76	54.66	47.98		0.39	50.0
"Southern_Nations,_Nationalities_and_Peoples"	"Hadiya"	"Lemo"	"Anabelesa"	19	223	"Wheat"	"Midslope"	1.0	60	4	35	1	10	4.7	30.0	1.0	0.25	0.0625	1.0	0.0	0.0	1.0	0.0	0.0	1	1	0	1	130.0	34.0	16900.0	4420.0	0.0	130.0	0.0	21.1	52184	19.0	9.5	242	5.76	37.3	27.4	34.8	635.0031	2.3936768	6.45363			36.4		36.4	122.76	54.66	47.98		0.39	2000.0
"Southern_Nations,_Nationalities_and_Peoples"	"Hadiya"	"Lemo"	"Anabelesa"	19	153	"Wheat"	"Footslope"	1.0	30	9	15	1	10	4.5	30.0	1.0	0.25	0.0625	1.0	0.0	1.0	0.0	0.0	0.0	1	1	0	0	111.6	34.0	12454.56	3794.4	111.6	0.0	0.0	21.1	52184	19.0	9.5	242	5.76	37.3	27.4	34.8	635.0031	2.3936768	6.45363			38.0		42.5	122.76	54.66	47.98		0.39	1600.0
"Southern_Nations,_Nationalities_and_Peoples"	"Hadiya"	"Lemo"	"Anabelesa"	19	216	"Teff"	"Footslope"	1.0	55	6	35	0	10	4.9	30.0	1.0	0.5	0.25	1.0	0.0	1.0	0.0	0.0	0.0	1	1	0	0	97.5	25.5	9506.25	2486.25	97.5	0.0	0.0	21.1	52184	19.0	9.5	242	5.76	37.3	27.4	34.8	635.0031	2.3936768	6.45363			36.666668		34.666668	122.76	54.66	47.98	0.45		800.0
"Southern_Nations,_Nationalities_and_Peoples"	"Hadiya"	"Lemo"	"Anabelesa"	19	232	"Wheat"	"Midslope"	1.0	50	0	20	1	9	4.6	30.0	1.0	0.5	0.25	0.0	0.0	0.0	0.0	0.0	0.0	1	0	0	0	0.0	0.0	0.0	0.0	0.0	0.0	0.0	21.1	52184	19.0	9.5	242	5.76	37.3	27.4	34.8	635.0031	2.3936768	6.45363						122.76	54.66	47.98		0.39	10.0
"Southern_Nations,_Nationalities_and_Peoples"	"Hadiya"	"Lemo"	"Anabelesa"	19	163	"Wheat"	"Footslope"	1.0	40	12	20	1	5	2.8	30.0	1.0	0.25	0.0625	1.0	0.0	0.0	0.0	0.0	0.0	1	1	0	1	260.0	68.0	67600.0	17680.0	260.0	0.0	0.0	20.9	49119	19.3	8.6	229	5.8	37.1	27.66	34.6	635.0031	2.3936768	6.45363			36.8		75.0	122.76	54.66	47.98		0.39	2000.0
"Southern_Nations,_Nationalities_and_Peoples"	"Hadiya"	"Lemo"	"Anabelesa"	19	161	"Wheat"	"Midslope"	1.0	43	10	23	1	11	5.2	30.0	1.0	0.25	0.0625	1.0	0.0	0.0	1.0	0.0	1.0	1	0	0	1	130.0	34.0	16900.0	4420.0	0.0	130.0	0.0	21.1	52184	19.0	9.5	242	5.76	37.3	27.4	34.8	635.0031	2.3936768	6.45363			37.2		37.2	122.76	54.66	47.98		0.39	2000.0
"Southern_Nations,_Nationalities_and_Peoples"	"Hadiya"	"Lemo"	"Anabelesa"	19	153	"Sorghum"	"Footslope"	1.0	30	9	15	1	10	4.5	30.0	1.0	0.15	0.0225	1.0	0.0	0.0	0.0	0.0	0.0	0	0	0	1	142.66666	45.333336	20353.775	6467.5557	142.66666	0.0	0.0	21.1	52184	19.0	9.5	242	5.76	37.3	27.4	34.8	635.0031	2.3936768	6.45363			33.75		28.333334	122.76	54.66	47.98			1333.3334
"Southern_Nations,_Nationalities_and_Peoples"	"Hadiya"	"Lemo"	"Anabelesa"	19	161	"Teff"	"Midslope"	1.0	43	10	23	1	11	5.2	30.0	1.0	0.5	0.25	1.0	0.0	0.0	0.0	0.0	0.0	1	1	0	1	74.5	25.5	5550.25	1899.75	0.0	74.5	0.0	21.1	52184	19.0	9.5	242	5.76	37.3	27.4	34.8	635.0031	2.3936768	6.45363			37.2		37.2	122.76	54.66	47.98	0.45		600.0
"Southern_Nations,_Nationalities_and_Peoples"	"Hadiya"	"Lemo"	"Anabelesa"	19	234	"Wheat"	"Midslope"	1.0	30	10	8	1	7	3.0	30.0	1.0	0.125	0.015625	1.0	0.0	0.0	0.0	1.0	0.0	1	0	0	0	168.0	68.0	28224.0	11424.0	0.0	168.0	0.0	21.1	52184	19.0	9.5	242	5.76	37.3	27.4	34.8	635.0031	2.3936768	6.45363			40.0		24.95	122.76	54.66	47.98		0.39	28.0
"Southern_Nations,_Nationalities_and_Peoples"	"Hadiya"	"Lemo"	"Anabelesa"	19	163	"Teff"	"Footslope"	1.0	40	12	20	1	5	2.8	30.0	1.0	0.75	0.5625	1.0	0.0	0.0	0.0	0.0	0.0	1	0	0	0	71.333336	22.666666	5088.445	1616.8889	71.333336	0.0	0.0	20.9	49119	19.3	8.6	229	5.8	37.1	27.66	34.6	635.0031	2.3936768	6.45363			36.8		36.2	122.76	54.66	47.98	0.45		800.0
"Southern_Nations,_Nationalities_and_Peoples"	"Hadiya"	"Anlemo"	"Dulancho"	20	335	"Teff"	"Footslope"	0.0	60	0	15	1	8	4.1	50.0	1.0	0.5	0.25	1.0	0.0	0.0	0.0	0.0	0.0	0	1	0	1	51.5	25.5	2652.25	1313.25	51.5	0.0	0.0	19.9	15240	15.1	14.3	309	6.37	37.6	26.57	37.7	708.6113	2.2155623	6.5633073			36.666668		36.0	122.76	54.66	47.98	0.45		60.0
"Southern_Nations,_Nationalities_and_Peoples"	"Hadiya"	"Anlemo"	"Dulancho"	20	540	"Wheat"	"Midslope"	1.0	32	5	20	1	9	4.0	50.0	1.0	0.25	0.0625	1.0	0.0	0.0	1.0	1.0	0.0	1	1	0	0	65.0	17.0	4225.0	1105.0	0.0	65.0	0.0	19.9	15240	15.1	14.3	309	6.37	37.6	26.57	37.7	708.6113	2.2155623	6.5633073			200.0		50.0	122.76	54.66	47.98		0.39	1200.0
"Southern_Nations,_Nationalities_and_Peoples"	"Hadiya"	"Anlemo"	"Dulancho"	20	435	"Teff"	"Footslope"	1.0	36	3	10	1	6	2.9	50.0	1.0	0.5	0.25	1.0	0.0	1.0	0.0	0.0	0.0	1	1	0	0	42.0	17.0	1764.0	714.0	42.0	0.0	0.0	19.9	15240	15.1	14.3	309	6.37	37.6	26.57	37.7	708.6113	2.2155623	6.5633073			19.0		24.95	122.76	54.66	47.98	0.45		10.0
"Southern_Nations,_Nationalities_and_Peoples"	"Hadiya"	"Anlemo"	"Dulancho"	20	529	"Wheat"	"Midslope"	1.0	50	8	31	1	6	3.1	50.0	0.0	0.75	0.5625	1.0	0.0	1.0	0.0	0.0	0.0	1	0	0	1	28.0	11.333333	784.0	317.3333	0.0	28.0	0.0	19.9	15240	15.1	14.3	309	6.37	37.6	26.57	37.7	708.6113	2.2155623	6.5633073			40.0		40.0	122.76	54.66	47.98		0.39	666.6667
"Southern_Nations,_Nationalities_and_Peoples"	"Hadiya"	"Anlemo"	"Dulancho"	20	529	"Teff"	"Midslope"	1.0	50	8	31	1	6	3.1	50.0	1.0	1.0	1.0	1.0	0.0	1.0	0.0	0.0	0.0	1	1	0	0	32.5	8.5	1056.25	276.25	0.0	32.5	0.0	19.9	15240	15.1	14.3	309	6.37	37.6	26.57	37.7	708.6113	2.2155623	6.5633073			40.0		40.0	122.76	54.66	47.98	0.45		500.0
"Southern_Nations,_Nationalities_and_Peoples"	"Hadiya"	"Anlemo"	"Dulancho"	20	461	"Wheat"	"Midslope"	1.0	30	15	5	1	7	3.2	50.0	0.0	0.5	0.25	1.0	0.0	1.0	1.0	0.0	1.0	1	1	0	1	84.0	34.0	7056.0	2856.0	0.0	84.0	0.0	19.9	15240	15.1	14.3	309	6.37	37.6	26.57	37.7	708.6113	2.2155623	6.5633073			35.0		39.0	122.76	54.66	47.98		0.39	800.0
"Southern_Nations,_Nationalities_and_Peoples"	"Hadiya"	"Anlemo"	"Dulancho"	20	415	"Teff"	"Footslope"	0.0	45	0	15	1	5	2.6	50.0	1.0	0.25	0.0625	1.0	0.0	0.0	0.0	0.0	0.0	1	1	0	0	65.0	17.0	4225.0	1105.0	65.0	0.0	0.0	19.9	15240	15.1	14.3	309	6.37	37.6	26.57	37.7	708.6113	2.2155623	6.5633073			36.8		36.4	122.76	54.66	47.98	0.45		800.0
"Southern_Nations,_Nationalities_and_Peoples"	"Hadiya"	"Anlemo"	"Dulancho"	20	539	"Sorghum"	"Midslope"	1.0	38	5	7	1	10	5.3	50.0	1.0	0.25	0.0625	1.0	0.0	0.0	1.0	0.0	0.0	1	1	0	0	32.5	8.5	1056.25	276.25	0.0	32.5	0.0	19.9	15240	15.1	14.3	309	6.37	37.6	26.57	37.7	708.6113	2.2155623	6.5633073			76.0		75.0	122.76	54.66	47.98			800.0
"Southern_Nations,_Nationalities_and_Peoples"	"Hadiya"	"Anlemo"	"Dulancho"	20	540	"Teff"	"Midslope"	1.0	32	5	20	1	9	4.0	50.0	1.0	0.375	0.140625	1.0	0.0	0.0	1.0	0.0	0.0	1	1	0	0	49.413334	16.773333	2441.6775	828.8263	0.0	49.413334	0.0	19.9	15240	15.1	14.3	309	6.37	37.6	26.57	37.7	708.6113	2.2155623	6.5633073			102.702705		75.0	122.76	54.66	47.98	0.45		666.6667
"Southern_Nations,_Nationalities_and_Peoples"	"Hadiya"	"Anlemo"	"Dulancho"	20	461	"Teff"	"Footslope"	1.0	30	15	5	1	7	3.2	50.0	1.0	1.5	2.25	1.0	0.0	1.0	0.0	0.0	1.0	1	1	0	0	28.0	11.333333	784.0	317.3333	28.0	0.0	0.0	19.9	15240	15.1	14.3	309	6.37	37.6	26.57	37.7	708.6113	2.2155623	6.5633073			35.0		39.0	122.76	54.66	47.98	0.45		66.666664
"Southern_Nations,_Nationalities_and_Peoples"	"Hadiya"	"Anlemo"	"Dulancho"	20	335	"Sorghum"	"Footslope"	0.0	60	0	15	1	8	4.1	50.0	1.0	0.25	0.0625	1.0	0.0	0.0	0.0	0.0	0.0	0	1	0	0	19.0	17.0	361.0	323.0	19.0	0.0	0.0	19.9	15240	15.1	14.3	309	6.37	37.6	26.57	37.7	708.6113	2.2155623	6.5633073			38.0			122.76	54.66	47.98			1200.0
"Southern_Nations,_Nationalities_and_Peoples"	"Hadiya"	"Anlemo"	"Dulancho"	20	539	"Teff"	"Midslope"	1.0	38	5	7	1	10	5.3	50.0	1.0	0.5	0.25	1.0	0.0	0.0	1.0	0.0	0.0	1	1	0	0	74.5	25.5	5550.25	1899.75	0.0	74.5	0.0	19.9	15240	15.1	14.3	309	6.37	37.6	26.57	37.7	708.6113	2.2155623	6.5633073			38.0		50.0	122.76	54.66	47.98	0.45		600.0
"Southern_Nations,_Nationalities_and_Peoples"	"Hadiya"	"Anlemo"	"Dulancho"	20	333	"Teff"	"Footslope"	1.0	48	11	25	1	8	4.1	50.0	1.0	0.125	0.015625	1.0	0.0	0.0	0.0	0.0	0.0	1	1	0	1	38.0	34.0	1444.0	1292.0	38.0	0.0	0.0	19.9	15240	15.1	14.3	309	6.37	37.6	26.57	37.7	708.6113	2.2155623	6.5633073			36.8			122.76	54.66	47.98	0.45		1600.0
"Southern_Nations,_Nationalities_and_Peoples"	"Hadiya"	"Anlemo"	"Dulancho"	20	539	"Teff"	"Midslope"	1.0	38	5	7	1	10	5.3	50.0	0.0	1.0	1.0	1.0	0.0	1.0	1.0	0.0	0.0	1	1	0	0	32.5	8.5	1056.25	276.25	0.0	32.5	0.0	19.9	15240	15.1	14.3	309	6.37	37.6	26.57	37.7	708.6113	2.2155623	6.5633073			50.0		50.0	122.76	54.66	47.98	0.45		800.0
"Southern_Nations,_Nationalities_and_Peoples"	"Hadiya"	"Anlemo"	"Dulancho"	20	540	"Sorghum"	"Midslope"	1.0	32	5	20	1	9	4.0	50.0	1.0	0.125	0.015625	1.0	0.0	0.0	1.0	1.0	0.0	0	1	0	0	10.4	2.72	108.15999	28.288	0.0	10.4	0.0	19.9	15240	15.1	14.3	309	6.37	37.6	26.57	37.7	708.6113	2.2155623	6.5633073			125.0		75.0	122.76	54.66	47.98			4.0
"Southern_Nations,_Nationalities_and_Peoples"	"Hadiya"	"Anlemo"	"Dulancho"	20	439	"Wheat"	"Footslope"	1.0	38	6	16	1	5	2.4	50.0	1.0	0.5	0.25	1.0	0.0	1.0	1.0	0.0	1.0	1	1	0	0	65.0	17.0	4225.0	1105.0	65.0	0.0	0.0	19.9	15240	15.1	14.3	309	6.37	37.6	26.57	37.7	708.6113	2.2155623	6.5633073			39.0		39.0	122.76	54.66	47.98		0.39	1400.0
"Southern_Nations,_Nationalities_and_Peoples"	"Hadiya"	"Anlemo"	"Dulancho"	20	415	"Wheat"	"Footslope"	0.0	45	0	15	1	5	2.6	50.0	1.0	0.5	0.25	1.0	0.0	0.0	1.0	0.0	0.0	1	1	0	1	65.0	17.0	4225.0	1105.0	65.0	0.0	0.0	19.9	15240	15.1	14.3	309	6.37	37.6	26.57	37.7	708.6113	2.2155623	6.5633073			36.6		36.4	122.76	54.66	47.98		0.39	1600.0
"Southern_Nations,_Nationalities_and_Peoples"	"Hadiya"	"Anlemo"	"Dulancho"	20	439	"Teff"	"Footslope"	1.0	38	6	16	1	5	2.4	50.0	1.0	0.5	0.25	1.0	0.0	0.0	0.0	0.0	0.0	1	1	0	1	65.0	17.0	4225.0	1105.0	65.0	0.0	0.0	19.9	15240	15.1	14.3	309	6.37	37.6	26.57	37.7	708.6113	2.2155623	6.5633073			39.0		39.0	122.76	54.66	47.98	0.45		500.0
"Amhara"	"East_Gojjam"	"Gozamin"	"Addisnagulit"	21	785	"Wheat"	"Midslope"	1.0	65	0	50	1	5	2.6	30.0	1.0	0.625	0.390625	1.0	0.0	1.0	1.0	1.0	0.0	1	0	0	1	88.8	13.6	7885.4404	1207.68	0.0	88.8	0.0	28.0	27950	18.7	13.5	237	5.71	33.7	27.4	38.3	995.13257	1.8866812	6.902876			40.0		40.0	114.67	53.46	46.65		0.41	12.8
"Amhara"	"East_Gojjam"	"Gozamin"	"Addisnagulit"	21	747	"Teff"	"Midslope"	1.0	37	5	23	1	4	2.1	30.0	0.0	0.25	0.0625	1.0	0.0	1.0	0.0	0.0	0.0	1	1	0	0	122.0	68.0	14884.0	8296.0	0.0	122.0	0.0	28.5	28672	20.6	11.5	234	5.61	31.5	24.94	39.0	1011.12213	1.8125912	6.918816			19.96		37.2	114.67	53.46	46.65	0.47		2400.0
"Amhara"	"East_Gojjam"	"Gozamin"	"Addisnagulit"	21	787	"Teff"	"Footslope"	1.0	34	10	20	1	4	2.1	30.0	0.0	0.25	0.0625	1.0	0.0	0.0	0.0	0.0	0.0	0	0	0	0	19.0	17.0	361.0	323.0	19.0	0.0	0.0	28.0	27950	18.7	13.5	237	5.71	33.7	27.4	38.3	995.13257	1.8866812	6.902876			40.0			114.67	53.46	46.65	0.47		16.0
"Amhara"	"East_Gojjam"	"Gozamin"	"Addisnagulit"	21	708	"Wheat"	"Hillslope"	1.0	58	4	44	1	6	3.1	30.0	0.0	0.25	0.0625	1.0	0.0	1.0	0.0	0.0	1.0	0	0	0	0	74.8	34.0	5595.0405	2543.2002	0.0	0.0	74.8	28.0	27950	18.7	13.5	237	5.71	33.7	27.4	38.3	995.13257	1.8866812	6.902876			18.6		40.0	114.67	53.46	46.65		0.41	1000.0
"Amhara"	"East_Gojjam"	"Gozamin"	"Addisnagulit"	21	786	"Teff"	"Footslope"	1.0	50	7	36	1	7	3.6	30.0	0.0	0.25	0.0625	1.0	0.0	0.0	0.0	0.0	0.0	0	0	0	0	65.6	34.0	4303.36	2230.4	65.6	0.0	0.0	28.5	28672	20.6	11.5	234	5.61	31.5	24.94	39.0	1011.12213	1.8125912	6.918816			42.0		40.0	114.67	53.46	46.65	0.47		10.0
"Amhara"	"East_Gojjam"	"Gozamin"	"Addisnagulit"	21	748	"Wheat"	"Hillslope"	1.0	60	0	39	1	5	2.8	30.0	0.0	0.25	0.0625	1.0	0.0	1.0	1.0	1.0	1.0	1	1	0	0	282.0	153.0	79524.0	47940.0	0.0	0.0	282.0	27.9	21539	19.1	11.4	245	5.65	31.0	26.38	39.0	1011.12213	1.8125912	6.918816			18.0		40.0	114.67	53.46	46.65		0.41	4000.0
"Amhara"	"East_Gojjam"	"Gozamin"	"Addisnagulit"	21	680	"Teff"	"Midslope"	1.0	64	0	47	1	4	2.5	30.0	1.0	0.25	0.0625	1.0	0.0	0.0	0.0	0.0	0.0	1	1	0	0	84.0	34.0	7056.0	2856.0	0.0	84.0	0.0	27.9	21539	19.1	11.4	245	5.65	31.0	26.38	39.0	1011.12213	1.8125912	6.918816			30.0		30.0	114.67	53.46	46.65	0.47		1600.0
"Amhara"	"East_Gojjam"	"Gozamin"	"Addisnagulit"	21	791	"Wheat"	"Midslope"	0.0	67	0	26	0	3	2.0	30.0	0.0	0.25	0.0625	1.0	0.0	1.0	1.0	1.0	1.0	1	1	0	1	130.0	34.0	16900.0	4420.0	0.0	130.0	0.0	27.9	21539	19.1	11.4	245	5.65	31.0	26.38	39.0	1011.12213	1.8125912	6.918816			40.0		40.0	114.67	53.46	46.65		0.41	2400.0
"Amhara"	"East_Gojjam"	"Gozamin"	"Addisnagulit"	21	787	"Teff"	"Footslope"	1.0	34	10	20	1	4	2.1	30.0	0.0	0.25	0.0625	1.0	0.0	0.0	0.0	0.0	0.0	0	0	0	0	84.0	34.0	7056.0	2856.0	84.0	0.0	0.0	28.0	27950	18.7	13.5	237	5.71	33.7	27.4	38.3	995.13257	1.8866812	6.902876			40.0		40.0	114.67	53.46	46.65	0.47		16.0
"Amhara"	"East_Gojjam"	"Gozamin"	"Addisnagulit"	21	676	"Teff"	"Hillslope"	1.0	47	0	29	1	6	3.3	30.0	1.0	0.25	0.0625	1.0	0.0	0.0	0.0	0.0	0.0	1	1	0	1	44.760002	17.0	2003.4578	760.92004	0.0	0.0	44.760002	26.9	21956	19.3	12.6	235	5.72	33.5	25.83	39.0	995.13257	1.8866812	6.902876			40.0		40.0	114.67	53.46	46.65	0.47		600.0
"Amhara"	"East_Gojjam"	"Gozamin"	"Addisnagulit"	21	679	"Wheat"	"Hillslope"	0.0	55	0	35	1	6	3.5	30.0	1.0	0.25	0.0625	1.0	0.0	0.0	0.0	1.0	1.0	1	1	0	1	130.0	34.0	16900.0	4420.0	0.0	0.0	130.0	26.9	21956	19.3	12.6	235	5.72	33.5	25.83	39.0	995.13257	1.8866812	6.902876			32.0		32.0	114.67	53.46	46.65		0.41	1600.0
"Amhara"	"East_Gojjam"	"Gozamin"	"Addisnagulit"	21	749	"Teff"	"Footslope"	1.0	45	0	25	1	7	3.2	30.0	0.0	0.125	0.015625	1.0	0.0	0.0	0.0	0.0	1.0	1	1	0	1	168.0	68.0	28224.0	11424.0	168.0	0.0	0.0	28.0	27950	18.7	13.5	237	5.71	33.7	27.4	38.3	995.13257	1.8866812	6.902876			40.26		40.28	114.67	53.46	46.65	0.47		1600.0
"Amhara"	"East_Gojjam"	"Gozamin"	"Addisnagulit"	21	676	"Wheat"	"Midslope"	1.0	47	0	29	1	6	3.3	30.0	1.0	0.125	0.015625	1.0	0.0	0.0	1.0	1.0	0.0	1	1	0	1	122.0	68.0	14884.0	8296.0	0.0	122.0	0.0	26.9	21956	19.3	12.6	235	5.72	33.5	25.83	39.0	995.13257	1.8866812	6.902876			40.0		40.0	114.67	53.46	46.65		0.41	4400.0
"Amhara"	"East_Gojjam"	"Gozamin"	"Addisnagulit"	21	747	"Teff"	"Midslope"	1.0	37	5	23	1	4	2.1	30.0	0.0	0.25	0.0625	1.0	0.0	1.0	1.0	0.0	1.0	1	1	0	0	394.96	153.0	155993.39	402859.2	0.0	394.96	0.0	28.5	28672	20.6	11.5	234	5.61	31.5	24.94	39.0	1011.12213	1.8125912	6.918816			1.6666666		24.95	114.67	53.46	46.65	0.47		2000.0
"Amhara"	"East_Gojjam"	"Gozamin"	"Addisnagulit"	21	748	"Teff"	"Footslope"	1.0	60	0	39	1	5	2.8	30.0	1.0	0.5	0.25	1.0	0.0	1.0	1.0	0.0	1.0	1	1	0	0	93.5	42.5	8742.25	3973.75	93.5	0.0	0.0	27.9	21539	19.1	11.4	245	5.65	31.0	26.38	39.0	1011.12213	1.8125912	6.918816			36.0		40.0	114.67	53.46	46.65	0.47		1600.0
"Amhara"	"East_Gojjam"	"Gozamin"	"Addisnagulit"	21	680	"Wheat"	"Footslope"	1.0	64	0	47	1	4	2.5	30.0	1.0	0.125	0.015625	1.0	0.0	0.0	1.0	1.0	0.0	1	1	0	1	260.0	68.0	67600.0	17680.0	260.0	0.0	0.0	27.9	21539	19.1	11.4	245	5.65	31.0	26.38	39.0	1011.12213	1.8125912	6.918816			30.0		30.0	114.67	53.46	46.65		0.41	4000.0
"Amhara"	"East_Gojjam"	"Gozamin"	"Addisnagulit"	21	708	"Teff"	"Footslope"	1.0	58	4	44	1	6	3.1	30.0	0.0	0.25	0.0625	1.0	0.0	1.0	0.0	0.0	1.0	1	0	0	0	84.0	34.0	7056.0	2856.0	84.0	0.0	0.0	28.0	27950	18.7	13.5	237	5.71	33.7	27.4	38.3	995.13257	1.8866812	6.902876			39.92		37.2	114.67	53.46	46.65	0.47		1000.0
"Amhara"	"East_Gojjam"	"Gozamin"	"Addisnagulit"	21	780	"Wheat"	"Midslope"	1.0	75	0	60	0	4	2.5	30.0	1.0	0.5	0.25	1.0	0.0	0.0	0.0	1.0	0.0	1	1	0	1	105.0	40.0	11025.0	4200.0	0.0	105.0	0.0	28.0	27950	18.7	13.5	237	5.71	33.7	27.4	38.3	995.13257	1.8866812	6.902876	50.0				50.0	114.67	53.46	46.65		0.41	1000.0
"Amhara"	"East_Gojjam"	"Gozamin"	"Addisnagulit"	21	747	"Wheat"	"Midslope"	1.0	37	5	23	1	4	2.1	30.0	0.0	1.0	1.0	1.0	0.0	0.0	0.0	1.0	1.0	1	1	0	1	51.5	25.5	2652.25	1313.25	0.0	51.5	0.0	28.5	28672	20.6	11.5	234	5.61	31.5	24.94	39.0	1011.12213	1.8125912	6.918816			15.866667		24.95	114.67	53.46	46.65		0.41	500.0
"Amhara"	"East_Gojjam"	"Gozamin"	"Addisnagulit"	21	736	"Wheat"	"Midslope"	1.0	40	0	26	1	6	3.1	30.0	1.0	0.25	0.0625	1.0	1.0	0.0	1.0	1.0	1.0	1	0	0	1	122.0	68.0	14884.0	8296.0	0.0	122.0	0.0	26.9	21956	19.3	12.6	235	5.72	33.5	25.83	39.0	995.13257	1.8866812	6.902876			30.0		30.0	114.67	53.46	46.65		0.41	24.0
"Amhara"	"East_Gojjam"	"Gozamin"	"Addisnagulit"	21	749	"Wheat"	"Footslope"	1.0	45	0	25	1	7	3.2	30.0	1.0	0.25	0.0625	1.0	0.0	0.0	1.0	1.0	1.0	1	1	0	1	168.0	68.0	28224.0	11424.0	168.0	0.0	0.0	28.0	27950	18.7	13.5	237	5.71	33.7	27.4	38.3	995.13257	1.8866812	6.902876			40.26		40.26	114.67	53.46	46.65		0.41	2800.0
"Amhara"	"East_Gojjam"	"Gozamin"	"Addisnagulit"	21	749	"Teff"	"Footslope"	1.0	45	0	25	1	7	3.2	30.0	1.0	0.25	0.0625	1.0	1.0	0.0	0.0	0.0	1.0	1	1	0	0	206.0	102.0	42436.0	21012.0	206.0	0.0	0.0	28.0	27950	18.7	13.5	237	5.71	33.7	27.4	38.3	995.13257	1.8866812	6.902876			26.84		40.26	114.67	53.46	46.65	0.47		2000.0
"Amhara"	"East_Gojjam"	"Gozamin"	"Addisnagulit"	21	746	"Wheat"	"Midslope"	1.0	43	0	29	1	5	2.6	30.0	1.0	0.25	0.0625	1.0	0.0	1.0	0.0	1.0	1.0	1	1	0	1	206.0	102.0	42436.0	21012.0	0.0	206.0	0.0	26.9	21956	19.3	12.6	235	5.72	33.5	25.83	39.0	995.13257	1.8866812	6.902876			14.0		24.95	114.67	53.46	46.65		0.41	5200.0
"Amhara"	"East_Gojjam"	"Gozamin"	"Addisnagulit"	21	749	"Teff"	"Footslope"	1.0	45	0	25	1	7	3.2	30.0	0.0	0.35	0.1225	1.0	0.0	0.0	0.0	0.0	1.0	1	1	0	1	60.0	24.285715	3600.0	1457.143	60.0	0.0	0.0	28.0	27950	18.7	13.5	237	5.71	33.7	27.4	38.3	995.13257	1.8866812	6.902876			40.26		40.28	114.67	53.46	46.65	0.47		1142.8572
"Amhara"	"East_Gojjam"	"Gozamin"	"Addisnagulit"	21	787	"Wheat"	"Midslope"	1.0	34	10	20	1	4	2.1	30.0	0.0	0.25	0.0625	1.0	0.0	0.0	1.0	1.0	0.0	1	0	0	0	103.0	51.0	10609.0	5253.0	0.0	103.0	0.0	28.0	27950	18.7	13.5	237	5.71	33.7	27.4	38.3	995.13257	1.8866812	6.902876			40.0		40.0	114.67	53.46	46.65		0.41	32.0
"Amhara"	"East_Gojjam"	"Gozamin"	"Addisnagulit"	21	785	"Teff"	"Footslope"	1.0	65	0	50	1	5	2.6	30.0	1.0	0.5	0.25	1.0	0.0	1.0	0.0	0.0	0.0	0	0	0	0	111.0	17.0	12321.0	1887.0	111.0	0.0	0.0	28.0	27950	18.7	13.5	237	5.71	33.7	27.4	38.3	995.13257	1.8866812	6.902876			40.0		40.0	114.67	53.46	46.65	0.47		10.0
"Amhara"	"East_Gojjam"	"Gozamin"	"Addisnagulit"	21	786	"Teff"	"Footslope"	1.0	50	7	36	1	7	3.6	30.0	0.0	0.25	0.0625	1.0	0.0	0.0	0.0	0.0	0.0	0	0	0	0	28.5	25.5	812.25	726.75	28.5	0.0	0.0	28.5	28672	20.6	11.5	234	5.61	31.5	24.94	39.0	1011.12213	1.8125912	6.918816			40.0			114.67	53.46	46.65	0.47		1200.0
"Amhara"	"East_Gojjam"	"Gozamin"	"Addisnagulit"	21	680	"Wheat"	"Footslope"	1.0	64	0	47	1	4	2.5	30.0	1.0	0.35	0.1225	1.0	0.0	0.0	1.0	1.0	0.0	1	1	0	1	46.42857	12.142858	2155.612	563.7755	46.42857	0.0	0.0	27.9	21539	19.1	11.4	245	5.65	31.0	26.38	39.0	1011.12213	1.8125912	6.918816			30.0		30.0	114.67	53.46	46.65		0.41	5200.0
"Amhara"	"East_Gojjam"	"Gozamin"	"Addisnagulit"	21	708	"Teff"	"Hillslope"	1.0	58	4	44	1	6	3.1	30.0	1.0	0.25	0.0625	1.0	0.0	1.0	0.0	0.0	0.0	1	0	0	0	122.0	68.0	14884.0	8296.0	0.0	0.0	122.0	28.0	27950	18.7	13.5	237	5.71	33.7	27.4	38.3	995.13257	1.8866812	6.902876			19.96		75.0	114.67	53.46	46.65	0.47		14.0
"Amhara"	"East_Gojjam"	"Gozamin"	"Addisnagulit"	21	676	"Teff"	"Midslope"	1.0	47	0	29	1	6	3.3	30.0	0.0	0.25	0.0625	1.0	0.0	0.0	0.0	0.0	1.0	0	1	0	0	84.0	34.0	7056.0	2856.0	0.0	84.0	0.0	26.9	21956	19.3	12.6	235	5.72	33.5	25.83	39.0	995.13257	1.8866812	6.902876			40.0		40.0	114.67	53.46	46.65	0.47		1200.0
"Amhara"	"East_Gojjam"	"Gozamin"	"Addisnagulit"	21	676	"Wheat"	"Hillslope"	1.0	47	0	29	1	6	3.3	30.0	0.0	0.25	0.0625	1.0	1.0	0.0	0.0	1.0	0.0	0	1	0	1	46.57	0.51	2168.765	23.7507	0.0	0.0	46.57	26.9	21956	19.3	12.6	235	5.72	33.5	25.83	39.0	995.13257	1.8866812	6.902876			3333.3333		40.0	114.67	53.46	46.65		0.41	2600.0
"Amhara"	"East_Gojjam"	"Gozamin"	"Addisnagulit"	21	787	"Teff"	"Midslope"	1.0	34	10	20	1	4	2.1	30.0	0.0	0.25	0.0625	1.0	0.0	0.0	0.0	0.0	0.0	0	0	0	1	19.0	17.0	361.0	323.0	0.0	19.0	0.0	28.0	27950	18.7	13.5	237	5.71	33.7	27.4	38.3	995.13257	1.8866812	6.902876			40.0			114.67	53.46	46.65	0.47		32.0
"Amhara"	"East_Gojjam"	"Gozamin"	"Addisnagulit"	21	746	"Teff"	"Midslope"	1.0	43	0	29	1	5	2.6	30.0	0.0	0.5	0.25	1.0	0.0	1.0	1.0	0.0	1.0	1	1	0	0	122.0	68.0	14884.0	8296.0	0.0	122.0	0.0	26.9	21956	19.3	12.6	235	5.72	33.5	25.83	39.0	995.13257	1.8866812	6.902876			23.0		24.95	114.67	53.46	46.65	0.47		2000.0
"Amhara"	"East_Gojjam"	"Gozamin"	"Addisnagulit"	21	780	"Teff"	"Midslope"	1.0	75	0	60	0	4	2.5	30.0	1.0	0.25	0.0625	1.0	0.0	0.0	0.0	0.0	0.0	1	1	0	1	64.0	20.0	4096.0	1280.0	0.0	64.0	0.0	28.0	27950	18.7	13.5	237	5.71	33.7	27.4	38.3	995.13257	1.8866812	6.902876	37.0				37.0	114.67	53.46	46.65	0.47		800.0
"Amhara"	"East_Gojjam"	"Gozamin"	"Addisnagulit"	21	786	"Wheat"	"Footslope"	1.0	50	7	36	1	7	3.6	30.0	1.0	0.25	0.0625	1.0	0.0	0.0	0.0	1.0	0.0	0	0	0	1	84.0	34.0	7056.0	2856.0	84.0	0.0	0.0	28.5	28672	20.6	11.5	234	5.61	31.5	24.94	39.0	1011.12213	1.8125912	6.918816			42.0		40.0	114.67	53.46	46.65		0.41	3000.0
"Amhara"	"East_Gojjam"	"Gozamin"	"Addisnagulit"	21	736	"Teff"	"Footslope"	1.0	40	0	26	1	6	3.1	30.0	1.0	0.25	0.0625	1.0	1.0	0.0	0.0	0.0	0.0	1	0	0	0	84.0	34.0	7056.0	2856.0	84.0	0.0	0.0	26.9	21956	19.3	12.6	235	5.72	33.5	25.83	39.0	995.13257	1.8866812	6.902876			30.0		30.0	114.67	53.46	46.65	0.47		16.0
"Amhara"	"East_Gojjam"	"Gozamin"	"Addisnagulit"	21	708	"Teff"	"Hillslope"	1.0	58	4	44	1	6	3.1	30.0	0.0	0.25	0.0625	1.0	0.0	0.0	0.0	0.0	0.0	1	0	0	0	169.2	102.0	28628.639	17258.4	0.0	0.0	169.2	28.0	27950	18.7	13.5	237	5.71	33.7	27.4	38.3	995.13257	1.8866812	6.902876			17.333334		40.0	114.67	53.46	46.65	0.47		1800.0
"Amhara"	"East_Gojjam"	"Gozamin"	"Addisnagulit"	21	736	"Teff"	"Footslope"	1.0	40	0	26	1	6	3.1	30.0	1.0	0.25	0.0625	1.0	1.0	0.0	1.0	0.0	0.0	1	0	0	0	84.0	34.0	7056.0	2856.0	84.0	0.0	0.0	26.9	21956	19.3	12.6	235	5.72	33.5	25.83	39.0	995.13257	1.8866812	6.902876			30.0		30.0	114.67	53.46	46.65	0.47		2000.0
"Amhara"	"East_Gojjam"	"Gozamin"	"Addisnagulit"	21	676	"Teff"	"Hillslope"	1.0	47	0	29	1	6	3.3	30.0	0.0	0.25	0.0625	1.0	0.0	0.0	0.0	0.0	1.0	0	1	0	1	44.760002	17.0	2003.4578	760.92004	0.0	0.0	44.760002	26.9	21956	19.3	12.6	235	5.72	33.5	25.83	39.0	995.13257	1.8866812	6.902876			40.0		40.0	114.67	53.46	46.65	0.47		600.0
"Amhara"	"East_Gojjam"	"Gozamin"	"Addisnagulit"	21	791	"Teff"	"Midslope"	0.0	67	0	26	0	3	2.0	30.0	0.0	0.3125	0.09765625	1.0	0.0	1.0	0.0	0.0	1.0	1	1	0	1	104.0	27.2	10816.0	2828.8	0.0	104.0	0.0	27.9	21539	19.1	11.4	245	5.65	31.0	26.38	39.0	1011.12213	1.8125912	6.918816			40.0		40.0	114.67	53.46	46.65	0.47		960.0
"Amhara"	"East_Gojjam"	"Gozamin"	"Addisnagulit"	21	792	"Teff"	"Hillslope"	1.0	57	4	36	1	4	2.5	30.0	0.0	0.25	0.0625	1.0	0.0	1.0	0.0	0.0	0.0	1	1	0	1	130.0	34.0	16900.0	4420.0	0.0	0.0	130.0	28.0	27950	18.7	13.5	237	5.71	33.7	27.4	38.3	995.13257	1.8866812	6.902876			40.0		30.0	114.67	53.46	46.65	0.47		800.0
"Amhara"	"East_Gojjam"	"Gozamin"	"Addisnagulit"	21	708	"Wheat"	"Hillslope"	1.0	58	4	44	1	6	3.1	30.0	1.0	0.25	0.0625	1.0	0.0	0.0	0.0	0.0	1.0	0	0	0	0	74.8	34.0	5595.0405	2543.2002	0.0	0.0	74.8	28.0	27950	18.7	13.5	237	5.71	33.7	27.4	38.3	995.13257	1.8866812	6.902876			18.6		40.0	114.67	53.46	46.65		0.41	1600.0
"Amhara"	"East_Gojjam"	"Gozamin"	"Addisnagulit"	21	679	"Teff"	"Midslope"	0.0	55	0	35	1	6	3.5	30.0	1.0	0.25	0.0625	1.0	0.0	0.0	0.0	0.0	1.0	1	1	0	1	130.0	34.0	16900.0	4420.0	0.0	130.0	0.0	26.9	21956	19.3	12.6	235	5.72	33.5	25.83	39.0	995.13257	1.8866812	6.902876			32.0		32.0	114.67	53.46	46.65	0.47		1200.0
"Amhara"	"East_Gojjam"	"Gozamin"	"Addisnagulit"	21	786	"Wheat"	"Footslope"	1.0	50	7	36	1	7	3.6	30.0	0.0	0.5	0.25	1.0	0.0	0.0	0.0	1.0	0.0	1	0	0	1	84.0	34.0	7056.0	2856.0	84.0	0.0	0.0	28.5	28672	20.6	11.5	234	5.61	31.5	24.94	39.0	1011.12213	1.8125912	6.918816			42.0		40.0	114.67	53.46	46.65		0.41	2000.0
"Amhara"	"East_Gojjam"	"Gozamin"	"Addisnagulit"	21	680	"Teff"	"Footslope"	1.0	64	0	47	1	4	2.5	30.0	1.0	0.5	0.25	1.0	0.0	0.0	1.0	0.0	0.0	1	1	0	0	42.0	17.0	1764.0	714.0	42.0	0.0	0.0	27.9	21539	19.1	11.4	245	5.65	31.0	26.38	39.0	1011.12213	1.8125912	6.918816			30.0		30.0	114.67	53.46	46.65	0.47		1100.0
"Amhara"	"East_Gojjam"	"Gozamin"	"Addisnagulit"	21	680	"Teff"	"Footslope"	1.0	64	0	47	1	4	2.5	30.0	1.0	0.25	0.0625	1.0	0.0	0.0	1.0	0.0	0.0	1	1	0	0	84.0	34.0	7056.0	2856.0	84.0	0.0	0.0	27.9	21539	19.1	11.4	245	5.65	31.0	26.38	39.0	1011.12213	1.8125912	6.918816			30.0		60.0	114.67	53.46	46.65	0.47		1600.0
"Amhara"	"East_Gojjam"	"Gozamin"	"Addisnagulit"	21	747	"Teff"	"Midslope"	1.0	37	5	23	1	4	2.1	30.0	0.0	0.25	0.0625	0.0	0.0	1.0	1.0	0.0	1.0	1	1	0	0	0.0	0.0	0.0	0.0	0.0	0.0	0.0	28.5	28672	20.6	11.5	234	5.61	31.5	24.94	39.0	1011.12213	1.8125912	6.918816						114.67	53.46	46.65	0.47		2000.0
"Amhara"	"North_Gonder"	"West_Belesa"	"Abaytera"	22	722	"Teff"	"Midslope"	1.0	41	8	27	1	7	3.4	60.0	0.0	0.25	0.0625	1.0	0.0	0.0	1.0	0.0	0.0	0	1	1	1	130.0	34.0	16900.0	4420.0	0.0	130.0	0.0	14.9	1273	10.1	11.1	235	7.11	32.6	28.3	39.0	933.8611	1.0995116	6.839328		41.5			41.5	114.67	53.46	46.65	0.47		600.0
"Amhara"	"North_Gonder"	"West_Belesa"	"Abaytera"	22	721	"Teff"	"Midslope"	1.0	37	0	18	1	7	3.2	60.0	0.0	0.5	0.25	1.0	0.0	0.0	0.0	0.0	1.0	0	1	0	1	13.76	4.08	189.3376	56.1408	0.0	13.76	0.0	14.9	1273	10.1	11.1	235	7.11	32.6	28.3	39.0	933.8611	1.0995116	6.839328		58.333332			50.0	114.67	53.46	46.65	0.47		300.0
"Amhara"	"North_Gonder"	"West_Belesa"	"Abaytera"	22	699	"Sorghum"	"Midslope"	1.0	45	0	31	1	6	2.9	60.0	1.0	0.25	0.0625	0.0	1.0	0.0	0.0	0.0	0.0	0	1	0	0	0.0	0.0	0.0	0.0	0.0	0.0	0.0	15.0	1118	10.0	10.9	238	7.11	32.5	28.07	38.6	933.8611	1.0995116	6.839328						114.67	53.46	46.65			4400.0
"Amhara"	"North_Gonder"	"West_Belesa"	"Abaytera"	22	721	"Teff"	"Footslope"	1.0	37	0	18	1	7	3.2	60.0	1.0	0.5	0.25	1.0	0.0	0.0	0.0	0.0	1.0	0	1	1	1	13.76	4.08	189.3376	56.1408	13.76	0.0	0.0	14.9	1273	10.1	11.1	235	7.11	32.6	28.3	39.0	933.8611	1.0995116	6.839328		58.333332			50.0	114.67	53.46	46.65	0.47		400.0
"Amhara"	"North_Gonder"	"West_Belesa"	"Abaytera"	22	723	"Sorghum"	"Footslope"	1.0	22	8	8	1	2	1.5	60.0	0.0	0.25	0.0625	0.0	0.0	0.0	0.0	0.0	1.0	0	1	0	1	0.0	0.0	0.0	0.0	0.0	0.0	0.0	14.9	1273	10.1	11.1	235	7.11	32.6	28.3	39.0	933.8611	1.0995116	6.839328						114.67	53.46	46.65			
"Amhara"	"North_Gonder"	"West_Belesa"	"Abaytera"	22	722	"Teff"	"Footslope"	1.0	41	8	27	1	7	3.4	60.0	1.0	0.5	0.25	0.0	1.0	0.0	0.0	0.0	0.0	0	1	1	1	0.0	0.0	0.0	0.0	0.0	0.0	0.0	14.9	1273	10.1	11.1	235	7.11	32.6	28.3	39.0	933.8611	1.0995116	6.839328						114.67	53.46	46.65	0.47		800.0
"Amhara"	"North_Gonder"	"West_Belesa"	"Abaytera"	22	722	"Sorghum"	"Footslope"	1.0	41	8	27	1	7	3.4	60.0	1.0	0.25	0.0625	0.0	1.0	0.0	0.0	0.0	1.0	0	1	0	1	0.0	0.0	0.0	0.0	0.0	0.0	0.0	14.9	1273	10.1	11.1	235	7.11	32.6	28.3	39.0	933.8611	1.0995116	6.839328						114.67	53.46	46.65			2800.0
"Amhara"	"North_Gonder"	"West_Belesa"	"Abaytera"	22	689	"Sorghum"	"Footslope"	1.0	40	0	26	1	5	2.8	60.0	1.0	0.5	0.25	0.0	0.0	0.0	0.0	0.0	0.0	0	0	0	1	0.0	0.0	0.0	0.0	0.0	0.0	0.0	14.9	1273	10.1	11.1	235	7.11	32.6	28.3	39.0	933.8611	1.0995116	6.839328						114.67	53.46	46.65			500.0
"Amhara"	"North_Gonder"	"West_Belesa"	"Abaytera"	22	689	"Sorghum"	"Footslope"	1.0	40	0	26	1	5	2.8	60.0	0.0	0.5	0.25	0.0	0.0	0.0	0.0	0.0	0.0	0	0	0	1	0.0	0.0	0.0	0.0	0.0	0.0	0.0	14.9	1273	10.1	11.1	235	7.11	32.6	28.3	39.0	933.8611	1.0995116	6.839328						114.67	53.46	46.65			400.0
"Amhara"	"North_Gonder"	"West_Belesa"	"Abaytera"	22	697	"Sorghum"	"Midslope"	1.0	45	0	31	1	7	3.2	60.0	1.0	0.5	0.25	0.0	1.0	0.0	0.0	0.0	0.0	0	1	0	1	0.0	0.0	0.0	0.0	0.0	0.0	0.0	15.0	1118	10.0	10.9	238	7.11	32.5	28.07	38.6	933.8611	1.0995116	6.839328						114.67	53.46	46.65			1600.0
"Amhara"	"North_Gonder"	"West_Belesa"	"Abaytera"	22	699	"Teff"	"Midslope"	1.0	45	0	31	1	6	2.9	60.0	1.0	0.75	0.5625	0.0	0.0	0.0	0.0	0.0	0.0	0	1	0	1	0.0	0.0	0.0	0.0	0.0	0.0	0.0	15.0	1118	10.0	10.9	238	7.11	32.5	28.07	38.6	933.8611	1.0995116	6.839328						114.67	53.46	46.65	0.47		733.3333
"Amhara"	"North_Gonder"	"West_Belesa"	"Abaytera"	22	712	"Sorghum"	"Footslope"	1.0	40	0	30	1	6	2.9	60.0	0.0	0.25	0.0625	1.0	0.0	0.0	0.0	0.0	1.0	0	1	0	1	11.04	0.0	121.8816	0.0	11.04	0.0	0.0	14.9	1273	10.1	11.1	235	7.11	32.6	28.3	39.0	933.8611	1.0995116	6.839328					50.0	114.67	53.46	46.65			24.0
"Amhara"	"North_Gonder"	"West_Belesa"	"Abaytera"	22	688	"Sorghum"	"Footslope"	0.0	48	0	34	1	4	2.5	60.0	1.0	0.25	0.0625	1.0	0.0	1.0	1.0	0.0	0.0	0	0	0	1	13.0	3.4	169.0	44.2	13.0	0.0	0.0	14.9	1273	10.1	11.1	235	7.11	32.6	28.3	39.0	933.8611	1.0995116	6.839328		96.16			40.0	114.67	53.46	46.65			1200.0
"Amhara"	"North_Gonder"	"West_Belesa"	"Abaytera"	22	697	"Sorghum"	"Midslope"	1.0	45	0	31	1	7	3.2	60.0	1.0	0.5	0.25	0.0	1.0	0.0	0.0	0.0	0.0	0	1	0	1	0.0	0.0	0.0	0.0	0.0	0.0	0.0	15.0	1118	10.0	10.9	238	7.11	32.5	28.07	38.6	933.8611	1.0995116	6.839328						114.67	53.46	46.65			1600.0
"Amhara"	"North_Gonder"	"West_Belesa"	"Abaytera"	22	688	"Teff"	"Footslope"	0.0	48	0	34	1	4	2.5	60.0	1.0	0.25	0.0625	1.0	0.0	1.0	1.0	0.0	0.0	1	0	0	1	29.8	10.2	888.04	303.96	29.8	0.0	0.0	14.9	1273	10.1	11.1	235	7.11	32.6	28.3	39.0	933.8611	1.0995116	6.839328		41.333332			61.0	114.67	53.46	46.65	0.47		800.0
"Amhara"	"North_Gonder"	"West_Belesa"	"Abaytera"	22	689	"Teff"	"Footslope"	1.0	40	0	26	1	5	2.8	60.0	1.0	0.5	0.25	1.0	0.0	0.0	0.0	0.0	0.0	0	0	0	1	15.6	4.08	243.36002	63.648	15.6	0.0	0.0	14.9	1273	10.1	11.1	235	7.11	32.6	28.3	39.0	933.8611	1.0995116	6.839328		46.666668			46.666668	114.67	53.46	46.65	0.47		300.0
"Amhara"	"North_Gonder"	"West_Belesa"	"Abaytera"	22	712	"Teff"	"Footslope"	1.0	40	0	30	1	6	2.9	60.0	0.0	0.5	0.25	1.0	1.0	0.0	0.0	0.0	1.0	0	1	0	1	11.099999	1.7	123.209984	18.869999	11.099999	0.0	0.0	14.9	1273	10.1	11.1	235	7.11	32.6	28.3	39.0	933.8611	1.0995116	6.839328		50.0			50.0	114.67	53.46	46.65	0.47		1200.0
"Amhara"	"North_Gonder"	"West_Belesa"	"Abaytera"	22	689	"Sorghum"	"Footslope"	1.0	40	0	26	1	5	2.8	60.0	0.0	0.5	0.25	0.0	0.0	0.0	0.0	0.0	0.0	0	0	0	1	0.0	0.0	0.0	0.0	0.0	0.0	0.0	14.9	1273	10.1	11.1	235	7.11	32.6	28.3	39.0	933.8611	1.0995116	6.839328						114.67	53.46	46.65			600.0
"Amhara"	"North_Gonder"	"West_Belesa"	"Abaytera"	22	710	"Teff"	"Footslope"	1.0	50	0	35	1	6	2.9	60.0	1.0	1.0	1.0	1.0	0.0	0.0	0.0	0.0	0.0	0	1	0	1	11.05	2.89	122.1025	31.934502	11.05	0.0	0.0	14.9	1273	10.1	11.1	235	7.11	32.6	28.3	39.0	933.8611	1.0995116	6.839328		50.0			50.0	114.67	53.46	46.65	0.47		200.0
"Amhara"	"North_Gonder"	"West_Belesa"	"Abaytera"	22	689	"Sorghum"	"Footslope"	1.0	40	0	26	1	5	2.8	60.0	0.0	0.5	0.25	0.0	0.0	0.0	0.0	0.0	0.0	0	0	0	1	0.0	0.0	0.0	0.0	0.0	0.0	0.0	14.9	1273	10.1	11.1	235	7.11	32.6	28.3	39.0	933.8611	1.0995116	6.839328						114.67	53.46	46.65			500.0
"Amhara"	"North_Gonder"	"West_Belesa"	"Abaytera"	22	697	"Teff"	"Midslope"	1.0	45	0	31	1	7	3.2	60.0	1.0	0.75	0.5625	1.0	0.0	0.0	0.0	0.0	0.0	0	1	0	1	7.0	2.8333333	49.0	19.833332	0.0	7.0	0.0	15.0	1118	10.0	10.9	238	7.11	32.5	28.07	38.6	933.8611	1.0995116	6.839328		25.0			50.0	114.67	53.46	46.65	0.47		533.3333
"Amhara"	"North_Gonder"	"West_Belesa"	"Abaytera"	22	721	"Sorghum"	"Footslope"	1.0	37	0	18	1	7	3.2	60.0	0.0	0.25	0.0625	1.0	0.0	1.0	0.0	0.0	1.0	0	1	0	0	3.8	3.4	14.44	12.92	3.8	0.0	0.0	14.9	1273	10.1	11.1	235	7.11	32.6	28.3	39.0	933.8611	1.0995116	6.839328		50.0				114.67	53.46	46.65			800.0
"Amhara"	"North_Gonder"	"West_Belesa"	"Abaytera"	22	710	"Sorghum"	"Footslope"	1.0	50	0	35	1	6	2.9	60.0	1.0	0.375	0.140625	0.0	0.0	0.0	0.0	0.0	0.0	0	1	0	1	0.0	0.0	0.0	0.0	0.0	0.0	0.0	14.9	1273	10.1	11.1	235	7.11	32.6	28.3	39.0	933.8611	1.0995116	6.839328						114.67	53.46	46.65			
"Amhara"	"North_Gonder"	"West_Belesa"	"Abaytera"	22	723	"Sorghum"	"Footslope"	1.0	22	8	8	1	2	1.5	60.0	1.0	0.25	0.0625	1.0	0.0	0.0	0.0	0.0	1.0	0	1	0	1	9.2	0.0	84.64	0.0	9.2	0.0	0.0	14.9	1273	10.1	11.1	235	7.11	32.6	28.3	39.0	933.8611	1.0995116	6.839328					40.0	114.67	53.46	46.65			520.0
"Amhara"	"North_Gonder"	"West_Belesa"	"Abaytera"	22	723	"Teff"	"Footslope"	1.0	22	8	8	1	2	1.5	60.0	0.0	0.25	0.0625	1.0	0.0	0.0	0.0	0.0	0.0	0	1	0	1	13.0	3.4	169.0	44.2	13.0	0.0	0.0	14.9	1273	10.1	11.1	235	7.11	32.6	28.3	39.0	933.8611	1.0995116	6.839328		40.0			40.0	114.67	53.46	46.65	0.47		800.0
"Amhara"	"North_Gonder"	"West_Belesa"	"Abaytera"	22	690	"Sorghum"	"Footslope"	1.0	30	12	7	1	4	2.3	60.0	1.0	0.5	0.25	1.0	0.0	0.0	0.0	0.0	1.0	0	0	0	1	14.9	5.1	222.01	75.99	14.9	0.0	0.0	14.9	1273	10.1	11.1	235	7.11	32.6	28.3	39.0	933.8611	1.0995116	6.839328		26.0				114.67	53.46	46.65			600.0
"Amhara"	"North_Gonder"	"West_Belesa"	"Abaytera"	22	723	"Teff"	"Hillslope"	1.0	22	8	8	1	2	1.5	60.0	1.0	0.25	0.0625	1.0	0.0	0.0	0.0	0.0	0.0	0	0	0	1	10.4	2.72	108.15999	28.288	0.0	0.0	10.4	14.9	1273	10.1	11.1	235	7.11	32.6	28.3	39.0	933.8611	1.0995116	6.839328		38.0			38.0	114.67	53.46	46.65	0.47		320.0
"Amhara"	"North_Gonder"	"West_Belesa"	"Abaytera"	22	721	"Sorghum"	"Footslope"	1.0	37	0	18	1	7	3.2	60.0	1.0	0.25	0.0625	0.0	1.0	0.0	0.0	0.0	1.0	0	1	0	1	0.0	0.0	0.0	0.0	0.0	0.0	0.0	14.9	1273	10.1	11.1	235	7.11	32.6	28.3	39.0	933.8611	1.0995116	6.839328						114.67	53.46	46.65			3600.0
"Amhara"	"North_Gonder"	"West_Belesa"	"Amistya"	23	654	"Teff"	"Midslope"	1.0	53	0	39	1	6	2.9	20.0	1.0	0.25	0.0625	0.0	1.0	1.0	0.0	0.0	0.0	0	0	0	1	0.0	0.0	0.0	0.0	0.0	0.0	0.0	14.3	1350	10.0	10.7	219	7.09	32.5	27.92	38.2	933.8611	1.0995116	6.839328						114.67	53.46	46.65	0.47		400.0
"Amhara"	"North_Gonder"	"West_Belesa"	"Amistya"	23	637	"Teff"	"Footslope"	1.0	50	0	28	1	7	3.4	20.0	0.0	0.5	0.25	1.0	0.0	0.0	1.0	0.0	0.0	0	0	1	1	19.5	5.1	380.25	99.45	19.5	0.0	0.0	13.0	1192	9.7	11.8	215	7.06	36.8	27.27	35.7	933.8611	1.0995116	6.839328		56.666668			56.666668	114.67	53.46	46.65	0.47		1200.0
"Amhara"	"North_Gonder"	"West_Belesa"	"Amistya"	23	649	"Teff"	"Midslope"	1.0	40	0	28	1	8	3.5	20.0	1.0	0.5	0.25	1.0	0.0	1.0	0.0	0.0	0.0	0	1	1	1	13.0	3.4	169.0	44.2	0.0	13.0	0.0	14.4	1629	10.4	10.8	229	7.14	33.1	28.62	38.9	933.8611	1.0995116	6.839328		40.0			40.0	114.67	53.46	46.65	0.47		600.0
"Amhara"	"North_Gonder"	"West_Belesa"	"Amistya"	23	636	"Teff"	"Footslope"	1.0	49	0	27	1	9	4.2	20.0	1.0	0.4	0.16	0.0	1.0	0.0	1.0	0.0	1.0	0	0	0	1	0.0	0.0	0.0	0.0	0.0	0.0	0.0	14.4	1629	10.4	10.8	229	7.14	33.1	28.62	38.9	933.8611	1.0995116	6.839328						114.67	53.46	46.65	0.47		250.0
"Amhara"	"North_Gonder"	"West_Belesa"	"Amistya"	23	649	"Teff"	"Midslope"	1.0	40	0	28	1	8	3.5	20.0	0.0	0.75	0.5625	1.0	0.0	0.0	0.0	0.0	1.0	0	1	0	1	13.0	3.3999999	169.0	44.199997	0.0	13.0	0.0	14.4	1629	10.4	10.8	229	7.14	33.1	28.62	38.9	933.8611	1.0995116	6.839328		50.0			50.0	114.67	53.46	46.65	0.47		466.66666
"Amhara"	"North_Gonder"	"West_Belesa"	"Amistya"	23	654	"Sorghum"	"Footslope"	1.0	53	0	39	1	6	2.9	20.0	1.0	0.25	0.0625	0.0	0.0	0.0	0.0	0.0	0.0	0	0	0	1	0.0	0.0	0.0	0.0	0.0	0.0	0.0	14.3	1350	10.0	10.7	219	7.09	32.5	27.92	38.2	933.8611	1.0995116	6.839328						114.67	53.46	46.65			1200.0
"Amhara"	"North_Gonder"	"West_Belesa"	"Amistya"	23	637	"Teff"	"Footslope"	1.0	50	0	28	1	7	3.4	20.0	1.0	0.25	0.0625	1.0	0.0	0.0	1.0	0.0	0.0	0	0	1	1	26.0	6.8	676.0	176.8	26.0	0.0	0.0	13.0	1192	9.7	11.8	215	7.06	36.8	27.27	35.7	933.8611	1.0995116	6.839328		60.0			60.0	114.67	53.46	46.65	0.47		800.0
"Amhara"	"North_Gonder"	"West_Belesa"	"Amistya"	23	638	"Sorghum"	"Midslope"	1.0	30	16	16	1	4	2.1	20.0	1.0	0.5	0.25	0.0	0.0	0.0	0.0	0.0	1.0	0	0	0	1	0.0	0.0	0.0	0.0	0.0	0.0	0.0	13.2	809	9.2	12.9	221	7.06	36.1	26.81	36.4	933.8611	1.0995116	6.839328						114.67	53.46	46.65			300.0
"Amhara"	"North_Gonder"	"West_Belesa"	"Amistya"	23	636	"Sorghum"	"Midslope"	1.0	49	0	27	1	9	4.2	20.0	1.0	0.35	0.1225	0.0	1.0	0.0	1.0	0.0	1.0	0	0	0	1	0.0	0.0	0.0	0.0	0.0	0.0	0.0	14.4	1629	10.4	10.8	229	7.14	33.1	28.62	38.9	933.8611	1.0995116	6.839328						114.67	53.46	46.65			857.1429
"Amhara"	"North_Gonder"	"West_Belesa"	"Amistya"	23	648	"Teff"	"Hillslope"	1.0	57	0	35	1	8	4.3	20.0	1.0	0.25	0.0625	1.0	0.0	0.0	0.0	0.0	0.0	0	1	0	1	9.2	0.0	84.64	0.0	0.0	0.0	9.2	14.4	1629	10.4	10.8	229	7.14	33.1	28.62	38.9	933.8611	1.0995116	6.839328					40.0	114.67	53.46	46.65	0.47		200.0
"Amhara"	"North_Gonder"	"West_Belesa"	"Amistya"	23	648	"Teff"	"Footslope"	1.0	57	0	35	1	8	4.3	20.0	1.0	0.25	0.0625	1.0	0.0	0.0	0.0	0.0	0.0	0	1	0	0	39.0	10.2	1521.0	397.8	39.0	0.0	0.0	14.4	1629	10.4	10.8	229	7.14	33.1	28.62	38.9	933.8611	1.0995116	6.839328		53.333332			53.333332	114.67	53.46	46.65	0.47		800.0
"Amhara"	"North_Gonder"	"West_Belesa"	"Amistya"	23	654	"Teff"	"Midslope"	1.0	53	0	39	1	6	2.9	20.0	1.0	0.25	0.0625	1.0	0.0	0.0	0.0	0.0	0.0	0	0	0	1	18.4	0.0	338.56	0.0	0.0	18.4	0.0	14.3	1350	10.0	10.7	219	7.09	32.5	27.92	38.2	933.8611	1.0995116	6.839328					50.0	114.67	53.46	46.65	0.47		400.0
"Amhara"	"North_Gonder"	"West_Belesa"	"Amistya"	23	640	"Teff"	"Midslope"	1.0	41	0	38	1	6	2.7	20.0	1.0	0.25	0.0625	1.0	0.0	0.0	0.0	0.0	0.0	0	0	0	1	27.6	0.0	761.76	0.0	0.0	27.6	0.0	14.4	1629	10.4	10.8	229	7.14	33.1	28.62	38.9	933.8611	1.0995116	6.839328					50.0	114.67	53.46	46.65	0.47		1000.0
"Amhara"	"North_Gonder"	"West_Belesa"	"Amistya"	23	654	"Teff"	"Footslope"	1.0	53	0	39	1	6	2.9	20.0	0.0	0.5	0.25	0.0	0.0	0.0	0.0	0.0	0.0	0	0	0	1	0.0	0.0	0.0	0.0	0.0	0.0	0.0	14.3	1350	10.0	10.7	219	7.09	32.5	27.92	38.2	933.8611	1.0995116	6.839328						114.67	53.46	46.65	0.47		400.0
"Amhara"	"North_Gonder"	"West_Belesa"	"Amistya"	23	652	"Teff"	"Midslope"	1.0	43	5	29	1	6	2.7	20.0	0.0	0.25	0.0625	1.0	0.0	1.0	0.0	0.0	0.0	0	0	0	1	1.84	0.0	3.3856	0.0	0.0	1.84	0.0	13.0	1192	9.7	11.8	215	7.06	36.8	27.27	35.7	933.8611	1.0995116	6.839328					75.0	114.67	53.46	46.65	0.47		400.0
"Amhara"	"North_Gonder"	"West_Belesa"	"Amistya"	23	636	"Teff"	"Midslope"	1.0	49	0	27	1	9	4.2	20.0	0.0	0.5	0.25	0.0	0.0	0.0	1.0	0.0	1.0	0	0	0	0	0.0	0.0	0.0	0.0	0.0	0.0	0.0	14.4	1629	10.4	10.8	229	7.14	33.1	28.62	38.9	933.8611	1.0995116	6.839328						114.67	53.46	46.65	0.47		600.0
"Amhara"	"North_Gonder"	"West_Belesa"	"Amistya"	23	653	"Teff"	"Footslope"	1.0	45	0	31	1	4	2.3	20.0	1.0	0.5	0.25	1.0	1.0	1.0	0.0	0.0	1.0	0	0	0	1	13.0	3.4	169.0	44.2	13.0	0.0	0.0	13.0	1192	9.7	11.8	215	7.06	36.8	27.27	35.7	933.8611	1.0995116	6.839328		50.0			50.0	114.67	53.46	46.65	0.47		600.0
"Amhara"	"North_Gonder"	"West_Belesa"	"Amistya"	23	640	"Sorghum"	"Midslope"	1.0	41	0	38	1	6	2.7	20.0	1.0	0.5	0.25	0.0	0.0	0.0	1.0	0.0	0.0	0	0	0	1	0.0	0.0	0.0	0.0	0.0	0.0	0.0	14.4	1629	10.4	10.8	229	7.14	33.1	28.62	38.9	933.8611	1.0995116	6.839328						114.67	53.46	46.65			14.0
"Amhara"	"North_Gonder"	"West_Belesa"	"Amistya"	23	652	"Teff"	"Footslope"	1.0	43	5	29	1	6	2.7	20.0	1.0	0.25	0.0625	1.0	1.0	1.0	0.0	0.0	0.0	0	0	0	1	2.76	0.0	7.6176	0.0	2.76	0.0	0.0	13.0	1192	9.7	11.8	215	7.06	36.8	27.27	35.7	933.8611	1.0995116	6.839328					75.0	114.67	53.46	46.65	0.47		1200.0
"Amhara"	"North_Gonder"	"West_Belesa"	"Amistya"	23	637	"Teff"	"Footslope"	1.0	50	0	28	1	7	3.4	20.0	1.0	0.25	0.0625	0.0	0.0	0.0	1.0	0.0	0.0	0	0	0	0	0.0	0.0	0.0	0.0	0.0	0.0	0.0	13.0	1192	9.7	11.8	215	7.06	36.8	27.27	35.7	933.8611	1.0995116	6.839328						114.67	53.46	46.65	0.47		400.0
"Amhara"	"North_Gonder"	"West_Belesa"	"Amistya"	23	638	"Sorghum"	"Midslope"	1.0	30	16	16	1	4	2.1	20.0	1.0	0.5	0.25	0.0	1.0	0.0	0.0	0.0	0.0	0	0	0	0	0.0	0.0	0.0	0.0	0.0	0.0	0.0	13.2	809	9.2	12.9	221	7.06	36.1	26.81	36.4	933.8611	1.0995116	6.839328						114.67	53.46	46.65			100.0
"Amhara"	"North_Gonder"	"West_Belesa"	"Amistya"	23	648	"Sorghum"	"Footslope"	1.0	57	0	35	1	8	4.3	20.0	1.0	0.25	0.0625	0.0	0.0	0.0	0.0	0.0	1.0	0	1	0	1	0.0	0.0	0.0	0.0	0.0	0.0	0.0	14.4	1629	10.4	10.8	229	7.14	33.1	28.62	38.9	933.8611	1.0995116	6.839328						114.67	53.46	46.65			400.0
"Amhara"	"North_Gonder"	"West_Belesa"	"Amistya"	23	641	"Teff"	"Midslope"	1.0	48	0	28	1	6	2.9	20.0	1.0	0.25	0.0625	0.0	0.0	0.0	0.0	0.0	0.0	0	1	0	1	0.0	0.0	0.0	0.0	0.0	0.0	0.0	13.0	1192	9.7	11.8	215	7.06	36.8	27.27	35.7	933.8611	1.0995116	6.839328						114.67	53.46	46.65	0.47		800.0
"Amhara"	"North_Gonder"	"West_Belesa"	"Amistya"	23	652	"Teff"	"Hillslope"	1.0	43	5	29	1	6	2.7	20.0	1.0	0.25	0.0625	1.0	0.0	1.0	0.0	0.0	0.0	1	0	0	1	8.28	0.0	68.558395	0.0	0.0	0.0	8.28	13.0	1192	9.7	11.8	215	7.06	36.8	27.27	35.7	933.8611	1.0995116	6.839328					75.0	114.67	53.46	46.65	0.47		400.0
"Amhara"	"North_Gonder"	"West_Belesa"	"Amistya"	23	654	"Sorghum"	"Footslope"	1.0	53	0	39	1	6	2.9	20.0	0.0	0.25	0.0625	0.0	0.0	0.0	0.0	0.0	0.0	0	0	0	1	0.0	0.0	0.0	0.0	0.0	0.0	0.0	14.3	1350	10.0	10.7	219	7.09	32.5	27.92	38.2	933.8611	1.0995116	6.839328						114.67	53.46	46.65			2000.0
"Amhara"	"North_Gonder"	"West_Belesa"	"Amistya"	23	641	"Sorghum"	"Hillslope"	1.0	48	0	28	1	6	2.9	20.0	1.0	0.5	0.25	1.0	0.0	0.0	0.0	0.0	0.0	0	1	0	1	11.0	4.08	121.0	44.879997	0.0	0.0	11.0	13.0	1192	9.7	11.8	215	7.06	36.8	27.27	35.7	933.8611	1.0995116	6.839328		50.0			50.0	114.67	53.46	46.65			1800.0
"Amhara"	"North_Gonder"	"West_Belesa"	"Amistya"	23	648	"Sorghum"	"Footslope"	1.0	57	0	35	1	8	4.3	20.0	0.0	0.5	0.25	0.0	0.0	0.0	0.0	0.0	1.0	0	0	0	1	0.0	0.0	0.0	0.0	0.0	0.0	0.0	14.4	1629	10.4	10.8	229	7.14	33.1	28.62	38.9	933.8611	1.0995116	6.839328						114.67	53.46	46.65			1200.0
"Amhara"	"North_Gonder"	"West_Belesa"	"Amistya"	23	653	"Sorghum"	"Footslope"	1.0	45	0	31	1	4	2.3	20.0	1.0	0.5	0.25	1.0	1.0	1.0	0.0	0.0	0.0	0	0	0	1	6.44	0.0	41.473602	0.0	6.44	0.0	0.0	13.0	1192	9.7	11.8	215	7.06	36.8	27.27	35.7	933.8611	1.0995116	6.839328					50.0	114.67	53.46	46.65			800.0
"Amhara"	"North_Gonder"	"West_Belesa"	"Amistya"	23	640	"Teff"	"Midslope"	1.0	41	0	38	1	6	2.7	20.0	1.0	0.25	0.0625	1.0	0.0	0.0	0.0	0.0	0.0	0	1	0	1	27.6	0.0	761.76	0.0	0.0	27.6	0.0	14.4	1629	10.4	10.8	229	7.14	33.1	28.62	38.9	933.8611	1.0995116	6.839328					50.0	114.67	53.46	46.65	0.47		1200.0
"Amhara"	"North_Gonder"	"West_Belesa"	"Amistya"	23	652	"Sorghum"	"Footslope"	1.0	43	5	29	1	6	2.7	20.0	0.0	0.75	0.5625	1.0	0.0	1.0	0.0	0.0	0.0	0	0	0	1	1.84	0.0	3.3856	0.0	1.84	0.0	0.0	13.0	1192	9.7	11.8	215	7.06	36.8	27.27	35.7	933.8611	1.0995116	6.839328					66.666664	114.67	53.46	46.65			933.3333
"Amhara"	"North_Gonder"	"West_Belesa"	"Amistya"	23	649	"Sorghum"	"Footslope"	1.0	40	0	28	1	8	3.5	20.0	1.0	0.5	0.25	1.0	0.0	0.0	1.0	0.0	1.0	0	1	0	1	11.04	0.0	121.8816	0.0	11.04	0.0	0.0	14.4	1629	10.4	10.8	229	7.14	33.1	28.62	38.9	933.8611	1.0995116	6.839328					50.0	114.67	53.46	46.65			1000.0
"Amhara"	"North_Shewa"	"Merhabete"	"Harogenda"	24	586	"Sorghum"	"Footslope"	1.0	35	1	20	1	5	2.6	40.0	1.0	0.5	0.25	1.0	0.0	0.0	0.0	0.0	0.0	0	1	0	1	23.0	0.0	529.0	0.0	23.0	0.0	0.0	22.3	4807	11.3	11.6	185	7.0	41.0	24.68	32.8	712.6659	1.4862918	6.5690126					40.32	114.67	53.46	46.65			1000.0
"Amhara"	"North_Shewa"	"Merhabete"		24	589	"Teff"	"Midslope"	1.0	35	0	20	1	5	2.4	40.0	0.0	1.0	1.0	1.0	0.0	0.0	1.0	0.0	1.0	1	1	0	1	14.25	12.75	203.0625	181.6875	0.0	14.25	0.0	24.5	5325	11.7	11.2	177	6.91	40.2	24.19	32.9	712.6659	1.4862918	6.5690126			32.8			114.67	53.46	46.65	0.47		1000.0
"Amhara"	"North_Shewa"	"Merhabete"	"Harogenda"	24	573	"Teff"	"Hillslope"	1.0	56	0	41	1	10	5.1	40.0	0.0	0.75	0.5625	1.0	0.0	1.0	1.0	0.0	1.0	1	1	0	1	19.0	17.0	361.0	323.0	0.0	0.0	19.0	18.7	4325	11.0	11.4	190	6.97	44.8	23.76	31.0	712.6659	1.4862918	6.5690126			32.733334			114.67	53.46	46.65	0.47		666.6667
"Amhara"	"North_Shewa"	"Merhabete"	"Harogenda"	24	600	"Teff"	"Midslope"	1.0	38	0	15	1	7	3.2	40.0	1.0	1.25	1.5625	1.0	0.0	0.0	1.0	0.0	0.0	1	1	0	1	7.6	6.8	57.76	51.68	0.0	7.6	0.0	18.7	4325	11.0	11.4	190	6.97	44.8	23.76	31.0	712.6659	1.4862918	6.5690126			37.8			114.67	53.46	46.65	0.47		640.0
"Amhara"	"North_Shewa"	"Merhabete"	"Harogenda"	24	618	"Sorghum"	"Midslope"	1.0	55	0	35	1	6	3.1	40.0	0.0	1.0	1.0	1.0	0.0	0.0	0.0	0.0	0.0	0	1	0	0	23.0	0.0	529.0	0.0	0.0	23.0	0.0	18.7	4325	11.0	11.4	190	6.97	44.8	23.76	31.0	712.6659	1.4862918	6.5690126					40.34	114.67	53.46	46.65			15.0
"Amhara"	"North_Shewa"	"Merhabete"	"Harogenda"	24	600	"Teff"	"Midslope"	1.0	38	0	15	1	7	3.2	40.0	1.0	0.25	0.0625	1.0	0.0	0.0	1.0	0.0	0.0	1	1	0	1	38.0	34.0	1444.0	1292.0	0.0	38.0	0.0	18.7	4325	11.0	11.4	190	6.97	44.8	23.76	31.0	712.6659	1.4862918	6.5690126			37.8			114.67	53.46	46.65	0.47		1600.0
"Amhara"	"North_Shewa"	"Merhabete"	"Harogenda"	24	572	"Teff"	"Midslope"	1.0	60	0	50	1	8	4.1	40.0	1.0	0.25	0.0625	1.0	0.0	1.0	1.0	0.0	1.0	1	1	0	1	19.0	17.0	361.0	323.0	0.0	19.0	0.0	18.7	4325	11.0	11.4	190	6.97	44.8	23.76	31.0	712.6659	1.4862918	6.5690126			32.6			114.67	53.46	46.65	0.47		600.0
"Amhara"	"North_Shewa"	"Merhabete"	"Harogenda"	24	600	"Sorghum"	"Midslope"	1.0	38	0	15	1	7	3.2	40.0	1.0	1.25	1.5625	1.0	0.0	0.0	0.0	0.0	0.0	1	1	0	1	33.6	13.6	1128.9598	456.96	0.0	33.6	0.0	18.7	4325	11.0	11.4	190	6.97	44.8	23.76	31.0	712.6659	1.4862918	6.5690126			37.8		41.0	114.67	53.46	46.65			2000.0
"Amhara"	"North_Shewa"	"Merhabete"		24	590	"Teff"	"Midslope"	1.0	50	0	36	1	8	3.5	40.0	0.0	0.25	0.0625	1.0	0.0	0.0	0.0	0.0	0.0	1	1	0	1	245.2	153.0	60123.04	41684.0	0.0	245.2	0.0	24.5	5325	11.7	11.2	177	6.91	40.2	24.19	32.9	712.6659	1.4862918	6.5690126			32.776		40.333332	114.67	53.46	46.65	0.47		1600.0
"Amhara"	"North_Shewa"	"Merhabete"		24	589	"Teff"	"Midslope"	1.0	35	0	20	1	5	2.4	40.0	0.0	0.75	0.5625	1.0	0.0	0.0	1.0	0.0	1.0	1	1	0	1	25.333334	22.666666	641.77783	574.2222	0.0	25.333334	0.0	24.5	5325	11.7	11.2	177	6.91	40.2	24.19	32.9	712.6659	1.4862918	6.5690126			32.7723			114.67	53.46	46.65	0.47		933.3333
"Amhara"	"North_Shewa"	"Merhabete"	"Harogenda"	24	618	"Teff"	"Footslope"	1.0	55	0	35	1	6	3.1	40.0	1.0	0.75	0.5625	1.0	0.0	0.0	1.0	0.0	0.0	1	1	0	0	25.333334	22.666666	641.77783	574.2222	25.333334	0.0	0.0	18.7	4325	11.0	11.4	190	6.97	44.8	23.76	31.0	712.6659	1.4862918	6.5690126			32.77			114.67	53.46	46.65	0.47		1066.6666
"Amhara"	"North_Shewa"	"Merhabete"	"Harogenda"	24	572	"Sorghum"	"Footslope"	1.0	60	0	50	1	8	4.1	40.0	1.0	1.0	1.0	1.0	0.0	1.0	0.0	0.0	0.0	1	1	0	1	88.0	17.0	7744.0	1496.0	88.0	0.0	0.0	18.7	4325	11.0	11.4	190	6.97	44.8	23.76	31.0	712.6659	1.4862918	6.5690126			32.77		40.34	114.67	53.46	46.65			1800.0
"Amhara"	"North_Shewa"	"Merhabete"	"Harogenda"	24	600	"Teff"	"Footslope"	1.0	38	0	15	1	7	3.2	40.0	0.0	0.5	0.25	1.0	1.0	0.0	1.0	0.0	0.0	1	1	0	1	38.0	34.0	1444.0	1292.0	38.0	0.0	0.0	18.7	4325	11.0	11.4	190	6.97	44.8	23.76	31.0	712.6659	1.4862918	6.5690126			37.8			114.67	53.46	46.65	0.47		200.0
"Amhara"	"North_Shewa"	"Merhabete"	"Harogenda"	24	618	"Teff"	"Footslope"	1.0	55	0	35	1	6	3.1	40.0	0.0	0.75	0.5625	1.0	0.0	0.0	1.0	0.0	0.0	1	1	0	1	31.666666	28.333334	1002.7777	897.2222	31.666666	0.0	0.0	18.7	4325	11.0	11.4	190	6.97	44.8	23.76	31.0	712.6659	1.4862918	6.5690126			39.28			114.67	53.46	46.65	0.47		933.3333
"Amhara"	"North_Shewa"	"Merhabete"	"Harogenda"	24	1000	"Sorghum"	"Midslope"	1.0	61	0	47	1	6	3.3	40.0	1.0	1.0	1.0	0.0	1.0	0.0	0.0	0.0	0.0	1	1	0	1	0.0	0.0	0.0	0.0	0.0	0.0	0.0	18.7	4325	11.0	11.4	190	6.97	44.8	23.76	31.0	712.6659	1.4862918	6.5690126						114.67	53.46	46.65			750.0
"Amhara"	"North_Shewa"	"Merhabete"		24	590	"Sorghum"	"Midslope"	1.0	50	0	36	1	8	3.5	40.0	1.0	1.25	1.5625	1.0	1.0	0.0	1.0	0.0	0.0	0	0	0	1	44.4	6.8	1971.3601	301.92	0.0	44.4	0.0	24.5	5325	11.7	11.2	177	6.91	40.2	24.19	32.9	712.6659	1.4862918	6.5690126			33.0		40.3414	114.67	53.46	46.65			1440.0
"Amhara"	"North_Shewa"	"Merhabete"	"Harogenda"	24	573	"Sorghum"	"Midslope"	1.0	56	0	41	1	10	5.1	40.0	1.0	2.75	7.5625	1.0	0.0	1.0	0.0	0.0	0.0	0	1	0	1	29.272728	0.0	856.8926	0.0	0.0	29.272728	0.0	18.7	4325	11.0	11.4	190	6.97	44.8	23.76	31.0	712.6659	1.4862918	6.5690126					41.42857	114.67	53.46	46.65			545.4545
"Amhara"	"North_Shewa"	"Merhabete"	"Harogenda"	24	999	"Teff"	"Footslope"	1.0	49	0	39	1	8	4.3	40.0	0.0	1.25	1.5625	1.0	0.0	0.0	0.0	0.0	0.0	1	1	0	1	22.8	20.4	519.83997	465.11996	22.8	0.0	0.0	18.7	4325	11.0	11.4	190	6.97	44.8	23.76	31.0	712.6659	1.4862918	6.5690126			80.0			114.67	53.46	46.65	0.47		640.0
"Amhara"	"North_Shewa"	"Merhabete"	"Harogenda"	24	1000	"Teff"	"Midslope"	1.0	61	0	47	1	6	3.3	40.0	1.0	1.0	1.0	1.0	0.0	0.0	0.0	0.0	0.0	1	1	0	1	19.0	17.0	361.0	323.0	0.0	19.0	0.0	18.7	4325	11.0	11.4	190	6.97	44.8	23.76	31.0	712.6659	1.4862918	6.5690126			47.0			114.67	53.46	46.65	0.47		500.0
"Amhara"	"North_Shewa"	"Merhabete"	"Harogenda"	24	585	"Teff"	"Footslope"	1.0	53	0	40	1	7	3.6	40.0	0.0	0.5	0.25	1.0	0.0	0.0	0.0	0.0	0.0	1	1	0	1	38.0	34.0	1444.0	1292.0	38.0	0.0	0.0	18.7	4325	11.0	11.4	190	6.97	44.8	23.76	31.0	712.6659	1.4862918	6.5690126			32.7727			114.67	53.46	46.65	0.47		600.0
"Amhara"	"North_Shewa"	"Merhabete"	"Harogenda"	24	618	"Sorghum"	"Footslope"	1.0	55	0	35	1	6	3.1	40.0	0.0	0.5	0.25	1.0	0.0	0.0	0.0	0.0	0.0	0	1	0	0	92.0	0.0	8464.0	0.0	92.0	0.0	0.0	18.7	4325	11.0	11.4	190	6.97	44.8	23.76	31.0	712.6659	1.4862918	6.5690126					40.34	114.67	53.46	46.65			1000.0
"Amhara"	"North_Shewa"	"Merhabete"	"Harogenda"	24	619	"Sorghum"	"Midslope"	1.0	60	0	35	1	3	2.0	40.0	1.0	0.75	0.5625	1.0	1.0	0.0	0.0	0.0	0.0	1	1	0	1	52.333332	5.6666665	2738.7776	296.55554	0.0	52.333332	0.0	18.7	4325	11.0	11.4	190	6.97	44.8	23.76	31.0	712.6659	1.4862918	6.5690126			32.8		32.786667	114.67	53.46	46.65			1466.6666
"Amhara"	"North_Shewa"	"Merhabete"	"Harogenda"	24	572	"Teff"	"Midslope"	1.0	60	0	50	1	8	4.1	40.0	1.0	1.0	1.0	1.0	0.0	0.0	1.0	0.0	0.0	1	1	0	1	38.0	34.0	1444.0	1292.0	0.0	38.0	0.0	18.7	4325	11.0	11.4	190	6.97	44.8	23.76	31.0	712.6659	1.4862918	6.5690126			32.72			114.67	53.46	46.65	0.47		600.0
"Amhara"	"North_Shewa"	"Merhabete"	"Harogenda"	24	599	"Teff"	"Footslope"	1.0	34	6	10	0	4	2.1	40.0	0.0	2.5	6.25	1.0	0.0	0.0	1.0	0.0	0.0	1	1	0	1	28.2	17.0	795.24005	479.40002	28.2	0.0	0.0	18.7	4325	11.0	11.4	190	6.97	44.8	23.76	31.0	712.6659	1.4862918	6.5690126			6.58		39.3	114.67	53.46	46.65	0.47		1000.0
"Amhara"	"North_Shewa"	"Merhabete"		24	590	"Teff"	"Midslope"	1.0	50	0	36	1	8	3.5	40.0	1.0	0.75	0.5625	1.0	0.0	0.0	0.0	0.0	0.0	1	1	0	1	50.266666	34.0	2526.7378	1709.0667	0.0	50.266666	0.0	24.5	5325	11.7	11.2	177	6.91	40.2	24.19	32.9	712.6659	1.4862918	6.5690126			32.8		40.5	114.67	53.46	46.65	0.47		1200.0
"Amhara"	"North_Shewa"	"Merhabete"		24	589	"Sorghum"	"Midslope"	1.0	35	0	20	1	5	2.4	40.0	0.0	0.75	0.5625	1.0	0.0	0.0	1.0	0.0	0.0	1	1	0	1	30.666666	0.0	940.4444	0.0	0.0	30.666666	0.0	24.5	5325	11.7	11.2	177	6.91	40.2	24.19	32.9	712.6659	1.4862918	6.5690126					41.0	114.67	53.46	46.65			1600.0
"Amhara"	"North_Shewa"	"Merhabete"	"Harogenda"	24	585	"Sorghum"	"Midslope"	1.0	53	0	40	1	7	3.6	40.0	1.0	0.75	0.5625	1.0	0.0	1.0	0.0	0.0	0.0	0	1	0	1	61.333332	0.0	3761.7776	0.0	0.0	61.333332	0.0	18.7	4325	11.0	11.4	190	6.97	44.8	23.76	31.0	712.6659	1.4862918	6.5690126					40.3414	114.67	53.46	46.65			1466.6666
"Amhara"	"North_Shewa"	"Merhabete"	"Harogenda"	24	1000	"Sorghum"	"Footslope"	1.0	61	0	47	1	6	3.3	40.0	0.0	1.0	1.0	0.0	0.0	0.0	0.0	0.0	0.0	0	1	0	1	0.0	0.0	0.0	0.0	0.0	0.0	0.0	18.7	4325	11.0	11.4	190	6.97	44.8	23.76	31.0	712.6659	1.4862918	6.5690126						114.67	53.46	46.65			500.0
"Amhara"	"North_Shewa"	"Merhabete"	"Harogenda"	24	573	"Teff"	"Hillslope"	1.0	56	0	41	1	10	5.1	40.0	1.0	1.0	1.0	1.0	0.0	1.0	1.0	0.0	1.0	1	1	0	1	30.5	17.0	930.25	518.5	0.0	0.0	30.5	18.7	4325	11.0	11.4	190	6.97	44.8	23.76	31.0	712.6659	1.4862918	6.5690126			32.77		40.32	114.67	53.46	46.65	0.47		800.0
"Amhara"	"North_Shewa"	"Merhabete"	"Harogenda"	24	573	"Teff"	"Footslope"	1.0	56	0	41	1	10	5.1	40.0	1.0	1.25	1.5625	1.0	0.0	0.0	1.0	0.0	1.0	1	1	0	1	15.2	13.6	231.04	206.72	15.2	0.0	0.0	18.7	4325	11.0	11.4	190	6.97	44.8	23.76	31.0	712.6659	1.4862918	6.5690126			32.77			114.67	53.46	46.65	0.47		640.0
"Amhara"	"North_Shewa"	"Merhabete"		24	590	"Sorghum"	"Midslope"	1.0	50	0	36	1	8	3.5	40.0	1.0	0.5	0.25	1.0	1.0	0.0	1.0	0.0	0.0	0	0	0	1	57.4	10.2	3294.7603	585.48	0.0	57.4	0.0	24.5	5325	11.7	11.2	177	6.91	40.2	24.19	32.9	712.6659	1.4862918	6.5690126			46.666668		41.0	114.67	53.46	46.65			1400.0
"Amhara"	"North_Shewa"	"Merhabete"	"Harogenda"	24	585	"Teff"	"Midslope"	1.0	53	0	40	1	7	3.6	40.0	1.0	0.5	0.25	1.0	1.0	0.0	0.0	0.0	0.0	1	1	0	1	19.0	17.0	361.0	323.0	0.0	19.0	0.0	18.7	4325	11.0	11.4	190	6.97	44.8	23.76	31.0	712.6659	1.4862918	6.5690126			32.76			114.67	53.46	46.65	0.47		1400.0
"Amhara"	"North_Shewa"	"Merhabete"	"Harogenda"	24	586	"Teff"	"Midslope"	1.0	35	1	20	1	5	2.6	40.0	1.0	0.5	0.25	0.0	0.0	0.0	0.0	0.0	0.0	0	1	0	1	0.0	0.0	0.0	0.0	0.0	0.0	0.0	22.3	4807	11.3	11.6	185	7.0	41.0	24.68	32.8	712.6659	1.4862918	6.5690126						114.67	53.46	46.65	0.47		300.0
"Amhara"	"North_Shewa"	"Merhabete"	"Harogenda"	24	586	"Teff"	"Footslope"	1.0	35	1	20	1	5	2.6	40.0	1.0	0.5	0.25	1.0	1.0	0.0	0.0	0.0	0.0	0	1	0	1	11.04	0.0	121.8816	0.0	11.04	0.0	0.0	22.3	4807	11.3	11.6	185	7.0	41.0	24.68	32.8	712.6659	1.4862918	6.5690126					40.333332	114.67	53.46	46.65	0.47		200.0
"Amhara"	"North_Shewa"	"Merhabete"	"Harogenda"	24	999	"Sorghum"	"Hillslope"	1.0	49	0	39	1	8	4.3	40.0	1.0	3.25	10.5625	1.0	1.0	0.0	0.0	0.0	0.0	1	1	0	1	14.153846	0.0	200.33134	0.0	0.0	0.0	14.153846	18.7	4325	11.0	11.4	190	6.97	44.8	23.76	31.0	712.6659	1.4862918	6.5690126					75.0	114.67	53.46	46.65			1538.4615
"Amhara"	"North_Shewa"	"Merhabete"		24	589	"Sorghum"	"Midslope"	1.0	35	0	20	1	5	2.4	40.0	0.0	2.0	4.0	1.0	0.0	0.0	1.0	0.0	0.0	1	1	0	1	11.5	0.0	132.25	0.0	0.0	11.5	0.0	24.5	5325	11.7	11.2	177	6.91	40.2	24.19	32.9	712.6659	1.4862918	6.5690126					33.0	114.67	53.46	46.65			800.0
"Amhara"	"North_Shewa"	"Merhabete"	"Harogenda"	24	619	"Teff"	"Footslope"	1.0	60	0	35	1	3	2.0	40.0	1.0	0.5	0.25	1.0	0.0	1.0	1.0	0.0	0.0	1	1	0	1	47.5	42.5	2256.25	2018.75	47.5	0.0	0.0	18.7	4325	11.0	11.4	190	6.97	44.8	23.76	31.0	712.6659	1.4862918	6.5690126			65.552			114.67	53.46	46.65	0.47		1000.0
"Amhara"	"North_Shewa"	"Merhabete"	"Harogenda"	24	1000	"Sorghum"	"Footslope"	1.0	61	0	47	1	6	3.3	40.0	0.0	0.25	0.0625	0.0	0.0	0.0	0.0	0.0	0.0	0	1	0	1	0.0	0.0	0.0	0.0	0.0	0.0	0.0	18.7	4325	11.0	11.4	190	6.97	44.8	23.76	31.0	712.6659	1.4862918	6.5690126						114.67	53.46	46.65			1000.0
"Amhara"	"North_Gonder"	"West_Belesa"	"Amistya"	25	650	"Teff"	"Footslope"	1.0	37	0	20	1	6	2.7	30.0	1.0	0.5	0.25	1.0	0.0	0.0	0.0	0.0	0.0	0	1	0	1	17.6	3.4	309.76	59.840004	17.6	0.0	0.0	13.6	1119	10.0	12.7	223	6.96	37.3	25.87	36.4	916.5865	1.072263	6.8206563		87.0			53.333332	114.67	53.46	46.65	0.47		1000.0
"Amhara"	"North_Gonder"	"West_Belesa"	"Amistya"	25	643	"Sorghum"	"Midslope"	1.0	66	0	52	1	5	3.0	30.0	1.0	0.25	0.0625	0.0	0.0	0.0	0.0	0.0	0.0	0	1	0	1	0.0	0.0	0.0	0.0	0.0	0.0	0.0	13.8	1284	9.7	11.6	216	7.05	35.2	26.97	37.3	933.8611	1.0995116	6.839328						114.67	53.46	46.65			1600.0
"Amhara"	"North_Gonder"	"West_Belesa"	"Amistya"	25	643	"Teff"	"Hillslope"	1.0	66	0	52	1	5	3.0	30.0	1.0	4.0	16.0	1.0	0.0	0.0	0.0	0.0	0.0	0	1	0	1	1.4375	0.0	2.0664062	0.0	0.0	0.0	1.4375	13.8	1284	9.7	11.6	216	7.05	35.2	26.97	37.3	933.8611	1.0995116	6.839328					38.4	114.67	53.46	46.65	0.47		18.75
"Amhara"	"North_Gonder"	"West_Belesa"	"Amistya"	25	647	"Sorghum"	"Footslope"	1.0	30	0	20	1	5	2.4	30.0	1.0	0.5	0.25	0.0	0.0	0.0	0.0	0.0	0.0	0	1	0	1	0.0	0.0	0.0	0.0	0.0	0.0	0.0	13.8	1284	9.7	11.6	216	7.05	35.2	26.97	37.3	933.8611	1.0995116	6.839328						114.67	53.46	46.65			600.0
"Amhara"	"North_Gonder"	"West_Belesa"	"Amistya"	25	644	"Teff"	"Footslope"	1.0	67	0	40	1	4	2.5	30.0	1.0	0.5	0.25	0.0	0.0	0.0	0.0	0.0	0.0	0	1	1	1	0.0	0.0	0.0	0.0	0.0	0.0	0.0	13.8	1284	9.7	11.6	216	7.05	35.2	26.97	37.3	933.8611	1.0995116	6.839328						114.67	53.46	46.65	0.47		500.0
"Amhara"	"North_Gonder"	"West_Belesa"	"Amistya"	25	646	"Teff"	"Footslope"	1.0	45	0	30	1	8	3.5	30.0	1.0	0.75	0.5625	1.0	0.0	0.0	1.0	0.0	0.0	0	1	0	1	8.666667	2.2666667	75.111115	19.644445	8.666667	0.0	0.0	13.6	1119	10.0	12.7	223	6.96	37.3	25.87	36.4	916.5865	1.072263	6.8206563		50.0			50.0	114.67	53.46	46.65	0.47		400.0
"Amhara"	"North_Gonder"	"West_Belesa"	"Amistya"	25	646	"Sorghum"	"Footslope"	1.0	45	0	30	1	8	3.5	30.0	1.0	0.75	0.5625	0.0	0.0	0.0	0.0	0.0	1.0	0	1	0	1	0.0	0.0	0.0	0.0	0.0	0.0	0.0	13.6	1119	10.0	12.7	223	6.96	37.3	25.87	36.4	916.5865	1.072263	6.8206563						114.67	53.46	46.65			800.0
"Amhara"	"North_Gonder"	"West_Belesa"	"Amistya"	25	645	"Teff"	"Midslope"	1.0	65	0	50	1	5	2.6	30.0	1.0	0.5	0.25	0.0	0.0	0.0	0.0	0.0	0.0	0	1	0	1	0.0	0.0	0.0	0.0	0.0	0.0	0.0	14.8	1696	10.4	10.5	231	7.15	31.4	28.84	40.3	933.8611	1.0995116	6.839328						114.67	53.46	46.65	0.47		720.0
"Amhara"	"North_Gonder"	"West_Belesa"	"Amistya"	25	642	"Sorghum"	"Midslope"	1.0	40	0	26	1	5	2.6	30.0	1.0	0.5	0.25	0.0	0.0	0.0	0.0	0.0	0.0	0	1	0	1	0.0	0.0	0.0	0.0	0.0	0.0	0.0	14.4	1629	10.4	10.8	229	7.14	33.1	28.62	38.9	933.8611	1.0995116	6.839328						114.67	53.46	46.65			20.0
"Amhara"	"North_Gonder"	"West_Belesa"	"Amistya"	25	655	"Teff"	"Hillslope"	1.0	76	0	62	0	4	2.3	30.0	0.0	0.25	0.0625	0.0	0.0	0.0	0.0	0.0	0.0	0	0	0	1	0.0	0.0	0.0	0.0	0.0	0.0	0.0	13.6	1119	10.0	12.7	223	6.96	37.3	25.87	36.4	916.5865	1.072263	6.8206563						114.67	53.46	46.65	0.47		240.0
"Amhara"	"North_Gonder"	"West_Belesa"	"Amistya"	25	643	"Sorghum"	"Midslope"	1.0	66	0	52	1	5	3.0	30.0	1.0	0.5	0.25	0.0	0.0	0.0	0.0	0.0	0.0	0	1	0	1	0.0	0.0	0.0	0.0	0.0	0.0	0.0	13.8	1284	9.7	11.6	216	7.05	35.2	26.97	37.3	933.8611	1.0995116	6.839328						114.67	53.46	46.65			1600.0
"Amhara"	"North_Gonder"	"West_Belesa"	"Amistya"	25	651	"Sorghum"	"Midslope"	1.0	28	10	3	1	4	2.1	30.0	1.0	0.5	0.25	1.0	0.0	0.0	0.0	0.0	1.0	0	1	0	1	9.2	0.0	84.64	0.0	0.0	9.2	0.0	13.6	1119	10.0	12.7	223	6.96	37.3	25.87	36.4	916.5865	1.072263	6.8206563					40.0	114.67	53.46	46.65			400.0
"Amhara"	"North_Gonder"	"West_Belesa"	"Amistya"	25	643	"Teff"	"Midslope"	1.0	66	0	52	1	5	3.0	30.0	1.0	0.375	0.140625	1.0	0.0	0.0	0.0	0.0	0.0	0	1	0	1	15.333333	0.0	235.1111	0.0	0.0	15.333333	0.0	13.8	1284	9.7	11.6	216	7.05	35.2	26.97	37.3	933.8611	1.0995116	6.839328					38.4	114.67	53.46	46.65	0.47		266.66666
"Amhara"	"North_Gonder"	"West_Belesa"	"Amistya"	25	651	"Teff"	"Footslope"	1.0	28	10	3	1	4	2.1	30.0	0.0	0.5	0.25	1.0	0.0	0.0	0.0	0.0	0.0	0	1	0	1	19.5	5.1	380.25	99.45	19.5	0.0	0.0	13.6	1119	10.0	12.7	223	6.96	37.3	25.87	36.4	916.5865	1.072263	6.8206563		26.666666			26.666666	114.67	53.46	46.65	0.47		300.0
"Amhara"	"North_Gonder"	"West_Belesa"	"Amistya"	25	639	"Teff"	"Footslope"	1.0	66	0	51	1	5	2.8	30.0	1.0	0.75	0.5625	1.0	0.0	0.0	0.0	0.0	0.0	1	0	1	1	12.466667	5.6666665	155.41779	70.64445	12.466667	0.0	0.0	13.8	1284	9.7	11.6	216	7.05	35.2	26.97	37.3	933.8611	1.0995116	6.839328		76.0			50.0	114.67	53.46	46.65	0.47		266.66666
"Amhara"	"North_Gonder"	"West_Belesa"	"Amistya"	25	647	"Sorghum"	"Footslope"	1.0	30	0	20	1	5	2.4	30.0	1.0	0.25	0.0625	0.0	0.0	0.0	0.0	0.0	0.0	0	1	0	1	0.0	0.0	0.0	0.0	0.0	0.0	0.0	13.8	1284	9.7	11.6	216	7.05	35.2	26.97	37.3	933.8611	1.0995116	6.839328						114.67	53.46	46.65			2000.0
"Amhara"	"North_Gonder"	"West_Belesa"	"Amistya"	25	644	"Sorghum"	"Footslope"	1.0	67	0	40	1	4	2.5	30.0	1.0	0.5	0.25	0.0	0.0	0.0	0.0	0.0	0.0	0	1	0	1	0.0	0.0	0.0	0.0	0.0	0.0	0.0	13.8	1284	9.7	11.6	216	7.05	35.2	26.97	37.3	933.8611	1.0995116	6.839328						114.67	53.46	46.65			600.0
"Amhara"	"North_Gonder"	"West_Belesa"	"Amistya"	25	647	"Teff"	"Footslope"	1.0	30	0	20	1	5	2.4	30.0	1.0	0.75	0.5625	0.0	0.0	0.0	0.0	0.0	0.0	0	1	0	1	0.0	0.0	0.0	0.0	0.0	0.0	0.0	13.8	1284	9.7	11.6	216	7.05	35.2	26.97	37.3	933.8611	1.0995116	6.839328						114.67	53.46	46.65	0.47		266.66666
"Amhara"	"North_Gonder"	"West_Belesa"	"Amistya"	25	650	"Sorghum"	"Footslope"	1.0	37	0	20	1	6	2.7	30.0	1.0	0.25	0.0625	0.0	0.0	0.0	0.0	0.0	1.0	0	1	0	1	0.0	0.0	0.0	0.0	0.0	0.0	0.0	13.6	1119	10.0	12.7	223	6.96	37.3	25.87	36.4	916.5865	1.072263	6.8206563						114.67	53.46	46.65			1600.0
"Amhara"	"North_Gonder"	"West_Belesa"	"Amistya"	25	643	"Teff"	"Midslope"	1.0	66	0	52	1	5	3.0	30.0	1.0	0.5	0.25	1.0	0.0	0.0	0.0	0.0	0.0	0	1	1	1	11.5	0.0	132.25	0.0	0.0	11.5	0.0	13.8	1284	9.7	11.6	216	7.05	35.2	26.97	37.3	933.8611	1.0995116	6.839328					38.4	114.67	53.46	46.65	0.47		500.0
"Amhara"	"North_Gonder"	"West_Belesa"	"Amistya"	25	655	"Teff"	"Hillslope"	1.0	76	0	62	0	4	2.3	30.0	1.0	0.5	0.25	0.0	0.0	0.0	0.0	0.0	0.0	0	0	0	0	0.0	0.0	0.0	0.0	0.0	0.0	0.0	13.6	1119	10.0	12.7	223	6.96	37.3	25.87	36.4	916.5865	1.072263	6.8206563						114.67	53.46	46.65	0.47		180.0
"Amhara"	"North_Gonder"	"West_Belesa"	"Amistya"	25	642	"Teff"	"Midslope"	1.0	40	0	26	1	5	2.6	30.0	0.0	0.5	0.25	1.0	0.0	1.0	0.0	0.0	1.0	0	1	0	1	18.0	20.0	324.0	360.0	0.0	18.0	0.0	14.4	1629	10.4	10.8	229	7.14	33.1	28.62	38.9	933.8611	1.0995116	6.839328	50.0					114.67	53.46	46.65	0.47		9.0
"Amhara"	"North_Gonder"	"West_Belesa"	"Amistya"	25	655	"Sorghum"	"Footslope"	1.0	76	0	62	0	4	2.3	30.0	1.0	0.25	0.0625	0.0	0.0	0.0	0.0	0.0	0.0	0	0	0	0	0.0	0.0	0.0	0.0	0.0	0.0	0.0	13.6	1119	10.0	12.7	223	6.96	37.3	25.87	36.4	916.5865	1.072263	6.8206563						114.67	53.46	46.65			480.0
"Amhara"	"North_Gonder"	"West_Belesa"	"Amistya"	25	651	"Sorghum"	"Midslope"	1.0	28	10	3	1	4	2.1	30.0	0.0	0.5	0.25	1.0	0.0	1.0	0.0	0.0	1.0	0	1	0	1	9.1	2.38	82.810005	21.658003	0.0	9.1	0.0	13.6	1119	10.0	12.7	223	6.96	37.3	25.87	36.4	916.5865	1.072263	6.8206563		28.571428			28.571428	114.67	53.46	46.65			1600.0
"Amhara"	"North_Gonder"	"West_Belesa"	"Amistya"	25	645	"Sorghum"	"Midslope"	1.0	65	0	50	1	5	2.6	30.0	1.0	0.25	0.0625	0.0	0.0	0.0	0.0	0.0	0.0	0	1	0	1	0.0	0.0	0.0	0.0	0.0	0.0	0.0	14.8	1696	10.4	10.5	231	7.15	31.4	28.84	40.3	933.8611	1.0995116	6.839328						114.67	53.46	46.65			2000.0
"Amhara"	"North_Gonder"	"West_Belesa"	"Amistya"	25	639	"Sorghum"	"Midslope"	1.0	66	0	51	1	5	2.8	30.0	1.0	0.5	0.25	0.0	0.0	0.0	0.0	0.0	1.0	1	0	0	1	0.0	0.0	0.0	0.0	0.0	0.0	0.0	13.8	1284	9.7	11.6	216	7.05	35.2	26.97	37.3	933.8611	1.0995116	6.839328						114.67	53.46	46.65			2000.0
"Amhara"	"North_Gonder"	"West_Belesa"	"Amistya"	25	643	"Teff"	"Midslope"	1.0	66	0	52	1	5	3.0	30.0	1.0	0.375	0.140625	1.0	0.0	0.0	0.0	0.0	0.0	0	1	0	1	15.333333	0.0	235.1111	0.0	0.0	15.333333	0.0	13.8	1284	9.7	11.6	216	7.05	35.2	26.97	37.3	933.8611	1.0995116	6.839328					38.4	114.67	53.46	46.65	0.47		200.0
"Southern_Nations,_Nationalities_and_Peoples"	"Hadiya"	"Lemo"	"Jawe"	26	428	"Teff"	"Midslope"	1.0	55	6	35	1	5	3.0	45.0	1.0	0.375	0.140625	1.0	0.0	0.0	1.0	0.0	0.0	1	1	0	0	43.333332	11.333333	1877.7777	491.11108	0.0	43.333332	0.0	23.7	42430	19.5	7.3	219	5.6	36.0	28.4	37.2	714.499	2.6479616	6.571582			50.0		50.0	122.76	54.66	47.98	0.45		800.0
"Southern_Nations,_Nationalities_and_Peoples"	"Hadiya"	"Anlemo"	"M_Anlemo"	26	326	"Wheat"	"Midslope"	0.0	38	5	20	1	8	3.5	45.0	0.0	0.5	0.25	1.0	0.0	1.0	1.0	1.0	1.0	1	1	0	0	65.0	17.0	4225.0	1105.0	0.0	65.0	0.0	23.7	42430	19.5	7.3	219	5.6	36.0	28.4	37.2	714.499	2.6479616	6.571582			50.0		40.0	122.76	54.66	47.98		0.39	40.0
"Southern_Nations,_Nationalities_and_Peoples"	"Hadiya"	"Anlemo"	"M_Anlemo"	26	504	"Wheat"	"Midslope"	1.0	40	0	0	1	3	2.0	45.0	1.0	0.5	0.25	1.0	0.0	0.0	1.0	0.0	0.0	1	1	0	1	42.0	17.0	1764.0	714.0	0.0	42.0	0.0	24.3	64694	22.4	8.9	222	5.72	33.9	27.8	35.2	672.25415	2.1776361	6.5106363			37.0		33.6	122.76	54.66	47.98		0.39	2000.0
"Southern_Nations,_Nationalities_and_Peoples"	"Hadiya"	"Anlemo"	"Dulancho"	26	468	"Sorghum"	"Footslope"	1.0	30	2	15	1	7	3.0	45.0	1.0	0.25	0.0625	0.0	0.0	0.0	0.0	0.0	0.0	0	0	0	1	0.0	0.0	0.0	0.0	0.0	0.0	0.0	19.9	15240	15.1	14.3	309	6.37	37.6	26.57	37.7	708.6113	2.2155623	6.5633073						122.76	54.66	47.98			1600.0
"Southern_Nations,_Nationalities_and_Peoples"	"Hadiya"	"Anlemo"	"M_Anlemo"	26	326	"Wheat"	"Midslope"	0.0	38	5	20	1	8	3.5	45.0	1.0	0.25	0.0625	1.0	0.0	1.0	1.0	1.0	1.0	1	1	0	0	222.0	34.0	49284.0	7548.0	0.0	222.0	0.0	23.7	42430	19.5	7.3	219	5.6	36.0	28.4	37.2	714.499	2.6479616	6.571582			40.0		38.0	122.76	54.66	47.98		0.39	4800.0
"Southern_Nations,_Nationalities_and_Peoples"	"Hadiya"	"Anlemo"	"M_Anlemo"	26	326	"Teff"	"Midslope"	0.0	38	5	20	1	8	3.5	45.0	1.0	0.25	0.0625	1.0	0.0	1.0	1.0	0.0	0.0	1	1	0	0	157.0	17.0	24649.0	2669.0	0.0	157.0	0.0	23.7	42430	19.5	7.3	219	5.6	36.0	28.4	37.2	714.499	2.6479616	6.571582			80.0		33.333332	122.76	54.66	47.98	0.45		1600.0
"Southern_Nations,_Nationalities_and_Peoples"	"Hadiya"	"Anlemo"	"M_Anlemo"	26	366	"Teff"	"Midslope"	1.0	52	9	35	1	4	2.3	45.0	1.0	0.25	0.0625	1.0	0.0	0.0	1.0	0.0	0.0	1	1	0	0	65.0	17.0	4225.0	1105.0	0.0	65.0	0.0	23.7	42430	19.5	7.3	219	5.6	36.0	28.4	37.2	714.499	2.6479616	6.571582			25.0		25.0	122.76	54.66	47.98	0.45		80.0
"Southern_Nations,_Nationalities_and_Peoples"	"Hadiya"	"Lemo"	"Jawe"	26	427	"Teff"	"Midslope"	1.0	35	5	20	1	8	3.3	45.0	1.0	0.25	0.0625	1.0	0.0	0.0	1.0	0.0	0.0	1	1	0	0	32.5	8.5	1056.25	276.25	0.0	32.5	0.0	23.7	42430	19.5	7.3	219	5.6	36.0	28.4	37.2	714.499	2.6479616	6.571582			104.0		75.0	122.76	54.66	47.98	0.45		800.0
"Southern_Nations,_Nationalities_and_Peoples"	"Hadiya"	"Lemo"	"Jawe"	26	280	"Wheat"	"Midslope"	1.0	60	0	25	1	7	4.0	45.0	1.0	1.5	2.25	1.0	0.0	1.0	1.0	0.0	1.0	1	1	0	1	28.0	11.333333	784.0	317.3333	0.0	28.0	0.0	23.7	42430	19.5	7.3	219	5.6	36.0	28.4	37.2	714.499	2.6479616	6.571582			40.0		38.0	122.76	54.66	47.98		0.39	800.0
"Southern_Nations,_Nationalities_and_Peoples"	"Hadiya"	"Lemo"	"Jawe"	26	526	"Wheat"	"Midslope"	1.0	45	7	0	1	9	4.8	45.0	1.0	0.5	0.25	1.0	0.0	0.0	1.0	1.0	0.0	1	1	0	0	84.0	34.0	7056.0	2856.0	0.0	84.0	0.0	24.3	64694	22.4	8.9	222	5.72	33.9	27.8	35.2	672.25415	2.1776361	6.5106363			50.0		50.0	122.76	54.66	47.98		0.39	400.0
"Southern_Nations,_Nationalities_and_Peoples"	"Hadiya"	"Anlemo"	"Dulancho"	26	530	"Sorghum"	"Midslope"	1.0	42	3	20	1	9	4.0	45.0	0.0	0.25	0.0625	1.0	0.0	0.0	0.0	0.0	0.0	0	0	0	1	13.0	3.4	169.0	44.2	0.0	13.0	0.0	19.9	15240	15.1	14.3	309	6.37	37.6	26.57	37.7	708.6113	2.2155623	6.5633073			40.0		40.0	122.76	54.66	47.98			400.0
"Southern_Nations,_Nationalities_and_Peoples"	"Hadiya"	"Lemo"	"Jawe"	26	278	"Teff"	"Midslope"	1.0	80	0	25	1	9	5.0	45.0	1.0	0.5	0.25	1.0	0.0	1.0	1.0	0.0	1.0	1	1	0	1	65.0	17.0	4225.0	1105.0	0.0	65.0	0.0	23.7	42430	19.5	7.3	219	5.6	36.0	28.4	37.2	714.499	2.6479616	6.571582			42.0		38.0	122.76	54.66	47.98	0.45		600.0
"Southern_Nations,_Nationalities_and_Peoples"	"Hadiya"	"Anlemo"	"M_Anlemo"	26	366	"Sorghum"	"Midslope"	1.0	52	9	35	1	4	2.3	45.0	1.0	0.25	0.0625	1.0	0.0	0.0	1.0	1.0	0.0	1	1	0	0	65.0	17.0	4225.0	1105.0	0.0	65.0	0.0	23.7	42430	19.5	7.3	219	5.6	36.0	28.4	37.2	714.499	2.6479616	6.571582			25.0		25.0	122.76	54.66	47.98			400.0
"Southern_Nations,_Nationalities_and_Peoples"	"Hadiya"	"Anlemo"	"Dulancho"	26	492	"Wheat"	"Footslope"	1.0	63	6	30	1	7	3.6	45.0	1.0	0.25	0.0625	1.0	0.0	0.0	1.0	1.0	0.0	1	1	0	1	65.0	17.0	4225.0	1105.0	65.0	0.0	0.0	19.9	15240	15.1	14.3	309	6.37	37.6	26.57	37.7	708.6113	2.2155623	6.5633073			36.8		36.4	122.76	54.66	47.98		0.39	2400.0
"Southern_Nations,_Nationalities_and_Peoples"	"Hadiya"	"Anlemo"	"M_Anlemo"	26	508	"Wheat"	"Midslope"	0.0	45	0	0	1	6	3.5	45.0	0.0	0.5	0.25	1.0	0.0	0.0	0.0	0.0	0.0	1	1	0	1	74.5	25.5	5550.25	1899.75	0.0	74.5	0.0	24.3	64694	22.4	8.9	222	5.72	33.9	27.8	35.2	672.25415	2.1776361	6.5106363			37.0		38.0	122.76	54.66	47.98		0.39	2000.0
"Southern_Nations,_Nationalities_and_Peoples"	"Hadiya"	"Anlemo"	"Dulancho"	26	468	"Wheat"	"Footslope"	1.0	30	2	15	1	7	3.0	45.0	1.0	0.5	0.25	0.0	0.0	0.0	1.0	1.0	1.0	1	1	0	1	0.0	0.0	0.0	0.0	0.0	0.0	0.0	19.9	15240	15.1	14.3	309	6.37	37.6	26.57	37.7	708.6113	2.2155623	6.5633073						122.76	54.66	47.98		0.39	2400.0
"Southern_Nations,_Nationalities_and_Peoples"	"Hadiya"	"Lemo"	"Jawe"	26	279	"Teff"	"Midslope"	1.0	60	16	15	1	9	5.0	45.0	1.0	1.0	1.0	1.0	0.0	1.0	1.0	0.0	1.0	1	1	0	0	65.0	17.0	4225.0	1105.0	0.0	65.0	0.0	23.7	42430	19.5	7.3	219	5.6	36.0	28.4	37.2	714.499	2.6479616	6.571582			45.0		45.0	122.76	54.66	47.98	0.45		12.0
"Southern_Nations,_Nationalities_and_Peoples"	"Hadiya"	"Anlemo"	"Dulancho"	26	541	"Wheat"	"Midslope"	1.0	40	6	20	1	5	3.0	45.0	1.0	0.5	0.25	1.0	0.0	0.0	1.0	1.0	0.0	1	1	0	1	65.0	17.0	4225.0	1105.0	0.0	65.0	0.0	19.9	15240	15.1	14.3	309	6.37	37.6	26.57	37.7	708.6113	2.2155623	6.5633073			50.0		50.0	122.76	54.66	47.98		0.39	2000.0
"Southern_Nations,_Nationalities_and_Peoples"	"Hadiya"	"Anlemo"	"Dulancho"	26	491	"Teff"	"Midslope"	1.0	35	8	17	1	8	3.3	45.0	1.0	0.25	0.0625	1.0	0.0	0.0	0.0	0.0	0.0	1	1	0	1	130.0	34.0	16900.0	4420.0	0.0	130.0	0.0	19.9	15240	15.1	14.3	309	6.37	37.6	26.57	37.7	708.6113	2.2155623	6.5633073			36.4		36.2	122.76	54.66	47.98	0.45		800.0
"Southern_Nations,_Nationalities_and_Peoples"	"Hadiya"	"Anlemo"	"Dulancho"	26	531	"Teff"	"Midslope"	1.0	45	3	20	1	7	3.6	45.0	1.0	0.5	0.25	1.0	0.0	0.0	0.0	0.0	0.0	1	1	0	1	32.5	8.5	1056.25	276.25	0.0	32.5	0.0	19.9	15240	15.1	14.3	309	6.37	37.6	26.57	37.7	708.6113	2.2155623	6.5633073			40.0		40.0	122.76	54.66	47.98	0.45		500.0
"Southern_Nations,_Nationalities_and_Peoples"	"Hadiya"	"Anlemo"	"Dulancho"	26	530	"Teff"	"Midslope"	1.0	42	3	20	1	9	4.0	45.0	0.0	0.25	0.0625	1.0	0.0	1.0	0.0	0.0	0.0	1	0	0	0	65.0	17.0	4225.0	1105.0	0.0	65.0	0.0	19.9	15240	15.1	14.3	309	6.37	37.6	26.57	37.7	708.6113	2.2155623	6.5633073			40.0		40.0	122.76	54.66	47.98	0.45		400.0
"Southern_Nations,_Nationalities_and_Peoples"	"Hadiya"	"Lemo"	"Jawe"	26	340	"Teff"	"Midslope"	1.0	28	4	8	1	5	2.4	45.0	1.0	1.0	1.0	1.0	0.0	1.0	1.0	0.0	1.0	1	1	0	0	7.8	2.04	60.840004	15.912	0.0	7.8	0.0	23.7	42430	19.5	7.3	219	5.6	36.0	28.4	37.2	714.499	2.6479616	6.571582			41.666668		33.333332	122.76	54.66	47.98	0.45		200.0
"Southern_Nations,_Nationalities_and_Peoples"	"Hadiya"	"Anlemo"	"M_Anlemo"	26	442	"Wheat"	"Midslope"	1.0	45	7	0	1	10	4.3	45.0	1.0	0.75	0.5625	1.0	0.0	1.0	1.0	1.0	1.0	1	1	0	1	86.666664	22.666666	7511.111	1964.4443	0.0	86.666664	0.0	24.3	64694	22.4	8.9	222	5.72	33.9	27.8	35.2	672.25415	2.1776361	6.5106363			37.0		36.0	122.76	54.66	47.98		0.39	1200.0
"Southern_Nations,_Nationalities_and_Peoples"	"Hadiya"	"Lemo"	"Jawe"	26	428	"Sorghum"	"Midslope"	1.0	55	6	35	1	5	3.0	45.0	1.0	0.25	0.0625	1.0	0.0	0.0	1.0	1.0	0.0	0	1	0	0	55.5	8.5	3080.25	471.75	0.0	55.5	0.0	23.7	42430	19.5	7.3	219	5.6	36.0	28.4	37.2	714.499	2.6479616	6.571582			0.0		50.0	122.76	54.66	47.98			800.0
"Southern_Nations,_Nationalities_and_Peoples"	"Hadiya"	"Lemo"	"Jawe"	26	340	"Wheat"	"Midslope"	1.0	28	4	8	1	5	2.4	45.0	1.0	0.25	0.0625	1.0	0.0	1.0	0.0	0.0	1.0	1	1	0	0	65.0	17.0	4225.0	1105.0	0.0	65.0	0.0	23.7	42430	19.5	7.3	219	5.6	36.0	28.4	37.2	714.499	2.6479616	6.571582			60.0		40.0	122.76	54.66	47.98		0.39	2000.0
"Southern_Nations,_Nationalities_and_Peoples"	"Hadiya"	"Lemo"	"Jawe"	26	280	"Teff"	"Midslope"	1.0	60	0	25	1	7	4.0	45.0	1.0	1.0	1.0	1.0	0.0	1.0	1.0	0.0	1.0	1	1	0	1	32.5	8.5	1056.25	276.25	0.0	32.5	0.0	23.7	42430	19.5	7.3	219	5.6	36.0	28.4	37.2	714.499	2.6479616	6.571582			42.0		38.0	122.76	54.66	47.98	0.45		200.0
"Southern_Nations,_Nationalities_and_Peoples"	"Hadiya"	"Anlemo"	"Dulancho"	26	464	"Wheat"	"Midslope"	1.0	75	0	10	1	5	2.8	45.0	1.0	0.25	0.0625	1.0	0.0	1.0	0.0	0.0	1.0	0	0	0	0	130.0	34.0	16900.0	4420.0	0.0	130.0	0.0	19.9	15240	15.1	14.3	309	6.37	37.6	26.57	37.7	708.6113	2.2155623	6.5633073			40.0		38.0	122.76	54.66	47.98		0.39	2000.0
"Southern_Nations,_Nationalities_and_Peoples"	"Hadiya"	"Anlemo"	"Dulancho"	26	492	"Teff"	"Footslope"	1.0	63	6	30	1	7	3.6	45.0	1.0	0.5	0.25	1.0	0.0	0.0	0.0	0.0	0.0	1	1	0	1	84.0	34.0	7056.0	2856.0	84.0	0.0	0.0	19.9	15240	15.1	14.3	309	6.37	37.6	26.57	37.7	708.6113	2.2155623	6.5633073			36.4		36.4	122.76	54.66	47.98	0.45		800.0
"Southern_Nations,_Nationalities_and_Peoples"	"Hadiya"	"Anlemo"	"Dulancho"	26	464	"Teff"	"Midslope"	1.0	75	0	10	1	5	2.8	45.0	1.0	0.25	0.0625	1.0	0.0	1.0	0.0	0.0	1.0	0	0	0	0	84.0	34.0	7056.0	2856.0	0.0	84.0	0.0	19.9	15240	15.1	14.3	309	6.37	37.6	26.57	37.7	708.6113	2.2155623	6.5633073			60.0		24.95	122.76	54.66	47.98	0.45		800.0
"Southern_Nations,_Nationalities_and_Peoples"	"Hadiya"	"Lemo"	"Jawe"	26	279	"Wheat"	"Midslope"	1.0	60	16	15	1	9	5.0	45.0	1.0	1.0	1.0	1.0	0.0	1.0	1.0	0.0	1.0	1	1	0	1	331.0	153.0	109561.0	84405.0	0.0	331.0	0.0	23.7	42430	19.5	7.3	219	5.6	36.0	28.4	37.2	714.499	2.6479616	6.571582			7.0		45.0	122.76	54.66	47.98		0.39	1500.0
"Southern_Nations,_Nationalities_and_Peoples"	"Hadiya"	"Anlemo"	"M_Anlemo"	26	490	"Wheat"	"Midslope"	1.0	42	3	17	1	8	4.1	45.0	1.0	0.5	0.25	1.0	0.0	0.0	1.0	0.0	1.0	1	1	0	1	84.0	34.0	7056.0	2856.0	0.0	84.0	0.0	24.3	64694	22.4	8.9	222	5.72	33.9	27.8	35.2	672.25415	2.1776361	6.5106363			36.2		36.4	122.76	54.66	47.98		0.39	1600.0
"Southern_Nations,_Nationalities_and_Peoples"	"Hadiya"	"Anlemo"	"Dulancho"	26	491	"Wheat"	"Footslope"	1.0	35	8	17	1	8	3.3	45.0	1.0	0.5	0.25	1.0	0.0	0.0	0.0	0.0	1.0	1	1	0	1	84.0	34.0	7056.0	2856.0	84.0	0.0	0.0	19.9	15240	15.1	14.3	309	6.37	37.6	26.57	37.7	708.6113	2.2155623	6.5633073			36.2		36.2	122.76	54.66	47.98		0.39	1200.0
"Southern_Nations,_Nationalities_and_Peoples"	"Hadiya"	"Lemo"	"Jawe"	26	428	"Wheat"	"Midslope"	1.0	55	6	35	1	5	3.0	45.0	1.0	0.5	0.25	1.0	0.0	0.0	1.0	1.0	0.0	1	1	0	0	65.0	17.0	4225.0	1105.0	0.0	65.0	0.0	23.7	42430	19.5	7.3	219	5.6	36.0	28.4	37.2	714.499	2.6479616	6.571582			50.0		50.0	122.76	54.66	47.98		0.39	1600.0
"Southern_Nations,_Nationalities_and_Peoples"	"Hadiya"	"Anlemo"	"Dulancho"	26	530	"Teff"	"Midslope"	1.0	42	3	20	1	9	4.0	45.0	1.0	0.5	0.25	1.0	0.0	1.0	0.0	0.0	0.0	1	0	0	1	42.0	17.0	1764.0	714.0	0.0	42.0	0.0	19.9	15240	15.1	14.3	309	6.37	37.6	26.57	37.7	708.6113	2.2155623	6.5633073			40.0		40.0	122.76	54.66	47.98	0.45		500.0
"Southern_Nations,_Nationalities_and_Peoples"	"Hadiya"	"Anlemo"	"M_Anlemo"	26	366	"Wheat"	"Midslope"	1.0	52	9	35	1	4	2.3	45.0	1.0	0.5	0.25	1.0	0.0	0.0	1.0	1.0	0.0	1	1	0	0	65.0	17.0	4225.0	1105.0	0.0	65.0	0.0	23.7	42430	19.5	7.3	219	5.6	36.0	28.4	37.2	714.499	2.6479616	6.571582			50.0		50.0	122.76	54.66	47.98		0.39	2000.0
"Southern_Nations,_Nationalities_and_Peoples"	"Hadiya"	"Anlemo"	"M_Anlemo"	26	422	"Wheat"	"Midslope"	1.0	39	7	4	1	3	1.8	45.0	0.0	0.75	0.5625	1.0	0.0	1.0	0.0	1.0	1.0	1	1	0	1	56.0	22.666666	3136.0	1269.3333	0.0	56.0	0.0	24.3	64694	22.4	8.9	222	5.72	33.9	27.8	35.2	672.25415	2.1776361	6.5106363			37.0		38.0	122.76	54.66	47.98		0.39	1733.3334
"Southern_Nations,_Nationalities_and_Peoples"	"Hadiya"	"Anlemo"	"Dulancho"	26	491	"Sorghum"		1.0	35	8	17	1	8	3.3	45.0	1.0	0.25	0.0625	0.0	0.0	0.0	0.0	0.0	0.0	0	1	0	0	0.0	0.0	0.0	0.0	0.0	0.0	0.0	19.9	15240	15.1	14.3	309	6.37	37.6	26.57	37.7	708.6113	2.2155623	6.5633073						122.76	54.66	47.98			1600.0
"Southern_Nations,_Nationalities_and_Peoples"	"Hadiya"	"Anlemo"	"M_Anlemo"	26	507	"Wheat"	"Midslope"	1.0	60	3	0	1	5	2.6	45.0	0.0	0.5	0.25	1.0	0.0	0.0	0.0	0.0	0.0	1	1	0	0	130.0	34.0	16900.0	4420.0	0.0	130.0	0.0	24.3	64694	22.4	8.9	222	5.72	33.9	27.8	35.2	672.25415	2.1776361	6.5106363			37.0		37.0	122.76	54.66	47.98		0.39	1200.0
"Southern_Nations,_Nationalities_and_Peoples"	"Hadiya"	"Anlemo"	"Dulancho"	26	521	"Wheat"	"Midslope"	1.0	32	7	5	1	2	1.5	45.0	1.0	0.5	0.25	1.0	0.0	0.0	0.0	0.0	0.0	1	1	0	1	84.0	34.0	7056.0	2856.0	0.0	84.0	0.0	19.9	15240	15.1	14.3	309	6.37	37.6	26.57	37.7	708.6113	2.2155623	6.5633073			38.0		38.0	122.76	54.66	47.98		0.39	1600.0
"Southern_Nations,_Nationalities_and_Peoples"	"Hadiya"	"Anlemo"	"M_Anlemo"	26	476	"Wheat"	"Footslope"	0.0	50	0	0	1	6	3.1	45.0	1.0	0.25	0.0625	1.0	0.0	0.0	0.0	0.0	0.0	1	0	0	1	42.0	17.0	1764.0	714.0	42.0	0.0	0.0	24.3	64694	22.4	8.9	222	5.72	33.9	27.8	35.2	672.25415	2.1776361	6.5106363			36.8		32.0	122.76	54.66	47.98		0.39	1800.0
"Southern_Nations,_Nationalities_and_Peoples"	"Hadiya"	"Lemo"	"Jawe"	26	338	"Wheat"	"Midslope"	1.0	55	2	15	1	8	4.1	45.0	1.0	1.0	1.0	1.0	0.0	1.0	1.0	0.0	1.0	1	1	0	1	42.0	17.0	1764.0	714.0	0.0	42.0	0.0	23.7	42430	19.5	7.3	219	5.6	36.0	28.4	37.2	714.499	2.6479616	6.571582			45.0		38.0	122.76	54.66	47.98		0.39	1500.0
"Southern_Nations,_Nationalities_and_Peoples"	"Hadiya"	"Anlemo"	"M_Anlemo"	26	507	"Wheat"	"Midslope"	1.0	60	3	0	1	5	2.6	45.0	1.0	0.75	0.5625	1.0	0.0	0.0	0.0	0.0	0.0	1	1	0	1	43.333332	11.333333	1877.7777	491.11108	0.0	43.333332	0.0	24.3	64694	22.4	8.9	222	5.72	33.9	27.8	35.2	672.25415	2.1776361	6.5106363			37.0		38.0	122.76	54.66	47.98		0.39	1333.3334
"Southern_Nations,_Nationalities_and_Peoples"	"Hadiya"	"Anlemo"	"M_Anlemo"	26	442	"Wheat"	"Midslope"	1.0	45	7	0	1	10	4.3	45.0	0.0	0.5	0.25	1.0	0.0	1.0	1.0	1.0	0.0	1	1	0	1	130.0	34.0	16900.0	4420.0	0.0	130.0	0.0	24.3	64694	22.4	8.9	222	5.72	33.9	27.8	35.2	672.25415	2.1776361	6.5106363			37.0		36.0	122.76	54.66	47.98		0.39	1400.0
"Southern_Nations,_Nationalities_and_Peoples"	"Hadiya"	"Anlemo"	"Dulancho"	26	541	"Teff"	"Midslope"	1.0	40	6	20	1	5	3.0	45.0	1.0	0.25	0.0625	1.0	0.0	0.0	1.0	0.0	0.0	1	1	0	0	65.0	17.0	4225.0	1105.0	0.0	65.0	0.0	19.9	15240	15.1	14.3	309	6.37	37.6	26.57	37.7	708.6113	2.2155623	6.5633073			52.0		50.0	122.76	54.66	47.98	0.45		600.0
"Southern_Nations,_Nationalities_and_Peoples"	"Hadiya"	"Lemo"	"Jawe"	26	427	"Wheat"	"Midslope"	1.0	35	5	20	1	8	3.3	45.0	1.0	0.5	0.25	1.0	0.0	0.0	1.0	1.0	1.0	1	1	0	0	65.0	17.0	4225.0	1105.0	0.0	65.0	0.0	23.7	42430	19.5	7.3	219	5.6	36.0	28.4	37.2	714.499	2.6479616	6.571582			50.0		50.0	122.76	54.66	47.98		0.39	1600.0
"Southern_Nations,_Nationalities_and_Peoples"	"Hadiya"	"Anlemo"	"Dulancho"	26	522	"Teff"	"Footslope"	1.0	45	0	20	1	4	2.5	45.0	1.0	0.375	0.140625	1.0	0.0	0.0	0.0	0.0	0.0	1	1	0	1	43.333332	11.333333	1877.7777	491.11108	43.333332	0.0	0.0	19.9	15240	15.1	14.3	309	6.37	37.6	26.57	37.7	708.6113	2.2155623	6.5633073			37.0		37.0	122.76	54.66	47.98	0.45		1066.6666
"Southern_Nations,_Nationalities_and_Peoples"	"Hadiya"	"Anlemo"	"M_Anlemo"	26	476	"Wheat"	"Midslope"	0.0	50	0	0	1	6	3.1	45.0	1.0	0.5	0.25	1.0	0.0	0.0	1.0	0.0	0.0	1	0	0	1	32.5	8.5	1056.25	276.25	0.0	32.5	0.0	24.3	64694	22.4	8.9	222	5.72	33.9	27.8	35.2	672.25415	2.1776361	6.5106363			36.8		36.8	122.76	54.66	47.98		0.39	1600.0
"Southern_Nations,_Nationalities_and_Peoples"	"Hadiya"	"Lemo"	"Jawe"	26	278	"Wheat"	"Midslope"	1.0	80	0	25	1	9	5.0	45.0	1.0	1.5	2.25	1.0	0.0	1.0	1.0	0.0	1.0	1	1	0	1	49.666668	17.0	2466.7778	844.3334	0.0	49.666668	0.0	23.7	42430	19.5	7.3	219	5.6	36.0	28.4	37.2	714.499	2.6479616	6.571582			70.0		40.0	122.76	54.66	47.98		0.39	800.0
"Southern_Nations,_Nationalities_and_Peoples"	"Hadiya"	"Anlemo"	"M_Anlemo"	26	466	"Wheat"	"Midslope"	0.0	28	4	11	1	8	3.3	45.0	1.0	0.5	0.25	1.0	0.0	0.0	0.0	0.0	1.0	1	1	0	1	84.0	34.0	7056.0	2856.0	0.0	84.0	0.0	24.3	64694	22.4	8.9	222	5.72	33.9	27.8	35.2	672.25415	2.1776361	6.5106363			36.4		36.2	122.76	54.66	47.98		0.39	1600.0
"Southern_Nations,_Nationalities_and_Peoples"	"Hadiya"	"Lemo"	"Jawe"	26	338	"Teff"	"Midslope"	1.0	55	2	15	1	8	4.1	45.0	1.0	0.5	0.25	1.0	0.0	1.0	1.0	0.0	1.0	1	1	0	1	84.0	34.0	7056.0	2856.0	0.0	84.0	0.0	23.7	42430	19.5	7.3	219	5.6	36.0	28.4	37.2	714.499	2.6479616	6.571582			35.0		38.0	122.76	54.66	47.98	0.45		600.0
"Southern_Nations,_Nationalities_and_Peoples"	"Hadiya"	"Anlemo"	"Dulancho"	26	493	"Teff"	"Footslope"	1.0	42	6	20	1	6	3.3	45.0	1.0	1.0	1.0	1.0	0.0	1.0	0.0	0.0	0.0	1	1	0	0	21.0	8.5	441.0	178.5	21.0	0.0	0.0	19.9	15240	15.1	14.3	309	6.37	37.6	26.57	37.7	708.6113	2.2155623	6.5633073			38.0		36.0	122.76	54.66	47.98	0.45		200.0
"Amhara"	"East_Gojjam"	"Gozamin"	"Desasamabo"	27	681	"Teff"	"Footslope"	1.0	60	0	40	1	6	2.9	30.0	1.0	0.5	0.25	1.0	0.0	0.0	0.0	0.0	0.0	0	1	0	1	84.0	34.0	7056.0	2856.0	84.0	0.0	0.0	25.0	18608	19.0	12.4	239	5.73	32.8	25.28	39.5	992.99866	1.9072201	6.900729			36.0		36.0	114.67	53.46	46.65	0.47		1000.0
"Amhara"	"East_Gojjam"	"Gozamin"	"Desasamabo"	27	656	"Teff"	"Midslope"	1.0	40	0	25	1	7	3.4	30.0	1.0	0.5	0.25	1.0	0.0	0.0	0.0	0.0	1.0	1	1	0	1	82.0	40.0	6724.0	3280.0	0.0	82.0	0.0	25.0	18608	19.0	12.4	239	5.73	32.8	25.28	39.5	992.99866	1.9072201	6.900729	50.0				75.0	114.67	53.46	46.65	0.47		1200.0
"Amhara"	"East_Gojjam"	"Gozamin"	"Desasamabo"	27	678	"Wheat"	"Footslope"	1.0	40	16	22	1	7	3.4	30.0	0.0	0.25	0.0625	1.0	1.0	0.0	1.0	1.0	1.0	1	1	0	1	130.0	34.0	16900.0	4420.0	130.0	0.0	0.0	28.1	29833	20.5	12.8	245	5.65	32.1	24.91	39.9	1000.0721	1.8320339	6.9078274			40.0		40.0	114.67	53.46	46.65		0.41	2400.0
"Amhara"	"East_Gojjam"	"Gozamin"	"Desasamabo"	27	706	"Wheat"	"Hillslope"	1.0	42	0	27	1	7	3.2	30.0	0.0	0.25	0.0625	1.0	0.0	0.0	0.0	1.0	0.0	1	0	0	0	160.0	102.0	25600.0	16320.0	0.0	0.0	160.0	25.0	18608	19.0	12.4	239	5.73	32.8	25.28	39.5	992.99866	1.9072201	6.900729			19.48		37.2	114.67	53.46	46.65		0.41	2000.0
"Amhara"	"East_Gojjam"	"Gozamin"	"Desasamabo"	27	668	"Teff"	"Footslope"	1.0	65	0	50	1	5	3.0	30.0	1.0	0.25	0.0625	1.0	0.0	0.0	0.0	0.0	1.0	1	1	0	1	174.0	40.0	30276.0	6960.0	174.0	0.0	0.0	28.1	29833	20.5	12.8	245	5.65	32.1	24.91	39.9	1000.0721	1.8320339	6.9078274	50.0				46.0	114.67	53.46	46.65	0.47		2000.0
"Amhara"	"East_Gojjam"	"Gozamin"	"Desasamabo"	27	759	"Wheat"	"Midslope"	1.0	60	0	46	1	11	5.0	30.0	1.0	0.125	0.015625	1.0	1.0	1.0	0.0	1.0	1.0	1	0	0	1	336.0	136.0	112896.0	45696.0	0.0	336.0	0.0	28.1	29833	20.5	12.8	245	5.65	32.1	24.91	39.9	1000.0721	1.8320339	6.9078274			32.0		32.0	114.67	53.46	46.65		0.41	48.0
"Amhara"	"East_Gojjam"	"Gozamin"	"Desasamabo"	27	706	"Wheat"	"Hillslope"	1.0	42	0	27	1	7	3.2	30.0	0.0	0.25	0.0625	1.0	0.0	1.0	0.0	1.0	0.0	1	1	0	0	160.0	102.0	25600.0	16320.0	0.0	0.0	160.0	25.0	18608	19.0	12.4	239	5.73	32.8	25.28	39.5	992.99866	1.9072201	6.900729			19.48		37.2	114.67	53.46	46.65		0.41	2000.0
"Amhara"	"East_Gojjam"	"Gozamin"	"Desasamabo"	27	707	"Teff"	"Footslope"	1.0	40	0	26	1	6	2.9	30.0	0.0	0.25	0.0625	1.0	0.0	1.0	0.0	0.0	0.0	1	0	0	0	46.57	0.51	2168.765	23.7507	46.57	0.0	0.0	28.1	29833	20.5	12.8	245	5.65	32.1	24.91	39.9	1000.0721	1.8320339	6.9078274			2800.0		37.2	114.67	53.46	46.65	0.47		900.0
"Amhara"	"East_Gojjam"	"Gozamin"	"Desasamabo"	27	707	"Wheat"	"Midslope"	1.0	40	0	26	1	6	2.9	30.0	1.0	0.25	0.0625	1.0	1.0	1.0	0.0	0.0	0.0	1	0	0	0	130.0	34.0	16900.0	4420.0	0.0	130.0	0.0	28.1	29833	20.5	12.8	245	5.65	32.1	24.91	39.9	1000.0721	1.8320339	6.9078274			39.92		39.92	114.67	53.46	46.65		0.41	2800.0
"Amhara"	"East_Gojjam"	"Gozamin"	"Desasamabo"	27	658	"Wheat"	"Footslope"	1.0	45	0	30	1	5	2.4	30.0	1.0	0.25	0.0625	1.0	0.0	0.0	1.0	1.0	1.0	1	1	0	1	348.0	80.0	121104.0	27840.0	348.0	0.0	0.0	28.0	30352	20.9	13.1	239	5.66	32.2	24.16	39.0	1000.0721	1.8320339	6.9078274	50.0				31.8	114.67	53.46	46.65		0.41	2000.0
"Amhara"	"East_Gojjam"	"Gozamin"	"Desasamabo"	27	674	"Teff"	"Hillslope"	1.0	40	0	25	1	8	3.9	30.0	0.0	0.5	0.25	1.0	0.0	0.0	1.0	0.0	1.0	1	1	0	1	42.0	17.0	1764.0	714.0	0.0	0.0	42.0	25.0	18608	19.0	12.4	239	5.73	32.8	25.28	39.5	992.99866	1.9072201	6.900729			37.7		37.8	114.67	53.46	46.65	0.47		500.0
"Amhara"	"East_Gojjam"	"Gozamin"	"Desasamabo"	27	706	"Teff"	"Footslope"	1.0	42	0	27	1	7	3.2	30.0	0.0	0.25	0.0625	1.0	0.0	0.0	0.0	0.0	0.0	1	0	0	0	160.0	102.0	25600.0	16320.0	160.0	0.0	0.0	25.0	18608	19.0	12.4	239	5.73	32.8	25.28	39.5	992.99866	1.9072201	6.900729			19.48		37.2	114.67	53.46	46.65	0.47		200.0
"Amhara"	"East_Gojjam"	"Gozamin"	"Desasamabo"	27	706	"Teff"	"Hillslope"	1.0	42	0	27	1	7	3.2	30.0	0.0	0.25	0.0625	1.0	0.0	1.0	0.0	0.0	0.0	1	1	0	0	160.0	102.0	25600.0	16320.0	0.0	0.0	160.0	25.0	18608	19.0	12.4	239	5.73	32.8	25.28	39.5	992.99866	1.9072201	6.900729			19.946667		37.4	114.67	53.46	46.65	0.47		1400.0
"Amhara"	"East_Gojjam"	"Gozamin"	"Desasamabo"	27	674	"Wheat"	"Midslope"	1.0	40	0	25	1	8	3.9	30.0	1.0	0.5	0.25	1.0	1.0	0.0	0.0	1.0	0.0	1	1	0	1	84.0	34.0	7056.0	2856.0	0.0	84.0	0.0	25.0	18608	19.0	12.4	239	5.73	32.8	25.28	39.5	992.99866	1.9072201	6.900729			37.5		38.9	114.67	53.46	46.65		0.41	3000.0
"Amhara"	"East_Gojjam"	"Gozamin"	"Desasamabo"	27	759	"Wheat"	"Midslope"	1.0	60	0	46	1	11	5.0	30.0	1.0	0.125	0.015625	1.0	0.0	1.0	0.0	1.0	1.0	1	0	0	1	336.0	136.0	112896.0	45696.0	0.0	336.0	0.0	28.1	29833	20.5	12.8	245	5.65	32.1	24.91	39.9	1000.0721	1.8320339	6.9078274			32.0		32.0	114.67	53.46	46.65		0.41	3600.0
"Amhara"	"East_Gojjam"	"Gozamin"	"Desasamabo"	27	669	"Teff"	"Midslope"	1.0	38	3	25	1	5	2.4	30.0	0.0	0.5	0.25	1.0	1.0	0.0	0.0	0.0	1.0	1	1	0	1	46.4	26.0	2152.9602	1206.4	0.0	46.4	0.0	28.0	30352	20.9	13.1	239	5.66	32.2	24.16	39.0	1000.0721	1.8320339	6.9078274	37.692307				37.0	114.67	53.46	46.65	0.47		800.0
"Amhara"	"East_Gojjam"	"Gozamin"	"Desasamabo"	27	705	"Wheat"	"Midslope"	1.0	39	4	24	1	5	2.4	30.0	0.0	1.0	1.0	1.0	0.0	1.0	0.0	1.0	1.0	1	1	0	0	61.0	34.0	3721.0	2074.0	0.0	61.0	0.0	25.0	18608	19.0	12.4	239	5.73	32.8	25.28	39.5	992.99866	1.9072201	6.900729			16.635		24.95	114.67	53.46	46.65		0.41	700.0
"Amhara"	"East_Gojjam"	"Gozamin"	"Desasamabo"	27	674	"Teff"	"Hillslope"	1.0	40	0	25	1	8	3.9	30.0	0.0	0.5	0.25	1.0	0.0	0.0	0.0	0.0	0.0	1	1	0	1	65.0	17.0	4225.0	1105.0	0.0	0.0	65.0	25.0	18608	19.0	12.4	239	5.73	32.8	25.28	39.5	992.99866	1.9072201	6.900729			50.0		39.8	114.67	53.46	46.65	0.47		1000.0
"Amhara"	"East_Gojjam"	"Gozamin"	"Desasamabo"	27	735	"Wheat"	"Footslope"	1.0	56	0	42	1	5	3.0	30.0	1.0	0.25	0.0625	1.0	1.0	0.0	1.0	1.0	0.0	1	0	0	0	168.0	68.0	28224.0	11424.0	168.0	0.0	0.0	28.1	29833	20.5	12.8	245	5.65	32.1	24.91	39.9	1000.0721	1.8320339	6.9078274			32.0		32.0	114.67	53.46	46.65		0.41	4000.0
"Amhara"	"East_Gojjam"	"Gozamin"	"Desasamabo"	27	678	"Wheat"	"Midslope"	1.0	40	16	22	1	7	3.4	30.0	1.0	0.25	0.0625	1.0	1.0	0.0	1.0	0.0	1.0	1	1	0	1	130.0	34.0	16900.0	4420.0	0.0	130.0	0.0	28.1	29833	20.5	12.8	245	5.65	32.1	24.91	39.9	1000.0721	1.8320339	6.9078274			40.0		40.0	114.67	53.46	46.65		0.41	2200.0
"Amhara"	"East_Gojjam"	"Gozamin"	"Desasamabo"	27	1061	"Wheat"	"Midslope"	1.0	56	0	40	1	11	4.8	30.0	1.0	0.375	0.140625	1.0	0.0	0.0	0.0	1.0	0.0	0	1	0	1	164.0	80.0	26896.0	13120.0	0.0	164.0	0.0	28.0	30352	20.9	13.1	239	5.66	32.2	24.16	39.0	1000.0721	1.8320339	6.9078274	40.0				39.68	114.67	53.46	46.65		0.41	2933.3333
"Amhara"	"East_Gojjam"	"Gozamin"	"Desasamabo"	27	707	"Teff"	"Midslope"	1.0	40	0	26	1	6	2.9	30.0	0.0	0.25	0.0625	1.0	0.0	1.0	0.0	0.0	0.0	1	0	0	0	46.57	0.51	2168.765	23.7507	0.0	46.57	0.0	28.1	29833	20.5	12.8	245	5.65	32.1	24.91	39.9	1000.0721	1.8320339	6.9078274			2800.0		37.2	114.67	53.46	46.65	0.47		900.0
"Amhara"	"East_Gojjam"	"Gozamin"	"Desasamabo"	27	681	"Wheat"	"Footslope"	1.0	60	0	40	1	6	2.9	30.0	0.0	0.25	0.0625	1.0	0.0	0.0	1.0	1.0	0.0	0	0	0	1	168.0	68.0	28224.0	11424.0	168.0	0.0	0.0	25.0	18608	19.0	12.4	239	5.73	32.8	25.28	39.5	992.99866	1.9072201	6.900729			36.0		36.0	114.67	53.46	46.65		0.41	16.0
"Amhara"	"East_Gojjam"	"Gozamin"	"Desasamabo"	27	683	"Teff"	"Midslope"	1.0	60	0	46	1	5	2.8	30.0	1.0	0.25	0.0625	1.0	0.0	0.0	1.0	0.0	0.0	1	0	0	1	56.4	34.0	3180.9602	1917.6001	0.0	56.4	0.0	28.1	29833	20.5	12.8	245	5.65	32.1	24.91	39.9	1000.0721	1.8320339	6.9078274			48.0		44.0	114.67	53.46	46.65	0.47		1000.0
"Amhara"	"East_Gojjam"	"Gozamin"	"Desasamabo"	27	684	"Teff"	"Footslope"	1.0	28	10	14	1	3	1.8	30.0	0.0	0.25	0.0625	1.0	0.0	0.0	0.0	0.0	1.0	1	0	0	1	84.0	34.0	7056.0	2856.0	84.0	0.0	0.0	28.0	30352	20.9	13.1	239	5.66	32.2	24.16	39.0	1000.0721	1.8320339	6.9078274			40.0		38.0	114.67	53.46	46.65	0.47		14.0
"Amhara"	"East_Gojjam"	"Gozamin"	"Desasamabo"	27	681	"Wheat"	"Hillslope"	1.0	60	0	40	1	6	2.9	30.0	1.0	0.5	0.25	1.0	1.0	0.0	1.0	1.0	0.0	0	0	0	1	30.5	17.0	930.25	518.5	0.0	0.0	30.5	25.0	18608	19.0	12.4	239	5.73	32.8	25.28	39.5	992.99866	1.9072201	6.900729			36.0		36.0	114.67	53.46	46.65		0.41	18.0
"Amhara"	"East_Gojjam"	"Gozamin"	"Desasamabo"	27	668	"Teff"	"Footslope"	1.0	65	0	50	1	5	3.0	30.0	1.0	0.25	0.0625	1.0	1.0	0.0	1.0	0.0	0.0	1	0	0	1	82.0	40.0	6724.0	3280.0	82.0	0.0	0.0	28.1	29833	20.5	12.8	245	5.65	32.1	24.91	39.9	1000.0721	1.8320339	6.9078274	50.0				38.0	114.67	53.46	46.65	0.47		2000.0
"Amhara"	"East_Gojjam"	"Gozamin"	"Desasamabo"	27	735	"Teff"	"Footslope"	1.0	56	0	42	1	5	3.0	30.0	1.0	0.25	0.0625	1.0	1.0	0.0	1.0	0.0	0.0	1	0	0	1	84.0	34.0	7056.0	2856.0	84.0	0.0	0.0	28.1	29833	20.5	12.8	245	5.65	32.1	24.91	39.9	1000.0721	1.8320339	6.9078274			32.0		36.0	114.67	53.46	46.65	0.47		1600.0
"Amhara"	"East_Gojjam"	"Gozamin"	"Desasamabo"	27	705	"Teff"	"Midslope"	1.0	39	4	24	1	5	2.4	30.0	0.0	0.25	0.0625	1.0	0.0	0.0	0.0	0.0	0.0	1	1	0	0	122.0	68.0	14884.0	8296.0	0.0	122.0	0.0	25.0	18608	19.0	12.4	239	5.73	32.8	25.28	39.5	992.99866	1.9072201	6.900729			19.96		37.2	114.67	53.46	46.65	0.47		1000.0
"Amhara"	"East_Gojjam"	"Gozamin"	"Desasamabo"	27	678	"Teff"	"Footslope"	1.0	40	16	22	1	7	3.4	30.0	0.0	0.25	0.0625	1.0	1.0	0.0	1.0	0.0	1.0	1	1	0	1	130.0	34.0	16900.0	4420.0	130.0	0.0	0.0	28.1	29833	20.5	12.8	245	5.65	32.1	24.91	39.9	1000.0721	1.8320339	6.9078274			40.0		40.0	114.67	53.46	46.65	0.47		2800.0
"Amhara"	"East_Gojjam"	"Gozamin"	"Desasamabo"	27	683	"Wheat"	"Midslope"	1.0	60	0	46	1	5	2.8	30.0	1.0	0.5	0.25	1.0	0.0	0.0	1.0	1.0	0.0	1	0	0	1	65.0	17.0	4225.0	1105.0	0.0	65.0	0.0	28.1	29833	20.5	12.8	245	5.65	32.1	24.91	39.9	1000.0721	1.8320339	6.9078274			48.0		44.0	114.67	53.46	46.65		0.41	4.0
"Amhara"	"East_Gojjam"	"Gozamin"	"Desasamabo"	27	1061	"Teff"	"Midslope"	1.0	56	0	40	1	11	4.8	30.0	0.0	0.1875	0.03515625	1.0	0.0	0.0	0.0	0.0	1.0	0	1	0	1	109.333336	53.333332	11953.778	5831.1113	0.0	109.333336	0.0	28.0	30352	20.9	13.1	239	5.66	32.2	24.16	39.0	1000.0721	1.8320339	6.9078274	40.0				39.68	114.67	53.46	46.65	0.47		1066.6666
"Amhara"	"East_Gojjam"	"Gozamin"	"Desasamabo"	27	674	"Wheat"	"Hillslope"	1.0	40	0	25	1	8	3.9	30.0	0.0	0.5	0.25	1.0	0.0	0.0	1.0	1.0	0.0	1	1	0	1	93.5	42.5	8742.25	3973.75	0.0	0.0	93.5	25.0	18608	19.0	12.4	239	5.73	32.8	25.28	39.5	992.99866	1.9072201	6.900729			117.7		38.9	114.67	53.46	46.65		0.41	1600.0
"Amhara"	"East_Gojjam"	"Gozamin"	"Desasamabo"	27	735	"Teff"	"Footslope"	1.0	56	0	42	1	5	3.0	30.0	1.0	0.25	0.0625	1.0	0.0	0.0	1.0	0.0	0.0	1	0	0	1	84.0	34.0	7056.0	2856.0	84.0	0.0	0.0	28.1	29833	20.5	12.8	245	5.65	32.1	24.91	39.9	1000.0721	1.8320339	6.9078274			36.0		36.0	114.67	53.46	46.65	0.47		2000.0
"Amhara"	"East_Gojjam"	"Gozamin"	"Desasamabo"	27	675	"Teff"	"Midslope"	1.0	52	0	40	1	5	2.8	30.0	1.0	0.5	0.25	1.0	0.0	1.0	0.0	0.0	1.0	1	1	0	1	42.0	17.0	1764.0	714.0	0.0	42.0	0.0	28.1	29833	20.5	12.8	245	5.65	32.1	24.91	39.9	1000.0721	1.8320339	6.9078274			40.0		50.0	114.67	53.46	46.65	0.47		700.0
"Amhara"	"East_Gojjam"	"Gozamin"	"Desasamabo"	27	669	"Wheat"	"Midslope"	1.0	38	3	25	1	5	2.4	30.0	0.0	0.25	0.0625	1.0	1.0	0.0	0.0	1.0	0.0	0	1	0	1	127.2	80.0	16179.839	10176.0	0.0	127.2	0.0	28.0	30352	20.9	13.1	239	5.66	32.2	24.16	39.0	1000.0721	1.8320339	6.9078274	50.0				37.0	114.67	53.46	46.65		0.41	1600.0
"Amhara"	"East_Gojjam"	"Gozamin"	"Desasamabo"	27	674	"Teff"	"Hillslope"	1.0	40	0	25	1	8	3.9	30.0	1.0	0.5	0.25	1.0	0.0	0.0	0.0	0.0	1.0	1	1	0	1	88.0	17.0	7744.0	1496.0	0.0	0.0	88.0	25.0	18608	19.0	12.4	239	5.73	32.8	25.28	39.5	992.99866	1.9072201	6.900729			50.0		24.95	114.67	53.46	46.65	0.47		600.0
"Amhara"	"East_Gojjam"	"Gozamin"	"Desasamabo"	27	658	"Teff"	"Footslope"	1.0	45	0	30	1	5	2.4	30.0	1.0	0.25	0.0625	1.0	0.0	0.0	0.0	0.0	1.0	1	1	0	1	174.0	40.0	30276.0	6960.0	174.0	0.0	0.0	28.0	30352	20.9	13.1	239	5.66	32.2	24.16	39.0	1000.0721	1.8320339	6.9078274	50.0				37.6	114.67	53.46	46.65	0.47		1600.0
"Amhara"	"East_Gojjam"	"Gozamin"	"Desasamabo"	27	1061	"Teff"	"Midslope"	1.0	56	0	40	1	11	4.8	30.0	0.0	0.4375	0.19140625	1.0	0.0	0.0	0.0	0.0	1.0	0	1	0	1	57.142857	34.285713	3265.3062	1959.1836	0.0	57.142857	0.0	28.0	30352	20.9	13.1	239	5.66	32.2	24.16	39.0	1000.0721	1.8320339	6.9078274	40.0				39.68	114.67	53.46	46.65	0.47		1371.4286
"Amhara"	"East_Gojjam"	"Gozamin"	"Desasamabo"	27	1061	"Wheat"	"Midslope"	1.0	56	0	40	1	11	4.8	30.0	0.0	0.5	0.25	1.0	0.0	0.0	0.0	1.0	0.0	0	1	0	1	155.0	70.0	24025.0	10850.0	0.0	155.0	0.0	28.0	30352	20.9	13.1	239	5.66	32.2	24.16	39.0	1000.0721	1.8320339	6.9078274	40.0				39.68	114.67	53.46	46.65		0.41	2000.0
"Amhara"	"East_Gojjam"	"Gozamin"	"Desasamabo"	27	668	"Wheat"	"Footslope"	1.0	65	0	50	1	5	3.0	30.0	1.0	0.375	0.140625	1.0	1.0	0.0	0.0	1.0	0.0	1	0	0	1	133.33333	80.0	17777.777	10666.666	133.33333	0.0	0.0	28.1	29833	20.5	12.8	245	5.65	32.1	24.91	39.9	1000.0721	1.8320339	6.9078274	50.0				38.0	114.67	53.46	46.65		0.41	3466.6667
"Amhara"	"East_Gojjam"	"Gozamin"	"Desasamabo"	27	759	"Teff"	"Midslope"	1.0	60	0	46	1	11	5.0	30.0	1.0	0.125	0.015625	1.0	1.0	1.0	1.0	0.0	0.0	1	0	0	1	336.0	136.0	112896.0	45696.0	0.0	336.0	0.0	28.1	29833	20.5	12.8	245	5.65	32.1	24.91	39.9	1000.0721	1.8320339	6.9078274			32.0		32.0	114.67	53.46	46.65	0.47		1600.0
"Amhara"	"East_Gojjam"	"Gozamin"	"Desasamabo"	27	684	"Wheat"	"Footslope"	1.0	28	10	14	1	3	1.8	30.0	0.0	0.25	0.0625	1.0	0.0	0.0	1.0	1.0	0.0	0	0	0	1	168.0	68.0	28224.0	11424.0	168.0	0.0	0.0	28.0	30352	20.9	13.1	239	5.66	32.2	24.16	39.0	1000.0721	1.8320339	6.9078274			40.0		38.0	114.67	53.46	46.65		0.41	2800.0
"Amhara"	"East_Gojjam"	"Gozamin"	"Desasamabo"	27	1061	"Wheat"	"Midslope"	1.0	56	0	40	1	11	4.8	30.0	0.0	0.5	0.25	1.0	0.0	0.0	0.0	1.0	0.0	0	1	0	1	123.0	60.0	15129.0	7380.0	0.0	123.0	0.0	28.0	30352	20.9	13.1	239	5.66	32.2	24.16	39.0	1000.0721	1.8320339	6.9078274	40.0				39.68	114.67	53.46	46.65		0.41	2400.0
"Amhara"	"East_Gojjam"	"Gozamin"	"Desasamabo"	27	1061	"Teff"	"Midslope"	1.0	56	0	40	1	11	4.8	30.0	1.0	0.375	0.140625	1.0	1.0	0.0	0.0	0.0	1.0	0	1	0	1	24.266668	13.333333	588.8712	323.55557	0.0	24.266668	0.0	28.0	30352	20.9	13.1	239	5.66	32.2	24.16	39.0	1000.0721	1.8320339	6.9078274	40.0				39.68	114.67	53.46	46.65	0.47		800.0
"Amhara"	"East_Gojjam"	"Gozamin"	"Desasamabo"	27	684	"Wheat"	"Midslope"	1.0	28	10	14	1	3	1.8	30.0	0.0	0.25	0.0625	1.0	0.0	1.0	0.0	1.0	0.0	1	0	0	1	122.0	68.0	14884.0	8296.0	0.0	122.0	0.0	28.0	30352	20.9	13.1	239	5.66	32.2	24.16	39.0	1000.0721	1.8320339	6.9078274			40.0		38.0	114.67	53.46	46.65		0.41	30.0
"Amhara"	"East_Gojjam"	"Gozamin"	"Desasamabo"	27	670	"Teff"	"Midslope"	1.0	30	8	15	1	4	2.1	30.0	1.0	0.25	0.0625	1.0	0.0	0.0	1.0	0.0	1.0	1	1	0	1	82.0	40.0	6724.0	3280.0	0.0	82.0	0.0	25.0	18608	19.0	12.4	239	5.73	32.8	25.28	39.5	992.99866	1.9072201	6.900729	39.0				36.0	114.67	53.46	46.65	0.47		2000.0
"Amhara"	"East_Gojjam"	"Gozamin"	"Desasamabo"	27	675	"Wheat"	"Hillslope"	1.0	52	0	40	1	5	2.8	30.0	0.0	1.0	1.0	1.0	0.0	1.0	1.0	1.0	0.0	1	1	0	1	72.5	34.0	5256.25	2465.0	0.0	0.0	72.5	28.1	29833	20.5	12.8	245	5.65	32.1	24.91	39.9	1000.0721	1.8320339	6.9078274			40.0		50.0	114.67	53.46	46.65		0.41	1600.0
"Amhara"	"East_Gojjam"	"Gozamin"	"Desasamabo"	27	759	"Teff"	"Midslope"	1.0	60	0	46	1	11	5.0	30.0	1.0	0.25	0.0625	1.0	0.0	1.0	1.0	0.0	0.0	1	0	0	1	168.0	68.0	28224.0	11424.0	0.0	168.0	0.0	28.1	29833	20.5	12.8	245	5.65	32.1	24.91	39.9	1000.0721	1.8320339	6.9078274			16.0		24.95	114.67	53.46	46.65	0.47		2800.0
"Amhara"	"East_Gojjam"	"Gozamin"	"Desasamabo"	27	670	"Wheat"	"Midslope"	1.0	30	8	15	1	4	2.1	30.0	1.0	0.25	0.0625	1.0	1.0	0.0	1.0	1.0	1.0	1	1	0	1	200.0	120.0	40000.0	24000.0	0.0	200.0	0.0	25.0	18608	19.0	12.4	239	5.73	32.8	25.28	39.5	992.99866	1.9072201	6.900729	19.166666				39.0	114.67	53.46	46.65		0.41	5200.0
"Amhara"	"East_Gojjam"	"Gozamin"	"Desasamabo"	27	669	"Wheat"	"Midslope"	1.0	38	3	25	1	5	2.4	30.0	0.0	0.5	0.25	1.0	1.0	0.0	1.0	1.0	0.0	0	1	0	1	29.04	20.0	843.32166	580.80005	0.0	29.04	0.0	28.0	30352	20.9	13.1	239	5.66	32.2	24.16	39.0	1000.0721	1.8320339	6.9078274	50.0				37.0	114.67	53.46	46.65		0.41	2000.0
"Amhara"	"East_Gojjam"	"Gozamin"	"Desasamabo"	27	675	"Teff"	"Midslope"	1.0	52	0	40	1	5	2.8	30.0	0.0	0.5	0.25	1.0	0.0	1.0	0.0	0.0	1.0	1	1	0	1	74.5	25.5	5550.25	1899.75	0.0	74.5	0.0	28.1	29833	20.5	12.8	245	5.65	32.1	24.91	39.9	1000.0721	1.8320339	6.9078274			40.0		40.0	114.67	53.46	46.65	0.47		500.0
"Amhara"	"East_Gojjam"	"Gozamin"	"Desasamabo"	27	669	"Teff"	"Footslope"	1.0	38	3	25	1	5	2.4	30.0	1.0	0.125	0.015625	1.0	0.0	0.0	0.0	1.0	0.0	0	1	0	1	105.600006	56.0	11151.361	5913.6006	105.600006	0.0	0.0	28.0	30352	20.9	13.1	239	5.66	32.2	24.16	39.0	1000.0721	1.8320339	6.9078274	53.82857				37.0	114.67	53.46	46.65	0.47		1600.0
"Amhara"	"East_Gojjam"	"Gozamin"	"Desasamabo"	27	759	"Teff"	"Midslope"	1.0	60	0	46	1	11	5.0	30.0	1.0	0.5	0.25	1.0	1.0	1.0	1.0	0.0	0.0	1	0	0	1	103.0	51.0	10609.0	5253.0	0.0	103.0	0.0	28.1	29833	20.5	12.8	245	5.65	32.1	24.91	39.9	1000.0721	1.8320339	6.9078274			32.0		32.0	114.67	53.46	46.65	0.47		900.0
"Amhara"	"East_Gojjam"	"Gozamin"	"Desasamabo"	27	678	"Teff"	"Midslope"	1.0	40	16	22	1	7	3.4	30.0	1.0	0.25	0.0625	1.0	1.0	0.0	1.0	0.0	1.0	1	1	0	1	130.0	34.0	16900.0	4420.0	0.0	130.0	0.0	28.1	29833	20.5	12.8	245	5.65	32.1	24.91	39.9	1000.0721	1.8320339	6.9078274			40.0		40.0	114.67	53.46	46.65	0.47		2400.0
"Amhara"	"North_Gonder"	"West_Belesa"	"Ebrareg"	28	776	"Sorghum"	"Midslope"	0.0	50	4	45	1	5	3.0	60.0	1.0	0.5	0.25	1.0	0.0	1.0	0.0	0.0	0.0	0	0	0	1	32.5	8.5	1056.25	276.25	0.0	32.5	0.0	18.5	4182	13.4	10.6	230	6.51	34.2	25.94	37.6	1024.2788	1.1133828	6.931744		50.0			50.0	114.67	53.46	46.65			1600.0
"Amhara"	"North_Gonder"	"West_Belesa"	"Ebrareg"	28	778	"Sorghum"	"Footslope"	1.0	67	4	53	1	5	2.8	60.0	1.0	0.75	0.5625	1.0	0.0	1.0	0.0	0.0	1.0	0	0	0	1	12.666667	11.333333	160.44446	143.55556	12.666667	0.0	0.0	18.4	1384	10.3	11.5	254	6.89	30.5	28.22	39.4	935.66223	1.0919951	6.8412547		30.0				114.67	53.46	46.65			1733.3334
"Amhara"	"North_Gonder"	"West_Belesa"	"Ebrareg"	28	753	"Sorghum"	"Footslope"	1.0	58	16	35	1	4	2.3	60.0	1.0	0.375	0.140625	1.0	1.0	0.0	0.0	0.0	1.0	0	1	0	1	43.333332	11.333333	1877.7777	491.11108	43.333332	0.0	0.0	17.2	2622	12.2	11.2	234	6.7	34.5	26.37	35.5	935.66223	1.0919951	6.8412547		40.0			24.95	114.67	53.46	46.65			2666.6667
"Amhara"	"North_Gonder"	"West_Belesa"	"Ebrareg"	28	800	"Sorghum"	"Footslope"	1.0	32	0	16	1	5	2.4	60.0	1.0	0.25	0.0625	1.0	0.0	0.0	0.0	0.0	1.0	0	0	0	1	7.6	6.8	57.76	51.68	7.6	0.0	0.0	18.5	4182	13.4	10.6	230	6.51	34.2	25.94	37.6	1024.2788	1.1133828	6.931744		50.0				114.67	53.46	46.65			3200.0
"Amhara"	"North_Gonder"	"West_Belesa"	"Ebrareg"	28	754	"Teff"	"Footslope"	1.0	40	4	32	1	6	3.1	60.0	1.0	0.5	0.25	1.0	0.0	0.0	0.0	0.0	1.0	0	1	1	1	16.25	4.25	264.0625	69.0625	16.25	0.0	0.0	17.2	2622	12.2	11.2	234	6.7	34.5	26.37	35.5	935.66223	1.0919951	6.8412547		40.0			40.0	114.67	53.46	46.65	0.47		1200.0
"Amhara"	"North_Gonder"	"West_Belesa"	"Ebrareg"	28	754	"Teff"	"Footslope"	1.0	40	4	32	1	6	3.1	60.0	0.0	0.25	0.0625	1.0	0.0	0.0	1.0	0.0	1.0	0	1	0	1	65.0	17.0	4225.0	1105.0	65.0	0.0	0.0	17.2	2622	12.2	11.2	234	6.7	34.5	26.37	35.5	935.66223	1.0919951	6.8412547		40.0			40.0	114.67	53.46	46.65	0.47		400.0
"Amhara"	"North_Gonder"	"West_Belesa"	"Ebrareg"	28	753	"Teff"	"Footslope"	1.0	58	16	35	1	4	2.3	60.0	1.0	0.375	0.140625	1.0	1.0	0.0	0.0	0.0	1.0	0	1	0	1	43.333332	11.333333	1877.7777	491.11108	43.333332	0.0	0.0	17.2	2622	12.2	11.2	234	6.7	34.5	26.37	35.5	935.66223	1.0919951	6.8412547		40.0			40.0	114.67	53.46	46.65	0.47		1333.3334
"Amhara"	"North_Gonder"	"West_Belesa"	"Ebrareg"	28	752	"Teff"	"Footslope"	1.0	48	0	31	1	8	3.9	60.0	1.0	0.25	0.0625	1.0	0.0	0.0	0.0	0.0	1.0	0	1	0	1	27.52	8.16	757.3504	224.5632	27.52	0.0	0.0	17.2	2622	12.2	11.2	234	6.7	34.5	26.37	35.5	935.66223	1.0919951	6.8412547		40.0			40.0	114.67	53.46	46.65	0.47		1600.0
"Amhara"	"North_Gonder"	"West_Belesa"	"Ebrareg"	28	752	"Sorghum"	"Footslope"	1.0	48	0	31	1	8	3.9	60.0	0.0	0.25	0.0625	1.0	0.0	0.0	0.0	0.0	0.0	0	1	0	1	8.12	0.68	65.934395	5.5216	8.12	0.0	0.0	17.2	2622	12.2	11.2	234	6.7	34.5	26.37	35.5	935.66223	1.0919951	6.8412547		40.0			40.0	114.67	53.46	46.65			1600.0
"Amhara"	"North_Gonder"	"West_Belesa"	"Ebrareg"	28	752	"Sorghum"	"Footslope"	1.0	48	0	31	1	8	3.9	60.0	0.0	0.25	0.0625	1.0	0.0	0.0	0.0	0.0	0.0	0	1	1	1	8.12	0.68	65.934395	5.5216	8.12	0.0	0.0	17.2	2622	12.2	11.2	234	6.7	34.5	26.37	35.5	935.66223	1.0919951	6.8412547		40.0			40.0	114.67	53.46	46.65			2000.0
"Amhara"	"North_Gonder"	"West_Belesa"	"Ebrareg"	28	778	"Teff"	"Footslope"	1.0	67	4	53	1	5	2.8	60.0	1.0	1.25	1.5625	1.0	0.0	1.0	0.0	0.0	1.0	0	0	0	1	47.2	32.0	2227.84	1510.4	47.2	0.0	0.0	18.4	1384	10.3	11.5	254	6.89	30.5	28.22	39.4	935.66223	1.0919951	6.8412547	16.0				30.0	114.67	53.46	46.65	0.47		2000.0
"Amhara"	"North_Gonder"	"West_Belesa"	"Ebrareg"	28	801	"Teff"	"Footslope"	1.0	40	0	26	1	5	2.4	60.0	1.0	0.37	0.1369	1.0	0.0	0.0	0.0	0.0	1.0	0	0	0	1	2.5675676	2.2972975	6.5924034	5.8984666	2.5675676	0.0	0.0	18.4	1384	10.3	11.5	254	6.89	30.5	28.22	39.4	935.66223	1.0919951	6.8412547		38.0				114.67	53.46	46.65	0.47		810.8108
"Amhara"	"North_Gonder"	"West_Belesa"	"Ebrareg"	28	752	"Teff"	"Midslope"	1.0	48	0	31	1	8	3.9	60.0	1.0	0.25	0.0625	1.0	1.0	1.0	0.0	0.0	1.0	0	1	0	1	23.84	8.16	568.3456	194.5344	0.0	23.84	0.0	17.2	2622	12.2	11.2	234	6.7	34.5	26.37	35.5	935.66223	1.0919951	6.8412547		40.0			30.0	114.67	53.46	46.65	0.47		800.0
"Amhara"	"North_Gonder"	"West_Belesa"	"Ebrareg"	28	776	"Teff"	"Midslope"	0.0	50	4	45	1	5	3.0	60.0	1.0	0.5	0.25	1.0	0.0	0.0	0.0	0.0	0.0	0	0	1	1	23.3	8.5	542.88995	198.04999	0.0	23.3	0.0	18.5	4182	13.4	10.6	230	6.51	34.2	25.94	37.6	1024.2788	1.1133828	6.931744		50.0			50.0	114.67	53.46	46.65	0.47		1400.0
"Amhara"	"North_Gonder"	"West_Belesa"	"Ebrareg"	28	755	"Teff"	"Footslope"	1.0	47	0	30	1	10	4.5	60.0	0.0	0.125	0.015625	1.0	0.0	0.0	0.0	0.0	0.0	0	1	0	1	31.850002	8.33	1014.42267	265.31052	31.850002	0.0	0.0	17.2	2622	12.2	11.2	234	6.7	34.5	26.37	35.5	935.66223	1.0919951	6.8412547		49.959183			49.959183	114.67	53.46	46.65	0.47		800.0
"Amhara"	"North_Gonder"	"West_Belesa"	"Ebrareg"	28	754	"Sorghum"	"Footslope"	1.0	40	4	32	1	6	3.1	60.0	1.0	0.5	0.25	1.0	0.0	0.0	0.0	0.0	1.0	0	1	0	1	16.25	4.25	264.0625	69.0625	16.25	0.0	0.0	17.2	2622	12.2	11.2	234	6.7	34.5	26.37	35.5	935.66223	1.0919951	6.8412547		40.0			40.0	114.67	53.46	46.65			4000.0
"Amhara"	"North_Gonder"	"West_Belesa"	"Ebrareg"	28	800	"Teff"	"Footslope"	1.0	32	0	16	1	5	2.4	60.0	1.0	0.25	0.0625	1.0	1.0	0.0	0.0	0.0	1.0	0	0	1	1	15.2	13.6	231.04	206.72	15.2	0.0	0.0	18.5	4182	13.4	10.6	230	6.51	34.2	25.94	37.6	1024.2788	1.1133828	6.931744		50.0				114.67	53.46	46.65	0.47		1200.0
"Amhara"	"North_Gonder"	"West_Belesa"	"Ebrareg"	28	777	"Sorghum"	"Footslope"	1.0	56	2	46	1	4	2.5	60.0	1.0	0.5	0.25	1.0	0.0	0.0	0.0	0.0	1.0	0	0	0	1	5.7	5.1	32.489998	29.069998	5.7	0.0	0.0	18.5	1640	10.6	11.4	248	6.84	31.1	28.17	39.3	1024.2788	1.1133828	6.931744		50.0				114.67	53.46	46.65			1200.0
"Amhara"	"North_Gonder"	"West_Belesa"	"Ebrareg"	28	778	"Wheat"	"Midslope"	1.0	67	4	53	1	5	2.8	60.0	1.0	0.25	0.0625	1.0	0.0	1.0	0.0	0.0	0.0	0	0	0	1	38.0	34.0	1444.0	1292.0	0.0	38.0	0.0	18.4	1384	10.3	11.5	254	6.89	30.5	28.22	39.4	935.66223	1.0919951	6.8412547		30.0				114.67	53.46	46.65		0.41	1600.0
"Amhara"	"North_Gonder"	"West_Belesa"	"Ebrareg"	28	777	"Teff"	"Footslope"	1.0	56	2	46	1	4	2.5	60.0	1.0	0.25	0.0625	1.0	0.0	0.0	0.0	0.0	0.0	0	0	0	1	37.4	17.0	1398.7601	635.80005	37.4	0.0	0.0	18.5	1640	10.6	11.4	248	6.84	31.1	28.17	39.3	1024.2788	1.1133828	6.931744		50.0			50.0	114.67	53.46	46.65	0.47		2000.0
"Amhara"	"North_Gonder"	"West_Belesa"	"Ebrareg"	28	755	"Sorghum"	"Hillslope"	1.0	47	0	30	1	10	4.5	60.0	0.0	0.375	0.140625	1.0	0.0	0.0	0.0	0.0	0.0	0	1	0	1	5.4166665	1.4166666	29.340277	7.6736107	0.0	0.0	5.4166665	17.2	2622	12.2	11.2	234	6.7	34.5	26.37	35.5	935.66223	1.0919951	6.8412547		49.92			49.92	114.67	53.46	46.65			800.0
"Amhara"	"North_Gonder"	"West_Belesa"	"Ebrareg"	28	801	"Teff"	"Footslope"	1.0	40	0	26	1	5	2.4	60.0	1.0	0.12	0.0144	1.0	0.0	0.0	0.0	0.0	1.0	0	0	0	1	15.833333	14.166667	250.69443	224.30556	15.833333	0.0	0.0	18.4	1384	10.3	11.5	254	6.89	30.5	28.22	39.4	935.66223	1.0919951	6.8412547		38.0				114.67	53.46	46.65	0.47		833.3333
"Amhara"	"North_Gonder"	"West_Belesa"	"Ebrareg"	28	801	"Sorghum"	"Footslope"	1.0	40	0	26	1	5	2.4	60.0	1.0	0.37	0.1369	1.0	0.0	0.0	0.0	0.0	1.0	0	0	0	1	3.0810812	2.7567568	9.493061	8.493792	3.0810812	0.0	0.0	18.4	1384	10.3	11.5	254	6.89	30.5	28.22	39.4	935.66223	1.0919951	6.8412547		38.0				114.67	53.46	46.65			1891.8918
"Amhara"	"North_Gonder"	"West_Belesa"	"Ebrareg"	28	755	"Sorghum"	"Footslope"	1.0	47	0	30	1	10	4.5	60.0	0.0	0.25	0.0625	1.0	0.0	0.0	0.0	0.0	0.0	0	1	1	1	8.125	2.125	66.015625	17.265625	8.125	0.0	0.0	17.2	2622	12.2	11.2	234	6.7	34.5	26.37	35.5	935.66223	1.0919951	6.8412547		49.92			49.92	114.67	53.46	46.65			2000.0
"Amhara"	"North_Gonder"	"West_Belesa"	"Ebrareg"	28	755	"Teff"	"Footslope"	1.0	47	0	30	1	10	4.5	60.0	1.0	0.25	0.0625	1.0	0.0	0.0	0.0	0.0	0.0	0	1	0	1	3.25	0.85	10.5625	2.7625	3.25	0.0	0.0	17.2	2622	12.2	11.2	234	6.7	34.5	26.37	35.5	935.66223	1.0919951	6.8412547		48.0			48.0	114.67	53.46	46.65	0.47		2000.0
"Amhara"	"North_Shewa"	"Basona_Werana"	"Angolela"	29	911	"Wheat"	"Hillslope"	1.0	50	0	2	1	3	1.8	20.0	1.0	0.25	0.0625	1.0	0.0	1.0	1.0	0.0	0.0	1	1	0	1	84.0	34.0	7056.0	2856.0	0.0	0.0	84.0	22.8	51236	17.7	14.1	202	6.0	34.4	26.19	39.7	739.1834	1.3428823	6.605546			37.2		44.0	114.67	53.46	46.65		0.41	1600.0
"Amhara"	"North_Shewa"	"Basona_Werana"	"Angolela"	29	815	"Wheat"	"Hillslope"	1.0	42	0	2	1	5	2.4	20.0	0.0	0.25	0.0625	1.0	0.0	0.0	0.0	0.0	1.0	1	1	0	0	157.0	17.0	24649.0	2669.0	0.0	0.0	157.0	22.8	51236	17.7	14.1	202	6.0	34.4	26.19	39.7	739.1834	1.3428823	6.605546			48.0		40.906666	114.67	53.46	46.65		0.41	3200.0
"Amhara"	"North_Shewa"	"Basona_Werana"	"Angolela"	29	816	"Wheat"	"Footslope"	1.0	25	4	40	1	3	2.0	20.0	1.0	0.25	0.0625	1.0	0.0	1.0	0.0	0.0	1.0	1	1	0	0	187.0	85.0	34969.0	15895.0	187.0	0.0	0.0	22.8	51236	17.7	14.1	202	6.0	34.4	26.19	39.7	739.1834	1.3428823	6.605546			48.0		48.0	114.67	53.46	46.65		0.41	2000.0
"Amhara"	"North_Shewa"	"Basona_Werana"	"Angolela"	29	811	"Wheat"	"Footslope"	1.0	19	9	5	0	5	2.6	20.0	1.0	0.75	0.5625	1.0	0.0	0.0	1.0	0.0	1.0	1	1	0	1	43.333332	11.333333	1877.7777	491.11108	43.333332	0.0	0.0	22.8	51236	17.7	14.1	202	6.0	34.4	26.19	39.7	739.1834	1.3428823	6.605546			46.0		47.0	114.67	53.46	46.65		0.41	4266.6665
"Amhara"	"North_Shewa"	"Basona_Werana"	"Angolela"	29	912	"Wheat"	"Hillslope"	1.0	60	0	4	1	8	4.1	20.0	1.0	0.25	0.0625	1.0	0.0	1.0	1.0	0.0	0.0	1	1	0	1	222.0	34.0	49284.0	7548.0	0.0	0.0	222.0	22.8	51236	17.7	14.1	202	6.0	34.4	26.19	39.7	739.1834	1.3428823	6.605546			37.2		42.0	114.67	53.46	46.65		0.41	28.0
"Amhara"	"North_Shewa"	"Basona_Werana"	"Angolela"	29	889	"Teff"	"Footslope"	0.0	34	10	19	1	3	1.8	20.0	1.0	0.5	0.25	1.0	0.0	1.0	0.0	0.0	0.0	1	1	0	1	74.5	25.5	5550.25	1899.75	74.5	0.0	0.0	22.8	51236	17.7	14.1	202	6.0	34.4	26.19	39.7	739.1834	1.3428823	6.605546			40.0		40.0	114.67	53.46	46.65	0.47		1400.0
"Amhara"	"North_Shewa"	"Basona_Werana"	"Angolela"	29	806	"Teff"	"Midslope"	0.0	70	0	5	1	3	1.8	20.0	1.0	0.25	0.0625	1.0	0.0	1.0	0.0	0.0	0.0	1	1	0	1	176.0	34.0	30976.0	5984.0	0.0	176.0	0.0	22.8	51236	17.7	14.1	202	6.0	34.4	26.19	39.7	739.1834	1.3428823	6.605546			43.0		45.0	114.67	53.46	46.65	0.47		2000.0
"Amhara"	"North_Shewa"	"Basona_Werana"	"Angolela"	29	807	"Wheat"	"Midslope"	1.0	55	7	4	1	7	3.6	20.0	1.0	0.5	0.25	1.0	0.0	1.0	1.0	0.0	1.0	1	1	0	1	122.0	68.0	14884.0	8296.0	0.0	122.0	0.0	22.8	51236	17.7	14.1	202	6.0	34.4	26.19	39.7	739.1834	1.3428823	6.605546			47.6		56.0	114.67	53.46	46.65		0.41	2000.0
"Amhara"	"North_Shewa"	"Basona_Werana"	"Angolela"	29	889	"Wheat"	"Footslope"	0.0	34	10	19	1	3	1.8	20.0	1.0	0.5	0.25	1.0	0.0	1.0	0.0	0.0	1.0	1	1	0	1	97.5	25.5	9506.25	2486.25	97.5	0.0	0.0	22.8	51236	17.7	14.1	202	6.0	34.4	26.19	39.7	739.1834	1.3428823	6.605546			40.0		40.0	114.67	53.46	46.65		0.41	2000.0
"Amhara"	"North_Shewa"	"Basona_Werana"	"Angolela"	29	912	"Wheat"	"Hillslope"	1.0	60	0	4	1	8	4.1	20.0	1.0	0.25	0.0625	1.0	0.0	1.0	1.0	0.0	0.0	1	1	0	1	222.0	34.0	49284.0	7548.0	0.0	0.0	222.0	22.8	51236	17.7	14.1	202	6.0	34.4	26.19	39.7	739.1834	1.3428823	6.605546			37.2		42.0	114.67	53.46	46.65		0.41	32.0
"Amhara"	"North_Shewa"	"Basona_Werana"	"Angolela"	29	890	"Wheat"	"Midslope"	1.0	37	3	22	1	4	2.1	20.0	0.0	0.25	0.0625	1.0	0.0	0.0	0.0	0.0	1.0	1	1	0	1	46.0	0.0	2116.0	0.0	0.0	46.0	0.0	22.8	51236	17.7	14.1	202	6.0	34.4	26.19	39.7	739.1834	1.3428823	6.605546					38.84	114.67	53.46	46.65		0.41	1000.0
"Amhara"	"North_Shewa"	"Basona_Werana"	"Angolela"	29	811	"Wheat"	"Footslope"	1.0	19	9	5	0	5	2.6	20.0	1.0	0.25	0.0625	1.0	1.0	0.0	1.0	0.0	1.0	1	1	0	1	260.0	68.0	67600.0	17680.0	260.0	0.0	0.0	22.8	51236	17.7	14.1	202	6.0	34.4	26.19	39.7	739.1834	1.3428823	6.605546			46.0		47.0	114.67	53.46	46.65		0.41	2800.0
"Amhara"	"North_Shewa"	"Basona_Werana"	"Angolela"	29	811	"Teff"	"Footslope"	1.0	19	9	5	0	5	2.6	20.0	1.0	0.75	0.5625	1.0	0.0	0.0	0.0	0.0	0.0	1	1	0	1	99.333336	34.0	9867.111	3377.3335	99.333336	0.0	0.0	22.8	51236	17.7	14.1	202	6.0	34.4	26.19	39.7	739.1834	1.3428823	6.605546			30.666666		47.0	114.67	53.46	46.65	0.47		1466.6666
"Amhara"	"North_Shewa"	"Basona_Werana"	"Angolela"	29	890	"Teff"	"Footslope"	1.0	37	3	22	1	4	2.1	20.0	0.0	0.125	0.015625	1.0	0.0	0.0	0.0	0.0	0.0	1	1	0	1	119.2	40.8	14208.64	4863.36	119.2	0.0	0.0	22.8	51236	17.7	14.1	202	6.0	34.4	26.19	39.7	739.1834	1.3428823	6.605546			37.44		48.84	114.67	53.46	46.65	0.47		800.0
"Amhara"	"North_Shewa"	"Basona_Werana"	"Angolela"	29	806	"Wheat"	"Midslope"	0.0	70	0	5	1	3	1.8	20.0	1.0	0.25	0.0625	1.0	0.0	1.0	0.0	0.0	1.0	1	1	0	1	176.0	34.0	30976.0	5984.0	0.0	176.0	0.0	22.8	51236	17.7	14.1	202	6.0	34.4	26.19	39.7	739.1834	1.3428823	6.605546			43.0		45.0	114.67	53.46	46.65		0.41	4000.0
"Amhara"	"North_Shewa"	"Basona_Werana"	"Angolela"	29	1019	"Teff"	"Midslope"	0.0	39	6	4	1	5	2.6	20.0	0.0	0.25	0.0625	1.0	0.0	1.0	0.0	0.0	0.0	1	1	0	1	168.0	68.0	28224.0	11424.0	0.0	168.0	0.0	22.8	51236	17.7	14.1	202	6.0	34.4	26.19	39.7	739.1834	1.3428823	6.605546			50.0		49.0	114.67	53.46	46.65	0.47		1800.0
"Amhara"	"North_Shewa"	"Basona_Werana"	"Angolela"	29	816	"Teff"	"Midslope"	1.0	25	4	40	1	3	2.0	20.0	1.0	0.25	0.0625	1.0	0.0	1.0	0.0	0.0	0.0	1	1	0	1	168.0	68.0	28224.0	11424.0	0.0	168.0	0.0	22.8	51236	17.7	14.1	202	6.0	34.4	26.19	39.7	739.1834	1.3428823	6.605546			48.0		48.0	114.67	53.46	46.65	0.47		800.0
"Amhara"	"North_Shewa"	"Basona_Werana"	"Angolela"	29	1019	"Wheat"	"Midslope"	0.0	39	6	4	1	5	2.6	20.0	0.0	0.5	0.25	1.0	0.0	1.0	1.0	0.0	0.0	1	1	0	1	84.0	34.0	7056.0	2856.0	0.0	84.0	0.0	22.8	51236	17.7	14.1	202	6.0	34.4	26.19	39.7	739.1834	1.3428823	6.605546			50.0		49.0	114.67	53.46	46.65		0.41	700.0
"Amhara"	"North_Shewa"	"Basona_Werana"	"Angolela"	29	807	"Teff"	"Midslope"	1.0	55	7	4	1	7	3.6	20.0	1.0	0.25	0.0625	1.0	0.0	1.0	0.0	0.0	0.0	1	1	0	1	149.0	51.0	22201.0	7599.0	0.0	149.0	0.0	22.8	51236	17.7	14.1	202	6.0	34.4	26.19	39.7	739.1834	1.3428823	6.605546			47.6		48.4	114.67	53.46	46.65	0.47		2400.0
"Amhara"	"North_Shewa"	"Basona_Werana"	"Angolela"	29	912	"Teff"	"Footslope"	1.0	60	0	4	1	8	4.1	20.0	1.0	0.5	0.25	1.0	0.0	1.0	0.0	0.0	0.0	1	1	0	1	19.92	17.0	396.8064	338.64	19.92	0.0	0.0	22.8	51236	17.7	14.1	202	6.0	34.4	26.19	39.7	739.1834	1.3428823	6.605546			37.2		75.0	114.67	53.46	46.65	0.47		2000.0
"Amhara"	"North_Shewa"	"Basona_Werana"	"Angolela"	29	911	"Teff"	"Hillslope"	1.0	50	0	2	1	3	1.8	20.0	1.0	0.25	0.0625	1.0	0.0	1.0	1.0	0.0	0.0	1	1	0	1	84.0	34.0	7056.0	2856.0	0.0	0.0	84.0	22.8	51236	17.7	14.1	202	6.0	34.4	26.19	39.7	739.1834	1.3428823	6.605546			36.4		44.0	114.67	53.46	46.65	0.47		1000.0
"Southern_Nations,_Nationalities_and_Peoples"	"Hadiya"	"Anlemo"	"Ento"	30	34	"Teff"	"Footslope"	1.0	40	5	20	1	4	2.5	50.0	1.0	0.75	0.5625	1.0	0.0	1.0	1.0	0.0	0.0	1	1	0	0	86.666664	22.666666	7511.111	1964.4443	86.666664	0.0	0.0	21.3	28757	19.2	12.3	241	5.97	38.8	27.35	36.2	678.2572	2.211503	6.5195265			4.0		40.0	122.76	54.66	47.98	0.45		933.3333
"Southern_Nations,_Nationalities_and_Peoples"	"Hadiya"	"Anlemo"	"Ento"	30	35	"Teff"	"Footslope"	0.0	35	8	8	1	5	2.4	50.0	1.0	0.125	0.015625	1.0	0.0	0.0	0.0	0.0	0.0	1	1	0	0	260.0	68.0	67600.0	17680.0	260.0	0.0	0.0	21.3	28757	19.2	12.3	241	5.97	38.8	27.35	36.2	678.2572	2.211503	6.5195265			40.0		40.0	122.76	54.66	47.98	0.45		800.0
"Southern_Nations,_Nationalities_and_Peoples"	"Hadiya"	"Anlemo"	"Ento"	30	32	"Teff"	"Footslope"	0.0	38	8	20	1	5	3.0	50.0	0.0	1.0	1.0	1.0	0.0	0.0	0.0	0.0	0.0	1	1	0	0	47.4	13.6	2246.7603	644.64	47.4	0.0	0.0	21.3	28757	19.2	12.3	241	5.97	38.8	27.35	36.2	678.2572	2.211503	6.5195265			38.0		39.0	122.76	54.66	47.98	0.45		450.0
"Southern_Nations,_Nationalities_and_Peoples"	"Hadiya"	"Anlemo"	"Ento"	30	91	"Teff"	"Footslope"	1.0	50	9	35	1	5	3.0	50.0	1.0	0.5	0.25	1.0	0.0	0.0	0.0	0.0	0.0	1	1	0	0	65.0	17.0	4225.0	1105.0	65.0	0.0	0.0	21.3	28757	19.2	12.3	241	5.97	38.8	27.35	36.2	678.2572	2.211503	6.5195265			38.0		38.0	122.76	54.66	47.98	0.45		300.0
"Southern_Nations,_Nationalities_and_Peoples"	"Hadiya"	"Anlemo"	"Ento"	30	34	"Teff"	"Footslope"	1.0	40	5	20	1	4	2.5	50.0	1.0	0.25	0.0625	1.0	0.0	1.0	0.0	0.0	0.0	1	1	0	0	111.0	17.0	12321.0	1887.0	111.0	0.0	0.0	21.3	28757	19.2	12.3	241	5.97	38.8	27.35	36.2	678.2572	2.211503	6.5195265			80.0		40.0	122.76	54.66	47.98	0.45		400.0
"Southern_Nations,_Nationalities_and_Peoples"	"Hadiya"	"Anlemo"	"Ento"	30	35	"Teff"	"Footslope"	0.0	35	8	8	1	5	2.4	50.0	1.0	0.125	0.015625	1.0	0.0	1.0	1.0	0.0	0.0	1	1	0	0	260.0	68.0	67600.0	17680.0	260.0	0.0	0.0	21.3	28757	19.2	12.3	241	5.97	38.8	27.35	36.2	678.2572	2.211503	6.5195265			40.0		40.0	122.76	54.66	47.98	0.45		1200.0
"Southern_Nations,_Nationalities_and_Peoples"	"Hadiya"	"Anlemo"	"Ento"	30	30	"Teff"	"Footslope"	1.0	58	4	40	1	8	3.9	50.0	1.0	0.75	0.5625	1.0	0.0	0.0	0.0	0.0	0.0	1	1	0	0	43.333332	11.333333	1877.7777	491.11108	43.333332	0.0	0.0	21.3	28757	19.2	12.3	241	5.97	38.8	27.35	36.2	678.2572	2.211503	6.5195265			38.0		38.0	122.76	54.66	47.98	0.45		400.0
"Southern_Nations,_Nationalities_and_Peoples"	"Hadiya"	"Anlemo"	"Ento"	30	91	"Teff"	"Footslope"	1.0	50	9	35	1	5	3.0	50.0	0.0	1.0	1.0	1.0	0.0	0.0	0.0	0.0	0.0	1	1	0	0	32.5	8.5	1056.25	276.25	32.5	0.0	0.0	21.3	28757	19.2	12.3	241	5.97	38.8	27.35	36.2	678.2572	2.211503	6.5195265			38.0		38.0	122.76	54.66	47.98	0.45		100.0
"Southern_Nations,_Nationalities_and_Peoples"	"Hadiya"	"Anlemo"	"Ento"	30	77	"Teff"	"Footslope"	1.0	35	6	20	0	7	3.4	50.0	1.0	0.75	0.5625	1.0	0.0	1.0	0.0	0.0	0.0	1	1	0	0	43.333332	11.333333	1877.7777	491.11108	43.333332	0.0	0.0	21.3	28757	19.2	12.3	241	5.97	38.8	27.35	36.2	678.2572	2.211503	6.5195265			42.0		44.0	122.76	54.66	47.98	0.45		666.6667
"Southern_Nations,_Nationalities_and_Peoples"	"Hadiya"	"Anlemo"	"Ento"	30	31	"Teff"	"Footslope"	1.0	30	12	11	1	5	2.8	50.0	1.0	1.0	1.0	1.0	0.0	0.0	0.0	0.0	0.0	1	1	0	0	42.0	17.0	1764.0	714.0	42.0	0.0	0.0	21.3	28757	19.2	12.3	241	5.97	38.8	27.35	36.2	678.2572	2.211503	6.5195265			38.0		38.0	122.76	54.66	47.98	0.45		300.0
"Southern_Nations,_Nationalities_and_Peoples"	"Hadiya"	"Anlemo"	"Ento"	30	32	"Teff"	"Footslope"	0.0	38	8	20	1	5	3.0	50.0	1.0	0.5	0.25	1.0	0.0	1.0	0.0	0.0	0.0	1	1	0	0	79.6	13.6	6336.1597	1082.56	79.6	0.0	0.0	21.3	28757	19.2	12.3	241	5.97	38.8	27.35	36.2	678.2572	2.211503	6.5195265			38.0		38.0	122.76	54.66	47.98	0.45		300.0
"Southern_Nations,_Nationalities_and_Peoples"	"Hadiya"	"Anlemo"	"Ento"	30	85	"Teff"	"Midslope"	1.0	45	3	10	1	10	4.5	50.0	1.0	1.0	1.0	1.0	0.0	0.0	0.0	0.0	0.0	1	1	0	0	65.0	17.0	4225.0	1105.0	0.0	65.0	0.0	21.3	28757	19.2	12.3	241	5.97	38.8	27.35	36.2	678.2572	2.211503	6.5195265			9.0		45.0	122.76	54.66	47.98	0.45		700.0
"Southern_Nations,_Nationalities_and_Peoples"	"Hadiya"	"Anlemo"	"Ento"	30	151	"Teff"	"Footslope"	0.0	36	0	15	0	8	3.7	50.0	0.0	0.25	0.0625	1.0	0.0	1.0	0.0	0.0	0.0	1	1	0	0	130.0	34.0	16900.0	4420.0	130.0	0.0	0.0	21.3	28757	19.2	12.3	241	5.97	38.8	27.35	36.2	678.2572	2.211503	6.5195265			38.0		42.0	122.76	54.66	47.98	0.45		4.0
"Amhara"	"North_Shewa"	"Merhabete"	"Harogenda"	31	997	"Sorghum"	"Footslope"	1.0	43	5	25	1	6	2.9	30.0	0.0	1.0	1.0	0.0	0.0	0.0	0.0	0.0	0.0	0	1	0	0	0.0	0.0	0.0	0.0	0.0	0.0	0.0	24.2	4765	11.9	12.0	172	6.91	39.7	24.92	33.2	793.62885	1.5778887	6.6766157						114.67	53.46	46.65			400.0
"Amhara"	"North_Shewa"	"Merhabete"	"Harogenda"	31	584	"Teff"	"Hillslope"	1.0	55	0	40	1	5	3.0	30.0	1.0	0.5	0.25	1.0	0.0	0.0	0.0	0.0	0.0	1	1	0	1	57.0	51.0	3249.0	2907.0	0.0	0.0	57.0	24.2	4765	11.9	12.0	172	6.91	39.7	24.92	33.2	793.62885	1.5778887	6.6766157			32.766666			114.67	53.46	46.65	0.47		600.0
"Amhara"	"North_Shewa"	"Merhabete"	"Harogenda"	31	547	"Sorghum"	"Hillslope"	1.0	33	0	20	1	4	2.1	30.0	0.0	1.0	1.0	1.0	0.0	0.0	0.0	0.0	0.0	1	1	0	0	46.0	0.0	2116.0	0.0	0.0	0.0	46.0	24.2	4765	11.9	12.0	172	6.91	39.7	24.92	33.2	793.62885	1.5778887	6.6766157					40.34	114.67	53.46	46.65			1000.0
"Amhara"	"North_Shewa"	"Merhabete"	"Harogenda"	31	998	"Teff"	"Footslope"	1.0	45	0	35	1	6	2.7	30.0	1.0	0.25	0.0625	1.0	0.0	0.0	1.0	0.0	0.0	1	1	0	0	168.0	68.0	28224.0	11424.0	168.0	0.0	0.0	24.2	4765	11.9	12.0	172	6.91	39.7	24.92	33.2	793.62885	1.5778887	6.6766157			40.0		40.0	114.67	53.46	46.65	0.47		800.0
"Amhara"	"North_Shewa"	"Merhabete"	"Harogenda"	31	998	"Teff"	"Midslope"	1.0	45	0	35	1	6	2.7	30.0	1.0	0.5	0.25	1.0	0.0	0.0	1.0	0.0	0.0	1	1	0	0	149.0	51.0	22201.0	7599.0	0.0	149.0	0.0	24.2	4765	11.9	12.0	172	6.91	39.7	24.92	33.2	793.62885	1.5778887	6.6766157			40.0		40.0	114.67	53.46	46.65	0.47		1000.0
"Amhara"	"North_Shewa"	"Merhabete"	"Harogenda"	31	571	"Teff"	"Midslope"	1.0	46	0	28	1	5	2.8	30.0	1.0	0.5	0.25	1.0	0.0	0.0	1.0	0.0	0.0	1	1	0	1	84.0	34.0	7056.0	2856.0	0.0	84.0	0.0	24.2	4765	11.9	12.0	172	6.91	39.7	24.92	33.2	793.62885	1.5778887	6.6766157			32.77		40.34	114.67	53.46	46.65	0.47		600.0
"Amhara"	"North_Shewa"	"Merhabete"	"Harogenda"	31	616	"Teff"	"Footslope"	1.0	32	0	15	1	5	2.4	30.0	1.0	0.5	0.25	1.0	0.0	0.0	1.0	0.0	0.0	1	1	0	0	19.0	17.0	361.0	323.0	19.0	0.0	0.0	24.2	4765	11.9	12.0	172	6.91	39.7	24.92	33.2	793.62885	1.5778887	6.6766157			32.78			114.67	53.46	46.65	0.47		400.0
"Amhara"	"North_Shewa"	"Merhabete"	"Harogenda"	31	571	"Teff"	"Footslope"	1.0	46	0	28	1	5	2.8	30.0	1.0	0.5	0.25	1.0	0.0	0.0	1.0	0.0	0.0	1	1	0	0	93.5	42.5	8742.25	3973.75	93.5	0.0	0.0	24.2	4765	11.9	12.0	172	6.91	39.7	24.92	33.2	793.62885	1.5778887	6.6766157			32.16		40.34	114.67	53.46	46.65	0.47		800.0
"Amhara"	"North_Shewa"	"Merhabete"	"Harogenda"	31	584	"Teff"	"Footslope"	1.0	55	0	40	1	5	3.0	30.0	1.0	0.75	0.5625	1.0	0.0	0.0	0.0	0.0	0.0	1	1	0	1	25.333334	22.666666	641.77783	574.2222	25.333334	0.0	0.0	24.2	4765	11.9	12.0	172	6.91	39.7	24.92	33.2	793.62885	1.5778887	6.6766157			32.77			114.67	53.46	46.65	0.47		1066.6666
"Amhara"	"North_Shewa"	"Merhabete"	"Harogenda"	31	998	"Teff"	"Midslope"	1.0	45	0	35	1	6	2.7	30.0	1.0	0.5	0.25	1.0	0.0	0.0	1.0	0.0	0.0	1	1	0	0	65.0	17.0	4225.0	1105.0	0.0	65.0	0.0	24.2	4765	11.9	12.0	172	6.91	39.7	24.92	33.2	793.62885	1.5778887	6.6766157			40.0		40.0	114.67	53.46	46.65	0.47		600.0
"Amhara"	"North_Shewa"	"Merhabete"	"Harogenda"	31	598	"Teff"	"Footslope"	1.0	39	0	21	0	8	3.3	30.0	1.0	1.0	1.0	0.0	0.0	0.0	0.0	0.0	0.0	1	1	0	1	0.0	0.0	0.0	0.0	0.0	0.0	0.0	24.2	4765	11.9	12.0	172	6.91	39.7	24.92	33.2	793.62885	1.5778887	6.6766157						114.67	53.46	46.65	0.47		1250.0
"Amhara"	"North_Shewa"	"Merhabete"	"Harogenda"	31	597	"Teff"	"Midslope"	1.0	58	5	29	1	7	3.6	30.0	1.0	0.5	0.25	1.0	0.0	0.0	1.0	0.0	0.0	1	1	0	1	95.0	85.0	9025.0	8075.0	0.0	95.0	0.0	24.2	4765	11.9	12.0	172	6.91	39.7	24.92	33.2	793.62885	1.5778887	6.6766157			44.0			114.67	53.46	46.65	0.47		600.0
"Amhara"	"North_Shewa"	"Merhabete"	"Harogenda"	31	583	"Sorghum"	"Midslope"	1.0	38	0	14	1	6	2.9	30.0	1.0	1.0	1.0	1.0	0.0	0.0	0.0	0.0	0.0	1	1	0	0	53.5	17.0	2862.25	909.5	0.0	53.5	0.0	24.2	4765	11.9	12.0	172	6.91	39.7	24.92	33.2	793.62885	1.5778887	6.6766157			32.77		40.333332	114.67	53.46	46.65			1400.0
"Amhara"	"North_Shewa"	"Merhabete"	"Harogenda"	31	571	"Sorghum"	"Midslope"	1.0	46	0	28	1	5	2.8	30.0	1.0	0.5	0.25	1.0	0.0	0.0	0.0	0.0	0.0	0	1	0	0	69.0	0.0	4761.0	0.0	0.0	69.0	0.0	24.2	4765	11.9	12.0	172	6.91	39.7	24.92	33.2	793.62885	1.5778887	6.6766157					24.95	114.67	53.46	46.65			2000.0
"Amhara"	"North_Shewa"	"Merhabete"	"Harogenda"	31	997	"Teff"	"Midslope"	1.0	43	5	25	1	6	2.9	30.0	0.0	1.0	1.0	1.0	0.0	0.0	1.0	0.0	0.0	1	1	0	0	18.7	8.5	349.69003	158.95001	0.0	18.7	0.0	24.2	4765	11.9	12.0	172	6.91	39.7	24.92	33.2	793.62885	1.5778887	6.6766157			40.0		40.0	114.67	53.46	46.65	0.47		700.0
"Amhara"	"North_Shewa"	"Merhabete"	"Harogenda"	31	997	"Sorghum"	"Hillslope"	1.0	43	5	25	1	6	2.9	30.0	0.0	2.0	4.0	1.0	0.0	0.0	0.0	0.0	0.0	0	0	0	0	17.25	0.0	297.5625	0.0	0.0	0.0	17.25	24.2	4765	11.9	12.0	172	6.91	39.7	24.92	33.2	793.62885	1.5778887	6.6766157					40.0	114.67	53.46	46.65			300.0
"Amhara"	"North_Shewa"	"Merhabete"	"Harogenda"	31	598	"Sorghum"	"Midslope"	1.0	39	0	21	0	8	3.3	30.0	0.0	0.25	0.0625	1.0	0.0	0.0	0.0	0.0	0.0	0	1	0	1	130.0	34.0	16900.0	4420.0	0.0	130.0	0.0	24.2	4765	11.9	12.0	172	6.91	39.7	24.92	33.2	793.62885	1.5778887	6.6766157			49.6		42.72	114.67	53.46	46.65			4400.0
"Amhara"	"North_Shewa"	"Merhabete"	"Harogenda"	31	598	"Teff"	"Midslope"	1.0	39	0	21	0	8	3.3	30.0	1.0	0.25	0.0625	1.0	1.0	0.0	0.0	0.0	0.0	1	1	0	1	38.0	34.0	1444.0	1292.0	0.0	38.0	0.0	24.2	4765	11.9	12.0	172	6.91	39.7	24.92	33.2	793.62885	1.5778887	6.6766157			57.4			114.67	53.46	46.65	0.47		800.0
"Amhara"	"North_Shewa"	"Merhabete"	"Harogenda"	31	597	"Sorghum"	"Midslope"	1.0	58	5	29	1	7	3.6	30.0	1.0	1.25	1.5625	1.0	0.0	0.0	0.0	0.0	0.0	1	1	0	1	18.4	0.0	338.56	0.0	0.0	18.4	0.0	24.2	4765	11.9	12.0	172	6.91	39.7	24.92	33.2	793.62885	1.5778887	6.6766157					47.0	114.67	53.46	46.65			600.0
"Amhara"	"North_Shewa"	"Merhabete"	"Harogenda"	31	547	"Teff"	"Footslope"	1.0	33	0	20	1	4	2.1	30.0	0.0	0.25	0.0625	1.0	1.0	1.0	1.0	0.0	0.0	1	1	0	0	130.0	34.0	16900.0	4420.0	130.0	0.0	0.0	24.2	4765	11.9	12.0	172	6.91	39.7	24.92	33.2	793.62885	1.5778887	6.6766157			32.77		40.34	114.67	53.46	46.65	0.47		1200.0
"Amhara"	"North_Shewa"	"Merhabete"	"Harogenda"	31	571	"Teff"	"Footslope"	1.0	46	0	28	1	5	2.8	30.0	1.0	0.5	0.25	1.0	0.0	0.0	1.0	0.0	0.0	1	1	0	1	51.5	25.5	2652.25	1313.25	51.5	0.0	0.0	24.2	4765	11.9	12.0	172	6.91	39.7	24.92	33.2	793.62885	1.5778887	6.6766157			32.746666		40.32	114.67	53.46	46.65	0.47		600.0
"Amhara"	"North_Shewa"	"Merhabete"	"Harogenda"	31	597	"Teff"	"Midslope"	1.0	58	5	29	1	7	3.6	30.0	1.0	0.25	0.0625	1.0	0.0	0.0	1.0	0.0	0.0	1	1	0	1	168.0	68.0	28224.0	11424.0	0.0	168.0	0.0	24.2	4765	11.9	12.0	172	6.91	39.7	24.92	33.2	793.62885	1.5778887	6.6766157			48.5		47.0	114.67	53.46	46.65	0.47		1600.0
"Amhara"	"North_Shewa"	"Merhabete"	"Harogenda"	31	997	"Teff"	"Midslope"	1.0	43	5	25	1	6	2.9	30.0	0.0	1.0	1.0	1.0	0.0	0.0	1.0	0.0	0.0	1	1	0	0	14.1	8.5	198.81001	119.850006	0.0	14.1	0.0	24.2	4765	11.9	12.0	172	6.91	39.7	24.92	33.2	793.62885	1.5778887	6.6766157			40.0		40.0	114.67	53.46	46.65	0.47		300.0
"Amhara"	"North_Shewa"	"Merhabete"	"Harogenda"	31	583	"Teff"	"Footslope"	1.0	38	0	14	1	6	2.9	30.0	1.0	0.5	0.25	1.0	1.0	1.0	0.0	0.0	0.0	1	1	0	1	61.0	34.0	3721.0	2074.0	61.0	0.0	0.0	24.2	4765	11.9	12.0	172	6.91	39.7	24.92	33.2	793.62885	1.5778887	6.6766157			32.77		40.32	114.67	53.46	46.65	0.47		1200.0
"Amhara"	"North_Shewa"	"Merhabete"	"Harogenda"	31	616	"Teff"	"Footslope"	1.0	32	0	15	1	5	2.4	30.0	1.0	0.75	0.5625	1.0	0.0	0.0	1.0	0.0	0.0	1	1	0	0	25.333334	22.666666	641.77783	574.2222	25.333334	0.0	0.0	24.2	4765	11.9	12.0	172	6.91	39.7	24.92	33.2	793.62885	1.5778887	6.6766157			32.7723			114.67	53.46	46.65	0.47		666.6667
"Amhara"	"North_Shewa"	"Merhabete"	"Harogenda"	31	616	"Sorghum"	"Midslope"	1.0	32	0	15	1	5	2.4	30.0	1.0	0.75	0.5625	1.0	0.0	0.0	0.0	0.0	0.0	0	1	0	1	12.666667	11.333333	160.44446	143.55556	0.0	12.666667	0.0	24.2	4765	11.9	12.0	172	6.91	39.7	24.92	33.2	793.62885	1.5778887	6.6766157			32.78			114.67	53.46	46.65			2666.6667
"Amhara"	"North_Shewa"	"Merhabete"	"Harogenda"	31	998	"Sorghum"	"Midslope"	1.0	45	0	35	1	6	2.7	30.0	0.0	1.25	1.5625	1.0	0.0	0.0	0.0	0.0	1.0	1	1	0	0	33.6	13.6	1128.9598	456.96	0.0	33.6	0.0	24.2	4765	11.9	12.0	172	6.91	39.7	24.92	33.2	793.62885	1.5778887	6.6766157			40.0		40.0	114.67	53.46	46.65			960.0
"Amhara"	"North_Shewa"	"Merhabete"	"Harogenda"	31	547	"Teff"	"Midslope"	1.0	33	0	20	1	4	2.1	30.0	0.0	1.0	1.0	1.0	0.0	1.0	1.0	0.0	0.0	1	1	0	0	74.5	25.5	5550.25	1899.75	0.0	74.5	0.0	24.2	4765	11.9	12.0	172	6.91	39.7	24.92	33.2	793.62885	1.5778887	6.6766157			32.666668		40.34	114.67	53.46	46.65	0.47		1000.0
"Amhara"	"North_Shewa"	"Merhabete"	"Harogenda"	31	583	"Sorghum"	"Midslope"	1.0	38	0	14	1	6	2.9	30.0	1.0	0.25	0.0625	1.0	0.0	0.0	0.0	0.0	0.0	1	1	0	1	37.4	17.0	1398.7601	635.80005	0.0	37.4	0.0	24.2	4765	11.9	12.0	172	6.91	39.7	24.92	33.2	793.62885	1.5778887	6.6766157			32.76		43.4	114.67	53.46	46.65			1600.0
"Amhara"	"North_Shewa"	"Merhabete"	"Harogenda"	31	597	"Teff"	"Footslope"	1.0	58	5	29	1	7	3.6	30.0	1.0	0.5	0.25	1.0	0.0	0.0	1.0	0.0	0.0	1	1	0	1	42.0	17.0	1764.0	714.0	42.0	0.0	0.0	24.2	4765	11.9	12.0	172	6.91	39.7	24.92	33.2	793.62885	1.5778887	6.6766157			49.0		74.0	114.67	53.46	46.65	0.47		800.0
"Amhara"	"North_Shewa"	"Merhabete"	"Harogenda"	31	584	"Sorghum"	"Footslope"	1.0	55	0	40	1	5	3.0	30.0	1.0	1.0	1.0	1.0	0.0	0.0	0.0	0.0	0.0	1	1	0	1	42.0	17.0	1764.0	714.0	42.0	0.0	0.0	24.2	4765	11.9	12.0	172	6.91	39.7	24.92	33.2	793.62885	1.5778887	6.6766157			32.77		40.34	114.67	53.46	46.65			1000.0
"Amhara"	"North_Shewa"	"Merhabete"	"Harogenda"	31	597	"Teff"	"Midslope"	1.0	58	5	29	1	7	3.6	30.0	1.0	1.25	1.5625	1.0	0.0	0.0	0.0	0.0	0.0	1	1	0	1	41.2	20.4	1697.4401	840.48	0.0	41.2	0.0	24.2	4765	11.9	12.0	172	6.91	39.7	24.92	33.2	793.62885	1.5778887	6.6766157			38.533333		47.0	114.67	53.46	46.65	0.47		960.0
"Amhara"	"North_Shewa"	"Basona_Werana"	"Goshebado"	32	532	"Wheat"	"Midslope"	1.0	45	10	4	1	6	2.9	3.0	1.0	0.5	0.25	1.0	0.0	1.0	1.0	0.0	1.0	1	1	0	1	84.0	34.0	7056.0	2856.0	0.0	84.0	0.0	25.6	8160	14.5	12.1	209	6.51	31.6	26.91	41.6	712.178	1.4266318	6.568328			48.1924		24.95	114.67	53.46	46.65		0.41	30.0
"Amhara"	"North_Shewa"	"Basona_Werana"	"Goshebado"	32	587	"Teff"	"Footslope"	1.0	60	4	46	1	6	3.3	3.0	1.0	0.125	0.015625	1.0	0.0	0.0	1.0	0.0	0.0	1	1	0	1	222.0	34.0	49284.0	7548.0	222.0	0.0	0.0	25.6	8160	14.5	12.1	209	6.51	31.6	26.91	41.6	712.178	1.4266318	6.568328			48.2		49.96	114.67	53.46	46.65	0.47		1600.0
"Amhara"	"North_Shewa"	"Basona_Werana"	"Goshebado"	32	482	"Wheat"	"Midslope"	1.0	45	5	30	1	2	1.5	3.0	0.0	0.5	0.25	1.0	0.0	0.0	1.0	1.0	0.0	1	1	0	0	111.0	17.0	12321.0	1887.0	0.0	111.0	0.0	25.6	8160	14.5	12.1	209	6.51	31.6	26.91	41.6	712.178	1.4266318	6.568328			48.0		48.0	114.67	53.46	46.65		0.41	2200.0
"Amhara"	"North_Shewa"	"Basona_Werana"	"Goshebado"	32	612	"Teff"	"Footslope"	1.0	50	8	30	1	4	2.5	3.0	1.0	0.125	0.015625	1.0	0.0	1.0	0.0	0.0	0.0	1	1	0	1	130.0	34.0	16900.0	4420.0	130.0	0.0	0.0	25.6	8160	14.5	12.1	209	6.51	31.6	26.91	41.6	712.178	1.4266318	6.568328			36.0		40.0	114.67	53.46	46.65	0.47		1600.0
"Amhara"	"North_Shewa"	"Basona_Werana"	"Goshebado"	32	485	"Wheat"	"Midslope"	1.0	26	9	10	1	3	1.8	3.0	0.0	0.5	0.25	1.0	1.0	1.0	1.0	0.0	0.0	1	1	0	0	64.7	8.5	4186.09	549.94995	0.0	64.7	0.0	25.6	8160	14.5	12.1	209	6.51	31.6	26.91	41.6	712.178	1.4266318	6.568328			49.0		48.333332	114.67	53.46	46.65		0.41	1400.0
"Amhara"	"North_Shewa"	"Basona_Werana"	"Goshebado"	32	487	"Wheat"	"Midslope"	1.0	39	1	20	1	6	3.5	3.0	1.0	0.25	0.0625	1.0	0.0	0.0	0.0	0.0	1.0	1	1	0	1	195.0	51.0	38025.0	9945.0	0.0	195.0	0.0	25.6	8160	14.5	12.1	209	6.51	31.6	26.91	41.6	712.178	1.4266318	6.568328			48.0		33.333332	114.67	53.46	46.65		0.41	32.0
"Amhara"	"North_Shewa"	"Basona_Werana"	"Goshebado"	32	487	"Teff"	"Midslope"	1.0	39	1	20	1	6	3.5	3.0	1.0	0.125	0.015625	1.0	0.0	0.0	0.0	0.0	0.0	1	1	0	1	260.0	68.0	67600.0	17680.0	0.0	260.0	0.0	25.6	8160	14.5	12.1	209	6.51	31.6	26.91	41.6	712.178	1.4266318	6.568328			34.0		40.0	114.67	53.46	46.65	0.47		24.0
"Amhara"	"North_Shewa"	"Basona_Werana"	"Goshebado"	32	588	"Wheat"	"Footslope"	0.0	46	6	6	1	9	4.6	3.0	1.0	0.25	0.0625	1.0	0.0	1.0	1.0	0.0	1.0	1	1	0	1	352.0	68.0	123904.0	23936.0	352.0	0.0	0.0	25.6	8160	14.5	12.1	209	6.51	31.6	26.91	41.6	712.178	1.4266318	6.568328			42.45		48.666668	114.67	53.46	46.65		0.41	4000.0
"Amhara"	"North_Shewa"	"Basona_Werana"	"Goshebado"	32	532	"Wheat"	"Midslope"	1.0	45	10	4	1	6	2.9	3.0	1.0	0.25	0.0625	1.0	0.0	1.0	1.0	0.0	1.0	1	1	0	0	130.0	34.0	16900.0	4420.0	0.0	130.0	0.0	25.6	8160	14.5	12.1	209	6.51	31.6	26.91	41.6	712.178	1.4266318	6.568328			24.1		24.95	114.67	53.46	46.65		0.41	32.0
"Amhara"	"North_Shewa"	"Basona_Werana"	"Goshebado"	32	588	"Wheat"	"Midslope"	0.0	46	6	6	1	9	4.6	3.0	0.0	0.25	0.0625	1.0	0.0	1.0	1.0	0.0	1.0	1	1	0	1	352.0	68.0	123904.0	23936.0	0.0	352.0	0.0	25.6	8160	14.5	12.1	209	6.51	31.6	26.91	41.6	712.178	1.4266318	6.568328			42.45		48.666668	114.67	53.46	46.65		0.41	3600.0
"Amhara"	"North_Shewa"	"Basona_Werana"	"Goshebado"	32	612	"Wheat"	"Midslope"	1.0	50	8	30	1	4	2.5	3.0	1.0	0.375	0.140625	1.0	0.0	1.0	1.0	0.0	1.0	1	1	0	1	71.333336	22.666666	5088.445	1616.8889	0.0	71.333336	0.0	25.6	8160	14.5	12.1	209	6.51	31.6	26.91	41.6	712.178	1.4266318	6.568328			38.0		40.0	114.67	53.46	46.65		0.41	1866.6666
"Amhara"	"North_Shewa"	"Basona_Werana"	"Goshebado"	32	587	"Teff"	"Midslope"	1.0	60	4	46	1	6	3.3	3.0	0.0	0.25	0.0625	1.0	0.0	0.0	1.0	0.0	1.0	1	1	0	1	70.4	13.6	4956.16	957.44006	0.0	70.4	0.0	25.6	8160	14.5	12.1	209	6.51	31.6	26.91	41.6	712.178	1.4266318	6.568328			48.25		49.5	114.67	53.46	46.65	0.47		1400.0
"Amhara"	"North_Shewa"	"Basona_Werana"	"Goshebado"	32	621	"Teff"	"Midslope"	1.0	52	10	38	1	5	2.8	3.0	1.0	0.25	0.0625	1.0	0.0	1.0	0.0	0.0	1.0	1	1	0	1	37.4	17.0	1398.7601	635.80005	0.0	37.4	0.0	25.6	8160	14.5	12.1	209	6.51	31.6	26.91	41.6	712.178	1.4266318	6.568328			48.2		49.45	114.67	53.46	46.65	0.47		600.0
"Amhara"	"North_Shewa"	"Basona_Werana"	"Goshebado"	32	588	"Teff"	"Footslope"	0.0	46	6	6	1	9	4.6	3.0	1.0	0.75	0.5625	1.0	0.0	1.0	0.0	0.0	1.0	1	1	0	1	191.33333	34.0	36608.44	6505.333	191.33333	0.0	0.0	25.6	8160	14.5	12.1	209	6.51	31.6	26.91	41.6	712.178	1.4266318	6.568328			42.333332		49.0	114.67	53.46	46.65	0.47		1800.0
"Amhara"	"North_Shewa"	"Basona_Werana"	"Goshebado"	32	587	"Wheat"	"Footslope"	1.0	60	4	46	1	6	3.3	3.0	1.0	0.5	0.25	1.0	0.0	0.0	1.0	0.0	1.0	1	1	0	1	176.0	34.0	30976.0	5984.0	176.0	0.0	0.0	25.6	8160	14.5	12.1	209	6.51	31.6	26.91	41.6	712.178	1.4266318	6.568328			48.2		43.146667	114.67	53.46	46.65		0.41	2400.0
"Amhara"	"North_Shewa"	"Basona_Werana"	"Goshebado"	32	532	"Teff"	"Midslope"	1.0	45	10	4	1	6	2.9	3.0	1.0	0.25	0.0625	1.0	0.0	1.0	1.0	0.0	0.0	1	1	0	1	130.0	34.0	16900.0	4420.0	0.0	130.0	0.0	25.6	8160	14.5	12.1	209	6.51	31.6	26.91	41.6	712.178	1.4266318	6.568328			24.1		24.95	114.67	53.46	46.65	0.47		1400.0
"Amhara"	"North_Shewa"	"Basona_Werana"	"Goshebado"	32	532	"Teff"	"Midslope"	1.0	45	10	4	1	6	2.9	3.0	1.0	0.25	0.0625	1.0	0.0	1.0	1.0	0.0	0.0	1	1	0	1	114.8	20.4	13179.041	2341.92	0.0	114.8	0.0	25.6	8160	14.5	12.1	209	6.51	31.6	26.91	41.6	712.178	1.4266318	6.568328			40.166668		24.95	114.67	53.46	46.65	0.47		1600.0
"Amhara"	"North_Shewa"	"Basona_Werana"	"Goshebado"	32	621	"Wheat"	"Footslope"	1.0	52	10	38	1	5	2.8	3.0	1.0	0.25	0.0625	1.0	0.0	1.0	0.0	0.0	1.0	1	1	0	1	168.0	68.0	28224.0	11424.0	168.0	0.0	0.0	25.6	8160	14.5	12.1	209	6.51	31.6	26.91	41.6	712.178	1.4266318	6.568328			48.1924		49.46	114.67	53.46	46.65		0.41	4800.0
"Amhara"	"North_Shewa"	"Basona_Werana"	"Goshebado"	32	588	"Wheat"	"Footslope"	0.0	46	6	6	1	9	4.6	3.0	1.0	0.25	0.0625	1.0	0.0	1.0	1.0	0.0	1.0	1	1	0	1	352.0	68.0	123904.0	23936.0	352.0	0.0	0.0	25.6	8160	14.5	12.1	209	6.51	31.6	26.91	41.6	712.178	1.4266318	6.568328			42.45		48.666668	114.67	53.46	46.65		0.41	3200.0
"Amhara"	"North_Shewa"	"Basona_Werana"	"Goshebado"	32	588	"Wheat"	"Footslope"	0.0	46	6	6	1	9	4.6	3.0	0.0	0.25	0.0625	1.0	0.0	0.0	1.0	0.0	1.0	1	1	0	1	352.0	68.0	123904.0	23936.0	352.0	0.0	0.0	25.6	8160	14.5	12.1	209	6.51	31.6	26.91	41.6	712.178	1.4266318	6.568328			42.45		48.666668	114.67	53.46	46.65		0.41	3200.0
"Amhara"	"North_Shewa"	"Basona_Werana"	"Goshebado"	32	485	"Teff"	"Midslope"	1.0	26	9	10	1	3	1.8	3.0	1.0	0.25	0.0625	1.0	1.0	1.0	1.0	0.0	0.0	1	1	0	1	96.399994	20.4	9292.959	1966.5598	0.0	96.399994	0.0	25.6	8160	14.5	12.1	209	6.51	31.6	26.91	41.6	712.178	1.4266318	6.568328			50.0		50.0	114.67	53.46	46.65	0.47		1600.0
"Amhara"	"North_Shewa"	"Basona_Werana"	"Goshebado"	32	621	"Wheat"	"Midslope"	1.0	52	10	38	1	5	2.8	3.0	1.0	0.25	0.0625	1.0	1.0	1.0	0.0	0.0	1.0	1	1	0	1	260.0	68.0	67600.0	17680.0	0.0	260.0	0.0	25.6	8160	14.5	12.1	209	6.51	31.6	26.91	41.6	712.178	1.4266318	6.568328			48.1924		49.4525	114.67	53.46	46.65		0.41	3200.0
"Amhara"	"North_Shewa"	"Basona_Werana"	"Goshebado"	32	482	"Teff"	"Midslope"	1.0	45	5	30	1	2	1.5	3.0	0.0	0.5	0.25	1.0	0.0	0.0	1.0	1.0	0.0	1	1	0	1	65.0	17.0	4225.0	1105.0	0.0	65.0	0.0	25.6	8160	14.5	12.1	209	6.51	31.6	26.91	41.6	712.178	1.4266318	6.568328			48.0		48.0	114.67	53.46	46.65	0.47		1200.0
"Amhara"	"North_Shewa"	"Basona_Werana"	"Goshebado"	32	578	"Wheat"	"Midslope"	0.0	28	8	1	1	6	3.1	3.0	1.0	0.25	0.0625	1.0	0.0	0.0	0.0	0.0	1.0	0	1	0	1	176.0	34.0	30976.0	5984.0	0.0	176.0	0.0	25.6	8160	14.5	12.1	209	6.51	31.6	26.91	41.6	712.178	1.4266318	6.568328			48.0		49.493332	114.67	53.46	46.65		0.41	2000.0
"Amhara"	"North_Shewa"	"Basona_Werana"	"Goshebado"	32	579	"Wheat"	"Midslope"	0.0	57	0	30	1	6	3.1	3.0	1.0	0.5	0.25	1.0	0.0	0.0	0.0	0.0	1.0	0	1	0	1	65.0	17.0	4225.0	1105.0	0.0	65.0	0.0	25.6	8160	14.5	12.1	209	6.51	31.6	26.91	41.6	712.178	1.4266318	6.568328			48.0		49.5	114.67	53.46	46.65		0.41	1200.0
"Amhara"	"North_Shewa"	"Basona_Werana"	"Goshebado"	32	579	"Teff"	"Hillslope"	0.0	57	0	30	1	6	3.1	3.0	1.0	0.125	0.015625	1.0	0.0	1.0	0.0	0.0	1.0	0	1	0	1	260.0	68.0	67600.0	17680.0	0.0	0.0	260.0	25.6	8160	14.5	12.1	209	6.51	31.6	26.91	41.6	712.178	1.4266318	6.568328			48.0		49.5	114.67	53.46	46.65	0.47		480.0
"Amhara"	"North_Shewa"	"Basona_Werana"	"Goshebado"	32	578	"Teff"	"Footslope"	0.0	28	8	1	1	6	3.1	3.0	1.0	0.25	0.0625	1.0	0.0	0.0	0.0	0.0	1.0	0	1	0	1	130.0	34.0	16900.0	4420.0	130.0	0.0	0.0	25.6	8160	14.5	12.1	209	6.51	31.6	26.91	41.6	712.178	1.4266318	6.568328			48.0		49.5	114.67	53.46	46.65	0.47		800.0
"Amhara"	"North_Shewa"	"Basona_Werana"	"Goshebado"	33	611	"Wheat"	"Footslope"	0.0	40	0	15	1	5	3.0	10.0	1.0	0.5	0.25	1.0	0.0	0.0	1.0	0.0	0.0	1	1	0	1	394.96	153.0	155993.39	268572.78	394.96	0.0	0.0	25.6	8160	14.5	12.1	209	6.51	31.6	26.91	41.6	712.178	1.4266318	6.568328		4.0			40.0	114.67	53.46	46.65		0.41	1600.0
"Amhara"	"North_Shewa"	"Basona_Werana"	"Goshebado"	33	596	"Teff"	"Midslope"	0.0	62	0	40	1	8	4.3	10.0	1.0	0.25	0.0625	1.0	0.0	0.0	0.0	0.0	0.0	1	1	0	1	130.0	34.0	16900.0	4420.0	0.0	130.0	0.0	25.6	8160	14.5	12.1	209	6.51	31.6	26.91	41.6	712.178	1.4266318	6.568328			93.2		75.0	114.67	53.46	46.65	0.47		1200.0
"Amhara"	"North_Shewa"	"Basona_Werana"	"Goshebado"	33	483	"Wheat"	"Midslope"	1.0	50	0	35	1	6	3.3	10.0	0.0	0.25	0.0625	1.0	0.0	1.0	1.0	0.0	1.0	1	1	0	0	157.0	17.0	24649.0	2669.0	0.0	157.0	0.0	25.6	8160	14.5	12.1	209	6.51	31.6	26.91	41.6	712.178	1.4266318	6.568328			72.8		36.4	114.67	53.46	46.65		0.41	24.0
"Amhara"	"North_Shewa"	"Basona_Werana"	"Goshebado"	33	620	"Wheat"	"Footslope"	0.0	48	0	18	1	3	2.0	10.0	1.0	0.0625	0.00390625	1.0	0.0	0.0	0.0	0.0	0.0	1	1	0	1	260.0	68.0	67600.0	17680.0	260.0	0.0	0.0	26.5	6742	13.9	11.9	190	6.6	29.9	26.85	42.7	712.178	1.4266318	6.568328			40.0		38.0	114.67	53.46	46.65		0.41	4000.0
"Amhara"	"North_Shewa"	"Basona_Werana"	"Goshebado"	33	535	"Teff"	"Footslope"	1.0	48	0	20	0	6	2.9	10.0	1.0	0.125	0.015625	1.0	0.0	0.0	0.0	0.0	0.0	1	1	0	1	260.0	68.0	67600.0	17680.0	260.0	0.0	0.0	25.6	8160	14.5	12.1	209	6.51	31.6	26.91	41.6	712.178	1.4266318	6.568328			48.18		49.5	114.67	53.46	46.65	0.47		800.0
"Amhara"	"North_Shewa"	"Basona_Werana"	"Goshebado"	33	484	"Wheat"	"Midslope"	0.0	49	0	3	1	3	2.0	10.0	0.0	0.25	0.0625	0.0	0.0	0.0	1.0	0.0	0.0	1	1	0	1	0.0	0.0	0.0	0.0	0.0	0.0	0.0	25.6	8160	14.5	12.1	209	6.51	31.6	26.91	41.6	712.178	1.4266318	6.568328						114.67	53.46	46.65		0.41	2000.0
"Amhara"	"North_Shewa"	"Basona_Werana"	"Goshebado"	33	900	"Wheat"	"Midslope"	1.0	47	0	10	1	2	1.5	10.0	1.0	0.25	0.0625	1.0	0.0	0.0	1.0	0.0	1.0	1	1	0	1	97.8	18.36	9564.841	1795.6082	0.0	97.8	0.0	25.6	8160	14.5	12.1	209	6.51	31.6	26.91	41.6	712.178	1.4266318	6.568328			47.0		47.0	114.67	53.46	46.65		0.41	2800.0
"Amhara"	"North_Shewa"	"Basona_Werana"	"Goshebado"	33	486	"Wheat"	"Footslope"	1.0	66	0	6	1	5	3.0	10.0	1.0	0.25	0.0625	1.0	0.0	0.0	0.0	0.0	1.0	1	1	0	1	84.0	34.0	7056.0	2856.0	84.0	0.0	0.0	25.6	8160	14.5	12.1	209	6.51	31.6	26.91	41.6	712.178	1.4266318	6.568328			40.0		48.0	114.67	53.46	46.65		0.41	24.0
"Amhara"	"North_Shewa"	"Basona_Werana"	"Goshebado"	33	611	"Teff"	"Midslope"	0.0	40	0	15	1	5	3.0	10.0	0.0	0.5	0.25	1.0	0.0	0.0	0.0	0.0	0.0	1	1	0	1	74.5	25.5	5550.25	1899.75	0.0	74.5	0.0	25.6	8160	14.5	12.1	209	6.51	31.6	26.91	41.6	712.178	1.4266318	6.568328		40.0			40.0	114.67	53.46	46.65	0.47		800.0
"Amhara"	"North_Shewa"	"Basona_Werana"	"Goshebado"	33	486	"Wheat"	"Midslope"	1.0	66	0	6	1	5	3.0	10.0	1.0	0.25	0.0625	1.0	0.0	0.0	0.0	0.0	1.0	1	1	0	1	84.0	34.0	7056.0	2856.0	0.0	84.0	0.0	25.6	8160	14.5	12.1	209	6.51	31.6	26.91	41.6	712.178	1.4266318	6.568328			40.0		40.0	114.67	53.46	46.65		0.41	24.0
"Amhara"	"North_Shewa"	"Basona_Werana"	"Goshebado"	33	535	"Wheat"	"Midslope"	1.0	48	0	20	0	6	2.9	10.0	1.0	0.25	0.0625	1.0	0.0	0.0	0.0	0.0	0.0	1	1	0	1	84.0	34.0	7056.0	2856.0	0.0	84.0	0.0	25.6	8160	14.5	12.1	209	6.51	31.6	26.91	41.6	712.178	1.4266318	6.568328			48.18		49.44	114.67	53.46	46.65		0.41	1000.0
"Amhara"	"North_Shewa"	"Basona_Werana"	"Goshebado"	33	488	"Wheat"	"Midslope"	0.0	37	7	3	1	5	2.6	10.0	0.0	0.5	0.25	1.0	0.0	0.0	1.0	0.0	1.0	1	1	0	1	65.0	17.0	4225.0	1105.0	0.0	65.0	0.0	25.6	8160	14.5	12.1	209	6.51	31.6	26.91	41.6	712.178	1.4266318	6.568328			48.2		49.46	114.67	53.46	46.65		0.41	3000.0
"Amhara"	"North_Shewa"	"Basona_Werana"	"Goshebado"	33	596	"Wheat"	"Midslope"	0.0	62	0	40	1	8	4.3	10.0	1.0	0.5	0.25	1.0	0.0	0.0	1.0	0.0	0.0	1	1	0	1	84.0	34.0	7056.0	2856.0	0.0	84.0	0.0	25.6	8160	14.5	12.1	209	6.51	31.6	26.91	41.6	712.178	1.4266318	6.568328			48.3		57.8	114.67	53.46	46.65		0.41	2000.0
"Amhara"	"North_Shewa"	"Basona_Werana"	"Goshebado"	33	533	"Wheat"	"Midslope"	0.0	39	0	0	1	3	2.0	10.0	1.0	0.25	0.0625	1.0	0.0	0.0	1.0	0.0	1.0	1	1	0	1	168.0	68.0	28224.0	11424.0	0.0	168.0	0.0	25.6	8160	14.5	12.1	209	6.51	31.6	26.91	41.6	712.178	1.4266318	6.568328			48.1924		49.46	114.67	53.46	46.65		0.41	3600.0
"Amhara"	"North_Shewa"	"Basona_Werana"	"Goshebado"	33	596	"Teff"	"Midslope"	0.0	62	0	40	1	8	4.3	10.0	1.0	0.25	0.0625	1.0	0.0	0.0	0.0	0.0	0.0	1	1	0	1	42.8	13.6	1831.84	582.08	0.0	42.8	0.0	25.6	8160	14.5	12.1	209	6.51	31.6	26.91	41.6	712.178	1.4266318	6.568328			124.0		40.0	114.67	53.46	46.65	0.47		1600.0
"Amhara"	"North_Shewa"	"Basona_Werana"	"Goshebado"	33	488	"Teff"	"Midslope"	0.0	37	7	3	1	5	2.6	10.0	0.0	0.25	0.0625	1.0	0.0	1.0	0.0	0.0	0.0	1	1	0	1	65.0	17.0	4225.0	1105.0	0.0	65.0	0.0	25.6	8160	14.5	12.1	209	6.51	31.6	26.91	41.6	712.178	1.4266318	6.568328			48.2		49.44	114.67	53.46	46.65	0.47		1000.0
"Amhara"	"North_Shewa"	"Basona_Werana"	"Goshebado"	33	533	"Wheat"	"Midslope"	0.0	39	0	0	1	3	2.0	10.0	1.0	0.5	0.25	1.0	0.0	0.0	1.0	0.0	1.0	1	1	0	1	46.6	17.0	2171.5598	792.19995	0.0	46.6	0.0	25.6	8160	14.5	12.1	209	6.51	31.6	26.91	41.6	712.178	1.4266318	6.568328			48.2		49.466667	114.67	53.46	46.65		0.41	3200.0
"Amhara"	"North_Shewa"	"Basona_Werana"	"Goshebado"	33	486	"Teff"	"Midslope"	1.0	66	0	6	1	5	3.0	10.0	1.0	0.25	0.0625	1.0	0.0	0.0	0.0	0.0	0.0	1	1	0	0	37.4	17.0	1398.7601	635.80005	0.0	37.4	0.0	25.6	8160	14.5	12.1	209	6.51	31.6	26.91	41.6	712.178	1.4266318	6.568328			40.0		25.0	114.67	53.46	46.65	0.47		8.0
"Amhara"	"North_Shewa"	"Basona_Werana"	"Goshebado"	33	483	"Teff"	"Hillslope"	1.0	50	0	35	1	6	3.3	10.0	1.0	0.5	0.25	1.0	0.0	1.0	1.0	0.0	1.0	1	1	0	1	43.6	10.2	1900.9598	444.71997	0.0	0.0	43.6	25.6	8160	14.5	12.1	209	6.51	31.6	26.91	41.6	712.178	1.4266318	6.568328			37.333332		43.42857	114.67	53.46	46.65	0.47		16.0
"Amhara"	"North_Shewa"	"Basona_Werana"	"Goshebado"	33	488	"Wheat"	"Footslope"	0.0	37	7	3	1	5	2.6	10.0	1.0	0.25	0.0625	1.0	0.0	0.0	1.0	0.0	1.0	1	1	0	1	65.0	17.0	4225.0	1105.0	65.0	0.0	0.0	25.6	8160	14.5	12.1	209	6.51	31.6	26.91	41.6	712.178	1.4266318	6.568328			48.2		49.44	114.67	53.46	46.65		0.41	1600.0
"Amhara"	"North_Shewa"	"Basona_Werana"	"Goshebado"	33	535	"Wheat"	"Midslope"	1.0	48	0	20	0	6	2.9	10.0	1.0	0.125	0.015625	1.0	0.0	0.0	0.0	0.0	0.0	1	1	0	1	222.0	34.0	49284.0	7548.0	0.0	222.0	0.0	25.6	8160	14.5	12.1	209	6.51	31.6	26.91	41.6	712.178	1.4266318	6.568328			48.16		49.72	114.67	53.46	46.65		0.41	1600.0
"Amhara"	"North_Shewa"	"Basona_Werana"	"Goshebado"	33	900	"Wheat"	"Midslope"	1.0	47	0	10	1	2	1.5	10.0	0.0	0.125	0.015625	1.0	0.0	0.0	1.0	0.0	1.0	1	1	0	1	394.96	34.0	155993.39	13428.64	0.0	394.96	0.0	25.6	8160	14.5	12.1	209	6.51	31.6	26.91	41.6	712.178	1.4266318	6.568328			47.0		50.97938	114.67	53.46	46.65		0.41	1200.0
"Amhara"	"East_Gojjam"	"Gozamin"	"Chertekel"	34	954	"Wheat"	"Midslope"	1.0	44	0	25	1	7	3.4	30.0	0.0	0.125	0.015625	1.0	0.0	0.0	1.0	1.0	0.0	1	0	0	1	169.2	102.0	28628.639	17258.4	0.0	169.2	0.0	24.8	11988	18.3	11.5	213	5.89	33.6	24.92	40.3	981.8643	1.9030442	6.889453			41.0		58.333332	114.67	53.46	46.65		0.41	2400.0
"Amhara"	"East_Gojjam"	"Gozamin"	"Chertekel"	34	934	"Wheat"	"Midslope"	1.0	40	0	26	0	7	3.6	30.0	0.0	0.125	0.015625	1.0	0.0	0.0	1.0	1.0	1.0	1	0	0	1	394.96	153.0	155993.39	80571.836	0.0	394.96	0.0	25.4	11710	18.7	11.4	219	5.91	32.6	25.0	41.3	981.8643	1.9030442	6.889453			32.0		32.0	114.67	53.46	46.65		0.41	2800.0
"Amhara"	"East_Gojjam"	"Gozamin"	"Chertekel"	34	935	"Wheat"	"Footslope"	1.0	43	0	29	0	4	2.1	30.0	0.0	0.5	0.25	1.0	0.0	0.0	0.0	1.0	1.0	1	0	0	1	168.0	68.0	28224.0	11424.0	168.0	0.0	0.0	25.4	11710	18.7	11.4	219	5.91	32.6	25.0	41.3	981.8643	1.9030442	6.889453			32.0		32.0	114.67	53.46	46.65		0.41	2300.0
"Amhara"	"East_Gojjam"	"Gozamin"	"Chertekel"	34	935	"Teff"	"Footslope"	1.0	43	0	29	0	4	2.1	30.0	1.0	0.25	0.0625	1.0	0.0	0.0	0.0	0.0	0.0	1	0	0	1	84.0	34.0	7056.0	2856.0	84.0	0.0	0.0	25.4	11710	18.7	11.4	219	5.91	32.6	25.0	41.3	981.8643	1.9030442	6.889453			32.0		24.95	114.67	53.46	46.65	0.47		1600.0
"Amhara"	"East_Gojjam"	"Gozamin"	"Chertekel"	34	952	"Teff"	"Footslope"	1.0	42	0	20	1	6	3.3	30.0	1.0	0.25	0.0625	1.0	0.0	0.0	0.0	0.0	1.0	1	1	0	1	99.0	68.0	9801.0	6732.0	99.0	0.0	0.0	25.4	11710	18.7	11.4	219	5.91	32.6	25.0	41.3	981.8643	1.9030442	6.889453			21.0		42.0	114.67	53.46	46.65	0.47		2000.0
"Amhara"	"East_Gojjam"	"Gozamin"	"Chertekel"	34	932	"Wheat"	"Footslope"	1.0	40	0	26	1	5	2.6	30.0	0.0	0.125	0.015625	1.0	0.0	0.0	1.0	1.0	0.0	1	0	0	1	336.0	136.0	112896.0	45696.0	336.0	0.0	0.0	24.6	14087	19.0	11.4	221	5.89	35.0	25.17	40.3	981.8643	1.9030442	6.889453			18.0		24.95	114.67	53.46	46.65		0.41	4000.0
"Amhara"	"East_Gojjam"	"Gozamin"	"Chertekel"	34	952	"Wheat"	"Hillslope"	1.0	42	0	20	1	6	3.3	30.0	0.0	0.25	0.0625	1.0	0.0	0.0	1.0	1.0	0.0	1	1	0	1	290.0	136.0	84100.0	39440.0	0.0	0.0	290.0	25.4	11710	18.7	11.4	219	5.91	32.6	25.0	41.3	981.8643	1.9030442	6.889453			21.0		41.0	114.67	53.46	46.65		0.41	4000.0
"Amhara"	"East_Gojjam"	"Gozamin"	"Chertekel"	34	953	"Wheat"	"Footslope"	1.0	38	5	20	1	5	2.6	30.0	1.0	0.38	0.1444	1.0	0.0	0.0	1.0	1.0	0.0	1	1	0	0	67.76316	33.55263	4591.846	2273.6323	67.76316	0.0	0.0	26.1	12539	19.9	11.3	219	5.85	31.4	24.45	41.7	981.8643	1.9030442	6.889453			41.0		41.0	114.67	53.46	46.65		0.41	1842.1052
"Amhara"	"East_Gojjam"	"Gozamin"	"Chertekel"	34	945	"Teff"	"Footslope"	1.0	50	0	20	1	3	2.0	30.0	0.0	0.38	0.1444	1.0	0.0	1.0	0.0	0.0	1.0	1	1	0	1	46.57895	33.55263	2169.5984	1562.8463	46.57895	0.0	0.0	25.1	14840	19.8	11.2	223	5.85	33.7	24.84	40.5	981.8643	1.9030442	6.889453			40.0		24.95	114.67	53.46	46.65	0.47		2631.5789
"Amhara"	"East_Gojjam"	"Gozamin"	"Chertekel"	34	936	"Wheat"	"Footslope"	1.0	34	0	20	0	5	2.4	30.0	0.0	0.35	0.1225	1.0	0.0	0.0	1.0	1.0	1.0	1	0	0	1	141.42857	97.14286	20002.041	13738.776	141.42857	0.0	0.0	24.8	11988	18.3	11.5	213	5.89	33.6	24.92	40.3	981.8643	1.9030442	6.889453			32.0		32.0	114.67	53.46	46.65		0.41	4000.0
"Amhara"	"East_Gojjam"	"Gozamin"	"Chertekel"	34	932	"Teff"	"Midslope"	1.0	40	0	26	1	5	2.6	30.0	0.0	0.25	0.0625	1.0	0.0	1.0	0.0	0.0	1.0	1	0	0	1	58.0	27.2	3364.0	1577.6001	0.0	58.0	0.0	24.6	14087	19.0	11.4	221	5.89	35.0	25.17	40.3	981.8643	1.9030442	6.889453			20.0		33.333332	114.67	53.46	46.65	0.47		1200.0
"Amhara"	"East_Gojjam"	"Gozamin"	"Chertekel"	34	954	"Wheat"	"Footslope"	1.0	44	0	25	1	7	3.4	30.0	1.0	0.25	0.0625	1.0	0.0	0.0	1.0	1.0	0.0	0	0	0	1	160.0	102.0	25600.0	16320.0	160.0	0.0	0.0	24.8	11988	18.3	11.5	213	5.89	33.6	24.92	40.3	981.8643	1.9030442	6.889453			20.5		43.0	114.67	53.46	46.65		0.41	2800.0
"Amhara"	"East_Gojjam"	"Gozamin"	"Chertekel"	34	945	"Teff"	"Footslope"	1.0	50	0	20	1	3	2.0	30.0	0.0	0.25	0.0625	1.0	0.0	1.0	0.0	0.0	1.0	1	1	0	1	38.0	34.0	1444.0	1292.0	38.0	0.0	0.0	25.1	14840	19.8	11.2	223	5.85	33.7	24.84	40.5	981.8643	1.9030442	6.889453			40.0			114.67	53.46	46.65	0.47		2000.0
"Amhara"	"East_Gojjam"	"Gozamin"	"Chertekel"	34	952	"Wheat"	"Footslope"	1.0	42	0	20	1	6	3.3	30.0	0.0	0.25	0.0625	1.0	1.0	0.0	1.0	1.0	0.0	1	1	0	1	168.0	68.0	28224.0	11424.0	168.0	0.0	0.0	25.4	11710	18.7	11.4	219	5.91	32.6	25.0	41.3	981.8643	1.9030442	6.889453			21.0		42.0	114.67	53.46	46.65		0.41	4000.0
"Amhara"	"East_Gojjam"	"Gozamin"	"Chertekel"	34	936	"Teff"	"Midslope"	1.0	34	0	20	0	5	2.4	30.0	1.0	0.5	0.25	1.0	0.0	1.0	0.0	0.0	0.0	1	0	0	1	42.0	17.0	1764.0	714.0	0.0	42.0	0.0	24.8	11988	18.3	11.5	213	5.89	33.6	24.92	40.3	981.8643	1.9030442	6.889453			32.0		32.0	114.67	53.46	46.65	0.47		1200.0
"Amhara"	"East_Gojjam"	"Gozamin"	"Chertekel"	34	933	"Wheat"	"Footslope"	1.0	34	0	20	1	3	1.8	30.0	0.0	0.35	0.1225	1.0	0.0	0.0	0.0	1.0	0.0	1	0	0	1	174.28572	97.14286	30375.512	16930.613	174.28572	0.0	0.0	24.6	14087	19.0	11.4	221	5.89	35.0	25.17	40.3	981.8643	1.9030442	6.889453			32.0		32.0	114.67	53.46	46.65		0.41	2857.1428
"Amhara"	"East_Gojjam"	"Gozamin"	"Chertekel"	34	946	"Teff"	"Footslope"	1.0	41	0	25	0	6	3.1	30.0	1.0	0.5	0.25	1.0	0.0	0.0	1.0	0.0	1.0	1	1	0	1	51.8	34.0	2683.24	1761.2	51.8	0.0	0.0	24.8	11988	18.3	11.5	213	5.89	33.6	24.92	40.3	981.8643	1.9030442	6.889453			42.0		46.666668	114.67	53.46	46.65	0.47		1600.0
"Amhara"	"East_Gojjam"	"Gozamin"	"Chertekel"	34	932	"Wheat"	"Footslope"	1.0	40	0	26	1	5	2.6	30.0	0.0	0.125	0.015625	1.0	0.0	0.0	1.0	0.0	0.0	1	0	0	1	336.0	136.0	112896.0	45696.0	336.0	0.0	0.0	24.6	14087	19.0	11.4	221	5.89	35.0	25.17	40.3	981.8643	1.9030442	6.889453			10.0		24.95	114.67	53.46	46.65		0.41	5200.0
"Amhara"	"East_Gojjam"	"Gozamin"	"Chertekel"	34	934	"Teff"	"Footslope"	1.0	40	0	26	0	7	3.6	30.0	1.0	0.25	0.0625	1.0	0.0	1.0	0.0	0.0	0.0	1	0	0	1	103.6	68.0	10732.96	7044.8	103.6	0.0	0.0	25.4	11710	18.7	11.4	219	5.91	32.6	25.0	41.3	981.8643	1.9030442	6.889453			32.0		30.0	114.67	53.46	46.65	0.47		1200.0
"Amhara"	"East_Gojjam"	"Gozamin"	"Chertekel"	34	953	"Wheat"	"Footslope"	1.0	38	5	20	1	5	2.6	30.0	1.0	0.25	0.0625	1.0	0.0	0.0	1.0	1.0	0.0	1	1	0	1	103.0	51.0	10609.0	5253.0	103.0	0.0	0.0	26.1	12539	19.9	11.3	219	5.85	31.4	24.45	41.7	981.8643	1.9030442	6.889453			41.0		41.0	114.67	53.46	46.65		0.41	2800.0
"Amhara"	"East_Gojjam"	"Gozamin"	"Chertekel"	34	936	"Teff"	"Footslope"	1.0	34	0	20	0	5	2.4	30.0	1.0	0.25	0.0625	1.0	0.0	1.0	0.0	0.0	0.0	1	0	0	0	168.0	68.0	28224.0	11424.0	168.0	0.0	0.0	24.8	11988	18.3	11.5	213	5.89	33.6	24.92	40.3	981.8643	1.9030442	6.889453			32.0		32.0	114.67	53.46	46.65	0.47		800.0
"Amhara"	"East_Gojjam"	"Gozamin"	"Chertekel"	34	952	"Teff"	"Footslope"	1.0	42	0	20	1	6	3.3	30.0	0.0	0.25	0.0625	1.0	0.0	0.0	0.0	0.0	0.0	0	1	0	1	176.0	34.0	30976.0	5984.0	176.0	0.0	0.0	25.4	11710	18.7	11.4	219	5.91	32.6	25.0	41.3	981.8643	1.9030442	6.889453			42.0		41.0	114.67	53.46	46.65	0.47		1600.0
"Amhara"	"East_Gojjam"	"Gozamin"	"Chertekel"	34	954	"Teff"	"Footslope"	1.0	44	0	25	1	7	3.4	30.0	1.0	0.125	0.015625	1.0	0.0	0.0	0.0	0.0	1.0	1	1	0	1	71.119995	34.0	5058.0537	2418.0798	71.119995	0.0	0.0	24.8	11988	18.3	11.5	213	5.89	33.6	24.92	40.3	981.8643	1.9030442	6.889453			42.0		24.95	114.67	53.46	46.65	0.47		2000.0
"Amhara"	"East_Gojjam"	"Gozamin"	"Chertekel"	34	945	"Wheat"	"Footslope"	1.0	50	0	20	1	3	2.0	30.0	1.0	0.25	0.0625	1.0	0.0	0.0	1.0	1.0	1.0	1	0	0	1	122.0	68.0	14884.0	8296.0	122.0	0.0	0.0	25.1	14840	19.8	11.2	223	5.85	33.7	24.84	40.5	981.8643	1.9030442	6.889453			40.0		40.0	114.67	53.46	46.65		0.41	2000.0
"Amhara"	"East_Gojjam"	"Gozamin"	"Chertekel"	34	934	"Teff"	"Footslope"	1.0	40	0	26	0	7	3.6	30.0	1.0	0.25	0.0625	1.0	0.0	1.0	0.0	0.0	0.0	1	0	0	1	84.6	51.0	7157.1597	4314.6	84.6	0.0	0.0	25.4	11710	18.7	11.4	219	5.91	32.6	25.0	41.3	981.8643	1.9030442	6.889453			26.666666		30.0	114.67	53.46	46.65	0.47		1400.0
"Amhara"	"East_Gojjam"	"Gozamin"	"Chertekel"	34	946	"Wheat"	"Midslope"	1.0	41	0	25	0	6	3.1	30.0	0.0	0.5	0.25	1.0	0.0	0.0	1.0	1.0	1.0	1	1	0	1	61.0	34.0	3721.0	2074.0	0.0	61.0	0.0	24.8	11988	18.3	11.5	213	5.89	33.6	24.92	40.3	981.8643	1.9030442	6.889453			42.0		42.0	114.67	53.46	46.65		0.41	24.0
"Amhara"	"East_Gojjam"	"Gozamin"	"Chertekel"	34	953	"Teff"	"Footslope"	1.0	38	5	20	1	5	2.6	30.0	1.0	1.0	1.0	1.0	0.0	0.0	0.0	0.0	0.0	1	1	0	1	38.0	34.0	1444.0	1292.0	38.0	0.0	0.0	26.1	12539	19.9	11.3	219	5.85	31.4	24.45	41.7	981.8643	1.9030442	6.889453			42.0			114.67	53.46	46.65	0.47		1400.0
"Amhara"	"East_Gojjam"	"Gozamin"	"Chertekel"	34	932	"Teff"	"Footslope"	1.0	40	0	26	1	5	2.6	30.0	1.0	0.25	0.0625	1.0	0.0	1.0	0.0	0.0	1.0	1	0	0	1	76.4	27.2	5836.9604	2078.08	76.4	0.0	0.0	24.6	14087	19.0	11.4	221	5.89	35.0	25.17	40.3	981.8643	1.9030442	6.889453			20.0		24.95	114.67	53.46	46.65	0.47		1600.0
"Amhara"	"East_Gojjam"	"Gozamin"	"Chertekel"	34	952	"Wheat"	"Footslope"	1.0	42	0	20	1	6	3.3	30.0	0.0	0.25	0.0625	1.0	0.0	0.0	1.0	1.0	0.0	1	1	0	1	223.2	68.0	49818.24	15177.6	223.2	0.0	0.0	25.4	11710	18.7	11.4	219	5.91	32.6	25.0	41.3	981.8643	1.9030442	6.889453			21.0		45.9375	114.67	53.46	46.65		0.41	3200.0
"Amhara"	"East_Gojjam"	"Gozamin"	"Chertekel"	34	954	"Teff"	"Footslope"	1.0	44	0	25	1	7	3.4	30.0	0.0	0.125	0.015625	1.0	0.0	0.0	0.0	0.0	1.0	0	1	0	0	93.92	54.4	8820.966	5109.248	93.92	0.0	0.0	24.8	11988	18.3	11.5	213	5.89	33.6	24.92	40.3	981.8643	1.9030442	6.889453			40.0		24.95	114.67	53.46	46.65	0.47		1600.0
"Amhara"	"East_Gojjam"	"Gozamin"	"Chertekel"	34	935	"Teff"	"Footslope"	1.0	43	0	29	0	4	2.1	30.0	1.0	0.25	0.0625	1.0	0.0	0.0	0.0	0.0	0.0	1	0	0	1	84.0	34.0	7056.0	2856.0	84.0	0.0	0.0	25.4	11710	18.7	11.4	219	5.91	32.6	25.0	41.3	981.8643	1.9030442	6.889453			32.0		24.95	114.67	53.46	46.65	0.47		1200.0
"Amhara"	"East_Gojjam"	"Gozamin"	"Chertekel"	34	954	"Teff"	"Midslope"	1.0	44	0	25	1	7	3.4	30.0	0.0	0.125	0.015625	1.0	0.0	0.0	0.0	0.0	1.0	1	1	0	1	38.0	34.0	1444.0	1292.0	0.0	38.0	0.0	24.8	11988	18.3	11.5	213	5.89	33.6	24.92	40.3	981.8643	1.9030442	6.889453			42.0			114.67	53.46	46.65	0.47		1600.0
"Amhara"	"East_Gojjam"	"Gozamin"	"Chertekel"	34	933	"Teff"	"Footslope"	1.0	34	0	20	1	3	1.8	30.0	1.0	0.25	0.0625	1.0	0.0	0.0	0.0	0.0	0.0	1	0	0	1	84.0	34.0	7056.0	2856.0	84.0	0.0	0.0	24.6	14087	19.0	11.4	221	5.89	35.0	25.17	40.3	981.8643	1.9030442	6.889453			32.0		32.0	114.67	53.46	46.65	0.47		1200.0
"Amhara"	"North_Shewa"	"Basona_Werana"	"Angolela"	35	812	"Wheat"	"Hillslope"	1.0	35	3	5	1	4	2.1	40.0	0.0	0.25	0.0625	1.0	1.0	0.0	1.0	0.0	1.0	1	1	0	1	130.0	34.0	16900.0	4420.0	0.0	0.0	130.0	23.6	41683	17.6	14.0	220	6.09	34.9	26.63	38.8	749.6847	1.419926	6.6196527			47.0		48.4	114.67	53.46	46.65		0.41	1600.0
"Amhara"	"North_Shewa"	"Basona_Werana"	"Angolela"	35	817	"Wheat"	"Footslope"	1.0	47	0	5	1	4	2.3	40.0	0.0	0.25	0.0625	1.0	0.0	0.0	0.0	0.0	1.0	1	1	0	0	176.0	34.0	30976.0	5984.0	176.0	0.0	0.0	23.6	41683	17.6	14.0	220	6.09	34.9	26.63	38.8	749.6847	1.419926	6.6196527			46.42		40.0	114.67	53.46	46.65		0.41	1200.0
"Amhara"	"North_Shewa"	"Basona_Werana"	"Angolela"	35	1020	"Teff"	"Midslope"	1.0	58	6	20	0	8	3.9	40.0	1.0	0.25	0.0625	1.0	0.0	0.0	0.0	0.0	0.0	1	1	0	1	214.0	68.0	45796.0	14552.0	0.0	214.0	0.0	23.6	41683	17.6	14.0	220	6.09	34.9	26.63	38.8	749.6847	1.419926	6.6196527			36.5		36.76	114.67	53.46	46.65	0.47		800.0
"Amhara"	"North_Shewa"	"Basona_Werana"	"Angolela"	35	913	"Wheat"	"Footslope"	1.0	71	4	30	1	4	2.3	40.0	1.0	1.0	1.0	1.0	0.0	1.0	1.0	0.0	0.0	1	1	0	1	32.5	8.5	1056.25	276.25	32.5	0.0	0.0	23.6	41683	17.6	14.0	220	6.09	34.9	26.63	38.8	749.6847	1.419926	6.6196527			37.2		42.0	114.67	53.46	46.65		0.41	400.0
"Amhara"	"North_Shewa"	"Basona_Werana"	"Angolela"	35	809	"Teff"	"Footslope"	1.0	55	4	30	1	6	2.9	40.0	1.0	0.5	0.25	1.0	0.0	1.0	1.0	0.0	0.0	1	1	0	0	65.0	17.0	4225.0	1105.0	65.0	0.0	0.0	23.6	41683	17.6	14.0	220	6.09	34.9	26.63	38.8	749.6847	1.419926	6.6196527			48.0		48.0	114.67	53.46	46.65	0.47		800.0
"Amhara"	"North_Shewa"	"Basona_Werana"	"Angolela"	35	913	"Teff"	"Footslope"	1.0	71	4	30	1	4	2.3	40.0	1.0	0.25	0.0625	1.0	0.0	1.0	1.0	0.0	0.0	1	1	0	1	130.0	34.0	16900.0	4420.0	130.0	0.0	0.0	23.6	41683	17.6	14.0	220	6.09	34.9	26.63	38.8	749.6847	1.419926	6.6196527			37.2		44.0	114.67	53.46	46.65	0.47		800.0
"Amhara"	"North_Shewa"	"Basona_Werana"	"Angolela"	35	891	"Teff"	"Midslope"	1.0	51	0	3	1	3	2.0	40.0	1.0	0.125	0.015625	1.0	0.0	0.0	0.0	0.0	0.0	1	1	0	1	260.0	68.0	67600.0	17680.0	0.0	260.0	0.0	23.6	41683	17.6	14.0	220	6.09	34.9	26.63	38.8	749.6847	1.419926	6.6196527			56.0		56.0	114.67	53.46	46.65	0.47		800.0
"Amhara"	"North_Shewa"	"Basona_Werana"	"Angolela"	35	891	"Wheat"	"Footslope"	1.0	51	0	3	1	3	2.0	40.0	1.0	0.0625	0.00390625	1.0	0.0	0.0	0.0	0.0	0.0	1	1	0	1	168.0	68.0	28224.0	11424.0	168.0	0.0	0.0	23.6	41683	17.6	14.0	220	6.09	34.9	26.63	38.8	749.6847	1.419926	6.6196527			56.0		56.0	114.67	53.46	46.65		0.41	2400.0
"Amhara"	"North_Shewa"	"Basona_Werana"	"Angolela"	35	813	"Wheat"	"Midslope"	1.0	56	0	25	1	7	3.6	40.0	1.0	0.25	0.0625	1.0	0.0	0.0	1.0	0.0	1.0	1	1	0	1	195.0	51.0	38025.0	9945.0	0.0	195.0	0.0	23.6	41683	17.6	14.0	220	6.09	34.9	26.63	38.8	749.6847	1.419926	6.6196527			47.0		48.4	114.67	53.46	46.65		0.41	2400.0
"Amhara"	"North_Shewa"	"Basona_Werana"	"Angolela"	35	1025	"Wheat"	"Footslope"	1.0	47	0	17	0	4	2.5	40.0	0.0	0.375	0.140625	1.0	0.0	1.0	0.0	0.0	0.0	1	1	0	1	81.333336	45.333332	6615.1113	3687.111	81.333336	0.0	0.0	23.6	41683	17.6	14.0	220	6.09	34.9	26.63	38.8	749.6847	1.419926	6.6196527			44.4		45.4	114.67	53.46	46.65		0.41	1733.3334
"Amhara"	"North_Shewa"	"Basona_Werana"	"Angolela"	35	1020	"Wheat"	"Midslope"	1.0	58	6	20	0	8	3.9	40.0	1.0	0.5	0.25	1.0	0.0	0.0	0.0	0.0	0.0	1	1	0	1	42.0	17.0	1764.0	714.0	0.0	42.0	0.0	23.6	41683	17.6	14.0	220	6.09	34.9	26.63	38.8	749.6847	1.419926	6.6196527			36.5		36.76	114.67	53.46	46.65		0.41	600.0
"Amhara"	"North_Shewa"	"Basona_Werana"	"Angolela"	35	817	"Teff"	"Footslope"	1.0	47	0	5	1	4	2.3	40.0	1.0	0.25	0.0625	1.0	0.0	0.0	0.0	0.0	1.0	1	1	0	0	195.0	51.0	38025.0	9945.0	195.0	0.0	0.0	23.6	41683	17.6	14.0	220	6.09	34.9	26.63	38.8	749.6847	1.419926	6.6196527			47.413334		48.0	114.67	53.46	46.65	0.47		1200.0
"Amhara"	"North_Shewa"	"Basona_Werana"	"Angolela"	35	810	"Wheat"	"Midslope"	1.0	35	9	6	1	4	2.1	40.0	0.0	0.5	0.25	1.0	0.0	1.0	1.0	0.0	1.0	1	1	0	1	42.0	17.0	1764.0	714.0	0.0	42.0	0.0	23.6	41683	17.6	14.0	220	6.09	34.9	26.63	38.8	749.6847	1.419926	6.6196527			47.64		48.0	114.67	53.46	46.65		0.41	800.0
"Amhara"	"North_Shewa"	"Basona_Werana"	"Angolela"	35	812	"Teff"	"Midslope"	1.0	35	3	5	1	4	2.1	40.0	0.0	0.25	0.0625	1.0	0.0	0.0	1.0	0.0	0.0	1	1	0	1	187.0	85.0	34969.0	15895.0	0.0	187.0	0.0	23.6	41683	17.6	14.0	220	6.09	34.9	26.63	38.8	749.6847	1.419926	6.6196527			47.0		48.4	114.67	53.46	46.65	0.47		1200.0
"Amhara"	"North_Shewa"	"Basona_Werana"	"Angolela"	35	810	"Teff"	"Footslope"	1.0	35	9	6	1	4	2.1	40.0	1.0	0.25	0.0625	1.0	0.0	1.0	1.0	0.0	0.0	1	1	0	0	94.8	27.2	8987.041	2578.56	94.8	0.0	0.0	23.6	41683	17.6	14.0	220	6.09	34.9	26.63	38.8	749.6847	1.419926	6.6196527			47.625		47.42857	114.67	53.46	46.65	0.47		400.0
"Amhara"	"North_Shewa"	"Basona_Werana"	"Angolela"	35	1020	"Teff"	"Midslope"	1.0	58	6	20	0	8	3.9	40.0	1.0	0.375	0.140625	1.0	0.0	1.0	0.0	0.0	0.0	1	1	0	1	137.33333	68.0	18860.443	9338.666	0.0	137.33333	0.0	23.6	41683	17.6	14.0	220	6.09	34.9	26.63	38.8	749.6847	1.419926	6.6196527			36.5		36.76	114.67	53.46	46.65	0.47		533.3333
"Amhara"	"North_Shewa"	"Basona_Werana"	"Angolela"	35	892	"Teff"	"Footslope"	1.0	39	0	2	1	7	3.4	40.0	0.0	0.375	0.140625	1.0	0.0	1.0	0.0	0.0	0.0	1	1	0	0	37.600002	22.666666	1413.7601	852.2667	37.600002	0.0	0.0	23.6	41683	17.6	14.0	220	6.09	34.9	26.63	38.8	749.6847	1.419926	6.6196527			36.26		36.26	114.67	53.46	46.65	0.47		1066.6666
"Amhara"	"North_Shewa"	"Basona_Werana"	"Angolela"	35	809	"Wheat"	"Footslope"	1.0	55	4	30	1	6	2.9	40.0	1.0	0.25	0.0625	0.0	0.0	1.0	1.0	0.0	1.0	1	1	0	1	0.0	0.0	0.0	0.0	0.0	0.0	0.0	23.6	41683	17.6	14.0	220	6.09	34.9	26.63	38.8	749.6847	1.419926	6.6196527						114.67	53.46	46.65		0.41	1600.0
"Amhara"	"North_Shewa"	"Basona_Werana"	"Angolela"	35	1020	"Wheat"	"Midslope"	1.0	58	6	20	0	8	3.9	40.0	1.0	0.375	0.140625	1.0	0.0	0.0	0.0	0.0	0.0	1	1	0	1	56.0	22.666666	3136.0	1269.3333	0.0	56.0	0.0	23.6	41683	17.6	14.0	220	6.09	34.9	26.63	38.8	749.6847	1.419926	6.6196527			36.5		36.76	114.67	53.46	46.65		0.41	400.0
"Amhara"	"North_Shewa"	"Basona_Werana"	"Angolela"	35	812	"Wheat"	"Midslope"	1.0	35	3	5	1	4	2.1	40.0	0.0	0.5	0.25	1.0	1.0	0.0	1.0	0.0	1.0	1	1	0	1	149.0	51.0	22201.0	7599.0	0.0	149.0	0.0	23.6	41683	17.6	14.0	220	6.09	34.9	26.63	38.8	749.6847	1.419926	6.6196527		47.0			48.4	114.67	53.46	46.65		0.41	1800.0
"Amhara"	"North_Shewa"	"Basona_Werana"	"Angolela"	35	810	"Teff"	"Midslope"	1.0	35	9	6	1	4	2.1	40.0	1.0	0.25	0.0625	1.0	0.0	1.0	1.0	0.0	0.0	1	1	0	0	94.8	27.2	8987.041	2578.56	0.0	94.8	0.0	23.6	41683	17.6	14.0	220	6.09	34.9	26.63	38.8	749.6847	1.419926	6.6196527			47.625		47.42857	114.67	53.46	46.65	0.47		400.0
"Amhara"	"North_Shewa"	"Basona_Werana"	"Angolela"	35	817	"Wheat"	"Footslope"	1.0	47	0	5	1	4	2.3	40.0	0.0	0.25	0.0625	1.0	0.0	0.0	0.0	0.0	1.0	1	1	0	0	176.0	34.0	30976.0	5984.0	176.0	0.0	0.0	23.6	41683	17.6	14.0	220	6.09	34.9	26.63	38.8	749.6847	1.419926	6.6196527			46.42		40.0	114.67	53.46	46.65		0.41	1200.0
"Amhara"	"North_Shewa"	"Basona_Werana"	"Angolela"	35	810	"Teff"	"Footslope"	1.0	35	9	6	1	4	2.1	40.0	1.0	0.25	0.0625	1.0	0.0	1.0	1.0	0.0	0.0	1	1	0	0	104.0	27.2	10816.0	2828.8	104.0	0.0	0.0	23.6	41683	17.6	14.0	220	6.09	34.9	26.63	38.8	749.6847	1.419926	6.6196527			47.625		41.5	114.67	53.46	46.65	0.47		400.0
"Amhara"	"North_Shewa"	"Basona_Werana"	"Angolela"	35	809	"Wheat"	"Midslope"	1.0	55	4	30	1	6	2.9	40.0	0.0	0.25	0.0625	1.0	0.0	1.0	1.0	0.0	1.0	1	1	0	0	111.0	17.0	12321.0	1887.0	0.0	111.0	0.0	23.6	41683	17.6	14.0	220	6.09	34.9	26.63	38.8	749.6847	1.419926	6.6196527			48.0		48.0	114.67	53.46	46.65		0.41	1200.0
"Amhara"	"North_Shewa"	"Basona_Werana"	"Angolela"	35	1025	"Teff"	"Footslope"	1.0	47	0	17	0	4	2.5	40.0	1.0	0.25	0.0625	1.0	0.0	1.0	0.0	0.0	0.0	1	1	0	1	168.0	68.0	28224.0	11424.0	168.0	0.0	0.0	23.6	41683	17.6	14.0	220	6.09	34.9	26.63	38.8	749.6847	1.419926	6.6196527			44.4		45.4	114.67	53.46	46.65	0.47		1800.0
"Amhara"	"North_Shewa"	"Basona_Werana"	"Angolela"	35	810	"Wheat"	"Midslope"	1.0	35	9	6	1	4	2.1	40.0	1.0	0.25	0.0625	1.0	0.0	1.0	1.0	0.0	1.0	1	1	0	1	168.0	68.0	28224.0	11424.0	0.0	168.0	0.0	23.6	41683	17.6	14.0	220	6.09	34.9	26.63	38.8	749.6847	1.419926	6.6196527			47.64		48.0	114.67	53.46	46.65		0.41	800.0
"Amhara"	"North_Shewa"	"Basona_Werana"	"Angolela"	35	892	"Wheat"	"Footslope"	1.0	39	0	2	1	7	3.4	40.0	1.0	0.375	0.140625	1.0	0.0	1.0	0.0	0.0	0.0	1	1	0	1	37.600002	22.666666	1413.7601	852.2667	37.600002	0.0	0.0	23.6	41683	17.6	14.0	220	6.09	34.9	26.63	38.8	749.6847	1.419926	6.6196527			36.26		36.26	114.67	53.46	46.65		0.41	400.0
"Amhara"	"North_Shewa"	"Basona_Werana"	"Angolela"	35	813	"Teff"	"Midslope"	1.0	56	0	25	1	7	3.6	40.0	1.0	0.375	0.140625	1.0	0.0	0.0	0.0	0.0	0.0	1	1	0	1	130.0	34.0	16900.0	4420.0	0.0	130.0	0.0	23.6	41683	17.6	14.0	220	6.09	34.9	26.63	38.8	749.6847	1.419926	6.6196527			47.0		48.4	114.67	53.46	46.65	0.47		1333.3334
"Amhara"	"North_Shewa"	"Basona_Werana"	"Keyit"	36	893	"Wheat"	"Midslope"	1.0	57	0	2	1	4	2.3	30.0	1.0	0.25	0.0625	1.0	1.0	0.0	0.0	0.0	0.0	0	1	0	1	18.4	0.0	338.56	0.0	0.0	18.4	0.0	22.6	12048	15.3	13.7	194	6.42	33.4	28.25	38.6	811.81616	1.5391347	6.699274					32.0	114.67	53.46	46.65		0.41	1600.0
"Amhara"	"North_Shewa"	"Basona_Werana"	"Keyit"	36	901	"Teff"	"Hillslope"	0.0	40	7	2	1	5	3.0	30.0	1.0	0.25	0.0625	1.0	0.0	0.0	0.0	0.0	0.0	1	1	0	1	176.0	34.0	30976.0	5984.0	0.0	0.0	176.0	22.2	11696	14.9	13.9	199	6.48	32.6	28.92	38.8	811.81616	1.5391347	6.699274			44.0		44.0	114.67	53.46	46.65	0.47		1600.0
"Amhara"	"North_Shewa"	"Basona_Werana"	"Keyit"	36	1008	"Wheat"	"Midslope"	1.0	61	6	5	1	3	2.0	30.0	1.0	0.25	0.0625	1.0	1.0	0.0	1.0	0.0	1.0	1	1	0	1	101.5	8.5	10302.25	862.75	0.0	101.5	0.0	22.2	11696	14.9	13.9	199	6.48	32.6	28.92	38.8	811.81616	1.5391347	6.699274			48.0		24.95	114.67	53.46	46.65		0.41	2000.0
"Amhara"	"North_Shewa"	"Basona_Werana"	"Keyit"	36	858	"Wheat"	"Footslope"	0.0	47	0	2	1	3	1.8	30.0	1.0	0.25	0.0625	0.0	1.0	1.0	0.0	0.0	0.0	1	1	0	1	0.0	0.0	0.0	0.0	0.0	0.0	0.0	22.2	11696	14.9	13.9	199	6.48	32.6	28.92	38.8	811.81616	1.5391347	6.699274						114.67	53.46	46.65		0.41	600.0
"Amhara"	"North_Shewa"	"Basona_Werana"	"Keyit"	36	851	"Wheat"	"Midslope"	1.0	42	9	2	1	4	2.5	30.0	1.0	0.25	0.0625	1.0	1.0	1.0	1.0	0.0	0.0	1	1	0	1	83.4	17.0	6955.56	1417.8	0.0	83.4	0.0	22.2	11696	14.9	13.9	199	6.48	32.6	28.92	38.8	811.81616	1.5391347	6.699274			81.46		75.0	114.67	53.46	46.65		0.41	1800.0
"Amhara"	"North_Shewa"	"Basona_Werana"	"Keyit"	36	851	"Teff"	"Midslope"	1.0	42	9	2	1	4	2.5	30.0	1.0	0.125	0.015625	1.0	0.0	1.0	1.0	0.0	0.0	1	1	0	1	111.0	17.0	12321.0	1887.0	0.0	111.0	0.0	22.2	11696	14.9	13.9	199	6.48	32.6	28.92	38.8	811.81616	1.5391347	6.699274			40.72		75.0	114.67	53.46	46.65	0.47		2400.0
"Amhara"	"North_Shewa"	"Basona_Werana"	"Keyit"	36	893	"Teff"	"Footslope"	1.0	57	0	2	1	4	2.3	30.0	1.0	0.25	0.0625	1.0	0.0	0.0	0.0	0.0	0.0	0	1	0	1	65.0	17.0	4225.0	1105.0	65.0	0.0	0.0	22.6	12048	15.3	13.7	194	6.42	33.4	28.25	38.6	811.81616	1.5391347	6.699274			32.0		32.0	114.67	53.46	46.65	0.47		1200.0
"Amhara"	"North_Shewa"	"Basona_Werana"	"Keyit"	36	1022	"Wheat"	"Footslope"	1.0	43	0	6	0	7	3.4	30.0	0.0	0.5	0.25	1.0	0.0	0.0	1.0	0.0	0.0	1	1	0	1	65.0	17.0	4225.0	1105.0	65.0	0.0	0.0	22.2	11696	14.9	13.9	199	6.48	32.6	28.92	38.8	811.81616	1.5391347	6.699274			47.9		46.8	114.67	53.46	46.65		0.41	1000.0
"Amhara"	"North_Shewa"	"Basona_Werana"	"Keyit"	36	1048	"Teff"	"Midslope"	1.0	58	0	1	1	8	4.5	30.0	1.0	0.0625	0.00390625	1.0	0.0	0.0	0.0	0.0	0.0	1	1	0	1	104.0	27.2	10816.0	2828.8	0.0	104.0	0.0	21.5	11345	14.7	14.0	195	6.44	32.3	28.9	39.0	811.81616	1.5391347	6.699274			38.0		40.0	114.67	53.46	46.65	0.47		480.0
"Amhara"	"North_Shewa"	"Basona_Werana"	"Keyit"	36	1008	"Teff"	"Midslope"	1.0	61	6	5	1	3	2.0	30.0	1.0	0.25	0.0625	1.0	0.0	0.0	0.0	0.0	0.0	1	1	0	1	65.0	17.0	4225.0	1105.0	0.0	65.0	0.0	22.2	11696	14.9	13.9	199	6.48	32.6	28.92	38.8	811.81616	1.5391347	6.699274			48.0		48.0	114.67	53.46	46.65	0.47		400.0
"Amhara"	"North_Shewa"	"Basona_Werana"	"Keyit"	36	901	"Wheat"	"Footslope"	0.0	40	7	2	1	5	3.0	30.0	1.0	0.5	0.25	1.0	0.0	0.0	0.0	0.0	0.0	1	0	0	1	65.0	17.0	4225.0	1105.0	65.0	0.0	0.0	22.2	11696	14.9	13.9	199	6.48	32.6	28.92	38.8	811.81616	1.5391347	6.699274			46.0		46.0	114.67	53.46	46.65		0.41	1000.0
"Amhara"	"North_Shewa"	"Basona_Werana"	"Keyit"	36	1022	"Teff"	"Footslope"	1.0	43	0	6	0	7	3.4	30.0	1.0	0.25	0.0625	1.0	0.0	0.0	0.0	0.0	0.0	1	1	0	1	157.0	17.0	24649.0	2669.0	157.0	0.0	0.0	22.2	11696	14.9	13.9	199	6.48	32.6	28.92	38.8	811.81616	1.5391347	6.699274			47.88		46.8	114.67	53.46	46.65	0.47		800.0
"Amhara"	"North_Shewa"	"Basona_Werana"	"Keyit"	36	901	"Wheat"	"Footslope"	0.0	40	7	2	1	5	3.0	30.0	1.0	0.25	0.0625	1.0	0.0	0.0	0.0	0.0	0.0	1	1	0	1	130.0	34.0	16900.0	4420.0	130.0	0.0	0.0	22.2	11696	14.9	13.9	199	6.48	32.6	28.92	38.8	811.81616	1.5391347	6.699274			44.0		46.0	114.67	53.46	46.65		0.41	1600.0
"Amhara"	"North_Shewa"	"Basona_Werana"	"Keyit"	36	987	"Wheat"	"Footslope"	1.0	35	8	1	1	4	2.1	30.0	0.0	0.25	0.0625	0.0	1.0	1.0	0.0	0.0	0.0	1	1	0	1	0.0	0.0	0.0	0.0	0.0	0.0	0.0	21.5	11345	14.7	14.0	195	6.44	32.3	28.9	39.0	811.81616	1.5391347	6.699274						114.67	53.46	46.65		0.41	1000.0
"Amhara"	"North_Shewa"	"Basona_Werana"	"Keyit"	36	851	"Wheat"	"Midslope"	1.0	42	9	2	1	4	2.5	30.0	1.0	0.25	0.0625	1.0	0.0	1.0	1.0	0.0	0.0	1	1	0	1	83.4	17.0	6955.56	1417.8	0.0	83.4	0.0	22.2	11696	14.9	13.9	199	6.48	32.6	28.92	38.8	811.81616	1.5391347	6.699274			81.44		75.0	114.67	53.46	46.65		0.41	1800.0
"Amhara"	"North_Shewa"	"Basona_Werana"	"Keyit"	36	901	"Wheat"	"Footslope"	0.0	40	7	2	1	5	3.0	30.0	1.0	0.5	0.25	1.0	0.0	0.0	0.0	0.0	0.0	1	1	0	1	65.0	17.0	4225.0	1105.0	65.0	0.0	0.0	22.2	11696	14.9	13.9	199	6.48	32.6	28.92	38.8	811.81616	1.5391347	6.699274			46.0		46.0	114.67	53.46	46.65		0.41	1000.0
"Amhara"	"North_Shewa"	"Basona_Werana"	"Keyit"	36	851	"Wheat"	"Midslope"	1.0	42	9	2	1	4	2.5	30.0	1.0	0.25	0.0625	0.0	0.0	1.0	1.0	0.0	0.0	1	1	0	1	0.0	0.0	0.0	0.0	0.0	0.0	0.0	22.2	11696	14.9	13.9	199	6.48	32.6	28.92	38.8	811.81616	1.5391347	6.699274						114.67	53.46	46.65		0.41	1400.0
"Amhara"	"North_Shewa"	"Basona_Werana"	"Keyit"	36	1048	"Wheat"	"Footslope"	1.0	58	0	1	1	8	4.5	30.0	1.0	0.375	0.140625	1.0	1.0	0.0	0.0	0.0	0.0	0	1	0	1	86.666664	22.666666	7511.111	1964.4443	86.666664	0.0	0.0	21.5	11345	14.7	14.0	195	6.44	32.3	28.9	39.0	811.81616	1.5391347	6.699274			38.0		40.0	114.67	53.46	46.65		0.41	400.0
"Amhara"	"North_Shewa"	"Basona_Werana"	"Keyit"	36	1022	"Wheat"	"Midslope"	1.0	43	0	6	0	7	3.4	30.0	1.0	0.25	0.0625	1.0	0.0	0.0	1.0	0.0	0.0	1	1	0	1	222.0	34.0	49284.0	7548.0	0.0	222.0	0.0	22.2	11696	14.9	13.9	199	6.48	32.6	28.92	38.8	811.81616	1.5391347	6.699274			47.9		46.8	114.67	53.46	46.65		0.41	2000.0
"Amhara"	"North_Shewa"	"Basona_Werana"	"Keyit"	36	1008	"Wheat"	"Midslope"	1.0	61	6	5	1	3	2.0	30.0	0.0	0.25	0.0625	1.0	0.0	0.0	1.0	0.0	0.0	1	1	0	1	32.5	8.5	1056.25	276.25	0.0	32.5	0.0	22.2	11696	14.9	13.9	199	6.48	32.6	28.92	38.8	811.81616	1.5391347	6.699274			48.0		48.0	114.67	53.46	46.65		0.41	1200.0
"Amhara"	"North_Shewa"	"Basona_Werana"	"Keyit"	36	858	"Wheat"	"Footslope"	0.0	47	0	2	1	3	1.8	30.0	1.0	0.25	0.0625	1.0	0.0	0.0	1.0	0.0	1.0	1	1	0	1	65.0	17.0	4225.0	1105.0	65.0	0.0	0.0	22.2	11696	14.9	13.9	199	6.48	32.6	28.92	38.8	811.81616	1.5391347	6.699274			31.0		38.0	114.67	53.46	46.65		0.41	800.0
"Amhara"	"North_Shewa"	"Basona_Werana"	"Keyit"	36	1008	"Wheat"	"Midslope"	1.0	61	6	5	1	3	2.0	30.0	0.0	0.25	0.0625	1.0	0.0	0.0	1.0	0.0	0.0	0	1	0	1	32.5	8.5	1056.25	276.25	0.0	32.5	0.0	22.2	11696	14.9	13.9	199	6.48	32.6	28.92	38.8	811.81616	1.5391347	6.699274			48.0		48.0	114.67	53.46	46.65		0.41	800.0
"Amhara"	"North_Shewa"	"Basona_Werana"	"Keyit"	36	973	"Wheat"	"Footslope"	1.0	56	0	0	0	2	1.5	30.0	1.0	0.25	0.0625	0.0	0.0	0.0	0.0	0.0	0.0	0	1	0	1	0.0	0.0	0.0	0.0	0.0	0.0	0.0	22.2	11696	14.9	13.9	199	6.48	32.6	28.92	38.8	811.81616	1.5391347	6.699274						114.67	53.46	46.65		0.41	400.0
"Amhara"	"North_Shewa"	"Basona_Werana"	"Keyit"	36	858	"Wheat"	"Midslope"	0.0	47	0	2	1	3	1.8	30.0	1.0	0.25	0.0625	1.0	0.0	1.0	0.0	0.0	0.0	1	1	0	1	65.0	17.0	4225.0	1105.0	0.0	65.0	0.0	22.2	11696	14.9	13.9	199	6.48	32.6	28.92	38.8	811.81616	1.5391347	6.699274			31.0		38.0	114.67	53.46	46.65		0.41	1200.0
"Amhara"	"North_Shewa"	"Basona_Werana"	"Keyit"	36	1048	"Wheat"	"Midslope"	1.0	58	0	1	1	8	4.5	30.0	1.0	0.125	0.015625	0.0	0.0	0.0	1.0	0.0	0.0	0	1	0	1	0.0	0.0	0.0	0.0	0.0	0.0	0.0	21.5	11345	14.7	14.0	195	6.44	32.3	28.9	39.0	811.81616	1.5391347	6.699274						114.67	53.46	46.65		0.41	800.0
"Amhara"	"North_Shewa"	"Basona_Werana"	"Keyit"	36	835	"Wheat"	"Footslope"	1.0	50	0	2	1	3	2.0	30.0	1.0	0.25	0.0625	1.0	0.0	0.0	0.0	0.0	0.0	1	1	0	1	130.0	34.0	16900.0	4420.0	130.0	0.0	0.0	22.2	11696	14.9	13.9	199	6.48	32.6	28.92	38.8	811.81616	1.5391347	6.699274			41.5		42.2	114.67	53.46	46.65		0.41	1200.0
"Amhara"	"North_Gonder"	"West_Belesa"	"Arbaya"	37	775	"Teff"	"Footslope"	1.0	38	5	18	1	9	4.0	10.0	1.0	0.25	0.0625	1.0	0.0	0.0	0.0	0.0	0.0	0	1	0	1	31.2	8.16	973.44006	254.592	31.2	0.0	0.0	12.7	865	9.3	12.1	212	7.05	39.2	26.35	34.0	933.8611	1.0995116	6.839328		50.0			50.0	114.67	53.46	46.65	0.47		400.0
"Amhara"	"North_Gonder"	"West_Belesa"	"Arbaya"	37	769	"Teff"	"Footslope"	1.0	45	10	31	1	8	4.3	10.0	0.0	0.25	0.0625	1.0	0.0	1.0	0.0	0.0	0.0	0	0	0	1	52.0	13.6	2704.0	707.2	52.0	0.0	0.0	13.0	943	9.1	11.1	225	7.15	37.4	26.22	35.7	933.8611	1.0995116	6.839328		20.0			24.95	114.67	53.46	46.65	0.47		1600.0
"Amhara"	"North_Gonder"	"West_Belesa"	"Arbaya"	37	779	"Teff"	"Footslope"	1.0	50	4	32	1	8	4.1	10.0	1.0	0.25	0.0625	1.0	0.0	0.0	0.0	0.0	1.0	0	0	0	1	19.0	17.0	361.0	323.0	19.0	0.0	0.0	12.7	865	9.3	12.1	212	7.05	39.2	26.35	34.0	933.8611	1.0995116	6.839328		50.0				114.67	53.46	46.65	0.47		1200.0
"Amhara"	"North_Gonder"	"West_Belesa"	"Arbaya"	37	769	"Sorghum"	"Footslope"	1.0	45	10	31	1	8	4.3	10.0	1.0	0.75	0.5625	0.0	0.0	1.0	0.0	0.0	1.0	0	0	0	1	0.0	0.0	0.0	0.0	0.0	0.0	0.0	13.0	943	9.1	11.1	225	7.15	37.4	26.22	35.7	933.8611	1.0995116	6.839328						114.67	53.46	46.65			2666.6667
"Amhara"	"North_Gonder"	"West_Belesa"	"Arbaya"	37	768	"Teff"	"Footslope"	1.0	32	8	18	1	4	2.1	10.0	1.0	0.25	0.0625	1.0	1.0	0.0	0.0	0.0	1.0	0	0	1	1	65.0	17.0	4225.0	1105.0	65.0	0.0	0.0	12.7	865	9.3	12.1	212	7.05	39.2	26.35	34.0	933.8611	1.0995116	6.839328		16.4			24.95	114.67	53.46	46.65	0.47		1200.0
"Amhara"	"North_Gonder"	"West_Belesa"	"Arbaya"	37	779	"Wheat"	"Footslope"	1.0	50	4	32	1	8	4.1	10.0	0.0	0.25	0.0625	1.0	0.0	0.0	1.0	0.0	1.0	0	0	0	1	63.760002	34.0	4065.338	2167.84	63.760002	0.0	0.0	12.7	865	9.3	12.1	212	7.05	39.2	26.35	34.0	933.8611	1.0995116	6.839328		50.0			35.714287	114.67	53.46	46.65		0.41	2400.0
"Amhara"	"North_Gonder"	"West_Belesa"	"Arbaya"	37	796	"Teff"	"Midslope"	1.0	52	3	38	1	7	3.4	10.0	1.0	0.5	0.25	1.0	0.0	1.0	0.0	0.0	0.0	0	1	0	0	15.2	13.6	231.04	206.72	0.0	15.2	0.0	12.7	865	9.3	12.1	212	7.05	39.2	26.35	34.0	933.8611	1.0995116	6.839328		40.0				114.67	53.46	46.65	0.47		1000.0
"Amhara"	"North_Gonder"	"West_Belesa"	"Arbaya"	37	796	"Teff"	"Footslope"	1.0	52	3	38	1	7	3.4	10.0	1.0	0.375	0.140625	1.0	0.0	0.0	1.0	0.0	0.0	0	1	0	0	15.2	13.599999	231.04	206.71999	15.2	0.0	0.0	12.7	865	9.3	12.1	212	7.05	39.2	26.35	34.0	933.8611	1.0995116	6.839328		46.666668				114.67	53.46	46.65	0.47		1066.6666
"Amhara"	"North_Gonder"	"West_Belesa"	"Arbaya"	37	779	"Sorghum"	"Midslope"	1.0	50	4	32	1	8	4.1	10.0	1.0	0.25	0.0625	1.0	0.0	1.0	0.0	0.0	1.0	0	0	0	1	32.5	8.5	1056.25	276.25	0.0	32.5	0.0	12.7	865	9.3	12.1	212	7.05	39.2	26.35	34.0	933.8611	1.0995116	6.839328		100.0			75.0	114.67	53.46	46.65			4800.0
"Amhara"	"North_Gonder"	"West_Belesa"	"Arbaya"	37	766	"Teff"	"Midslope"	1.0	50	6	30	1	7	3.6	10.0	0.0	0.5	0.25	1.0	0.0	1.0	1.0	0.0	1.0	0	1	1	1	15.2	13.6	231.04	206.72	0.0	15.2	0.0	13.1	1157	9.3	11.8	222	7.12	37.3	27.22	36.1	933.8611	1.0995116	6.839328		50.0				114.67	53.46	46.65	0.47		1200.0
"Amhara"	"North_Gonder"	"West_Belesa"	"Arbaya"	37	766	"Sorghum"	"Midslope"	1.0	50	6	30	1	7	3.6	10.0	1.0	0.375	0.140625	0.0	0.0	1.0	0.0	0.0	1.0	0	1	0	1	0.0	0.0	0.0	0.0	0.0	0.0	0.0	13.1	1157	9.3	11.8	222	7.12	37.3	27.22	36.1	933.8611	1.0995116	6.839328						114.67	53.46	46.65			4266.6665
"Amhara"	"North_Gonder"	"West_Belesa"	"Arbaya"	37	774	"Sorghum"	"Footslope"	1.0	52	0	38	1	5	3.0	10.0	1.0	0.3	0.09	0.0	0.0	0.0	0.0	0.0	1.0	0	0	0	1	0.0	0.0	0.0	0.0	0.0	0.0	0.0	12.7	865	9.3	12.1	212	7.05	39.2	26.35	34.0	933.8611	1.0995116	6.839328						114.67	53.46	46.65			2333.3333
"Amhara"	"North_Gonder"	"West_Belesa"	"Arbaya"	37	779	"Sorghum"	"Footslope"	1.0	50	4	32	1	8	4.1	10.0	1.0	0.25	0.0625	1.0	0.0	1.0	1.0	0.0	1.0	0	0	0	1	32.5	8.5	1056.25	276.25	32.5	0.0	0.0	12.7	865	9.3	12.1	212	7.05	39.2	26.35	34.0	933.8611	1.0995116	6.839328		100.0			75.0	114.67	53.46	46.65			52.0
"Amhara"	"North_Gonder"	"West_Belesa"	"Arbaya"	37	774	"Teff"	"Midslope"	1.0	52	0	38	1	5	3.0	10.0	1.0	0.25	0.0625	1.0	1.0	0.0	0.0	0.0	1.0	0	0	0	1	32.5	8.5	1056.25	276.25	0.0	32.5	0.0	12.7	865	9.3	12.1	212	7.05	39.2	26.35	34.0	933.8611	1.0995116	6.839328		16.0			24.95	114.67	53.46	46.65	0.47		1200.0
"Amhara"	"North_Gonder"	"West_Belesa"	"Arbaya"	37	779	"Teff"	"Midslope"	1.0	50	4	32	1	8	4.1	10.0	1.0	0.25	0.0625	1.0	0.0	0.0	0.0	0.0	1.0	0	0	0	1	19.0	17.0	361.0	323.0	0.0	19.0	0.0	12.7	865	9.3	12.1	212	7.05	39.2	26.35	34.0	933.8611	1.0995116	6.839328		50.0				114.67	53.46	46.65	0.47		1200.0
"Amhara"	"North_Gonder"	"West_Belesa"	"Arbaya"	37	767	"Sorghum"	"Footslope"	1.0	54	0	40	1	6	3.3	10.0	0.0	0.25	0.0625	1.0	0.0	0.0	0.0	0.0	0.0	0	0	0	1	26.0	6.8	676.0	176.8	26.0	0.0	0.0	12.7	865	9.3	12.1	212	7.05	39.2	26.35	34.0	933.8611	1.0995116	6.839328		20.0			24.95	114.67	53.46	46.65			4800.0
"Amhara"	"North_Gonder"	"West_Belesa"	"Arbaya"	37	775	"Sorghum"	"Midslope"	1.0	38	5	18	1	9	4.0	10.0	1.0	0.25	0.0625	1.0	0.0	0.0	0.0	0.0	1.0	0	1	0	1	27.6	0.0	761.76	0.0	0.0	27.6	0.0	12.7	865	9.3	12.1	212	7.05	39.2	26.35	34.0	933.8611	1.0995116	6.839328					50.0	114.67	53.46	46.65			400.0
"Amhara"	"North_Gonder"	"West_Belesa"	"Arbaya"	37	769	"Teff"	"Footslope"	1.0	45	10	31	1	8	4.3	10.0	1.0	0.5	0.25	1.0	0.0	1.0	1.0	0.0	1.0	0	0	1	1	26.0	6.8	676.0	176.8	26.0	0.0	0.0	13.0	943	9.1	11.1	225	7.15	37.4	26.22	35.7	933.8611	1.0995116	6.839328		20.0			24.95	114.67	53.46	46.65	0.47		1600.0
"Amhara"	"North_Gonder"	"West_Belesa"	"Arbaya"	37	768	"Sorghum"	"Footslope"	1.0	32	8	18	1	4	2.1	10.0	1.0	0.25	0.0625	1.0	1.0	0.0	1.0	0.0	0.0	0	0	0	1	31.948	8.5	1020.6747	271.558	31.948	0.0	0.0	12.7	865	9.3	12.1	212	7.05	39.2	26.35	34.0	933.8611	1.0995116	6.839328		16.4			24.95	114.67	53.46	46.65			2800.0
"Amhara"	"North_Gonder"	"West_Belesa"	"Arbaya"	37	767	"Teff"	"Midslope"	1.0	54	0	40	1	6	3.3	10.0	0.0	0.5	0.25	1.0	1.0	1.0	1.0	0.0	1.0	0	0	1	1	29.8	10.2	888.04	303.96	0.0	29.8	0.0	12.7	865	9.3	12.1	212	7.05	39.2	26.35	34.0	933.8611	1.0995116	6.839328		20.0			24.95	114.67	53.46	46.65	0.47		400.0
"Amhara"	"North_Gonder"	"West_Belesa"	"Arbaya"	37	796	"Sorghum"	"Midslope"	1.0	52	3	38	1	7	3.4	10.0	1.0	0.5	0.25	1.0	1.0	0.0	1.0	0.0	1.0	0	1	0	1	6.08	5.44	36.9664	33.0752	0.0	6.08	0.0	12.7	865	9.3	12.1	212	7.05	39.2	26.35	34.0	933.8611	1.0995116	6.839328		51.25				114.67	53.46	46.65			1400.0
"Amhara"	"North_Gonder"	"West_Belesa"	"Arbaya"	37	767	"Sorghum"	"Footslope"	1.0	54	0	40	1	6	3.3	10.0	0.0	0.25	0.0625	1.0	0.0	1.0	0.0	0.0	0.0	0	0	0	1	29.8	10.2	888.04	303.96	29.8	0.0	0.0	12.7	865	9.3	12.1	212	7.05	39.2	26.35	34.0	933.8611	1.0995116	6.839328		20.0			24.95	114.67	53.46	46.65			2000.0
"Amhara"	"North_Shewa"	"Basona_Werana"	"Bakelo"	38	979	"Wheat"	"Midslope"	1.0	48	6	0	1	6	3.1	15.0	1.0	0.5	0.25	1.0	0.0	1.0	0.0	0.0	0.0	0	0	0	1	13.3	11.9	176.89	158.27	0.0	13.3	0.0	22.4	13704	14.5	10.8	149	6.48	30.8	28.72	39.3	811.81616	1.5391347	6.699274			48.57143			114.67	53.46	46.65		0.41	1200.0
"Amhara"	"North_Shewa"	"Basona_Werana"	"Bakelo"	38	868	"Wheat"	"Hillslope"	1.0	27	8	0	1	3	1.8	15.0	0.0	0.5	0.25	1.0	0.0	0.0	0.0	0.0	0.0	1	1	0	1	32.5	8.5	1056.25	276.25	0.0	0.0	32.5	23.9	15165	14.5	12.1	152	6.43	31.6	28.31	38.7	803.89166	1.5234609	6.6894646			48.16		49.44	114.67	53.46	46.65		0.41	1600.0
"Amhara"	"North_Shewa"	"Basona_Werana"	"Bakelo"	38	868	"Wheat"	"Hillslope"	1.0	27	8	0	1	3	1.8	15.0	0.0	0.125	0.015625	1.0	0.0	0.0	1.0	0.0	0.0	1	1	0	1	38.0	34.0	1444.0	1292.0	0.0	0.0	38.0	23.9	15165	14.5	12.1	152	6.43	31.6	28.31	38.7	803.89166	1.5234609	6.6894646			48.16			114.67	53.46	46.65		0.41	1600.0
"Amhara"	"North_Shewa"	"Basona_Werana"	"Bakelo"	38	979	"Wheat"	"Footslope"	1.0	48	6	0	1	6	3.1	15.0	0.0	0.25	0.0625	0.0	0.0	1.0	0.0	0.0	0.0	0	0	0	0	0.0	0.0	0.0	0.0	0.0	0.0	0.0	22.4	13704	14.5	10.8	149	6.48	30.8	28.72	39.3	811.81616	1.5391347	6.699274						114.67	53.46	46.65		0.41	400.0
"Amhara"	"North_Shewa"	"Basona_Werana"	"Bakelo"	38	992	"Wheat"	"Hillslope"	1.0	42	7	0	1	5	2.6	15.0	1.0	0.25	0.0625	1.0	0.0	1.0	1.0	0.0	0.0	1	1	0	1	38.0	34.0	1444.0	1292.0	0.0	0.0	38.0	23.9	15165	14.5	12.1	152	6.43	31.6	28.31	38.7	803.89166	1.5234609	6.6894646			47.8			114.67	53.46	46.65		0.41	800.0
"Amhara"	"North_Shewa"	"Basona_Werana"	"Bakelo"	38	1023	"Wheat"	"Footslope"	1.0	50	0	0	0	6	3.3	15.0	0.0	0.25	0.0625	0.0	0.0	0.0	0.0	0.0	0.0	1	1	0	1	0.0	0.0	0.0	0.0	0.0	0.0	0.0	23.9	15165	14.5	12.1	152	6.43	31.6	28.31	38.7	803.89166	1.5234609	6.6894646						114.67	53.46	46.65		0.41	480.0
"Amhara"	"North_Shewa"	"Basona_Werana"	"Bakelo"	38	1014	"Wheat"	"Footslope"	1.0	72	0	0	1	5	3.0	15.0	0.0	0.25	0.0625	0.0	0.0	1.0	0.0	0.0	0.0	0	1	0	1	0.0	0.0	0.0	0.0	0.0	0.0	0.0	23.9	15165	14.5	12.1	152	6.43	31.6	28.31	38.7	803.89166	1.5234609	6.6894646						114.67	53.46	46.65		0.41	600.0
"Amhara"	"North_Shewa"	"Basona_Werana"	"Bakelo"	38	898	"Wheat"	"Footslope"	0.0	67	0	0	0	4	2.5	15.0	1.0	0.25	0.0625	0.0	0.0	0.0	1.0	0.0	0.0	0	1	0	1	0.0	0.0	0.0	0.0	0.0	0.0	0.0	23.9	15165	14.5	12.1	152	6.43	31.6	28.31	38.7	803.89166	1.5234609	6.6894646						114.67	53.46	46.65		0.41	400.0
"Amhara"	"North_Shewa"	"Basona_Werana"	"Bakelo"	38	979	"Wheat"	"Footslope"	1.0	48	6	0	1	6	3.1	15.0	0.0	0.5	0.25	1.0	0.0	1.0	0.0	0.0	0.0	0	0	0	0	38.0	34.0	1444.0	1292.0	38.0	0.0	0.0	22.4	13704	14.5	10.8	149	6.48	30.8	28.72	39.3	811.81616	1.5391347	6.699274			48.19			114.67	53.46	46.65		0.41	800.0
"Amhara"	"North_Shewa"	"Basona_Werana"	"Bakelo"	38	868	"Wheat"	"Footslope"	1.0	27	8	0	1	3	1.8	15.0	0.0	0.25	0.0625	1.0	0.0	0.0	1.0	0.0	0.0	1	1	0	1	19.0	17.0	361.0	323.0	19.0	0.0	0.0	23.9	15165	14.5	12.1	152	6.43	31.6	28.31	38.7	803.89166	1.5234609	6.6894646			48.16			114.67	53.46	46.65		0.41	800.0
"Amhara"	"North_Shewa"	"Basona_Werana"	"Bakelo"	38	1014	"Wheat"	"Footslope"	1.0	72	0	0	1	5	3.0	15.0	1.0	0.5	0.25	0.0	0.0	0.0	0.0	0.0	0.0	0	1	0	1	0.0	0.0	0.0	0.0	0.0	0.0	0.0	23.9	15165	14.5	12.1	152	6.43	31.6	28.31	38.7	803.89166	1.5234609	6.6894646						114.67	53.46	46.65		0.41	400.0
"Amhara"	"North_Shewa"	"Basona_Werana"	"Bakelo"	38	906	"Wheat"	"Footslope"	1.0	44	0	0	1	5	2.8	15.0	1.0	0.25	0.0625	1.0	0.0	0.0	0.0	0.0	0.0	1	1	0	1	19.0	17.0	361.0	323.0	19.0	0.0	0.0	22.4	13704	14.5	10.8	149	6.48	30.8	28.72	39.3	811.81616	1.5391347	6.699274			46.0			114.67	53.46	46.65		0.41	2400.0
"Amhara"	"North_Shewa"	"Basona_Werana"	"Bakelo"	38	885	"Wheat"	"Midslope"	1.0	45	0	0	1	2	1.3	15.0	1.0	0.25	0.0625	1.0	0.0	0.0	1.0	0.0	0.0	1	1	0	1	38.0	34.0	1444.0	1292.0	0.0	38.0	0.0	23.9	15165	14.5	12.1	152	6.43	31.6	28.31	38.7	803.89166	1.5234609	6.6894646			47.0			114.67	53.46	46.65		0.41	1600.0
"Amhara"	"North_Shewa"	"Basona_Werana"	"Bakelo"	38	868	"Wheat"	"Footslope"	1.0	27	8	0	1	3	1.8	15.0	0.0	0.125	0.015625	1.0	0.0	0.0	0.0	0.0	0.0	1	1	0	1	206.0	102.0	42436.0	21012.0	206.0	0.0	0.0	23.9	15165	14.5	12.1	152	6.43	31.6	28.31	38.7	803.89166	1.5234609	6.6894646			49.88		48.16	114.67	53.46	46.65		0.41	1600.0
"Amhara"	"North_Shewa"	"Basona_Werana"	"Bakelo"	38	1014	"Wheat"	"Footslope"	1.0	72	0	0	1	5	3.0	15.0	0.0	0.25	0.0625	0.0	0.0	1.0	0.0	0.0	0.0	0	1	0	1	0.0	0.0	0.0	0.0	0.0	0.0	0.0	23.9	15165	14.5	12.1	152	6.43	31.6	28.31	38.7	803.89166	1.5234609	6.6894646						114.67	53.46	46.65		0.41	600.0
"Amhara"	"North_Shewa"	"Basona_Werana"	"Bakelo"	38	885	"Wheat"	"Hillslope"	1.0	45	0	0	1	2	1.3	15.0	1.0	0.25	0.0625	1.0	0.0	0.0	1.0	0.0	0.0	0	1	0	1	38.0	34.0	1444.0	1292.0	0.0	0.0	38.0	23.9	15165	14.5	12.1	152	6.43	31.6	28.31	38.7	803.89166	1.5234609	6.6894646			47.0			114.67	53.46	46.65		0.41	1200.0
"Amhara"	"North_Shewa"	"Basona_Werana"	"Bakelo"	38	898	"Wheat"	"Midslope"	0.0	67	0	0	0	4	2.5	15.0	1.0	0.25	0.0625	0.0	0.0	1.0	0.0	0.0	0.0	0	1	0	1	0.0	0.0	0.0	0.0	0.0	0.0	0.0	23.9	15165	14.5	12.1	152	6.43	31.6	28.31	38.7	803.89166	1.5234609	6.6894646						114.67	53.46	46.65		0.41	400.0
"Amhara"	"North_Shewa"	"Basona_Werana"	"Bakelo"	38	992	"Wheat"	"Hillslope"	1.0	42	7	0	1	5	2.6	15.0	0.0	0.5	0.25	0.0	0.0	0.0	0.0	0.0	0.0	0	1	0	1	0.0	0.0	0.0	0.0	0.0	0.0	0.0	23.9	15165	14.5	12.1	152	6.43	31.6	28.31	38.7	803.89166	1.5234609	6.6894646						114.67	53.46	46.65		0.41	1000.0
"Amhara"	"North_Shewa"	"Basona_Werana"	"Bakelo"	38	882	"Wheat"	"Hillslope"	1.0	55	2	0	1	4	2.3	15.0	1.0	0.25	0.0625	0.0	1.0	0.0	1.0	0.0	0.0	0	1	0	1	0.0	0.0	0.0	0.0	0.0	0.0	0.0	23.9	15165	14.5	12.1	152	6.43	31.6	28.31	38.7	803.89166	1.5234609	6.6894646						114.67	53.46	46.65		0.41	1600.0
"Amhara"	"North_Shewa"	"Basona_Werana"	"Bakelo"	38	1053	"Wheat"	"Midslope"	1.0	38	0	0	1	4	2.3	15.0	1.0	0.875	0.765625	1.0	0.0	0.0	1.0	0.0	1.0	1	1	0	1	24.0	9.714286	576.0	233.14285	0.0	24.0	0.0	23.9	15165	14.5	12.1	152	6.43	31.6	28.31	38.7	803.89166	1.5234609	6.6894646			46.0		46.0	114.67	53.46	46.65		0.41	457.14285
"Amhara"	"North_Shewa"	"Basona_Werana"	"Bakelo"	38	1053	"Wheat"	"Midslope"	1.0	38	0	0	1	4	2.3	15.0	0.0	1.0	1.0	0.0	0.0	0.0	0.0	0.0	0.0	0	1	0	0	0.0	0.0	0.0	0.0	0.0	0.0	0.0	23.9	15165	14.5	12.1	152	6.43	31.6	28.31	38.7	803.89166	1.5234609	6.6894646						114.67	53.46	46.65		0.41	600.0
"Amhara"	"North_Shewa"	"Basona_Werana"	"Bakelo"	38	979	"Wheat"	"Hillslope"	1.0	48	6	0	1	6	3.1	15.0	1.0	0.25	0.0625	1.0	0.0	0.0	0.0	0.0	0.0	0	1	0	1	76.0	68.0	5776.0	5168.0	0.0	0.0	76.0	22.4	13704	14.5	10.8	149	6.48	30.8	28.72	39.3	811.81616	1.5391347	6.699274			48.19			114.67	53.46	46.65		0.41	800.0
"Amhara"	"North_Shewa"	"Basona_Werana"	"Bakelo"	38	1014	"Wheat"	"Footslope"	1.0	72	0	0	1	5	3.0	15.0	1.0	1.0	1.0	0.0	0.0	0.0	0.0	0.0	0.0	0	1	0	1	0.0	0.0	0.0	0.0	0.0	0.0	0.0	23.9	15165	14.5	12.1	152	6.43	31.6	28.31	38.7	803.89166	1.5234609	6.6894646						114.67	53.46	46.65		0.41	200.0
"Amhara"	"North_Shewa"	"Basona_Werana"	"Bakelo"	38	992	"Wheat"	"Footslope"	1.0	42	7	0	1	5	2.6	15.0	0.0	0.375	0.140625	1.0	0.0	1.0	0.0	0.0	0.0	1	1	0	0	37.600002	22.666666	1413.7601	852.2667	37.600002	0.0	0.0	23.9	15165	14.5	12.1	152	6.43	31.6	28.31	38.7	803.89166	1.5234609	6.6894646			47.8		56.0	114.67	53.46	46.65		0.41	1066.6666
"Amhara"	"North_Gonder"	"West_Belesa"	"Abaytera"	39	687	"Sorghum"	"Footslope"	1.0	49	3	35	1	9	4.0	60.0	1.0	0.75	0.5625	1.0	0.0	0.0	1.0	0.0	0.0	0	0	0	1	4.3333335	1.1333333	18.777779	4.9111114	4.3333335	0.0	0.0	14.1	1327	9.7	10.6	239	7.12	34.2	27.62	39.5	924.02246	1.0534844	6.8287363		1.0			75.0	114.67	53.46	46.65			400.0
"Amhara"	"North_Gonder"	"West_Belesa"	"Abaytera"	39	709	"Sorghum"	"Footslope"	1.0	35	10	22	1	6	2.9	60.0	1.0	0.5	0.25	1.0	0.0	0.0	0.0	0.0	0.0	0	1	0	1	9.1	2.38	82.810005	21.658003	9.1	0.0	0.0	14.3	1218	9.5	10.8	238	7.08	33.7	27.86	38.7	916.5865	1.072263	6.8206563		50.0			50.0	114.67	53.46	46.65			2000.0
"Amhara"	"North_Gonder"	"West_Belesa"	"Abaytera"	39	716	"Sorghum"	"Midslope"	1.0	25	0	12	1	6	2.7	60.0	0.0	0.25	0.0625	1.0	1.0	0.0	0.0	0.0	1.0	0	1	0	1	18.64	6.8	347.4496	126.752	0.0	18.64	0.0	14.3	1218	9.5	10.8	238	7.08	33.7	27.86	38.7	916.5865	1.072263	6.8206563		35.8			50.0	114.67	53.46	46.65			2000.0
"Amhara"	"North_Gonder"	"West_Belesa"	"Abaytera"	39	695	"Teff"	"Midslope"	1.0	65	3	51	1	8	3.9	60.0	0.0	0.25	0.0625	0.0	0.0	0.0	0.0	0.0	0.0	0	1	0	1	0.0	0.0	0.0	0.0	0.0	0.0	0.0	14.1	1327	9.7	10.6	239	7.12	34.2	27.62	39.5	924.02246	1.0534844	6.8287363						114.67	53.46	46.65	0.47		800.0
"Amhara"	"North_Gonder"	"West_Belesa"	"Abaytera"	39	716	"Teff"	"Footslope"	1.0	25	0	12	1	6	2.7	60.0	1.0	0.25	0.0625	1.0	0.0	0.0	0.0	0.0	0.0	0	1	1	1	22.199999	3.4	492.83994	75.479996	22.199999	0.0	0.0	14.3	1218	9.5	10.8	238	7.08	33.7	27.86	38.7	916.5865	1.072263	6.8206563		71.2			50.0	114.67	53.46	46.65	0.47		800.0
"Amhara"	"North_Gonder"	"West_Belesa"	"Abaytera"	39	711	"Sorghum"	"Footslope"	1.0	40	0	30	1	6	3.1	60.0	0.0	0.75	0.5625	1.0	0.0	1.0	0.0	0.0	0.0	0	1	0	1	13.0	3.3999999	169.0	44.199997	13.0	0.0	0.0	14.3	1218	9.5	10.8	238	7.08	33.7	27.86	38.7	916.5865	1.072263	6.8206563		50.0			50.0	114.67	53.46	46.65			13.333333
"Amhara"	"North_Gonder"	"West_Belesa"	"Abaytera"	39	691	"Teff"	"Midslope"	1.0	45	3	31	1	6	3.5	60.0	1.0	0.5	0.25	1.0	0.0	0.0	0.0	0.0	0.0	0	1	1	1	21.0	8.5	441.0	178.5	0.0	21.0	0.0	14.3	1218	9.5	10.8	238	7.08	33.7	27.86	38.7	916.5865	1.072263	6.8206563		25.0			50.0	114.67	53.46	46.65	0.47		520.0
"Amhara"	"North_Gonder"	"West_Belesa"	"Abaytera"	39	693	"Teff"	"Midslope"	1.0	52	3	35	1	6	2.9	60.0	1.0	0.75	0.5625	1.0	0.0	0.0	0.0	0.0	0.0	0	1	1	1	6.133333	0.0	37.617775	0.0	0.0	6.133333	0.0	14.3	1218	9.5	10.8	238	7.08	33.7	27.86	38.7	916.5865	1.072263	6.8206563					50.0	114.67	53.46	46.65	0.47		6.0
"Amhara"	"North_Gonder"	"West_Belesa"	"Abaytera"	39	713	"Teff"	"Midslope"	1.0	48	9	30	1	9	4.4	60.0	1.0	0.75	0.5625	1.0	0.0	0.0	1.0	0.0	1.0	0	1	1	1	8.16	1.8133334	66.585594	14.796801	0.0	8.16	0.0	14.3	1218	9.5	10.8	238	7.08	33.7	27.86	38.7	916.5865	1.072263	6.8206563		50.0			50.0	114.67	53.46	46.65	0.47		666.6667
"Amhara"	"North_Gonder"	"West_Belesa"	"Abaytera"	39	709	"Sorghum"	"Footslope"	1.0	35	10	22	1	6	2.9	60.0	0.0	0.25	0.0625	1.0	0.0	0.0	0.0	0.0	0.0	0	1	0	1	33.8	8.84	1142.44	298.792	33.8	0.0	0.0	14.3	1218	9.5	10.8	238	7.08	33.7	27.86	38.7	916.5865	1.072263	6.8206563		50.0			50.0	114.67	53.46	46.65			1600.0
"Amhara"	"North_Gonder"	"West_Belesa"	"Abaytera"	39	686	"Sorghum"	"Footslope"	1.0	66	0	50	1	9	4.2	60.0	1.0	0.5	0.25	1.0	0.0	0.0	1.0	0.0	0.0	0	0	0	1	15.6	4.08	243.36002	63.648	15.6	0.0	0.0	14.3	1218	9.5	10.8	238	7.08	33.7	27.86	38.7	916.5865	1.072263	6.8206563		54.166668			54.166668	114.67	53.46	46.65			1200.0
"Amhara"	"North_Gonder"	"West_Belesa"	"Abaytera"	39	716	"Teff"	"Footslope"	1.0	25	0	12	1	6	2.7	60.0	1.0	0.25	0.0625	1.0	0.0	0.0	0.0	0.0	0.0	0	1	0	1	26.0	6.8	676.0	176.8	26.0	0.0	0.0	14.3	1218	9.5	10.8	238	7.08	33.7	27.86	38.7	916.5865	1.072263	6.8206563		60.0			50.0	114.67	53.46	46.65	0.47		1200.0
"Amhara"	"North_Gonder"	"West_Belesa"	"Abaytera"	39	711	"Teff"	"Footslope"	1.0	40	0	30	1	6	3.1	60.0	0.0	0.325	0.105625	1.0	0.0	1.0	0.0	0.0	0.0	0	1	1	1	20.0	5.230769	400.0	104.61539	20.0	0.0	0.0	14.3	1218	9.5	10.8	238	7.08	33.7	27.86	38.7	916.5865	1.072263	6.8206563		50.0			50.0	114.67	53.46	46.65	0.47		676.9231
"Amhara"	"North_Gonder"	"West_Belesa"	"Abaytera"	39	695	"Sorghum"	"Footslope"	1.0	65	3	51	1	8	3.9	60.0	1.0	0.25	0.0625	0.0	0.0	0.0	0.0	0.0	0.0	0	1	0	1	0.0	0.0	0.0	0.0	0.0	0.0	0.0	14.1	1327	9.7	10.6	239	7.12	34.2	27.62	39.5	924.02246	1.0534844	6.8287363						114.67	53.46	46.65			1600.0
"Amhara"	"North_Gonder"	"West_Belesa"	"Abaytera"	39	709	"Teff"	"Midslope"	1.0	35	10	22	1	6	2.9	60.0	0.0	0.5	0.25	1.0	0.0	0.0	0.0	0.0	0.0	0	1	0	1	19.5	5.1	380.25	99.45	0.0	19.5	0.0	14.3	1218	9.5	10.8	238	7.08	33.7	27.86	38.7	916.5865	1.072263	6.8206563		50.0			50.0	114.67	53.46	46.65	0.47		200.0
"Amhara"	"North_Gonder"	"West_Belesa"	"Abaytera"	39	711	"Teff"	"Midslope"	1.0	40	0	30	1	6	3.1	60.0	0.0	0.375	0.140625	1.0	0.0	1.0	0.0	0.0	0.0	0	1	1	1	34.666668	9.066667	1201.7778	314.31113	0.0	34.666668	0.0	14.3	1218	9.5	10.8	238	7.08	33.7	27.86	38.7	916.5865	1.072263	6.8206563		50.0			50.0	114.67	53.46	46.65	0.47		533.3333
"Amhara"	"North_Gonder"	"West_Belesa"	"Abaytera"	39	709	"Teff"	"Footslope"	1.0	35	10	22	1	6	2.9	60.0	1.0	0.5	0.25	1.0	0.0	0.0	0.0	0.0	0.0	1	1	1	1	13.0	3.4	169.0	44.2	13.0	0.0	0.0	14.3	1218	9.5	10.8	238	7.08	33.7	27.86	38.7	916.5865	1.072263	6.8206563		50.0			50.0	114.67	53.46	46.65	0.47		900.0
"Amhara"	"North_Gonder"	"West_Belesa"	"Abaytera"	39	686	"Teff"	"Midslope"	1.0	66	0	50	1	9	4.2	60.0	1.0	0.5	0.25	1.0	0.0	0.0	1.0	0.0	0.0	0	0	0	1	15.6	4.08	243.36002	63.648	0.0	15.6	0.0	14.3	1218	9.5	10.8	238	7.08	33.7	27.86	38.7	916.5865	1.072263	6.8206563		54.166668			54.166668	114.67	53.46	46.65	0.47		800.0
"Amhara"	"North_Gonder"	"West_Belesa"	"Abaytera"	39	713	"Sorghum"	"Midslope"	1.0	48	9	30	1	9	4.4	60.0	1.0	0.75	0.5625	1.0	0.0	0.0	1.0	0.0	1.0	0	0	0	1	6.933333	1.8133334	48.071106	12.572444	0.0	6.933333	0.0	14.3	1218	9.5	10.8	238	7.08	33.7	27.86	38.7	916.5865	1.072263	6.8206563		50.0			50.0	114.67	53.46	46.65			1466.6666
"Amhara"	"North_Gonder"	"West_Belesa"	"Abaytera"	39	691	"Sorghum"	"Midslope"	1.0	45	3	31	1	6	3.5	60.0	1.0	1.25	1.5625	0.0	0.0	0.0	0.0	0.0	1.0	0	1	0	1	0.0	0.0	0.0	0.0	0.0	0.0	0.0	14.3	1218	9.5	10.8	238	7.08	33.7	27.86	38.7	916.5865	1.072263	6.8206563						114.67	53.46	46.65			1040.0
"Amhara"	"North_Gonder"	"West_Belesa"	"Abaytera"	39	693	"Sorghum"	"Midslope"	1.0	52	3	35	1	6	2.9	60.0	1.0	0.5	0.25	0.0	1.0	0.0	0.0	0.0	0.0	0	1	0	1	0.0	0.0	0.0	0.0	0.0	0.0	0.0	14.3	1218	9.5	10.8	238	7.08	33.7	27.86	38.7	916.5865	1.072263	6.8206563						114.67	53.46	46.65			1400.0
"Amhara"	"North_Gonder"	"West_Belesa"	"Abaytera"	39	695	"Sorghum"	"Midslope"	1.0	65	3	51	1	8	3.9	60.0	1.0	0.5	0.25	0.0	0.0	0.0	0.0	0.0	0.0	0	1	0	0	0.0	0.0	0.0	0.0	0.0	0.0	0.0	14.1	1327	9.7	10.6	239	7.12	34.2	27.62	39.5	924.02246	1.0534844	6.8287363						114.67	53.46	46.65			1600.0
"Amhara"	"North_Gonder"	"West_Belesa"	"Abaytera"	39	711	"Teff"	"Footslope"	1.0	40	0	30	1	6	3.1	60.0	1.0	0.25	0.0625	1.0	0.0	1.0	0.0	0.0	0.0	0	1	0	1	26.0	6.8	676.0	176.8	26.0	0.0	0.0	14.3	1218	9.5	10.8	238	7.08	33.7	27.86	38.7	916.5865	1.072263	6.8206563		50.0			50.0	114.67	53.46	46.65	0.47		600.0
"Amhara"	"North_Gonder"	"West_Belesa"	"Abaytera"	39	718	"Teff"	"Footslope"	1.0	47	3	30	1	7	3.0	60.0	1.0	0.5	0.25	1.0	1.0	0.0	0.0	0.0	1.0	0	1	1	1	9.1	2.38	82.810005	21.658003	9.1	0.0	0.0	14.6	1167	9.6	10.6	249	7.15	32.5	27.91	40.3	924.02246	1.0534844	6.8287363		100.0			75.0	114.67	53.46	46.65	0.47		400.0
"Amhara"	"North_Gonder"	"West_Belesa"	"Abaytera"	39	718	"Sorghum"	"Midslope"	1.0	47	3	30	1	7	3.0	60.0	1.0	0.25	0.0625	1.0	0.0	0.0	1.0	0.0	1.0	0	1	0	1	26.0	6.8	676.0	176.8	0.0	26.0	0.0	14.6	1167	9.6	10.6	249	7.15	32.5	27.91	40.3	924.02246	1.0534844	6.8287363		100.0			75.0	114.67	53.46	46.65			1600.0
"Amhara"	"North_Gonder"	"West_Belesa"	"Abaytera"	39	687	"Sorghum"	"Footslope"	1.0	49	3	35	1	9	4.0	60.0	1.0	0.25	0.0625	1.0	0.0	0.0	1.0	0.0	0.0	0	0	0	1	13.0	3.4	169.0	44.2	13.0	0.0	0.0	14.1	1327	9.7	10.6	239	7.12	34.2	27.62	39.5	924.02246	1.0534844	6.8287363		80.0			75.0	114.67	53.46	46.65			1200.0
"Amhara"	"North_Gonder"	"West_Belesa"	"Abaytera"	39	695	"Teff"	"Midslope"	1.0	65	3	51	1	8	3.9	60.0	0.0	0.25	0.0625	0.0	0.0	0.0	0.0	0.0	0.0	0	1	0	1	0.0	0.0	0.0	0.0	0.0	0.0	0.0	14.1	1327	9.7	10.6	239	7.12	34.2	27.62	39.5	924.02246	1.0534844	6.8287363						114.67	53.46	46.65	0.47		800.0
"Amhara"	"North_Gonder"	"West_Belesa"	"Abaytera"	39	687	"Teff"	"Footslope"	1.0	49	3	35	1	9	4.0	60.0	1.0	0.25	0.0625	1.0	1.0	0.0	1.0	0.0	0.0	1	0	0	1	3.68	0.0	13.5424	0.0	3.68	0.0	0.0	14.1	1327	9.7	10.6	239	7.12	34.2	27.62	39.5	924.02246	1.0534844	6.8287363					75.0	114.67	53.46	46.65	0.47		200.0
"Amhara"	"North_Gonder"	"West_Belesa"	"Abaytera"	39	686	"Sorghum"	"Footslope"	1.0	66	0	50	1	9	4.2	60.0	1.0	0.5	0.25	1.0	0.0	0.0	1.0	0.0	0.0	0	0	0	0	15.6	4.08	243.36002	63.648	15.6	0.0	0.0	14.3	1218	9.5	10.8	238	7.08	33.7	27.86	38.7	916.5865	1.072263	6.8206563		54.166668			54.166668	114.67	53.46	46.65			400.0
"Amhara"	"North_Gonder"	"West_Belesa"	"Abaytera"	39	691	"Teff"	"Midslope"	1.0	45	3	31	1	6	3.5	60.0	0.0	0.5	0.25	1.0	0.0	0.0	0.0	0.0	1.0	0	1	0	1	21.0	8.5	441.0	178.5	0.0	21.0	0.0	14.3	1218	9.5	10.8	238	7.08	33.7	27.86	38.7	916.5865	1.072263	6.8206563		25.0			50.0	114.67	53.46	46.65	0.47		480.0
"Amhara"	"North_Gonder"	"West_Belesa"	"Abaytera"	39	716	"Sorghum"	"Midslope"	1.0	25	0	12	1	6	2.7	60.0	0.0	0.25	0.0625	1.0	0.0	0.0	0.0	0.0	1.0	0	1	0	1	13.0	3.4	169.0	44.2	0.0	13.0	0.0	14.3	1218	9.5	10.8	238	7.08	33.7	27.86	38.7	916.5865	1.072263	6.8206563		55.8			50.0	114.67	53.46	46.65			1600.0
"Amhara"	"North_Gonder"	"West_Belesa"	"Abaytera"	39	713	"Teff"	"Footslope"	1.0	48	9	30	1	9	4.4	60.0	1.0	0.75	0.5625	1.0	0.0	0.0	1.0	0.0	1.0	0	1	1	1	8.16	1.8133334	66.585594	14.796801	8.16	0.0	0.0	14.3	1218	9.5	10.8	238	7.08	33.7	27.86	38.7	916.5865	1.072263	6.8206563		50.0			50.0	114.67	53.46	46.65	0.47		400.0
"Amhara"	"North_Gonder"	"West_Belesa"	"Abaytera"	39	709	"Teff"	"Midslope"	1.0	35	10	22	1	6	2.9	60.0	0.0	1.0	1.0	1.0	0.0	1.0	1.0	0.0	1.0	0	1	0	1	3.25	0.85	10.5625	2.7625	0.0	3.25	0.0	14.3	1218	9.5	10.8	238	7.08	33.7	27.86	38.7	916.5865	1.072263	6.8206563		50.0			50.0	114.67	53.46	46.65	0.47		300.0
"Amhara"	"East_Gojjam"	"Gozamin"	"Giraram"	40	947	"Wheat"	"Hillslope"	1.0	36	8	8	1	4	2.1	30.0	0.0	0.25	0.0625	1.0	0.0	1.0	1.0	0.0	1.0	1	1	0	0	149.0	51.0	22201.0	7599.0	0.0	0.0	149.0	30.3	52375	20.1	12.9	227	5.82	31.2	26.37	37.4	1008.1138	1.7463454	6.9158363			44.0		44.0	114.67	53.46	46.65		0.41	3000.0
"Amhara"	"East_Gojjam"	"Gozamin"	"Giraram"	40	849	"Wheat"	"Footslope"	1.0	52	4	38	1	7	3.6	30.0	1.0	0.25	0.0625	1.0	0.0	0.0	0.0	1.0	0.0	0	0	0	1	168.0	68.0	28224.0	11424.0	168.0	0.0	0.0	29.7	35064	19.9	12.9	240	5.8	30.2	26.83	37.4	1008.1138	1.7463454	6.9158363			18.0		36.0	114.67	53.46	46.65		0.41	2000.0
"Amhara"	"East_Gojjam"	"Gozamin"	"Giraram"	40	929	"Wheat"	"Hillslope"	1.0	26	0	6	1	4	2.1	30.0	0.0	0.25	0.0625	1.0	0.0	1.0	1.0	1.0	0.0	0	1	0	1	130.0	34.0	16900.0	4420.0	0.0	0.0	130.0	28.4	47705	20.0	13.5	245	5.85	31.2	26.73	36.4	1008.1138	1.7463454	6.9158363			44.0		44.0	114.67	53.46	46.65		0.41	2000.0
"Amhara"	"East_Gojjam"	"Gozamin"	"Giraram"	40	850	"Wheat"	"Midslope"	1.0	43	5	29	1	4	2.3	30.0	1.0	0.35	0.1225	1.0	1.0	1.0	1.0	1.0	1.0	0	0	0	0	120.0	48.57143	14400.0	5828.572	0.0	120.0	0.0	28.8	61611	19.1	13.3	231	5.9	32.8	26.86	36.9	1008.1138	1.7463454	6.9158363			38.0		36.0	114.67	53.46	46.65		0.41	2142.8572
"Amhara"	"East_Gojjam"	"Gozamin"	"Giraram"	40	850	"Teff"	"Midslope"	1.0	43	5	29	1	4	2.3	30.0	1.0	0.5	0.25	1.0	1.0	1.0	0.0	0.0	0.0	0	0	0	1	80.0	51.0	6400.0	4080.0	0.0	80.0	0.0	28.8	61611	19.1	13.3	231	5.9	32.8	26.86	36.9	1008.1138	1.7463454	6.9158363			38.0		36.0	114.67	53.46	46.65	0.47		1000.0
"Amhara"	"East_Gojjam"	"Gozamin"	"Giraram"	40	845	"Teff"	"Midslope"	1.0	47	4	33	1	4	2.3	30.0	1.0	0.35	0.1225	1.0	0.0	0.0	0.0	0.0	0.0	1	0	0	1	46.42857	12.142858	2155.612	563.7755	0.0	46.42857	0.0	28.4	39639	19.1	13.7	251	5.83	30.2	26.18	36.8	1008.1138	1.7463454	6.9158363			40.0		40.0	114.67	53.46	46.65	0.47		1714.2858
"Amhara"	"East_Gojjam"	"Gozamin"	"Giraram"	40	939	"Teff"	"Footslope"	1.0	38	0	18	1	6	3.1	30.0	1.0	0.25	0.0625	1.0	1.0	0.0	0.0	0.0	0.0	0	1	0	1	84.0	34.0	7056.0	2856.0	84.0	0.0	0.0	29.5	38854	20.4	12.7	238	5.78	31.1	26.48	36.5	1008.1138	1.7463454	6.9158363			56.0		56.0	114.67	53.46	46.65	0.47		600.0
"Amhara"	"East_Gojjam"	"Gozamin"	"Giraram"	40	1059	"Wheat"	"Midslope"	1.0	65	0	40	1	4	2.3	30.0	1.0	0.37	0.1369	1.0	0.0	0.0	1.0	1.0	1.0	0	0	0	0	100.675674	34.45946	10135.592	3469.2295	0.0	100.675674	0.0	28.8	61611	19.1	13.3	231	5.9	32.8	26.86	36.9	1008.1138	1.7463454	6.9158363			45.333332		45.0	114.67	53.46	46.65		0.41	2432.4324
"Amhara"	"East_Gojjam"	"Gozamin"	"Giraram"	40	847	"Teff"	"Footslope"	1.0	42	0	28	1	7	3.6	30.0	1.0	0.125	0.015625	1.0	0.0	0.0	0.0	0.0	0.0	1	0	0	1	130.0	34.0	16900.0	4420.0	130.0	0.0	0.0	28.4	47705	20.0	13.5	245	5.85	31.2	26.73	36.4	1008.1138	1.7463454	6.9158363			36.0		36.0	114.67	53.46	46.65	0.47		2400.0
"Amhara"	"East_Gojjam"	"Gozamin"	"Giraram"	40	869	"Teff"	"Footslope"	1.0	37	0	23	1	6	2.9	30.0	1.0	0.12	0.0144	1.0	0.0	0.0	0.0	0.0	0.0	1	0	0	1	310.41666	106.25	96358.5	32981.77	310.41666	0.0	0.0	29.5	38854	20.4	12.7	238	5.78	31.1	26.48	36.5	1008.1138	1.7463454	6.9158363			32.0		32.0	114.67	53.46	46.65	0.47		1666.6666
"Amhara"	"East_Gojjam"	"Gozamin"	"Giraram"	40	847	"Wheat"	"Midslope"	1.0	42	0	28	1	7	3.6	30.0	1.0	0.25	0.0625	1.0	0.0	0.0	0.0	1.0	1.0	0	0	0	1	76.4	27.2	5836.9604	2078.08	0.0	76.4	0.0	28.4	47705	20.0	13.5	245	5.85	31.2	26.73	36.4	1008.1138	1.7463454	6.9158363			41.0		36.0	114.67	53.46	46.65		0.41	2000.0
"Amhara"	"East_Gojjam"	"Gozamin"	"Giraram"	40	947	"Teff"	"Footslope"	1.0	36	8	8	1	4	2.1	30.0	0.0	0.25	0.0625	1.0	0.0	1.0	0.0	0.0	1.0	1	1	0	1	130.0	34.0	16900.0	4420.0	130.0	0.0	0.0	30.3	52375	20.1	12.9	227	5.82	31.2	26.37	37.4	1008.1138	1.7463454	6.9158363			44.0		44.0	114.67	53.46	46.65	0.47		1200.0
"Amhara"	"East_Gojjam"	"Gozamin"	"Giraram"	40	1060	"Teff"	"Footslope"	1.0	42	3	20	1	6	3.1	30.0	1.0	0.25	0.0625	1.0	0.0	0.0	0.0	0.0	0.0	1	0	0	0	130.0	34.0	16900.0	4420.0	130.0	0.0	0.0	29.5	38854	20.4	12.7	238	5.78	31.1	26.48	36.5	1008.1138	1.7463454	6.9158363			45.0		45.0	114.67	53.46	46.65	0.47		1800.0
"Amhara"	"East_Gojjam"	"Gozamin"	"Giraram"	40	939	"Wheat"	"Footslope"	1.0	38	0	18	1	6	3.1	30.0	0.0	0.75	0.5625	1.0	0.0	0.0	0.0	1.0	1.0	0	0	0	1	99.333336	34.0	9867.111	3377.3335	99.333336	0.0	0.0	29.5	38854	20.4	12.7	238	5.78	31.1	26.48	36.5	1008.1138	1.7463454	6.9158363			56.0		56.0	114.67	53.46	46.65		0.41	2400.0
"Amhara"	"East_Gojjam"	"Gozamin"	"Giraram"	40	1059	"Teff"	"Footslope"	1.0	65	0	40	1	4	2.3	30.0	1.0	0.25	0.0625	1.0	0.0	0.0	0.0	0.0	1.0	0	0	0	0	130.0	34.0	16900.0	4420.0	130.0	0.0	0.0	28.8	61611	19.1	13.3	231	5.9	32.8	26.86	36.9	1008.1138	1.7463454	6.9158363			45.0		45.0	114.67	53.46	46.65	0.47		1000.0
"Amhara"	"East_Gojjam"	"Gozamin"	"Giraram"	40	869	"Wheat"	"Footslope"	1.0	37	0	23	1	6	2.9	30.0	1.0	0.35	0.1225	1.0	0.0	0.0	1.0	1.0	1.0	0	0	0	0	65.42857	29.142857	4280.8984	1906.7755	65.42857	0.0	0.0	29.5	38854	20.4	12.7	238	5.78	31.1	26.48	36.5	1008.1138	1.7463454	6.9158363			33.333332		32.0	114.67	53.46	46.65		0.41	2857.1428
"Amhara"	"East_Gojjam"	"Gozamin"	"Giraram"	40	845	"Wheat"	"Footslope"	1.0	47	4	33	1	4	2.3	30.0	1.0	0.25	0.0625	1.0	0.0	1.0	1.0	1.0	1.0	1	0	0	1	84.0	34.0	7056.0	2856.0	84.0	0.0	0.0	28.4	39639	19.1	13.7	251	5.83	30.2	26.18	36.8	1008.1138	1.7463454	6.9158363			40.0		40.0	114.67	53.46	46.65		0.41	2800.0
"Amhara"	"East_Gojjam"	"Gozamin"	"Giraram"	40	849	"Teff"	"Footslope"	1.0	52	4	38	1	7	3.6	30.0	1.0	0.25	0.0625	1.0	0.0	0.0	0.0	0.0	0.0	0	0	0	1	50.4	20.4	2540.1602	1028.16	50.4	0.0	0.0	29.7	35064	19.9	12.9	240	5.8	30.2	26.83	37.4	1008.1138	1.7463454	6.9158363			40.0		40.0	114.67	53.46	46.65	0.47		1000.0
"Amhara"	"East_Gojjam"	"Gozamin"	"Giraram"	40	849	"Teff"	"Footslope"	1.0	52	4	38	1	7	3.6	30.0	1.0	0.125	0.015625	1.0	0.0	0.0	0.0	0.0	0.0	1	0	0	1	168.0	68.0	28224.0	11424.0	168.0	0.0	0.0	29.7	35064	19.9	12.9	240	5.8	30.2	26.83	37.4	1008.1138	1.7463454	6.9158363			36.0		36.0	114.67	53.46	46.65	0.47		1200.0
"Amhara"	"East_Gojjam"	"Gozamin"	"Giraram"	40	929	"Teff"	"Hillslope"	1.0	26	0	6	1	4	2.1	30.0	0.0	0.25	0.0625	1.0	0.0	1.0	0.0	0.0	0.0	0	1	0	1	84.0	34.0	7056.0	2856.0	0.0	0.0	84.0	28.4	47705	20.0	13.5	245	5.85	31.2	26.73	36.4	1008.1138	1.7463454	6.9158363			44.0		44.0	114.67	53.46	46.65	0.47		1200.0
"Amhara"	"East_Gojjam"	"Gozamin"	"Giraram"	40	845	"Teff"	"Midslope"	1.0	47	4	33	1	4	2.3	30.0	1.0	0.125	0.015625	1.0	0.0	0.0	0.0	0.0	0.0	1	0	0	1	114.0	102.0	12996.0	11628.0	0.0	114.0	0.0	28.4	39639	19.1	13.7	251	5.83	30.2	26.18	36.8	1008.1138	1.7463454	6.9158363			20.0			114.67	53.46	46.65	0.47		1600.0
"Amhara"	"East_Gojjam"	"Gozamin"	"Giraram"	40	1060	"Wheat"	"Midslope"	1.0	42	3	20	1	6	3.1	30.0	1.0	0.25	0.0625	1.0	0.0	0.0	1.0	1.0	1.0	0	0	0	0	168.0	68.0	28224.0	11424.0	0.0	168.0	0.0	29.5	38854	20.4	12.7	238	5.78	31.1	26.48	36.5	1008.1138	1.7463454	6.9158363			44.0		45.0	114.67	53.46	46.65		0.41	2400.0
"Amhara"	"East_Gojjam"	"Gozamin"	"Giraram"	40	845	"Wheat"	"Footslope"	1.0	47	4	33	1	4	2.3	30.0	1.0	0.35	0.1225	1.0	0.0	1.0	1.0	1.0	1.0	1	0	0	1	57.142857	36.42857	3265.3062	2081.6326	57.142857	0.0	0.0	28.4	39639	19.1	13.7	251	5.83	30.2	26.18	36.8	1008.1138	1.7463454	6.9158363			40.0		40.0	114.67	53.46	46.65		0.41	3571.4285
"Amhara"	"East_Gojjam"	"Gozamin"	"Giraram"	40	850	"Teff"	"Footslope"	1.0	43	5	29	1	4	2.3	30.0	1.0	0.25	0.0625	1.0	0.0	1.0	0.0	0.0	0.0	0	0	0	1	84.0	34.0	7056.0	2856.0	84.0	0.0	0.0	28.8	61611	19.1	13.3	231	5.9	32.8	26.86	36.9	1008.1138	1.7463454	6.9158363			36.0		36.0	114.67	53.46	46.65	0.47		1200.0
"Amhara"	"East_Gojjam"	"Gozamin"	"Giraram"	40	849	"Wheat"	"Footslope"	1.0	52	4	38	1	7	3.6	30.0	1.0	0.125	0.015625	1.0	0.0	0.0	0.0	1.0	0.0	0	0	0	1	67.2	27.2	4515.8394	1827.84	67.2	0.0	0.0	29.7	35064	19.9	12.9	240	5.8	30.2	26.83	37.4	1008.1138	1.7463454	6.9158363			40.0		40.0	114.67	53.46	46.65		0.41	1600.0
"Amhara"	"East_Gojjam"	"Gozamin"	"Giraram"	40	929	"Wheat"	"Hillslope"	1.0	26	0	6	1	4	2.1	30.0	0.0	0.25	0.0625	1.0	0.0	1.0	0.0	1.0	0.0	0	1	0	1	130.0	34.0	16900.0	4420.0	0.0	0.0	130.0	28.4	47705	20.0	13.5	245	5.85	31.2	26.73	36.4	1008.1138	1.7463454	6.9158363			44.0		44.0	114.67	53.46	46.65		0.41	2000.0
"Amhara"	"East_Gojjam"	"Gozamin"	"Giraram"	40	869	"Wheat"	"Footslope"	1.0	37	0	23	1	6	2.9	30.0	1.0	0.125	0.015625	1.0	0.0	0.0	1.0	1.0	1.0	0	0	0	0	183.2	81.6	33562.24	14949.119	183.2	0.0	0.0	29.5	38854	20.4	12.7	238	5.78	31.1	26.48	36.5	1008.1138	1.7463454	6.9158363			33.333332		32.0	114.67	53.46	46.65		0.41	3200.0
"Southern_Nations,_Nationalities_and_Peoples"	"Hadiya"	"Lemo"	"Ambicho_gode"	41	2	"Wheat"	"Midslope"	1.0	60	0	40	1	6	3.5	30.0	1.0	0.25	0.0625	1.0	0.0	0.0	1.0	1.0	1.0	1	1	0	1	130.0	34.0	16900.0	4420.0	0.0	130.0	0.0	22.1	50253	19.4	8.2	220	5.7	36.2	27.74	33.5	689.825	2.3819942	6.536438			40.0		40.0	122.76	54.66	47.98		0.39	3200.0
"Southern_Nations,_Nationalities_and_Peoples"	"Hadiya"	"Lemo"	"Ambicho_gode"	41	29	"Wheat"	"Midslope"	1.0	38	9	10	1	4	2.3	30.0	1.0	0.3	0.09	0.0	0.0	0.0	0.0	0.0	1.0	1	0	0	0	0.0	0.0	0.0	0.0	0.0	0.0	0.0	22.1	50253	19.4	8.2	220	5.7	36.2	27.74	33.5	689.825	2.3819942	6.536438						122.76	54.66	47.98		0.39	2666.6667
"Southern_Nations,_Nationalities_and_Peoples"	"Hadiya"	"Lemo"	"Ambicho_gode"	41	28	"Teff"	"Footslope"	1.0	60	0	30	1	7	3.4	30.0	1.0	0.5	0.25	1.0	0.0	1.0	1.0	0.0	0.0	1	0	0	0	111.0	17.0	12321.0	1887.0	111.0	0.0	0.0	22.1	50253	19.4	8.2	220	5.7	36.2	27.74	33.5	689.825	2.3819942	6.536438			70.0		70.0	122.76	54.66	47.98	0.45		1000.0
"Southern_Nations,_Nationalities_and_Peoples"	"Hadiya"	"Lemo"	"Ambicho_gode"	41	20	"Teff"	"Midslope"	1.0	50	12	32	1	10	4.9	30.0	1.0	0.5	0.25	1.0	0.0	0.0	1.0	0.0	0.0	1	0	0	0	65.0	17.0	4225.0	1105.0	0.0	65.0	0.0	22.1	50253	19.4	8.2	220	5.7	36.2	27.74	33.5	689.825	2.3819942	6.536438			43.0		25.0	122.76	54.66	47.98	0.45		8.0
"Southern_Nations,_Nationalities_and_Peoples"	"Hadiya"	"Lemo"	"Ambicho_gode"	41	88	"Wheat"	"Footslope"	1.0	40	5	25	1	7	3.4	30.0	1.0	0.5	0.25	1.0	0.0	0.0	1.0	1.0	0.0	1	1	0	0	42.0	17.0	1764.0	714.0	42.0	0.0	0.0	22.1	50253	19.4	8.2	220	5.7	36.2	27.74	33.5	689.825	2.3819942	6.536438			25.0		50.0	122.76	54.66	47.98		0.39	1000.0
"Southern_Nations,_Nationalities_and_Peoples"	"Hadiya"	"Lemo"	"Ambicho_gode"	41	4	"Wheat"	"Footslope"	1.0	45	12	20	1	8	3.3	30.0	1.0	0.5	0.25	1.0	0.0	0.0	1.0	0.0	1.0	1	1	0	1	65.0	17.0	4225.0	1105.0	65.0	0.0	0.0	22.1	50253	19.4	8.2	220	5.7	36.2	27.74	33.5	689.825	2.3819942	6.536438			38.0		38.0	122.76	54.66	47.98		0.39	22.0
"Southern_Nations,_Nationalities_and_Peoples"	"Hadiya"	"Lemo"	"Ambicho_gode"	41	21	"Teff"	"Midslope"	1.0	22	10	32	1	9	4.6	30.0	1.0	0.5	0.25	1.0	0.0	0.0	1.0	0.0	0.0	1	1	0	0	19.46	17.0	378.69156	330.81998	0.0	19.46	0.0	22.1	50253	19.4	8.2	220	5.7	36.2	27.74	33.5	689.825	2.3819942	6.536438			50.0		75.0	122.76	54.66	47.98	0.45		13.0
"Southern_Nations,_Nationalities_and_Peoples"	"Hadiya"	"Lemo"	"Ambicho_gode"	41	20	"Wheat"	"Midslope"	1.0	50	12	32	1	10	4.9	30.0	1.0	0.75	0.5625	1.0	0.0	0.0	1.0	1.0	0.0	1	1	0	1	56.0	22.666666	3136.0	1269.3333	0.0	56.0	0.0	22.1	50253	19.4	8.2	220	5.7	36.2	27.74	33.5	689.825	2.3819942	6.536438			24.5		45.0	122.76	54.66	47.98		0.39	1600.0
"Southern_Nations,_Nationalities_and_Peoples"	"Hadiya"	"Lemo"	"Ambicho_gode"	41	27	"Teff"	"Footslope"	1.0	35	16	10	1	5	2.6	30.0	1.0	0.125	0.015625	1.0	0.0	1.0	1.0	1.0	1.0	1	1	0	0	394.96	136.0	155993.39	53714.56	394.96	0.0	0.0	22.1	50253	19.4	8.2	220	5.7	36.2	27.74	33.5	689.825	2.3819942	6.536438			42.0		56.0	122.76	54.66	47.98	0.45		2400.0
"Southern_Nations,_Nationalities_and_Peoples"	"Hadiya"	"Lemo"	"Ambicho_gode"	41	22	"Teff"	"Footslope"	1.0	38	16	31	1	5	2.4	30.0	1.0	0.125	0.015625	1.0	0.0	0.0	1.0	0.0	0.0	1	1	0	0	130.0	34.0	16900.0	4420.0	130.0	0.0	0.0	22.1	50253	19.4	8.2	220	5.7	36.2	27.74	33.5	689.825	2.3819942	6.536438			27.2		26.8	122.76	54.66	47.98	0.45		1600.0
"Southern_Nations,_Nationalities_and_Peoples"	"Hadiya"	"Lemo"	"Ambicho_gode"	41	3	"Wheat"	"Midslope"	1.0	50	8	30	1	8	3.9	30.0	1.0	0.25	0.0625	1.0	0.0	0.0	1.0	1.0	1.0	1	1	0	1	130.0	34.0	16900.0	4420.0	0.0	130.0	0.0	22.1	50253	19.4	8.2	220	5.7	36.2	27.74	33.5	689.825	2.3819942	6.536438			38.0		38.0	122.76	54.66	47.98		0.39	32.0
"Southern_Nations,_Nationalities_and_Peoples"	"Hadiya"	"Lemo"	"Ambicho_gode"	41	4	"Teff"	"Midslope"	1.0	45	12	20	1	8	3.3	30.0	1.0	0.25	0.0625	1.0	0.0	0.0	1.0	0.0	0.0	1	1	0	1	103.0	51.0	10609.0	5253.0	0.0	103.0	0.0	22.1	50253	19.4	8.2	220	5.7	36.2	27.74	33.5	689.825	2.3819942	6.536438			20.0		44.0	122.76	54.66	47.98	0.45		12.0
"Southern_Nations,_Nationalities_and_Peoples"	"Hadiya"	"Lemo"	"Ambicho_gode"	41	22	"Wheat"	"Footslope"	1.0	38	16	31	1	5	2.4	30.0	1.0	0.125	0.015625	1.0	0.0	0.0	1.0	1.0	0.0	1	1	0	0	92.0	0.0	8464.0	0.0	92.0	0.0	0.0	22.1	50253	19.4	8.2	220	5.7	36.2	27.74	33.5	689.825	2.3819942	6.536438					26.8	122.76	54.66	47.98		0.39	800.0
"Southern_Nations,_Nationalities_and_Peoples"	"Hadiya"	"Lemo"	"Ambicho_gode"	41	88	"Teff"	"Midslope"	1.0	40	5	25	1	7	3.4	30.0	1.0	0.125	0.015625	1.0	0.0	0.0	1.0	0.0	0.0	1	1	0	0	130.0	34.0	16900.0	4420.0	0.0	130.0	0.0	22.1	50253	19.4	8.2	220	5.7	36.2	27.74	33.5	689.825	2.3819942	6.536438			50.0		52.0	122.76	54.66	47.98	0.45		16.0
"Southern_Nations,_Nationalities_and_Peoples"	"Hadiya"	"Lemo"	"Ambicho_gode"	41	21	"Wheat"	"Footslope"	1.0	22	10	32	1	9	4.6	30.0	1.0	0.125	0.015625	1.0	0.0	0.0	1.0	1.0	0.0	1	1	0	0	92.0	0.0	8464.0	0.0	92.0	0.0	0.0	22.1	50253	19.4	8.2	220	5.7	36.2	27.74	33.5	689.825	2.3819942	6.536438					50.0	122.76	54.66	47.98		0.39	4000.0
"Southern_Nations,_Nationalities_and_Peoples"	"Hadiya"	"Lemo"	"Ambicho_gode"	41	20	"Teff"	"Midslope"	1.0	50	12	32	1	10	4.9	30.0	1.0	0.5	0.25	1.0	0.0	0.0	1.0	0.0	0.0	1	1	0	0	65.0	17.0	4225.0	1105.0	0.0	65.0	0.0	22.1	50253	19.4	8.2	220	5.7	36.2	27.74	33.5	689.825	2.3819942	6.536438			43.0		25.0	122.76	54.66	47.98	0.45		8.0
"Southern_Nations,_Nationalities_and_Peoples"	"Hadiya"	"Lemo"	"Ambicho_gode"	41	2	"Teff"	"Footslope"	1.0	60	0	40	1	6	3.5	30.0	1.0	0.25	0.0625	1.0	0.0	0.0	1.0	0.0	0.0	1	1	0	1	130.0	34.0	16900.0	4420.0	130.0	0.0	0.0	22.1	50253	19.4	8.2	220	5.7	36.2	27.74	33.5	689.825	2.3819942	6.536438			40.0		40.0	122.76	54.66	47.98	0.45		800.0
"Southern_Nations,_Nationalities_and_Peoples"	"Hadiya"	"Lemo"	"Ambicho_gode"	41	20	"Teff"	"Midslope"	1.0	50	12	32	1	10	4.9	30.0	1.0	0.5	0.25	1.0	0.0	0.0	1.0	0.0	0.0	1	1	0	0	65.0	17.0	4225.0	1105.0	0.0	65.0	0.0	22.1	50253	19.4	8.2	220	5.7	36.2	27.74	33.5	689.825	2.3819942	6.536438			43.0		25.0	122.76	54.66	47.98	0.45		8.0
"Southern_Nations,_Nationalities_and_Peoples"	"Hadiya"	"Lemo"	"Ambicho_gode"	41	3	"Teff"	"Footslope"	1.0	50	8	30	1	8	3.9	30.0	1.0	0.25	0.0625	1.0	0.0	0.0	0.0	0.0	0.0	1	1	0	1	130.0	34.0	16900.0	4420.0	130.0	0.0	0.0	22.1	50253	19.4	8.2	220	5.7	36.2	27.74	33.5	689.825	2.3819942	6.536438			38.0		38.0	122.76	54.66	47.98	0.45		8.0
"Amhara"	"East_Gojjam"	"Gozamin"	"Chimboard"	42	1037	"Wheat"	"Footslope"	1.0	41	0	25	1	7	3.4	10.0	0.0	0.25	0.0625	1.0	0.0	0.0	1.0	1.0	1.0	0	0	0	0	103.0	51.0	10609.0	5253.0	103.0	0.0	0.0	24.7	27294	18.4	11.8	239	5.81	34.0	25.81	37.2	971.4534	1.833278	6.8787932			46.666668		45.0	114.67	53.46	46.65		0.41	44.0
"Amhara"	"East_Gojjam"	"Gozamin"	"Chimboard"	42	1039	"Wheat"	"Footslope"	1.0	39	0	25	1	5	2.6	10.0	0.0	0.25	0.0625	1.0	0.0	0.0	1.0	1.0	1.0	1	0	0	0	190.08	68.0	36130.406	12925.44	190.08	0.0	0.0	25.7	33193	19.1	11.4	238	5.78	34.4	26.13	37.2	971.4534	1.833278	6.8787932			44.0		51.612904	114.67	53.46	46.65		0.41	4000.0
"Amhara"	"East_Gojjam"	"Gozamin"	"Chimboard"	42	1040	"Teff"	"Footslope"	1.0	53	0	37	1	7	3.4	10.0	1.0	0.25	0.0625	1.0	0.0	0.0	0.0	0.0	0.0	1	0	0	0	149.0	51.0	22201.0	7599.0	149.0	0.0	0.0	24.7	27294	18.4	11.8	239	5.81	34.0	25.81	37.2	971.4534	1.833278	6.8787932			45.333332		45.0	114.67	53.46	46.65	0.47		1600.0
"Amhara"	"East_Gojjam"	"Gozamin"	"Chimboard"	42	944	"Teff"	"Footslope"	1.0	70	0	50	1	7	3.6	10.0	1.0	0.25	0.0625	1.0	0.0	0.0	0.0	0.0	0.0	0	1	0	1	122.0	68.0	14884.0	8296.0	122.0	0.0	0.0	24.7	27294	18.4	11.8	239	5.81	34.0	25.81	37.2	971.4534	1.833278	6.8787932			18.0		36.0	114.67	53.46	46.65	0.47		1200.0
"Amhara"	"East_Gojjam"	"Gozamin"	"Chimboard"	42	1040	"Teff"	"Midslope"	1.0	53	0	37	1	7	3.4	10.0	1.0	0.25	0.0625	1.0	0.0	0.0	0.0	0.0	0.0	1	0	0	0	84.0	34.0	7056.0	2856.0	0.0	84.0	0.0	24.7	27294	18.4	11.8	239	5.81	34.0	25.81	37.2	971.4534	1.833278	6.8787932			45.0		45.0	114.67	53.46	46.65	0.47		1200.0
"Amhara"	"East_Gojjam"	"Gozamin"	"Chimboard"	42	940	"Teff"	"Hillslope"	1.0	62	0	42	1	7	4.0	10.0	1.0	0.5	0.25	1.0	0.0	0.0	0.0	0.0	0.0	0	1	0	1	130.0	34.0	16900.0	4420.0	0.0	0.0	130.0	25.7	33193	19.1	11.4	238	5.78	34.4	26.13	37.2	971.4534	1.833278	6.8787932			40.0		40.0	114.67	53.46	46.65	0.47		2400.0
"Amhara"	"East_Gojjam"	"Gozamin"	"Chimboard"	42	940	"Wheat"	"Footslope"	1.0	62	0	42	1	7	4.0	10.0	1.0	0.5	0.25	1.0	0.0	0.0	1.0	1.0	0.0	0	1	0	1	32.5	8.5	1056.25	276.25	32.5	0.0	0.0	25.7	33193	19.1	11.4	238	5.78	34.4	26.13	37.2	971.4534	1.833278	6.8787932			40.0		40.0	114.67	53.46	46.65		0.41	1600.0
"Amhara"	"East_Gojjam"	"Gozamin"	"Chimboard"	42	942	"Wheat"	"Hillslope"	1.0	44	0	23	1	6	2.9	10.0	0.0	0.25	0.0625	1.0	0.0	1.0	1.0	1.0	1.0	0	1	0	0	168.0	68.0	28224.0	11424.0	0.0	0.0	168.0	25.7	33193	19.1	11.4	238	5.78	34.4	26.13	37.2	971.4534	1.833278	6.8787932			36.0		24.95	114.67	53.46	46.65		0.41	3200.0
"Amhara"	"East_Gojjam"	"Gozamin"	"Chimboard"	42	941	"Teff"	"Midslope"	1.0	30	4	8	1	4	2.3	10.0	0.0	0.25	0.0625	1.0	1.0	0.0	1.0	0.0	1.0	1	1	0	1	84.0	34.0	7056.0	2856.0	0.0	84.0	0.0	24.7	27294	18.4	11.8	239	5.81	34.0	25.81	37.2	971.4534	1.833278	6.8787932			37.5		37.4	114.67	53.46	46.65	0.47		1200.0
"Amhara"	"East_Gojjam"	"Gozamin"	"Chimboard"	42	941	"Teff"	"Footslope"	1.0	30	4	8	1	4	2.3	10.0	0.0	0.125	0.015625	1.0	0.0	0.0	0.0	0.0	0.0	1	0	0	1	168.0	68.0	28224.0	11424.0	168.0	0.0	0.0	24.7	27294	18.4	11.8	239	5.81	34.0	25.81	37.2	971.4534	1.833278	6.8787932			37.5		37.4	114.67	53.46	46.65	0.47		1600.0
"Amhara"	"East_Gojjam"	"Gozamin"	"Chimboard"	42	942	"Wheat"	"Footslope"	1.0	44	0	23	1	6	2.9	10.0	1.0	0.125	0.015625	1.0	0.0	1.0	1.0	1.0	1.0	1	1	0	1	168.0	68.0	28224.0	11424.0	168.0	0.0	0.0	25.7	33193	19.1	11.4	238	5.78	34.4	26.13	37.2	971.4534	1.833278	6.8787932			36.0		36.0	114.67	53.46	46.65		0.41	5200.0
"Amhara"	"East_Gojjam"	"Gozamin"	"Chimboard"	42	1038	"Teff"	"Footslope"	1.0	42	5	27	1	6	3.1	10.0	1.0	0.25	0.0625	1.0	0.0	0.0	0.0	0.0	0.0	0	0	0	0	168.0	68.0	28224.0	11424.0	168.0	0.0	0.0	25.7	33193	19.1	11.4	238	5.78	34.4	26.13	37.2	971.4534	1.833278	6.8787932			44.5		45.0	114.67	53.46	46.65	0.47		1200.0
"Amhara"	"East_Gojjam"	"Gozamin"	"Chimboard"	42	1038	"Wheat"	"Midslope"	1.0	42	5	27	1	6	3.1	10.0	1.0	0.37	0.1369	1.0	0.0	0.0	1.0	1.0	0.0	1	0	0	0	51.621624	18.37838	2664.792	948.7218	0.0	51.621624	0.0	25.7	33193	19.1	11.4	238	5.78	34.4	26.13	37.2	971.4534	1.833278	6.8787932			45.0		75.0	114.67	53.46	46.65		0.41	1351.3513
"Amhara"	"East_Gojjam"	"Gozamin"	"Chimboard"	42	942	"Wheat"	"Hillslope"	1.0	44	0	23	1	6	2.9	10.0	0.0	0.25	0.0625	1.0	0.0	1.0	1.0	1.0	1.0	0	1	0	0	168.0	68.0	28224.0	11424.0	0.0	0.0	168.0	25.7	33193	19.1	11.4	238	5.78	34.4	26.13	37.2	971.4534	1.833278	6.8787932			36.0		36.0	114.67	53.46	46.65		0.41	2600.0
"Amhara"	"East_Gojjam"	"Gozamin"	"Chimboard"	42	1039	"Teff"	"Footslope"	1.0	39	0	25	1	5	2.6	10.0	1.0	0.25	0.0625	1.0	0.0	0.0	0.0	0.0	0.0	1	0	0	0	195.0	51.0	38025.0	9945.0	195.0	0.0	0.0	25.7	33193	19.1	11.4	238	5.78	34.4	26.13	37.2	971.4534	1.833278	6.8787932			30.0		30.0	114.67	53.46	46.65	0.47		1600.0
"Amhara"	"East_Gojjam"	"Gozamin"	"Chimboard"	42	1037	"Wheat"	"Midslope"	1.0	41	0	25	1	7	3.4	10.0	0.0	0.25	0.0625	1.0	0.0	0.0	1.0	1.0	1.0	0	0	0	0	149.0	51.0	22201.0	7599.0	0.0	149.0	0.0	24.7	27294	18.4	11.8	239	5.81	34.0	25.81	37.2	971.4534	1.833278	6.8787932			45.333332		45.0	114.67	53.46	46.65		0.41	4400.0
"Amhara"	"East_Gojjam"	"Gozamin"	"Chimboard"	42	1037	"Wheat"	"Midslope"	1.0	41	0	25	1	7	3.4	10.0	0.0	0.25	0.0625	1.0	0.0	0.0	1.0	1.0	0.0	0	0	0	0	130.0	34.0	16900.0	4420.0	0.0	130.0	0.0	24.7	27294	18.4	11.8	239	5.81	34.0	25.81	37.2	971.4534	1.833278	6.8787932			46.0		46.0	114.67	53.46	46.65		0.41	24.0
"Amhara"	"East_Gojjam"	"Gozamin"	"Chimboard"	42	942	"Wheat"	"Midslope"	1.0	44	0	23	1	6	2.9	10.0	0.0	0.25	0.0625	1.0	0.0	1.0	1.0	1.0	1.0	0	1	0	1	84.0	34.0	7056.0	2856.0	0.0	84.0	0.0	25.7	33193	19.1	11.4	238	5.78	34.4	26.13	37.2	971.4534	1.833278	6.8787932			36.0		36.0	114.67	53.46	46.65		0.41	3600.0
"Amhara"	"East_Gojjam"	"Gozamin"	"Chimboard"	42	940	"Wheat"	"Footslope"	1.0	62	0	42	1	7	4.0	10.0	1.0	0.25	0.0625	1.0	1.0	0.0	1.0	1.0	1.0	0	1	0	1	260.0	68.0	67600.0	17680.0	260.0	0.0	0.0	25.7	33193	19.1	11.4	238	5.78	34.4	26.13	37.2	971.4534	1.833278	6.8787932			40.0		40.0	114.67	53.46	46.65		0.41	2400.0
"Amhara"	"East_Gojjam"	"Gozamin"	"Chimboard"	42	943	"Wheat"	"Footslope"	1.0	46	0	22	1	5	2.8	10.0	1.0	0.5	0.25	1.0	0.0	1.0	1.0	1.0	1.0	0	1	0	1	103.0	51.0	10609.0	5253.0	103.0	0.0	0.0	25.7	33193	19.1	11.4	238	5.78	34.4	26.13	37.2	971.4534	1.833278	6.8787932			16.0		32.0	114.67	53.46	46.65		0.41	2500.0
"Amhara"	"East_Gojjam"	"Gozamin"	"Chimboard"	42	1040	"Teff"	"Midslope"	1.0	53	0	37	1	7	3.4	10.0	1.0	0.25	0.0625	1.0	0.0	0.0	0.0	0.0	0.0	1	0	0	0	84.0	34.0	7056.0	2856.0	0.0	84.0	0.0	24.7	27294	18.4	11.8	239	5.81	34.0	25.81	37.2	971.4534	1.833278	6.8787932			45.0		45.0	114.67	53.46	46.65	0.47		1200.0
"Amhara"	"East_Gojjam"	"Gozamin"	"Chimboard"	42	1041	"Teff"	"Footslope"	1.0	52	0	38	1	6	3.3	10.0	1.0	0.5	0.25	1.0	0.0	0.0	0.0	0.0	0.0	0	0	0	0	51.5	25.5	2652.25	1313.25	51.5	0.0	0.0	24.7	27294	18.4	11.8	239	5.81	34.0	25.81	37.2	971.4534	1.833278	6.8787932			45.333332		45.0	114.67	53.46	46.65	0.47		2200.0
"Amhara"	"East_Gojjam"	"Gozamin"	"Chimboard"	42	1038	"Teff"	"Midslope"	1.0	42	5	27	1	6	3.1	10.0	1.0	0.37	0.1369	1.0	0.0	0.0	0.0	0.0	0.0	0	0	0	0	69.5946	34.45946	4843.4077	2398.1924	0.0	69.5946	0.0	25.7	33193	19.1	11.4	238	5.78	34.4	26.13	37.2	971.4534	1.833278	6.8787932			42.0		45.0	114.67	53.46	46.65	0.47		10.810811
"Amhara"	"East_Gojjam"	"Gozamin"	"Chimboard"	42	1041	"Wheat"	"Midslope"	1.0	52	0	38	1	6	3.3	10.0	1.0	0.25	0.0625	1.0	0.0	0.0	1.0	1.0	1.0	0	0	0	0	125.08	51.0	15645.007	6379.08	0.0	125.08	0.0	24.7	27294	18.4	11.8	239	5.81	34.0	25.81	37.2	971.4534	1.833278	6.8787932			45.333332		54.054054	114.67	53.46	46.65		0.41	40.0
"Amhara"	"East_Gojjam"	"Gozamin"	"Chimboard"	42	1038	"Wheat"	"Midslope"	1.0	42	5	27	1	6	3.1	10.0	1.0	0.25	0.0625	1.0	0.0	0.0	1.0	1.0	1.0	0	0	0	0	149.0	51.0	22201.0	7599.0	0.0	149.0	0.0	25.7	33193	19.1	11.4	238	5.78	34.4	26.13	37.2	971.4534	1.833278	6.8787932			45.333332		45.0	114.67	53.46	46.65		0.41	1600.0
"Amhara"	"East_Gojjam"	"Gozamin"	"Chimboard"	42	1039	"Teff"	"Footslope"	1.0	39	0	25	1	5	2.6	10.0	0.0	0.25	0.0625	1.0	0.0	0.0	0.0	0.0	0.0	1	0	0	0	149.0	51.0	22201.0	7599.0	149.0	0.0	0.0	25.7	33193	19.1	11.4	238	5.78	34.4	26.13	37.2	971.4534	1.833278	6.8787932			45.333332		45.0	114.67	53.46	46.65	0.47		1600.0
"Amhara"	"East_Gojjam"	"Gozamin"	"Chimboard"	42	1041	"Teff"	"Footslope"	1.0	52	0	38	1	6	3.3	10.0	1.0	0.25	0.0625	1.0	0.0	0.0	0.0	0.0	0.0	1	0	0	0	309.0	153.0	95481.0	47277.0	309.0	0.0	0.0	24.7	27294	18.4	11.8	239	5.81	34.0	25.81	37.2	971.4534	1.833278	6.8787932			23.11111		45.333332	114.67	53.46	46.65	0.47		1400.0
"Amhara"	"East_Gojjam"	"Gozamin"	"Chimboard"	42	942	"Teff"	"Midslope"	1.0	44	0	23	1	6	2.9	10.0	0.0	0.5	0.25	1.0	0.0	1.0	0.0	0.0	1.0	1	1	0	1	84.0	34.0	7056.0	2856.0	0.0	84.0	0.0	25.7	33193	19.1	11.4	238	5.78	34.4	26.13	37.2	971.4534	1.833278	6.8787932			36.0		36.0	114.67	53.46	46.65	0.47		800.0
"Amhara"	"East_Gojjam"	"Gozamin"	"Chimboard"	42	941	"Wheat"	"Hillslope"	1.0	30	4	8	1	4	2.3	10.0	0.0	0.25	0.0625	1.0	0.0	0.0	1.0	1.0	1.0	0	0	0	1	168.0	68.0	28224.0	11424.0	0.0	0.0	168.0	24.7	27294	18.4	11.8	239	5.81	34.0	25.81	37.2	971.4534	1.833278	6.8787932			18.75		37.5	114.67	53.46	46.65		0.41	3600.0
"Amhara"	"East_Gojjam"	"Gozamin"	"Chimboard"	42	1038	"Wheat"	"Midslope"	1.0	42	5	27	1	6	3.1	10.0	1.0	0.37	0.1369	1.0	0.0	0.0	1.0	1.0	1.0	0	0	0	0	144.59459	45.945946	20907.596	6643.535	0.0	144.59459	0.0	25.7	33193	19.1	11.4	238	5.78	34.4	26.13	37.2	971.4534	1.833278	6.8787932			45.0		46.666668	114.67	53.46	46.65		0.41	1891.8918
"Amhara"	"East_Gojjam"	"Gozamin"	"Chimboard"	42	944	"Wheat"	"Midslope"	1.0	70	0	50	1	7	3.6	10.0	1.0	0.25	0.0625	1.0	0.0	0.0	1.0	1.0	1.0	0	1	0	1	84.0	34.0	7056.0	2856.0	0.0	84.0	0.0	24.7	27294	18.4	11.8	239	5.81	34.0	25.81	37.2	971.4534	1.833278	6.8787932			36.0		36.0	114.67	53.46	46.65		0.41	1600.0
"Amhara"	"East_Gojjam"	"Gozamin"	"Chimboard"	42	1040	"Wheat"	"Footslope"	1.0	53	0	37	1	7	3.4	10.0	1.0	0.25	0.0625	1.0	0.0	0.0	1.0	1.0	1.0	0	0	0	0	260.0	68.0	67600.0	17680.0	260.0	0.0	0.0	24.7	27294	18.4	11.8	239	5.81	34.0	25.81	37.2	971.4534	1.833278	6.8787932			44.0		44.0	114.67	53.46	46.65		0.41	48.0
"Amhara"	"East_Gojjam"	"Gozamin"	"Chimboard"	42	940	"Teff"	"Midslope"	1.0	62	0	42	1	7	4.0	10.0	1.0	0.38	0.1444	1.0	0.0	0.0	0.0	0.0	0.0	0	0	0	1	110.52631	44.736843	12216.066	4944.598	0.0	110.52631	0.0	25.7	33193	19.1	11.4	238	5.78	34.4	26.13	37.2	971.4534	1.833278	6.8787932			40.0		40.0	114.67	53.46	46.65	0.47		2105.2632
"Amhara"	"East_Gojjam"	"Gozamin"	"Chimboard"	42	944	"Wheat"	"Midslope"	1.0	70	0	50	1	7	3.6	10.0	1.0	0.5	0.25	1.0	0.0	0.0	1.0	1.0	1.0	1	1	0	1	83.7	25.5	7005.6895	2134.3499	0.0	83.7	0.0	24.7	27294	18.4	11.8	239	5.81	34.0	25.81	37.2	971.4534	1.833278	6.8787932			36.0		40.0	114.67	53.46	46.65		0.41	1000.0
"Amhara"	"East_Gojjam"	"Gozamin"	"Chimboard"	42	942	"Wheat"	"Footslope"	1.0	44	0	23	1	6	2.9	10.0	1.0	0.125	0.015625	1.0	0.0	1.0	1.0	1.0	1.0	0	1	0	1	206.0	102.0	42436.0	21012.0	206.0	0.0	0.0	25.7	33193	19.1	11.4	238	5.78	34.4	26.13	37.2	971.4534	1.833278	6.8787932			36.0		36.0	114.67	53.46	46.65		0.41	4800.0
"Amhara"	"East_Gojjam"	"Gozamin"	"Chimboard"	42	943	"Teff"	"Footslope"	1.0	46	0	22	1	5	2.8	10.0	1.0	0.25	0.0625	1.0	0.0	0.0	1.0	0.0	1.0	1	1	0	1	84.0	34.0	7056.0	2856.0	84.0	0.0	0.0	25.7	33193	19.1	11.4	238	5.78	34.4	26.13	37.2	971.4534	1.833278	6.8787932			32.0		64.0	114.67	53.46	46.65	0.47		1400.0
"Amhara"	"East_Gojjam"	"Gozamin"	"Chimboard"	42	941	"Wheat"	"Footslope"	1.0	30	4	8	1	4	2.3	10.0	0.0	0.125	0.015625	1.0	1.0	0.0	1.0	1.0	1.0	1	1	0	1	99.2	47.6	9840.64	4721.92	99.2	0.0	0.0	24.7	27294	18.4	11.8	239	5.81	34.0	25.81	37.2	971.4534	1.833278	6.8787932			35.0		38.0	114.67	53.46	46.65		0.41	2800.0
"Amhara"	"East_Gojjam"	"Gozamin"	"Chimboard"	42	942	"Wheat"	"Midslope"	1.0	44	0	23	1	6	2.9	10.0	0.0	0.25	0.0625	1.0	0.0	1.0	1.0	1.0	1.0	1	1	0	1	149.0	51.0	22201.0	7599.0	0.0	149.0	0.0	25.7	33193	19.1	11.4	238	5.78	34.4	26.13	37.2	971.4534	1.833278	6.8787932			36.0		36.0	114.67	53.46	46.65		0.41	3600.0
"Amhara"	"East_Gojjam"	"Gozamin"	"Chimboard"	42	1037	"Wheat"	"Midslope"	1.0	41	0	25	1	7	3.4	10.0	0.0	0.25	0.0625	1.0	0.0	0.0	1.0	1.0	1.0	0	0	0	0	149.0	51.0	22201.0	7599.0	0.0	149.0	0.0	24.7	27294	18.4	11.8	239	5.81	34.0	25.81	37.2	971.4534	1.833278	6.8787932			45.333332		45.0	114.67	53.46	46.65		0.41	4800.0
"Amhara"	"East_Gojjam"	"Gozamin"	"Chimboard"	42	1040	"Wheat"	"Footslope"	1.0	53	0	37	1	7	3.4	10.0	1.0	0.5	0.25	1.0	0.0	0.0	1.0	1.0	1.0	0	0	0	0	42.0	17.0	1764.0	714.0	42.0	0.0	0.0	24.7	27294	18.4	11.8	239	5.81	34.0	25.81	37.2	971.4534	1.833278	6.8787932			45.0		45.0	114.67	53.46	46.65		0.41	44.0
"Amhara"	"East_Gojjam"	"Gozamin"	"Chimboard"	42	1040	"Wheat"	"Footslope"	1.0	53	0	37	1	7	3.4	10.0	1.0	0.25	0.0625	1.0	0.0	0.0	1.0	1.0	1.0	0	0	0	0	103.0	51.0	10609.0	5253.0	103.0	0.0	0.0	24.7	27294	18.4	11.8	239	5.81	34.0	25.81	37.2	971.4534	1.833278	6.8787932			45.333332		45.0	114.67	53.46	46.65		0.41	2400.0
"Amhara"	"East_Gojjam"	"Gozamin"	"Chimboard"	42	1037	"Teff"	"Footslope"	1.0	41	0	25	1	7	3.4	10.0	1.0	0.25	0.0625	1.0	0.0	0.0	0.0	0.0	0.0	0	0	0	0	52.72	34.0	2779.3984	1792.48	52.72	0.0	0.0	24.7	27294	18.4	11.8	239	5.81	34.0	25.81	37.2	971.4534	1.833278	6.8787932			35.0		75.0	114.67	53.46	46.65	0.47		1200.0
"Amhara"	"East_Gojjam"	"Gozamin"	"Chimboard"	42	944	"Teff"	"Footslope"	1.0	70	0	50	1	7	3.6	10.0	1.0	0.25	0.0625	1.0	0.0	0.0	0.0	0.0	1.0	0	1	0	1	84.0	34.0	7056.0	2856.0	84.0	0.0	0.0	24.7	27294	18.4	11.8	239	5.81	34.0	25.81	37.2	971.4534	1.833278	6.8787932			36.0		36.0	114.67	53.46	46.65	0.47		1000.0
"Amhara"	"East_Gojjam"	"Gozamin"	"Chimboard"	42	1039	"Wheat"	"Midslope"	1.0	39	0	25	1	5	2.6	10.0	0.0	0.25	0.0625	1.0	0.0	0.0	1.0	1.0	1.0	0	0	0	0	190.08	68.0	36130.406	12925.44	0.0	190.08	0.0	25.7	33193	19.1	11.4	238	5.78	34.4	26.13	37.2	971.4534	1.833278	6.8787932			44.0		51.612904	114.67	53.46	46.65		0.41	4000.0
"Amhara"	"East_Gojjam"	"Gozamin"	"Chimboard"	42	1041	"Wheat"	"Footslope"	1.0	52	0	38	1	6	3.3	10.0	1.0	0.2	0.04	1.0	0.0	0.0	1.0	1.0	1.0	0	0	0	0	116.399994	52.7	13548.959	6134.28	116.399994	0.0	0.0	24.7	27294	18.4	11.8	239	5.81	34.0	25.81	37.2	971.4534	1.833278	6.8787932			29.032259		45.0	114.67	53.46	46.65		0.41	50.0
"Amhara"	"East_Gojjam"	"Gozamin"	"Chimboard"	42	1040	"Wheat"	"Footslope"	1.0	53	0	37	1	7	3.4	10.0	1.0	0.5	0.25	1.0	0.0	0.0	1.0	1.0	0.0	0	0	0	0	84.0	34.0	7056.0	2856.0	84.0	0.0	0.0	24.7	27294	18.4	11.8	239	5.81	34.0	25.81	37.2	971.4534	1.833278	6.8787932			44.0		45.0	114.67	53.46	46.65		0.41	3600.0
"Amhara"	"East_Gojjam"	"Gozamin"	"Chimboard"	42	1037	"Teff"	"Midslope"	1.0	41	0	25	1	7	3.4	10.0	0.0	0.25	0.0625	1.0	0.0	0.0	0.0	0.0	0.0	1	0	0	0	84.6	51.0	7157.1597	4314.6	0.0	84.6	0.0	24.7	27294	18.4	11.8	239	5.81	34.0	25.81	37.2	971.4534	1.833278	6.8787932			35.0		40.0	114.67	53.46	46.65	0.47		800.0
"Amhara"	"North_Shewa"	"Basona_Werana"	"Gudoberet"	43	1003	"Wheat"	"Footslope"	0.0	31	8	0	1	3	1.8	60.0	1.0	0.25	0.0625	1.0	0.0	0.0	1.0	1.0	0.0	1	1	0	1	57.4	10.2	3294.7603	585.48	57.4	0.0	0.0	22.7	8529	15.4	14.6	215	6.26	33.6	28.29	35.9	843.7281	1.5798427	6.73783			72.0		72.0	114.67	53.46	46.65		0.41	1200.0
"Amhara"	"North_Shewa"	"Basona_Werana"	"Gudoberet"	43	740	"Wheat"	"Footslope"	1.0	27	8	3	1	5	2.6	60.0	0.0	0.375	0.140625	1.0	0.0	0.0	1.0	0.0	1.0	1	1	0	1	46.933334	9.066667	2202.7378	425.5289	46.933334	0.0	0.0	22.7	8529	15.4	14.6	215	6.26	33.6	28.29	35.9	843.7281	1.5798427	6.73783			50.0		52.0	114.67	53.46	46.65		0.41	1066.6666
"Amhara"	"North_Shewa"	"Basona_Werana"	"Gudoberet"	43	910	"Wheat"	"Footslope"	0.0	41	7	0	1	4	2.3	60.0	1.0	0.25	0.0625	1.0	0.0	1.0	1.0	0.0	0.0	1	1	0	1	130.0	34.0	16900.0	4420.0	130.0	0.0	0.0	22.7	8529	15.4	14.6	215	6.26	33.6	28.29	35.9	843.7281	1.5798427	6.73783			44.0		37.2	114.67	53.46	46.65		0.41	2200.0
"Amhara"	"North_Shewa"	"Basona_Werana"	"Gudoberet"	43	1018	"Wheat"	"Midslope"	1.0	24	8	0	0	4	2.5	60.0	1.0	0.125	0.015625	1.0	1.0	0.0	0.0	0.0	0.0	0	1	0	1	76.0	68.0	5776.0	5168.0	0.0	76.0	0.0	22.7	8529	15.4	14.6	215	6.26	33.6	28.29	35.9	843.7281	1.5798427	6.73783			48.8			114.67	53.46	46.65		0.41	800.0
"Amhara"	"North_Shewa"	"Basona_Werana"	"Gudoberet"	43	888	"Wheat"	"Midslope"	1.0	42	0	1	0	5	2.6	60.0	1.0	0.25	0.0625	0.0	0.0	0.0	0.0	0.0	0.0	1	1	0	1	0.0	0.0	0.0	0.0	0.0	0.0	0.0	22.7	8529	15.4	14.6	215	6.26	33.6	28.29	35.9	843.7281	1.5798427	6.73783						114.67	53.46	46.65		0.41	800.0
"Amhara"	"North_Shewa"	"Basona_Werana"	"Gudoberet"	43	808	"Wheat"	"Midslope"	1.0	38	0	0	0	5	3.0	60.0	1.0	0.125	0.015625	0.0	1.0	0.0	0.0	0.0	0.0	0	1	0	1	0.0	0.0	0.0	0.0	0.0	0.0	0.0	22.7	8529	15.4	14.6	215	6.26	33.6	28.29	35.9	843.7281	1.5798427	6.73783						114.67	53.46	46.65		0.41	1600.0
"Amhara"	"North_Shewa"	"Basona_Werana"	"Gudoberet"	43	743	"Wheat"	"Midslope"	1.0	29	10	0	0	3	1.8	60.0	1.0	0.25	0.0625	1.0	0.0	1.0	0.0	0.0	0.0	1	1	0	1	83.4	17.0	6955.56	1417.8	0.0	83.4	0.0	22.7	8529	15.4	14.6	215	6.26	33.6	28.29	35.9	843.7281	1.5798427	6.73783			36.0		37.0	114.67	53.46	46.65		0.41	1200.0
"Amhara"	"North_Shewa"	"Basona_Werana"	"Gudoberet"	43	1017	"Wheat"	"Footslope"	1.0	67	0	0	0	2	1.5	60.0	1.0	0.125	0.015625	0.0	0.0	0.0	0.0	0.0	0.0	0	1	0	1	0.0	0.0	0.0	0.0	0.0	0.0	0.0	22.7	8529	15.4	14.6	215	6.26	33.6	28.29	35.9	843.7281	1.5798427	6.73783						114.67	53.46	46.65		0.41	400.0
"Amhara"	"North_Shewa"	"Basona_Werana"	"Gudoberet"	43	971	"Wheat"	"Midslope"	1.0	52	6	0	1	8	3.7	60.0	1.0	0.25	0.0625	0.0	1.0	0.0	0.0	0.0	0.0	1	1	0	1	0.0	0.0	0.0	0.0	0.0	0.0	0.0	22.7	8529	15.4	14.6	215	6.26	33.6	28.29	35.9	843.7281	1.5798427	6.73783						114.67	53.46	46.65		0.41	1200.0
"Amhara"	"North_Shewa"	"Basona_Werana"	"Gudoberet"	43	888	"Teff"	"Midslope"	1.0	42	0	1	0	5	2.6	60.0	1.0	0.25	0.0625	1.0	0.0	0.0	0.0	0.0	1.0	1	1	0	1	111.0	17.0	12321.0	1887.0	0.0	111.0	0.0	22.7	8529	15.4	14.6	215	6.26	33.6	28.29	35.9	843.7281	1.5798427	6.73783			60.0		60.0	114.67	53.46	46.65	0.47		400.0
"Amhara"	"North_Shewa"	"Basona_Werana"	"Gudoberet"	43	758	"Wheat"	"Midslope"	0.0	50	8	0	1	2	1.3	60.0	1.0	0.125	0.015625	0.0	1.0	1.0	1.0	0.0	1.0	1	1	0	1	0.0	0.0	0.0	0.0	0.0	0.0	0.0	22.7	8529	15.4	14.6	215	6.26	33.6	28.29	35.9	843.7281	1.5798427	6.73783						114.67	53.46	46.65		0.41	800.0
"Amhara"	"North_Shewa"	"Basona_Werana"	"Gudoberet"	43	1003	"Wheat"	"Footslope"	0.0	31	8	0	1	3	1.8	60.0	1.0	0.25	0.0625	1.0	0.0	0.0	1.0	1.0	0.0	1	1	0	1	130.0	34.0	16900.0	4420.0	130.0	0.0	0.0	22.7	8529	15.4	14.6	215	6.26	33.6	28.29	35.9	843.7281	1.5798427	6.73783			68.0		68.0	114.67	53.46	46.65		0.41	800.0
"Amhara"	"North_Shewa"	"Basona_Werana"	"Gudoberet"	43	888	"Wheat"	"Midslope"	1.0	42	0	1	0	5	2.6	60.0	0.0	0.125	0.015625	1.0	0.0	0.0	0.0	0.0	1.0	1	1	0	0	88.799995	13.6	7885.439	1207.6799	0.0	88.799995	0.0	22.7	8529	15.4	14.6	215	6.26	33.6	28.29	35.9	843.7281	1.5798427	6.73783			60.0		60.0	114.67	53.46	46.65		0.41	1600.0
"Amhara"	"North_Shewa"	"Basona_Werana"	"Gudoberet"	43	740	"Teff"	"Midslope"	1.0	27	8	3	1	5	2.6	60.0	1.0	0.125	0.015625	1.0	0.0	1.0	0.0	0.0	1.0	1	1	0	0	170.0	20.4	28900.0	3468.0	0.0	170.0	0.0	22.7	8529	15.4	14.6	215	6.26	33.6	28.29	35.9	843.7281	1.5798427	6.73783			50.0		56.0	114.67	53.46	46.65	0.47		1200.0
"Amhara"	"North_Shewa"	"Basona_Werana"	"Gudoberet"	43	740	"Wheat"	"Footslope"	1.0	27	8	3	1	5	2.6	60.0	0.0	0.125	0.015625	1.0	1.0	1.0	1.0	0.0	1.0	1	1	0	1	38.0	34.0	1444.0	1292.0	38.0	0.0	0.0	22.7	8529	15.4	14.6	215	6.26	33.6	28.29	35.9	843.7281	1.5798427	6.73783			50.0			114.67	53.46	46.65		0.41	8.0
"Oromia"	"Jimma"	"SeKoru"	"Wongesho"	44	269	"Wheat"	"Midslope"	1.0	60	0	40	1	5	2.8	30.0	1.0	0.125	0.015625	1.0	0.0	0.0	0.0	0.0	0.0	0	1	0	0	84.0	34.0	7056.0	2856.0	0.0	84.0	0.0	26.5	48630	20.3	9.5	206	5.75	33.4	26.62	35.5	918.73895	2.9422352	6.823002			50.0		75.0	120.72	52.3	45.31		0.38	1.0
"Oromia"	"Jimma"	"SeKoru"	"Wongesho"	44	446	"Sorghum"	"Hillslope"	1.0	65	2	50	1	5	2.4	30.0	1.0	0.25	0.0625	0.0	0.0	0.0	0.0	0.0	0.0	0	1	0	1	0.0	0.0	0.0	0.0	0.0	0.0	0.0	26.3	23034	20.3	10.7	224	5.74	33.9	26.78	37.2	895.44336	3.1165743	6.797319						120.72	52.3	45.31			600.0
"Oromia"	"Jimma"	"SeKoru"	"Gengeleta"	44	352	"Teff"	"Hillslope"	1.0	39	5	20	1	7	3.2	30.0	0.0	0.75	0.5625	1.0	0.0	0.0	0.0	0.0	0.0	1	1	0	1	62.333332	28.333334	3885.4443	1766.1111	0.0	0.0	62.333332	28.6	29609	19.5	9.6	214	5.6	32.2	24.98	42.0	905.46985	3.2305913	6.808454			60.0		50.0	120.72	52.3	45.31	0.43		133.33333
"Oromia"	"Jimma"	"SeKoru"	"Gengeleta"	44	352	"Teff"	"Midslope"	1.0	39	5	20	1	7	3.2	30.0	1.0	0.25	0.0625	1.0	0.0	0.0	0.0	0.0	0.0	1	1	0	1	65.0	17.0	4225.0	1105.0	0.0	65.0	0.0	28.6	29609	19.5	9.6	214	5.6	32.2	24.98	42.0	905.46985	3.2305913	6.808454			50.0		40.0	120.72	52.3	45.31	0.43		68.0
"Oromia"	"Jimma"	"SeKoru"	"Gengeleta"	44	288	"Teff"	"Midslope"	1.0	45	5	25	1	10	4.7	30.0	1.0	0.25	0.0625	1.0	0.0	0.0	0.0	0.0	0.0	1	1	0	1	65.0	17.0	4225.0	1105.0	0.0	65.0	0.0	29.4	33962	20.1	9.5	218	5.59	31.7	24.4	42.1	905.46985	3.2305913	6.808454			50.0		46.0	120.72	52.3	45.31	0.43		300.0
"Oromia"	"Jimma"	"SeKoru"	"Gengeleta"	44	353	"Sorghum"	"Midslope"	1.0	48	2	15	1	9	4.0	30.0	1.0	0.625	0.390625	0.0	0.0	0.0	0.0	0.0	0.0	0	1	0	0	0.0	0.0	0.0	0.0	0.0	0.0	0.0	28.6	29609	19.5	9.6	214	5.6	32.2	24.98	42.0	905.46985	3.2305913	6.808454						120.72	52.3	45.31			214.4
"Oromia"	"Jimma"	"SeKoru"	"Wongesho"	44	473	"Teff"	"Midslope"	1.0	50	7	30	1	4	2.5	30.0	1.0	0.5	0.25	1.0	0.0	0.0	0.0	0.0	0.0	1	1	0	1	30.5	17.0	930.25	518.5	0.0	30.5	0.0	26.5	48630	20.3	9.5	206	5.75	33.4	26.62	35.5	918.73895	2.9422352	6.823002			50.0		50.0	120.72	52.3	45.31	0.43		700.0
"Oromia"	"Jimma"	"SeKoru"	"Wongesho"	44	446	"Teff"	"Midslope"	1.0	65	2	50	1	5	2.4	30.0	1.0	0.5	0.25	1.0	0.0	0.0	0.0	0.0	0.0	1	1	0	1	19.0	17.0	361.0	323.0	0.0	19.0	0.0	26.3	23034	20.3	10.7	224	5.74	33.9	26.78	37.2	895.44336	3.1165743	6.797319			50.0			120.72	52.3	45.31	0.43		280.0
"Oromia"	"Jimma"	"SeKoru"	"Gengeleta"	44	350	"Teff"	"Midslope"	1.0	50	0	10	0	5	3.0	30.0	1.0	0.5	0.25	1.0	0.0	1.0	0.0	0.0	0.0	1	1	0	1	19.0	17.0	361.0	323.0	0.0	19.0	0.0	28.6	29609	19.5	9.6	214	5.6	32.2	24.98	42.0	905.46985	3.2305913	6.808454			60.0			120.72	52.3	45.31	0.43		340.0
"Oromia"	"Jimma"	"SeKoru"	"Wongesho"	44	268	"Teff"	"Footslope"	1.0	42	3	18	1	8	3.9	30.0	0.0	0.25	0.0625	1.0	0.0	0.0	0.0	1.0	0.0	1	1	0	1	84.0	34.0	7056.0	2856.0	84.0	0.0	0.0	26.5	48630	20.3	9.5	206	5.75	33.4	26.62	35.5	918.73895	2.9422352	6.823002			40.0		50.0	120.72	52.3	45.31	0.43		400.0
"Oromia"	"Jimma"	"SeKoru"	"Gengeleta"	44	288	"Teff"	"Midslope"	1.0	45	5	25	1	10	4.7	30.0	1.0	0.25	0.0625	1.0	0.0	0.0	0.0	0.0	0.0	1	1	0	1	65.0	17.0	4225.0	1105.0	0.0	65.0	0.0	29.4	33962	20.1	9.5	218	5.59	31.7	24.4	42.1	905.46985	3.2305913	6.808454			50.0		46.0	120.72	52.3	45.31	0.43		300.0
"Oromia"	"Jimma"	"SeKoru"	"Gengeleta"	44	353	"Teff"	"Midslope"	1.0	48	2	15	1	9	4.0	30.0	1.0	0.25	0.0625	1.0	0.0	0.0	0.0	0.0	0.0	1	1	0	1	9.5	8.5	90.25	80.75	0.0	9.5	0.0	28.6	29609	19.5	9.6	214	5.6	32.2	24.98	42.0	905.46985	3.2305913	6.808454			50.0			120.72	52.3	45.31	0.43		608.0
"Oromia"	"Jimma"	"SeKoru"	"Wongesho"	44	269	"Teff"	"Hillslope"	1.0	60	0	40	1	5	2.8	30.0	1.0	1.0	1.0	1.0	0.0	0.0	0.0	0.0	0.0	0	1	0	0	42.0	17.0	1764.0	714.0	0.0	0.0	42.0	26.5	48630	20.3	9.5	206	5.75	33.4	26.62	35.5	918.73895	2.9422352	6.823002			39.2		50.0	120.72	52.3	45.31	0.43		100.0
"Oromia"	"Jimma"	"SeKoru"	"Wongesho"	44	199	"Teff"	"Hillslope"	1.0	55	4	35	1	3	2.0	30.0	1.0	0.25	0.0625	1.0	0.0	0.0	0.0	0.0	0.0	1	1	0	1	38.0	34.0	1444.0	1292.0	0.0	0.0	38.0	26.5	48630	20.3	9.5	206	5.75	33.4	26.62	35.5	918.73895	2.9422352	6.823002			50.0			120.72	52.3	45.31	0.43		560.0
"Oromia"	"Jimma"	"SeKoru"	"Wongesho"	44	451	"Teff"	"Hillslope"	0.0	58	0	40	1	8	3.7	30.0	1.0	0.25	0.0625	1.0	0.0	0.0	0.0	0.0	0.0	1	1	0	1	19.0	17.0	361.0	323.0	0.0	0.0	19.0	26.5	48630	20.3	9.5	206	5.75	33.4	26.62	35.5	918.73895	2.9422352	6.823002			50.0			120.72	52.3	45.31	0.43		200.0
"Oromia"	"Jimma"	"SeKoru"	"Wongesho"	44	199	"Teff"	"Hillslope"	1.0	55	4	35	1	3	2.0	30.0	1.0	0.5	0.25	1.0	0.0	0.0	0.0	0.0	0.0	1	1	0	1	9.5	8.5	90.25	80.75	0.0	0.0	9.5	26.5	48630	20.3	9.5	206	5.75	33.4	26.62	35.5	918.73895	2.9422352	6.823002			50.0			120.72	52.3	45.31	0.43		500.0
"Oromia"	"Jimma"	"SeKoru"	"Gengeleta"	44	455	"Teff"	"Midslope"	0.0	39	0	24	1	6	3.3	30.0	0.0	0.25	0.0625	1.0	0.0	1.0	0.0	0.0	0.0	1	1	0	1	84.0	34.0	7056.0	2856.0	0.0	84.0	0.0	28.6	29609	19.5	9.6	214	5.6	32.2	24.98	42.0	905.46985	3.2305913	6.808454			50.0		48.0	120.72	52.3	45.31	0.43		400.0
"Oromia"	"Jimma"	"SeKoru"	"Gengeleta"	44	353	"Wheat"	"Midslope"	1.0	48	2	15	1	9	4.0	30.0	1.0	0.0625	0.00390625	1.0	0.0	0.0	1.0	1.0	0.0	0	1	0	0	33.6	13.6	1128.9598	456.96	0.0	33.6	0.0	28.6	29609	19.5	9.6	214	5.6	32.2	24.98	42.0	905.46985	3.2305913	6.808454			90.0		56.0	120.72	52.3	45.31		0.38	2144.0
"Oromia"	"Jimma"	"SeKoru"	"Wongesho"	44	268	"Teff"	"Hillslope"	1.0	42	3	18	1	8	3.9	30.0	1.0	0.25	0.0625	1.0	0.0	0.0	0.0	1.0	0.0	1	1	0	1	84.0	34.0	7056.0	2856.0	0.0	0.0	84.0	26.5	48630	20.3	9.5	206	5.75	33.4	26.62	35.5	918.73895	2.9422352	6.823002			50.0		50.0	120.72	52.3	45.31	0.43		260.0
"Oromia"	"Jimma"	"SeKoru"	"Wongesho"	44	347	"Teff"	"Midslope"	1.0	40	4	10	0	7	3.6	30.0	1.0	0.25	0.0625	1.0	0.0	0.0	0.0	0.0	0.0	1	0	0	1	46.6	17.0	2171.5598	792.19995	0.0	46.6	0.0	26.5	48630	20.3	9.5	206	5.75	33.4	26.62	35.5	918.73895	2.9422352	6.823002		50.0			24.95	120.72	52.3	45.31	0.43		320.0
"Oromia"	"Jimma"	"SeKoru"	"Gengeleta"	44	272	"Teff"	"Midslope"	1.0	41	2	20	1	12	5.1	30.0	0.0	0.125	0.015625	1.0	0.0	0.0	1.0	0.0	0.0	1	1	0	1	130.0	34.0	16900.0	4420.0	0.0	130.0	0.0	28.6	29609	19.5	9.6	214	5.6	32.2	24.98	42.0	905.46985	3.2305913	6.808454			50.0		39.2	120.72	52.3	45.31	0.43		544.0
"Oromia"	"Jimma"	"SeKoru"	"Gengeleta"	44	288	"Sorghum"	"Midslope"	1.0	45	5	25	1	10	4.7	30.0	1.0	0.5	0.25	0.0	0.0	0.0	0.0	0.0	0.0	0	1	0	1	0.0	0.0	0.0	0.0	0.0	0.0	0.0	29.4	33962	20.1	9.5	218	5.59	31.7	24.4	42.1	905.46985	3.2305913	6.808454						120.72	52.3	45.31			600.0
"Oromia"	"Jimma"	"SeKoru"	"Gengeleta"	44	353	"Teff"	"Midslope"	1.0	48	2	15	1	9	4.0	30.0	1.0	0.25	0.0625	1.0	0.0	0.0	0.0	0.0	0.0	1	1	0	1	27.279999	17.0	744.1983	463.75998	0.0	27.279999	0.0	28.6	29609	19.5	9.6	214	5.6	32.2	24.98	42.0	905.46985	3.2305913	6.808454			50.0		66.666664	120.72	52.3	45.31	0.43		740.0
"Oromia"	"Jimma"	"SeKoru"	"Gengeleta"	44	352	"Wheat"	"Hillslope"	1.0	39	5	20	1	7	3.2	30.0	1.0	0.0625	0.00390625	1.0	0.0	0.0	1.0	0.0	1.0	0	1	0	0	149.6	68.0	22380.162	10172.801	0.0	0.0	149.6	28.6	29609	19.5	9.6	214	5.6	32.2	24.98	42.0	905.46985	3.2305913	6.808454			50.0		70.0	120.72	52.3	45.31		0.38	272.0
"Oromia"	"Jimma"	"SeKoru"	"Wongesho"	44	199	"Sorghum"	"Midslope"	1.0	55	4	35	1	3	2.0	30.0	1.0	0.125	0.015625	0.0	0.0	0.0	0.0	0.0	0.0	0	1	0	1	0.0	0.0	0.0	0.0	0.0	0.0	0.0	26.5	48630	20.3	9.5	206	5.75	33.4	26.62	35.5	918.73895	2.9422352	6.823002						120.72	52.3	45.31			1600.0
"Oromia"	"Jimma"	"SeKoru"	"Wongesho"	44	445	"Sorghum"	"Midslope"	0.0	30	0	20	1	9	5.0	30.0	1.0	0.25	0.0625	0.0	0.0	0.0	0.0	0.0	0.0	0	1	0	1	0.0	0.0	0.0	0.0	0.0	0.0	0.0	28.9	92840	21.7	9.1	207	5.71	32.4	26.59	36.1	903.74335	2.8615546	6.8065453						120.72	52.3	45.31			400.0
"Oromia"	"Jimma"	"SeKoru"	"Wongesho"	44	473	"Teff"	"Hillslope"	1.0	50	7	30	1	4	2.5	30.0	1.0	0.5	0.25	1.0	0.0	0.0	0.0	0.0	0.0	1	1	0	0	42.0	17.0	1764.0	714.0	0.0	0.0	42.0	26.5	48630	20.3	9.5	206	5.75	33.4	26.62	35.5	918.73895	2.9422352	6.823002			50.0		50.0	120.72	52.3	45.31	0.43		520.0
"Oromia"	"Jimma"	"SeKoru"	"Gengeleta"	44	289	"Teff"	"Midslope"	1.0	50	4	30	1	10	4.7	30.0	1.0	0.75	0.5625	1.0	0.0	0.0	0.0	0.0	0.0	1	1	0	1	11.546666	5.6666665	133.3255	65.43111	0.0	11.546666	0.0	29.4	33962	20.1	9.5	218	5.59	31.7	24.4	42.1	905.46985	3.2305913	6.808454			50.0		73.52941	120.72	52.3	45.31	0.43		320.0
"Oromia"	"Jimma"	"SeKoru"	"Wongesho"	44	445	"Teff"	"Hillslope"	0.0	30	0	20	1	9	5.0	30.0	1.0	0.5	0.25	1.0	0.0	1.0	0.0	0.0	0.0	1	1	0	1	42.0	17.0	1764.0	714.0	0.0	0.0	42.0	28.9	92840	21.7	9.1	207	5.71	32.4	26.59	36.1	903.74335	2.8615546	6.8065453			50.0		50.0	120.72	52.3	45.31	0.43		340.0
"Oromia"	"Jimma"	"SeKoru"	"Gengeleta"	44	242	"Teff"	"Midslope"	0.0	28	5	12	1	6	2.7	30.0	1.0	0.5	0.25	1.0	0.0	0.0	0.0	0.0	0.0	1	1	0	1	19.0	17.0	361.0	323.0	0.0	19.0	0.0	28.6	29609	19.5	9.6	214	5.6	32.2	24.98	42.0	905.46985	3.2305913	6.808454			50.0			120.72	52.3	45.31	0.43		500.0
"Oromia"	"Jimma"	"SeKoru"	"Gengeleta"	44	289	"Wheat"	"Midslope"	1.0	50	4	30	1	10	4.7	30.0	1.0	0.375	0.140625	1.0	0.0	0.0	0.0	1.0	0.0	1	1	0	1	56.0	22.666666	3136.0	1269.3333	0.0	56.0	0.0	29.4	33962	20.1	9.5	218	5.59	31.7	24.4	42.1	905.46985	3.2305913	6.808454			50.0		50.0	120.72	52.3	45.31		0.38	400.0
"Oromia"	"Jimma"	"SeKoru"	"Gengeleta"	44	242	"Teff"	"Footslope"	0.0	28	5	12	1	6	2.7	30.0	1.0	0.5	0.25	1.0	0.0	0.0	0.0	0.0	0.0	1	1	0	1	19.0	17.0	361.0	323.0	19.0	0.0	0.0	28.6	29609	19.5	9.6	214	5.6	32.2	24.98	42.0	905.46985	3.2305913	6.808454			50.0			120.72	52.3	45.31	0.43		600.0
"Oromia"	"Jimma"	"SeKoru"	"Gengeleta"	44	456	"Teff"	"Midslope"	1.0	45	5	15	1	6	3.5	30.0	1.0	0.5	0.25	1.0	0.0	1.0	0.0	0.0	0.0	1	1	0	1	32.8	17.0	1075.84	557.6	0.0	32.8	0.0	28.6	29609	19.5	9.6	214	5.6	32.2	24.98	42.0	905.46985	3.2305913	6.808454			50.0		44.0	120.72	52.3	45.31	0.43		380.0
"Oromia"	"Jimma"	"SeKoru"	"Wongesho"	44	347	"Teff"	"Midslope"	1.0	40	4	10	0	7	3.6	30.0	1.0	0.25	0.0625	1.0	0.0	1.0	0.0	0.0	0.0	1	1	0	1	37.4	17.0	1398.7601	635.80005	0.0	37.4	0.0	26.5	48630	20.3	9.5	206	5.75	33.4	26.62	35.5	918.73895	2.9422352	6.823002		50.0			24.95	120.72	52.3	45.31	0.43		280.0
"Oromia"	"Jimma"	"SeKoru"	"Gengeleta"	44	241	"Teff"	"Footslope"	1.0	60	0	40	1	3	2.0	30.0	1.0	0.75	0.5625	0.0	0.0	0.0	0.0	0.0	0.0	1	1	0	1	0.0	0.0	0.0	0.0	0.0	0.0	0.0	28.6	29609	19.5	9.6	214	5.6	32.2	24.98	42.0	905.46985	3.2305913	6.808454						120.72	52.3	45.31	0.43		533.3333
"Southern_Nations,_Nationalities_and_Peoples"	"Hadiya"	"Anlemo"	"M_Anlemo"	45	479	"Wheat"	"Midslope"	1.0	50	2	25	1	7	3.4	45.0	1.0	1.125	1.265625	1.0	0.0	1.0	0.0	0.0	0.0	0	0	0	0	1.1555555	0.30222222	1.3353084	0.34923455	0.0	1.1555555	0.0	23.4	76214	22.7	9.4	206	5.71	34.8	27.33	34.1	678.8492	2.1924362	6.520399			8000.0		75.0	122.76	54.66	47.98		0.39	20.444445
"Southern_Nations,_Nationalities_and_Peoples"	"Hadiya"	"Anlemo"	"M_Anlemo"	45	460	"Wheat"	"Midslope"	0.0	28	16	0	1	6	2.7	45.0	0.0	1.25	1.5625	1.0	0.0	1.0	1.0	1.0	1.0	1	1	0	1	33.6	13.6	1128.9598	456.96	0.0	33.6	0.0	23.4	76214	22.7	9.4	206	5.71	34.8	27.33	34.1	678.8492	2.1924362	6.520399			35.0		38.0	122.76	54.66	47.98		0.39	1200.0
"Southern_Nations,_Nationalities_and_Peoples"	"Hadiya"	"Anlemo"	"M_Anlemo"	45	501	"Wheat"	"Footslope"	0.0	36	6	0	1	5	2.4	45.0	1.0	0.25	0.0625	1.0	0.0	1.0	1.0	1.0	1.0	1	0	0	1	130.0	34.0	16900.0	4420.0	130.0	0.0	0.0	23.4	76214	22.7	9.4	206	5.71	34.8	27.33	34.1	678.8492	2.1924362	6.520399			40.0		40.0	122.76	54.66	47.98		0.39	2800.0
"Southern_Nations,_Nationalities_and_Peoples"	"Hadiya"	"Anlemo"	"M_Anlemo"	45	501	"Wheat"	"Footslope"	0.0	36	6	0	1	5	2.4	45.0	0.0	0.25	0.0625	1.0	0.0	1.0	1.0	1.0	1.0	1	0	0	1	130.0	34.0	16900.0	4420.0	130.0	0.0	0.0	23.4	76214	22.7	9.4	206	5.71	34.8	27.33	34.1	678.8492	2.1924362	6.520399			40.0		40.0	122.76	54.66	47.98		0.39	2800.0
"Southern_Nations,_Nationalities_and_Peoples"	"Hadiya"	"Anlemo"	"M_Anlemo"	45	527	"Wheat"	"Midslope"	1.0	45	8	0	1	6	2.7	45.0	0.0	1.0	1.0	1.0	0.0	0.0	0.0	0.0	0.0	1	1	0	1	42.0	17.0	1764.0	714.0	0.0	42.0	0.0	23.4	76214	22.7	9.4	206	5.71	34.8	27.33	34.1	678.8492	2.1924362	6.520399			40.0		40.0	122.76	54.66	47.98		0.39	1900.0
"Southern_Nations,_Nationalities_and_Peoples"	"Hadiya"	"Anlemo"	"M_Anlemo"	45	515	"Wheat"	"Midslope"	1.0	42	12	0	1	8	3.9	45.0	1.0	0.5	0.25	1.0	0.0	0.0	0.0	0.0	0.0	1	1	0	0	65.0	17.0	4225.0	1105.0	0.0	65.0	0.0	23.4	76214	22.7	9.4	206	5.71	34.8	27.33	34.1	678.8492	2.1924362	6.520399			42.0		40.0	122.76	54.66	47.98		0.39	13.0
"Southern_Nations,_Nationalities_and_Peoples"	"Hadiya"	"Anlemo"	"M_Anlemo"	45	404	"Wheat"	"Midslope"	1.0	40	7	10	1	9	4.2	45.0	1.0	0.5	0.25	1.0	0.0	1.0	0.0	0.0	1.0	1	1	0	0	65.0	17.0	4225.0	1105.0	0.0	65.0	0.0	23.4	76214	22.7	9.4	206	5.71	34.8	27.33	34.1	678.8492	2.1924362	6.520399			70.0		38.0	122.76	54.66	47.98		0.39	1600.0
"Southern_Nations,_Nationalities_and_Peoples"	"Hadiya"	"Anlemo"	"M_Anlemo"	45	500	"Wheat"	"Footslope"	1.0	49	7	0	1	10	4.3	45.0	1.0	0.25	0.0625	1.0	0.0	0.0	0.0	0.0	0.0	1	1	0	1	84.0	34.0	7056.0	2856.0	84.0	0.0	0.0	23.4	76214	22.7	9.4	206	5.71	34.8	27.33	34.1	678.8492	2.1924362	6.520399			40.8		40.8	122.76	54.66	47.98		0.39	600.0
"Southern_Nations,_Nationalities_and_Peoples"	"Hadiya"	"Anlemo"	"M_Anlemo"	45	403	"Wheat"	"Midslope"	1.0	58	4	0	1	8	4.3	45.0	1.0	1.0	1.0	1.0	0.0	1.0	1.0	0.0	1.0	1	1	0	1	32.5	8.5	1056.25	276.25	0.0	32.5	0.0	23.4	76214	22.7	9.4	206	5.71	34.8	27.33	34.1	678.8492	2.1924362	6.520399			80.0		38.0	122.76	54.66	47.98		0.39	1100.0
"Southern_Nations,_Nationalities_and_Peoples"	"Hadiya"	"Anlemo"	"M_Anlemo"	45	500	"Wheat"	"Footslope"	1.0	49	7	0	1	10	4.3	45.0	0.0	0.25	0.0625	1.0	0.0	0.0	0.0	0.0	0.0	1	1	0	1	84.0	34.0	7056.0	2856.0	84.0	0.0	0.0	23.4	76214	22.7	9.4	206	5.71	34.8	27.33	34.1	678.8492	2.1924362	6.520399			40.8		40.8	122.76	54.66	47.98		0.39	400.0
"Southern_Nations,_Nationalities_and_Peoples"	"Hadiya"	"Anlemo"	"M_Anlemo"	45	404	"Teff"	"Midslope"	1.0	40	7	10	1	9	4.2	45.0	1.0	0.25	0.0625	1.0	0.0	1.0	0.0	0.0	0.0	0	0	0	0	130.0	34.0	16900.0	4420.0	0.0	130.0	0.0	23.4	76214	22.7	9.4	206	5.71	34.8	27.33	34.1	678.8492	2.1924362	6.520399			70.0		38.0	122.76	54.66	47.98	0.45		800.0
"Southern_Nations,_Nationalities_and_Peoples"	"Hadiya"	"Anlemo"	"M_Anlemo"	45	514	"Wheat"	"Hillslope"	1.0	35	6	0	1	9	4.2	45.0	1.0	0.5	0.25	1.0	0.0	0.0	0.0	0.0	0.0	1	1	0	0	46.38	0.34	2151.1045	15.7692	0.0	0.0	46.38	23.4	76214	22.7	9.4	206	5.71	34.8	27.33	34.1	678.8492	2.1924362	6.520399			4000.0		24.95	122.76	54.66	47.98		0.39	24.0
"Southern_Nations,_Nationalities_and_Peoples"	"Hadiya"	"Anlemo"	"M_Anlemo"	45	480	"Wheat"	"Hillslope"	1.0	60	0	21	1	9	4.6	45.0	1.0	1.125	1.265625	1.0	0.0	0.0	1.0	1.0	0.0	1	0	0	1	0.9866667	0.15111111	0.97351116	0.1490963	0.0	0.0	0.9866667	23.4	76214	22.7	9.4	206	5.71	34.8	27.33	34.1	678.8492	2.1924362	6.520399			4000.0		75.0	122.76	54.66	47.98		0.39	6.2222223
"Southern_Nations,_Nationalities_and_Peoples"	"Hadiya"	"Lemo"	"Shurmo"	46	179	"Wheat"	"Midslope"	0.0	45	3	10	1	6	2.7	40.0	1.0	0.5	0.25	0.0	0.0	1.0	0.0	0.0	1.0	0	1	0	0	0.0	0.0	0.0	0.0	0.0	0.0	0.0	22.6	58544	19.2	8.8	223	5.67	36.0	28.97	33.5	693.1522	2.1552086	6.5412498						122.76	54.66	47.98		0.39	2000.0
"Southern_Nations,_Nationalities_and_Peoples"	"Hadiya"	"Lemo"	"Shurmo"	46	276	"Wheat"	"Footslope"	1.0	50	7	25	1	7	3.4	40.0	1.0	0.25	0.0625	1.0	0.0	0.0	0.0	0.0	1.0	1	1	0	1	130.0	34.0	16900.0	4420.0	130.0	0.0	0.0	22.6	58544	19.2	8.8	223	5.67	36.0	28.97	33.5	693.1522	2.1552086	6.5412498			36.6		36.4	122.76	54.66	47.98		0.39	1600.0
"Southern_Nations,_Nationalities_and_Peoples"	"Hadiya"	"Lemo"	"Shurmo"	46	323	"Wheat"	"Midslope"	0.0	38	8	20	1	7	3.6	40.0	0.0	0.5	0.25	1.0	0.0	1.0	1.0	0.0	0.0	1	1	0	0	32.5	8.5	1056.25	276.25	0.0	32.5	0.0	22.6	58544	19.2	8.8	223	5.67	36.0	28.97	33.5	693.1522	2.1552086	6.5412498			80.0		75.0	122.76	54.66	47.98		0.39	1000.0
"Southern_Nations,_Nationalities_and_Peoples"	"Hadiya"	"Lemo"	"Shurmo"	46	235	"Wheat"	"Footslope"	1.0	50	5	0	1	6	2.9	40.0	1.0	0.5	0.25	1.0	0.0	0.0	0.0	1.0	0.0	1	1	0	1	74.5	25.5	5550.25	1899.75	74.5	0.0	0.0	22.6	58544	19.2	8.8	223	5.67	36.0	28.97	33.5	693.1522	2.1552086	6.5412498			40.0		40.0	122.76	54.66	47.98		0.39	1200.0
"Southern_Nations,_Nationalities_and_Peoples"	"Hadiya"	"Lemo"	"Shurmo"	46	325	"Wheat"	"Midslope"	1.0	75	0	0	1	11	5.4	40.0	0.0	0.5	0.25	1.0	0.0	0.0	1.0	1.0	0.0	1	1	0	0	65.0	17.0	4225.0	1105.0	0.0	65.0	0.0	22.6	58544	19.2	8.8	223	5.67	36.0	28.97	33.5	693.1522	2.1552086	6.5412498			50.0		50.0	122.76	54.66	47.98		0.39	1000.0
"Southern_Nations,_Nationalities_and_Peoples"	"Hadiya"	"Lemo"	"Shurmo"	46	180	"Wheat"	"Midslope"	0.0	35	0	10	1	3	1.8	40.0	0.0	0.25	0.0625	1.0	0.0	1.0	0.0	0.0	0.0	1	1	0	0	65.0	17.0	4225.0	1105.0	0.0	65.0	0.0	22.6	58544	19.2	8.8	223	5.67	36.0	28.97	33.5	693.1522	2.1552086	6.5412498			80.0		38.0	122.76	54.66	47.98		0.39	1600.0
"Southern_Nations,_Nationalities_and_Peoples"	"Hadiya"	"Lemo"	"Shurmo"	46	276	"Teff"	"Footslope"	1.0	50	7	25	1	7	3.4	40.0	1.0	0.25	0.0625	1.0	0.0	0.0	0.0	0.0	0.0	1	1	0	1	84.0	34.0	7056.0	2856.0	84.0	0.0	0.0	22.6	58544	19.2	8.8	223	5.67	36.0	28.97	33.5	693.1522	2.1552086	6.5412498			36.4		37.2	122.76	54.66	47.98	0.45		800.0
"Southern_Nations,_Nationalities_and_Peoples"	"Hadiya"	"Lemo"	"Shurmo"	46	277	"Teff"	"Midslope"	1.0	65	0	40	1	11	4.8	40.0	1.0	0.25	0.0625	1.0	0.0	0.0	1.0	1.0	0.0	1	1	0	1	84.0	34.0	7056.0	2856.0	0.0	84.0	0.0	23.2	63872	19.2	9.1	224	5.69	36.5	28.33	32.9	693.1522	2.1552086	6.5412498			36.6		36.8	122.76	54.66	47.98	0.45		800.0
"Southern_Nations,_Nationalities_and_Peoples"	"Hadiya"	"Lemo"	"Shurmo"	46	324	"Wheat"	"Midslope"	1.0	55	0	0	1	12	5.5	40.0	1.0	0.5	0.25	1.0	0.0	0.0	1.0	0.0	0.0	1	1	0	0	65.0	17.0	4225.0	1105.0	0.0	65.0	0.0	22.6	58544	19.2	8.8	223	5.67	36.0	28.97	33.5	693.1522	2.1552086	6.5412498			46.0		46.0	122.76	54.66	47.98		0.39	800.0
"Southern_Nations,_Nationalities_and_Peoples"	"Hadiya"	"Lemo"	"Shurmo"	46	179	"Teff"	"Midslope"	0.0	45	3	10	1	6	2.7	40.0	1.0	1.0	1.0	1.0	0.0	1.0	0.0	0.0	1.0	0	1	0	0	32.5	8.5	1056.25	276.25	0.0	32.5	0.0	22.6	58544	19.2	8.8	223	5.67	36.0	28.97	33.5	693.1522	2.1552086	6.5412498			40.0		30.0	122.76	54.66	47.98	0.45		200.0
"Southern_Nations,_Nationalities_and_Peoples"	"Hadiya"	"Lemo"	"Shurmo"	46	237	"Wheat"	"Footslope"	0.0	35	4	0	1	6	3.3	40.0	1.0	0.25	0.0625	1.0	0.0	0.0	0.0	0.0	0.0	1	0	0	0	65.0	17.0	4225.0	1105.0	65.0	0.0	0.0	22.6	58544	19.2	8.8	223	5.67	36.0	28.97	33.5	693.1522	2.1552086	6.5412498			40.0		40.0	122.76	54.66	47.98		0.39	400.0
"Southern_Nations,_Nationalities_and_Peoples"	"Hadiya"	"Lemo"	"Shurmo"	46	323	"Wheat"	"Midslope"	0.0	38	8	20	1	7	3.6	40.0	0.0	1.0	1.0	1.0	0.0	1.0	1.0	1.0	0.0	1	1	0	0	32.5	8.5	1056.25	276.25	0.0	32.5	0.0	22.6	58544	19.2	8.8	223	5.67	36.0	28.97	33.5	693.1522	2.1552086	6.5412498			50.0		50.0	122.76	54.66	47.98		0.39	1000.0
"Southern_Nations,_Nationalities_and_Peoples"	"Hadiya"	"Lemo"	"Shurmo"	46	180	"Teff"	"Midslope"	0.0	35	0	10	1	3	1.8	40.0	1.0	0.25	0.0625	1.0	0.0	1.0	1.0	0.0	0.0	0	1	0	0	65.0	17.0	4225.0	1105.0	0.0	65.0	0.0	22.6	58544	19.2	8.8	223	5.67	36.0	28.97	33.5	693.1522	2.1552086	6.5412498			36.0		36.0	122.76	54.66	47.98	0.45		800.0
"Southern_Nations,_Nationalities_and_Peoples"	"Hadiya"	"Lemo"	"Shurmo"	46	277	"Wheat"	"Midslope"	1.0	65	0	40	1	11	4.8	40.0	1.0	0.5	0.25	1.0	0.0	0.0	1.0	1.0	1.0	1	1	0	1	65.0	17.0	4225.0	1105.0	0.0	65.0	0.0	23.2	63872	19.2	9.1	224	5.69	36.5	28.33	32.9	693.1522	2.1552086	6.5412498			36.6		36.6	122.76	54.66	47.98		0.39	1600.0
"Southern_Nations,_Nationalities_and_Peoples"	"Hadiya"	"Lemo"	"Shurmo"	46	236	"Wheat"	"Midslope"	1.0	60	9	0	1	12	6.1	40.0	1.0	0.75	0.5625	1.0	0.0	1.0	1.0	1.0	0.0	1	1	0	1	86.666664	22.666666	7511.111	1964.4443	0.0	86.666664	0.0	22.6	58544	19.2	8.8	223	5.67	36.0	28.97	33.5	693.1522	2.1552086	6.5412498			50.0		46.0	122.76	54.66	47.98		0.39	1066.6666
"Southern_Nations,_Nationalities_and_Peoples"	"Hadiya"	"Lemo"	"Shurmo"	46	325	"Wheat"	"Midslope"	1.0	75	0	0	1	11	5.4	40.0	1.0	0.5	0.25	1.0	0.0	0.0	1.0	1.0	0.0	1	1	0	0	65.0	17.0	4225.0	1105.0	0.0	65.0	0.0	22.6	58544	19.2	8.8	223	5.67	36.0	28.97	33.5	693.1522	2.1552086	6.5412498			50.0		50.0	122.76	54.66	47.98		0.39	1000.0
"Southern_Nations,_Nationalities_and_Peoples"	"Hadiya"	"Lemo"	"Shurmo"	46	323	"Teff"	"Midslope"	0.0	38	8	20	1	7	3.6	40.0	1.0	0.5	0.25	1.0	0.0	1.0	1.0	0.0	0.0	1	1	0	0	65.0	17.0	4225.0	1105.0	0.0	65.0	0.0	22.6	58544	19.2	8.8	223	5.67	36.0	28.97	33.5	693.1522	2.1552086	6.5412498			40.0		75.0	122.76	54.66	47.98	0.45		600.0
"Amhara"	"North_Shewa"	"Basona_Werana"	"Goshebado"	47	1031	"Wheat"	"Midslope"	1.0	51	0	35	0	7	3.6	30.0	1.0	0.25	0.0625	1.0	0.0	0.0	0.0	0.0	0.0	1	1	0	1	111.0	17.0	12321.0	1887.0	0.0	111.0	0.0	26.0	10645	14.2	12.7	233	6.6	32.3	26.65	41.6	718.78174	1.4188575	6.5775576			48.2		49.46	114.67	53.46	46.65		0.41	2400.0
"Amhara"	"North_Shewa"	"Basona_Werana"	"Goshebado"	47	1046	"Teff"	"Midslope"	1.0	45	6	8	1	8	4.1	30.0	0.0	0.25	0.0625	1.0	0.0	1.0	0.0	0.0	0.0	0	1	0	1	130.0	34.0	16900.0	4420.0	0.0	130.0	0.0	25.3	11348	14.6	13.0	231	6.51	32.6	27.12	39.8	718.78174	1.4188575	6.5775576			48.2		49.452	114.67	53.46	46.65	0.47		800.0
"Amhara"	"North_Shewa"	"Basona_Werana"	"Goshebado"	47	983	"Teff"	"Midslope"	1.0	25	7	16	1	4	2.5	30.0	1.0	0.75	0.5625	1.0	0.0	1.0	1.0	0.0	1.0	1	1	0	1	86.666664	22.666666	7511.111	1964.4443	0.0	86.666664	0.0	25.4	13863	15.1	12.9	219	6.4	32.5	27.03	38.9	718.78174	1.4188575	6.5775576			48.2		49.45	114.67	53.46	46.65	0.47		533.3333
"Amhara"	"North_Shewa"	"Basona_Werana"	"Goshebado"	47	972	"Wheat"	"Footslope"	1.0	32	7	18	1	6	2.9	30.0	1.0	0.25	0.0625	1.0	0.0	0.0	1.0	0.0	1.0	1	1	0	1	78.0	20.4	6084.0	1591.2	78.0	0.0	0.0	25.4	13863	15.1	12.9	219	6.4	32.5	27.03	38.9	718.78174	1.4188575	6.5775576			48.166668		49.5	114.67	53.46	46.65		0.41	2400.0
"Amhara"	"North_Shewa"	"Basona_Werana"	"Goshebado"	47	983	"Wheat"	"Midslope"	1.0	25	7	16	1	4	2.5	30.0	1.0	0.75	0.5625	1.0	0.0	0.0	1.0	0.0	1.0	1	1	0	1	56.0	22.666666	3136.0	1269.3333	0.0	56.0	0.0	25.4	13863	15.1	12.9	219	6.4	32.5	27.03	38.9	718.78174	1.4188575	6.5775576			48.2		49.5	114.67	53.46	46.65		0.41	2666.6667
"Amhara"	"North_Shewa"	"Basona_Werana"	"Goshebado"	47	1046	"Wheat"	"Midslope"	1.0	45	6	8	1	8	4.1	30.0	0.0	0.25	0.0625	1.0	1.0	1.0	1.0	0.0	1.0	1	1	0	1	168.0	68.0	28224.0	11424.0	0.0	168.0	0.0	25.3	11348	14.6	13.0	231	6.51	32.6	27.12	39.8	718.78174	1.4188575	6.5775576			48.1924		49.452	114.67	53.46	46.65		0.41	1400.0
"Amhara"	"North_Shewa"	"Basona_Werana"	"Goshebado"	47	972	"Teff"	"Footslope"	1.0	32	7	18	1	6	2.9	30.0	0.0	0.25	0.0625	1.0	0.0	0.0	0.0	0.0	0.0	1	1	0	1	39.0	10.2	1521.0	397.8	39.0	0.0	0.0	25.4	13863	15.1	12.9	219	6.4	32.5	27.03	38.9	718.78174	1.4188575	6.5775576			48.666668		49.533333	114.67	53.46	46.65	0.47		1400.0
"Amhara"	"North_Shewa"	"Basona_Werana"	"Goshebado"	47	856	"Wheat"	"Midslope"	1.0	59	0	0	1	2	1.5	30.0	1.0	0.375	0.140625	0.0	0.0	1.0	0.0	0.0	1.0	1	1	0	1	0.0	0.0	0.0	0.0	0.0	0.0	0.0	25.3	11348	14.6	13.0	231	6.51	32.6	27.12	39.8	718.78174	1.4188575	6.5775576						114.67	53.46	46.65		0.41	933.3333
"Amhara"	"North_Shewa"	"Basona_Werana"	"Goshebado"	47	1047	"Wheat"	"Midslope"	1.0	37	0	5	1	4	2.5	30.0	0.0	0.25	0.0625	1.0	0.0	0.0	1.0	0.0	1.0	1	1	0	1	65.0	17.0	4225.0	1105.0	0.0	65.0	0.0	26.0	10645	14.2	12.7	233	6.6	32.3	26.65	41.6	718.78174	1.4188575	6.5775576			48.2		49.452	114.67	53.46	46.65		0.41	1000.0
"Amhara"	"North_Shewa"	"Basona_Werana"	"Goshebado"	47	1046	"Wheat"	"Midslope"	1.0	45	6	8	1	8	4.1	30.0	0.0	0.25	0.0625	1.0	0.0	1.0	1.0	0.0	0.0	0	1	0	1	168.0	68.0	28224.0	11424.0	0.0	168.0	0.0	25.3	11348	14.6	13.0	231	6.51	32.6	27.12	39.8	718.78174	1.4188575	6.5775576			48.1924		49.452	114.67	53.46	46.65		0.41	1600.0
"Amhara"	"North_Shewa"	"Basona_Werana"	"Goshebado"	47	1030	"Wheat"	"Footslope"	1.0	61	0	30	0	5	2.8	30.0	1.0	0.185	0.034225	1.0	0.0	0.0	0.0	0.0	1.0	1	1	0	1	175.67567	45.945946	30861.943	8071.585	175.67567	0.0	0.0	26.0	10645	14.2	12.7	233	6.6	32.3	26.65	41.6	718.78174	1.4188575	6.5775576			48.1		49.5	114.67	53.46	46.65		0.41	2162.162
"Amhara"	"North_Shewa"	"Basona_Werana"	"Goshebado"	47	1030	"Wheat"	"Midslope"	1.0	61	0	30	0	5	2.8	30.0	1.0	0.125	0.015625	1.0	0.0	0.0	0.0	0.0	0.0	1	1	0	1	222.0	34.0	49284.0	7548.0	0.0	222.0	0.0	26.0	10645	14.2	12.7	233	6.6	32.3	26.65	41.6	718.78174	1.4188575	6.5775576			48.08		49.5	114.67	53.46	46.65		0.41	2400.0
"Amhara"	"North_Shewa"	"Basona_Werana"	"Goshebado"	47	1006	"Wheat"	"Footslope"	0.0	48	0	0	1	4	2.3	30.0	1.0	0.25	0.0625	1.0	0.0	1.0	1.0	0.0	1.0	1	1	0	1	140.8	27.2	19824.64	3829.7603	140.8	0.0	0.0	25.4	13863	15.1	12.9	219	6.4	32.5	27.03	38.9	718.78174	1.4188575	6.5775576			44.0		44.0	114.67	53.46	46.65		0.41	2000.0
"Amhara"	"North_Shewa"	"Basona_Werana"	"Goshebado"	47	1046	"Teff"	"Footslope"	1.0	45	6	8	1	8	4.1	30.0	0.0	0.25	0.0625	1.0	0.0	1.0	0.0	0.0	0.0	0	1	0	1	130.0	34.0	16900.0	4420.0	130.0	0.0	0.0	25.3	11348	14.6	13.0	231	6.51	32.6	27.12	39.8	718.78174	1.4188575	6.5775576			48.2		49.452	114.67	53.46	46.65	0.47		8.0
"Amhara"	"North_Shewa"	"Basona_Werana"	"Goshebado"	47	1030	"Teff"	"Midslope"	1.0	61	0	30	0	5	2.8	30.0	1.0	0.125	0.015625	1.0	0.0	0.0	1.0	0.0	1.0	1	1	0	1	91.84	16.32	8434.585	1498.8287	0.0	91.84	0.0	26.0	10645	14.2	12.7	233	6.6	32.3	26.65	41.6	718.78174	1.4188575	6.5775576			48.083332		49.5	114.67	53.46	46.65	0.47		2000.0
"Amhara"	"North_Shewa"	"Basona_Werana"	"Goshebado"	47	1046	"Wheat"	"Footslope"	1.0	45	6	8	1	8	4.1	30.0	0.0	0.25	0.0625	1.0	0.0	1.0	1.0	0.0	1.0	1	1	0	1	168.0	68.0	28224.0	11424.0	168.0	0.0	0.0	25.3	11348	14.6	13.0	231	6.51	32.6	27.12	39.8	718.78174	1.4188575	6.5775576			48.1924		49.452	114.67	53.46	46.65		0.41	2800.0
"Amhara"	"North_Shewa"	"Basona_Werana"	"Goshebado"	47	1007	"Wheat"	"Midslope"	1.0	78	0	0	1	2	1.5	30.0	0.0	0.5	0.25	1.0	0.0	0.0	1.0	0.0	1.0	1	1	0	1	84.0	34.0	7056.0	2856.0	0.0	84.0	0.0	24.3	13252	14.7	13.6	244	6.54	33.4	27.17	39.2	718.78174	1.4188575	6.5775576			44.0		44.0	114.67	53.46	46.65		0.41	1600.0
"Amhara"	"North_Shewa"	"Basona_Werana"	"Goshebado"	47	1031	"Teff"	"Midslope"	1.0	51	0	35	0	7	3.6	30.0	1.0	0.125	0.015625	1.0	0.0	1.0	0.0	0.0	1.0	1	1	0	1	110.24	16.32	12152.857	1799.1167	0.0	110.24	0.0	26.0	10645	14.2	12.7	233	6.6	32.3	26.65	41.6	718.78174	1.4188575	6.5775576			48.166668		49.44	114.67	53.46	46.65	0.47		800.0
"Amhara"	"North_Shewa"	"Basona_Werana"	"Goshebado"	47	972	"Wheat"	"Footslope"	1.0	32	7	18	1	6	2.9	30.0	1.0	0.25	0.0625	1.0	0.0	0.0	1.0	0.0	1.0	1	1	0	1	260.0	68.0	67600.0	17680.0	260.0	0.0	0.0	25.4	13863	15.1	12.9	219	6.4	32.5	27.03	38.9	718.78174	1.4188575	6.5775576			48.1924		49.4525	114.67	53.46	46.65		0.41	2400.0
"Amhara"	"North_Shewa"	"Basona_Werana"	"Goshebado"	47	972	"Teff"	"Footslope"	1.0	32	7	18	1	6	2.9	30.0	0.0	0.25	0.0625	1.0	0.0	0.0	0.0	0.0	0.0	1	1	0	1	214.0	68.0	45796.0	14552.0	214.0	0.0	0.0	25.4	13863	15.1	12.9	219	6.4	32.5	27.03	38.9	718.78174	1.4188575	6.5775576			48.1924		49.493332	114.67	53.46	46.65	0.47		1200.0
"Amhara"	"North_Shewa"	"Basona_Werana"	"Goshebado"	47	857	"Wheat"	"Midslope"	1.0	37	5	20	1	5	2.6	30.0	1.0	0.25	0.0625	1.0	0.0	0.0	1.0	0.0	1.0	1	1	0	1	78.0	20.4	6084.0	1591.2	0.0	78.0	0.0	25.4	13863	15.1	12.9	219	6.4	32.5	27.03	38.9	718.78174	1.4188575	6.5775576			48.2		49.466667	114.67	53.46	46.65		0.41	4000.0
"Amhara"	"North_Shewa"	"Basona_Werana"	"Goshebado"	47	857	"Wheat"	"Midslope"	1.0	37	5	20	1	5	2.6	30.0	1.0	0.125	0.015625	1.0	0.0	0.0	1.0	0.0	1.0	1	1	0	1	174.4	40.8	30415.357	7115.5195	0.0	174.4	0.0	25.4	13863	15.1	12.9	219	6.4	32.5	27.03	38.9	718.78174	1.4188575	6.5775576			48.166668		49.42857	114.67	53.46	46.65		0.41	4000.0
"Amhara"	"North_Shewa"	"Basona_Werana"	"Goshebado"	47	983	"Wheat"	"Hillslope"	1.0	25	7	16	1	4	2.5	30.0	1.0	0.25	0.0625	1.0	0.0	1.0	1.0	0.0	1.0	1	1	0	1	168.0	68.0	28224.0	11424.0	0.0	0.0	168.0	25.4	13863	15.1	12.9	219	6.4	32.5	27.03	38.9	718.78174	1.4188575	6.5775576			48.2		49.5	114.67	53.46	46.65		0.41	2000.0
"Amhara"	"North_Shewa"	"Basona_Werana"	"Goshebado"	47	1047	"Wheat"	"Midslope"	1.0	37	0	5	1	4	2.5	30.0	0.0	0.25	0.0625	1.0	0.0	0.0	1.0	0.0	1.0	1	1	0	1	65.0	17.0	4225.0	1105.0	0.0	65.0	0.0	26.0	10645	14.2	12.7	233	6.6	32.3	26.65	41.6	718.78174	1.4188575	6.5775576			48.2		49.452	114.67	53.46	46.65		0.41	1000.0
"Amhara"	"North_Shewa"	"Basona_Werana"	"Goshebado"	47	1006	"Wheat"	"Footslope"	0.0	48	0	0	1	4	2.3	30.0	1.0	0.25	0.0625	1.0	0.0	1.0	1.0	0.0	1.0	1	1	0	1	140.8	27.2	19824.64	3829.7603	140.8	0.0	0.0	25.4	13863	15.1	12.9	219	6.4	32.5	27.03	38.9	718.78174	1.4188575	6.5775576			44.0		43.333332	114.67	53.46	46.65		0.41	2000.0
"Amhara"	"North_Shewa"	"Basona_Werana"	"Goshebado"	47	1031	"Wheat"	"Midslope"	1.0	51	0	35	0	7	3.6	30.0	1.0	25.0	625.0	1.0	0.0	0.0	0.0	0.0	0.0	1	1	0	1	1.03	0.51	1.0609	0.52529997	0.0	1.03	0.0	26.0	10645	14.2	12.7	233	6.6	32.3	26.65	41.6	718.78174	1.4188575	6.5775576			48.18667		49.44	114.67	53.46	46.65		0.41	4.0
"Amhara"	"North_Shewa"	"Basona_Werana"	"Goshebado"	47	1047	"Teff"	"Footslope"	1.0	37	0	5	1	4	2.5	30.0	0.0	0.125	0.015625	1.0	0.0	0.0	1.0	0.0	0.0	1	1	0	1	52.0	13.6	2704.0	707.2	52.0	0.0	0.0	26.0	10645	14.2	12.7	233	6.6	32.3	26.65	41.6	718.78174	1.4188575	6.5775576			48.19		49.45	114.67	53.46	46.65	0.47		400.0
"Amhara"	"North_Shewa"	"Basona_Werana"	"Goshebado"	47	857	"Wheat"	"Footslope"	1.0	37	5	20	1	5	2.6	30.0	1.0	0.125	0.015625	1.0	0.0	0.0	1.0	0.0	1.0	1	1	0	1	260.0	68.0	67600.0	17680.0	260.0	0.0	0.0	25.4	13863	15.1	12.9	219	6.4	32.5	27.03	38.9	718.78174	1.4188575	6.5775576			48.2		24.95	114.67	53.46	46.65		0.41	3200.0
"Amhara"	"North_Shewa"	"Basona_Werana"	"Goshebado"	47	983	"Teff"	"Footslope"	1.0	25	7	16	1	4	2.5	30.0	1.0	0.25	0.0625	1.0	1.0	1.0	1.0	0.0	1.0	1	1	0	1	168.0	68.0	28224.0	11424.0	168.0	0.0	0.0	25.4	13863	15.1	12.9	219	6.4	32.5	27.03	38.9	718.78174	1.4188575	6.5775576			48.2		49.5	114.67	53.46	46.65	0.47		800.0
"Amhara"	"North_Shewa"	"Basona_Werana"	"Goshebado"	47	857	"Teff"	"Midslope"	1.0	37	5	20	1	5	2.6	30.0	1.0	0.25	0.0625	1.0	0.0	0.0	0.0	0.0	0.0	1	1	0	0	76.0	68.0	5776.0	5168.0	0.0	76.0	0.0	25.4	13863	15.1	12.9	219	6.4	32.5	27.03	38.9	718.78174	1.4188575	6.5775576			48.2			114.67	53.46	46.65	0.47		1200.0
"Amhara"	"North_Shewa"	"Basona_Werana"	"Goshebado"	47	856	"Wheat"	"Footslope"	1.0	59	0	0	1	2	1.5	30.0	1.0	0.125	0.015625	1.0	0.0	1.0	0.0	0.0	1.0	1	1	0	1	394.96	136.0	155993.39	53714.56	394.96	0.0	0.0	25.3	11348	14.6	13.0	231	6.51	32.6	27.12	39.8	718.78174	1.4188575	6.5775576			48.2		49.466667	114.67	53.46	46.65		0.41	1200.0
"Amhara"	"North_Shewa"	"Basona_Werana"	"Goshebado"	47	972	"Wheat"	"Footslope"	1.0	32	7	18	1	6	2.9	30.0	1.0	0.5	0.25	1.0	0.0	0.0	1.0	0.0	1.0	1	1	0	1	28.7	5.1	823.69006	146.37	28.7	0.0	0.0	25.4	13863	15.1	12.9	219	6.4	32.5	27.03	38.9	718.78174	1.4188575	6.5775576			48.466667		49.6	114.67	53.46	46.65		0.41	4000.0
"Amhara"	"North_Shewa"	"Basona_Werana"	"Goshebado"	47	1006	"Wheat"	"Footslope"	0.0	48	0	0	1	4	2.3	30.0	1.0	0.5	0.25	1.0	0.0	1.0	1.0	0.0	1.0	1	1	0	1	111.0	17.0	12321.0	1887.0	111.0	0.0	0.0	25.4	13863	15.1	12.9	219	6.4	32.5	27.03	38.9	718.78174	1.4188575	6.5775576			44.0		44.0	114.67	53.46	46.65		0.41	2000.0
"Amhara"	"North_Shewa"	"Basona_Werana"	"Goshebado"	47	983	"Wheat"	"Footslope"	1.0	25	7	16	1	4	2.5	30.0	1.0	0.5	0.25	1.0	0.0	0.0	1.0	0.0	1.0	1	1	0	1	130.0	34.0	16900.0	4420.0	130.0	0.0	0.0	25.4	13863	15.1	12.9	219	6.4	32.5	27.03	38.9	718.78174	1.4188575	6.5775576			48.2		49.45	114.67	53.46	46.65		0.41	3000.0
"Southern_Nations,_Nationalities_and_Peoples"	"Hadiya"	"Lemo"	"Shurmo"	48	164	"Teff"	"Footslope"	1.0	45	6	20	1	4	2.3	30.0	1.0	0.25	0.0625	1.0	0.0	0.0	0.0	0.0	0.0	1	1	0	1	65.0	17.0	4225.0	1105.0	65.0	0.0	0.0	22.6	58544	19.2	8.8	223	5.67	36.0	28.97	33.5	693.1522	2.1552086	6.5412498			40.0		40.0	122.76	54.66	47.98	0.45		8.0
"Southern_Nations,_Nationalities_and_Peoples"	"Hadiya"	"Lemo"	"Shurmo"	48	187	"Wheat"	"Midslope"	1.0	44	7	1	1	7	3.2	30.0	1.0	0.25	0.0625	1.0	0.0	1.0	1.0	1.0	0.0	1	1	0	0	130.0	34.0	16900.0	4420.0	0.0	130.0	0.0	22.6	58544	19.2	8.8	223	5.67	36.0	28.97	33.5	693.1522	2.1552086	6.5412498			50.0		50.0	122.76	54.66	47.98		0.39	800.0
"Southern_Nations,_Nationalities_and_Peoples"	"Hadiya"	"Lemo"	"Shurmo"	48	274	"Teff"	"Footslope"	1.0	42	11	17	1	7	3.6	30.0	1.0	0.25	0.0625	1.0	0.0	0.0	0.0	0.0	0.0	1	1	0	1	84.0	34.0	7056.0	2856.0	84.0	0.0	0.0	23.2	63872	19.2	9.1	224	5.69	36.5	28.33	32.9	693.1522	2.1552086	6.5412498			36.6		75.0	122.76	54.66	47.98	0.45		800.0
"Southern_Nations,_Nationalities_and_Peoples"	"Hadiya"	"Lemo"	"Shurmo"	48	188	"Wheat"	"Midslope"	0.0	40	5	0	1	4	2.5	30.0	1.0	0.5	0.25	1.0	0.0	1.0	1.0	0.0	0.0	1	1	0	0	65.0	17.0	4225.0	1105.0	0.0	65.0	0.0	22.6	58544	19.2	8.8	223	5.67	36.0	28.97	33.5	693.1522	2.1552086	6.5412498			50.0		50.0	122.76	54.66	47.98		0.39	2000.0
"Southern_Nations,_Nationalities_and_Peoples"	"Hadiya"	"Lemo"	"Shurmo"	48	176	"Wheat"	"Footslope"	1.0	50	9	0	1	10	4.5	30.0	1.0	0.5	0.25	1.0	0.0	0.0	0.0	1.0	0.0	1	1	0	1	65.0	17.0	4225.0	1105.0	65.0	0.0	0.0	22.6	58544	19.2	8.8	223	5.67	36.0	28.97	33.5	693.1522	2.1552086	6.5412498			40.0		40.0	122.76	54.66	47.98		0.39	1400.0
"Southern_Nations,_Nationalities_and_Peoples"	"Hadiya"	"Lemo"	"Shurmo"	48	178	"Wheat"	"Midslope"	1.0	25	4	0	1	3	1.8	30.0	0.0	1.0	1.0	1.0	0.0	1.0	0.0	0.0	1.0	0	1	0	0	32.5	8.5	1056.25	276.25	0.0	32.5	0.0	22.6	58544	19.2	8.8	223	5.67	36.0	28.97	33.5	693.1522	2.1552086	6.5412498			72.0		38.0	122.76	54.66	47.98		0.39	800.0
"Southern_Nations,_Nationalities_and_Peoples"	"Hadiya"	"Lemo"	"Shurmo"	48	181	"Wheat"	"Midslope"	1.0	55	8	0	1	8	3.9	30.0	1.0	0.5	0.25	1.0	0.0	0.0	1.0	0.0	1.0	0	1	0	0	84.0	34.0	7056.0	2856.0	0.0	84.0	0.0	22.6	58544	19.2	8.8	223	5.67	36.0	28.97	33.5	693.1522	2.1552086	6.5412498			60.0		38.0	122.76	54.66	47.98		0.39	1200.0
"Southern_Nations,_Nationalities_and_Peoples"	"Hadiya"	"Lemo"	"Shurmo"	48	189	"Teff"	"Midslope"	0.0	35	7	15	1	4	1.9	30.0	1.0	0.125	0.015625	1.0	0.0	1.0	1.0	0.0	0.0	1	1	0	0	260.0	68.0	67600.0	17680.0	0.0	260.0	0.0	22.6	58544	19.2	8.8	223	5.67	36.0	28.97	33.5	693.1522	2.1552086	6.5412498			50.0		50.0	122.76	54.66	47.98	0.45		1600.0
"Southern_Nations,_Nationalities_and_Peoples"	"Hadiya"	"Lemo"	"Shurmo"	48	275	"Wheat"	"Footslope"	1.0	39	9	14	1	3	1.8	30.0	1.0	0.5	0.25	1.0	0.0	0.0	1.0	0.0	1.0	1	1	0	0	84.0	34.0	7056.0	2856.0	84.0	0.0	0.0	22.6	58544	19.2	8.8	223	5.67	36.0	28.97	33.5	693.1522	2.1552086	6.5412498			36.6		36.6	122.76	54.66	47.98		0.39	3400.0
"Southern_Nations,_Nationalities_and_Peoples"	"Hadiya"	"Lemo"	"Shurmo"	48	177	"Wheat"	"Midslope"	1.0	61	6	0	1	9	4.8	30.0	1.0	1.0	1.0	1.0	0.0	0.0	1.0	1.0	0.0	1	1	0	1	42.0	17.0	1764.0	714.0	0.0	42.0	0.0	22.6	58544	19.2	8.8	223	5.67	36.0	28.97	33.5	693.1522	2.1552086	6.5412498			40.0		40.0	122.76	54.66	47.98		0.39	1000.0
"Southern_Nations,_Nationalities_and_Peoples"	"Hadiya"	"Lemo"	"Shurmo"	48	189	"Wheat"	"Midslope"	0.0	35	7	15	1	4	1.9	30.0	0.0	0.25	0.0625	1.0	0.0	1.0	1.0	0.0	0.0	1	1	0	0	130.0	34.0	16900.0	4420.0	0.0	130.0	0.0	22.6	58544	19.2	8.8	223	5.67	36.0	28.97	33.5	693.1522	2.1552086	6.5412498			50.0		50.0	122.76	54.66	47.98		0.39	1600.0
"Southern_Nations,_Nationalities_and_Peoples"	"Hadiya"	"Lemo"	"Shurmo"	48	274	"Wheat"	"Footslope"	1.0	42	11	17	1	7	3.6	30.0	1.0	0.5	0.25	1.0	0.0	0.0	1.0	0.0	1.0	1	1	0	1	84.0	34.0	7056.0	2856.0	84.0	0.0	0.0	23.2	63872	19.2	9.1	224	5.69	36.5	28.33	32.9	693.1522	2.1552086	6.5412498			36.6		36.6	122.76	54.66	47.98		0.39	1600.0
"Southern_Nations,_Nationalities_and_Peoples"	"Hadiya"	"Lemo"	"Shurmo"	48	164	"Wheat"	"Footslope"	1.0	45	6	20	1	4	2.3	30.0	1.0	0.25	0.0625	1.0	0.0	0.0	1.0	1.0	0.0	1	1	0	1	65.0	17.0	4225.0	1105.0	65.0	0.0	0.0	22.6	58544	19.2	8.8	223	5.67	36.0	28.97	33.5	693.1522	2.1552086	6.5412498			40.0		40.0	122.76	54.66	47.98		0.39	16.0
"Amhara"	"North_Gonder"	"West_Belesa"	"Kalay"	49	602	"Sorghum"	"Footslope"	1.0	58	0	44	1	8	4.1	60.0	1.0	0.25	0.0625	1.0	0.0	0.0	0.0	0.0	1.0	0	0	0	1	36.8	0.0	1354.24	0.0	36.8	0.0	0.0	13.7	1057	9.7	12.6	232	7.04	33.9	26.08	36.6	918.14777	1.1200904	6.822358					40.0	114.67	53.46	46.65			1320.0
"Amhara"	"North_Gonder"	"West_Belesa"	"Kalay"	49	609	"Sorghum"	"Footslope"	1.0	42	5	28	1	7	3.4	60.0	0.0	0.5	0.25	1.0	0.0	0.0	0.0	0.0	1.0	0	1	0	1	23.0	0.0	529.0	0.0	23.0	0.0	0.0	14.6	1249	10.7	12.1	223	6.96	34.1	26.0	35.9	918.14777	1.1200904	6.822358					32.0	114.67	53.46	46.65			1400.0
"Amhara"	"North_Gonder"	"West_Belesa"	"Kalay"	49	609	"Teff"	"Footslope"	1.0	42	5	28	1	7	3.4	60.0	0.0	0.75	0.5625	1.0	0.0	0.0	1.0	0.0	0.0	0	1	1	1	65.0	17.0	4225.0	1105.0	65.0	0.0	0.0	14.6	1249	10.7	12.1	223	6.96	34.1	26.0	35.9	918.14777	1.1200904	6.822358		26.693333			26.693333	114.67	53.46	46.65	0.47		933.3333
"Amhara"	"North_Gonder"	"West_Belesa"	"Kalay"	49	604	"Teff"	"Footslope"	1.0	45	5	30	1	8	3.7	60.0	1.0	0.125	0.015625	1.0	1.0	0.0	0.0	0.0	1.0	0	1	0	1	107.2	13.6	11491.839	1457.92	107.2	0.0	0.0	13.5	1107	10.2	12.1	209	7.0	36.2	24.95	36.0	918.14777	1.1200904	6.822358		50.0			50.0	114.67	53.46	46.65	0.47		480.0
"Amhara"	"North_Gonder"	"West_Belesa"	"Kalay"	49	603	"Teff"	"Midslope"	0.0	40	0	20	1	3	1.8	60.0	1.0	0.3	0.09	1.0	0.0	0.0	0.0	0.0	1.0	0	1	0	1	48.333332	22.666668	2336.111	1095.5555	0.0	48.333332	0.0	14.9	1129	10.1	13.6	232	6.98	32.4	27.04	38.2	935.66223	1.0919951	6.8412547		40.0			40.0	114.67	53.46	46.65	0.47		833.3333
"Amhara"	"North_Gonder"	"West_Belesa"	"Kalay"	49	603	"Sorghum"	"Midslope"	0.0	40	0	20	1	3	1.8	60.0	1.0	0.375	0.140625	1.0	0.0	0.0	0.0	0.0	0.0	0	1	0	1	24.533333	0.0	601.8844	0.0	0.0	24.533333	0.0	14.9	1129	10.1	13.6	232	6.98	32.4	27.04	38.2	935.66223	1.0919951	6.8412547					40.0	114.67	53.46	46.65			1200.0
"Amhara"	"North_Gonder"	"West_Belesa"	"Kalay"	49	601	"Sorghum"	"Footslope"	0.0	68	0	54	1	4	2.3	60.0	1.0	0.3	0.09	0.0	0.0	0.0	0.0	0.0	0.0	0	0	0	1	0.0	0.0	0.0	0.0	0.0	0.0	0.0	14.9	1129	10.1	13.6	232	6.98	32.4	27.04	38.2	935.66223	1.0919951	6.8412547						114.67	53.46	46.65			1200.0
"Amhara"	"North_Gonder"	"West_Belesa"	"Kalay"	49	610	"Sorghum"	"Footslope"	1.0	38	0	20	1	4	2.1	60.0	1.0	0.25	0.0625	0.0	0.0	0.0	0.0	0.0	1.0	0	1	0	1	0.0	0.0	0.0	0.0	0.0	0.0	0.0	14.9	1129	10.1	13.6	232	6.98	32.4	27.04	38.2	935.66223	1.0919951	6.8412547						114.67	53.46	46.65			3200.0
"Amhara"	"North_Gonder"	"West_Belesa"	"Kalay"	49	605	"Teff"	"Midslope"	1.0	29	0	15	1	3	1.8	60.0	1.0	0.25	0.0625	1.0	0.0	0.0	0.0	0.0	0.0	0	1	0	1	9.12	8.16	83.1744	74.4192	0.0	9.12	0.0	13.7	1057	9.7	12.6	232	7.04	33.9	26.08	36.6	918.14777	1.1200904	6.822358		50.0				114.67	53.46	46.65	0.47		1000.0
"Amhara"	"North_Gonder"	"West_Belesa"	"Kalay"	49	607	"Sorghum"	"Footslope"	1.0	30	10	4	1	6	2.7	60.0	0.0	0.25	0.0625	1.0	0.0	1.0	0.0	0.0	0.0	0	0	1	0	10.4	2.72	108.15999	28.288	10.4	0.0	0.0	13.7	1057	9.7	12.6	232	7.04	33.9	26.08	36.6	918.14777	1.1200904	6.822358		200.0			75.0	114.67	53.46	46.65			800.0
"Amhara"	"North_Gonder"	"West_Belesa"	"Kalay"	49	601	"Teff"	"Footslope"	0.0	68	0	54	1	4	2.3	60.0	1.0	0.33	0.1089	1.0	0.0	0.0	0.0	0.0	0.0	0	0	0	1	49.242424	12.878788	2424.8164	634.18274	49.242424	0.0	0.0	14.9	1129	10.1	13.6	232	6.98	32.4	27.04	38.2	935.66223	1.0919951	6.8412547		39.0			39.0	114.67	53.46	46.65	0.47		545.4545
"Amhara"	"North_Gonder"	"West_Belesa"	"Kalay"	49	605	"Teff"	"Footslope"	1.0	29	0	15	1	3	1.8	60.0	1.0	0.25	0.0625	1.0	0.0	0.0	0.0	0.0	0.0	0	1	0	1	11.4	10.2	129.95999	116.27999	11.4	0.0	0.0	13.7	1057	9.7	12.6	232	7.04	33.9	26.08	36.6	918.14777	1.1200904	6.822358		50.0				114.67	53.46	46.65	0.47		1000.0
"Amhara"	"North_Gonder"	"West_Belesa"	"Kalay"	49	607	"Teff"	"Footslope"	1.0	30	10	4	1	6	2.7	60.0	1.0	0.25	0.0625	1.0	0.0	1.0	1.0	0.0	0.0	0	0	1	0	60.48	24.48	3657.8303	1480.5504	60.48	0.0	0.0	13.7	1057	9.7	12.6	232	7.04	33.9	26.08	36.6	918.14777	1.1200904	6.822358		34.72222			69.44444	114.67	53.46	46.65	0.47		1200.0
"Amhara"	"North_Gonder"	"West_Belesa"	"Kalay"	49	604	"Sorghum"	"Midslope"	1.0	45	5	30	1	8	3.7	60.0	1.0	0.5	0.25	1.0	0.0	0.0	0.0	0.0	1.0	0	1	0	1	10.4	2.72	108.15999	28.288	0.0	10.4	0.0	13.5	1107	10.2	12.1	209	7.0	36.2	24.95	36.0	918.14777	1.1200904	6.822358		56.25			56.25	114.67	53.46	46.65			2400.0
"Amhara"	"North_Gonder"	"West_Belesa"	"Kalay"	49	606	"Sorghum"	"Midslope"	1.0	51	0	37	1	6	2.9	60.0	1.0	0.25	0.0625	1.0	0.0	0.0	0.0	0.0	0.0	0	1	0	1	26.0	6.8	676.0	176.8	0.0	26.0	0.0	14.6	1249	10.7	12.1	223	6.96	34.1	26.0	35.9	918.14777	1.1200904	6.822358		50.0			50.0	114.67	53.46	46.65			20.0
"Amhara"	"North_Gonder"	"West_Belesa"	"Kalay"	49	602	"Teff"	"Footslope"	1.0	58	0	44	1	8	4.1	60.0	1.0	0.75	0.5625	1.0	0.0	0.0	0.0	0.0	1.0	0	0	0	1	21.666666	5.6666665	469.44443	122.77777	21.666666	0.0	0.0	13.7	1057	9.7	12.6	232	7.04	33.9	26.08	36.6	918.14777	1.1200904	6.822358		39.0			39.0	114.67	53.46	46.65	0.47		240.0
"Amhara"	"North_Gonder"	"West_Belesa"	"Kalay"	49	606	"Teff"	"Midslope"	1.0	51	0	37	1	6	2.9	60.0	1.0	0.25	0.0625	1.0	0.0	0.0	0.0	0.0	0.0	0	1	0	1	24.48	5.44	599.2704	133.1712	0.0	24.48	0.0	14.6	1249	10.7	12.1	223	6.96	34.1	26.0	35.9	918.14777	1.1200904	6.822358		50.0			50.0	114.67	53.46	46.65	0.47		800.0
"Amhara"	"North_Gonder"	"West_Belesa"	"Kalay"	49	608	"Teff"	"Footslope"	1.0	80	0	66	1	5	3.0	60.0	1.0	0.5	0.25	1.0	0.0	0.0	0.0	0.0	0.0	0	0	0	1	4.44	0.68	19.7136	3.0192	4.44	0.0	0.0	14.6	1249	10.7	12.1	223	6.96	34.1	26.0	35.9	918.14777	1.1200904	6.822358		275.0			75.0	114.67	53.46	46.65	0.47		800.0
"Amhara"	"North_Gonder"	"West_Belesa"	"Kalay"	49	604	"Teff"	"Midslope"	1.0	45	5	30	1	8	3.7	60.0	1.0	0.5	0.25	1.0	0.0	0.0	0.0	0.0	1.0	0	1	0	1	9.2	0.0	84.64	0.0	0.0	9.2	0.0	13.5	1107	10.2	12.1	209	7.0	36.2	24.95	36.0	918.14777	1.1200904	6.822358					50.0	114.67	53.46	46.65	0.47		800.0
"Amhara"	"North_Gonder"	"West_Belesa"	"Kalay"	49	605	"Sorghum"	"Midslope"	1.0	29	0	15	1	3	1.8	60.0	1.0	0.125	0.015625	1.0	0.0	0.0	0.0	0.0	0.0	0	1	0	1	37.28	13.6	1389.7983	507.008	0.0	37.28	0.0	13.7	1057	9.7	12.6	232	7.04	33.9	26.08	36.6	918.14777	1.1200904	6.822358		50.0			50.0	114.67	53.46	46.65			1600.0
"Amhara"	"North_Gonder"	"West_Belesa"	"Kalay"	49	604	"Sorghum"	"Midslope"	1.0	45	5	30	1	8	3.7	60.0	1.0	0.25	0.0625	1.0	0.0	0.0	0.0	0.0	1.0	0	1	0	1	39.0	10.2	1521.0	397.8	0.0	39.0	0.0	13.5	1107	10.2	12.1	209	7.0	36.2	24.95	36.0	918.14777	1.1200904	6.822358		68.0			68.0	114.67	53.46	46.65			2800.0
"Amhara"	"North_Gonder"	"West_Belesa"	"Kalay"	49	605	"Sorghum"	"Midslope"	1.0	29	0	15	1	3	1.8	60.0	1.0	0.25	0.0625	1.0	0.0	0.0	0.0	0.0	0.0	0	1	0	1	9.36	10.4	87.6096	97.343994	0.0	9.36	0.0	13.7	1057	9.7	12.6	232	7.04	33.9	26.08	36.6	918.14777	1.1200904	6.822358	50.0					114.67	53.46	46.65			16.0
"Amhara"	"North_Gonder"	"West_Belesa"	"Kalay"	49	604	"Teff"	"Midslope"	1.0	45	5	30	1	8	3.7	60.0	1.0	0.25	0.0625	1.0	0.0	0.0	0.0	0.0	1.0	0	1	0	1	18.4	0.0	338.56	0.0	0.0	18.4	0.0	13.5	1107	10.2	12.1	209	7.0	36.2	24.95	36.0	918.14777	1.1200904	6.822358					50.0	114.67	53.46	46.65	0.47		400.0
"Amhara"	"North_Gonder"	"West_Belesa"	"Kalay"	49	609	"Teff"	"Footslope"	1.0	42	5	28	1	7	3.4	60.0	0.0	0.5	0.25	1.0	0.0	0.0	0.0	0.0	0.0	0	1	1	1	55.5	8.5	3080.25	471.75	55.5	0.0	0.0	14.6	1249	10.7	12.1	223	6.96	34.1	26.0	35.9	918.14777	1.1200904	6.822358		76.0			38.0	114.67	53.46	46.65	0.47		1200.0
"Amhara"	"North_Gonder"	"West_Belesa"	"Kalay"	49	609	"Sorghum"	"Footslope"	1.0	42	5	28	1	7	3.4	60.0	0.0	0.75	0.5625	1.0	0.0	0.0	0.0	0.0	1.0	0	1	0	1	15.333333	0.0	235.1111	0.0	15.333333	0.0	0.0	14.6	1249	10.7	12.1	223	6.96	34.1	26.0	35.9	918.14777	1.1200904	6.822358					32.0	114.67	53.46	46.65			1866.6666
"Amhara"	"North_Gonder"	"West_Belesa"	"Kalay"	49	610	"Teff"	"Footslope"	1.0	38	0	20	1	4	2.1	60.0	1.0	0.25	0.0625	1.0	0.0	0.0	0.0	0.0	1.0	0	1	0	1	32.5	8.5	1056.25	276.25	32.5	0.0	0.0	14.9	1129	10.1	13.6	232	6.98	32.4	27.04	38.2	935.66223	1.0919951	6.8412547		64.0			64.0	114.67	53.46	46.65	0.47		1200.0
"Oromia"	"Jimma"	"SeKoru"	"Kelta"	50	167	"Wheat"	"Hillslope"	1.0	50	4	30	1	7	3.4	5.0	1.0	0.125	0.015625	1.0	0.0	0.0	0.0	1.0	0.0	0	1	0	0	65.0	17.0	4225.0	1105.0	0.0	0.0	65.0	27.6	55852	20.6	10.3	205	5.74	32.8	25.83	38.9	895.44336	3.1165743	6.797319		50.0			49.6	120.72	52.3	45.31		0.38	400.0
"Oromia"	"Jimma"	"SeKoru"	"Kelta"	50	113	"Sorghum"	"Midslope"	1.0	52	0	30	1	8	4.1	5.0	1.0	0.5	0.25	0.0	0.0	0.0	0.0	0.0	0.0	0	1	0	1	0.0	0.0	0.0	0.0	0.0	0.0	0.0	27.6	55852	20.6	10.3	205	5.74	32.8	25.83	38.9	895.44336	3.1165743	6.797319						120.72	52.3	45.31			200.0
"Oromia"	"Jimma"	"SeKoru"	"Kelta"	50	113	"Teff"	"Midslope"	1.0	52	0	30	1	8	4.1	5.0	1.0	2.0	4.0	1.0	0.0	0.0	0.0	0.0	0.0	1	1	0	1	13.875	2.125	192.51562	29.484375	0.0	13.875	0.0	27.6	55852	20.6	10.3	205	5.74	32.8	25.83	38.9	895.44336	3.1165743	6.797319		20.0			50.0	120.72	52.3	45.31	0.43		100.0
"Oromia"	"Jimma"	"SeKoru"	"Kelta"	50	114	"Teff"	"Midslope"	1.0	43	0	20	1	12	5.3	5.0	1.0	0.5	0.25	1.0	0.0	0.0	1.0	0.0	0.0	1	1	0	1	14.9	5.1	222.01	75.99	0.0	14.9	0.0	27.6	55852	20.6	10.3	205	5.74	32.8	25.83	38.9	895.44336	3.1165743	6.797319		66.666664			50.0	120.72	52.3	45.31	0.43		2.0
"Oromia"	"Jimma"	"SeKoru"	"Kelta"	50	156	"Teff"	"Midslope"	1.0	45	8	17	1	13	6.0	5.0	1.0	0.5	0.25	1.0	0.0	0.0	0.0	0.0	0.0	0	0	0	0	19.0	17.0	361.0	323.0	0.0	19.0	0.0	27.6	55852	20.6	10.3	205	5.74	32.8	25.83	38.9	895.44336	3.1165743	6.797319		50.0				120.72	52.3	45.31	0.43		250.0
"Oromia"	"Jimma"	"SeKoru"	"Kelta"	50	438	"Teff"	"Hillslope"	0.0	38	8	26	1	8	3.9	5.0	1.0	0.75	0.5625	1.0	1.0	1.0	0.0	0.0	0.0	1	1	0	1	28.0	11.333333	784.0	317.3333	0.0	0.0	28.0	28.5	60466	19.6	10.9	201	5.75	35.0	24.85	39.2	887.2633	3.0974224	6.7881417			50.0		50.0	120.72	52.3	45.31	0.43		3.0666666
"Oromia"	"Jimma"	"SeKoru"	"Kelta"	50	157	"Wheat"	"Midslope"	1.0	42	0	12	1	8	3.7	5.0	0.0	0.5	0.25	1.0	0.0	0.0	0.0	0.0	0.0	0	1	0	0	19.0	17.0	361.0	323.0	0.0	19.0	0.0	27.6	55852	20.6	10.3	205	5.74	32.8	25.83	38.9	895.44336	3.1165743	6.797319		48.0				120.72	52.3	45.31		0.38	1400.0
"Oromia"	"Jimma"	"SeKoru"	"Kelta"	50	113	"Wheat"	"Midslope"	1.0	52	0	30	1	8	4.1	5.0	1.0	0.25	0.0625	1.0	0.0	0.0	0.0	1.0	0.0	1	1	0	1	65.0	17.0	4225.0	1105.0	0.0	65.0	0.0	27.6	55852	20.6	10.3	205	5.74	32.8	25.83	38.9	895.44336	3.1165743	6.797319		50.0			50.0	120.72	52.3	45.31		0.38	4.0
"Oromia"	"Jimma"	"SeKoru"	"Kelta"	50	114	"Sorghum"	"Footslope"	1.0	43	0	20	1	12	5.3	5.0	1.0	0.25	0.0625	0.0	1.0	0.0	0.0	0.0	0.0	0	1	0	0	0.0	0.0	0.0	0.0	0.0	0.0	0.0	27.6	55852	20.6	10.3	205	5.74	32.8	25.83	38.9	895.44336	3.1165743	6.797319						120.72	52.3	45.31			12.0
"Oromia"	"Jimma"	"SeKoru"	"Kelta"	50	114	"Teff"	"Hillslope"	1.0	43	0	20	1	12	5.3	5.0	1.0	0.0625	0.00390625	1.0	0.0	0.0	0.0	0.0	0.0	1	1	0	1	394.96	27.2	155993.39	10742.912	0.0	0.0	394.96	27.6	55852	20.6	10.3	205	5.74	32.8	25.83	38.9	895.44336	3.1165743	6.797319		50.0			25.0	120.72	52.3	45.31	0.43		800.0
"Oromia"	"Jimma"	"SeKoru"	"Kelta"	50	103	"Teff"	"Midslope"	1.0	40	0	20	1	8	3.3	5.0	1.0	0.5	0.25	1.0	0.0	0.0	0.0	0.0	0.0	1	1	0	1	19.0	17.0	361.0	323.0	0.0	19.0	0.0	27.6	55852	20.6	10.3	205	5.74	32.8	25.83	38.9	895.44336	3.1165743	6.797319		50.0				120.72	52.3	45.31	0.43		400.0
"Oromia"	"Jimma"	"SeKoru"	"Kelta"	50	156	"Sorghum"	"Footslope"	1.0	45	8	17	1	13	6.0	5.0	1.0	0.25	0.0625	0.0	0.0	0.0	0.0	0.0	0.0	0	1	0	0	0.0	0.0	0.0	0.0	0.0	0.0	0.0	27.6	55852	20.6	10.3	205	5.74	32.8	25.83	38.9	895.44336	3.1165743	6.797319						120.72	52.3	45.31			800.0
"Oromia"	"Jimma"	"SeKoru"	"Kelta"	50	438	"Wheat"	"Footslope"	0.0	38	8	26	1	8	3.9	5.0	0.0	0.5	0.25	1.0	0.0	0.0	0.0	1.0	0.0	1	1	0	1	9.5	8.5	90.25	80.75	9.5	0.0	0.0	28.5	60466	19.6	10.9	201	5.75	35.0	24.85	39.2	887.2633	3.0974224	6.7881417		78.4				120.72	52.3	45.31		0.38	9.6
"Oromia"	"Jimma"	"SeKoru"	"Kelta"	50	167	"Teff"	"Midslope"	1.0	50	4	30	1	7	3.4	5.0	1.0	0.25	0.0625	1.0	0.0	0.0	0.0	0.0	0.0	1	1	0	1	46.0	0.0	2116.0	0.0	0.0	46.0	0.0	27.6	55852	20.6	10.3	205	5.74	32.8	25.83	38.9	895.44336	3.1165743	6.797319					50.0	120.72	52.3	45.31	0.43		340.0
"Oromia"	"Jimma"	"SeKoru"	"Kelta"	50	167	"Sorghum"	"Midslope"	1.0	50	4	30	1	7	3.4	5.0	1.0	0.125	0.015625	0.0	0.0	0.0	0.0	0.0	0.0	0	1	1	1	0.0	0.0	0.0	0.0	0.0	0.0	0.0	27.6	55852	20.6	10.3	205	5.74	32.8	25.83	38.9	895.44336	3.1165743	6.797319						120.72	52.3	45.31			400.0
"Oromia"	"Jimma"	"SeKoru"	"Kelta"	50	157	"Teff"	"Midslope"	1.0	42	0	12	1	8	3.7	5.0	1.0	0.125	0.015625	1.0	0.0	0.0	0.0	0.0	0.0	0	1	0	1	168.0	68.0	28224.0	11424.0	0.0	168.0	0.0	27.6	55852	20.6	10.3	205	5.74	32.8	25.83	38.9	895.44336	3.1165743	6.797319		48.0			39.2	120.72	52.3	45.31	0.43		600.0
"Oromia"	"Jimma"	"SeKoru"	"Kelta"	50	156	"Teff"	"Hillslope"	1.0	45	8	17	1	13	6.0	5.0	1.0	0.125	0.015625	1.0	0.0	0.0	0.0	0.0	0.0	0	1	0	0	76.0	68.0	5776.0	5168.0	0.0	0.0	76.0	27.6	55852	20.6	10.3	205	5.74	32.8	25.83	38.9	895.44336	3.1165743	6.797319		50.0				120.72	52.3	45.31	0.43		400.0
"Oromia"	"Jimma"	"SeKoru"	"Kelta"	50	104	"Teff"	"Midslope"	1.0	45	3	30	1	10	4.5	5.0	1.0	0.125	0.015625	1.0	0.0	0.0	0.0	0.0	0.0	1	1	0	1	38.0	34.0	1444.0	1292.0	0.0	38.0	0.0	27.6	55852	20.6	10.3	205	5.74	32.8	25.83	38.9	895.44336	3.1165743	6.797319		50.0				120.72	52.3	45.31	0.43		800.0
"Oromia"	"Jimma"	"SeKoru"	"Kelta"	50	104	"Teff"	"Hillslope"	1.0	45	3	30	1	10	4.5	5.0	1.0	0.5	0.25	1.0	0.0	0.0	0.0	0.0	0.0	1	1	0	1	19.0	17.0	361.0	323.0	0.0	0.0	19.0	27.6	55852	20.6	10.3	205	5.74	32.8	25.83	38.9	895.44336	3.1165743	6.797319		50.0				120.72	52.3	45.31	0.43		400.0
"Southern_Nations,_Nationalities_and_Peoples"	"Wolayita"	"Boloso_Sore"	"Dola"	51	143	"Teff"	"Footslope"	1.0	42	3	25	1	11	5.2	30.0	1.0	0.25	0.0625	1.0	1.0	1.0	1.0	1.0	0.0	1	1	0	1	128.0	40.0	16384.0	5120.0	128.0	0.0	0.0	20.3	10282	15.6	8.7	255	5.96	42.4	25.96	33.0	601.13165	4.0162964	6.398814	64.0				64.0	122.76	54.66	47.98	0.45		1600.0
"Southern_Nations,_Nationalities_and_Peoples"	"Wolayita"	"Boloso_Sore"	"Dola"	51	136	"Sorghum"	"Midslope"	1.0	45	3	20	1	8	4.3	30.0	1.0	0.25	0.0625	0.0	1.0	0.0	0.0	0.0	0.0	0	0	0	0	0.0	0.0	0.0	0.0	0.0	0.0	0.0	22.2	17943	17.7	7.7	264	5.82	39.3	26.95	33.2	601.13165	4.0162964	6.398814						122.76	54.66	47.98			4.0
"Southern_Nations,_Nationalities_and_Peoples"	"Wolayita"	"Boloso_Sore"	"Afama_Banicha"	51	391	"Teff"	"Midslope"	1.0	39	0	14	1	7	3.8	30.0	1.0	1.0	1.0	1.0	1.0	0.0	1.0	1.0	0.0	1	1	0	1	64.0	20.0	4096.0	1280.0	0.0	64.0	0.0	26.8	61417	20.6	5.7	232	5.57	37.2	27.6	34.9	629.88983	4.2609105	6.4455447	70.0				70.0	122.76	54.66	47.98	0.45		300.0
"Southern_Nations,_Nationalities_and_Peoples"	"Wolayita"	"Boloso_Sore"	"Tiyo_Hembecho"	51	246	"Teff"	"Midslope"	1.0	50	9	30	1	5	2.6	30.0	1.0	0.25	0.0625	1.0	1.0	0.0	1.0	0.0	1.0	1	0	0	1	18.0	20.0	324.0	360.0	0.0	18.0	0.0	24.4	12857	16.6	9.6	233	5.96	35.3	24.3	37.0	680.9403	3.4412541	6.5234747	50.0					122.76	54.66	47.98	0.45		400.0
"Southern_Nations,_Nationalities_and_Peoples"	"Wolayita"	"Boloso_Sore"	"Tiyo_Hembecho"	51	256	"Teff"	"Midslope"	1.0	50	15	25	0	6	3.3	30.0	0.0	0.5	0.25	1.0	0.0	1.0	1.0	1.0	0.0	0	1	0	1	36.0	40.0	1296.0	1440.0	0.0	36.0	0.0	24.4	12857	16.6	9.6	233	5.96	35.3	24.3	37.0	680.9403	3.4412541	6.5234747	38.0					122.76	54.66	47.98	0.45		4.0
"Southern_Nations,_Nationalities_and_Peoples"	"Wolayita"	"Boloso_Sore"	"Qorike_Doge"	51	19	"Teff"	"Footslope"	1.0	21	6	10	1	4	2.1	30.0	1.0	0.25	0.0625	1.0	1.0	0.0	1.0	1.0	1.0	1	1	0	1	18.0	20.0	324.0	360.0	18.0	0.0	0.0	24.4	34416	19.8	5.8	228	5.59	38.5	27.55	33.8	605.9564	4.6297474	6.406808	38.8					122.76	54.66	47.98	0.45		640.0
"Southern_Nations,_Nationalities_and_Peoples"	"Wolayita"	"Boloso_Sore"	"Afama_Banicha"	51	377	"Wheat"	"Midslope"	1.0	25	13	7	1	5	2.8	30.0	0.0	0.5	0.25	1.0	1.0	0.0	0.0	1.0	0.0	0	0	0	1	32.0	10.0	1024.0	320.0	0.0	32.0	0.0	27.0	60873	20.7	5.5	236	5.53	36.9	27.39	34.3	629.88983	4.2609105	6.4455447	50.0				50.0	122.76	54.66	47.98		0.39	2.0
"Southern_Nations,_Nationalities_and_Peoples"	"Wolayita"	"Boloso_Sore"	"Shuye_Homba"	51	305	"Teff"	"Footslope"	1.0	40	15	22	0	8	3.5	30.0	1.0	0.25	0.0625	1.0	0.0	0.0	0.0	0.0	0.0	0	0	0	1	36.0	40.0	1296.0	1440.0	36.0	0.0	0.0	26.6	13079	16.7	7.9	222	5.88	35.9	26.01	36.3	656.4354	3.945257	6.4868245	60.0					122.76	54.66	47.98	0.45		400.0
"Southern_Nations,_Nationalities_and_Peoples"	"Wolayita"	"Boloso_Sore"	"Dola"	51	142	"Teff"	"Footslope"	1.0	50	10	23	0	9	3.8	30.0	1.0	0.5	0.25	1.0	1.0	1.0	1.0	1.0	0.0	0	1	0	1	82.0	40.0	6724.0	3280.0	82.0	0.0	0.0	22.2	17943	17.7	7.7	264	5.82	39.3	26.95	33.2	601.13165	4.0162964	6.398814	50.0				72.0	122.76	54.66	47.98	0.45		1000.0
"Southern_Nations,_Nationalities_and_Peoples"	"Wolayita"	"Boloso_Sore"	"Tiyo_Hembecho"	51	303	"Teff"	"Midslope"	1.0	60	0	40	0	9	4.8	30.0	1.0	1.0	1.0	1.0	0.0	0.0	0.0	0.0	0.0	0	0	0	1	9.0	10.0	81.0	90.0	0.0	9.0	0.0	24.6	9273	15.7	9.4	216	6.08	36.5	24.08	34.9	692.03534	3.353107	6.539637	30.0					122.76	54.66	47.98	0.45		3.0
"Southern_Nations,_Nationalities_and_Peoples"	"Wolayita"	"Boloso_Sore"	"Tiyo_Hembecho"	51	249	"Teff"	"Midslope"	1.0	39	10	15	0	11	5.2	30.0	1.0	1.0	1.0	1.0	0.0	1.0	1.0	1.0	0.0	1	1	0	1	32.0	10.0	1024.0	320.0	0.0	32.0	0.0	24.4	12857	16.6	9.6	233	5.96	35.3	24.3	37.0	680.9403	3.4412541	6.5234747	70.0				70.0	122.76	54.66	47.98	0.45		200.0
"Southern_Nations,_Nationalities_and_Peoples"	"Wolayita"	"Boloso_Sore"	"Afama_Banicha"	51	385	"Teff"	"Midslope"	1.0	40	9	10	1	7	3.1	30.0	0.0	0.5	0.25	1.0	1.0	0.0	1.0	1.0	0.0	1	1	0	1	32.0	10.0	1024.0	320.0	0.0	32.0	0.0	28.0	74418	21.9	5.7	221	5.57	35.2	27.2	34.8	645.6366	4.3389683	6.470237	120.0				75.0	122.76	54.66	47.98	0.45		400.0
"Southern_Nations,_Nationalities_and_Peoples"	"Wolayita"	"Boloso_Sore"	"Dola"	51	136	"Wheat"	"Midslope"	1.0	45	3	20	1	8	4.3	30.0	1.0	0.25	0.0625	0.0	1.0	0.0	0.0	1.0	0.0	0	0	0	1	0.0	0.0	0.0	0.0	0.0	0.0	0.0	22.2	17943	17.7	7.7	264	5.82	39.3	26.95	33.2	601.13165	4.0162964	6.398814						122.76	54.66	47.98		0.39	4.0
"Southern_Nations,_Nationalities_and_Peoples"	"Wolayita"	"Boloso_Sore"	"Afama_Banicha"	51	388	"Teff"	"Midslope"	1.0	40	6	3	1	7	3.2	30.0	1.0	0.5	0.25	1.0	0.0	0.0	1.0	0.0	0.0	1	1	0	0	32.0	10.0	1024.0	320.0	0.0	32.0	0.0	27.0	60873	20.7	5.5	236	5.53	36.9	27.39	34.3	629.88983	4.2609105	6.4455447	80.0				75.0	122.76	54.66	47.98	0.45		300.0
"Southern_Nations,_Nationalities_and_Peoples"	"Wolayita"	"Boloso_Sore"	"Tiyo_Hembecho"	51	261	"Teff"	"Midslope"	1.0	48	8	10	0	7	3.1	30.0	1.0	0.5	0.25	1.0	0.0	1.0	1.0	1.0	0.0	1	1	0	1	36.0	40.0	1296.0	1440.0	0.0	36.0	0.0	24.4	12857	16.6	9.6	233	5.96	35.3	24.3	37.0	680.9403	3.4412541	6.5234747	38.0					122.76	54.66	47.98	0.45		5.0
"Southern_Nations,_Nationalities_and_Peoples"	"Wolayita"	"Boloso_Sore"	"Afama_Banicha"	51	380	"Teff"	"Midslope"	1.0	45	4	20	1	8	3.9	30.0	0.0	0.5	0.25	1.0	0.0	1.0	0.0	0.0	0.0	1	1	0	0	18.0	20.0	324.0	360.0	0.0	18.0	0.0	26.6	72129	22.0	6.1	215	5.62	35.9	26.91	35.1	645.6366	4.3389683	6.470237	50.0					122.76	54.66	47.98	0.45		700.0
"Southern_Nations,_Nationalities_and_Peoples"	"Wolayita"	"Boloso_Sore"	"Afama_Banicha"	51	392	"Teff"	"Midslope"	1.0	48	15	12	1	12	6.5	30.0	1.0	1.5	2.25	1.0	0.0	0.0	1.0	1.0	0.0	1	1	0	1	42.666668	13.333333	1820.4446	568.8889	0.0	42.666668	0.0	27.0	60873	20.7	5.5	236	5.53	36.9	27.39	34.3	629.88983	4.2609105	6.4455447	70.0				70.0	122.76	54.66	47.98	0.45		533.3333
"Southern_Nations,_Nationalities_and_Peoples"	"Wolayita"	"Boloso_Sore"	"Shuye_Homba"	51	319	"Teff"	"Midslope"	1.0	42	13	10	0	8	3.7	30.0	1.0	0.75	0.5625	1.0	0.0	0.0	1.0	0.0	0.0	1	1	0	1	24.0	26.666666	576.0	640.0	0.0	24.0	0.0	26.6	13079	16.7	7.9	222	5.88	35.9	26.01	36.3	656.4354	3.945257	6.4868245	39.0					122.76	54.66	47.98	0.45		400.0
"Southern_Nations,_Nationalities_and_Peoples"	"Wolayita"	"Boloso_Sore"	"Tiyo_Hembecho"	51	260	"Teff"	"Midslope"	1.0	50	6	30	0	7	3.8	30.0	1.0	0.25	0.0625	1.0	1.0	0.0	1.0	1.0	0.0	1	1	0	1	64.0	20.0	4096.0	1280.0	0.0	64.0	0.0	24.4	12857	16.6	9.6	233	5.96	35.3	24.3	37.0	680.9403	3.4412541	6.5234747	80.0				75.0	122.76	54.66	47.98	0.45		300.0
"Southern_Nations,_Nationalities_and_Peoples"	"Wolayita"	"Boloso_Sore"	"Dola"	51	136	"Teff"	"Midslope"	1.0	45	3	20	1	8	4.3	30.0	1.0	0.5	0.25	0.0	1.0	0.0	0.0	0.0	0.0	0	0	0	1	0.0	0.0	0.0	0.0	0.0	0.0	0.0	22.2	17943	17.7	7.7	264	5.82	39.3	26.95	33.2	601.13165	4.0162964	6.398814						122.76	54.66	47.98	0.45		6.0
"Southern_Nations,_Nationalities_and_Peoples"	"Wolayita"	"Boloso_Sore"	"Afama_Banicha"	51	380	"Teff"	"Midslope"	1.0	45	4	20	1	8	3.9	30.0	1.0	0.25	0.0625	1.0	0.0	1.0	0.0	0.0	0.0	1	1	0	1	36.0	40.0	1296.0	1440.0	0.0	36.0	0.0	26.6	72129	22.0	6.1	215	5.62	35.9	26.91	35.1	645.6366	4.3389683	6.470237	50.0					122.76	54.66	47.98	0.45		600.0
"Southern_Nations,_Nationalities_and_Peoples"	"Wolayita"	"Boloso_Sore"	"Shuye_Homba"	51	302	"Teff"	"Footslope"	1.0	40	9	20	0	7	3.6	30.0	0.0	0.25	0.0625	1.0	1.0	1.0	1.0	1.0	0.0	1	1	0	1	64.0	20.0	4096.0	1280.0	64.0	0.0	0.0	26.6	13079	16.7	7.9	222	5.88	35.9	26.01	36.3	656.4354	3.945257	6.4868245	120.0				75.0	122.76	54.66	47.98	0.45		400.0
"Southern_Nations,_Nationalities_and_Peoples"	"Wolayita"	"Boloso_Sore"	"Dola"	51	146	"Teff"	"Footslope"	1.0	45	12	20	1	5	2.4	30.0	1.0	0.25	0.0625	1.0	0.0	0.0	1.0	1.0	0.0	0	0	0	1	19.0	17.0	361.0	323.0	19.0	0.0	0.0	20.3	10282	15.6	8.7	255	5.96	42.4	25.96	33.0	601.13165	4.0162964	6.398814		36.8				122.76	54.66	47.98	0.45		500.0
"Southern_Nations,_Nationalities_and_Peoples"	"Wolayita"	"Boloso_Sore"	"Qorike_Doge"	51	18	"Teff"	"Footslope"	1.0	50	12	30	0	10	4.4	30.0	1.0	0.25	0.0625	1.0	0.0	0.0	0.0	1.0	0.0	0	0	0	0	18.0	20.0	324.0	360.0	18.0	0.0	0.0	24.4	34416	19.8	5.8	228	5.59	38.5	27.55	33.8	605.9564	4.6297474	6.406808	60.0					122.76	54.66	47.98	0.45		1200.0
"Southern_Nations,_Nationalities_and_Peoples"	"Wolayita"	"Boloso_Sore"	"Shuye_Homba"	51	309	"Teff"	"Footslope"	1.0	55	13	25	1	8	4.5	30.0	1.0	0.5	0.25	1.0	0.0	0.0	1.0	0.0	0.0	0	1	0	1	64.0	20.0	4096.0	1280.0	64.0	0.0	0.0	26.6	13079	16.7	7.9	222	5.88	35.9	26.01	36.3	656.4354	3.945257	6.4868245	70.0				70.0	122.76	54.66	47.98	0.45		400.0
"Southern_Nations,_Nationalities_and_Peoples"	"Wolayita"	"Boloso_Sore"	"Afama_Banicha"	51	388	"Wheat"	"Midslope"	1.0	40	6	3	1	7	3.2	30.0	1.0	0.5	0.25	1.0	0.0	0.0	1.0	0.0	0.0	0	0	0	1	23.0	0.0	529.0	0.0	0.0	23.0	0.0	27.0	60873	20.7	5.5	236	5.53	36.9	27.39	34.3	629.88983	4.2609105	6.4455447					75.0	122.76	54.66	47.98		0.39	500.0
"Southern_Nations,_Nationalities_and_Peoples"	"Wolayita"	"Boloso_Sore"	"Qorike_Doge"	51	26	"Teff"	"Midslope"	1.0	38	13	4	1	5	2.6	30.0	0.0	0.25	0.0625	1.0	0.0	0.0	0.0	0.0	0.0	0	1	0	1	18.0	20.0	324.0	360.0	0.0	18.0	0.0	25.7	44121	20.1	5.8	216	5.65	37.9	27.31	35.3	605.9564	4.6297474	6.406808	75.6					122.76	54.66	47.98	0.45		400.0
"Southern_Nations,_Nationalities_and_Peoples"	"Wolayita"	"Boloso_Sore"	"Shuye_Homba"	51	318	"Teff"	"Midslope"	1.0	50	5	25	1	9	4.2	30.0	1.0	0.25	0.0625	0.0	0.0	0.0	0.0	0.0	0.0	0	0	0	1	0.0	0.0	0.0	0.0	0.0	0.0	0.0	26.6	13079	16.7	7.9	222	5.88	35.9	26.01	36.3	656.4354	3.945257	6.4868245						122.76	54.66	47.98	0.45		1200.0
"Southern_Nations,_Nationalities_and_Peoples"	"Wolayita"	"Boloso_Sore"	"Dola"	51	139	"Teff"	"Midslope"	0.0	35	0	15	1	6	2.5	30.0	1.0	0.125	0.015625	0.0	0.0	0.0	0.0	0.0	0.0	0	1	0	1	0.0	0.0	0.0	0.0	0.0	0.0	0.0	20.3	10282	15.6	8.7	255	5.96	42.4	25.96	33.0	601.13165	4.0162964	6.398814						122.76	54.66	47.98	0.45		600.0
"Southern_Nations,_Nationalities_and_Peoples"	"Wolayita"	"Boloso_Sore"	"Dola"	51	149	"Sorghum"	"Midslope"	1.0	60	0	20	1	8	4.1	30.0	1.0	0.25	0.0625	0.0	0.0	0.0	1.0	1.0	0.0	0	0	0	0	0.0	0.0	0.0	0.0	0.0	0.0	0.0	20.0	11649	17.0	8.0	253	5.94	41.8	26.89	33.2	586.9713	4.233331	6.374976						122.76	54.66	47.98			400.0
"Southern_Nations,_Nationalities_and_Peoples"	"Wolayita"	"Boloso_Sore"	"Qorike_Doge"	51	8	"Teff"	"Footslope"	0.0	38	0	20	1	7	3.6	30.0	1.0	0.625	0.390625	1.0	0.0	0.0	1.0	1.0	0.0	0	1	0	1	76.8	24.0	5898.24	1843.2001	76.8	0.0	0.0	25.7	44121	20.1	5.8	216	5.65	37.9	27.31	35.3	605.9564	4.6297474	6.406808	43.333332				43.333332	122.76	54.66	47.98	0.45		240.0
"Southern_Nations,_Nationalities_and_Peoples"	"Wolayita"	"Boloso_Sore"	"Dola"	51	140	"Teff"	"Footslope"	0.0	35	0	10	0	4	2.1	30.0	1.0	0.125	0.015625	0.0	1.0	0.0	0.0	0.0	0.0	0	1	0	1	0.0	0.0	0.0	0.0	0.0	0.0	0.0	22.2	17943	17.7	7.7	264	5.82	39.3	26.95	33.2	601.13165	4.0162964	6.398814						122.76	54.66	47.98	0.45		800.0
"Southern_Nations,_Nationalities_and_Peoples"	"Wolayita"	"Boloso_Sore"	"Afama_Banicha"	51	68	"Teff"	"Footslope"	1.0	54	8	30	1	7	3.4	30.0	1.0	1.0	1.0	0.0	1.0	0.0	0.0	0.0	0.0	0	1	1	0	0.0	0.0	0.0	0.0	0.0	0.0	0.0	23.6	33481	18.4	9.1	219	5.73	41.8	25.58	31.0	742.1283	2.3554208	6.6095223						122.76	54.66	47.98	0.45		1100.0
"Southern_Nations,_Nationalities_and_Peoples"	"Wolayita"	"Boloso_Sore"	"Qorike_Doge"	51	1	"Teff"	"Footslope"	1.0	45	8	27	0	7	3.6	30.0	1.0	0.125	0.015625	1.0	1.0	1.0	0.0	1.0	0.0	0	1	1	1	36.0	40.0	1296.0	1440.0	36.0	0.0	0.0	25.7	44121	20.1	5.8	216	5.65	37.9	27.31	35.3	605.9564	4.6297474	6.406808	32.0					122.76	54.66	47.98	0.45		800.0
"Southern_Nations,_Nationalities_and_Peoples"	"Wolayita"	"Boloso_Sore"	"Afama_Banicha"	51	393	"Teff"	"Footslope"	1.0	42	8	25	0	8	3.7	30.0	1.0	1.0	1.0	0.0	0.0	1.0	0.0	1.0	0.0	0	0	0	0	0.0	0.0	0.0	0.0	0.0	0.0	0.0	27.0	60873	20.7	5.5	236	5.53	36.9	27.39	34.3	629.88983	4.2609105	6.4455447						122.76	54.66	47.98	0.45		100.0
"Southern_Nations,_Nationalities_and_Peoples"	"Wolayita"	"Boloso_Sore"	"Afama_Banicha"	51	377	"Teff"	"Midslope"	1.0	25	13	7	1	5	2.8	30.0	1.0	1.0	1.0	1.0	1.0	0.0	0.0	0.0	0.0	0	0	0	1	16.0	5.0	256.0	80.0	0.0	16.0	0.0	27.0	60873	20.7	5.5	236	5.53	36.9	27.39	34.3	629.88983	4.2609105	6.4455447	50.0				50.0	122.76	54.66	47.98	0.45		100.0
"Southern_Nations,_Nationalities_and_Peoples"	"Wolayita"	"Boloso_Sore"	"Afama_Banicha"	51	388	"Wheat"	"Midslope"	1.0	40	6	3	1	7	3.2	30.0	1.0	0.5	0.25	1.0	0.0	0.0	1.0	1.0	0.0	0	1	0	1	41.0	20.0	1681.0	820.0	0.0	41.0	0.0	27.0	60873	20.7	5.5	236	5.53	36.9	27.39	34.3	629.88983	4.2609105	6.4455447	60.0				75.0	122.76	54.66	47.98		0.39	600.0
"Southern_Nations,_Nationalities_and_Peoples"	"Wolayita"	"Boloso_Sore"	"Tiyo_Hembecho"	51	256	"Teff"	"Midslope"	1.0	50	15	25	0	6	3.3	30.0	1.0	0.5	0.25	1.0	0.0	1.0	1.0	0.0	0.0	1	1	0	1	18.0	20.0	324.0	360.0	0.0	18.0	0.0	24.4	12857	16.6	9.6	233	5.96	35.3	24.3	37.0	680.9403	3.4412541	6.5234747	38.0					122.76	54.66	47.98	0.45		400.0
"Southern_Nations,_Nationalities_and_Peoples"	"Wolayita"	"Boloso_Sore"	"Qorike_Doge"	51	49	"Teff"	"Footslope"	0.0	50	3	30	0	7	3.4	30.0	1.0	0.5	0.25	1.0	0.0	0.0	0.0	0.0	1.0	1	0	0	1	9.0	10.0	81.0	90.0	9.0	0.0	0.0	24.9	43140	20.4	5.5	236	5.53	38.5	28.12	33.5	605.9564	4.6297474	6.406808	14.0					122.76	54.66	47.98	0.45		2.0
"Southern_Nations,_Nationalities_and_Peoples"	"Wolayita"	"Boloso_Sore"	"Qorike_Doge"	51	9	"Teff"	"Footslope"	1.0	56	6	30	1	9	3.8	30.0	1.0	0.75	0.5625	1.0	0.0	1.0	1.0	1.0	0.0	0	1	0	1	64.0	20.0	4096.0	1280.0	64.0	0.0	0.0	25.7	44121	20.1	5.8	216	5.65	37.9	27.31	35.3	605.9564	4.6297474	6.406808	43.333332				43.333332	122.76	54.66	47.98	0.45		200.0
"Southern_Nations,_Nationalities_and_Peoples"	"Wolayita"	"Boloso_Sore"	"Dola"	51	147	"Teff"	"Footslope"	1.0	70	8	50	0	12	5.7	30.0	1.0	0.0625	0.00390625	1.0	0.0	0.0	1.0	1.0	0.0	0	0	0	0	36.0	40.0	1296.0	1440.0	36.0	0.0	0.0	20.3	10282	15.6	8.7	255	5.96	42.4	25.96	33.0	601.13165	4.0162964	6.398814	60.0					122.76	54.66	47.98	0.45		1200.0
"Southern_Nations,_Nationalities_and_Peoples"	"Wolayita"	"Boloso_Sore"	"Afama_Banicha"	51	376	"Wheat"	"Midslope"	1.0	40	8	22	1	8	3.7	30.0	1.0	0.5	0.25	1.0	1.0	0.0	0.0	0.0	0.0	0	0	0	1	9.0	10.0	81.0	90.0	0.0	9.0	0.0	27.0	60873	20.7	5.5	236	5.53	36.9	27.39	34.3	629.88983	4.2609105	6.4455447	100.0					122.76	54.66	47.98		0.39	2.0
"Southern_Nations,_Nationalities_and_Peoples"	"Wolayita"	"Boloso_Sore"	"Tiyo_Hembecho"	51	249	"Teff"	"Midslope"	1.0	39	10	15	0	11	5.2	30.0	1.0	0.75	0.5625	1.0	0.0	1.0	1.0	1.0	0.0	1	1	0	1	128.0	40.0	16384.0	5120.0	0.0	128.0	0.0	24.4	12857	16.6	9.6	233	5.96	35.3	24.3	37.0	680.9403	3.4412541	6.5234747	23.333334				24.95	122.76	54.66	47.98	0.45		266.66666
"Amhara"	"North_Gonder"	"West_Belesa"	"Ebrareg"	51	799	"Teff"	"Footslope"	0.0	25	7	5	1	3	1.6	30.0	1.0	0.25	0.0625	1.0	0.0	1.0	1.0	0.0	0.0	1	0	0	1	38.0	34.0	1444.0	1292.0	38.0	0.0	0.0	18.4	1384	10.3	11.5	254	6.89	30.5	28.22	39.4	935.66223	1.0919951	6.8412547		26.0				114.67	53.46	46.65	0.47		1200.0
"Southern_Nations,_Nationalities_and_Peoples"	"Wolayita"	"Boloso_Sore"	"Shuye_Homba"	51	306	"Teff"	"Footslope"	1.0	50	8	32	1	8	3.7	30.0	1.0	0.25	0.0625	1.0	1.0	0.0	1.0	0.0	0.0	0	0	0	1	18.0	20.0	324.0	360.0	18.0	0.0	0.0	26.6	13079	16.7	7.9	222	5.88	35.9	26.01	36.3	656.4354	3.945257	6.4868245	50.0					122.76	54.66	47.98	0.45		400.0
"Southern_Nations,_Nationalities_and_Peoples"	"Wolayita"	"Boloso_Sore"	"Qorike_Doge"	51	57	"Teff"	"Footslope"	1.0	42	10	5	0	7	3.0	30.0	1.0	0.25	0.0625	1.0	1.0	1.0	1.0	1.0	0.0	1	1	1	1	256.0	80.0	65536.0	20480.0	256.0	0.0	0.0	25.7	44121	20.1	5.8	216	5.65	37.9	27.31	35.3	605.9564	4.6297474	6.406808	38.0				38.0	122.76	54.66	47.98	0.45		300.0
"Southern_Nations,_Nationalities_and_Peoples"	"Wolayita"	"Boloso_Sore"	"Afama_Banicha"	51	387	"Teff"	"Midslope"	1.0	45	4	20	1	6	2.9	30.0	1.0	1.0	1.0	1.0	0.0	1.0	0.0	0.0	0.0	1	1	0	1	18.0	20.0	324.0	360.0	0.0	18.0	0.0	27.0	60873	20.7	5.5	236	5.53	36.9	27.39	34.3	629.88983	4.2609105	6.4455447	50.0					122.76	54.66	47.98	0.45		300.0
"Southern_Nations,_Nationalities_and_Peoples"	"Wolayita"	"Boloso_Sore"	"Tiyo_Hembecho"	51	259	"Teff"	"Footslope"	1.0	50	0	30	1	2	1.5	30.0	1.0	0.5	0.25	1.0	1.0	1.0	1.0	1.0	1.0	0	1	0	1	64.0	20.0	4096.0	1280.0	64.0	0.0	0.0	24.7	13189	16.5	9.2	229	6.0	35.0	24.32	37.2	692.03534	3.353107	6.539637	60.0				74.0	122.76	54.66	47.98	0.45		400.0
"Southern_Nations,_Nationalities_and_Peoples"	"Wolayita"	"Boloso_Sore"	"Afama_Banicha"	51	388	"Teff"	"Midslope"	1.0	40	6	3	1	7	3.2	30.0	1.0	1.0	1.0	1.0	0.0	0.0	1.0	1.0	0.0	1	0	0	1	20.5	10.0	420.25	205.0	0.0	20.5	0.0	27.0	60873	20.7	5.5	236	5.53	36.9	27.39	34.3	629.88983	4.2609105	6.4455447	60.0				60.0	122.76	54.66	47.98	0.45		150.0
"Southern_Nations,_Nationalities_and_Peoples"	"Wolayita"	"Boloso_Sore"	"Qorike_Doge"	51	49	"Sorghum"	"Footslope"	0.0	50	3	30	0	7	3.4	30.0	1.0	0.06	0.0036	0.0	1.0	0.0	0.0	1.0	0.0	0	0	1	0	0.0	0.0	0.0	0.0	0.0	0.0	0.0	24.9	43140	20.4	5.5	236	5.53	38.5	28.12	33.5	605.9564	4.6297474	6.406808						122.76	54.66	47.98			166.66667
"Southern_Nations,_Nationalities_and_Peoples"	"Wolayita"	"Boloso_Sore"	"Tiyo_Hembecho"	51	245	"Teff"	"Footslope"	0.0	35	6	17	0	8	3.7	30.0	1.0	0.25	0.0625	1.0	1.0	0.0	0.0	0.0	0.0	0	0	0	1	18.0	20.0	324.0	360.0	18.0	0.0	0.0	24.7	13189	16.5	9.2	229	6.0	35.0	24.32	37.2	692.03534	3.353107	6.539637	60.0					122.76	54.66	47.98	0.45		400.0
"Southern_Nations,_Nationalities_and_Peoples"	"Wolayita"	"Boloso_Sore"	"Shuye_Homba"	51	310	"Teff"	"Footslope"	1.0	42	10	26	1	7	3.2	30.0	1.0	0.125	0.015625	1.0	0.0	0.0	0.0	0.0	0.0	0	1	1	1	164.0	80.0	26896.0	13120.0	164.0	0.0	0.0	26.6	13079	16.7	7.9	222	5.88	35.9	26.01	36.3	656.4354	3.945257	6.4868245	44.0				75.0	122.76	54.66	47.98	0.45		800.0
"Southern_Nations,_Nationalities_and_Peoples"	"Wolayita"	"Boloso_Sore"	"Tiyo_Hembecho"	51	303	"Wheat"	"Midslope"	1.0	60	0	40	0	9	4.8	30.0	1.0	0.5	0.25	0.0	1.0	0.0	0.0	0.0	0.0	0	0	0	1	0.0	0.0	0.0	0.0	0.0	0.0	0.0	24.6	9273	15.7	9.4	216	6.08	36.5	24.08	34.9	692.03534	3.353107	6.539637						122.76	54.66	47.98		0.39	400.0
"Southern_Nations,_Nationalities_and_Peoples"	"Wolayita"	"Boloso_Sore"	"Qorike_Doge"	51	1	"Wheat"	"Footslope"	1.0	45	8	27	0	7	3.6	30.0	0.0	0.08	0.0064	1.0	1.0	1.0	0.0	1.0	0.0	0	1	0	1	28.125	31.25	791.0156	878.90625	28.125	0.0	0.0	25.7	44121	20.1	5.8	216	5.65	37.9	27.31	35.3	605.9564	4.6297474	6.406808	32.0					122.76	54.66	47.98		0.39	625.0
"Southern_Nations,_Nationalities_and_Peoples"	"Wolayita"	"Boloso_Sore"	"Afama_Banicha"	51	376	"Teff"	"Midslope"	1.0	40	8	22	1	8	3.7	30.0	1.0	1.0	1.0	1.0	1.0	0.0	0.0	0.0	0.0	0	0	0	1	9.0	10.0	81.0	90.0	0.0	9.0	0.0	27.0	60873	20.7	5.5	236	5.53	36.9	27.39	34.3	629.88983	4.2609105	6.4455447	100.0					122.76	54.66	47.98	0.45		2.0
"Southern_Nations,_Nationalities_and_Peoples"	"Wolayita"	"Boloso_Sore"	"Shuye_Homba"	51	318	"Teff"	"Midslope"	1.0	50	5	25	1	9	4.2	30.0	1.0	0.25	0.0625	1.0	0.0	0.0	1.0	0.0	0.0	1	1	0	1	72.0	80.0	5184.0	5760.0	0.0	72.0	0.0	26.6	13079	16.7	7.9	222	5.88	35.9	26.01	36.3	656.4354	3.945257	6.4868245	50.0					122.76	54.66	47.98	0.45		1200.0
"Southern_Nations,_Nationalities_and_Peoples"	"Wolayita"	"Boloso_Sore"	"Dola"	51	149	"Teff"	"Footslope"	1.0	60	0	20	1	8	4.1	30.0	1.0	0.25	0.0625	1.0	0.0	0.0	1.0	0.0	0.0	0	1	1	0	84.0	34.0	7056.0	2856.0	84.0	0.0	0.0	20.0	11649	17.0	8.0	253	5.94	41.8	26.89	33.2	586.9713	4.233331	6.374976		40.0			40.0	122.76	54.66	47.98	0.45		800.0
"Southern_Nations,_Nationalities_and_Peoples"	"Wolayita"	"Boloso_Sore"	"Dola"	51	137	"Teff"	"Midslope"	1.0	30	7	12	0	4	2.1	30.0	1.0	0.25	0.0625	1.0	1.0	0.0	0.0	0.0	0.0	0	0	0	1	18.0	20.0	324.0	360.0	0.0	18.0	0.0	22.2	17943	17.7	7.7	264	5.82	39.3	26.95	33.2	601.13165	4.0162964	6.398814	48.0					122.76	54.66	47.98	0.45		4.0
"Southern_Nations,_Nationalities_and_Peoples"	"Wolayita"	"Boloso_Sore"	"Dola"	51	137	"Sorghum"	"Midslope"	1.0	30	7	12	0	4	2.1	30.0	1.0	0.08	0.0064	0.0	1.0	0.0	0.0	0.0	0.0	0	0	1	1	0.0	0.0	0.0	0.0	0.0	0.0	0.0	22.2	17943	17.7	7.7	264	5.82	39.3	26.95	33.2	601.13165	4.0162964	6.398814						122.76	54.66	47.98			12.5
"Southern_Nations,_Nationalities_and_Peoples"	"Hadiya"	"Lemo"	"Digiba"	52	332	"Wheat"	"Midslope"	1.0	41	10	10	1	8	3.9	35.0	1.0	0.125	0.015625	1.0	0.0	0.0	1.0	0.0	0.0	1	1	0	1	260.0	68.0	67600.0	17680.0	0.0	260.0	0.0	22.9	26009	18.1	7.4	231	5.83	34.2	28.55	36.2	708.1215	2.5442934	6.562616			37.0		37.0	122.76	54.66	47.98		0.39	4000.0
"Southern_Nations,_Nationalities_and_Peoples"	"Hadiya"	"Lemo"	"Digiba"	52	471	"Teff"	"Midslope"	1.0	40	4	8	1	7	3.4	35.0	1.0	0.25	0.0625	1.0	0.0	0.0	0.0	0.0	0.0	1	1	0	1	104.0	27.2	10816.0	2828.8	0.0	104.0	0.0	22.9	26009	18.1	7.4	231	5.83	34.2	28.55	36.2	708.1215	2.5442934	6.562616			30.0		30.0	122.76	54.66	47.98	0.45		1000.0
"Southern_Nations,_Nationalities_and_Peoples"	"Hadiya"	"Lemo"	"Digiba"	52	471	"Wheat"	"Midslope"	1.0	40	4	8	1	7	3.4	35.0	1.0	0.5	0.25	1.0	0.0	0.0	1.0	0.0	0.0	1	1	0	1	104.0	27.2	10816.0	2828.8	0.0	104.0	0.0	22.9	26009	18.1	7.4	231	5.83	34.2	28.55	36.2	708.1215	2.5442934	6.562616			33.75		33.75	122.76	54.66	47.98		0.39	1600.0
"Southern_Nations,_Nationalities_and_Peoples"	"Hadiya"	"Lemo"	"Digiba"	52	332	"Teff"	"Midslope"	1.0	41	10	10	1	8	3.9	35.0	1.0	0.125	0.015625	1.0	0.0	0.0	0.0	0.0	0.0	1	1	0	1	208.0	54.4	43264.0	11315.2	0.0	208.0	0.0	22.9	26009	18.1	7.4	231	5.83	34.2	28.55	36.2	708.1215	2.5442934	6.562616			30.0		30.0	122.76	54.66	47.98	0.45		1600.0
"Southern_Nations,_Nationalities_and_Peoples"	"Hadiya"	"Lemo"	"Digiba"	52	265	"Wheat"	"Midslope"	1.0	40	6	5	1	8	3.7	35.0	1.0	0.325	0.105625	1.0	0.0	0.0	0.0	0.0	0.0	1	1	0	1	100.0	26.153847	10000.0	2615.3848	0.0	100.0	0.0	22.9	26009	18.1	7.4	231	5.83	34.2	28.55	36.2	708.1215	2.5442934	6.562616			38.0		37.0	122.76	54.66	47.98		0.39	2461.5386
"Southern_Nations,_Nationalities_and_Peoples"	"Wolayita"	"Boloso_Sore"	"Yukara"	53	95	"Teff"	"Footslope"	1.0	40	12	15	1	5	2.4	30.0	1.0	0.25	0.0625	1.0	0.0	1.0	1.0	1.0	0.0	1	1	0	1	128.0	40.0	16384.0	5120.0	128.0	0.0	0.0	23.9	24531	19.1	6.4	255	5.64	40.1	28.08	33.0	605.9564	4.6297474	6.406808	43.6				43.6	122.76	54.66	47.98	0.45		600.0
"Southern_Nations,_Nationalities_and_Peoples"	"Wolayita"	"Boloso_Sore"	"Yukara"	53	80	"Teff"	"Footslope"	0.0	30	15	12	0	6	2.7	30.0	1.0	0.75	0.5625	1.0	1.0	0.0	0.0	0.0	0.0	0	0	0	1	6.0	6.6666665	36.0	40.0	6.0	0.0	0.0	22.9	22754	19.5	6.6	264	5.69	39.1	27.67	31.9	601.13165	4.0162964	6.398814	30.0					122.76	54.66	47.98	0.45		2.6666667
"Southern_Nations,_Nationalities_and_Peoples"	"Wolayita"	"Boloso_Sore"	"Qorike_Doge"	53	61	"Teff"	"Midslope"	1.0	50	0	35	0	8	3.5	30.0	1.0	0.25	0.0625	1.0	1.0	0.0	0.0	0.0	0.0	0	0	0	1	38.4	12.0	1474.56	460.80002	0.0	38.4	0.0	24.9	43140	20.4	5.5	236	5.53	38.5	28.12	33.5	605.9564	4.6297474	6.406808	40.0				40.0	122.76	54.66	47.98	0.45		100.0
"Southern_Nations,_Nationalities_and_Peoples"	"Wolayita"	"Boloso_Sore"	"Genet_Achura"	53	255	"Teff"	"Midslope"	1.0	60	0	25	0	7	3.4	30.0	1.0	0.75	0.5625	1.0	0.0	1.0	1.0	0.0	0.0	1	1	0	1	42.666668	13.333333	1820.4446	568.8889	0.0	42.666668	0.0	26.1	22854	17.8	9.0	242	5.83	36.0	26.85	35.6	620.3446	3.6565523	6.430275	38.0				38.0	122.76	54.66	47.98	0.45		666.6667
"Southern_Nations,_Nationalities_and_Peoples"	"Wolayita"	"Boloso_Sore"	"Yukara"	53	126	"Sorghum"	"Footslope"	1.0	40	10	12	1	7	3.4	30.0	0.0	0.125	0.015625	1.0	0.0	0.0	0.0	0.0	0.0	0	0	1	1	128.0	40.0	16384.0	5120.0	128.0	0.0	0.0	23.9	24531	19.1	6.4	255	5.64	40.1	28.08	33.0	605.9564	4.6297474	6.406808	40.0				40.0	122.76	54.66	47.98			400.0
"Southern_Nations,_Nationalities_and_Peoples"	"Wolayita"	"Boloso_Sore"	"Genet_Achura"	53	244	"Teff"	"Midslope"	1.0	40	8	22	0	10	5.6	30.0	1.0	1.0	1.0	1.0	1.0	0.0	0.0	0.0	0.0	0	0	0	1	9.0	10.0	81.0	90.0	0.0	9.0	0.0	26.1	22854	17.8	9.0	242	5.83	36.0	26.85	35.6	620.3446	3.6565523	6.430275	48.0					122.76	54.66	47.98	0.45		300.0
"Southern_Nations,_Nationalities_and_Peoples"	"Wolayita"	"Boloso_Sore"	"Yukara"	53	131	"Teff"	"Footslope"	1.0	55	10	33	1	10	5.1	30.0	1.0	0.25	0.0625	1.0	0.0	1.0	0.0	0.0	0.0	0	0	0	1	46.0	0.0	2116.0	0.0	46.0	0.0	0.0	23.9	24531	19.1	6.4	255	5.64	40.1	28.08	33.0	605.9564	4.6297474	6.406808					40.2	122.76	54.66	47.98	0.45		600.0
"Southern_Nations,_Nationalities_and_Peoples"	"Wolayita"	"Boloso_Sore"	"Yukara"	53	81	"Teff"	"Footslope"	1.0	50	16	5	0	9	4.4	30.0	1.0	0.25	0.0625	1.0	0.0	0.0	0.0	0.0	0.0	0	0	0	1	0.18	0.2	0.0324	0.036000002	0.18	0.0	0.0	23.9	24531	19.1	6.4	255	5.64	40.1	28.08	33.0	605.9564	4.6297474	6.406808	4000.0					122.76	54.66	47.98	0.45		6.0
"Southern_Nations,_Nationalities_and_Peoples"	"Wolayita"	"Boloso_Sore"	"Doge_Woybo"	53	56	"Teff"	"Footslope"	1.0	47	8	30	1	10	5.1	30.0	1.0	0.25	0.0625	1.0	0.0	0.0	0.0	1.0	0.0	0	0	0	0	19.0	17.0	361.0	323.0	19.0	0.0	0.0	26.5	46578	19.8	5.3	235	5.49	39.4	28.48	31.9	629.88983	4.2609105	6.4455447		160.0				122.76	54.66	47.98	0.45		500.0
"Southern_Nations,_Nationalities_and_Peoples"	"Wolayita"	"Boloso_Sore"	"Yukara"	53	126	"Teff"	"Footslope"	1.0	40	10	12	1	7	3.4	30.0	1.0	1.0	1.0	1.0	1.0	0.0	1.0	1.0	1.0	1	1	1	1	32.0	10.0	1024.0	320.0	32.0	0.0	0.0	23.9	24531	19.1	6.4	255	5.64	40.1	28.08	33.0	605.9564	4.6297474	6.406808	40.0				24.95	122.76	54.66	47.98	0.45		1.0
"Southern_Nations,_Nationalities_and_Peoples"	"Wolayita"	"Boloso_Sore"	"Genet_Achura"	53	247	"Teff"	"Midslope"	0.0	40	7	30	1	7	4.0	30.0	1.0	0.5	0.25	1.0	0.0	1.0	1.0	1.0	0.0	0	1	0	1	64.0	20.0	4096.0	1280.0	0.0	64.0	0.0	26.1	22854	17.8	9.0	242	5.83	36.0	26.85	35.6	620.3446	3.6565523	6.430275	50.0				50.0	122.76	54.66	47.98	0.45		200.0
"Southern_Nations,_Nationalities_and_Peoples"	"Wolayita"	"Boloso_Sore"	"Chama_Hembecho"	53	379	"Teff"	"Midslope"	0.0	45	0	20	0	7	3.4	30.0	1.0	0.5	0.25	1.0	0.0	1.0	1.0	0.0	0.0	0	1	0	1	36.0	40.0	1296.0	1440.0	0.0	36.0	0.0	25.7	19793	17.3	7.7	235	5.72	35.5	26.6	36.3	652.5865	3.6711102	6.4809437	38.0					122.76	54.66	47.98	0.45		600.0
"Southern_Nations,_Nationalities_and_Peoples"	"Wolayita"	"Boloso_Sore"	"Genet_Achura"	53	257	"Teff"	"Midslope"	1.0	25	0	12	1	5	2.8	30.0	0.0	0.25	0.0625	1.0	0.0	1.0	1.0	0.0	0.0	0	0	0	1	64.0	20.0	4096.0	1280.0	0.0	64.0	0.0	26.1	22854	17.8	9.0	242	5.83	36.0	26.85	35.6	620.3446	3.6565523	6.430275	80.0				75.0	122.76	54.66	47.98	0.45		400.0
"Southern_Nations,_Nationalities_and_Peoples"	"Wolayita"	"Boloso_Sore"	"Yukara"	53	127	"Teff"	"Midslope"	1.0	30	6	2	1	5	2.6	30.0	1.0	0.125	0.015625	1.0	0.0	1.0	0.0	0.0	0.0	0	1	0	1	128.0	40.0	16384.0	5120.0	0.0	128.0	0.0	22.9	22754	19.5	6.6	264	5.69	39.1	27.67	31.9	601.13165	4.0162964	6.398814	70.0				70.0	122.76	54.66	47.98	0.45		800.0
"Southern_Nations,_Nationalities_and_Peoples"	"Wolayita"	"Boloso_Sore"	"Qorike_Doge"	53	54	"Wheat"	"Footslope"	1.0	40	12	20	1	8	3.7	30.0	1.0	0.125	0.015625	1.0	1.0	0.0	1.0	1.0	0.0	0	1	0	0	128.0	40.0	16384.0	5120.0	128.0	0.0	0.0	25.5	49515	21.0	5.9	213	5.7	37.0	27.14	36.1	605.9564	4.6297474	6.406808	39.2				39.2	122.76	54.66	47.98		0.39	400.0
"Southern_Nations,_Nationalities_and_Peoples"	"Wolayita"	"Boloso_Sore"	"Chama_Hembecho"	53	374	"Teff"	"Footslope"	0.0	60	0	42	0	10	4.9	30.0	1.0	0.25	0.0625	1.0	1.0	0.0	0.0	0.0	0.0	0	0	0	1	18.0	20.0	324.0	360.0	18.0	0.0	0.0	27.3	18329	16.7	7.8	231	5.73	35.5	26.46	35.9	652.5865	3.6711102	6.4809437	40.0					122.76	54.66	47.98	0.45		400.0
"Southern_Nations,_Nationalities_and_Peoples"	"Wolayita"	"Boloso_Sore"	"Chama_Hembecho"	53	389	"Teff"	"Footslope"	1.0	59	12	40	1	12	6.5	30.0	1.0	1.0	1.0	1.0	0.0	0.0	1.0	1.0	0.0	1	1	1	1	32.0	10.0	1024.0	320.0	32.0	0.0	0.0	25.3	18033	17.0	8.2	232	5.76	36.0	26.04	35.7	652.5865	3.6711102	6.4809437	72.0				72.0	122.76	54.66	47.98	0.45		200.0
"Southern_Nations,_Nationalities_and_Peoples"	"Wolayita"	"Boloso_Sore"	"Doge_Woybo"	53	64	"Teff"	"Footslope"	1.0	35	0	15	1	11	5.0	30.0	1.0	0.125	0.015625	1.0	1.0	1.0	1.0	0.0	1.0	1	1	0	1	43.2	48.0	1866.2401	2073.6	43.2	0.0	0.0	26.5	46578	19.8	5.3	235	5.49	39.4	28.48	31.9	629.88983	4.2609105	6.4455447	40.0					122.76	54.66	47.98	0.45		1600.0
"Southern_Nations,_Nationalities_and_Peoples"	"Wolayita"	"Boloso_Sore"	"Qorike_Doge"	53	62	"Teff"	"Footslope"	1.0	30	5	15	1	8	3.3	30.0	1.0	0.25	0.0625	1.0	1.0	0.0	0.0	0.0	1.0	1	0	0	1	384.0	120.0	147456.0	46080.0	384.0	0.0	0.0	24.9	43140	20.4	5.5	236	5.53	38.5	28.12	33.5	605.9564	4.6297474	6.406808	40.0				40.0	122.76	54.66	47.98	0.45		6.0
"Southern_Nations,_Nationalities_and_Peoples"	"Wolayita"	"Boloso_Sore"	"Qorike_Doge"	53	50	"Teff"	"Footslope"	1.0	55	4	3	0	5	2.6	30.0	1.0	0.125	0.015625	0.0	1.0	0.0	0.0	0.0	0.0	0	0	0	1	0.0	0.0	0.0	0.0	0.0	0.0	0.0	24.9	43140	20.4	5.5	236	5.53	38.5	28.12	33.5	605.9564	4.6297474	6.406808						122.76	54.66	47.98	0.45		4.0
"Southern_Nations,_Nationalities_and_Peoples"	"Wolayita"	"Boloso_Sore"	"Genet_Achura"	53	254	"Teff"	"Midslope"	1.0	40	13	15	1	7	3.4	30.0	0.0	0.5	0.25	1.0	0.0	1.0	1.0	1.0	0.0	1	1	0	1	36.0	40.0	1296.0	1440.0	0.0	36.0	0.0	26.1	22854	17.8	9.0	242	5.83	36.0	26.85	35.6	620.3446	3.6565523	6.430275	38.0					122.76	54.66	47.98	0.45		500.0
"Southern_Nations,_Nationalities_and_Peoples"	"Wolayita"	"Boloso_Sore"	"Doge_Woybo"	53	60	"Teff"	"Footslope"	1.0	45	10	11	0	6	2.7	30.0	1.0	0.25	0.0625	1.0	1.0	1.0	1.0	0.0	0.0	0	1	0	1	64.0	20.0	4096.0	1280.0	64.0	0.0	0.0	26.4	54283	21.1	5.5	238	5.49	38.9	28.75	33.4	605.9564	4.6297474	6.406808	128.0				75.0	122.76	54.66	47.98	0.45		400.0
"Southern_Nations,_Nationalities_and_Peoples"	"Wolayita"	"Boloso_Sore"	"Genet_Achura"	53	243	"Teff"	"Footslope"	1.0	30	13	10	0	5	2.6	30.0	1.0	0.25	0.0625	1.0	0.0	0.0	0.0	0.0	0.0	0	0	0	1	18.0	20.0	324.0	360.0	18.0	0.0	0.0	26.1	22854	17.8	9.0	242	5.83	36.0	26.85	35.6	620.3446	3.6565523	6.430275	50.0					122.76	54.66	47.98	0.45		400.0
"Southern_Nations,_Nationalities_and_Peoples"	"Wolayita"	"Boloso_Sore"	"Genet_Achura"	53	258	"Teff"	"Footslope"	1.0	60	0	30	1	11	5.6	30.0	1.0	0.5	0.25	1.0	0.0	1.0	1.0	1.0	0.0	0	1	0	1	64.0	20.0	4096.0	1280.0	64.0	0.0	0.0	26.1	22854	17.8	9.0	242	5.83	36.0	26.85	35.6	620.3446	3.6565523	6.430275	40.0				40.0	122.76	54.66	47.98	0.45		200.0
"Southern_Nations,_Nationalities_and_Peoples"	"Wolayita"	"Boloso_Sore"	"Genet_Achura"	53	253	"Teff"	"Footslope"	1.0	45	4	25	0	7	3.2	30.0	1.0	0.25	0.0625	1.0	0.0	1.0	1.0	0.0	0.0	0	0	0	0	18.0	20.0	324.0	360.0	18.0	0.0	0.0	26.1	22854	17.8	9.0	242	5.83	36.0	26.85	35.6	620.3446	3.6565523	6.430275	100.0					122.76	54.66	47.98	0.45		400.0
"Southern_Nations,_Nationalities_and_Peoples"	"Wolayita"	"Boloso_Sore"	"Doge_Woybo"	53	55	"Teff"	"Footslope"	1.0	38	12	23	0	6	2.7	30.0	1.0	0.25	0.0625	1.0	0.0	0.0	0.0	1.0	0.0	0	0	0	0	64.0	20.0	4096.0	1280.0	64.0	0.0	0.0	26.5	46578	19.8	5.3	235	5.49	39.4	28.48	31.9	629.88983	4.2609105	6.4455447	160.0				75.0	122.76	54.66	47.98	0.45		600.0
"Southern_Nations,_Nationalities_and_Peoples"	"Wolayita"	"Boloso_Sore"	"Genet_Achura"	53	248	"Teff"	"Midslope"	0.0	50	0	5	1	4	2.3	30.0	1.0	0.25	0.0625	1.0	0.0	0.0	1.0	0.0	0.0	0	1	0	1	64.0	20.0	4096.0	1280.0	0.0	64.0	0.0	26.3	24341	18.3	8.8	236	5.76	35.9	27.35	35.3	620.3446	3.6565523	6.430275	68.0				68.0	122.76	54.66	47.98	0.45		400.0
"Southern_Nations,_Nationalities_and_Peoples"	"Wolayita"	"Boloso_Sore"	"Yukara"	53	95	"Teff"	"Footslope"	1.0	40	12	15	1	5	2.4	30.0	1.0	0.25	0.0625	1.0	0.0	0.0	1.0	1.0	0.0	1	1	0	1	128.0	40.0	16384.0	5120.0	128.0	0.0	0.0	23.9	24531	19.1	6.4	255	5.64	40.1	28.08	33.0	605.9564	4.6297474	6.406808	43.6				43.0	122.76	54.66	47.98	0.45		600.0
"Southern_Nations,_Nationalities_and_Peoples"	"Wolayita"	"Boloso_Sore"	"Chama_Hembecho"	53	386	"Teff"	"Footslope"	1.0	35	12	6	1	6	2.9	30.0	0.0	1.0	1.0	1.0	0.0	1.0	1.0	1.0	0.0	0	1	0	1	32.0	10.0	1024.0	320.0	32.0	0.0	0.0	25.3	18033	17.0	8.2	232	5.76	36.0	26.04	35.7	652.5865	3.6711102	6.4809437	40.0				40.0	122.76	54.66	47.98	0.45		230.0
"Southern_Nations,_Nationalities_and_Peoples"	"Wolayita"	"Boloso_Sore"	"Qorike_Doge"	53	69	"Teff"	"Footslope"	1.0	43	10	43	1	10	4.1	30.0	1.0	0.25	0.0625	1.0	1.0	0.0	1.0	1.0	0.0	1	1	1	1	38.0	34.0	1444.0	1292.0	38.0	0.0	0.0	24.9	43140	20.4	5.5	236	5.53	38.5	28.12	33.5	605.9564	4.6297474	6.406808		40.0				122.76	54.66	47.98	0.45		800.0
"Southern_Nations,_Nationalities_and_Peoples"	"Wolayita"	"Boloso_Sore"	"Doge_Woybo"	53	52	"Sorghum"	"Footslope"	1.0	20	14	24	0	9	4.6	30.0	0.0	0.25	0.0625	1.0	0.0	0.0	0.0	0.0	0.0	0	0	0	1	7.2	8.0	51.839996	57.6	7.2	0.0	0.0	26.5	46578	19.8	5.3	235	5.49	39.4	28.48	31.9	629.88983	4.2609105	6.4455447	24.5					122.76	54.66	47.98			8.0
"Southern_Nations,_Nationalities_and_Peoples"	"Wolayita"	"Boloso_Sore"	"Doge_Woybo"	53	70	"Teff"	"Footslope"	1.0	55	12	30	1	7	3.8	30.0	1.0	0.75	0.5625	1.0	0.0	0.0	1.0	0.0	0.0	0	1	1	1	12.0	13.333333	144.0	160.0	12.0	0.0	0.0	23.7	24467	18.1	6.8	282	5.59	39.8	27.71	30.4	629.88983	4.2609105	6.4455447	50.0					122.76	54.66	47.98	0.45		400.0
"Southern_Nations,_Nationalities_and_Peoples"	"Wolayita"	"Boloso_Sore"	"Yukara"	53	96	"Teff"	"Footslope"	1.0	50	8	30	0	7	3.8	30.0	0.0	0.5	0.25	1.0	0.0	1.0	1.0	1.0	0.0	1	1	0	1	64.0	20.0	4096.0	1280.0	64.0	0.0	0.0	23.9	24531	19.1	6.4	255	5.64	40.1	28.08	33.0	605.9564	4.6297474	6.406808	43.6				40.0	122.76	54.66	47.98	0.45		1200.0
"Southern_Nations,_Nationalities_and_Peoples"	"Wolayita"	"Boloso_Sore"	"Doge_Woybo"	53	52	"Teff"	"Footslope"	1.0	20	14	24	0	9	4.6	30.0	1.0	1.0	1.0	1.0	0.0	0.0	0.0	0.0	1.0	1	0	0	1	9.0	10.0	81.0	90.0	9.0	0.0	0.0	26.5	46578	19.8	5.3	235	5.49	39.4	28.48	31.9	629.88983	4.2609105	6.4455447	24.0					122.76	54.66	47.98	0.45		2.0
"Southern_Nations,_Nationalities_and_Peoples"	"Wolayita"	"Boloso_Sore"	"Yukara"	53	134	"Teff"	"Footslope"	1.0	45	12	25	1	8	3.5	30.0	1.0	0.25	0.0625	1.0	1.0	1.0	1.0	1.0	0.0	1	1	1	1	128.0	40.0	16384.0	5120.0	128.0	0.0	0.0	23.9	24531	19.1	6.4	255	5.64	40.1	28.08	33.0	605.9564	4.6297474	6.406808	38.0				38.0	122.76	54.66	47.98	0.45		200.0
"Southern_Nations,_Nationalities_and_Peoples"	"Wolayita"	"Boloso_Sore"	"Yukara"	53	126	"Wheat"	"Footslope"	1.0	40	10	12	1	7	3.4	30.0	1.0	0.25	0.0625	1.0	1.0	0.0	1.0	0.0	1.0	1	1	1	1	64.0	20.0	4096.0	1280.0	64.0	0.0	0.0	23.9	24531	19.1	6.4	255	5.64	40.1	28.08	33.0	605.9564	4.6297474	6.406808	40.0				40.0	122.76	54.66	47.98		0.39	800.0
"Southern_Nations,_Nationalities_and_Peoples"	"Wolayita"	"Boloso_Sore"	"Qorike_Doge"	53	74	"Teff"	"Midslope"	0.0	67	0	30	1	5	2.6	30.0	1.0	0.5	0.25	1.0	0.0	1.0	0.0	0.0	0.0	0	1	0	1	27.0	30.0	729.0	810.0	0.0	27.0	0.0	24.9	43140	20.4	5.5	236	5.53	38.5	28.12	33.5	605.9564	4.6297474	6.406808	46.666668					122.76	54.66	47.98	0.45		200.0
"Southern_Nations,_Nationalities_and_Peoples"	"Wolayita"	"Boloso_Sore"	"Qorike_Doge"	53	54	"Teff"	"Footslope"	1.0	40	12	20	1	8	3.7	30.0	1.0	0.5	0.25	1.0	1.0	0.0	1.0	1.0	0.0	0	1	0	0	32.0	10.0	1024.0	320.0	32.0	0.0	0.0	25.5	49515	21.0	5.9	213	5.7	37.0	27.14	36.1	605.9564	4.6297474	6.406808	39.2				39.2	122.76	54.66	47.98	0.45		200.0
"Southern_Nations,_Nationalities_and_Peoples"	"Wolayita"	"Boloso_Sore"	"Doge_Woybo"	53	59	"Teff"	"Footslope"	1.0	38	9	10	1	7	3.8	30.0	1.0	0.5	0.25	1.0	1.0	1.0	1.0	1.0	0.0	0	1	0	1	128.0	40.0	16384.0	5120.0	128.0	0.0	0.0	25.9	58923	20.4	5.4	244	5.47	40.7	29.22	30.3	629.88983	4.2609105	6.4455447	38.0				38.0	122.76	54.66	47.98	0.45		350.0
"Southern_Nations,_Nationalities_and_Peoples"	"Wolayita"	"Boloso_Sore"	"Chama_Hembecho"	53	390	"Teff"	"Footslope"	1.0	45	8	23	1	9	4.8	30.0	1.0	0.5	0.25	1.0	1.0	0.0	1.0	1.0	0.0	1	1	1	1	128.0	40.0	16384.0	5120.0	128.0	0.0	0.0	26.1	16887	17.3	7.2	238	5.71	35.7	26.34	36.1	652.5865	3.6711102	6.4809437	30.0				30.0	122.76	54.66	47.98	0.45		600.0
"Southern_Nations,_Nationalities_and_Peoples"	"Wolayita"	"Boloso_Sore"	"Qorike_Doge"	53	71	"Teff"	"Footslope"	0.0	48	0	30	1	6	3.1	30.0	1.0	0.25	0.0625	1.0	0.0	0.0	1.0	1.0	0.0	1	1	0	1	102.399994	32.0	10485.759	3276.7998	102.399994	0.0	0.0	25.1	40165	20.0	6.1	223	5.57	38.5	27.39	34.9	605.9564	4.6297474	6.406808	46.25				46.25	122.76	54.66	47.98	0.45		400.0
"Southern_Nations,_Nationalities_and_Peoples"	"Wolayita"	"Boloso_Sore"	"Chama_Hembecho"	53	384	"Teff"	"Footslope"	1.0	40	6	10	1	6	2.9	30.0	1.0	0.25	0.0625	1.0	1.0	1.0	1.0	1.0	0.0	1	1	0	1	64.0	20.0	4096.0	1280.0	64.0	0.0	0.0	27.3	18329	16.7	7.8	231	5.73	35.5	26.46	35.9	652.5865	3.6711102	6.4809437	35.0				35.0	122.76	54.66	47.98	0.45		1600.0
"Southern_Nations,_Nationalities_and_Peoples"	"Wolayita"	"Boloso_Sore"	"Doge_Woybo"	53	52	"Wheat"	"Footslope"	1.0	20	14	24	0	9	4.6	30.0	0.0	0.5	0.25	1.0	0.0	0.0	0.0	1.0	1.0	1	0	0	1	9.0	10.0	81.0	90.0	9.0	0.0	0.0	26.5	46578	19.8	5.3	235	5.49	39.4	28.48	31.9	629.88983	4.2609105	6.4455447	20.0					122.76	54.66	47.98		0.39	2.0
"Southern_Nations,_Nationalities_and_Peoples"	"Wolayita"	"Boloso_Sore"	"Chama_Hembecho"	53	375	"Teff"	"Midslope"	1.0	50	4	32	0	7	3.1	30.0	1.0	0.125	0.015625	0.0	1.0	0.0	0.0	0.0	0.0	0	0	0	1	0.0	0.0	0.0	0.0	0.0	0.0	0.0	25.7	19793	17.3	7.7	235	5.72	35.5	26.6	36.3	652.5865	3.6711102	6.4809437						122.76	54.66	47.98	0.45		400.0
"Southern_Nations,_Nationalities_and_Peoples"	"Wolayita"	"Boloso_Sore"	"Doge_Woybo"	53	75	"Teff"	"Footslope"	1.0	93	0	70	1	4	2.3	30.0	1.0	0.5	0.25	1.0	0.0	1.0	1.0	0.0	0.0	0	1	0	1	128.0	40.0	16384.0	5120.0	128.0	0.0	0.0	26.5	46578	19.8	5.3	235	5.49	39.4	28.48	31.9	629.88983	4.2609105	6.4455447	50.0				50.0	122.76	54.66	47.98	0.45		1000.0
"Southern_Nations,_Nationalities_and_Peoples"	"Wolayita"	"Boloso_Sore"	"Qorike_Doge"	53	72	"Teff"	"Footslope"	0.0	40	2	25	0	7	3.4	30.0	1.0	0.125	0.015625	1.0	0.0	0.0	0.0	0.0	0.0	0	0	0	0	36.0	40.0	1296.0	1440.0	36.0	0.0	0.0	24.9	43140	20.4	5.5	236	5.53	38.5	28.12	33.5	605.9564	4.6297474	6.406808	50.0					122.76	54.66	47.98	0.45		320.0
"Southern_Nations,_Nationalities_and_Peoples"	"Wolayita"	"Boloso_Sore"	"Doge_Woybo"	53	75	"Teff"	"Footslope"	1.0	93	0	70	1	4	2.3	30.0	1.0	1.0	1.0	1.0	0.0	1.0	1.0	0.0	0.0	1	1	0	1	128.0	40.0	16384.0	5120.0	128.0	0.0	0.0	26.5	46578	19.8	5.3	235	5.49	39.4	28.48	31.9	629.88983	4.2609105	6.4455447	25.0				50.0	122.76	54.66	47.98	0.45		1200.0
"Southern_Nations,_Nationalities_and_Peoples"	"Wolayita"	"Boloso_Sore"	"Yukara"	53	96	"Teff"	"Footslope"	1.0	50	8	30	0	7	3.8	30.0	0.0	0.5	0.25	1.0	0.0	1.0	1.0	1.0	0.0	1	1	0	0	64.0	20.0	4096.0	1280.0	64.0	0.0	0.0	23.9	24531	19.1	6.4	255	5.64	40.1	28.08	33.0	605.9564	4.6297474	6.406808	43.6				40.0	122.76	54.66	47.98	0.45		1200.0
"Southern_Nations,_Nationalities_and_Peoples"	"Wolayita"	"Boloso_Sore"	"Matala_Hembecho"	54	299	"Wheat"	"Footslope"	1.0	40	2	10	1	9	3.6	30.0	0.0	0.375	0.140625	1.0	0.0	0.0	1.0	1.0	1.0	1	0	0	1	21.333334	6.6666665	455.11115	142.22223	21.333334	0.0	0.0	24.6	9273	15.7	9.4	216	6.08	36.5	24.08	34.9	692.03534	3.353107	6.539637	70.0				70.0	122.76	54.66	47.98		0.39	266.66666
"Southern_Nations,_Nationalities_and_Peoples"	"Wolayita"	"Boloso_Sore"	"Matala_Hembecho"	54	312	"Teff"	"Footslope"	1.0	45	8	25	1	11	5.0	30.0	1.0	1.0	1.0	1.0	1.0	1.0	0.0	1.0	0.0	0	0	0	0	65.0	17.0	4225.0	1105.0	65.0	0.0	0.0	24.6	9273	15.7	9.4	216	6.08	36.5	24.08	34.9	692.03534	3.353107	6.539637		40.0			40.0	122.76	54.66	47.98	0.45		700.0
"Southern_Nations,_Nationalities_and_Peoples"	"Wolayita"	"Boloso_Sore"	"Dubo"	54	129	"Teff"	"Footslope"	0.0	60	0	30	1	12	5.9	30.0	1.0	0.125	0.015625	1.0	0.0	1.0	1.0	1.0	0.0	0	1	0	0	76.0	68.0	5776.0	5168.0	76.0	0.0	0.0	26.3	42300	19.6	5.4	256	5.46	37.4	28.82	31.1	629.88983	4.2609105	6.4455447		35.6				122.76	54.66	47.98	0.45		600.0
"Southern_Nations,_Nationalities_and_Peoples"	"Wolayita"	"Boloso_Sore"	"Dubo"	54	124	"Sorghum"	"Footslope"	1.0	45	0	20	0	7	3.8	30.0	1.0	0.25	0.0625	1.0	1.0	0.0	0.0	0.0	0.0	0	1	0	1	220.0	40.0	48400.0	8800.0	220.0	0.0	0.0	26.3	36847	19.4	5.0	241	5.45	38.6	28.95	30.6	629.88983	4.2609105	6.4455447	70.0				35.0	122.76	54.66	47.98			800.0
"Southern_Nations,_Nationalities_and_Peoples"	"Wolayita"	"Boloso_Sore"	"Dubo"	54	82	"Wheat"	"Footslope"	1.0	30	10	12	0	6	2.9	30.0	1.0	0.25	0.0625	1.0	0.0	0.0	1.0	1.0	0.0	0	0	0	1	8.64	9.6	74.649605	82.94401	8.64	0.0	0.0	26.3	36847	19.4	5.0	241	5.45	38.6	28.95	30.6	629.88983	4.2609105	6.4455447	25.0					122.76	54.66	47.98		0.39	800.0
"Southern_Nations,_Nationalities_and_Peoples"	"Wolayita"	"Boloso_Sore"	"Dubo"	54	82	"Teff"	"Footslope"	1.0	30	10	12	0	6	2.9	30.0	1.0	0.5	0.25	1.0	0.0	0.0	1.0	1.0	0.0	0	0	0	1	18.0	20.0	324.0	360.0	18.0	0.0	0.0	26.3	36847	19.4	5.0	241	5.45	38.6	28.95	30.6	629.88983	4.2609105	6.4455447	38.0					122.76	54.66	47.98	0.45		300.0
"Southern_Nations,_Nationalities_and_Peoples"	"Wolayita"	"Boloso_Sore"	"Bassa_Gofara"	54	138	"Teff"	"Footslope"	1.0	45	0	18	0	6	2.9	30.0	1.0	0.5	0.25	1.0	1.0	0.0	0.0	1.0	0.0	0	0	0	1	23.0	0.0	529.0	0.0	23.0	0.0	0.0	22.7	14029	17.2	8.0	234	5.78	37.3	27.29	32.2	604.1635	3.585095	6.403845					50.0	122.76	54.66	47.98	0.45		400.0
"Southern_Nations,_Nationalities_and_Peoples"	"Wolayita"	"Boloso_Sore"	"Worimuma"	54	212	"Teff"	"Midslope"	1.0	60	7	40	0	12	5.5	30.0	1.0	0.25	0.0625	1.0	0.0	0.0	1.0	1.0	0.0	0	1	0	1	18.0	20.0	324.0	360.0	0.0	18.0	0.0	25.9	23838	18.6	8.9	242	5.73	37.5	27.7	32.0	620.3446	3.6565523	6.430275	36.0					122.76	54.66	47.98	0.45		600.0
"Southern_Nations,_Nationalities_and_Peoples"	"Wolayita"	"Boloso_Sore"	"Bassa_Gofara"	54	201	"Teff"	"Footslope"	1.0	35	9	10	1	5	3.0	30.0	1.0	0.25	0.0625	1.0	0.0	0.0	1.0	1.0	0.0	1	1	0	1	78.4	36.0	6146.56	2822.4001	78.4	0.0	0.0	22.7	14029	17.2	8.0	234	5.78	37.3	27.29	32.2	604.1635	3.585095	6.403845	16.666666				24.95	122.76	54.66	47.98	0.45		240.0
"Southern_Nations,_Nationalities_and_Peoples"	"Wolayita"	"Boloso_Sore"	"Dubo"	54	79	"Teff"	"Midslope"	1.0	60	2	20	0	4	2.3	30.0	1.0	0.08	0.0064	0.0	0.0	0.0	0.0	0.0	0.0	0	0	0	1	0.0	0.0	0.0	0.0	0.0	0.0	0.0	26.3	36847	19.4	5.0	241	5.45	38.6	28.95	30.6	629.88983	4.2609105	6.4455447						122.76	54.66	47.98	0.45		375.0
"Southern_Nations,_Nationalities_and_Peoples"	"Wolayita"	"Boloso_Sore"	"Matala_Hembecho"	54	300	"Teff"	"Footslope"	1.0	40	4	10	1	7	3.6	30.0	1.0	0.25	0.0625	1.0	0.0	1.0	1.0	1.0	0.0	0	1	0	1	128.0	40.0	16384.0	5120.0	128.0	0.0	0.0	24.6	9273	15.7	9.4	216	6.08	36.5	24.08	34.9	692.03534	3.353107	6.539637	50.0				50.0	122.76	54.66	47.98	0.45		600.0
"Southern_Nations,_Nationalities_and_Peoples"	"Wolayita"	"Boloso_Sore"	"Worimuma"	54	215	"Teff"	"Footslope"	0.0	38	4	10	0	8	3.7	30.0	1.0	0.25	0.0625	0.0	0.0	0.0	0.0	0.0	0.0	0	1	0	1	0.0	0.0	0.0	0.0	0.0	0.0	0.0	21.9	14554	17.0	8.4	240	5.73	36.9	27.69	31.2	620.3446	3.6565523	6.430275						122.76	54.66	47.98	0.45		600.0
"Southern_Nations,_Nationalities_and_Peoples"	"Wolayita"	"Boloso_Sore"	"Bassa_Gofara"	54	150	"Teff"	"Midslope"	1.0	35	4	12	0	5	2.4	30.0	1.0	0.125	0.015625	1.0	0.0	0.0	0.0	0.0	0.0	0	0	0	1	72.0	80.0	5184.0	5760.0	0.0	72.0	0.0	22.7	14029	17.2	8.0	234	5.78	37.3	27.29	32.2	604.1635	3.585095	6.403845	3.8					122.76	54.66	47.98	0.45		400.0
"Southern_Nations,_Nationalities_and_Peoples"	"Wolayita"	"Boloso_Sore"	"Dubo"	54	125	"Teff"	"Hillslope"	0.0	60	0	2	0	1	1.0	30.0	1.0	0.125	0.015625	0.0	0.0	0.0	0.0	0.0	0.0	0	1	0	1	0.0	0.0	0.0	0.0	0.0	0.0	0.0	26.3	36847	19.4	5.0	241	5.45	38.6	28.95	30.6	629.88983	4.2609105	6.4455447						122.76	54.66	47.98	0.45		800.0
"Southern_Nations,_Nationalities_and_Peoples"	"Wolayita"	"Boloso_Sore"	"Matala_Hembecho"	54	299	"Teff"	"Hillslope"	1.0	40	2	10	1	9	3.6	30.0	1.0	0.25	0.0625	1.0	0.0	0.0	1.0	1.0	0.0	1	1	0	1	40.08	20.0	1606.4065	801.60004	0.0	0.0	40.08	24.6	9273	15.7	9.4	216	6.08	36.5	24.08	34.9	692.03534	3.353107	6.539637	70.0				72.916664	122.76	54.66	47.98	0.45		800.0
"Southern_Nations,_Nationalities_and_Peoples"	"Wolayita"	"Boloso_Sore"	"Matala_Hembecho"	54	317	"Teff"	"Footslope"	0.0	48	4	30	0	15	7.0	30.0	1.0	0.75	0.5625	1.0	0.0	1.0	1.0	0.0	0.0	1	1	0	1	12.0	13.333333	144.0	160.0	12.0	0.0	0.0	24.6	9273	15.7	9.4	216	6.08	36.5	24.08	34.9	692.03534	3.353107	6.539637	39.0					122.76	54.66	47.98	0.45		2666.6667
"Southern_Nations,_Nationalities_and_Peoples"	"Wolayita"	"Boloso_Sore"	"Dubo"	54	125	"Sorghum"	"Hillslope"	0.0	60	0	2	0	1	1.0	30.0	1.0	0.125	0.015625	0.0	0.0	0.0	0.0	0.0	0.0	0	1	0	1	0.0	0.0	0.0	0.0	0.0	0.0	0.0	26.3	36847	19.4	5.0	241	5.45	38.6	28.95	30.6	629.88983	4.2609105	6.4455447						122.76	54.66	47.98			800.0
"Southern_Nations,_Nationalities_and_Peoples"	"Wolayita"	"Boloso_Sore"	"Matala_Hembecho"	54	304	"Teff"	"Footslope"	0.0	20	10	2	0	3	1.8	30.0	1.0	0.25	0.0625	1.0	0.0	0.0	0.0	0.0	0.0	0	0	0	1	18.0	20.0	324.0	360.0	18.0	0.0	0.0	26.4	13297	15.9	8.8	211	5.93	36.8	24.86	36.1	692.03534	3.353107	6.539637	60.0					122.76	54.66	47.98	0.45		400.0
"Southern_Nations,_Nationalities_and_Peoples"	"Wolayita"	"Boloso_Sore"	"Worimuma"	54	205	"Teff"	"Footslope"	1.0	45	8	27	0	8	4.3	30.0	1.0	0.5	0.25	1.0	0.0	0.0	0.0	1.0	0.0	0	0	0	1	16.0	5.0	256.0	80.0	16.0	0.0	0.0	25.9	23838	18.6	8.9	242	5.73	37.5	27.7	32.0	620.3446	3.6565523	6.430275	48.0				48.0	122.76	54.66	47.98	0.45		400.0
"Southern_Nations,_Nationalities_and_Peoples"	"Wolayita"	"Boloso_Sore"	"Dubo"	54	133	"Teff"	"Footslope"	1.0	35	0	15	0	6	2.7	30.0	1.0	0.25	0.0625	1.0	0.0	0.0	1.0	1.0	0.0	0	1	0	1	54.8	20.0	3003.0398	1096.0	54.8	0.0	0.0	26.3	36847	19.4	5.0	241	5.45	38.6	28.95	30.6	629.88983	4.2609105	6.4455447	74.0				68.0	122.76	54.66	47.98	0.45		520.0
"Southern_Nations,_Nationalities_and_Peoples"	"Wolayita"	"Boloso_Sore"	"Matala_Hembecho"	54	307	"Teff"	"Midslope"	1.0	32	10	6	1	3	1.8	30.0	1.0	0.25	0.0625	1.0	0.0	1.0	1.0	1.0	0.0	1	1	0	1	128.0	40.0	16384.0	5120.0	0.0	128.0	0.0	24.6	9273	15.7	9.4	216	6.08	36.5	24.08	34.9	692.03534	3.353107	6.539637	84.0				70.0	122.76	54.66	47.98	0.45		400.0
"Southern_Nations,_Nationalities_and_Peoples"	"Wolayita"	"Boloso_Sore"	"Dubo"	54	94	"Teff"	"Footslope"	0.0	35	0	10	0	7	3.2	30.0	1.0	0.125	0.015625	1.0	0.0	0.0	0.0	0.0	0.0	0	0	0	1	36.0	40.0	1296.0	1440.0	36.0	0.0	0.0	26.3	36847	19.4	5.0	241	5.45	38.6	28.95	30.6	629.88983	4.2609105	6.4455447	50.0					122.76	54.66	47.98	0.45		4.0
"Southern_Nations,_Nationalities_and_Peoples"	"Wolayita"	"Boloso_Sore"	"Worimuma"	54	212	"Teff"	"Midslope"	1.0	60	7	40	0	12	5.5	30.0	1.0	0.25	0.0625	1.0	0.0	0.0	1.0	1.0	0.0	0	1	0	1	18.0	20.0	324.0	360.0	0.0	18.0	0.0	25.9	23838	18.6	8.9	242	5.73	37.5	27.7	32.0	620.3446	3.6565523	6.430275	36.0					122.76	54.66	47.98	0.45		400.0
"Southern_Nations,_Nationalities_and_Peoples"	"Wolayita"	"Boloso_Sore"	"Worimuma"	54	211	"Teff"	"Footslope"	1.0	45	6	30	1	8	4.1	30.0	1.0	0.5	0.25	1.0	0.0	0.0	0.0	0.0	0.0	0	0	0	0	18.0	20.0	324.0	360.0	18.0	0.0	0.0	25.9	23838	18.6	8.9	242	5.73	37.5	27.7	32.0	620.3446	3.6565523	6.430275	50.0					122.76	54.66	47.98	0.45		600.0
"Southern_Nations,_Nationalities_and_Peoples"	"Wolayita"	"Boloso_Sore"	"Matala_Hembecho"	54	317	"Teff"	"Footslope"	0.0	48	4	30	0	15	7.0	30.0	1.0	0.25	0.0625	1.0	0.0	1.0	1.0	0.0	0.0	1	1	0	1	72.0	80.0	5184.0	5760.0	72.0	0.0	0.0	24.6	9273	15.7	9.4	216	6.08	36.5	24.08	34.9	692.03534	3.353107	6.539637	39.0					122.76	54.66	47.98	0.45		1600.0
"Southern_Nations,_Nationalities_and_Peoples"	"Wolayita"	"Boloso_Sore"	"Worimuma"	54	214	"Teff"	"Midslope"	1.0	46	6	26	1	6	3.3	30.0	1.0	1.0	1.0	1.0	0.0	1.0	0.0	0.0	0.0	0	0	0	1	13.8	0.0	190.44	0.0	0.0	13.8	0.0	25.9	23838	18.6	8.9	242	5.73	37.5	27.7	32.0	620.3446	3.6565523	6.430275					33.333332	122.76	54.66	47.98	0.45		800.0
"Southern_Nations,_Nationalities_and_Peoples"	"Wolayita"	"Boloso_Sore"	"Worimuma"	54	214	"Wheat"	"Midslope"	1.0	46	6	26	1	6	3.3	30.0	1.0	0.25	0.0625	1.0	0.0	1.0	0.0	1.0	0.0	0	0	0	1	76.8	24.0	5898.24	1843.2001	0.0	76.8	0.0	25.9	23838	18.6	8.9	242	5.73	37.5	27.7	32.0	620.3446	3.6565523	6.430275	33.333332				33.333332	122.76	54.66	47.98		0.39	1000.0
"Southern_Nations,_Nationalities_and_Peoples"	"Wolayita"	"Boloso_Sore"	"Matala_Hembecho"	54	304	"Wheat"	"Footslope"	0.0	20	10	2	0	3	1.8	30.0	1.0	0.25	0.0625	1.0	0.0	0.0	0.0	0.0	0.0	0	0	0	1	18.0	20.0	324.0	360.0	18.0	0.0	0.0	26.4	13297	15.9	8.8	211	5.93	36.8	24.86	36.1	692.03534	3.353107	6.539637	60.0					122.76	54.66	47.98		0.39	400.0
"Southern_Nations,_Nationalities_and_Peoples"	"Wolayita"	"Boloso_Sore"	"Dubo"	54	132	"Teff"	"Footslope"	1.0	43	3	27	1	7	4.0	30.0	1.0	0.125	0.015625	1.0	1.0	0.0	1.0	1.0	0.0	0	1	0	1	348.0	80.0	121104.0	27840.0	348.0	0.0	0.0	26.3	36847	19.4	5.0	241	5.45	38.6	28.95	30.6	629.88983	4.2609105	6.4455447	38.0				25.333334	122.76	54.66	47.98	0.45		960.0
"Southern_Nations,_Nationalities_and_Peoples"	"Wolayita"	"Boloso_Sore"	"Dubo"	54	82	"Teff"	"Footslope"	1.0	30	10	12	0	6	2.9	30.0	0.0	0.5	0.25	1.0	0.0	0.0	1.0	1.0	0.0	0	0	0	1	18.0	20.0	324.0	360.0	18.0	0.0	0.0	26.3	36847	19.4	5.0	241	5.45	38.6	28.95	30.6	629.88983	4.2609105	6.4455447	38.0					122.76	54.66	47.98	0.45		3.0
"Southern_Nations,_Nationalities_and_Peoples"	"Wolayita"	"Boloso_Sore"	"Matala_Hembecho"	54	308	"Teff"	"Midslope"	1.0	37	8	15	1	7	3.4	30.0	1.0	0.25	0.0625	1.0	1.0	0.0	1.0	1.0	0.0	0	1	0	1	128.0	40.0	16384.0	5120.0	0.0	128.0	0.0	24.6	9273	15.7	9.4	216	6.08	36.5	24.08	34.9	692.03534	3.353107	6.539637	70.0				70.0	122.76	54.66	47.98	0.45		800.0
"Southern_Nations,_Nationalities_and_Peoples"	"Wolayita"	"Boloso_Sore"	"Bassa_Gofara"	54	145	"Teff"	"Footslope"	1.0	50	6	30	1	8	3.9	30.0	1.0	0.0625	0.00390625	1.0	0.0	0.0	0.0	1.0	0.0	0	0	0	1	77.84	68.0	6059.065	5293.1196	77.84	0.0	0.0	22.7	14029	17.2	8.0	234	5.78	37.3	27.29	32.2	604.1635	3.585095	6.403845		80.0			75.0	122.76	54.66	47.98	0.45		1600.0
"Southern_Nations,_Nationalities_and_Peoples"	"Wolayita"	"Boloso_Sore"	"Worimuma"	54	207	"Teff"	"Midslope"	0.0	34	15	10	0	5	2.4	30.0	1.0	0.5	0.25	1.0	0.0	1.0	0.0	0.0	0.0	0	1	0	0	18.0	20.0	324.0	360.0	0.0	18.0	0.0	21.9	14554	17.0	8.4	240	5.73	36.9	27.69	31.2	620.3446	3.6565523	6.430275	38.0					122.76	54.66	47.98	0.45		500.0
"Southern_Nations,_Nationalities_and_Peoples"	"Wolayita"	"Boloso_Sore"	"Bassa_Gofara"	54	204	"Teff"	"Footslope"	1.0	70	2	48	0	6	3.1	30.0	1.0	0.5	0.25	1.0	1.0	0.0	1.0	0.0	0.0	0	0	0	1	256.0	80.0	65536.0	20480.0	256.0	0.0	0.0	22.7	14029	17.2	8.0	234	5.78	37.3	27.29	32.2	604.1635	3.585095	6.403845	30.0				30.0	122.76	54.66	47.98	0.45		600.0
"Southern_Nations,_Nationalities_and_Peoples"	"Wolayita"	"Boloso_Sore"	"Dubo"	54	124	"Teff"	"Footslope"	1.0	45	0	20	0	7	3.8	30.0	1.0	0.25	0.0625	1.0	1.0	0.0	0.0	0.0	0.0	1	1	0	1	220.0	40.0	48400.0	8800.0	220.0	0.0	0.0	26.3	36847	19.4	5.0	241	5.45	38.6	28.95	30.6	629.88983	4.2609105	6.4455447	70.0				70.0	122.76	54.66	47.98	0.45		500.0
"Southern_Nations,_Nationalities_and_Peoples"	"Wolayita"	"Boloso_Sore"	"Worimuma"	54	208	"Teff"	"Footslope"	1.0	52	8	30	0	8	3.9	30.0	1.0	0.5	0.25	1.0	0.0	0.0	0.0	0.0	0.0	0	0	0	1	23.0	0.0	529.0	0.0	23.0	0.0	0.0	21.9	14554	17.0	8.4	240	5.73	36.9	27.69	31.2	620.3446	3.6565523	6.430275					75.0	122.76	54.66	47.98	0.45		400.0
"Southern_Nations,_Nationalities_and_Peoples"	"Wolayita"	"Boloso_Sore"	"Worimuma"	54	203	"Teff"	"Midslope"	1.0	45	12	14	1	8	3.9	30.0	1.0	0.25	0.0625	1.0	0.0	0.0	1.0	1.0	0.0	0	1	0	1	82.0	40.0	6724.0	3280.0	0.0	82.0	0.0	21.9	14554	17.0	8.4	240	5.73	36.9	27.69	31.2	620.3446	3.6565523	6.430275	38.0				75.0	122.76	54.66	47.98	0.45		600.0
"Southern_Nations,_Nationalities_and_Peoples"	"Wolayita"	"Boloso_Sore"	"Bassa_Gofara"	54	141	"Teff"	"Footslope"	1.0	35	3	15	1	7	3.4	30.0	0.0	0.25	0.0625	1.0	1.0	0.0	1.0	0.0	0.0	1	1	0	1	64.0	20.0	4096.0	1280.0	64.0	0.0	0.0	23.4	17072	17.6	8.9	247	5.71	37.5	26.65	31.8	604.1635	3.585095	6.403845	66.0				66.0	122.76	54.66	47.98	0.45		4.0
"Southern_Nations,_Nationalities_and_Peoples"	"Wolayita"	"Boloso_Sore"	"Bassa_Gofara"	54	213	"Teff"	"Footslope"	1.0	42	6	10	1	6	3.1	30.0	0.0	0.5	0.25	1.0	1.0	1.0	1.0	0.0	0.0	1	1	0	1	42.0	16.0	1764.0	672.0	42.0	0.0	0.0	22.7	14029	17.2	8.0	234	5.78	37.3	27.29	32.2	604.1635	3.585095	6.403845	50.0				66.666664	122.76	54.66	47.98	0.45		400.0
"Southern_Nations,_Nationalities_and_Peoples"	"Wolayita"	"Boloso_Sore"	"Bassa_Gofara"	54	210	"Teff"	"Midslope"	0.0	60	0	30	0	8	4.3	30.0	1.0	0.5	0.25	1.0	0.0	0.0	0.0	0.0	0.0	0	1	0	0	36.0	40.0	1296.0	1440.0	0.0	36.0	0.0	22.7	14029	17.2	8.0	234	5.78	37.3	27.29	32.2	604.1635	3.585095	6.403845	40.0					122.76	54.66	47.98	0.45		1400.0
"Southern_Nations,_Nationalities_and_Peoples"	"Wolayita"	"Boloso_Sore"	"Worimuma"	54	206	"Teff"	"Footslope"	1.0	27	13	17	1	3	1.8	30.0	1.0	0.5	0.25	1.0	0.0	0.0	0.0	0.0	0.0	0	0	0	0	9.0	10.0	81.0	90.0	9.0	0.0	0.0	21.9	14554	17.0	8.4	240	5.73	36.9	27.69	31.2	620.3446	3.6565523	6.430275	48.0					122.76	54.66	47.98	0.45		200.0
"Southern_Nations,_Nationalities_and_Peoples"	"Hadiya"	"Lemo"	"Digiba"	55	510	"Wheat"	"Midslope"	1.0	50	8	25	1	8	3.7	30.0	1.0	0.35	0.1225	1.0	0.0	0.0	0.0	0.0	0.0	1	1	0	0	92.85714	24.285715	8622.448	2255.102	0.0	92.85714	0.0	22.9	26009	18.1	7.4	231	5.83	34.2	28.55	36.2	708.1215	2.5442934	6.562616			39.0		38.0	122.76	54.66	47.98		0.39	1714.2858
"Southern_Nations,_Nationalities_and_Peoples"	"Hadiya"	"Lemo"	"Digiba"	55	536	"Wheat"	"Midslope"	1.0	85	1	60	1	5	2.8	30.0	1.0	0.35	0.1225	1.0	0.0	1.0	0.0	1.0	1.0	1	1	0	1	79.71429	24.285715	6354.3677	1935.9185	0.0	79.71429	0.0	22.9	26009	18.1	7.4	231	5.83	34.2	28.55	36.2	708.1215	2.5442934	6.562616			39.6		32.5	122.76	54.66	47.98		0.39	1714.2858
"Southern_Nations,_Nationalities_and_Peoples"	"Hadiya"	"Lemo"	"Digiba"	55	510	"Teff"	"Midslope"	1.0	50	8	25	1	8	3.7	30.0	1.0	0.5	0.25	1.0	0.0	1.0	0.0	0.0	0.0	1	1	0	1	65.0	17.0	4225.0	1105.0	0.0	65.0	0.0	22.9	26009	18.1	7.4	231	5.83	34.2	28.55	36.2	708.1215	2.5442934	6.562616			39.2		38.0	122.76	54.66	47.98	0.45		900.0
"Southern_Nations,_Nationalities_and_Peoples"	"Hadiya"	"Lemo"	"Digiba"	55	262	"Wheat"	"Midslope"	1.0	48	7	18	1	5	2.8	30.0	1.0	0.625	0.390625	1.0	0.0	0.0	0.0	0.0	0.0	1	1	0	1	19.52	10.88	381.03043	212.37761	0.0	19.52	0.0	22.9	26009	18.1	7.4	231	5.83	34.2	28.55	36.2	708.1215	2.5442934	6.562616			37.0		37.0	122.76	54.66	47.98		0.39	2400.0
"Southern_Nations,_Nationalities_and_Peoples"	"Hadiya"	"Lemo"	"Digiba"	55	183	"Wheat"	"Footslope"	1.0	45	4	25	0	5	2.8	30.0	1.0	0.75	0.5625	1.0	0.0	1.0	1.0	0.0	1.0	1	1	0	1	49.666668	17.0	2466.7778	844.3334	49.666668	0.0	0.0	22.9	26009	18.1	7.4	231	5.83	34.2	28.55	36.2	708.1215	2.5442934	6.562616			40.0		37.0	122.76	54.66	47.98		0.39	16.0
"Southern_Nations,_Nationalities_and_Peoples"	"Hadiya"	"Lemo"	"Digiba"	55	411	"Teff"	"Midslope"	1.0	45	7	15	1	12	5.5	30.0	1.0	0.5	0.25	1.0	0.0	0.0	0.0	0.0	0.0	1	1	0	1	37.4	17.0	1398.7601	635.80005	0.0	37.4	0.0	22.9	26009	18.1	7.4	231	5.83	34.2	28.55	36.2	708.1215	2.5442934	6.562616			37.0		75.0	122.76	54.66	47.98	0.45		1000.0
"Southern_Nations,_Nationalities_and_Peoples"	"Hadiya"	"Lemo"	"Digiba"	55	262	"Teff"	"Midslope"	1.0	48	7	18	1	5	2.8	30.0	1.0	0.375	0.140625	1.0	0.0	0.0	0.0	0.0	0.0	1	1	0	1	43.333332	11.333333	1877.7777	491.11108	0.0	43.333332	0.0	22.9	26009	18.1	7.4	231	5.83	34.2	28.55	36.2	708.1215	2.5442934	6.562616			37.0		37.0	122.76	54.66	47.98	0.45		933.3333
"Southern_Nations,_Nationalities_and_Peoples"	"Hadiya"	"Lemo"	"Digiba"	55	345	"Wheat"	"Midslope"	1.0	45	4	4	1	7	4.0	30.0	1.0	0.25	0.0625	1.0	0.0	0.0	0.0	0.0	0.0	1	1	0	0	65.0	17.0	4225.0	1105.0	0.0	65.0	0.0	22.9	26009	18.1	7.4	231	5.83	34.2	28.55	36.2	708.1215	2.5442934	6.562616			37.0		37.0	122.76	54.66	47.98		0.39	1600.0
"Southern_Nations,_Nationalities_and_Peoples"	"Hadiya"	"Lemo"	"Digiba"	55	343	"Wheat"	"Midslope"	1.0	50	0	5	1	6	3.5	30.0	1.0	0.5	0.25	1.0	0.0	0.0	0.0	0.0	0.0	1	1	0	1	84.0	34.0	7056.0	2856.0	0.0	84.0	0.0	22.9	26009	18.1	7.4	231	5.83	34.2	28.55	36.2	708.1215	2.5442934	6.562616			37.0		38.0	122.76	54.66	47.98		0.39	2000.0
"Southern_Nations,_Nationalities_and_Peoples"	"Hadiya"	"Lemo"	"Digiba"	55	330	"Wheat"	"Midslope"	1.0	59	3	30	0	8	3.9	30.0	1.0	0.5	0.25	1.0	0.0	0.0	0.0	0.0	0.0	1	1	0	0	74.5	25.5	5550.25	1899.75	0.0	74.5	0.0	23.4	30599	18.7	7.3	225	5.77	34.8	28.5	36.8	721.9882	2.6861913	6.582009			33.333332		39.0	122.76	54.66	47.98		0.39	1800.0
"Southern_Nations,_Nationalities_and_Peoples"	"Hadiya"	"Lemo"	"Digiba"	55	183	"Teff"	"Footslope"	1.0	45	4	25	0	5	2.8	30.0	1.0	0.5	0.25	1.0	0.0	1.0	0.0	0.0	0.0	1	1	0	1	65.0	17.0	4225.0	1105.0	65.0	0.0	0.0	22.9	26009	18.1	7.4	231	5.83	34.2	28.55	36.2	708.1215	2.5442934	6.562616			77.0		39.0	122.76	54.66	47.98	0.45		6.0
"Southern_Nations,_Nationalities_and_Peoples"	"Hadiya"	"Lemo"	"Digiba"	55	263	"Wheat"	"Midslope"	1.0	45	9	25	1	5	2.8	30.0	0.0	0.5	0.25	1.0	0.0	0.0	0.0	0.0	0.0	1	1	0	1	84.0	34.0	7056.0	2856.0	0.0	84.0	0.0	22.9	26009	18.1	7.4	231	5.83	34.2	28.55	36.2	708.1215	2.5442934	6.562616			37.0		38.0	122.76	54.66	47.98		0.39	1600.0
"Southern_Nations,_Nationalities_and_Peoples"	"Hadiya"	"Lemo"	"Digiba"	55	263	"Teff"	"Footslope"	1.0	45	9	25	1	5	2.8	30.0	1.0	0.5	0.25	1.0	0.0	0.0	0.0	0.0	0.0	1	1	0	1	65.0	17.0	4225.0	1105.0	65.0	0.0	0.0	22.9	26009	18.1	7.4	231	5.83	34.2	28.55	36.2	708.1215	2.5442934	6.562616			38.0		38.0	122.76	54.66	47.98	0.45		600.0
"Southern_Nations,_Nationalities_and_Peoples"	"Hadiya"	"Lemo"	"Digiba"	55	362	"Wheat"	"Midslope"	1.0	56	12	30	0	7	3.8	30.0	1.0	0.35	0.1225	1.0	0.0	0.0	0.0	0.0	0.0	1	1	0	1	92.85714	24.285715	8622.448	2255.102	0.0	92.85714	0.0	22.9	26009	18.1	7.4	231	5.83	34.2	28.55	36.2	708.1215	2.5442934	6.562616			39.6		39.0	122.76	54.66	47.98		0.39	2000.0
"Southern_Nations,_Nationalities_and_Peoples"	"Hadiya"	"Lemo"	"Digiba"	55	538	"Wheat"	"Midslope"	1.0	59	12	6	1	4	2.1	30.0	1.0	0.35	0.1225	1.0	0.0	1.0	1.0	0.0	0.0	1	1	0	0	73.14286	24.285715	5349.878	1776.3267	0.0	73.14286	0.0	22.9	26009	18.1	7.4	231	5.83	34.2	28.55	36.2	708.1215	2.5442934	6.562616			39.8		34.285713	122.76	54.66	47.98		0.39	2000.0
"Southern_Nations,_Nationalities_and_Peoples"	"Hadiya"	"Lemo"	"Digiba"	55	329	"Wheat"	"Midslope"	1.0	80	0	50	1	5	2.8	30.0	1.0	0.5	0.25	1.0	0.0	1.0	0.0	0.0	1.0	1	1	0	1	107.0	34.0	11449.0	3638.0	0.0	107.0	0.0	22.9	26009	18.1	7.4	231	5.83	34.2	28.55	36.2	708.1215	2.5442934	6.562616			39.0		37.333332	122.76	54.66	47.98		0.39	2400.0
"Southern_Nations,_Nationalities_and_Peoples"	"Hadiya"	"Lemo"	"Digiba"	55	411	"Wheat"	"Midslope"	1.0	45	7	15	1	12	5.5	30.0	1.0	0.75	0.5625	1.0	0.0	0.0	1.0	0.0	0.0	1	1	0	1	117.333336	22.666666	13767.111	2659.5554	0.0	117.333336	0.0	22.9	26009	18.1	7.4	231	5.83	34.2	28.55	36.2	708.1215	2.5442934	6.562616			37.0		37.0	122.76	54.66	47.98		0.39	1866.6666
"Southern_Nations,_Nationalities_and_Peoples"	"Hadiya"	"Lemo"	"Digiba"	55	343	"Teff"	"Footslope"	1.0	50	0	5	1	6	3.5	30.0	1.0	0.25	0.0625	1.0	0.0	0.0	0.0	0.0	0.0	1	1	0	1	84.0	34.0	7056.0	2856.0	84.0	0.0	0.0	22.9	26009	18.1	7.4	231	5.83	34.2	28.55	36.2	708.1215	2.5442934	6.562616			38.0		34.0	122.76	54.66	47.98	0.45		16.0
"Southern_Nations,_Nationalities_and_Peoples"	"Hadiya"	"Lemo"	"Digiba"	55	331	"Wheat"	"Footslope"	1.0	49	6	30	1	9	4.2	30.0	1.0	0.25	0.0625	1.0	0.0	1.0	0.0	0.0	1.0	1	1	0	1	130.0	34.0	16900.0	4420.0	130.0	0.0	0.0	22.9	26009	18.1	7.4	231	5.83	34.2	28.55	36.2	708.1215	2.5442934	6.562616			39.0		38.0	122.76	54.66	47.98		0.39	20.0
"Southern_Nations,_Nationalities_and_Peoples"	"Hadiya"	"Lemo"	"Digiba"	55	344	"Wheat"	"Midslope"	0.0	45	0	5	1	6	3.3	30.0	0.0	0.125	0.015625	1.0	0.0	0.0	0.0	0.0	0.0	1	1	0	0	52.0	13.6	2704.0	707.2	0.0	52.0	0.0	22.9	26009	18.1	7.4	231	5.83	34.2	28.55	36.2	708.1215	2.5442934	6.562616			37.0		37.0	122.76	54.66	47.98		0.39	1600.0
"Southern_Nations,_Nationalities_and_Peoples"	"Hadiya"	"Lemo"	"Digiba"	56	218	"Teff"	"Footslope"	0.0	40	10	20	1	6	3.5	20.0	1.0	0.25	0.0625	1.0	0.0	0.0	0.0	0.0	0.0	1	1	0	1	65.0	17.0	4225.0	1105.0	65.0	0.0	0.0	22.9	26009	18.1	7.4	231	5.83	34.2	28.55	36.2	708.1215	2.5442934	6.562616			37.0		36.8	122.76	54.66	47.98	0.45		800.0
"Southern_Nations,_Nationalities_and_Peoples"	"Hadiya"	"Lemo"	"Digiba"	56	264	"Teff"	"Midslope"	1.0	40	8	20	1	6	2.9	20.0	1.0	0.25	0.0625	1.0	0.0	0.0	0.0	0.0	0.0	1	1	0	1	46.6	17.0	2171.5598	792.19995	0.0	46.6	0.0	22.9	26009	18.1	7.4	231	5.83	34.2	28.55	36.2	708.1215	2.5442934	6.562616			37.08		37.0	122.76	54.66	47.98	0.45		400.0
"Southern_Nations,_Nationalities_and_Peoples"	"Hadiya"	"Lemo"	"Digiba"	56	496	"Wheat"	"Midslope"	1.0	50	6	15	1	7	3.6	20.0	1.0	0.125	0.015625	1.0	0.0	0.0	1.0	0.0	0.0	1	1	0	1	192.79999	40.8	37171.836	7866.2393	0.0	192.79999	0.0	22.9	26009	18.1	7.4	231	5.83	34.2	28.55	36.2	708.1215	2.5442934	6.562616			40.0		40.0	122.76	54.66	47.98		0.39	4000.0
"Southern_Nations,_Nationalities_and_Peoples"	"Hadiya"	"Lemo"	"Digiba"	56	184	"Teff"	"Midslope"	1.0	48	8	25	1	8	3.9	20.0	1.0	0.25	0.0625	1.0	0.0	0.0	1.0	0.0	0.0	1	1	0	1	84.0	34.0	7056.0	2856.0	0.0	84.0	0.0	22.9	26009	18.1	7.4	231	5.83	34.2	28.55	36.2	708.1215	2.5442934	6.562616			37.0		38.0	122.76	54.66	47.98	0.45		4.0
"Southern_Nations,_Nationalities_and_Peoples"	"Hadiya"	"Lemo"	"Digiba"	56	358	"Wheat"	"Footslope"	1.0	35	8	15	1	9	4.0	20.0	1.0	0.5	0.25	1.0	0.0	0.0	1.0	0.0	0.0	1	1	0	1	84.0	34.0	7056.0	2856.0	84.0	0.0	0.0	22.9	26009	18.1	7.4	231	5.83	34.2	28.55	36.2	708.1215	2.5442934	6.562616			36.2		36.4	122.76	54.66	47.98		0.39	1600.0
"Southern_Nations,_Nationalities_and_Peoples"	"Hadiya"	"Lemo"	"Digiba"	56	219	"Teff"	"Footslope"	1.0	65	5	35	1	6	2.9	20.0	1.0	0.25	0.0625	1.0	0.0	0.0	0.0	0.0	0.0	1	1	0	1	65.0	17.0	4225.0	1105.0	65.0	0.0	0.0	22.9	26009	18.1	7.4	231	5.83	34.2	28.55	36.2	708.1215	2.5442934	6.562616			40.0		40.0	122.76	54.66	47.98	0.45		800.0
"Southern_Nations,_Nationalities_and_Peoples"	"Hadiya"	"Lemo"	"Digiba"	56	264	"Wheat"	"Midslope"	1.0	40	8	20	1	6	2.9	20.0	1.0	0.25	0.0625	1.0	0.0	0.0	0.0	0.0	0.0	1	1	0	1	65.0	17.0	4225.0	1105.0	0.0	65.0	0.0	22.9	26009	18.1	7.4	231	5.83	34.2	28.55	36.2	708.1215	2.5442934	6.562616			37.08		37.08	122.76	54.66	47.98		0.39	2800.0
"Southern_Nations,_Nationalities_and_Peoples"	"Hadiya"	"Lemo"	"Digiba"	56	358	"Teff"	"Footslope"	1.0	35	8	15	1	9	4.0	20.0	1.0	0.25	0.0625	1.0	0.0	0.0	0.0	0.0	0.0	1	1	0	0	84.0	34.0	7056.0	2856.0	84.0	0.0	0.0	22.9	26009	18.1	7.4	231	5.83	34.2	28.55	36.2	708.1215	2.5442934	6.562616			37.2		36.8	122.76	54.66	47.98	0.45		800.0
"Southern_Nations,_Nationalities_and_Peoples"	"Hadiya"	"Lemo"	"Digiba"	56	359	"Wheat"	"Footslope"	1.0	35	7	10	1	5	2.4	20.0	1.0	0.5	0.25	1.0	0.0	0.0	0.0	0.0	0.0	1	1	0	1	84.0	34.0	7056.0	2856.0	84.0	0.0	0.0	22.9	26009	18.1	7.4	231	5.83	34.2	28.55	36.2	708.1215	2.5442934	6.562616			75.0		36.4	122.76	54.66	47.98		0.39	1600.0
"Southern_Nations,_Nationalities_and_Peoples"	"Hadiya"	"Lemo"	"Digiba"	56	357	"Teff"	"Footslope"	1.0	40	9	20	1	9	4.0	20.0	1.0	0.5	0.25	1.0	0.0	0.0	0.0	0.0	1.0	1	1	0	1	46.0	0.0	2116.0	0.0	46.0	0.0	0.0	23.4	30599	18.7	7.3	225	5.77	34.8	28.5	36.8	721.9882	2.6861913	6.582009					36.2	122.76	54.66	47.98	0.45		800.0
"Southern_Nations,_Nationalities_and_Peoples"	"Hadiya"	"Lemo"	"Digiba"	56	220	"Teff"	"Footslope"	1.0	45	4	20	1	6	2.9	20.0	1.0	0.5	0.25	1.0	0.0	0.0	0.0	0.0	0.0	1	1	0	1	74.5	25.5	5550.25	1899.75	74.5	0.0	0.0	22.9	26009	18.1	7.4	231	5.83	34.2	28.55	36.2	708.1215	2.5442934	6.562616			36.173332		36.2	122.76	54.66	47.98	0.45		600.0
"Southern_Nations,_Nationalities_and_Peoples"	"Hadiya"	"Lemo"	"Digiba"	56	470	"Wheat"	"Footslope"	1.0	60	0	25	1	10	4.9	20.0	1.0	0.75	0.5625	1.0	0.0	0.0	1.0	0.0	0.0	1	1	0	1	65.0	17.0	4225.0	1105.0	65.0	0.0	0.0	22.9	26009	18.1	7.4	231	5.83	34.2	28.55	36.2	708.1215	2.5442934	6.562616			37.0		37.0	122.76	54.66	47.98		0.39	1866.6666
"Southern_Nations,_Nationalities_and_Peoples"	"Hadiya"	"Lemo"	"Digiba"	56	356	"Wheat"	"Footslope"	1.0	36	6	10	1	5	2.8	20.0	1.0	0.5	0.25	1.0	0.0	0.0	1.0	1.0	0.0	1	1	0	1	84.0	34.0	7056.0	2856.0	84.0	0.0	0.0	23.4	30599	18.7	7.3	225	5.77	34.8	28.5	36.8	721.9882	2.6861913	6.582009			36.3		36.4	122.76	54.66	47.98		0.39	1600.0
"Southern_Nations,_Nationalities_and_Peoples"	"Hadiya"	"Lemo"	"Digiba"	56	496	"Teff"	"Footslope"	1.0	50	6	15	1	7	3.6	20.0	1.0	0.5	0.25	1.0	0.0	0.0	0.0	0.0	0.0	1	1	0	1	65.0	17.0	4225.0	1105.0	65.0	0.0	0.0	22.9	26009	18.1	7.4	231	5.83	34.2	28.55	36.2	708.1215	2.5442934	6.562616			37.0		37.0	122.76	54.66	47.98	0.45		1200.0
"Southern_Nations,_Nationalities_and_Peoples"	"Hadiya"	"Lemo"	"Digiba"	56	356	"Wheat"	"Footslope"	1.0	36	6	10	1	5	2.8	20.0	1.0	0.5	0.25	1.0	0.0	0.0	1.0	1.0	0.0	1	1	0	1	84.0	34.0	7056.0	2856.0	84.0	0.0	0.0	23.4	30599	18.7	7.3	225	5.77	34.8	28.5	36.8	721.9882	2.6861913	6.582009			36.3		36.4	122.76	54.66	47.98		0.39	1600.0
"Southern_Nations,_Nationalities_and_Peoples"	"Hadiya"	"Lemo"	"Digiba"	56	217	"Wheat"	"Footslope"	0.0	45	3	18	1	8	4.3	20.0	1.0	0.5	0.25	1.0	0.0	0.0	1.0	0.0	1.0	1	1	0	1	65.0	17.0	4225.0	1105.0	65.0	0.0	0.0	23.4	30599	18.7	7.3	225	5.77	34.8	28.5	36.8	721.9882	2.6861913	6.582009			50.0		36.4	122.76	54.66	47.98		0.39	2000.0
"Southern_Nations,_Nationalities_and_Peoples"	"Hadiya"	"Lemo"	"Digiba"	56	218	"Wheat"	"Footslope"	0.0	40	10	20	1	6	3.5	20.0	1.0	0.5	0.25	1.0	0.0	0.0	1.0	0.0	0.0	1	1	0	1	65.0	17.0	4225.0	1105.0	65.0	0.0	0.0	22.9	26009	18.1	7.4	231	5.83	34.2	28.55	36.2	708.1215	2.5442934	6.562616			36.4		36.4	122.76	54.66	47.98		0.39	2000.0
"Southern_Nations,_Nationalities_and_Peoples"	"Hadiya"	"Lemo"	"Digiba"	56	470	"Teff"	"Footslope"	1.0	60	0	25	1	10	4.9	20.0	1.0	0.5	0.25	1.0	0.0	0.0	0.0	0.0	0.0	1	1	0	1	65.0	17.0	4225.0	1105.0	65.0	0.0	0.0	22.9	26009	18.1	7.4	231	5.83	34.2	28.55	36.2	708.1215	2.5442934	6.562616			37.0		37.0	122.76	54.66	47.98	0.45		1200.0
"Southern_Nations,_Nationalities_and_Peoples"	"Hadiya"	"Lemo"	"Digiba"	56	356	"Teff"	"Footslope"	1.0	36	6	10	1	5	2.8	20.0	1.0	0.25	0.0625	1.0	0.0	0.0	0.0	0.0	0.0	1	1	0	1	84.0	34.0	7056.0	2856.0	84.0	0.0	0.0	23.4	30599	18.7	7.3	225	5.77	34.8	28.5	36.8	721.9882	2.6861913	6.582009			36.6		36.2	122.76	54.66	47.98	0.45		800.0
"Southern_Nations,_Nationalities_and_Peoples"	"Hadiya"	"Lemo"	"Digiba"	56	495	"Wheat"	"Midslope"	1.0	38	8	20	1	10	4.7	20.0	1.0	0.5	0.25	1.0	0.0	1.0	1.0	0.0	1.0	1	1	0	1	65.0	17.0	4225.0	1105.0	0.0	65.0	0.0	22.9	26009	18.1	7.4	231	5.83	34.2	28.55	36.2	708.1215	2.5442934	6.562616			37.0		38.0	122.76	54.66	47.98		0.39	1800.0
"Southern_Nations,_Nationalities_and_Peoples"	"Hadiya"	"Lemo"	"Digiba"	56	220	"Wheat"	"Footslope"	1.0	45	4	20	1	6	2.9	20.0	1.0	0.25	0.0625	1.0	0.0	0.0	0.0	0.0	0.0	1	1	0	1	130.0	34.0	16900.0	4420.0	130.0	0.0	0.0	22.9	26009	18.1	7.4	231	5.83	34.2	28.55	36.2	708.1215	2.5442934	6.562616			36.2		36.2	122.76	54.66	47.98		0.39	1600.0
"Southern_Nations,_Nationalities_and_Peoples"	"Hadiya"	"Lemo"	"Digiba"	56	218	"Sorghum"	"Footslope"	0.0	40	10	20	1	6	3.5	20.0	1.0	0.25	0.0625	0.0	0.0	0.0	0.0	0.0	0.0	0	0	0	1	0.0	0.0	0.0	0.0	0.0	0.0	0.0	22.9	26009	18.1	7.4	231	5.83	34.2	28.55	36.2	708.1215	2.5442934	6.562616						122.76	54.66	47.98			1600.0
"Southern_Nations,_Nationalities_and_Peoples"	"Hadiya"	"Lemo"	"Digiba"	56	495	"Teff"	"Footslope"	1.0	38	8	20	1	10	4.7	20.0	1.0	0.25	0.0625	1.0	0.0	0.0	0.0	1.0	0.0	1	1	0	1	111.6	34.0	12454.56	3794.4	111.6	0.0	0.0	22.9	26009	18.1	7.4	231	5.83	34.2	28.55	36.2	708.1215	2.5442934	6.562616			37.0		38.0	122.76	54.66	47.98	0.45		800.0
"Southern_Nations,_Nationalities_and_Peoples"	"Hadiya"	"Lemo"	"Digiba"	56	357	"Wheat"	"Footslope"	1.0	40	9	20	1	9	4.0	20.0	1.0	0.25	0.0625	1.0	0.0	0.0	0.0	1.0	1.0	1	1	0	1	130.0	34.0	16900.0	4420.0	130.0	0.0	0.0	23.4	30599	18.7	7.3	225	5.77	34.8	28.5	36.8	721.9882	2.6861913	6.582009			36.4		36.2	122.76	54.66	47.98		0.39	1600.0
"Southern_Nations,_Nationalities_and_Peoples"	"Hadiya"	"Lemo"	"Digiba"	56	217	"Teff"	"Footslope"	0.0	45	3	18	1	8	4.3	20.0	1.0	0.5	0.25	1.0	0.0	0.0	0.0	0.0	1.0	1	1	0	1	65.0	17.0	4225.0	1105.0	65.0	0.0	0.0	23.4	30599	18.7	7.3	225	5.77	34.8	28.5	36.8	721.9882	2.6861913	6.582009			36.4		36.4	122.76	54.66	47.98	0.45		8.0
"Southern_Nations,_Nationalities_and_Peoples"	"Hadiya"	"Lemo"	"Digiba"	56	219	"Wheat"		1.0	65	5	35	1	6	2.9	20.0	1.0	0.5	0.25	1.0	0.0	0.0	1.0	0.0	1.0	1	1	0	1	32.5	8.5	1056.25	276.25	0.0	0.0	0.0	22.9	26009	18.1	7.4	231	5.83	34.2	28.55	36.2	708.1215	2.5442934	6.562616			40.0		40.0	122.76	54.66	47.98		0.39	1600.0
"Southern_Nations,_Nationalities_and_Peoples"	"Hadiya"	"Lemo"	"Digiba"	56	184	"Wheat"	"Midslope"	1.0	48	8	25	1	8	3.9	20.0	1.0	0.5	0.25	1.0	0.0	1.0	1.0	0.0	1.0	1	1	0	1	42.0	17.0	1764.0	714.0	0.0	42.0	0.0	22.9	26009	18.1	7.4	231	5.83	34.2	28.55	36.2	708.1215	2.5442934	6.562616			37.0		38.0	122.76	54.66	47.98		0.39	20.0
"Southern_Nations,_Nationalities_and_Peoples"	"Hadiya"	"Lemo"	"Digiba"	56	359	"Teff"	"Footslope"	1.0	35	7	10	1	5	2.4	20.0	1.0	0.5	0.25	1.0	0.0	0.0	0.0	0.0	0.0	1	0	0	1	84.0	34.0	7056.0	2856.0	84.0	0.0	0.0	22.9	26009	18.1	7.4	231	5.83	34.2	28.55	36.2	708.1215	2.5442934	6.562616			36.3		37.2	122.76	54.66	47.98	0.45		800.0
"Oromia"	"Jimma"	"SeKoru"	"Wolmera"	57	449	"Sorghum"	"Footslope"	1.0	55	3	30	1	4	2.3	15.0	1.0	0.25	0.0625	0.0	0.0	0.0	0.0	0.0	0.0	0	1	0	1	0.0	0.0	0.0	0.0	0.0	0.0	0.0	28.6	33169	18.5	10.4	206	5.65	31.6	24.69	40.8	905.46985	3.2305913	6.808454						120.72	52.3	45.31			900.0
"Oromia"	"Jimma"	"SeKoru"	"Wolmera"	57	459	"Wheat"	"Midslope"	1.0	35	2	12	0	8	3.5	15.0	0.0	0.125	0.015625	1.0	0.0	1.0	0.0	0.0	0.0	1	0	0	0	38.0	34.0	1444.0	1292.0	0.0	38.0	0.0	28.1	28358	18.5	10.4	211	5.69	31.4	25.26	41.1	905.46985	3.2305913	6.808454			50.0			120.72	52.3	45.31		0.38	1440.0
"Oromia"	"Jimma"	"SeKoru"	"Wolmera"	57	354	"Wheat"	"Midslope"	1.0	42	7	20	0	8	0.5	15.0	1.0	0.25	0.0625	1.0	0.0	1.0	0.0	0.0	0.0	1	1	0	1	19.0	17.0	361.0	323.0	0.0	19.0	0.0	28.1	28358	18.5	10.4	211	5.69	31.4	25.26	41.1	905.46985	3.2305913	6.808454			50.0			120.72	52.3	45.31		0.38	6.72
"Oromia"	"Jimma"	"SeKoru"	"Wolmera"	57	400	"Wheat"	"Hillslope"	1.0	32	8	3	1	6	2.7	15.0	1.0	0.25	0.0625	1.0	0.0	1.0	0.0	0.0	0.0	0	1	0	1	222.0	34.0	49284.0	7548.0	0.0	0.0	222.0	28.1	28358	18.5	10.4	211	5.69	31.4	25.26	41.1	905.46985	3.2305913	6.808454			50.0		36.8	120.72	52.3	45.31		0.38	800.0
"Oromia"	"Jimma"	"SeKoru"	"Wolmera"	57	459	"Teff"	"Midslope"	1.0	35	2	12	0	8	3.5	15.0	1.0	0.25	0.0625	1.0	0.0	1.0	0.0	0.0	0.0	1	1	0	1	38.0	34.0	1444.0	1292.0	0.0	38.0	0.0	28.1	28358	18.5	10.4	211	5.69	31.4	25.26	41.1	905.46985	3.2305913	6.808454			50.0			120.72	52.3	45.31	0.43		480.0
"Oromia"	"Jimma"	"SeKoru"	"Wolmera"	57	433	"Sorghum"	"Midslope"	1.0	40	0	20	1	7	3.0	15.0	1.0	0.375	0.140625	1.0	0.0	0.0	0.0	0.0	0.0	0	1	0	1	3.4666665	0.9066667	12.0177765	3.143111	0.0	3.4666665	0.0	28.1	28358	18.5	10.4	211	5.69	31.4	25.26	41.1	905.46985	3.2305913	6.808454			120.0		75.0	120.72	52.3	45.31			800.0
"Oromia"	"Jimma"	"SeKoru"	"Wolmera"	57	399	"Sorghum"	"Footslope"	1.0	22	8	5	1	5	2.4	15.0	1.0	0.25	0.0625	0.0	0.0	0.0	0.0	0.0	0.0	0	1	0	1	0.0	0.0	0.0	0.0	0.0	0.0	0.0	28.1	28358	18.5	10.4	211	5.69	31.4	25.26	41.1	905.46985	3.2305913	6.808454						120.72	52.3	45.31			400.0
"Oromia"	"Jimma"	"SeKoru"	"Wolmera"	57	449	"Teff"	"Footslope"	1.0	55	3	30	1	4	2.3	15.0	1.0	0.25	0.0625	1.0	0.0	0.0	0.0	0.0	0.0	1	1	0	1	38.0	34.0	1444.0	1292.0	38.0	0.0	0.0	28.6	33169	18.5	10.4	206	5.65	31.6	24.69	40.8	905.46985	3.2305913	6.808454			50.0			120.72	52.3	45.31	0.43		880.0
"Oromia"	"Jimma"	"SeKoru"	"Wolmera"	57	459	"Sorghum"	"Midslope"	1.0	35	2	12	0	8	3.5	15.0	0.0	0.25	0.0625	0.0	0.0	1.0	0.0	0.0	0.0	1	1	0	0	0.0	0.0	0.0	0.0	0.0	0.0	0.0	28.1	28358	18.5	10.4	211	5.69	31.4	25.26	41.1	905.46985	3.2305913	6.808454						120.72	52.3	45.31			1600.0
"Oromia"	"Jimma"	"SeKoru"	"Wolmera"	57	354	"Sorghum"	"Footslope"	1.0	42	7	20	0	8	0.5	15.0	1.0	0.25	0.0625	0.0	0.0	1.0	0.0	0.0	0.0	1	1	0	1	0.0	0.0	0.0	0.0	0.0	0.0	0.0	28.1	28358	18.5	10.4	211	5.69	31.4	25.26	41.1	905.46985	3.2305913	6.808454						120.72	52.3	45.31			800.0
"Oromia"	"Jimma"	"SeKoru"	"Wolmera"	57	450	"Teff"	"Hillslope"	1.0	45	0	25	1	9	4.4	15.0	0.0	0.5	0.25	1.0	0.0	0.0	0.0	0.0	0.0	1	1	0	1	30.5	17.0	930.25	518.5	0.0	0.0	30.5	28.6	33169	18.5	10.4	206	5.65	31.6	24.69	40.8	905.46985	3.2305913	6.808454			45.0		52.0	120.72	52.3	45.31	0.43		480.0
"Oromia"	"Jimma"	"SeKoru"	"Wolmera"	57	433	"Wheat"	"Midslope"	1.0	40	0	20	1	7	3.0	15.0	1.0	0.375	0.140625	1.0	0.0	0.0	1.0	0.0	1.0	0	1	0	1	43.333332	11.333333	1877.7777	491.11108	0.0	43.333332	0.0	28.1	28358	18.5	10.4	211	5.69	31.4	25.26	41.1	905.46985	3.2305913	6.808454			50.0		50.0	120.72	52.3	45.31		0.38	1066.6666
"Amhara"	"North_Shewa"	"Basona_Werana"	"Goshebado"	58	1029	"Wheat"	"Hillslope"	1.0	22	2	1	1	4	2.1	27.5	0.0	0.25	0.0625	1.0	0.0	0.0	0.0	0.0	0.0	1	1	0	1	65.0	17.0	4225.0	1105.0	0.0	0.0	65.0	25.2	10013	14.7	12.6	209	6.44	31.2	27.54	40.9	712.178	1.4266318	6.568328			48.16		49.44	114.67	53.46	46.65		0.41	600.0
"Amhara"	"North_Shewa"	"Basona_Werana"	"Goshebado"	58	855	"Teff"	"Footslope"	0.0	52	16	30	1	2	1.3	27.5	1.0	0.5	0.25	1.0	0.0	0.0	0.0	0.0	0.0	1	1	0	1	55.5	8.5	3080.25	471.75	55.5	0.0	0.0	25.4	13863	15.1	12.9	219	6.4	32.5	27.03	38.9	718.78174	1.4188575	6.5775576			48.2		49.46	114.67	53.46	46.65	0.47		600.0
"Amhara"	"North_Shewa"	"Basona_Werana"	"Goshebado"	58	854	"Teff"	"Midslope"	0.0	52	16	20	1	3	2.0	27.5	1.0	0.125	0.015625	1.0	0.0	0.0	1.0	0.0	0.0	1	1	0	1	140.8	27.2	19824.64	3829.7603	0.0	140.8	0.0	25.4	13863	15.1	12.9	219	6.4	32.5	27.03	38.9	718.78174	1.4188575	6.5775576			48.2		49.433334	114.67	53.46	46.65	0.47		1200.0
"Amhara"	"North_Shewa"	"Basona_Werana"	"Goshebado"	58	1028	"Teff"	"Midslope"	1.0	75	2	30	1	4	2.3	27.5	1.0	0.25	0.0625	0.0	0.0	0.0	0.0	0.0	0.0	1	1	0	1	0.0	0.0	0.0	0.0	0.0	0.0	0.0	25.2	10013	14.7	12.6	209	6.44	31.2	27.54	40.9	712.178	1.4266318	6.568328						114.67	53.46	46.65	0.47		200.0
"Amhara"	"North_Shewa"	"Basona_Werana"	"Goshebado"	58	1044	"Wheat"	"Footslope"	1.0	40	2	3	1	2	1.3	27.5	0.0	0.25	0.0625	1.0	1.0	1.0	1.0	0.0	1.0	1	1	0	1	38.0	34.0	1444.0	1292.0	38.0	0.0	0.0	25.4	13863	15.1	12.9	219	6.4	32.5	27.03	38.9	718.78174	1.4188575	6.5775576			48.2			114.67	53.46	46.65		0.41	800.0
"Amhara"	"North_Shewa"	"Basona_Werana"	"Goshebado"	58	854	"Wheat"	"Midslope"	0.0	52	16	20	1	3	2.0	27.5	1.0	0.25	0.0625	1.0	0.0	0.0	1.0	0.0	1.0	1	1	0	1	130.0	34.0	16900.0	4420.0	0.0	130.0	0.0	25.4	13863	15.1	12.9	219	6.4	32.5	27.03	38.9	718.78174	1.4188575	6.5775576			48.2		49.4	114.67	53.46	46.65		0.41	1600.0
"Amhara"	"North_Shewa"	"Basona_Werana"	"Goshebado"	58	981	"Teff"	"Midslope"	1.0	47	7	33	1	3	2.0	27.5	1.0	0.25	0.0625	1.0	0.0	1.0	1.0	0.0	0.0	1	1	0	1	122.0	68.0	14884.0	8296.0	0.0	122.0	0.0	25.2	10013	14.7	12.6	209	6.44	31.2	27.54	40.9	712.178	1.4266318	6.568328			48.2		49.6	114.67	53.46	46.65	0.47		1200.0
"Amhara"	"North_Shewa"	"Basona_Werana"	"Goshebado"	58	1045	"Teff"	"Footslope"	1.0	68	5	6	1	6	3.3	27.5	0.0	0.5	0.25	1.0	0.0	0.0	1.0	0.0	0.0	1	1	0	1	130.0	34.0	16900.0	4420.0	130.0	0.0	0.0	25.4	13863	15.1	12.9	219	6.4	32.5	27.03	38.9	718.78174	1.4188575	6.5775576			48.1924		49.4525	114.67	53.46	46.65	0.47		1100.0
"Amhara"	"North_Shewa"	"Basona_Werana"	"Goshebado"	58	1044	"Wheat"	"Footslope"	1.0	40	2	3	1	2	1.3	27.5	1.0	0.25	0.0625	1.0	0.0	1.0	1.0	0.0	0.0	1	1	0	1	30.4	27.2	924.16	826.88	30.4	0.0	0.0	25.4	13863	15.1	12.9	219	6.4	32.5	27.03	38.9	718.78174	1.4188575	6.5775576			49.1825			114.67	53.46	46.65		0.41	800.0
"Amhara"	"North_Shewa"	"Basona_Werana"	"Goshebado"	58	1005	"Wheat"	"Hillslope"	1.0	70	0	5	1	4	2.3	27.5	1.0	0.25	0.0625	1.0	0.0	1.0	1.0	0.0	1.0	1	1	0	1	65.0	17.0	4225.0	1105.0	0.0	0.0	65.0	25.4	13863	15.1	12.9	219	6.4	32.5	27.03	38.9	718.78174	1.4188575	6.5775576			44.0		44.0	114.67	53.46	46.65		0.41	1600.0
"Amhara"	"North_Shewa"	"Basona_Werana"	"Goshebado"	58	982	"Teff"	"Footslope"	1.0	30	6	16	1	2	1.5	27.5	0.0	0.5	0.25	1.0	0.0	1.0	1.0	0.0	1.0	1	1	0	1	84.0	34.0	7056.0	2856.0	84.0	0.0	0.0	25.2	10013	14.7	12.6	209	6.44	31.2	27.54	40.9	712.178	1.4266318	6.568328			48.2		49.5	114.67	53.46	46.65	0.47		1600.0
"Amhara"	"North_Shewa"	"Basona_Werana"	"Goshebado"	58	1029	"Teff"	"Midslope"	1.0	22	2	1	1	4	2.1	27.5	0.0	0.25	0.0625	1.0	0.0	1.0	0.0	0.0	0.0	1	1	0	1	130.0	34.0	16900.0	4420.0	0.0	130.0	0.0	25.2	10013	14.7	12.6	209	6.44	31.2	27.54	40.9	712.178	1.4266318	6.568328			48.2		49.46	114.67	53.46	46.65	0.47		400.0
"Amhara"	"North_Shewa"	"Basona_Werana"	"Goshebado"	58	1045	"Wheat"	"Footslope"	1.0	68	5	6	1	6	3.3	27.5	1.0	0.25	0.0625	1.0	0.0	0.0	1.0	0.0	1.0	1	1	0	1	168.0	68.0	28224.0	11424.0	168.0	0.0	0.0	25.4	13863	15.1	12.9	219	6.4	32.5	27.03	38.9	718.78174	1.4188575	6.5775576			48.1924		49.452	114.67	53.46	46.65		0.41	22.0
"Amhara"	"North_Shewa"	"Basona_Werana"	"Goshebado"	58	1045	"Wheat"	"Footslope"	1.0	68	5	6	1	6	3.3	27.5	0.0	0.25	0.0625	1.0	0.0	0.0	1.0	0.0	1.0	1	1	0	1	84.0	34.0	7056.0	2856.0	84.0	0.0	0.0	25.4	13863	15.1	12.9	219	6.4	32.5	27.03	38.9	718.78174	1.4188575	6.5775576			48.2		49.452	114.67	53.46	46.65		0.41	4400.0
"Amhara"	"North_Shewa"	"Basona_Werana"	"Goshebado"	58	1005	"Wheat"	"Footslope"	1.0	70	0	5	1	4	2.3	27.5	1.0	0.25	0.0625	1.0	0.0	1.0	1.0	0.0	1.0	1	1	0	1	130.0	34.0	16900.0	4420.0	130.0	0.0	0.0	25.4	13863	15.1	12.9	219	6.4	32.5	27.03	38.9	718.78174	1.4188575	6.5775576			44.0		44.0	114.67	53.46	46.65		0.41	2000.0
"Amhara"	"North_Shewa"	"Basona_Werana"	"Goshebado"	58	1045	"Wheat"	"Midslope"	1.0	68	5	6	1	6	3.3	27.5	1.0	0.25	0.0625	1.0	0.0	0.0	1.0	0.0	1.0	1	1	0	0	65.0	17.0	4225.0	1105.0	0.0	65.0	0.0	25.4	13863	15.1	12.9	219	6.4	32.5	27.03	38.9	718.78174	1.4188575	6.5775576			48.2		49.452	114.67	53.46	46.65		0.41	1400.0
"Amhara"	"North_Shewa"	"Basona_Werana"	"Goshebado"	58	981	"Teff"	"Footslope"	1.0	47	7	33	1	3	2.0	27.5	1.0	0.25	0.0625	1.0	0.0	1.0	1.0	0.0	1.0	1	1	0	1	122.0	68.0	14884.0	8296.0	122.0	0.0	0.0	25.2	10013	14.7	12.6	209	6.44	31.2	27.54	40.9	712.178	1.4266318	6.568328			48.2		49.6	114.67	53.46	46.65	0.47		1000.0
"Amhara"	"North_Shewa"	"Basona_Werana"	"Goshebado"	58	1005	"Teff"	"Footslope"	1.0	70	0	5	1	4	2.3	27.5	1.0	0.25	0.0625	1.0	0.0	1.0	0.0	0.0	0.0	1	1	0	1	130.0	34.0	16900.0	4420.0	130.0	0.0	0.0	25.4	13863	15.1	12.9	219	6.4	32.5	27.03	38.9	718.78174	1.4188575	6.5775576			44.0		44.0	114.67	53.46	46.65	0.47		1000.0
"Amhara"	"North_Shewa"	"Basona_Werana"	"Goshebado"	58	1029	"Teff"	"Footslope"	1.0	22	2	1	1	4	2.1	27.5	0.0	0.25	0.0625	1.0	0.0	1.0	0.0	0.0	0.0	1	1	0	1	130.0	34.0	16900.0	4420.0	130.0	0.0	0.0	25.2	10013	14.7	12.6	209	6.44	31.2	27.54	40.9	712.178	1.4266318	6.568328			48.2		49.44	114.67	53.46	46.65	0.47		400.0
"Amhara"	"North_Shewa"	"Basona_Werana"	"Goshebado"	58	854	"Wheat"	"Footslope"	0.0	52	16	20	1	3	2.0	27.5	1.0	0.25	0.0625	1.0	0.0	0.0	1.0	0.0	1.0	1	1	0	1	130.0	34.0	16900.0	4420.0	130.0	0.0	0.0	25.4	13863	15.1	12.9	219	6.4	32.5	27.03	38.9	718.78174	1.4188575	6.5775576			48.2		49.44	114.67	53.46	46.65		0.41	2000.0
"Amhara"	"North_Shewa"	"Basona_Werana"	"Goshebado"	58	981	"Wheat"	"Footslope"	1.0	47	7	33	1	3	2.0	27.5	1.0	0.75	0.5625	1.0	0.0	1.0	1.0	0.0	1.0	1	1	0	1	249.33333	113.333336	62167.11	28257.777	249.33333	0.0	0.0	25.2	10013	14.7	12.6	209	6.44	31.2	27.54	40.9	712.178	1.4266318	6.568328			48.2		49.95	114.67	53.46	46.65		0.41	2666.6667
"Amhara"	"North_Shewa"	"Basona_Werana"	"Goshebado"	58	1028	"Wheat"	"Footslope"	1.0	75	2	30	1	4	2.3	27.5	0.0	0.25	0.0625	0.0	0.0	0.0	0.0	0.0	0.0	0	1	0	1	0.0	0.0	0.0	0.0	0.0	0.0	0.0	25.2	10013	14.7	12.6	209	6.44	31.2	27.54	40.9	712.178	1.4266318	6.568328						114.67	53.46	46.65		0.41	600.0
"Amhara"	"North_Shewa"	"Basona_Werana"	"Goshebado"	58	1044	"Wheat"	"Footslope"	1.0	40	2	3	1	2	1.3	27.5	1.0	0.125	0.015625	1.0	0.0	0.0	1.0	0.0	0.0	1	1	0	1	76.0	68.0	5776.0	5168.0	76.0	0.0	0.0	25.4	13863	15.1	12.9	219	6.4	32.5	27.03	38.9	718.78174	1.4188575	6.5775576			48.2			114.67	53.46	46.65		0.41	800.0
"Amhara"	"North_Shewa"	"Basona_Werana"	"Goshebado"	58	855	"Wheat"	"Midslope"	0.0	52	16	30	1	2	1.3	27.5	1.0	0.25	0.0625	1.0	1.0	0.0	1.0	0.0	0.0	1	1	0	1	55.5	8.5	3080.25	471.75	0.0	55.5	0.0	25.4	13863	15.1	12.9	219	6.4	32.5	27.03	38.9	718.78174	1.4188575	6.5775576			49.44		49.44	114.67	53.46	46.65		0.41	800.0
"Amhara"	"North_Shewa"	"Basona_Werana"	"Goshebado"	58	1004	"Wheat"	"Footslope"	0.0	72	0	10	1	2	1.5	27.5	1.0	0.5	0.25	1.0	0.0	1.0	1.0	1.0	1.0	1	1	0	1	157.0	17.0	24649.0	2669.0	157.0	0.0	0.0	25.4	13863	15.1	12.9	219	6.4	32.5	27.03	38.9	718.78174	1.4188575	6.5775576			44.0		44.0	114.67	53.46	46.65		0.41	2000.0
"Amhara"	"North_Shewa"	"Basona_Werana"	"Goshebado"	58	1005	"Wheat"	"Footslope"	1.0	70	0	5	1	4	2.3	27.5	1.0	0.25	0.0625	1.0	0.0	1.0	1.0	0.0	0.0	1	0	0	1	111.0	17.0	12321.0	1887.0	111.0	0.0	0.0	25.4	13863	15.1	12.9	219	6.4	32.5	27.03	38.9	718.78174	1.4188575	6.5775576			88.0		44.0	114.67	53.46	46.65		0.41	400.0
"Amhara"	"North_Shewa"	"Basona_Werana"	"Goshebado"	58	855	"Wheat"	"Footslope"	0.0	52	16	30	1	2	1.3	27.5	1.0	0.25	0.0625	1.0	0.0	0.0	0.0	0.0	1.0	1	1	0	1	111.0	17.0	12321.0	1887.0	111.0	0.0	0.0	25.4	13863	15.1	12.9	219	6.4	32.5	27.03	38.9	718.78174	1.4188575	6.5775576			48.2		24.95	114.67	53.46	46.65		0.41	1200.0
"Amhara"	"North_Shewa"	"Basona_Werana"	"Goshebado"	58	982	"Wheat"	"Midslope"	1.0	30	6	16	1	2	1.5	27.5	0.0	2.0	4.0	1.0	1.0	1.0	1.0	0.0	1.0	1	1	0	1	53.5	17.0	2862.25	909.5	0.0	53.5	0.0	25.2	10013	14.7	12.6	209	6.44	31.2	27.54	40.9	712.178	1.4266318	6.568328			48.2		49.466667	114.67	53.46	46.65		0.41	1250.0
"Amhara"	"North_Shewa"	"Basona_Werana"	"Goshebado"	58	981	"Teff"	"Footslope"	1.0	47	7	33	1	3	2.0	27.5	1.0	0.25	0.0625	1.0	1.0	1.0	1.0	0.0	1.0	1	1	0	1	122.0	68.0	14884.0	8296.0	122.0	0.0	0.0	25.2	10013	14.7	12.6	209	6.44	31.2	27.54	40.9	712.178	1.4266318	6.568328			48.2		49.6	114.67	53.46	46.65	0.47		1000.0
"Amhara"	"North_Shewa"	"Basona_Werana"	"Goshebado"	58	1004	"Wheat"	"Footslope"	0.0	72	0	10	1	2	1.5	27.5	1.0	0.5	0.25	1.0	0.0	1.0	1.0	1.0	1.0	1	1	0	1	111.0	17.0	12321.0	1887.0	111.0	0.0	0.0	25.4	13863	15.1	12.9	219	6.4	32.5	27.03	38.9	718.78174	1.4188575	6.5775576			44.0		44.0	114.67	53.46	46.65		0.41	1600.0
"Southern_Nations,_Nationalities_and_Peoples"	"Hadiya"	"Lemo"	"Dijo_Demala"	59	371	"Wheat"	"Midslope"	1.0	42	8	20	1	10	4.7	25.0	1.0	0.5	0.25	1.0	0.0	0.0	0.0	0.0	0.0	1	1	0	0	1.3	0.34	1.6899998	0.442	0.0	1.3	0.0	23.5	54403	20.1	8.1	231	5.67	35.4	27.7	33.2	689.825	2.3819942	6.536438			4000.0		75.0	122.76	54.66	47.98		0.39	12.0
"Southern_Nations,_Nationalities_and_Peoples"	"Hadiya"	"Lemo"	"Dijo_Demala"	59	494	"Wheat"	"Midslope"	1.0	50	7	0	1	6	2.9	25.0	1.0	0.5	0.25	1.0	0.0	0.0	1.0	0.0	0.0	1	1	0	1	65.0	17.0	4225.0	1105.0	0.0	65.0	0.0	22.0	64788	19.4	8.4	226	5.67	36.3	28.34	33.6	691.8765	2.1206946	6.5394077			36.4		36.4	122.76	54.66	47.98		0.39	2400.0
"Southern_Nations,_Nationalities_and_Peoples"	"Hadiya"	"Lemo"	"Dijo_Demala"	59	469	"Wheat"	"Midslope"	1.0	40	6	0	1	7	3.0	25.0	1.0	0.75	0.5625	1.0	0.0	0.0	1.0	0.0	0.0	1	1	0	1	112.0	45.333332	12544.0	5077.333	0.0	112.0	0.0	22.0	64788	19.4	8.4	226	5.67	36.3	28.34	33.6	691.8765	2.1206946	6.5394077			37.0		37.0	122.76	54.66	47.98		0.39	2000.0
"Southern_Nations,_Nationalities_and_Peoples"	"Hadiya"	"Lemo"	"Dijo_Demala"	59	373	"Wheat"	"Hillslope"	1.0	33	7	35	1	10	4.5	25.0	1.0	1.0	1.0	1.0	0.0	0.0	0.0	0.0	0.0	0	0	0	0	0.65	0.17	0.42249995	0.1105	0.0	0.0	0.65	22.6	57895	19.4	8.6	225	5.67	37.2	26.92	33.3	689.825	2.3819942	6.536438			2000.0		75.0	122.76	54.66	47.98		0.39	5.0
"Southern_Nations,_Nationalities_and_Peoples"	"Hadiya"	"Lemo"	"Dijo_Demala"	59	372	"Wheat"	"Midslope"	1.0	52	8	5	1	7	3.6	25.0	1.0	0.5	0.25	1.0	0.0	0.0	0.0	0.0	0.0	1	1	0	0	1.0792	0.34	1.1646727	0.366928	0.0	1.0792	0.0	23.5	54403	20.1	8.1	231	5.67	35.4	27.7	33.2	689.825	2.3819942	6.536438			4100.0		75.0	122.76	54.66	47.98		0.39	26.0
"Southern_Nations,_Nationalities_and_Peoples"	"Hadiya"	"Lemo"	"Dijo_Demala"	59	416	"Wheat"	"Hillslope"	1.0	38	8	5	1	9	4.2	25.0	1.0	1.0	1.0	1.0	0.0	0.0	0.0	1.0	0.0	1	1	0	0	0.65	0.17	0.42249995	0.1105	0.0	0.0	0.65	23.5	54403	20.1	8.1	231	5.67	35.4	27.7	33.2	689.825	2.3819942	6.536438			4000.0		75.0	122.76	54.66	47.98		0.39	13.0
"Southern_Nations,_Nationalities_and_Peoples"	"Hadiya"	"Lemo"	"Dijo_Demala"	59	226	"Wheat"	"Midslope"	1.0	50	0	0	1	7	4.0	25.0	1.0	0.5	0.25	1.0	0.0	0.0	1.0	0.0	0.0	1	1	0	1	65.0	17.0	4225.0	1105.0	0.0	65.0	0.0	22.0	64788	19.4	8.4	226	5.67	36.3	28.34	33.6	691.8765	2.1206946	6.5394077			37.0		37.0	122.76	54.66	47.98		0.39	2000.0
"Southern_Nations,_Nationalities_and_Peoples"	"Hadiya"	"Lemo"	"Dijo_Demala"	59	370	"Wheat"	"Midslope"	1.0	70	0	32	1	9	4.2	25.0	1.0	0.75	0.5625	1.0	0.0	0.0	1.0	1.0	0.0	1	1	0	0	0.8666666	0.22666667	0.75111103	0.19644444	0.0	0.8666666	0.0	23.5	54403	20.1	8.1	231	5.67	35.4	27.7	33.2	689.825	2.3819942	6.536438			4000.0		75.0	122.76	54.66	47.98		0.39	13.333333
"Southern_Nations,_Nationalities_and_Peoples"	"Hadiya"	"Lemo"	"Dijo_Demala"	59	225	"Wheat"	"Midslope"	1.0	70	0	0	1	9	4.4	25.0	1.0	0.25	0.0625	1.0	0.0	0.0	1.0	0.0	1.0	1	1	0	1	65.0	17.0	4225.0	1105.0	0.0	65.0	0.0	22.0	64788	19.4	8.4	226	5.67	36.3	28.34	33.6	691.8765	2.1206946	6.5394077			36.8		36.8	122.76	54.66	47.98		0.39	20.0
"Southern_Nations,_Nationalities_and_Peoples"	"Hadiya"	"Lemo"	"Dijo_Demala"	59	225	"Wheat"	"Midslope"	1.0	70	0	0	1	9	4.4	25.0	1.0	0.5	0.25	1.0	0.0	0.0	1.0	0.0	1.0	1	1	0	1	65.0	17.0	4225.0	1105.0	0.0	65.0	0.0	22.0	64788	19.4	8.4	226	5.67	36.3	28.34	33.6	691.8765	2.1206946	6.5394077			37.0		37.0	122.76	54.66	47.98		0.39	2200.0
"Amhara"	"North_Shewa"	"Basona_Werana"	"Bakelo"	60	1012	"Wheat"	"Midslope"	0.0	63	0	0	1	1	1.0	30.0	1.0	0.125	0.015625	0.0	1.0	1.0	0.0	0.0	0.0	0	1	0	1	0.0	0.0	0.0	0.0	0.0	0.0	0.0	24.5	13016	14.6	11.1	146	6.51	30.5	28.15	39.8	803.89166	1.5234609	6.6894646						114.67	53.46	46.65		0.41	800.0
"Amhara"	"North_Shewa"	"Basona_Werana"	"Bakelo"	60	880	"Wheat"	"Footslope"	1.0	48	5	0	1	5	2.4	30.0	1.0	0.25	0.0625	1.0	0.0	0.0	1.0	0.0	0.0	1	1	0	1	84.0	34.0	7056.0	2856.0	84.0	0.0	0.0	24.5	13016	14.6	11.1	146	6.51	30.5	28.15	39.8	803.89166	1.5234609	6.6894646			48.0		48.0	114.67	53.46	46.65		0.41	2000.0
"Amhara"	"North_Shewa"	"Basona_Werana"	"Bakelo"	60	1052	"Wheat"	"Footslope"	0.0	44	0	0	1	4	2.1	30.0	0.0	0.25	0.0625	0.0	0.0	1.0	0.0	0.0	0.0	0	1	0	0	0.0	0.0	0.0	0.0	0.0	0.0	0.0	24.7	15624	14.9	12.3	167	6.4	31.1	27.9	40.2	803.89166	1.5234609	6.6894646						114.67	53.46	46.65		0.41	1600.0
"Amhara"	"North_Shewa"	"Basona_Werana"	"Bakelo"	60	1052	"Wheat"	"Footslope"	0.0	44	0	0	1	4	2.1	30.0	0.0	0.375	0.140625	0.0	0.0	1.0	0.0	0.0	0.0	0	1	0	0	0.0	0.0	0.0	0.0	0.0	0.0	0.0	24.7	15624	14.9	12.3	167	6.4	31.1	27.9	40.2	803.89166	1.5234609	6.6894646						114.67	53.46	46.65		0.41	853.3333
"Amhara"	"North_Shewa"	"Basona_Werana"	"Bakelo"	60	881	"Wheat"	"Hillslope"	1.0	22	9	0	1	3	1.8	30.0	1.0	0.25	0.0625	0.0	1.0	0.0	0.0	0.0	0.0	1	1	0	1	0.0	0.0	0.0	0.0	0.0	0.0	0.0	24.5	13016	14.6	11.1	146	6.51	30.5	28.15	39.8	803.89166	1.5234609	6.6894646						114.67	53.46	46.65		0.41	1600.0
"Amhara"	"North_Shewa"	"Basona_Werana"	"Bakelo"	60	1052	"Wheat"	"Footslope"	0.0	44	0	0	1	4	2.1	30.0	0.0	0.25	0.0625	0.0	0.0	0.0	0.0	0.0	0.0	0	1	0	1	0.0	0.0	0.0	0.0	0.0	0.0	0.0	24.7	15624	14.9	12.3	167	6.4	31.1	27.9	40.2	803.89166	1.5234609	6.6894646						114.67	53.46	46.65		0.41	600.0
"Amhara"	"North_Shewa"	"Basona_Werana"	"Bakelo"	60	977	"Wheat"	"Midslope"	0.0	59	5	0	0	6	3.1	30.0	1.0	0.125	0.015625	0.0	1.0	0.0	1.0	0.0	0.0	1	1	0	1	0.0	0.0	0.0	0.0	0.0	0.0	0.0	24.7	15624	14.9	12.3	167	6.4	31.1	27.9	40.2	803.89166	1.5234609	6.6894646						114.67	53.46	46.65		0.41	1600.0
"Amhara"	"North_Shewa"	"Basona_Werana"	"Bakelo"	60	905	"Wheat"	"Midslope"	1.0	52	10	0	1	6	3.3	30.0	1.0	0.25	0.0625	1.0	0.0	1.0	0.0	0.0	0.0	1	1	0	1	38.0	34.0	1444.0	1292.0	0.0	38.0	0.0	24.5	13016	14.6	11.1	146	6.51	30.5	28.15	39.8	803.89166	1.5234609	6.6894646			46.0			114.67	53.46	46.65		0.41	1600.0
"Amhara"	"North_Shewa"	"Basona_Werana"	"Bakelo"	60	1013	"Wheat"	"Midslope"	1.0	24	5	0	1	2	1.5	30.0	0.0	0.25	0.0625	1.0	0.0	1.0	1.0	0.0	0.0	1	1	0	1	241.0	51.0	58081.0	12291.0	0.0	241.0	0.0	24.5	13016	14.6	11.1	146	6.51	30.5	28.15	39.8	803.89166	1.5234609	6.6894646			48.0		48.0	114.67	53.46	46.65		0.41	1600.0
"Amhara"	"North_Shewa"	"Basona_Werana"	"Bakelo"	60	897	"Wheat"	"Footslope"	1.0	40	7	0	1	5	2.8	30.0	0.0	0.25	0.0625	0.0	0.0	0.0	0.0	0.0	0.0	1	1	0	1	0.0	0.0	0.0	0.0	0.0	0.0	0.0	24.5	13016	14.6	11.1	146	6.51	30.5	28.15	39.8	803.89166	1.5234609	6.6894646						114.67	53.46	46.65		0.41	800.0
"Amhara"	"North_Shewa"	"Basona_Werana"	"Bakelo"	60	867	"Wheat"	"Midslope"	0.0	55	0	0	1	5	2.6	30.0	1.0	0.125	0.015625	1.0	0.0	0.0	0.0	0.0	0.0	1	1	0	1	76.0	68.0	5776.0	5168.0	0.0	76.0	0.0	24.5	13016	14.6	11.1	146	6.51	30.5	28.15	39.8	803.89166	1.5234609	6.6894646			48.2			114.67	53.46	46.65		0.41	1600.0
"Amhara"	"North_Shewa"	"Basona_Werana"	"Bakelo"	60	897	"Wheat"	"Footslope"	1.0	40	7	0	1	5	2.8	30.0	0.0	0.5	0.25	1.0	0.0	0.0	0.0	0.0	0.0	1	1	0	1	18.7	8.5	349.69003	158.95001	18.7	0.0	0.0	24.5	13016	14.6	11.1	146	6.51	30.5	28.15	39.8	803.89166	1.5234609	6.6894646			48.0		32.0	114.67	53.46	46.65		0.41	1000.0
"Amhara"	"North_Shewa"	"Basona_Werana"	"Bakelo"	60	978	"Wheat"	"Midslope"	1.0	40	10	0	1	3	1.8	30.0	0.0	0.125	0.015625	1.0	0.0	0.0	0.0	0.0	0.0	1	1	0	1	76.0	68.0	5776.0	5168.0	0.0	76.0	0.0	24.5	13016	14.6	11.1	146	6.51	30.5	28.15	39.8	803.89166	1.5234609	6.6894646			48.0			114.67	53.46	46.65		0.41	1600.0
"Amhara"	"North_Shewa"	"Basona_Werana"	"Bakelo"	60	905	"Wheat"	"Midslope"	1.0	52	10	0	1	6	3.3	30.0	0.0	0.5	0.25	1.0	0.0	1.0	0.0	0.0	0.0	1	1	0	1	9.5	8.5	90.25	80.75	0.0	9.5	0.0	24.5	13016	14.6	11.1	146	6.51	30.5	28.15	39.8	803.89166	1.5234609	6.6894646			46.0			114.67	53.46	46.65		0.41	2200.0
"Amhara"	"North_Shewa"	"Basona_Werana"	"Bakelo"	60	1013	"Wheat"	"Footslope"	1.0	24	5	0	1	2	1.5	30.0	0.0	0.375	0.140625	1.0	0.0	1.0	1.0	0.0	1.0	1	1	0	1	117.333336	22.666666	13767.111	2659.5554	117.333336	0.0	0.0	24.5	13016	14.6	11.1	146	6.51	30.5	28.15	39.8	803.89166	1.5234609	6.6894646			48.0		48.0	114.67	53.46	46.65		0.41	2400.0
"Amhara"	"North_Shewa"	"Basona_Werana"	"Bakelo"	60	867	"Wheat"	"Footslope"	0.0	55	0	0	1	5	2.6	30.0	1.0	0.25	0.0625	0.0	1.0	0.0	0.0	0.0	0.0	1	1	0	1	0.0	0.0	0.0	0.0	0.0	0.0	0.0	24.5	13016	14.6	11.1	146	6.51	30.5	28.15	39.8	803.89166	1.5234609	6.6894646						114.67	53.46	46.65		0.41	1600.0
"Amhara"	"North_Shewa"	"Basona_Werana"	"Bakelo"	60	978	"Wheat"	"Midslope"	1.0	40	10	0	1	3	1.8	30.0	0.0	0.25	0.0625	1.0	0.0	0.0	0.0	0.0	0.0	1	1	0	1	22.8	20.4	519.83997	465.11996	0.0	22.8	0.0	24.5	13016	14.6	11.1	146	6.51	30.5	28.15	39.8	803.89166	1.5234609	6.6894646			48.0			114.67	53.46	46.65		0.41	600.0
"Amhara"	"North_Shewa"	"Basona_Werana"	"Bakelo"	60	1052	"Wheat"	"Footslope"	0.0	44	0	0	1	4	2.1	30.0	1.0	0.25	0.0625	0.0	0.0	1.0	0.0	0.0	0.0	1	1	0	1	0.0	0.0	0.0	0.0	0.0	0.0	0.0	24.7	15624	14.9	12.3	167	6.4	31.1	27.9	40.2	803.89166	1.5234609	6.6894646						114.67	53.46	46.65		0.41	1200.0
"Amhara"	"North_Shewa"	"Basona_Werana"	"Keyit"	61	859	"Wheat"	"Midslope"	1.0	70	0	1	1	4	2.1	60.0	1.0	0.25	0.0625	0.0	1.0	0.0	0.0	0.0	1.0	1	1	0	1	0.0	0.0	0.0	0.0	0.0	0.0	0.0	21.8	12530	15.0	13.5	201	6.48	32.9	28.8	38.4	811.81616	1.5391347	6.699274						114.67	53.46	46.65		0.41	800.0
"Amhara"	"North_Shewa"	"Basona_Werana"	"Keyit"	61	1049	"Wheat"	"Midslope"	1.0	35	4	3	1	3	1.8	60.0	1.0	0.125	0.015625	1.0	0.0	0.0	0.0	0.0	0.0	0	1	0	1	67.2	27.2	4515.8394	1827.84	0.0	67.2	0.0	21.8	12530	15.0	13.5	201	6.48	32.9	28.8	38.4	811.81616	1.5391347	6.699274			39.2		39.2	114.67	53.46	46.65		0.41	1600.0
"Amhara"	"North_Shewa"	"Basona_Werana"	"Keyit"	61	1049	"Teff"	"Midslope"	1.0	35	4	3	1	3	1.8	60.0	0.0	0.375	0.140625	1.0	0.0	0.0	0.0	0.0	0.0	1	1	0	1	30.666666	0.0	940.4444	0.0	0.0	30.666666	0.0	21.8	12530	15.0	13.5	201	6.48	32.9	28.8	38.4	811.81616	1.5391347	6.699274					39.2	114.67	53.46	46.65	0.47		533.3333
"Amhara"	"North_Shewa"	"Basona_Werana"	"Keyit"	61	988	"Teff"	"Footslope"	1.0	39	5	3	1	4	2.1	60.0	1.0	0.125	0.015625	1.0	0.0	0.0	0.0	0.0	0.0	1	1	0	1	70.4	13.6	4956.16	957.44006	70.4	0.0	0.0	21.8	12530	15.0	13.5	201	6.48	32.9	28.8	38.4	811.81616	1.5391347	6.699274			68.0		75.0	114.67	53.46	46.65	0.47		1200.0
"Amhara"	"North_Shewa"	"Basona_Werana"	"Keyit"	61	988	"Wheat"	"Footslope"	1.0	39	5	3	1	4	2.1	60.0	1.0	0.25	0.0625	1.0	0.0	0.0	1.0	0.0	1.0	1	1	0	1	96.399994	20.4	9292.959	1966.5598	96.399994	0.0	0.0	21.8	12530	15.0	13.5	201	6.48	32.9	28.8	38.4	811.81616	1.5391347	6.699274			53.333332		57.5	114.67	53.46	46.65		0.41	1600.0
"Amhara"	"North_Shewa"	"Basona_Werana"	"Keyit"	61	836	"Wheat"	"Midslope"	0.0	50	0	0	1	2	1.5	60.0	1.0	0.25	0.0625	1.0	0.0	0.0	0.0	0.0	0.0	1	1	0	1	92.0	0.0	8464.0	0.0	0.0	92.0	0.0	21.8	12530	15.0	13.5	201	6.48	32.9	28.8	38.4	811.81616	1.5391347	6.699274					33.0	114.67	53.46	46.65		0.41	1200.0
"Amhara"	"North_Shewa"	"Basona_Werana"	"Keyit"	61	852	"Teff"	"Hillslope"	0.0	32	8	2	1	5	2.4	60.0	1.0	0.25	0.0625	1.0	0.0	1.0	1.0	0.0	0.0	1	1	0	1	65.0	17.0	4225.0	1105.0	0.0	0.0	65.0	21.8	12530	15.0	13.5	201	6.48	32.9	28.8	38.4	811.81616	1.5391347	6.699274			40.72		48.98	114.67	53.46	46.65	0.47		1200.0
"Amhara"	"North_Shewa"	"Basona_Werana"	"Keyit"	61	974	"Wheat"	"Midslope"	1.0	72	0	0	0	3	2.0	60.0	1.0	0.5	0.25	1.0	0.0	0.0	1.0	0.0	0.0	1	1	0	1	65.0	17.0	4225.0	1105.0	0.0	65.0	0.0	22.2	11696	14.9	13.9	199	6.48	32.6	28.92	38.8	811.81616	1.5391347	6.699274			48.2		39.5	114.67	53.46	46.65		0.41	1000.0
"Amhara"	"North_Shewa"	"Basona_Werana"	"Keyit"	61	1009	"Wheat"	"Midslope"	1.0	38	8	2	1	6	3.3	60.0	1.0	0.25	0.0625	1.0	0.0	0.0	1.0	0.0	0.0	1	1	0	1	130.0	34.0	16900.0	4420.0	0.0	130.0	0.0	21.8	12530	15.0	13.5	201	6.48	32.9	28.8	38.4	811.81616	1.5391347	6.699274			46.0		46.0	114.67	53.46	46.65		0.41	1600.0
"Amhara"	"North_Shewa"	"Basona_Werana"	"Keyit"	61	1049	"Wheat"	"Footslope"	1.0	35	4	3	1	3	1.8	60.0	0.0	0.125	0.015625	1.0	0.0	0.0	0.0	0.0	0.0	0	1	0	1	67.2	27.2	4515.8394	1827.84	67.2	0.0	0.0	21.8	12530	15.0	13.5	201	6.48	32.9	28.8	38.4	811.81616	1.5391347	6.699274			39.2		39.2	114.67	53.46	46.65		0.41	120.0
"Amhara"	"North_Shewa"	"Basona_Werana"	"Keyit"	61	894	"Wheat"	"Footslope"	1.0	51	0	1	1	6	3.5	60.0	1.0	0.25	0.0625	1.0	0.0	0.0	0.0	0.0	0.0	1	1	0	1	39.0	10.2	1521.0	397.8	39.0	0.0	0.0	21.8	12530	15.0	13.5	201	6.48	32.9	28.8	38.4	811.81616	1.5391347	6.699274			42.0		42.0	114.67	53.46	46.65		0.41	
"Amhara"	"North_Shewa"	"Basona_Werana"	"Keyit"	61	894	"Wheat"	"Midslope"	1.0	51	0	1	1	6	3.5	60.0	1.0	0.25	0.0625	1.0	0.0	0.0	1.0	0.0	0.0	1	1	0	1	65.0	17.0	4225.0	1105.0	0.0	65.0	0.0	21.8	12530	15.0	13.5	201	6.48	32.9	28.8	38.4	811.81616	1.5391347	6.699274			42.0		42.0	114.67	53.46	46.65		0.41	1200.0
"Amhara"	"North_Shewa"	"Basona_Werana"	"Keyit"	61	837	"Wheat"	"Midslope"	0.0	57	0	0	0	3	2.0	60.0	1.0	0.25	0.0625	1.0	1.0	0.0	1.0	0.0	0.0	1	1	0	1	92.0	0.0	8464.0	0.0	0.0	92.0	0.0	21.8	12530	15.0	13.5	201	6.48	32.9	28.8	38.4	811.81616	1.5391347	6.699274					48.2	114.67	53.46	46.65		0.41	2000.0
"Amhara"	"North_Shewa"	"Basona_Werana"	"Keyit"	61	1009	"Teff"	"Midslope"	1.0	38	8	2	1	6	3.3	60.0	1.0	0.125	0.015625	1.0	0.0	0.0	0.0	0.0	0.0	1	1	0	1	88.799995	13.6	7885.439	1207.6799	0.0	88.799995	0.0	21.8	12530	15.0	13.5	201	6.48	32.9	28.8	38.4	811.81616	1.5391347	6.699274			46.0		46.0	114.67	53.46	46.65	0.47		2000.0
"Amhara"	"North_Shewa"	"Basona_Werana"	"Keyit"	61	988	"Wheat"	"Footslope"	1.0	39	5	3	1	4	2.1	60.0	1.0	0.125	0.015625	1.0	0.0	0.0	1.0	0.0	1.0	1	1	0	1	96.399994	20.4	9292.959	1966.5598	96.399994	0.0	0.0	21.8	12530	15.0	13.5	201	6.48	32.9	28.8	38.4	811.81616	1.5391347	6.699274			100.0		60.0	114.67	53.46	46.65		0.41	2400.0
"Amhara"	"North_Shewa"	"Basona_Werana"	"Keyit"	61	852	"Wheat"	"Hillslope"	0.0	32	8	2	1	5	2.4	60.0	1.0	0.25	0.0625	1.0	0.0	1.0	1.0	0.0	0.0	1	1	0	1	65.0	17.0	4225.0	1105.0	0.0	0.0	65.0	21.8	12530	15.0	13.5	201	6.48	32.9	28.8	38.4	811.81616	1.5391347	6.699274			40.72		48.98	114.67	53.46	46.65		0.41	1200.0
"Amhara"	"North_Shewa"	"Basona_Werana"	"Keyit"	61	902	"Wheat"	"Footslope"	0.0	40	0	0	1	4	2.3	60.0	1.0	0.25	0.0625	1.0	0.0	0.0	0.0	0.0	0.0	1	1	0	1	176.0	34.0	30976.0	5984.0	176.0	0.0	0.0	21.8	12530	15.0	13.5	201	6.48	32.9	28.8	38.4	811.81616	1.5391347	6.699274			44.0		44.0	114.67	53.46	46.65		0.41	2000.0
"Amhara"	"North_Shewa"	"Basona_Werana"	"Keyit"	61	894	"Wheat"	"Midslope"	1.0	51	0	1	1	6	3.5	60.0	1.0	0.25	0.0625	1.0	0.0	0.0	1.0	0.0	0.0	1	1	0	1	22.199999	3.4	492.83994	75.479996	0.0	22.199999	0.0	21.8	12530	15.0	13.5	201	6.48	32.9	28.8	38.4	811.81616	1.5391347	6.699274			42.0		42.0	114.67	53.46	46.65		0.41	1200.0
"Amhara"	"North_Shewa"	"Basona_Werana"	"Keyit"	61	1049	"Wheat"	"Footslope"	1.0	35	4	3	1	3	1.8	60.0	0.0	0.125	0.015625	0.0	0.0	0.0	1.0	0.0	0.0	1	1	0	1	0.0	0.0	0.0	0.0	0.0	0.0	0.0	21.8	12530	15.0	13.5	201	6.48	32.9	28.8	38.4	811.81616	1.5391347	6.699274						114.67	53.46	46.65		0.41	800.0
"Amhara"	"North_Shewa"	"Basona_Werana"	"Keyit"	61	894	"Teff"	"Footslope"	1.0	51	0	1	1	6	3.5	60.0	1.0	0.125	0.015625	1.0	0.0	0.0	0.0	0.0	0.0	1	1	0	0	44.399998	6.8	1971.3597	301.91998	44.399998	0.0	0.0	21.8	12530	15.0	13.5	201	6.48	32.9	28.8	38.4	811.81616	1.5391347	6.699274			42.0		42.0	114.67	53.46	46.65	0.47		400.0
"Southern_Nations,_Nationalities_and_Peoples"	"Hadiya"	"Lemo"	"Ambicho_gode"	62	14	"Teff"	"Midslope"	1.0	40	12	5	1	6	2.9	10.0	0.0	1.0	1.0	1.0	0.0	1.0	1.0	0.0	0.0	1	1	0	0	32.5	8.5	1056.25	276.25	0.0	32.5	0.0	20.7	42236	19.0	8.3	223	5.69	37.6	26.86	33.6	689.825	2.3819942	6.536438			40.0		37.0	122.76	54.66	47.98	0.45		5.0
"Southern_Nations,_Nationalities_and_Peoples"	"Hadiya"	"Lemo"	"Ambicho_gode"	62	15	"Wheat"	"Midslope"	1.0	19	10	5	1	8	3.7	10.0	0.0	0.5	0.25	1.0	0.0	0.0	1.0	0.0	0.0	1	1	0	1	32.5	8.5	1056.25	276.25	0.0	32.5	0.0	20.7	42236	19.0	8.3	223	5.69	37.6	26.86	33.6	689.825	2.3819942	6.536438			38.2		38.0	122.76	54.66	47.98		0.39	1100.0
"Southern_Nations,_Nationalities_and_Peoples"	"Hadiya"	"Lemo"	"Ambicho_gode"	62	5	"Teff"	"Midslope"	1.0	51	11	35	1	6	3.1	10.0	0.0	0.25	0.0625	1.0	0.0	0.0	0.0	0.0	0.0	1	0	0	1	70.4	13.6	4956.16	957.44006	0.0	70.4	0.0	21.4	48975	19.2	9.0	236	5.78	36.5	27.52	35.4	689.825	2.3819942	6.536438			37.0		75.0	122.76	54.66	47.98	0.45		1200.0
"Southern_Nations,_Nationalities_and_Peoples"	"Hadiya"	"Lemo"	"Ambicho_gode"	62	33	"Teff"	"Midslope"	1.0	40	7	15	1	6	3.1	10.0	1.0	0.25	0.0625	1.0	0.0	0.0	0.0	0.0	0.0	1	1	0	0	65.0	17.0	4225.0	1105.0	0.0	65.0	0.0	20.7	42236	19.0	8.3	223	5.69	37.6	26.86	33.6	689.825	2.3819942	6.536438			37.48		37.48	122.76	54.66	47.98	0.45		400.0
"Southern_Nations,_Nationalities_and_Peoples"	"Hadiya"	"Lemo"	"Ambicho_gode"	62	7	"Wheat"	"Midslope"	1.0	43	13	20	1	6	2.9	10.0	1.0	0.5	0.25	1.0	0.0	0.0	1.0	0.0	0.0	1	0	0	1	111.0	17.0	12321.0	1887.0	0.0	111.0	0.0	20.7	42236	19.0	8.3	223	5.69	37.6	26.86	33.6	689.825	2.3819942	6.536438			38.0		38.0	122.76	54.66	47.98		0.39	1200.0
"Southern_Nations,_Nationalities_and_Peoples"	"Hadiya"	"Lemo"	"Ambicho_gode"	62	10	"Wheat"	"Footslope"	1.0	42	6	20	1	10	4.3	10.0	0.0	0.375	0.140625	1.0	0.0	1.0	0.0	0.0	1.0	1	1	0	1	37.0	5.6666665	1369.0	209.66666	37.0	0.0	0.0	20.7	42236	19.0	8.3	223	5.69	37.6	26.86	33.6	689.825	2.3819942	6.536438			40.0		40.0	122.76	54.66	47.98		0.39	2666.6667
"Southern_Nations,_Nationalities_and_Peoples"	"Hadiya"	"Lemo"	"Ambicho_gode"	62	5	"Teff"	"Midslope"	1.0	51	11	35	1	6	3.1	10.0	0.0	0.5	0.25	1.0	1.0	0.0	0.0	0.0	0.0	1	0	0	1	55.5	8.5	3080.25	471.75	0.0	55.5	0.0	21.4	48975	19.2	9.0	236	5.78	36.5	27.52	35.4	689.825	2.3819942	6.536438			76.0		74.0	122.76	54.66	47.98	0.45		12.0
"Southern_Nations,_Nationalities_and_Peoples"	"Hadiya"	"Lemo"	"Ambicho_gode"	62	14	"Wheat"	"Midslope"	1.0	40	12	5	1	6	2.9	10.0	0.0	1.0	1.0	1.0	0.0	1.0	1.0	0.0	0.0	1	1	0	0	32.5	8.5	1056.25	276.25	0.0	32.5	0.0	20.7	42236	19.0	8.3	223	5.69	37.6	26.86	33.6	689.825	2.3819942	6.536438			37.0		37.0	122.76	54.66	47.98		0.39	9.0
"Southern_Nations,_Nationalities_and_Peoples"	"Hadiya"	"Lemo"	"Ambicho_gode"	62	33	"Wheat"	"Midslope"	1.0	40	7	15	1	6	3.1	10.0	1.0	0.5	0.25	1.0	0.0	0.0	1.0	0.0	1.0	1	1	0	1	65.0	17.0	4225.0	1105.0	0.0	65.0	0.0	20.7	42236	19.0	8.3	223	5.69	37.6	26.86	33.6	689.825	2.3819942	6.536438			37.0		37.0	122.76	54.66	47.98		0.39	1800.0
"Southern_Nations,_Nationalities_and_Peoples"	"Hadiya"	"Lemo"	"Ambicho_gode"	62	7	"Wheat"	"Midslope"	1.0	43	13	20	1	6	2.9	10.0	0.0	2.0	4.0	1.0	1.0	1.0	1.0	0.0	0.0	1	0	0	1	83.25	12.75	6930.5625	1061.4375	0.0	83.25	0.0	20.7	42236	19.0	8.3	223	5.69	37.6	26.86	33.6	689.825	2.3819942	6.536438			38.0		38.0	122.76	54.66	47.98		0.39	1600.0
"Southern_Nations,_Nationalities_and_Peoples"	"Hadiya"	"Lemo"	"Ambicho_gode"	62	12	"Wheat"	"Footslope"	1.0	62	0	40	1	12	5.3	10.0	1.0	0.5	0.25	1.0	0.0	0.0	0.0	0.0	0.0	1	1	0	1	130.0	34.0	16900.0	4420.0	130.0	0.0	0.0	20.7	42236	19.0	8.3	223	5.69	37.6	26.86	33.6	689.825	2.3819942	6.536438			37.0		37.0	122.76	54.66	47.98		0.39	1400.0
"Southern_Nations,_Nationalities_and_Peoples"	"Hadiya"	"Lemo"	"Ambicho_gode"	62	13	"Wheat"	"Footslope"	1.0	45	4	15	1	6	2.7	10.0	0.0	0.5	0.25	1.0	0.0	0.0	1.0	0.0	0.0	1	1	0	1	32.5	8.5	1056.25	276.25	32.5	0.0	0.0	20.7	42236	19.0	8.3	223	5.69	37.6	26.86	33.6	689.825	2.3819942	6.536438			74.0		74.0	122.76	54.66	47.98		0.39	12.0
"Southern_Nations,_Nationalities_and_Peoples"	"Hadiya"	"Lemo"	"Ambicho_gode"	62	6	"Wheat"	"Midslope"	1.0	50	13	30	1	7	3.6	10.0	1.0	0.5	0.25	1.0	0.0	1.0	0.0	0.0	1.0	1	1	0	1	88.0	17.0	7744.0	1496.0	0.0	88.0	0.0	22.1	50253	19.4	8.2	220	5.7	36.2	27.74	33.5	689.825	2.3819942	6.536438			38.0		38.0	122.76	54.66	47.98		0.39	1400.0
"Southern_Nations,_Nationalities_and_Peoples"	"Hadiya"	"Lemo"	"Ambicho_gode"	62	5	"Teff"	"Midslope"	1.0	51	11	35	1	6	3.1	10.0	1.0	0.5	0.25	1.0	0.0	0.0	0.0	0.0	0.0	1	0	0	1	111.0	17.0	12321.0	1887.0	0.0	111.0	0.0	21.4	48975	19.2	9.0	236	5.78	36.5	27.52	35.4	689.825	2.3819942	6.536438			36.0		38.0	122.76	54.66	47.98	0.45		14.0
"Southern_Nations,_Nationalities_and_Peoples"	"Hadiya"	"Lemo"	"Ambicho_gode"	62	10	"Wheat"	"Midslope"	1.0	42	6	20	1	10	4.3	10.0	1.0	0.125	0.015625	1.0	0.0	1.0	0.0	0.0	1.0	1	1	0	1	130.0	34.0	16900.0	4420.0	0.0	130.0	0.0	20.7	42236	19.0	8.3	223	5.69	37.6	26.86	33.6	689.825	2.3819942	6.536438			40.0		40.0	122.76	54.66	47.98		0.39	3200.0
"Southern_Nations,_Nationalities_and_Peoples"	"Hadiya"	"Anlemo"	"Ento"	63	194	"Teff"	"Footslope"	1.0	26	3	12	1	5	2.8	27.5	1.0	0.5	0.25	1.0	0.0	0.0	1.0	0.0	0.0	1	0	0	0	32.5	8.5	1056.25	276.25	32.5	0.0	0.0	20.6	37008	19.3	10.4	236	5.91	38.5	27.67	35.4	678.2572	2.211503	6.5195265			50.0		48.0	122.76	54.66	47.98	0.45		3.0
"Southern_Nations,_Nationalities_and_Peoples"	"Hadiya"	"Anlemo"	"Ento"	63	513	"Teff"	"Midslope"	0.0	24	2	10	1	7	3.0	27.5	1.0	0.75	0.5625	1.0	0.0	0.0	1.0	0.0	0.0	1	1	0	0	42.0	10.0	1764.0	420.0	0.0	42.0	0.0	20.6	37008	19.3	10.4	236	5.91	38.5	27.67	35.4	678.2572	2.211503	6.5195265				59.7	50.0	122.76	54.66	47.98	0.45		6.6666665
"Southern_Nations,_Nationalities_and_Peoples"	"Hadiya"	"Anlemo"	"Ento"	63	43	"Wheat"	"Midslope"	1.0	32	12	12	1	8	4.1	27.5	0.0	0.5	0.25	1.0	0.0	0.0	1.0	0.0	0.0	1	1	0	1	84.0	34.0	7056.0	2856.0	0.0	84.0	0.0	20.6	37008	19.3	10.4	236	5.91	38.5	27.67	35.4	678.2572	2.211503	6.5195265			40.0		40.0	122.76	54.66	47.98		0.39	12.0
"Southern_Nations,_Nationalities_and_Peoples"	"Hadiya"	"Anlemo"	"Ento"	63	44	"Sorghum"	"Midslope"	1.0	30	0	10	1	8	3.5	27.5	1.0	0.125	0.015625	0.0	0.0	0.0	0.0	0.0	0.0	0	1	0	1	0.0	0.0	0.0	0.0	0.0	0.0	0.0	20.6	37008	19.3	10.4	236	5.91	38.5	27.67	35.4	678.2572	2.211503	6.5195265						122.76	54.66	47.98			960.0
"Southern_Nations,_Nationalities_and_Peoples"	"Hadiya"	"Anlemo"	"Ento"	63	193	"Teff"	"Midslope"	0.0	55	0	34	1	4	2.5	27.5	1.0	0.5	0.25	1.0	0.0	0.0	1.0	0.0	0.0	1	1	0	0	65.0	17.0	4225.0	1105.0	0.0	65.0	0.0	20.6	37008	19.3	10.4	236	5.91	38.5	27.67	35.4	678.2572	2.211503	6.5195265			42.0		42.0	122.76	54.66	47.98	0.45		10.0
"Southern_Nations,_Nationalities_and_Peoples"	"Hadiya"	"Anlemo"	"Ento"	63	90	"Teff"	"Footslope"	1.0	50	0	32	1	4	2.3	27.5	1.0	0.75	0.5625	1.0	0.0	0.0	0.0	0.0	0.0	0	0	0	0	43.333332	11.333333	1877.7777	491.11108	43.333332	0.0	0.0	20.6	37008	19.3	10.4	236	5.91	38.5	27.67	35.4	678.2572	2.211503	6.5195265			4.0		39.62	122.76	54.66	47.98	0.45		8.0
"Southern_Nations,_Nationalities_and_Peoples"	"Hadiya"	"Anlemo"	"Ento"	63	43	"Teff"	"Midslope"	1.0	32	12	12	1	8	4.1	27.5	1.0	0.5	0.25	1.0	0.0	0.0	1.0	0.0	0.0	1	1	0	1	84.0	34.0	7056.0	2856.0	0.0	84.0	0.0	20.6	37008	19.3	10.4	236	5.91	38.5	27.67	35.4	678.2572	2.211503	6.5195265			40.0		40.0	122.76	54.66	47.98	0.45		600.0
"Southern_Nations,_Nationalities_and_Peoples"	"Hadiya"	"Anlemo"	"Ento"	63	193	"Wheat"	"Footslope"	0.0	55	0	34	1	4	2.5	27.5	1.0	0.75	0.5625	1.0	0.0	0.0	1.0	1.0	0.0	1	0	0	0	43.333332	11.333333	1877.7777	491.11108	43.333332	0.0	0.0	20.6	37008	19.3	10.4	236	5.91	38.5	27.67	35.4	678.2572	2.211503	6.5195265			44.0		42.0	122.76	54.66	47.98		0.39	16.0
"Southern_Nations,_Nationalities_and_Peoples"	"Hadiya"	"Anlemo"	"Ento"	63	44	"Teff"	"Midslope"	1.0	30	0	10	1	8	3.5	27.5	1.0	0.5	0.25	1.0	0.0	0.0	0.0	0.0	0.0	1	1	0	1	74.5	25.5	5550.25	1899.75	0.0	74.5	0.0	20.6	37008	19.3	10.4	236	5.91	38.5	27.67	35.4	678.2572	2.211503	6.5195265			29.333334		40.0	122.76	54.66	47.98	0.45		800.0
"Southern_Nations,_Nationalities_and_Peoples"	"Hadiya"	"Anlemo"	"Ento"	63	502	"Wheat"	"Midslope"	1.0	55	5	25	1	5	3.0	27.5	1.0	0.25	0.0625	1.0	0.0	0.0	1.0	1.0	1.0	1	1	0	1	65.0	17.0	4225.0	1105.0	0.0	65.0	0.0	20.6	37008	19.3	10.4	236	5.91	38.5	27.67	35.4	678.2572	2.211503	6.5195265			42.0		42.0	122.76	54.66	47.98		0.39	10.0
"Southern_Nations,_Nationalities_and_Peoples"	"Hadiya"	"Anlemo"	"Ento"	63	194	"Wheat"	"Footslope"	1.0	26	3	12	1	5	2.8	27.5	1.0	0.5	0.25	1.0	0.0	0.0	1.0	1.0	0.0	1	0	0	0	32.5	8.5	1056.25	276.25	32.5	0.0	0.0	20.6	37008	19.3	10.4	236	5.91	38.5	27.67	35.4	678.2572	2.211503	6.5195265			50.0		50.0	122.76	54.66	47.98		0.39	10.0
"Southern_Nations,_Nationalities_and_Peoples"	"Hadiya"	"Anlemo"	"Ento"	63	42	"Wheat"	"Midslope"	1.0	35	6	15	1	6	2.9	27.5	1.0	0.5	0.25	1.0	0.0	0.0	0.0	0.0	1.0	1	1	0	1	84.0	34.0	7056.0	2856.0	0.0	84.0	0.0	20.6	37008	19.3	10.4	236	5.91	38.5	27.67	35.4	678.2572	2.211503	6.5195265			39.0		38.0	122.76	54.66	47.98		0.39	12.0
"Southern_Nations,_Nationalities_and_Peoples"	"Hadiya"	"Anlemo"	"Ento"	63	107	"Teff"	"Midslope"	1.0	30	6	7	1	4	2.3	27.5	1.0	0.5	0.25	1.0	0.0	0.0	1.0	0.0	0.0	1	1	0	1	65.0	17.0	4225.0	1105.0	0.0	65.0	0.0	20.6	37008	19.3	10.4	236	5.91	38.5	27.67	35.4	678.2572	2.211503	6.5195265			40.0		37.8	122.76	54.66	47.98	0.45		600.0
"Southern_Nations,_Nationalities_and_Peoples"	"Hadiya"	"Anlemo"	"Ento"	63	90	"Wheat"	"Midslope"	1.0	50	0	32	1	4	2.3	27.5	0.0	0.75	0.5625	1.0	0.0	0.0	0.0	1.0	0.0	1	0	0	0	43.333332	11.333333	1877.7777	491.11108	0.0	43.333332	0.0	20.6	37008	19.3	10.4	236	5.91	38.5	27.67	35.4	678.2572	2.211503	6.5195265			40.0		39.62	122.76	54.66	47.98		0.39	10.666667
"Southern_Nations,_Nationalities_and_Peoples"	"Hadiya"	"Anlemo"	"Ento"	63	90	"Sorghum"	"Midslope"	1.0	50	0	32	1	4	2.3	27.5	1.0	0.125	0.015625	1.0	0.0	0.0	0.0	1.0	0.0	0	0	0	0	22.8	20.4	519.83997	465.11996	0.0	22.8	0.0	20.6	37008	19.3	10.4	236	5.91	38.5	27.67	35.4	678.2572	2.211503	6.5195265			23.333334			122.76	54.66	47.98			8.0
"Southern_Nations,_Nationalities_and_Peoples"	"Hadiya"	"Anlemo"	"Ento"	63	89	"Wheat"	"Midslope"	1.0	43	6	25	1	8	3.5	27.5	1.0	0.5	0.25	1.0	0.0	0.0	1.0	1.0	0.0	1	0	0	1	55.8	17.0	3113.64	948.6	0.0	55.8	0.0	20.6	37008	19.3	10.4	236	5.91	38.5	27.67	35.4	678.2572	2.211503	6.5195265			19.62		30.0	122.76	54.66	47.98		0.39	10.0
"Southern_Nations,_Nationalities_and_Peoples"	"Hadiya"	"Anlemo"	"Ento"	63	513	"Wheat"	"Footslope"	0.0	24	2	10	1	7	3.0	27.5	1.0	0.75	0.5625	1.0	0.0	0.0	1.0	0.0	0.0	0	0	0	0	30.666666	0.0	940.4444	0.0	30.666666	0.0	0.0	20.6	37008	19.3	10.4	236	5.91	38.5	27.67	35.4	678.2572	2.211503	6.5195265					25.9	122.76	54.66	47.98		0.39	6.6666665
"Southern_Nations,_Nationalities_and_Peoples"	"Hadiya"	"Anlemo"	"Ento"	63	42	"Teff"	"Midslope"	1.0	35	6	15	1	6	2.9	27.5	1.0	0.5	0.25	1.0	0.0	0.0	0.0	0.0	0.0	1	1	0	1	84.0	34.0	7056.0	2856.0	0.0	84.0	0.0	20.6	37008	19.3	10.4	236	5.91	38.5	27.67	35.4	678.2572	2.211503	6.5195265			37.0		37.8	122.76	54.66	47.98	0.45		8.0
"Southern_Nations,_Nationalities_and_Peoples"	"Hadiya"	"Anlemo"	"Ento"	63	89	"Teff"	"Footslope"	1.0	43	6	25	1	8	3.5	27.5	1.0	0.5	0.25	1.0	0.0	0.0	1.0	0.0	0.0	1	0	0	0	51.2	17.0	2621.4402	870.4	51.2	0.0	0.0	20.6	37008	19.3	10.4	236	5.91	38.5	27.67	35.4	678.2572	2.211503	6.5195265			19.62		50.285713	122.76	54.66	47.98	0.45		6.0
"Southern_Nations,_Nationalities_and_Peoples"	"Hadiya"	"Anlemo"	"Ento"	63	44	"Wheat"	"Midslope"	1.0	30	0	10	1	8	3.5	27.5	1.0	0.25	0.0625	1.0	0.0	0.0	1.0	0.0	0.0	1	1	0	1	84.0	34.0	7056.0	2856.0	0.0	84.0	0.0	20.6	37008	19.3	10.4	236	5.91	38.5	27.67	35.4	678.2572	2.211503	6.5195265			38.0		40.0	122.76	54.66	47.98		0.39	2000.0
"Amhara"	"North_Shewa"	"Basona_Werana"	"Keyit"	64	1010	"Wheat"	"Footslope"	1.0	21	10	0	1	4	2.3	20.0	1.0	0.25	0.0625	1.0	0.0	1.0	0.0	0.0	0.0	1	1	0	1	65.0	17.0	4225.0	1105.0	65.0	0.0	0.0	20.2	11664	14.9	14.9	193	6.43	32.9	29.29	38.1	811.81616	1.5391347	6.699274			48.0		48.0	114.67	53.46	46.65		0.41	1200.0
"Amhara"	"North_Shewa"	"Basona_Werana"	"Keyit"	64	895	"Wheat"	"Midslope"	0.0	47	5	2	0	4	2.5	20.0	1.0	0.5	0.25	0.0	0.0	0.0	1.0	0.0	1.0	0	1	0	1	0.0	0.0	0.0	0.0	0.0	0.0	0.0	20.2	11664	14.9	14.9	193	6.43	32.9	29.29	38.1	811.81616	1.5391347	6.699274						114.67	53.46	46.65		0.41	400.0
"Amhara"	"North_Shewa"	"Basona_Werana"	"Keyit"	64	895	"Wheat"	"Footslope"	0.0	47	5	2	0	4	2.5	20.0	1.0	0.125	0.015625	1.0	0.0	0.0	0.0	0.0	0.0	0	1	0	1	34.0	30.0	1156.0	1020.0	34.0	0.0	0.0	20.2	11664	14.9	14.9	193	6.43	32.9	29.29	38.1	811.81616	1.5391347	6.699274				42.0		114.67	53.46	46.65		0.41	800.0
"Amhara"	"North_Shewa"	"Basona_Werana"	"Keyit"	64	860	"Wheat"	"Footslope"	1.0	40	0	0	1	8	4.3	20.0	1.0	0.25	0.0625	0.0	1.0	0.0	0.0	0.0	1.0	1	1	0	1	0.0	0.0	0.0	0.0	0.0	0.0	0.0	21.5	11345	14.7	14.0	195	6.44	32.3	28.9	39.0	811.81616	1.5391347	6.699274						114.67	53.46	46.65		0.41	1600.0
"Amhara"	"North_Shewa"	"Basona_Werana"	"Keyit"	64	895	"Wheat"	"Footslope"	0.0	47	5	2	0	4	2.5	20.0	1.0	0.25	0.0625	1.0	0.0	0.0	0.0	0.0	0.0	0	1	0	1	84.0	34.0	7056.0	2856.0	84.0	0.0	0.0	20.2	11664	14.9	14.9	193	6.43	32.9	29.29	38.1	811.81616	1.5391347	6.699274			42.0		75.0	114.67	53.46	46.65		0.41	180.0
"Amhara"	"North_Shewa"	"Basona_Werana"	"Keyit"	64	989	"Wheat"	"Midslope"	1.0	47	0	0	1	5	2.6	20.0	1.0	0.25	0.0625	1.0	1.0	1.0	0.0	0.0	0.0	1	1	0	1	65.0	17.0	4225.0	1105.0	0.0	65.0	0.0	20.8	12611	15.1	15.1	199	6.32	33.1	28.99	37.1	811.81616	1.5391347	6.699274			50.0		48.0	114.67	53.46	46.65		0.41	2000.0
"Amhara"	"North_Shewa"	"Basona_Werana"	"Keyit"	64	1010	"Wheat"	"Midslope"	1.0	21	10	0	1	4	2.3	20.0	1.0	0.25	0.0625	1.0	0.0	1.0	0.0	0.0	0.0	1	1	0	1	65.0	17.0	4225.0	1105.0	0.0	65.0	0.0	20.2	11664	14.9	14.9	193	6.43	32.9	29.29	38.1	811.81616	1.5391347	6.699274			48.0		48.0	114.67	53.46	46.65		0.41	1200.0
"Amhara"	"North_Shewa"	"Basona_Werana"	"Keyit"	64	853	"Wheat"	"Footslope"	0.0	38	6	0	1	4	2.5	20.0	1.0	0.25	0.0625	1.0	0.0	0.0	1.0	0.0	0.0	0	1	0	1	65.0	17.0	4225.0	1105.0	65.0	0.0	0.0	20.2	11664	14.9	14.9	193	6.43	32.9	29.29	38.1	811.81616	1.5391347	6.699274			40.72		48.98	114.67	53.46	46.65		0.41	2000.0
"Amhara"	"North_Shewa"	"Basona_Werana"	"Keyit"	64	1026	"Wheat"	"Midslope"	1.0	33	4	0	0	4	2.1	20.0	1.0	0.25	0.0625	1.0	0.0	1.0	0.0	0.0	0.0	1	1	0	1	130.0	34.0	16900.0	4420.0	0.0	130.0	0.0	20.2	11664	14.9	14.9	193	6.43	32.9	29.29	38.1	811.81616	1.5391347	6.699274			47.9		46.8	114.67	53.46	46.65		0.41	2800.0
"Amhara"	"North_Shewa"	"Basona_Werana"	"Keyit"	64	975	"Wheat"	"Footslope"	1.0	21	12	0	1	6	3.3	20.0	1.0	0.25	0.0625	1.0	1.0	1.0	1.0	0.0	1.0	1	1	0	1	130.0	34.0	16900.0	4420.0	130.0	0.0	0.0	20.2	11664	14.9	14.9	193	6.43	32.9	29.29	38.1	811.81616	1.5391347	6.699274			48.2		49.5	114.67	53.46	46.65		0.41	2000.0
"Amhara"	"North_Shewa"	"Basona_Werana"	"Keyit"	64	853	"Wheat"	"Footslope"	0.0	38	6	0	1	4	2.5	20.0	1.0	0.25	0.0625	1.0	0.0	0.0	1.0	0.0	0.0	1	1	0	1	92.6	17.0	8574.76	1574.2	92.6	0.0	0.0	20.2	11664	14.9	14.9	193	6.43	32.9	29.29	38.1	811.81616	1.5391347	6.699274			40.72		48.975	114.67	53.46	46.65		0.41	1200.0
"Amhara"	"North_Shewa"	"Basona_Werana"	"Keyit"	64	838	"Wheat"	"Midslope"	1.0	59	0	0	1	3	1.8	20.0	1.0	0.25	0.0625	1.0	0.0	0.0	1.0	0.0	0.0	1	1	0	1	130.6	51.0	17056.361	6660.6	0.0	130.6	0.0	20.8	12611	15.1	15.1	199	6.32	33.1	28.99	37.1	811.81616	1.5391347	6.699274			47.0		48.2	114.67	53.46	46.65		0.41	1200.0
"Amhara"	"North_Shewa"	"Basona_Werana"	"Keyit"	64	989	"Wheat"	"Footslope"	1.0	47	0	0	1	5	2.6	20.0	1.0	0.25	0.0625	0.0	1.0	1.0	1.0	0.0	1.0	1	1	0	1	0.0	0.0	0.0	0.0	0.0	0.0	0.0	20.8	12611	15.1	15.1	199	6.32	33.1	28.99	37.1	811.81616	1.5391347	6.699274						114.67	53.46	46.65		0.41	2400.0
"Amhara"	"North_Shewa"	"Basona_Werana"	"Keyit"	64	1010	"Wheat"	"Hillslope"	1.0	21	10	0	1	4	2.3	20.0	1.0	0.25	0.0625	1.0	0.0	0.0	1.0	0.0	0.0	1	1	0	1	65.0	17.0	4225.0	1105.0	0.0	0.0	65.0	20.2	11664	14.9	14.9	193	6.43	32.9	29.29	38.1	811.81616	1.5391347	6.699274			48.0		48.0	114.67	53.46	46.65		0.41	800.0
"Amhara"	"North_Shewa"	"Basona_Werana"	"Keyit"	64	1010	"Wheat"	"Footslope"	1.0	21	10	0	1	4	2.3	20.0	1.0	0.25	0.0625	1.0	0.0	1.0	1.0	0.0	0.0	1	1	0	1	65.0	17.0	4225.0	1105.0	65.0	0.0	0.0	20.2	11664	14.9	14.9	193	6.43	32.9	29.29	38.1	811.81616	1.5391347	6.699274			48.0		48.0	114.67	53.46	46.65		0.41	2000.0
"Amhara"	"North_Shewa"	"Basona_Werana"	"Keyit"	64	989	"Wheat"	"Hillslope"	1.0	47	0	0	1	5	2.6	20.0	1.0	0.25	0.0625	1.0	1.0	1.0	1.0	0.0	1.0	1	1	0	1	65.0	17.0	4225.0	1105.0	0.0	0.0	65.0	20.8	12611	15.1	15.1	199	6.32	33.1	28.99	37.1	811.81616	1.5391347	6.699274			50.0		48.0	114.67	53.46	46.65		0.41	2400.0
"Amhara"	"North_Shewa"	"Basona_Werana"	"Keyit"	64	838	"Wheat"	"Footslope"	1.0	59	0	0	1	3	1.8	20.0	1.0	0.5	0.25	1.0	0.0	0.0	1.0	0.0	0.0	1	1	0	1	18.7	8.5	349.69003	158.95001	18.7	0.0	0.0	20.8	12611	15.1	15.1	199	6.32	33.1	28.99	37.1	811.81616	1.5391347	6.699274			47.0		48.0	114.67	53.46	46.65		0.41	1200.0
"Amhara"	"North_Shewa"	"Basona_Werana"	"Keyit"	64	1050	"Wheat"	"Footslope"	1.0	66	0	0	1	1	1.0	20.0	1.0	0.125	0.015625	1.0	0.0	0.0	1.0	0.0	0.0	0	1	0	1	76.0	68.0	5776.0	5168.0	76.0	0.0	0.0	20.2	11664	14.9	14.9	193	6.43	32.9	29.29	38.1	811.81616	1.5391347	6.699274			40.2			114.67	53.46	46.65		0.41	1600.0
"Amhara"	"North_Shewa"	"Basona_Werana"	"Keyit"	64	903	"Wheat"	"Footslope"	1.0	50	0	0	1	6	3.3	20.0	1.0	0.75	0.5625	1.0	0.0	0.0	1.0	0.0	0.0	1	1	0	1	43.333332	11.333333	1877.7777	491.11108	43.333332	0.0	0.0	21.5	11345	14.7	14.0	195	6.44	32.3	28.9	39.0	811.81616	1.5391347	6.699274			44.0		46.0	114.67	53.46	46.65		0.41	1333.3334
"Southern_Nations,_Nationalities_and_Peoples"	"Hadiya"	"Anlemo"	"D_Fonko"	65	336	"Teff"	"Midslope"	1.0	45	8	25	1	10	4.5	35.0	1.0	0.375	0.140625	1.0	0.0	0.0	0.0	0.0	0.0	1	1	0	1	43.333332	11.333333	1877.7777	491.11108	0.0	43.333332	0.0	23.9	63134	20.8	10.4	236	5.76	35.7	27.66	34.9	678.8492	2.1924362	6.520399			36.8		36.8	122.76	54.66	47.98	0.45		5.3333335
"Southern_Nations,_Nationalities_and_Peoples"	"Hadiya"	"Anlemo"	"D_Fonko"	65	407	"Wheat"	"Midslope"	1.0	50	8	15	1	8	3.9	35.0	1.0	0.125	0.015625	1.0	0.0	0.0	1.0	0.0	0.0	1	1	0	1	111.6	34.0	12454.56	3794.4	0.0	111.6	0.0	23.9	63134	20.8	10.4	236	5.76	35.7	27.66	34.9	678.8492	2.1924362	6.520399			36.8		42.5	122.76	54.66	47.98		0.39	56.0
"Southern_Nations,_Nationalities_and_Peoples"	"Hadiya"	"Anlemo"	"D_Fonko"	65	481	"Wheat"	"Midslope"	1.0	48	4	0	0	6	2.7	35.0	1.0	0.5	0.25	1.0	0.0	1.0	0.0	0.0	1.0	1	1	0	1	65.0	17.0	4225.0	1105.0	0.0	65.0	0.0	23.9	63134	20.8	10.4	236	5.76	35.7	27.66	34.9	678.8492	2.1924362	6.520399			39.2		38.0	122.76	54.66	47.98		0.39	2000.0
"Southern_Nations,_Nationalities_and_Peoples"	"Hadiya"	"Anlemo"	"D_Fonko"	65	368	"Teff"	"Midslope"	0.0	40	6	30	1	5	2.8	35.0	1.0	0.25	0.0625	1.0	0.0	0.0	1.0	1.0	0.0	1	1	0	0	35.2	6.8	1239.04	239.36002	0.0	35.2	0.0	23.9	63134	20.8	10.4	236	5.76	35.7	27.66	34.9	678.8492	2.1924362	6.520399			31.5		41.666668	122.76	54.66	47.98	0.45		400.0
"Southern_Nations,_Nationalities_and_Peoples"	"Hadiya"	"Anlemo"	"D_Fonko"	65	537	"Wheat"	"Midslope"	1.0	85	0	40	1	6	3.1	35.0	1.0	0.5	0.25	1.0	0.0	1.0	0.0	0.0	0.0	1	1	0	0	65.0	17.0	4225.0	1105.0	0.0	65.0	0.0	23.9	63134	20.8	10.4	236	5.76	35.7	27.66	34.9	678.8492	2.1924362	6.520399			39.6		39.0	122.76	54.66	47.98		0.39	1800.0
"Southern_Nations,_Nationalities_and_Peoples"	"Hadiya"	"Anlemo"	"D_Fonko"	65	497	"Teff"	"Midslope"	1.0	50	8	30	1	8	4.1	35.0	1.0	0.25	0.0625	1.0	0.0	1.0	0.0	0.0	0.0	1	1	0	1	53.6	6.8	2872.9597	364.48	0.0	53.6	0.0	23.9	63134	20.8	10.4	236	5.76	35.7	27.66	34.9	678.8492	2.1924362	6.520399			50.0		50.0	122.76	54.66	47.98	0.45		600.0
"Southern_Nations,_Nationalities_and_Peoples"	"Hadiya"	"Anlemo"	"D_Fonko"	65	419	"Wheat"	"Hillslope"	1.0	55	0	0	1	7	3.4	35.0	1.0	0.5	0.25	1.0	0.0	0.0	0.0	0.0	0.0	1	1	0	0	65.0	17.0	4225.0	1105.0	0.0	0.0	65.0	23.9	63134	20.8	10.4	236	5.76	35.7	27.66	34.9	678.8492	2.1924362	6.520399			40.0		40.0	122.76	54.66	47.98		0.39	10.0
"Southern_Nations,_Nationalities_and_Peoples"	"Hadiya"	"Anlemo"	"D_Fonko"	65	368	"Wheat"	"Midslope"	0.0	40	6	30	1	5	2.8	35.0	1.0	0.75	0.5625	1.0	0.0	0.0	1.0	1.0	1.0	1	1	0	0	56.0	22.666666	3136.0	1269.3333	0.0	56.0	0.0	23.9	63134	20.8	10.4	236	5.76	35.7	27.66	34.9	678.8492	2.1924362	6.520399			45.0		56.0	122.76	54.66	47.98		0.39	1600.0
"Southern_Nations,_Nationalities_and_Peoples"	"Hadiya"	"Anlemo"	"D_Fonko"	65	505	"Teff"	"Footslope"	1.0	45	9	20	1	7	3.8	35.0	1.0	0.25	0.0625	1.0	0.0	0.0	0.0	0.0	0.0	1	1	0	1	29.8	10.2	888.04	303.96	29.8	0.0	0.0	23.9	63134	20.8	10.4	236	5.76	35.7	27.66	34.9	678.8492	2.1924362	6.520399			36.5		36.5	122.76	54.66	47.98	0.45		600.0
"Southern_Nations,_Nationalities_and_Peoples"	"Hadiya"	"Anlemo"	"D_Fonko"	65	336	"Wheat"	"Midslope"	1.0	45	8	25	1	10	4.5	35.0	1.0	0.25	0.0625	0.0	0.0	0.0	1.0	0.0	0.0	1	1	0	1	0.0	0.0	0.0	0.0	0.0	0.0	0.0	23.9	63134	20.8	10.4	236	5.76	35.7	27.66	34.9	678.8492	2.1924362	6.520399						122.76	54.66	47.98		0.39	18.0
"Southern_Nations,_Nationalities_and_Peoples"	"Hadiya"	"Anlemo"	"D_Fonko"	65	497	"Wheat"	"Midslope"	1.0	50	8	30	1	8	4.1	35.0	0.0	0.25	0.0625	1.0	0.0	1.0	0.0	1.0	0.0	1	1	0	1	65.0	17.0	4225.0	1105.0	0.0	65.0	0.0	23.9	63134	20.8	10.4	236	5.76	35.7	27.66	34.9	678.8492	2.1924362	6.520399			50.0		50.0	122.76	54.66	47.98		0.39	1600.0
"Southern_Nations,_Nationalities_and_Peoples"	"Hadiya"	"Anlemo"	"D_Fonko"	65	367	"Teff"	"Midslope"	1.0	50	8	30	1	13	6.0	35.0	1.0	0.25	0.0625	1.0	0.0	0.0	1.0	0.0	0.0	1	1	0	0	7.8	2.04	60.840004	15.912	0.0	7.8	0.0	23.9	63134	20.8	10.4	236	5.76	35.7	27.66	34.9	678.8492	2.1924362	6.520399			50.0		66.666664	122.76	54.66	47.98	0.45		400.0
"Southern_Nations,_Nationalities_and_Peoples"	"Hadiya"	"Anlemo"	"D_Fonko"	65	407	"Wheat"	"Midslope"	1.0	50	8	15	1	8	3.9	35.0	0.0	0.375	0.140625	1.0	0.0	0.0	1.0	0.0	0.0	1	1	0	1	43.333332	11.333333	1877.7777	491.11108	0.0	43.333332	0.0	23.9	63134	20.8	10.4	236	5.76	35.7	27.66	34.9	678.8492	2.1924362	6.520399			36.8		36.8	122.76	54.66	47.98		0.39	13.333333
"Southern_Nations,_Nationalities_and_Peoples"	"Hadiya"	"Anlemo"	"D_Fonko"	65	511	"Wheat"	"Midslope"	1.0	48	5	20	1	7	3.4	35.0	1.0	0.5	0.25	1.0	0.0	0.0	0.0	0.0	1.0	1	1	0	1	65.0	17.0	4225.0	1105.0	0.0	65.0	0.0	23.9	63134	20.8	10.4	236	5.76	35.7	27.66	34.9	678.8492	2.1924362	6.520399			39.6		39.6	122.76	54.66	47.98		0.39	1400.0
"Southern_Nations,_Nationalities_and_Peoples"	"Hadiya"	"Anlemo"	"D_Fonko"	65	497	"Wheat"	"Footslope"	1.0	50	8	30	1	8	4.1	35.0	0.0	0.25	0.0625	1.0	0.0	1.0	1.0	1.0	0.0	1	1	0	1	111.0	17.0	12321.0	1887.0	111.0	0.0	0.0	23.9	63134	20.8	10.4	236	5.76	35.7	27.66	34.9	678.8492	2.1924362	6.520399			90.0		45.0	122.76	54.66	47.98		0.39	1600.0
"Southern_Nations,_Nationalities_and_Peoples"	"Hadiya"	"Anlemo"	"D_Fonko"	65	505	"Wheat"	"Midslope"	1.0	45	9	20	1	7	3.8	35.0	1.0	0.25	0.0625	1.0	0.0	0.0	0.0	1.0	0.0	1	1	0	1	104.0	27.2	10816.0	2828.8	0.0	104.0	0.0	23.9	63134	20.8	10.4	236	5.76	35.7	27.66	34.9	678.8492	2.1924362	6.520399			36.5		36.5	122.76	54.66	47.98		0.39	1800.0
"Southern_Nations,_Nationalities_and_Peoples"	"Hadiya"	"Anlemo"	"D_Fonko"	65	417	"Wheat"	"Midslope"	1.0	50	6	35	1	7	3.6	35.0	1.0	0.5	0.25	1.0	0.0	0.0	0.0	0.0	0.0	1	0	0	0	65.0	17.0	4225.0	1105.0	0.0	65.0	0.0	23.9	63134	20.8	10.4	236	5.76	35.7	27.66	34.9	678.8492	2.1924362	6.520399			40.0		40.0	122.76	54.66	47.98		0.39	26.0
"Southern_Nations,_Nationalities_and_Peoples"	"Hadiya"	"Anlemo"	"D_Fonko"	65	417	"Teff"	"Midslope"	1.0	50	6	35	1	7	3.6	35.0	1.0	0.5	0.25	1.0	0.0	0.0	0.0	0.0	0.0	1	0	0	0	55.5	8.5	3080.25	471.75	0.0	55.5	0.0	23.9	63134	20.8	10.4	236	5.76	35.7	27.66	34.9	678.8492	2.1924362	6.520399			40.0		24.95	122.76	54.66	47.98	0.45		10.0
"Southern_Nations,_Nationalities_and_Peoples"	"Hadiya"	"Anlemo"	"D_Fonko"	65	367	"Wheat"	"Midslope"	1.0	50	8	30	1	13	6.0	35.0	1.0	0.25	0.0625	1.0	0.0	0.0	1.0	1.0	0.0	1	1	0	0	65.0	17.0	4225.0	1105.0	0.0	65.0	0.0	23.9	63134	20.8	10.4	236	5.76	35.7	27.66	34.9	678.8492	2.1924362	6.520399			80.0		75.0	122.76	54.66	47.98		0.39	1200.0
"Amhara"	"East_Gojjam"	"Gozamin"	"Yenebirna"	66	822	"Wheat"	"Midslope"	1.0	44	0	30	1	7	3.8	20.0	1.0	0.5	0.25	1.0	0.0	1.0	0.0	1.0	1.0	1	1	0	1	84.0	34.0	7056.0	2856.0	0.0	84.0	0.0	28.9	43006	20.1	13.8	252	5.78	31.4	25.53	37.6	982.73926	1.8030162	6.8903437			44.9		44.9	114.67	53.46	46.65		0.41	2000.0
"Amhara"	"East_Gojjam"	"Gozamin"	"Yenebirna"	66	865	"Wheat"	"Midslope"	1.0	35	2	25	1	5	2.4	20.0	0.0	0.25	0.0625	1.0	0.0	0.0	0.0	1.0	0.0	0	0	0	0	42.0	17.0	1764.0	714.0	0.0	42.0	0.0	28.0	26809	18.4	13.1	269	5.92	31.4	26.17	38.4	982.73926	1.8030162	6.8903437			38.0		38.0	114.67	53.46	46.65		0.41	2400.0
"Amhara"	"East_Gojjam"	"Gozamin"	"Yenebirna"	66	839	"Teff"	"Hillslope"	1.0	46	5	55	1	8	3.7	20.0	1.0	0.25	0.0625	1.0	0.0	1.0	0.0	0.0	0.0	1	1	0	1	168.0	68.0	28224.0	11424.0	0.0	0.0	168.0	28.9	43006	20.1	13.8	252	5.78	31.4	25.53	37.6	982.73926	1.8030162	6.8903437			44.9		48.9	114.67	53.46	46.65	0.47		1000.0
"Amhara"	"East_Gojjam"	"Gozamin"	"Yenebirna"	66	865	"Wheat"	"Midslope"	1.0	35	2	25	1	5	2.4	20.0	0.0	0.125	0.015625	1.0	0.0	0.0	0.0	1.0	0.0	0	0	0	1	206.0	102.0	42436.0	21012.0	0.0	206.0	0.0	28.0	26809	18.4	13.1	269	5.92	31.4	26.17	38.4	982.73926	1.8030162	6.8903437			40.0		75.0	114.67	53.46	46.65		0.41	2000.0
"Amhara"	"East_Gojjam"	"Gozamin"	"Yenebirna"	66	827	"Teff"	"Midslope"	1.0	48	0	35	1	6	3.3	20.0	1.0	0.25	0.0625	1.0	1.0	0.0	0.0	0.0	0.0	1	1	0	1	118.0	80.0	13924.0	9440.0	0.0	118.0	0.0	28.9	43006	20.1	13.8	252	5.78	31.4	25.53	37.6	982.73926	1.8030162	6.8903437	38.0				37.8	114.67	53.46	46.65	0.47		1200.0
"Amhara"	"East_Gojjam"	"Gozamin"	"Yenebirna"	66	843	"Wheat"	"Hillslope"	1.0	56	0	37	1	7	4.0	20.0	1.0	0.65	0.4225	1.0	0.0	0.0	1.0	1.0	0.0	0	1	0	1	64.61539	26.153847	4175.1484	1689.9409	0.0	0.0	64.61539	28.9	43006	20.1	13.8	252	5.78	31.4	25.53	37.6	982.73926	1.8030162	6.8903437			36.0		36.0	114.67	53.46	46.65		0.41	615.38464
"Amhara"	"East_Gojjam"	"Gozamin"	"Yenebirna"	66	840	"Teff"	"Hillslope"	1.0	25	3	11	1	3	1.8	20.0	0.0	0.25	0.0625	1.0	0.0	1.0	0.0	0.0	0.0	1	1	0	1	130.0	34.0	16900.0	4420.0	0.0	0.0	130.0	28.9	43006	20.1	13.8	252	5.78	31.4	25.53	37.6	982.73926	1.8030162	6.8903437			48.9		24.95	114.67	53.46	46.65	0.47		1000.0
"Amhara"	"East_Gojjam"	"Gozamin"	"Yenebirna"	66	834	"Wheat"	"Footslope"	0.0	25	6	12	1	5	2.4	20.0	0.0	0.35	0.1225	1.0	0.0	0.0	1.0	1.0	1.0	1	1	0	1	147.14285	72.85714	21651.02	10720.407	147.14285	0.0	0.0	28.9	43006	20.1	13.8	252	5.78	31.4	25.53	37.6	982.73926	1.8030162	6.8903437			20.0		40.0	114.67	53.46	46.65		0.41	2857.1428
"Amhara"	"East_Gojjam"	"Gozamin"	"Yenebirna"	66	920	"Teff"	"Midslope"	1.0	40	0	28	1	6	2.7	20.0	0.0	0.25	0.0625	1.0	0.0	0.0	0.0	0.0	0.0	1	1	0	0	146.0	60.0	21316.0	8760.0	0.0	146.0	0.0	28.9	43006	20.1	13.8	252	5.78	31.4	25.53	37.6	982.73926	1.8030162	6.8903437	40.0				38.0	114.67	53.46	46.65	0.47		1400.0
"Amhara"	"East_Gojjam"	"Gozamin"	"Yenebirna"	66	839	"Wheat"	"Midslope"	1.0	46	5	55	1	8	3.7	20.0	1.0	0.25	0.0625	1.0	0.0	1.0	0.0	1.0	1.0	0	1	0	1	260.0	68.0	67600.0	17680.0	0.0	260.0	0.0	28.9	43006	20.1	13.8	252	5.78	31.4	25.53	37.6	982.73926	1.8030162	6.8903437			44.9		44.9	114.67	53.46	46.65		0.41	2800.0
"Amhara"	"East_Gojjam"	"Gozamin"	"Yenebirna"	66	843	"Teff"	"Footslope"	1.0	56	0	37	1	7	4.0	20.0	1.0	0.25	0.0625	1.0	0.0	0.0	0.0	0.0	1.0	0	1	0	1	130.0	34.0	16900.0	4420.0	130.0	0.0	0.0	28.9	43006	20.1	13.8	252	5.78	31.4	25.53	37.6	982.73926	1.8030162	6.8903437			36.0		36.0	114.67	53.46	46.65	0.47		1200.0
"Amhara"	"East_Gojjam"	"Gozamin"	"Yenebirna"	66	828	"Teff"	"Footslope"	0.0	28	7	16	1	4	2.1	20.0	0.0	0.25	0.0625	1.0	0.0	0.0	0.0	0.0	0.0	1	1	0	0	82.0	40.0	6724.0	3280.0	82.0	0.0	0.0	28.9	43006	20.1	13.8	252	5.78	31.4	25.53	37.6	982.73926	1.8030162	6.8903437	39.0				37.0	114.67	53.46	46.65	0.47		1400.0
"Amhara"	"East_Gojjam"	"Gozamin"	"Yenebirna"	66	829	"Wheat"	"Midslope"	1.0	56	0	40	1	6	2.9	20.0	1.0	0.25	0.0625	1.0	0.0	0.0	0.0	1.0	1.0	0	1	0	1	128.0	40.0	16384.0	5120.0	0.0	128.0	0.0	28.7	35982	19.5	14.0	263	5.81	32.4	25.49	36.9	982.73926	1.8030162	6.8903437	40.0				44.0	114.67	53.46	46.65		0.41	2000.0
"Amhara"	"East_Gojjam"	"Gozamin"	"Yenebirna"	66	828	"Wheat"	"Midslope"	0.0	28	7	16	1	4	2.1	20.0	0.0	0.25	0.0625	1.0	0.0	0.0	0.0	1.0	1.0	0	1	0	0	128.0	40.0	16384.0	5120.0	0.0	128.0	0.0	28.9	43006	20.1	13.8	252	5.78	31.4	25.53	37.6	982.73926	1.8030162	6.8903437	39.2				39.0	114.67	53.46	46.65		0.41	3600.0
"Amhara"	"East_Gojjam"	"Gozamin"	"Yenebirna"	66	827	"Wheat"	"Footslope"	1.0	48	0	35	1	6	3.3	20.0	0.0	0.25	0.0625	1.0	0.0	1.0	0.0	1.0	1.0	1	1	0	1	128.0	40.0	16384.0	5120.0	128.0	0.0	0.0	28.9	43006	20.1	13.8	252	5.78	31.4	25.53	37.6	982.73926	1.8030162	6.8903437	38.0				37.8	114.67	53.46	46.65		0.41	600.0
"Amhara"	"East_Gojjam"	"Gozamin"	"Yenebirna"	66	830	"Wheat"	"Midslope"	1.0	38	0	26	1	7	3.2	20.0	1.0	0.25	0.0625	1.0	0.0	0.0	0.0	1.0	1.0	0	1	0	0	128.0	40.0	16384.0	5120.0	0.0	128.0	0.0	28.7	35982	19.5	14.0	263	5.81	32.4	25.49	36.9	982.73926	1.8030162	6.8903437	44.0				40.0	114.67	53.46	46.65		0.41	800.0
"Amhara"	"East_Gojjam"	"Gozamin"	"Yenebirna"	66	830	"Teff"	"Midslope"	1.0	38	0	26	1	7	3.2	20.0	0.0	0.03125	9.765625E-4	1.0	0.0	0.0	0.0	0.0	0.0	1	1	0	0	394.96	153.0	155993.39	252774.39	0.0	394.96	0.0	28.7	35982	19.5	14.0	263	5.81	32.4	25.49	36.9	982.73926	1.8030162	6.8903437	44.0				40.0	114.67	53.46	46.65	0.47		3200.0
"Amhara"	"East_Gojjam"	"Gozamin"	"Yenebirna"	66	822	"Teff"	"Hillslope"	1.0	44	0	30	1	7	3.8	20.0	0.0	0.25	0.0625	1.0	0.0	0.0	0.0	0.0	0.0	1	1	0	0	168.0	68.0	28224.0	11424.0	0.0	0.0	168.0	28.9	43006	20.1	13.8	252	5.78	31.4	25.53	37.6	982.73926	1.8030162	6.8903437			44.9		44.9	114.67	53.46	46.65	0.47		1000.0
"Amhara"	"East_Gojjam"	"Gozamin"	"Yenebirna"	66	829	"Teff"	"Midslope"	1.0	56	0	40	1	6	2.9	20.0	1.0	0.5	0.25	1.0	0.0	0.0	0.0	0.0	0.0	1	1	0	1	9.0	10.0	81.0	90.0	0.0	9.0	0.0	28.7	35982	19.5	14.0	263	5.81	32.4	25.49	36.9	982.73926	1.8030162	6.8903437	40.0					114.67	53.46	46.65	0.47		400.0
"Amhara"	"East_Gojjam"	"Gozamin"	"Yenebirna"	66	821	"Teff"	"Footslope"	1.0	65	16	51	1	2	1.5	20.0	1.0	0.375	0.140625	1.0	0.0	0.0	0.0	0.0	0.0	1	1	0	1	137.33333	68.0	18860.443	9338.666	137.33333	0.0	0.0	28.1	41834	19.5	13.5	242	5.78	30.7	26.09	37.0	982.73926	1.8030162	6.8903437			45.0		44.9	114.67	53.46	46.65	0.47		1066.6666
"Amhara"	"East_Gojjam"	"Gozamin"	"Yenebirna"	66	839	"Teff"	"Midslope"	1.0	46	5	55	1	8	3.7	20.0	1.0	0.375	0.140625	1.0	0.0	1.0	0.0	0.0	0.0	1	1	0	1	112.0	45.333332	12544.0	5077.333	0.0	112.0	0.0	28.9	43006	20.1	13.8	252	5.78	31.4	25.53	37.6	982.73926	1.8030162	6.8903437			44.9		48.9	114.67	53.46	46.65	0.47		933.3333
"Amhara"	"East_Gojjam"	"Gozamin"	"Yenebirna"	66	830	"Wheat"	"Midslope"	1.0	38	0	26	1	7	3.2	20.0	1.0	0.0625	0.00390625	1.0	0.0	0.0	0.0	1.0	1.0	0	1	0	0	284.8	112.0	81111.03	31897.598	0.0	284.8	0.0	28.7	35982	19.5	14.0	263	5.81	32.4	25.49	36.9	982.73926	1.8030162	6.8903437	44.0				40.0	114.67	53.46	46.65		0.41	1600.0
"Amhara"	"East_Gojjam"	"Gozamin"	"Yenebirna"	66	830	"Wheat"	"Midslope"	1.0	38	0	26	1	7	3.2	20.0	0.0	0.5	0.25	1.0	0.0	0.0	0.0	1.0	1.0	0	1	0	0	22.8	10.0	519.83997	228.0	0.0	22.8	0.0	28.7	35982	19.5	14.0	263	5.81	32.4	25.49	36.9	982.73926	1.8030162	6.8903437	44.0				40.0	114.67	53.46	46.65		0.41	1800.0
"Amhara"	"East_Gojjam"	"Gozamin"	"Yenebirna"	66	826	"Teff"	"Midslope"	1.0	30	0	16	1	3	1.8	20.0	1.0	0.5	0.25	1.0	0.0	1.0	0.0	0.0	0.0	0	0	0	1	195.0	51.0	38025.0	9945.0	0.0	195.0	0.0	28.9	43006	20.1	13.8	252	5.78	31.4	25.53	37.6	982.73926	1.8030162	6.8903437			18.0		24.95	114.67	53.46	46.65	0.47		2000.0
"Amhara"	"East_Gojjam"	"Gozamin"	"Yenebirna"	66	834	"Teff"	"Footslope"	0.0	25	6	12	1	5	2.4	20.0	0.0	0.25	0.0625	1.0	0.0	1.0	0.0	0.0	1.0	1	1	0	0	130.0	34.0	16900.0	4420.0	130.0	0.0	0.0	28.9	43006	20.1	13.8	252	5.78	31.4	25.53	37.6	982.73926	1.8030162	6.8903437			40.0		40.0	114.67	53.46	46.65	0.47		3000.0
"Amhara"	"East_Gojjam"	"Gozamin"	"Yenebirna"	66	830	"Teff"	"Midslope"	1.0	38	0	26	1	7	3.2	20.0	0.0	0.625	0.390625	1.0	0.0	0.0	0.0	0.0	0.0	0	1	0	1	44.0	8.0	1936.0	352.0	0.0	44.0	0.0	28.7	35982	19.5	14.0	263	5.81	32.4	25.49	36.9	982.73926	1.8030162	6.8903437	40.0				40.0	114.67	53.46	46.65	0.47		960.0
"Amhara"	"East_Gojjam"	"Gozamin"	"Yenebirna"	66	826	"Wheat"	"Midslope"	1.0	30	0	16	1	3	1.8	20.0	1.0	0.5	0.25	1.0	0.0	1.0	1.0	1.0	1.0	0	0	0	0	195.0	51.0	38025.0	9945.0	0.0	195.0	0.0	28.9	43006	20.1	13.8	252	5.78	31.4	25.53	37.6	982.73926	1.8030162	6.8903437			18.0		24.95	114.67	53.46	46.65		0.41	3000.0
"Amhara"	"East_Gojjam"	"Gozamin"	"Yenebirna"	66	828	"Wheat"	"Midslope"	0.0	28	7	16	1	4	2.1	20.0	0.0	0.25	0.0625	1.0	0.0	0.0	0.0	1.0	1.0	0	1	0	0	128.0	40.0	16384.0	5120.0	0.0	128.0	0.0	28.9	43006	20.1	13.8	252	5.78	31.4	25.53	37.6	982.73926	1.8030162	6.8903437	39.2				39.0	114.67	53.46	46.65		0.41	2000.0
"Amhara"	"East_Gojjam"	"Gozamin"	"Yenebirna"	66	821	"Wheat"	"Footslope"	1.0	65	16	51	1	2	1.5	20.0	1.0	0.5	0.25	1.0	0.0	0.0	0.0	1.0	0.0	1	1	0	1	168.0	68.0	28224.0	11424.0	168.0	0.0	0.0	28.1	41834	19.5	13.5	242	5.78	30.7	26.09	37.0	982.73926	1.8030162	6.8903437			60.9		44.9	114.67	53.46	46.65		0.41	1400.0
"Amhara"	"East_Gojjam"	"Gozamin"	"Yenebirna"	66	820	"Wheat"	"Footslope"	1.0	40	0	26	1	6	3.1	20.0	0.0	0.5	0.25	1.0	0.0	0.0	0.0	1.0	1.0	1	1	0	1	168.0	68.0	28224.0	11424.0	168.0	0.0	0.0	28.9	43006	20.1	13.8	252	5.78	31.4	25.53	37.6	982.73926	1.8030162	6.8903437			0.54		44.9	114.67	53.46	46.65		0.41	2000.0
"Amhara"	"East_Gojjam"	"Gozamin"	"Yenebirna"	66	822	"Teff"	"Midslope"	1.0	44	0	30	1	7	3.8	20.0	0.0	0.25	0.0625	1.0	0.0	0.0	0.0	0.0	0.0	1	1	0	1	168.0	68.0	28224.0	11424.0	0.0	168.0	0.0	28.9	43006	20.1	13.8	252	5.78	31.4	25.53	37.6	982.73926	1.8030162	6.8903437			44.9		44.9	114.67	53.46	46.65	0.47		1800.0
"Amhara"	"East_Gojjam"	"Gozamin"	"Yenebirna"	66	829	"Teff"	"Midslope"	1.0	56	0	40	1	6	2.9	20.0	1.0	0.25	0.0625	1.0	0.0	0.0	0.0	0.0	0.0	1	1	0	1	54.4	40.0	2959.36	2176.0	0.0	54.4	0.0	28.7	35982	19.5	14.0	263	5.81	32.4	25.49	36.9	982.73926	1.8030162	6.8903437	40.0				40.0	114.67	53.46	46.65	0.47		800.0
"Amhara"	"East_Gojjam"	"Gozamin"	"Yenebirna"	66	830	"Wheat"	"Hillslope"	1.0	38	0	26	1	7	3.2	20.0	0.0	0.5	0.25	1.0	1.0	0.0	0.0	1.0	1.0	0	1	0	0	64.0	20.0	4096.0	1280.0	0.0	0.0	64.0	28.7	35982	19.5	14.0	263	5.81	32.4	25.49	36.9	982.73926	1.8030162	6.8903437	44.0				40.0	114.67	53.46	46.65		0.41	200.0
"Amhara"	"East_Gojjam"	"Gozamin"	"Yenebirna"	66	827	"Wheat"	"Midslope"	1.0	48	0	35	1	6	3.3	20.0	1.0	0.25	0.0625	1.0	0.0	0.0	0.0	1.0	1.0	0	1	0	1	128.0	40.0	16384.0	5120.0	0.0	128.0	0.0	28.9	43006	20.1	13.8	252	5.78	31.4	25.53	37.6	982.73926	1.8030162	6.8903437	37.8				37.8	114.67	53.46	46.65		0.41	800.0
"Amhara"	"East_Gojjam"	"Gozamin"	"Yenebirna"	66	840	"Wheat"	"Footslope"	1.0	25	3	11	1	3	1.8	20.0	0.0	0.375	0.140625	1.0	0.0	1.0	0.0	1.0	1.0	1	1	0	1	224.0	90.666664	50176.0	20309.332	224.0	0.0	0.0	28.9	43006	20.1	13.8	252	5.78	31.4	25.53	37.6	982.73926	1.8030162	6.8903437			49.8		44.9	114.67	53.46	46.65		0.41	3333.3333
"Amhara"	"East_Gojjam"	"Gozamin"	"Yenebirna"	66	839	"Wheat"	"Hillslope"	1.0	46	5	55	1	8	3.7	20.0	1.0	0.5	0.25	1.0	0.0	1.0	0.0	1.0	1.0	0	1	0	1	260.0	68.0	67600.0	17680.0	0.0	0.0	260.0	28.9	43006	20.1	13.8	252	5.78	31.4	25.53	37.6	982.73926	1.8030162	6.8903437			44.95		24.95	114.67	53.46	46.65		0.41	3000.0
"Amhara"	"East_Gojjam"	"Gozamin"	"Yenebirna"	66	829	"Wheat"	"Midslope"	1.0	56	0	40	1	6	2.9	20.0	1.0	0.25	0.0625	1.0	0.0	0.0	0.0	1.0	1.0	0	1	0	1	128.0	40.0	16384.0	5120.0	0.0	128.0	0.0	28.7	35982	19.5	14.0	263	5.81	32.4	25.49	36.9	982.73926	1.8030162	6.8903437	40.0				44.0	114.67	53.46	46.65		0.41	2000.0
"Amhara"	"East_Gojjam"	"Gozamin"	"Yenebirna"	66	820	"Teff"	"Midslope"	1.0	40	0	26	1	6	3.1	20.0	0.0	0.25	0.0625	1.0	0.0	0.0	0.0	0.0	1.0	1	0	0	1	168.0	68.0	28224.0	11424.0	0.0	168.0	0.0	28.9	43006	20.1	13.8	252	5.78	31.4	25.53	37.6	982.73926	1.8030162	6.8903437			44.9		44.9	114.67	53.46	46.65	0.47		1200.0
"Amhara"	"East_Gojjam"	"Gozamin"	"Yenebirna"	66	834	"Wheat"	"Hillslope"	0.0	25	6	12	1	5	2.4	20.0	0.0	0.5	0.25	1.0	0.0	1.0	1.0	1.0	1.0	0	1	0	1	84.0	34.0	7056.0	2856.0	0.0	0.0	84.0	28.9	43006	20.1	13.8	252	5.78	31.4	25.53	37.6	982.73926	1.8030162	6.8903437			40.0		40.0	114.67	53.46	46.65		0.41	2000.0
"Amhara"	"East_Gojjam"	"Gozamin"	"Yenebirna"	66	830	"Wheat"	"Hillslope"	1.0	38	0	26	1	7	3.2	20.0	1.0	0.25	0.0625	1.0	0.0	0.0	0.0	1.0	1.0	0	1	0	0	128.0	40.0	16384.0	5120.0	0.0	0.0	128.0	28.7	35982	19.5	14.0	263	5.81	32.4	25.49	36.9	982.73926	1.8030162	6.8903437	44.0				40.0	114.67	53.46	46.65		0.41	800.0
"Amhara"	"East_Gojjam"	"Gozamin"	"Yenebirna"	66	920	"Wheat"	"Midslope"	1.0	40	0	28	1	6	2.7	20.0	0.0	0.5	0.25	1.0	0.0	0.0	0.0	1.0	1.0	0	1	0	0	82.0	40.0	6724.0	3280.0	0.0	82.0	0.0	28.9	43006	20.1	13.8	252	5.78	31.4	25.53	37.6	982.73926	1.8030162	6.8903437	40.0				38.0	114.67	53.46	46.65		0.41	3000.0
"Amhara"	"East_Gojjam"	"Gozamin"	"Yenebirna"	66	865	"Teff"	"Footslope"	1.0	35	2	25	1	5	2.4	20.0	0.0	0.25	0.0625	1.0	0.0	0.0	0.0	0.0	0.0	0	0	0	1	61.0	34.0	3721.0	2074.0	61.0	0.0	0.0	28.0	26809	18.4	13.1	269	5.92	31.4	26.17	38.4	982.73926	1.8030162	6.8903437			40.0		24.95	114.67	53.46	46.65	0.47		1000.0
"Amhara"	"East_Gojjam"	"Gozamin"	"Yenebirna"	66	822	"Wheat"	"Hillslope"	1.0	44	0	30	1	7	3.8	20.0	0.0	30.0	900.0	1.0	0.0	1.0	0.0	1.0	1.0	1	1	0	1	1.4	0.56666666	1.9599999	0.7933333	0.0	0.0	1.4	28.9	43006	20.1	13.8	252	5.78	31.4	25.53	37.6	982.73926	1.8030162	6.8903437			44.9		44.9	114.67	53.46	46.65		0.41	56.666668
"Amhara"	"East_Gojjam"	"Gozamin"	"Yenebirna"	67	863	"Wheat"	"Midslope"	1.0	53	0	39	1	10	5.1	30.0	1.0	0.5	0.25	1.0	0.0	0.0	0.0	1.0	0.0	1	0	0	1	32.8	17.0	1075.84	557.6	0.0	32.8	0.0	28.1	41834	19.5	13.5	242	5.78	30.7	26.09	37.0	982.73926	1.8030162	6.8903437			43.8		44.0	114.67	53.46	46.65		0.41	2500.0
"Amhara"	"East_Gojjam"	"Gozamin"	"Yenebirna"	67	795	"Teff"	"Midslope"	1.0	58	0	43	0	4	2.5	30.0	0.0	0.25	0.0625	1.0	0.0	0.0	0.0	0.0	0.0	1	1	0	1	103.0	51.0	10609.0	5253.0	0.0	103.0	0.0	28.9	43006	20.1	13.8	252	5.78	31.4	25.53	37.6	982.73926	1.8030162	6.8903437			44.0		44.0	114.67	53.46	46.65	0.47		600.0
"Amhara"	"East_Gojjam"	"Gozamin"	"Yenebirna"	67	861	"Wheat"	"Midslope"	1.0	36	0	22	1	5	2.4	30.0	0.0	0.75	0.5625	1.0	0.0	0.0	0.0	1.0	0.0	0	0	0	1	0.49666667	0.17	0.24667779	0.08443333	0.0	0.49666667	0.0	28.1	41834	19.5	13.5	242	5.78	30.7	26.09	37.0	982.73926	1.8030162	6.8903437			4400.0		75.0	114.67	53.46	46.65		0.41	12.933333
"Amhara"	"East_Gojjam"	"Gozamin"	"Yenebirna"	67	797	"Wheat"	"Midslope"	0.0	59	0	47	0	3	2.0	30.0	0.0	0.25	0.0625	1.0	0.0	0.0	0.0	1.0	0.0	1	1	0	0	168.0	68.0	28224.0	11424.0	0.0	168.0	0.0	27.6	41635	19.4	14.1	255	5.76	31.1	25.92	36.9	982.73926	1.8030162	6.8903437			44.0		24.95	114.67	53.46	46.65		0.41	40.0
"Amhara"	"East_Gojjam"	"Gozamin"	"Yenebirna"	67	833	"Teff"	"Midslope"	1.0	30	0	10	1	4	2.1	30.0	0.0	0.25	0.0625	1.0	0.0	0.0	0.0	0.0	1.0	1	1	0	1	84.0	34.0	7056.0	2856.0	0.0	84.0	0.0	27.6	41635	19.4	14.1	255	5.76	31.1	25.92	36.9	982.73926	1.8030162	6.8903437			40.0		40.0	114.67	53.46	46.65	0.47		2800.0
"Amhara"	"East_Gojjam"	"Gozamin"	"Yenebirna"	67	831	"Wheat"	"Footslope"	1.0	26	0	5	1	3	1.8	30.0	0.0	0.25	0.0625	1.0	0.0	0.0	0.0	1.0	1.0	0	1	0	1	282.0	153.0	79524.0	47940.0	282.0	0.0	0.0	27.6	41635	19.4	14.1	255	5.76	31.1	25.92	36.9	982.73926	1.8030162	6.8903437			19.6		24.95	114.67	53.46	46.65		0.41	3200.0
"Amhara"	"East_Gojjam"	"Gozamin"	"Yenebirna"	67	825	"Wheat"	"Midslope"	1.0	48	0	34	1	8	4.1	30.0	1.0	0.25	0.0625	1.0	0.0	0.0	0.0	1.0	1.0	0	0	0	1	168.0	68.0	28224.0	11424.0	0.0	168.0	0.0	27.6	41635	19.4	14.1	255	5.76	31.1	25.92	36.9	982.73926	1.8030162	6.8903437			36.0		36.0	114.67	53.46	46.65		0.41	3200.0
"Amhara"	"East_Gojjam"	"Gozamin"	"Yenebirna"	67	824	"Teff"	"Footslope"	1.0	75	0	61	1	6	3.1	30.0	1.0	0.125	0.015625	1.0	0.0	1.0	0.0	0.0	0.0	0	0	0	1	336.0	136.0	112896.0	45696.0	336.0	0.0	0.0	27.6	41635	19.4	14.1	255	5.76	31.1	25.92	36.9	982.73926	1.8030162	6.8903437			36.0		36.0	114.67	53.46	46.65	0.47		1600.0
"Amhara"	"East_Gojjam"	"Gozamin"	"Yenebirna"	67	751	"Teff"	"Hillslope"	1.0	48	0	24	1	5	2.8	30.0	1.0	0.25	0.0625	1.0	0.0	1.0	0.0	0.0	1.0	0	1	0	1	149.0	51.0	22201.0	7599.0	0.0	0.0	149.0	27.6	41635	19.4	14.1	255	5.76	31.1	25.92	36.9	982.73926	1.8030162	6.8903437			48.0		48.0	114.67	53.46	46.65	0.47		1000.0
"Amhara"	"East_Gojjam"	"Gozamin"	"Yenebirna"	67	862	"Wheat"	"Footslope"	1.0	47	0	33	1	9	3.6	30.0	0.0	0.375	0.140625	1.0	0.0	0.0	0.0	1.0	0.0	0	0	0	0	168.0	68.0	28224.0	11424.0	168.0	0.0	0.0	28.1	41834	19.5	13.5	242	5.78	30.7	26.09	37.0	982.73926	1.8030162	6.8903437			44.0		36.0	114.67	53.46	46.65		0.41	2666.6667
"Amhara"	"East_Gojjam"	"Gozamin"	"Yenebirna"	67	864	"Teff"	"Footslope"	1.0	48	0	34	1	7	3.2	30.0	0.0	0.25	0.0625	1.0	0.0	0.0	0.0	0.0	0.0	0	0	0	1	336.0	136.0	112896.0	45696.0	336.0	0.0	0.0	28.9	43006	20.1	13.8	252	5.78	31.4	25.53	37.6	982.73926	1.8030162	6.8903437			38.0		34.0	114.67	53.46	46.65	0.47		1200.0
"Amhara"	"East_Gojjam"	"Gozamin"	"Yenebirna"	67	823	"Teff"	"Midslope"	1.0	48	3	36	1	7	3.6	30.0	1.0	0.5	0.25	1.0	0.0	0.0	0.0	0.0	0.0	1	0	0	1	51.5	25.5	2652.25	1313.25	0.0	51.5	0.0	27.6	41635	19.4	14.1	255	5.76	31.1	25.92	36.9	982.73926	1.8030162	6.8903437			33.333332		32.0	114.67	53.46	46.65	0.47		1300.0
"Amhara"	"East_Gojjam"	"Gozamin"	"Yenebirna"	67	864	"Wheat"	"Hillslope"	1.0	48	0	34	1	7	3.2	30.0	1.0	0.25	0.0625	1.0	0.0	0.0	0.0	1.0	0.0	0	0	0	1	394.96	153.0	155993.39	107429.12	0.0	0.0	394.96	28.9	43006	20.1	13.8	252	5.78	31.4	25.53	37.6	982.73926	1.8030162	6.8903437			38.0		34.0	114.67	53.46	46.65		0.41	84.0
"Amhara"	"East_Gojjam"	"Gozamin"	"Yenebirna"	67	798	"Teff"	"Hillslope"	1.0	76	0	51	0	5	2.8	30.0	0.0	0.5	0.25	1.0	0.0	0.0	0.0	0.0	0.0	1	1	0	1	74.5	25.5	5550.25	1899.75	0.0	0.0	74.5	27.6	41635	19.4	14.1	255	5.76	31.1	25.92	36.9	982.73926	1.8030162	6.8903437			43.333332		44.0	114.67	53.46	46.65	0.47		600.0
"Amhara"	"East_Gojjam"	"Gozamin"	"Yenebirna"	67	863	"Teff"	"Midslope"	1.0	53	0	39	1	10	5.1	30.0	1.0	0.25	0.0625	1.0	0.0	0.0	0.0	0.0	0.0	0	0	0	1	103.0	51.0	10609.0	5253.0	0.0	103.0	0.0	28.1	41834	19.5	13.5	242	5.78	30.7	26.09	37.0	982.73926	1.8030162	6.8903437			36.0		44.0	114.67	53.46	46.65	0.47		12.0
"Amhara"	"East_Gojjam"	"Gozamin"	"Yenebirna"	67	864	"Wheat"	"Midslope"	1.0	48	0	34	1	7	3.2	30.0	0.0	0.5	0.25	1.0	0.0	0.0	0.0	1.0	0.0	0	0	0	0	394.96	136.0	155993.39	53714.56	0.0	394.96	0.0	28.9	43006	20.1	13.8	252	5.78	31.4	25.53	37.6	982.73926	1.8030162	6.8903437			38.0		34.0	114.67	53.46	46.65		0.41	16.0
"Amhara"	"East_Gojjam"	"Gozamin"	"Yenebirna"	67	824	"Teff"	"Footslope"	1.0	75	0	61	1	6	3.1	30.0	1.0	0.25	0.0625	1.0	0.0	1.0	0.0	0.0	0.0	0	0	0	0	84.0	34.0	7056.0	2856.0	84.0	0.0	0.0	27.6	41635	19.4	14.1	255	5.76	31.1	25.92	36.9	982.73926	1.8030162	6.8903437			36.0		36.0	114.67	53.46	46.65	0.47		1400.0
"Amhara"	"East_Gojjam"	"Gozamin"	"Yenebirna"	67	823	"Wheat"	"Footslope"	1.0	48	3	36	1	7	3.6	30.0	1.0	0.25	0.0625	1.0	0.0	0.0	0.0	1.0	1.0	0	0	0	0	149.0	51.0	22201.0	7599.0	149.0	0.0	0.0	27.6	41635	19.4	14.1	255	5.76	31.1	25.92	36.9	982.73926	1.8030162	6.8903437			33.333332		36.0	114.67	53.46	46.65		0.41	2400.0
"Amhara"	"East_Gojjam"	"Gozamin"	"Yenebirna"	67	824	"Wheat"	"Midslope"	1.0	75	0	61	1	6	3.1	30.0	1.0	1.0	1.0	1.0	0.0	1.0	0.0	1.0	1.0	0	0	0	0	130.0	34.0	16900.0	4420.0	0.0	130.0	0.0	27.6	41635	19.4	14.1	255	5.76	31.1	25.92	36.9	982.73926	1.8030162	6.8903437			36.0		36.0	114.67	53.46	46.65		0.41	4000.0
"Amhara"	"East_Gojjam"	"Gozamin"	"Yenebirna"	67	864	"Wheat"	"Midslope"	1.0	48	0	34	1	7	3.2	30.0	0.0	0.25	0.0625	1.0	0.0	0.0	0.0	1.0	0.0	0	0	0	0	394.96	153.0	155993.39	107429.12	0.0	394.96	0.0	28.9	43006	20.1	13.8	252	5.78	31.4	25.53	37.6	982.73926	1.8030162	6.8903437			38.0		34.0	114.67	53.46	46.65		0.41	2000.0
"Amhara"	"East_Gojjam"	"Gozamin"	"Yenebirna"	67	832	"Wheat"	"Hillslope"	1.0	33	3	13	1	4	2.1	30.0	0.0	0.5	0.25	1.0	0.0	0.0	1.0	1.0	1.0	0	1	0	1	107.0	34.0	11449.0	3638.0	0.0	0.0	107.0	28.7	35982	19.5	14.0	263	5.81	32.4	25.49	36.9	982.73926	1.8030162	6.8903437			22.0		44.0	114.67	53.46	46.65		0.41	2400.0
"Amhara"	"East_Gojjam"	"Gozamin"	"Yenebirna"	67	797	"Teff"	"Midslope"	0.0	59	0	47	0	3	2.0	30.0	0.0	0.25	0.0625	1.0	0.0	0.0	0.0	0.0	0.0	1	1	0	0	298.0	102.0	88804.0	30396.0	0.0	298.0	0.0	27.6	41635	19.4	14.1	255	5.76	31.1	25.92	36.9	982.73926	1.8030162	6.8903437			22.0		44.0	114.67	53.46	46.65	0.47		2400.0
"Amhara"	"East_Gojjam"	"Gozamin"	"Yenebirna"	67	823	"Wheat"	"Footslope"	1.0	48	3	36	1	7	3.6	30.0	1.0	0.35	0.1225	1.0	0.0	1.0	0.0	1.0	1.0	0	0	0	0	120.0	48.57143	14400.0	5828.572	120.0	0.0	0.0	27.6	41635	19.4	14.1	255	5.76	31.1	25.92	36.9	982.73926	1.8030162	6.8903437			18.0		36.0	114.67	53.46	46.65		0.41	2571.4285
"Amhara"	"East_Gojjam"	"Gozamin"	"Yenebirna"	67	794	"Wheat"	"Hillslope"	1.0	60	0	30	0	5	2.8	30.0	1.0	0.75	0.5625	1.0	0.0	0.0	0.0	1.0	0.0	1	1	0	1	50.933334	18.133333	2594.2046	923.5911	0.0	0.0	50.933334	28.9	43006	20.1	13.8	252	5.78	31.4	25.53	37.6	982.73926	1.8030162	6.8903437			42.0		30.0	114.67	53.46	46.65		0.41	26.666666
"Amhara"	"East_Gojjam"	"Gozamin"	"Yenebirna"	67	832	"Wheat"	"Footslope"	1.0	33	3	13	1	4	2.1	30.0	0.0	0.25	0.0625	1.0	0.0	0.0	1.0	1.0	1.0	0	1	0	1	195.0	51.0	38025.0	9945.0	195.0	0.0	0.0	28.7	35982	19.5	14.0	263	5.81	32.4	25.49	36.9	982.73926	1.8030162	6.8903437			51.333332		44.0	114.67	53.46	46.65		0.41	2400.0
"Amhara"	"East_Gojjam"	"Gozamin"	"Yenebirna"	67	823	"Teff"	"Footslope"	1.0	48	3	36	1	7	3.6	30.0	1.0	0.25	0.0625	1.0	0.0	0.0	0.0	0.0	0.0	0	0	0	1	168.0	68.0	28224.0	11424.0	168.0	0.0	0.0	27.6	41635	19.4	14.1	255	5.76	31.1	25.92	36.9	982.73926	1.8030162	6.8903437			36.0		36.0	114.67	53.46	46.65	0.47		1200.0
"Amhara"	"East_Gojjam"	"Gozamin"	"Yenebirna"	67	825	"Teff"	"Footslope"	1.0	48	0	34	1	8	4.1	30.0	1.0	0.35	0.1225	1.0	0.0	0.0	0.0	0.0	0.0	0	0	0	1	60.0	24.285715	3600.0	1457.143	60.0	0.0	0.0	27.6	41635	19.4	14.1	255	5.76	31.1	25.92	36.9	982.73926	1.8030162	6.8903437			36.0		36.0	114.67	53.46	46.65	0.47		1714.2858
"Amhara"	"East_Gojjam"	"Gozamin"	"Yenebirna"	67	797	"Wheat"	"Midslope"	0.0	59	0	47	0	3	2.0	30.0	0.0	0.5	0.25	1.0	0.0	0.0	0.0	1.0	0.0	1	1	0	0	103.0	51.0	10609.0	5253.0	0.0	103.0	0.0	27.6	41635	19.4	14.1	255	5.76	31.1	25.92	36.9	982.73926	1.8030162	6.8903437			22.0		24.95	114.67	53.46	46.65		0.41	3000.0
"Amhara"	"East_Gojjam"	"Gozamin"	"Yenebirna"	67	798	"Wheat"	"Midslope"	1.0	76	0	51	0	5	2.8	30.0	1.0	0.25	0.0625	1.0	0.0	0.0	0.0	1.0	0.0	1	1	0	1	32.5	8.5	1056.25	276.25	0.0	32.5	0.0	27.6	41635	19.4	14.1	255	5.76	31.1	25.92	36.9	982.73926	1.8030162	6.8903437			44.0		44.0	114.67	53.46	46.65		0.41	1400.0
"Amhara"	"East_Gojjam"	"Gozamin"	"Yenebirna"	67	833	"Wheat"	"Hillslope"	1.0	30	0	10	1	4	2.1	30.0	0.0	0.125	0.015625	1.0	1.0	0.0	1.0	1.0	1.0	0	1	0	0	394.96	136.0	155993.39	53714.56	0.0	0.0	394.96	27.6	41635	19.4	14.1	255	5.76	31.1	25.92	36.9	982.73926	1.8030162	6.8903437			40.0		40.0	114.67	53.46	46.65		0.41	5200.0
"Amhara"	"East_Gojjam"	"Gozamin"	"Yenebirna"	67	795	"Wheat"	"Midslope"	1.0	58	0	43	0	4	2.5	30.0	1.0	0.25	0.0625	1.0	0.0	0.0	0.0	1.0	0.0	0	1	0	1	168.0	68.0	28224.0	11424.0	0.0	168.0	0.0	28.9	43006	20.1	13.8	252	5.78	31.4	25.53	37.6	982.73926	1.8030162	6.8903437			44.0		44.0	114.67	53.46	46.65		0.41	4000.0
"Amhara"	"East_Gojjam"	"Gozamin"	"Yenebirna"	67	751	"Wheat"	"Midslope"	1.0	48	0	24	1	5	2.8	30.0	1.0	0.25	0.0625	1.0	0.0	0.0	1.0	1.0	0.0	0	1	0	0	214.0	68.0	45796.0	14552.0	0.0	214.0	0.0	27.6	41635	19.4	14.1	255	5.76	31.1	25.92	36.9	982.73926	1.8030162	6.8903437			48.0		48.0	114.67	53.46	46.65		0.41	2200.0
"Amhara"	"East_Gojjam"	"Gozamin"	"Yenebirna"	67	798	"Wheat"	"Midslope"	1.0	76	0	51	0	5	2.8	30.0	1.0	0.25	0.0625	1.0	1.0	0.0	0.0	1.0	0.0	1	1	0	1	65.0	17.0	4225.0	1105.0	0.0	65.0	0.0	27.6	41635	19.4	14.1	255	5.76	31.1	25.92	36.9	982.73926	1.8030162	6.8903437			44.0		44.0	114.67	53.46	46.65		0.41	1400.0
"Amhara"	"East_Gojjam"	"Gozamin"	"Yenebirna"	67	794	"Wheat"	"Midslope"	1.0	60	0	30	0	5	2.8	30.0	1.0	0.25	0.0625	1.0	0.0	0.0	0.0	1.0	0.0	1	1	0	1	252.0	102.0	63504.0	25704.0	0.0	252.0	0.0	28.9	43006	20.1	13.8	252	5.78	31.4	25.53	37.6	982.73926	1.8030162	6.8903437			36.0		30.0	114.67	53.46	46.65		0.41	40.0
"Amhara"	"East_Gojjam"	"Gozamin"	"Yenebirna"	67	833	"Teff"	"Footslope"	1.0	30	0	10	1	4	2.1	30.0	0.0	0.25	0.0625	1.0	0.0	0.0	0.0	0.0	1.0	1	1	0	0	84.0	34.0	7056.0	2856.0	84.0	0.0	0.0	27.6	41635	19.4	14.1	255	5.76	31.1	25.92	36.9	982.73926	1.8030162	6.8903437			40.0		40.0	114.67	53.46	46.65	0.47		2000.0
"Amhara"	"East_Gojjam"	"Gozamin"	"Yenebirna"	67	862	"Teff"	"Midslope"	1.0	47	0	33	1	9	3.6	30.0	0.0	0.625	0.390625	1.0	0.0	0.0	0.0	0.0	0.0	1	0	0	0	117.6	47.6	13829.76	5597.76	0.0	117.6	0.0	28.1	41834	19.5	13.5	242	5.78	30.7	26.09	37.0	982.73926	1.8030162	6.8903437			44.0		36.0	114.67	53.46	46.65	0.47		960.0
"Amhara"	"East_Gojjam"	"Gozamin"	"Yenebirna"	67	833	"Wheat"	"Footslope"	1.0	30	0	10	1	4	2.1	30.0	0.0	0.25	0.0625	1.0	0.0	0.0	1.0	1.0	1.0	0	1	0	0	84.0	34.0	7056.0	2856.0	84.0	0.0	0.0	27.6	41635	19.4	14.1	255	5.76	31.1	25.92	36.9	982.73926	1.8030162	6.8903437			40.0		24.95	114.67	53.46	46.65		0.41	5200.0
"Amhara"	"East_Gojjam"	"Gozamin"	"Yenebirna"	67	832	"Teff"	"Midslope"	1.0	33	3	13	1	4	2.1	30.0	0.0	0.25	0.0625	1.0	0.0	0.0	0.0	0.0	1.0	1	1	0	1	84.0	34.0	7056.0	2856.0	0.0	84.0	0.0	28.7	35982	19.5	14.0	263	5.81	32.4	25.49	36.9	982.73926	1.8030162	6.8903437			44.0		44.0	114.67	53.46	46.65	0.47		1000.0
"Amhara"	"East_Gojjam"	"Gozamin"	"Yenebirna"	67	831	"Wheat"	"Midslope"	1.0	26	0	5	1	3	1.8	30.0	0.0	0.25	0.0625	1.0	0.0	0.0	0.0	1.0	1.0	0	1	0	1	206.0	102.0	42436.0	21012.0	0.0	206.0	0.0	27.6	41635	19.4	14.1	255	5.76	31.1	25.92	36.9	982.73926	1.8030162	6.8903437			19.333334		39.0	114.67	53.46	46.65		0.41	1400.0
"Amhara"	"East_Gojjam"	"Gozamin"	"Yenebirna"	67	864	"Teff"	"Footslope"	1.0	48	0	34	1	7	3.2	30.0	1.0	0.25	0.0625	1.0	0.0	0.0	0.0	0.0	0.0	0	0	0	1	336.0	136.0	112896.0	45696.0	336.0	0.0	0.0	28.9	43006	20.1	13.8	252	5.78	31.4	25.53	37.6	982.73926	1.8030162	6.8903437			38.0		34.0	114.67	53.46	46.65	0.47		1800.0
"Amhara"	"East_Gojjam"	"Gozamin"	"Yenebirna"	67	795	"Teff"	"Midslope"	1.0	58	0	43	0	4	2.5	30.0	1.0	0.5	0.25	1.0	0.0	0.0	0.0	0.0	0.0	1	1	0	1	84.0	34.0	7056.0	2856.0	0.0	84.0	0.0	28.9	43006	20.1	13.8	252	5.78	31.4	25.53	37.6	982.73926	1.8030162	6.8903437			44.0		44.0	114.67	53.46	46.65	0.47		600.0
"Amhara"	"East_Gojjam"	"Gozamin"	"Yenebirna"	67	864	"Teff"	"Midslope"	1.0	48	0	34	1	7	3.2	30.0	0.0	0.25	0.0625	1.0	0.0	0.0	0.0	0.0	0.0	0	0	0	1	336.0	136.0	112896.0	45696.0	0.0	336.0	0.0	28.9	43006	20.1	13.8	252	5.78	31.4	25.53	37.6	982.73926	1.8030162	6.8903437			38.0		34.0	114.67	53.46	46.65	0.47		1200.0
"Amhara"	"East_Gojjam"	"Gozamin"	"Yenebirna"	67	832	"Teff"	"Footslope"	1.0	33	3	13	1	4	2.1	30.0	0.0	0.25	0.0625	1.0	0.0	0.0	0.0	0.0	1.0	1	1	0	0	84.0	34.0	7056.0	2856.0	84.0	0.0	0.0	28.7	35982	19.5	14.0	263	5.81	32.4	25.49	36.9	982.73926	1.8030162	6.8903437			44.0		24.95	114.67	53.46	46.65	0.47		1200.0
"Amhara"	"East_Gojjam"	"Gozamin"	"Yenebirna"	67	794	"Teff"	"Midslope"	1.0	60	0	30	0	5	2.8	30.0	0.0	0.5	0.25	1.0	0.0	0.0	0.0	0.0	0.0	1	1	0	1	84.0	34.0	7056.0	2856.0	0.0	84.0	0.0	28.9	43006	20.1	13.8	252	5.78	31.4	25.53	37.6	982.73926	1.8030162	6.8903437			42.0		30.0	114.67	53.46	46.65	0.47		1200.0
"Amhara"	"East_Gojjam"	"Gozamin"	"Yenebirna"	67	861	"Teff"	"Midslope"	1.0	36	0	22	1	5	2.4	30.0	0.0	0.25	0.0625	1.0	0.0	0.0	0.0	0.0	0.0	0	0	0	1	57.46	51.0	3301.6516	2930.46	0.0	57.46	0.0	28.1	41834	19.5	13.5	242	5.78	30.7	26.09	37.0	982.73926	1.8030162	6.8903437			44.0		75.0	114.67	53.46	46.65	0.47		10.4
"Amhara"	"East_Gojjam"	"Gozamin"	"Yenebirna"	67	831	"Teff"	"Footslope"	1.0	26	0	5	1	3	1.8	30.0	0.0	0.25	0.0625	1.0	1.0	0.0	0.0	0.0	1.0	1	1	0	1	122.0	68.0	14884.0	8296.0	122.0	0.0	0.0	27.6	41635	19.4	14.1	255	5.76	31.1	25.92	36.9	982.73926	1.8030162	6.8903437			39.5		39.4	114.67	53.46	46.65	0.47		1000.0
"Amhara"	"East_Gojjam"	"Gozamin"	"Yenebirna"	67	798	"Teff"	"Footslope"	1.0	76	0	51	0	5	2.8	30.0	0.0	0.25	0.0625	1.0	0.0	0.0	0.0	0.0	0.0	1	1	0	1	260.0	68.0	67600.0	17680.0	260.0	0.0	0.0	27.6	41635	19.4	14.1	255	5.76	31.1	25.92	36.9	982.73926	1.8030162	6.8903437			44.0		44.0	114.67	53.46	46.65	0.47		2000.0
"Amhara"	"East_Gojjam"	"Gozamin"	"Yenebirna"	67	863	"Wheat"	"Footslope"	1.0	53	0	39	1	10	5.1	30.0	1.0	0.125	0.015625	1.0	0.0	0.0	0.0	1.0	0.0	0	0	0	0	207.2	136.0	42931.84	28179.2	207.2	0.0	0.0	28.1	41834	19.5	13.5	242	5.78	30.7	26.09	37.0	982.73926	1.8030162	6.8903437			43.8		44.0	114.67	53.46	46.65		0.41	5200.0
"Southern_Nations,_Nationalities_and_Peoples"	"Hadiya"	"Anlemo"	"Ento"	68	67	"Teff"	"Midslope"	1.0	47	5	30	1	10	4.5	60.0	1.0	0.5	0.25	1.0	0.0	0.0	1.0	0.0	0.0	1	1	0	1	149.0	51.0	22201.0	7599.0	0.0	149.0	0.0	20.6	37008	19.3	10.4	236	5.91	38.5	27.67	35.4	678.2572	2.211503	6.5195265			20.0		25.0	122.76	54.66	47.98	0.45		300.0
"Southern_Nations,_Nationalities_and_Peoples"	"Hadiya"	"Anlemo"	"Ento"	68	65	"Wheat"	"Midslope"	1.0	75	0	50	1	8	3.9	60.0	1.0	0.5	0.25	1.0	0.0	1.0	1.0	1.0	0.0	1	1	0	0	130.0	34.0	16900.0	4420.0	0.0	130.0	0.0	20.6	37008	19.3	10.4	236	5.91	38.5	27.67	35.4	678.2572	2.211503	6.5195265			12.0		28.0	122.76	54.66	47.98		0.39	1000.0
"Southern_Nations,_Nationalities_and_Peoples"	"Hadiya"	"Anlemo"	"Ento"	68	83	"Teff"	"Footslope"	1.0	40	0	15	1	9	3.8	60.0	1.0	1.0	1.0	1.0	0.0	0.0	1.0	0.0	0.0	1	1	0	1	32.5	8.5	1056.25	276.25	32.5	0.0	0.0	20.6	37008	19.3	10.4	236	5.91	38.5	27.67	35.4	678.2572	2.211503	6.5195265			44.0		44.0	122.76	54.66	47.98	0.45		300.0
"Southern_Nations,_Nationalities_and_Peoples"	"Hadiya"	"Anlemo"	"Ento"	68	66	"Teff"	"Midslope"	1.0	40	2	5	1	5	2.6	60.0	1.0	0.5	0.25	1.0	0.0	0.0	1.0	0.0	0.0	1	1	0	0	84.0	34.0	7056.0	2856.0	0.0	84.0	0.0	20.6	37008	19.3	10.4	236	5.91	38.5	27.67	35.4	678.2572	2.211503	6.5195265			38.0		26.0	122.76	54.66	47.98	0.45		300.0
"Southern_Nations,_Nationalities_and_Peoples"	"Hadiya"	"Anlemo"	"Ento"	68	46	"Teff"	"Midslope"	1.0	40	8	6	1	10	4.7	60.0	1.0	0.25	0.0625	1.0	0.0	0.0	1.0	0.0	0.0	1	0	0	0	84.0	34.0	7056.0	2856.0	0.0	84.0	0.0	20.6	37008	19.3	10.4	236	5.91	38.5	27.67	35.4	678.2572	2.211503	6.5195265			38.0		36.0	122.76	54.66	47.98	0.45		800.0
"Southern_Nations,_Nationalities_and_Peoples"	"Hadiya"	"Anlemo"	"Ento"	68	45	"Teff"	"Footslope"	1.0	52	5	25	1	6	2.9	60.0	1.0	0.75	0.5625	1.0	0.0	1.0	1.0	0.0	0.0	1	0	0	0	86.666664	22.666666	7511.111	1964.4443	86.666664	0.0	0.0	20.6	37008	19.3	10.4	236	5.91	38.5	27.67	35.4	678.2572	2.211503	6.5195265			40.0		40.0	122.76	54.66	47.98	0.45		533.3333
"Southern_Nations,_Nationalities_and_Peoples"	"Hadiya"	"Anlemo"	"Ento"	68	83	"Wheat"	"Midslope"	1.0	40	0	15	1	9	3.8	60.0	1.0	0.375	0.140625	1.0	0.0	0.0	1.0	0.0	0.0	1	1	0	1	74.0	11.333333	5476.0	838.6666	0.0	74.0	0.0	20.6	37008	19.3	10.4	236	5.91	38.5	27.67	35.4	678.2572	2.211503	6.5195265			4.0		44.0	122.76	54.66	47.98		0.39	1066.6666
"Southern_Nations,_Nationalities_and_Peoples"	"Hadiya"	"Anlemo"	"Ento"	68	36	"Teff"	"Footslope"	1.0	40	2	20	1	9	4.2	60.0	0.0	0.5	0.25	1.0	0.0	1.0	1.0	0.0	1.0	1	1	0	0	65.0	17.0	4225.0	1105.0	65.0	0.0	0.0	20.6	37008	19.3	10.4	236	5.91	38.5	27.67	35.4	678.2572	2.211503	6.5195265			38.0		38.0	122.76	54.66	47.98	0.45		500.0
"Southern_Nations,_Nationalities_and_Peoples"	"Hadiya"	"Anlemo"	"Ento"	68	37	"Teff"	"Footslope"	0.0	36	1	18	1	9	4.0	60.0	1.0	0.75	0.5625	1.0	0.0	1.0	0.0	0.0	0.0	1	1	0	0	43.333332	11.333333	1877.7777	491.11108	43.333332	0.0	0.0	20.6	37008	19.3	10.4	236	5.91	38.5	27.67	35.4	678.2572	2.211503	6.5195265			41.0		41.0	122.76	54.66	47.98	0.45		533.3333
"Southern_Nations,_Nationalities_and_Peoples"	"Hadiya"	"Anlemo"	"Ento"	68	38	"Teff"	"Footslope"	1.0	55	1	40	1	4	2.3	60.0	1.0	0.25	0.0625	1.0	0.0	0.0	0.0	0.0	0.0	1	1	0	0	111.0	17.0	12321.0	1887.0	111.0	0.0	0.0	20.6	37008	19.3	10.4	236	5.91	38.5	27.67	35.4	678.2572	2.211503	6.5195265			40.0		40.0	122.76	54.66	47.98	0.45		800.0
"Southern_Nations,_Nationalities_and_Peoples"	"Hadiya"	"Anlemo"	"Ento"	68	116	"Teff"	"Footslope"	1.0	60	0	30	1	9	4.6	60.0	1.0	0.75	0.5625	1.0	0.0	0.0	1.0	0.0	0.0	0	1	0	0	43.333332	11.333333	1877.7777	491.11108	43.333332	0.0	0.0	20.6	37008	19.3	10.4	236	5.91	38.5	27.67	35.4	678.2572	2.211503	6.5195265			60.0		40.0	122.76	54.66	47.98	0.45		666.6667
"Amhara"	"East_Gojjam"	"Gozamin"	"Chimboard"	69	964	"Wheat"	"Midslope"	1.0	38	0	24	1	5	2.4	25.0	1.0	0.375	0.140625	1.0	0.0	0.0	1.0	1.0	0.0	1	0	0	1	198.66667	68.0	39468.445	13509.334	0.0	198.66667	0.0	25.7	33193	19.1	11.4	238	5.78	34.4	26.13	37.2	971.4534	1.833278	6.8787932			34.0		34.0	114.67	53.46	46.65		0.41	4266.6665
"Amhara"	"East_Gojjam"	"Gozamin"	"Chimboard"	69	955	"Teff"	"Midslope"	1.0	44	0	30	1	9	4.2	25.0	0.0	0.125	0.015625	1.0	0.0	1.0	0.0	0.0	1.0	0	1	0	0	152.0	136.0	23104.0	20672.0	0.0	152.0	0.0	26.9	38893	19.5	12.6	254	5.76	33.6	26.4	37.5	989.81085	1.800262	6.897514			32.8			114.67	53.46	46.65	0.47		1600.0
"Amhara"	"East_Gojjam"	"Gozamin"	"Chimboard"	69	955	"Wheat"	"Footslope"	1.0	44	0	30	1	9	4.2	25.0	0.0	0.5	0.25	1.0	0.0	1.0	1.0	1.0	1.0	1	1	0	1	149.0	51.0	22201.0	7599.0	149.0	0.0	0.0	26.9	38893	19.5	12.6	254	5.76	33.6	26.4	37.5	989.81085	1.800262	6.897514			21.0		24.95	114.67	53.46	46.65		0.41	1400.0
"Amhara"	"East_Gojjam"	"Gozamin"	"Chimboard"	69	963	"Teff"	"Footslope"	1.0	48	0	34	1	4	2.3	25.0	1.0	0.25	0.0625	1.0	0.0	0.0	0.0	0.0	0.0	1	0	0	1	122.0	68.0	14884.0	8296.0	122.0	0.0	0.0	26.9	38893	19.5	12.6	254	5.76	33.6	26.4	37.5	989.81085	1.800262	6.897514			32.0		30.0	114.67	53.46	46.65	0.47		19.2
"Amhara"	"East_Gojjam"	"Gozamin"	"Chimboard"	69	957	"Teff"	"Footslope"	1.0	23	3	9	1	5	2.8	25.0	0.0	0.25	0.0625	1.0	1.0	1.0	0.0	0.0	1.0	0	0	0	1	38.0	34.0	1444.0	1292.0	38.0	0.0	0.0	26.6	25864	18.7	12.5	254	5.83	33.1	26.05	35.8	971.4534	1.833278	6.8787932			32.0			114.67	53.46	46.65	0.47		1600.0
"Amhara"	"East_Gojjam"	"Gozamin"	"Chimboard"	69	961	"Wheat"	"Midslope"	1.0	55	0	41	1	10	4.9	25.0	1.0	0.375	0.140625	1.0	0.0	0.0	0.0	1.0	0.0	0	0	0	1	112.0	45.333332	12544.0	5077.333	0.0	112.0	0.0	25.7	38310	18.8	12.7	223	5.82	35.7	27.97	36.6	989.81085	1.800262	6.897514			38.0		36.0	114.67	53.46	46.65		0.41	16.0
"Amhara"	"East_Gojjam"	"Gozamin"	"Chimboard"	69	958	"Wheat"	"Hillslope"	1.0	41	0	27	1	8	3.7	25.0	0.0	0.25	0.0625	1.0	0.0	1.0	0.0	1.0	1.0	1	0	0	1	84.0	34.0	7056.0	2856.0	0.0	0.0	84.0	25.7	38310	18.8	12.7	223	5.82	35.7	27.97	36.6	989.81085	1.800262	6.897514			32.0		32.0	114.67	53.46	46.65		0.41	2400.0
"Amhara"	"East_Gojjam"	"Gozamin"	"Chimboard"	69	956	"Teff"	"Midslope"	1.0	52	16	38	1	7	3.2	25.0	1.0	0.25	0.0625	1.0	0.0	1.0	0.0	0.0	1.0	1	1	0	0	168.0	68.0	28224.0	11424.0	0.0	168.0	0.0	25.4	31678	18.9	11.7	235	5.78	33.8	26.76	37.2	971.4534	1.833278	6.8787932			40.88		24.95	114.67	53.46	46.65	0.47		1200.0
"Amhara"	"East_Gojjam"	"Gozamin"	"Chimboard"	69	958	"Wheat"	"Hillslope"	1.0	41	0	27	1	8	3.7	25.0	1.0	0.375	0.140625	1.0	0.0	1.0	0.0	1.0	1.0	0	0	0	0	86.666664	22.666666	7511.111	1964.4443	0.0	0.0	86.666664	25.7	38310	18.8	12.7	223	5.82	35.7	27.97	36.6	989.81085	1.800262	6.897514			32.0		32.0	114.67	53.46	46.65		0.41	4533.3335
"Amhara"	"East_Gojjam"	"Gozamin"	"Chimboard"	69	919	"Teff"	"Midslope"	1.0	37	16	26	1	7	3.4	25.0	1.0	0.25	0.0625	1.0	0.0	0.0	0.0	0.0	1.0	1	0	0	0	84.0	34.0	7056.0	2856.0	0.0	84.0	0.0	26.9	38893	19.5	12.6	254	5.76	33.6	26.4	37.5	989.81085	1.800262	6.897514			40.0		40.0	114.67	53.46	46.65	0.47		1200.0
"Amhara"	"East_Gojjam"	"Gozamin"	"Chimboard"	69	959	"Wheat"	"Midslope"	1.0	45	0	31	1	7	3.2	25.0	1.0	0.25	0.0625	1.0	0.0	0.0	0.0	1.0	1.0	1	1	0	0	394.96	153.0	155993.39	80571.836	0.0	394.96	0.0	26.9	38893	19.5	12.6	254	5.76	33.6	26.4	37.5	989.81085	1.800262	6.897514			22.45		24.95	114.67	53.46	46.65		0.41	4000.0
"Amhara"	"East_Gojjam"	"Gozamin"	"Chimboard"	69	956	"Wheat"	"Midslope"	1.0	52	16	38	1	7	3.2	25.0	1.0	1.0	1.0	1.0	0.0	1.0	1.0	1.0	1.0	0	1	0	1	271.0	119.0	73441.0	32249.0	0.0	271.0	0.0	25.4	31678	18.9	11.7	235	5.78	33.8	26.76	37.2	971.4534	1.833278	6.8787932			40.0		40.0	114.67	53.46	46.65		0.41	4600.0
"Amhara"	"East_Gojjam"	"Gozamin"	"Chimboard"	69	956	"Wheat"	"Midslope"	1.0	52	16	38	1	7	3.2	25.0	1.0	0.5	0.25	1.0	0.0	1.0	1.0	1.0	1.0	0	1	0	1	252.0	102.0	63504.0	25704.0	0.0	252.0	0.0	25.4	31678	18.9	11.7	235	5.78	33.8	26.76	37.2	971.4534	1.833278	6.8787932			40.0		40.0	114.67	53.46	46.65		0.41	4400.0
"Amhara"	"East_Gojjam"	"Gozamin"	"Chimboard"	69	961	"Teff"	"Footslope"	1.0	55	0	41	1	10	4.9	25.0	1.0	0.25	0.0625	1.0	0.0	0.0	0.0	0.0	0.0	0	0	0	1	88.9	42.5	7903.2104	3778.25	88.9	0.0	0.0	25.7	38310	18.8	12.7	223	5.82	35.7	27.97	36.6	989.81085	1.800262	6.897514			38.0		36.0	114.67	53.46	46.65	0.47		2160.0
"Amhara"	"East_Gojjam"	"Gozamin"	"Chimboard"	69	961	"Teff"	"Footslope"	1.0	55	0	41	1	10	4.9	25.0	1.0	0.25	0.0625	1.0	0.0	0.0	0.0	0.0	0.0	0	0	0	1	51.5	25.5	2652.25	1313.25	51.5	0.0	0.0	25.7	38310	18.8	12.7	223	5.82	35.7	27.97	36.6	989.81085	1.800262	6.897514			38.0		38.0	114.67	53.46	46.65	0.47		1200.0
"Amhara"	"East_Gojjam"	"Gozamin"	"Chimboard"	69	964	"Teff"	"Footslope"	1.0	38	0	24	1	5	2.4	25.0	1.0	0.25	0.0625	1.0	0.0	0.0	0.0	0.0	0.0	0	0	0	1	168.0	68.0	28224.0	11424.0	168.0	0.0	0.0	25.7	33193	19.1	11.4	238	5.78	34.4	26.13	37.2	971.4534	1.833278	6.8787932			36.0		34.0	114.67	53.46	46.65	0.47		1200.0
"Amhara"	"East_Gojjam"	"Gozamin"	"Chimboard"	69	919	"Wheat"	"Hillslope"	1.0	37	16	26	1	7	3.4	25.0	0.0	0.5	0.25	1.0	0.0	1.0	0.0	1.0	1.0	1	1	0	1	103.0	51.0	10609.0	5253.0	0.0	0.0	103.0	26.9	38893	19.5	12.6	254	5.76	33.6	26.4	37.5	989.81085	1.800262	6.897514			40.0		40.0	114.67	53.46	46.65		0.41	4800.0
"Amhara"	"East_Gojjam"	"Gozamin"	"Chimboard"	69	963	"Wheat"	"Footslope"	1.0	48	0	34	1	4	2.3	25.0	1.0	0.5	0.25	1.0	1.0	0.0	0.0	0.0	0.0	0	0	0	1	222.0	34.0	49284.0	7548.0	222.0	0.0	0.0	26.9	38893	19.5	12.6	254	5.76	33.6	26.4	37.5	989.81085	1.800262	6.897514			32.0		24.95	114.67	53.46	46.65		0.41	40.0
"Amhara"	"East_Gojjam"	"Gozamin"	"Chimboard"	69	919	"Wheat"	"Hillslope"	1.0	37	16	26	1	7	3.4	25.0	1.0	0.25	0.0625	1.0	0.0	1.0	1.0	1.0	1.0	0	0	0	0	122.0	68.0	14884.0	8296.0	0.0	0.0	122.0	26.9	38893	19.5	12.6	254	5.76	33.6	26.4	37.5	989.81085	1.800262	6.897514			40.0		40.0	114.67	53.46	46.65		0.41	4400.0
"Amhara"	"East_Gojjam"	"Gozamin"	"Chimboard"	69	960	"Wheat"	"Footslope"	0.0	38	0	24	1	2	1.3	25.0	0.0	0.25	0.0625	1.0	0.0	0.0	0.0	1.0	1.0	1	0	0	1	38.46	34.0	1479.1715	1307.64	38.46	0.0	0.0	25.7	33193	19.1	11.4	238	5.78	34.4	26.13	37.2	971.4534	1.833278	6.8787932			38.0		75.0	114.67	53.46	46.65		0.41	40.0
"Amhara"	"East_Gojjam"	"Gozamin"	"Chimboard"	69	959	"Wheat"	"Midslope"	1.0	45	0	31	1	7	3.2	25.0	1.0	0.25	0.0625	1.0	0.0	1.0	0.0	1.0	0.0	0	1	0	0	394.96	153.0	155993.39	80571.836	0.0	394.96	0.0	26.9	38893	19.5	12.6	254	5.76	33.6	26.4	37.5	989.81085	1.800262	6.897514			22.45		29.373333	114.67	53.46	46.65		0.41	4800.0
"Amhara"	"East_Gojjam"	"Gozamin"	"Chimboard"	69	958	"Wheat"	"Midslope"	1.0	41	0	27	1	8	3.7	25.0	1.0	0.375	0.140625	1.0	0.0	1.0	0.0	1.0	1.0	1	1	0	1	137.33333	68.0	18860.443	9338.666	0.0	137.33333	0.0	25.7	38310	18.8	12.7	223	5.82	35.7	27.97	36.6	989.81085	1.800262	6.897514			32.0		32.0	114.67	53.46	46.65		0.41	4266.6665
"Amhara"	"East_Gojjam"	"Gozamin"	"Chimboard"	69	955	"Wheat"	"Midslope"	1.0	44	0	30	1	9	4.2	25.0	0.0	0.5	0.25	1.0	0.0	1.0	1.0	1.0	1.0	1	1	0	0	149.0	51.0	22201.0	7599.0	0.0	149.0	0.0	26.9	38893	19.5	12.6	254	5.76	33.6	26.4	37.5	989.81085	1.800262	6.897514			20.44		24.95	114.67	53.46	46.65		0.41	1500.0
"Amhara"	"East_Gojjam"	"Gozamin"	"Chimboard"	69	964	"Wheat"	"Midslope"	1.0	38	0	24	1	5	2.4	25.0	1.0	0.5	0.25	1.0	0.0	0.0	0.0	1.0	0.0	0	0	0	0	167.4	51.0	28022.758	8537.399	0.0	167.4	0.0	25.7	33193	19.1	11.4	238	5.78	34.4	26.13	37.2	971.4534	1.833278	6.8787932			38.0		34.0	114.67	53.46	46.65		0.41	4000.0
"Amhara"	"East_Gojjam"	"Gozamin"	"Chimboard"	69	961	"Wheat"	"Hillslope"	1.0	55	0	41	1	10	4.9	25.0	1.0	0.25	0.0625	1.0	0.0	0.0	0.0	1.0	0.0	1	0	0	1	168.0	68.0	28224.0	11424.0	0.0	0.0	168.0	25.7	38310	18.8	12.7	223	5.82	35.7	27.97	36.6	989.81085	1.800262	6.897514			38.0		36.0	114.67	53.46	46.65		0.41	64.0
"Amhara"	"East_Gojjam"	"Gozamin"	"Chimboard"	69	958	"Wheat"	"Midslope"	1.0	41	0	27	1	8	3.7	25.0	0.0	0.25	0.0625	1.0	0.0	1.0	0.0	1.0	1.0	1	1	0	0	298.0	102.0	88804.0	30396.0	0.0	298.0	0.0	25.7	38310	18.8	12.7	223	5.82	35.7	27.97	36.6	989.81085	1.800262	6.897514			32.0		32.0	114.67	53.46	46.65		0.41	3200.0
"Amhara"	"East_Gojjam"	"Gozamin"	"Chimboard"	69	958	"Wheat"	"Midslope"	1.0	41	0	27	1	8	3.7	25.0	0.0	0.25	0.0625	1.0	0.0	1.0	0.0	1.0	1.0	1	1	0	0	298.0	102.0	88804.0	30396.0	0.0	298.0	0.0	25.7	38310	18.8	12.7	223	5.82	35.7	27.97	36.6	989.81085	1.800262	6.897514			32.0		32.0	114.67	53.46	46.65		0.41	2400.0
"Amhara"	"East_Gojjam"	"Gozamin"	"Chimboard"	69	959	"Teff"	"Midslope"	1.0	45	0	31	1	7	3.2	25.0	1.0	0.25	0.0625	1.0	0.0	1.0	0.0	0.0	0.0	0	1	0	0	122.0	68.0	14884.0	8296.0	0.0	122.0	0.0	26.9	38893	19.5	12.6	254	5.76	33.6	26.4	37.5	989.81085	1.800262	6.897514			24.45		45.0	114.67	53.46	46.65	0.47		1000.0
"Amhara"	"East_Gojjam"	"Gozamin"	"Chimboard"	69	957	"Wheat"	"Midslope"	1.0	23	3	9	1	5	2.8	25.0	0.0	0.5	0.25	1.0	0.0	1.0	0.0	1.0	1.0	1	1	0	1	80.0	51.0	6400.0	4080.0	0.0	80.0	0.0	26.6	25864	18.7	12.5	254	5.83	33.1	26.05	35.8	971.4534	1.833278	6.8787932			32.0		32.0	114.67	53.46	46.65		0.41	3000.0
"Amhara"	"East_Gojjam"	"Gozamin"	"Chimboard"	69	959	"Wheat"	"Midslope"	1.0	45	0	31	1	7	3.2	25.0	1.0	0.25	0.0625	1.0	0.0	1.0	1.0	1.0	0.0	1	1	0	1	394.96	153.0	155993.39	80571.836	0.0	394.96	0.0	26.9	38893	19.5	12.6	254	5.76	33.6	26.4	37.5	989.81085	1.800262	6.897514			22.45		24.95	114.67	53.46	46.65		0.41	4000.0
"Amhara"	"East_Gojjam"	"Gozamin"	"Chimboard"	69	958	"Teff"	"Midslope"	1.0	41	0	27	1	8	3.7	25.0	0.0	0.25	0.0625	1.0	0.0	1.0	0.0	0.0	1.0	1	1	0	0	244.0	136.0	59536.0	33184.0	0.0	244.0	0.0	25.7	38310	18.8	12.7	223	5.82	35.7	27.97	36.6	989.81085	1.800262	6.897514			31.0		32.0	114.67	53.46	46.65	0.47		1600.0
"Amhara"	"East_Gojjam"	"Gozamin"	"Chimboard"	69	959	"Teff"	"Hillslope"	1.0	45	0	31	1	7	3.2	25.0	1.0	0.25	0.0625	1.0	0.0	0.0	0.0	0.0	1.0	1	1	0	1	122.0	68.0	14884.0	8296.0	0.0	0.0	122.0	26.9	38893	19.5	12.6	254	5.76	33.6	26.4	37.5	989.81085	1.800262	6.897514			24.45		27.6	114.67	53.46	46.65	0.47		1600.0
"Amhara"	"East_Gojjam"	"Gozamin"	"Chimboard"	69	957	"Wheat"	"Midslope"	1.0	23	3	9	1	5	2.8	25.0	0.0	0.25	0.0625	1.0	0.0	0.0	1.0	1.0	1.0	1	1	0	0	206.0	102.0	42436.0	21012.0	0.0	206.0	0.0	26.6	25864	18.7	12.5	254	5.83	33.1	26.05	35.8	971.4534	1.833278	6.8787932			32.0		32.0	114.67	53.46	46.65		0.41	3200.0
"Amhara"	"North_Gonder"	"West_Belesa"	"Dikuana"	70	728	"Teff"	"Footslope"	1.0	28	9	8	1	3	1.8	60.0	0.0	0.25	0.0625	1.0	0.0	0.0	0.0	0.0	1.0	0	1	1	1	36.3	11.9	1317.69	431.96997	36.3	0.0	0.0	14.1	1482	10.6	12.4	233	7.01	35.2	25.63	36.9	918.14777	1.1200904	6.822358		50.0			50.0	114.67	53.46	46.65	0.47		800.0
"Amhara"	"North_Gonder"	"West_Belesa"	"Dikuana"	70	717	"Sorghum"	"Midslope"	1.0	27	7	12	1	3	1.8	60.0	0.0	0.5	0.25	1.0	0.0	0.0	0.0	0.0	1.0	0	1	0	1	3.8	3.4	14.44	12.92	0.0	3.8	0.0	14.8	1292	10.7	13.1	233	7.02	34.4	26.52	38.0	918.14777	1.1200904	6.822358		50.0				114.67	53.46	46.65			1600.0
"Amhara"	"North_Gonder"	"West_Belesa"	"Dikuana"	70	698	"Sorghum"	"Midslope"	1.0	43	0	29	1	3	1.8	60.0	1.0	0.25	0.0625	1.0	0.0	0.0	0.0	0.0	0.0	0	0	0	1	19.0	17.0	361.0	323.0	0.0	19.0	0.0	14.1	1482	10.6	12.4	233	7.01	35.2	25.63	36.9	918.14777	1.1200904	6.822358		32.0				114.67	53.46	46.65			1600.0
"Amhara"	"North_Gonder"	"West_Belesa"	"Dikuana"	70	719	"Sorghum"	"Footslope"	1.0	40	6	20	1	8	3.7	60.0	0.0	0.75	0.5625	1.0	0.0	0.0	0.0	0.0	1.0	0	1	0	1	12.666667	11.333333	160.44446	143.55556	12.666667	0.0	0.0	14.1	1482	10.6	12.4	233	7.01	35.2	25.63	36.9	918.14777	1.1200904	6.822358		50.0				114.67	53.46	46.65			2800.0
"Amhara"	"North_Gonder"	"West_Belesa"	"Dikuana"	70	698	"Teff"	"Footslope"	1.0	43	0	29	1	3	1.8	60.0	0.0	0.5	0.25	1.0	0.0	1.0	0.0	0.0	1.0	0	0	1	1	3.8	3.4	14.44	12.92	3.8	0.0	0.0	14.1	1482	10.6	12.4	233	7.01	35.2	25.63	36.9	918.14777	1.1200904	6.822358		32.0				114.67	53.46	46.65	0.47		800.0
"Amhara"	"North_Gonder"	"West_Belesa"	"Dikuana"	70	704	"Teff"	"Midslope"	1.0	32	6	20	1	5	2.4	60.0	1.0	0.25	0.0625	1.0	0.0	0.0	0.0	0.0	1.0	0	0	0	1	65.0	17.0	4225.0	1105.0	0.0	65.0	0.0	14.1	1482	10.6	12.4	233	7.01	35.2	25.63	36.9	918.14777	1.1200904	6.822358		50.0			50.0	114.67	53.46	46.65	0.47		1400.0
"Amhara"	"North_Gonder"	"West_Belesa"	"Dikuana"	70	719	"Teff"	"Midslope"	1.0	40	6	20	1	8	3.7	60.0	1.0	0.5	0.25	1.0	0.0	0.0	1.0	0.0	1.0	0	1	1	1	19.0	17.0	361.0	323.0	0.0	19.0	0.0	14.1	1482	10.6	12.4	233	7.01	35.2	25.63	36.9	918.14777	1.1200904	6.822358		50.0				114.67	53.46	46.65	0.47		800.0
"Amhara"	"North_Gonder"	"West_Belesa"	"Dikuana"	70	720	"Sorghum"	"Midslope"	0.0	40	0	40	1	7	3.6	60.0	1.0	0.25	0.0625	1.0	0.0	0.0	0.0	0.0	1.0	0	1	0	1	44.2	11.56	1953.64	510.95203	0.0	44.2	0.0	14.1	1482	10.6	12.4	233	7.01	35.2	25.63	36.9	918.14777	1.1200904	6.822358		49.058823			49.058823	114.67	53.46	46.65			2000.0
"Amhara"	"North_Gonder"	"West_Belesa"	"Dikuana"	70	734	"Teff"	"Footslope"	1.0	32	3	12	1	5	2.4	60.0	1.0	0.25	0.0625	1.0	0.0	0.0	0.0	0.0	1.0	0	0	0	1	13.0	3.4	169.0	44.2	13.0	0.0	0.0	14.1	1482	10.6	12.4	233	7.01	35.2	25.63	36.9	918.14777	1.1200904	6.822358		50.0			50.0	114.67	53.46	46.65	0.47		1200.0
"Amhara"	"North_Gonder"	"West_Belesa"	"Dikuana"	70	727	"Sorghum"	"Footslope"	1.0	31	7	12	1	5	2.4	60.0	1.0	0.5	0.25	1.0	0.0	0.0	0.0	0.0	0.0	0	1	1	1	5.7	5.1	32.489998	29.069998	5.7	0.0	0.0	14.1	1482	10.6	12.4	233	7.01	35.2	25.63	36.9	918.14777	1.1200904	6.822358		30.0				114.67	53.46	46.65			2000.0
"Amhara"	"North_Gonder"	"West_Belesa"	"Dikuana"	70	717	"Teff"	"Footslope"	1.0	27	7	12	1	3	1.8	60.0	0.0	0.25	0.0625	1.0	0.0	1.0	0.0	0.0	1.0	0	1	0	1	24.6	8.84	605.16003	217.464	24.6	0.0	0.0	14.8	1292	10.7	13.1	233	7.02	34.4	26.52	38.0	918.14777	1.1200904	6.822358		50.0			50.0	114.67	53.46	46.65	0.47		8.0
"Amhara"	"North_Gonder"	"West_Belesa"	"Dikuana"	70	728	"Sorghum"	"Hillslope"	1.0	28	9	8	1	3	1.8	60.0	0.0	0.5	0.25	0.0	0.0	1.0	0.0	0.0	1.0	0	1	0	1	0.0	0.0	0.0	0.0	0.0	0.0	0.0	14.1	1482	10.6	12.4	233	7.01	35.2	25.63	36.9	918.14777	1.1200904	6.822358						114.67	53.46	46.65			2400.0
"Amhara"	"North_Gonder"	"West_Belesa"	"Dikuana"	70	703	"Sorghum"	"Midslope"	1.0	40	4	26	1	6	3.1	60.0	1.0	0.75	0.5625	1.0	0.0	0.0	0.0	0.0	0.0	0	0	0	1	21.666666	5.6666665	469.44443	122.77777	0.0	21.666666	0.0	14.1	1482	10.6	12.4	233	7.01	35.2	25.63	36.9	918.14777	1.1200904	6.822358		50.0			50.0	114.67	53.46	46.65			13.333333
"Amhara"	"North_Gonder"	"West_Belesa"	"Dikuana"	70	700	"Teff"	"Footslope"	1.0	72	0	57	1	3	2.0	60.0	1.0	0.25	0.0625	1.0	0.0	0.0	0.0	0.0	0.0	0	0	1	1	9.5	8.5	90.25	80.75	9.5	0.0	0.0	14.9	899	9.4	12.7	240	7.09	31.5	27.66	40.5	918.14777	1.1200904	6.822358		36.0				114.67	53.46	46.65	0.47		1000.0
"Amhara"	"North_Gonder"	"West_Belesa"	"Dikuana"	70	720	"Sorghum"	"Footslope"	0.0	40	0	40	1	7	3.6	60.0	0.0	0.25	0.0625	1.0	0.0	0.0	0.0	0.0	1.0	0	1	0	1	44.2	11.56	1953.64	510.95203	44.2	0.0	0.0	14.1	1482	10.6	12.4	233	7.01	35.2	25.63	36.9	918.14777	1.1200904	6.822358		49.058823			49.058823	114.67	53.46	46.65			1600.0
"Amhara"	"North_Gonder"	"West_Belesa"	"Dikuana"	70	700	"Sorghum"	"Footslope"	1.0	72	0	57	1	3	2.0	60.0	1.0	0.25	0.0625	1.0	0.0	1.0	0.0	0.0	0.0	0	0	0	1	4.56	4.08	20.7936	18.6048	4.56	0.0	0.0	14.9	899	9.4	12.7	240	7.09	31.5	27.66	40.5	918.14777	1.1200904	6.822358		37.5				114.67	53.46	46.65			1200.0
"Amhara"	"North_Gonder"	"West_Belesa"	"Dikuana"	70	728	"Sorghum"	"Footslope"	1.0	28	9	8	1	3	1.8	60.0	1.0	0.25	0.0625	0.0	0.0	0.0	0.0	0.0	1.0	0	1	0	1	0.0	0.0	0.0	0.0	0.0	0.0	0.0	14.1	1482	10.6	12.4	233	7.01	35.2	25.63	36.9	918.14777	1.1200904	6.822358						114.67	53.46	46.65			4400.0
"Amhara"	"North_Gonder"	"West_Belesa"	"Dikuana"	70	728	"Teff"	"Footslope"	1.0	28	9	8	1	3	1.8	60.0	0.0	0.25	0.0625	1.0	0.0	1.0	0.0	0.0	1.0	0	1	1	1	36.3	11.9	1317.69	431.96997	36.3	0.0	0.0	14.1	1482	10.6	12.4	233	7.01	35.2	25.63	36.9	918.14777	1.1200904	6.822358		50.0			50.0	114.67	53.46	46.65	0.47		3600.0
"Amhara"	"North_Gonder"	"West_Belesa"	"Dikuana"	70	727	"Teff"	"Midslope"	1.0	31	7	12	1	5	2.4	60.0	1.0	0.125	0.015625	0.0	1.0	0.0	0.0	0.0	0.0	0	1	0	1	0.0	0.0	0.0	0.0	0.0	0.0	0.0	14.1	1482	10.6	12.4	233	7.01	35.2	25.63	36.9	918.14777	1.1200904	6.822358						114.67	53.46	46.65	0.47		640.0
"Amhara"	"North_Gonder"	"West_Belesa"	"Dikuana"	70	734	"Sorghum"	"Midslope"	1.0	32	3	12	1	5	2.4	60.0	0.0	0.25	0.0625	0.0	0.0	0.0	0.0	0.0	1.0	0	0	0	1	0.0	0.0	0.0	0.0	0.0	0.0	0.0	14.1	1482	10.6	12.4	233	7.01	35.2	25.63	36.9	918.14777	1.1200904	6.822358						114.67	53.46	46.65			800.0
"Amhara"	"North_Gonder"	"West_Belesa"	"Dikuana"	70	704	"Sorghum"	"Footslope"	1.0	32	6	20	1	5	2.4	60.0	1.0	0.375	0.140625	1.0	0.0	0.0	0.0	0.0	1.0	0	0	0	1	12.666667	11.333333	160.44446	143.55556	12.666667	0.0	0.0	14.1	1482	10.6	12.4	233	7.01	35.2	25.63	36.9	918.14777	1.1200904	6.822358		50.0				114.67	53.46	46.65			3200.0
"Amhara"	"North_Gonder"	"West_Belesa"	"Dikuana"	70	703	"Teff"	"Midslope"	1.0	40	4	26	1	6	3.1	60.0	1.0	0.5	0.25	1.0	0.0	0.0	0.0	0.0	0.0	0	0	0	1	32.5	8.5	1056.25	276.25	0.0	32.5	0.0	14.1	1482	10.6	12.4	233	7.01	35.2	25.63	36.9	918.14777	1.1200904	6.822358		50.0			50.0	114.67	53.46	46.65	0.47		700.0
"Amhara"	"North_Gonder"	"West_Belesa"	"Dikuana"	70	698	"Sorghum"	"Midslope"	1.0	43	0	29	1	3	1.8	60.0	1.0	0.12	0.0144	1.0	0.0	0.0	0.0	0.0	1.0	0	0	0	1	15.833333	14.166667	250.69443	224.30556	0.0	15.833333	0.0	14.1	1482	10.6	12.4	233	7.01	35.2	25.63	36.9	918.14777	1.1200904	6.822358		32.0				114.67	53.46	46.65			4166.6665
"Amhara"	"North_Gonder"	"West_Belesa"	"Dikuana"	70	700	"Sorghum"	"Midslope"	1.0	72	0	57	1	3	2.0	60.0	1.0	0.25	0.0625	1.0	0.0	1.0	0.0	0.0	0.0	0	0	0	1	4.94	4.42	24.4036	21.8348	0.0	4.94	0.0	14.9	899	9.4	12.7	240	7.09	31.5	27.66	40.5	918.14777	1.1200904	6.822358		34.615383				114.67	53.46	46.65			400.0
"Amhara"	"North_Gonder"	"West_Belesa"	"Dikuana"	70	720	"Teff"	"Midslope"	0.0	40	0	40	1	7	3.6	60.0	1.0	0.375	0.140625	1.0	1.0	0.0	1.0	0.0	1.0	0	1	0	1	29.466667	7.706667	868.2845	227.08978	0.0	29.466667	0.0	14.1	1482	10.6	12.4	233	7.01	35.2	25.63	36.9	918.14777	1.1200904	6.822358		49.058823			49.058823	114.67	53.46	46.65	0.47		666.6667
"Amhara"	"North_Shewa"	"Basona_Werana"	"Angolela"	71	991	"Wheat"	"Footslope"	1.0	52	0	40	1	5	2.4	15.0	1.0	0.25	0.0625	1.0	0.0	1.0	0.0	0.0	1.0	1	1	0	1	120.8	34.0	14592.641	4107.2	120.8	0.0	0.0	22.1	93660	19.2	12.1	160	5.88	33.6	25.78	39.6	739.1834	1.3428823	6.605546			47.8		49.11111	114.67	53.46	46.65		0.41	800.0
"Amhara"	"North_Shewa"	"Basona_Werana"	"Angolela"	71	914	"Wheat"	"Midslope"	1.0	40	0	7	1	5	2.4	15.0	1.0	0.5	0.25	1.0	0.0	1.0	0.0	0.0	0.0	1	0	0	1	88.0	17.0	7744.0	1496.0	0.0	88.0	0.0	23.2	81880	18.9	12.1	168	5.87	34.2	25.63	38.8	739.1834	1.3428823	6.605546			37.2		44.0	114.67	53.46	46.65		0.41	1600.0
"Amhara"	"North_Shewa"	"Basona_Werana"	"Angolela"	71	1015	"Wheat"	"Midslope"	1.0	49	0	20	0	7	3.6	15.0	1.0	0.5	0.25	1.0	0.0	1.0	1.0	0.0	0.0	1	1	0	1	145.0	68.0	21025.0	9860.0	0.0	145.0	0.0	22.1	93660	19.2	12.1	160	5.88	33.6	25.78	39.6	739.1834	1.3428823	6.605546			48.8		75.0	114.67	53.46	46.65		0.41	2000.0
"Amhara"	"North_Shewa"	"Basona_Werana"	"Angolela"	71	818	"Wheat"	"Midslope"	1.0	29	6	10	1	6	3.3	15.0	0.0	0.25	0.0625	1.0	0.0	0.0	0.0	0.0	1.0	1	1	0	1	105.600006	20.4	11151.361	2154.24	0.0	105.600006	0.0	22.1	93660	19.2	12.1	160	5.88	33.6	25.78	39.6	739.1834	1.3428823	6.605546			70.0		60.0	114.67	53.46	46.65		0.41	2800.0
"Amhara"	"North_Shewa"	"Basona_Werana"	"Angolela"	71	883	"Wheat"	"Midslope"	1.0	49	0	2	1	7	3.8	15.0	1.0	0.25	0.0625	1.0	0.0	0.0	1.0	0.0	0.0	1	1	0	1	84.0	34.0	7056.0	2856.0	0.0	84.0	0.0	22.1	93660	19.2	12.1	160	5.88	33.6	25.78	39.6	739.1834	1.3428823	6.605546			43.7		44.0	114.67	53.46	46.65		0.41	4000.0
"Amhara"	"North_Shewa"	"Basona_Werana"	"Angolela"	71	883	"Teff"	"Footslope"	1.0	49	0	2	1	7	3.8	15.0	1.0	0.25	0.0625	1.0	0.0	0.0	0.0	0.0	0.0	1	1	0	1	84.0	34.0	7056.0	2856.0	84.0	0.0	0.0	22.1	93660	19.2	12.1	160	5.88	33.6	25.78	39.6	739.1834	1.3428823	6.605546			43.7		44.0	114.67	53.46	46.65	0.47		1600.0
"Amhara"	"North_Shewa"	"Basona_Werana"	"Angolela"	71	1027	"Teff"	"Midslope"	1.0	25	9	4	0	5	2.8	15.0	1.0	0.25	0.0625	1.0	0.0	1.0	0.0	0.0	0.0	1	1	0	1	222.0	34.0	49284.0	7548.0	0.0	222.0	0.0	22.1	93660	19.2	12.1	160	5.88	33.6	25.78	39.6	739.1834	1.3428823	6.605546			48.8		48.0	114.67	53.46	46.65	0.47		3400.0
"Amhara"	"North_Shewa"	"Basona_Werana"	"Angolela"	71	1027	"Wheat"	"Midslope"	1.0	25	9	4	0	5	2.8	15.0	1.0	0.25	0.0625	1.0	0.0	1.0	1.0	0.0	0.0	1	1	0	1	168.0	68.0	28224.0	11424.0	0.0	168.0	0.0	22.1	93660	19.2	12.1	160	5.88	33.6	25.78	39.6	739.1834	1.3428823	6.605546			48.8		48.0	114.67	53.46	46.65		0.41	3200.0
"Amhara"	"North_Shewa"	"Basona_Werana"	"Angolela"	71	814	"Teff"	"Midslope"	1.0	36	5	6	1	5	2.4	15.0	0.0	0.5	0.25	1.0	0.0	0.0	0.0	0.0	0.0	1	1	0	1	130.0	34.0	16900.0	4420.0	0.0	130.0	0.0	22.1	93660	19.2	12.1	160	5.88	33.6	25.78	39.6	739.1834	1.3428823	6.605546			47.0		48.4	114.67	53.46	46.65	0.47		700.0
"Amhara"	"North_Shewa"	"Basona_Werana"	"Angolela"	71	990	"Teff"	"Midslope"	1.0	38	9	4	1	6	2.7	15.0	1.0	0.5	0.25	1.0	0.0	0.0	0.0	0.0	0.0	1	1	0	1	30.5	17.0	930.25	518.5	0.0	30.5	0.0	22.1	93660	19.2	12.1	160	5.88	33.6	25.78	39.6	739.1834	1.3428823	6.605546			47.56		47.84	114.67	53.46	46.65	0.47		1000.0
"Amhara"	"North_Shewa"	"Basona_Werana"	"Angolela"	71	818	"Teff"	"Midslope"	1.0	29	6	10	1	6	3.3	15.0	1.0	0.125	0.015625	1.0	0.0	0.0	0.0	0.0	0.0	1	1	0	1	266.4	40.8	70968.95	10869.119	0.0	266.4	0.0	22.1	93660	19.2	12.1	160	5.88	33.6	25.78	39.6	739.1834	1.3428823	6.605546			88.333336		46.666668	114.67	53.46	46.65	0.47		2400.0
"Amhara"	"North_Shewa"	"Basona_Werana"	"Angolela"	71	1021	"Wheat"	"Footslope"	1.0	44	8	10	1	4	2.1	15.0	1.0	0.25	0.0625	1.0	0.0	1.0	0.0	0.0	0.0	1	1	0	1	206.0	102.0	42436.0	21012.0	206.0	0.0	0.0	21.9	64129	18.4	12.6	182	5.92	34.1	25.9	39.8	739.1834	1.3428823	6.605546			44.6		55.0	114.67	53.46	46.65		0.41	4000.0
"Amhara"	"North_Shewa"	"Basona_Werana"	"Angolela"	71	991	"Wheat"	"Footslope"	1.0	52	0	40	1	5	2.4	15.0	1.0	0.25	0.0625	1.0	0.0	1.0	0.0	0.0	1.0	1	1	0	1	120.8	34.0	14592.641	4107.2	120.8	0.0	0.0	22.1	93660	19.2	12.1	160	5.88	33.6	25.78	39.6	739.1834	1.3428823	6.605546			47.8		48.0	114.67	53.46	46.65		0.41	800.0
"Amhara"	"North_Shewa"	"Basona_Werana"	"Angolela"	71	884	"Wheat"	"Footslope"	1.0	39	16	0	1	8	3.5	15.0	1.0	0.75	0.5625	1.0	0.0	0.0	1.0	0.0	1.0	1	1	0	1	130.0	34.0	16900.0	4420.0	130.0	0.0	0.0	22.1	93660	19.2	12.1	160	5.88	33.6	25.78	39.6	739.1834	1.3428823	6.605546			47.0		48.4	114.67	53.46	46.65		0.41	1200.0
"Amhara"	"North_Shewa"	"Basona_Werana"	"Angolela"	71	818	"Teff"	"Hillslope"	1.0	29	6	10	1	6	3.3	15.0	0.0	0.25	0.0625	1.0	0.0	0.0	0.0	0.0	0.0	1	1	0	1	88.799995	13.6	7885.439	1207.6799	0.0	0.0	88.799995	22.1	93660	19.2	12.1	160	5.88	33.6	25.78	39.6	739.1834	1.3428823	6.605546			55.0		55.0	114.67	53.46	46.65	0.47		1600.0
"Amhara"	"North_Shewa"	"Basona_Werana"	"Angolela"	71	1027	"Teff"	"Midslope"	1.0	25	9	4	0	5	2.8	15.0	0.0	0.25	0.0625	1.0	0.0	1.0	0.0	0.0	0.0	1	1	0	1	168.0	68.0	28224.0	11424.0	0.0	168.0	0.0	22.1	93660	19.2	12.1	160	5.88	33.6	25.78	39.6	739.1834	1.3428823	6.605546			48.8		48.0	114.67	53.46	46.65	0.47		3200.0
"Amhara"	"North_Shewa"	"Basona_Werana"	"Angolela"	71	1015	"Teff"	"Footslope"	1.0	49	0	20	0	7	3.6	15.0	0.0	0.5	0.25	1.0	0.0	1.0	0.0	0.0	0.0	1	1	0	1	65.0	17.0	4225.0	1105.0	65.0	0.0	0.0	22.1	93660	19.2	12.1	160	5.88	33.6	25.78	39.6	739.1834	1.3428823	6.605546			48.8		48.0	114.67	53.46	46.65	0.47		1200.0
"Amhara"	"North_Shewa"	"Basona_Werana"	"Angolela"	71	1021	"Teff"	"Footslope"	1.0	44	8	10	1	4	2.1	15.0	1.0	0.375	0.140625	1.0	0.0	1.0	0.0	0.0	0.0	1	1	0	1	86.666664	22.666666	7511.111	1964.4443	86.666664	0.0	0.0	21.9	64129	18.4	12.6	182	5.92	34.1	25.9	39.8	739.1834	1.3428823	6.605546			44.6		75.0	114.67	53.46	46.65	0.47		1466.6666
"Amhara"	"North_Shewa"	"Basona_Werana"	"Angolela"	71	914	"Teff"	"Midslope"	1.0	40	0	7	1	5	2.4	15.0	1.0	0.5	0.25	1.0	0.0	1.0	0.0	0.0	0.0	1	1	0	1	88.0	17.0	7744.0	1496.0	0.0	88.0	0.0	23.2	81880	18.9	12.1	168	5.87	34.2	25.63	38.8	739.1834	1.3428823	6.605546			37.2		44.0	114.67	53.46	46.65	0.47		1000.0
"Amhara"	"North_Shewa"	"Basona_Werana"	"Angolela"	71	991	"Teff"	"Footslope"	1.0	52	0	40	1	5	2.4	15.0	1.0	0.5	0.25	1.0	0.0	1.0	0.0	0.0	0.0	1	1	0	1	30.6	6.8	936.36005	208.08	30.6	0.0	0.0	22.1	93660	19.2	12.1	160	5.88	33.6	25.78	39.6	739.1834	1.3428823	6.605546			55.0		62.4	114.67	53.46	46.65	0.47		1600.0
"Amhara"	"North_Shewa"	"Basona_Werana"	"Angolela"	71	990	"Wheat"	"Midslope"	1.0	38	9	4	1	6	2.7	15.0	0.0	0.63	0.3969	1.0	0.0	1.0	1.0	0.0	1.0	1	1	0	1	33.333332	13.4920635	1111.1111	449.73544	0.0	33.333332	0.0	22.1	93660	19.2	12.1	160	5.88	33.6	25.78	39.6	739.1834	1.3428823	6.605546			47.88		46.72	114.67	53.46	46.65		0.41	793.6508
"Amhara"	"North_Shewa"	"Basona_Werana"	"Angolela"	71	1015	"Teff"	"Footslope"	1.0	49	0	20	0	7	3.6	15.0	1.0	0.25	0.0625	1.0	0.0	1.0	1.0	0.0	0.0	1	1	0	1	214.0	68.0	45796.0	14552.0	214.0	0.0	0.0	22.1	93660	19.2	12.1	160	5.88	33.6	25.78	39.6	739.1834	1.3428823	6.605546			48.8		75.0	114.67	53.46	46.65	0.47		1600.0
"Amhara"	"North_Shewa"	"Basona_Werana"	"Angolela"	71	818	"Wheat"	"Midslope"	1.0	29	6	10	1	6	3.3	15.0	0.0	0.125	0.015625	1.0	0.0	0.0	0.0	0.0	1.0	1	1	0	1	310.80002	47.6	96596.65	14794.08	0.0	310.80002	0.0	22.1	93660	19.2	12.1	160	5.88	33.6	25.78	39.6	739.1834	1.3428823	6.605546			58.57143		54.285713	114.67	53.46	46.65		0.41	2400.0
"Amhara"	"North_Shewa"	"Basona_Werana"	"Angolela"	71	814	"Wheat"	"Midslope"	1.0	36	5	6	1	5	2.4	15.0	1.0	0.25	0.0625	1.0	0.0	0.0	1.0	0.0	1.0	1	1	0	1	214.0	68.0	45796.0	14552.0	0.0	214.0	0.0	22.1	93660	19.2	12.1	160	5.88	33.6	25.78	39.6	739.1834	1.3428823	6.605546			47.0		48.4	114.67	53.46	46.65		0.41	2000.0
"Amhara"	"North_Shewa"	"Basona_Werana"	"Angolela"	71	1027	"Teff"	"Midslope"	1.0	25	9	4	0	5	2.8	15.0	1.0	0.125	0.015625	1.0	0.0	1.0	0.0	0.0	0.0	1	1	0	1	260.0	68.0	67600.0	17680.0	0.0	260.0	0.0	22.1	93660	19.2	12.1	160	5.88	33.6	25.78	39.6	739.1834	1.3428823	6.605546			48.8		48.0	114.67	53.46	46.65	0.47		3200.0
"Amhara"	"North_Shewa"	"Basona_Werana"	"Angolela"	71	1027	"Wheat"	"Midslope"	1.0	25	9	4	0	5	2.8	15.0	1.0	0.125	0.015625	1.0	0.0	1.0	1.0	0.0	0.0	1	1	0	1	206.0	102.0	42436.0	21012.0	0.0	206.0	0.0	22.1	93660	19.2	12.1	160	5.88	33.6	25.78	39.6	739.1834	1.3428823	6.605546			48.8		48.0	114.67	53.46	46.65		0.41	4000.0
"Amhara"	"North_Shewa"	"Basona_Werana"	"Gudoberet"	72	739	"Teff"	"Midslope"	1.0	40	0	1	1	6	3.3	5.0	0.0	0.25	0.0625	1.0	0.0	0.0	0.0	0.0	0.0	1	1	0	1	70.4	13.6	4956.16	957.44006	0.0	70.4	0.0	22.4	11043	15.1	13.5	211	6.42	32.7	28.72	37.4	833.0175	1.5665497	6.7250547			40.0		30.0	114.67	53.46	46.65	0.47		600.0
"Amhara"	"North_Shewa"	"Basona_Werana"	"Gudoberet"	72	757	"Wheat"	"Midslope"	1.0	70	0	52	1	5	2.6	5.0	1.0	0.125	0.015625	1.0	1.0	1.0	1.0	0.0	0.0	0	1	0	1	111.0	17.0	12321.0	1887.0	0.0	111.0	0.0	22.4	11043	15.1	13.5	211	6.42	32.7	28.72	37.4	833.0175	1.5665497	6.7250547			39.2		40.2	114.67	53.46	46.65		0.41	1600.0
"Amhara"	"North_Shewa"	"Basona_Werana"	"Gudoberet"	72	804	"Wheat"	"Midslope"	1.0	50	0	0	1	5	2.4	5.0	1.0	0.125	0.015625	1.0	1.0	0.0	1.0	0.0	1.0	1	1	0	1	260.0	68.0	67600.0	17680.0	0.0	260.0	0.0	22.4	11043	15.1	13.5	211	6.42	32.7	28.72	37.4	833.0175	1.5665497	6.7250547		48.3			48.6	114.67	53.46	46.65		0.41	4000.0
"Amhara"	"North_Shewa"	"Basona_Werana"	"Gudoberet"	72	887	"Teff"	"Footslope"	1.0	49	6	5	1	6	3.1	5.0	1.0	0.25	0.0625	1.0	0.0	0.0	0.0	0.0	0.0	1	1	0	1	39.0	10.2	1521.0	397.8	39.0	0.0	0.0	22.4	11043	15.1	13.5	211	6.42	32.7	28.72	37.4	833.0175	1.5665497	6.7250547			36.0		36.0	114.67	53.46	46.65	0.47		400.0
"Amhara"	"North_Shewa"	"Basona_Werana"	"Gudoberet"	72	742	"Wheat"	"Midslope"	1.0	45	0	0	0	5	2.8	5.0	1.0	0.25	0.0625	1.0	0.0	0.0	1.0	0.0	1.0	1	1	0	1	126.08	27.2	15896.167	3429.3762	0.0	126.08	0.0	22.4	11043	15.1	13.5	211	6.42	32.7	28.72	37.4	833.0175	1.5665497	6.7250547			55.0		44.23077	114.67	53.46	46.65		0.41	4000.0
"Amhara"	"North_Shewa"	"Basona_Werana"	"Gudoberet"	72	757	"Teff"	"Midslope"	1.0	70	0	52	1	5	2.6	5.0	1.0	0.25	0.0625	0.0	1.0	1.0	0.0	0.0	0.0	1	1	0	0	0.0	0.0	0.0	0.0	0.0	0.0	0.0	22.4	11043	15.1	13.5	211	6.42	32.7	28.72	37.4	833.0175	1.5665497	6.7250547						114.67	53.46	46.65	0.47		400.0
"Amhara"	"North_Shewa"	"Basona_Werana"	"Gudoberet"	72	1043	"Wheat"	"Midslope"	1.0	46	0	3	1	7	3.2	5.0	1.0	0.375	0.140625	1.0	0.0	0.0	1.0	0.0	1.0	1	1	0	1	52.0	13.599999	2704.0	707.19995	0.0	52.0	0.0	23.1	16569	16.3	13.3	217	6.26	32.7	28.47	36.8	833.0175	1.5665497	6.7250547			56.0		56.0	114.67	53.46	46.65		0.41	1066.6666
"Amhara"	"North_Shewa"	"Basona_Werana"	"Gudoberet"	72	757	"Wheat"	"Footslope"	1.0	70	0	52	1	5	2.6	5.0	1.0	0.125	0.015625	1.0	0.0	1.0	1.0	0.0	1.0	1	1	0	1	111.0	17.0	12321.0	1887.0	111.0	0.0	0.0	22.4	11043	15.1	13.5	211	6.42	32.7	28.72	37.4	833.0175	1.5665497	6.7250547			39.2		40.2	114.67	53.46	46.65		0.41	800.0
"Amhara"	"North_Shewa"	"Basona_Werana"	"Gudoberet"	72	804	"Wheat"	"Midslope"	1.0	50	0	0	1	5	2.4	5.0	1.0	0.125	0.015625	1.0	1.0	0.0	1.0	0.0	1.0	1	1	0	1	152.8	54.4	23347.842	8312.32	0.0	152.8	0.0	22.4	11043	15.1	13.5	211	6.42	32.7	28.72	37.4	833.0175	1.5665497	6.7250547			48.6		48.6	114.67	53.46	46.65		0.41	4000.0
"Amhara"	"North_Shewa"	"Basona_Werana"	"Gudoberet"	72	1043	"Teff"	"Midslope"	1.0	46	0	3	1	7	3.2	5.0	1.0	0.125	0.015625	1.0	0.0	0.0	0.0	0.0	0.0	1	1	0	1	130.0	34.0	16900.0	4420.0	0.0	130.0	0.0	23.1	16569	16.3	13.3	217	6.26	32.7	28.47	36.8	833.0175	1.5665497	6.7250547			48.0		48.0	114.67	53.46	46.65	0.47		480.0
"Amhara"	"North_Shewa"	"Basona_Werana"	"Gudoberet"	72	887	"Wheat"	"Midslope"	1.0	49	6	5	1	6	3.1	5.0	1.0	0.125	0.015625	1.0	0.0	0.0	1.0	0.0	1.0	1	1	0	1	78.0	20.4	6084.0	1591.2	0.0	78.0	0.0	22.4	11043	15.1	13.5	211	6.42	32.7	28.72	37.4	833.0175	1.5665497	6.7250547			36.0		36.0	114.67	53.46	46.65		0.41	2400.0
"Amhara"	"North_Shewa"	"Basona_Werana"	"Gudoberet"	72	909	"Wheat"	"Midslope"	1.0	39	0	0	1	3	1.8	5.0	1.0	0.5	0.25	1.0	0.0	0.0	1.0	0.0	1.0	1	1	0	1	65.0	17.0	4225.0	1105.0	0.0	65.0	0.0	22.4	11043	15.1	13.5	211	6.42	32.7	28.72	37.4	833.0175	1.5665497	6.7250547			36.0		36.0	114.67	53.46	46.65		0.41	3000.0
"Amhara"	"North_Shewa"	"Basona_Werana"	"Gudoberet"	72	1002	"Wheat"	"Footslope"	1.0	70	0	0	1	4	2.5	5.0	1.0	0.25	0.0625	1.0	0.0	0.0	1.0	0.0	0.0	0	1	0	1	130.0	34.0	16900.0	4420.0	130.0	0.0	0.0	22.4	11043	15.1	13.5	211	6.42	32.7	28.72	37.4	833.0175	1.5665497	6.7250547			45.0		45.0	114.67	53.46	46.65		0.41	1400.0
"Amhara"	"North_Shewa"	"Basona_Werana"	"Gudoberet"	72	980	"Wheat"	"Footslope"	0.0	62	0	0	0	2	1.5	5.0	1.0	0.125	0.015625	1.0	0.0	0.0	1.0	0.0	1.0	1	1	0	1	137.6	40.8	18933.762	5614.08	137.6	0.0	0.0	23.1	16569	16.3	13.3	217	6.26	32.7	28.47	36.8	833.0175	1.5665497	6.7250547			57.333332		48.0	114.67	53.46	46.65		0.41	4000.0
"Amhara"	"North_Shewa"	"Basona_Werana"	"Gudoberet"	72	742	"Wheat"	"Midslope"	1.0	45	0	0	0	5	2.8	5.0	1.0	0.25	0.0625	1.0	0.0	0.0	1.0	0.0	0.0	1	1	0	1	78.0	20.4	6084.0	1591.2	0.0	78.0	0.0	22.4	11043	15.1	13.5	211	6.42	32.7	28.72	37.4	833.0175	1.5665497	6.7250547			43.333332		43.0	114.67	53.46	46.65		0.41	2800.0
"Amhara"	"North_Shewa"	"Basona_Werana"	"Gudoberet"	72	804	"Teff"	"Footslope"	1.0	50	0	0	1	5	2.4	5.0	1.0	0.25	0.0625	1.0	0.0	0.0	1.0	0.0	1.0	1	1	0	1	130.0	34.0	16900.0	4420.0	130.0	0.0	0.0	22.4	11043	15.1	13.5	211	6.42	32.7	28.72	37.4	833.0175	1.5665497	6.7250547			48.6		48.6	114.67	53.46	46.65	0.47		1200.0
"Amhara"	"North_Shewa"	"Basona_Werana"	"Gudoberet"	72	1002	"Wheat"	"Midslope"	1.0	70	0	0	1	4	2.5	5.0	1.0	0.5	0.25	1.0	0.0	0.0	1.0	0.0	0.0	0	1	0	1	37.1	8.5	1376.4099	315.34998	0.0	37.1	0.0	22.4	11043	15.1	13.5	211	6.42	32.7	28.72	37.4	833.0175	1.5665497	6.7250547			44.0		66.666664	114.67	53.46	46.65		0.41	1000.0
"Amhara"	"North_Shewa"	"Basona_Werana"	"Gudoberet"	72	739	"Wheat"	"Hillslope"	1.0	40	0	1	1	6	3.3	5.0	0.0	0.25	0.0625	1.0	0.0	0.0	1.0	0.0	0.0	1	1	0	1	46.6	17.0	2171.5598	792.19995	0.0	0.0	46.6	22.4	11043	15.1	13.5	211	6.42	32.7	28.72	37.4	833.0175	1.5665497	6.7250547			40.0		30.0	114.67	53.46	46.65		0.41	2400.0
"Oromia"	"Jimma"	"SeKoru"	"Wongesho"	73	346	"Teff"	"Footslope"	1.0	33	7	10	0	6	2.9	50.0	1.0	0.25	0.0625	1.0	0.0	1.0	0.0	0.0	0.0	1	1	0	1	22.56	13.6	508.95358	306.816	22.56	0.0	0.0	26.5	48630	20.3	9.5	206	5.75	33.4	26.62	35.5	918.73895	2.9422352	6.823002		40.0			75.0	120.72	52.3	45.31	0.43		500.0
"Oromia"	"Jimma"	"SeKoru"	"Wongesho"	73	472	"Sorghum"	"Hillslope"	1.0	55	6	35	1	7	3.6	50.0	1.0	0.5	0.25	0.0	0.0	0.0	0.0	0.0	0.0	1	1	0	1	0.0	0.0	0.0	0.0	0.0	0.0	0.0	28.1	74818	21.4	10.1	197	5.7	34.6	27.39	34.6	918.73895	2.9422352	6.823002						120.72	52.3	45.31			700.0
"Oromia"	"Jimma"	"SeKoru"	"Wongesho"	73	424	"Teff"	"Midslope"	1.0	60	4	43	1	10	4.9	50.0	1.0	2.0	4.0	1.0	0.0	0.0	0.0	0.0	0.0	1	1	0	1	37.25	12.75	1387.5625	474.9375	0.0	37.25	0.0	26.5	48630	20.3	9.5	206	5.75	33.4	26.62	35.5	918.73895	2.9422352	6.823002			50.0		25.0	120.72	52.3	45.31	0.43		340.0
"Oromia"	"Jimma"	"SeKoru"	"Wongesho"	73	443	"Sorghum"	"Hillslope"	1.0	32	5	20	1	7	3.6	50.0	1.0	1.25	1.5625	1.0	0.0	0.0	0.0	0.0	0.0	0	1	0	1	7.6	6.8	57.76	51.68	0.0	0.0	7.6	26.5	48630	20.3	9.5	206	5.75	33.4	26.62	35.5	918.73895	2.9422352	6.823002			50.0			120.72	52.3	45.31			400.0
"Oromia"	"Jimma"	"SeKoru"	"Wongesho"	73	472	"Teff"	"Midslope"	1.0	55	6	35	1	7	3.6	50.0	1.0	1.0	1.0	1.0	0.0	0.0	0.0	0.0	0.0	1	1	0	1	25.75	12.75	663.0625	328.3125	0.0	25.75	0.0	28.1	74818	21.4	10.1	197	5.7	34.6	27.39	34.6	918.73895	2.9422352	6.823002			50.0		50.0	120.72	52.3	45.31	0.43		500.0
"Oromia"	"Jimma"	"SeKoru"	"Wongesho"	73	444	"Sorghum"	"Hillslope"	1.0	45	0	30	1	12	5.1	50.0	1.0	0.25	0.0625	0.0	0.0	0.0	0.0	0.0	0.0	0	1	0	1	0.0	0.0	0.0	0.0	0.0	0.0	0.0	26.5	48630	20.3	9.5	206	5.75	33.4	26.62	35.5	918.73895	2.9422352	6.823002						120.72	52.3	45.31			400.0
"Oromia"	"Jimma"	"SeKoru"	"Wongesho"	73	285	"Teff"	"Midslope"	1.0	35	10	10	0	7	3.0	50.0	1.0	0.5	0.25	1.0	0.0	1.0	0.0	0.0	0.0	1	1	0	0	32.8	17.0	1075.84	557.6	0.0	32.8	0.0	28.1	74818	21.4	10.1	197	5.7	34.6	27.39	34.6	918.73895	2.9422352	6.823002		50.0			43.333332	120.72	52.3	45.31	0.43		300.0
"Oromia"	"Jimma"	"SeKoru"	"Wongesho"	73	424	"Teff"	"Midslope"	1.0	60	4	43	1	10	4.9	50.0	1.0	1.0	1.0	0.0	0.0	0.0	0.0	0.0	0.0	1	1	0	1	0.0	0.0	0.0	0.0	0.0	0.0	0.0	26.5	48630	20.3	9.5	206	5.75	33.4	26.62	35.5	918.73895	2.9422352	6.823002						120.72	52.3	45.31	0.43		170.0
"Oromia"	"Jimma"	"SeKoru"	"Wongesho"	73	444	"Teff"	"Hillslope"	1.0	45	0	30	1	12	5.1	50.0	1.0	0.5	0.25	1.0	0.0	0.0	0.0	0.0	0.0	1	1	0	1	30.5	17.0	930.25	518.5	0.0	0.0	30.5	26.5	48630	20.3	9.5	206	5.75	33.4	26.62	35.5	918.73895	2.9422352	6.823002			50.0		75.0	120.72	52.3	45.31	0.43		160.0
"Oromia"	"Jimma"	"SeKoru"	"Wongesho"	73	266	"Teff"	"Footslope"	1.0	43	0	25	1	7	3.6	50.0	1.0	0.25	0.0625	1.0	0.0	1.0	0.0	0.0	0.0	1	1	0	0	38.0	34.0	1444.0	1292.0	38.0	0.0	0.0	28.1	74818	21.4	10.1	197	5.7	34.6	27.39	34.6	918.73895	2.9422352	6.823002			39.2			120.72	52.3	45.31	0.43		400.0
"Oromia"	"Jimma"	"SeKoru"	"Wongesho"	73	360	"Teff"	"Hillslope"	0.0	30	0	30	1	11	4.6	50.0	0.0	0.25	0.0625	1.0	0.0	0.0	0.0	0.0	0.0	1	1	0	0	70.7	22.1	4998.4897	1562.47	0.0	0.0	70.7	26.4	25349	19.3	10.7	218	5.75	34.9	26.47	34.9	918.73895	2.9422352	6.823002			38.46154		50.0	120.72	52.3	45.31	0.43		1904.0
"Oromia"	"Jimma"	"SeKoru"	"Wongesho"	73	443	"Teff"	"Hillslope"	1.0	32	5	20	1	7	3.6	50.0	1.0	1.0	1.0	1.0	0.0	0.0	0.0	1.0	0.0	1	1	0	1	65.0	17.0	4225.0	1105.0	0.0	0.0	65.0	26.5	48630	20.3	9.5	206	5.75	33.4	26.62	35.5	918.73895	2.9422352	6.823002			50.0		50.0	120.72	52.3	45.31	0.43		25.0
"Oromia"	"Jimma"	"SeKoru"	"Wongesho"	73	266	"Wheat"	"Midslope"	1.0	43	0	25	1	7	3.6	50.0	1.0	0.25	0.0625	1.0	0.0	0.0	0.0	0.0	0.0	0	1	0	0	65.0	17.0	4225.0	1105.0	0.0	65.0	0.0	28.1	74818	21.4	10.1	197	5.7	34.6	27.39	34.6	918.73895	2.9422352	6.823002			50.0		39.2	120.72	52.3	45.31		0.38	800.0
"Oromia"	"Jimma"	"SeKoru"	"Wongesho"	73	198	"Teff"	"Hillslope"	1.0	55	4	38	1	6	3.1	50.0	0.0	0.5	0.25	1.0	0.0	0.0	0.0	0.0	0.0	1	1	0	1	42.0	17.0	1764.0	714.0	0.0	0.0	42.0	26.5	48630	20.3	9.5	206	5.75	33.4	26.62	35.5	918.73895	2.9422352	6.823002		50.0			50.0	120.72	52.3	45.31	0.43		600.0
"Oromia"	"Jimma"	"SeKoru"	"Wongesho"	73	360	"Teff"	"Footslope"	0.0	30	0	30	1	11	4.6	50.0	1.0	0.5	0.25	1.0	0.0	0.0	0.0	0.0	0.0	1	1	0	1	28.5	25.5	812.25	726.75	28.5	0.0	0.0	26.4	25349	19.3	10.7	218	5.75	34.9	26.47	34.9	918.73895	2.9422352	6.823002			48.666668			120.72	52.3	45.31	0.43		2.0
"Oromia"	"Jimma"	"SeKoru"	"Wongesho"	73	266	"Sorghum"	"Midslope"	1.0	43	0	25	1	7	3.6	50.0	1.0	1.0	1.0	0.0	0.0	0.0	0.0	0.0	0.0	0	1	0	0	0.0	0.0	0.0	0.0	0.0	0.0	0.0	28.1	74818	21.4	10.1	197	5.7	34.6	27.39	34.6	918.73895	2.9422352	6.823002						120.72	52.3	45.31			200.0
"Oromia"	"Jimma"	"SeKoru"	"Wongesho"	73	267	"Teff"	"Hillslope"	1.0	62	8	40	1	6	3.5	50.0	1.0	0.5	0.25	1.0	0.0	1.0	0.0	0.0	0.0	1	1	0	0	76.0	68.0	5776.0	5168.0	0.0	0.0	76.0	26.4	25349	19.3	10.7	218	5.75	34.9	26.47	34.9	918.73895	2.9422352	6.823002			50.0			120.72	52.3	45.31	0.43		250.0
"Oromia"	"Jimma"	"SeKoru"	"Wongesho"	73	198	"Sorghum"	"Midslope"	1.0	55	4	38	1	6	3.1	50.0	1.0	0.0625	0.00390625	0.0	0.0	0.0	0.0	0.0	0.0	0	1	0	1	0.0	0.0	0.0	0.0	0.0	0.0	0.0	26.5	48630	20.3	9.5	206	5.75	33.4	26.62	35.5	918.73895	2.9422352	6.823002						120.72	52.3	45.31			2400.0
"Oromia"	"Jimma"	"SeKoru"	"Wongesho"	73	198	"Teff"	"Hillslope"	1.0	55	4	38	1	6	3.1	50.0	1.0	0.5	0.25	1.0	0.0	0.0	0.0	0.0	0.0	1	1	0	1	42.0	17.0	1764.0	714.0	0.0	0.0	42.0	26.5	48630	20.3	9.5	206	5.75	33.4	26.62	35.5	918.73895	2.9422352	6.823002		50.0			50.0	120.72	52.3	45.31	0.43		510.0
"Oromia"	"Jimma"	"SeKoru"	"Wongesho"	73	443	"Wheat"	"Midslope"	1.0	32	5	20	1	7	3.6	50.0	1.0	1.0	1.0	1.0	0.0	0.0	0.0	1.0	0.0	1	1	0	1	32.5	8.5	1056.25	276.25	0.0	32.5	0.0	26.5	48630	20.3	9.5	206	5.75	33.4	26.62	35.5	918.73895	2.9422352	6.823002			50.0		50.0	120.72	52.3	45.31		0.38	350.0
"Oromia"	"Jimma"	"SeKoru"	"Wongesho"	73	360	"Teff"	"Midslope"	0.0	30	0	30	1	11	4.6	50.0	0.0	0.5	0.25	1.0	0.0	0.0	0.0	0.0	0.0	1	1	0	1	84.0	34.0	7056.0	2856.0	0.0	84.0	0.0	26.4	25349	19.3	10.7	218	5.75	34.9	26.47	34.9	918.73895	2.9422352	6.823002			50.0		50.0	120.72	52.3	45.31	0.43		612.0
"Southern_Nations,_Nationalities_and_Peoples"	"Hadiya"	"Anlemo"	"Dulancho"	74	519	"Teff"	"Hillslope"	0.0	58	0	40	1	2	1.3	25.0	1.0	0.5	0.25	0.0	0.0	0.0	0.0	1.0	0.0	0	0	0	0	0.0	0.0	0.0	0.0	0.0	0.0	0.0	19.9	15240	15.1	14.3	309	6.37	37.6	26.57	37.7	708.6113	2.2155623	6.5633073						122.76	54.66	47.98	0.45		12.0
"Southern_Nations,_Nationalities_and_Peoples"	"Hadiya"	"Anlemo"	"Dulancho"	74	463	"Teff"	"Footslope"	0.0	25	4	20	1	6	3.3	25.0	1.0	0.125	0.015625	1.0	0.0	1.0	0.0	0.0	1.0	0	0	0	0	82.16	34.0	6750.266	2793.4402	82.16	0.0	0.0	19.9	15240	15.1	14.3	309	6.37	37.6	26.57	37.7	708.6113	2.2155623	6.5633073			40.0		24.95	122.76	54.66	47.98	0.45		800.0
"Southern_Nations,_Nationalities_and_Peoples"	"Hadiya"	"Anlemo"	"Dulancho"	74	467	"Teff"	"Footslope"	1.0	50	4	20	1	9	4.2	25.0	1.0	0.5	0.25	1.0	0.0	0.0	0.0	0.0	0.0	1	1	0	1	42.0	17.0	1764.0	714.0	42.0	0.0	0.0	19.9	15240	15.1	14.3	309	6.37	37.6	26.57	37.7	708.6113	2.2155623	6.5633073			36.4		36.4	122.76	54.66	47.98	0.45		600.0
"Southern_Nations,_Nationalities_and_Peoples"	"Hadiya"	"Anlemo"	"Dulancho"	74	517	"Teff"	"Footslope"	0.0	45	0	27	1	9	4.6	25.0	1.0	0.75	0.5625	1.0	0.0	0.0	0.0	1.0	0.0	1	1	0	0	12.973332	11.333333	168.30736	147.0311	12.973332	0.0	0.0	19.9	15240	15.1	14.3	309	6.37	37.6	26.57	37.7	708.6113	2.2155623	6.5633073			40.0		75.0	122.76	54.66	47.98	0.45		8.0
"Southern_Nations,_Nationalities_and_Peoples"	"Hadiya"	"Anlemo"	"Dulancho"	74	528	"Teff"	"Midslope"	1.0	50	12	32	1	8	3.7	25.0	1.0	1.0	1.0	1.0	0.0	0.0	0.0	0.0	0.0	1	0	0	0	21.0	8.5	441.0	178.5	0.0	21.0	0.0	19.9	15240	15.1	14.3	309	6.37	37.6	26.57	37.7	708.6113	2.2155623	6.5633073			40.0		40.0	122.76	54.66	47.98	0.45		300.0
"Southern_Nations,_Nationalities_and_Peoples"	"Hadiya"	"Anlemo"	"Dulancho"	74	463	"Teff"	"Footslope"	0.0	25	4	20	1	6	3.3	25.0	1.0	0.5	0.25	1.0	0.0	1.0	0.0	0.0	1.0	0	0	0	0	20.54	8.5	421.89163	174.59001	20.54	0.0	0.0	19.9	15240	15.1	14.3	309	6.37	37.6	26.57	37.7	708.6113	2.2155623	6.5633073			40.0		37.5	122.76	54.66	47.98	0.45		400.0
"Southern_Nations,_Nationalities_and_Peoples"	"Hadiya"	"Anlemo"	"Dulancho"	74	516	"Teff"	"Footslope"	1.0	50	5	23	1	10	4.5	25.0	1.0	1.125	1.265625	1.0	0.0	0.0	0.0	0.0	0.0	1	1	0	0	37.333332	15.111111	1393.7777	564.14813	37.333332	0.0	0.0	19.9	15240	15.1	14.3	309	6.37	37.6	26.57	37.7	708.6113	2.2155623	6.5633073			40.0		42.0	122.76	54.66	47.98	0.45		3.5555556
"Southern_Nations,_Nationalities_and_Peoples"	"Hadiya"	"Anlemo"	"Dulancho"	74	520	"Teff"	"Midslope"	1.0	40	0	20	1	10	4.3	25.0	1.0	1.25	1.5625	1.0	0.0	0.0	0.0	0.0	0.0	1	1	0	1	33.6	13.6	1128.9598	456.96	0.0	33.6	0.0	19.9	15240	15.1	14.3	309	6.37	37.6	26.57	37.7	708.6113	2.2155623	6.5633073			36.9		36.5	122.76	54.66	47.98	0.45		400.0
"Southern_Nations,_Nationalities_and_Peoples"	"Hadiya"	"Anlemo"	"Dulancho"	74	463	"Teff"	"Footslope"	0.0	25	4	20	1	6	3.3	25.0	1.0	0.125	0.015625	1.0	0.0	1.0	0.0	0.0	1.0	0	0	0	0	260.0	68.0	67600.0	17680.0	260.0	0.0	0.0	19.9	15240	15.1	14.3	309	6.37	37.6	26.57	37.7	708.6113	2.2155623	6.5633073			60.0		38.0	122.76	54.66	47.98	0.45		400.0
"Southern_Nations,_Nationalities_and_Peoples"	"Hadiya"	"Anlemo"	"Dulancho"	74	528	"Teff"	"Midslope"	1.0	50	12	32	1	8	3.7	25.0	0.0	0.25	0.0625	1.0	0.0	0.0	1.0	0.0	0.0	1	0	0	1	122.0	68.0	14884.0	8296.0	0.0	122.0	0.0	19.9	15240	15.1	14.3	309	6.37	37.6	26.57	37.7	708.6113	2.2155623	6.5633073			40.0		40.0	122.76	54.66	47.98	0.45		600.0
"Southern_Nations,_Nationalities_and_Peoples"	"Hadiya"	"Anlemo"	"Dulancho"	74	334	"Sorghum"	"Footslope"	1.0	55	6	20	1	4	2.5	25.0	1.0	0.25	0.0625	1.0	0.0	0.0	0.0	0.0	0.0	0	1	0	1	22.8	20.4	519.83997	465.11996	22.8	0.0	0.0	19.9	15240	15.1	14.3	309	6.37	37.6	26.57	37.7	708.6113	2.2155623	6.5633073			33.333332			122.76	54.66	47.98			12.0
"Southern_Nations,_Nationalities_and_Peoples"	"Hadiya"	"Anlemo"	"Dulancho"	74	334	"Teff"	"Footslope"	1.0	55	6	20	1	4	2.5	25.0	1.0	0.75	0.5625	1.0	0.0	0.0	0.0	0.0	0.0	1	1	0	1	43.333332	11.333333	1877.7777	491.11108	43.333332	0.0	0.0	19.9	15240	15.1	14.3	309	6.37	37.6	26.57	37.7	708.6113	2.2155623	6.5633073			37.0		37.0	122.76	54.66	47.98	0.45		1200.0
"Southern_Nations,_Nationalities_and_Peoples"	"Hadiya"	"Anlemo"	"Dulancho"	74	516	"Wheat"	"Footslope"	1.0	50	5	23	1	10	4.5	25.0	1.0	0.125	0.015625	1.0	0.0	0.0	0.0	0.0	0.0	1	0	0	1	130.0	34.0	16900.0	4420.0	130.0	0.0	0.0	19.9	15240	15.1	14.3	309	6.37	37.6	26.57	37.7	708.6113	2.2155623	6.5633073			40.0		42.0	122.76	54.66	47.98		0.39	32.0
"Southern_Nations,_Nationalities_and_Peoples"	"Hadiya"	"Anlemo"	"Dulancho"	74	509	"Wheat"	"Midslope"	1.0	38	6	19	1	5	2.8	25.0	1.0	0.25	0.0625	1.0	0.0	0.0	0.0	0.0	0.0	1	1	0	1	65.0	17.0	4225.0	1105.0	0.0	65.0	0.0	19.9	15240	15.1	14.3	309	6.37	37.6	26.57	37.7	708.6113	2.2155623	6.5633073		38.0			38.0	122.76	54.66	47.98		0.39	2000.0
"Southern_Nations,_Nationalities_and_Peoples"	"Hadiya"	"Anlemo"	"Dulancho"	74	518	"Teff"	"Footslope"	0.0	35	0	20	1	2	1.5	25.0	1.0	0.125	0.015625	1.0	0.0	0.0	0.0	0.0	0.0	1	1	0	0	130.0	34.0	16900.0	4420.0	130.0	0.0	0.0	19.9	15240	15.1	14.3	309	6.37	37.6	26.57	37.7	708.6113	2.2155623	6.5633073			42.0		40.0	122.76	54.66	47.98	0.45		8.0
"Oromia"	"Jimma"	"SeKoru"	"Kelta"	75	170	"Teff"	"Hillslope"	1.0	38	10	18	1	7	3.6	30.0	1.0	0.375	0.140625	1.0	0.0	0.0	0.0	0.0	0.0	1	1	0	1	16.569601	8.613334	274.55167	142.7195	0.0	0.0	16.569601	28.5	60466	19.6	10.9	201	5.75	35.0	24.85	39.2	887.2633	3.0974224	6.7881417		42.105263			26.501766	120.72	52.3	45.31	0.43		400.0
"Oromia"	"Jimma"	"SeKoru"	"Kelta"	75	160	"Teff"	"Hillslope"	1.0	45	0	20	1	4	2.1	30.0	1.0	0.35	0.1225	1.0	0.0	0.0	0.0	0.0	0.0	1	1	0	0	16.285713	14.571428	265.22446	237.3061	0.0	0.0	16.285713	28.5	60466	19.6	10.9	201	5.75	35.0	24.85	39.2	887.2633	3.0974224	6.7881417		58.333332				120.72	52.3	45.31	0.43		685.7143
"Oromia"	"Jimma"	"SeKoru"	"Kelta"	75	170	"Wheat"	"Hillslope"	1.0	38	10	18	1	7	3.6	30.0	1.0	0.125	0.015625	1.0	0.0	0.0	0.0	0.0	0.0	1	1	0	1	25.84	23.12	667.7056	597.42084	0.0	0.0	25.84	28.5	60466	19.6	10.9	201	5.75	35.0	24.85	39.2	887.2633	3.0974224	6.7881417		35.294117				120.72	52.3	45.31		0.38	400.0
"Oromia"	"Jimma"	"SeKoru"	"Kelta"	75	169	"Teff"	"Midslope"	0.0	45	0	35	1	3	1.8	30.0	1.0	1.0	1.0	1.0	0.0	0.0	0.0	0.0	0.0	1	1	0	0	15.02	8.5	225.60042	127.670006	0.0	15.02	0.0	30.5	70438	21.0	10.5	200	5.69	32.3	25.37	40.0	887.2633	3.0974224	6.7881417		50.0			75.0	120.72	52.3	45.31	0.43		300.0
"Oromia"	"Jimma"	"SeKoru"	"Kelta"	75	171	"Teff"	"Midslope"	0.0	35	0	20	1	11	5.2	30.0	1.0	1.0	1.0	1.0	0.0	0.0	0.0	0.0	0.0	1	1	0	1	9.195	6.375	84.54802	58.618122	0.0	9.195	0.0	28.5	60466	19.6	10.9	201	5.75	35.0	24.85	39.2	887.2633	3.0974224	6.7881417		50.0			50.0	120.72	52.3	45.31	0.43		350.0
"Oromia"	"Jimma"	"SeKoru"	"Kelta"	75	168	"Teff"	"Midslope"	1.0	26	6	8	1	3	1.8	30.0	1.0	1.25	1.5625	1.0	0.0	0.0	0.0	0.0	0.0	1	1	0	0	7.6	6.8	57.76	51.68	0.0	7.6	0.0	30.5	70438	21.0	10.5	200	5.69	32.3	25.37	40.0	887.2633	3.0974224	6.7881417		50.0				120.72	52.3	45.31	0.43		360.0
"Oromia"	"Jimma"	"SeKoru"	"Kelta"	75	106	"Teff"	"Hillslope"	1.0	32	6	17	1	6	2.7	30.0	0.0	0.3	0.09	1.0	0.0	0.0	0.0	0.0	0.0	1	1	0	0	31.666666	28.333334	1002.7777	897.2222	0.0	0.0	31.666666	29.6	58562	21.2	9.9	201	5.68	32.3	25.96	37.7	895.44336	3.1165743	6.797319		50.0				120.72	52.3	45.31	0.43		6.0
"Oromia"	"Jimma"	"SeKoru"	"Kelta"	75	105	"Teff"	"Midslope"	1.0	46	0	28	1	9	4.0	30.0	1.0	0.3	0.09	1.0	0.0	0.0	0.0	0.0	0.0	1	1	0	1	31.666666	28.333334	1002.7777	897.2222	0.0	31.666666	0.0	28.5	60466	19.6	10.9	201	5.75	35.0	24.85	39.2	887.2633	3.0974224	6.7881417		50.0				120.72	52.3	45.31	0.43		533.3333
"Oromia"	"Jimma"	"SeKoru"	"Kelta"	75	106	"Teff"	"Midslope"	1.0	32	6	17	1	6	2.7	30.0	1.0	0.25	0.0625	1.0	0.0	0.0	0.0	0.0	0.0	1	1	0	1	61.0	34.0	3721.0	2074.0	0.0	61.0	0.0	29.6	58562	21.2	9.9	201	5.68	32.3	25.96	37.7	895.44336	3.1165743	6.797319		50.0			75.0	120.72	52.3	45.31	0.43		5.0
"Oromia"	"Jimma"	"SeKoru"	"Kelta"	75	171	"Sorghum"	"Hillslope"	0.0	35	0	20	1	11	5.2	30.0	1.0	0.5	0.25	0.0	0.0	0.0	0.0	0.0	0.0	1	1	0	1	0.0	0.0	0.0	0.0	0.0	0.0	0.0	28.5	60466	19.6	10.9	201	5.75	35.0	24.85	39.2	887.2633	3.0974224	6.7881417						120.72	52.3	45.31			600.0
"Southern_Nations,_Nationalities_and_Peoples"	"Hadiya"	"Lemo"	"Anabelesa"	76	119	"Wheat"	"Midslope"	1.0	45	9	6	1	7	3.2	37.5	1.0	0.25	0.0625	1.0	0.0	1.0	1.0	1.0	1.0	0	1	0	0	176.0	34.0	30976.0	5984.0	0.0	176.0	0.0	21.1	52184	19.0	9.5	242	5.76	37.3	27.4	34.8	635.0031	2.3936768	6.45363			38.0		53.333332	122.76	54.66	47.98		0.39	2000.0
"Southern_Nations,_Nationalities_and_Peoples"	"Hadiya"	"Lemo"	"Anabelesa"	76	174	"Wheat"	"Midslope"	1.0	38	7	0	1	8	3.7	37.5	1.0	0.5	0.25	1.0	0.0	0.0	0.0	0.0	0.0	1	1	0	1	65.0	17.0	4225.0	1105.0	0.0	65.0	0.0	21.1	52184	19.0	9.5	242	5.76	37.3	27.4	34.8	635.0031	2.3936768	6.45363			42.0		42.0	122.76	54.66	47.98		0.39	1600.0
"Southern_Nations,_Nationalities_and_Peoples"	"Hadiya"	"Lemo"	"Anabelesa"	76	123	"Wheat"	"Midslope"	0.0	50	4	0	1	6	3.1	37.5	1.0	0.5	0.25	1.0	0.0	0.0	1.0	0.0	0.0	1	1	0	0	32.5	8.5	1056.25	276.25	0.0	32.5	0.0	21.1	52184	19.0	9.5	242	5.76	37.3	27.4	34.8	635.0031	2.3936768	6.45363			100.0		75.0	122.76	54.66	47.98		0.39	400.0
"Southern_Nations,_Nationalities_and_Peoples"	"Hadiya"	"Lemo"	"Anabelesa"	76	121	"Wheat"	"Midslope"	1.0	65	3	40	1	6	3.3	37.5	1.0	0.5	0.25	1.0	0.0	0.0	1.0	0.0	0.0	1	1	0	0	65.0	17.0	4225.0	1105.0	0.0	65.0	0.0	21.1	52184	19.0	9.5	242	5.76	37.3	27.4	34.8	635.0031	2.3936768	6.45363			30.0		26.0	122.76	54.66	47.98		0.39	800.0
"Southern_Nations,_Nationalities_and_Peoples"	"Hadiya"	"Lemo"	"Anabelesa"	76	119	"Teff"	"Midslope"	1.0	45	9	6	1	7	3.2	37.5	1.0	0.25	0.0625	1.0	0.0	0.0	1.0	0.0	1.0	0	0	0	0	157.0	17.0	24649.0	2669.0	0.0	157.0	0.0	21.1	52184	19.0	9.5	242	5.76	37.3	27.4	34.8	635.0031	2.3936768	6.45363			48.0		53.333332	122.76	54.66	47.98	0.45		1200.0
"Southern_Nations,_Nationalities_and_Peoples"	"Hadiya"	"Lemo"	"Anabelesa"	76	100	"Teff"	"Midslope"	1.0	42	10	30	1	6	3.3	37.5	1.0	0.5	0.25	1.0	0.0	0.0	0.0	0.0	0.0	1	1	0	0	65.0	17.0	4225.0	1105.0	0.0	65.0	0.0	21.1	52184	19.0	9.5	242	5.76	37.3	27.4	34.8	635.0031	2.3936768	6.45363			37.24		37.24	122.76	54.66	47.98	0.45		400.0
"Southern_Nations,_Nationalities_and_Peoples"	"Hadiya"	"Lemo"	"Anabelesa"	76	162	"Teff"	"Midslope"	0.0	40	0	10	1	5	3.0	37.5	1.0	0.25	0.0625	1.0	0.0	0.0	1.0	0.0	0.0	1	1	0	1	84.0	34.0	7056.0	2856.0	0.0	84.0	0.0	21.0	46704	19.3	9.2	233	5.8	36.3	27.54	35.2	635.0031	2.3936768	6.45363			19.6		40.8	122.76	54.66	47.98	0.45		800.0
"Southern_Nations,_Nationalities_and_Peoples"	"Hadiya"	"Lemo"	"Anabelesa"	76	175	"Wheat"	"Midslope"	1.0	38	6	0	1	7	3.2	37.5	1.0	0.25	0.0625	1.0	0.0	0.0	0.0	0.0	0.0	1	1	0	1	65.0	17.0	4225.0	1105.0	0.0	65.0	0.0	21.1	52184	19.0	9.5	242	5.76	37.3	27.4	34.8	635.0031	2.3936768	6.45363			40.0		40.0	122.76	54.66	47.98		0.39	1000.0
"Southern_Nations,_Nationalities_and_Peoples"	"Hadiya"	"Lemo"	"Anabelesa"	76	182	"Teff"	"Footslope"	1.0	40	7	10	1	7	3.4	37.5	1.0	0.5	0.25	1.0	0.0	0.0	0.0	0.0	0.0	1	1	0	1	32.5	8.5	1056.25	276.25	32.5	0.0	0.0	21.1	52184	19.0	9.5	242	5.76	37.3	27.4	34.8	635.0031	2.3936768	6.45363			38.0		38.0	122.76	54.66	47.98	0.45		6.0
"Southern_Nations,_Nationalities_and_Peoples"	"Hadiya"	"Lemo"	"Anabelesa"	76	118	"Wheat"	"Midslope"	1.0	40	6	15	1	9	4.4	37.5	1.0	0.25	0.0625	1.0	0.0	1.0	1.0	0.0	1.0	0	1	0	0	84.0	34.0	7056.0	2856.0	0.0	84.0	0.0	21.1	52184	19.0	9.5	242	5.76	37.3	27.4	34.8	635.0031	2.3936768	6.45363			70.0		36.0	122.76	54.66	47.98		0.39	2000.0
"Southern_Nations,_Nationalities_and_Peoples"	"Hadiya"	"Lemo"	"Anabelesa"	76	117	"Teff"	"Hillslope"	1.0	65	6	10	1	5	3.0	37.5	1.0	0.25	0.0625	0.0	0.0	0.0	1.0	0.0	1.0	0	0	0	0	0.0	0.0	0.0	0.0	0.0	0.0	0.0	21.1	52184	19.0	9.5	242	5.76	37.3	27.4	34.8	635.0031	2.3936768	6.45363						122.76	54.66	47.98	0.45		800.0
"Southern_Nations,_Nationalities_and_Peoples"	"Hadiya"	"Lemo"	"Anabelesa"	76	182	"Wheat"	"Midslope"	1.0	40	7	10	1	7	3.4	37.5	1.0	0.25	0.0625	1.0	0.0	0.0	1.0	0.0	1.0	1	1	0	1	65.0	17.0	4225.0	1105.0	0.0	65.0	0.0	21.1	52184	19.0	9.5	242	5.76	37.3	27.4	34.8	635.0031	2.3936768	6.45363			38.0		38.0	122.76	54.66	47.98		0.39	20.0
"Southern_Nations,_Nationalities_and_Peoples"	"Hadiya"	"Lemo"	"Anabelesa"	76	121	"Teff"	"Midslope"	1.0	65	3	40	1	6	3.3	37.5	1.0	1.0	1.0	1.0	0.0	0.0	1.0	0.0	0.0	1	1	0	0	78.5	8.5	6162.25	667.25	0.0	78.5	0.0	21.1	52184	19.0	9.5	242	5.76	37.3	27.4	34.8	635.0031	2.3936768	6.45363			26.0		24.95	122.76	54.66	47.98	0.45		500.0
"Southern_Nations,_Nationalities_and_Peoples"	"Hadiya"	"Lemo"	"Anabelesa"	76	118	"Teff"	"Midslope"	1.0	40	6	15	1	9	4.4	37.5	1.0	1.0	1.0	1.0	0.0	0.0	1.0	0.0	1.0	1	1	0	0	42.0	17.0	1764.0	714.0	0.0	42.0	0.0	21.1	52184	19.0	9.5	242	5.76	37.3	27.4	34.8	635.0031	2.3936768	6.45363			40.0		38.0	122.76	54.66	47.98	0.45		300.0
"Southern_Nations,_Nationalities_and_Peoples"	"Hadiya"	"Lemo"	"Anabelesa"	76	182	"Wheat"	"Footslope"	1.0	40	7	10	1	7	3.4	37.5	1.0	0.5	0.25	1.0	0.0	0.0	1.0	0.0	0.0	1	1	0	1	42.0	17.0	1764.0	714.0	42.0	0.0	0.0	21.1	52184	19.0	9.5	242	5.76	37.3	27.4	34.8	635.0031	2.3936768	6.45363			37.0		38.0	122.76	54.66	47.98		0.39	20.0
"Southern_Nations,_Nationalities_and_Peoples"	"Hadiya"	"Lemo"	"Anabelesa"	76	122	"Teff"	"Midslope"	1.0	40	5	30	1	7	3.2	37.5	1.0	0.5	0.25	1.0	0.0	0.0	1.0	0.0	0.0	1	1	0	0	111.0	17.0	12321.0	1887.0	0.0	111.0	0.0	21.1	52184	19.0	9.5	242	5.76	37.3	27.4	34.8	635.0031	2.3936768	6.45363			26.0		35.0	122.76	54.66	47.98	0.45		800.0
"Oromia"	"Jimma"	"SeKoru"	"Kelta"	77	185	"Teff"	"Hillslope"	1.0	27	0	10	1	7	3.0	30.0	1.0	0.25	0.0625	1.0	0.0	0.0	0.0	0.0	0.0	1	1	0	0	84.0	34.0	7056.0	2856.0	0.0	0.0	84.0	29.6	58562	21.2	9.9	201	5.68	32.3	25.96	37.7	895.44336	3.1165743	6.797319		40.0			32.0	120.72	52.3	45.31	0.43		400.0
"Oromia"	"Jimma"	"SeKoru"	"Kelta"	77	165	"Teff"	"Midslope"	0.0	24	4	11	1	5	2.4	30.0	1.0	0.25	0.0625	1.0	0.0	1.0	0.0	0.0	0.0	1	1	0	1	22.8	20.4	519.83997	465.11996	0.0	22.8	0.0	28.8	55836	21.4	10.1	205	5.65	32.1	26.13	36.7	865.70544	2.8870463	6.7635446		46.666668				120.72	52.3	45.31	0.43		600.0
"Oromia"	"Jimma"	"SeKoru"	"Kelta"	77	111	"Sorghum"	"Hillslope"	1.0	33	4	13	1	7	3.0	30.0	1.0	0.25	0.0625	0.0	0.0	0.0	0.0	0.0	0.0	0	1	0	1	0.0	0.0	0.0	0.0	0.0	0.0	0.0	28.8	55836	21.4	10.1	205	5.65	32.1	26.13	36.7	865.70544	2.8870463	6.7635446						120.72	52.3	45.31			800.0
"Oromia"	"Jimma"	"SeKoru"	"Kelta"	77	154	"Wheat"	"Hillslope"	1.0	35	10	10	1	5	2.4	30.0	1.0	0.125	0.015625	0.0	0.0	0.0	0.0	0.0	0.0	1	1	0	0	0.0	0.0	0.0	0.0	0.0	0.0	0.0	28.8	55836	21.4	10.1	205	5.65	32.1	26.13	36.7	865.70544	2.8870463	6.7635446						120.72	52.3	45.31		0.38	1600.0
"Oromia"	"Jimma"	"SeKoru"	"Kelta"	77	227	"Teff"	"Hillslope"	1.0	35	0	15	1	8	3.5	30.0	1.0	0.5	0.25	1.0	0.0	0.0	0.0	0.0	0.0	1	1	0	0	19.0	17.0	361.0	323.0	0.0	0.0	19.0	29.6	58562	21.2	9.9	201	5.68	32.3	25.96	37.7	895.44336	3.1165743	6.797319		40.0				120.72	52.3	45.31	0.43		180.0
"Oromia"	"Jimma"	"SeKoru"	"Kelta"	77	155	"Sorghum"	"Hillslope"	1.0	35	2	20	1	6	2.7	30.0	0.0	0.375	0.140625	0.0	0.0	0.0	0.0	1.0	0.0	0	1	0	1	0.0	0.0	0.0	0.0	0.0	0.0	0.0	28.8	55836	21.4	10.1	205	5.65	32.1	26.13	36.7	865.70544	2.8870463	6.7635446						120.72	52.3	45.31			9.333333
"Oromia"	"Jimma"	"SeKoru"	"Kelta"	77	227	"Teff"	"Midslope"	1.0	35	0	15	1	8	3.5	30.0	1.0	0.5	0.25	1.0	0.0	0.0	0.0	0.0	0.0	1	1	0	1	19.0	17.0	361.0	323.0	0.0	19.0	0.0	29.6	58562	21.2	9.9	201	5.68	32.3	25.96	37.7	895.44336	3.1165743	6.797319		40.0				120.72	52.3	45.31	0.43		270.0
"Oromia"	"Jimma"	"SeKoru"	"Kelta"	77	185	"Sorghum"	"Midslope"	1.0	27	0	10	1	7	3.0	30.0	1.0	0.25	0.0625	0.0	0.0	0.0	0.0	0.0	0.0	0	1	0	0	0.0	0.0	0.0	0.0	0.0	0.0	0.0	29.6	58562	21.2	9.9	201	5.68	32.3	25.96	37.7	895.44336	3.1165743	6.797319						120.72	52.3	45.31			320.0
"Oromia"	"Jimma"	"SeKoru"	"Kelta"	77	154	"Teff"	"Hillslope"	1.0	35	10	10	1	5	2.4	30.0	1.0	0.125	0.015625	1.0	0.0	0.0	0.0	0.0	0.0	1	1	0	1	38.0	34.0	1444.0	1292.0	0.0	0.0	38.0	28.8	55836	21.4	10.1	205	5.65	32.1	26.13	36.7	865.70544	2.8870463	6.7635446		52.0				120.72	52.3	45.31	0.43		800.0
"Oromia"	"Jimma"	"SeKoru"	"Kelta"	77	101	"Teff"	"Midslope"	1.0	57	8	35	1	7	3.2	30.0	1.0	0.125	0.015625	1.0	0.0	0.0	0.0	0.0	0.0	1	1	0	1	114.0	102.0	12996.0	11628.0	0.0	114.0	0.0	28.8	55836	21.4	10.1	205	5.65	32.1	26.13	36.7	865.70544	2.8870463	6.7635446		50.0				120.72	52.3	45.31	0.43		800.0
"Oromia"	"Jimma"	"SeKoru"	"Kelta"	77	154	"Teff"	"Midslope"	1.0	35	10	10	1	5	2.4	30.0	1.0	0.25	0.0625	1.0	0.0	0.0	0.0	0.0	0.0	1	1	0	1	38.0	34.0	1444.0	1292.0	0.0	38.0	0.0	28.8	55836	21.4	10.1	205	5.65	32.1	26.13	36.7	865.70544	2.8870463	6.7635446		52.0				120.72	52.3	45.31	0.43		2000.0
"Oromia"	"Jimma"	"SeKoru"	"Kelta"	77	115	"Teff"	"Midslope"	1.0	30	4	10	1	6	2.7	30.0	0.0	0.25	0.0625	1.0	0.0	0.0	0.0	0.0	0.0	1	1	0	1	61.0	34.0	3721.0	2074.0	0.0	61.0	0.0	28.5	60466	19.6	10.9	201	5.75	35.0	24.85	39.2	887.2633	3.0974224	6.7881417		50.0			40.0	120.72	52.3	45.31	0.43		1600.0
"Oromia"	"Jimma"	"SeKoru"	"Kelta"	77	165	"Wheat"	"Midslope"	0.0	24	4	11	1	5	2.4	30.0	1.0	0.125	0.015625	0.0	0.0	0.0	0.0	0.0	0.0	1	1	0	1	0.0	0.0	0.0	0.0	0.0	0.0	0.0	28.8	55836	21.4	10.1	205	5.65	32.1	26.13	36.7	865.70544	2.8870463	6.7635446						120.72	52.3	45.31		0.38	480.0
"Oromia"	"Jimma"	"SeKoru"	"Kelta"	77	112	"Teff"	"Midslope"	0.0	30	3	4	1	7	3.2	30.0	1.0	0.25	0.0625	1.0	0.0	0.0	0.0	0.0	0.0	1	1	1	1	222.0	34.0	49284.0	7548.0	0.0	222.0	0.0	29.6	58562	21.2	9.9	201	5.68	32.3	25.96	37.7	895.44336	3.1165743	6.797319		50.0			25.0	120.72	52.3	45.31	0.43		200.0
"Oromia"	"Jimma"	"SeKoru"	"Kelta"	77	155	"Teff"	"Hillslope"	1.0	35	2	20	1	6	2.7	30.0	0.0	0.65	0.4225	1.0	0.0	0.0	0.0	0.0	0.0	0	1	0	1	50.0	13.076923	2500.0	653.8462	0.0	0.0	50.0	28.8	55836	21.4	10.1	205	5.65	32.1	26.13	36.7	865.70544	2.8870463	6.7635446		94.0			50.0	120.72	52.3	45.31	0.43		307.69232
"Oromia"	"Jimma"	"SeKoru"	"Kelta"	77	166	"Teff"	"Midslope"	1.0	35	0	22	1	9	4.2	30.0	1.0	0.25	0.0625	1.0	0.0	0.0	0.0	0.0	0.0	1	1	0	0	19.76	17.68	390.4576	349.3568	0.0	19.76	0.0	27.6	55852	20.6	10.3	205	5.74	32.8	25.83	38.9	895.44336	3.1165743	6.797319		265.3846				120.72	52.3	45.31	0.43		400.0
"Oromia"	"Jimma"	"SeKoru"	"Kelta"	77	102	"Teff"	"Midslope"	1.0	35	0	25	1	5	2.4	30.0	0.0	1.0	1.0	1.0	0.0	0.0	0.0	0.0	0.0	1	1	0	1	25.75	12.75	663.0625	328.3125	0.0	25.75	0.0	28.8	55836	21.4	10.1	205	5.65	32.1	26.13	36.7	865.70544	2.8870463	6.7635446		50.0			40.0	120.72	52.3	45.31	0.43		600.0
"Oromia"	"Jimma"	"SeKoru"	"Kelta"	77	155	"Teff"	"Hillslope"	1.0	35	2	20	1	6	2.7	30.0	0.0	0.875	0.765625	1.0	0.0	0.0	0.0	0.0	0.0	1	1	0	1	10.857142	9.714286	117.87754	105.46938	0.0	0.0	10.857142	28.8	55836	21.4	10.1	205	5.65	32.1	26.13	36.7	865.70544	2.8870463	6.7635446		50.0				120.72	52.3	45.31	0.43		342.85715
"Oromia"	"Jimma"	"SeKoru"	"Kelta"	77	112	"Wheat"	"Midslope"	0.0	30	3	4	1	7	3.2	30.0	0.0	0.0625	0.00390625	1.0	0.0	0.0	1.0	1.0	0.0	1	1	0	0	38.0	34.0	1444.0	1292.0	0.0	38.0	0.0	29.6	58562	21.2	9.9	201	5.68	32.3	25.96	37.7	895.44336	3.1165743	6.797319		100.0				120.72	52.3	45.31		0.38	800.0
"Oromia"	"Jimma"	"SeKoru"	"Kelta"	77	155	"Teff"	"Midslope"	1.0	35	2	20	1	6	2.7	30.0	0.0	0.75	0.5625	1.0	0.0	0.0	0.0	0.0	0.0	1	1	0	1	34.333332	17.0	1178.7777	583.6666	0.0	34.333332	0.0	28.8	55836	21.4	10.1	205	5.65	32.1	26.13	36.7	865.70544	2.8870463	6.7635446		50.0			50.0	120.72	52.3	45.31	0.43		266.66666
"Oromia"	"Jimma"	"SeKoru"	"Kelta"	77	101	"Sorghum"	"Midslope"	1.0	57	8	35	1	7	3.2	30.0	1.0	0.125	0.015625	0.0	0.0	0.0	0.0	0.0	0.0	0	1	0	1	0.0	0.0	0.0	0.0	0.0	0.0	0.0	28.8	55836	21.4	10.1	205	5.65	32.1	26.13	36.7	865.70544	2.8870463	6.7635446						120.72	52.3	45.31			1600.0
"Oromia"	"Jimma"	"SeKoru"	"Kelta"	77	227	"Teff"	"Footslope"	1.0	35	0	15	1	8	3.5	30.0	1.0	0.5	0.25	1.0	0.0	0.0	0.0	0.0	0.0	1	1	0	0	19.0	17.0	361.0	323.0	19.0	0.0	0.0	29.6	58562	21.2	9.9	201	5.68	32.3	25.96	37.7	895.44336	3.1165743	6.797319		40.0				120.72	52.3	45.31	0.43		150.0
"Oromia"	"Jimma"	"SeKoru"	"Kelta"	77	185	"Teff"	"Midslope"	1.0	27	0	10	1	7	3.0	30.0	1.0	0.25	0.0625	1.0	0.0	0.0	0.0	0.0	0.0	1	1	0	0	38.0	34.0	1444.0	1292.0	0.0	38.0	0.0	29.6	58562	21.2	9.9	201	5.68	32.3	25.96	37.7	895.44336	3.1165743	6.797319		40.0				120.72	52.3	45.31	0.43		400.0
"Oromia"	"Jimma"	"SeKoru"	"Kelta"	77	165	"Sorghum"	"Midslope"	0.0	24	4	11	1	5	2.4	30.0	1.0	0.25	0.0625	0.0	0.0	0.0	0.0	0.0	0.0	1	1	0	0	0.0	0.0	0.0	0.0	0.0	0.0	0.0	28.8	55836	21.4	10.1	205	5.65	32.1	26.13	36.7	865.70544	2.8870463	6.7635446						120.72	52.3	45.31			600.0
"Oromia"	"Jimma"	"SeKoru"	"Kelta"	77	111	"Teff"	"Footslope"	1.0	33	4	13	1	7	3.0	30.0	0.0	0.25	0.0625	1.0	0.0	0.0	1.0	0.0	0.0	1	1	0	1	164.0	80.0	26896.0	13120.0	164.0	0.0	0.0	28.8	55836	21.4	10.1	205	5.65	32.1	26.13	36.7	865.70544	2.8870463	6.7635446	40.0				50.0	120.72	52.3	45.31	0.43		2000.0
"Oromia"	"Jimma"	"SeKoru"	"Kelta"	77	165	"Teff"	"Hillslope"	0.0	24	4	11	1	5	2.4	30.0	1.0	0.125	0.015625	1.0	0.0	0.0	0.0	1.0	0.0	1	1	0	1	18.24	16.32	332.6976	297.6768	0.0	0.0	18.24	28.8	55836	21.4	10.1	205	5.65	32.1	26.13	36.7	865.70544	2.8870463	6.7635446		46.666668				120.72	52.3	45.31	0.43		400.0
"Oromia"	"Jimma"	"SeKoru"	"Kelta"	77	115	"Wheat"	"Hillslope"	1.0	30	4	10	1	6	2.7	30.0	1.0	0.25	0.0625	0.0	0.0	0.0	1.0	0.0	0.0	1	1	0	1	0.0	0.0	0.0	0.0	0.0	0.0	0.0	28.5	60466	19.6	10.9	201	5.75	35.0	24.85	39.2	887.2633	3.0974224	6.7881417						120.72	52.3	45.31		0.38	400.0
"Oromia"	"Jimma"	"SeKoru"	"Kelta"	77	102	"Sorghum"	"Hillslope"	1.0	35	0	25	1	5	2.4	30.0	1.0	0.25	0.0625	0.0	0.0	0.0	0.0	0.0	0.0	0	1	0	1	0.0	0.0	0.0	0.0	0.0	0.0	0.0	28.8	55836	21.4	10.1	205	5.65	32.1	26.13	36.7	865.70544	2.8870463	6.7635446						120.72	52.3	45.31			800.0
"Oromia"	"Jimma"	"SeKoru"	"Kelta"	77	166	"Sorghum"	"Midslope"	1.0	35	0	22	1	9	4.2	30.0	0.0	0.25	0.0625	0.0	0.0	0.0	0.0	0.0	0.0	1	1	0	0	0.0	0.0	0.0	0.0	0.0	0.0	0.0	27.6	55852	20.6	10.3	205	5.74	32.8	25.83	38.9	895.44336	3.1165743	6.797319						120.72	52.3	45.31			640.0
"Oromia"	"Jimma"	"SeKoru"	"Kelta"	77	101	"Teff"	"Midslope"	1.0	57	8	35	1	7	3.2	30.0	0.0	2.0	4.0	1.0	0.0	0.0	0.0	0.0	0.0	1	1	0	0	1.1875	1.0625	1.4101562	1.2617188	0.0	1.1875	0.0	28.8	55836	21.4	10.1	205	5.65	32.1	26.13	36.7	865.70544	2.8870463	6.7635446		40.0				120.72	52.3	45.31	0.43		450.0
"Southern_Nations,_Nationalities_and_Peoples"	"Hadiya"	"Anlemo"	"D_Fonko"	78	401	"Wheat"	"Midslope"	1.0	40	3	10	1	5	2.4	40.0	0.0	0.75	0.5625	1.0	0.0	1.0	0.0	0.0	1.0	1	1	0	0	21.666666	5.6666665	469.44443	122.77777	0.0	21.666666	0.0	23.9	63134	20.8	10.4	236	5.76	35.7	27.66	34.9	678.8492	2.1924362	6.520399			40.0		24.95	122.76	54.66	47.98		0.39	933.3333
"Southern_Nations,_Nationalities_and_Peoples"	"Hadiya"	"Anlemo"	"D_Fonko"	78	418	"Wheat"	"Hillslope"	1.0	45	12	25	1	10	4.7	40.0	1.0	0.5	0.25	1.0	0.0	0.0	1.0	1.0	0.0	1	0	0	0	46.0	0.0	2116.0	0.0	0.0	0.0	46.0	23.9	63134	20.8	10.4	236	5.76	35.7	27.66	34.9	678.8492	2.1924362	6.520399					40.0	122.76	54.66	47.98		0.39	20.0
"Southern_Nations,_Nationalities_and_Peoples"	"Hadiya"	"Anlemo"	"D_Fonko"	78	420	"Wheat"	"Midslope"	1.0	40	0	6	1	5	2.6	40.0	1.0	0.25	0.0625	1.0	0.0	0.0	0.0	0.0	0.0	1	1	0	1	84.0	34.0	7056.0	2856.0	0.0	84.0	0.0	23.9	63134	20.8	10.4	236	5.76	35.7	27.66	34.9	678.8492	2.1924362	6.520399			38.0		37.0	122.76	54.66	47.98		0.39	1200.0
"Southern_Nations,_Nationalities_and_Peoples"	"Hadiya"	"Anlemo"	"D_Fonko"	78	420	"Teff"	"Footslope"	1.0	40	0	6	1	5	2.6	40.0	1.0	0.25	0.0625	1.0	0.0	0.0	0.0	0.0	0.0	1	1	0	0	65.0	17.0	4225.0	1105.0	65.0	0.0	0.0	23.9	63134	20.8	10.4	236	5.76	35.7	27.66	34.9	678.8492	2.1924362	6.520399			37.0		37.0	122.76	54.66	47.98	0.45		200.0
"Southern_Nations,_Nationalities_and_Peoples"	"Hadiya"	"Anlemo"	"D_Fonko"	78	498	"Wheat"	"Midslope"	1.0	45	8	0	1	5	2.8	40.0	1.0	0.25	0.0625	1.0	0.0	1.0	0.0	0.0	0.0	1	1	0	1	72.6	23.8	5270.76	1727.8799	0.0	72.6	0.0	23.9	63134	20.8	10.4	236	5.76	35.7	27.66	34.9	678.8492	2.1924362	6.520399			40.0		40.0	122.76	54.66	47.98		0.39	1000.0
"Southern_Nations,_Nationalities_and_Peoples"	"Hadiya"	"Anlemo"	"D_Fonko"	78	412	"Wheat"	"Midslope"	1.0	40	12	16	1	5	2.4	40.0	1.0	0.5	0.25	1.0	0.0	0.0	0.0	0.0	0.0	1	0	0	1	65.0	17.0	4225.0	1105.0	0.0	65.0	0.0	23.9	63134	20.8	10.4	236	5.76	35.7	27.66	34.9	678.8492	2.1924362	6.520399			36.4		36.4	122.76	54.66	47.98		0.39	1200.0
"Southern_Nations,_Nationalities_and_Peoples"	"Hadiya"	"Anlemo"	"D_Fonko"	78	401	"Wheat"	"Midslope"	1.0	40	3	10	1	5	2.4	40.0	1.0	0.25	0.0625	1.0	0.0	1.0	0.0	0.0	1.0	1	1	0	1	394.96	153.0	155993.39	402859.2	0.0	394.96	0.0	23.9	63134	20.8	10.4	236	5.76	35.7	27.66	34.9	678.8492	2.1924362	6.520399			7.0		39.0	122.76	54.66	47.98		0.39	1600.0
"Southern_Nations,_Nationalities_and_Peoples"	"Hadiya"	"Anlemo"	"D_Fonko"	78	412	"Teff"	"Midslope"	1.0	40	12	16	1	5	2.4	40.0	1.0	0.25	0.0625	1.0	0.0	0.0	0.0	0.0	0.0	0	1	0	0	65.0	17.0	4225.0	1105.0	0.0	65.0	0.0	23.9	63134	20.8	10.4	236	5.76	35.7	27.66	34.9	678.8492	2.1924362	6.520399			36.4		36.2	122.76	54.66	47.98	0.45		800.0
"Southern_Nations,_Nationalities_and_Peoples"	"Hadiya"	"Anlemo"	"D_Fonko"	78	418	"Teff"	"Hillslope"	1.0	45	12	25	1	10	4.7	40.0	1.0	0.125	0.015625	1.0	0.0	0.0	1.0	1.0	0.0	1	1	0	0	260.0	68.0	67600.0	17680.0	0.0	0.0	260.0	23.9	63134	20.8	10.4	236	5.76	35.7	27.66	34.9	678.8492	2.1924362	6.520399			40.0		40.0	122.76	54.66	47.98	0.45		8.0
"Southern_Nations,_Nationalities_and_Peoples"	"Hadiya"	"Anlemo"	"D_Fonko"	78	339	"Teff"	"Midslope"	1.0	45	6	0	1	9	4.4	40.0	1.0	0.25	0.0625	1.0	0.0	0.0	0.0	0.0	1.0	0	0	0	0	65.0	17.0	4225.0	1105.0	0.0	65.0	0.0	23.9	63134	20.8	10.4	236	5.76	35.7	27.66	34.9	678.8492	2.1924362	6.520399			48.0		24.95	122.76	54.66	47.98	0.45		800.0
"Southern_Nations,_Nationalities_and_Peoples"	"Hadiya"	"Anlemo"	"D_Fonko"	78	339	"Wheat"	"Midslope"	1.0	45	6	0	1	9	4.4	40.0	1.0	0.25	0.0625	1.0	0.0	0.0	0.0	0.0	1.0	0	0	0	0	65.0	17.0	4225.0	1105.0	0.0	65.0	0.0	23.9	63134	20.8	10.4	236	5.76	35.7	27.66	34.9	678.8492	2.1924362	6.520399			60.0		24.95	122.76	54.66	47.98		0.39	1600.0
"Southern_Nations,_Nationalities_and_Peoples"	"Hadiya"	"Anlemo"	"D_Fonko"	78	408	"Wheat"	"Midslope"	1.0	60	0	20	1	11	5.2	40.0	1.0	0.5	0.25	1.0	0.0	1.0	1.0	0.0	1.0	1	1	0	1	32.5	8.5	1056.25	276.25	0.0	32.5	0.0	23.9	63134	20.8	10.4	236	5.76	35.7	27.66	34.9	678.8492	2.1924362	6.520399			36.4		36.0	122.76	54.66	47.98		0.39	2200.0
"Amhara"	"East_Gojjam"	"Gozamin"	"Desasamabo"	79	661	"Wheat"	"Hillslope"	0.0	60	0	12	1	1	1.0	35.0	1.0	0.5	0.25	1.0	0.0	1.0	0.0	1.0	0.0	1	1	0	0	42.0	17.0	1764.0	714.0	0.0	0.0	42.0	28.1	29833	20.5	12.8	245	5.65	32.1	24.91	39.9	1000.0721	1.8320339	6.9078274			39.94		39.52	114.67	53.46	46.65		0.41	1000.0
"Amhara"	"East_Gojjam"	"Gozamin"	"Desasamabo"	79	661	"Teff"	"Hillslope"	0.0	60	0	12	1	1	1.0	35.0	1.0	0.25	0.0625	1.0	0.0	0.0	0.0	0.0	0.0	1	1	0	0	84.0	34.0	7056.0	2856.0	0.0	0.0	84.0	28.1	29833	20.5	12.8	245	5.65	32.1	24.91	39.9	1000.0721	1.8320339	6.9078274			39.94		39.52	114.67	53.46	46.65	0.47		1200.0
"Amhara"	"North_Gonder"	"West_Belesa"	"Arbaya"	80	984	"Sorghum"	"Footslope"	1.0	41	0	30	1	8	3.7	10.0	1.0	0.5	0.25	1.0	0.0	0.0	0.0	0.0	1.0	0	0	0	0	32.5	8.5	1056.25	276.25	32.5	0.0	0.0	12.7	865	9.3	12.1	212	7.05	39.2	26.35	34.0	933.8611	1.0995116	6.839328		44.0			44.0	114.67	53.46	46.65			2400.0
"Amhara"	"North_Gonder"	"West_Belesa"	"Arbaya"	80	802	"Sorghum"	"Footslope"	1.0	40	4	24	1	5	2.6	10.0	1.0	1.0	1.0	1.0	0.0	0.0	1.0	0.0	1.0	1	0	0	1	16.25	4.25	264.0625	69.0625	16.25	0.0	0.0	12.7	865	9.3	12.1	212	7.05	39.2	26.35	34.0	933.8611	1.0995116	6.839328		36.0			35.0	114.67	53.46	46.65			1600.0
"Amhara"	"North_Gonder"	"West_Belesa"	"Arbaya"	80	803	"Sorghum"	"Footslope"	1.0	22	12	5	1	6	3.1	10.0	1.0	0.5	0.25	1.0	0.0	1.0	1.0	0.0	1.0	0	0	0	1	65.0	17.0	4225.0	1105.0	65.0	0.0	0.0	12.7	865	9.3	12.1	212	7.05	39.2	26.35	34.0	933.8611	1.0995116	6.839328		38.0			39.0	114.67	53.46	46.65			4400.0
"Amhara"	"North_Gonder"	"West_Belesa"	"Arbaya"	80	672	"Sorghum"	"Footslope"	1.0	42	0	28	1	5	2.4	10.0	0.0	0.67	0.4489	1.0	1.0	1.0	1.0	0.0	1.0	0	0	0	1	0.12126865	0.031716418	0.014706086	0.0038462072	0.12126865	0.0	0.0	13.0	943	9.1	11.1	225	7.15	37.4	26.22	35.7	933.8611	1.0995116	6.839328		8800.0			75.0	114.67	53.46	46.65			22.38806
"Amhara"	"North_Gonder"	"West_Belesa"	"Arbaya"	80	732	"Teff"	"Midslope"	1.0	60	4	46	1	7	3.4	10.0	1.0	1.0	1.0	1.0	0.0	0.0	0.0	0.0	1.0	1	0	0	1	3.44	1.02	11.8336	3.5088	0.0	3.44	0.0	12.7	865	9.3	12.1	212	7.05	39.2	26.35	34.0	933.8611	1.0995116	6.839328		43.333332			48.0	114.67	53.46	46.65	0.47		900.0
"Amhara"	"North_Gonder"	"West_Belesa"	"Arbaya"	80	731	"Sorghum"	"Footslope"	1.0	45	10	21	1	6	3.1	10.0	1.0	0.75	0.5625	1.0	0.0	0.0	0.0	0.0	0.0	0	0	0	1	17.333334	4.5333333	300.44446	78.57778	17.333334	0.0	0.0	13.0	943	9.1	11.1	225	7.15	37.4	26.22	35.7	933.8611	1.0995116	6.839328		14.7			24.95	114.67	53.46	46.65			3600.0
"Amhara"	"North_Gonder"	"West_Belesa"	"Arbaya"	80	673	"Teff"	"Footslope"	1.0	60	5	48	1	5	3.0	10.0	1.0	0.625	0.390625	1.0	0.0	1.0	0.0	0.0	0.0	0	0	0	1	12.832001	4.896	164.66025	62.825474	12.832001	0.0	0.0	13.0	943	9.1	11.1	225	7.15	37.4	26.22	35.7	933.8611	1.0995116	6.839328		36.666668			41.0	114.67	53.46	46.65	0.47		640.0
"Amhara"	"North_Gonder"	"West_Belesa"	"Arbaya"	80	729	"Sorghum"	"Midslope"	1.0	41	0	27	1	7	3.4	10.0	0.0	0.5	0.25	1.0	0.0	1.0	1.0	0.0	1.0	0	0	0	1	16.8	6.8	282.23996	114.24	0.0	16.8	0.0	12.7	865	9.3	12.1	212	7.05	39.2	26.35	34.0	933.8611	1.0995116	6.839328		30.0			30.0	114.67	53.46	46.65			500.0
"Amhara"	"North_Gonder"	"West_Belesa"	"Arbaya"	80	733	"Teff"	"Footslope"	1.0	63	0	49	1	4	2.3	10.0	1.0	0.25	0.0625	1.0	0.0	1.0	0.0	0.0	1.0	0	0	1	1	91.0	23.8	8281.0	2165.8	91.0	0.0	0.0	13.0	943	9.1	11.1	225	7.15	37.4	26.22	35.7	933.8611	1.0995116	6.839328		17.142857			24.95	114.67	53.46	46.65	0.47		2800.0
"Amhara"	"North_Gonder"	"West_Belesa"	"Arbaya"	80	986	"Teff"	"Midslope"	1.0	31	12	10	1	4	2.3	10.0	0.0	0.5	0.25	1.0	0.0	1.0	1.0	0.0	1.0	0	1	0	1	0.305	0.17	0.09302501	0.051850002	0.0	0.305	0.0	12.7	865	9.3	12.1	212	7.05	39.2	26.35	34.0	933.8611	1.0995116	6.839328		4000.0			75.0	114.67	53.46	46.65	0.47		1400.0
"Amhara"	"North_Gonder"	"West_Belesa"	"Arbaya"	80	729	"Teff"	"Footslope"	1.0	41	0	27	1	7	3.4	10.0	1.0	0.25	0.0625	1.0	1.0	1.0	0.0	0.0	0.0	0	0	1	1	16.8	6.8	282.23996	114.24	16.8	0.0	0.0	12.7	865	9.3	12.1	212	7.05	39.2	26.35	34.0	933.8611	1.0995116	6.839328		30.0			30.0	114.67	53.46	46.65	0.47		600.0
"Amhara"	"North_Gonder"	"West_Belesa"	"Arbaya"	80	986	"Sorghum"	"Footslope"	1.0	31	12	10	1	4	2.3	10.0	1.0	0.75	0.5625	1.0	0.0	1.0	1.0	0.0	0.0	1	0	0	0	6.3333335	5.6666665	40.111115	35.88889	6.3333335	0.0	0.0	12.7	865	9.3	12.1	212	7.05	39.2	26.35	34.0	933.8611	1.0995116	6.839328		40.0				114.67	53.46	46.65			1466.6666
"Amhara"	"North_Gonder"	"West_Belesa"	"Arbaya"	80	733	"Sorghum"	"Midslope"	1.0	63	0	49	1	4	2.3	10.0	1.0	0.5	0.25	1.0	0.0	1.0	0.0	0.0	1.0	0	0	0	1	19.5	5.1	380.25	99.45	0.0	19.5	0.0	13.0	943	9.1	11.1	225	7.15	37.4	26.22	35.7	933.8611	1.0995116	6.839328		16.666666			24.95	114.67	53.46	46.65			3000.0
"Amhara"	"North_Gonder"	"West_Belesa"	"Arbaya"	80	802	"Teff"	"Footslope"	1.0	40	4	24	1	5	2.6	10.0	1.0	0.5	0.25	1.0	0.0	0.0	1.0	0.0	1.0	1	0	0	1	32.5	8.5	1056.25	276.25	32.5	0.0	0.0	12.7	865	9.3	12.1	212	7.05	39.2	26.35	34.0	933.8611	1.0995116	6.839328		36.0			35.0	114.67	53.46	46.65	0.47		1400.0
"Amhara"	"North_Gonder"	"West_Belesa"	"Arbaya"	80	730	"Teff"	"Footslope"	1.0	52	0	38	1	9	4.2	10.0	1.0	0.5	0.25	1.0	0.0	1.0	1.0	0.0	1.0	0	0	1	1	42.0	17.0	1764.0	714.0	42.0	0.0	0.0	12.7	865	9.3	12.1	212	7.05	39.2	26.35	34.0	933.8611	1.0995116	6.839328		33.0			35.0	114.67	53.46	46.65	0.47		1800.0
"Amhara"	"North_Gonder"	"West_Belesa"	"Arbaya"	80	673	"Teff"	"Footslope"	1.0	60	5	48	1	5	3.0	10.0	1.0	0.75	0.5625	1.0	0.0	0.0	0.0	0.0	0.0	0	0	0	1	19.133333	3.3999999	366.08444	65.05333	19.133333	0.0	0.0	13.0	943	9.1	11.1	225	7.15	37.4	26.22	35.7	933.8611	1.0995116	6.839328		43.333332			75.0	114.67	53.46	46.65	0.47		800.0
"Amhara"	"North_Gonder"	"West_Belesa"	"Arbaya"	80	803	"Sorghum"	"Footslope"	1.0	22	12	5	1	6	3.1	10.0	1.0	0.25	0.0625	1.0	0.0	0.0	1.0	0.0	1.0	0	0	0	1	65.0	17.0	4225.0	1105.0	65.0	0.0	0.0	12.7	865	9.3	12.1	212	7.05	39.2	26.35	34.0	933.8611	1.0995116	6.839328		36.0			37.0	114.67	53.46	46.65			2000.0
"Amhara"	"North_Gonder"	"West_Belesa"	"Arbaya"	80	730	"Sorghum"	"Footslope"	1.0	52	0	38	1	9	4.2	10.0	1.0	0.5	0.25	1.0	0.0	1.0	1.0	0.0	1.0	0	0	0	1	19.0	17.0	361.0	323.0	19.0	0.0	0.0	12.7	865	9.3	12.1	212	7.05	39.2	26.35	34.0	933.8611	1.0995116	6.839328		33.0				114.67	53.46	46.65			4600.0
"Amhara"	"North_Gonder"	"West_Belesa"	"Arbaya"	80	673	"Sorghum"	"Footslope"	1.0	60	5	48	1	5	3.0	10.0	1.0	0.375	0.140625	1.0	0.0	1.0	0.0	0.0	0.0	0	0	0	1	10.1866665	3.6266668	103.76817	36.943645	10.1866665	0.0	0.0	13.0	943	9.1	11.1	225	7.15	37.4	26.22	35.7	933.8611	1.0995116	6.839328		41.0			41.0	114.67	53.46	46.65			5200.0
"Amhara"	"North_Gonder"	"West_Belesa"	"Arbaya"	80	672	"Teff"	"Footslope"	1.0	42	0	28	1	5	2.4	10.0	1.0	1.0	1.0	1.0	1.0	1.0	1.0	0.0	1.0	1	0	0	1	16.25	4.25	264.0625	69.0625	16.25	0.0	0.0	13.0	943	9.1	11.1	225	7.15	37.4	26.22	35.7	933.8611	1.0995116	6.839328		96.0			75.0	114.67	53.46	46.65	0.47		1600.0
"Amhara"	"North_Gonder"	"West_Belesa"	"Arbaya"	80	672	"Sorghum"	"Midslope"	1.0	42	0	28	1	5	2.4	10.0	0.0	0.5	0.25	1.0	0.0	1.0	1.0	0.0	1.0	0	0	0	1	16.25	4.25	264.0625	69.0625	0.0	16.25	0.0	13.0	943	9.1	11.1	225	7.15	37.4	26.22	35.7	933.8611	1.0995116	6.839328		88.0			75.0	114.67	53.46	46.65			26.0
"Amhara"	"North_Gonder"	"West_Belesa"	"Arbaya"	80	729	"Teff"	"Midslope"	1.0	41	0	27	1	7	3.4	10.0	0.0	0.5	0.25	1.0	0.0	1.0	0.0	0.0	1.0	0	0	0	1	6.5	1.7	42.25	11.05	0.0	6.5	0.0	12.7	865	9.3	12.1	212	7.05	39.2	26.35	34.0	933.8611	1.0995116	6.839328		30.0			30.0	114.67	53.46	46.65	0.47		500.0
"Amhara"	"North_Gonder"	"West_Belesa"	"Arbaya"	80	984	"Teff"	"Footslope"	1.0	41	0	30	1	8	3.7	10.0	0.0	0.75	0.5625	1.0	0.0	1.0	1.0	0.0	1.0	0	1	0	1	21.666666	5.6666665	469.44443	122.77777	21.666666	0.0	0.0	12.7	865	9.3	12.1	212	7.05	39.2	26.35	34.0	933.8611	1.0995116	6.839328		88.0			75.0	114.67	53.46	46.65	0.47		10.666667
"Amhara"	"North_Gonder"	"West_Belesa"	"Arbaya"	80	803	"Wheat"	"Footslope"	1.0	22	12	5	1	6	3.1	10.0	1.0	1.0	1.0	1.0	0.0	1.0	1.0	0.0	1.0	0	0	0	1	32.5	8.5	1056.25	276.25	32.5	0.0	0.0	12.7	865	9.3	12.1	212	7.05	39.2	26.35	34.0	933.8611	1.0995116	6.839328		38.0			39.0	114.67	53.46	46.65		0.41	700.0
"Amhara"	"North_Gonder"	"West_Belesa"	"Arbaya"	80	984	"Sorghum"	"Midslope"	1.0	41	0	30	1	8	3.7	10.0	0.0	0.5	0.25	1.0	0.0	1.0	1.0	1.0	1.0	0	1	0	1	9.5	8.5	90.25	80.75	0.0	9.5	0.0	12.7	865	9.3	12.1	212	7.05	39.2	26.35	34.0	933.8611	1.0995116	6.839328		44.0				114.67	53.46	46.65			3200.0
"Amhara"	"North_Gonder"	"West_Belesa"	"Arbaya"	80	985	"Teff"	"Midslope"	1.0	36	13	21	1	3	1.8	10.0	1.0	0.125	0.015625	1.0	0.0	0.0	0.0	0.0	1.0	0	0	0	1	27.36	24.48	748.56964	669.7728	0.0	27.36	0.0	12.7	865	9.3	12.1	212	7.05	39.2	26.35	34.0	933.8611	1.0995116	6.839328		66.666664				114.67	53.46	46.65	0.47		5200.0
"Amhara"	"North_Gonder"	"West_Belesa"	"Arbaya"	80	673	"Sorghum"	"Midslope"	1.0	60	5	48	1	5	3.0	10.0	1.0	0.25	0.0625	1.0	0.0	1.0	0.0	0.0	0.0	0	0	0	1	9.68	9.440001	93.70241	91.37921	0.0	9.68	0.0	13.0	943	9.1	11.1	225	7.15	37.4	26.22	35.7	933.8611	1.0995116	6.839328	42.0	76.25				114.67	53.46	46.65			5200.0
"Amhara"	"North_Gonder"	"West_Belesa"	"Arbaya"	80	731	"Teff"	"Footslope"	1.0	45	10	21	1	6	3.1	10.0	1.0	0.75	0.5625	1.0	0.0	0.0	0.0	0.0	0.0	0	0	1	1	26.0	6.7999997	676.0	176.79999	26.0	0.0	0.0	13.0	943	9.1	11.1	225	7.15	37.4	26.22	35.7	933.8611	1.0995116	6.839328		14.7			24.95	114.67	53.46	46.65	0.47		1333.3334
"Amhara"	"North_Gonder"	"West_Belesa"	"Arbaya"	80	729	"Sorghum"	"Midslope"	1.0	41	0	27	1	7	3.4	10.0	0.0	0.75	0.5625	1.0	0.0	1.0	0.0	0.0	0.0	0	0	0	1	19.866667	6.7999997	394.68445	135.09332	0.0	19.866667	0.0	12.7	865	9.3	12.1	212	7.05	39.2	26.35	34.0	933.8611	1.0995116	6.839328		30.0			30.0	114.67	53.46	46.65			466.66666
"Amhara"	"North_Gonder"	"West_Belesa"	"Arbaya"	80	985	"Sorghum"	"Midslope"	1.0	36	13	21	1	3	1.8	10.0	1.0	0.25	0.0625	0.0	0.0	1.0	0.0	0.0	1.0	0	0	0	1	0.0	0.0	0.0	0.0	0.0	0.0	0.0	12.7	865	9.3	12.1	212	7.05	39.2	26.35	34.0	933.8611	1.0995116	6.839328						114.67	53.46	46.65			3200.0
"Amhara"	"North_Gonder"	"West_Belesa"	"Arbaya"	80	803	"Sorghum"	"Midslope"	1.0	22	12	5	1	6	3.1	10.0	1.0	0.5	0.25	1.0	0.0	0.0	1.0	0.0	1.0	0	0	0	1	32.5	8.5	1056.25	276.25	0.0	32.5	0.0	12.7	865	9.3	12.1	212	7.05	39.2	26.35	34.0	933.8611	1.0995116	6.839328		36.0			37.0	114.67	53.46	46.65			1200.0
"Amhara"	"North_Gonder"	"West_Belesa"	"Arbaya"	80	732	"Sorghum"	"Footslope"	1.0	60	4	46	1	7	3.4	10.0	0.0	0.5	0.25	1.0	0.0	0.0	0.0	0.0	0.0	0	0	0	1	1.52	1.36	2.3104	2.0672	1.52	0.0	0.0	12.7	865	9.3	12.1	212	7.05	39.2	26.35	34.0	933.8611	1.0995116	6.839328		30.0				114.67	53.46	46.65			1400.0
"Amhara"	"North_Gonder"	"West_Belesa"	"Arbaya"	80	729	"Teff"	"Hillslope"	1.0	41	0	27	1	7	3.4	10.0	0.0	0.25	0.0625	1.0	0.0	1.0	0.0	0.0	1.0	0	0	0	1	55.8	17.0	3113.64	948.6	0.0	0.0	55.8	12.7	865	9.3	12.1	212	7.05	39.2	26.35	34.0	933.8611	1.0995116	6.839328		30.0			30.0	114.67	53.46	46.65	0.47		200.0
"Amhara"	"North_Shewa"	"Merhabete"	"Harogenda"	81	996	"Teff"	"Hillslope"	1.0	51	0	40	1	7	3.4	30.0	0.0	0.25	0.0625	1.0	0.0	0.0	1.0	0.0	0.0	1	1	0	0	19.0	17.0	361.0	323.0	0.0	0.0	19.0	24.5	5325	11.7	11.2	177	6.91	40.2	24.19	32.9	712.6659	1.4862918	6.5690126			40.0			114.67	53.46	46.65	0.47		600.0
"Amhara"	"North_Shewa"	"Merhabete"	"Harogenda"	81	581	"Sorghum"	"Midslope"	1.0	40	0	45	1	2	1.5	30.0	1.0	0.5	0.25	1.0	0.0	0.0	0.0	0.0	0.0	1	1	0	1	65.0	17.0	4225.0	1105.0	0.0	65.0	0.0	24.5	5325	11.7	11.2	177	6.91	40.2	24.19	32.9	712.6659	1.4862918	6.5690126			32.76		40.34	114.67	53.46	46.65			1800.0
"Amhara"	"North_Shewa"	"Merhabete"	"Harogenda"	81	581	"Teff"	"Footslope"	1.0	40	0	45	1	2	1.5	30.0	1.0	0.25	0.0625	1.0	0.0	0.0	0.0	0.0	0.0	1	1	0	1	57.0	51.0	3249.0	2907.0	57.0	0.0	0.0	24.5	5325	11.7	11.2	177	6.91	40.2	24.19	32.9	712.6659	1.4862918	6.5690126			33.0			114.67	53.46	46.65	0.47		1600.0
"Amhara"	"North_Shewa"	"Merhabete"	"Harogenda"	81	995	"Teff"	"Footslope"	1.0	54	0	40	1	5	2.8	30.0	0.0	0.5	0.25	1.0	0.0	1.0	0.0	0.0	0.0	1	1	0	1	0.095	0.085	0.009025	0.008075	0.095	0.0	0.0	24.5	5325	11.7	11.2	177	6.91	40.2	24.19	32.9	712.6659	1.4862918	6.5690126			4000.0			114.67	53.46	46.65	0.47		500.0
"Amhara"	"North_Shewa"	"Merhabete"	"Harogenda"	81	614	"Sorghum"	"Hillslope"	1.0	50	0	35	1	6	2.9	30.0	1.0	0.5	0.25	1.0	0.0	0.0	0.0	0.0	0.0	1	1	0	0	130.0	34.0	16900.0	4420.0	0.0	0.0	130.0	22.3	4807	11.3	11.6	185	7.0	41.0	24.68	32.8	712.6659	1.4862918	6.5690126			32.7723		40.3414	114.67	53.46	46.65			1000.0
"Amhara"	"North_Shewa"	"Merhabete"	"Harogenda"	81	613	"Teff"	"Midslope"	1.0	48	7	35	1	6	3.1	30.0	1.0	0.25	0.0625	1.0	0.0	0.0	1.0	0.0	0.0	1	1	0	1	57.0	51.0	3249.0	2907.0	0.0	57.0	0.0	24.5	5325	11.7	11.2	177	6.91	40.2	24.19	32.9	712.6659	1.4862918	6.5690126			32.52667			114.67	53.46	46.65	0.47		1600.0
"Amhara"	"North_Shewa"	"Merhabete"	"Harogenda"	81	995	"Teff"	"Midslope"	1.0	54	0	40	1	5	2.8	30.0	1.0	1.0	1.0	1.0	0.0	1.0	0.0	0.0	0.0	1	1	0	1	9.5	8.5	90.25	80.75	0.0	9.5	0.0	24.5	5325	11.7	11.2	177	6.91	40.2	24.19	32.9	712.6659	1.4862918	6.5690126			40.0			114.67	53.46	46.65	0.47		300.0
"Amhara"	"North_Shewa"	"Merhabete"	"Harogenda"	81	613	"Sorghum"	"Midslope"	1.0	48	7	35	1	6	3.1	30.0	1.0	0.25	0.0625	1.0	0.0	0.0	0.0	0.0	0.0	0	1	0	1	184.0	0.0	33856.0	0.0	0.0	184.0	0.0	24.5	5325	11.7	11.2	177	6.91	40.2	24.19	32.9	712.6659	1.4862918	6.5690126					32.7723	114.67	53.46	46.65			2400.0
"Amhara"	"North_Shewa"	"Merhabete"	"Harogenda"	81	996	"Sorghum"	"Footslope"	1.0	51	0	40	1	7	3.4	30.0	0.0	0.5	0.25	1.0	0.0	0.0	0.0	0.0	0.0	1	1	0	1	55.5	8.5	3080.25	471.75	55.5	0.0	0.0	24.5	5325	11.7	11.2	177	6.91	40.2	24.19	32.9	712.6659	1.4862918	6.5690126			40.0		40.0	114.67	53.46	46.65			500.0
"Amhara"	"North_Shewa"	"Merhabete"	"Harogenda"	81	996	"Teff"	"Midslope"	1.0	51	0	40	1	7	3.4	30.0	0.0	0.5	0.25	1.0	0.0	0.0	1.0	0.0	0.0	1	1	0	1	19.0	17.0	361.0	323.0	0.0	19.0	0.0	24.5	5325	11.7	11.2	177	6.91	40.2	24.19	32.9	712.6659	1.4862918	6.5690126			40.0			114.67	53.46	46.65	0.47		600.0
"Amhara"	"North_Shewa"	"Merhabete"	"Harogenda"	81	580	"Teff"	"Hillslope"	1.0	45	0	25	1	7	3.2	30.0	1.0	0.5	0.25	1.0	0.0	0.0	0.0	0.0	0.0	0	1	0	0	38.0	34.0	1444.0	1292.0	0.0	0.0	38.0	24.5	5325	11.7	11.2	177	6.91	40.2	24.19	32.9	712.6659	1.4862918	6.5690126			32.7723			114.67	53.46	46.65	0.47		600.0
"Amhara"	"North_Shewa"	"Merhabete"	"Harogenda"	81	580	"Sorghum"	"Footslope"	1.0	45	0	25	1	7	3.2	30.0	1.0	1.0	1.0	0.0	0.0	0.0	0.0	0.0	0.0	0	0	0	0	0.0	0.0	0.0	0.0	0.0	0.0	0.0	24.5	5325	11.7	11.2	177	6.91	40.2	24.19	32.9	712.6659	1.4862918	6.5690126						114.67	53.46	46.65			500.0
"Amhara"	"North_Shewa"	"Merhabete"	"Harogenda"	81	995	"Sorghum"	"Footslope"	1.0	54	0	40	1	5	2.8	30.0	0.0	0.5	0.25	1.0	0.0	0.0	0.0	0.0	0.0	0	1	0	1	46.0	0.0	2116.0	0.0	46.0	0.0	0.0	24.5	5325	11.7	11.2	177	6.91	40.2	24.19	32.9	712.6659	1.4862918	6.5690126					39.8	114.67	53.46	46.65			15.0
"Amhara"	"North_Shewa"	"Merhabete"	"Harogenda"	81	994	"Sorghum"	"Midslope"	1.0	52	0	25	1	5	2.6	30.0	0.0	1.0	1.0	0.0	0.0	0.0	0.0	0.0	0.0	0	1	0	1	0.0	0.0	0.0	0.0	0.0	0.0	0.0	24.5	5325	11.7	11.2	177	6.91	40.2	24.19	32.9	712.6659	1.4862918	6.5690126						114.67	53.46	46.65			750.0
"Amhara"	"North_Shewa"	"Merhabete"	"Harogenda"	81	995	"Sorghum"	"Midslope"	1.0	54	0	40	1	5	2.8	30.0	1.0	1.25	1.5625	1.0	0.0	0.0	0.0	0.0	0.0	1	1	0	1	18.4	0.0	338.56	0.0	0.0	18.4	0.0	24.5	5325	11.7	11.2	177	6.91	40.2	24.19	32.9	712.6659	1.4862918	6.5690126					39.8	114.67	53.46	46.65			1200.0
"Amhara"	"North_Shewa"	"Merhabete"	"Harogenda"	81	614	"Teff"	"Midslope"	1.0	50	0	35	1	6	2.9	30.0	1.0	0.375	0.140625	1.0	0.0	0.0	1.0	0.0	0.0	1	1	0	1	173.33333	45.333332	30044.443	7857.7773	0.0	173.33333	0.0	22.3	4807	11.3	11.6	185	7.0	41.0	24.68	32.8	712.6659	1.4862918	6.5690126			32.7723		40.3414	114.67	53.46	46.65	0.47		1066.6666
"Amhara"	"North_Shewa"	"Merhabete"	"Harogenda"	81	580	"Teff"	"Footslope"	1.0	45	0	25	1	7	3.2	30.0	1.0	0.125	0.015625	1.0	0.0	0.0	0.0	0.0	0.0	0	1	0	0	152.0	136.0	23104.0	20672.0	152.0	0.0	0.0	24.5	5325	11.7	11.2	177	6.91	40.2	24.19	32.9	712.6659	1.4862918	6.5690126			32.7727			114.67	53.46	46.65	0.47		4000.0
"Amhara"	"North_Shewa"	"Merhabete"	"Harogenda"	81	996	"Sorghum"	"Midslope"	1.0	51	0	40	1	7	3.4	30.0	1.0	0.25	0.0625	1.0	0.0	0.0	0.0	0.0	0.0	0	1	0	0	92.0	0.0	8464.0	0.0	0.0	92.0	0.0	24.5	5325	11.7	11.2	177	6.91	40.2	24.19	32.9	712.6659	1.4862918	6.5690126					40.0	114.67	53.46	46.65			800.0
"Amhara"	"North_Shewa"	"Merhabete"	"Harogenda"	81	580	"Sorghum"	"Footslope"	1.0	45	0	25	1	7	3.2	30.0	1.0	0.75	0.5625	0.0	0.0	0.0	0.0	0.0	0.0	1	1	0	0	0.0	0.0	0.0	0.0	0.0	0.0	0.0	24.5	5325	11.7	11.2	177	6.91	40.2	24.19	32.9	712.6659	1.4862918	6.5690126						114.67	53.46	46.65			666.6667
"Amhara"	"North_Shewa"	"Merhabete"	"Harogenda"	81	635	"Sorghum"	"Footslope"	1.0	42	0	20	1	2	1.5	30.0	1.0	0.5	0.25	0.0	0.0	0.0	0.0	0.0	0.0	0	1	0	1	0.0	0.0	0.0	0.0	0.0	0.0	0.0	22.3	4807	11.3	11.6	185	7.0	41.0	24.68	32.8	712.6659	1.4862918	6.5690126						114.67	53.46	46.65			2000.0
"Amhara"	"North_Shewa"	"Merhabete"	"Harogenda"	81	996	"Teff"	"Footslope"	1.0	51	0	40	1	7	3.4	30.0	0.0	0.25	0.0625	1.0	0.0	0.0	1.0	0.0	0.0	1	1	0	0	22.8	20.4	519.83997	465.11996	22.8	0.0	0.0	24.5	5325	11.7	11.2	177	6.91	40.2	24.19	32.9	712.6659	1.4862918	6.5690126			40.0			114.67	53.46	46.65	0.47		600.0
"Amhara"	"North_Shewa"	"Merhabete"	"Harogenda"	81	635	"Teff"	"Footslope"	1.0	42	0	20	1	2	1.5	30.0	1.0	0.75	0.5625	1.0	0.0	0.0	0.0	0.0	0.0	1	1	0	1	19.0	17.0	361.0	323.0	19.0	0.0	0.0	22.3	4807	11.3	11.6	185	7.0	41.0	24.68	32.8	712.6659	1.4862918	6.5690126			32.773335			114.67	53.46	46.65	0.47		1333.3334
"Amhara"	"North_Shewa"	"Merhabete"	"Harogenda"	81	613	"Teff"	"Footslope"	1.0	48	7	35	1	6	3.1	30.0	0.0	1.0	1.0	1.0	0.0	0.0	1.0	0.0	0.0	1	1	0	1	4.75	4.25	22.5625	20.1875	4.75	0.0	0.0	24.5	5325	11.7	11.2	177	6.91	40.2	24.19	32.9	712.6659	1.4862918	6.5690126			32.78			114.67	53.46	46.65	0.47		1200.0
"Amhara"	"North_Shewa"	"Merhabete"	"Harogenda"	81	995	"Teff"	"Midslope"	1.0	54	0	40	1	5	2.8	30.0	1.0	0.25	0.0625	1.0	0.0	0.0	0.0	0.0	0.0	1	1	0	1	57.0	51.0	3249.0	2907.0	0.0	57.0	0.0	24.5	5325	11.7	11.2	177	6.91	40.2	24.19	32.9	712.6659	1.4862918	6.5690126			40.0			114.67	53.46	46.65	0.47		600.0
"Amhara"	"North_Shewa"	"Merhabete"	"Harogenda"	81	613	"Sorghum"	"Midslope"	1.0	48	7	35	1	6	3.1	30.0	0.0	1.0	1.0	1.0	1.0	0.0	0.0	0.0	0.0	0	1	0	1	23.0	0.0	529.0	0.0	0.0	23.0	0.0	24.5	5325	11.7	11.2	177	6.91	40.2	24.19	32.9	712.6659	1.4862918	6.5690126					40.34	114.67	53.46	46.65			2000.0
"Amhara"	"North_Shewa"	"Merhabete"	"Harogenda"	81	591	"Teff"	"Footslope"	1.0	60	0	46	1	4	2.5	30.0	1.0	0.25	0.0625	1.0	0.0	0.0	0.0	0.0	0.0	1	1	0	1	130.0	34.0	16900.0	4420.0	130.0	0.0	0.0	24.5	5325	11.7	11.2	177	6.91	40.2	24.19	32.9	712.6659	1.4862918	6.5690126			33.0		41.0	114.67	53.46	46.65	0.47		1200.0
"Amhara"	"North_Shewa"	"Merhabete"	"Harogenda"	81	995	"Sorghum"	"Midslope"	1.0	54	0	40	1	5	2.8	30.0	0.0	0.75	0.5625	1.0	0.0	0.0	0.0	0.0	0.0	0	1	0	1	43.333332	11.333333	1877.7777	491.11108	0.0	43.333332	0.0	24.5	5325	11.7	11.2	177	6.91	40.2	24.19	32.9	712.6659	1.4862918	6.5690126			40.0		39.8	114.67	53.46	46.65			666.6667
"Amhara"	"North_Shewa"	"Merhabete"	"Harogenda"	81	994	"Teff"	"Midslope"	1.0	52	0	25	1	5	2.6	30.0	1.0	1.0	1.0	1.0	0.0	0.0	0.0	0.0	0.0	1	1	0	1	9.5	8.5	90.25	80.75	0.0	9.5	0.0	24.5	5325	11.7	11.2	177	6.91	40.2	24.19	32.9	712.6659	1.4862918	6.5690126			40.0			114.67	53.46	46.65	0.47		500.0
"Amhara"	"North_Shewa"	"Merhabete"	"Harogenda"	81	996	"Sorghum"	"Footslope"	1.0	51	0	40	1	7	3.4	30.0	0.0	0.5	0.25	1.0	0.0	0.0	0.0	0.0	0.0	1	1	0	1	46.0	0.0	2116.0	0.0	46.0	0.0	0.0	24.5	5325	11.7	11.2	177	6.91	40.2	24.19	32.9	712.6659	1.4862918	6.5690126					40.0	114.67	53.46	46.65			1100.0
"Amhara"	"North_Shewa"	"Merhabete"	"Harogenda"	81	996	"Teff"	"Midslope"	1.0	51	0	40	1	7	3.4	30.0	1.0	0.25	0.0625	1.0	0.0	0.0	1.0	0.0	0.0	1	1	0	1	38.0	34.0	1444.0	1292.0	0.0	38.0	0.0	24.5	5325	11.7	11.2	177	6.91	40.2	24.19	32.9	712.6659	1.4862918	6.5690126			40.0			114.67	53.46	46.65	0.47		600.0
"Oromia"	"Jimma"	"SeKoru"	"Wolmera"	82	363	"Teff"	"Footslope"	1.0	75	0	30	0	4	2.3	30.0	1.0	0.125	0.015625	1.0	0.0	1.0	0.0	0.0	0.0	1	1	0	1	18.24	16.32	332.6976	297.6768	18.24	0.0	0.0	29.2	39640	19.4	9.9	204	5.65	31.7	24.48	40.4	905.46985	3.2305913	6.808454			50.0			120.72	52.3	45.31	0.43		3.6
"Oromia"	"Jimma"	"SeKoru"	"Wolmera"	82	291	"Teff"	"Midslope"	0.0	36	0	20	1	10	4.5	30.0	1.0	0.75	0.5625	1.0	0.0	0.0	0.0	0.0	0.0	1	1	0	1	15.84	0.45333335	250.90561	7.1808004	0.0	15.84	0.0	28.6	33169	18.5	10.4	206	5.65	31.6	24.69	40.8	905.46985	3.2305913	6.808454			1875.0		48.0	120.72	52.3	45.31	0.43		333.33334
"Oromia"	"Jimma"	"SeKoru"	"Wolmera"	82	397	"Sorghum"	"Footslope"	1.0	60	2	31	1	6	3.3	30.0	1.0	0.0625	0.00390625	1.0	0.0	0.0	0.0	0.0	0.0	0	1	0	1	22.08	0.0	487.5264	0.0	22.08	0.0	0.0	27.6	29507	18.9	10.7	211	5.66	32.0	25.2	40.3	905.46985	3.2305913	6.808454					50.0	120.72	52.3	45.31			816.0
"Oromia"	"Jimma"	"SeKoru"	"Wolmera"	82	273	"Sorghum"	"Midslope"	1.0	67	9	22	1	10	5.1	30.0	1.0	0.25	0.0625	0.0	0.0	0.0	0.0	0.0	0.0	0	1	0	1	0.0	0.0	0.0	0.0	0.0	0.0	0.0	31.3	86939	22.6	9.8	196	5.56	34.1	25.54	37.2	905.46985	3.2305913	6.808454						120.72	52.3	45.31			5200.0
"Oromia"	"Jimma"	"SeKoru"	"Wolmera"	82	273	"Teff"	"Midslope"	1.0	67	9	22	1	10	5.1	30.0	1.0	0.25	0.0625	1.0	0.0	0.0	0.0	0.0	0.0	1	1	0	1	19.0	17.0	361.0	323.0	0.0	19.0	0.0	31.3	86939	22.6	9.8	196	5.56	34.1	25.54	37.2	905.46985	3.2305913	6.808454			60.0			120.72	52.3	45.31	0.43		2.0
"Oromia"	"Jimma"	"SeKoru"	"Wolmera"	82	290	"Teff"	"Footslope"	0.0	40	1	25	1	6	3.3	30.0	1.0	0.75	0.5625	1.0	0.0	0.0	0.0	0.0	0.0	1	1	0	1	43.333332	11.333333	1877.7777	491.11108	43.333332	0.0	0.0	28.6	33169	18.5	10.4	206	5.65	31.6	24.69	40.8	905.46985	3.2305913	6.808454			50.0		48.0	120.72	52.3	45.31	0.43		333.33334
"Oromia"	"Jimma"	"SeKoru"	"Wolmera"	82	273	"Teff"	"Midslope"	1.0	67	9	22	1	10	5.1	30.0	1.0	0.25	0.0625	1.0	0.0	0.0	0.0	0.0	0.0	1	1	0	1	19.0	17.0	361.0	323.0	0.0	19.0	0.0	31.3	86939	22.6	9.8	196	5.56	34.1	25.54	37.2	905.46985	3.2305913	6.808454			60.0			120.72	52.3	45.31	0.43		6.0
"Oromia"	"Jimma"	"SeKoru"	"Wolmera"	82	425	"Teff"	"Midslope"	1.0	53	5	24	1	12	5.5	30.0	1.0	0.25	0.0625	1.0	0.0	0.0	0.0	0.0	0.0	1	1	0	1	65.0	17.0	4225.0	1105.0	0.0	65.0	0.0	27.6	29507	18.9	10.7	211	5.66	32.0	25.2	40.3	905.46985	3.2305913	6.808454			44.0		44.0	120.72	52.3	45.31	0.43		400.0
"Oromia"	"Jimma"	"SeKoru"	"Wolmera"	82	271	"Sorghum"	"Midslope"	1.0	49	3	25	1	6	3.1	30.0	1.0	0.25	0.0625	0.0	0.0	0.0	0.0	1.0	0.0	0	1	0	1	0.0	0.0	0.0	0.0	0.0	0.0	0.0	27.6	29507	18.9	10.7	211	5.66	32.0	25.2	40.3	905.46985	3.2305913	6.808454						120.72	52.3	45.31			4.0
"Oromia"	"Jimma"	"SeKoru"	"Wolmera"	82	294	"Teff"	"Midslope"	0.0	37	0	20	1	8	3.5	30.0	1.0	0.5	0.25	1.0	0.0	0.0	0.0	0.0	0.0	1	1	0	1	19.0	17.0	361.0	323.0	0.0	19.0	0.0	27.6	29507	18.9	10.7	211	5.66	32.0	25.2	40.3	905.46985	3.2305913	6.808454			50.0			120.72	52.3	45.31	0.43		500.0
"Oromia"	"Jimma"	"SeKoru"	"Wolmera"	82	271	"Teff"	"Hillslope"	1.0	49	3	25	1	6	3.1	30.0	1.0	0.25	0.0625	1.0	0.0	0.0	0.0	0.0	0.0	1	1	0	0	38.0	34.0	1444.0	1292.0	0.0	0.0	38.0	27.6	29507	18.9	10.7	211	5.66	32.0	25.2	40.3	905.46985	3.2305913	6.808454			35.0			120.72	52.3	45.31	0.43		3.0
"Oromia"	"Jimma"	"SeKoru"	"Wolmera"	82	293	"Teff"	"Midslope"	1.0	40	2	25	1	9	4.2	30.0	1.0	0.5	0.25	1.0	0.0	0.0	0.0	0.0	0.0	1	1	0	1	42.0	17.0	1764.0	714.0	0.0	42.0	0.0	31.3	86939	22.6	9.8	196	5.56	34.1	25.54	37.2	905.46985	3.2305913	6.808454			50.0		50.0	120.72	52.3	45.31	0.43		700.0
"Amhara"	"North_Shewa"	"Merhabete"	"Harogenda"	83	576	"Teff"	"Hillslope"	1.0	42	0	29	1	8	3.5	30.0	1.0	0.5	0.25	1.0	0.0	0.0	1.0	0.0	0.0	1	1	0	1	152.0	136.0	23104.0	20672.0	0.0	0.0	152.0	24.2	4765	11.9	12.0	172	6.91	39.7	24.92	33.2	793.62885	1.5778887	6.6766157			18.0			114.67	53.46	46.65	0.47		2000.0
"Amhara"	"North_Shewa"	"Merhabete"	"Harogenda"	83	567	"Sorghum"	"Footslope"	1.0	30	0	5	0	3	1.8	30.0	0.0	1.5	2.25	0.0	0.0	0.0	0.0	0.0	0.0	0	1	0	0	0.0	0.0	0.0	0.0	0.0	0.0	0.0	23.7	3916	11.4	11.1	180	6.95	40.0	24.95	34.0	793.62885	1.5778887	6.6766157						114.67	53.46	46.65			6.6666665
"Amhara"	"North_Shewa"	"Merhabete"	"Harogenda"	83	553	"Teff"	"Midslope"	1.0	45	0	18	0	7	3.2	30.0	1.0	0.5	0.25	1.0	0.0	0.0	0.0	0.0	0.0	1	1	0	1	38.0	34.0	1444.0	1292.0	0.0	38.0	0.0	23.8	2958	11.8	11.7	133	6.52	38.6	25.5	36.7	779.36926	1.456295	6.658485			49.5			114.67	53.46	46.65	0.47		16.0
"Amhara"	"North_Shewa"	"Merhabete"	"Harogenda"	83	560	"Teff"	"Hillslope"	1.0	68	0	54	1	6	3.3	30.0	1.0	0.25	0.0625	1.0	0.0	0.0	1.0	0.0	0.0	1	1	0	1	61.0	34.0	3721.0	2074.0	0.0	0.0	61.0	23.7	3916	11.4	11.1	180	6.95	40.0	24.95	34.0	793.62885	1.5778887	6.6766157			32.78		40.4	114.67	53.46	46.65	0.47		800.0
"Amhara"	"North_Shewa"	"Merhabete"	"Harogenda"	83	560	"Teff"	"Hillslope"	1.0	68	0	54	1	6	3.3	30.0	0.0	1.25	1.5625	1.0	0.0	0.0	1.0	0.0	0.0	1	1	0	1	12.2	6.8	148.84	82.96	0.0	0.0	12.2	23.7	3916	11.4	11.1	180	6.95	40.0	24.95	34.0	793.62885	1.5778887	6.6766157			32.78		40.4	114.67	53.46	46.65	0.47		320.0
"Amhara"	"North_Shewa"	"Merhabete"	"Harogenda"	83	567	"Teff"	"Midslope"	1.0	30	0	5	0	3	1.8	30.0	1.0	5.0	25.0	1.0	0.0	0.0	0.0	0.0	0.0	1	1	0	0	3.8	3.4	14.44	12.92	0.0	3.8	0.0	23.7	3916	11.4	11.1	180	6.95	40.0	24.95	34.0	793.62885	1.5778887	6.6766157			41.0			114.67	53.46	46.65	0.47		100.0
"Amhara"	"North_Shewa"	"Merhabete"	"Harogenda"	83	544	"Teff"	"Hillslope"	1.0	56	0	30	1	10	5.1	30.0	1.0	1.0	1.0	1.0	0.0	0.0	0.0	0.0	0.0	1	1	0	1	30.5	17.0	930.25	518.5	0.0	0.0	30.5	24.2	4765	11.9	12.0	172	6.91	39.7	24.92	33.2	793.62885	1.5778887	6.6766157			36.98		36.48	114.67	53.46	46.65	0.47		5.0
"Amhara"	"North_Shewa"	"Merhabete"	"Harogenda"	83	544	"Sorghum"	"Midslope"	1.0	56	0	30	1	10	5.1	30.0	1.0	1.0	1.0	0.0	1.0	0.0	0.0	0.0	0.0	1	1	0	1	0.0	0.0	0.0	0.0	0.0	0.0	0.0	24.2	4765	11.9	12.0	172	6.91	39.7	24.92	33.2	793.62885	1.5778887	6.6766157						114.67	53.46	46.65			5000.0
"Amhara"	"North_Shewa"	"Merhabete"	"Harogenda"	83	624	"Teff"	"Midslope"	1.0	40	0	26	1	8	3.7	30.0	0.0	1.0	1.0	1.0	0.0	0.0	0.0	0.0	0.0	1	1	0	1	19.0	17.0	361.0	323.0	0.0	19.0	0.0	24.2	4765	11.9	12.0	172	6.91	39.7	24.92	33.2	793.62885	1.5778887	6.6766157			32.7723			114.67	53.46	46.65	0.47		1000.0
"Amhara"	"North_Shewa"	"Merhabete"	"Harogenda"	83	566	"Sorghum"	"Midslope"	1.0	46	0	15	0	8	3.3	30.0	1.0	0.25	0.0625	0.0	0.0	0.0	0.0	0.0	0.0	0	1	0	0	0.0	0.0	0.0	0.0	0.0	0.0	0.0	24.2	4765	11.9	12.0	172	6.91	39.7	24.92	33.2	793.62885	1.5778887	6.6766157						114.67	53.46	46.65			5200.0
"Amhara"	"North_Shewa"	"Merhabete"	"Harogenda"	83	553	"Teff"	"Midslope"	1.0	45	0	18	0	7	3.2	30.0	0.0	0.25	0.0625	1.0	0.0	0.0	0.0	0.0	0.0	1	1	0	1	22.8	20.4	519.83997	465.11996	0.0	22.8	0.0	23.8	2958	11.8	11.7	133	6.52	38.6	25.5	36.7	779.36926	1.456295	6.658485			48.333332			114.67	53.46	46.65	0.47		800.0
"Amhara"	"North_Shewa"	"Merhabete"	"Harogenda"	83	566	"Sorghum"	"Footslope"	1.0	46	0	15	0	8	3.3	30.0	0.0	1.0	1.0	0.0	0.0	0.0	0.0	0.0	0.0	0	1	0	0	0.0	0.0	0.0	0.0	0.0	0.0	0.0	24.2	4765	11.9	12.0	172	6.91	39.7	24.92	33.2	793.62885	1.5778887	6.6766157						114.67	53.46	46.65			600.0
"Amhara"	"North_Shewa"	"Merhabete"	"Harogenda"	83	544	"Teff"	"Footslope"	1.0	56	0	30	1	10	5.1	30.0	1.0	0.25	0.0625	1.0	0.0	0.0	0.0	0.0	0.0	1	1	0	1	84.0	34.0	7056.0	2856.0	84.0	0.0	0.0	24.2	4765	11.9	12.0	172	6.91	39.7	24.92	33.2	793.62885	1.5778887	6.6766157			39.14		73.52	114.67	53.46	46.65	0.47		800.0
"Amhara"	"North_Shewa"	"Merhabete"	"Harogenda"	83	577	"Sorghum"	"Footslope"	1.0	48	0	33	1	6	3.1	30.0	1.0	0.75	0.5625	1.0	1.0	0.0	0.0	0.0	0.0	1	1	0	1	25.333334	22.666666	641.77783	574.2222	25.333334	0.0	0.0	23.7	3916	11.4	11.1	180	6.95	40.0	24.95	34.0	793.62885	1.5778887	6.6766157			42.0			114.67	53.46	46.65			2000.0
"Amhara"	"North_Shewa"	"Merhabete"	"Harogenda"	83	629	"Teff"	"Footslope"	1.0	66	0	52	0	2	1.5	30.0	1.0	0.5	0.25	1.0	1.0	0.0	0.0	0.0	0.0	1	1	0	1	19.0	17.0	361.0	323.0	19.0	0.0	0.0	23.7	3916	11.4	11.1	180	6.95	40.0	24.95	34.0	793.62885	1.5778887	6.6766157			32.772			114.67	53.46	46.65	0.47		1200.0
"Amhara"	"North_Shewa"	"Merhabete"	"Harogenda"	83	629	"Teff"	"Midslope"	1.0	66	0	52	0	2	1.5	30.0	1.0	0.25	0.0625	1.0	0.0	0.0	0.0	0.0	0.0	1	1	0	1	38.0	34.0	1444.0	1292.0	0.0	38.0	0.0	23.7	3916	11.4	11.1	180	6.95	40.0	24.95	34.0	793.62885	1.5778887	6.6766157			32.772			114.67	53.46	46.65	0.47		1600.0
"Amhara"	"North_Shewa"	"Merhabete"	"Harogenda"	83	566	"Teff"	"Footslope"	1.0	46	0	15	0	8	3.3	30.0	0.0	1.0	1.0	1.0	0.0	0.0	1.0	0.0	0.0	1	1	0	0	16.25	4.25	264.0625	69.0625	16.25	0.0	0.0	24.2	4765	11.9	12.0	172	6.91	39.7	24.92	33.2	793.62885	1.5778887	6.6766157			37.72		37.72	114.67	53.46	46.65	0.47		1300.0
"Amhara"	"North_Shewa"	"Merhabete"	"Harogenda"	83	624	"Teff"	"Footslope"	1.0	40	0	26	1	8	3.7	30.0	0.0	0.5	0.25	1.0	0.0	0.0	0.0	0.0	0.0	1	1	0	0	19.0	17.0	361.0	323.0	19.0	0.0	0.0	24.2	4765	11.9	12.0	172	6.91	39.7	24.92	33.2	793.62885	1.5778887	6.6766157			32.772			114.67	53.46	46.65	0.47		600.0
"Amhara"	"North_Shewa"	"Merhabete"	"Harogenda"	83	560	"Sorghum"	"Midslope"	1.0	68	0	54	1	6	3.3	30.0	1.0	0.5	0.25	1.0	0.0	0.0	0.0	0.0	0.0	0	1	0	1	51.5	25.5	2652.25	1313.25	0.0	51.5	0.0	23.7	3916	11.4	11.1	180	6.95	40.0	24.95	34.0	793.62885	1.5778887	6.6766157			65.54667		32.8	114.67	53.46	46.65			600.0
"Amhara"	"North_Shewa"	"Merhabete"	"Harogenda"	83	576	"Sorghum"	"Hillslope"	1.0	42	0	29	1	8	3.5	30.0	1.0	0.5	0.25	1.0	0.0	0.0	1.0	0.0	0.0	1	0	0	1	46.0	0.0	2116.0	0.0	0.0	0.0	46.0	24.2	4765	11.9	12.0	172	6.91	39.7	24.92	33.2	793.62885	1.5778887	6.6766157					37.2	114.67	53.46	46.65			3000.0
"Amhara"	"North_Shewa"	"Merhabete"	"Harogenda"	83	560	"Teff"	"Footslope"	1.0	68	0	54	1	6	3.3	30.0	1.0	0.5	0.25	1.0	1.0	0.0	1.0	0.0	0.0	1	1	0	1	42.0	17.0	1764.0	714.0	42.0	0.0	0.0	23.7	3916	11.4	11.1	180	6.95	40.0	24.95	34.0	793.62885	1.5778887	6.6766157			32.78		40.36	114.67	53.46	46.65	0.47		800.0
"Amhara"	"North_Shewa"	"Merhabete"	"Harogenda"	83	560	"Teff"	"Hillslope"	1.0	68	0	54	1	6	3.3	30.0	1.0	0.25	0.0625	1.0	0.0	0.0	1.0	0.0	0.0	1	1	0	1	152.0	136.0	23104.0	20672.0	0.0	0.0	152.0	23.7	3916	11.4	11.1	180	6.95	40.0	24.95	34.0	793.62885	1.5778887	6.6766157			32.77			114.67	53.46	46.65	0.47		800.0
"Amhara"	"North_Shewa"	"Merhabete"	"Harogenda"	83	629	"Sorghum"	"Midslope"	1.0	66	0	52	0	2	1.5	30.0	1.0	0.25	0.0625	0.0	0.0	0.0	0.0	0.0	0.0	1	1	0	1	0.0	0.0	0.0	0.0	0.0	0.0	0.0	23.7	3916	11.4	11.1	180	6.95	40.0	24.95	34.0	793.62885	1.5778887	6.6766157						114.67	53.46	46.65			1000.0
"Amhara"	"North_Shewa"	"Merhabete"	"Harogenda"	83	544	"Teff"	"Midslope"	1.0	56	0	30	1	10	5.1	30.0	1.0	2.0	4.0	1.0	0.0	1.0	0.0	0.0	0.0	1	1	0	1	25.75	12.75	663.0625	328.3125	0.0	25.75	0.0	24.2	4765	11.9	12.0	172	6.91	39.7	24.92	33.2	793.62885	1.5778887	6.6766157			34.333332		37.34	114.67	53.46	46.65	0.47		5.0
"Amhara"	"North_Shewa"	"Merhabete"	"Harogenda"	83	554	"Teff"	"Midslope"	1.0	75	0	50	0	8	4.3	30.0	1.0	0.5	0.25	1.0	0.0	0.0	0.0	0.0	0.0	1	1	0	1	95.0	85.0	9025.0	8075.0	0.0	95.0	0.0	23.7	3916	11.4	11.1	180	6.95	40.0	24.95	34.0	793.62885	1.5778887	6.6766157			48.25			114.67	53.46	46.65	0.47		8.0
"Amhara"	"North_Shewa"	"Merhabete"	"Harogenda"	83	624	"Sorghum"	"Midslope"	1.0	40	0	26	1	8	3.7	30.0	0.0	1.0	1.0	1.0	0.0	0.0	0.0	0.0	0.0	1	1	0	1	23.0	0.0	529.0	0.0	0.0	23.0	0.0	24.2	4765	11.9	12.0	172	6.91	39.7	24.92	33.2	793.62885	1.5778887	6.6766157					40.34	114.67	53.46	46.65			1000.0
"Amhara"	"North_Shewa"	"Merhabete"	"Harogenda"	83	553	"Sorghum"	"Midslope"	1.0	45	0	18	0	7	3.2	30.0	1.0	0.5	0.25	0.0	0.0	0.0	0.0	0.0	0.0	1	1	0	1	0.0	0.0	0.0	0.0	0.0	0.0	0.0	23.8	2958	11.8	11.7	133	6.52	38.6	25.5	36.7	779.36926	1.456295	6.658485						114.67	53.46	46.65			5200.0
"Amhara"	"North_Shewa"	"Merhabete"	"Harogenda"	83	629	"Sorghum"	"Midslope"	1.0	66	0	52	0	2	1.5	30.0	1.0	0.25	0.0625	0.0	0.0	0.0	0.0	0.0	0.0	1	1	0	1	0.0	0.0	0.0	0.0	0.0	0.0	0.0	23.7	3916	11.4	11.1	180	6.95	40.0	24.95	34.0	793.62885	1.5778887	6.6766157						114.67	53.46	46.65			1200.0
"Amhara"	"North_Shewa"	"Merhabete"	"Harogenda"	83	554	"Teff"	"Footslope"	1.0	75	0	50	0	8	4.3	30.0	1.0	1.0	1.0	1.0	0.0	0.0	0.0	0.0	0.0	1	1	0	1	104.5	93.5	10920.25	9770.75	104.5	0.0	0.0	23.7	3916	11.4	11.1	180	6.95	40.0	24.95	34.0	793.62885	1.5778887	6.6766157			48.19			114.67	53.46	46.65	0.47		900.0
"Amhara"	"North_Shewa"	"Merhabete"	"Harogenda"	83	577	"Teff"	"Footslope"	1.0	48	0	33	1	6	3.1	30.0	1.0	0.5	0.25	1.0	0.0	0.0	0.0	0.0	0.0	1	1	0	1	203.0	17.0	41209.0	3451.0	203.0	0.0	0.0	23.7	3916	11.4	11.1	180	6.95	40.0	24.95	34.0	793.62885	1.5778887	6.6766157			37.2		24.95	114.67	53.46	46.65	0.47		2000.0
"Amhara"	"North_Shewa"	"Merhabete"	"Harogenda"	83	567	"Teff"	"Hillslope"	1.0	30	0	5	0	3	1.8	30.0	0.0	1.0	1.0	1.0	0.0	0.0	0.0	0.0	0.0	1	1	0	0	9.5	8.5	90.25	80.75	0.0	0.0	9.5	23.7	3916	11.4	11.1	180	6.95	40.0	24.95	34.0	793.62885	1.5778887	6.6766157			41.22			114.67	53.46	46.65	0.47		1000.0
"Amhara"	"East_Gojjam"	"Gozamin"	"Chertekel"	84	1033	"Teff"	"Footslope"	1.0	48	0	34	1	7	3.8	10.0	1.0	0.5	0.25	1.0	0.0	0.0	0.0	0.0	0.0	1	0	0	1	84.0	34.0	7056.0	2856.0	84.0	0.0	0.0	23.6	15846	18.1	11.2	213	5.81	31.4	24.66	40.9	976.0193	1.8803437	6.8834825			40.0		42.0	114.67	53.46	46.65	0.47		1200.0
"Amhara"	"East_Gojjam"	"Gozamin"	"Chertekel"	84	1055	"Wheat"	"Footslope"	1.0	45	6	27	1	9	4.0	10.0	1.0	0.5	0.25	1.0	0.0	0.0	1.0	1.0	0.0	0	0	0	0	177.5	76.5	31506.25	13578.75	177.5	0.0	0.0	25.3	10182	17.9	11.5	214	5.84	33.8	24.96	40.7	981.8643	1.9030442	6.889453			41.333332		44.0	114.67	53.46	46.65		0.41	40.0
"Amhara"	"East_Gojjam"	"Gozamin"	"Chertekel"	84	1033	"Wheat"	"Midslope"	1.0	48	0	34	1	7	3.8	10.0	1.0	0.5	0.25	1.0	0.0	0.0	1.0	1.0	0.0	1	0	0	1	168.0	68.0	28224.0	11424.0	0.0	168.0	0.0	23.6	15846	18.1	11.2	213	5.81	31.4	24.66	40.9	976.0193	1.8803437	6.8834825			40.0		42.0	114.67	53.46	46.65		0.41	3000.0
"Amhara"	"East_Gojjam"	"Gozamin"	"Chertekel"	84	1035	"Wheat"	"Footslope"	1.0	39	6	25	1	6	2.7	10.0	1.0	0.25	0.0625	1.0	0.0	0.0	1.0	1.0	0.0	1	0	0	1	145.0	68.0	21025.0	9860.0	145.0	0.0	0.0	24.2	11728	18.6	11.1	207	5.87	31.2	24.47	42.0	976.0193	1.8803437	6.8834825			34.0		38.0	114.67	53.46	46.65		0.41	2200.0
"Amhara"	"East_Gojjam"	"Gozamin"	"Chertekel"	84	1056	"Wheat"	"Midslope"	1.0	41	0	25	1	6	2.7	10.0	0.0	0.25	0.0625	1.0	1.0	0.0	1.0	1.0	1.0	0	0	0	0	263.0	153.0	69169.0	40239.0	0.0	263.0	0.0	24.2	11728	18.6	11.1	207	5.87	31.2	24.47	42.0	976.0193	1.8803437	6.8834825			44.11111		45.0	114.67	53.46	46.65		0.41	5200.0
"Amhara"	"East_Gojjam"	"Gozamin"	"Chertekel"	84	1058	"Wheat"	"Footslope"	1.0	45	0	27	1	6	3.1	10.0	1.0	0.25	0.0625	1.0	0.0	0.0	1.0	1.0	1.0	0	0	0	0	168.0	68.0	28224.0	11424.0	168.0	0.0	0.0	24.0	13461	17.8	11.4	214	5.89	31.7	24.3	41.6	976.0193	1.8803437	6.8834825			44.0		45.0	114.67	53.46	46.65		0.41	4400.0
"Amhara"	"East_Gojjam"	"Gozamin"	"Chertekel"	84	1036	"Teff"	"Hillslope"	1.0	45	4	31	1	5	2.6	10.0	1.0	0.5	0.25	1.0	0.0	0.0	0.0	0.0	0.0	1	0	0	1	51.5	25.5	2652.25	1313.25	0.0	0.0	51.5	23.7	12445	18.8	11.1	207	5.83	30.5	24.31	41.7	976.0193	1.8803437	6.8834825			38.0		39.0	114.67	53.46	46.65	0.47		700.0
"Amhara"	"East_Gojjam"	"Gozamin"	"Chertekel"	84	1034	"Teff"	"Midslope"	1.0	41	0	27	1	6	3.1	10.0	1.0	0.25	0.0625	1.0	0.0	0.0	0.0	0.0	0.0	0	0	0	1	183.0	102.0	33489.0	18666.0	0.0	183.0	0.0	24.2	11728	18.6	11.1	207	5.87	31.2	24.47	42.0	976.0193	1.8803437	6.8834825			36.0		39.0	114.67	53.46	46.65	0.47		1800.0
"Amhara"	"East_Gojjam"	"Gozamin"	"Chertekel"	84	1036	"Wheat"	"Midslope"	1.0	45	4	31	1	5	2.6	10.0	1.0	0.25	0.0625	1.0	0.0	0.0	1.0	1.0	0.0	1	0	0	1	103.0	51.0	10609.0	5253.0	0.0	103.0	0.0	23.7	12445	18.8	11.1	207	5.83	30.5	24.31	41.7	976.0193	1.8803437	6.8834825			38.0		39.0	114.67	53.46	46.65		0.41	3200.0
"Amhara"	"East_Gojjam"	"Gozamin"	"Chertekel"	84	1056	"Teff"	"Midslope"	1.0	41	0	25	1	6	2.7	10.0	0.0	0.5	0.25	1.0	0.0	0.0	0.0	0.0	0.0	1	0	0	0	70.2	34.0	4928.0396	2386.7998	0.0	70.2	0.0	24.2	11728	18.6	11.1	207	5.87	31.2	24.47	42.0	976.0193	1.8803437	6.8834825			44.0		38.57143	114.67	53.46	46.65	0.47		1400.0
"Amhara"	"East_Gojjam"	"Gozamin"	"Chertekel"	84	1056	"Teff"		1.0	41	0	25	1	6	2.7	10.0	0.0	0.25	0.0625	1.0	0.0	0.0	0.0	0.0	0.0	1	0	0	0	84.0	34.0	7056.0	2856.0	0.0	0.0	0.0	24.2	11728	18.6	11.1	207	5.87	31.2	24.47	42.0	976.0193	1.8803437	6.8834825			45.0		45.0	114.67	53.46	46.65	0.47		1200.0
"Amhara"	"East_Gojjam"	"Gozamin"	"Chertekel"	84	1036	"Teff"	"Footslope"	1.0	45	4	31	1	5	2.6	10.0	1.0	0.25	0.0625	1.0	0.0	0.0	0.0	0.0	0.0	0	0	0	1	56.4	34.0	3180.9602	1917.6001	56.4	0.0	0.0	23.7	12445	18.8	11.1	207	5.83	30.5	24.31	41.7	976.0193	1.8803437	6.8834825			38.0		39.0	114.67	53.46	46.65	0.47		1400.0
"Amhara"	"East_Gojjam"	"Gozamin"	"Chertekel"	84	1034	"Teff"	"Footslope"	1.0	41	0	27	1	6	3.1	10.0	1.0	0.75	0.5625	1.0	0.0	0.0	0.0	0.0	0.0	0	0	0	1	28.0	11.333333	784.0	317.3333	28.0	0.0	0.0	24.2	11728	18.6	11.1	207	5.87	31.2	24.47	42.0	976.0193	1.8803437	6.8834825			36.0		39.0	114.67	53.46	46.65	0.47		1400.0
"Amhara"	"East_Gojjam"	"Gozamin"	"Chertekel"	84	1057	"Wheat"	"Footslope"	1.0	54	0	28	1	9	4.6	10.0	1.0	0.5	0.25	1.0	0.0	0.0	1.0	1.0	1.0	0	0	0	0	103.0	51.0	10609.0	5253.0	103.0	0.0	0.0	24.2	11728	18.6	11.1	207	5.87	31.2	24.47	42.0	976.0193	1.8803437	6.8834825			44.333332		45.0	114.67	53.46	46.65		0.41	24.0
"Amhara"	"East_Gojjam"	"Gozamin"	"Chertekel"	84	1034	"Wheat"	"Midslope"	1.0	41	0	27	1	6	3.1	10.0	1.0	0.75	0.5625	1.0	0.0	0.0	0.0	1.0	0.0	1	0	0	1	168.0	68.0	28224.0	11424.0	0.0	168.0	0.0	24.2	11728	18.6	11.1	207	5.87	31.2	24.47	42.0	976.0193	1.8803437	6.8834825			36.0		39.0	114.67	53.46	46.65		0.41	2933.3333
"Amhara"	"East_Gojjam"	"Gozamin"	"Chertekel"	84	1034	"Wheat"	"Midslope"	1.0	41	0	27	1	6	3.1	10.0	0.0	0.5	0.25	1.0	0.0	0.0	0.0	1.0	0.0	0	0	0	1	214.0	68.0	45796.0	14552.0	0.0	214.0	0.0	24.2	11728	18.6	11.1	207	5.87	31.2	24.47	42.0	976.0193	1.8803437	6.8834825			36.0		39.0	114.67	53.46	46.65		0.41	10.0
"Amhara"	"East_Gojjam"	"Gozamin"	"Chertekel"	84	1054	"Teff"	"Footslope"	1.0	64	0	46	1	5	2.4	10.0	1.0	0.5	0.25	1.0	0.0	0.0	0.0	0.0	1.0	1	0	0	1	80.0	51.0	6400.0	4080.0	80.0	0.0	0.0	25.3	10182	17.9	11.5	214	5.84	33.8	24.96	40.7	981.8643	1.9030442	6.889453			34.666668		45.0	114.67	53.46	46.65	0.47		1600.0
"Amhara"	"East_Gojjam"	"Gozamin"	"Chertekel"	84	1055	"Wheat"	"Footslope"	1.0	45	6	27	1	9	4.0	10.0	1.0	0.125	0.015625	1.0	0.0	0.0	1.0	1.0	0.0	0	0	0	0	168.0	68.0	28224.0	11424.0	168.0	0.0	0.0	25.3	10182	17.9	11.5	214	5.84	33.8	24.96	40.7	981.8643	1.9030442	6.889453			45.0		45.0	114.67	53.46	46.65		0.41	4800.0
"Amhara"	"East_Gojjam"	"Gozamin"	"Chertekel"	84	1056	"Teff"	"Footslope"	1.0	41	0	25	1	6	2.7	10.0	0.0	0.25	0.0625	1.0	0.0	0.0	0.0	0.0	0.0	0	0	0	1	74.8	34.0	5595.0405	2543.2002	74.8	0.0	0.0	24.2	11728	18.6	11.1	207	5.87	31.2	24.47	42.0	976.0193	1.8803437	6.8834825			45.0		50.0	114.67	53.46	46.65	0.47		2000.0
"Amhara"	"East_Gojjam"	"Gozamin"	"Chertekel"	84	1057	"Teff"	"Footslope"	1.0	54	0	28	1	9	4.6	10.0	1.0	0.25	0.0625	1.0	0.0	0.0	0.0	0.0	0.0	1	0	0	0	61.0	34.0	3721.0	2074.0	61.0	0.0	0.0	24.2	11728	18.6	11.1	207	5.87	31.2	24.47	42.0	976.0193	1.8803437	6.8834825			45.0		44.8	114.67	53.46	46.65	0.47		1200.0
"Amhara"	"East_Gojjam"	"Gozamin"	"Chertekel"	84	1034	"Teff"	"Hillslope"	1.0	41	0	27	1	6	3.1	10.0	1.0	0.25	0.0625	1.0	0.0	0.0	0.0	0.0	0.0	1	0	0	1	84.0	34.0	7056.0	2856.0	0.0	0.0	84.0	24.2	11728	18.6	11.1	207	5.87	31.2	24.47	42.0	976.0193	1.8803437	6.8834825			36.0		39.0	114.67	53.46	46.65	0.47		1000.0
"Amhara"	"East_Gojjam"	"Gozamin"	"Chertekel"	84	1056	"Wheat"	"Midslope"	1.0	41	0	25	1	6	2.7	10.0	1.0	0.5	0.25	1.0	0.0	0.0	1.0	1.0	1.0	0	0	0	0	61.0	34.0	3721.0	2074.0	0.0	61.0	0.0	24.2	11728	18.6	11.1	207	5.87	31.2	24.47	42.0	976.0193	1.8803437	6.8834825			44.0		45.0	114.67	53.46	46.65		0.41	5200.0
"Amhara"	"East_Gojjam"	"Gozamin"	"Chertekel"	84	1035	"Teff"	"Midslope"	1.0	39	6	25	1	6	2.7	10.0	0.0	0.375	0.140625	1.0	0.0	0.0	0.0	0.0	0.0	1	0	0	1	63.600002	29.466667	4044.9602	1874.0801	0.0	63.600002	0.0	24.2	11728	18.6	11.1	207	5.87	31.2	24.47	42.0	976.0193	1.8803437	6.8834825			34.0		38.0	114.67	53.46	46.65	0.47		1466.6666
"Amhara"	"East_Gojjam"	"Gozamin"	"Chertekel"	84	1058	"Teff"	"Footslope"	1.0	45	0	27	1	6	3.1	10.0	0.0	0.5	0.25	1.0	0.0	0.0	0.0	0.0	0.0	1	0	0	0	84.0	34.0	7056.0	2856.0	84.0	0.0	0.0	24.0	13461	17.8	11.4	214	5.89	31.7	24.3	41.6	976.0193	1.8803437	6.8834825			44.0		45.0	114.67	53.46	46.65	0.47		1400.0
"Amhara"	"East_Gojjam"	"Gozamin"	"Chertekel"	84	1058	"Teff"	"Footslope"	1.0	45	0	27	1	6	3.1	10.0	1.0	0.25	0.0625	1.0	0.0	0.0	0.0	0.0	0.0	0	0	0	0	103.0	51.0	10609.0	5253.0	103.0	0.0	0.0	24.0	13461	17.8	11.4	214	5.89	31.7	24.3	41.6	976.0193	1.8803437	6.8834825			45.333332		45.0	114.67	53.46	46.65	0.47		1600.0
"Amhara"	"East_Gojjam"	"Gozamin"	"Chertekel"	84	1036	"Wheat"	"Footslope"	1.0	45	4	31	1	5	2.6	10.0	1.0	0.5	0.25	1.0	0.0	0.0	0.0	0.0	0.0	1	0	0	1	107.0	34.0	11449.0	3638.0	107.0	0.0	0.0	23.7	12445	18.8	11.1	207	5.83	30.5	24.31	41.7	976.0193	1.8803437	6.8834825			38.0		39.0	114.67	53.46	46.65		0.41	2600.0
"Amhara"	"East_Gojjam"	"Gozamin"	"Chertekel"	84	1032	"Wheat"	"Midslope"	1.0	60	0	46	1	6	3.1	10.0	1.0	0.5	0.25	1.0	0.0	0.0	0.0	1.0	0.0	0	0	0	1	84.0	34.0	7056.0	2856.0	0.0	84.0	0.0	23.6	15846	18.1	11.2	213	5.81	31.4	24.66	40.9	976.0193	1.8803437	6.8834825			40.0		42.0	114.67	53.46	46.65		0.41	1600.0
"Amhara"	"East_Gojjam"	"Gozamin"	"Chertekel"	84	1055	"Teff"	"Midslope"	1.0	45	6	27	1	9	4.0	10.0	0.0	0.75	0.5625	1.0	0.0	0.0	0.0	0.0	1.0	1	0	0	0	25.333334	22.666666	641.77783	574.2222	0.0	25.333334	0.0	25.3	10182	17.9	11.5	214	5.84	33.8	24.96	40.7	981.8643	1.9030442	6.889453			44.0			114.67	53.46	46.65	0.47		1200.0
"Amhara"	"East_Gojjam"	"Gozamin"	"Chertekel"	84	1056	"Teff"	"Footslope"	1.0	41	0	25	1	6	2.7	10.0	0.0	0.25	0.0625	1.0	0.0	0.0	0.0	0.0	0.0	0	0	0	0	168.0	68.0	28224.0	11424.0	168.0	0.0	0.0	24.2	11728	18.6	11.1	207	5.87	31.2	24.47	42.0	976.0193	1.8803437	6.8834825			44.0		45.0	114.67	53.46	46.65	0.47		1000.0
"Amhara"	"East_Gojjam"	"Gozamin"	"Chertekel"	84	1032	"Wheat"	"Midslope"	1.0	60	0	46	1	6	3.1	10.0	1.0	0.75	0.5625	1.0	0.0	0.0	0.0	1.0	0.0	1	0	0	1	40.666668	22.666666	1653.7778	921.7778	0.0	40.666668	0.0	23.6	15846	18.1	11.2	213	5.81	31.4	24.66	40.9	976.0193	1.8803437	6.8834825			40.0		42.0	114.67	53.46	46.65		0.41	2533.3333
"Amhara"	"East_Gojjam"	"Gozamin"	"Chertekel"	84	1057	"Teff"	"Footslope"	1.0	54	0	28	1	9	4.6	10.0	1.0	0.25	0.0625	1.0	0.0	0.0	0.0	0.0	0.0	1	0	0	0	61.0	34.0	3721.0	2074.0	61.0	0.0	0.0	24.2	11728	18.6	11.1	207	5.87	31.2	24.47	42.0	976.0193	1.8803437	6.8834825			45.0		44.8	114.67	53.46	46.65	0.47		1600.0
"Amhara"	"East_Gojjam"	"Gozamin"	"Chertekel"	84	1058	"Wheat"	"Footslope"	1.0	45	0	27	1	6	3.1	10.0	1.0	0.37	0.1369	1.0	0.0	0.0	1.0	1.0	0.0	0	0	0	1	113.51351	45.945946	12885.317	5215.486	113.51351	0.0	0.0	24.0	13461	17.8	11.4	214	5.89	31.7	24.3	41.6	976.0193	1.8803437	6.8834825			44.0		45.0	114.67	53.46	46.65		0.41	4324.324
"Amhara"	"East_Gojjam"	"Gozamin"	"Chertekel"	84	1032	"Teff"	"Midslope"	1.0	60	0	46	1	6	3.1	10.0	1.0	0.375	0.140625	1.0	0.0	0.0	0.0	0.0	0.0	0	0	0	1	112.0	45.333332	12544.0	5077.333	0.0	112.0	0.0	23.6	15846	18.1	11.2	213	5.81	31.4	24.66	40.9	976.0193	1.8803437	6.8834825			42.0		75.0	114.67	53.46	46.65	0.47		23.6
"Amhara"	"East_Gojjam"	"Gozamin"	"Chertekel"	84	1056	"Wheat"	"Footslope"	1.0	41	0	25	1	6	2.7	10.0	0.0	0.2	0.04	1.0	0.0	0.0	1.0	1.0	1.0	0	0	0	0	394.96	153.0	155993.39	83929.0	394.96	0.0	0.0	24.2	11728	18.6	11.1	207	5.87	31.2	24.47	42.0	976.0193	1.8803437	6.8834825			44.2		44.0	114.67	53.46	46.65		0.41	3500.0
"Amhara"	"East_Gojjam"	"Gozamin"	"Chertekel"	84	1054	"Wheat"	"Footslope"	1.0	64	0	46	1	5	2.4	10.0	1.0	0.75	0.5625	1.0	0.0	0.0	1.0	1.0	1.0	1	0	0	0	122.0	68.0	14884.0	8296.0	122.0	0.0	0.0	25.3	10182	17.9	11.5	214	5.84	33.8	24.96	40.7	981.8643	1.9030442	6.889453			41.0		45.333332	114.67	53.46	46.65		0.41	34.666668
"Amhara"	"East_Gojjam"	"Gozamin"	"Chertekel"	84	1055	"Teff"	"Midslope"	1.0	45	6	27	1	9	4.0	10.0	1.0	0.25	0.0625	1.0	0.0	0.0	0.0	0.0	0.0	0	0	0	0	38.0	34.0	1444.0	1292.0	0.0	38.0	0.0	25.3	10182	17.9	11.5	214	5.84	33.8	24.96	40.7	981.8643	1.9030442	6.889453			45.0			114.67	53.46	46.65	0.47		1200.0
"Amhara"	"East_Gojjam"	"Gozamin"	"Giraram"	85	848	"Wheat"	"Hillslope"	1.0	34	4	16	1	7	3.6	60.0	1.0	0.25	0.0625	1.0	0.0	0.0	1.0	1.0	1.0	0	1	0	1	57.0	51.0	3249.0	2907.0	0.0	0.0	57.0	29.2	104185	20.5	13.1	233	5.78	33.4	26.36	37.2	1008.1138	1.7463454	6.9158363			36.0			114.67	53.46	46.65		0.41	4800.0
"Amhara"	"East_Gojjam"	"Gozamin"	"Giraram"	85	874	"Teff"	"Midslope"	1.0	70	0	56	1	3	2.0	60.0	1.0	0.25	0.0625	1.0	0.0	0.0	0.0	0.0	0.0	0	0	0	1	149.0	51.0	22201.0	7599.0	0.0	149.0	0.0	29.4	58944	20.5	13.4	242	5.79	32.6	26.44	37.3	1008.1138	1.7463454	6.9158363			40.0		39.8	114.67	53.46	46.65	0.47		16.0
"Amhara"	"East_Gojjam"	"Gozamin"	"Giraram"	85	938	"Wheat"	"Hillslope"	1.0	33	9	15	1	4	2.1	60.0	0.0	0.25	0.0625	1.0	0.0	0.0	1.0	1.0	1.0	1	0	0	0	149.0	51.0	22201.0	7599.0	0.0	0.0	149.0	27.1	26384	19.4	13.1	247	5.78	29.9	26.12	38.3	1008.1138	1.7463454	6.9158363			36.0		36.0	114.67	53.46	46.65		0.41	4000.0
"Amhara"	"East_Gojjam"	"Gozamin"	"Giraram"	85	938	"Teff"	"Footslope"	1.0	33	9	15	1	4	2.1	60.0	0.0	0.25	0.0625	1.0	0.0	0.0	0.0	0.0	1.0	1	1	0	0	84.0	34.0	7056.0	2856.0	84.0	0.0	0.0	27.1	26384	19.4	13.1	247	5.78	29.9	26.12	38.3	1008.1138	1.7463454	6.9158363			36.0		36.0	114.67	53.46	46.65	0.47		1000.0
"Amhara"	"East_Gojjam"	"Gozamin"	"Giraram"	85	938	"Teff"	"Footslope"	1.0	33	9	15	1	4	2.1	60.0	0.0	0.25	0.0625	1.0	1.0	0.0	0.0	0.0	1.0	0	1	0	1	168.0	68.0	28224.0	11424.0	168.0	0.0	0.0	27.1	26384	19.4	13.1	247	5.78	29.9	26.12	38.3	1008.1138	1.7463454	6.9158363			36.0		36.0	114.67	53.46	46.65	0.47		1000.0
"Amhara"	"East_Gojjam"	"Gozamin"	"Giraram"	85	848	"Wheat"	"Footslope"	1.0	34	4	16	1	7	3.6	60.0	0.0	0.5	0.25	1.0	1.0	0.0	1.0	1.0	0.0	0	1	0	0	74.5	25.5	5550.25	1899.75	74.5	0.0	0.0	29.2	104185	20.5	13.1	233	5.78	33.4	26.36	37.2	1008.1138	1.7463454	6.9158363			36.0		36.0	114.67	53.46	46.65		0.41	4400.0
"Amhara"	"East_Gojjam"	"Gozamin"	"Giraram"	85	874	"Wheat"	"Midslope"	1.0	70	0	56	1	3	2.0	60.0	1.0	0.5	0.25	1.0	0.0	0.0	0.0	1.0	0.0	1	0	0	1	153.0	34.0	23409.0	5202.0	0.0	153.0	0.0	29.4	58944	20.5	13.4	242	5.79	32.6	26.44	37.3	1008.1138	1.7463454	6.9158363			40.0		39.8	114.67	53.46	46.65		0.41	42.0
"Amhara"	"East_Gojjam"	"Gozamin"	"Yenebirna"	85	819	"Teff"	"Hillslope"	1.0	25	0	11	1	3	1.8	60.0	0.0	0.125	0.015625	1.0	0.0	0.0	0.0	0.0	1.0	1	1	0	0	168.0	68.0	28224.0	11424.0	0.0	0.0	168.0	28.9	43006	20.1	13.8	252	5.78	31.4	25.53	37.6	982.73926	1.8030162	6.8903437			44.9		44.9	114.67	53.46	46.65	0.47		1600.0
"Amhara"	"East_Gojjam"	"Gozamin"	"Giraram"	85	844	"Teff"	"Midslope"	1.0	30	8	10	1	4	2.1	60.0	0.0	0.25	0.0625	1.0	1.0	0.0	0.0	0.0	0.0	1	1	0	1	130.0	34.0	16900.0	4420.0	0.0	130.0	0.0	29.2	104185	20.5	13.1	233	5.78	33.4	26.36	37.2	1008.1138	1.7463454	6.9158363			39.5		39.5	114.67	53.46	46.65	0.47		1200.0
"Amhara"	"East_Gojjam"	"Gozamin"	"Giraram"	85	875	"Wheat"	"Footslope"	1.0	45	0	31	1	6	3.3	60.0	1.0	0.25	0.0625	1.0	0.0	0.0	1.0	1.0	0.0	1	0	0	1	130.0	34.0	16900.0	4420.0	130.0	0.0	0.0	29.2	104185	20.5	13.1	233	5.78	33.4	26.36	37.2	1008.1138	1.7463454	6.9158363			40.0		39.8	114.67	53.46	46.65		0.41	1200.0
"Amhara"	"East_Gojjam"	"Gozamin"	"Giraram"	85	848	"Wheat"	"Footslope"	1.0	34	4	16	1	7	3.6	60.0	1.0	0.25	0.0625	1.0	0.0	0.0	1.0	1.0	1.0	0	1	0	1	103.0	51.0	10609.0	5253.0	103.0	0.0	0.0	29.2	104185	20.5	13.1	233	5.78	33.4	26.36	37.2	1008.1138	1.7463454	6.9158363			36.0		36.0	114.67	53.46	46.65		0.41	5200.0
"Amhara"	"East_Gojjam"	"Gozamin"	"Giraram"	85	937	"Wheat"	"Hillslope"	1.0	45	3	25	1	6	2.9	60.0	1.0	0.25	0.0625	1.0	1.0	0.0	1.0	1.0	0.0	0	1	0	0	168.0	68.0	28224.0	11424.0	0.0	0.0	168.0	29.4	58944	20.5	13.4	242	5.79	32.6	26.44	37.3	1008.1138	1.7463454	6.9158363			40.0		24.95	114.67	53.46	46.65		0.41	2200.0
"Amhara"	"East_Gojjam"	"Gozamin"	"Giraram"	85	844	"Wheat"	"Footslope"	1.0	30	8	10	1	4	2.1	60.0	0.0	0.25	0.0625	1.0	0.0	0.0	1.0	1.0	1.0	0	1	0	1	168.0	68.0	28224.0	11424.0	168.0	0.0	0.0	29.2	104185	20.5	13.1	233	5.78	33.4	26.36	37.2	1008.1138	1.7463454	6.9158363			39.5		39.5	114.67	53.46	46.65		0.41	3000.0
"Amhara"	"East_Gojjam"	"Gozamin"	"Giraram"	85	848	"Teff"	"Footslope"	1.0	34	4	16	1	7	3.6	60.0	1.0	0.25	0.0625	1.0	1.0	0.0	0.0	0.0	0.0	0	1	0	1	84.0	34.0	7056.0	2856.0	84.0	0.0	0.0	29.2	104185	20.5	13.1	233	5.78	33.4	26.36	37.2	1008.1138	1.7463454	6.9158363			36.0		36.0	114.67	53.46	46.65	0.47		1600.0
"Amhara"	"East_Gojjam"	"Gozamin"	"Giraram"	85	876	"Teff"	"Midslope"	1.0	65	0	51	1	4	2.3	60.0	1.0	0.25	0.0625	1.0	0.0	0.0	0.0	0.0	0.0	1	0	0	1	65.0	17.0	4225.0	1105.0	0.0	65.0	0.0	28.8	48742	20.8	13.3	251	5.77	31.6	26.67	38.8	1008.1138	1.7463454	6.9158363			39.0		40.0	114.67	53.46	46.65	0.47		10.0
"Amhara"	"East_Gojjam"	"Gozamin"	"Giraram"	85	876	"Wheat"	"Footslope"	1.0	65	0	51	1	4	2.3	60.0	1.0	0.75	0.5625	1.0	0.0	0.0	1.0	1.0	0.0	0	0	0	1	108.333336	28.333334	11736.111	3069.4446	108.333336	0.0	0.0	28.8	48742	20.8	13.3	251	5.77	31.6	26.67	38.8	1008.1138	1.7463454	6.9158363			39.0		38.4	114.67	53.46	46.65		0.41	17.333334
"Amhara"	"East_Gojjam"	"Gozamin"	"Giraram"	85	875	"Wheat"	"Midslope"	1.0	45	0	31	1	6	3.3	60.0	1.0	0.5	0.25	1.0	0.0	0.0	0.0	1.0	0.0	0	0	0	1	42.0	17.0	1764.0	714.0	0.0	42.0	0.0	29.2	104185	20.5	13.1	233	5.78	33.4	26.36	37.2	1008.1138	1.7463454	6.9158363			40.0		39.8	114.67	53.46	46.65		0.41	2800.0
"Amhara"	"East_Gojjam"	"Gozamin"	"Giraram"	85	877	"Wheat"	"Footslope"	1.0	38	0	24	1	6	2.9	60.0	1.0	0.25	0.0625	1.0	0.0	0.0	0.0	1.0	0.0	0	0	0	1	195.0	51.0	38025.0	9945.0	195.0	0.0	0.0	28.8	29943	20.0	12.9	256	5.82	30.7	26.31	39.5	1008.1138	1.7463454	6.9158363			40.0		24.95	114.67	53.46	46.65		0.41	2400.0
"Amhara"	"East_Gojjam"	"Gozamin"	"Giraram"	85	938	"Wheat"	"Hillslope"	1.0	33	9	15	1	4	2.1	60.0	0.0	0.25	0.0625	1.0	0.0	0.0	1.0	1.0	0.0	0	1	0	1	84.0	34.0	7056.0	2856.0	0.0	0.0	84.0	27.1	26384	19.4	13.1	247	5.78	29.9	26.12	38.3	1008.1138	1.7463454	6.9158363			36.0		36.0	114.67	53.46	46.65		0.41	4200.0
"Amhara"	"East_Gojjam"	"Gozamin"	"Giraram"	85	875	"Wheat"	"Midslope"	1.0	45	0	31	1	6	3.3	60.0	1.0	0.25	0.0625	1.0	0.0	0.0	0.0	1.0	0.0	0	0	0	1	260.0	68.0	67600.0	17680.0	0.0	260.0	0.0	29.2	104185	20.5	13.1	233	5.78	33.4	26.36	37.2	1008.1138	1.7463454	6.9158363			40.0		39.8	114.67	53.46	46.65		0.41	20.0
"Amhara"	"East_Gojjam"	"Gozamin"	"Yenebirna"	85	819	"Wheat"	"Midslope"	1.0	25	0	11	1	3	1.8	60.0	0.0	0.25	0.0625	1.0	0.0	1.0	0.0	1.0	1.0	0	1	0	0	168.0	68.0	28224.0	11424.0	0.0	168.0	0.0	28.9	43006	20.1	13.8	252	5.78	31.4	25.53	37.6	982.73926	1.8030162	6.8903437			44.9		44.9	114.67	53.46	46.65		0.41	4000.0
"Amhara"	"East_Gojjam"	"Gozamin"	"Yenebirna"	85	819	"Wheat"	"Midslope"	1.0	25	0	11	1	3	1.8	60.0	0.0	0.25	0.0625	1.0	0.0	1.0	0.0	1.0	1.0	0	0	0	0	168.0	68.0	28224.0	11424.0	0.0	168.0	0.0	28.9	43006	20.1	13.8	252	5.78	31.4	25.53	37.6	982.73926	1.8030162	6.8903437			44.9		44.9	114.67	53.46	46.65		0.41	3200.0
"Amhara"	"East_Gojjam"	"Gozamin"	"Giraram"	85	937	"Wheat"	"Footslope"	1.0	45	3	25	1	6	2.9	60.0	1.0	0.25	0.0625	1.0	0.0	0.0	1.0	1.0	0.0	0	1	0	1	168.0	68.0	28224.0	11424.0	168.0	0.0	0.0	29.4	58944	20.5	13.4	242	5.79	32.6	26.44	37.3	1008.1138	1.7463454	6.9158363			40.0		40.0	114.67	53.46	46.65		0.41	3000.0
"Amhara"	"East_Gojjam"	"Gozamin"	"Giraram"	85	878	"Wheat"	"Midslope"	1.0	48	0	34	0	7	3.4	60.0	1.0	0.5	0.25	1.0	0.0	1.0	0.0	1.0	0.0	1	0	0	1	107.0	34.0	11449.0	3638.0	0.0	107.0	0.0	28.8	48742	20.8	13.3	251	5.77	31.6	26.67	38.8	1008.1138	1.7463454	6.9158363			42.0		38.0	114.67	53.46	46.65		0.41	0.75
"Amhara"	"East_Gojjam"	"Gozamin"	"Giraram"	85	877	"Teff"	"Footslope"	1.0	38	0	24	1	6	2.9	60.0	1.0	0.25	0.0625	1.0	0.0	0.0	0.0	0.0	0.0	0	0	0	1	130.0	34.0	16900.0	4420.0	130.0	0.0	0.0	28.8	29943	20.0	12.9	256	5.82	30.7	26.31	39.5	1008.1138	1.7463454	6.9158363			40.0		39.8	114.67	53.46	46.65	0.47		1600.0
"Amhara"	"East_Gojjam"	"Gozamin"	"Giraram"	85	844	"Wheat"	"Footslope"	1.0	30	8	10	1	4	2.1	60.0	0.0	0.75	0.5625	1.0	0.0	0.0	1.0	1.0	0.0	1	0	0	0	99.333336	34.0	9867.111	3377.3335	99.333336	0.0	0.0	29.2	104185	20.5	13.1	233	5.78	33.4	26.36	37.2	1008.1138	1.7463454	6.9158363			39.5		39.5	114.67	53.46	46.65		0.41	2000.0
"Amhara"	"East_Gojjam"	"Gozamin"	"Giraram"	85	846	"Wheat"	"Footslope"	1.0	32	0	10	1	5	2.4	60.0	0.0	0.25	0.0625	1.0	0.0	0.0	1.0	1.0	1.0	1	1	0	0	149.0	51.0	22201.0	7599.0	149.0	0.0	0.0	28.8	48742	20.8	13.3	251	5.77	31.6	26.67	38.8	1008.1138	1.7463454	6.9158363		44.0			44.0	114.67	53.46	46.65		0.41	1600.0
"Amhara"	"East_Gojjam"	"Gozamin"	"Giraram"	85	875	"Teff"	"Footslope"	1.0	45	0	31	1	6	3.3	60.0	1.0	0.25	0.0625	1.0	0.0	0.0	0.0	1.0	0.0	0	0	0	1	84.0	34.0	7056.0	2856.0	84.0	0.0	0.0	29.2	104185	20.5	13.1	233	5.78	33.4	26.36	37.2	1008.1138	1.7463454	6.9158363			40.0		39.8	114.67	53.46	46.65	0.47		800.0
"Amhara"	"East_Gojjam"	"Gozamin"	"Giraram"	85	937	"Teff"	"Midslope"	1.0	45	3	25	1	6	2.9	60.0	1.0	0.25	0.0625	1.0	0.0	0.0	0.0	0.0	1.0	1	1	0	1	122.0	68.0	14884.0	8296.0	0.0	122.0	0.0	29.4	58944	20.5	13.4	242	5.79	32.6	26.44	37.3	1008.1138	1.7463454	6.9158363			40.0		40.0	114.67	53.46	46.65	0.47		1200.0
"Amhara"	"East_Gojjam"	"Gozamin"	"Giraram"	85	846	"Teff"	"Footslope"	1.0	32	0	10	1	5	2.4	60.0	0.0	0.25	0.0625	1.0	0.0	0.0	0.0	0.0	0.0	1	1	0	1	130.0	34.0	16900.0	4420.0	130.0	0.0	0.0	28.8	48742	20.8	13.3	251	5.77	31.6	26.67	38.8	1008.1138	1.7463454	6.9158363			44.0		44.0	114.67	53.46	46.65	0.47		800.0
"Amhara"	"East_Gojjam"	"Gozamin"	"Giraram"	85	848	"Wheat"	"Footslope"	1.0	34	4	16	1	7	3.6	60.0	1.0	0.25	0.0625	1.0	0.0	0.0	1.0	1.0	0.0	0	1	0	1	149.0	51.0	22201.0	7599.0	149.0	0.0	0.0	29.2	104185	20.5	13.1	233	5.78	33.4	26.36	37.2	1008.1138	1.7463454	6.9158363			36.0		36.0	114.67	53.46	46.65		0.41	3600.0
"Amhara"	"East_Gojjam"	"Gozamin"	"Giraram"	85	878	"Wheat"	"Footslope"	1.0	48	0	34	0	7	3.4	60.0	0.0	0.375	0.140625	1.0	0.0	0.0	0.0	1.0	0.0	0	0	0	0	142.66667	45.333332	20353.78	6467.5557	142.66667	0.0	0.0	28.8	48742	20.8	13.3	251	5.77	31.6	26.67	38.8	1008.1138	1.7463454	6.9158363			42.0		38.0	114.67	53.46	46.65		0.41	54.666668
"Amhara"	"East_Gojjam"	"Gozamin"	"Giraram"	85	878	"Teff"	"Footslope"	1.0	48	0	34	0	7	3.4	60.0	0.0	0.25	0.0625	1.0	0.0	0.0	0.0	0.0	0.0	1	0	0	1	130.0	34.0	16900.0	4420.0	130.0	0.0	0.0	28.8	48742	20.8	13.3	251	5.77	31.6	26.67	38.8	1008.1138	1.7463454	6.9158363			44.0		38.0	114.67	53.46	46.65	0.47		1600.0
"Amhara"	"East_Gojjam"	"Gozamin"	"Giraram"	85	848	"Wheat"	"Hillslope"	1.0	34	4	16	1	7	3.6	60.0	1.0	0.125	0.015625	1.0	0.0	0.0	1.0	1.0	1.0	0	1	0	1	92.0	0.0	8464.0	0.0	0.0	0.0	92.0	29.2	104185	20.5	13.1	233	5.78	33.4	26.36	37.2	1008.1138	1.7463454	6.9158363					36.0	114.67	53.46	46.65		0.41	4800.0
"Amhara"	"East_Gojjam"	"Gozamin"	"Giraram"	85	846	"Wheat"	"Hillslope"	1.0	32	0	10	1	5	2.4	60.0	1.0	0.25	0.0625	1.0	1.0	0.0	1.0	1.0	1.0	0	1	0	1	84.0	34.0	7056.0	2856.0	0.0	0.0	84.0	28.8	48742	20.8	13.3	251	5.77	31.6	26.67	38.8	1008.1138	1.7463454	6.9158363			44.0		44.0	114.67	53.46	46.65		0.41	1600.0
"Amhara"	"East_Gojjam"	"Gozamin"	"Giraram"	85	846	"Wheat"	"Footslope"	1.0	32	0	10	1	5	2.4	60.0	0.0	0.25	0.0625	1.0	0.0	0.0	1.0	1.0	1.0	0	1	0	0	149.0	51.0	22201.0	7599.0	149.0	0.0	0.0	28.8	48742	20.8	13.3	251	5.77	31.6	26.67	38.8	1008.1138	1.7463454	6.9158363			44.0		44.0	114.67	53.46	46.65		0.41	2600.0
"Amhara"	"East_Gojjam"	"Gozamin"	"Chertekel"	86	966	"Wheat"	"Midslope"	1.0	42	0	28	1	5	2.8	40.0	1.0	0.25	0.0625	1.0	1.0	1.0	1.0	1.0	1.0	1	1	0	1	358.0	153.0	128164.0	85204.0	0.0	358.0	0.0	24.3	14075	19.0	11.6	234	5.89	34.3	24.71	40.4	981.8643	1.9030442	6.889453			21.454287		32.0	114.67	53.46	46.65		0.41	5200.0
"Amhara"	"East_Gojjam"	"Gozamin"	"Chertekel"	86	950	"Wheat"	"Midslope"	1.0	41	0	20	1	6	2.9	40.0	1.0	0.25	0.0625	1.0	0.0	0.0	0.0	1.0	1.0	1	1	0	1	141.0	85.0	19881.0	11985.0	0.0	141.0	0.0	24.3	14075	19.0	11.6	234	5.89	34.3	24.71	40.4	981.8643	1.9030442	6.889453			44.0		44.0	114.67	53.46	46.65		0.41	2800.0
"Amhara"	"East_Gojjam"	"Gozamin"	"Chertekel"	86	965	"Teff"	"Footslope"	1.0	65	16	51	1	6	3.5	40.0	1.0	0.25	0.0625	1.0	0.0	0.0	0.0	0.0	0.0	1	1	0	0	84.0	34.0	7056.0	2856.0	84.0	0.0	0.0	25.1	14840	19.8	11.2	223	5.85	33.7	24.84	40.5	981.8643	1.9030442	6.889453			32.0		32.0	114.67	53.46	46.65	0.47		1600.0
"Amhara"	"East_Gojjam"	"Gozamin"	"Chertekel"	86	969	"Wheat"	"Midslope"	1.0	54	16	40	1	9	4.4	40.0	0.0	0.5	0.25	1.0	0.0	1.0	0.0	1.0	1.0	1	1	0	0	206.0	102.0	42436.0	21012.0	0.0	206.0	0.0	24.3	14075	19.0	11.6	234	5.89	34.3	24.71	40.4	981.8643	1.9030442	6.889453			20.23		24.95	114.67	53.46	46.65		0.41	2000.0
"Amhara"	"East_Gojjam"	"Gozamin"	"Chertekel"	86	968	"Wheat"	"Footslope"	1.0	45	4	31	1	6	2.9	40.0	1.0	0.25	0.0625	1.0	0.0	1.0	0.0	1.0	0.0	1	1	0	1	394.96	153.0	155993.39	80571.836	394.96	0.0	0.0	26.1	12539	19.9	11.3	219	5.85	31.4	24.45	41.7	981.8643	1.9030442	6.889453			23.3		29.72	114.67	53.46	46.65		0.41	3200.0
"Amhara"	"East_Gojjam"	"Gozamin"	"Chertekel"	86	951	"Teff"	"Midslope"	1.0	49	6	32	1	7	3.4	40.0	1.0	0.75	0.5625	1.0	0.0	1.0	0.0	0.0	0.0	1	1	0	1	21.866667	11.333333	478.15112	247.82222	0.0	21.866667	0.0	25.1	14840	19.8	11.2	223	5.85	33.7	24.84	40.5	981.8643	1.9030442	6.889453			40.0		40.0	114.67	53.46	46.65	0.47		1200.0
"Amhara"	"East_Gojjam"	"Gozamin"	"Chertekel"	86	931	"Teff"	"Midslope"	1.0	48	0	32	0	7	3.2	40.0	0.0	0.25	0.0625	1.0	0.0	1.0	0.0	0.0	0.0	0	1	0	1	84.0	34.0	7056.0	2856.0	0.0	84.0	0.0	25.1	14840	19.8	11.2	223	5.85	33.7	24.84	40.5	981.8643	1.9030442	6.889453			40.0		40.0	114.67	53.46	46.65	0.47		2000.0
"Amhara"	"East_Gojjam"	"Gozamin"	"Chertekel"	86	967	"Teff"	"Midslope"	1.0	48	16	34	1	5	2.8	40.0	1.0	0.25	0.0625	1.0	0.0	0.0	0.0	0.0	0.0	1	1	0	0	84.0	34.0	7056.0	2856.0	0.0	84.0	0.0	26.1	12539	19.9	11.3	219	5.85	31.4	24.45	41.7	981.8643	1.9030442	6.889453			39.2		38.4	114.67	53.46	46.65	0.47		1600.0
"Amhara"	"East_Gojjam"	"Gozamin"	"Chertekel"	86	967	"Wheat"	"Midslope"	1.0	48	16	34	1	5	2.8	40.0	1.0	0.5	0.25	1.0	0.0	0.0	1.0	1.0	0.0	1	1	0	1	84.0	34.0	7056.0	2856.0	0.0	84.0	0.0	26.1	12539	19.9	11.3	219	5.85	31.4	24.45	41.7	981.8643	1.9030442	6.889453			24.45		24.95	114.67	53.46	46.65		0.41	2400.0
"Amhara"	"East_Gojjam"	"Gozamin"	"Chertekel"	86	965	"Wheat"	"Midslope"	1.0	65	16	51	1	6	3.5	40.0	1.0	0.25	0.0625	1.0	0.0	0.0	1.0	1.0	0.0	1	1	0	0	206.0	102.0	42436.0	21012.0	0.0	206.0	0.0	25.1	14840	19.8	11.2	223	5.85	33.7	24.84	40.5	981.8643	1.9030442	6.889453			19.733334		32.0	114.67	53.46	46.65		0.41	2800.0
"Amhara"	"East_Gojjam"	"Gozamin"	"Chertekel"	86	951	"Wheat"	"Midslope"	1.0	49	6	32	1	7	3.4	40.0	0.0	0.75	0.5625	1.0	0.0	1.0	0.0	1.0	0.0	1	1	0	1	162.66667	90.666664	26460.445	14748.444	0.0	162.66667	0.0	25.1	14840	19.8	11.2	223	5.85	33.7	24.84	40.5	981.8643	1.9030442	6.889453			40.0		40.0	114.67	53.46	46.65		0.41	4400.0
"Amhara"	"East_Gojjam"	"Gozamin"	"Chertekel"	86	950	"Teff"	"Midslope"	1.0	41	0	20	1	6	2.9	40.0	0.0	0.375	0.140625	1.0	0.0	0.0	0.0	0.0	1.0	1	1	0	1	56.0	22.666666	3136.0	1269.3333	0.0	56.0	0.0	24.3	14075	19.0	11.6	234	5.89	34.3	24.71	40.4	981.8643	1.9030442	6.889453			44.0		44.0	114.67	53.46	46.65	0.47		1466.6666
"Amhara"	"East_Gojjam"	"Gozamin"	"Chertekel"	86	969	"Teff"	"Midslope"	1.0	54	16	40	1	9	4.4	40.0	1.0	0.75	0.5625	1.0	0.0	1.0	0.0	0.0	1.0	1	1	0	1	198.66667	68.0	39468.445	13509.334	0.0	198.66667	0.0	24.3	14075	19.0	11.6	234	5.89	34.3	24.71	40.4	981.8643	1.9030442	6.889453			20.23		24.95	114.67	53.46	46.65	0.47		1066.6666
"Amhara"	"East_Gojjam"	"Gozamin"	"Chertekel"	86	925	"Wheat"	"Midslope"	1.0	63	0	40	1	7	3.8	40.0	1.0	0.25	0.0625	1.0	0.0	0.0	0.0	1.0	0.0	1	1	0	1	206.0	102.0	42436.0	21012.0	0.0	206.0	0.0	25.1	14840	19.8	11.2	223	5.85	33.7	24.84	40.5	981.8643	1.9030442	6.889453			20.0		40.0	114.67	53.46	46.65		0.41	3200.0
"Amhara"	"East_Gojjam"	"Gozamin"	"Chertekel"	86	951	"Teff"	"Midslope"	1.0	49	6	32	1	7	3.4	40.0	0.0	0.25	0.0625	1.0	0.0	1.0	0.0	0.0	0.0	1	1	0	1	122.0	68.0	14884.0	8296.0	0.0	122.0	0.0	25.1	14840	19.8	11.2	223	5.85	33.7	24.84	40.5	981.8643	1.9030442	6.889453			40.0		40.0	114.67	53.46	46.65	0.47		1200.0
"Amhara"	"East_Gojjam"	"Gozamin"	"Chertekel"	86	965	"Teff"	"Midslope"	1.0	65	16	51	1	6	3.5	40.0	0.0	0.25	0.0625	1.0	0.0	0.0	0.0	0.0	0.0	1	1	0	0	84.0	34.0	7056.0	2856.0	0.0	84.0	0.0	25.1	14840	19.8	11.2	223	5.85	33.7	24.84	40.5	981.8643	1.9030442	6.889453			32.0		32.0	114.67	53.46	46.65	0.47		1000.0
"Amhara"	"East_Gojjam"	"Gozamin"	"Chertekel"	86	931	"Teff"	"Midslope"	1.0	48	0	32	0	7	3.2	40.0	1.0	0.5	0.25	1.0	0.0	0.0	0.0	0.0	1.0	0	1	0	1	84.0	34.0	7056.0	2856.0	0.0	84.0	0.0	25.1	14840	19.8	11.2	223	5.85	33.7	24.84	40.5	981.8643	1.9030442	6.889453			40.0		40.0	114.67	53.46	46.65	0.47		2000.0
"Amhara"	"East_Gojjam"	"Gozamin"	"Chertekel"	86	931	"Wheat"	"Midslope"	1.0	48	0	32	0	7	3.2	40.0	1.0	0.5	0.25	1.0	0.0	1.0	0.0	1.0	0.0	0	1	0	1	122.0	68.0	14884.0	8296.0	0.0	122.0	0.0	25.1	14840	19.8	11.2	223	5.85	33.7	24.84	40.5	981.8643	1.9030442	6.889453			40.0		40.0	114.67	53.46	46.65		0.41	5000.0
"Amhara"	"East_Gojjam"	"Gozamin"	"Chertekel"	86	967	"Teff"	"Midslope"	1.0	48	16	34	1	5	2.8	40.0	1.0	0.25	0.0625	1.0	0.0	0.0	0.0	0.0	1.0	1	1	0	0	84.0	34.0	7056.0	2856.0	0.0	84.0	0.0	26.1	12539	19.9	11.3	219	5.85	31.4	24.45	41.7	981.8643	1.9030442	6.889453			22.72		38.4	114.67	53.46	46.65	0.47		2032.0
"Amhara"	"East_Gojjam"	"Gozamin"	"Chertekel"	86	966	"Teff"	"Midslope"	1.0	42	0	28	1	5	2.8	40.0	1.0	0.25	0.0625	1.0	0.0	1.0	1.0	0.0	0.0	1	1	0	0	198.0	136.0	39204.0	26928.0	0.0	198.0	0.0	24.3	14075	19.0	11.6	234	5.89	34.3	24.71	40.4	981.8643	1.9030442	6.889453			24.8		38.4	114.67	53.46	46.65	0.47		1400.0
"Amhara"	"East_Gojjam"	"Gozamin"	"Chertekel"	86	968	"Teff"	"Footslope"	1.0	45	4	31	1	6	2.9	40.0	1.0	0.25	0.0625	1.0	0.0	1.0	0.0	0.0	1.0	1	1	0	0	94.4	68.0	8911.36	6419.2	94.4	0.0	0.0	26.1	12539	19.9	11.3	219	5.85	31.4	24.45	41.7	981.8643	1.9030442	6.889453			24.45		45.0	114.67	53.46	46.65	0.47		1200.0
"Amhara"	"East_Gojjam"	"Gozamin"	"Chertekel"	86	965	"Teff"	"Midslope"	1.0	65	16	51	1	6	3.5	40.0	1.0	0.25	0.0625	1.0	0.0	0.0	0.0	0.0	0.0	1	1	0	0	84.0	34.0	7056.0	2856.0	0.0	84.0	0.0	25.1	14840	19.8	11.2	223	5.85	33.7	24.84	40.5	981.8643	1.9030442	6.889453			32.0		32.0	114.67	53.46	46.65	0.47		1400.0
"Amhara"	"East_Gojjam"	"Gozamin"	"Chertekel"	86	931	"Teff"	"Midslope"	1.0	48	0	32	0	7	3.2	40.0	1.0	0.5	0.25	1.0	0.0	1.0	0.0	0.0	1.0	0	1	0	1	80.0	51.0	6400.0	4080.0	0.0	80.0	0.0	25.1	14840	19.8	11.2	223	5.85	33.7	24.84	40.5	981.8643	1.9030442	6.889453			40.0		40.0	114.67	53.46	46.65	0.47		30.0
"Amhara"	"East_Gojjam"	"Gozamin"	"Chertekel"	86	951	"Teff"	"Midslope"	1.0	49	6	32	1	7	3.4	40.0	1.0	0.25	0.0625	1.0	0.0	1.0	0.0	0.0	1.0	1	1	0	1	84.0	34.0	7056.0	2856.0	0.0	84.0	0.0	25.1	14840	19.8	11.2	223	5.85	33.7	24.84	40.5	981.8643	1.9030442	6.889453			40.0		40.0	114.67	53.46	46.65	0.47		1200.0
"Amhara"	"East_Gojjam"	"Gozamin"	"Chertekel"	86	925	"Teff"	"Midslope"	1.0	63	0	40	1	7	3.8	40.0	1.0	0.125	0.015625	1.0	0.0	0.0	0.0	0.0	1.0	1	1	0	1	130.0	34.0	16900.0	4420.0	0.0	130.0	0.0	25.1	14840	19.8	11.2	223	5.85	33.7	24.84	40.5	981.8643	1.9030442	6.889453			40.0		40.0	114.67	53.46	46.65	0.47		1600.0
"Amhara"	"East_Gojjam"	"Gozamin"	"Chertekel"	86	926	"Teff"	"Midslope"	1.0	42	0	28	1	8	3.9	40.0	1.0	0.25	0.0625	1.0	0.0	0.0	0.0	0.0	1.0	1	1	0	1	187.0	85.0	34969.0	15895.0	0.0	187.0	0.0	25.1	14840	19.8	11.2	223	5.85	33.7	24.84	40.5	981.8643	1.9030442	6.889453			24.0		40.0	114.67	53.46	46.65	0.47		10.0
"Amhara"	"East_Gojjam"	"Gozamin"	"Chertekel"	86	926	"Wheat"	"Midslope"	1.0	42	0	28	1	8	3.9	40.0	0.0	0.5	0.25	1.0	0.0	0.0	0.0	1.0	1.0	1	1	0	1	126.0	51.0	15876.0	6426.0	0.0	126.0	0.0	25.1	14840	19.8	11.2	223	5.85	33.7	24.84	40.5	981.8643	1.9030442	6.889453			40.0		40.0	114.67	53.46	46.65		0.41	2000.0
"Amhara"	"East_Gojjam"	"Gozamin"	"Chertekel"	86	926	"Teff"	"Midslope"	1.0	42	0	28	1	8	3.9	40.0	0.0	0.5	0.25	1.0	0.0	0.0	0.0	0.0	1.0	1	1	0	1	42.0	17.0	1764.0	714.0	0.0	42.0	0.0	25.1	14840	19.8	11.2	223	5.85	33.7	24.84	40.5	981.8643	1.9030442	6.889453			40.0		40.0	114.67	53.46	46.65	0.47		1600.0
"Amhara"	"East_Gojjam"	"Gozamin"	"Chertekel"	86	966	"Teff"	"Midslope"	1.0	42	0	28	1	5	2.8	40.0	1.0	0.25	0.0625	1.0	0.0	1.0	1.0	0.0	0.0	1	1	0	1	141.6	102.0	20050.562	14443.2	0.0	141.6	0.0	24.3	14075	19.0	11.6	234	5.89	34.3	24.71	40.4	981.8643	1.9030442	6.889453			23.373333		43.333332	114.67	53.46	46.65	0.47		2400.0
"Amhara"	"East_Gojjam"	"Gozamin"	"Chertekel"	86	965	"Wheat"	"Midslope"	1.0	65	16	51	1	6	3.5	40.0	1.0	0.125	0.015625	1.0	0.0	1.0	0.0	1.0	0.0	1	1	0	1	394.96	153.0	155993.39	80571.836	0.0	394.96	0.0	25.1	14840	19.8	11.2	223	5.85	33.7	24.84	40.5	981.8643	1.9030442	6.889453			19.866667		24.95	114.67	53.46	46.65		0.41	3200.0
"Amhara"	"East_Gojjam"	"Gozamin"	"Chertekel"	86	950	"Teff"	"Midslope"	1.0	41	0	20	1	6	2.9	40.0	0.0	0.25	0.0625	1.0	0.0	0.0	0.0	0.0	1.0	1	1	0	1	103.0	51.0	10609.0	5253.0	0.0	103.0	0.0	24.3	14075	19.0	11.6	234	5.89	34.3	24.71	40.4	981.8643	1.9030442	6.889453			44.0		44.0	114.67	53.46	46.65	0.47		1800.0
"Amhara"	"East_Gojjam"	"Gozamin"	"Chertekel"	86	925	"Teff"	"Midslope"	1.0	63	0	40	1	7	3.8	40.0	1.0	0.25	0.0625	1.0	0.0	0.0	0.0	0.0	1.0	1	1	0	1	84.0	34.0	7056.0	2856.0	0.0	84.0	0.0	25.1	14840	19.8	11.2	223	5.85	33.7	24.84	40.5	981.8643	1.9030442	6.889453			40.0		40.0	114.67	53.46	46.65	0.47		1600.0
"Amhara"	"East_Gojjam"	"Gozamin"	"Giraram"	87	927	"Wheat"	"Hillslope"	1.0	52	0	30	1	6	3.3	20.0	1.0	0.375	0.140625	1.0	0.0	0.0	0.0	1.0	1.0	0	1	0	0	112.0	45.333332	12544.0	5077.333	0.0	0.0	112.0	28.4	47705	20.0	13.5	245	5.85	31.2	26.73	36.4	1008.1138	1.7463454	6.9158363			44.0		44.0	114.67	53.46	46.65		0.41	3200.0
"Amhara"	"East_Gojjam"	"Gozamin"	"Giraram"	87	927	"Teff"	"Hillslope"	1.0	52	0	30	1	6	3.3	20.0	1.0	0.125	0.015625	1.0	0.0	0.0	0.0	0.0	0.0	0	1	0	1	130.0	34.0	16900.0	4420.0	0.0	0.0	130.0	28.4	47705	20.0	13.5	245	5.85	31.2	26.73	36.4	1008.1138	1.7463454	6.9158363			44.0		44.0	114.67	53.46	46.65	0.47		1600.0
"Amhara"	"East_Gojjam"	"Gozamin"	"Giraram"	87	842	"Wheat"	"Midslope"	1.0	43	4	29	1	7	3.4	20.0	1.0	0.25	0.0625	1.0	0.0	0.0	0.0	1.0	1.0	0	1	0	1	149.0	51.0	22201.0	7599.0	0.0	149.0	0.0	28.4	39639	19.1	13.7	251	5.83	30.2	26.18	36.8	1008.1138	1.7463454	6.9158363			54.166668		44.9	114.67	53.46	46.65		0.41	2000.0
"Amhara"	"East_Gojjam"	"Gozamin"	"Giraram"	87	915	"Wheat"	"Midslope"	1.0	52	16	38	1	8	3.9	20.0	0.0	0.25	0.0625	1.0	0.0	1.0	0.0	1.0	1.0	0	1	0	0	390.0	102.0	152100.0	39780.0	0.0	390.0	0.0	29.7	35064	19.9	12.9	240	5.8	30.2	26.83	37.4	1008.1138	1.7463454	6.9158363			40.416668		40.416668	114.67	53.46	46.65		0.41	2000.0
"Amhara"	"East_Gojjam"	"Gozamin"	"Giraram"	87	917	"Wheat"	"Midslope"	1.0	32	0	18	1	4	2.1	20.0	0.0	0.25	0.0625	1.0	0.0	1.0	1.0	1.0	1.0	0	0	0	0	160.0	102.0	25600.0	16320.0	0.0	160.0	0.0	28.4	39639	19.1	13.7	251	5.83	30.2	26.18	36.8	1008.1138	1.7463454	6.9158363			29.633333		44.6	114.67	53.46	46.65		0.41	1600.0
"Amhara"	"East_Gojjam"	"Gozamin"	"Giraram"	87	841	"Teff"	"Midslope"	1.0	45	0	31	1	9	4.4	20.0	1.0	0.25	0.0625	1.0	0.0	0.0	0.0	0.0	1.0	0	1	0	0	84.0	34.0	7056.0	2856.0	0.0	84.0	0.0	28.0	34897	19.5	13.3	262	5.8	28.6	26.32	36.9	1008.1138	1.7463454	6.9158363			44.9		44.9	114.67	53.46	46.65	0.47		2000.0
"Amhara"	"East_Gojjam"	"Gozamin"	"Giraram"	87	841	"Wheat"	"Midslope"	1.0	45	0	31	1	9	4.4	20.0	1.0	0.75	0.5625	1.0	0.0	0.0	0.0	1.0	1.0	0	1	0	0	162.66667	90.666664	26460.445	14748.444	0.0	162.66667	0.0	28.0	34897	19.5	13.3	262	5.8	28.6	26.32	36.9	1008.1138	1.7463454	6.9158363			44.9		44.9	114.67	53.46	46.65		0.41	2800.0
"Amhara"	"East_Gojjam"	"Gozamin"	"Giraram"	87	917	"Wheat"	"Hillslope"	1.0	32	0	18	1	4	2.1	20.0	0.0	0.25	0.0625	1.0	0.0	0.0	0.0	1.0	1.0	0	0	0	0	160.0	102.0	25600.0	16320.0	0.0	0.0	160.0	28.4	39639	19.1	13.7	251	5.83	30.2	26.18	36.8	1008.1138	1.7463454	6.9158363			29.633333		44.6	114.67	53.46	46.65		0.41	1800.0
"Amhara"	"East_Gojjam"	"Gozamin"	"Giraram"	87	949	"Teff"	"Midslope"	1.0	35	0	15	1	4	2.1	20.0	0.0	0.25	0.0625	1.0	0.0	1.0	0.0	0.0	0.0	1	1	0	0	84.0	34.0	7056.0	2856.0	0.0	84.0	0.0	28.4	39639	19.1	13.7	251	5.83	30.2	26.18	36.8	1008.1138	1.7463454	6.9158363			44.0		44.0	114.67	53.46	46.65	0.47		800.0
"Amhara"	"East_Gojjam"	"Gozamin"	"Giraram"	87	927	"Teff"	"Hillslope"	1.0	52	0	30	1	6	3.3	20.0	0.0	0.375	0.140625	1.0	1.0	0.0	0.0	0.0	0.0	0	1	0	0	99.333336	34.0	9867.111	3377.3335	0.0	0.0	99.333336	28.4	47705	20.0	13.5	245	5.85	31.2	26.73	36.4	1008.1138	1.7463454	6.9158363			44.0		44.0	114.67	53.46	46.65	0.47		1066.6666
"Amhara"	"East_Gojjam"	"Gozamin"	"Giraram"	87	916	"Teff"	"Midslope"	1.0	40	4	26	1	5	2.4	20.0	1.0	0.25	0.0625	1.0	0.0	0.0	0.0	0.0	0.0	0	1	0	0	390.0	102.0	152100.0	39780.0	0.0	390.0	0.0	27.8	36888	19.0	13.5	262	5.84	29.3	26.21	37.2	1008.1138	1.7463454	6.9158363			40.416668		40.416668	114.67	53.46	46.65	0.47		800.0
"Amhara"	"East_Gojjam"	"Gozamin"	"Giraram"	87	915	"Wheat"	"Hillslope"	1.0	52	16	38	1	8	3.9	20.0	0.0	0.25	0.0625	1.0	0.0	1.0	0.0	1.0	1.0	0	1	0	1	390.0	102.0	152100.0	39780.0	0.0	0.0	390.0	29.7	35064	19.9	12.9	240	5.8	30.2	26.83	37.4	1008.1138	1.7463454	6.9158363			40.416668		40.416668	114.67	53.46	46.65		0.41	2000.0
"Amhara"	"East_Gojjam"	"Gozamin"	"Giraram"	87	842	"Teff"	"Midslope"	1.0	43	4	29	1	7	3.4	20.0	0.0	0.25	0.0625	1.0	0.0	0.0	0.0	0.0	0.0	0	1	0	0	103.0	51.0	10609.0	5253.0	0.0	103.0	0.0	28.4	39639	19.1	13.7	251	5.83	30.2	26.18	36.8	1008.1138	1.7463454	6.9158363			54.166668		44.9	114.67	53.46	46.65	0.47		1000.0
"Amhara"	"East_Gojjam"	"Gozamin"	"Giraram"	87	842	"Teff"	"Midslope"	1.0	43	4	29	1	7	3.4	20.0	0.0	0.25	0.0625	1.0	0.0	0.0	0.0	0.0	0.0	0	1	0	1	103.0	51.0	10609.0	5253.0	0.0	103.0	0.0	28.4	39639	19.1	13.7	251	5.83	30.2	26.18	36.8	1008.1138	1.7463454	6.9158363			54.166668		44.9	114.67	53.46	46.65	0.47		1600.0
"Amhara"	"East_Gojjam"	"Gozamin"	"Giraram"	87	915	"Wheat"	"Midslope"	1.0	52	16	38	1	8	3.9	20.0	0.0	0.25	0.0625	1.0	0.0	0.0	0.0	1.0	1.0	0	0	0	1	390.0	102.0	152100.0	39780.0	0.0	390.0	0.0	29.7	35064	19.9	12.9	240	5.8	30.2	26.83	37.4	1008.1138	1.7463454	6.9158363			40.416668		40.416668	114.67	53.46	46.65		0.41	2000.0
"Amhara"	"East_Gojjam"	"Gozamin"	"Giraram"	87	915	"Teff"	"Hillslope"	1.0	52	16	38	1	8	3.9	20.0	0.0	0.25	0.0625	1.0	0.0	0.0	0.0	0.0	1.0	0	1	0	1	298.0	102.0	88804.0	30396.0	0.0	0.0	298.0	29.7	35064	19.9	12.9	240	5.8	30.2	26.83	37.4	1008.1138	1.7463454	6.9158363			27.083334		44.9	114.67	53.46	46.65	0.47		1600.0
"Amhara"	"East_Gojjam"	"Gozamin"	"Giraram"	87	918	"Wheat"	"Midslope"	1.0	43	9	29	1	8	3.7	20.0	1.0	0.25	0.0625	1.0	0.0	0.0	1.0	1.0	0.0	0	1	0	1	168.0	68.0	28224.0	11424.0	0.0	168.0	0.0	26.9	29101	18.6	13.3	265	5.88	30.0	26.23	37.9	1008.1138	1.7463454	6.9158363			22.4		24.95	114.67	53.46	46.65		0.41	2000.0
"Amhara"	"East_Gojjam"	"Gozamin"	"Giraram"	87	949	"Wheat"	"Hillslope"	1.0	35	0	15	1	4	2.1	20.0	0.0	0.25	0.0625	1.0	0.0	1.0	0.0	1.0	1.0	0	1	0	1	149.0	51.0	22201.0	7599.0	0.0	0.0	149.0	28.4	39639	19.1	13.7	251	5.83	30.2	26.18	36.8	1008.1138	1.7463454	6.9158363			44.0		44.0	114.67	53.46	46.65		0.41	2400.0
"Amhara"	"East_Gojjam"	"Gozamin"	"Giraram"	87	927	"Wheat"	"Hillslope"	1.0	52	0	30	1	6	3.3	20.0	0.0	0.375	0.140625	1.0	0.0	0.0	0.0	1.0	1.0	0	1	0	1	43.333332	11.333333	1877.7777	491.11108	0.0	0.0	43.333332	28.4	47705	20.0	13.5	245	5.85	31.2	26.73	36.4	1008.1138	1.7463454	6.9158363			44.0		44.0	114.67	53.46	46.65		0.41	533.3333
"Amhara"	"East_Gojjam"	"Gozamin"	"Giraram"	87	842	"Wheat"	"Footslope"	1.0	43	4	29	1	7	3.4	20.0	1.0	0.25	0.0625	1.0	0.0	0.0	0.0	1.0	1.0	0	0	0	1	149.0	51.0	22201.0	7599.0	149.0	0.0	0.0	28.4	39639	19.1	13.7	251	5.83	30.2	26.18	36.8	1008.1138	1.7463454	6.9158363			54.166668		44.9	114.67	53.46	46.65		0.41	2400.0
"Amhara"	"East_Gojjam"	"Gozamin"	"Giraram"	87	841	"Wheat"	"Midslope"	1.0	45	0	31	1	9	4.4	20.0	0.0	0.125	0.015625	1.0	0.0	0.0	1.0	1.0	1.0	0	1	0	0	394.96	153.0	155993.39	80571.836	0.0	394.96	0.0	28.0	34897	19.5	13.3	262	5.8	28.6	26.32	36.9	1008.1138	1.7463454	6.9158363			44.9		44.9	114.67	53.46	46.65		0.41	2800.0
"Amhara"	"East_Gojjam"	"Gozamin"	"Giraram"	87	916	"Wheat"	"Midslope"	1.0	40	4	26	1	5	2.4	20.0	1.0	0.375	0.140625	1.0	0.0	0.0	1.0	1.0	1.0	0	1	0	0	260.0	68.0	67600.0	17680.0	0.0	260.0	0.0	27.8	36888	19.0	13.5	262	5.84	29.3	26.21	37.2	1008.1138	1.7463454	6.9158363			40.416668		40.416668	114.67	53.46	46.65		0.41	1600.0
"Amhara"	"East_Gojjam"	"Gozamin"	"Giraram"	87	918	"Teff"	"Footslope"	1.0	43	9	29	1	8	3.7	20.0	1.0	0.125	0.015625	1.0	0.0	0.0	0.0	0.0	0.0	0	1	0	0	168.0	68.0	28224.0	11424.0	168.0	0.0	0.0	26.9	29101	18.6	13.3	265	5.88	30.0	26.23	37.9	1008.1138	1.7463454	6.9158363			48.9		44.6	114.67	53.46	46.65	0.47		1200.0
"Amhara"	"East_Gojjam"	"Gozamin"	"Giraram"	87	928	"Teff"	"Midslope"	1.0	29	4	20	1	4	2.1	20.0	0.0	0.25	0.0625	1.0	0.0	0.0	0.0	0.0	0.0	1	1	0	1	103.0	51.0	10609.0	5253.0	0.0	103.0	0.0	28.4	39639	19.1	13.7	251	5.83	30.2	26.18	36.8	1008.1138	1.7463454	6.9158363			44.0		44.0	114.67	53.46	46.65	0.47		1600.0
"Amhara"	"East_Gojjam"	"Gozamin"	"Giraram"	87	915	"Teff"	"Midslope"	1.0	52	16	38	1	8	3.9	20.0	1.0	0.25	0.0625	1.0	0.0	0.0	0.0	0.0	0.0	0	1	0	0	336.0	136.0	112896.0	45696.0	0.0	336.0	0.0	29.7	35064	19.9	12.9	240	5.8	30.2	26.83	37.4	1008.1138	1.7463454	6.9158363			44.875		44.9	114.67	53.46	46.65	0.47		800.0
"Amhara"	"East_Gojjam"	"Gozamin"	"Giraram"	87	949	"Wheat"	"Midslope"	1.0	35	0	15	1	4	2.1	20.0	0.0	0.125	0.015625	1.0	0.0	0.0	0.0	1.0	1.0	1	1	0	1	122.0	68.0	14884.0	8296.0	0.0	122.0	0.0	28.4	39639	19.1	13.7	251	5.83	30.2	26.18	36.8	1008.1138	1.7463454	6.9158363			44.0		44.0	114.67	53.46	46.65		0.41	2000.0
"Amhara"	"East_Gojjam"	"Gozamin"	"Giraram"	87	948	"Wheat"	"Midslope"	1.0	58	7	38	1	4	2.3	20.0	0.0	0.125	0.015625	1.0	1.0	0.0	0.0	1.0	1.0	0	1	0	0	130.0	34.0	16900.0	4420.0	0.0	130.0	0.0	26.9	29101	18.6	13.3	265	5.88	30.0	26.23	37.9	1008.1138	1.7463454	6.9158363			44.0		44.0	114.67	53.46	46.65		0.41	2400.0
"Amhara"	"East_Gojjam"	"Gozamin"	"Giraram"	87	917	"Wheat"	"Hillslope"	1.0	32	0	18	1	4	2.1	20.0	0.0	0.25	0.0625	1.0	0.0	0.0	1.0	1.0	1.0	0	1	0	1	160.0	102.0	25600.0	16320.0	0.0	0.0	160.0	28.4	39639	19.1	13.7	251	5.83	30.2	26.18	36.8	1008.1138	1.7463454	6.9158363			29.633333		44.6	114.67	53.46	46.65		0.41	2000.0
"Amhara"	"East_Gojjam"	"Gozamin"	"Giraram"	87	948	"Wheat"	"Midslope"	1.0	58	7	38	1	4	2.3	20.0	1.0	0.75	0.5625	1.0	0.0	0.0	0.0	1.0	0.0	0	1	0	0	130.0	34.0	16900.0	4420.0	0.0	130.0	0.0	26.9	29101	18.6	13.3	265	5.88	30.0	26.23	37.9	1008.1138	1.7463454	6.9158363			22.0		24.95	114.67	53.46	46.65		0.41	2933.3333
"Amhara"	"East_Gojjam"	"Gozamin"	"Giraram"	87	927	"Wheat"	"Midslope"	1.0	52	0	30	1	6	3.3	20.0	1.0	0.125	0.015625	1.0	0.0	0.0	0.0	1.0	1.0	0	1	0	1	260.0	68.0	67600.0	17680.0	0.0	260.0	0.0	28.4	47705	20.0	13.5	245	5.85	31.2	26.73	36.4	1008.1138	1.7463454	6.9158363			44.0		44.0	114.67	53.46	46.65		0.41	3200.0
"Amhara"	"East_Gojjam"	"Gozamin"	"Giraram"	87	949	"Teff"	"Midslope"	1.0	35	0	15	1	4	2.1	20.0	0.0	0.25	0.0625	1.0	0.0	1.0	0.0	0.0	0.0	0	1	0	1	65.0	17.0	4225.0	1105.0	0.0	65.0	0.0	28.4	39639	19.1	13.7	251	5.83	30.2	26.18	36.8	1008.1138	1.7463454	6.9158363			44.0		44.0	114.67	53.46	46.65	0.47		1200.0
"Amhara"	"East_Gojjam"	"Gozamin"	"Giraram"	87	917	"Teff"	"Midslope"	1.0	32	0	18	1	4	2.1	20.0	0.0	0.25	0.0625	1.0	0.0	1.0	0.0	1.0	0.0	1	1	0	0	122.0	68.0	14884.0	8296.0	0.0	122.0	0.0	28.4	39639	19.1	13.7	251	5.83	30.2	26.18	36.8	1008.1138	1.7463454	6.9158363			22.0		44.6	114.67	53.46	46.65	0.47		1000.0
"Amhara"	"East_Gojjam"	"Gozamin"	"Giraram"	87	928	"Wheat"	"Midslope"	1.0	29	4	20	1	4	2.1	20.0	0.0	0.375	0.140625	1.0	0.0	0.0	0.0	1.0	0.0	0	1	0	1	168.0	68.0	28224.0	11424.0	0.0	168.0	0.0	28.4	39639	19.1	13.7	251	5.83	30.2	26.18	36.8	1008.1138	1.7463454	6.9158363			22.0		44.0	114.67	53.46	46.65		0.41	2666.6667
"Amhara"	"East_Gojjam"	"Gozamin"	"Giraram"	87	928	"Wheat"	"Hillslope"	1.0	29	4	20	1	4	2.1	20.0	0.0	0.25	0.0625	1.0	0.0	0.0	0.0	1.0	1.0	0	1	0	1	168.0	68.0	28224.0	11424.0	0.0	0.0	168.0	28.4	39639	19.1	13.7	251	5.83	30.2	26.18	36.8	1008.1138	1.7463454	6.9158363			44.0		44.0	114.67	53.46	46.65		0.41	2600.0
"Amhara"	"East_Gojjam"	"Gozamin"	"Giraram"	87	842	"Teff"	"Midslope"	1.0	43	4	29	1	7	3.4	20.0	0.0	0.25	0.0625	1.0	0.0	0.0	0.0	0.0	0.0	0	1	0	0	103.0	51.0	10609.0	5253.0	0.0	103.0	0.0	28.4	39639	19.1	13.7	251	5.83	30.2	26.18	36.8	1008.1138	1.7463454	6.9158363			61.366665		44.9	114.67	53.46	46.65	0.47		1600.0
"Amhara"	"East_Gojjam"	"Gozamin"	"Desasamabo"	88	660	"Teff"	"Midslope"	1.0	32	5	18	1	3	1.8	40.0	0.0	0.125	0.015625	1.0	0.0	1.0	0.0	0.0	0.0	1	0	0	0	168.0	68.0	28224.0	11424.0	0.0	168.0	0.0	25.1	22512	18.6	13.3	234	5.67	32.8	25.85	38.8	992.99866	1.9072201	6.900729			39.94		37.2	114.67	53.46	46.65	0.47		5200.0
"Amhara"	"East_Gojjam"	"Gozamin"	"Desasamabo"	88	666	"Wheat"	"Midslope"	1.0	62	0	48	1	5	3.0	40.0	1.0	0.75	0.5625	1.0	0.0	0.0	1.0	1.0	1.0	1	0	0	1	53.333332	34.0	2844.4443	1813.3333	0.0	53.333332	0.0	25.1	22512	18.6	13.3	234	5.67	32.8	25.85	38.8	992.99866	1.9072201	6.900729			36.0		36.0	114.67	53.46	46.65		0.41	2933.3333
"Amhara"	"East_Gojjam"	"Gozamin"	"Desasamabo"	88	664	"Teff"	"Footslope"	1.0	48	0	33	1	6	3.1	40.0	1.0	0.125	0.015625	1.0	0.0	0.0	0.0	0.0	0.0	1	0	0	1	304.16	68.0	92513.305	20682.88	304.16	0.0	0.0	25.1	22512	18.6	13.3	234	5.67	32.8	25.85	38.8	992.99866	1.9072201	6.900729			50.0		50.0	114.67	53.46	46.65	0.47		12.0
"Amhara"	"East_Gojjam"	"Gozamin"	"Desasamabo"	88	634	"Wheat"	"Midslope"	1.0	47	0	30	1	4	2.3	40.0	1.0	0.25	0.0625	1.0	1.0	0.0	1.0	1.0	0.0	0	1	0	0	214.0	68.0	45796.0	14552.0	0.0	214.0	0.0	25.1	22512	18.6	13.3	234	5.67	32.8	25.85	38.8	992.99866	1.9072201	6.900729			36.0		36.0	114.67	53.46	46.65		0.41	3200.0
"Amhara"	"East_Gojjam"	"Gozamin"	"Desasamabo"	88	662	"Teff"	"Hillslope"	1.0	43	0	28	1	6	3.1	40.0	0.0	0.25	0.0625	1.0	0.0	0.0	0.0	0.0	0.0	1	1	0	1	19.0	17.0	361.0	323.0	0.0	0.0	19.0	25.0	18608	19.0	12.4	239	5.73	32.8	25.28	39.5	992.99866	1.9072201	6.900729			48.0			114.67	53.46	46.65	0.47		1200.0
"Amhara"	"East_Gojjam"	"Gozamin"	"Desasamabo"	88	682	"Wheat"	"Footslope"	1.0	52	6	38	1	6	3.3	40.0	0.0	0.25	0.0625	1.0	0.0	0.0	0.0	1.0	1.0	1	0	0	0	38.552	34.0	1486.2566	1310.768	38.552	0.0	0.0	25.1	22512	18.6	13.3	234	5.67	32.8	25.85	38.8	992.99866	1.9072201	6.900729			40.0		75.0	114.67	53.46	46.65		0.41	24.0
"Amhara"	"East_Gojjam"	"Gozamin"	"Desasamabo"	88	662	"Teff"	"Midslope"	1.0	43	0	28	1	6	3.1	40.0	1.0	0.125	0.015625	1.0	0.0	0.0	0.0	0.0	0.0	1	1	0	1	84.0	34.0	7056.0	2856.0	0.0	84.0	0.0	25.0	18608	19.0	12.4	239	5.73	32.8	25.28	39.5	992.99866	1.9072201	6.900729			48.0		44.0	114.67	53.46	46.65	0.47		2000.0
"Amhara"	"East_Gojjam"	"Gozamin"	"Desasamabo"	88	633	"Teff"	"Footslope"	1.0	45	0	25	1	8	3.5	40.0	0.0	0.5	0.25	1.0	0.0	0.0	0.0	0.0	1.0	1	1	0	0	88.0	17.0	7744.0	1496.0	88.0	0.0	0.0	25.1	22512	18.6	13.3	234	5.67	32.8	25.85	38.8	992.99866	1.9072201	6.900729			34.0		34.0	114.67	53.46	46.65	0.47		1200.0
"Amhara"	"East_Gojjam"	"Gozamin"	"Desasamabo"	88	663	"Wheat"	"Hillslope"	1.0	26	9	17	1	5	2.4	40.0	0.0	0.25	0.0625	1.0	0.0	0.0	0.0	1.0	0.0	1	1	0	1	168.0	68.0	28224.0	11424.0	0.0	0.0	168.0	25.0	18608	19.0	12.4	239	5.73	32.8	25.28	39.5	992.99866	1.9072201	6.900729			40.0		40.0	114.67	53.46	46.65		0.41	1600.0
"Amhara"	"East_Gojjam"	"Gozamin"	"Desasamabo"	88	657	"Teff"	"Midslope"	1.0	43	0	28	0	6	3.1	40.0	0.0	0.75	0.5625	1.0	0.0	0.0	0.0	0.0	1.0	1	1	0	1	12.0	13.333333	144.0	160.0	0.0	12.0	0.0	25.0	18608	19.0	12.4	239	5.73	32.8	25.28	39.5	992.99866	1.9072201	6.900729	40.0					114.67	53.46	46.65	0.47		1066.6666
"Amhara"	"East_Gojjam"	"Gozamin"	"Desasamabo"	88	663	"Wheat"	"Midslope"	1.0	26	9	17	1	5	2.4	40.0	0.0	0.25	0.0625	1.0	1.0	0.0	0.0	1.0	0.0	1	1	0	1	149.0	51.0	22201.0	7599.0	0.0	149.0	0.0	25.0	18608	19.0	12.4	239	5.73	32.8	25.28	39.5	992.99866	1.9072201	6.900729			40.0		40.0	114.67	53.46	46.65		0.41	2000.0
"Amhara"	"East_Gojjam"	"Gozamin"	"Desasamabo"	88	663	"Teff"	"Midslope"	1.0	26	9	17	1	5	2.4	40.0	0.0	0.5	0.25	1.0	0.0	1.0	0.0	0.0	1.0	0	1	0	1	42.0	17.0	1764.0	714.0	0.0	42.0	0.0	25.0	18608	19.0	12.4	239	5.73	32.8	25.28	39.5	992.99866	1.9072201	6.900729			40.0		40.0	114.67	53.46	46.65	0.47		800.0
"Amhara"	"East_Gojjam"	"Gozamin"	"Desasamabo"	88	682	"Wheat"	"Hillslope"	1.0	52	6	38	1	6	3.3	40.0	1.0	0.25	0.0625	1.0	0.0	0.0	1.0	1.0	1.0	1	0	0	1	76.92	68.0	5916.686	5230.56	0.0	0.0	76.92	25.1	22512	18.6	13.3	234	5.67	32.8	25.85	38.8	992.99866	1.9072201	6.900729			40.0		75.0	114.67	53.46	46.65		0.41	36.0
"Amhara"	"East_Gojjam"	"Gozamin"	"Desasamabo"	88	634	"Teff"	"Midslope"	1.0	47	0	30	1	4	2.3	40.0	1.0	0.25	0.0625	1.0	1.0	0.0	1.0	0.0	0.0	0	1	0	0	84.0	34.0	7056.0	2856.0	0.0	84.0	0.0	25.1	22512	18.6	13.3	234	5.67	32.8	25.85	38.8	992.99866	1.9072201	6.900729			36.0		34.0	114.67	53.46	46.65	0.47		2000.0
"Amhara"	"East_Gojjam"	"Gozamin"	"Desasamabo"	88	666	"Teff"	"Midslope"	1.0	62	0	48	1	5	3.0	40.0	0.0	0.5	0.25	1.0	0.0	0.0	1.0	0.0	0.0	1	0	0	1	65.0	17.0	4225.0	1105.0	0.0	65.0	0.0	25.1	22512	18.6	13.3	234	5.67	32.8	25.85	38.8	992.99866	1.9072201	6.900729			36.0		36.0	114.67	53.46	46.65	0.47		1000.0
"Amhara"	"East_Gojjam"	"Gozamin"	"Desasamabo"	88	682	"Teff"	"Hillslope"	1.0	52	6	38	1	6	3.3	40.0	1.0	0.5	0.25	1.0	0.0	0.0	0.0	0.0	0.0	1	0	0	0	84.0	34.0	7056.0	2856.0	0.0	0.0	84.0	25.1	22512	18.6	13.3	234	5.67	32.8	25.85	38.8	992.99866	1.9072201	6.900729			40.0		38.0	114.67	53.46	46.65	0.47		9.0
"Amhara"	"East_Gojjam"	"Gozamin"	"Desasamabo"	88	659	"Teff"	"Footslope"	1.0	30	8	10	1	4	2.1	40.0	1.0	0.25	0.0625	1.0	0.0	0.0	0.0	0.0	0.0	1	0	0	1	84.0	34.0	7056.0	2856.0	84.0	0.0	0.0	25.1	22512	18.6	13.3	234	5.67	32.8	25.85	38.8	992.99866	1.9072201	6.900729			39.86		37.2	114.67	53.46	46.65	0.47		600.0
"Amhara"	"East_Gojjam"	"Gozamin"	"Desasamabo"	88	659	"Teff"	"Midslope"	1.0	30	8	10	1	4	2.1	40.0	1.0	0.25	0.0625	1.0	0.0	0.0	0.0	0.0	0.0	1	1	1	1	65.0	17.0	4225.0	1105.0	0.0	65.0	0.0	25.1	22512	18.6	13.3	234	5.67	32.8	25.85	38.8	992.99866	1.9072201	6.900729			37.92		37.2	114.67	53.46	46.65	0.47		600.0
"Amhara"	"East_Gojjam"	"Gozamin"	"Desasamabo"	88	667	"Teff"	"Midslope"	1.0	25	0	11	1	2	1.5	40.0	0.0	0.25	0.0625	1.0	0.0	0.0	0.0	0.0	0.0	1	0	0	1	122.6	85.0	15030.76	10421.0	0.0	122.6	0.0	25.1	22512	18.6	13.3	234	5.67	32.8	25.85	38.8	992.99866	1.9072201	6.900729			36.0		36.0	114.67	53.46	46.65	0.47		2000.0
"Amhara"	"East_Gojjam"	"Gozamin"	"Desasamabo"	88	667	"Teff"	"Footslope"	1.0	25	0	11	1	2	1.5	40.0	0.0	0.25	0.0625	1.0	0.0	0.0	0.0	0.0	1.0	1	0	0	1	84.0	34.0	7056.0	2856.0	84.0	0.0	0.0	25.1	22512	18.6	13.3	234	5.67	32.8	25.85	38.8	992.99866	1.9072201	6.900729			36.0		36.0	114.67	53.46	46.65	0.47		1600.0
"Amhara"	"East_Gojjam"	"Gozamin"	"Desasamabo"	88	662	"Wheat"	"Midslope"	1.0	43	0	28	1	6	3.1	40.0	0.0	0.25	0.0625	1.0	0.0	0.0	1.0	1.0	0.0	1	1	0	1	149.0	51.0	22201.0	7599.0	0.0	149.0	0.0	25.0	18608	19.0	12.4	239	5.73	32.8	25.28	39.5	992.99866	1.9072201	6.900729			48.0		42.0	114.67	53.46	46.65		0.41	2200.0
"Amhara"	"East_Gojjam"	"Gozamin"	"Desasamabo"	88	659	"Wheat"	"Midslope"	1.0	30	8	10	1	4	2.1	40.0	1.0	0.25	0.0625	1.0	0.0	1.0	0.0	1.0	0.0	1	0	0	0	84.0	34.0	7056.0	2856.0	0.0	84.0	0.0	25.1	22512	18.6	13.3	234	5.67	32.8	25.85	38.8	992.99866	1.9072201	6.900729			39.92		37.2	114.67	53.46	46.65		0.41	1200.0
"Amhara"	"East_Gojjam"	"Gozamin"	"Desasamabo"	88	633	"Wheat"	"Hillslope"	1.0	45	0	25	1	8	3.5	40.0	0.0	0.5	0.25	1.0	0.0	0.0	1.0	1.0	0.0	0	1	0	0	84.0	34.0	7056.0	2856.0	0.0	0.0	84.0	25.1	22512	18.6	13.3	234	5.67	32.8	25.85	38.8	992.99866	1.9072201	6.900729			34.0		34.0	114.67	53.46	46.65		0.41	3000.0
"Amhara"	"East_Gojjam"	"Gozamin"	"Desasamabo"	88	633	"Teff"	"Hillslope"	1.0	45	0	25	1	8	3.5	40.0	0.0	0.25	0.0625	1.0	0.0	0.0	1.0	0.0	1.0	1	1	0	0	156.0	40.8	24336.0	6364.8	0.0	0.0	156.0	25.1	22512	18.6	13.3	234	5.67	32.8	25.85	38.8	992.99866	1.9072201	6.900729			34.0		34.0	114.67	53.46	46.65	0.47		1000.0
"Amhara"	"East_Gojjam"	"Gozamin"	"Desasamabo"	88	664	"Wheat"	"Midslope"	1.0	48	0	33	1	6	3.1	40.0	0.0	0.375	0.140625	1.0	0.0	0.0	1.0	1.0	0.0	1	0	0	1	204.0	45.333332	41616.0	9248.0	0.0	204.0	0.0	25.1	22512	18.6	13.3	234	5.67	32.8	25.85	38.8	992.99866	1.9072201	6.900729			50.0		50.0	114.67	53.46	46.65		0.41	26.666666
"Amhara"	"East_Gojjam"	"Gozamin"	"Desasamabo"	88	667	"Wheat"	"Footslope"	1.0	25	0	11	1	2	1.5	40.0	0.0	0.25	0.0625	1.0	0.0	0.0	1.0	1.0	0.0	1	0	0	1	187.0	85.0	34969.0	15895.0	187.0	0.0	0.0	25.1	22512	18.6	13.3	234	5.67	32.8	25.85	38.8	992.99866	1.9072201	6.900729			36.0		36.0	114.67	53.46	46.65		0.41	5200.0
"Amhara"	"East_Gojjam"	"Gozamin"	"Desasamabo"	88	660	"Teff"	"Midslope"	1.0	32	5	18	1	3	1.8	40.0	0.0	0.125	0.015625	1.0	0.0	1.0	0.0	0.0	0.0	1	0	0	0	168.0	68.0	28224.0	11424.0	0.0	168.0	0.0	25.1	22512	18.6	13.3	234	5.67	32.8	25.85	38.8	992.99866	1.9072201	6.900729			39.94		37.2	114.67	53.46	46.65	0.47		5200.0
"Amhara"	"East_Gojjam"	"Gozamin"	"Desasamabo"	88	662	"Teff"	"Midslope"	1.0	43	0	28	1	6	3.1	40.0	0.0	0.25	0.0625	1.0	0.0	0.0	0.0	0.0	0.0	1	1	0	1	19.0	17.0	361.0	323.0	0.0	19.0	0.0	25.0	18608	19.0	12.4	239	5.73	32.8	25.28	39.5	992.99866	1.9072201	6.900729			48.0			114.67	53.46	46.65	0.47		1000.0
"Amhara"	"East_Gojjam"	"Gozamin"	"Desasamabo"	88	662	"Wheat"	"Midslope"	1.0	43	0	28	1	6	3.1	40.0	0.0	0.25	0.0625	1.0	0.0	0.0	0.0	1.0	0.0	0	1	0	1	84.0	34.0	7056.0	2856.0	0.0	84.0	0.0	25.0	18608	19.0	12.4	239	5.73	32.8	25.28	39.5	992.99866	1.9072201	6.900729			48.0		42.0	114.67	53.46	46.65		0.41	2000.0
"Amhara"	"East_Gojjam"	"Gozamin"	"Desasamabo"	88	666	"Teff"	"Footslope"	1.0	62	0	48	1	5	3.0	40.0	1.0	0.75	0.5625	1.0	1.0	0.0	1.0	0.0	0.0	1	0	0	1	65.0	17.0	4225.0	1105.0	65.0	0.0	0.0	25.1	22512	18.6	13.3	234	5.67	32.8	25.85	38.8	992.99866	1.9072201	6.900729			36.0		36.0	114.67	53.46	46.65	0.47		1200.0
"Amhara"	"East_Gojjam"	"Gozamin"	"Desasamabo"	88	664	"Wheat"	"Footslope"	1.0	48	0	33	1	6	3.1	40.0	1.0	0.125	0.015625	1.0	0.0	0.0	1.0	1.0	0.0	1	0	0	0	394.96	136.0	155993.39	53714.56	394.96	0.0	0.0	25.1	22512	18.6	13.3	234	5.67	32.8	25.85	38.8	992.99866	1.9072201	6.900729			40.0		40.0	114.67	53.46	46.65		0.41	48.0
"Amhara"	"East_Gojjam"	"Gozamin"	"Desasamabo"	88	659	"Wheat"	"Hillslope"	1.0	30	8	10	1	4	2.1	40.0	0.0	0.25	0.0625	1.0	0.0	1.0	0.0	1.0	0.0	1	1	0	0	84.0	34.0	7056.0	2856.0	0.0	0.0	84.0	25.1	22512	18.6	13.3	234	5.67	32.8	25.85	38.8	992.99866	1.9072201	6.900729			39.92		37.2	114.67	53.46	46.65		0.41	1600.0
"Amhara"	"East_Gojjam"	"Gozamin"	"Desasamabo"	88	657	"Wheat"	"Midslope"	1.0	43	0	28	0	6	3.1	40.0	0.0	0.75	0.5625	1.0	0.0	0.0	0.0	1.0	0.0	1	1	0	1	85.333336	26.666666	7281.7783	2275.5557	0.0	85.333336	0.0	25.0	18608	19.0	12.4	239	5.73	32.8	25.28	39.5	992.99866	1.9072201	6.900729	50.0				60.0	114.67	53.46	46.65		0.41	666.6667
"Amhara"	"East_Gojjam"	"Gozamin"	"Desasamabo"	88	662	"Teff"	"Hillslope"	1.0	43	0	28	1	6	3.1	40.0	0.0	0.125	0.015625	1.0	0.0	0.0	0.0	0.0	0.0	1	1	0	1	168.0	68.0	28224.0	11424.0	0.0	0.0	168.0	25.0	18608	19.0	12.4	239	5.73	32.8	25.28	39.5	992.99866	1.9072201	6.900729			48.0		44.0	114.67	53.46	46.65	0.47		800.0
"Amhara"	"East_Gojjam"	"Gozamin"	"Chimboard"	89	930	"Wheat"	"Midslope"	1.0	32	0	18	1	6	2.7	10.0	0.0	0.25	0.0625	1.0	0.0	1.0	0.0	1.0	1.0	1	1	0	1	168.0	68.0	28224.0	11424.0	0.0	168.0	0.0	25.4	31678	18.9	11.7	235	5.78	33.8	26.76	37.2	971.4534	1.833278	6.8787932			36.0		36.0	114.67	53.46	46.65		0.41	2400.0
"Amhara"	"East_Gojjam"	"Gozamin"	"Chimboard"	89	870	"Teff"	"Footslope"	1.0	41	4	27	1	7	3.2	10.0	1.0	0.25	0.0625	1.0	0.0	1.0	0.0	0.0	0.0	1	0	0	1	72.6	23.8	5270.76	1727.8799	72.6	0.0	0.0	25.4	31678	18.9	11.7	235	5.78	33.8	26.76	37.2	971.4534	1.833278	6.8787932			34.285713		32.0	114.67	53.46	46.65	0.47		1000.0
"Amhara"	"East_Gojjam"	"Gozamin"	"Chimboard"	89	871	"Teff"	"Midslope"	1.0	33	0	19	1	5	2.4	10.0	1.0	0.25	0.0625	1.0	0.0	0.0	0.0	0.0	0.0	1	0	0	1	103.0	51.0	10609.0	5253.0	0.0	103.0	0.0	25.4	31678	18.9	11.7	235	5.78	33.8	26.76	37.2	971.4534	1.833278	6.8787932			26.666666		32.0	114.67	53.46	46.65	0.47		1600.0
"Amhara"	"East_Gojjam"	"Gozamin"	"Chimboard"	89	870	"Wheat"	"Midslope"	1.0	41	4	27	1	7	3.2	10.0	0.0	0.5	0.25	1.0	0.0	1.0	0.0	1.0	1.0	0	0	0	0	74.5	25.5	5550.25	1899.75	0.0	74.5	0.0	25.4	31678	18.9	11.7	235	5.78	33.8	26.76	37.2	971.4534	1.833278	6.8787932			26.666666		32.0	114.67	53.46	46.65		0.41	3000.0
"Amhara"	"East_Gojjam"	"Gozamin"	"Chimboard"	89	872	"Wheat"	"Footslope"	1.0	52	0	38	1	5	2.6	10.0	1.0	0.5	0.25	1.0	0.0	0.0	0.0	1.0	1.0	0	0	0	1	32.5	8.5	1056.25	276.25	32.5	0.0	0.0	25.4	31678	18.9	11.7	235	5.78	33.8	26.76	37.2	971.4534	1.833278	6.8787932			32.0		32.0	114.67	53.46	46.65		0.41	3000.0
"Amhara"	"East_Gojjam"	"Gozamin"	"Chimboard"	89	873	"Wheat"	"Midslope"	1.0	52	0	38	1	7	3.4	10.0	1.0	0.25	0.0625	1.0	0.0	1.0	0.0	1.0	1.0	0	0	0	1	298.0	102.0	88804.0	30396.0	0.0	298.0	0.0	25.4	31678	18.9	11.7	235	5.78	33.8	26.76	37.2	971.4534	1.833278	6.8787932			32.0		32.0	114.67	53.46	46.65		0.41	4800.0
"Amhara"	"East_Gojjam"	"Gozamin"	"Chimboard"	89	871	"Wheat"	"Midslope"	1.0	33	0	19	1	5	2.4	10.0	1.0	0.25	0.0625	1.0	0.0	1.0	0.0	1.0	1.0	0	0	0	1	168.0	68.0	28224.0	11424.0	0.0	168.0	0.0	25.4	31678	18.9	11.7	235	5.78	33.8	26.76	37.2	971.4534	1.833278	6.8787932			32.0		32.0	114.67	53.46	46.65		0.41	2800.0
"Amhara"	"East_Gojjam"	"Gozamin"	"Chimboard"	89	921	"Teff"	"Midslope"	1.0	50	8	26	1	7	3.2	10.0	1.0	0.125	0.015625	1.0	0.0	1.0	0.0	0.0	1.0	0	1	0	1	84.0	34.0	7056.0	2856.0	0.0	84.0	0.0	25.4	31678	18.9	11.7	235	5.78	33.8	26.76	37.2	971.4534	1.833278	6.8787932			36.0		37.0	114.67	53.46	46.65	0.47		1600.0
"Amhara"	"East_Gojjam"	"Gozamin"	"Chimboard"	89	922	"Wheat"	"Midslope"	1.0	60	4	46	1	7	4.0	10.0	1.0	0.625	0.390625	1.0	0.0	1.0	0.0	1.0	1.0	0	1	0	1	85.6	27.2	7327.36	2328.32	0.0	85.6	0.0	25.7	33193	19.1	11.4	238	5.78	34.4	26.13	37.2	971.4534	1.833278	6.8787932			36.0		37.0	114.67	53.46	46.65		0.41	3840.0
"Amhara"	"East_Gojjam"	"Gozamin"	"Chimboard"	89	921	"Wheat"	"Midslope"	1.0	50	8	26	1	7	3.2	10.0	1.0	0.25	0.0625	1.0	1.0	1.0	0.0	1.0	1.0	0	1	0	1	149.0	51.0	22201.0	7599.0	0.0	149.0	0.0	25.4	31678	18.9	11.7	235	5.78	33.8	26.76	37.2	971.4534	1.833278	6.8787932			36.0		37.0	114.67	53.46	46.65		0.41	1800.0
"Amhara"	"East_Gojjam"	"Gozamin"	"Chimboard"	89	872	"Wheat"	"Footslope"	1.0	52	0	38	1	5	2.6	10.0	1.0	0.125	0.015625	1.0	1.0	1.0	0.0	1.0	1.0	0	0	0	1	394.96	153.0	155993.39	107429.12	394.96	0.0	0.0	25.4	31678	18.9	11.7	235	5.78	33.8	26.76	37.2	971.4534	1.833278	6.8787932			32.0		26.666666	114.67	53.46	46.65		0.41	1600.0
"Amhara"	"East_Gojjam"	"Gozamin"	"Chimboard"	89	872	"Teff"	"Footslope"	1.0	52	0	38	1	5	2.6	10.0	1.0	0.25	0.0625	1.0	0.0	1.0	0.0	0.0	0.0	1	0	0	1	168.0	68.0	28224.0	11424.0	168.0	0.0	0.0	25.4	31678	18.9	11.7	235	5.78	33.8	26.76	37.2	971.4534	1.833278	6.8787932			32.0		32.0	114.67	53.46	46.65	0.47		1200.0
"Amhara"	"East_Gojjam"	"Gozamin"	"Chimboard"	89	870	"Teff"	"Footslope"	1.0	41	4	27	1	7	3.2	10.0	0.0	0.25	0.0625	1.0	0.0	1.0	0.0	0.0	0.0	1	0	0	1	103.0	51.0	10609.0	5253.0	103.0	0.0	0.0	25.4	31678	18.9	11.7	235	5.78	33.8	26.76	37.2	971.4534	1.833278	6.8787932			32.0		32.0	114.67	53.46	46.65	0.47		1200.0
"Amhara"	"East_Gojjam"	"Gozamin"	"Chimboard"	89	873	"Teff"	"Footslope"	1.0	52	0	38	1	7	3.4	10.0	1.0	0.25	0.0625	1.0	0.0	1.0	0.0	0.0	0.0	1	0	0	1	130.0	34.0	16900.0	4420.0	130.0	0.0	0.0	25.4	31678	18.9	11.7	235	5.78	33.8	26.76	37.2	971.4534	1.833278	6.8787932			32.0		32.0	114.67	53.46	46.65	0.47		2000.0
"Amhara"	"East_Gojjam"	"Gozamin"	"Chimboard"	89	924	"Teff"	"Midslope"	1.0	44	0	30	0	6	2.9	10.0	1.0	0.25	0.0625	1.0	0.0	0.0	0.0	0.0	0.0	0	1	0	1	80.0	51.0	6400.0	4080.0	0.0	80.0	0.0	25.7	33193	19.1	11.4	238	5.78	34.4	26.13	37.2	971.4534	1.833278	6.8787932			36.0		36.0	114.67	53.46	46.65	0.47		1000.0
"Amhara"	"East_Gojjam"	"Gozamin"	"Chimboard"	89	930	"Teff"	"Midslope"	1.0	32	0	18	1	6	2.7	10.0	0.0	0.5	0.25	1.0	0.0	0.0	0.0	0.0	0.0	1	1	0	1	93.5	42.5	8742.25	3973.75	0.0	93.5	0.0	25.4	31678	18.9	11.7	235	5.78	33.8	26.76	37.2	971.4534	1.833278	6.8787932			35.2		36.0	114.67	53.46	46.65	0.47		400.0
"Amhara"	"East_Gojjam"	"Gozamin"	"Chimboard"	89	873	"Teff"	"Midslope"	1.0	52	0	38	1	7	3.4	10.0	1.0	0.125	0.015625	1.0	0.0	1.0	0.0	0.0	0.0	1	0	0	1	130.0	34.0	16900.0	4420.0	0.0	130.0	0.0	25.4	31678	18.9	11.7	235	5.78	33.8	26.76	37.2	971.4534	1.833278	6.8787932			32.0		32.0	114.67	53.46	46.65	0.47		2400.0
"Amhara"	"East_Gojjam"	"Gozamin"	"Chimboard"	89	924	"Wheat"	"Midslope"	1.0	44	0	30	0	6	2.9	10.0	0.0	0.25	0.0625	1.0	0.0	0.0	0.0	1.0	1.0	0	1	0	1	168.0	68.0	28224.0	11424.0	0.0	168.0	0.0	25.7	33193	19.1	11.4	238	5.78	34.4	26.13	37.2	971.4534	1.833278	6.8787932			36.0		36.0	114.67	53.46	46.65		0.41	2800.0
"Amhara"	"East_Gojjam"	"Gozamin"	"Chimboard"	89	923	"Wheat"	"Midslope"	1.0	45	0	29	1	10	5.3	10.0	0.0	0.25	0.0625	1.0	0.0	0.0	0.0	1.0	1.0	1	1	0	1	130.0	34.0	16900.0	4420.0	0.0	130.0	0.0	25.7	33193	19.1	11.4	238	5.78	34.4	26.13	37.2	971.4534	1.833278	6.8787932			36.0		36.0	114.67	53.46	46.65		0.41	3000.0
"Amhara"	"East_Gojjam"	"Gozamin"	"Chimboard"	89	871	"Wheat"	"Midslope"	1.0	33	0	19	1	5	2.4	10.0	1.0	0.25	0.0625	1.0	0.0	0.0	0.0	1.0	1.0	0	0	0	1	108.520004	51.0	11776.592	5534.52	0.0	108.520004	0.0	25.4	31678	18.9	11.7	235	5.78	33.8	26.76	37.2	971.4534	1.833278	6.8787932			26.666666		28.571428	114.67	53.46	46.65		0.41	3200.0
"Amhara"	"East_Gojjam"	"Gozamin"	"Chimboard"	89	921	"Wheat"	"Midslope"	1.0	50	8	26	1	7	3.2	10.0	1.0	0.25	0.0625	1.0	0.0	1.0	0.0	1.0	1.0	0	1	0	1	130.0	34.0	16900.0	4420.0	0.0	130.0	0.0	25.4	31678	18.9	11.7	235	5.78	33.8	26.76	37.2	971.4534	1.833278	6.8787932			36.0		37.0	114.67	53.46	46.65		0.41	4400.0
"Amhara"	"East_Gojjam"	"Gozamin"	"Chimboard"	89	924	"Wheat"	"Hillslope"	1.0	44	0	30	0	6	2.9	10.0	0.0	0.25	0.0625	1.0	0.0	0.0	0.0	1.0	1.0	0	1	0	1	187.0	85.0	34969.0	15895.0	0.0	0.0	187.0	25.7	33193	19.1	11.4	238	5.78	34.4	26.13	37.2	971.4534	1.833278	6.8787932			36.0		36.0	114.67	53.46	46.65		0.41	2400.0
"Amhara"	"East_Gojjam"	"Gozamin"	"Chimboard"	89	922	"Teff"	"Footslope"	1.0	60	4	46	1	7	4.0	10.0	1.0	0.25	0.0625	1.0	0.0	0.0	0.0	0.0	1.0	1	1	0	1	103.0	51.0	10609.0	5253.0	103.0	0.0	0.0	25.7	33193	19.1	11.4	238	5.78	34.4	26.13	37.2	971.4534	1.833278	6.8787932			36.0		37.0	114.67	53.46	46.65	0.47		1600.0
"Amhara"	"East_Gojjam"	"Gozamin"	"Chimboard"	89	870	"Teff"	"Footslope"	1.0	41	4	27	1	7	3.2	10.0	0.0	0.25	0.0625	1.0	0.0	0.0	0.0	0.0	0.0	1	0	0	1	72.6	23.8	5270.76	1727.8799	72.6	0.0	0.0	25.4	31678	18.9	11.7	235	5.78	33.8	26.76	37.2	971.4534	1.833278	6.8787932			34.285713		32.0	114.67	53.46	46.65	0.47		1200.0
"Amhara"	"East_Gojjam"	"Gozamin"	"Chimboard"	89	873	"Wheat"	"Midslope"	1.0	52	0	38	1	7	3.4	10.0	1.0	0.5	0.25	1.0	0.0	1.0	0.0	1.0	1.0	0	0	0	1	214.0	68.0	45796.0	14552.0	0.0	214.0	0.0	25.4	31678	18.9	11.7	235	5.78	33.8	26.76	37.2	971.4534	1.833278	6.8787932			32.0		32.0	114.67	53.46	46.65		0.41	4000.0
"Amhara"	"East_Gojjam"	"Gozamin"	"Chimboard"	89	922	"Wheat"	"Midslope"	1.0	60	4	46	1	7	4.0	10.0	1.0	0.25	0.0625	1.0	0.0	1.0	0.0	1.0	1.0	0	1	0	1	252.0	102.0	63504.0	25704.0	0.0	252.0	0.0	25.7	33193	19.1	11.4	238	5.78	34.4	26.13	37.2	971.4534	1.833278	6.8787932			36.0		37.0	114.67	53.46	46.65		0.41	4800.0
"Amhara"	"East_Gojjam"	"Gozamin"	"Chimboard"	89	870	"Wheat"	"Midslope"	1.0	41	4	27	1	7	3.2	10.0	0.0	0.125	0.015625	1.0	0.0	1.0	0.0	1.0	1.0	0	0	0	1	394.96	153.0	155993.39	80571.836	0.0	394.96	0.0	25.4	31678	18.9	11.7	235	5.78	33.8	26.76	37.2	971.4534	1.833278	6.8787932			32.0		26.666666	114.67	53.46	46.65		0.41	3200.0
"Amhara"	"East_Gojjam"	"Gozamin"	"Chimboard"	89	922	"Teff"	"Midslope"	1.0	60	4	46	1	7	4.0	10.0	1.0	0.375	0.140625	1.0	0.0	0.0	0.0	0.0	1.0	1	1	0	1	56.0	22.666666	3136.0	1269.3333	0.0	56.0	0.0	25.7	33193	19.1	11.4	238	5.78	34.4	26.13	37.2	971.4534	1.833278	6.8787932			36.0		37.0	114.67	53.46	46.65	0.47		1333.3334
"Amhara"	"East_Gojjam"	"Gozamin"	"Chimboard"	89	930	"Teff"	"Hillslope"	1.0	32	0	18	1	6	2.7	10.0	1.0	0.375	0.140625	1.0	0.0	0.0	0.0	0.0	0.0	1	1	0	1	99.333336	34.0	9867.111	3377.3335	0.0	0.0	99.333336	25.4	31678	18.9	11.7	235	5.78	33.8	26.76	37.2	971.4534	1.833278	6.8787932			36.0		36.0	114.67	53.46	46.65	0.47		1066.6666
"Amhara"	"East_Gojjam"	"Gozamin"	"Chimboard"	89	923	"Teff"	"Midslope"	1.0	45	0	29	1	10	5.3	10.0	0.0	0.375	0.140625	1.0	0.0	0.0	0.0	0.0	1.0	1	1	0	1	81.333336	45.333332	6615.1113	3687.111	0.0	81.333336	0.0	25.7	33193	19.1	11.4	238	5.78	34.4	26.13	37.2	971.4534	1.833278	6.8787932			36.0		36.0	114.67	53.46	46.65	0.47		666.6667
"Amhara"	"East_Gojjam"	"Gozamin"	"Chimboard"	89	870	"Wheat"	"Footslope"	1.0	41	4	27	1	7	3.2	10.0	0.0	0.25	0.0625	1.0	0.0	0.0	0.0	1.0	1.0	0	0	0	1	103.0	51.0	10609.0	5253.0	103.0	0.0	0.0	25.4	31678	18.9	11.7	235	5.78	33.8	26.76	37.2	971.4534	1.833278	6.8787932			26.666666		32.0	114.67	53.46	46.65		0.41	3200.0
"Amhara"	"East_Gojjam"	"Gozamin"	"Chimboard"	89	923	"Teff"	"Midslope"	1.0	45	0	29	1	10	5.3	10.0	1.0	0.5	0.25	1.0	0.0	0.0	0.0	0.0	1.0	1	1	0	1	42.0	17.0	1764.0	714.0	0.0	42.0	0.0	25.7	33193	19.1	11.4	238	5.78	34.4	26.13	37.2	971.4534	1.833278	6.8787932			36.0		36.0	114.67	53.46	46.65	0.47		1100.0
"Amhara"	"East_Gojjam"	"Gozamin"	"Chimboard"	89	923	"Wheat"	"Midslope"	1.0	45	0	29	1	10	5.3	10.0	1.0	0.75	0.5625	1.0	0.0	1.0	0.0	1.0	1.0	1	1	0	0	99.333336	34.0	9867.111	3377.3335	0.0	99.333336	0.0	25.7	33193	19.1	11.4	238	5.78	34.4	26.13	37.2	971.4534	1.833278	6.8787932			36.0		36.0	114.67	53.46	46.65		0.41	3733.3333
"Amhara"	"North_Shewa"	"Merhabete"	"Afezez"	90	627	"Sorghum"	"Midslope"	1.0	62	0	47	0	1	1.0	60.0	1.0	0.75	0.5625	1.0	0.0	1.0	0.0	0.0	0.0	1	1	0	0	76.666664	0.0	5877.7773	0.0	0.0	76.666664	0.0	27.9	5505	12.8	10.7	166	6.64	37.8	25.32	35.9	760.2566	1.4471279	6.633656					40.6	114.67	53.46	46.65			2000.0
"Amhara"	"North_Shewa"	"Merhabete"	"Afezez"	90	594	"Teff"	"Hillslope"	1.0	58	0	44	1	7	3.8	60.0	1.0	0.25	0.0625	1.0	0.0	1.0	0.0	0.0	0.0	1	1	0	1	222.0	34.0	49284.0	7548.0	0.0	0.0	222.0	27.9	5505	12.8	10.7	166	6.64	37.8	25.32	35.9	760.2566	1.4471279	6.633656			31.0		38.0	114.67	53.46	46.65	0.47		800.0
"Amhara"	"North_Shewa"	"Merhabete"	"Afezez"	90	628	"Teff"	"Footslope"	1.0	28	0	13	0	4	2.1	60.0	0.0	0.25	0.0625	1.0	1.0	1.0	0.0	0.0	0.0	1	1	0	0	84.0	34.0	7056.0	2856.0	84.0	0.0	0.0	27.9	5505	12.8	10.7	166	6.64	37.8	25.32	35.9	760.2566	1.4471279	6.633656			44.0		37.6	114.67	53.46	46.65	0.47		800.0
"Amhara"	"North_Shewa"	"Merhabete"	"Afezez"	90	563	"Sorghum"	"Footslope"	1.0	40	0	25	1	7	3.2	60.0	1.0	0.25	0.0625	1.0	0.0	0.0	0.0	0.0	0.0	0	1	0	0	46.0	0.0	2116.0	0.0	46.0	0.0	0.0	27.9	5505	12.8	10.7	166	6.64	37.8	25.32	35.9	760.2566	1.4471279	6.633656					38.0	114.67	53.46	46.65			2600.0
"Amhara"	"North_Shewa"	"Merhabete"	"Afezez"	90	563	"Teff"	"Midslope"	1.0	40	0	25	1	7	3.2	60.0	0.0	0.25	0.0625	1.0	0.0	0.0	1.0	0.0	1.0	1	1	0	0	74.8	34.0	5595.0405	2543.2002	0.0	74.8	0.0	27.9	5505	12.8	10.7	166	6.64	37.8	25.32	35.9	760.2566	1.4471279	6.633656			31.0		39.0	114.67	53.46	46.65	0.47		800.0
"Amhara"	"North_Shewa"	"Merhabete"	"Afezez"	90	562	"Sorghum"	"Midslope"	1.0	33	8	18	1	5	2.6	60.0	1.0	0.25	0.0625	1.0	0.0	1.0	0.0	0.0	0.0	1	1	0	0	46.0	0.0	2116.0	0.0	0.0	46.0	0.0	27.9	5505	12.8	10.7	166	6.64	37.8	25.32	35.9	760.2566	1.4471279	6.633656					38.0	114.67	53.46	46.65			4800.0
"Amhara"	"North_Shewa"	"Merhabete"	"Afezez"	90	570	"Teff"	"Hillslope"	1.0	46	0	15	0	4	2.5	60.0	1.0	0.25	0.0625	1.0	0.0	1.0	0.0	0.0	0.0	1	1	0	0	84.0	34.0	7056.0	2856.0	0.0	0.0	84.0	27.9	5505	12.8	10.7	166	6.64	37.8	25.32	35.9	760.2566	1.4471279	6.633656			52.0		52.0	114.67	53.46	46.65	0.47		2400.0
"Amhara"	"North_Shewa"	"Merhabete"	"Afezez"	90	555	"Teff"	"Hillslope"	0.0	48	6	18	1	4	2.5	60.0	1.0	0.25	0.0625	1.0	0.0	0.0	0.0	0.0	0.0	1	1	0	1	130.0	34.0	16900.0	4420.0	0.0	0.0	130.0	27.9	5505	12.8	10.7	166	6.64	37.8	25.32	35.9	760.2566	1.4471279	6.633656			37.0		39.0	114.67	53.46	46.65	0.47		12.0
"Amhara"	"North_Shewa"	"Merhabete"	"Afezez"	90	570	"Sorghum"	"Footslope"	1.0	46	0	15	0	4	2.5	60.0	1.0	0.5	0.25	1.0	0.0	0.0	0.0	0.0	0.0	1	1	0	0	46.0	0.0	2116.0	0.0	46.0	0.0	0.0	27.9	5505	12.8	10.7	166	6.64	37.8	25.32	35.9	760.2566	1.4471279	6.633656					52.0	114.67	53.46	46.65			50.0
"Amhara"	"North_Shewa"	"Merhabete"	"Afezez"	90	570	"Teff"	"Hillslope"	1.0	46	0	15	0	4	2.5	60.0	1.0	0.25	0.0625	1.0	0.0	1.0	0.0	0.0	0.0	1	1	0	0	84.0	34.0	7056.0	2856.0	0.0	0.0	84.0	27.9	5505	12.8	10.7	166	6.64	37.8	25.32	35.9	760.2566	1.4471279	6.633656			52.0		52.0	114.67	53.46	46.65	0.47		20.0
"Amhara"	"North_Shewa"	"Merhabete"	"Afezez"	90	555	"Sorghum"	"Hillslope"	0.0	48	6	18	1	4	2.5	60.0	1.0	0.5	0.25	1.0	0.0	0.0	0.0	0.0	0.0	1	1	0	1	46.0	0.0	2116.0	0.0	0.0	0.0	46.0	27.9	5505	12.8	10.7	166	6.64	37.8	25.32	35.9	760.2566	1.4471279	6.633656					37.0	114.67	53.46	46.65			24.0
"Amhara"	"North_Shewa"	"Merhabete"	"Afezez"	90	570	"Sorghum"	"Midslope"	1.0	46	0	15	0	4	2.5	60.0	1.0	0.75	0.5625	1.0	0.0	1.0	0.0	0.0	0.0	1	1	0	0	92.0	0.0	8464.0	0.0	0.0	92.0	0.0	27.9	5505	12.8	10.7	166	6.64	37.8	25.32	35.9	760.2566	1.4471279	6.633656					52.666668	114.67	53.46	46.65			20.0
"Amhara"	"North_Shewa"	"Merhabete"	"Afezez"	90	562	"Sorghum"	"Hillslope"	1.0	33	8	18	1	5	2.6	60.0	0.0	0.375	0.140625	1.0	0.0	0.0	0.0	0.0	0.0	1	1	0	0	76.666664	0.0	5877.7773	0.0	0.0	0.0	76.666664	27.9	5505	12.8	10.7	166	6.64	37.8	25.32	35.9	760.2566	1.4471279	6.633656					30.992	114.67	53.46	46.65			3200.0
"Amhara"	"North_Shewa"	"Merhabete"	"Afezez"	90	563	"Sorghum"	"Hillslope"	1.0	40	0	25	1	7	3.2	60.0	1.0	0.25	0.0625	1.0	0.0	0.0	0.0	0.0	0.0	1	1	0	0	18.4	0.0	338.56	0.0	0.0	0.0	18.4	27.9	5505	12.8	10.7	166	6.64	37.8	25.32	35.9	760.2566	1.4471279	6.633656					38.0	114.67	53.46	46.65			3000.0
"Amhara"	"North_Shewa"	"Merhabete"	"Afezez"	90	594	"Sorghum"	"Midslope"	1.0	58	0	44	1	7	3.8	60.0	1.0	0.25	0.0625	1.0	0.0	0.0	0.0	0.0	0.0	1	1	0	0	130.0	34.0	16900.0	4420.0	0.0	130.0	0.0	27.9	5505	12.8	10.7	166	6.64	37.8	25.32	35.9	760.2566	1.4471279	6.633656			31.0		38.0	114.67	53.46	46.65			4800.0
"Amhara"	"North_Shewa"	"Merhabete"	"Afezez"	90	627	"Teff"	"Midslope"	1.0	62	0	47	0	1	1.0	60.0	1.0	0.25	0.0625	1.0	1.0	0.0	0.0	0.0	0.0	1	1	0	0	111.0	17.0	12321.0	1887.0	0.0	111.0	0.0	27.9	5505	12.8	10.7	166	6.64	37.8	25.32	35.9	760.2566	1.4471279	6.633656			40.6		40.6	114.67	53.46	46.65	0.47		1100.0
"Amhara"	"North_Shewa"	"Merhabete"	"Afezez"	90	562	"Sorghum"	"Hillslope"	1.0	33	8	18	1	5	2.6	60.0	0.0	0.5	0.25	1.0	0.0	0.0	0.0	0.0	0.0	1	1	0	0	23.0	0.0	529.0	0.0	0.0	0.0	23.0	27.9	5505	12.8	10.7	166	6.64	37.8	25.32	35.9	760.2566	1.4471279	6.633656					38.0	114.67	53.46	46.65			1400.0
"Amhara"	"North_Shewa"	"Merhabete"	"Afezez"	90	556	"Teff"	"Midslope"	1.0	45	0	21	1	5	2.4	60.0	0.0	0.5	0.25	1.0	0.0	0.0	0.0	0.0	0.0	1	1	0	1	130.0	34.0	16900.0	4420.0	0.0	130.0	0.0	27.9	5505	12.8	10.7	166	6.64	37.8	25.32	35.9	760.2566	1.4471279	6.633656			40.0		42.0	114.67	53.46	46.65	0.47		1200.0
"Amhara"	"North_Shewa"	"Merhabete"	"Afezez"	90	595	"Teff"	"Hillslope"	1.0	37	0	23	1	5	2.6	60.0	0.0	0.25	0.0625	1.0	0.0	0.0	1.0	0.0	0.0	1	1	0	1	84.0	34.0	7056.0	2856.0	0.0	0.0	84.0	27.9	5505	12.8	10.7	166	6.64	37.8	25.32	35.9	760.2566	1.4471279	6.633656			31.0		39.2	114.67	53.46	46.65	0.47		2400.0
"Amhara"	"North_Shewa"	"Merhabete"	"Afezez"	90	595	"Sorghum"	"Footslope"	1.0	37	0	23	1	5	2.6	60.0	1.0	0.5	0.25	1.0	0.0	1.0	0.0	0.0	0.0	1	0	0	0	92.0	0.0	8464.0	0.0	92.0	0.0	0.0	27.9	5505	12.8	10.7	166	6.64	37.8	25.32	35.9	760.2566	1.4471279	6.633656					38.0	114.67	53.46	46.65			2000.0
"Amhara"	"North_Shewa"	"Merhabete"	"Afezez"	90	562	"Teff"	"Footslope"	1.0	33	8	18	1	5	2.6	60.0	0.0	0.5	0.25	1.0	0.0	1.0	1.0	0.0	0.0	1	1	0	0	32.5	8.5	1056.25	276.25	32.5	0.0	0.0	27.9	5505	12.8	10.7	166	6.64	37.8	25.32	35.9	760.2566	1.4471279	6.633656			31.0		38.0	114.67	53.46	46.65	0.47		800.0
"Amhara"	"North_Shewa"	"Merhabete"	"Afezez"	90	628	"Sorghum"	"Midslope"	1.0	28	0	13	0	4	2.1	60.0	0.0	0.75	0.5625	1.0	0.0	1.0	0.0	0.0	0.0	1	1	0	0	92.0	0.0	8464.0	0.0	0.0	92.0	0.0	27.9	5505	12.8	10.7	166	6.64	37.8	25.32	35.9	760.2566	1.4471279	6.633656					33.866665	114.67	53.46	46.65			2666.6667
"Amhara"	"North_Shewa"	"Merhabete"	"Afezez"	90	628	"Teff"	"Midslope"	1.0	28	0	13	0	4	2.1	60.0	0.0	0.5	0.25	1.0	0.0	1.0	0.0	0.0	0.0	1	1	0	0	32.5	8.5	1056.25	276.25	0.0	32.5	0.0	27.9	5505	12.8	10.7	166	6.64	37.8	25.32	35.9	760.2566	1.4471279	6.633656			44.0		37.6	114.67	53.46	46.65	0.47		600.0
"Amhara"	"North_Shewa"	"Merhabete"	"Afezez"	90	563	"Sorghum"	"Footslope"	1.0	40	0	25	1	7	3.2	60.0	1.0	0.5	0.25	1.0	0.0	0.0	0.0	0.0	0.0	1	1	0	0	46.0	0.0	2116.0	0.0	46.0	0.0	0.0	27.9	5505	12.8	10.7	166	6.64	37.8	25.32	35.9	760.2566	1.4471279	6.633656					38.0	114.67	53.46	46.65			3000.0
"Amhara"	"North_Shewa"	"Merhabete"	"Afezez"	90	594	"Teff"	"Midslope"	1.0	58	0	44	1	7	3.8	60.0	0.0	0.5	0.25	1.0	0.0	1.0	1.0	0.0	1.0	1	0	0	0	55.5	8.5	3080.25	471.75	0.0	55.5	0.0	27.9	5505	12.8	10.7	166	6.64	37.8	25.32	35.9	760.2566	1.4471279	6.633656			62.0		38.0	114.67	53.46	46.65	0.47		800.0
"Amhara"	"North_Shewa"	"Merhabete"	"Afezez"	90	595	"Sorghum"	"Footslope"	1.0	37	0	23	1	5	2.6	60.0	1.0	0.25	0.0625	1.0	0.0	1.0	0.0	0.0	0.0	0	0	0	1	276.0	0.0	76176.0	0.0	276.0	0.0	0.0	27.9	5505	12.8	10.7	166	6.64	37.8	25.32	35.9	760.2566	1.4471279	6.633656					33.333332	114.67	53.46	46.65			4000.0
"Amhara"	"North_Shewa"	"Merhabete"	"Afezez"	90	562	"Teff"	"Midslope"	1.0	33	8	18	1	5	2.6	60.0	1.0	0.25	0.0625	1.0	0.0	1.0	0.0	0.0	0.0	1	1	0	0	65.0	17.0	4225.0	1105.0	0.0	65.0	0.0	27.9	5505	12.8	10.7	166	6.64	37.8	25.32	35.9	760.2566	1.4471279	6.633656			31.0		38.0	114.67	53.46	46.65	0.47		1000.0
"Amhara"	"North_Shewa"	"Merhabete"	"Afezez"	90	563	"Teff"	"Footslope"	1.0	40	0	25	1	7	3.2	60.0	1.0	0.25	0.0625	1.0	1.0	0.0	0.0	0.0	0.0	1	1	0	0	74.8	34.0	5595.0405	2543.2002	74.8	0.0	0.0	27.9	5505	12.8	10.7	166	6.64	37.8	25.32	35.9	760.2566	1.4471279	6.633656			38.0		38.0	114.67	53.46	46.65	0.47		800.0
"Amhara"	"North_Shewa"	"Merhabete"	"Afezez"	90	594	"Sorghum"	"Midslope"	1.0	58	0	44	1	7	3.8	60.0	1.0	0.25	0.0625	1.0	0.0	0.0	0.0	0.0	0.0	1	1	0	0	222.0	34.0	49284.0	7548.0	0.0	222.0	0.0	27.9	5505	12.8	10.7	166	6.64	37.8	25.32	35.9	760.2566	1.4471279	6.633656			31.0		38.0	114.67	53.46	46.65			4800.0
"Amhara"	"North_Shewa"	"Merhabete"	"Afezez"	90	562	"Sorghum"	"Midslope"	1.0	33	8	18	1	5	2.6	60.0	1.0	0.25	0.0625	1.0	0.0	0.0	0.0	0.0	0.0	1	1	0	0	138.0	0.0	19044.0	0.0	0.0	138.0	0.0	27.9	5505	12.8	10.7	166	6.64	37.8	25.32	35.9	760.2566	1.4471279	6.633656					31.0	114.67	53.46	46.65			2000.0
"Amhara"	"North_Shewa"	"Merhabete"	"Afezez"	90	563	"Sorghum"	"Footslope"	1.0	40	0	25	1	7	3.2	60.0	0.0	0.5	0.25	1.0	0.0	0.0	0.0	0.0	0.0	1	1	0	0	74.2	17.0	5505.6396	1261.3999	74.2	0.0	0.0	27.9	5505	12.8	10.7	166	6.64	37.8	25.32	35.9	760.2566	1.4471279	6.633656			31.0		38.0	114.67	53.46	46.65			3000.0
"Amhara"	"North_Shewa"	"Merhabete"	"Afezez"	90	563	"Sorghum"	"Footslope"	1.0	40	0	25	1	7	3.2	60.0	0.0	0.25	0.0625	1.0	0.0	0.0	0.0	0.0	0.0	1	1	0	0	148.4	34.0	22022.559	5045.5996	148.4	0.0	0.0	27.9	5505	12.8	10.7	166	6.64	37.8	25.32	35.9	760.2566	1.4471279	6.633656			31.0		38.0	114.67	53.46	46.65			2000.0
"Amhara"	"North_Shewa"	"Merhabete"	"Afezez"	90	563	"Teff"	"Midslope"	1.0	40	0	25	1	7	3.2	60.0	1.0	0.25	0.0625	1.0	1.0	0.0	1.0	0.0	1.0	1	1	0	0	37.4	17.0	1398.7601	635.80005	0.0	37.4	0.0	27.9	5505	12.8	10.7	166	6.64	37.8	25.32	35.9	760.2566	1.4471279	6.633656			31.0		38.0	114.67	53.46	46.65	0.47		1000.0
"Amhara"	"North_Shewa"	"Merhabete"	"Afezez"	90	632	"Sorghum"	"Midslope"	1.0	39	0	15	1	6	2.7	60.0	1.0	0.75	0.5625	1.0	0.0	1.0	0.0	0.0	0.0	1	1	0	0	208.0	26.666666	43264.0	5546.6665	0.0	208.0	0.0	27.9	5505	12.8	10.7	166	6.64	37.8	25.32	35.9	760.2566	1.4471279	6.633656	38.0				24.95	114.67	53.46	46.65			2000.0
"Amhara"	"North_Shewa"	"Merhabete"	"Afezez"	90	570	"Teff"	"Hillslope"	1.0	46	0	15	0	4	2.5	60.0	1.0	0.25	0.0625	1.0	1.0	1.0	0.0	0.0	0.0	1	1	0	0	32.5	8.5	1056.25	276.25	0.0	0.0	32.5	27.9	5505	12.8	10.7	166	6.64	37.8	25.32	35.9	760.2566	1.4471279	6.633656			52.0		52.0	114.67	53.46	46.65	0.47		2000.0
"Amhara"	"North_Shewa"	"Merhabete"	"Afezez"	90	595	"Sorghum"	"Hillslope"	1.0	37	0	23	1	5	2.6	60.0	1.0	0.5	0.25	1.0	0.0	1.0	0.0	0.0	0.0	1	0	0	0	138.0	0.0	19044.0	0.0	0.0	0.0	138.0	27.9	5505	12.8	10.7	166	6.64	37.8	25.32	35.9	760.2566	1.4471279	6.633656					33.333332	114.67	53.46	46.65			4000.0
"Amhara"	"North_Shewa"	"Merhabete"	"Afezez"	90	556	"Sorghum"	"Footslope"	1.0	45	0	21	1	5	2.4	60.0	0.0	0.5	0.25	1.0	0.0	0.0	0.0	1.0	0.0	1	0	0	1	92.0	0.0	8464.0	0.0	92.0	0.0	0.0	27.9	5505	12.8	10.7	166	6.64	37.8	25.32	35.9	760.2566	1.4471279	6.633656					42.0	114.67	53.46	46.65			2600.0
"Amhara"	"North_Shewa"	"Merhabete"	"Afezez"	90	628	"Sorghum"	"Footslope"	1.0	28	0	13	0	4	2.1	60.0	0.0	0.5	0.25	1.0	0.0	1.0	0.0	0.0	0.0	1	1	0	0	69.0	0.0	4761.0	0.0	69.0	0.0	0.0	27.9	5505	12.8	10.7	166	6.64	37.8	25.32	35.9	760.2566	1.4471279	6.633656					32.0	114.67	53.46	46.65			2000.0
