rank_1,rank_2,rank_3,rank_4,respondent_age,hhi,education,region,over_65,female,white,black,stronger_republican_8pt,democrat,republican,independent,hostile_sexism_1,hostile_sexism_2,hostile_sexism_3,hostile_sexism_agg,benevolent_sexism_1,benevolent_sexism_2,benevolent_sexism_3,benevolent_sexism_agg,pro_israel_score,hawk1,hawk2,hawk3,hawkish_aggregate,cosmopolitan,R2P,attention_intl_affairs,vote_trump,vote_harris,knowledge_ir_1,knowledge_ir_2,knowledge_ir_agg,Afghanistan_treatment,apartheid_plus_treatment,apartheid_treatment,apartheid_treatment_broad,persecution_treatment,apart_plus_vs_apart_treatment,apart_plus_vs_persec_treatment,apartheid_vs_persecution_treat,illegal_treatment,illegal_treatment_broad,ICC_referral,ICC_referral_binary,UNSC_condemn,UNSC_condemn_binary,sanctions,sanctions_binary,airstrikes,airstrikes_binary,regime_change,regime_change_binary,immigration,immigration_binary,foreign_aid,foreign_aid_binary,pressuring_IOs,pressuring_IOs_binary,top_priority,top_priority_binary,policy_index,policy_index_binary,new_information,new_information_binary,chance_success,chance_success_binary,moral_obligation,moral_obligation_binary,threat_perc,threat_perc_binary,reputation_suffer,reputation_suffer_binary,as_bad_jim_crow,as_bad_jim_crow_binary,illegal_perception,illegal_perception_binary,willing_write_letter,ICC_referral2,ICC_referral2_binary,UNSC_condemn2,UNSC_condemn2_binary,sanctions2,sanctions2_binary,airstrikes2,airstrikes2_binary,regime_change2,regime_change2_binary,immigration2,immigration2_binary,foreign_aid2,foreign_aid2_binary,pressuring_IOs2,pressuring_IOs2_binary,top_priority2,top_priority2_binary,policy_index2,ICC_referral_within,UNSC_condemn_within,sanctions_within,airstrikes_within,regime_change_within,immigration_within,foreign_aid_within,pressuring_IOs_within,top_priority_within,policy_index_within,ICC_referral_within_bin,UNSC_condemn_within_bin,sanctions_within_bin,airstrikes_within_bin,regime_change_within_bin,immigration_within_bin,foreign_aid_within_bin,pressuring_IOs_within_bin,top_priority_within_bin,policy_index_within_bin,make_illegal,make_illegal_binary,apartheid_ranked_worst,pro_Israel_median,apartheid_ranked_worse_persec,pro_israel_quintile
4.0,1.0,3.0,2.0,76.0,20.0,4.0,1.0,1.0,1.0,1.0,0.0,1.0,1.0,0.0,0.0,3.0,3.0,2.0,2.6666667,3.0,5.0,3.0,3.6666667,0.0,3.0,3.0,3.0,3.0,3.0,3.0,5.0,0.0,1.0,1.0,1.0,2.0,0.0,0.0,0.0,0.0,1.0,,0.0,0,,1.0,4.0,1.0,4.0,1.0,3.0,0.0,3.0,0.0,3.0,0.0,3.0,0.0,3.0,0.0,3.0,0.0,4.0,1.0,3.25,0.25,3.0,0.0,3.0,0.0,3.0,0.0,3.0,0.0,3.0,0.0,3.0,0.0,3.0,0.0,1.0,3.0,0.0,3.0,0.0,3.0,0.0,3.0,0.0,3.0,0.0,3.0,0.0,3.0,0.0,3.0,0.0,3.0,0.0,3.0,-1.0,-1.0,0.0,0.0,0.0,0.0,0.0,0.0,-1.0,-0.25,-1.0,-1.0,0.0,0.0,0.0,0.0,0.0,0.0,-1.0,-0.25,,,0.0,0.0,0.0,2
2.0,1.0,4.0,3.0,63.0,11.0,4.0,2.0,0.0,1.0,1.0,0.0,4.0,0.0,0.0,1.0,1.0,2.0,1.0,1.3333334,2.0,3.0,2.0,2.3333333,6.0,2.0,3.0,2.0,2.3333333,4.0,4.0,3.0,0.0,1.0,0.0,0.0,0.0,1.0,0.0,0.0,0.0,1.0,,0.0,0,,1.0,5.0,1.0,5.0,1.0,4.0,1.0,1.0,0.0,1.0,0.0,4.0,1.0,2.0,0.0,4.0,1.0,2.0,0.0,3.25,0.625,4.0,1.0,2.0,0.0,3.0,0.0,3.0,0.0,2.0,0.0,5.0,1.0,4.0,1.0,1.0,5.0,1.0,5.0,1.0,5.0,1.0,1.0,0.0,1.0,0.0,4.0,1.0,2.0,0.0,5.0,1.0,3.0,0.0,3.5,0.0,0.0,1.0,0.0,0.0,0.0,0.0,1.0,1.0,0.25,0.0,0.0,0.0,0.0,0.0,0.0,0.0,0.0,0.0,0.0,,,0.0,1.0,0.0,3
2.0,3.0,1.0,4.0,59.0,22.0,7.0,3.0,0.0,1.0,1.0,0.0,8.0,0.0,1.0,0.0,3.0,3.0,3.0,3.0,3.0,3.0,3.0,3.0,5.0,3.0,3.0,3.0,3.0,3.0,3.0,3.0,1.0,0.0,0.0,0.0,0.0,0.0,0.0,0.0,0.0,1.0,,0.0,0,,1.0,3.0,0.0,3.0,0.0,3.0,0.0,3.0,0.0,3.0,0.0,3.0,0.0,3.0,0.0,3.0,0.0,3.0,0.0,3.0,0.0,1.0,0.0,3.0,0.0,3.0,0.0,3.0,0.0,3.0,0.0,3.0,0.0,3.0,0.0,0.0,3.0,0.0,3.0,0.0,3.0,0.0,3.0,0.0,3.0,0.0,3.0,0.0,3.0,0.0,3.0,0.0,3.0,0.0,3.0,0.0,0.0,0.0,0.0,0.0,0.0,0.0,0.0,0.0,0.0,0.0,0.0,0.0,0.0,0.0,0.0,0.0,0.0,0.0,0.0,,,0.0,1.0,1.0,3
1.0,2.0,4.0,3.0,46.0,9.0,6.0,2.0,0.0,0.0,1.0,0.0,7.0,0.0,1.0,0.0,3.0,3.0,1.0,2.3333333,1.0,5.0,5.0,3.6666667,2.0,4.0,5.0,4.0,4.3333335,1.0,2.0,4.0,0.0,0.0,0.0,1.0,1.0,1.0,0.0,0.0,0.0,1.0,,0.0,0,,1.0,3.0,0.0,2.0,0.0,3.0,0.0,3.0,0.0,1.0,0.0,3.0,0.0,2.0,0.0,4.0,1.0,3.0,0.0,2.625,0.125,2.0,0.0,4.0,1.0,3.0,0.0,3.0,0.0,3.0,0.0,3.0,0.0,3.0,0.0,0.0,4.0,1.0,2.0,0.0,3.0,0.0,3.0,0.0,3.0,0.0,2.0,0.0,4.0,1.0,3.0,0.0,3.0,0.0,3.0,1.0,0.0,0.0,0.0,2.0,-1.0,2.0,-1.0,0.0,0.375,1.0,0.0,0.0,0.0,0.0,0.0,1.0,-1.0,0.0,0.125,,,1.0,1.0,1.0,3
4.0,2.0,3.0,1.0,57.0,4.0,2.0,1.0,0.0,0.0,1.0,0.0,2.0,1.0,0.0,0.0,4.0,2.0,1.0,2.3333333,2.0,4.0,2.0,2.6666667,36.0,2.0,2.0,2.0,2.0,2.0,2.0,4.0,0.0,0.0,1.0,1.0,2.0,0.0,0.0,0.0,0.0,1.0,,0.0,0,,1.0,4.0,1.0,4.0,1.0,4.0,1.0,3.0,0.0,1.0,0.0,3.0,0.0,3.0,0.0,4.0,1.0,4.0,1.0,3.25,0.5,2.0,0.0,3.0,0.0,5.0,1.0,4.0,1.0,5.0,1.0,5.0,1.0,5.0,1.0,0.0,5.0,1.0,4.0,1.0,4.0,1.0,1.0,0.0,1.0,0.0,3.0,0.0,2.0,0.0,4.0,1.0,3.0,0.0,3.0,1.0,0.0,0.0,-2.0,0.0,0.0,-1.0,0.0,-1.0,-0.25,0.0,0.0,0.0,0.0,0.0,0.0,0.0,0.0,-1.0,0.0,,,0.0,1.0,0.0,4
2.0,3.0,4.0,1.0,76.0,24.0,7.0,1.0,1.0,0.0,1.0,0.0,2.0,1.0,0.0,0.0,1.0,1.0,1.0,1.0,2.0,5.0,1.0,2.6666667,82.0,4.0,5.0,4.0,4.3333335,3.0,5.0,5.0,0.0,1.0,1.0,1.0,2.0,1.0,0.0,0.0,0.0,1.0,,0.0,0,,1.0,5.0,1.0,5.0,1.0,4.0,1.0,1.0,0.0,1.0,0.0,3.0,0.0,4.0,1.0,5.0,1.0,4.0,1.0,3.5,0.625,2.0,0.0,3.0,0.0,2.0,0.0,1.0,0.0,1.0,0.0,5.0,1.0,5.0,1.0,1.0,5.0,1.0,5.0,1.0,4.0,1.0,1.0,0.0,1.0,0.0,3.0,0.0,4.0,1.0,5.0,1.0,4.0,1.0,3.5,0.0,0.0,0.0,0.0,0.0,0.0,0.0,0.0,0.0,0.0,0.0,0.0,0.0,0.0,0.0,0.0,0.0,0.0,0.0,0.0,,,0.0,1.0,1.0,5
1.0,2.0,3.0,4.0,26.0,19.0,2.0,2.0,0.0,1.0,1.0,0.0,8.0,0.0,1.0,0.0,4.0,5.0,4.0,4.3333335,4.0,4.0,4.0,4.0,-28.0,5.0,4.0,2.0,3.6666667,4.0,4.0,4.0,1.0,0.0,0.0,0.0,0.0,0.0,0.0,1.0,1.0,0.0,0.0,,1,0.0,0.0,4.0,1.0,4.0,1.0,5.0,1.0,4.0,1.0,5.0,1.0,2.0,0.0,5.0,1.0,3.0,0.0,5.0,1.0,4.0,0.75,4.0,1.0,4.0,1.0,4.0,1.0,5.0,1.0,3.0,0.0,4.0,1.0,5.0,1.0,1.0,5.0,1.0,4.0,1.0,4.0,1.0,2.0,0.0,4.0,1.0,4.0,1.0,4.0,1.0,2.0,0.0,2.0,0.0,3.625,1.0,0.0,-1.0,-2.0,-1.0,2.0,-1.0,-1.0,-3.0,-0.375,0.0,0.0,0.0,-1.0,0.0,1.0,0.0,0.0,-1.0,0.0,2.0,0.0,1.0,0.0,1.0,1
2.0,3.0,1.0,4.0,48.0,10.0,5.0,3.0,0.0,0.0,1.0,0.0,7.0,0.0,1.0,0.0,2.0,2.0,2.0,2.0,2.0,3.0,1.0,2.0,44.0,4.0,5.0,4.0,4.3333335,4.0,4.0,5.0,1.0,0.0,1.0,1.0,2.0,0.0,0.0,1.0,1.0,0.0,0.0,,1,1.0,1.0,5.0,1.0,5.0,1.0,5.0,1.0,3.0,0.0,3.0,0.0,4.0,1.0,4.0,1.0,4.0,1.0,4.0,1.0,4.125,0.75,2.0,0.0,2.0,0.0,4.0,1.0,2.0,0.0,4.0,1.0,5.0,1.0,5.0,1.0,0.0,5.0,1.0,5.0,1.0,4.0,1.0,4.0,1.0,2.0,0.0,4.0,1.0,3.0,0.0,4.0,1.0,3.0,0.0,3.875,0.0,0.0,-1.0,1.0,-1.0,0.0,-1.0,0.0,-1.0,-0.25,0.0,0.0,0.0,1.0,0.0,0.0,-1.0,0.0,-1.0,0.0,,,0.0,1.0,1.0,4
1.0,3.0,4.0,2.0,61.0,1.0,1.0,3.0,0.0,1.0,1.0,0.0,6.0,0.0,0.0,1.0,5.0,2.0,4.0,3.6666667,4.0,4.0,3.0,3.6666667,26.0,5.0,3.0,3.0,3.6666667,3.0,3.0,2.0,0.0,0.0,0.0,0.0,0.0,0.0,0.0,1.0,1.0,0.0,0.0,,1,1.0,1.0,3.0,0.0,3.0,0.0,1.0,0.0,1.0,0.0,2.0,0.0,1.0,0.0,1.0,0.0,3.0,0.0,2.0,0.0,1.875,0.0,3.0,0.0,2.0,0.0,3.0,0.0,5.0,1.0,4.0,1.0,3.0,0.0,4.0,1.0,0.0,3.0,0.0,4.0,1.0,2.0,0.0,1.0,0.0,1.0,0.0,1.0,0.0,1.0,0.0,3.0,0.0,3.0,0.0,2.0,0.0,1.0,1.0,0.0,-1.0,0.0,0.0,0.0,1.0,0.125,0.0,1.0,0.0,0.0,0.0,0.0,0.0,0.0,0.0,0.125,,,1.0,1.0,1.0,4
4.0,2.0,3.0,1.0,79.0,14.0,5.0,2.0,1.0,0.0,1.0,0.0,3.0,0.0,0.0,1.0,1.0,1.0,2.0,1.3333334,3.0,4.0,1.0,2.6666667,56.0,2.0,3.0,2.0,2.3333333,3.0,3.0,5.0,0.0,1.0,1.0,1.0,2.0,1.0,0.0,1.0,1.0,0.0,0.0,,1,1.0,1.0,4.0,1.0,4.0,1.0,4.0,1.0,3.0,0.0,4.0,1.0,4.0,1.0,4.0,1.0,4.0,1.0,4.0,1.0,3.875,0.875,3.0,0.0,3.0,0.0,3.0,0.0,2.0,0.0,3.0,0.0,5.0,1.0,5.0,1.0,1.0,3.0,0.0,3.0,0.0,3.0,0.0,3.0,0.0,3.0,0.0,3.0,0.0,3.0,0.0,3.0,0.0,3.0,0.0,3.0,-1.0,-1.0,-1.0,0.0,-1.0,-1.0,-1.0,-1.0,-1.0,-0.875,-1.0,-1.0,-1.0,0.0,-1.0,-1.0,-1.0,-1.0,-1.0,-0.875,,,0.0,1.0,0.0,5
3.0,2.0,4.0,1.0,57.0,5.0,5.0,3.0,0.0,1.0,1.0,0.0,1.0,1.0,0.0,0.0,1.0,1.0,1.0,1.0,3.0,5.0,1.0,3.0,0.0,5.0,5.0,5.0,5.0,5.0,5.0,5.0,0.0,1.0,1.0,1.0,2.0,0.0,0.0,0.0,0.0,1.0,,0.0,0,,1.0,5.0,1.0,5.0,1.0,5.0,1.0,5.0,1.0,5.0,1.0,5.0,1.0,5.0,1.0,5.0,1.0,5.0,1.0,5.0,1.0,2.0,0.0,3.0,0.0,5.0,1.0,5.0,1.0,5.0,1.0,5.0,1.0,5.0,1.0,1.0,5.0,1.0,5.0,1.0,5.0,1.0,5.0,1.0,5.0,1.0,5.0,1.0,5.0,1.0,5.0,1.0,5.0,1.0,5.0,0.0,0.0,0.0,0.0,0.0,0.0,0.0,0.0,0.0,0.0,0.0,0.0,0.0,0.0,0.0,0.0,0.0,0.0,0.0,0.0,,,0.0,0.0,0.0,2
1.0,3.0,2.0,4.0,83.0,4.0,5.0,4.0,1.0,1.0,1.0,0.0,4.0,0.0,0.0,1.0,1.0,1.0,1.0,1.0,2.0,3.0,1.0,2.0,1.0,1.0,3.0,2.0,2.0,2.0,1.0,4.0,0.0,1.0,0.0,1.0,1.0,0.0,0.0,0.0,0.0,1.0,,0.0,0,,1.0,4.0,1.0,4.0,1.0,3.0,0.0,1.0,0.0,1.0,0.0,4.0,1.0,2.0,0.0,4.0,1.0,4.0,1.0,2.875,0.5,3.0,0.0,1.0,0.0,3.0,0.0,5.0,1.0,2.0,0.0,5.0,1.0,4.0,1.0,1.0,4.0,1.0,4.0,1.0,3.0,0.0,1.0,0.0,1.0,0.0,3.0,0.0,2.0,0.0,4.0,1.0,3.0,0.0,2.75,0.0,0.0,0.0,0.0,0.0,-1.0,0.0,0.0,-1.0,-0.125,0.0,0.0,0.0,0.0,0.0,-1.0,0.0,0.0,-1.0,-0.125,,,1.0,0.0,1.0,3
3.0,2.0,4.0,1.0,62.0,3.0,2.0,3.0,0.0,1.0,1.0,0.0,4.0,0.0,0.0,1.0,4.0,3.0,4.0,3.6666667,1.0,4.0,2.0,2.3333333,89.0,3.0,4.0,3.0,3.3333333,2.0,4.0,3.0,0.0,0.0,1.0,0.0,1.0,1.0,0.0,0.0,0.0,1.0,,0.0,0,,1.0,4.0,1.0,5.0,1.0,4.0,1.0,3.0,0.0,3.0,0.0,3.0,0.0,2.0,0.0,4.0,1.0,4.0,1.0,3.5,0.5,1.0,0.0,2.0,0.0,4.0,1.0,3.0,0.0,3.0,0.0,5.0,1.0,4.0,1.0,1.0,4.0,1.0,4.0,1.0,3.0,0.0,2.0,0.0,3.0,0.0,2.0,0.0,2.0,0.0,5.0,1.0,4.0,1.0,3.125,0.0,-1.0,-1.0,-1.0,0.0,-1.0,0.0,1.0,0.0,-0.375,0.0,0.0,-1.0,0.0,0.0,0.0,0.0,0.0,0.0,-0.125,,,0.0,1.0,0.0,5
1.0,2.0,4.0,3.0,48.0,4.0,2.0,3.0,0.0,0.0,1.0,0.0,8.0,0.0,1.0,0.0,3.0,3.0,3.0,3.0,3.0,3.0,3.0,3.0,5.0,3.0,3.0,3.0,3.0,3.0,3.0,4.0,1.0,0.0,0.0,0.0,0.0,1.0,0.0,0.0,0.0,1.0,,0.0,0,,1.0,3.0,0.0,3.0,0.0,3.0,0.0,3.0,0.0,3.0,0.0,3.0,0.0,3.0,0.0,3.0,0.0,3.0,0.0,3.0,0.0,3.0,0.0,2.0,0.0,3.0,0.0,3.0,0.0,3.0,0.0,3.0,0.0,3.0,0.0,0.0,3.0,0.0,3.0,0.0,3.0,0.0,3.0,0.0,3.0,0.0,3.0,0.0,3.0,0.0,3.0,0.0,3.0,0.0,3.0,0.0,0.0,0.0,0.0,0.0,0.0,0.0,0.0,0.0,0.0,0.0,0.0,0.0,0.0,0.0,0.0,0.0,0.0,0.0,0.0,,,1.0,1.0,1.0,3
4.0,1.0,3.0,2.0,46.0,6.0,2.0,3.0,0.0,1.0,1.0,0.0,6.0,0.0,0.0,1.0,4.0,3.0,5.0,4.0,4.0,5.0,5.0,4.6666665,-33.0,4.0,5.0,4.0,4.3333335,5.0,3.0,5.0,1.0,0.0,1.0,0.0,1.0,0.0,0.0,0.0,0.0,1.0,,0.0,0,,1.0,5.0,1.0,5.0,1.0,4.0,1.0,2.0,0.0,2.0,0.0,2.0,0.0,2.0,0.0,4.0,1.0,3.0,0.0,3.25,0.5,2.0,0.0,3.0,0.0,2.0,0.0,2.0,0.0,3.0,0.0,3.0,0.0,2.0,0.0,0.0,4.0,1.0,4.0,1.0,5.0,1.0,2.0,0.0,2.0,0.0,1.0,0.0,2.0,0.0,5.0,1.0,5.0,1.0,3.125,-1.0,-1.0,1.0,0.0,0.0,-1.0,0.0,1.0,2.0,-0.125,0.0,0.0,0.0,0.0,0.0,0.0,0.0,0.0,1.0,0.0,,,0.0,0.0,0.0,1
1.0,3.0,4.0,2.0,67.0,10.0,2.0,3.0,1.0,1.0,1.0,0.0,8.0,0.0,1.0,0.0,3.0,3.0,3.0,3.0,3.0,4.0,4.0,3.6666667,0.0,3.0,4.0,4.0,3.6666667,4.0,2.0,4.0,1.0,0.0,1.0,0.0,1.0,1.0,0.0,1.0,1.0,0.0,0.0,,1,1.0,1.0,2.0,0.0,3.0,0.0,3.0,0.0,3.0,0.0,3.0,0.0,2.0,0.0,2.0,0.0,2.0,0.0,3.0,0.0,2.5,0.0,2.0,0.0,3.0,0.0,3.0,0.0,3.0,0.0,3.0,0.0,3.0,0.0,3.0,0.0,0.0,3.0,0.0,3.0,0.0,3.0,0.0,3.0,0.0,3.0,0.0,3.0,0.0,3.0,0.0,3.0,0.0,3.0,0.0,3.0,1.0,0.0,0.0,0.0,0.0,1.0,1.0,1.0,0.0,0.5,0.0,0.0,0.0,0.0,0.0,0.0,0.0,0.0,0.0,0.0,,,1.0,0.0,1.0,2
1.0,3.0,4.0,2.0,44.0,4.0,3.0,3.0,0.0,1.0,0.0,1.0,6.0,0.0,0.0,1.0,4.0,4.0,3.0,3.6666667,5.0,4.0,5.0,4.6666665,0.0,5.0,5.0,1.0,3.6666667,5.0,5.0,5.0,1.0,0.0,0.0,0.0,0.0,0.0,0.0,0.0,0.0,1.0,,0.0,0,,1.0,4.0,1.0,5.0,1.0,4.0,1.0,4.0,1.0,5.0,1.0,5.0,1.0,5.0,1.0,4.0,1.0,5.0,1.0,4.5,1.0,3.0,0.0,3.0,0.0,5.0,1.0,5.0,1.0,5.0,1.0,4.0,1.0,5.0,1.0,1.0,5.0,1.0,5.0,1.0,5.0,1.0,5.0,1.0,5.0,1.0,5.0,1.0,5.0,1.0,5.0,1.0,5.0,1.0,5.0,1.0,0.0,1.0,1.0,0.0,0.0,0.0,1.0,0.0,0.5,0.0,0.0,0.0,0.0,0.0,0.0,0.0,0.0,0.0,0.0,,,1.0,0.0,1.0,2
1.0,4.0,2.0,3.0,71.0,6.0,4.0,3.0,1.0,1.0,1.0,0.0,8.0,0.0,1.0,0.0,1.0,3.0,1.0,1.6666666,3.0,5.0,4.0,4.0,56.0,1.0,1.0,3.0,1.6666666,2.0,3.0,3.0,1.0,0.0,0.0,0.0,0.0,0.0,0.0,1.0,1.0,0.0,0.0,,1,1.0,1.0,3.0,0.0,3.0,0.0,3.0,0.0,3.0,0.0,3.0,0.0,3.0,0.0,3.0,0.0,3.0,0.0,3.0,0.0,3.0,0.0,3.0,0.0,3.0,0.0,3.0,0.0,3.0,0.0,3.0,0.0,3.0,0.0,3.0,0.0,0.0,3.0,0.0,3.0,0.0,3.0,0.0,3.0,0.0,3.0,0.0,3.0,0.0,3.0,0.0,3.0,0.0,3.0,0.0,3.0,0.0,0.0,0.0,0.0,0.0,0.0,0.0,0.0,0.0,0.0,0.0,0.0,0.0,0.0,0.0,0.0,0.0,0.0,0.0,0.0,,,1.0,1.0,1.0,5
2.0,3.0,1.0,4.0,43.0,1.0,5.0,1.0,0.0,1.0,1.0,0.0,7.0,0.0,1.0,0.0,4.0,4.0,5.0,4.3333335,5.0,5.0,4.0,4.6666665,4.0,4.0,4.0,2.0,3.3333333,2.0,4.0,4.0,0.0,0.0,0.0,0.0,0.0,0.0,0.0,1.0,1.0,0.0,0.0,,1,0.0,0.0,4.0,1.0,3.0,0.0,4.0,1.0,4.0,1.0,4.0,1.0,4.0,1.0,4.0,1.0,4.0,1.0,4.0,1.0,3.875,0.875,2.0,0.0,4.0,1.0,4.0,1.0,4.0,1.0,4.0,1.0,4.0,1.0,4.0,1.0,0.0,3.0,0.0,3.0,0.0,3.0,0.0,3.0,0.0,3.0,0.0,3.0,0.0,3.0,0.0,3.0,0.0,3.0,0.0,3.0,-1.0,0.0,-1.0,-1.0,-1.0,-1.0,-1.0,-1.0,-1.0,-0.875,-1.0,0.0,-1.0,-1.0,-1.0,-1.0,-1.0,-1.0,-1.0,-0.875,4.0,1.0,0.0,1.0,1.0,3
4.0,1.0,2.0,3.0,40.0,13.0,4.0,1.0,0.0,1.0,1.0,0.0,6.0,0.0,0.0,1.0,2.0,2.0,2.0,2.0,3.0,4.0,3.0,3.3333333,43.0,3.0,4.0,4.0,3.6666667,3.0,2.0,3.0,1.0,0.0,0.0,1.0,1.0,1.0,0.0,0.0,0.0,1.0,,0.0,0,,1.0,3.0,0.0,4.0,1.0,2.0,0.0,2.0,0.0,2.0,0.0,3.0,0.0,2.0,0.0,3.0,0.0,2.0,0.0,2.625,0.125,1.0,0.0,2.0,0.0,2.0,0.0,3.0,0.0,3.0,0.0,4.0,1.0,3.0,0.0,0.0,4.0,1.0,4.0,1.0,3.0,0.0,2.0,0.0,2.0,0.0,3.0,0.0,2.0,0.0,3.0,0.0,2.0,0.0,2.875,1.0,0.0,1.0,0.0,0.0,0.0,0.0,0.0,0.0,0.25,1.0,0.0,0.0,0.0,0.0,0.0,0.0,0.0,0.0,0.125,,,0.0,1.0,0.0,4
2.0,1.0,4.0,3.0,30.0,15.0,6.0,2.0,0.0,1.0,0.0,1.0,1.0,1.0,0.0,0.0,1.0,1.0,3.0,1.6666666,5.0,5.0,3.0,4.3333335,29.0,4.0,4.0,5.0,4.3333335,5.0,4.0,5.0,0.0,1.0,1.0,1.0,2.0,0.0,0.0,1.0,1.0,0.0,0.0,,1,1.0,1.0,4.0,1.0,4.0,1.0,1.0,0.0,1.0,0.0,2.0,0.0,5.0,1.0,1.0,0.0,4.0,1.0,1.0,0.0,2.75,0.5,5.0,1.0,2.0,0.0,2.0,0.0,3.0,0.0,2.0,0.0,3.0,0.0,1.0,0.0,1.0,2.0,0.0,2.0,0.0,1.0,0.0,2.0,0.0,1.0,0.0,5.0,1.0,1.0,0.0,2.0,0.0,1.0,0.0,2.0,-2.0,-2.0,0.0,1.0,-1.0,0.0,0.0,-2.0,0.0,-0.75,-1.0,-1.0,0.0,0.0,0.0,0.0,0.0,-1.0,0.0,-0.375,,,0.0,1.0,0.0,4
3.0,2.0,4.0,1.0,75.0,12.0,5.0,2.0,1.0,1.0,1.0,0.0,2.0,1.0,0.0,0.0,1.0,2.0,1.0,1.3333334,2.0,1.0,1.0,1.3333334,2.0,1.0,2.0,2.0,1.6666666,4.0,3.0,5.0,0.0,1.0,0.0,0.0,0.0,1.0,0.0,1.0,1.0,0.0,0.0,,1,0.0,0.0,5.0,1.0,5.0,1.0,4.0,1.0,1.0,0.0,1.0,0.0,4.0,1.0,4.0,1.0,5.0,1.0,3.0,0.0,3.625,0.75,3.0,0.0,2.0,0.0,3.0,0.0,2.0,0.0,2.0,0.0,4.0,1.0,4.0,1.0,0.0,4.0,1.0,5.0,1.0,4.0,1.0,1.0,0.0,1.0,0.0,4.0,1.0,3.0,0.0,5.0,1.0,3.0,0.0,3.375,-1.0,0.0,0.0,0.0,0.0,0.0,-1.0,0.0,0.0,-0.25,0.0,0.0,0.0,0.0,0.0,0.0,-1.0,0.0,0.0,-0.125,5.0,1.0,0.0,1.0,0.0,3
3.0,2.0,4.0,1.0,46.0,17.0,7.0,3.0,0.0,1.0,1.0,0.0,3.0,0.0,0.0,1.0,3.0,2.0,1.0,2.0,2.0,3.0,2.0,2.3333333,10.0,2.0,3.0,2.0,2.3333333,4.0,4.0,3.0,0.0,1.0,1.0,1.0,2.0,1.0,0.0,0.0,0.0,1.0,,0.0,0,,1.0,4.0,1.0,5.0,1.0,4.0,1.0,2.0,0.0,1.0,0.0,4.0,1.0,2.0,0.0,4.0,1.0,3.0,0.0,3.25,0.625,2.0,0.0,3.0,0.0,4.0,1.0,2.0,0.0,3.0,0.0,4.0,1.0,3.0,0.0,0.0,5.0,1.0,5.0,1.0,4.0,1.0,1.0,0.0,1.0,0.0,5.0,1.0,4.0,1.0,5.0,1.0,3.0,0.0,3.75,1.0,0.0,0.0,-1.0,0.0,1.0,2.0,1.0,0.0,0.5,0.0,0.0,0.0,0.0,0.0,0.0,1.0,0.0,0.0,0.125,,,0.0,1.0,0.0,4
4.0,2.0,3.0,1.0,33.0,7.0,2.0,3.0,0.0,1.0,1.0,0.0,7.0,0.0,1.0,0.0,2.0,3.0,2.0,2.3333333,3.0,4.0,3.0,3.3333333,0.0,3.0,4.0,3.0,3.3333333,2.0,2.0,2.0,1.0,0.0,0.0,1.0,1.0,0.0,0.0,0.0,0.0,1.0,,0.0,0,,1.0,3.0,0.0,3.0,0.0,3.0,0.0,3.0,0.0,3.0,0.0,2.0,0.0,1.0,0.0,3.0,0.0,2.0,0.0,2.625,0.0,2.0,0.0,3.0,0.0,1.0,0.0,2.0,0.0,1.0,0.0,3.0,0.0,3.0,0.0,0.0,3.0,0.0,3.0,0.0,3.0,0.0,2.0,0.0,3.0,0.0,1.0,0.0,1.0,0.0,2.0,0.0,1.0,0.0,2.25,0.0,0.0,0.0,-1.0,0.0,-1.0,0.0,-1.0,-1.0,-0.375,0.0,0.0,0.0,0.0,0.0,0.0,0.0,0.0,0.0,0.0,,,0.0,0.0,0.0,2
4.0,1.0,3.0,2.0,68.0,1.0,4.0,3.0,1.0,0.0,1.0,0.0,8.0,0.0,1.0,0.0,3.0,4.0,1.0,2.6666667,3.0,3.0,2.0,2.6666667,80.0,2.0,3.0,3.0,2.6666667,3.0,4.0,3.0,1.0,0.0,0.0,0.0,0.0,1.0,0.0,0.0,0.0,1.0,,0.0,0,,1.0,3.0,0.0,3.0,0.0,4.0,1.0,3.0,0.0,3.0,0.0,4.0,1.0,3.0,0.0,1.0,0.0,3.0,0.0,3.0,0.25,3.0,0.0,4.0,1.0,3.0,0.0,3.0,0.0,3.0,0.0,3.0,0.0,4.0,1.0,0.0,3.0,0.0,3.0,0.0,3.0,0.0,3.0,0.0,3.0,0.0,3.0,0.0,3.0,0.0,3.0,0.0,3.0,0.0,3.0,0.0,0.0,-1.0,0.0,0.0,-1.0,0.0,2.0,0.0,0.0,0.0,0.0,-1.0,0.0,0.0,-1.0,0.0,0.0,0.0,-0.25,,,0.0,1.0,0.0,5
3.0,1.0,2.0,4.0,37.0,4.0,2.0,3.0,0.0,0.0,0.0,1.0,8.0,0.0,1.0,0.0,4.0,2.0,4.0,3.3333333,2.0,5.0,2.0,3.0,4.0,3.0,4.0,3.0,3.3333333,4.0,4.0,5.0,1.0,0.0,0.0,0.0,0.0,0.0,0.0,1.0,1.0,0.0,0.0,,1,1.0,1.0,3.0,0.0,3.0,0.0,3.0,0.0,3.0,0.0,3.0,0.0,3.0,0.0,2.0,0.0,3.0,0.0,3.0,0.0,2.875,0.0,4.0,1.0,3.0,0.0,5.0,1.0,4.0,1.0,4.0,1.0,5.0,1.0,5.0,1.0,1.0,4.0,1.0,4.0,1.0,5.0,1.0,4.0,1.0,5.0,1.0,5.0,1.0,4.0,1.0,5.0,1.0,5.0,1.0,4.5,1.0,1.0,2.0,1.0,2.0,2.0,2.0,2.0,2.0,1.625,1.0,1.0,1.0,1.0,1.0,1.0,1.0,1.0,1.0,1.0,,,0.0,1.0,0.0,3
4.0,2.0,3.0,1.0,72.0,6.0,4.0,3.0,1.0,0.0,1.0,0.0,8.0,0.0,1.0,0.0,3.0,3.0,2.0,2.6666667,3.0,5.0,4.0,4.0,99.0,5.0,5.0,5.0,5.0,1.0,2.0,5.0,1.0,0.0,1.0,1.0,2.0,0.0,0.0,0.0,0.0,1.0,,0.0,0,,1.0,5.0,1.0,5.0,1.0,5.0,1.0,5.0,1.0,2.0,0.0,5.0,1.0,2.0,0.0,5.0,1.0,5.0,1.0,4.25,0.75,1.0,0.0,4.0,1.0,4.0,1.0,2.0,0.0,3.0,0.0,5.0,1.0,5.0,1.0,0.0,4.0,1.0,5.0,1.0,5.0,1.0,5.0,1.0,2.0,0.0,4.0,1.0,3.0,0.0,5.0,1.0,4.0,1.0,4.125,-1.0,0.0,0.0,0.0,0.0,-1.0,1.0,0.0,-1.0,-0.125,0.0,0.0,0.0,0.0,0.0,0.0,0.0,0.0,0.0,0.0,,,0.0,1.0,0.0,5
4.0,1.0,3.0,2.0,36.0,13.0,6.0,4.0,0.0,1.0,0.0,0.0,2.0,1.0,0.0,0.0,4.0,2.0,3.0,3.0,4.0,4.0,4.0,4.0,-50.0,2.0,3.0,2.0,2.3333333,4.0,4.0,3.0,0.0,1.0,1.0,1.0,2.0,0.0,0.0,0.0,0.0,1.0,,0.0,0,,1.0,3.0,0.0,4.0,1.0,4.0,1.0,2.0,0.0,3.0,0.0,4.0,1.0,4.0,1.0,2.0,0.0,4.0,1.0,3.25,0.5,4.0,1.0,3.0,0.0,3.0,0.0,4.0,1.0,4.0,1.0,4.0,1.0,4.0,1.0,0.0,4.0,1.0,3.0,0.0,3.0,0.0,2.0,0.0,4.0,1.0,4.0,1.0,4.0,1.0,4.0,1.0,4.0,1.0,3.5,1.0,-1.0,-1.0,0.0,1.0,0.0,0.0,2.0,0.0,0.25,1.0,-1.0,-1.0,0.0,1.0,0.0,0.0,1.0,0.0,0.125,,,0.0,0.0,0.0,1
1.0,2.0,4.0,3.0,70.0,13.0,6.0,1.0,1.0,0.0,1.0,0.0,6.0,0.0,0.0,1.0,2.0,4.0,3.0,3.0,4.0,3.0,5.0,4.0,-29.0,5.0,5.0,2.0,4.0,3.0,4.0,5.0,1.0,0.0,1.0,1.0,2.0,0.0,0.0,1.0,1.0,0.0,0.0,,1,1.0,1.0,4.0,1.0,5.0,1.0,4.0,1.0,2.0,0.0,1.0,0.0,3.0,0.0,3.0,0.0,4.0,1.0,2.0,0.0,3.25,0.5,3.0,0.0,2.0,0.0,3.0,0.0,5.0,1.0,2.0,0.0,5.0,1.0,5.0,1.0,0.0,5.0,1.0,5.0,1.0,4.0,1.0,1.0,0.0,1.0,0.0,3.0,0.0,3.0,0.0,3.0,0.0,3.0,0.0,3.125,1.0,0.0,0.0,-1.0,0.0,0.0,0.0,-1.0,1.0,-0.125,0.0,0.0,0.0,0.0,0.0,0.0,0.0,-1.0,0.0,-0.125,,,1.0,0.0,1.0,1
4.0,3.0,2.0,1.0,35.0,6.0,2.0,3.0,0.0,1.0,1.0,0.0,2.0,1.0,0.0,0.0,3.0,3.0,3.0,3.0,4.0,5.0,3.0,4.0,-3.0,4.0,4.0,3.0,3.6666667,5.0,3.0,3.0,1.0,0.0,1.0,0.0,1.0,0.0,0.0,1.0,1.0,0.0,0.0,,1,1.0,1.0,3.0,0.0,3.0,0.0,2.0,0.0,3.0,0.0,4.0,1.0,3.0,0.0,4.0,1.0,4.0,1.0,4.0,1.0,3.25,0.375,4.0,1.0,4.0,1.0,3.0,0.0,4.0,1.0,3.0,0.0,5.0,1.0,3.0,0.0,1.0,3.0,0.0,3.0,0.0,3.0,0.0,3.0,0.0,3.0,0.0,3.0,0.0,3.0,0.0,3.0,0.0,3.0,0.0,3.0,0.0,0.0,1.0,0.0,-1.0,0.0,-1.0,-1.0,-1.0,-0.25,0.0,0.0,0.0,0.0,-1.0,0.0,-1.0,-1.0,-1.0,-0.375,,,0.0,0.0,0.0,2
4.0,2.0,3.0,1.0,50.0,2.0,4.0,1.0,0.0,0.0,1.0,0.0,4.0,0.0,0.0,1.0,4.0,4.0,4.0,4.0,1.0,3.0,1.0,1.6666666,65.0,3.0,1.0,4.0,2.6666667,1.0,4.0,5.0,0.0,0.0,1.0,1.0,2.0,1.0,0.0,1.0,1.0,0.0,0.0,,1,1.0,1.0,2.0,0.0,4.0,1.0,3.0,0.0,3.0,0.0,2.0,0.0,2.0,0.0,3.0,0.0,3.0,0.0,2.0,0.0,2.75,0.125,2.0,0.0,1.0,0.0,3.0,0.0,3.0,0.0,5.0,1.0,3.0,0.0,2.0,0.0,0.0,2.0,0.0,5.0,1.0,2.0,0.0,3.0,0.0,2.0,0.0,2.0,0.0,4.0,1.0,3.0,0.0,3.0,0.0,2.875,0.0,1.0,-1.0,0.0,0.0,0.0,1.0,0.0,1.0,0.125,0.0,0.0,0.0,0.0,0.0,0.0,1.0,0.0,0.0,0.125,,,0.0,1.0,0.0,5
3.0,1.0,4.0,2.0,50.0,8.0,4.0,3.0,0.0,1.0,1.0,0.0,6.0,0.0,0.0,1.0,1.0,1.0,1.0,1.0,3.0,5.0,4.0,4.0,0.0,4.0,4.0,4.0,4.0,5.0,5.0,5.0,1.0,0.0,1.0,0.0,1.0,0.0,0.0,1.0,1.0,0.0,0.0,,1,0.0,0.0,5.0,1.0,5.0,1.0,1.0,0.0,1.0,0.0,1.0,0.0,1.0,0.0,1.0,0.0,1.0,0.0,1.0,0.0,2.0,0.25,1.0,0.0,2.0,0.0,3.0,0.0,3.0,0.0,3.0,0.0,5.0,1.0,5.0,1.0,0.0,5.0,1.0,3.0,0.0,1.0,0.0,1.0,0.0,1.0,0.0,1.0,0.0,1.0,0.0,3.0,0.0,1.0,0.0,2.0,0.0,-2.0,0.0,0.0,0.0,0.0,0.0,2.0,0.0,0.0,0.0,-1.0,0.0,0.0,0.0,0.0,0.0,0.0,0.0,-0.125,4.0,1.0,0.0,0.0,0.0,2
1.0,3.0,4.0,2.0,47.0,21.0,6.0,2.0,0.0,1.0,1.0,0.0,8.0,0.0,1.0,0.0,1.0,1.0,1.0,1.0,3.0,3.0,1.0,2.3333333,25.0,5.0,2.0,4.0,3.6666667,2.0,4.0,4.0,1.0,0.0,1.0,1.0,2.0,0.0,0.0,0.0,0.0,1.0,,0.0,0,,1.0,4.0,1.0,5.0,1.0,4.0,1.0,1.0,0.0,1.0,0.0,1.0,0.0,2.0,0.0,4.0,1.0,2.0,0.0,2.75,0.5,3.0,0.0,2.0,0.0,3.0,0.0,4.0,1.0,2.0,0.0,5.0,1.0,2.0,0.0,0.0,5.0,1.0,5.0,1.0,5.0,1.0,1.0,0.0,1.0,0.0,2.0,0.0,1.0,0.0,5.0,1.0,1.0,0.0,3.125,1.0,0.0,1.0,0.0,0.0,1.0,-1.0,1.0,-1.0,0.375,0.0,0.0,0.0,0.0,0.0,0.0,0.0,0.0,0.0,0.0,,,1.0,1.0,1.0,4
4.0,1.0,2.0,3.0,58.0,2.0,5.0,3.0,0.0,1.0,1.0,0.0,8.0,0.0,1.0,0.0,3.0,3.0,3.0,3.0,3.0,5.0,3.0,3.6666667,0.0,3.0,3.0,3.0,3.0,3.0,3.0,4.0,1.0,0.0,1.0,1.0,2.0,0.0,0.0,0.0,0.0,1.0,,0.0,0,,1.0,3.0,0.0,3.0,0.0,3.0,0.0,3.0,0.0,3.0,0.0,3.0,0.0,3.0,0.0,3.0,0.0,3.0,0.0,3.0,0.0,4.0,1.0,3.0,0.0,3.0,0.0,3.0,0.0,3.0,0.0,3.0,0.0,3.0,0.0,0.0,3.0,0.0,3.0,0.0,3.0,0.0,3.0,0.0,3.0,0.0,3.0,0.0,3.0,0.0,3.0,0.0,3.0,0.0,3.0,0.0,0.0,0.0,0.0,0.0,0.0,0.0,0.0,0.0,0.0,0.0,0.0,0.0,0.0,0.0,0.0,0.0,0.0,0.0,0.0,,,0.0,0.0,0.0,2
1.0,4.0,3.0,2.0,23.0,19.0,6.0,3.0,0.0,1.0,1.0,0.0,7.0,0.0,1.0,0.0,5.0,4.0,4.0,4.3333335,2.0,5.0,2.0,3.0,98.0,4.0,5.0,4.0,4.3333335,5.0,5.0,4.0,1.0,0.0,0.0,0.0,0.0,1.0,0.0,0.0,0.0,1.0,,0.0,0,,1.0,5.0,1.0,5.0,1.0,1.0,0.0,5.0,1.0,2.0,0.0,1.0,0.0,1.0,0.0,5.0,1.0,1.0,0.0,3.125,0.5,4.0,1.0,5.0,1.0,4.0,1.0,5.0,1.0,2.0,0.0,5.0,1.0,5.0,1.0,0.0,5.0,1.0,5.0,1.0,5.0,1.0,5.0,1.0,1.0,0.0,1.0,0.0,1.0,0.0,5.0,1.0,1.0,0.0,3.5,0.0,0.0,4.0,0.0,-1.0,0.0,0.0,0.0,0.0,0.375,0.0,0.0,1.0,0.0,0.0,0.0,0.0,0.0,0.0,0.125,,,1.0,1.0,1.0,5
1.0,2.0,4.0,3.0,31.0,1.0,2.0,4.0,0.0,1.0,0.0,0.0,1.0,1.0,0.0,0.0,1.0,1.0,2.0,1.3333334,3.0,4.0,2.0,3.0,-100.0,2.0,1.0,2.0,1.6666666,5.0,5.0,5.0,0.0,1.0,1.0,1.0,2.0,1.0,0.0,0.0,0.0,1.0,,0.0,0,,1.0,4.0,1.0,4.0,1.0,2.0,0.0,1.0,0.0,1.0,0.0,3.0,0.0,5.0,1.0,5.0,1.0,3.0,0.0,3.125,0.5,1.0,0.0,3.0,0.0,4.0,1.0,2.0,0.0,3.0,0.0,5.0,1.0,4.0,1.0,1.0,5.0,1.0,5.0,1.0,2.0,0.0,1.0,0.0,1.0,0.0,4.0,1.0,5.0,1.0,5.0,1.0,4.0,1.0,3.5,1.0,1.0,0.0,0.0,0.0,1.0,0.0,0.0,1.0,0.375,0.0,0.0,0.0,0.0,0.0,1.0,0.0,0.0,1.0,0.125,,,1.0,0.0,1.0,1
3.0,2.0,4.0,1.0,87.0,8.0,6.0,2.0,1.0,0.0,1.0,0.0,3.0,0.0,0.0,1.0,3.0,2.0,2.0,2.3333333,4.0,4.0,3.0,3.6666667,0.0,3.0,4.0,2.0,3.0,4.0,3.0,3.0,0.0,1.0,0.0,1.0,1.0,0.0,0.0,0.0,0.0,1.0,,0.0,0,,1.0,5.0,1.0,5.0,1.0,5.0,1.0,4.0,1.0,4.0,1.0,5.0,1.0,4.0,1.0,4.0,1.0,5.0,1.0,4.5,1.0,3.0,0.0,2.0,0.0,4.0,1.0,5.0,1.0,3.0,0.0,5.0,1.0,5.0,1.0,1.0,5.0,1.0,5.0,1.0,5.0,1.0,4.0,1.0,5.0,1.0,5.0,1.0,5.0,1.0,5.0,1.0,5.0,1.0,4.875,0.0,0.0,0.0,0.0,1.0,0.0,1.0,1.0,0.0,0.375,0.0,0.0,0.0,0.0,0.0,0.0,0.0,0.0,0.0,0.0,,,0.0,0.0,0.0,2
1.0,3.0,4.0,2.0,34.0,11.0,8.0,3.0,0.0,1.0,1.0,0.0,1.0,1.0,0.0,0.0,2.0,2.0,2.0,2.0,2.0,2.0,2.0,2.0,0.0,3.0,3.0,3.0,3.0,3.0,3.0,3.0,0.0,0.0,1.0,1.0,2.0,0.0,0.0,1.0,1.0,0.0,0.0,,1,0.0,0.0,3.0,0.0,3.0,0.0,3.0,0.0,3.0,0.0,3.0,0.0,3.0,0.0,3.0,0.0,3.0,0.0,3.0,0.0,3.0,0.0,3.0,0.0,3.0,0.0,3.0,0.0,3.0,0.0,3.0,0.0,3.0,0.0,3.0,0.0,0.0,3.0,0.0,3.0,0.0,3.0,0.0,3.0,0.0,3.0,0.0,3.0,0.0,3.0,0.0,3.0,0.0,3.0,0.0,3.0,0.0,0.0,0.0,0.0,0.0,0.0,0.0,0.0,0.0,0.0,0.0,0.0,0.0,0.0,0.0,0.0,0.0,0.0,0.0,0.0,3.0,0.0,1.0,0.0,1.0,2
4.0,2.0,3.0,1.0,34.0,1.0,2.0,3.0,0.0,1.0,1.0,0.0,8.0,0.0,1.0,0.0,1.0,1.0,1.0,1.0,1.0,5.0,3.0,3.0,0.0,5.0,3.0,3.0,3.6666667,4.0,3.0,4.0,1.0,0.0,1.0,0.0,1.0,0.0,0.0,0.0,0.0,1.0,,0.0,0,,1.0,1.0,0.0,1.0,0.0,1.0,0.0,1.0,0.0,1.0,0.0,1.0,0.0,1.0,0.0,1.0,0.0,1.0,0.0,1.0,0.0,5.0,1.0,5.0,1.0,4.0,1.0,5.0,1.0,5.0,1.0,5.0,1.0,5.0,1.0,1.0,1.0,0.0,2.0,0.0,1.0,0.0,1.0,0.0,3.0,0.0,2.0,0.0,1.0,0.0,1.0,0.0,1.0,0.0,1.5,0.0,1.0,0.0,0.0,2.0,1.0,0.0,0.0,0.0,0.5,0.0,0.0,0.0,0.0,0.0,0.0,0.0,0.0,0.0,0.0,,,0.0,0.0,0.0,2
3.0,1.0,4.0,2.0,43.0,10.0,6.0,2.0,0.0,1.0,1.0,0.0,4.0,0.0,0.0,1.0,1.0,3.0,1.0,1.6666666,3.0,3.0,2.0,2.6666667,0.0,3.0,3.0,3.0,3.0,4.0,3.0,3.0,0.0,0.0,1.0,0.0,1.0,1.0,0.0,1.0,1.0,0.0,0.0,,1,0.0,0.0,3.0,0.0,3.0,0.0,2.0,0.0,2.0,0.0,4.0,1.0,3.0,0.0,3.0,0.0,3.0,0.0,3.0,0.0,2.875,0.125,3.0,0.0,3.0,0.0,4.0,1.0,3.0,0.0,3.0,0.0,3.0,0.0,4.0,1.0,0.0,4.0,1.0,3.0,0.0,2.0,0.0,2.0,0.0,3.0,0.0,3.0,0.0,4.0,1.0,3.0,0.0,3.0,0.0,3.0,1.0,0.0,0.0,0.0,-1.0,0.0,1.0,0.0,0.0,0.125,1.0,0.0,0.0,0.0,-1.0,0.0,1.0,0.0,0.0,0.125,3.0,0.0,0.0,0.0,0.0,2
2.0,3.0,4.0,1.0,47.0,21.0,6.0,1.0,0.0,0.0,0.0,0.0,5.0,0.0,0.0,1.0,4.0,4.0,2.0,3.3333333,3.0,2.0,2.0,2.3333333,-22.0,2.0,3.0,3.0,2.6666667,4.0,2.0,5.0,0.0,1.0,1.0,1.0,2.0,1.0,0.0,1.0,1.0,0.0,0.0,,1,1.0,1.0,3.0,0.0,4.0,1.0,4.0,1.0,2.0,0.0,2.0,0.0,4.0,1.0,3.0,0.0,4.0,1.0,2.0,0.0,3.25,0.5,2.0,0.0,3.0,0.0,2.0,0.0,3.0,0.0,2.0,0.0,4.0,1.0,4.0,1.0,0.0,3.0,0.0,2.0,0.0,3.0,0.0,2.0,0.0,2.0,0.0,4.0,1.0,2.0,0.0,3.0,0.0,3.0,0.0,2.625,0.0,-2.0,-1.0,0.0,0.0,0.0,-1.0,-1.0,1.0,-0.625,0.0,-1.0,-1.0,0.0,0.0,0.0,0.0,-1.0,0.0,-0.375,,,0.0,0.0,1.0,1
3.0,4.0,2.0,1.0,57.0,8.0,2.0,3.0,0.0,1.0,1.0,0.0,4.0,0.0,0.0,1.0,1.0,1.0,1.0,1.0,3.0,3.0,3.0,3.0,-4.0,3.0,3.0,3.0,3.0,4.0,4.0,1.0,0.0,0.0,1.0,1.0,2.0,0.0,0.0,1.0,1.0,0.0,0.0,,1,1.0,1.0,4.0,1.0,2.0,0.0,3.0,0.0,4.0,1.0,3.0,0.0,4.0,1.0,4.0,1.0,4.0,1.0,4.0,1.0,3.5,0.625,4.0,1.0,4.0,1.0,4.0,1.0,3.0,0.0,3.0,0.0,4.0,1.0,2.0,0.0,0.0,4.0,1.0,2.0,0.0,4.0,1.0,4.0,1.0,3.0,0.0,4.0,1.0,3.0,0.0,4.0,1.0,4.0,1.0,3.5,0.0,0.0,1.0,0.0,0.0,0.0,-1.0,0.0,0.0,0.0,0.0,0.0,1.0,0.0,0.0,0.0,-1.0,0.0,0.0,0.0,,,0.0,0.0,1.0,2
1.0,4.0,3.0,2.0,55.0,19.0,6.0,3.0,0.0,1.0,1.0,0.0,1.0,1.0,0.0,0.0,1.0,1.0,1.0,1.0,1.0,1.0,1.0,1.0,0.0,1.0,4.0,2.0,2.3333333,3.0,4.0,5.0,0.0,1.0,0.0,1.0,1.0,1.0,0.0,1.0,1.0,0.0,0.0,,1,1.0,1.0,5.0,1.0,5.0,1.0,3.0,0.0,3.0,0.0,2.0,0.0,4.0,1.0,4.0,1.0,3.0,0.0,2.0,0.0,3.625,0.5,4.0,1.0,3.0,0.0,4.0,1.0,3.0,0.0,3.0,0.0,4.0,1.0,3.0,0.0,0.0,5.0,1.0,5.0,1.0,3.0,0.0,2.0,0.0,2.0,0.0,5.0,1.0,4.0,1.0,4.0,1.0,4.0,1.0,3.75,0.0,0.0,0.0,-1.0,0.0,1.0,0.0,1.0,2.0,0.125,0.0,0.0,0.0,0.0,0.0,0.0,0.0,1.0,1.0,0.125,,,1.0,0.0,1.0,2
3.0,1.0,4.0,2.0,63.0,8.0,6.0,1.0,0.0,1.0,1.0,0.0,6.0,0.0,0.0,1.0,3.0,1.0,1.0,1.6666666,3.0,3.0,3.0,3.0,5.0,4.0,3.0,3.0,3.3333333,3.0,4.0,4.0,0.0,1.0,0.0,1.0,1.0,0.0,0.0,1.0,1.0,0.0,0.0,,1,0.0,0.0,4.0,1.0,4.0,1.0,3.0,0.0,1.0,0.0,4.0,1.0,4.0,1.0,4.0,1.0,3.0,0.0,4.0,1.0,3.375,0.625,3.0,0.0,4.0,1.0,4.0,1.0,3.0,0.0,3.0,0.0,4.0,1.0,4.0,1.0,0.0,4.0,1.0,4.0,1.0,3.0,0.0,3.0,0.0,3.0,0.0,4.0,1.0,4.0,1.0,3.0,0.0,3.0,0.0,3.5,0.0,0.0,0.0,2.0,-1.0,0.0,0.0,0.0,-1.0,0.125,0.0,0.0,0.0,0.0,-1.0,0.0,0.0,0.0,-1.0,-0.125,3.0,0.0,0.0,1.0,0.0,3
4.0,1.0,3.0,2.0,73.0,5.0,7.0,2.0,1.0,1.0,1.0,0.0,1.0,1.0,0.0,0.0,1.0,3.0,1.0,1.6666666,3.0,1.0,3.0,2.3333333,0.0,2.0,3.0,3.0,2.6666667,3.0,3.0,4.0,0.0,1.0,0.0,1.0,1.0,0.0,0.0,1.0,1.0,0.0,0.0,,1,1.0,1.0,3.0,0.0,2.0,0.0,4.0,1.0,2.0,0.0,4.0,1.0,4.0,1.0,3.0,0.0,3.0,0.0,2.0,0.0,3.125,0.375,3.0,0.0,3.0,0.0,3.0,0.0,2.0,0.0,2.0,0.0,4.0,1.0,4.0,1.0,0.0,3.0,0.0,5.0,1.0,4.0,1.0,2.0,0.0,3.0,0.0,5.0,1.0,3.0,0.0,4.0,1.0,5.0,1.0,3.625,0.0,3.0,0.0,0.0,-1.0,1.0,0.0,1.0,3.0,0.5,0.0,1.0,0.0,0.0,-1.0,0.0,0.0,1.0,1.0,0.125,,,0.0,0.0,0.0,2
4.0,2.0,3.0,1.0,57.0,8.0,6.0,1.0,0.0,1.0,1.0,0.0,1.0,1.0,0.0,0.0,1.0,1.0,1.0,1.0,2.0,4.0,2.0,2.6666667,-7.0,4.0,4.0,3.0,3.6666667,3.0,4.0,4.0,0.0,1.0,1.0,1.0,2.0,0.0,0.0,1.0,1.0,0.0,0.0,,1,0.0,0.0,3.0,0.0,3.0,0.0,2.0,0.0,1.0,0.0,1.0,0.0,4.0,1.0,2.0,0.0,3.0,0.0,2.0,0.0,2.375,0.125,4.0,1.0,2.0,0.0,3.0,0.0,4.0,1.0,3.0,0.0,5.0,1.0,2.0,0.0,0.0,2.0,0.0,1.0,0.0,1.0,0.0,1.0,0.0,1.0,0.0,3.0,0.0,1.0,0.0,2.0,0.0,1.0,0.0,1.5,-1.0,-2.0,-1.0,0.0,0.0,-1.0,-1.0,-1.0,-1.0,-0.875,0.0,0.0,0.0,0.0,0.0,-1.0,0.0,0.0,0.0,-0.125,4.0,1.0,0.0,0.0,0.0,1
4.0,1.0,3.0,2.0,82.0,20.0,6.0,1.0,1.0,1.0,1.0,0.0,8.0,0.0,1.0,0.0,2.0,3.0,2.0,2.3333333,2.0,4.0,3.0,3.0,100.0,4.0,3.0,2.0,3.0,5.0,3.0,5.0,1.0,0.0,1.0,0.0,1.0,1.0,0.0,0.0,0.0,1.0,,0.0,0,,1.0,5.0,1.0,5.0,1.0,3.0,0.0,1.0,0.0,1.0,0.0,3.0,0.0,2.0,0.0,5.0,1.0,4.0,1.0,3.125,0.375,3.0,0.0,2.0,0.0,4.0,1.0,4.0,1.0,2.0,0.0,3.0,0.0,4.0,1.0,0.0,5.0,1.0,5.0,1.0,5.0,1.0,1.0,0.0,1.0,0.0,3.0,0.0,2.0,0.0,5.0,1.0,3.0,0.0,3.375,0.0,0.0,2.0,0.0,0.0,0.0,0.0,0.0,-1.0,0.25,0.0,0.0,1.0,0.0,0.0,0.0,0.0,0.0,-1.0,0.125,,,0.0,1.0,0.0,5
3.0,1.0,4.0,2.0,72.0,16.0,6.0,3.0,1.0,1.0,1.0,0.0,7.0,0.0,1.0,0.0,1.0,4.0,1.0,2.0,3.0,2.0,3.0,2.6666667,0.0,4.0,3.0,2.0,3.0,2.0,4.0,3.0,1.0,0.0,0.0,0.0,0.0,0.0,0.0,1.0,1.0,0.0,0.0,,1,0.0,0.0,4.0,1.0,5.0,1.0,4.0,1.0,2.0,0.0,2.0,0.0,3.0,0.0,2.0,0.0,5.0,1.0,2.0,0.0,3.375,0.5,2.0,0.0,3.0,0.0,3.0,0.0,4.0,1.0,3.0,0.0,3.0,0.0,4.0,1.0,1.0,3.0,0.0,5.0,1.0,5.0,1.0,2.0,0.0,2.0,0.0,3.0,0.0,2.0,0.0,5.0,1.0,3.0,0.0,3.375,-1.0,0.0,1.0,0.0,0.0,0.0,0.0,0.0,1.0,0.0,-1.0,0.0,0.0,0.0,0.0,0.0,0.0,0.0,0.0,-0.125,5.0,1.0,0.0,0.0,0.0,2
3.0,2.0,4.0,1.0,63.0,14.0,7.0,3.0,0.0,1.0,1.0,0.0,3.0,0.0,0.0,1.0,2.0,2.0,1.0,1.6666666,4.0,4.0,2.0,3.3333333,100.0,2.0,2.0,2.0,2.0,3.0,4.0,5.0,0.0,1.0,1.0,0.0,1.0,1.0,0.0,0.0,0.0,1.0,,0.0,0,,1.0,5.0,1.0,5.0,1.0,4.0,1.0,2.0,0.0,2.0,0.0,4.0,1.0,4.0,1.0,4.0,1.0,3.0,0.0,3.75,0.75,2.0,0.0,3.0,0.0,4.0,1.0,3.0,0.0,4.0,1.0,5.0,1.0,5.0,1.0,0.0,5.0,1.0,5.0,1.0,4.0,1.0,2.0,0.0,2.0,0.0,4.0,1.0,4.0,1.0,5.0,1.0,5.0,1.0,3.875,0.0,0.0,0.0,0.0,0.0,0.0,0.0,1.0,2.0,0.125,0.0,0.0,0.0,0.0,0.0,0.0,0.0,0.0,1.0,0.0,,,0.0,1.0,0.0,5
3.0,2.0,4.0,1.0,59.0,24.0,7.0,3.0,0.0,1.0,1.0,0.0,3.0,0.0,0.0,1.0,1.0,1.0,1.0,1.0,1.0,2.0,1.0,1.3333334,85.0,1.0,4.0,3.0,2.6666667,2.0,4.0,5.0,0.0,1.0,1.0,1.0,2.0,1.0,0.0,1.0,1.0,0.0,0.0,,1,0.0,0.0,3.0,0.0,5.0,1.0,3.0,0.0,1.0,0.0,1.0,0.0,4.0,1.0,3.0,0.0,4.0,1.0,2.0,0.0,3.0,0.375,1.0,0.0,2.0,0.0,4.0,1.0,2.0,0.0,2.0,0.0,5.0,1.0,5.0,1.0,0.0,4.0,1.0,5.0,1.0,3.0,0.0,1.0,0.0,1.0,0.0,4.0,1.0,3.0,0.0,4.0,1.0,2.0,0.0,3.125,1.0,0.0,0.0,0.0,0.0,0.0,0.0,0.0,0.0,0.125,1.0,0.0,0.0,0.0,0.0,0.0,0.0,0.0,0.0,0.125,5.0,1.0,0.0,1.0,0.0,5
4.0,2.0,3.0,1.0,63.0,1.0,2.0,3.0,0.0,1.0,1.0,0.0,3.0,0.0,0.0,1.0,1.0,1.0,1.0,1.0,3.0,5.0,3.0,3.6666667,0.0,4.0,4.0,4.0,4.0,5.0,5.0,1.0,0.0,0.0,0.0,1.0,1.0,0.0,0.0,1.0,1.0,0.0,0.0,,1,0.0,0.0,5.0,1.0,5.0,1.0,3.0,0.0,5.0,1.0,5.0,1.0,5.0,1.0,5.0,1.0,5.0,1.0,5.0,1.0,4.75,0.875,4.0,1.0,4.0,1.0,5.0,1.0,4.0,1.0,5.0,1.0,5.0,1.0,5.0,1.0,0.0,5.0,1.0,5.0,1.0,5.0,1.0,5.0,1.0,5.0,1.0,5.0,1.0,5.0,1.0,5.0,1.0,5.0,1.0,5.0,0.0,0.0,2.0,0.0,0.0,0.0,0.0,0.0,0.0,0.25,0.0,0.0,1.0,0.0,0.0,0.0,0.0,0.0,0.0,0.125,5.0,1.0,0.0,0.0,0.0,2
1.0,3.0,2.0,4.0,68.0,2.0,6.0,1.0,1.0,1.0,1.0,0.0,8.0,0.0,1.0,0.0,1.0,1.0,1.0,1.0,3.0,4.0,2.0,3.0,90.0,5.0,5.0,3.0,4.3333335,1.0,2.0,5.0,1.0,0.0,1.0,0.0,1.0,1.0,0.0,1.0,1.0,0.0,0.0,,1,0.0,0.0,4.0,1.0,5.0,1.0,5.0,1.0,1.0,0.0,1.0,0.0,1.0,0.0,3.0,0.0,5.0,1.0,2.0,0.0,3.125,0.5,1.0,0.0,2.0,0.0,3.0,0.0,3.0,0.0,1.0,0.0,3.0,0.0,5.0,1.0,0.0,4.0,1.0,4.0,1.0,4.0,1.0,2.0,0.0,1.0,0.0,2.0,0.0,2.0,0.0,5.0,1.0,3.0,0.0,3.0,0.0,-1.0,-1.0,1.0,0.0,1.0,-1.0,0.0,1.0,-0.125,0.0,0.0,0.0,0.0,0.0,0.0,0.0,0.0,0.0,0.0,5.0,1.0,1.0,1.0,1.0,5
2.0,3.0,4.0,1.0,68.0,6.0,2.0,3.0,1.0,1.0,1.0,0.0,8.0,0.0,1.0,0.0,4.0,1.0,1.0,2.0,4.0,5.0,3.0,4.0,100.0,3.0,5.0,4.0,4.0,2.0,3.0,3.0,1.0,0.0,1.0,1.0,2.0,1.0,0.0,1.0,1.0,0.0,0.0,,1,0.0,0.0,4.0,1.0,3.0,0.0,3.0,0.0,5.0,1.0,3.0,0.0,2.0,0.0,4.0,1.0,4.0,1.0,4.0,1.0,3.5,0.5,4.0,1.0,4.0,1.0,4.0,1.0,2.0,0.0,3.0,0.0,5.0,1.0,5.0,1.0,0.0,5.0,1.0,4.0,1.0,4.0,1.0,5.0,1.0,3.0,0.0,3.0,0.0,4.0,1.0,3.0,0.0,5.0,1.0,3.875,1.0,1.0,1.0,0.0,0.0,1.0,0.0,-1.0,1.0,0.375,0.0,1.0,1.0,0.0,0.0,0.0,0.0,-1.0,0.0,0.125,1.0,0.0,0.0,1.0,1.0,5
1.0,3.0,4.0,2.0,66.0,1.0,2.0,3.0,1.0,0.0,1.0,0.0,8.0,0.0,1.0,0.0,2.0,3.0,4.0,3.0,3.0,5.0,1.0,3.0,98.0,5.0,4.0,5.0,4.6666665,1.0,1.0,5.0,1.0,0.0,1.0,0.0,1.0,1.0,0.0,1.0,1.0,0.0,0.0,,1,1.0,1.0,5.0,1.0,5.0,1.0,5.0,1.0,1.0,0.0,1.0,0.0,1.0,0.0,1.0,0.0,5.0,1.0,1.0,0.0,3.0,0.5,1.0,0.0,1.0,0.0,1.0,0.0,2.0,0.0,4.0,1.0,4.0,1.0,5.0,1.0,0.0,5.0,1.0,5.0,1.0,5.0,1.0,1.0,0.0,1.0,0.0,1.0,0.0,1.0,0.0,5.0,1.0,1.0,0.0,3.0,0.0,0.0,0.0,0.0,0.0,0.0,0.0,0.0,0.0,0.0,0.0,0.0,0.0,0.0,0.0,0.0,0.0,0.0,0.0,0.0,,,1.0,1.0,1.0,5
3.0,1.0,4.0,2.0,59.0,14.0,5.0,1.0,0.0,0.0,1.0,0.0,7.0,0.0,1.0,0.0,3.0,4.0,2.0,3.0,2.0,3.0,2.0,2.3333333,90.0,4.0,5.0,4.0,4.3333335,5.0,4.0,5.0,1.0,0.0,1.0,1.0,2.0,0.0,0.0,0.0,0.0,1.0,,0.0,0,,1.0,4.0,1.0,5.0,1.0,5.0,1.0,2.0,0.0,3.0,0.0,4.0,1.0,2.0,0.0,4.0,1.0,4.0,1.0,3.625,0.625,2.0,0.0,2.0,0.0,4.0,1.0,5.0,1.0,4.0,1.0,5.0,1.0,5.0,1.0,1.0,4.0,1.0,5.0,1.0,5.0,1.0,2.0,0.0,3.0,0.0,4.0,1.0,2.0,0.0,5.0,1.0,4.0,1.0,3.75,0.0,0.0,0.0,0.0,0.0,0.0,0.0,1.0,0.0,0.125,0.0,0.0,0.0,0.0,0.0,0.0,0.0,0.0,0.0,0.0,,,0.0,1.0,0.0,5
4.0,2.0,3.0,1.0,73.0,19.0,7.0,4.0,1.0,1.0,1.0,0.0,7.0,0.0,1.0,0.0,4.0,3.0,3.0,3.3333333,3.0,4.0,2.0,3.0,0.0,5.0,5.0,3.0,4.3333335,5.0,5.0,5.0,1.0,0.0,1.0,1.0,2.0,1.0,0.0,0.0,0.0,1.0,,0.0,0,,1.0,3.0,0.0,5.0,1.0,5.0,1.0,1.0,0.0,1.0,0.0,5.0,1.0,3.0,0.0,5.0,1.0,5.0,1.0,3.5,0.5,1.0,0.0,4.0,1.0,4.0,1.0,3.0,0.0,4.0,1.0,4.0,1.0,3.0,0.0,1.0,5.0,1.0,5.0,1.0,5.0,1.0,1.0,0.0,1.0,0.0,5.0,1.0,1.0,0.0,5.0,1.0,5.0,1.0,3.5,2.0,0.0,0.0,0.0,0.0,0.0,-2.0,0.0,0.0,0.0,1.0,0.0,0.0,0.0,0.0,0.0,0.0,0.0,0.0,0.125,,,0.0,0.0,0.0,2
3.0,2.0,4.0,1.0,51.0,20.0,7.0,4.0,0.0,1.0,1.0,0.0,8.0,0.0,1.0,0.0,2.0,2.0,1.0,1.6666666,1.0,5.0,1.0,2.3333333,43.0,2.0,3.0,1.0,2.0,3.0,3.0,5.0,1.0,0.0,0.0,1.0,1.0,0.0,0.0,0.0,0.0,1.0,,0.0,0,,1.0,5.0,1.0,5.0,1.0,5.0,1.0,1.0,0.0,1.0,0.0,1.0,0.0,3.0,0.0,3.0,0.0,1.0,0.0,3.0,0.375,2.0,0.0,2.0,0.0,3.0,0.0,5.0,1.0,2.0,0.0,5.0,1.0,4.0,1.0,0.0,5.0,1.0,5.0,1.0,5.0,1.0,1.0,0.0,1.0,0.0,1.0,0.0,1.0,0.0,3.0,0.0,1.0,0.0,2.75,0.0,0.0,0.0,0.0,0.0,0.0,-2.0,0.0,0.0,-0.25,0.0,0.0,0.0,0.0,0.0,0.0,0.0,0.0,0.0,0.0,,,0.0,1.0,0.0,4
1.0,3.0,4.0,2.0,67.0,10.0,6.0,4.0,1.0,0.0,1.0,0.0,8.0,0.0,1.0,0.0,4.0,4.0,3.0,3.6666667,4.0,3.0,2.0,3.0,73.0,5.0,5.0,4.0,4.6666665,3.0,3.0,5.0,1.0,0.0,1.0,1.0,2.0,1.0,0.0,1.0,1.0,0.0,0.0,,1,1.0,1.0,4.0,1.0,5.0,1.0,5.0,1.0,4.0,1.0,1.0,0.0,3.0,0.0,2.0,0.0,5.0,1.0,1.0,0.0,3.625,0.625,2.0,0.0,2.0,0.0,2.0,0.0,3.0,0.0,3.0,0.0,5.0,1.0,5.0,1.0,0.0,5.0,1.0,5.0,1.0,5.0,1.0,4.0,1.0,1.0,0.0,2.0,0.0,2.0,0.0,3.0,0.0,2.0,0.0,3.375,1.0,0.0,0.0,0.0,0.0,-1.0,0.0,-2.0,1.0,-0.25,0.0,0.0,0.0,0.0,0.0,0.0,0.0,-1.0,0.0,-0.125,,,1.0,1.0,1.0,5
2.0,3.0,1.0,4.0,74.0,6.0,5.0,3.0,1.0,1.0,0.0,1.0,1.0,1.0,0.0,0.0,3.0,3.0,3.0,3.0,3.0,3.0,3.0,3.0,0.0,5.0,5.0,3.0,4.3333335,5.0,5.0,4.0,0.0,1.0,1.0,0.0,1.0,0.0,0.0,1.0,1.0,0.0,0.0,,1,0.0,0.0,3.0,0.0,3.0,0.0,3.0,0.0,3.0,0.0,3.0,0.0,3.0,0.0,3.0,0.0,3.0,0.0,3.0,0.0,3.0,0.0,3.0,0.0,4.0,1.0,3.0,0.0,3.0,0.0,3.0,0.0,3.0,0.0,3.0,0.0,0.0,3.0,0.0,3.0,0.0,3.0,0.0,3.0,0.0,3.0,0.0,3.0,0.0,3.0,0.0,3.0,0.0,3.0,0.0,3.0,0.0,0.0,0.0,0.0,0.0,0.0,0.0,0.0,0.0,0.0,0.0,0.0,0.0,0.0,0.0,0.0,0.0,0.0,0.0,0.0,3.0,0.0,0.0,0.0,1.0,2
3.0,2.0,4.0,1.0,48.0,17.0,1.0,2.0,0.0,1.0,1.0,0.0,5.0,0.0,0.0,1.0,3.0,3.0,3.0,3.0,2.0,3.0,3.0,2.6666667,2.0,4.0,3.0,3.0,3.3333333,2.0,2.0,4.0,1.0,0.0,0.0,0.0,0.0,1.0,0.0,1.0,1.0,0.0,0.0,,1,0.0,0.0,4.0,1.0,4.0,1.0,4.0,1.0,3.0,0.0,3.0,0.0,1.0,0.0,1.0,0.0,3.0,0.0,1.0,0.0,2.875,0.375,1.0,0.0,2.0,0.0,3.0,0.0,2.0,0.0,2.0,0.0,3.0,0.0,3.0,0.0,0.0,5.0,1.0,5.0,1.0,3.0,0.0,4.0,1.0,5.0,1.0,1.0,0.0,1.0,0.0,5.0,1.0,2.0,0.0,3.625,1.0,1.0,-1.0,1.0,2.0,0.0,0.0,2.0,1.0,0.75,0.0,0.0,-1.0,1.0,1.0,0.0,0.0,1.0,0.0,0.25,5.0,1.0,0.0,1.0,0.0,3
4.0,2.0,3.0,1.0,74.0,21.0,7.0,2.0,1.0,1.0,1.0,0.0,8.0,0.0,1.0,0.0,2.0,2.0,1.0,1.6666666,1.0,1.0,1.0,1.0,3.0,4.0,4.0,4.0,4.0,2.0,2.0,2.0,1.0,0.0,0.0,0.0,0.0,0.0,0.0,0.0,0.0,1.0,,0.0,0,,1.0,4.0,1.0,4.0,1.0,4.0,1.0,2.0,0.0,2.0,0.0,3.0,0.0,3.0,0.0,4.0,1.0,2.0,0.0,3.25,0.5,3.0,0.0,2.0,0.0,2.0,0.0,4.0,1.0,2.0,0.0,4.0,1.0,4.0,1.0,0.0,5.0,1.0,5.0,1.0,4.0,1.0,2.0,0.0,2.0,0.0,3.0,0.0,2.0,0.0,5.0,1.0,2.0,0.0,3.5,1.0,1.0,0.0,0.0,0.0,0.0,-1.0,1.0,0.0,0.25,0.0,0.0,0.0,0.0,0.0,0.0,0.0,0.0,0.0,0.0,,,0.0,1.0,0.0,3
3.0,2.0,4.0,1.0,62.0,24.0,7.0,2.0,0.0,0.0,1.0,0.0,7.0,0.0,1.0,0.0,2.0,2.0,2.0,2.0,3.0,3.0,2.0,2.6666667,40.0,3.0,4.0,3.0,3.3333333,4.0,4.0,5.0,0.0,1.0,0.0,1.0,1.0,0.0,0.0,0.0,0.0,1.0,,0.0,0,,1.0,5.0,1.0,5.0,1.0,5.0,1.0,2.0,0.0,2.0,0.0,5.0,1.0,2.0,0.0,5.0,1.0,3.0,0.0,3.875,0.625,2.0,0.0,2.0,0.0,4.0,1.0,4.0,1.0,4.0,1.0,4.0,1.0,5.0,1.0,0.0,5.0,1.0,5.0,1.0,4.0,1.0,2.0,0.0,2.0,0.0,5.0,1.0,2.0,0.0,5.0,1.0,3.0,0.0,3.75,0.0,0.0,-1.0,0.0,0.0,0.0,0.0,0.0,0.0,-0.125,0.0,0.0,0.0,0.0,0.0,0.0,0.0,0.0,0.0,0.0,,,0.0,1.0,0.0,4
3.0,2.0,1.0,4.0,62.0,6.0,5.0,1.0,0.0,1.0,1.0,0.0,8.0,0.0,1.0,0.0,1.0,1.0,1.0,1.0,5.0,5.0,1.0,3.6666667,1.0,5.0,4.0,5.0,4.6666665,5.0,3.0,5.0,1.0,0.0,0.0,1.0,1.0,1.0,0.0,1.0,1.0,0.0,0.0,,1,1.0,1.0,4.0,1.0,4.0,1.0,3.0,0.0,5.0,1.0,5.0,1.0,3.0,0.0,1.0,0.0,5.0,1.0,3.0,0.0,3.75,0.625,2.0,0.0,3.0,0.0,3.0,0.0,4.0,1.0,3.0,0.0,5.0,1.0,5.0,1.0,1.0,4.0,1.0,3.0,0.0,3.0,0.0,4.0,1.0,4.0,1.0,3.0,0.0,1.0,0.0,4.0,1.0,3.0,0.0,3.25,0.0,-1.0,0.0,-1.0,-1.0,0.0,0.0,-1.0,0.0,-0.5,0.0,-1.0,0.0,0.0,0.0,0.0,0.0,0.0,0.0,-0.125,,,0.0,0.0,0.0,3
1.0,3.0,4.0,2.0,65.0,22.0,5.0,3.0,0.0,1.0,1.0,0.0,8.0,0.0,1.0,0.0,1.0,1.0,1.0,1.0,2.0,4.0,4.0,3.3333333,61.0,5.0,1.0,5.0,3.6666667,1.0,1.0,3.0,1.0,0.0,1.0,1.0,2.0,0.0,0.0,1.0,1.0,0.0,0.0,,1,1.0,1.0,5.0,1.0,5.0,1.0,2.0,0.0,1.0,0.0,1.0,0.0,2.0,0.0,1.0,0.0,4.0,1.0,1.0,0.0,2.625,0.375,2.0,0.0,2.0,0.0,1.0,0.0,5.0,1.0,1.0,0.0,5.0,1.0,5.0,1.0,0.0,5.0,1.0,5.0,1.0,1.0,0.0,2.0,0.0,1.0,0.0,2.0,0.0,1.0,0.0,4.0,1.0,2.0,0.0,2.625,0.0,0.0,-1.0,1.0,0.0,0.0,0.0,0.0,1.0,0.0,0.0,0.0,0.0,0.0,0.0,0.0,0.0,0.0,0.0,0.0,,,1.0,1.0,1.0,5
1.0,3.0,4.0,2.0,71.0,10.0,5.0,3.0,1.0,1.0,1.0,0.0,3.0,0.0,0.0,1.0,1.0,1.0,1.0,1.0,4.0,3.0,1.0,2.6666667,0.0,1.0,3.0,2.0,2.0,3.0,4.0,5.0,0.0,0.0,1.0,0.0,1.0,0.0,0.0,0.0,0.0,1.0,,0.0,0,,1.0,5.0,1.0,5.0,1.0,5.0,1.0,2.0,0.0,4.0,1.0,4.0,1.0,3.0,0.0,5.0,1.0,3.0,0.0,4.125,0.75,2.0,0.0,1.0,0.0,4.0,1.0,5.0,1.0,2.0,0.0,5.0,1.0,4.0,1.0,0.0,5.0,1.0,5.0,1.0,5.0,1.0,2.0,0.0,2.0,0.0,4.0,1.0,3.0,0.0,5.0,1.0,3.0,0.0,3.875,0.0,0.0,0.0,0.0,-2.0,0.0,0.0,0.0,0.0,-0.25,0.0,0.0,0.0,0.0,-1.0,0.0,0.0,0.0,0.0,-0.125,,,1.0,0.0,1.0,2
4.0,3.0,2.0,1.0,54.0,18.0,7.0,1.0,0.0,1.0,1.0,0.0,4.0,0.0,0.0,1.0,3.0,3.0,3.0,3.0,3.0,3.0,3.0,3.0,0.0,3.0,3.0,3.0,3.0,3.0,3.0,1.0,0.0,0.0,1.0,0.0,1.0,1.0,0.0,1.0,1.0,0.0,0.0,,1,0.0,0.0,3.0,0.0,3.0,0.0,3.0,0.0,3.0,0.0,3.0,0.0,1.0,0.0,1.0,0.0,2.0,0.0,1.0,0.0,2.375,0.0,2.0,0.0,3.0,0.0,3.0,0.0,3.0,0.0,3.0,0.0,5.0,1.0,5.0,1.0,0.0,2.0,0.0,2.0,0.0,3.0,0.0,2.0,0.0,2.0,0.0,1.0,0.0,2.0,0.0,2.0,0.0,2.0,0.0,2.0,-1.0,-1.0,0.0,-1.0,-1.0,0.0,1.0,0.0,1.0,-0.375,0.0,0.0,0.0,0.0,0.0,0.0,0.0,0.0,0.0,0.0,3.0,0.0,0.0,0.0,0.0,2
3.0,2.0,4.0,1.0,47.0,24.0,7.0,2.0,0.0,1.0,1.0,0.0,2.0,1.0,0.0,0.0,1.0,1.0,1.0,1.0,1.0,2.0,1.0,1.3333334,0.0,2.0,2.0,2.0,2.0,4.0,4.0,5.0,0.0,1.0,1.0,1.0,2.0,0.0,0.0,0.0,0.0,1.0,,0.0,0,,1.0,4.0,1.0,4.0,1.0,3.0,0.0,1.0,0.0,1.0,0.0,5.0,1.0,4.0,1.0,3.0,0.0,2.0,0.0,3.125,0.5,1.0,0.0,3.0,0.0,3.0,0.0,3.0,0.0,2.0,0.0,5.0,1.0,4.0,1.0,0.0,4.0,1.0,4.0,1.0,3.0,0.0,1.0,0.0,1.0,0.0,5.0,1.0,4.0,1.0,3.0,0.0,2.0,0.0,3.125,0.0,0.0,0.0,0.0,0.0,0.0,0.0,0.0,0.0,0.0,0.0,0.0,0.0,0.0,0.0,0.0,0.0,0.0,0.0,0.0,,,0.0,0.0,0.0,2
2.0,1.0,4.0,3.0,40.0,20.0,6.0,3.0,0.0,1.0,1.0,0.0,1.0,1.0,0.0,0.0,2.0,1.0,2.0,1.6666666,5.0,5.0,5.0,5.0,100.0,3.0,5.0,4.0,4.0,4.0,5.0,5.0,0.0,1.0,1.0,1.0,2.0,0.0,0.0,1.0,1.0,0.0,0.0,,1,1.0,1.0,5.0,1.0,5.0,1.0,5.0,1.0,1.0,0.0,1.0,0.0,5.0,1.0,3.0,0.0,5.0,1.0,2.0,0.0,3.75,0.625,1.0,0.0,3.0,0.0,3.0,0.0,3.0,0.0,3.0,0.0,5.0,1.0,5.0,1.0,0.0,5.0,1.0,5.0,1.0,5.0,1.0,1.0,0.0,1.0,0.0,5.0,1.0,3.0,0.0,5.0,1.0,1.0,0.0,3.75,0.0,0.0,0.0,0.0,0.0,0.0,0.0,0.0,-1.0,0.0,0.0,0.0,0.0,0.0,0.0,0.0,0.0,0.0,0.0,0.0,,,0.0,1.0,0.0,5
4.0,3.0,2.0,1.0,75.0,20.0,7.0,1.0,1.0,1.0,1.0,0.0,8.0,0.0,1.0,0.0,3.0,3.0,3.0,3.0,3.0,3.0,3.0,3.0,38.0,3.0,4.0,3.0,3.3333333,3.0,2.0,5.0,0.0,0.0,1.0,1.0,2.0,1.0,0.0,1.0,1.0,0.0,0.0,,1,0.0,0.0,3.0,0.0,4.0,1.0,3.0,0.0,2.0,0.0,2.0,0.0,3.0,0.0,2.0,0.0,4.0,1.0,2.0,0.0,2.875,0.25,2.0,0.0,2.0,0.0,2.0,0.0,3.0,0.0,2.0,0.0,4.0,1.0,3.0,0.0,0.0,3.0,0.0,3.0,0.0,2.0,0.0,2.0,0.0,2.0,0.0,4.0,1.0,2.0,0.0,3.0,0.0,2.0,0.0,2.625,0.0,-1.0,-1.0,0.0,0.0,1.0,0.0,-1.0,0.0,-0.25,0.0,-1.0,0.0,0.0,0.0,1.0,0.0,-1.0,0.0,-0.125,4.0,1.0,0.0,1.0,0.0,4
4.0,1.0,2.0,3.0,86.0,21.0,7.0,4.0,1.0,1.0,1.0,0.0,1.0,1.0,0.0,0.0,1.0,1.0,2.0,1.3333334,2.0,3.0,2.0,2.3333333,-1.0,4.0,3.0,2.0,3.0,3.0,4.0,5.0,0.0,1.0,1.0,1.0,2.0,1.0,0.0,0.0,0.0,1.0,,0.0,0,,1.0,4.0,1.0,4.0,1.0,3.0,0.0,2.0,0.0,3.0,0.0,5.0,1.0,4.0,1.0,4.0,1.0,4.0,1.0,3.625,0.625,2.0,0.0,3.0,0.0,4.0,1.0,3.0,0.0,4.0,1.0,4.0,1.0,4.0,1.0,1.0,4.0,1.0,4.0,1.0,4.0,1.0,3.0,0.0,3.0,0.0,4.0,1.0,4.0,1.0,4.0,1.0,4.0,1.0,3.75,0.0,0.0,1.0,1.0,0.0,-1.0,0.0,0.0,0.0,0.125,0.0,0.0,1.0,0.0,0.0,0.0,0.0,0.0,0.0,0.125,,,0.0,0.0,0.0,2
4.0,2.0,3.0,1.0,27.0,1.0,2.0,3.0,0.0,0.0,0.0,0.0,8.0,0.0,1.0,0.0,3.0,4.0,4.0,3.6666667,5.0,3.0,5.0,4.3333335,11.0,4.0,4.0,2.0,3.3333333,5.0,1.0,5.0,1.0,0.0,1.0,1.0,2.0,1.0,0.0,0.0,0.0,1.0,,0.0,0,,1.0,3.0,0.0,5.0,1.0,5.0,1.0,1.0,0.0,1.0,0.0,3.0,0.0,1.0,0.0,1.0,0.0,1.0,0.0,2.5,0.25,3.0,0.0,3.0,0.0,1.0,0.0,3.0,0.0,3.0,0.0,5.0,1.0,5.0,1.0,0.0,5.0,1.0,5.0,1.0,5.0,1.0,1.0,0.0,1.0,0.0,4.0,1.0,5.0,1.0,3.0,0.0,4.0,1.0,3.625,2.0,0.0,0.0,0.0,0.0,1.0,4.0,2.0,3.0,1.125,1.0,0.0,0.0,0.0,0.0,1.0,1.0,0.0,1.0,0.375,,,0.0,1.0,0.0,4
3.0,2.0,4.0,1.0,65.0,8.0,5.0,2.0,0.0,0.0,1.0,0.0,1.0,1.0,0.0,0.0,1.0,4.0,4.0,3.0,1.0,1.0,2.0,1.3333334,0.0,2.0,5.0,5.0,4.0,1.0,4.0,5.0,0.0,1.0,1.0,1.0,2.0,0.0,0.0,0.0,0.0,1.0,,0.0,0,,1.0,5.0,1.0,5.0,1.0,1.0,0.0,1.0,0.0,1.0,0.0,4.0,1.0,1.0,0.0,4.0,1.0,4.0,1.0,2.75,0.5,1.0,0.0,2.0,0.0,1.0,0.0,5.0,1.0,1.0,0.0,5.0,1.0,5.0,1.0,0.0,5.0,1.0,5.0,1.0,1.0,0.0,1.0,0.0,1.0,0.0,4.0,1.0,1.0,0.0,4.0,1.0,1.0,0.0,2.75,0.0,0.0,0.0,0.0,0.0,0.0,0.0,0.0,-3.0,0.0,0.0,0.0,0.0,0.0,0.0,0.0,0.0,0.0,-1.0,0.0,,,0.0,0.0,0.0,2
4.0,1.0,3.0,2.0,66.0,20.0,6.0,1.0,1.0,1.0,1.0,0.0,1.0,1.0,0.0,0.0,4.0,2.0,1.0,2.3333333,4.0,4.0,1.0,3.0,26.0,5.0,1.0,2.0,2.6666667,1.0,3.0,3.0,0.0,1.0,0.0,0.0,0.0,0.0,0.0,0.0,0.0,1.0,,0.0,0,,1.0,5.0,1.0,3.0,0.0,4.0,1.0,1.0,0.0,3.0,0.0,5.0,1.0,2.0,0.0,5.0,1.0,5.0,1.0,3.5,0.5,2.0,0.0,1.0,0.0,5.0,1.0,4.0,1.0,4.0,1.0,5.0,1.0,1.0,0.0,1.0,5.0,1.0,5.0,1.0,5.0,1.0,1.0,0.0,2.0,0.0,4.0,1.0,3.0,0.0,5.0,1.0,4.0,1.0,3.75,0.0,2.0,1.0,0.0,-1.0,-1.0,1.0,0.0,-1.0,0.25,0.0,1.0,0.0,0.0,0.0,0.0,0.0,0.0,0.0,0.125,,,0.0,1.0,0.0,4
3.0,2.0,4.0,1.0,67.0,18.0,2.0,1.0,1.0,0.0,1.0,0.0,6.0,0.0,0.0,1.0,2.0,2.0,2.0,2.0,3.0,5.0,4.0,4.0,88.0,3.0,4.0,3.0,3.3333333,5.0,2.0,5.0,0.0,1.0,1.0,0.0,1.0,0.0,0.0,0.0,0.0,1.0,,0.0,0,,1.0,5.0,1.0,5.0,1.0,4.0,1.0,4.0,1.0,1.0,0.0,2.0,0.0,2.0,0.0,3.0,0.0,2.0,0.0,3.25,0.5,3.0,0.0,2.0,0.0,3.0,0.0,4.0,1.0,3.0,0.0,4.0,1.0,4.0,1.0,0.0,5.0,1.0,5.0,1.0,4.0,1.0,4.0,1.0,1.0,0.0,2.0,0.0,1.0,0.0,4.0,1.0,3.0,0.0,3.25,0.0,0.0,0.0,0.0,0.0,0.0,-1.0,1.0,1.0,0.0,0.0,0.0,0.0,0.0,0.0,0.0,0.0,1.0,0.0,0.125,,,0.0,1.0,0.0,5
4.0,1.0,3.0,2.0,47.0,22.0,6.0,1.0,0.0,0.0,0.0,1.0,1.0,1.0,0.0,0.0,2.0,1.0,2.0,1.6666666,4.0,5.0,5.0,4.6666665,-31.0,5.0,5.0,4.0,4.6666665,5.0,4.0,4.0,0.0,1.0,1.0,1.0,2.0,1.0,0.0,0.0,0.0,1.0,,0.0,0,,1.0,5.0,1.0,5.0,1.0,5.0,1.0,5.0,1.0,5.0,1.0,5.0,1.0,5.0,1.0,5.0,1.0,5.0,1.0,5.0,1.0,2.0,0.0,4.0,1.0,5.0,1.0,5.0,1.0,4.0,1.0,5.0,1.0,5.0,1.0,1.0,5.0,1.0,5.0,1.0,5.0,1.0,5.0,1.0,5.0,1.0,5.0,1.0,5.0,1.0,5.0,1.0,5.0,1.0,5.0,0.0,0.0,0.0,0.0,0.0,0.0,0.0,0.0,0.0,0.0,0.0,0.0,0.0,0.0,0.0,0.0,0.0,0.0,0.0,0.0,,,0.0,0.0,0.0,1
3.0,2.0,4.0,1.0,68.0,4.0,2.0,4.0,1.0,1.0,1.0,0.0,7.0,0.0,1.0,0.0,2.0,2.0,3.0,2.3333333,3.0,4.0,3.0,3.3333333,-1.0,3.0,4.0,4.0,3.6666667,3.0,4.0,4.0,0.0,1.0,1.0,1.0,2.0,1.0,0.0,0.0,0.0,1.0,,0.0,0,,1.0,3.0,0.0,4.0,1.0,3.0,0.0,2.0,0.0,3.0,0.0,3.0,0.0,2.0,0.0,3.0,0.0,3.0,0.0,2.875,0.125,2.0,0.0,2.0,0.0,3.0,0.0,4.0,1.0,3.0,0.0,5.0,1.0,3.0,0.0,0.0,4.0,1.0,4.0,1.0,4.0,1.0,2.0,0.0,3.0,0.0,3.0,0.0,2.0,0.0,4.0,1.0,3.0,0.0,3.25,1.0,0.0,1.0,0.0,0.0,0.0,0.0,1.0,0.0,0.375,1.0,0.0,1.0,0.0,0.0,0.0,0.0,1.0,0.0,0.375,,,0.0,0.0,0.0,2
1.0,2.0,4.0,3.0,75.0,5.0,4.0,3.0,1.0,0.0,1.0,0.0,2.0,1.0,0.0,0.0,1.0,1.0,2.0,1.3333334,4.0,5.0,4.0,4.3333335,43.0,3.0,3.0,3.0,3.0,5.0,3.0,3.0,0.0,1.0,0.0,1.0,1.0,0.0,0.0,1.0,1.0,0.0,0.0,,1,1.0,1.0,5.0,1.0,5.0,1.0,4.0,1.0,4.0,1.0,4.0,1.0,3.0,0.0,3.0,0.0,4.0,1.0,4.0,1.0,4.0,0.75,5.0,1.0,3.0,0.0,4.0,1.0,5.0,1.0,3.0,0.0,5.0,1.0,5.0,1.0,1.0,4.0,1.0,4.0,1.0,4.0,1.0,4.0,1.0,4.0,1.0,4.0,1.0,4.0,1.0,4.0,1.0,4.0,1.0,4.0,-1.0,-1.0,0.0,0.0,0.0,1.0,1.0,0.0,0.0,0.0,0.0,0.0,0.0,0.0,0.0,1.0,1.0,0.0,0.0,0.25,,,1.0,1.0,1.0,4
1.0,4.0,3.0,2.0,33.0,1.0,5.0,4.0,0.0,0.0,1.0,0.0,5.0,0.0,0.0,1.0,3.0,3.0,3.0,3.0,3.0,3.0,3.0,3.0,8.0,3.0,3.0,3.0,3.0,3.0,3.0,4.0,0.0,0.0,1.0,0.0,1.0,1.0,0.0,1.0,1.0,0.0,0.0,,1,0.0,0.0,3.0,0.0,3.0,0.0,3.0,0.0,3.0,0.0,3.0,0.0,3.0,0.0,3.0,0.0,3.0,0.0,3.0,0.0,3.0,0.0,3.0,0.0,3.0,0.0,3.0,0.0,4.0,1.0,3.0,0.0,3.0,0.0,3.0,0.0,1.0,3.0,0.0,3.0,0.0,3.0,0.0,3.0,0.0,3.0,0.0,3.0,0.0,3.0,0.0,3.0,0.0,3.0,0.0,3.0,0.0,0.0,0.0,0.0,0.0,0.0,0.0,0.0,0.0,0.0,0.0,0.0,0.0,0.0,0.0,0.0,0.0,0.0,0.0,0.0,3.0,0.0,1.0,1.0,1.0,3
1.0,3.0,2.0,4.0,71.0,11.0,4.0,4.0,1.0,0.0,1.0,0.0,4.0,0.0,0.0,1.0,2.0,3.0,3.0,2.6666667,3.0,3.0,2.0,2.6666667,0.0,2.0,3.0,2.0,2.3333333,2.0,3.0,4.0,0.0,1.0,1.0,1.0,2.0,1.0,0.0,1.0,1.0,0.0,0.0,,1,1.0,1.0,3.0,0.0,3.0,0.0,3.0,0.0,1.0,0.0,1.0,0.0,4.0,1.0,1.0,0.0,2.0,0.0,3.0,0.0,2.25,0.125,1.0,0.0,1.0,0.0,2.0,0.0,1.0,0.0,2.0,0.0,5.0,1.0,4.0,1.0,0.0,3.0,0.0,3.0,0.0,4.0,1.0,1.0,0.0,1.0,0.0,4.0,1.0,1.0,0.0,2.0,0.0,2.0,0.0,2.375,0.0,0.0,1.0,0.0,0.0,0.0,0.0,0.0,-1.0,0.125,0.0,0.0,1.0,0.0,0.0,0.0,0.0,0.0,0.0,0.125,,,1.0,0.0,1.0,2
4.0,1.0,2.0,3.0,77.0,4.0,3.0,3.0,1.0,0.0,1.0,0.0,6.0,0.0,0.0,1.0,4.0,4.0,4.0,4.0,4.0,3.0,2.0,3.0,-13.0,1.0,2.0,2.0,1.6666666,4.0,1.0,4.0,1.0,0.0,0.0,0.0,0.0,0.0,0.0,0.0,0.0,1.0,,0.0,0,,1.0,5.0,1.0,5.0,1.0,5.0,1.0,1.0,0.0,1.0,0.0,2.0,0.0,1.0,0.0,4.0,1.0,4.0,1.0,3.0,0.5,2.0,0.0,2.0,0.0,2.0,0.0,2.0,0.0,3.0,0.0,4.0,1.0,5.0,1.0,0.0,5.0,1.0,5.0,1.0,4.0,1.0,1.0,0.0,1.0,0.0,1.0,0.0,1.0,0.0,4.0,1.0,1.0,0.0,2.75,0.0,0.0,-1.0,0.0,0.0,-1.0,0.0,0.0,-3.0,-0.25,0.0,0.0,0.0,0.0,0.0,0.0,0.0,0.0,-1.0,0.0,,,0.0,0.0,0.0,1
3.0,1.0,2.0,4.0,72.0,12.0,2.0,3.0,1.0,0.0,1.0,0.0,3.0,0.0,0.0,1.0,3.0,3.0,3.0,3.0,4.0,4.0,4.0,4.0,31.0,4.0,4.0,2.0,3.3333333,3.0,3.0,4.0,0.0,1.0,1.0,1.0,2.0,1.0,0.0,1.0,1.0,0.0,0.0,,1,1.0,1.0,4.0,1.0,5.0,1.0,5.0,1.0,3.0,0.0,1.0,0.0,4.0,1.0,3.0,0.0,4.0,1.0,4.0,1.0,3.625,0.625,3.0,0.0,3.0,0.0,3.0,0.0,3.0,0.0,3.0,0.0,4.0,1.0,4.0,1.0,1.0,4.0,1.0,5.0,1.0,5.0,1.0,2.0,0.0,1.0,0.0,4.0,1.0,3.0,0.0,4.0,1.0,4.0,1.0,3.5,0.0,0.0,0.0,-1.0,0.0,0.0,0.0,0.0,0.0,-0.125,0.0,0.0,0.0,0.0,0.0,0.0,0.0,0.0,0.0,0.0,,,0.0,1.0,0.0,4
2.0,1.0,3.0,4.0,80.0,8.0,2.0,3.0,1.0,0.0,1.0,0.0,8.0,0.0,1.0,0.0,4.0,4.0,3.0,3.6666667,5.0,4.0,3.0,4.0,53.0,3.0,4.0,4.0,3.6666667,3.0,3.0,3.0,0.0,0.0,1.0,0.0,1.0,0.0,0.0,0.0,0.0,1.0,,0.0,0,,1.0,5.0,1.0,5.0,1.0,2.0,0.0,3.0,0.0,3.0,0.0,2.0,0.0,1.0,0.0,3.0,0.0,4.0,1.0,3.0,0.25,3.0,0.0,2.0,0.0,2.0,0.0,2.0,0.0,2.0,0.0,2.0,0.0,5.0,1.0,0.0,4.0,1.0,4.0,1.0,3.0,0.0,2.0,0.0,2.0,0.0,2.0,0.0,1.0,0.0,4.0,1.0,4.0,1.0,2.75,-1.0,-1.0,1.0,-1.0,-1.0,0.0,0.0,1.0,0.0,-0.25,0.0,0.0,0.0,0.0,0.0,0.0,0.0,1.0,0.0,0.125,,,0.0,1.0,0.0,5
3.0,2.0,4.0,1.0,73.0,5.0,4.0,3.0,1.0,1.0,1.0,0.0,2.0,1.0,0.0,0.0,2.0,2.0,2.0,2.0,2.0,2.0,2.0,2.0,3.0,2.0,4.0,2.0,2.6666667,3.0,4.0,4.0,0.0,1.0,1.0,1.0,2.0,1.0,0.0,0.0,0.0,1.0,,0.0,0,,1.0,4.0,1.0,4.0,1.0,4.0,1.0,2.0,0.0,2.0,0.0,4.0,1.0,3.0,0.0,4.0,1.0,2.0,0.0,3.375,0.625,3.0,0.0,2.0,0.0,2.0,0.0,2.0,0.0,3.0,0.0,4.0,1.0,2.0,0.0,1.0,5.0,1.0,5.0,1.0,4.0,1.0,2.0,0.0,2.0,0.0,4.0,1.0,5.0,1.0,4.0,1.0,3.0,0.0,3.875,1.0,1.0,0.0,0.0,0.0,0.0,2.0,0.0,1.0,0.5,0.0,0.0,0.0,0.0,0.0,0.0,1.0,0.0,0.0,0.125,,,0.0,1.0,0.0,3
1.0,3.0,4.0,2.0,71.0,19.0,2.0,3.0,1.0,1.0,1.0,0.0,2.0,1.0,0.0,0.0,2.0,2.0,1.0,1.6666666,2.0,4.0,1.0,2.3333333,0.0,5.0,2.0,2.0,3.0,4.0,5.0,5.0,0.0,1.0,0.0,0.0,0.0,0.0,0.0,1.0,1.0,0.0,0.0,,1,0.0,0.0,5.0,1.0,5.0,1.0,4.0,1.0,1.0,0.0,1.0,0.0,5.0,1.0,4.0,1.0,4.0,1.0,5.0,1.0,3.625,0.75,4.0,1.0,3.0,0.0,5.0,1.0,5.0,1.0,4.0,1.0,5.0,1.0,4.0,1.0,1.0,5.0,1.0,5.0,1.0,5.0,1.0,1.0,0.0,1.0,0.0,5.0,1.0,4.0,1.0,5.0,1.0,5.0,1.0,3.875,0.0,0.0,1.0,0.0,0.0,0.0,0.0,1.0,0.0,0.25,0.0,0.0,0.0,0.0,0.0,0.0,0.0,0.0,0.0,0.0,5.0,1.0,1.0,0.0,1.0,2
3.0,2.0,4.0,1.0,76.0,7.0,6.0,4.0,1.0,1.0,1.0,0.0,1.0,1.0,0.0,0.0,1.0,1.0,1.0,1.0,1.0,1.0,1.0,1.0,-1.0,1.0,4.0,1.0,2.0,4.0,5.0,4.0,0.0,1.0,1.0,1.0,2.0,0.0,0.0,1.0,1.0,0.0,0.0,,1,0.0,0.0,4.0,1.0,4.0,1.0,4.0,1.0,1.0,0.0,1.0,0.0,4.0,1.0,4.0,1.0,4.0,1.0,3.0,0.0,3.25,0.75,1.0,0.0,2.0,0.0,2.0,0.0,4.0,1.0,2.0,0.0,5.0,1.0,2.0,0.0,1.0,1.0,0.0,1.0,0.0,2.0,0.0,1.0,0.0,1.0,0.0,2.0,0.0,1.0,0.0,4.0,1.0,1.0,0.0,1.625,-3.0,-3.0,-2.0,0.0,0.0,-2.0,-3.0,0.0,-2.0,-1.625,-1.0,-1.0,-1.0,0.0,0.0,-1.0,-1.0,0.0,0.0,-0.625,3.0,0.0,0.0,0.0,0.0,2
2.0,3.0,4.0,1.0,19.0,2.0,2.0,4.0,0.0,1.0,1.0,0.0,2.0,1.0,0.0,0.0,1.0,2.0,1.0,1.3333334,4.0,4.0,3.0,3.6666667,-10.0,1.0,1.0,5.0,2.3333333,3.0,1.0,5.0,0.0,1.0,1.0,1.0,2.0,1.0,0.0,0.0,0.0,1.0,,0.0,0,,1.0,5.0,1.0,5.0,1.0,5.0,1.0,1.0,0.0,1.0,0.0,1.0,0.0,5.0,1.0,4.0,1.0,1.0,0.0,3.375,0.625,1.0,0.0,2.0,0.0,1.0,0.0,1.0,0.0,1.0,0.0,5.0,1.0,5.0,1.0,0.0,5.0,1.0,5.0,1.0,5.0,1.0,1.0,0.0,1.0,0.0,1.0,0.0,4.0,1.0,4.0,1.0,1.0,0.0,3.25,0.0,0.0,0.0,0.0,0.0,0.0,-1.0,0.0,0.0,-0.125,0.0,0.0,0.0,0.0,0.0,0.0,0.0,0.0,0.0,0.0,,,0.0,0.0,1.0,1
2.0,1.0,4.0,3.0,67.0,1.0,2.0,2.0,1.0,1.0,1.0,0.0,7.0,0.0,1.0,0.0,1.0,1.0,1.0,1.0,1.0,5.0,1.0,2.3333333,50.0,1.0,1.0,1.0,1.0,5.0,1.0,5.0,1.0,0.0,0.0,0.0,0.0,0.0,0.0,1.0,1.0,0.0,0.0,,1,1.0,1.0,1.0,0.0,1.0,0.0,1.0,0.0,1.0,0.0,1.0,0.0,1.0,0.0,1.0,0.0,1.0,0.0,1.0,0.0,1.0,0.0,5.0,1.0,1.0,0.0,1.0,0.0,1.0,0.0,1.0,0.0,1.0,0.0,1.0,0.0,0.0,1.0,0.0,1.0,0.0,1.0,0.0,1.0,0.0,1.0,0.0,1.0,0.0,1.0,0.0,1.0,0.0,1.0,0.0,1.0,0.0,0.0,0.0,0.0,0.0,0.0,0.0,0.0,0.0,0.0,0.0,0.0,0.0,0.0,0.0,0.0,0.0,0.0,0.0,0.0,,,0.0,1.0,0.0,4
2.0,3.0,4.0,1.0,66.0,12.0,2.0,3.0,1.0,0.0,1.0,0.0,2.0,1.0,0.0,0.0,2.0,2.0,3.0,2.3333333,5.0,4.0,4.0,4.3333335,0.0,3.0,4.0,3.0,3.3333333,2.0,2.0,1.0,0.0,1.0,0.0,1.0,1.0,0.0,0.0,0.0,0.0,1.0,,0.0,0,,1.0,4.0,1.0,4.0,1.0,2.0,0.0,3.0,0.0,2.0,0.0,3.0,0.0,2.0,0.0,3.0,0.0,3.0,0.0,2.875,0.25,1.0,0.0,2.0,0.0,4.0,1.0,4.0,1.0,3.0,0.0,4.0,1.0,4.0,1.0,0.0,3.0,0.0,3.0,0.0,2.0,0.0,2.0,0.0,2.0,0.0,2.0,0.0,2.0,0.0,3.0,0.0,3.0,0.0,2.375,-1.0,-1.0,0.0,-1.0,0.0,-1.0,0.0,0.0,0.0,-0.5,-1.0,-1.0,0.0,0.0,0.0,0.0,0.0,0.0,0.0,-0.25,,,0.0,0.0,1.0,2
2.0,3.0,4.0,1.0,71.0,6.0,7.0,3.0,1.0,1.0,1.0,0.0,1.0,1.0,0.0,0.0,1.0,1.0,1.0,1.0,3.0,3.0,1.0,2.3333333,3.0,2.0,3.0,2.0,2.3333333,5.0,3.0,3.0,0.0,1.0,0.0,1.0,1.0,1.0,0.0,1.0,1.0,0.0,0.0,,1,1.0,1.0,5.0,1.0,5.0,1.0,4.0,1.0,1.0,0.0,1.0,0.0,4.0,1.0,4.0,1.0,5.0,1.0,4.0,1.0,3.625,0.75,3.0,0.0,3.0,0.0,4.0,1.0,1.0,0.0,3.0,0.0,5.0,1.0,5.0,1.0,0.0,5.0,1.0,5.0,1.0,5.0,1.0,1.0,0.0,1.0,0.0,4.0,1.0,5.0,1.0,4.0,1.0,4.0,1.0,3.75,0.0,0.0,1.0,0.0,0.0,0.0,1.0,-1.0,0.0,0.125,0.0,0.0,0.0,0.0,0.0,0.0,0.0,0.0,0.0,0.0,,,0.0,1.0,1.0,3
3.0,2.0,4.0,1.0,47.0,1.0,6.0,1.0,0.0,1.0,1.0,0.0,1.0,1.0,0.0,0.0,2.0,2.0,2.0,2.0,2.0,4.0,2.0,2.6666667,3.0,4.0,4.0,2.0,3.3333333,4.0,4.0,3.0,0.0,1.0,0.0,1.0,1.0,1.0,0.0,0.0,0.0,1.0,,0.0,0,,1.0,4.0,1.0,4.0,1.0,4.0,1.0,4.0,1.0,4.0,1.0,4.0,1.0,4.0,1.0,4.0,1.0,4.0,1.0,4.0,1.0,2.0,0.0,3.0,0.0,4.0,1.0,4.0,1.0,4.0,1.0,4.0,1.0,4.0,1.0,0.0,4.0,1.0,4.0,1.0,4.0,1.0,4.0,1.0,4.0,1.0,4.0,1.0,4.0,1.0,4.0,1.0,4.0,1.0,4.0,0.0,0.0,0.0,0.0,0.0,0.0,0.0,0.0,0.0,0.0,0.0,0.0,0.0,0.0,0.0,0.0,0.0,0.0,0.0,0.0,,,0.0,1.0,0.0,3
4.0,3.0,2.0,1.0,45.0,1.0,5.0,3.0,0.0,1.0,0.0,1.0,2.0,1.0,0.0,0.0,1.0,1.0,1.0,1.0,4.0,5.0,5.0,4.6666665,20.0,1.0,2.0,1.0,1.3333334,4.0,5.0,4.0,0.0,1.0,1.0,1.0,2.0,1.0,0.0,0.0,0.0,1.0,,0.0,0,,1.0,5.0,1.0,5.0,1.0,5.0,1.0,5.0,1.0,5.0,1.0,5.0,1.0,5.0,1.0,5.0,1.0,5.0,1.0,5.0,1.0,2.0,0.0,4.0,1.0,5.0,1.0,5.0,1.0,5.0,1.0,5.0,1.0,5.0,1.0,1.0,5.0,1.0,5.0,1.0,5.0,1.0,5.0,1.0,5.0,1.0,4.0,1.0,5.0,1.0,5.0,1.0,5.0,1.0,4.875,0.0,0.0,0.0,0.0,0.0,-1.0,0.0,0.0,0.0,-0.125,0.0,0.0,0.0,0.0,0.0,0.0,0.0,0.0,0.0,0.0,,,0.0,1.0,0.0,4
4.0,1.0,2.0,3.0,54.0,5.0,2.0,1.0,0.0,1.0,1.0,0.0,1.0,1.0,0.0,0.0,5.0,5.0,5.0,5.0,5.0,5.0,5.0,5.0,87.0,5.0,5.0,1.0,3.6666667,5.0,5.0,5.0,1.0,0.0,0.0,1.0,1.0,1.0,0.0,0.0,0.0,1.0,,0.0,0,,1.0,5.0,1.0,5.0,1.0,5.0,1.0,5.0,1.0,5.0,1.0,5.0,1.0,5.0,1.0,5.0,1.0,5.0,1.0,5.0,1.0,5.0,1.0,5.0,1.0,5.0,1.0,4.0,1.0,4.0,1.0,4.0,1.0,4.0,1.0,0.0,5.0,1.0,5.0,1.0,5.0,1.0,5.0,1.0,5.0,1.0,5.0,1.0,5.0,1.0,5.0,1.0,5.0,1.0,5.0,0.0,0.0,0.0,0.0,0.0,0.0,0.0,0.0,0.0,0.0,0.0,0.0,0.0,0.0,0.0,0.0,0.0,0.0,0.0,0.0,,,0.0,1.0,0.0,5
1.0,3.0,4.0,2.0,70.0,18.0,5.0,3.0,1.0,1.0,1.0,0.0,8.0,0.0,1.0,0.0,3.0,3.0,1.0,2.3333333,3.0,5.0,1.0,3.0,100.0,5.0,5.0,5.0,5.0,1.0,3.0,5.0,1.0,0.0,1.0,1.0,2.0,1.0,0.0,0.0,0.0,1.0,,0.0,0,,1.0,5.0,1.0,5.0,1.0,3.0,0.0,1.0,0.0,1.0,0.0,1.0,0.0,1.0,0.0,5.0,1.0,1.0,0.0,2.75,0.375,2.0,0.0,1.0,0.0,2.0,0.0,5.0,1.0,3.0,0.0,1.0,0.0,5.0,1.0,0.0,5.0,1.0,5.0,1.0,1.0,0.0,1.0,0.0,1.0,0.0,1.0,0.0,1.0,0.0,5.0,1.0,1.0,0.0,2.5,0.0,0.0,-2.0,0.0,0.0,0.0,0.0,0.0,0.0,-0.25,0.0,0.0,0.0,0.0,0.0,0.0,0.0,0.0,0.0,0.0,,,1.0,1.0,1.0,5
3.0,2.0,4.0,1.0,72.0,7.0,6.0,1.0,1.0,0.0,1.0,0.0,3.0,0.0,0.0,1.0,2.0,1.0,1.0,1.3333334,2.0,3.0,2.0,2.3333333,15.0,2.0,4.0,3.0,3.0,2.0,4.0,5.0,0.0,1.0,0.0,1.0,1.0,1.0,0.0,0.0,0.0,1.0,,0.0,0,,1.0,5.0,1.0,4.0,1.0,4.0,1.0,2.0,0.0,2.0,0.0,4.0,1.0,3.0,0.0,5.0,1.0,4.0,1.0,3.625,0.625,4.0,1.0,4.0,1.0,4.0,1.0,4.0,1.0,4.0,1.0,5.0,1.0,4.0,1.0,0.0,5.0,1.0,5.0,1.0,4.0,1.0,2.0,0.0,2.0,0.0,4.0,1.0,3.0,0.0,5.0,1.0,4.0,1.0,3.75,0.0,1.0,0.0,0.0,0.0,0.0,0.0,0.0,0.0,0.125,0.0,0.0,0.0,0.0,0.0,0.0,0.0,0.0,0.0,0.0,,,0.0,1.0,0.0,4
4.0,1.0,3.0,2.0,73.0,8.0,7.0,3.0,1.0,0.0,1.0,0.0,7.0,0.0,1.0,0.0,5.0,5.0,4.0,4.6666665,2.0,5.0,3.0,3.3333333,98.0,5.0,4.0,3.0,4.0,5.0,4.0,4.0,1.0,0.0,1.0,0.0,1.0,0.0,0.0,0.0,0.0,1.0,,0.0,0,,1.0,4.0,1.0,5.0,1.0,5.0,1.0,2.0,0.0,3.0,0.0,3.0,0.0,4.0,1.0,4.0,1.0,5.0,1.0,3.75,0.625,2.0,0.0,2.0,0.0,4.0,1.0,2.0,0.0,2.0,0.0,4.0,1.0,4.0,1.0,0.0,5.0,1.0,5.0,1.0,5.0,1.0,2.0,0.0,3.0,0.0,3.0,0.0,5.0,1.0,5.0,1.0,4.0,1.0,4.125,1.0,0.0,0.0,0.0,0.0,0.0,1.0,1.0,-1.0,0.375,0.0,0.0,0.0,0.0,0.0,0.0,0.0,0.0,0.0,0.0,,,0.0,1.0,0.0,5
2.0,3.0,4.0,1.0,38.0,11.0,7.0,2.0,0.0,1.0,1.0,0.0,1.0,1.0,0.0,0.0,1.0,1.0,1.0,1.0,1.0,1.0,1.0,1.0,-69.0,2.0,2.0,2.0,2.0,5.0,4.0,5.0,0.0,1.0,1.0,1.0,2.0,1.0,0.0,0.0,0.0,1.0,,0.0,0,,1.0,5.0,1.0,5.0,1.0,2.0,0.0,1.0,0.0,4.0,1.0,5.0,1.0,5.0,1.0,5.0,1.0,4.0,1.0,4.0,0.75,3.0,0.0,2.0,0.0,4.0,1.0,3.0,0.0,5.0,1.0,5.0,1.0,5.0,1.0,1.0,5.0,1.0,5.0,1.0,2.0,0.0,1.0,0.0,2.0,0.0,5.0,1.0,5.0,1.0,5.0,1.0,4.0,1.0,3.75,0.0,0.0,0.0,0.0,-2.0,0.0,0.0,0.0,0.0,-0.25,0.0,0.0,0.0,0.0,-1.0,0.0,0.0,0.0,0.0,-0.125,,,0.0,0.0,1.0,1
4.0,2.0,3.0,1.0,77.0,18.0,6.0,3.0,1.0,1.0,1.0,0.0,7.0,0.0,1.0,0.0,1.0,3.0,1.0,1.6666666,1.0,3.0,3.0,2.3333333,100.0,5.0,3.0,4.0,4.0,1.0,3.0,5.0,1.0,0.0,1.0,1.0,2.0,1.0,0.0,0.0,0.0,1.0,,0.0,0,,1.0,3.0,0.0,5.0,1.0,3.0,0.0,1.0,0.0,1.0,0.0,3.0,0.0,1.0,0.0,3.0,0.0,3.0,0.0,2.5,0.125,1.0,0.0,2.0,0.0,1.0,0.0,2.0,0.0,1.0,0.0,4.0,1.0,3.0,0.0,0.0,3.0,0.0,5.0,1.0,3.0,0.0,1.0,0.0,1.0,0.0,2.0,0.0,1.0,0.0,3.0,0.0,3.0,0.0,2.375,0.0,0.0,0.0,0.0,0.0,-1.0,0.0,0.0,0.0,-0.125,0.0,0.0,0.0,0.0,0.0,0.0,0.0,0.0,0.0,0.0,,,0.0,1.0,0.0,5
2.0,3.0,4.0,1.0,62.0,17.0,7.0,3.0,0.0,1.0,0.0,1.0,5.0,0.0,0.0,1.0,4.0,3.0,3.0,3.3333333,3.0,4.0,2.0,3.0,1.0,1.0,3.0,2.0,2.0,3.0,3.0,4.0,0.0,0.0,1.0,1.0,2.0,0.0,0.0,0.0,0.0,1.0,,0.0,0,,1.0,2.0,0.0,2.0,0.0,2.0,0.0,1.0,0.0,1.0,0.0,3.0,0.0,3.0,0.0,2.0,0.0,2.0,0.0,2.0,0.0,2.0,0.0,3.0,0.0,2.0,0.0,1.0,0.0,3.0,0.0,2.0,0.0,2.0,0.0,0.0,2.0,0.0,3.0,0.0,3.0,0.0,1.0,0.0,1.0,0.0,3.0,0.0,2.0,0.0,3.0,0.0,2.0,0.0,2.25,0.0,1.0,1.0,0.0,0.0,0.0,-1.0,1.0,0.0,0.25,0.0,0.0,0.0,0.0,0.0,0.0,0.0,0.0,0.0,0.0,,,0.0,0.0,1.0,3
3.0,1.0,4.0,2.0,80.0,4.0,5.0,4.0,1.0,1.0,1.0,0.0,1.0,1.0,0.0,0.0,2.0,1.0,2.0,1.6666666,1.0,3.0,1.0,1.6666666,21.0,3.0,4.0,3.0,3.3333333,3.0,4.0,4.0,0.0,1.0,1.0,1.0,2.0,0.0,0.0,0.0,0.0,1.0,,0.0,0,,1.0,5.0,1.0,5.0,1.0,5.0,1.0,3.0,0.0,3.0,0.0,4.0,1.0,3.0,0.0,4.0,1.0,4.0,1.0,4.0,0.625,4.0,1.0,3.0,0.0,4.0,1.0,4.0,1.0,3.0,0.0,5.0,1.0,4.0,1.0,1.0,5.0,1.0,5.0,1.0,5.0,1.0,4.0,1.0,3.0,0.0,5.0,1.0,3.0,0.0,5.0,1.0,5.0,1.0,4.375,0.0,0.0,0.0,1.0,0.0,1.0,0.0,1.0,1.0,0.375,0.0,0.0,0.0,1.0,0.0,0.0,0.0,0.0,0.0,0.125,,,0.0,1.0,0.0,4
3.0,2.0,4.0,1.0,71.0,4.0,2.0,2.0,1.0,1.0,1.0,0.0,1.0,1.0,0.0,0.0,1.0,1.0,1.0,1.0,1.0,2.0,1.0,1.3333334,0.0,3.0,2.0,3.0,2.6666667,3.0,4.0,4.0,0.0,1.0,1.0,1.0,2.0,1.0,0.0,0.0,0.0,1.0,,0.0,0,,1.0,5.0,1.0,5.0,1.0,4.0,1.0,1.0,0.0,2.0,0.0,4.0,1.0,4.0,1.0,5.0,1.0,4.0,1.0,3.75,0.75,2.0,0.0,3.0,0.0,5.0,1.0,1.0,0.0,5.0,1.0,5.0,1.0,5.0,1.0,1.0,5.0,1.0,5.0,1.0,5.0,1.0,3.0,0.0,3.0,0.0,4.0,1.0,4.0,1.0,5.0,1.0,3.0,0.0,4.25,0.0,0.0,1.0,2.0,1.0,0.0,0.0,0.0,-1.0,0.5,0.0,0.0,0.0,0.0,0.0,0.0,0.0,0.0,-1.0,0.0,,,0.0,0.0,0.0,2
3.0,2.0,4.0,1.0,68.0,9.0,4.0,2.0,1.0,0.0,1.0,0.0,8.0,0.0,1.0,0.0,4.0,3.0,1.0,2.6666667,3.0,5.0,5.0,4.3333335,54.0,4.0,2.0,3.0,3.0,4.0,4.0,5.0,1.0,0.0,1.0,1.0,2.0,1.0,0.0,0.0,0.0,1.0,,0.0,0,,1.0,4.0,1.0,5.0,1.0,5.0,1.0,3.0,0.0,4.0,1.0,5.0,1.0,4.0,1.0,5.0,1.0,5.0,1.0,4.375,0.875,3.0,0.0,2.0,0.0,4.0,1.0,2.0,0.0,1.0,0.0,5.0,1.0,5.0,1.0,1.0,4.0,1.0,5.0,1.0,5.0,1.0,4.0,1.0,4.0,1.0,5.0,1.0,4.0,1.0,5.0,1.0,5.0,1.0,4.5,0.0,0.0,0.0,1.0,0.0,0.0,0.0,0.0,0.0,0.125,0.0,0.0,0.0,1.0,0.0,0.0,0.0,0.0,0.0,0.125,,,0.0,1.0,0.0,5
3.0,2.0,4.0,1.0,64.0,6.0,6.0,2.0,0.0,1.0,1.0,0.0,8.0,0.0,1.0,0.0,3.0,3.0,1.0,2.3333333,2.0,4.0,2.0,2.6666667,22.0,3.0,4.0,4.0,3.6666667,2.0,4.0,2.0,1.0,0.0,1.0,0.0,1.0,0.0,0.0,1.0,1.0,0.0,0.0,,1,0.0,0.0,4.0,1.0,4.0,1.0,4.0,1.0,1.0,0.0,3.0,0.0,4.0,1.0,3.0,0.0,3.0,0.0,3.0,0.0,3.25,0.5,1.0,0.0,3.0,0.0,4.0,1.0,3.0,0.0,2.0,0.0,4.0,1.0,3.0,0.0,0.0,3.0,0.0,4.0,1.0,4.0,1.0,1.0,0.0,2.0,0.0,4.0,1.0,3.0,0.0,3.0,0.0,3.0,0.0,3.0,-1.0,0.0,0.0,0.0,-1.0,0.0,0.0,0.0,0.0,-0.25,-1.0,0.0,0.0,0.0,0.0,0.0,0.0,0.0,0.0,-0.125,3.0,0.0,0.0,1.0,0.0,4
2.0,4.0,3.0,1.0,55.0,13.0,2.0,3.0,0.0,1.0,0.0,0.0,1.0,1.0,0.0,0.0,2.0,4.0,2.0,2.6666667,4.0,4.0,3.0,3.6666667,0.0,3.0,3.0,3.0,3.0,4.0,2.0,1.0,0.0,1.0,1.0,1.0,2.0,0.0,0.0,1.0,1.0,0.0,0.0,,1,0.0,0.0,4.0,1.0,4.0,1.0,3.0,0.0,3.0,0.0,3.0,0.0,3.0,0.0,3.0,0.0,3.0,0.0,3.0,0.0,3.25,0.25,4.0,1.0,3.0,0.0,3.0,0.0,3.0,0.0,3.0,0.0,4.0,1.0,4.0,1.0,0.0,4.0,1.0,4.0,1.0,3.0,0.0,3.0,0.0,3.0,0.0,3.0,0.0,3.0,0.0,3.0,0.0,3.0,0.0,3.25,0.0,0.0,0.0,0.0,0.0,0.0,0.0,0.0,0.0,0.0,0.0,0.0,0.0,0.0,0.0,0.0,0.0,0.0,0.0,0.0,4.0,1.0,0.0,0.0,1.0,2
3.0,1.0,4.0,2.0,79.0,19.0,6.0,3.0,1.0,1.0,1.0,0.0,1.0,1.0,0.0,0.0,3.0,3.0,3.0,3.0,3.0,1.0,1.0,1.6666666,-1.0,3.0,4.0,2.0,3.0,3.0,3.0,4.0,0.0,1.0,1.0,1.0,2.0,0.0,0.0,0.0,0.0,1.0,,0.0,0,,1.0,5.0,1.0,5.0,1.0,3.0,0.0,3.0,0.0,1.0,0.0,3.0,0.0,3.0,0.0,4.0,1.0,3.0,0.0,3.375,0.375,3.0,0.0,3.0,0.0,3.0,0.0,3.0,0.0,3.0,0.0,4.0,1.0,5.0,1.0,0.0,5.0,1.0,5.0,1.0,3.0,0.0,3.0,0.0,1.0,0.0,4.0,1.0,4.0,1.0,4.0,1.0,3.0,0.0,3.625,0.0,0.0,0.0,0.0,0.0,1.0,1.0,0.0,0.0,0.25,0.0,0.0,0.0,0.0,0.0,1.0,1.0,0.0,0.0,0.25,,,0.0,0.0,0.0,2
3.0,1.0,4.0,2.0,65.0,10.0,6.0,1.0,0.0,1.0,1.0,0.0,1.0,1.0,0.0,0.0,2.0,2.0,2.0,2.0,3.0,2.0,2.0,2.3333333,-4.0,1.0,3.0,2.0,2.0,4.0,2.0,4.0,0.0,1.0,1.0,1.0,2.0,1.0,0.0,0.0,0.0,1.0,,0.0,0,,1.0,4.0,1.0,4.0,1.0,4.0,1.0,4.0,1.0,3.0,0.0,5.0,1.0,3.0,0.0,4.0,1.0,4.0,1.0,3.875,0.75,3.0,0.0,4.0,1.0,4.0,1.0,3.0,0.0,3.0,0.0,4.0,1.0,5.0,1.0,1.0,5.0,1.0,5.0,1.0,5.0,1.0,5.0,1.0,5.0,1.0,5.0,1.0,5.0,1.0,5.0,1.0,5.0,1.0,5.0,1.0,1.0,1.0,1.0,2.0,0.0,2.0,1.0,1.0,1.125,0.0,0.0,0.0,0.0,1.0,0.0,1.0,0.0,0.0,0.25,,,0.0,0.0,0.0,2
1.0,2.0,4.0,3.0,69.0,16.0,6.0,4.0,1.0,1.0,1.0,0.0,1.0,1.0,0.0,0.0,1.0,1.0,1.0,1.0,3.0,1.0,4.0,2.6666667,-35.0,2.0,3.0,1.0,2.0,5.0,5.0,5.0,0.0,1.0,0.0,0.0,0.0,0.0,0.0,1.0,1.0,0.0,0.0,,1,0.0,0.0,5.0,1.0,5.0,1.0,5.0,1.0,2.0,0.0,4.0,1.0,5.0,1.0,5.0,1.0,5.0,1.0,5.0,1.0,4.5,0.875,4.0,1.0,2.0,0.0,5.0,1.0,5.0,1.0,5.0,1.0,5.0,1.0,5.0,1.0,1.0,3.0,0.0,4.0,1.0,5.0,1.0,1.0,0.0,5.0,1.0,5.0,1.0,5.0,1.0,5.0,1.0,5.0,1.0,4.125,-2.0,-1.0,0.0,-1.0,1.0,0.0,0.0,0.0,0.0,-0.375,-1.0,0.0,0.0,0.0,0.0,0.0,0.0,0.0,0.0,-0.125,5.0,1.0,1.0,0.0,1.0,1
1.0,2.0,4.0,3.0,62.0,1.0,2.0,3.0,0.0,1.0,1.0,0.0,4.0,0.0,0.0,1.0,1.0,1.0,1.0,1.0,5.0,5.0,4.0,4.6666665,8.0,2.0,2.0,3.0,2.3333333,4.0,3.0,4.0,0.0,0.0,1.0,0.0,1.0,1.0,0.0,1.0,1.0,0.0,0.0,,1,1.0,1.0,5.0,1.0,5.0,1.0,3.0,0.0,3.0,0.0,3.0,0.0,5.0,1.0,5.0,1.0,5.0,1.0,5.0,1.0,4.25,0.625,3.0,0.0,3.0,0.0,5.0,1.0,4.0,1.0,3.0,0.0,5.0,1.0,5.0,1.0,0.0,5.0,1.0,5.0,1.0,3.0,0.0,4.0,1.0,3.0,0.0,5.0,1.0,5.0,1.0,5.0,1.0,4.0,1.0,4.375,0.0,0.0,0.0,1.0,0.0,0.0,0.0,0.0,-1.0,0.125,0.0,0.0,0.0,1.0,0.0,0.0,0.0,0.0,0.0,0.125,,,1.0,1.0,1.0,3
1.0,2.0,3.0,4.0,67.0,21.0,4.0,4.0,1.0,1.0,1.0,0.0,3.0,0.0,0.0,1.0,1.0,2.0,1.0,1.3333334,2.0,4.0,1.0,2.3333333,4.0,4.0,4.0,5.0,4.3333335,5.0,4.0,4.0,0.0,1.0,0.0,1.0,1.0,1.0,0.0,1.0,1.0,0.0,0.0,,1,1.0,1.0,4.0,1.0,4.0,1.0,3.0,0.0,1.0,0.0,4.0,1.0,4.0,1.0,4.0,1.0,4.0,1.0,4.0,1.0,3.5,0.75,5.0,1.0,4.0,1.0,4.0,1.0,3.0,0.0,4.0,1.0,4.0,1.0,5.0,1.0,0.0,4.0,1.0,4.0,1.0,3.0,0.0,1.0,0.0,4.0,1.0,4.0,1.0,4.0,1.0,4.0,1.0,4.0,1.0,3.5,0.0,0.0,0.0,0.0,0.0,0.0,0.0,0.0,0.0,0.0,0.0,0.0,0.0,0.0,0.0,0.0,0.0,0.0,0.0,0.0,,,1.0,1.0,1.0,3
3.0,2.0,4.0,1.0,62.0,5.0,4.0,2.0,0.0,0.0,0.0,1.0,1.0,1.0,0.0,0.0,2.0,1.0,1.0,1.3333334,5.0,5.0,1.0,3.6666667,0.0,5.0,4.0,4.0,4.3333335,5.0,5.0,5.0,0.0,1.0,0.0,0.0,0.0,1.0,0.0,1.0,1.0,0.0,0.0,,1,0.0,0.0,5.0,1.0,5.0,1.0,5.0,1.0,3.0,0.0,5.0,1.0,5.0,1.0,5.0,1.0,5.0,1.0,5.0,1.0,4.75,0.875,5.0,1.0,5.0,1.0,5.0,1.0,4.0,1.0,4.0,1.0,5.0,1.0,5.0,1.0,0.0,5.0,1.0,5.0,1.0,5.0,1.0,2.0,0.0,5.0,1.0,5.0,1.0,5.0,1.0,5.0,1.0,5.0,1.0,4.625,0.0,0.0,0.0,-1.0,0.0,0.0,0.0,0.0,0.0,-0.125,0.0,0.0,0.0,0.0,0.0,0.0,0.0,0.0,0.0,0.0,5.0,1.0,0.0,0.0,0.0,2
4.0,2.0,1.0,3.0,65.0,7.0,5.0,4.0,0.0,1.0,1.0,0.0,1.0,1.0,0.0,0.0,4.0,4.0,4.0,4.0,4.0,4.0,2.0,3.3333333,-29.0,4.0,4.0,2.0,3.3333333,4.0,4.0,4.0,0.0,1.0,0.0,0.0,0.0,0.0,0.0,0.0,0.0,1.0,,0.0,0,,1.0,4.0,1.0,4.0,1.0,4.0,1.0,4.0,1.0,4.0,1.0,2.0,0.0,2.0,0.0,2.0,0.0,4.0,1.0,3.25,0.625,3.0,0.0,3.0,0.0,2.0,0.0,4.0,1.0,4.0,1.0,4.0,1.0,4.0,1.0,0.0,2.0,0.0,2.0,0.0,2.0,0.0,4.0,1.0,2.0,0.0,2.0,0.0,2.0,0.0,2.0,0.0,4.0,1.0,2.25,-2.0,-2.0,-2.0,0.0,-2.0,0.0,0.0,0.0,0.0,-1.0,-1.0,-1.0,-1.0,0.0,-1.0,0.0,0.0,0.0,0.0,-0.5,,,0.0,0.0,0.0,1
3.0,2.0,4.0,1.0,72.0,1.0,2.0,3.0,1.0,1.0,1.0,0.0,8.0,0.0,1.0,0.0,4.0,4.0,2.0,3.3333333,4.0,5.0,5.0,4.6666665,100.0,5.0,4.0,4.0,4.3333335,1.0,2.0,5.0,1.0,0.0,1.0,1.0,2.0,0.0,0.0,0.0,0.0,1.0,,0.0,0,,1.0,3.0,0.0,3.0,0.0,2.0,0.0,1.0,0.0,1.0,0.0,3.0,0.0,3.0,0.0,3.0,0.0,1.0,0.0,2.375,0.0,2.0,0.0,2.0,0.0,1.0,0.0,5.0,1.0,2.0,0.0,3.0,0.0,4.0,1.0,0.0,3.0,0.0,3.0,0.0,2.0,0.0,1.0,0.0,1.0,0.0,4.0,1.0,1.0,0.0,2.0,0.0,1.0,0.0,2.125,0.0,0.0,0.0,0.0,0.0,1.0,-2.0,-1.0,0.0,-0.25,0.0,0.0,0.0,0.0,0.0,1.0,0.0,0.0,0.0,0.125,,,0.0,1.0,0.0,5
4.0,2.0,3.0,1.0,73.0,11.0,4.0,3.0,1.0,1.0,1.0,0.0,8.0,0.0,1.0,0.0,2.0,4.0,2.0,2.6666667,2.0,5.0,4.0,3.6666667,0.0,3.0,4.0,4.0,3.6666667,4.0,4.0,3.0,1.0,0.0,0.0,1.0,1.0,0.0,0.0,0.0,0.0,1.0,,0.0,0,,1.0,4.0,1.0,4.0,1.0,3.0,0.0,1.0,0.0,3.0,0.0,2.0,0.0,4.0,1.0,3.0,0.0,4.0,1.0,3.0,0.375,3.0,0.0,4.0,1.0,4.0,1.0,2.0,0.0,3.0,0.0,4.0,1.0,4.0,1.0,0.0,4.0,1.0,4.0,1.0,4.0,1.0,2.0,0.0,4.0,1.0,3.0,0.0,4.0,1.0,4.0,1.0,4.0,1.0,3.625,0.0,0.0,1.0,1.0,1.0,1.0,0.0,1.0,0.0,0.625,0.0,0.0,1.0,0.0,1.0,0.0,0.0,1.0,0.0,0.375,,,0.0,0.0,0.0,2
2.0,3.0,4.0,1.0,60.0,18.0,6.0,1.0,0.0,1.0,1.0,0.0,2.0,1.0,0.0,0.0,1.0,1.0,1.0,1.0,1.0,3.0,1.0,1.6666666,8.0,2.0,3.0,2.0,2.3333333,4.0,4.0,5.0,0.0,1.0,0.0,1.0,1.0,0.0,0.0,1.0,1.0,0.0,0.0,,1,0.0,0.0,4.0,1.0,4.0,1.0,4.0,1.0,2.0,0.0,2.0,0.0,5.0,1.0,4.0,1.0,4.0,1.0,4.0,1.0,3.625,0.75,3.0,0.0,2.0,0.0,4.0,1.0,4.0,1.0,4.0,1.0,5.0,1.0,5.0,1.0,1.0,1.0,0.0,4.0,1.0,3.0,0.0,1.0,0.0,1.0,0.0,4.0,1.0,4.0,1.0,4.0,1.0,4.0,1.0,2.75,-3.0,0.0,-1.0,-1.0,-1.0,-1.0,0.0,0.0,0.0,-0.875,-1.0,0.0,-1.0,0.0,0.0,0.0,0.0,0.0,0.0,-0.25,5.0,1.0,0.0,1.0,1.0,3
4.0,3.0,1.0,2.0,58.0,22.0,6.0,4.0,0.0,1.0,0.0,0.0,4.0,0.0,0.0,1.0,3.0,3.0,3.0,3.0,3.0,3.0,3.0,3.0,0.0,3.0,4.0,3.0,3.3333333,5.0,4.0,5.0,0.0,0.0,1.0,1.0,2.0,0.0,0.0,0.0,0.0,1.0,,0.0,0,,1.0,5.0,1.0,5.0,1.0,5.0,1.0,5.0,1.0,5.0,1.0,5.0,1.0,5.0,1.0,5.0,1.0,5.0,1.0,5.0,1.0,2.0,0.0,2.0,0.0,5.0,1.0,3.0,0.0,4.0,1.0,5.0,1.0,5.0,1.0,1.0,5.0,1.0,5.0,1.0,5.0,1.0,3.0,0.0,5.0,1.0,5.0,1.0,5.0,1.0,5.0,1.0,5.0,1.0,4.75,0.0,0.0,0.0,-2.0,0.0,0.0,0.0,0.0,0.0,-0.25,0.0,0.0,0.0,-1.0,0.0,0.0,0.0,0.0,0.0,-0.125,,,0.0,0.0,0.0,2
3.0,2.0,4.0,1.0,76.0,16.0,6.0,4.0,1.0,1.0,1.0,0.0,1.0,1.0,0.0,0.0,1.0,3.0,1.0,1.6666666,4.0,3.0,1.0,2.6666667,-1.0,4.0,2.0,2.0,2.6666667,4.0,4.0,5.0,0.0,1.0,1.0,1.0,2.0,1.0,0.0,1.0,1.0,0.0,0.0,,1,0.0,0.0,5.0,1.0,5.0,1.0,2.0,0.0,2.0,0.0,1.0,0.0,4.0,1.0,5.0,1.0,3.0,0.0,3.0,0.0,3.375,0.5,2.0,0.0,3.0,0.0,4.0,1.0,2.0,0.0,3.0,0.0,4.0,1.0,5.0,1.0,1.0,4.0,1.0,5.0,1.0,4.0,1.0,1.0,0.0,1.0,0.0,4.0,1.0,5.0,1.0,4.0,1.0,3.0,0.0,3.5,-1.0,0.0,2.0,-1.0,0.0,0.0,0.0,1.0,0.0,0.125,0.0,0.0,1.0,0.0,0.0,0.0,0.0,1.0,0.0,0.25,5.0,1.0,0.0,0.0,0.0,2
3.0,2.0,1.0,4.0,66.0,19.0,6.0,4.0,1.0,0.0,0.0,0.0,8.0,0.0,1.0,0.0,2.0,1.0,3.0,2.0,4.0,4.0,4.0,4.0,100.0,5.0,4.0,3.0,4.0,1.0,5.0,5.0,0.0,0.0,1.0,1.0,2.0,0.0,0.0,0.0,0.0,1.0,,0.0,0,,1.0,5.0,1.0,5.0,1.0,5.0,1.0,2.0,0.0,1.0,0.0,2.0,0.0,2.0,0.0,4.0,1.0,3.0,0.0,3.25,0.5,2.0,0.0,4.0,1.0,3.0,0.0,5.0,1.0,2.0,0.0,4.0,1.0,4.0,1.0,0.0,4.0,1.0,5.0,1.0,5.0,1.0,2.0,0.0,2.0,0.0,1.0,0.0,1.0,0.0,5.0,1.0,3.0,0.0,3.125,-1.0,0.0,0.0,0.0,1.0,-1.0,-1.0,1.0,0.0,-0.125,0.0,0.0,0.0,0.0,0.0,0.0,0.0,0.0,0.0,0.0,,,0.0,1.0,0.0,5
3.0,2.0,4.0,1.0,69.0,20.0,5.0,1.0,1.0,1.0,0.0,1.0,1.0,1.0,0.0,0.0,2.0,2.0,2.0,2.0,4.0,5.0,5.0,4.6666665,0.0,4.0,4.0,3.0,3.6666667,4.0,3.0,5.0,0.0,1.0,1.0,1.0,2.0,0.0,0.0,1.0,1.0,0.0,0.0,,1,0.0,0.0,4.0,1.0,4.0,1.0,4.0,1.0,3.0,0.0,3.0,0.0,4.0,1.0,4.0,1.0,4.0,1.0,4.0,1.0,3.75,0.75,4.0,1.0,2.0,0.0,3.0,0.0,4.0,1.0,4.0,1.0,4.0,1.0,4.0,1.0,0.0,4.0,1.0,4.0,1.0,4.0,1.0,3.0,0.0,3.0,0.0,4.0,1.0,4.0,1.0,4.0,1.0,3.0,0.0,3.75,0.0,0.0,0.0,0.0,0.0,0.0,0.0,0.0,-1.0,0.0,0.0,0.0,0.0,0.0,0.0,0.0,0.0,0.0,-1.0,0.0,4.0,1.0,0.0,0.0,0.0,2
4.0,1.0,3.0,2.0,75.0,6.0,2.0,2.0,1.0,1.0,1.0,0.0,1.0,1.0,0.0,0.0,1.0,1.0,1.0,1.0,4.0,5.0,3.0,4.0,0.0,3.0,4.0,2.0,3.0,3.0,5.0,4.0,0.0,1.0,0.0,0.0,0.0,0.0,0.0,0.0,0.0,1.0,,0.0,0,,1.0,5.0,1.0,5.0,1.0,4.0,1.0,3.0,0.0,4.0,1.0,5.0,1.0,5.0,1.0,5.0,1.0,4.0,1.0,4.5,0.875,4.0,1.0,4.0,1.0,5.0,1.0,5.0,1.0,3.0,0.0,5.0,1.0,4.0,1.0,0.0,5.0,1.0,5.0,1.0,3.0,0.0,3.0,0.0,4.0,1.0,5.0,1.0,5.0,1.0,3.0,0.0,4.0,1.0,4.125,0.0,0.0,-1.0,0.0,0.0,0.0,0.0,-2.0,0.0,-0.375,0.0,0.0,-1.0,0.0,0.0,0.0,0.0,-1.0,0.0,-0.25,,,0.0,0.0,0.0,2
4.0,2.0,3.0,1.0,59.0,20.0,6.0,2.0,0.0,0.0,1.0,0.0,8.0,0.0,1.0,0.0,3.0,3.0,3.0,3.0,3.0,3.0,3.0,3.0,50.0,4.0,4.0,2.0,3.3333333,3.0,4.0,4.0,1.0,0.0,1.0,1.0,2.0,1.0,0.0,0.0,0.0,1.0,,0.0,0,,1.0,3.0,0.0,3.0,0.0,3.0,0.0,3.0,0.0,3.0,0.0,3.0,0.0,3.0,0.0,3.0,0.0,3.0,0.0,3.0,0.0,3.0,0.0,3.0,0.0,3.0,0.0,3.0,0.0,3.0,0.0,3.0,0.0,3.0,0.0,0.0,3.0,0.0,3.0,0.0,3.0,0.0,3.0,0.0,3.0,0.0,3.0,0.0,3.0,0.0,3.0,0.0,3.0,0.0,3.0,0.0,0.0,0.0,0.0,0.0,0.0,0.0,0.0,0.0,0.0,0.0,0.0,0.0,0.0,0.0,0.0,0.0,0.0,0.0,0.0,,,0.0,1.0,0.0,4
2.0,4.0,3.0,1.0,62.0,19.0,5.0,4.0,0.0,1.0,1.0,0.0,8.0,0.0,1.0,0.0,4.0,4.0,4.0,4.0,4.0,5.0,3.0,4.0,100.0,2.0,4.0,4.0,3.3333333,1.0,1.0,5.0,1.0,0.0,1.0,1.0,2.0,1.0,0.0,1.0,1.0,0.0,0.0,,1,0.0,0.0,3.0,0.0,3.0,0.0,1.0,0.0,1.0,0.0,1.0,0.0,1.0,0.0,1.0,0.0,3.0,0.0,1.0,0.0,1.75,0.0,2.0,0.0,1.0,0.0,1.0,0.0,5.0,1.0,1.0,0.0,5.0,1.0,4.0,1.0,0.0,3.0,0.0,3.0,0.0,1.0,0.0,1.0,0.0,1.0,0.0,1.0,0.0,1.0,0.0,3.0,0.0,1.0,0.0,1.75,0.0,0.0,0.0,0.0,0.0,0.0,0.0,0.0,0.0,0.0,0.0,0.0,0.0,0.0,0.0,0.0,0.0,0.0,0.0,0.0,5.0,1.0,0.0,1.0,1.0,5
1.0,3.0,4.0,2.0,62.0,2.0,4.0,4.0,0.0,1.0,1.0,0.0,1.0,1.0,0.0,0.0,1.0,1.0,1.0,1.0,4.0,3.0,1.0,2.6666667,19.0,2.0,4.0,4.0,3.3333333,2.0,4.0,4.0,0.0,1.0,1.0,1.0,2.0,0.0,0.0,1.0,1.0,0.0,0.0,,1,1.0,1.0,4.0,1.0,4.0,1.0,4.0,1.0,2.0,0.0,2.0,0.0,4.0,1.0,4.0,1.0,4.0,1.0,2.0,0.0,3.5,0.75,1.0,0.0,4.0,1.0,4.0,1.0,4.0,1.0,4.0,1.0,4.0,1.0,4.0,1.0,0.0,4.0,1.0,4.0,1.0,4.0,1.0,2.0,0.0,2.0,0.0,4.0,1.0,4.0,1.0,4.0,1.0,2.0,0.0,3.5,0.0,0.0,0.0,0.0,0.0,0.0,0.0,0.0,0.0,0.0,0.0,0.0,0.0,0.0,0.0,0.0,0.0,0.0,0.0,0.0,,,1.0,1.0,1.0,4
4.0,2.0,3.0,1.0,47.0,7.0,5.0,3.0,0.0,1.0,1.0,0.0,4.0,0.0,0.0,1.0,1.0,3.0,3.0,2.3333333,4.0,5.0,5.0,4.6666665,95.0,3.0,4.0,1.0,2.6666667,4.0,4.0,3.0,0.0,0.0,0.0,1.0,1.0,0.0,0.0,0.0,0.0,1.0,,0.0,0,,1.0,4.0,1.0,5.0,1.0,3.0,0.0,4.0,1.0,2.0,0.0,3.0,0.0,4.0,1.0,5.0,1.0,4.0,1.0,3.75,0.625,3.0,0.0,1.0,0.0,5.0,1.0,3.0,0.0,5.0,1.0,4.0,1.0,5.0,1.0,0.0,5.0,1.0,5.0,1.0,3.0,0.0,4.0,1.0,3.0,0.0,4.0,1.0,4.0,1.0,5.0,1.0,4.0,1.0,4.125,1.0,0.0,0.0,0.0,1.0,1.0,0.0,0.0,0.0,0.375,0.0,0.0,0.0,0.0,0.0,1.0,0.0,0.0,0.0,0.125,,,0.0,1.0,0.0,5
1.0,3.0,4.0,2.0,55.0,1.0,5.0,3.0,0.0,1.0,0.0,1.0,1.0,1.0,0.0,0.0,4.0,3.0,3.0,3.3333333,3.0,4.0,2.0,3.0,-45.0,2.0,3.0,2.0,2.3333333,2.0,2.0,5.0,0.0,1.0,1.0,0.0,1.0,1.0,0.0,0.0,0.0,1.0,,0.0,0,,1.0,4.0,1.0,4.0,1.0,1.0,0.0,1.0,0.0,1.0,0.0,4.0,1.0,3.0,0.0,4.0,1.0,3.0,0.0,2.75,0.5,4.0,1.0,3.0,0.0,1.0,0.0,2.0,0.0,2.0,0.0,3.0,0.0,3.0,0.0,0.0,5.0,1.0,5.0,1.0,3.0,0.0,1.0,0.0,1.0,0.0,4.0,1.0,4.0,1.0,3.0,0.0,3.0,0.0,3.25,1.0,1.0,2.0,0.0,0.0,0.0,1.0,-1.0,0.0,0.5,0.0,0.0,0.0,0.0,0.0,0.0,1.0,-1.0,0.0,0.0,,,1.0,0.0,1.0,1
4.0,3.0,2.0,1.0,50.0,9.0,4.0,2.0,0.0,0.0,1.0,0.0,8.0,0.0,1.0,0.0,4.0,1.0,3.0,2.6666667,3.0,4.0,1.0,2.6666667,3.0,2.0,4.0,2.0,2.6666667,2.0,1.0,4.0,1.0,0.0,0.0,0.0,0.0,0.0,0.0,0.0,0.0,1.0,,0.0,0,,1.0,4.0,1.0,4.0,1.0,4.0,1.0,2.0,0.0,3.0,0.0,4.0,1.0,4.0,1.0,3.0,0.0,3.0,0.0,3.5,0.625,3.0,0.0,4.0,1.0,4.0,1.0,5.0,1.0,4.0,1.0,2.0,0.0,4.0,1.0,0.0,4.0,1.0,3.0,0.0,2.0,0.0,2.0,0.0,5.0,1.0,1.0,0.0,2.0,0.0,4.0,1.0,3.0,0.0,2.875,0.0,-1.0,-2.0,0.0,2.0,-3.0,-2.0,1.0,0.0,-0.625,0.0,-1.0,-1.0,0.0,1.0,-1.0,-1.0,1.0,0.0,-0.25,,,0.0,1.0,0.0,3
3.0,1.0,4.0,2.0,46.0,19.0,7.0,1.0,0.0,1.0,1.0,0.0,1.0,1.0,0.0,0.0,1.0,1.0,1.0,1.0,1.0,3.0,1.0,1.6666666,45.0,2.0,4.0,3.0,3.0,3.0,3.0,4.0,0.0,1.0,0.0,1.0,1.0,0.0,0.0,1.0,1.0,0.0,0.0,,1,1.0,1.0,3.0,0.0,3.0,0.0,3.0,0.0,3.0,0.0,2.0,0.0,4.0,1.0,4.0,1.0,4.0,1.0,4.0,1.0,3.25,0.375,4.0,1.0,3.0,0.0,4.0,1.0,4.0,1.0,4.0,1.0,4.0,1.0,4.0,1.0,1.0,4.0,1.0,4.0,1.0,4.0,1.0,3.0,0.0,4.0,1.0,4.0,1.0,4.0,1.0,4.0,1.0,4.0,1.0,3.875,1.0,1.0,1.0,0.0,2.0,0.0,0.0,0.0,0.0,0.625,1.0,1.0,1.0,0.0,1.0,0.0,0.0,0.0,0.0,0.5,,,0.0,1.0,0.0,4
2.0,1.0,4.0,3.0,64.0,6.0,2.0,2.0,0.0,1.0,1.0,0.0,8.0,0.0,1.0,0.0,2.0,3.0,2.0,2.3333333,3.0,4.0,3.0,3.3333333,73.0,4.0,4.0,4.0,4.0,3.0,3.0,5.0,1.0,0.0,1.0,1.0,2.0,1.0,0.0,0.0,0.0,1.0,,0.0,0,,1.0,4.0,1.0,4.0,1.0,3.0,0.0,2.0,0.0,3.0,0.0,3.0,0.0,4.0,1.0,4.0,1.0,4.0,1.0,3.375,0.5,3.0,0.0,3.0,0.0,3.0,0.0,4.0,1.0,4.0,1.0,3.0,0.0,4.0,1.0,0.0,4.0,1.0,4.0,1.0,3.0,0.0,3.0,0.0,3.0,0.0,4.0,1.0,4.0,1.0,4.0,1.0,4.0,1.0,3.625,0.0,0.0,0.0,1.0,0.0,1.0,0.0,0.0,0.0,0.25,0.0,0.0,0.0,0.0,0.0,1.0,0.0,0.0,0.0,0.125,,,0.0,1.0,0.0,5
3.0,1.0,4.0,2.0,43.0,2.0,6.0,4.0,0.0,1.0,1.0,0.0,1.0,1.0,0.0,0.0,1.0,1.0,1.0,1.0,3.0,4.0,4.0,3.6666667,5.0,2.0,1.0,2.0,1.6666666,4.0,4.0,5.0,0.0,1.0,0.0,1.0,1.0,1.0,0.0,0.0,0.0,1.0,,0.0,0,,1.0,5.0,1.0,5.0,1.0,5.0,1.0,5.0,1.0,5.0,1.0,5.0,1.0,4.0,1.0,5.0,1.0,5.0,1.0,4.875,1.0,4.0,1.0,4.0,1.0,5.0,1.0,4.0,1.0,5.0,1.0,5.0,1.0,5.0,1.0,1.0,5.0,1.0,5.0,1.0,5.0,1.0,5.0,1.0,5.0,1.0,5.0,1.0,5.0,1.0,5.0,1.0,5.0,1.0,5.0,0.0,0.0,0.0,0.0,0.0,0.0,1.0,0.0,0.0,0.125,0.0,0.0,0.0,0.0,0.0,0.0,0.0,0.0,0.0,0.0,,,0.0,1.0,0.0,3
3.0,2.0,1.0,4.0,65.0,2.0,4.0,2.0,0.0,1.0,1.0,0.0,2.0,1.0,0.0,0.0,5.0,5.0,5.0,5.0,5.0,5.0,5.0,5.0,-3.0,5.0,5.0,1.0,3.6666667,5.0,5.0,5.0,1.0,0.0,0.0,0.0,0.0,0.0,0.0,0.0,0.0,1.0,,0.0,0,,1.0,5.0,1.0,5.0,1.0,5.0,1.0,5.0,1.0,5.0,1.0,5.0,1.0,5.0,1.0,5.0,1.0,5.0,1.0,5.0,1.0,5.0,1.0,5.0,1.0,5.0,1.0,5.0,1.0,5.0,1.0,5.0,1.0,5.0,1.0,1.0,5.0,1.0,5.0,1.0,5.0,1.0,5.0,1.0,5.0,1.0,5.0,1.0,5.0,1.0,5.0,1.0,5.0,1.0,5.0,0.0,0.0,0.0,0.0,0.0,0.0,0.0,0.0,0.0,0.0,0.0,0.0,0.0,0.0,0.0,0.0,0.0,0.0,0.0,0.0,,,0.0,0.0,0.0,2
2.0,3.0,4.0,1.0,56.0,17.0,4.0,3.0,0.0,1.0,1.0,0.0,1.0,1.0,0.0,0.0,3.0,1.0,1.0,1.6666666,3.0,4.0,2.0,3.0,-7.0,1.0,3.0,3.0,2.3333333,5.0,4.0,3.0,0.0,1.0,0.0,1.0,1.0,0.0,0.0,1.0,1.0,0.0,0.0,,1,0.0,0.0,4.0,1.0,4.0,1.0,3.0,0.0,3.0,0.0,3.0,0.0,4.0,1.0,4.0,1.0,4.0,1.0,4.0,1.0,3.625,0.625,4.0,1.0,3.0,0.0,4.0,1.0,3.0,0.0,4.0,1.0,4.0,1.0,3.0,0.0,0.0,4.0,1.0,4.0,1.0,3.0,0.0,3.0,0.0,3.0,0.0,4.0,1.0,4.0,1.0,4.0,1.0,4.0,1.0,3.625,0.0,0.0,0.0,0.0,0.0,0.0,0.0,0.0,0.0,0.0,0.0,0.0,0.0,0.0,0.0,0.0,0.0,0.0,0.0,0.0,4.0,1.0,0.0,0.0,1.0,1
2.0,1.0,4.0,3.0,64.0,1.0,2.0,1.0,0.0,1.0,1.0,0.0,1.0,1.0,0.0,0.0,2.0,2.0,1.0,1.6666666,3.0,4.0,1.0,2.6666667,2.0,1.0,4.0,2.0,2.3333333,3.0,1.0,3.0,0.0,1.0,1.0,0.0,1.0,1.0,0.0,0.0,0.0,1.0,,0.0,0,,1.0,3.0,0.0,3.0,0.0,3.0,0.0,3.0,0.0,3.0,0.0,3.0,0.0,2.0,0.0,3.0,0.0,2.0,0.0,2.875,0.0,4.0,1.0,2.0,0.0,3.0,0.0,3.0,0.0,3.0,0.0,3.0,0.0,3.0,0.0,0.0,4.0,1.0,3.0,0.0,3.0,0.0,1.0,0.0,3.0,0.0,4.0,1.0,3.0,0.0,3.0,0.0,2.0,0.0,3.0,1.0,0.0,0.0,-2.0,0.0,1.0,1.0,0.0,0.0,0.125,1.0,0.0,0.0,0.0,0.0,1.0,0.0,0.0,0.0,0.25,,,0.0,1.0,0.0,3
4.0,3.0,2.0,1.0,81.0,2.0,1.0,2.0,1.0,1.0,1.0,0.0,1.0,1.0,0.0,0.0,1.0,3.0,1.0,1.6666666,1.0,3.0,1.0,1.6666666,0.0,3.0,5.0,3.0,3.6666667,1.0,3.0,4.0,0.0,1.0,0.0,0.0,0.0,0.0,0.0,0.0,0.0,1.0,,0.0,0,,1.0,5.0,1.0,5.0,1.0,5.0,1.0,3.0,0.0,3.0,0.0,5.0,1.0,4.0,1.0,5.0,1.0,5.0,1.0,4.375,0.75,2.0,0.0,1.0,0.0,4.0,1.0,5.0,1.0,3.0,0.0,5.0,1.0,5.0,1.0,0.0,5.0,1.0,5.0,1.0,5.0,1.0,3.0,0.0,4.0,1.0,5.0,1.0,5.0,1.0,5.0,1.0,5.0,1.0,4.625,0.0,0.0,0.0,0.0,1.0,0.0,1.0,0.0,0.0,0.25,0.0,0.0,0.0,0.0,1.0,0.0,0.0,0.0,0.0,0.125,,,0.0,0.0,0.0,2
3.0,1.0,2.0,4.0,20.0,12.0,2.0,3.0,0.0,1.0,0.0,1.0,1.0,1.0,0.0,0.0,1.0,1.0,1.0,1.0,5.0,5.0,4.0,4.6666665,18.0,4.0,5.0,5.0,4.6666665,5.0,1.0,5.0,0.0,1.0,0.0,0.0,0.0,1.0,0.0,0.0,0.0,1.0,,0.0,0,,1.0,5.0,1.0,5.0,1.0,5.0,1.0,4.0,1.0,4.0,1.0,5.0,1.0,3.0,0.0,5.0,1.0,4.0,1.0,4.5,0.875,4.0,1.0,5.0,1.0,5.0,1.0,4.0,1.0,5.0,1.0,4.0,1.0,3.0,0.0,1.0,5.0,1.0,5.0,1.0,4.0,1.0,5.0,1.0,5.0,1.0,5.0,1.0,4.0,1.0,5.0,1.0,5.0,1.0,4.75,0.0,0.0,-1.0,1.0,1.0,0.0,1.0,0.0,1.0,0.25,0.0,0.0,0.0,0.0,0.0,0.0,1.0,0.0,0.0,0.125,,,0.0,1.0,0.0,4
3.0,1.0,2.0,4.0,52.0,4.0,7.0,3.0,0.0,1.0,0.0,1.0,2.0,1.0,0.0,0.0,5.0,2.0,1.0,2.6666667,3.0,5.0,4.0,4.0,50.0,2.0,5.0,2.0,3.0,4.0,4.0,2.0,1.0,0.0,1.0,1.0,2.0,1.0,0.0,0.0,0.0,1.0,,0.0,0,,1.0,5.0,1.0,5.0,1.0,5.0,1.0,1.0,0.0,1.0,0.0,5.0,1.0,4.0,1.0,3.0,0.0,4.0,1.0,3.625,0.625,3.0,0.0,5.0,1.0,4.0,1.0,1.0,0.0,4.0,1.0,1.0,0.0,4.0,1.0,0.0,5.0,1.0,5.0,1.0,5.0,1.0,2.0,0.0,3.0,0.0,5.0,1.0,5.0,1.0,5.0,1.0,5.0,1.0,4.375,0.0,0.0,0.0,1.0,2.0,0.0,1.0,2.0,1.0,0.75,0.0,0.0,0.0,0.0,0.0,0.0,0.0,1.0,0.0,0.125,,,0.0,1.0,0.0,4
2.0,3.0,4.0,1.0,63.0,2.0,4.0,3.0,0.0,1.0,1.0,0.0,8.0,0.0,1.0,0.0,1.0,1.0,1.0,1.0,2.0,4.0,1.0,2.3333333,40.0,3.0,5.0,4.0,4.0,4.0,4.0,5.0,1.0,0.0,1.0,0.0,1.0,0.0,0.0,0.0,0.0,1.0,,0.0,0,,1.0,4.0,1.0,5.0,1.0,5.0,1.0,3.0,0.0,3.0,0.0,2.0,0.0,2.0,0.0,4.0,1.0,3.0,0.0,3.5,0.5,3.0,0.0,3.0,0.0,2.0,0.0,4.0,1.0,2.0,0.0,5.0,1.0,5.0,1.0,0.0,5.0,1.0,4.0,1.0,4.0,1.0,2.0,0.0,2.0,0.0,2.0,0.0,2.0,0.0,4.0,1.0,2.0,0.0,3.125,1.0,-1.0,-1.0,-1.0,-1.0,0.0,0.0,0.0,-1.0,-0.375,0.0,0.0,0.0,0.0,0.0,0.0,0.0,0.0,0.0,0.0,,,0.0,1.0,1.0,4
2.0,3.0,4.0,1.0,38.0,7.0,5.0,3.0,0.0,1.0,1.0,0.0,1.0,1.0,0.0,0.0,1.0,1.0,1.0,1.0,4.0,3.0,1.0,2.6666667,-24.0,4.0,1.0,2.0,2.3333333,5.0,5.0,5.0,0.0,1.0,1.0,1.0,2.0,1.0,0.0,1.0,1.0,0.0,0.0,,1,1.0,1.0,5.0,1.0,5.0,1.0,5.0,1.0,4.0,1.0,4.0,1.0,5.0,1.0,5.0,1.0,5.0,1.0,4.0,1.0,4.75,1.0,1.0,0.0,5.0,1.0,5.0,1.0,5.0,1.0,5.0,1.0,5.0,1.0,5.0,1.0,1.0,5.0,1.0,5.0,1.0,5.0,1.0,4.0,1.0,4.0,1.0,5.0,1.0,5.0,1.0,5.0,1.0,5.0,1.0,4.75,0.0,0.0,0.0,0.0,0.0,0.0,0.0,0.0,1.0,0.0,0.0,0.0,0.0,0.0,0.0,0.0,0.0,0.0,0.0,0.0,,,0.0,0.0,1.0,1
1.0,3.0,2.0,4.0,65.0,8.0,2.0,2.0,0.0,1.0,1.0,0.0,2.0,1.0,0.0,0.0,3.0,3.0,3.0,3.0,3.0,3.0,3.0,3.0,4.0,3.0,3.0,3.0,3.0,3.0,3.0,1.0,0.0,1.0,0.0,0.0,0.0,0.0,0.0,1.0,1.0,0.0,0.0,,1,0.0,0.0,3.0,0.0,3.0,0.0,3.0,0.0,3.0,0.0,3.0,0.0,3.0,0.0,3.0,0.0,4.0,1.0,3.0,0.0,3.125,0.125,1.0,0.0,3.0,0.0,3.0,0.0,3.0,0.0,3.0,0.0,3.0,0.0,3.0,0.0,0.0,3.0,0.0,3.0,0.0,3.0,0.0,3.0,0.0,3.0,0.0,3.0,0.0,3.0,0.0,3.0,0.0,3.0,0.0,3.0,0.0,0.0,0.0,0.0,0.0,0.0,0.0,-1.0,0.0,-0.125,0.0,0.0,0.0,0.0,0.0,0.0,0.0,-1.0,0.0,-0.125,3.0,0.0,1.0,1.0,1.0,3
3.0,2.0,4.0,1.0,69.0,12.0,4.0,2.0,1.0,1.0,1.0,0.0,8.0,0.0,1.0,0.0,3.0,2.0,2.0,2.3333333,3.0,5.0,4.0,4.0,20.0,4.0,3.0,3.0,3.3333333,4.0,4.0,4.0,1.0,0.0,1.0,1.0,2.0,1.0,0.0,0.0,0.0,1.0,,0.0,0,,1.0,4.0,1.0,5.0,1.0,4.0,1.0,2.0,0.0,2.0,0.0,4.0,1.0,3.0,0.0,4.0,1.0,4.0,1.0,3.5,0.625,1.0,0.0,3.0,0.0,4.0,1.0,3.0,0.0,3.0,0.0,3.0,0.0,4.0,1.0,0.0,5.0,1.0,5.0,1.0,4.0,1.0,3.0,0.0,2.0,0.0,4.0,1.0,3.0,0.0,4.0,1.0,4.0,1.0,3.75,1.0,0.0,0.0,1.0,0.0,0.0,0.0,0.0,0.0,0.25,0.0,0.0,0.0,0.0,0.0,0.0,0.0,0.0,0.0,0.0,,,0.0,1.0,0.0,4
3.0,4.0,2.0,1.0,63.0,2.0,4.0,3.0,0.0,1.0,1.0,0.0,8.0,0.0,1.0,0.0,1.0,3.0,3.0,2.3333333,2.0,4.0,1.0,2.3333333,7.0,2.0,2.0,3.0,2.3333333,1.0,4.0,4.0,1.0,0.0,0.0,0.0,0.0,0.0,0.0,1.0,1.0,0.0,0.0,,1,1.0,1.0,4.0,1.0,4.0,1.0,5.0,1.0,1.0,0.0,1.0,0.0,3.0,0.0,5.0,1.0,4.0,1.0,4.0,1.0,3.375,0.625,3.0,0.0,5.0,1.0,5.0,1.0,4.0,1.0,5.0,1.0,4.0,1.0,3.0,0.0,1.0,4.0,1.0,4.0,1.0,5.0,1.0,1.0,0.0,1.0,0.0,3.0,0.0,3.0,0.0,4.0,1.0,3.0,0.0,3.125,0.0,0.0,0.0,0.0,0.0,0.0,-2.0,0.0,-1.0,-0.25,0.0,0.0,0.0,0.0,0.0,0.0,-1.0,0.0,-1.0,-0.125,,,0.0,1.0,1.0,3
4.0,2.0,3.0,1.0,67.0,13.0,5.0,4.0,1.0,0.0,1.0,0.0,8.0,0.0,1.0,0.0,3.0,3.0,3.0,3.0,4.0,4.0,3.0,3.6666667,92.0,3.0,4.0,4.0,3.6666667,2.0,3.0,4.0,1.0,0.0,0.0,0.0,0.0,0.0,0.0,0.0,0.0,1.0,,0.0,0,,1.0,4.0,1.0,5.0,1.0,4.0,1.0,2.0,0.0,3.0,0.0,2.0,0.0,1.0,0.0,4.0,1.0,3.0,0.0,3.125,0.5,1.0,0.0,3.0,0.0,3.0,0.0,4.0,1.0,3.0,0.0,4.0,1.0,4.0,1.0,0.0,5.0,1.0,5.0,1.0,4.0,1.0,2.0,0.0,3.0,0.0,2.0,0.0,1.0,0.0,4.0,1.0,2.0,0.0,3.25,1.0,0.0,0.0,0.0,0.0,0.0,0.0,0.0,-1.0,0.125,0.0,0.0,0.0,0.0,0.0,0.0,0.0,0.0,0.0,0.0,,,0.0,1.0,0.0,5
4.0,2.0,3.0,1.0,60.0,18.0,4.0,3.0,0.0,1.0,1.0,0.0,8.0,0.0,1.0,0.0,1.0,1.0,1.0,1.0,5.0,5.0,1.0,3.6666667,75.0,1.0,5.0,1.0,2.3333333,5.0,5.0,5.0,1.0,0.0,1.0,1.0,2.0,1.0,0.0,0.0,0.0,1.0,,0.0,0,,1.0,5.0,1.0,5.0,1.0,5.0,1.0,4.0,1.0,4.0,1.0,1.0,0.0,1.0,0.0,5.0,1.0,5.0,1.0,3.75,0.75,4.0,1.0,2.0,0.0,4.0,1.0,5.0,1.0,4.0,1.0,5.0,1.0,5.0,1.0,1.0,5.0,1.0,5.0,1.0,5.0,1.0,2.0,0.0,4.0,1.0,2.0,0.0,2.0,0.0,5.0,1.0,4.0,1.0,3.75,0.0,0.0,0.0,-2.0,0.0,1.0,1.0,0.0,-1.0,0.0,0.0,0.0,0.0,-1.0,0.0,0.0,0.0,0.0,0.0,-0.125,,,0.0,1.0,0.0,5
1.0,2.0,4.0,3.0,64.0,17.0,7.0,2.0,0.0,0.0,1.0,0.0,8.0,0.0,1.0,0.0,5.0,4.0,4.0,4.3333335,2.0,3.0,2.0,2.3333333,82.0,5.0,5.0,5.0,5.0,3.0,3.0,5.0,1.0,0.0,1.0,1.0,2.0,0.0,0.0,0.0,0.0,1.0,,0.0,0,,1.0,5.0,1.0,5.0,1.0,3.0,0.0,4.0,1.0,3.0,0.0,3.0,0.0,1.0,0.0,4.0,1.0,3.0,0.0,3.5,0.5,1.0,0.0,1.0,0.0,4.0,1.0,4.0,1.0,4.0,1.0,5.0,1.0,5.0,1.0,0.0,5.0,1.0,5.0,1.0,4.0,1.0,4.0,1.0,3.0,0.0,3.0,0.0,3.0,0.0,5.0,1.0,3.0,0.0,4.0,0.0,0.0,1.0,0.0,0.0,0.0,2.0,1.0,0.0,0.5,0.0,0.0,1.0,0.0,0.0,0.0,0.0,0.0,0.0,0.125,,,1.0,1.0,1.0,5
2.0,3.0,4.0,1.0,66.0,6.0,3.0,3.0,1.0,1.0,1.0,0.0,8.0,0.0,1.0,0.0,1.0,1.0,2.0,1.3333334,1.0,5.0,1.0,2.3333333,44.0,3.0,5.0,3.0,3.6666667,3.0,4.0,4.0,1.0,0.0,0.0,0.0,0.0,0.0,0.0,1.0,1.0,0.0,0.0,,1,0.0,0.0,5.0,1.0,5.0,1.0,5.0,1.0,1.0,0.0,1.0,0.0,5.0,1.0,1.0,0.0,3.0,0.0,3.0,0.0,3.25,0.5,2.0,0.0,2.0,0.0,3.0,0.0,5.0,1.0,3.0,0.0,5.0,1.0,5.0,1.0,0.0,1.0,0.0,5.0,1.0,5.0,1.0,1.0,0.0,1.0,0.0,5.0,1.0,1.0,0.0,3.0,0.0,3.0,0.0,2.75,-4.0,0.0,0.0,0.0,0.0,0.0,0.0,0.0,0.0,-0.5,-1.0,0.0,0.0,0.0,0.0,0.0,0.0,0.0,0.0,-0.125,5.0,1.0,0.0,1.0,1.0,4
4.0,2.0,3.0,1.0,64.0,5.0,4.0,2.0,0.0,1.0,1.0,0.0,8.0,0.0,1.0,0.0,1.0,2.0,2.0,1.6666666,2.0,4.0,1.0,2.3333333,87.0,4.0,4.0,4.0,4.0,4.0,4.0,4.0,1.0,0.0,1.0,1.0,2.0,1.0,0.0,0.0,0.0,1.0,,0.0,0,,1.0,3.0,0.0,2.0,0.0,2.0,0.0,1.0,0.0,2.0,0.0,2.0,0.0,3.0,0.0,2.0,0.0,4.0,1.0,2.125,0.0,3.0,0.0,4.0,1.0,2.0,0.0,4.0,1.0,2.0,0.0,3.0,0.0,3.0,0.0,0.0,4.0,1.0,4.0,1.0,4.0,1.0,2.0,0.0,2.0,0.0,1.0,0.0,4.0,1.0,2.0,0.0,4.0,1.0,2.875,1.0,2.0,2.0,1.0,0.0,-1.0,1.0,0.0,0.0,0.75,1.0,1.0,1.0,0.0,0.0,0.0,1.0,0.0,0.0,0.5,,,0.0,1.0,0.0,5
1.0,3.0,4.0,2.0,65.0,3.0,6.0,1.0,0.0,1.0,1.0,0.0,1.0,1.0,0.0,0.0,1.0,4.0,1.0,2.0,4.0,2.0,1.0,2.3333333,-64.0,4.0,4.0,3.0,3.6666667,2.0,5.0,5.0,0.0,1.0,1.0,0.0,1.0,1.0,0.0,1.0,1.0,0.0,0.0,,1,1.0,1.0,5.0,1.0,5.0,1.0,5.0,1.0,2.0,0.0,1.0,0.0,4.0,1.0,5.0,1.0,5.0,1.0,4.0,1.0,4.0,0.75,2.0,0.0,2.0,0.0,4.0,1.0,2.0,0.0,3.0,0.0,4.0,1.0,5.0,1.0,0.0,5.0,1.0,5.0,1.0,5.0,1.0,2.0,0.0,2.0,0.0,5.0,1.0,5.0,1.0,5.0,1.0,4.0,1.0,4.25,0.0,0.0,0.0,0.0,1.0,1.0,0.0,0.0,0.0,0.25,0.0,0.0,0.0,0.0,0.0,0.0,0.0,0.0,0.0,0.0,,,1.0,0.0,1.0,1
2.0,3.0,4.0,1.0,75.0,6.0,8.0,4.0,1.0,0.0,1.0,0.0,5.0,0.0,0.0,1.0,2.0,2.0,3.0,2.3333333,2.0,4.0,2.0,2.6666667,0.0,4.0,4.0,3.0,3.6666667,3.0,2.0,4.0,0.0,0.0,1.0,1.0,2.0,0.0,0.0,1.0,1.0,0.0,0.0,,1,1.0,1.0,3.0,0.0,4.0,1.0,3.0,0.0,1.0,0.0,1.0,0.0,3.0,0.0,2.0,0.0,3.0,0.0,3.0,0.0,2.5,0.125,3.0,0.0,2.0,0.0,3.0,0.0,3.0,0.0,3.0,0.0,3.0,0.0,3.0,0.0,0.0,3.0,0.0,3.0,0.0,3.0,0.0,1.0,0.0,1.0,0.0,3.0,0.0,2.0,0.0,3.0,0.0,3.0,0.0,2.375,0.0,-1.0,0.0,0.0,0.0,0.0,0.0,0.0,0.0,-0.125,0.0,-1.0,0.0,0.0,0.0,0.0,0.0,0.0,0.0,-0.125,,,0.0,0.0,1.0,2
4.0,2.0,3.0,1.0,63.0,3.0,6.0,4.0,0.0,0.0,1.0,0.0,6.0,0.0,0.0,1.0,3.0,3.0,3.0,3.0,4.0,3.0,4.0,3.6666667,9.0,3.0,5.0,1.0,3.0,5.0,3.0,2.0,1.0,0.0,0.0,0.0,0.0,1.0,0.0,1.0,1.0,0.0,0.0,,1,0.0,0.0,3.0,0.0,3.0,0.0,3.0,0.0,3.0,0.0,3.0,0.0,3.0,0.0,3.0,0.0,3.0,0.0,3.0,0.0,3.0,0.0,3.0,0.0,3.0,0.0,4.0,1.0,4.0,1.0,4.0,1.0,4.0,1.0,4.0,1.0,0.0,3.0,0.0,3.0,0.0,3.0,0.0,3.0,0.0,3.0,0.0,3.0,0.0,3.0,0.0,3.0,0.0,3.0,0.0,3.0,0.0,0.0,0.0,0.0,0.0,0.0,0.0,0.0,0.0,0.0,0.0,0.0,0.0,0.0,0.0,0.0,0.0,0.0,0.0,0.0,3.0,0.0,0.0,1.0,0.0,4
3.0,2.0,4.0,1.0,50.0,1.0,6.0,2.0,0.0,0.0,1.0,0.0,1.0,1.0,0.0,0.0,5.0,1.0,5.0,3.6666667,1.0,3.0,1.0,1.6666666,0.0,1.0,3.0,1.0,1.6666666,1.0,1.0,3.0,0.0,1.0,0.0,1.0,1.0,0.0,0.0,0.0,0.0,1.0,,0.0,0,,1.0,5.0,1.0,5.0,1.0,5.0,1.0,5.0,1.0,1.0,0.0,5.0,1.0,1.0,0.0,3.0,0.0,1.0,0.0,3.75,0.625,2.0,0.0,1.0,0.0,3.0,0.0,3.0,0.0,3.0,0.0,3.0,0.0,3.0,0.0,0.0,5.0,1.0,5.0,1.0,5.0,1.0,3.0,0.0,1.0,0.0,1.0,0.0,3.0,0.0,3.0,0.0,1.0,0.0,3.25,0.0,0.0,0.0,-2.0,0.0,-4.0,2.0,0.0,0.0,-0.5,0.0,0.0,0.0,-1.0,0.0,-1.0,0.0,0.0,0.0,-0.25,,,0.0,0.0,0.0,2
3.0,2.0,1.0,4.0,60.0,6.0,2.0,3.0,0.0,1.0,0.0,1.0,1.0,1.0,0.0,0.0,3.0,3.0,2.0,2.6666667,3.0,3.0,3.0,3.0,-29.0,2.0,4.0,1.0,2.3333333,3.0,4.0,4.0,0.0,0.0,1.0,1.0,2.0,1.0,0.0,1.0,1.0,0.0,0.0,,1,0.0,0.0,3.0,0.0,3.0,0.0,4.0,1.0,2.0,0.0,4.0,1.0,3.0,0.0,4.0,1.0,3.0,0.0,5.0,1.0,3.25,0.375,2.0,0.0,3.0,0.0,5.0,1.0,4.0,1.0,4.0,1.0,5.0,1.0,5.0,1.0,0.0,3.0,0.0,3.0,0.0,4.0,1.0,3.0,0.0,3.0,0.0,3.0,0.0,4.0,1.0,3.0,0.0,1.0,0.0,3.25,0.0,0.0,0.0,1.0,-1.0,0.0,0.0,0.0,-4.0,0.0,0.0,0.0,0.0,0.0,-1.0,0.0,0.0,0.0,-1.0,-0.125,3.0,0.0,0.0,0.0,0.0,1
4.0,2.0,3.0,1.0,45.0,20.0,6.0,4.0,0.0,1.0,1.0,0.0,1.0,1.0,0.0,0.0,1.0,1.0,1.0,1.0,4.0,2.0,1.0,2.3333333,81.0,2.0,4.0,4.0,3.3333333,4.0,4.0,5.0,0.0,1.0,1.0,0.0,1.0,0.0,0.0,0.0,0.0,1.0,,0.0,0,,1.0,4.0,1.0,5.0,1.0,3.0,0.0,1.0,0.0,1.0,0.0,5.0,1.0,3.0,0.0,5.0,1.0,3.0,0.0,3.375,0.5,1.0,0.0,1.0,0.0,3.0,0.0,5.0,1.0,2.0,0.0,5.0,1.0,2.0,0.0,0.0,5.0,1.0,5.0,1.0,4.0,1.0,1.0,0.0,1.0,0.0,5.0,1.0,2.0,0.0,5.0,1.0,3.0,0.0,3.5,1.0,0.0,1.0,0.0,0.0,0.0,-1.0,0.0,0.0,0.125,0.0,0.0,1.0,0.0,0.0,0.0,0.0,0.0,0.0,0.125,,,0.0,1.0,0.0,5
1.0,2.0,3.0,4.0,67.0,5.0,2.0,1.0,1.0,1.0,1.0,0.0,2.0,1.0,0.0,0.0,2.0,2.0,2.0,2.0,3.0,4.0,3.0,3.3333333,-5.0,4.0,3.0,2.0,3.0,3.0,3.0,1.0,0.0,1.0,1.0,0.0,1.0,1.0,0.0,0.0,0.0,1.0,,0.0,0,,1.0,2.0,0.0,3.0,0.0,3.0,0.0,3.0,0.0,4.0,1.0,4.0,1.0,3.0,0.0,3.0,0.0,3.0,0.0,3.125,0.25,3.0,0.0,3.0,0.0,2.0,0.0,3.0,0.0,4.0,1.0,3.0,0.0,3.0,0.0,0.0,3.0,0.0,3.0,0.0,2.0,0.0,3.0,0.0,4.0,1.0,2.0,0.0,3.0,0.0,3.0,0.0,2.0,0.0,2.875,1.0,0.0,-1.0,0.0,0.0,-2.0,0.0,0.0,-1.0,-0.25,0.0,0.0,0.0,0.0,0.0,-1.0,0.0,0.0,0.0,-0.125,,,1.0,0.0,1.0,1
3.0,1.0,2.0,4.0,74.0,6.0,2.0,2.0,1.0,0.0,1.0,0.0,2.0,1.0,0.0,0.0,1.0,1.0,1.0,1.0,5.0,5.0,1.0,3.6666667,0.0,1.0,5.0,1.0,2.3333333,5.0,1.0,5.0,0.0,1.0,1.0,0.0,1.0,1.0,0.0,0.0,0.0,1.0,,0.0,0,,1.0,3.0,0.0,3.0,0.0,1.0,0.0,1.0,0.0,1.0,0.0,5.0,1.0,1.0,0.0,3.0,0.0,2.0,0.0,2.25,0.125,3.0,0.0,1.0,0.0,1.0,0.0,1.0,0.0,3.0,0.0,1.0,0.0,3.0,0.0,0.0,3.0,0.0,3.0,0.0,1.0,0.0,1.0,0.0,1.0,0.0,5.0,1.0,1.0,0.0,1.0,0.0,1.0,0.0,2.0,0.0,0.0,0.0,0.0,0.0,0.0,0.0,-2.0,-1.0,-0.25,0.0,0.0,0.0,0.0,0.0,0.0,0.0,0.0,0.0,0.0,,,0.0,0.0,0.0,2
3.0,1.0,2.0,4.0,71.0,14.0,3.0,2.0,1.0,0.0,1.0,0.0,6.0,0.0,0.0,1.0,2.0,2.0,2.0,2.0,4.0,4.0,4.0,4.0,0.0,2.0,2.0,2.0,2.0,3.0,4.0,5.0,1.0,0.0,0.0,0.0,0.0,1.0,0.0,0.0,0.0,1.0,,0.0,0,,1.0,3.0,0.0,4.0,1.0,4.0,1.0,3.0,0.0,3.0,0.0,3.0,0.0,3.0,0.0,3.0,0.0,3.0,0.0,3.25,0.25,2.0,0.0,4.0,1.0,3.0,0.0,3.0,0.0,3.0,0.0,3.0,0.0,4.0,1.0,0.0,4.0,1.0,4.0,1.0,4.0,1.0,4.0,1.0,4.0,1.0,4.0,1.0,4.0,1.0,4.0,1.0,4.0,1.0,4.0,1.0,0.0,0.0,1.0,1.0,1.0,1.0,1.0,1.0,0.75,1.0,0.0,0.0,1.0,1.0,1.0,1.0,1.0,1.0,0.75,,,0.0,0.0,0.0,2
2.0,3.0,4.0,1.0,63.0,1.0,4.0,4.0,0.0,1.0,0.0,0.0,1.0,1.0,0.0,0.0,2.0,1.0,3.0,2.0,3.0,4.0,3.0,3.3333333,0.0,1.0,4.0,2.0,2.3333333,4.0,3.0,5.0,0.0,1.0,1.0,1.0,2.0,1.0,0.0,0.0,0.0,1.0,,0.0,0,,1.0,5.0,1.0,5.0,1.0,5.0,1.0,5.0,1.0,3.0,0.0,4.0,1.0,4.0,1.0,5.0,1.0,5.0,1.0,4.5,0.875,5.0,1.0,3.0,0.0,5.0,1.0,5.0,1.0,5.0,1.0,5.0,1.0,5.0,1.0,1.0,5.0,1.0,5.0,1.0,5.0,1.0,5.0,1.0,4.0,1.0,4.0,1.0,5.0,1.0,5.0,1.0,5.0,1.0,4.75,0.0,0.0,0.0,0.0,1.0,0.0,1.0,0.0,0.0,0.25,0.0,0.0,0.0,0.0,1.0,0.0,0.0,0.0,0.0,0.125,,,0.0,0.0,1.0,2
1.0,3.0,4.0,2.0,49.0,1.0,6.0,4.0,0.0,1.0,0.0,0.0,4.0,0.0,0.0,1.0,2.0,3.0,1.0,2.0,3.0,5.0,1.0,3.0,0.0,2.0,4.0,3.0,3.0,4.0,2.0,4.0,0.0,0.0,1.0,0.0,1.0,1.0,0.0,1.0,1.0,0.0,0.0,,1,1.0,1.0,4.0,1.0,5.0,1.0,3.0,0.0,2.0,0.0,3.0,0.0,2.0,0.0,3.0,0.0,4.0,1.0,3.0,0.0,3.25,0.375,5.0,1.0,3.0,0.0,3.0,0.0,3.0,0.0,3.0,0.0,3.0,0.0,5.0,1.0,0.0,4.0,1.0,4.0,1.0,3.0,0.0,2.0,0.0,3.0,0.0,2.0,0.0,3.0,0.0,4.0,1.0,3.0,0.0,3.125,0.0,-1.0,0.0,0.0,0.0,0.0,0.0,0.0,0.0,-0.125,0.0,0.0,0.0,0.0,0.0,0.0,0.0,0.0,0.0,0.0,,,1.0,0.0,1.0,2
4.0,1.0,2.0,3.0,73.0,1.0,4.0,3.0,1.0,0.0,0.0,1.0,2.0,1.0,0.0,0.0,4.0,3.0,2.0,3.0,4.0,5.0,4.0,4.3333335,46.0,4.0,4.0,4.0,4.0,2.0,5.0,3.0,0.0,1.0,0.0,0.0,0.0,1.0,0.0,0.0,0.0,1.0,,0.0,0,,1.0,5.0,1.0,5.0,1.0,2.0,0.0,4.0,1.0,4.0,1.0,2.0,0.0,4.0,1.0,4.0,1.0,4.0,1.0,3.75,0.75,5.0,1.0,4.0,1.0,4.0,1.0,4.0,1.0,4.0,1.0,5.0,1.0,5.0,1.0,0.0,5.0,1.0,5.0,1.0,2.0,0.0,3.0,0.0,2.0,0.0,2.0,0.0,4.0,1.0,4.0,1.0,4.0,1.0,3.375,0.0,0.0,0.0,-1.0,-2.0,0.0,0.0,0.0,0.0,-0.375,0.0,0.0,0.0,-1.0,-1.0,0.0,0.0,0.0,0.0,-0.25,,,0.0,1.0,0.0,4
3.0,2.0,4.0,1.0,54.0,6.0,5.0,3.0,0.0,1.0,1.0,0.0,6.0,0.0,0.0,1.0,3.0,3.0,3.0,3.0,3.0,3.0,3.0,3.0,-2.0,5.0,4.0,3.0,4.0,2.0,5.0,3.0,1.0,0.0,0.0,0.0,0.0,0.0,0.0,0.0,0.0,1.0,,0.0,0,,1.0,5.0,1.0,4.0,1.0,5.0,1.0,3.0,0.0,3.0,0.0,5.0,1.0,4.0,1.0,5.0,1.0,4.0,1.0,4.25,0.75,4.0,1.0,3.0,0.0,3.0,0.0,4.0,1.0,4.0,1.0,5.0,1.0,5.0,1.0,0.0,5.0,1.0,5.0,1.0,5.0,1.0,4.0,1.0,4.0,1.0,5.0,1.0,4.0,1.0,5.0,1.0,4.0,1.0,4.625,0.0,1.0,0.0,1.0,1.0,0.0,0.0,0.0,0.0,0.375,0.0,0.0,0.0,1.0,1.0,0.0,0.0,0.0,0.0,0.25,,,0.0,0.0,0.0,2
2.0,3.0,4.0,1.0,67.0,21.0,7.0,3.0,1.0,1.0,1.0,0.0,2.0,1.0,0.0,0.0,2.0,4.0,1.0,2.3333333,1.0,4.0,1.0,2.0,0.0,1.0,3.0,3.0,2.3333333,2.0,5.0,5.0,0.0,1.0,1.0,1.0,2.0,0.0,0.0,0.0,0.0,1.0,,0.0,0,,1.0,3.0,0.0,5.0,1.0,4.0,1.0,2.0,0.0,1.0,0.0,5.0,1.0,4.0,1.0,5.0,1.0,4.0,1.0,3.625,0.625,2.0,0.0,3.0,0.0,5.0,1.0,5.0,1.0,3.0,0.0,5.0,1.0,4.0,1.0,0.0,5.0,1.0,5.0,1.0,4.0,1.0,3.0,0.0,4.0,1.0,5.0,1.0,4.0,1.0,5.0,1.0,4.0,1.0,4.375,2.0,0.0,0.0,1.0,3.0,0.0,0.0,0.0,0.0,0.75,1.0,0.0,0.0,0.0,1.0,0.0,0.0,0.0,0.0,0.25,,,0.0,0.0,1.0,2
4.0,2.0,1.0,3.0,28.0,8.0,4.0,3.0,0.0,0.0,0.0,1.0,1.0,1.0,0.0,0.0,3.0,5.0,3.0,3.6666667,2.0,4.0,3.0,3.0,-26.0,4.0,3.0,3.0,3.3333333,3.0,4.0,4.0,1.0,0.0,0.0,0.0,0.0,1.0,0.0,0.0,0.0,1.0,,0.0,0,,1.0,4.0,1.0,3.0,0.0,2.0,0.0,3.0,0.0,2.0,0.0,4.0,1.0,3.0,0.0,3.0,0.0,3.0,0.0,3.0,0.25,3.0,0.0,4.0,1.0,4.0,1.0,5.0,1.0,3.0,0.0,4.0,1.0,4.0,1.0,1.0,4.0,1.0,3.0,0.0,5.0,1.0,2.0,0.0,2.0,0.0,3.0,0.0,4.0,1.0,4.0,1.0,4.0,1.0,3.375,0.0,0.0,3.0,-1.0,0.0,-1.0,1.0,1.0,1.0,0.375,0.0,0.0,1.0,0.0,0.0,-1.0,1.0,1.0,1.0,0.25,,,0.0,0.0,0.0,1
1.0,2.0,3.0,4.0,63.0,1.0,2.0,1.0,0.0,1.0,1.0,0.0,3.0,0.0,0.0,1.0,2.0,4.0,3.0,3.0,4.0,5.0,1.0,3.3333333,0.0,1.0,3.0,1.0,1.6666666,5.0,3.0,4.0,0.0,0.0,1.0,1.0,2.0,1.0,0.0,1.0,1.0,0.0,0.0,,1,1.0,1.0,5.0,1.0,5.0,1.0,2.0,0.0,2.0,0.0,4.0,1.0,5.0,1.0,5.0,1.0,5.0,1.0,5.0,1.0,4.125,0.75,3.0,0.0,3.0,0.0,3.0,0.0,3.0,0.0,3.0,0.0,5.0,1.0,5.0,1.0,0.0,5.0,1.0,5.0,1.0,3.0,0.0,3.0,0.0,3.0,0.0,5.0,1.0,5.0,1.0,5.0,1.0,5.0,1.0,4.25,0.0,0.0,1.0,1.0,-1.0,0.0,0.0,0.0,0.0,0.125,0.0,0.0,0.0,0.0,-1.0,0.0,0.0,0.0,0.0,-0.125,,,1.0,0.0,1.0,2
4.0,3.0,1.0,2.0,53.0,14.0,6.0,3.0,0.0,1.0,0.0,1.0,1.0,1.0,0.0,0.0,1.0,1.0,1.0,1.0,5.0,5.0,5.0,5.0,0.0,3.0,5.0,1.0,3.0,5.0,5.0,5.0,0.0,1.0,1.0,1.0,2.0,0.0,0.0,1.0,1.0,0.0,0.0,,1,1.0,1.0,5.0,1.0,5.0,1.0,3.0,0.0,5.0,1.0,5.0,1.0,5.0,1.0,5.0,1.0,5.0,1.0,5.0,1.0,4.75,0.875,5.0,1.0,3.0,0.0,5.0,1.0,3.0,0.0,5.0,1.0,5.0,1.0,5.0,1.0,1.0,5.0,1.0,5.0,1.0,3.0,0.0,5.0,1.0,5.0,1.0,5.0,1.0,5.0,1.0,5.0,1.0,5.0,1.0,4.75,0.0,0.0,0.0,0.0,0.0,0.0,0.0,0.0,0.0,0.0,0.0,0.0,0.0,0.0,0.0,0.0,0.0,0.0,0.0,0.0,,,0.0,0.0,0.0,2
4.0,3.0,2.0,1.0,42.0,22.0,6.0,2.0,0.0,0.0,1.0,0.0,2.0,1.0,0.0,0.0,4.0,4.0,4.0,4.0,5.0,5.0,4.0,4.6666665,95.0,1.0,4.0,1.0,2.0,5.0,4.0,5.0,0.0,1.0,1.0,1.0,2.0,1.0,0.0,0.0,0.0,1.0,,0.0,0,,1.0,4.0,1.0,5.0,1.0,5.0,1.0,5.0,1.0,5.0,1.0,2.0,0.0,4.0,1.0,4.0,1.0,5.0,1.0,4.25,0.875,5.0,1.0,4.0,1.0,5.0,1.0,2.0,0.0,4.0,1.0,4.0,1.0,5.0,1.0,0.0,4.0,1.0,4.0,1.0,4.0,1.0,4.0,1.0,4.0,1.0,5.0,1.0,5.0,1.0,4.0,1.0,5.0,1.0,4.25,0.0,-1.0,-1.0,-1.0,-1.0,3.0,1.0,0.0,0.0,0.0,0.0,0.0,0.0,0.0,0.0,1.0,0.0,0.0,0.0,0.125,,,0.0,1.0,0.0,5
3.0,2.0,4.0,1.0,63.0,8.0,3.0,2.0,0.0,1.0,0.0,1.0,1.0,1.0,0.0,0.0,4.0,4.0,3.0,3.6666667,2.0,4.0,4.0,3.3333333,0.0,3.0,3.0,2.0,2.6666667,4.0,4.0,4.0,0.0,1.0,0.0,0.0,0.0,0.0,0.0,1.0,1.0,0.0,0.0,,1,0.0,0.0,4.0,1.0,4.0,1.0,3.0,0.0,2.0,0.0,3.0,0.0,4.0,1.0,3.0,0.0,4.0,1.0,3.0,0.0,3.375,0.5,2.0,0.0,2.0,0.0,4.0,1.0,4.0,1.0,2.0,0.0,5.0,1.0,5.0,1.0,0.0,4.0,1.0,4.0,1.0,2.0,0.0,2.0,0.0,2.0,0.0,3.0,0.0,3.0,0.0,3.0,0.0,3.0,0.0,2.875,0.0,0.0,-1.0,0.0,-1.0,-1.0,0.0,-1.0,0.0,-0.5,0.0,0.0,0.0,0.0,0.0,-1.0,0.0,-1.0,0.0,-0.25,4.0,1.0,0.0,0.0,0.0,2
3.0,1.0,4.0,2.0,33.0,3.0,3.0,3.0,0.0,0.0,0.0,1.0,8.0,0.0,1.0,0.0,3.0,3.0,4.0,3.3333333,4.0,4.0,3.0,3.6666667,-41.0,2.0,3.0,4.0,3.0,2.0,2.0,5.0,1.0,0.0,0.0,1.0,1.0,1.0,0.0,1.0,1.0,0.0,0.0,,1,0.0,0.0,3.0,0.0,3.0,0.0,2.0,0.0,3.0,0.0,4.0,1.0,1.0,0.0,4.0,1.0,2.0,0.0,2.0,0.0,2.75,0.25,4.0,1.0,3.0,0.0,4.0,1.0,4.0,1.0,4.0,1.0,4.0,1.0,5.0,1.0,1.0,4.0,1.0,2.0,0.0,3.0,0.0,4.0,1.0,4.0,1.0,4.0,1.0,4.0,1.0,3.0,0.0,3.0,0.0,3.5,1.0,-1.0,1.0,1.0,0.0,3.0,0.0,1.0,1.0,0.75,1.0,0.0,0.0,1.0,0.0,1.0,0.0,0.0,0.0,0.375,2.0,0.0,0.0,0.0,0.0,1
3.0,1.0,4.0,2.0,27.0,9.0,5.0,1.0,0.0,1.0,1.0,0.0,1.0,1.0,0.0,0.0,4.0,4.0,5.0,4.3333335,5.0,4.0,4.0,4.3333335,20.0,4.0,5.0,1.0,3.3333333,4.0,5.0,5.0,0.0,1.0,1.0,0.0,1.0,0.0,0.0,1.0,1.0,0.0,0.0,,1,1.0,1.0,5.0,1.0,4.0,1.0,4.0,1.0,4.0,1.0,5.0,1.0,4.0,1.0,4.0,1.0,5.0,1.0,4.0,1.0,4.375,1.0,4.0,1.0,5.0,1.0,4.0,1.0,4.0,1.0,5.0,1.0,4.0,1.0,5.0,1.0,1.0,5.0,1.0,4.0,1.0,4.0,1.0,4.0,1.0,4.0,1.0,5.0,1.0,5.0,1.0,4.0,1.0,5.0,1.0,4.375,0.0,0.0,0.0,0.0,-1.0,1.0,1.0,-1.0,1.0,0.0,0.0,0.0,0.0,0.0,0.0,0.0,0.0,0.0,0.0,0.0,,,0.0,1.0,0.0,4
2.0,1.0,4.0,3.0,65.0,5.0,2.0,3.0,0.0,1.0,1.0,0.0,1.0,1.0,0.0,0.0,2.0,1.0,2.0,1.6666666,5.0,5.0,4.0,4.6666665,0.0,3.0,4.0,3.0,3.3333333,5.0,2.0,4.0,0.0,1.0,0.0,0.0,0.0,1.0,0.0,0.0,0.0,1.0,,0.0,0,,1.0,4.0,1.0,4.0,1.0,3.0,0.0,2.0,0.0,3.0,0.0,4.0,1.0,3.0,0.0,4.0,1.0,4.0,1.0,3.375,0.5,2.0,0.0,2.0,0.0,3.0,0.0,4.0,1.0,3.0,0.0,4.0,1.0,3.0,0.0,0.0,4.0,1.0,4.0,1.0,4.0,1.0,3.0,0.0,4.0,1.0,4.0,1.0,4.0,1.0,4.0,1.0,4.0,1.0,3.875,0.0,0.0,1.0,1.0,1.0,0.0,1.0,0.0,0.0,0.5,0.0,0.0,1.0,0.0,1.0,0.0,1.0,0.0,0.0,0.375,,,0.0,0.0,0.0,2
3.0,2.0,4.0,1.0,69.0,13.0,7.0,1.0,1.0,1.0,1.0,0.0,5.0,0.0,0.0,1.0,4.0,1.0,3.0,2.6666667,5.0,5.0,5.0,5.0,96.0,5.0,4.0,5.0,4.6666665,1.0,3.0,5.0,1.0,0.0,1.0,1.0,2.0,1.0,0.0,0.0,0.0,1.0,,0.0,0,,1.0,5.0,1.0,5.0,1.0,5.0,1.0,2.0,0.0,1.0,0.0,1.0,0.0,3.0,0.0,5.0,1.0,2.0,0.0,3.375,0.5,2.0,0.0,3.0,0.0,3.0,0.0,2.0,0.0,2.0,0.0,5.0,1.0,5.0,1.0,0.0,5.0,1.0,5.0,1.0,5.0,1.0,1.0,0.0,1.0,0.0,1.0,0.0,2.0,0.0,5.0,1.0,2.0,0.0,3.125,0.0,0.0,0.0,-1.0,0.0,0.0,-1.0,0.0,0.0,-0.25,0.0,0.0,0.0,0.0,0.0,0.0,0.0,0.0,0.0,0.0,,,0.0,1.0,0.0,5
1.0,3.0,4.0,2.0,67.0,5.0,2.0,3.0,1.0,1.0,1.0,0.0,7.0,0.0,1.0,0.0,3.0,3.0,4.0,3.3333333,3.0,4.0,3.0,3.3333333,-21.0,3.0,4.0,2.0,3.0,3.0,3.0,4.0,1.0,0.0,1.0,0.0,1.0,1.0,0.0,0.0,0.0,1.0,,0.0,0,,1.0,3.0,0.0,4.0,1.0,3.0,0.0,2.0,0.0,2.0,0.0,3.0,0.0,2.0,0.0,2.0,0.0,2.0,0.0,2.625,0.125,5.0,1.0,2.0,0.0,2.0,0.0,3.0,0.0,2.0,0.0,2.0,0.0,3.0,0.0,0.0,4.0,1.0,4.0,1.0,4.0,1.0,1.0,0.0,2.0,0.0,3.0,0.0,2.0,0.0,3.0,0.0,2.0,0.0,2.875,1.0,0.0,1.0,-1.0,0.0,0.0,0.0,1.0,0.0,0.25,1.0,0.0,1.0,0.0,0.0,0.0,0.0,0.0,0.0,0.25,,,1.0,0.0,1.0,1
1.0,2.0,3.0,4.0,72.0,3.0,4.0,2.0,1.0,1.0,1.0,0.0,8.0,0.0,1.0,0.0,2.0,2.0,2.0,2.0,2.0,4.0,4.0,3.3333333,49.0,2.0,2.0,2.0,2.0,4.0,4.0,3.0,1.0,0.0,0.0,0.0,0.0,1.0,0.0,1.0,1.0,0.0,0.0,,1,1.0,1.0,4.0,1.0,4.0,1.0,4.0,1.0,4.0,1.0,4.0,1.0,3.0,0.0,3.0,0.0,4.0,1.0,4.0,1.0,3.75,0.75,4.0,1.0,4.0,1.0,4.0,1.0,4.0,1.0,4.0,1.0,5.0,1.0,5.0,1.0,0.0,4.0,1.0,4.0,1.0,4.0,1.0,4.0,1.0,4.0,1.0,3.0,0.0,3.0,0.0,4.0,1.0,4.0,1.0,3.75,0.0,0.0,0.0,0.0,0.0,0.0,0.0,0.0,0.0,0.0,0.0,0.0,0.0,0.0,0.0,0.0,0.0,0.0,0.0,0.0,,,1.0,1.0,1.0,4
4.0,1.0,3.0,2.0,66.0,6.0,5.0,3.0,1.0,1.0,1.0,0.0,6.0,0.0,0.0,1.0,2.0,3.0,3.0,2.6666667,4.0,4.0,3.0,3.6666667,100.0,4.0,5.0,4.0,4.3333335,5.0,4.0,2.0,1.0,0.0,1.0,1.0,2.0,0.0,0.0,0.0,0.0,1.0,,0.0,0,,1.0,3.0,0.0,3.0,0.0,3.0,0.0,3.0,0.0,3.0,0.0,3.0,0.0,3.0,0.0,3.0,0.0,3.0,0.0,3.0,0.0,1.0,0.0,1.0,0.0,3.0,0.0,3.0,0.0,3.0,0.0,3.0,0.0,3.0,0.0,0.0,3.0,0.0,3.0,0.0,3.0,0.0,3.0,0.0,3.0,0.0,3.0,0.0,3.0,0.0,3.0,0.0,3.0,0.0,3.0,0.0,0.0,0.0,0.0,0.0,0.0,0.0,0.0,0.0,0.0,0.0,0.0,0.0,0.0,0.0,0.0,0.0,0.0,0.0,0.0,,,0.0,1.0,0.0,5
4.0,3.0,1.0,2.0,67.0,5.0,5.0,1.0,1.0,1.0,1.0,0.0,1.0,1.0,0.0,0.0,1.0,1.0,1.0,1.0,1.0,1.0,1.0,1.0,0.0,4.0,3.0,3.0,3.3333333,4.0,4.0,5.0,0.0,1.0,1.0,1.0,2.0,0.0,0.0,0.0,0.0,1.0,,0.0,0,,1.0,4.0,1.0,5.0,1.0,3.0,0.0,3.0,0.0,3.0,0.0,5.0,1.0,4.0,1.0,4.0,1.0,5.0,1.0,3.875,0.625,3.0,0.0,4.0,1.0,4.0,1.0,5.0,1.0,4.0,1.0,5.0,1.0,5.0,1.0,0.0,5.0,1.0,5.0,1.0,4.0,1.0,3.0,0.0,3.0,0.0,5.0,1.0,4.0,1.0,4.0,1.0,4.0,1.0,4.125,1.0,0.0,1.0,0.0,0.0,0.0,0.0,0.0,-1.0,0.25,0.0,0.0,1.0,0.0,0.0,0.0,0.0,0.0,0.0,0.125,,,0.0,0.0,0.0,2
3.0,1.0,4.0,2.0,75.0,12.0,4.0,2.0,1.0,1.0,1.0,0.0,7.0,0.0,1.0,0.0,4.0,4.0,4.0,4.0,2.0,3.0,2.0,2.3333333,-19.0,3.0,4.0,4.0,3.6666667,2.0,2.0,5.0,0.0,0.0,0.0,0.0,0.0,0.0,0.0,0.0,0.0,1.0,,0.0,0,,1.0,3.0,0.0,4.0,1.0,4.0,1.0,2.0,0.0,2.0,0.0,2.0,0.0,2.0,0.0,4.0,1.0,3.0,0.0,2.875,0.375,3.0,0.0,2.0,0.0,3.0,0.0,4.0,1.0,2.0,0.0,4.0,1.0,4.0,1.0,0.0,4.0,1.0,4.0,1.0,4.0,1.0,2.0,0.0,2.0,0.0,2.0,0.0,2.0,0.0,4.0,1.0,3.0,0.0,3.0,1.0,0.0,0.0,0.0,0.0,0.0,0.0,0.0,0.0,0.125,1.0,0.0,0.0,0.0,0.0,0.0,0.0,0.0,0.0,0.125,,,0.0,0.0,0.0,1
2.0,4.0,1.0,3.0,63.0,10.0,7.0,3.0,0.0,1.0,0.0,1.0,1.0,1.0,0.0,0.0,2.0,2.0,2.0,2.0,4.0,4.0,1.0,3.0,1.0,3.0,3.0,2.0,2.6666667,5.0,4.0,2.0,0.0,1.0,0.0,0.0,0.0,1.0,0.0,1.0,1.0,0.0,0.0,,1,0.0,0.0,3.0,0.0,3.0,0.0,3.0,0.0,3.0,0.0,3.0,0.0,3.0,0.0,3.0,0.0,3.0,0.0,4.0,1.0,3.0,0.0,4.0,1.0,3.0,0.0,3.0,0.0,4.0,1.0,3.0,0.0,4.0,1.0,4.0,1.0,0.0,3.0,0.0,3.0,0.0,2.0,0.0,4.0,1.0,3.0,0.0,4.0,1.0,3.0,0.0,3.0,0.0,4.0,1.0,3.125,0.0,0.0,-1.0,1.0,0.0,1.0,0.0,0.0,0.0,0.125,0.0,0.0,0.0,1.0,0.0,1.0,0.0,0.0,0.0,0.25,3.0,0.0,0.0,0.0,1.0,3
4.0,1.0,3.0,2.0,63.0,19.0,6.0,2.0,0.0,1.0,1.0,0.0,8.0,0.0,1.0,0.0,2.0,1.0,1.0,1.3333334,3.0,4.0,1.0,2.6666667,0.0,4.0,4.0,4.0,4.0,2.0,5.0,4.0,1.0,0.0,0.0,0.0,0.0,1.0,0.0,1.0,1.0,0.0,0.0,,1,0.0,0.0,5.0,1.0,5.0,1.0,4.0,1.0,3.0,0.0,3.0,0.0,4.0,1.0,4.0,1.0,5.0,1.0,4.0,1.0,4.125,0.75,5.0,1.0,4.0,1.0,4.0,1.0,3.0,0.0,4.0,1.0,5.0,1.0,5.0,1.0,1.0,4.0,1.0,5.0,1.0,1.0,0.0,2.0,0.0,2.0,0.0,4.0,1.0,3.0,0.0,5.0,1.0,3.0,0.0,3.25,-1.0,0.0,-3.0,-1.0,-1.0,0.0,-1.0,0.0,-1.0,-0.875,0.0,0.0,-1.0,0.0,0.0,0.0,-1.0,0.0,-1.0,-0.25,5.0,1.0,0.0,0.0,0.0,2
3.0,1.0,4.0,2.0,65.0,18.0,4.0,2.0,0.0,0.0,1.0,0.0,8.0,0.0,1.0,0.0,1.0,4.0,4.0,3.0,3.0,4.0,3.0,3.3333333,72.0,5.0,4.0,4.0,4.3333335,4.0,3.0,4.0,1.0,0.0,1.0,0.0,1.0,0.0,0.0,1.0,1.0,0.0,0.0,,1,1.0,1.0,4.0,1.0,4.0,1.0,3.0,0.0,2.0,0.0,2.0,0.0,3.0,0.0,3.0,0.0,2.0,0.0,2.0,0.0,2.875,0.25,2.0,0.0,3.0,0.0,3.0,0.0,4.0,1.0,3.0,0.0,3.0,0.0,3.0,0.0,0.0,4.0,1.0,5.0,1.0,3.0,0.0,3.0,0.0,3.0,0.0,3.0,0.0,3.0,0.0,2.0,0.0,3.0,0.0,3.25,0.0,1.0,0.0,1.0,1.0,0.0,0.0,0.0,1.0,0.375,0.0,0.0,0.0,0.0,0.0,0.0,0.0,0.0,0.0,0.0,,,0.0,1.0,0.0,5
3.0,1.0,2.0,4.0,22.0,7.0,2.0,3.0,0.0,1.0,1.0,0.0,8.0,0.0,1.0,0.0,3.0,4.0,5.0,4.0,5.0,3.0,4.0,4.0,-35.0,3.0,3.0,3.0,3.0,3.0,3.0,2.0,1.0,0.0,0.0,0.0,0.0,1.0,0.0,1.0,1.0,0.0,0.0,,1,1.0,1.0,4.0,1.0,1.0,0.0,2.0,0.0,2.0,0.0,3.0,0.0,2.0,0.0,4.0,1.0,2.0,0.0,3.0,0.0,2.5,0.25,5.0,1.0,5.0,1.0,4.0,1.0,4.0,1.0,3.0,0.0,2.0,0.0,4.0,1.0,1.0,3.0,0.0,4.0,1.0,2.0,0.0,1.0,0.0,2.0,0.0,3.0,0.0,4.0,1.0,3.0,0.0,3.0,0.0,2.75,-1.0,3.0,0.0,-1.0,-1.0,1.0,0.0,1.0,0.0,0.25,-1.0,1.0,0.0,0.0,0.0,0.0,0.0,0.0,0.0,0.0,,,0.0,0.0,0.0,1
3.0,2.0,4.0,1.0,74.0,5.0,2.0,3.0,1.0,1.0,1.0,0.0,1.0,1.0,0.0,0.0,1.0,1.0,1.0,1.0,4.0,4.0,4.0,4.0,11.0,4.0,3.0,4.0,3.6666667,3.0,4.0,4.0,0.0,1.0,0.0,0.0,0.0,0.0,0.0,1.0,1.0,0.0,0.0,,1,0.0,0.0,5.0,1.0,4.0,1.0,5.0,1.0,2.0,0.0,5.0,1.0,4.0,1.0,4.0,1.0,5.0,1.0,5.0,1.0,4.25,0.875,3.0,0.0,4.0,1.0,5.0,1.0,4.0,1.0,4.0,1.0,5.0,1.0,5.0,1.0,0.0,5.0,1.0,5.0,1.0,5.0,1.0,1.0,0.0,5.0,1.0,4.0,1.0,4.0,1.0,5.0,1.0,5.0,1.0,4.25,0.0,1.0,0.0,-1.0,0.0,0.0,0.0,0.0,0.0,0.0,0.0,0.0,0.0,0.0,0.0,0.0,0.0,0.0,0.0,0.0,5.0,1.0,0.0,1.0,0.0,4
2.0,3.0,4.0,1.0,30.0,8.0,6.0,1.0,0.0,1.0,1.0,0.0,1.0,1.0,0.0,0.0,1.0,1.0,1.0,1.0,3.0,5.0,1.0,3.0,-83.0,1.0,1.0,3.0,1.6666666,3.0,1.0,3.0,0.0,1.0,1.0,1.0,2.0,0.0,0.0,1.0,1.0,0.0,0.0,,1,1.0,1.0,3.0,0.0,4.0,1.0,3.0,0.0,1.0,0.0,1.0,0.0,5.0,1.0,3.0,0.0,3.0,0.0,5.0,1.0,2.875,0.25,2.0,0.0,2.0,0.0,3.0,0.0,4.0,1.0,3.0,0.0,5.0,1.0,4.0,1.0,0.0,5.0,1.0,5.0,1.0,4.0,1.0,1.0,0.0,1.0,0.0,5.0,1.0,3.0,0.0,4.0,1.0,5.0,1.0,3.5,2.0,1.0,1.0,0.0,0.0,0.0,0.0,1.0,0.0,0.625,1.0,0.0,1.0,0.0,0.0,0.0,0.0,1.0,0.0,0.375,,,0.0,0.0,1.0,1
3.0,1.0,4.0,2.0,76.0,9.0,7.0,4.0,1.0,1.0,1.0,0.0,1.0,1.0,0.0,0.0,1.0,1.0,1.0,1.0,1.0,4.0,1.0,2.0,0.0,3.0,4.0,1.0,2.6666667,5.0,4.0,5.0,0.0,1.0,1.0,1.0,2.0,1.0,0.0,0.0,0.0,1.0,,0.0,0,,1.0,5.0,1.0,5.0,1.0,4.0,1.0,1.0,0.0,1.0,0.0,5.0,1.0,4.0,1.0,5.0,1.0,4.0,1.0,3.75,0.75,2.0,0.0,2.0,0.0,4.0,1.0,4.0,1.0,4.0,1.0,5.0,1.0,4.0,1.0,1.0,5.0,1.0,5.0,1.0,4.0,1.0,2.0,0.0,2.0,0.0,5.0,1.0,4.0,1.0,5.0,1.0,5.0,1.0,4.0,0.0,0.0,0.0,1.0,1.0,0.0,0.0,0.0,1.0,0.25,0.0,0.0,0.0,0.0,0.0,0.0,0.0,0.0,0.0,0.0,,,0.0,0.0,0.0,2
3.0,2.0,4.0,1.0,64.0,3.0,5.0,3.0,0.0,1.0,1.0,0.0,8.0,0.0,1.0,0.0,1.0,1.0,1.0,1.0,5.0,4.0,1.0,3.3333333,100.0,3.0,5.0,5.0,4.3333335,1.0,4.0,5.0,1.0,0.0,1.0,1.0,2.0,1.0,0.0,1.0,1.0,0.0,0.0,,1,0.0,0.0,5.0,1.0,5.0,1.0,1.0,0.0,1.0,0.0,1.0,0.0,4.0,1.0,1.0,0.0,5.0,1.0,3.0,0.0,2.875,0.5,4.0,1.0,3.0,0.0,3.0,0.0,5.0,1.0,2.0,0.0,5.0,1.0,5.0,1.0,0.0,5.0,1.0,5.0,1.0,1.0,0.0,1.0,0.0,1.0,0.0,4.0,1.0,1.0,0.0,5.0,1.0,3.0,0.0,2.875,0.0,0.0,0.0,0.0,0.0,0.0,0.0,0.0,0.0,0.0,0.0,0.0,0.0,0.0,0.0,0.0,0.0,0.0,0.0,0.0,5.0,1.0,0.0,1.0,0.0,5
4.0,1.0,2.0,3.0,53.0,18.0,5.0,2.0,0.0,1.0,1.0,0.0,7.0,0.0,1.0,0.0,5.0,4.0,4.0,4.3333335,3.0,4.0,5.0,4.0,0.0,4.0,5.0,4.0,4.3333335,3.0,4.0,4.0,1.0,0.0,1.0,1.0,2.0,1.0,0.0,0.0,0.0,1.0,,0.0,0,,1.0,2.0,0.0,2.0,0.0,2.0,0.0,1.0,0.0,2.0,0.0,1.0,0.0,1.0,0.0,1.0,0.0,3.0,0.0,1.5,0.0,4.0,1.0,2.0,0.0,4.0,1.0,1.0,0.0,4.0,1.0,3.0,0.0,2.0,0.0,1.0,2.0,0.0,2.0,0.0,1.0,0.0,2.0,0.0,2.0,0.0,1.0,0.0,1.0,0.0,1.0,0.0,1.0,0.0,1.5,0.0,0.0,-1.0,1.0,0.0,0.0,0.0,0.0,-2.0,0.0,0.0,0.0,0.0,0.0,0.0,0.0,0.0,0.0,0.0,0.0,,,0.0,0.0,0.0,2
2.0,3.0,4.0,1.0,61.0,5.0,5.0,4.0,0.0,1.0,1.0,0.0,1.0,1.0,0.0,0.0,2.0,2.0,3.0,2.3333333,3.0,4.0,3.0,3.3333333,-5.0,2.0,2.0,2.0,2.0,4.0,3.0,5.0,0.0,1.0,1.0,0.0,1.0,1.0,0.0,0.0,0.0,1.0,,0.0,0,,1.0,3.0,0.0,3.0,0.0,2.0,0.0,1.0,0.0,2.0,0.0,3.0,0.0,4.0,1.0,3.0,0.0,1.0,0.0,2.625,0.125,2.0,0.0,3.0,0.0,2.0,0.0,1.0,0.0,2.0,0.0,3.0,0.0,3.0,0.0,0.0,4.0,1.0,4.0,1.0,3.0,0.0,1.0,0.0,1.0,0.0,3.0,0.0,4.0,1.0,2.0,0.0,2.0,0.0,2.75,1.0,1.0,1.0,0.0,-1.0,0.0,0.0,-1.0,1.0,0.125,1.0,1.0,0.0,0.0,0.0,0.0,0.0,0.0,0.0,0.25,,,0.0,0.0,1.0,1
4.0,2.0,3.0,1.0,62.0,2.0,2.0,3.0,0.0,1.0,1.0,0.0,1.0,1.0,0.0,0.0,1.0,1.0,1.0,1.0,1.0,3.0,1.0,1.6666666,0.0,3.0,2.0,1.0,2.0,3.0,2.0,3.0,0.0,1.0,1.0,1.0,2.0,1.0,0.0,1.0,1.0,0.0,0.0,,1,0.0,0.0,4.0,1.0,4.0,1.0,4.0,1.0,2.0,0.0,2.0,0.0,4.0,1.0,2.0,0.0,4.0,1.0,2.0,0.0,3.25,0.625,3.0,0.0,1.0,0.0,2.0,0.0,2.0,0.0,2.0,0.0,4.0,1.0,3.0,0.0,0.0,4.0,1.0,4.0,1.0,4.0,1.0,2.0,0.0,2.0,0.0,4.0,1.0,2.0,0.0,3.0,0.0,3.0,0.0,3.125,0.0,0.0,0.0,0.0,0.0,0.0,0.0,-1.0,1.0,-0.125,0.0,0.0,0.0,0.0,0.0,0.0,0.0,-1.0,0.0,-0.125,4.0,1.0,0.0,0.0,0.0,2
3.0,2.0,4.0,1.0,68.0,8.0,5.0,3.0,1.0,0.0,1.0,0.0,6.0,0.0,0.0,1.0,5.0,5.0,3.0,4.3333335,3.0,5.0,3.0,3.6666667,0.0,3.0,5.0,3.0,3.6666667,1.0,2.0,5.0,1.0,0.0,1.0,1.0,2.0,0.0,0.0,0.0,0.0,1.0,,0.0,0,,1.0,3.0,0.0,3.0,0.0,1.0,0.0,1.0,0.0,1.0,0.0,3.0,0.0,1.0,0.0,3.0,0.0,1.0,0.0,2.0,0.0,1.0,0.0,1.0,0.0,1.0,0.0,4.0,1.0,2.0,0.0,3.0,0.0,3.0,0.0,0.0,3.0,0.0,3.0,0.0,1.0,0.0,1.0,0.0,1.0,0.0,3.0,0.0,1.0,0.0,3.0,0.0,1.0,0.0,2.0,0.0,0.0,0.0,0.0,0.0,0.0,0.0,0.0,0.0,0.0,0.0,0.0,0.0,0.0,0.0,0.0,0.0,0.0,0.0,0.0,,,0.0,0.0,0.0,2
3.0,2.0,4.0,1.0,77.0,17.0,7.0,2.0,1.0,0.0,1.0,0.0,8.0,0.0,1.0,0.0,1.0,1.0,1.0,1.0,1.0,5.0,5.0,3.6666667,100.0,5.0,2.0,2.0,3.0,1.0,1.0,5.0,1.0,0.0,1.0,1.0,2.0,0.0,0.0,0.0,0.0,1.0,,0.0,0,,1.0,5.0,1.0,5.0,1.0,5.0,1.0,1.0,0.0,1.0,0.0,1.0,0.0,1.0,0.0,1.0,0.0,1.0,0.0,2.5,0.375,1.0,0.0,1.0,0.0,1.0,0.0,5.0,1.0,1.0,0.0,5.0,1.0,5.0,1.0,0.0,5.0,1.0,5.0,1.0,5.0,1.0,1.0,0.0,1.0,0.0,1.0,0.0,1.0,0.0,1.0,0.0,1.0,0.0,2.5,0.0,0.0,0.0,0.0,0.0,0.0,0.0,0.0,0.0,0.0,0.0,0.0,0.0,0.0,0.0,0.0,0.0,0.0,0.0,0.0,,,0.0,1.0,0.0,5
1.0,4.0,3.0,2.0,43.0,7.0,2.0,1.0,0.0,1.0,1.0,0.0,8.0,0.0,1.0,0.0,3.0,3.0,3.0,3.0,3.0,4.0,3.0,3.3333333,47.0,3.0,3.0,2.0,2.6666667,4.0,3.0,5.0,1.0,0.0,1.0,0.0,1.0,1.0,0.0,0.0,0.0,1.0,,0.0,0,,1.0,3.0,0.0,3.0,0.0,3.0,0.0,3.0,0.0,3.0,0.0,4.0,1.0,3.0,0.0,4.0,1.0,5.0,1.0,3.25,0.25,3.0,0.0,3.0,0.0,4.0,1.0,4.0,1.0,3.0,0.0,5.0,1.0,3.0,0.0,0.0,4.0,1.0,3.0,0.0,4.0,1.0,3.0,0.0,5.0,1.0,4.0,1.0,3.0,0.0,4.0,1.0,3.0,0.0,3.75,1.0,0.0,1.0,0.0,2.0,0.0,0.0,0.0,-2.0,0.5,1.0,0.0,1.0,0.0,1.0,0.0,0.0,0.0,-1.0,0.375,,,1.0,1.0,1.0,4
3.0,2.0,4.0,1.0,65.0,2.0,4.0,3.0,0.0,1.0,0.0,0.0,1.0,1.0,0.0,0.0,2.0,2.0,2.0,2.0,2.0,4.0,4.0,3.3333333,3.0,4.0,4.0,4.0,4.0,2.0,4.0,4.0,1.0,0.0,1.0,0.0,1.0,1.0,0.0,1.0,1.0,0.0,0.0,,1,0.0,0.0,4.0,1.0,4.0,1.0,2.0,0.0,2.0,0.0,4.0,1.0,2.0,0.0,2.0,0.0,4.0,1.0,4.0,1.0,3.0,0.5,3.0,0.0,4.0,1.0,4.0,1.0,2.0,0.0,4.0,1.0,4.0,1.0,4.0,1.0,0.0,4.0,1.0,4.0,1.0,2.0,0.0,2.0,0.0,2.0,0.0,2.0,0.0,2.0,0.0,4.0,1.0,4.0,1.0,2.75,0.0,0.0,0.0,0.0,-2.0,0.0,0.0,0.0,0.0,-0.25,0.0,0.0,0.0,0.0,-1.0,0.0,0.0,0.0,0.0,-0.125,4.0,1.0,0.0,1.0,0.0,3
3.0,1.0,4.0,2.0,49.0,4.0,7.0,4.0,0.0,1.0,1.0,0.0,1.0,1.0,0.0,0.0,1.0,1.0,1.0,1.0,4.0,5.0,4.0,4.3333335,53.0,5.0,3.0,2.0,3.3333333,5.0,5.0,5.0,0.0,1.0,0.0,1.0,1.0,1.0,0.0,1.0,1.0,0.0,0.0,,1,1.0,1.0,5.0,1.0,5.0,1.0,5.0,1.0,5.0,1.0,4.0,1.0,5.0,1.0,5.0,1.0,5.0,1.0,5.0,1.0,4.875,1.0,5.0,1.0,5.0,1.0,5.0,1.0,5.0,1.0,5.0,1.0,5.0,1.0,5.0,1.0,1.0,5.0,1.0,5.0,1.0,5.0,1.0,4.0,1.0,5.0,1.0,5.0,1.0,5.0,1.0,5.0,1.0,5.0,1.0,4.875,0.0,0.0,0.0,-1.0,1.0,0.0,0.0,0.0,0.0,0.0,0.0,0.0,0.0,0.0,0.0,0.0,0.0,0.0,0.0,0.0,,,0.0,1.0,0.0,5
4.0,2.0,3.0,1.0,62.0,3.0,6.0,4.0,0.0,1.0,1.0,0.0,1.0,1.0,0.0,0.0,1.0,1.0,1.0,1.0,4.0,1.0,3.0,2.6666667,-36.0,3.0,3.0,3.0,3.0,4.0,4.0,5.0,0.0,1.0,1.0,1.0,2.0,1.0,0.0,0.0,0.0,1.0,,0.0,0,,1.0,3.0,0.0,4.0,1.0,3.0,0.0,2.0,0.0,3.0,0.0,3.0,0.0,3.0,0.0,3.0,0.0,3.0,0.0,3.0,0.125,1.0,0.0,3.0,0.0,3.0,0.0,4.0,1.0,2.0,0.0,5.0,1.0,3.0,0.0,0.0,4.0,1.0,5.0,1.0,4.0,1.0,2.0,0.0,3.0,0.0,3.0,0.0,3.0,0.0,4.0,1.0,3.0,0.0,3.5,1.0,1.0,1.0,0.0,0.0,0.0,0.0,1.0,0.0,0.5,1.0,0.0,1.0,0.0,0.0,0.0,0.0,1.0,0.0,0.375,,,0.0,0.0,0.0,1
3.0,2.0,1.0,4.0,64.0,5.0,6.0,3.0,0.0,1.0,1.0,0.0,3.0,0.0,0.0,1.0,3.0,3.0,2.0,2.6666667,3.0,3.0,1.0,2.3333333,0.0,3.0,3.0,3.0,3.0,2.0,3.0,3.0,0.0,1.0,0.0,1.0,1.0,1.0,0.0,0.0,0.0,1.0,,0.0,0,,1.0,3.0,0.0,4.0,1.0,3.0,0.0,2.0,0.0,3.0,0.0,3.0,0.0,3.0,0.0,3.0,0.0,3.0,0.0,3.0,0.125,4.0,1.0,3.0,0.0,3.0,0.0,3.0,0.0,4.0,1.0,4.0,1.0,3.0,0.0,0.0,4.0,1.0,4.0,1.0,3.0,0.0,2.0,0.0,3.0,0.0,3.0,0.0,3.0,0.0,3.0,0.0,3.0,0.0,3.125,1.0,0.0,0.0,0.0,0.0,0.0,0.0,0.0,0.0,0.125,1.0,0.0,0.0,0.0,0.0,0.0,0.0,0.0,0.0,0.125,,,0.0,0.0,0.0,2
3.0,1.0,4.0,2.0,36.0,5.0,4.0,3.0,0.0,1.0,0.0,1.0,5.0,0.0,0.0,1.0,1.0,3.0,1.0,1.6666666,3.0,5.0,4.0,4.0,0.0,1.0,3.0,2.0,2.0,2.0,1.0,4.0,1.0,0.0,1.0,1.0,2.0,0.0,0.0,1.0,1.0,0.0,0.0,,1,1.0,1.0,3.0,0.0,3.0,0.0,3.0,0.0,1.0,0.0,1.0,0.0,2.0,0.0,1.0,0.0,2.0,0.0,1.0,0.0,2.0,0.0,3.0,0.0,4.0,1.0,2.0,0.0,3.0,0.0,2.0,0.0,5.0,1.0,3.0,0.0,0.0,3.0,0.0,4.0,1.0,2.0,0.0,1.0,0.0,1.0,0.0,2.0,0.0,1.0,0.0,2.0,0.0,1.0,0.0,2.0,0.0,1.0,-1.0,0.0,0.0,0.0,0.0,0.0,0.0,0.0,0.0,1.0,0.0,0.0,0.0,0.0,0.0,0.0,0.0,0.125,,,0.0,0.0,0.0,2
1.0,3.0,4.0,2.0,47.0,6.0,7.0,3.0,0.0,1.0,1.0,0.0,1.0,1.0,0.0,0.0,1.0,1.0,1.0,1.0,2.0,2.0,1.0,1.6666666,-83.0,2.0,4.0,3.0,3.0,3.0,4.0,5.0,0.0,1.0,1.0,1.0,2.0,0.0,0.0,1.0,1.0,0.0,0.0,,1,1.0,1.0,5.0,1.0,5.0,1.0,5.0,1.0,1.0,0.0,2.0,0.0,4.0,1.0,3.0,0.0,5.0,1.0,3.0,0.0,3.75,0.625,2.0,0.0,2.0,0.0,4.0,1.0,4.0,1.0,4.0,1.0,5.0,1.0,5.0,1.0,0.0,5.0,1.0,5.0,1.0,5.0,1.0,2.0,0.0,2.0,0.0,4.0,1.0,3.0,0.0,5.0,1.0,4.0,1.0,3.875,0.0,0.0,0.0,1.0,0.0,0.0,0.0,0.0,1.0,0.125,0.0,0.0,0.0,0.0,0.0,0.0,0.0,0.0,1.0,0.0,,,1.0,0.0,1.0,1
3.0,2.0,4.0,1.0,42.0,11.0,4.0,3.0,0.0,1.0,1.0,0.0,8.0,0.0,1.0,0.0,4.0,4.0,1.0,3.0,3.0,5.0,4.0,4.0,0.0,3.0,4.0,4.0,3.6666667,3.0,3.0,3.0,1.0,0.0,1.0,1.0,2.0,0.0,0.0,1.0,1.0,0.0,0.0,,1,0.0,0.0,4.0,1.0,3.0,0.0,2.0,0.0,1.0,0.0,3.0,0.0,2.0,0.0,2.0,0.0,2.0,0.0,3.0,0.0,2.375,0.125,2.0,0.0,3.0,0.0,3.0,0.0,2.0,0.0,2.0,0.0,2.0,0.0,3.0,0.0,0.0,1.0,0.0,2.0,0.0,1.0,0.0,1.0,0.0,1.0,0.0,1.0,0.0,1.0,0.0,1.0,0.0,1.0,0.0,1.125,-3.0,-1.0,-1.0,0.0,-2.0,-1.0,-1.0,-1.0,-2.0,-1.25,-1.0,0.0,0.0,0.0,0.0,0.0,0.0,0.0,0.0,-0.125,3.0,0.0,0.0,0.0,0.0,2
3.0,1.0,2.0,4.0,61.0,16.0,5.0,2.0,0.0,1.0,1.0,0.0,1.0,1.0,0.0,0.0,1.0,3.0,1.0,1.6666666,3.0,5.0,5.0,4.3333335,3.0,3.0,3.0,3.0,3.0,3.0,3.0,5.0,0.0,1.0,0.0,0.0,0.0,0.0,0.0,0.0,0.0,1.0,,0.0,0,,1.0,3.0,0.0,3.0,0.0,1.0,0.0,3.0,0.0,3.0,0.0,3.0,0.0,3.0,0.0,3.0,0.0,5.0,1.0,2.75,0.0,3.0,0.0,3.0,0.0,3.0,0.0,4.0,1.0,3.0,0.0,4.0,1.0,3.0,0.0,0.0,3.0,0.0,3.0,0.0,1.0,0.0,3.0,0.0,3.0,0.0,3.0,0.0,3.0,0.0,3.0,0.0,4.0,1.0,2.75,0.0,0.0,0.0,0.0,0.0,0.0,0.0,0.0,-1.0,0.0,0.0,0.0,0.0,0.0,0.0,0.0,0.0,0.0,0.0,0.0,,,0.0,1.0,0.0,3
3.0,1.0,4.0,2.0,57.0,2.0,2.0,3.0,0.0,1.0,1.0,0.0,7.0,0.0,1.0,0.0,3.0,3.0,1.0,2.3333333,3.0,1.0,3.0,2.3333333,-8.0,3.0,3.0,3.0,3.0,3.0,3.0,4.0,1.0,0.0,0.0,1.0,1.0,0.0,0.0,0.0,0.0,1.0,,0.0,0,,1.0,3.0,0.0,3.0,0.0,3.0,0.0,3.0,0.0,3.0,0.0,3.0,0.0,3.0,0.0,3.0,0.0,4.0,1.0,3.0,0.0,2.0,0.0,4.0,1.0,3.0,0.0,4.0,1.0,4.0,1.0,4.0,1.0,4.0,1.0,0.0,3.0,0.0,4.0,1.0,3.0,0.0,4.0,1.0,4.0,1.0,4.0,1.0,4.0,1.0,3.0,0.0,4.0,1.0,3.625,0.0,1.0,0.0,1.0,1.0,1.0,1.0,0.0,0.0,0.625,0.0,1.0,0.0,1.0,1.0,1.0,1.0,0.0,0.0,0.625,,,0.0,0.0,0.0,1
4.0,1.0,2.0,3.0,34.0,14.0,7.0,3.0,0.0,1.0,1.0,0.0,4.0,0.0,0.0,1.0,2.0,3.0,3.0,2.6666667,3.0,4.0,3.0,3.3333333,0.0,3.0,3.0,3.0,3.0,3.0,3.0,4.0,0.0,0.0,1.0,0.0,1.0,1.0,0.0,0.0,0.0,1.0,,0.0,0,,1.0,3.0,0.0,3.0,0.0,3.0,0.0,3.0,0.0,3.0,0.0,4.0,1.0,3.0,0.0,3.0,0.0,3.0,0.0,3.125,0.125,4.0,1.0,4.0,1.0,3.0,0.0,3.0,0.0,4.0,1.0,5.0,1.0,3.0,0.0,0.0,3.0,0.0,3.0,0.0,3.0,0.0,3.0,0.0,3.0,0.0,4.0,1.0,3.0,0.0,3.0,0.0,3.0,0.0,3.125,0.0,0.0,0.0,0.0,0.0,0.0,0.0,0.0,0.0,0.0,0.0,0.0,0.0,0.0,0.0,0.0,0.0,0.0,0.0,0.0,,,0.0,0.0,0.0,2
4.0,3.0,2.0,1.0,53.0,20.0,6.0,3.0,0.0,0.0,1.0,0.0,8.0,0.0,1.0,0.0,4.0,3.0,4.0,3.6666667,4.0,4.0,4.0,4.0,68.0,4.0,4.0,4.0,4.0,2.0,3.0,5.0,1.0,0.0,1.0,1.0,2.0,0.0,0.0,0.0,0.0,1.0,,0.0,0,,1.0,3.0,0.0,4.0,1.0,4.0,1.0,2.0,0.0,2.0,0.0,3.0,0.0,2.0,0.0,3.0,0.0,2.0,0.0,2.875,0.25,3.0,0.0,3.0,0.0,2.0,0.0,4.0,1.0,1.0,0.0,3.0,0.0,4.0,1.0,0.0,4.0,1.0,4.0,1.0,4.0,1.0,3.0,0.0,1.0,0.0,3.0,0.0,3.0,0.0,3.0,0.0,2.0,0.0,3.125,1.0,0.0,0.0,1.0,-1.0,0.0,1.0,0.0,0.0,0.25,1.0,0.0,0.0,0.0,0.0,0.0,0.0,0.0,0.0,0.125,,,0.0,1.0,0.0,5
4.0,3.0,2.0,1.0,73.0,6.0,2.0,2.0,1.0,1.0,1.0,0.0,4.0,0.0,0.0,1.0,2.0,2.0,2.0,2.0,3.0,5.0,2.0,3.3333333,15.0,3.0,4.0,2.0,3.0,4.0,4.0,2.0,0.0,0.0,0.0,0.0,0.0,1.0,0.0,0.0,0.0,1.0,,0.0,0,,1.0,4.0,1.0,4.0,1.0,3.0,0.0,3.0,0.0,3.0,0.0,4.0,1.0,3.0,0.0,4.0,1.0,4.0,1.0,3.5,0.5,2.0,0.0,3.0,0.0,3.0,0.0,3.0,0.0,3.0,0.0,4.0,1.0,5.0,1.0,0.0,4.0,1.0,4.0,1.0,3.0,0.0,4.0,1.0,3.0,0.0,4.0,1.0,4.0,1.0,3.0,0.0,4.0,1.0,3.625,0.0,0.0,0.0,1.0,0.0,0.0,1.0,-1.0,0.0,0.125,0.0,0.0,0.0,1.0,0.0,0.0,1.0,-1.0,0.0,0.125,,,0.0,1.0,0.0,4
4.0,3.0,2.0,1.0,38.0,4.0,6.0,4.0,0.0,1.0,0.0,0.0,1.0,1.0,0.0,0.0,1.0,1.0,1.0,1.0,1.0,1.0,1.0,1.0,-50.0,1.0,3.0,2.0,2.0,2.0,5.0,5.0,0.0,1.0,0.0,1.0,1.0,1.0,0.0,0.0,0.0,1.0,,0.0,0,,1.0,5.0,1.0,3.0,0.0,4.0,1.0,1.0,0.0,3.0,0.0,4.0,1.0,2.0,0.0,3.0,0.0,5.0,1.0,3.125,0.375,2.0,0.0,2.0,0.0,4.0,1.0,3.0,0.0,5.0,1.0,5.0,1.0,5.0,1.0,1.0,5.0,1.0,4.0,1.0,2.0,0.0,1.0,0.0,3.0,0.0,4.0,1.0,2.0,0.0,3.0,0.0,5.0,1.0,3.0,0.0,1.0,-2.0,0.0,0.0,0.0,0.0,0.0,0.0,-0.125,0.0,1.0,-1.0,0.0,0.0,0.0,0.0,0.0,0.0,0.0,,,0.0,0.0,0.0,1
3.0,1.0,4.0,2.0,56.0,7.0,7.0,3.0,0.0,1.0,1.0,0.0,7.0,0.0,1.0,0.0,2.0,3.0,2.0,2.3333333,3.0,4.0,2.0,3.0,61.0,5.0,4.0,4.0,4.3333335,3.0,4.0,4.0,1.0,0.0,0.0,0.0,0.0,1.0,0.0,1.0,1.0,0.0,0.0,,1,1.0,1.0,4.0,1.0,5.0,1.0,4.0,1.0,1.0,0.0,1.0,0.0,2.0,0.0,2.0,0.0,4.0,1.0,4.0,1.0,2.875,0.5,3.0,0.0,2.0,0.0,4.0,1.0,2.0,0.0,2.0,0.0,4.0,1.0,3.0,0.0,0.0,5.0,1.0,5.0,1.0,5.0,1.0,2.0,0.0,1.0,0.0,2.0,0.0,4.0,1.0,5.0,1.0,5.0,1.0,3.625,1.0,0.0,1.0,1.0,0.0,0.0,2.0,1.0,1.0,0.75,0.0,0.0,0.0,0.0,0.0,0.0,1.0,0.0,0.0,0.125,,,0.0,1.0,0.0,5
3.0,2.0,4.0,1.0,42.0,19.0,5.0,4.0,0.0,1.0,1.0,0.0,8.0,0.0,1.0,0.0,2.0,3.0,3.0,2.6666667,3.0,3.0,3.0,3.0,0.0,3.0,4.0,3.0,3.3333333,3.0,3.0,3.0,1.0,0.0,0.0,1.0,1.0,0.0,0.0,0.0,0.0,1.0,,0.0,0,,1.0,3.0,0.0,3.0,0.0,3.0,0.0,3.0,0.0,3.0,0.0,3.0,0.0,3.0,0.0,3.0,0.0,3.0,0.0,3.0,0.0,2.0,0.0,3.0,0.0,3.0,0.0,3.0,0.0,3.0,0.0,5.0,1.0,3.0,0.0,0.0,3.0,0.0,3.0,0.0,3.0,0.0,3.0,0.0,3.0,0.0,3.0,0.0,3.0,0.0,3.0,0.0,3.0,0.0,3.0,0.0,0.0,0.0,0.0,0.0,0.0,0.0,0.0,0.0,0.0,0.0,0.0,0.0,0.0,0.0,0.0,0.0,0.0,0.0,0.0,,,0.0,0.0,0.0,2
3.0,1.0,4.0,2.0,52.0,20.0,7.0,2.0,0.0,1.0,1.0,0.0,8.0,0.0,1.0,0.0,2.0,2.0,2.0,2.0,2.0,4.0,2.0,2.6666667,85.0,4.0,4.0,4.0,4.0,2.0,3.0,4.0,1.0,0.0,1.0,1.0,2.0,1.0,0.0,0.0,0.0,1.0,,0.0,0,,1.0,4.0,1.0,4.0,1.0,4.0,1.0,4.0,1.0,3.0,0.0,3.0,0.0,2.0,0.0,2.0,0.0,3.0,0.0,3.25,0.5,2.0,0.0,1.0,0.0,2.0,0.0,2.0,0.0,2.0,0.0,2.0,0.0,3.0,0.0,0.0,3.0,0.0,4.0,1.0,4.0,1.0,4.0,1.0,2.0,0.0,3.0,0.0,2.0,0.0,3.0,0.0,3.0,0.0,3.125,-1.0,0.0,0.0,0.0,-1.0,0.0,0.0,1.0,0.0,-0.125,-1.0,0.0,0.0,0.0,0.0,0.0,0.0,0.0,0.0,-0.125,,,0.0,1.0,0.0,5
3.0,4.0,2.0,1.0,59.0,8.0,2.0,3.0,0.0,0.0,1.0,0.0,7.0,0.0,1.0,0.0,2.0,5.0,5.0,4.0,5.0,5.0,5.0,5.0,100.0,4.0,5.0,1.0,3.3333333,5.0,4.0,5.0,1.0,0.0,0.0,0.0,0.0,1.0,0.0,0.0,0.0,1.0,,0.0,0,,1.0,4.0,1.0,4.0,1.0,3.0,0.0,2.0,0.0,2.0,0.0,3.0,0.0,3.0,0.0,4.0,1.0,2.0,0.0,3.125,0.375,4.0,1.0,2.0,0.0,2.0,0.0,2.0,0.0,3.0,0.0,4.0,1.0,4.0,1.0,0.0,5.0,1.0,5.0,1.0,5.0,1.0,2.0,0.0,2.0,0.0,1.0,0.0,2.0,0.0,2.0,0.0,2.0,0.0,3.0,1.0,1.0,2.0,0.0,0.0,-2.0,-1.0,-2.0,0.0,-0.125,0.0,0.0,1.0,0.0,0.0,0.0,0.0,-1.0,0.0,0.0,,,0.0,1.0,1.0,5
4.0,2.0,3.0,1.0,26.0,6.0,2.0,2.0,0.0,0.0,1.0,0.0,5.0,0.0,0.0,1.0,1.0,1.0,2.0,1.3333334,3.0,3.0,3.0,3.0,-2.0,1.0,4.0,1.0,2.0,1.0,1.0,2.0,0.0,0.0,1.0,0.0,1.0,1.0,0.0,1.0,1.0,0.0,0.0,,1,1.0,1.0,1.0,0.0,1.0,0.0,2.0,0.0,1.0,0.0,1.0,0.0,1.0,0.0,1.0,0.0,1.0,0.0,1.0,0.0,1.125,0.0,2.0,0.0,1.0,0.0,1.0,0.0,3.0,0.0,1.0,0.0,5.0,1.0,3.0,0.0,0.0,1.0,0.0,1.0,0.0,1.0,0.0,1.0,0.0,1.0,0.0,1.0,0.0,1.0,0.0,1.0,0.0,1.0,0.0,1.0,0.0,0.0,-1.0,0.0,0.0,0.0,0.0,0.0,0.0,-0.125,0.0,0.0,0.0,0.0,0.0,0.0,0.0,0.0,0.0,0.0,,,0.0,0.0,0.0,2
4.0,1.0,2.0,3.0,28.0,1.0,6.0,2.0,0.0,1.0,1.0,0.0,8.0,0.0,1.0,0.0,5.0,5.0,1.0,3.6666667,5.0,5.0,5.0,5.0,5.0,1.0,1.0,1.0,1.0,5.0,5.0,4.0,1.0,0.0,1.0,0.0,1.0,1.0,0.0,0.0,0.0,1.0,,0.0,0,,1.0,5.0,1.0,5.0,1.0,5.0,1.0,4.0,1.0,5.0,1.0,5.0,1.0,5.0,1.0,1.0,0.0,5.0,1.0,4.375,0.875,5.0,1.0,5.0,1.0,5.0,1.0,1.0,0.0,5.0,1.0,5.0,1.0,5.0,1.0,1.0,5.0,1.0,5.0,1.0,5.0,1.0,2.0,0.0,5.0,1.0,5.0,1.0,5.0,1.0,5.0,1.0,5.0,1.0,4.625,0.0,0.0,0.0,-2.0,0.0,0.0,0.0,4.0,0.0,0.25,0.0,0.0,0.0,-1.0,0.0,0.0,0.0,1.0,0.0,0.0,,,0.0,1.0,0.0,3
4.0,3.0,1.0,2.0,58.0,8.0,2.0,3.0,0.0,1.0,1.0,0.0,4.0,0.0,0.0,1.0,3.0,4.0,3.0,3.3333333,4.0,5.0,1.0,3.3333333,48.0,3.0,3.0,3.0,3.0,3.0,3.0,3.0,0.0,1.0,1.0,1.0,2.0,1.0,0.0,1.0,1.0,0.0,0.0,,1,0.0,0.0,5.0,1.0,5.0,1.0,3.0,0.0,3.0,0.0,4.0,1.0,3.0,0.0,3.0,0.0,3.0,0.0,5.0,1.0,3.625,0.375,1.0,0.0,2.0,0.0,4.0,1.0,5.0,1.0,4.0,1.0,5.0,1.0,5.0,1.0,1.0,5.0,1.0,5.0,1.0,5.0,1.0,3.0,0.0,5.0,1.0,3.0,0.0,5.0,1.0,3.0,0.0,5.0,1.0,4.25,0.0,0.0,2.0,0.0,1.0,0.0,2.0,0.0,0.0,0.625,0.0,0.0,1.0,0.0,0.0,0.0,1.0,0.0,0.0,0.25,1.0,0.0,0.0,1.0,0.0,4
1.0,2.0,4.0,3.0,34.0,4.0,4.0,4.0,0.0,1.0,1.0,0.0,7.0,0.0,1.0,0.0,2.0,3.0,3.0,2.6666667,3.0,4.0,3.0,3.3333333,3.0,3.0,4.0,4.0,3.6666667,5.0,3.0,2.0,1.0,0.0,0.0,1.0,1.0,1.0,0.0,1.0,1.0,0.0,0.0,,1,1.0,1.0,4.0,1.0,4.0,1.0,1.0,0.0,2.0,0.0,3.0,0.0,4.0,1.0,4.0,1.0,3.0,0.0,2.0,0.0,3.125,0.5,5.0,1.0,4.0,1.0,2.0,0.0,2.0,0.0,3.0,0.0,4.0,1.0,3.0,0.0,1.0,4.0,1.0,4.0,1.0,4.0,1.0,2.0,0.0,4.0,1.0,4.0,1.0,4.0,1.0,3.0,0.0,4.0,1.0,3.625,0.0,0.0,3.0,0.0,1.0,0.0,0.0,0.0,2.0,0.5,0.0,0.0,1.0,0.0,1.0,0.0,0.0,0.0,1.0,0.25,,,1.0,1.0,1.0,3
4.0,2.0,1.0,3.0,47.0,17.0,6.0,3.0,0.0,0.0,1.0,0.0,8.0,0.0,1.0,0.0,3.0,3.0,1.0,2.3333333,4.0,3.0,3.0,3.3333333,-2.0,4.0,3.0,2.0,3.0,5.0,3.0,4.0,1.0,0.0,0.0,0.0,0.0,0.0,0.0,1.0,1.0,0.0,0.0,,1,1.0,1.0,1.0,0.0,2.0,0.0,2.0,0.0,2.0,0.0,3.0,0.0,3.0,0.0,2.0,0.0,1.0,0.0,1.0,0.0,2.0,0.0,4.0,1.0,3.0,0.0,4.0,1.0,5.0,1.0,3.0,0.0,3.0,0.0,3.0,0.0,1.0,4.0,1.0,3.0,0.0,3.0,0.0,3.0,0.0,3.0,0.0,3.0,0.0,3.0,0.0,2.0,0.0,4.0,1.0,3.0,3.0,1.0,1.0,1.0,0.0,0.0,1.0,1.0,3.0,1.0,1.0,0.0,0.0,0.0,0.0,0.0,0.0,0.0,1.0,0.125,,,0.0,0.0,0.0,2
1.0,3.0,4.0,2.0,39.0,2.0,8.0,4.0,0.0,1.0,1.0,0.0,2.0,1.0,0.0,0.0,1.0,1.0,1.0,1.0,1.0,3.0,1.0,1.6666666,-13.0,1.0,2.0,2.0,1.6666666,5.0,5.0,5.0,0.0,1.0,1.0,1.0,2.0,1.0,0.0,1.0,1.0,0.0,0.0,,1,0.0,0.0,5.0,1.0,5.0,1.0,4.0,1.0,2.0,0.0,1.0,0.0,5.0,1.0,3.0,0.0,5.0,1.0,4.0,1.0,3.75,0.625,3.0,0.0,3.0,0.0,5.0,1.0,3.0,0.0,4.0,1.0,5.0,1.0,5.0,1.0,0.0,5.0,1.0,5.0,1.0,4.0,1.0,1.0,0.0,1.0,0.0,5.0,1.0,4.0,1.0,5.0,1.0,4.0,1.0,3.75,0.0,0.0,0.0,-1.0,0.0,0.0,1.0,0.0,0.0,0.0,0.0,0.0,0.0,0.0,0.0,0.0,1.0,0.0,0.0,0.125,5.0,1.0,1.0,0.0,1.0,1
1.0,3.0,2.0,4.0,52.0,2.0,5.0,1.0,0.0,0.0,0.0,1.0,4.0,0.0,0.0,1.0,3.0,4.0,4.0,3.6666667,1.0,4.0,1.0,2.0,-79.0,1.0,2.0,1.0,1.3333334,5.0,1.0,5.0,0.0,0.0,0.0,1.0,1.0,0.0,0.0,1.0,1.0,0.0,0.0,,1,1.0,1.0,4.0,1.0,2.0,0.0,1.0,0.0,1.0,0.0,1.0,0.0,4.0,1.0,4.0,1.0,4.0,1.0,4.0,1.0,2.625,0.5,3.0,0.0,1.0,0.0,3.0,0.0,1.0,0.0,3.0,0.0,3.0,0.0,3.0,0.0,1.0,3.0,0.0,3.0,0.0,1.0,0.0,1.0,0.0,1.0,0.0,5.0,1.0,3.0,0.0,3.0,0.0,3.0,0.0,2.5,-1.0,1.0,0.0,0.0,0.0,1.0,-1.0,-1.0,-1.0,-0.125,-1.0,0.0,0.0,0.0,0.0,0.0,-1.0,-1.0,-1.0,-0.375,,,1.0,0.0,1.0,1
4.0,3.0,2.0,1.0,46.0,17.0,2.0,2.0,0.0,1.0,1.0,0.0,5.0,0.0,0.0,1.0,3.0,2.0,2.0,2.3333333,3.0,4.0,2.0,3.0,1.0,2.0,2.0,2.0,2.0,3.0,2.0,2.0,1.0,0.0,1.0,0.0,1.0,1.0,0.0,0.0,0.0,1.0,,0.0,0,,1.0,3.0,0.0,3.0,0.0,3.0,0.0,3.0,0.0,3.0,0.0,2.0,0.0,3.0,0.0,3.0,0.0,2.0,0.0,2.875,0.0,3.0,0.0,3.0,0.0,2.0,0.0,4.0,1.0,3.0,0.0,3.0,0.0,4.0,1.0,0.0,3.0,0.0,3.0,0.0,3.0,0.0,4.0,1.0,3.0,0.0,2.0,0.0,2.0,0.0,3.0,0.0,3.0,0.0,2.875,0.0,0.0,0.0,1.0,0.0,0.0,-1.0,0.0,1.0,0.0,0.0,0.0,0.0,1.0,0.0,0.0,0.0,0.0,0.0,0.125,,,0.0,0.0,0.0,3
2.0,3.0,1.0,4.0,43.0,5.0,2.0,3.0,0.0,0.0,0.0,0.0,7.0,0.0,1.0,0.0,2.0,3.0,2.0,2.3333333,2.0,4.0,1.0,2.3333333,33.0,3.0,2.0,2.0,2.3333333,3.0,2.0,4.0,1.0,0.0,0.0,1.0,1.0,0.0,0.0,1.0,1.0,0.0,0.0,,1,0.0,0.0,4.0,1.0,4.0,1.0,2.0,0.0,2.0,0.0,2.0,0.0,3.0,0.0,2.0,0.0,4.0,1.0,2.0,0.0,2.875,0.375,3.0,0.0,3.0,0.0,2.0,0.0,4.0,1.0,2.0,0.0,4.0,1.0,4.0,1.0,0.0,2.0,0.0,3.0,0.0,2.0,0.0,2.0,0.0,2.0,0.0,3.0,0.0,2.0,0.0,3.0,0.0,2.0,0.0,2.375,-2.0,-1.0,0.0,0.0,0.0,0.0,0.0,-1.0,0.0,-0.5,-1.0,-1.0,0.0,0.0,0.0,0.0,0.0,-1.0,0.0,-0.375,3.0,0.0,0.0,1.0,1.0,4
4.0,3.0,1.0,2.0,66.0,21.0,2.0,2.0,1.0,1.0,1.0,0.0,7.0,0.0,1.0,0.0,1.0,2.0,1.0,1.3333334,3.0,3.0,2.0,2.6666667,0.0,3.0,3.0,3.0,3.0,4.0,3.0,4.0,0.0,1.0,1.0,1.0,2.0,0.0,0.0,0.0,0.0,1.0,,0.0,0,,1.0,4.0,1.0,4.0,1.0,3.0,0.0,1.0,0.0,3.0,0.0,3.0,0.0,3.0,0.0,4.0,1.0,3.0,0.0,3.125,0.375,4.0,1.0,3.0,0.0,3.0,0.0,3.0,0.0,3.0,0.0,4.0,1.0,4.0,1.0,0.0,4.0,1.0,4.0,1.0,4.0,1.0,4.0,1.0,4.0,1.0,4.0,1.0,4.0,1.0,4.0,1.0,4.0,1.0,4.0,0.0,0.0,1.0,3.0,1.0,1.0,1.0,0.0,1.0,0.875,0.0,0.0,1.0,1.0,1.0,1.0,1.0,0.0,1.0,0.625,,,0.0,0.0,0.0,2
1.0,2.0,4.0,3.0,51.0,9.0,7.0,1.0,0.0,1.0,1.0,0.0,3.0,0.0,0.0,1.0,2.0,4.0,2.0,2.6666667,4.0,5.0,1.0,3.3333333,0.0,2.0,3.0,3.0,2.6666667,5.0,4.0,4.0,0.0,1.0,0.0,0.0,0.0,0.0,0.0,1.0,1.0,0.0,0.0,,1,1.0,1.0,4.0,1.0,4.0,1.0,2.0,0.0,3.0,0.0,3.0,0.0,2.0,0.0,3.0,0.0,4.0,1.0,3.0,0.0,3.125,0.375,3.0,0.0,3.0,0.0,2.0,0.0,4.0,1.0,3.0,0.0,4.0,1.0,3.0,0.0,0.0,5.0,1.0,4.0,1.0,3.0,0.0,2.0,0.0,2.0,0.0,2.0,0.0,4.0,1.0,3.0,0.0,4.0,1.0,3.125,1.0,0.0,1.0,-1.0,-1.0,0.0,1.0,-1.0,1.0,0.0,0.0,0.0,0.0,0.0,0.0,0.0,1.0,-1.0,1.0,0.0,,,1.0,0.0,1.0,2
1.0,3.0,4.0,2.0,49.0,9.0,5.0,3.0,0.0,0.0,0.0,1.0,2.0,1.0,0.0,0.0,1.0,5.0,3.0,3.0,4.0,3.0,4.0,3.6666667,0.0,1.0,4.0,2.0,2.3333333,5.0,4.0,3.0,0.0,0.0,0.0,1.0,1.0,0.0,0.0,1.0,1.0,0.0,0.0,,1,1.0,1.0,5.0,1.0,5.0,1.0,4.0,1.0,2.0,0.0,4.0,1.0,4.0,1.0,4.0,1.0,5.0,1.0,5.0,1.0,4.125,0.875,4.0,1.0,3.0,0.0,3.0,0.0,3.0,0.0,3.0,0.0,3.0,0.0,4.0,1.0,0.0,5.0,1.0,5.0,1.0,4.0,1.0,1.0,0.0,3.0,0.0,4.0,1.0,4.0,1.0,4.0,1.0,4.0,1.0,3.75,0.0,0.0,0.0,-1.0,-1.0,0.0,0.0,-1.0,-1.0,-0.375,0.0,0.0,0.0,0.0,-1.0,0.0,0.0,0.0,0.0,-0.125,,,1.0,0.0,1.0,2
1.0,3.0,4.0,2.0,50.0,14.0,7.0,3.0,0.0,1.0,0.0,0.0,7.0,0.0,1.0,0.0,1.0,1.0,1.0,1.0,2.0,4.0,1.0,2.3333333,0.0,1.0,1.0,2.0,1.3333334,3.0,1.0,3.0,1.0,0.0,0.0,1.0,1.0,1.0,0.0,0.0,0.0,1.0,,0.0,0,,1.0,4.0,1.0,3.0,0.0,1.0,0.0,1.0,0.0,1.0,0.0,1.0,0.0,1.0,0.0,3.0,0.0,1.0,0.0,1.875,0.125,1.0,0.0,1.0,0.0,5.0,1.0,1.0,0.0,1.0,0.0,1.0,0.0,4.0,1.0,0.0,4.0,1.0,3.0,0.0,1.0,0.0,1.0,0.0,1.0,0.0,1.0,0.0,1.0,0.0,3.0,0.0,1.0,0.0,1.875,0.0,0.0,0.0,0.0,0.0,0.0,0.0,0.0,0.0,0.0,0.0,0.0,0.0,0.0,0.0,0.0,0.0,0.0,0.0,0.0,,,1.0,0.0,1.0,2
3.0,2.0,4.0,1.0,59.0,4.0,6.0,3.0,0.0,1.0,1.0,0.0,1.0,1.0,0.0,0.0,1.0,3.0,1.0,1.6666666,1.0,1.0,1.0,1.0,9.0,3.0,4.0,3.0,3.3333333,4.0,4.0,4.0,0.0,1.0,1.0,1.0,2.0,1.0,0.0,1.0,1.0,0.0,0.0,,1,0.0,0.0,2.0,0.0,4.0,1.0,2.0,0.0,1.0,0.0,1.0,0.0,4.0,1.0,2.0,0.0,2.0,0.0,3.0,0.0,2.25,0.25,3.0,0.0,2.0,0.0,4.0,1.0,2.0,0.0,2.0,0.0,4.0,1.0,2.0,0.0,0.0,2.0,0.0,4.0,1.0,2.0,0.0,2.0,0.0,1.0,0.0,4.0,1.0,2.0,0.0,2.0,0.0,2.0,0.0,2.375,0.0,0.0,0.0,1.0,0.0,0.0,0.0,0.0,-1.0,0.125,0.0,0.0,0.0,0.0,0.0,0.0,0.0,0.0,0.0,0.0,3.0,0.0,0.0,1.0,0.0,4
1.0,3.0,4.0,2.0,49.0,4.0,5.0,1.0,0.0,1.0,0.0,1.0,1.0,1.0,0.0,0.0,3.0,2.0,1.0,2.0,4.0,4.0,4.0,4.0,-8.0,2.0,4.0,2.0,2.6666667,4.0,4.0,5.0,0.0,1.0,1.0,1.0,2.0,0.0,0.0,1.0,1.0,0.0,0.0,,1,0.0,0.0,4.0,1.0,3.0,0.0,3.0,0.0,5.0,1.0,4.0,1.0,4.0,1.0,4.0,1.0,4.0,1.0,5.0,1.0,3.875,0.75,4.0,1.0,4.0,1.0,4.0,1.0,3.0,0.0,4.0,1.0,5.0,1.0,4.0,1.0,1.0,4.0,1.0,3.0,0.0,2.0,0.0,3.0,0.0,3.0,0.0,4.0,1.0,3.0,0.0,4.0,1.0,4.0,1.0,3.25,0.0,0.0,-1.0,-2.0,-1.0,0.0,-1.0,0.0,-1.0,-0.625,0.0,0.0,0.0,-1.0,-1.0,0.0,-1.0,0.0,0.0,-0.375,4.0,1.0,1.0,0.0,1.0,1
4.0,3.0,2.0,1.0,42.0,3.0,4.0,3.0,0.0,1.0,1.0,0.0,8.0,0.0,1.0,0.0,3.0,4.0,5.0,4.0,4.0,5.0,5.0,4.6666665,61.0,5.0,4.0,5.0,4.6666665,5.0,4.0,5.0,1.0,0.0,0.0,1.0,1.0,0.0,0.0,0.0,0.0,1.0,,0.0,0,,1.0,3.0,0.0,3.0,0.0,3.0,0.0,3.0,0.0,4.0,1.0,2.0,0.0,3.0,0.0,3.0,0.0,4.0,1.0,3.0,0.125,3.0,0.0,4.0,1.0,4.0,1.0,5.0,1.0,3.0,0.0,3.0,0.0,4.0,1.0,1.0,4.0,1.0,3.0,0.0,2.0,0.0,3.0,0.0,3.0,0.0,2.0,0.0,2.0,0.0,3.0,0.0,4.0,1.0,2.75,1.0,0.0,-1.0,0.0,-1.0,0.0,-1.0,0.0,0.0,-0.25,1.0,0.0,0.0,0.0,-1.0,0.0,0.0,0.0,0.0,0.0,,,0.0,1.0,0.0,5
1.0,4.0,2.0,3.0,69.0,6.0,6.0,3.0,1.0,0.0,0.0,1.0,6.0,0.0,0.0,1.0,4.0,4.0,3.0,3.6666667,3.0,4.0,3.0,3.3333333,27.0,4.0,3.0,3.0,3.3333333,2.0,2.0,4.0,1.0,0.0,1.0,0.0,1.0,1.0,0.0,1.0,1.0,0.0,0.0,,1,0.0,0.0,4.0,1.0,3.0,0.0,2.0,0.0,3.0,0.0,2.0,0.0,2.0,0.0,2.0,0.0,3.0,0.0,3.0,0.0,2.625,0.125,2.0,0.0,3.0,0.0,2.0,0.0,3.0,0.0,3.0,0.0,5.0,1.0,3.0,0.0,0.0,3.0,0.0,1.0,0.0,3.0,0.0,3.0,0.0,3.0,0.0,2.0,0.0,2.0,0.0,4.0,1.0,4.0,1.0,2.625,-1.0,-2.0,1.0,0.0,1.0,0.0,0.0,1.0,1.0,0.0,-1.0,0.0,0.0,0.0,0.0,0.0,0.0,1.0,1.0,0.0,3.0,0.0,1.0,1.0,1.0,4
4.0,2.0,3.0,1.0,64.0,2.0,6.0,1.0,0.0,0.0,1.0,0.0,8.0,0.0,1.0,0.0,4.0,4.0,4.0,4.0,4.0,3.0,3.0,3.3333333,82.0,5.0,5.0,3.0,4.3333335,3.0,3.0,5.0,1.0,0.0,1.0,1.0,2.0,1.0,0.0,1.0,1.0,0.0,0.0,,1,1.0,1.0,4.0,1.0,5.0,1.0,4.0,1.0,3.0,0.0,1.0,0.0,3.0,0.0,4.0,1.0,4.0,1.0,3.0,0.0,3.5,0.625,2.0,0.0,4.0,1.0,4.0,1.0,3.0,0.0,3.0,0.0,5.0,1.0,5.0,1.0,0.0,5.0,1.0,5.0,1.0,4.0,1.0,2.0,0.0,2.0,0.0,3.0,0.0,3.0,0.0,4.0,1.0,4.0,1.0,3.5,1.0,0.0,0.0,-1.0,1.0,0.0,-1.0,0.0,1.0,0.0,0.0,0.0,0.0,0.0,0.0,0.0,-1.0,0.0,1.0,-0.125,,,0.0,1.0,0.0,5
3.0,2.0,4.0,1.0,61.0,5.0,5.0,2.0,0.0,0.0,1.0,0.0,6.0,0.0,0.0,1.0,4.0,4.0,4.0,4.0,2.0,4.0,2.0,2.6666667,50.0,5.0,4.0,4.0,4.3333335,4.0,4.0,5.0,1.0,0.0,0.0,1.0,1.0,0.0,0.0,1.0,1.0,0.0,0.0,,1,1.0,1.0,1.0,0.0,3.0,0.0,3.0,0.0,1.0,0.0,1.0,0.0,1.0,0.0,1.0,0.0,1.0,0.0,1.0,0.0,1.5,0.0,2.0,0.0,2.0,0.0,1.0,0.0,5.0,1.0,1.0,0.0,2.0,0.0,1.0,0.0,0.0,3.0,0.0,3.0,0.0,1.0,0.0,1.0,0.0,1.0,0.0,1.0,0.0,1.0,0.0,3.0,0.0,1.0,0.0,1.75,2.0,0.0,-2.0,0.0,0.0,0.0,0.0,2.0,0.0,0.25,0.0,0.0,0.0,0.0,0.0,0.0,0.0,0.0,0.0,0.0,,,0.0,1.0,0.0,4
1.0,3.0,4.0,2.0,61.0,21.0,7.0,1.0,0.0,1.0,1.0,0.0,8.0,0.0,1.0,0.0,3.0,3.0,3.0,3.0,3.0,3.0,1.0,2.3333333,63.0,4.0,4.0,4.0,4.0,3.0,3.0,5.0,1.0,0.0,1.0,1.0,2.0,1.0,0.0,1.0,1.0,0.0,0.0,,1,1.0,1.0,2.0,0.0,4.0,1.0,4.0,1.0,1.0,0.0,1.0,0.0,2.0,0.0,1.0,0.0,2.0,0.0,3.0,0.0,2.125,0.25,3.0,0.0,2.0,0.0,1.0,0.0,1.0,0.0,2.0,0.0,1.0,0.0,3.0,0.0,0.0,3.0,0.0,4.0,1.0,4.0,1.0,1.0,0.0,1.0,0.0,2.0,0.0,2.0,0.0,1.0,0.0,1.0,0.0,2.25,1.0,0.0,0.0,0.0,0.0,0.0,1.0,-1.0,-2.0,0.125,0.0,0.0,0.0,0.0,0.0,0.0,0.0,0.0,0.0,0.0,,,1.0,1.0,1.0,5
4.0,2.0,3.0,1.0,42.0,8.0,2.0,3.0,0.0,1.0,1.0,0.0,3.0,0.0,0.0,1.0,1.0,2.0,1.0,1.3333334,2.0,5.0,3.0,3.3333333,5.0,3.0,4.0,4.0,3.6666667,4.0,4.0,4.0,0.0,0.0,0.0,1.0,1.0,0.0,0.0,0.0,0.0,1.0,,0.0,0,,1.0,4.0,1.0,4.0,1.0,4.0,1.0,2.0,0.0,3.0,0.0,3.0,0.0,3.0,0.0,4.0,1.0,3.0,0.0,3.375,0.5,3.0,0.0,4.0,1.0,3.0,0.0,4.0,1.0,3.0,0.0,5.0,1.0,3.0,0.0,0.0,5.0,1.0,4.0,1.0,4.0,1.0,2.0,0.0,3.0,0.0,3.0,0.0,3.0,0.0,4.0,1.0,4.0,1.0,3.5,1.0,0.0,0.0,0.0,0.0,0.0,0.0,0.0,1.0,0.125,0.0,0.0,0.0,0.0,0.0,0.0,0.0,0.0,1.0,0.0,,,0.0,1.0,0.0,3
3.0,2.0,1.0,4.0,55.0,9.0,5.0,1.0,0.0,0.0,1.0,0.0,6.0,0.0,0.0,1.0,3.0,2.0,1.0,2.0,2.0,4.0,3.0,3.0,100.0,5.0,4.0,5.0,4.6666665,1.0,3.0,5.0,1.0,0.0,1.0,1.0,2.0,0.0,0.0,1.0,1.0,0.0,0.0,,1,1.0,1.0,3.0,0.0,3.0,0.0,5.0,1.0,5.0,1.0,3.0,0.0,4.0,1.0,4.0,1.0,5.0,1.0,2.0,0.0,4.0,0.625,1.0,0.0,1.0,0.0,2.0,0.0,5.0,1.0,1.0,0.0,1.0,0.0,4.0,1.0,0.0,3.0,0.0,5.0,1.0,1.0,0.0,5.0,1.0,2.0,0.0,1.0,0.0,2.0,0.0,5.0,1.0,2.0,0.0,3.0,0.0,2.0,-4.0,0.0,-1.0,-3.0,-2.0,0.0,0.0,-1.0,0.0,1.0,-1.0,0.0,0.0,-1.0,-1.0,0.0,0.0,-0.25,,,0.0,1.0,0.0,5
4.0,3.0,2.0,1.0,68.0,10.0,2.0,3.0,1.0,0.0,1.0,0.0,6.0,0.0,0.0,1.0,3.0,3.0,3.0,3.0,4.0,4.0,1.0,3.0,0.0,4.0,3.0,4.0,3.6666667,3.0,3.0,4.0,1.0,0.0,1.0,1.0,2.0,1.0,0.0,1.0,1.0,0.0,0.0,,1,0.0,0.0,4.0,1.0,4.0,1.0,3.0,0.0,1.0,0.0,2.0,0.0,4.0,1.0,3.0,0.0,3.0,0.0,3.0,0.0,3.0,0.375,1.0,0.0,2.0,0.0,3.0,0.0,5.0,1.0,3.0,0.0,5.0,1.0,5.0,1.0,1.0,3.0,0.0,4.0,1.0,3.0,0.0,1.0,0.0,2.0,0.0,4.0,1.0,3.0,0.0,3.0,0.0,3.0,0.0,2.875,-1.0,0.0,0.0,0.0,0.0,0.0,0.0,0.0,0.0,-0.125,-1.0,0.0,0.0,0.0,0.0,0.0,0.0,0.0,0.0,-0.125,5.0,1.0,0.0,0.0,0.0,2
4.0,3.0,2.0,1.0,25.0,8.0,2.0,2.0,0.0,1.0,0.0,1.0,1.0,1.0,0.0,0.0,4.0,1.0,2.0,2.3333333,3.0,5.0,3.0,3.6666667,-15.0,3.0,4.0,1.0,2.6666667,4.0,5.0,5.0,0.0,1.0,1.0,0.0,1.0,0.0,0.0,1.0,1.0,0.0,0.0,,1,1.0,1.0,5.0,1.0,1.0,0.0,3.0,0.0,5.0,1.0,1.0,0.0,3.0,0.0,5.0,1.0,4.0,1.0,2.0,0.0,3.375,0.5,3.0,0.0,3.0,0.0,5.0,1.0,3.0,0.0,4.0,1.0,1.0,0.0,4.0,1.0,0.0,1.0,0.0,4.0,1.0,3.0,0.0,1.0,0.0,3.0,0.0,5.0,1.0,5.0,1.0,2.0,0.0,2.0,0.0,3.0,-4.0,3.0,0.0,-4.0,2.0,2.0,0.0,-2.0,0.0,-0.375,-1.0,1.0,0.0,-1.0,0.0,1.0,0.0,-1.0,0.0,-0.125,,,0.0,0.0,0.0,1
3.0,1.0,2.0,4.0,41.0,24.0,2.0,1.0,0.0,0.0,0.0,1.0,1.0,1.0,0.0,0.0,5.0,4.0,5.0,4.6666665,4.0,4.0,4.0,4.0,7.0,4.0,2.0,2.0,2.6666667,5.0,5.0,4.0,0.0,1.0,1.0,1.0,2.0,1.0,0.0,1.0,1.0,0.0,0.0,,1,0.0,0.0,4.0,1.0,4.0,1.0,4.0,1.0,4.0,1.0,4.0,1.0,5.0,1.0,5.0,1.0,4.0,1.0,4.0,1.0,4.25,1.0,4.0,1.0,4.0,1.0,4.0,1.0,5.0,1.0,5.0,1.0,4.0,1.0,5.0,1.0,1.0,5.0,1.0,4.0,1.0,5.0,1.0,4.0,1.0,4.0,1.0,5.0,1.0,4.0,1.0,5.0,1.0,4.0,1.0,4.5,1.0,0.0,1.0,0.0,0.0,0.0,-1.0,1.0,0.0,0.25,0.0,0.0,0.0,0.0,0.0,0.0,0.0,0.0,0.0,0.0,5.0,1.0,0.0,1.0,0.0,3
2.0,4.0,3.0,1.0,43.0,9.0,6.0,3.0,0.0,0.0,1.0,0.0,6.0,0.0,0.0,1.0,4.0,5.0,3.0,4.0,3.0,4.0,5.0,4.0,-3.0,5.0,5.0,5.0,5.0,5.0,3.0,4.0,1.0,0.0,1.0,1.0,2.0,1.0,0.0,0.0,0.0,1.0,,0.0,0,,1.0,4.0,1.0,4.0,1.0,4.0,1.0,4.0,1.0,4.0,1.0,4.0,1.0,4.0,1.0,5.0,1.0,4.0,1.0,4.125,1.0,2.0,0.0,3.0,0.0,1.0,0.0,1.0,0.0,1.0,0.0,1.0,0.0,1.0,0.0,0.0,3.0,0.0,3.0,0.0,2.0,0.0,3.0,0.0,4.0,1.0,3.0,0.0,3.0,0.0,3.0,0.0,3.0,0.0,3.0,-1.0,-1.0,-2.0,-1.0,0.0,-1.0,-1.0,-2.0,-1.0,-1.125,-1.0,-1.0,-1.0,-1.0,0.0,-1.0,-1.0,-1.0,-1.0,-0.875,,,0.0,0.0,1.0,2
2.0,3.0,4.0,1.0,54.0,13.0,6.0,2.0,0.0,1.0,1.0,0.0,8.0,0.0,1.0,0.0,2.0,3.0,2.0,2.3333333,5.0,5.0,3.0,4.3333335,-81.0,4.0,4.0,3.0,3.6666667,5.0,4.0,4.0,1.0,0.0,1.0,1.0,2.0,1.0,0.0,0.0,0.0,1.0,,0.0,0,,1.0,3.0,0.0,4.0,1.0,3.0,0.0,3.0,0.0,3.0,0.0,4.0,1.0,3.0,0.0,3.0,0.0,4.0,1.0,3.25,0.25,2.0,0.0,3.0,0.0,3.0,0.0,5.0,1.0,4.0,1.0,3.0,0.0,3.0,0.0,0.0,4.0,1.0,3.0,0.0,4.0,1.0,3.0,0.0,4.0,1.0,4.0,1.0,3.0,0.0,5.0,1.0,3.0,0.0,3.75,1.0,-1.0,1.0,0.0,1.0,0.0,0.0,2.0,-1.0,0.5,1.0,-1.0,1.0,0.0,1.0,0.0,0.0,1.0,-1.0,0.375,,,0.0,0.0,1.0,1
3.0,2.0,4.0,1.0,42.0,19.0,6.0,4.0,0.0,1.0,1.0,0.0,1.0,1.0,0.0,0.0,1.0,1.0,1.0,1.0,1.0,3.0,1.0,1.6666666,-30.0,2.0,4.0,3.0,3.0,5.0,4.0,5.0,0.0,1.0,1.0,1.0,2.0,1.0,0.0,1.0,1.0,0.0,0.0,,1,0.0,0.0,5.0,1.0,5.0,1.0,4.0,1.0,1.0,0.0,1.0,0.0,5.0,1.0,4.0,1.0,5.0,1.0,4.0,1.0,3.75,0.75,2.0,0.0,3.0,0.0,4.0,1.0,2.0,0.0,4.0,1.0,5.0,1.0,5.0,1.0,0.0,4.0,1.0,5.0,1.0,5.0,1.0,1.0,0.0,1.0,0.0,5.0,1.0,4.0,1.0,5.0,1.0,4.0,1.0,3.75,-1.0,0.0,1.0,0.0,0.0,0.0,0.0,0.0,0.0,0.0,0.0,0.0,0.0,0.0,0.0,0.0,0.0,0.0,0.0,0.0,5.0,1.0,0.0,0.0,0.0,1
3.0,2.0,4.0,1.0,64.0,2.0,4.0,3.0,0.0,1.0,1.0,0.0,8.0,0.0,1.0,0.0,2.0,3.0,2.0,2.3333333,3.0,4.0,3.0,3.3333333,0.0,3.0,4.0,4.0,3.6666667,2.0,3.0,3.0,1.0,0.0,1.0,0.0,1.0,1.0,0.0,1.0,1.0,0.0,0.0,,1,0.0,0.0,4.0,1.0,4.0,1.0,3.0,0.0,2.0,0.0,2.0,0.0,3.0,0.0,3.0,0.0,4.0,1.0,3.0,0.0,3.125,0.375,3.0,0.0,2.0,0.0,3.0,0.0,4.0,1.0,3.0,0.0,4.0,1.0,4.0,1.0,0.0,4.0,1.0,4.0,1.0,3.0,0.0,2.0,0.0,2.0,0.0,3.0,0.0,2.0,0.0,4.0,1.0,3.0,0.0,3.0,0.0,0.0,0.0,0.0,0.0,0.0,-1.0,0.0,0.0,-0.125,0.0,0.0,0.0,0.0,0.0,0.0,0.0,0.0,0.0,0.0,4.0,1.0,0.0,0.0,0.0,2
1.0,2.0,3.0,4.0,44.0,6.0,2.0,3.0,0.0,1.0,1.0,0.0,8.0,0.0,1.0,0.0,1.0,1.0,1.0,1.0,5.0,5.0,5.0,5.0,1.0,5.0,5.0,5.0,5.0,5.0,5.0,4.0,1.0,0.0,1.0,1.0,2.0,1.0,0.0,1.0,1.0,0.0,0.0,,1,1.0,1.0,5.0,1.0,5.0,1.0,5.0,1.0,5.0,1.0,5.0,1.0,1.0,0.0,1.0,0.0,5.0,1.0,5.0,1.0,4.0,0.75,1.0,0.0,5.0,1.0,5.0,1.0,1.0,0.0,1.0,0.0,5.0,1.0,5.0,1.0,0.0,5.0,1.0,5.0,1.0,1.0,0.0,1.0,0.0,1.0,0.0,1.0,0.0,1.0,0.0,5.0,1.0,5.0,1.0,2.5,0.0,0.0,-4.0,-4.0,-4.0,0.0,0.0,0.0,0.0,-1.5,0.0,0.0,-1.0,-1.0,-1.0,0.0,0.0,0.0,0.0,-0.375,,,1.0,0.0,1.0,3
3.0,2.0,4.0,1.0,63.0,1.0,4.0,3.0,0.0,0.0,1.0,0.0,7.0,0.0,1.0,0.0,2.0,2.0,3.0,2.3333333,3.0,4.0,2.0,3.0,6.0,2.0,2.0,2.0,2.0,3.0,4.0,5.0,0.0,1.0,1.0,1.0,2.0,0.0,0.0,1.0,1.0,0.0,0.0,,1,0.0,0.0,5.0,1.0,5.0,1.0,5.0,1.0,2.0,0.0,2.0,0.0,4.0,1.0,4.0,1.0,5.0,1.0,5.0,1.0,4.0,0.75,3.0,0.0,4.0,1.0,4.0,1.0,3.0,0.0,5.0,1.0,4.0,1.0,4.0,1.0,1.0,5.0,1.0,5.0,1.0,5.0,1.0,2.0,0.0,1.0,0.0,4.0,1.0,4.0,1.0,5.0,1.0,5.0,1.0,3.875,0.0,0.0,0.0,0.0,-1.0,0.0,0.0,0.0,0.0,-0.125,0.0,0.0,0.0,0.0,0.0,0.0,0.0,0.0,0.0,0.0,5.0,1.0,0.0,1.0,0.0,3
3.0,2.0,1.0,4.0,54.0,3.0,4.0,3.0,0.0,0.0,1.0,0.0,7.0,0.0,1.0,0.0,4.0,4.0,4.0,4.0,4.0,5.0,1.0,3.3333333,-9.0,5.0,4.0,4.0,4.3333335,5.0,5.0,4.0,1.0,0.0,0.0,1.0,1.0,1.0,0.0,0.0,0.0,1.0,,0.0,0,,1.0,4.0,1.0,4.0,1.0,4.0,1.0,4.0,1.0,4.0,1.0,4.0,1.0,5.0,1.0,4.0,1.0,4.0,1.0,4.125,1.0,4.0,1.0,2.0,0.0,5.0,1.0,2.0,0.0,4.0,1.0,5.0,1.0,5.0,1.0,1.0,4.0,1.0,5.0,1.0,4.0,1.0,5.0,1.0,4.0,1.0,4.0,1.0,4.0,1.0,4.0,1.0,5.0,1.0,4.25,0.0,1.0,0.0,1.0,0.0,0.0,-1.0,0.0,1.0,0.125,0.0,0.0,0.0,0.0,0.0,0.0,0.0,0.0,0.0,0.0,,,0.0,0.0,0.0,1
2.0,3.0,4.0,1.0,38.0,20.0,3.0,3.0,0.0,0.0,1.0,0.0,8.0,0.0,1.0,0.0,3.0,4.0,3.0,3.3333333,2.0,3.0,2.0,2.3333333,50.0,3.0,4.0,3.0,3.3333333,1.0,1.0,3.0,1.0,0.0,0.0,1.0,1.0,0.0,0.0,1.0,1.0,0.0,0.0,,1,0.0,0.0,3.0,0.0,3.0,0.0,1.0,0.0,1.0,0.0,1.0,0.0,1.0,0.0,1.0,0.0,3.0,0.0,1.0,0.0,1.75,0.0,2.0,0.0,3.0,0.0,1.0,0.0,4.0,1.0,1.0,0.0,4.0,1.0,3.0,0.0,0.0,3.0,0.0,3.0,0.0,5.0,1.0,1.0,0.0,1.0,0.0,1.0,0.0,1.0,0.0,3.0,0.0,1.0,0.0,2.25,0.0,0.0,4.0,0.0,0.0,0.0,0.0,0.0,0.0,0.5,0.0,0.0,1.0,0.0,0.0,0.0,0.0,0.0,0.0,0.125,3.0,0.0,0.0,1.0,1.0,4
4.0,2.0,1.0,3.0,61.0,7.0,2.0,1.0,0.0,1.0,1.0,0.0,4.0,0.0,0.0,1.0,2.0,2.0,2.0,2.0,4.0,4.0,2.0,3.3333333,4.0,2.0,2.0,2.0,2.0,4.0,4.0,4.0,0.0,1.0,0.0,0.0,0.0,0.0,0.0,1.0,1.0,0.0,0.0,,1,0.0,0.0,2.0,0.0,2.0,0.0,2.0,0.0,2.0,0.0,2.0,0.0,2.0,0.0,2.0,0.0,2.0,0.0,2.0,0.0,2.0,0.0,3.0,0.0,2.0,0.0,2.0,0.0,5.0,1.0,3.0,0.0,4.0,1.0,4.0,1.0,0.0,3.0,0.0,3.0,0.0,3.0,0.0,3.0,0.0,3.0,0.0,3.0,0.0,3.0,0.0,3.0,0.0,3.0,0.0,3.0,1.0,1.0,1.0,1.0,1.0,1.0,1.0,1.0,1.0,1.0,0.0,0.0,0.0,0.0,0.0,0.0,0.0,0.0,0.0,0.0,2.0,0.0,0.0,1.0,0.0,3
4.0,1.0,3.0,2.0,54.0,8.0,3.0,2.0,0.0,0.0,1.0,0.0,8.0,0.0,1.0,0.0,2.0,3.0,2.0,2.3333333,3.0,5.0,4.0,4.0,26.0,4.0,3.0,4.0,3.6666667,3.0,2.0,3.0,1.0,0.0,0.0,1.0,1.0,1.0,0.0,0.0,0.0,1.0,,0.0,0,,1.0,4.0,1.0,3.0,0.0,3.0,0.0,3.0,0.0,3.0,0.0,2.0,0.0,4.0,1.0,2.0,0.0,4.0,1.0,3.0,0.25,3.0,0.0,3.0,0.0,4.0,1.0,2.0,0.0,4.0,1.0,3.0,0.0,3.0,0.0,0.0,3.0,0.0,4.0,1.0,3.0,0.0,4.0,1.0,3.0,0.0,2.0,0.0,4.0,1.0,3.0,0.0,4.0,1.0,3.25,-1.0,1.0,0.0,1.0,0.0,0.0,0.0,1.0,0.0,0.25,-1.0,1.0,0.0,1.0,0.0,0.0,0.0,0.0,0.0,0.125,,,0.0,1.0,0.0,4
1.0,3.0,4.0,2.0,37.0,2.0,1.0,3.0,0.0,1.0,1.0,0.0,6.0,0.0,0.0,1.0,3.0,3.0,2.0,2.6666667,3.0,5.0,5.0,4.3333335,100.0,3.0,3.0,3.0,3.0,3.0,3.0,3.0,1.0,0.0,0.0,1.0,1.0,0.0,0.0,1.0,1.0,0.0,0.0,,1,1.0,1.0,3.0,0.0,2.0,0.0,3.0,0.0,3.0,0.0,3.0,0.0,3.0,0.0,3.0,0.0,3.0,0.0,3.0,0.0,2.875,0.0,4.0,1.0,3.0,0.0,3.0,0.0,3.0,0.0,3.0,0.0,3.0,0.0,5.0,1.0,0.0,3.0,0.0,3.0,0.0,3.0,0.0,3.0,0.0,3.0,0.0,3.0,0.0,3.0,0.0,3.0,0.0,3.0,0.0,3.0,0.0,1.0,0.0,0.0,0.0,0.0,0.0,0.0,0.0,0.125,0.0,0.0,0.0,0.0,0.0,0.0,0.0,0.0,0.0,0.0,,,1.0,1.0,1.0,5
4.0,2.0,3.0,1.0,54.0,22.0,8.0,3.0,0.0,0.0,1.0,0.0,2.0,1.0,0.0,0.0,3.0,1.0,4.0,2.6666667,4.0,3.0,5.0,4.0,-5.0,1.0,2.0,2.0,1.6666666,4.0,2.0,5.0,0.0,1.0,1.0,0.0,1.0,0.0,0.0,1.0,1.0,0.0,0.0,,1,0.0,0.0,4.0,1.0,5.0,1.0,5.0,1.0,2.0,0.0,2.0,0.0,5.0,1.0,3.0,0.0,5.0,1.0,4.0,1.0,3.875,0.625,3.0,0.0,3.0,0.0,4.0,1.0,5.0,1.0,5.0,1.0,5.0,1.0,5.0,1.0,0.0,5.0,1.0,5.0,1.0,5.0,1.0,2.0,0.0,1.0,0.0,5.0,1.0,3.0,0.0,5.0,1.0,4.0,1.0,3.875,1.0,0.0,0.0,0.0,-1.0,0.0,0.0,0.0,0.0,0.0,0.0,0.0,0.0,0.0,0.0,0.0,0.0,0.0,0.0,0.0,5.0,1.0,0.0,0.0,0.0,1
4.0,3.0,2.0,1.0,35.0,19.0,2.0,1.0,0.0,0.0,0.0,0.0,2.0,1.0,0.0,0.0,1.0,3.0,5.0,3.0,4.0,5.0,4.0,4.3333335,-56.0,5.0,4.0,3.0,4.0,5.0,5.0,1.0,0.0,0.0,0.0,1.0,1.0,0.0,0.0,1.0,1.0,0.0,0.0,,1,1.0,1.0,3.0,0.0,3.0,0.0,3.0,0.0,3.0,0.0,3.0,0.0,3.0,0.0,3.0,0.0,3.0,0.0,3.0,0.0,3.0,0.0,1.0,0.0,2.0,0.0,4.0,1.0,3.0,0.0,3.0,0.0,3.0,0.0,3.0,0.0,0.0,3.0,0.0,3.0,0.0,3.0,0.0,3.0,0.0,3.0,0.0,3.0,0.0,3.0,0.0,3.0,0.0,3.0,0.0,3.0,0.0,0.0,0.0,0.0,0.0,0.0,0.0,0.0,0.0,0.0,0.0,0.0,0.0,0.0,0.0,0.0,0.0,0.0,0.0,0.0,,,0.0,0.0,0.0,1
4.0,1.0,3.0,2.0,36.0,5.0,6.0,2.0,0.0,1.0,1.0,0.0,1.0,1.0,0.0,0.0,3.0,4.0,2.0,3.0,4.0,5.0,1.0,3.3333333,0.0,1.0,1.0,1.0,1.0,4.0,2.0,4.0,0.0,1.0,0.0,0.0,0.0,0.0,0.0,0.0,0.0,1.0,,0.0,0,,1.0,3.0,0.0,3.0,0.0,1.0,0.0,1.0,0.0,1.0,0.0,3.0,0.0,4.0,1.0,2.0,0.0,4.0,1.0,2.25,0.125,4.0,1.0,3.0,0.0,2.0,0.0,4.0,1.0,3.0,0.0,4.0,1.0,3.0,0.0,0.0,3.0,0.0,3.0,0.0,2.0,0.0,1.0,0.0,1.0,0.0,3.0,0.0,4.0,1.0,2.0,0.0,4.0,1.0,2.375,0.0,0.0,1.0,0.0,0.0,0.0,0.0,0.0,0.0,0.125,0.0,0.0,0.0,0.0,0.0,0.0,0.0,0.0,0.0,0.0,,,0.0,0.0,0.0,2
2.0,1.0,4.0,3.0,52.0,4.0,4.0,2.0,0.0,1.0,1.0,0.0,7.0,0.0,1.0,0.0,4.0,4.0,3.0,3.6666667,2.0,2.0,2.0,2.0,0.0,2.0,4.0,4.0,3.3333333,2.0,3.0,2.0,1.0,0.0,1.0,1.0,2.0,1.0,0.0,0.0,0.0,1.0,,0.0,0,,1.0,4.0,1.0,4.0,1.0,3.0,0.0,2.0,0.0,2.0,0.0,3.0,0.0,2.0,0.0,4.0,1.0,2.0,0.0,3.0,0.375,2.0,0.0,2.0,0.0,3.0,0.0,4.0,1.0,3.0,0.0,5.0,1.0,5.0,1.0,0.0,5.0,1.0,5.0,1.0,3.0,0.0,2.0,0.0,2.0,0.0,3.0,0.0,2.0,0.0,5.0,1.0,2.0,0.0,3.375,1.0,1.0,0.0,0.0,0.0,0.0,0.0,1.0,0.0,0.375,0.0,0.0,0.0,0.0,0.0,0.0,0.0,0.0,0.0,0.0,,,0.0,0.0,0.0,2
2.0,1.0,3.0,4.0,48.0,3.0,4.0,3.0,0.0,0.0,1.0,0.0,3.0,0.0,0.0,1.0,2.0,2.0,4.0,2.6666667,2.0,4.0,3.0,3.0,54.0,4.0,4.0,2.0,3.3333333,3.0,3.0,3.0,0.0,0.0,0.0,0.0,0.0,0.0,0.0,0.0,0.0,1.0,,0.0,0,,1.0,4.0,1.0,4.0,1.0,3.0,0.0,3.0,0.0,4.0,1.0,4.0,1.0,4.0,1.0,3.0,0.0,4.0,1.0,3.625,0.625,4.0,1.0,3.0,0.0,4.0,1.0,3.0,0.0,4.0,1.0,4.0,1.0,4.0,1.0,1.0,4.0,1.0,2.0,0.0,4.0,1.0,3.0,0.0,4.0,1.0,4.0,1.0,4.0,1.0,4.0,1.0,4.0,1.0,3.625,0.0,-2.0,1.0,0.0,0.0,0.0,0.0,1.0,0.0,0.0,0.0,-1.0,1.0,0.0,0.0,0.0,0.0,1.0,0.0,0.125,,,0.0,1.0,0.0,5
1.0,2.0,4.0,3.0,57.0,6.0,2.0,3.0,0.0,1.0,1.0,0.0,8.0,0.0,1.0,0.0,1.0,3.0,1.0,1.6666666,2.0,4.0,1.0,2.3333333,0.0,3.0,5.0,4.0,4.0,5.0,4.0,4.0,1.0,0.0,1.0,1.0,2.0,0.0,0.0,1.0,1.0,0.0,0.0,,1,1.0,1.0,5.0,1.0,5.0,1.0,4.0,1.0,5.0,1.0,5.0,1.0,3.0,0.0,1.0,0.0,5.0,1.0,5.0,1.0,4.125,0.75,4.0,1.0,4.0,1.0,4.0,1.0,4.0,1.0,2.0,0.0,5.0,1.0,5.0,1.0,0.0,5.0,1.0,5.0,1.0,4.0,1.0,1.0,0.0,4.0,1.0,4.0,1.0,1.0,0.0,4.0,1.0,4.0,1.0,3.5,0.0,0.0,0.0,-4.0,-1.0,1.0,0.0,-1.0,-1.0,-0.625,0.0,0.0,0.0,-1.0,0.0,1.0,0.0,0.0,0.0,0.0,,,1.0,0.0,1.0,2
4.0,2.0,3.0,1.0,60.0,5.0,6.0,3.0,0.0,1.0,1.0,0.0,2.0,1.0,0.0,0.0,1.0,1.0,1.0,1.0,4.0,4.0,1.0,3.0,14.0,4.0,4.0,4.0,4.0,4.0,5.0,4.0,0.0,1.0,1.0,0.0,1.0,0.0,0.0,0.0,0.0,1.0,,0.0,0,,1.0,4.0,1.0,4.0,1.0,4.0,1.0,1.0,0.0,1.0,0.0,4.0,1.0,5.0,1.0,4.0,1.0,4.0,1.0,3.375,0.75,3.0,0.0,3.0,0.0,5.0,1.0,5.0,1.0,4.0,1.0,5.0,1.0,5.0,1.0,0.0,5.0,1.0,4.0,1.0,4.0,1.0,1.0,0.0,1.0,0.0,5.0,1.0,5.0,1.0,4.0,1.0,5.0,1.0,3.625,1.0,0.0,0.0,0.0,0.0,1.0,0.0,0.0,1.0,0.25,0.0,0.0,0.0,0.0,0.0,0.0,0.0,0.0,0.0,0.0,,,0.0,1.0,0.0,4
4.0,1.0,3.0,2.0,33.0,1.0,6.0,3.0,0.0,0.0,0.0,0.0,8.0,0.0,1.0,0.0,5.0,5.0,5.0,5.0,5.0,5.0,5.0,5.0,0.0,5.0,5.0,1.0,3.6666667,5.0,5.0,3.0,1.0,0.0,0.0,1.0,1.0,0.0,0.0,1.0,1.0,0.0,0.0,,1,1.0,1.0,1.0,0.0,1.0,0.0,1.0,0.0,1.0,0.0,1.0,0.0,1.0,0.0,1.0,0.0,1.0,0.0,1.0,0.0,1.0,0.0,5.0,1.0,3.0,0.0,5.0,1.0,5.0,1.0,5.0,1.0,5.0,1.0,5.0,1.0,1.0,1.0,0.0,1.0,0.0,1.0,0.0,1.0,0.0,1.0,0.0,1.0,0.0,1.0,0.0,1.0,0.0,1.0,0.0,1.0,0.0,0.0,0.0,0.0,0.0,0.0,0.0,0.0,0.0,0.0,0.0,0.0,0.0,0.0,0.0,0.0,0.0,0.0,0.0,0.0,,,0.0,0.0,0.0,2
4.0,3.0,2.0,1.0,46.0,18.0,5.0,2.0,0.0,1.0,1.0,0.0,7.0,0.0,1.0,0.0,1.0,3.0,1.0,1.6666666,1.0,3.0,1.0,1.6666666,-6.0,3.0,3.0,1.0,2.3333333,1.0,1.0,3.0,1.0,0.0,0.0,0.0,0.0,1.0,0.0,1.0,1.0,0.0,0.0,,1,0.0,0.0,3.0,0.0,3.0,0.0,3.0,0.0,2.0,0.0,2.0,0.0,1.0,0.0,1.0,0.0,4.0,1.0,1.0,0.0,2.375,0.125,2.0,0.0,2.0,0.0,1.0,0.0,5.0,1.0,1.0,0.0,3.0,0.0,3.0,0.0,0.0,1.0,0.0,1.0,0.0,1.0,0.0,1.0,0.0,1.0,0.0,2.0,0.0,1.0,0.0,1.0,0.0,1.0,0.0,1.125,-2.0,-2.0,-2.0,-1.0,-1.0,1.0,0.0,-3.0,0.0,-1.25,0.0,0.0,0.0,0.0,0.0,0.0,0.0,-1.0,0.0,-0.125,3.0,0.0,0.0,0.0,0.0,1
4.0,2.0,3.0,1.0,55.0,22.0,6.0,2.0,0.0,0.0,1.0,0.0,6.0,0.0,0.0,1.0,1.0,1.0,1.0,1.0,4.0,5.0,4.0,4.3333335,-2.0,3.0,4.0,3.0,3.3333333,1.0,3.0,5.0,1.0,0.0,1.0,1.0,2.0,1.0,0.0,1.0,1.0,0.0,0.0,,1,0.0,0.0,1.0,0.0,4.0,1.0,4.0,1.0,1.0,0.0,1.0,0.0,4.0,1.0,1.0,0.0,1.0,0.0,4.0,1.0,2.125,0.375,2.0,0.0,2.0,0.0,3.0,0.0,1.0,0.0,1.0,0.0,4.0,1.0,1.0,0.0,0.0,1.0,0.0,3.0,0.0,2.0,0.0,2.0,0.0,2.0,0.0,4.0,1.0,3.0,0.0,2.0,0.0,2.0,0.0,2.375,0.0,-1.0,-2.0,1.0,1.0,0.0,2.0,1.0,-2.0,0.25,0.0,-1.0,-1.0,0.0,0.0,0.0,0.0,0.0,-1.0,-0.25,2.0,0.0,0.0,0.0,0.0,2
2.0,1.0,3.0,4.0,42.0,14.0,6.0,4.0,0.0,1.0,0.0,0.0,1.0,1.0,0.0,0.0,3.0,1.0,3.0,2.3333333,5.0,5.0,4.0,4.6666665,-78.0,3.0,5.0,1.0,3.0,5.0,5.0,5.0,0.0,1.0,1.0,1.0,2.0,0.0,0.0,0.0,0.0,1.0,,0.0,0,,1.0,1.0,0.0,2.0,0.0,3.0,0.0,1.0,0.0,3.0,0.0,3.0,0.0,4.0,1.0,5.0,1.0,3.0,0.0,2.75,0.25,2.0,0.0,4.0,1.0,3.0,0.0,2.0,0.0,3.0,0.0,3.0,0.0,4.0,1.0,0.0,3.0,0.0,4.0,1.0,3.0,0.0,2.0,0.0,2.0,0.0,2.0,0.0,2.0,0.0,1.0,0.0,2.0,0.0,2.375,2.0,2.0,0.0,1.0,-1.0,-1.0,-2.0,-4.0,-1.0,-0.375,0.0,1.0,0.0,0.0,0.0,0.0,-1.0,-1.0,0.0,-0.125,,,0.0,0.0,0.0,1
2.0,3.0,4.0,1.0,39.0,5.0,5.0,1.0,0.0,1.0,0.0,1.0,1.0,1.0,0.0,0.0,3.0,2.0,2.0,2.3333333,4.0,5.0,4.0,4.3333335,-16.0,2.0,3.0,2.0,2.3333333,5.0,2.0,5.0,0.0,1.0,1.0,1.0,2.0,1.0,0.0,1.0,1.0,0.0,0.0,,1,0.0,0.0,5.0,1.0,5.0,1.0,5.0,1.0,5.0,1.0,5.0,1.0,5.0,1.0,5.0,1.0,5.0,1.0,5.0,1.0,5.0,1.0,5.0,1.0,4.0,1.0,5.0,1.0,4.0,1.0,5.0,1.0,5.0,1.0,5.0,1.0,1.0,5.0,1.0,5.0,1.0,5.0,1.0,5.0,1.0,5.0,1.0,5.0,1.0,5.0,1.0,5.0,1.0,5.0,1.0,5.0,0.0,0.0,0.0,0.0,0.0,0.0,0.0,0.0,0.0,0.0,0.0,0.0,0.0,0.0,0.0,0.0,0.0,0.0,0.0,0.0,5.0,1.0,0.0,0.0,1.0,1
3.0,2.0,4.0,1.0,47.0,19.0,7.0,3.0,0.0,1.0,1.0,0.0,1.0,1.0,0.0,0.0,3.0,3.0,4.0,3.3333333,5.0,5.0,2.0,4.0,100.0,4.0,4.0,2.0,3.3333333,4.0,3.0,4.0,0.0,1.0,1.0,0.0,1.0,1.0,0.0,1.0,1.0,0.0,0.0,,1,0.0,0.0,3.0,0.0,4.0,1.0,2.0,0.0,3.0,0.0,3.0,0.0,4.0,1.0,4.0,1.0,4.0,1.0,3.0,0.0,3.375,0.5,3.0,0.0,3.0,0.0,3.0,0.0,5.0,1.0,3.0,0.0,4.0,1.0,4.0,1.0,0.0,3.0,0.0,4.0,1.0,3.0,0.0,3.0,0.0,3.0,0.0,4.0,1.0,3.0,0.0,4.0,1.0,4.0,1.0,3.375,0.0,0.0,1.0,0.0,0.0,0.0,-1.0,0.0,1.0,0.0,0.0,0.0,0.0,0.0,0.0,0.0,-1.0,0.0,1.0,-0.125,3.0,0.0,0.0,1.0,0.0,5
4.0,1.0,3.0,2.0,38.0,2.0,2.0,2.0,0.0,1.0,1.0,0.0,1.0,1.0,0.0,0.0,1.0,1.0,5.0,2.3333333,5.0,5.0,5.0,5.0,0.0,5.0,5.0,5.0,5.0,5.0,5.0,1.0,0.0,1.0,1.0,1.0,2.0,0.0,0.0,0.0,0.0,1.0,,0.0,0,,1.0,5.0,1.0,5.0,1.0,1.0,0.0,5.0,1.0,5.0,1.0,5.0,1.0,5.0,1.0,5.0,1.0,5.0,1.0,4.5,0.875,5.0,1.0,5.0,1.0,5.0,1.0,5.0,1.0,5.0,1.0,5.0,1.0,5.0,1.0,0.0,5.0,1.0,1.0,0.0,1.0,0.0,5.0,1.0,5.0,1.0,5.0,1.0,5.0,1.0,5.0,1.0,5.0,1.0,4.0,0.0,-4.0,0.0,0.0,0.0,0.0,0.0,0.0,0.0,-0.5,0.0,-1.0,0.0,0.0,0.0,0.0,0.0,0.0,0.0,-0.125,,,0.0,0.0,0.0,2
4.0,3.0,1.0,2.0,38.0,14.0,6.0,3.0,0.0,1.0,1.0,0.0,1.0,1.0,0.0,0.0,2.0,1.0,1.0,1.3333334,1.0,3.0,1.0,1.6666666,2.0,1.0,2.0,2.0,1.6666666,4.0,3.0,4.0,0.0,1.0,1.0,1.0,2.0,1.0,0.0,1.0,1.0,0.0,0.0,,1,0.0,0.0,4.0,1.0,4.0,1.0,2.0,0.0,3.0,0.0,2.0,0.0,4.0,1.0,3.0,0.0,4.0,1.0,4.0,1.0,3.25,0.5,5.0,1.0,4.0,1.0,4.0,1.0,3.0,0.0,4.0,1.0,5.0,1.0,5.0,1.0,1.0,2.0,0.0,5.0,1.0,3.0,0.0,3.0,0.0,2.0,0.0,4.0,1.0,3.0,0.0,2.0,0.0,4.0,1.0,3.0,-2.0,1.0,1.0,0.0,0.0,0.0,0.0,-2.0,0.0,-0.25,-1.0,0.0,0.0,0.0,0.0,0.0,0.0,-1.0,0.0,-0.25,4.0,1.0,0.0,1.0,0.0,3
2.0,1.0,4.0,3.0,28.0,4.0,6.0,1.0,0.0,1.0,1.0,0.0,8.0,0.0,1.0,0.0,3.0,2.0,3.0,2.6666667,3.0,4.0,2.0,3.0,1.0,4.0,4.0,3.0,3.6666667,4.0,3.0,5.0,1.0,0.0,1.0,1.0,2.0,1.0,0.0,0.0,0.0,1.0,,0.0,0,,1.0,3.0,0.0,3.0,0.0,2.0,0.0,1.0,0.0,2.0,0.0,2.0,0.0,2.0,0.0,4.0,1.0,4.0,1.0,2.375,0.125,3.0,0.0,4.0,1.0,2.0,0.0,4.0,1.0,3.0,0.0,3.0,0.0,3.0,0.0,0.0,3.0,0.0,3.0,0.0,2.0,0.0,1.0,0.0,3.0,0.0,3.0,0.0,2.0,0.0,3.0,0.0,2.0,0.0,2.5,0.0,0.0,0.0,0.0,1.0,1.0,0.0,-1.0,-2.0,0.125,0.0,0.0,0.0,0.0,0.0,0.0,0.0,-1.0,-1.0,-0.125,,,0.0,0.0,0.0,3
4.0,2.0,3.0,1.0,37.0,1.0,4.0,2.0,0.0,1.0,1.0,0.0,7.0,0.0,1.0,0.0,1.0,3.0,2.0,2.0,3.0,5.0,1.0,3.0,83.0,4.0,4.0,4.0,4.0,3.0,4.0,5.0,1.0,0.0,0.0,1.0,1.0,0.0,0.0,1.0,1.0,0.0,0.0,,1,0.0,0.0,5.0,1.0,5.0,1.0,4.0,1.0,2.0,0.0,4.0,1.0,2.0,0.0,3.0,0.0,5.0,1.0,3.0,0.0,3.75,0.625,3.0,0.0,3.0,0.0,4.0,1.0,3.0,0.0,2.0,0.0,5.0,1.0,5.0,1.0,1.0,5.0,1.0,5.0,1.0,4.0,1.0,2.0,0.0,4.0,1.0,2.0,0.0,3.0,0.0,5.0,1.0,3.0,0.0,3.75,0.0,0.0,0.0,0.0,0.0,0.0,0.0,0.0,0.0,0.0,0.0,0.0,0.0,0.0,0.0,0.0,0.0,0.0,0.0,0.0,5.0,1.0,0.0,1.0,0.0,5
4.0,1.0,2.0,3.0,52.0,4.0,1.0,4.0,0.0,0.0,1.0,0.0,1.0,1.0,0.0,0.0,4.0,4.0,4.0,4.0,3.0,3.0,3.0,3.0,0.0,3.0,2.0,3.0,2.6666667,3.0,2.0,4.0,0.0,1.0,0.0,0.0,0.0,0.0,0.0,1.0,1.0,0.0,0.0,,1,1.0,1.0,3.0,0.0,2.0,0.0,3.0,0.0,2.0,0.0,2.0,0.0,3.0,0.0,2.0,0.0,3.0,0.0,3.0,0.0,2.5,0.0,2.0,0.0,2.0,0.0,2.0,0.0,3.0,0.0,3.0,0.0,4.0,1.0,3.0,0.0,0.0,3.0,0.0,3.0,0.0,3.0,0.0,2.0,0.0,2.0,0.0,2.0,0.0,2.0,0.0,3.0,0.0,2.0,0.0,2.5,0.0,1.0,0.0,0.0,0.0,-1.0,0.0,0.0,-1.0,0.0,0.0,0.0,0.0,0.0,0.0,0.0,0.0,0.0,0.0,0.0,,,0.0,0.0,0.0,2
2.0,3.0,4.0,1.0,52.0,1.0,2.0,1.0,0.0,1.0,1.0,0.0,8.0,0.0,1.0,0.0,5.0,4.0,4.0,4.3333335,4.0,5.0,5.0,4.6666665,50.0,3.0,4.0,2.0,3.0,2.0,4.0,3.0,1.0,0.0,1.0,0.0,1.0,1.0,0.0,1.0,1.0,0.0,0.0,,1,0.0,0.0,4.0,1.0,4.0,1.0,4.0,1.0,5.0,1.0,5.0,1.0,4.0,1.0,3.0,0.0,4.0,1.0,5.0,1.0,4.125,0.875,4.0,1.0,3.0,0.0,5.0,1.0,5.0,1.0,4.0,1.0,5.0,1.0,5.0,1.0,0.0,4.0,1.0,4.0,1.0,4.0,1.0,4.0,1.0,4.0,1.0,3.0,0.0,3.0,0.0,4.0,1.0,4.0,1.0,3.75,0.0,0.0,0.0,-1.0,-1.0,-1.0,0.0,0.0,-1.0,-0.375,0.0,0.0,0.0,0.0,0.0,-1.0,0.0,0.0,0.0,-0.125,5.0,1.0,0.0,1.0,1.0,4
2.0,3.0,4.0,1.0,41.0,8.0,5.0,3.0,0.0,0.0,0.0,1.0,2.0,1.0,0.0,0.0,1.0,1.0,3.0,1.6666666,5.0,5.0,3.0,4.3333335,0.0,3.0,3.0,1.0,2.3333333,4.0,5.0,3.0,0.0,1.0,1.0,1.0,2.0,0.0,0.0,1.0,1.0,0.0,0.0,,1,0.0,0.0,5.0,1.0,5.0,1.0,1.0,0.0,1.0,0.0,5.0,1.0,5.0,1.0,5.0,1.0,5.0,1.0,4.0,1.0,4.0,0.75,5.0,1.0,3.0,0.0,5.0,1.0,4.0,1.0,5.0,1.0,5.0,1.0,5.0,1.0,0.0,5.0,1.0,5.0,1.0,1.0,0.0,1.0,0.0,1.0,0.0,5.0,1.0,3.0,0.0,5.0,1.0,5.0,1.0,3.25,0.0,0.0,0.0,0.0,-4.0,0.0,-2.0,0.0,1.0,-0.75,0.0,0.0,0.0,0.0,-1.0,0.0,-1.0,0.0,0.0,-0.25,5.0,1.0,0.0,0.0,1.0,2
1.0,3.0,4.0,2.0,29.0,18.0,7.0,2.0,0.0,1.0,1.0,0.0,2.0,1.0,0.0,0.0,1.0,1.0,1.0,1.0,3.0,3.0,1.0,2.3333333,0.0,2.0,4.0,2.0,2.6666667,4.0,2.0,4.0,0.0,1.0,1.0,0.0,1.0,1.0,0.0,1.0,1.0,0.0,0.0,,1,1.0,1.0,5.0,1.0,5.0,1.0,4.0,1.0,1.0,0.0,1.0,0.0,4.0,1.0,4.0,1.0,5.0,1.0,4.0,1.0,3.625,0.75,1.0,0.0,2.0,0.0,2.0,0.0,2.0,0.0,2.0,0.0,5.0,1.0,2.0,0.0,0.0,5.0,1.0,5.0,1.0,4.0,1.0,1.0,0.0,1.0,0.0,4.0,1.0,4.0,1.0,5.0,1.0,3.0,0.0,3.625,0.0,0.0,0.0,0.0,0.0,0.0,0.0,0.0,-1.0,0.0,0.0,0.0,0.0,0.0,0.0,0.0,0.0,0.0,-1.0,0.0,,,1.0,0.0,1.0,2
3.0,2.0,4.0,1.0,46.0,2.0,4.0,4.0,0.0,1.0,1.0,0.0,1.0,1.0,0.0,0.0,1.0,1.0,1.0,1.0,1.0,5.0,1.0,2.3333333,-18.0,1.0,1.0,1.0,1.0,5.0,5.0,4.0,0.0,1.0,0.0,1.0,1.0,1.0,0.0,0.0,0.0,1.0,,0.0,0,,1.0,4.0,1.0,5.0,1.0,4.0,1.0,1.0,0.0,2.0,0.0,5.0,1.0,5.0,1.0,4.0,1.0,3.0,0.0,3.75,0.75,2.0,0.0,3.0,0.0,5.0,1.0,3.0,0.0,5.0,1.0,5.0,1.0,4.0,1.0,1.0,5.0,1.0,5.0,1.0,3.0,0.0,1.0,0.0,1.0,0.0,5.0,1.0,5.0,1.0,4.0,1.0,5.0,1.0,3.625,1.0,0.0,-1.0,0.0,-1.0,0.0,0.0,0.0,2.0,-0.125,0.0,0.0,-1.0,0.0,0.0,0.0,0.0,0.0,1.0,-0.125,,,0.0,0.0,0.0,1
3.0,2.0,4.0,1.0,44.0,4.0,4.0,2.0,0.0,0.0,1.0,0.0,1.0,1.0,0.0,0.0,1.0,1.0,1.0,1.0,3.0,4.0,2.0,3.0,-100.0,1.0,1.0,2.0,1.3333334,4.0,2.0,4.0,0.0,0.0,1.0,1.0,2.0,1.0,0.0,1.0,1.0,0.0,0.0,,1,1.0,1.0,4.0,1.0,4.0,1.0,4.0,1.0,1.0,0.0,1.0,0.0,5.0,1.0,4.0,1.0,4.0,1.0,3.0,0.0,3.375,0.75,3.0,0.0,1.0,0.0,2.0,0.0,1.0,0.0,2.0,0.0,5.0,1.0,3.0,0.0,0.0,4.0,1.0,5.0,1.0,4.0,1.0,1.0,0.0,1.0,0.0,5.0,1.0,4.0,1.0,4.0,1.0,4.0,1.0,3.5,0.0,1.0,0.0,0.0,0.0,0.0,0.0,0.0,1.0,0.125,0.0,0.0,0.0,0.0,0.0,0.0,0.0,0.0,1.0,0.0,,,0.0,0.0,0.0,1
4.0,2.0,1.0,3.0,57.0,1.0,2.0,3.0,0.0,1.0,1.0,0.0,8.0,0.0,1.0,0.0,3.0,1.0,1.0,1.6666666,2.0,5.0,5.0,4.0,97.0,3.0,3.0,4.0,3.3333333,5.0,3.0,2.0,1.0,0.0,0.0,1.0,1.0,0.0,0.0,0.0,0.0,1.0,,0.0,0,,1.0,2.0,0.0,3.0,0.0,3.0,0.0,3.0,0.0,2.0,0.0,3.0,0.0,2.0,0.0,3.0,0.0,4.0,1.0,2.625,0.0,2.0,0.0,3.0,0.0,3.0,0.0,3.0,0.0,4.0,1.0,3.0,0.0,4.0,1.0,1.0,5.0,1.0,3.0,0.0,3.0,0.0,3.0,0.0,3.0,0.0,1.0,0.0,4.0,1.0,2.0,0.0,3.0,0.0,3.0,3.0,0.0,0.0,0.0,1.0,-2.0,2.0,-1.0,-1.0,0.375,1.0,0.0,0.0,0.0,0.0,0.0,1.0,0.0,-1.0,0.25,,,0.0,1.0,0.0,5
1.0,3.0,4.0,2.0,53.0,8.0,6.0,2.0,0.0,1.0,1.0,0.0,8.0,0.0,1.0,0.0,3.0,2.0,3.0,2.6666667,3.0,5.0,2.0,3.3333333,68.0,5.0,4.0,3.0,4.0,2.0,4.0,4.0,1.0,0.0,1.0,1.0,2.0,1.0,0.0,1.0,1.0,0.0,0.0,,1,1.0,1.0,4.0,1.0,5.0,1.0,4.0,1.0,3.0,0.0,4.0,1.0,3.0,0.0,3.0,0.0,4.0,1.0,4.0,1.0,3.75,0.625,1.0,0.0,3.0,0.0,4.0,1.0,3.0,0.0,3.0,0.0,4.0,1.0,4.0,1.0,0.0,4.0,1.0,5.0,1.0,4.0,1.0,3.0,0.0,4.0,1.0,3.0,0.0,3.0,0.0,4.0,1.0,4.0,1.0,3.75,0.0,0.0,0.0,0.0,0.0,0.0,0.0,0.0,0.0,0.0,0.0,0.0,0.0,0.0,0.0,0.0,0.0,0.0,0.0,0.0,,,1.0,1.0,1.0,5
4.0,3.0,2.0,1.0,27.0,2.0,3.0,3.0,0.0,0.0,0.0,1.0,2.0,1.0,0.0,0.0,3.0,3.0,3.0,3.0,3.0,2.0,3.0,2.6666667,0.0,2.0,2.0,2.0,2.0,4.0,4.0,3.0,1.0,0.0,1.0,1.0,2.0,1.0,0.0,0.0,0.0,1.0,,0.0,0,,1.0,2.0,0.0,2.0,0.0,1.0,0.0,2.0,0.0,2.0,0.0,2.0,0.0,5.0,1.0,1.0,0.0,3.0,0.0,2.125,0.125,3.0,0.0,3.0,0.0,3.0,0.0,2.0,0.0,3.0,0.0,2.0,0.0,2.0,0.0,0.0,2.0,0.0,5.0,1.0,3.0,0.0,4.0,1.0,2.0,0.0,1.0,0.0,5.0,1.0,2.0,0.0,3.0,0.0,3.0,0.0,3.0,2.0,2.0,0.0,-1.0,0.0,1.0,0.0,0.875,0.0,1.0,0.0,1.0,0.0,0.0,0.0,0.0,0.0,0.25,,,0.0,0.0,0.0,2
3.0,1.0,4.0,2.0,54.0,13.0,5.0,3.0,0.0,1.0,1.0,0.0,8.0,0.0,1.0,0.0,2.0,4.0,3.0,3.0,2.0,5.0,2.0,3.0,-9.0,4.0,4.0,3.0,3.6666667,3.0,3.0,4.0,1.0,0.0,1.0,0.0,1.0,0.0,0.0,1.0,1.0,0.0,0.0,,1,1.0,1.0,4.0,1.0,4.0,1.0,4.0,1.0,4.0,1.0,4.0,1.0,4.0,1.0,4.0,1.0,4.0,1.0,4.0,1.0,4.0,1.0,2.0,0.0,4.0,1.0,4.0,1.0,3.0,0.0,4.0,1.0,4.0,1.0,4.0,1.0,1.0,4.0,1.0,4.0,1.0,4.0,1.0,4.0,1.0,4.0,1.0,4.0,1.0,4.0,1.0,4.0,1.0,4.0,1.0,4.0,0.0,0.0,0.0,0.0,0.0,0.0,0.0,0.0,0.0,0.0,0.0,0.0,0.0,0.0,0.0,0.0,0.0,0.0,0.0,0.0,,,0.0,0.0,0.0,1
2.0,4.0,3.0,1.0,38.0,1.0,4.0,2.0,0.0,1.0,1.0,0.0,1.0,1.0,0.0,0.0,3.0,2.0,3.0,2.6666667,5.0,4.0,4.0,4.3333335,0.0,1.0,3.0,1.0,1.6666666,3.0,2.0,2.0,0.0,1.0,0.0,1.0,1.0,1.0,0.0,1.0,1.0,0.0,0.0,,1,1.0,1.0,3.0,0.0,3.0,0.0,3.0,0.0,4.0,1.0,3.0,0.0,4.0,1.0,3.0,0.0,3.0,0.0,4.0,1.0,3.25,0.25,2.0,0.0,3.0,0.0,3.0,0.0,4.0,1.0,4.0,1.0,5.0,1.0,4.0,1.0,0.0,4.0,1.0,3.0,0.0,3.0,0.0,4.0,1.0,3.0,0.0,5.0,1.0,4.0,1.0,4.0,1.0,4.0,1.0,3.75,1.0,0.0,0.0,0.0,0.0,1.0,1.0,1.0,0.0,0.5,1.0,0.0,0.0,0.0,0.0,0.0,1.0,1.0,0.0,0.375,,,0.0,0.0,1.0,2
4.0,2.0,3.0,1.0,33.0,19.0,4.0,3.0,0.0,1.0,1.0,0.0,8.0,0.0,1.0,0.0,1.0,4.0,1.0,2.0,4.0,4.0,4.0,4.0,2.0,5.0,5.0,5.0,5.0,3.0,1.0,4.0,1.0,0.0,1.0,0.0,1.0,1.0,0.0,0.0,0.0,1.0,,0.0,0,,1.0,5.0,1.0,5.0,1.0,4.0,1.0,1.0,0.0,5.0,1.0,4.0,1.0,3.0,0.0,4.0,1.0,5.0,1.0,3.875,0.75,5.0,1.0,4.0,1.0,4.0,1.0,4.0,1.0,4.0,1.0,5.0,1.0,5.0,1.0,1.0,5.0,1.0,4.0,1.0,5.0,1.0,4.0,1.0,5.0,1.0,5.0,1.0,3.0,0.0,5.0,1.0,5.0,1.0,4.5,0.0,-1.0,1.0,3.0,0.0,1.0,0.0,1.0,0.0,0.625,0.0,0.0,0.0,1.0,0.0,0.0,0.0,0.0,0.0,0.125,,,0.0,1.0,0.0,3
3.0,1.0,4.0,2.0,36.0,16.0,7.0,2.0,0.0,1.0,1.0,0.0,1.0,1.0,0.0,0.0,1.0,2.0,1.0,1.3333334,1.0,4.0,1.0,2.0,57.0,1.0,4.0,2.0,2.3333333,5.0,5.0,3.0,0.0,1.0,0.0,1.0,1.0,0.0,0.0,0.0,0.0,1.0,,0.0,0,,1.0,5.0,1.0,5.0,1.0,3.0,0.0,4.0,1.0,5.0,1.0,3.0,0.0,2.0,0.0,5.0,1.0,4.0,1.0,4.0,0.625,4.0,1.0,3.0,0.0,5.0,1.0,5.0,1.0,4.0,1.0,5.0,1.0,4.0,1.0,0.0,5.0,1.0,5.0,1.0,3.0,0.0,3.0,0.0,5.0,1.0,3.0,0.0,2.0,0.0,5.0,1.0,4.0,1.0,3.875,0.0,0.0,0.0,-1.0,0.0,0.0,0.0,0.0,0.0,-0.125,0.0,0.0,0.0,-1.0,0.0,0.0,0.0,0.0,0.0,-0.125,,,0.0,1.0,0.0,5
4.0,3.0,2.0,1.0,51.0,15.0,8.0,2.0,0.0,0.0,1.0,0.0,8.0,0.0,1.0,0.0,5.0,4.0,2.0,3.6666667,1.0,4.0,1.0,2.0,81.0,4.0,4.0,4.0,4.0,5.0,2.0,5.0,1.0,0.0,1.0,1.0,2.0,1.0,0.0,1.0,1.0,0.0,0.0,,1,0.0,0.0,4.0,1.0,2.0,0.0,2.0,0.0,1.0,0.0,1.0,0.0,1.0,0.0,1.0,0.0,1.0,0.0,2.0,0.0,1.625,0.125,3.0,0.0,1.0,0.0,2.0,0.0,5.0,1.0,1.0,0.0,4.0,1.0,3.0,0.0,0.0,1.0,0.0,2.0,0.0,1.0,0.0,2.0,0.0,1.0,0.0,1.0,0.0,2.0,0.0,2.0,0.0,2.0,0.0,1.5,-3.0,0.0,-1.0,1.0,0.0,0.0,1.0,1.0,0.0,-0.125,-1.0,0.0,0.0,0.0,0.0,0.0,0.0,0.0,0.0,-0.125,4.0,1.0,0.0,1.0,0.0,5
4.0,1.0,3.0,2.0,45.0,5.0,2.0,3.0,0.0,1.0,1.0,0.0,5.0,0.0,0.0,1.0,2.0,1.0,3.0,2.0,5.0,5.0,4.0,4.6666665,6.0,2.0,1.0,1.0,1.3333334,5.0,4.0,3.0,0.0,0.0,1.0,0.0,1.0,0.0,0.0,1.0,1.0,0.0,0.0,,1,0.0,0.0,3.0,0.0,4.0,1.0,3.0,0.0,1.0,0.0,3.0,0.0,3.0,0.0,3.0,0.0,4.0,1.0,3.0,0.0,3.0,0.25,3.0,0.0,3.0,0.0,4.0,1.0,3.0,0.0,3.0,0.0,4.0,1.0,4.0,1.0,0.0,3.0,0.0,4.0,1.0,3.0,0.0,1.0,0.0,3.0,0.0,3.0,0.0,3.0,0.0,5.0,1.0,3.0,0.0,3.125,0.0,0.0,0.0,0.0,0.0,0.0,0.0,1.0,0.0,0.125,0.0,0.0,0.0,0.0,0.0,0.0,0.0,0.0,0.0,0.0,3.0,0.0,0.0,1.0,0.0,3
4.0,2.0,3.0,1.0,29.0,1.0,4.0,3.0,0.0,1.0,1.0,0.0,7.0,0.0,1.0,0.0,3.0,3.0,3.0,3.0,3.0,3.0,3.0,3.0,0.0,2.0,3.0,2.0,2.3333333,4.0,4.0,2.0,0.0,0.0,0.0,1.0,1.0,0.0,0.0,0.0,0.0,1.0,,0.0,0,,1.0,3.0,0.0,3.0,0.0,2.0,0.0,2.0,0.0,2.0,0.0,2.0,0.0,2.0,0.0,3.0,0.0,2.0,0.0,2.375,0.0,3.0,0.0,3.0,0.0,3.0,0.0,3.0,0.0,3.0,0.0,3.0,0.0,4.0,1.0,0.0,3.0,0.0,3.0,0.0,2.0,0.0,2.0,0.0,2.0,0.0,2.0,0.0,2.0,0.0,2.0,0.0,2.0,0.0,2.25,0.0,0.0,0.0,0.0,0.0,0.0,0.0,-1.0,0.0,-0.125,0.0,0.0,0.0,0.0,0.0,0.0,0.0,0.0,0.0,0.0,,,0.0,0.0,0.0,2
3.0,2.0,4.0,1.0,41.0,8.0,3.0,1.0,0.0,1.0,1.0,0.0,1.0,1.0,0.0,0.0,3.0,1.0,1.0,1.6666666,3.0,4.0,3.0,3.3333333,-100.0,1.0,1.0,1.0,1.0,4.0,4.0,4.0,0.0,1.0,0.0,1.0,1.0,0.0,0.0,0.0,0.0,1.0,,0.0,0,,1.0,4.0,1.0,4.0,1.0,4.0,1.0,1.0,0.0,1.0,0.0,4.0,1.0,4.0,1.0,3.0,0.0,3.0,0.0,3.125,0.625,3.0,0.0,3.0,0.0,4.0,1.0,3.0,0.0,3.0,0.0,4.0,1.0,4.0,1.0,1.0,5.0,1.0,5.0,1.0,4.0,1.0,1.0,0.0,1.0,0.0,5.0,1.0,5.0,1.0,3.0,0.0,4.0,1.0,3.625,1.0,1.0,0.0,0.0,0.0,1.0,1.0,0.0,1.0,0.5,0.0,0.0,0.0,0.0,0.0,0.0,0.0,0.0,1.0,0.0,,,0.0,0.0,0.0,1
1.0,3.0,2.0,4.0,44.0,5.0,2.0,1.0,0.0,0.0,1.0,0.0,8.0,0.0,1.0,0.0,4.0,5.0,4.0,4.3333335,3.0,5.0,1.0,3.0,0.0,5.0,3.0,3.0,3.6666667,2.0,2.0,4.0,1.0,0.0,1.0,0.0,1.0,0.0,0.0,1.0,1.0,0.0,0.0,,1,1.0,1.0,3.0,0.0,3.0,0.0,1.0,0.0,1.0,0.0,2.0,0.0,3.0,0.0,1.0,0.0,3.0,0.0,1.0,0.0,2.125,0.0,3.0,0.0,1.0,0.0,2.0,0.0,3.0,0.0,1.0,0.0,4.0,1.0,4.0,1.0,0.0,4.0,1.0,3.0,0.0,1.0,0.0,1.0,0.0,1.0,0.0,4.0,1.0,1.0,0.0,3.0,0.0,1.0,0.0,2.25,1.0,0.0,0.0,0.0,-1.0,1.0,0.0,0.0,0.0,0.125,1.0,0.0,0.0,0.0,0.0,1.0,0.0,0.0,0.0,0.25,,,1.0,0.0,1.0,2
2.0,4.0,3.0,1.0,37.0,6.0,6.0,2.0,0.0,0.0,1.0,0.0,3.0,0.0,0.0,1.0,3.0,2.0,2.0,2.3333333,3.0,4.0,1.0,2.6666667,-4.0,1.0,2.0,2.0,1.6666666,4.0,2.0,3.0,0.0,1.0,0.0,1.0,1.0,1.0,0.0,1.0,1.0,0.0,0.0,,1,0.0,0.0,2.0,0.0,3.0,0.0,2.0,0.0,2.0,0.0,2.0,0.0,3.0,0.0,2.0,0.0,3.0,0.0,2.0,0.0,2.375,0.0,3.0,0.0,3.0,0.0,2.0,0.0,4.0,1.0,3.0,0.0,2.0,0.0,3.0,0.0,0.0,4.0,1.0,2.0,0.0,2.0,0.0,2.0,0.0,2.0,0.0,2.0,0.0,1.0,0.0,2.0,0.0,2.0,0.0,2.125,2.0,-1.0,0.0,0.0,0.0,-1.0,-1.0,-1.0,0.0,-0.25,1.0,0.0,0.0,0.0,0.0,0.0,0.0,0.0,0.0,0.125,3.0,0.0,0.0,0.0,1.0,2
4.0,1.0,3.0,2.0,43.0,10.0,5.0,3.0,0.0,1.0,1.0,0.0,1.0,1.0,0.0,0.0,2.0,4.0,2.0,2.6666667,4.0,4.0,4.0,4.0,9.0,2.0,5.0,3.0,3.3333333,2.0,2.0,1.0,0.0,1.0,1.0,1.0,2.0,0.0,0.0,1.0,1.0,0.0,0.0,,1,0.0,0.0,5.0,1.0,3.0,0.0,3.0,0.0,3.0,0.0,3.0,0.0,4.0,1.0,4.0,1.0,3.0,0.0,4.0,1.0,3.5,0.375,1.0,0.0,3.0,0.0,4.0,1.0,2.0,0.0,4.0,1.0,5.0,1.0,5.0,1.0,0.0,4.0,1.0,5.0,1.0,3.0,0.0,4.0,1.0,3.0,0.0,4.0,1.0,4.0,1.0,3.0,0.0,4.0,1.0,3.75,-1.0,2.0,0.0,1.0,0.0,0.0,0.0,0.0,0.0,0.25,0.0,1.0,0.0,1.0,0.0,0.0,0.0,0.0,0.0,0.25,5.0,1.0,0.0,1.0,0.0,4
3.0,2.0,4.0,1.0,38.0,24.0,6.0,3.0,0.0,0.0,0.0,0.0,6.0,0.0,0.0,1.0,3.0,4.0,3.0,3.3333333,4.0,5.0,4.0,4.3333335,-5.0,4.0,3.0,3.0,3.3333333,5.0,4.0,5.0,0.0,1.0,0.0,1.0,1.0,0.0,0.0,0.0,0.0,1.0,,0.0,0,,1.0,4.0,1.0,3.0,0.0,3.0,0.0,2.0,0.0,5.0,1.0,2.0,0.0,4.0,1.0,4.0,1.0,4.0,1.0,3.375,0.5,5.0,1.0,5.0,1.0,4.0,1.0,3.0,0.0,4.0,1.0,4.0,1.0,4.0,1.0,1.0,3.0,0.0,3.0,0.0,4.0,1.0,4.0,1.0,4.0,1.0,4.0,1.0,4.0,1.0,4.0,1.0,4.0,1.0,3.75,-1.0,0.0,1.0,2.0,-1.0,2.0,0.0,0.0,0.0,0.375,-1.0,0.0,1.0,1.0,0.0,1.0,0.0,0.0,0.0,0.25,,,0.0,0.0,0.0,1
4.0,2.0,3.0,1.0,41.0,1.0,2.0,1.0,0.0,0.0,1.0,0.0,7.0,0.0,1.0,0.0,4.0,4.0,4.0,4.0,2.0,3.0,3.0,2.6666667,0.0,3.0,4.0,3.0,3.3333333,3.0,3.0,4.0,0.0,0.0,1.0,1.0,2.0,1.0,0.0,0.0,0.0,1.0,,0.0,0,,1.0,4.0,1.0,4.0,1.0,3.0,0.0,4.0,1.0,3.0,0.0,3.0,0.0,3.0,0.0,3.0,0.0,3.0,0.0,3.375,0.375,4.0,1.0,3.0,0.0,3.0,0.0,3.0,0.0,3.0,0.0,4.0,1.0,3.0,0.0,0.0,4.0,1.0,4.0,1.0,3.0,0.0,4.0,1.0,3.0,0.0,3.0,0.0,3.0,0.0,3.0,0.0,3.0,0.0,3.375,0.0,0.0,0.0,0.0,0.0,0.0,0.0,0.0,0.0,0.0,0.0,0.0,0.0,0.0,0.0,0.0,0.0,0.0,0.0,0.0,,,0.0,0.0,0.0,2
2.0,1.0,4.0,3.0,43.0,20.0,7.0,4.0,0.0,1.0,1.0,0.0,2.0,1.0,0.0,0.0,1.0,1.0,1.0,1.0,1.0,1.0,1.0,1.0,100.0,2.0,4.0,2.0,2.6666667,4.0,3.0,5.0,0.0,1.0,1.0,1.0,2.0,1.0,0.0,1.0,1.0,0.0,0.0,,1,1.0,1.0,4.0,1.0,5.0,1.0,4.0,1.0,1.0,0.0,1.0,0.0,4.0,1.0,4.0,1.0,4.0,1.0,4.0,1.0,3.375,0.75,1.0,0.0,2.0,0.0,5.0,1.0,5.0,1.0,2.0,0.0,5.0,1.0,5.0,1.0,0.0,4.0,1.0,4.0,1.0,4.0,1.0,1.0,0.0,1.0,0.0,4.0,1.0,5.0,1.0,4.0,1.0,5.0,1.0,3.375,0.0,-1.0,0.0,0.0,0.0,0.0,1.0,0.0,1.0,0.0,0.0,0.0,0.0,0.0,0.0,0.0,0.0,0.0,0.0,0.0,,,0.0,1.0,0.0,5
4.0,3.0,1.0,2.0,39.0,19.0,6.0,3.0,0.0,0.0,1.0,0.0,6.0,0.0,0.0,1.0,1.0,5.0,5.0,3.6666667,5.0,5.0,5.0,5.0,100.0,5.0,5.0,5.0,5.0,5.0,1.0,5.0,1.0,0.0,0.0,1.0,1.0,1.0,0.0,1.0,1.0,0.0,0.0,,1,0.0,0.0,5.0,1.0,5.0,1.0,5.0,1.0,5.0,1.0,5.0,1.0,1.0,0.0,5.0,1.0,5.0,1.0,5.0,1.0,4.5,0.875,2.0,0.0,5.0,1.0,1.0,0.0,5.0,1.0,4.0,1.0,5.0,1.0,5.0,1.0,1.0,5.0,1.0,5.0,1.0,5.0,1.0,5.0,1.0,5.0,1.0,5.0,1.0,5.0,1.0,5.0,1.0,5.0,1.0,5.0,0.0,0.0,0.0,0.0,0.0,4.0,0.0,0.0,0.0,0.5,0.0,0.0,0.0,0.0,0.0,1.0,0.0,0.0,0.0,0.125,5.0,1.0,0.0,1.0,0.0,5
3.0,1.0,4.0,2.0,40.0,21.0,6.0,1.0,0.0,1.0,1.0,0.0,4.0,0.0,0.0,1.0,1.0,2.0,1.0,1.3333334,5.0,5.0,2.0,4.0,0.0,3.0,3.0,4.0,3.3333333,3.0,3.0,4.0,0.0,1.0,0.0,0.0,0.0,0.0,0.0,1.0,1.0,0.0,0.0,,1,1.0,1.0,5.0,1.0,5.0,1.0,2.0,0.0,2.0,0.0,4.0,1.0,4.0,1.0,3.0,0.0,4.0,1.0,3.0,0.0,3.625,0.625,3.0,0.0,2.0,0.0,3.0,0.0,4.0,1.0,3.0,0.0,5.0,1.0,5.0,1.0,0.0,4.0,1.0,5.0,1.0,2.0,0.0,4.0,1.0,2.0,0.0,3.0,0.0,2.0,0.0,5.0,1.0,4.0,1.0,3.375,-1.0,0.0,0.0,2.0,-2.0,-1.0,-1.0,1.0,1.0,-0.25,0.0,0.0,0.0,1.0,-1.0,-1.0,0.0,0.0,1.0,-0.125,,,0.0,0.0,0.0,2
4.0,3.0,2.0,1.0,48.0,14.0,6.0,2.0,0.0,0.0,1.0,0.0,7.0,0.0,1.0,0.0,3.0,2.0,2.0,2.3333333,4.0,4.0,4.0,4.0,10.0,3.0,4.0,3.0,3.3333333,4.0,3.0,2.0,1.0,0.0,1.0,1.0,2.0,1.0,0.0,1.0,1.0,0.0,0.0,,1,1.0,1.0,4.0,1.0,4.0,1.0,4.0,1.0,3.0,0.0,3.0,0.0,2.0,0.0,2.0,0.0,4.0,1.0,3.0,0.0,3.25,0.5,3.0,0.0,3.0,0.0,3.0,0.0,3.0,0.0,3.0,0.0,4.0,1.0,4.0,1.0,0.0,5.0,1.0,4.0,1.0,3.0,0.0,3.0,0.0,3.0,0.0,2.0,0.0,2.0,0.0,4.0,1.0,3.0,0.0,3.25,1.0,0.0,-1.0,0.0,0.0,0.0,0.0,0.0,0.0,0.0,0.0,0.0,-1.0,0.0,0.0,0.0,0.0,0.0,0.0,-0.125,,,0.0,1.0,0.0,4
2.0,3.0,4.0,1.0,32.0,5.0,4.0,3.0,0.0,1.0,1.0,0.0,1.0,1.0,0.0,0.0,1.0,1.0,2.0,1.3333334,4.0,5.0,1.0,3.3333333,-99.0,2.0,2.0,2.0,2.0,4.0,4.0,4.0,0.0,1.0,1.0,1.0,2.0,0.0,0.0,0.0,0.0,1.0,,0.0,0,,1.0,4.0,1.0,4.0,1.0,3.0,0.0,1.0,0.0,2.0,0.0,5.0,1.0,5.0,1.0,5.0,1.0,4.0,1.0,3.625,0.625,4.0,1.0,3.0,0.0,4.0,1.0,3.0,0.0,4.0,1.0,4.0,1.0,4.0,1.0,1.0,5.0,1.0,5.0,1.0,4.0,1.0,1.0,0.0,1.0,0.0,4.0,1.0,4.0,1.0,4.0,1.0,4.0,1.0,3.5,1.0,1.0,1.0,0.0,-1.0,-1.0,-1.0,-1.0,0.0,-0.125,0.0,0.0,1.0,0.0,0.0,0.0,0.0,0.0,0.0,0.125,,,0.0,0.0,1.0,1
2.0,1.0,4.0,3.0,40.0,4.0,2.0,3.0,0.0,0.0,1.0,0.0,8.0,0.0,1.0,0.0,1.0,2.0,2.0,1.6666666,4.0,5.0,2.0,3.6666667,60.0,2.0,5.0,4.0,3.6666667,2.0,2.0,3.0,1.0,0.0,1.0,1.0,2.0,1.0,0.0,1.0,1.0,0.0,0.0,,1,1.0,1.0,4.0,1.0,4.0,1.0,4.0,1.0,1.0,0.0,2.0,0.0,1.0,0.0,2.0,0.0,3.0,0.0,3.0,0.0,2.625,0.375,2.0,0.0,4.0,1.0,2.0,0.0,1.0,0.0,2.0,0.0,2.0,0.0,4.0,1.0,0.0,4.0,1.0,4.0,1.0,4.0,1.0,2.0,0.0,4.0,1.0,2.0,0.0,2.0,0.0,4.0,1.0,4.0,1.0,3.25,0.0,0.0,0.0,1.0,2.0,1.0,0.0,1.0,1.0,0.625,0.0,0.0,0.0,0.0,1.0,0.0,0.0,1.0,1.0,0.25,,,0.0,1.0,0.0,5
1.0,3.0,4.0,2.0,44.0,7.0,7.0,1.0,0.0,0.0,0.0,0.0,4.0,0.0,0.0,1.0,3.0,3.0,2.0,2.6666667,3.0,5.0,3.0,3.6666667,-100.0,2.0,2.0,2.0,2.0,3.0,3.0,5.0,0.0,0.0,1.0,1.0,2.0,0.0,0.0,1.0,1.0,0.0,0.0,,1,0.0,0.0,3.0,0.0,3.0,0.0,3.0,0.0,3.0,0.0,3.0,0.0,3.0,0.0,3.0,0.0,3.0,0.0,3.0,0.0,3.0,0.0,3.0,0.0,3.0,0.0,2.0,0.0,1.0,0.0,2.0,0.0,3.0,0.0,3.0,0.0,0.0,1.0,0.0,1.0,0.0,1.0,0.0,1.0,0.0,1.0,0.0,3.0,0.0,1.0,0.0,1.0,0.0,1.0,0.0,1.25,-2.0,-2.0,-2.0,-2.0,-2.0,0.0,-2.0,-2.0,-2.0,-1.75,0.0,0.0,0.0,0.0,0.0,0.0,0.0,0.0,0.0,0.0,3.0,0.0,1.0,0.0,1.0,1
3.0,2.0,4.0,1.0,53.0,6.0,7.0,3.0,0.0,0.0,1.0,0.0,3.0,0.0,0.0,1.0,3.0,2.0,3.0,2.6666667,4.0,4.0,2.0,3.3333333,5.0,1.0,4.0,2.0,2.3333333,3.0,2.0,5.0,0.0,1.0,1.0,1.0,2.0,0.0,0.0,0.0,0.0,1.0,,0.0,0,,1.0,5.0,1.0,5.0,1.0,4.0,1.0,1.0,0.0,1.0,0.0,5.0,1.0,3.0,0.0,4.0,1.0,3.0,0.0,3.5,0.625,1.0,0.0,2.0,0.0,2.0,0.0,4.0,1.0,1.0,0.0,2.0,0.0,3.0,0.0,0.0,5.0,1.0,5.0,1.0,4.0,1.0,1.0,0.0,1.0,0.0,5.0,1.0,4.0,1.0,4.0,1.0,3.0,0.0,3.625,0.0,0.0,0.0,0.0,0.0,0.0,1.0,0.0,0.0,0.125,0.0,0.0,0.0,0.0,0.0,0.0,1.0,0.0,0.0,0.125,,,0.0,1.0,0.0,3
3.0,2.0,1.0,4.0,36.0,2.0,5.0,3.0,0.0,0.0,0.0,1.0,1.0,1.0,0.0,0.0,3.0,3.0,3.0,3.0,3.0,3.0,3.0,3.0,6.0,3.0,3.0,3.0,3.0,3.0,3.0,5.0,0.0,0.0,0.0,0.0,0.0,0.0,0.0,1.0,1.0,0.0,0.0,,1,0.0,0.0,3.0,0.0,3.0,0.0,3.0,0.0,3.0,0.0,3.0,0.0,3.0,0.0,3.0,0.0,3.0,0.0,3.0,0.0,3.0,0.0,3.0,0.0,3.0,0.0,3.0,0.0,3.0,0.0,3.0,0.0,3.0,0.0,3.0,0.0,1.0,3.0,0.0,3.0,0.0,3.0,0.0,3.0,0.0,3.0,0.0,3.0,0.0,3.0,0.0,3.0,0.0,3.0,0.0,3.0,0.0,0.0,0.0,0.0,0.0,0.0,0.0,0.0,0.0,0.0,0.0,0.0,0.0,0.0,0.0,0.0,0.0,0.0,0.0,0.0,3.0,0.0,0.0,1.0,0.0,3
2.0,3.0,4.0,1.0,45.0,6.0,2.0,2.0,0.0,0.0,1.0,0.0,4.0,0.0,0.0,1.0,4.0,4.0,3.0,3.6666667,3.0,3.0,2.0,2.6666667,20.0,3.0,4.0,3.0,3.3333333,3.0,3.0,5.0,0.0,1.0,1.0,1.0,2.0,1.0,0.0,1.0,1.0,0.0,0.0,,1,0.0,0.0,5.0,1.0,4.0,1.0,4.0,1.0,4.0,1.0,3.0,0.0,4.0,1.0,4.0,1.0,3.0,0.0,4.0,1.0,3.875,0.75,2.0,0.0,3.0,0.0,3.0,0.0,2.0,0.0,3.0,0.0,4.0,1.0,4.0,1.0,0.0,5.0,1.0,4.0,1.0,4.0,1.0,4.0,1.0,3.0,0.0,4.0,1.0,4.0,1.0,4.0,1.0,4.0,1.0,4.0,0.0,0.0,0.0,0.0,0.0,0.0,0.0,1.0,0.0,0.125,0.0,0.0,0.0,0.0,0.0,0.0,0.0,1.0,0.0,0.125,4.0,1.0,0.0,1.0,1.0,4
3.0,2.0,4.0,1.0,46.0,14.0,6.0,4.0,0.0,0.0,1.0,0.0,1.0,1.0,0.0,0.0,4.0,4.0,4.0,4.0,2.0,3.0,4.0,3.0,0.0,3.0,4.0,2.0,3.0,4.0,4.0,5.0,0.0,1.0,0.0,1.0,1.0,1.0,0.0,0.0,0.0,1.0,,0.0,0,,1.0,2.0,0.0,4.0,1.0,3.0,0.0,2.0,0.0,2.0,0.0,4.0,1.0,2.0,0.0,2.0,0.0,2.0,0.0,2.625,0.25,2.0,0.0,2.0,0.0,2.0,0.0,2.0,0.0,2.0,0.0,4.0,1.0,3.0,0.0,0.0,5.0,1.0,4.0,1.0,4.0,1.0,2.0,0.0,2.0,0.0,4.0,1.0,2.0,0.0,2.0,0.0,2.0,0.0,3.125,3.0,0.0,1.0,0.0,0.0,0.0,0.0,0.0,0.0,0.5,1.0,0.0,1.0,0.0,0.0,0.0,0.0,0.0,0.0,0.25,,,0.0,0.0,0.0,2
1.0,2.0,4.0,3.0,40.0,19.0,7.0,2.0,0.0,1.0,1.0,0.0,2.0,1.0,0.0,0.0,2.0,2.0,2.0,2.0,2.0,2.0,2.0,2.0,1.0,4.0,4.0,3.0,3.6666667,4.0,4.0,4.0,0.0,0.0,0.0,1.0,1.0,1.0,0.0,0.0,0.0,1.0,,0.0,0,,1.0,5.0,1.0,5.0,1.0,3.0,0.0,2.0,0.0,3.0,0.0,4.0,1.0,4.0,1.0,3.0,0.0,3.0,0.0,3.625,0.5,2.0,0.0,4.0,1.0,4.0,1.0,2.0,0.0,3.0,0.0,4.0,1.0,3.0,0.0,0.0,5.0,1.0,5.0,1.0,4.0,1.0,2.0,0.0,3.0,0.0,4.0,1.0,4.0,1.0,4.0,1.0,3.0,0.0,3.875,0.0,0.0,1.0,0.0,0.0,0.0,0.0,1.0,0.0,0.25,0.0,0.0,1.0,0.0,0.0,0.0,0.0,1.0,0.0,0.25,,,1.0,0.0,1.0,3
4.0,3.0,2.0,1.0,27.0,1.0,2.0,2.0,0.0,1.0,1.0,0.0,8.0,0.0,1.0,0.0,1.0,3.0,1.0,1.6666666,3.0,5.0,5.0,4.3333335,0.0,3.0,5.0,3.0,3.6666667,5.0,5.0,3.0,1.0,0.0,1.0,1.0,2.0,0.0,0.0,0.0,0.0,1.0,,0.0,0,,1.0,5.0,1.0,1.0,0.0,1.0,0.0,1.0,0.0,1.0,0.0,1.0,0.0,1.0,0.0,1.0,0.0,1.0,0.0,1.5,0.125,2.0,0.0,1.0,0.0,1.0,0.0,1.0,0.0,1.0,0.0,5.0,1.0,5.0,1.0,0.0,5.0,1.0,1.0,0.0,1.0,0.0,1.0,0.0,1.0,0.0,1.0,0.0,1.0,0.0,1.0,0.0,1.0,0.0,1.5,0.0,0.0,0.0,0.0,0.0,0.0,0.0,0.0,0.0,0.0,0.0,0.0,0.0,0.0,0.0,0.0,0.0,0.0,0.0,0.0,,,0.0,0.0,0.0,2
1.0,3.0,4.0,2.0,37.0,12.0,6.0,4.0,0.0,0.0,1.0,0.0,6.0,0.0,0.0,1.0,3.0,2.0,1.0,2.0,3.0,5.0,4.0,4.0,72.0,1.0,4.0,1.0,2.0,5.0,1.0,5.0,1.0,0.0,0.0,1.0,1.0,0.0,0.0,1.0,1.0,0.0,0.0,,1,0.0,0.0,3.0,0.0,5.0,1.0,5.0,1.0,3.0,0.0,1.0,0.0,1.0,0.0,1.0,0.0,4.0,1.0,1.0,0.0,2.875,0.375,3.0,0.0,2.0,0.0,2.0,0.0,4.0,1.0,1.0,0.0,4.0,1.0,2.0,0.0,0.0,4.0,1.0,4.0,1.0,4.0,1.0,2.0,0.0,1.0,0.0,1.0,0.0,1.0,0.0,2.0,0.0,3.0,0.0,2.375,1.0,-1.0,-1.0,-1.0,0.0,0.0,0.0,-2.0,2.0,-0.5,1.0,0.0,0.0,0.0,0.0,0.0,0.0,-1.0,0.0,0.0,5.0,1.0,1.0,1.0,1.0,5
3.0,2.0,4.0,1.0,30.0,7.0,2.0,1.0,0.0,0.0,1.0,0.0,8.0,0.0,1.0,0.0,4.0,4.0,4.0,4.0,3.0,4.0,4.0,3.6666667,30.0,3.0,4.0,4.0,3.6666667,3.0,2.0,2.0,1.0,0.0,1.0,1.0,2.0,1.0,0.0,1.0,1.0,0.0,0.0,,1,1.0,1.0,4.0,1.0,4.0,1.0,3.0,0.0,3.0,0.0,2.0,0.0,2.0,0.0,2.0,0.0,3.0,0.0,3.0,0.0,2.875,0.25,4.0,1.0,2.0,0.0,2.0,0.0,3.0,0.0,3.0,0.0,4.0,1.0,4.0,1.0,0.0,3.0,0.0,4.0,1.0,3.0,0.0,2.0,0.0,2.0,0.0,2.0,0.0,2.0,0.0,4.0,1.0,3.0,0.0,2.75,-1.0,0.0,0.0,-1.0,0.0,0.0,0.0,1.0,0.0,-0.125,-1.0,0.0,0.0,0.0,0.0,0.0,0.0,1.0,0.0,0.0,,,0.0,1.0,0.0,4
1.0,4.0,3.0,2.0,52.0,7.0,4.0,3.0,0.0,1.0,0.0,1.0,4.0,0.0,0.0,1.0,3.0,3.0,3.0,3.0,3.0,4.0,4.0,3.6666667,-4.0,3.0,3.0,3.0,3.0,3.0,3.0,2.0,1.0,0.0,1.0,0.0,1.0,1.0,0.0,1.0,1.0,0.0,0.0,,1,1.0,1.0,3.0,0.0,3.0,0.0,3.0,0.0,3.0,0.0,3.0,0.0,3.0,0.0,3.0,0.0,3.0,0.0,3.0,0.0,3.0,0.0,3.0,0.0,3.0,0.0,3.0,0.0,3.0,0.0,3.0,0.0,3.0,0.0,3.0,0.0,0.0,3.0,0.0,3.0,0.0,3.0,0.0,3.0,0.0,3.0,0.0,3.0,0.0,3.0,0.0,3.0,0.0,3.0,0.0,3.0,0.0,0.0,0.0,0.0,0.0,0.0,0.0,0.0,0.0,0.0,0.0,0.0,0.0,0.0,0.0,0.0,0.0,0.0,0.0,0.0,,,1.0,0.0,1.0,2
4.0,1.0,2.0,3.0,35.0,21.0,6.0,3.0,0.0,0.0,1.0,0.0,7.0,0.0,1.0,0.0,4.0,4.0,5.0,4.3333335,4.0,4.0,4.0,4.0,-9.0,3.0,5.0,3.0,3.6666667,4.0,4.0,5.0,1.0,0.0,1.0,1.0,2.0,1.0,0.0,0.0,0.0,1.0,,0.0,0,,1.0,4.0,1.0,5.0,1.0,3.0,0.0,2.0,0.0,4.0,1.0,3.0,0.0,3.0,0.0,4.0,1.0,4.0,1.0,3.5,0.5,3.0,0.0,3.0,0.0,3.0,0.0,4.0,1.0,4.0,1.0,4.0,1.0,4.0,1.0,0.0,3.0,0.0,4.0,1.0,4.0,1.0,3.0,0.0,4.0,1.0,3.0,0.0,4.0,1.0,4.0,1.0,4.0,1.0,3.625,-1.0,-1.0,1.0,1.0,0.0,0.0,1.0,0.0,0.0,0.125,-1.0,0.0,1.0,0.0,0.0,0.0,1.0,0.0,0.0,0.125,,,0.0,0.0,0.0,1
2.0,3.0,4.0,1.0,40.0,9.0,6.0,2.0,0.0,0.0,0.0,1.0,4.0,0.0,0.0,1.0,1.0,1.0,2.0,1.3333334,4.0,5.0,2.0,3.6666667,-100.0,1.0,3.0,3.0,2.3333333,5.0,1.0,5.0,0.0,0.0,1.0,1.0,2.0,1.0,0.0,0.0,0.0,1.0,,0.0,0,,1.0,3.0,0.0,3.0,0.0,1.0,0.0,1.0,0.0,1.0,0.0,4.0,1.0,4.0,1.0,1.0,0.0,3.0,0.0,2.25,0.25,4.0,1.0,2.0,0.0,3.0,0.0,3.0,0.0,1.0,0.0,4.0,1.0,3.0,0.0,1.0,3.0,0.0,3.0,0.0,3.0,0.0,1.0,0.0,1.0,0.0,2.0,0.0,3.0,0.0,3.0,0.0,3.0,0.0,2.375,0.0,0.0,2.0,0.0,0.0,-2.0,-1.0,2.0,0.0,0.125,0.0,0.0,0.0,0.0,0.0,-1.0,-1.0,0.0,0.0,-0.25,,,0.0,0.0,1.0,1
2.0,3.0,4.0,1.0,35.0,13.0,7.0,1.0,0.0,1.0,1.0,0.0,1.0,1.0,0.0,0.0,1.0,1.0,1.0,1.0,1.0,1.0,1.0,1.0,0.0,1.0,2.0,1.0,1.3333334,5.0,3.0,5.0,0.0,1.0,1.0,1.0,2.0,1.0,0.0,0.0,0.0,1.0,,0.0,0,,1.0,5.0,1.0,5.0,1.0,4.0,1.0,1.0,0.0,1.0,0.0,4.0,1.0,2.0,0.0,5.0,1.0,1.0,0.0,3.375,0.625,2.0,0.0,4.0,1.0,4.0,1.0,2.0,0.0,2.0,0.0,4.0,1.0,4.0,1.0,1.0,5.0,1.0,5.0,1.0,5.0,1.0,1.0,0.0,1.0,0.0,4.0,1.0,2.0,0.0,5.0,1.0,4.0,1.0,3.5,0.0,0.0,1.0,0.0,0.0,0.0,0.0,0.0,3.0,0.125,0.0,0.0,0.0,0.0,0.0,0.0,0.0,0.0,1.0,0.0,,,0.0,0.0,1.0,2
2.0,3.0,1.0,4.0,41.0,3.0,7.0,1.0,0.0,0.0,0.0,1.0,8.0,0.0,1.0,0.0,4.0,4.0,4.0,4.0,5.0,5.0,4.0,4.6666665,78.0,4.0,5.0,2.0,3.6666667,5.0,5.0,5.0,1.0,0.0,0.0,0.0,0.0,0.0,0.0,1.0,1.0,0.0,0.0,,1,0.0,0.0,4.0,1.0,3.0,0.0,4.0,1.0,4.0,1.0,5.0,1.0,4.0,1.0,4.0,1.0,3.0,0.0,4.0,1.0,3.875,0.75,4.0,1.0,5.0,1.0,3.0,0.0,4.0,1.0,5.0,1.0,5.0,1.0,5.0,1.0,1.0,4.0,1.0,4.0,1.0,5.0,1.0,4.0,1.0,4.0,1.0,4.0,1.0,5.0,1.0,4.0,1.0,3.0,0.0,4.25,0.0,1.0,1.0,0.0,-1.0,0.0,1.0,1.0,-1.0,0.375,0.0,1.0,0.0,0.0,0.0,0.0,0.0,1.0,-1.0,0.25,5.0,1.0,0.0,1.0,1.0,5
4.0,1.0,3.0,2.0,18.0,10.0,1.0,4.0,0.0,0.0,1.0,0.0,7.0,0.0,1.0,0.0,2.0,2.0,1.0,1.6666666,3.0,4.0,1.0,2.6666667,7.0,5.0,5.0,4.0,4.6666665,5.0,2.0,4.0,1.0,0.0,1.0,1.0,2.0,1.0,0.0,0.0,0.0,1.0,,0.0,0,,1.0,5.0,1.0,5.0,1.0,5.0,1.0,3.0,0.0,2.0,0.0,3.0,0.0,4.0,1.0,5.0,1.0,4.0,1.0,4.0,0.625,3.0,0.0,4.0,1.0,4.0,1.0,2.0,0.0,5.0,1.0,5.0,1.0,5.0,1.0,1.0,5.0,1.0,4.0,1.0,5.0,1.0,1.0,0.0,4.0,1.0,5.0,1.0,5.0,1.0,5.0,1.0,5.0,1.0,4.25,0.0,-1.0,0.0,-2.0,2.0,2.0,1.0,0.0,1.0,0.25,0.0,0.0,0.0,0.0,1.0,1.0,0.0,0.0,0.0,0.25,,,0.0,1.0,0.0,3
4.0,2.0,3.0,1.0,44.0,9.0,4.0,3.0,0.0,1.0,1.0,0.0,6.0,0.0,0.0,1.0,3.0,1.0,1.0,1.6666666,1.0,5.0,1.0,2.3333333,0.0,4.0,4.0,4.0,4.0,2.0,4.0,5.0,1.0,0.0,1.0,0.0,1.0,0.0,0.0,0.0,0.0,1.0,,0.0,0,,1.0,5.0,1.0,5.0,1.0,3.0,0.0,4.0,1.0,3.0,0.0,3.0,0.0,4.0,1.0,5.0,1.0,5.0,1.0,4.0,0.625,5.0,1.0,4.0,1.0,4.0,1.0,3.0,0.0,4.0,1.0,5.0,1.0,4.0,1.0,1.0,5.0,1.0,5.0,1.0,5.0,1.0,3.0,0.0,5.0,1.0,5.0,1.0,5.0,1.0,5.0,1.0,4.0,1.0,4.75,0.0,0.0,2.0,-1.0,2.0,2.0,1.0,0.0,-1.0,0.75,0.0,0.0,1.0,-1.0,1.0,1.0,0.0,0.0,0.0,0.25,,,0.0,0.0,0.0,2
3.0,2.0,4.0,1.0,37.0,13.0,7.0,1.0,0.0,1.0,1.0,0.0,2.0,1.0,0.0,0.0,1.0,1.0,1.0,1.0,2.0,4.0,1.0,2.3333333,-48.0,2.0,4.0,2.0,2.6666667,5.0,4.0,4.0,0.0,1.0,1.0,1.0,2.0,1.0,0.0,0.0,0.0,1.0,,0.0,0,,1.0,3.0,0.0,4.0,1.0,1.0,0.0,1.0,0.0,1.0,0.0,4.0,1.0,2.0,0.0,4.0,1.0,4.0,1.0,2.5,0.375,1.0,0.0,1.0,0.0,4.0,1.0,3.0,0.0,3.0,0.0,4.0,1.0,4.0,1.0,0.0,4.0,1.0,5.0,1.0,2.0,0.0,1.0,0.0,1.0,0.0,4.0,1.0,1.0,0.0,2.0,0.0,4.0,1.0,2.5,1.0,1.0,1.0,0.0,0.0,0.0,-1.0,-2.0,0.0,0.0,1.0,0.0,0.0,0.0,0.0,0.0,0.0,-1.0,0.0,0.0,,,0.0,0.0,0.0,1
3.0,1.0,4.0,2.0,55.0,24.0,7.0,2.0,0.0,1.0,0.0,0.0,2.0,1.0,0.0,0.0,2.0,2.0,2.0,2.0,4.0,4.0,4.0,4.0,16.0,2.0,3.0,3.0,2.6666667,4.0,4.0,4.0,0.0,1.0,1.0,1.0,2.0,1.0,0.0,1.0,1.0,0.0,0.0,,1,1.0,1.0,4.0,1.0,4.0,1.0,4.0,1.0,4.0,1.0,4.0,1.0,4.0,1.0,4.0,1.0,4.0,1.0,4.0,1.0,4.0,1.0,4.0,1.0,4.0,1.0,4.0,1.0,2.0,0.0,3.0,0.0,4.0,1.0,4.0,1.0,0.0,4.0,1.0,4.0,1.0,4.0,1.0,4.0,1.0,4.0,1.0,4.0,1.0,4.0,1.0,4.0,1.0,4.0,1.0,4.0,0.0,0.0,0.0,0.0,0.0,0.0,0.0,0.0,0.0,0.0,0.0,0.0,0.0,0.0,0.0,0.0,0.0,0.0,0.0,0.0,,,0.0,1.0,0.0,4
3.0,2.0,4.0,1.0,53.0,20.0,6.0,3.0,0.0,1.0,1.0,0.0,1.0,1.0,0.0,0.0,3.0,1.0,1.0,1.6666666,3.0,3.0,1.0,2.3333333,0.0,2.0,3.0,2.0,2.3333333,5.0,3.0,4.0,0.0,1.0,0.0,0.0,0.0,0.0,0.0,1.0,1.0,0.0,0.0,,1,0.0,0.0,3.0,0.0,5.0,1.0,3.0,0.0,1.0,0.0,3.0,0.0,5.0,1.0,3.0,0.0,5.0,1.0,3.0,0.0,3.5,0.375,3.0,0.0,3.0,0.0,3.0,0.0,3.0,0.0,3.0,0.0,5.0,1.0,5.0,1.0,1.0,3.0,0.0,5.0,1.0,3.0,0.0,2.0,0.0,2.0,0.0,5.0,1.0,4.0,1.0,5.0,1.0,3.0,0.0,3.625,0.0,0.0,0.0,1.0,-1.0,0.0,1.0,0.0,0.0,0.125,0.0,0.0,0.0,0.0,0.0,0.0,1.0,0.0,0.0,0.125,5.0,1.0,0.0,0.0,0.0,2
2.0,3.0,4.0,1.0,33.0,10.0,8.0,3.0,0.0,1.0,1.0,0.0,1.0,1.0,0.0,0.0,1.0,1.0,1.0,1.0,1.0,1.0,1.0,1.0,-39.0,1.0,2.0,2.0,1.6666666,3.0,4.0,4.0,0.0,1.0,1.0,0.0,1.0,0.0,0.0,0.0,0.0,1.0,,0.0,0,,1.0,2.0,0.0,4.0,1.0,3.0,0.0,2.0,0.0,3.0,0.0,4.0,1.0,4.0,1.0,2.0,0.0,4.0,1.0,3.0,0.375,3.0,0.0,2.0,0.0,4.0,1.0,2.0,0.0,4.0,1.0,4.0,1.0,3.0,0.0,1.0,2.0,0.0,3.0,0.0,3.0,0.0,2.0,0.0,2.0,0.0,3.0,0.0,2.0,0.0,4.0,1.0,4.0,1.0,2.625,0.0,-1.0,0.0,0.0,-1.0,-1.0,-2.0,2.0,0.0,-0.375,0.0,-1.0,0.0,0.0,0.0,-1.0,-1.0,1.0,0.0,-0.25,,,0.0,0.0,1.0,1
4.0,2.0,3.0,1.0,34.0,5.0,4.0,3.0,0.0,0.0,0.0,0.0,4.0,0.0,0.0,1.0,3.0,4.0,4.0,3.6666667,5.0,5.0,4.0,4.6666665,32.0,2.0,4.0,2.0,2.6666667,5.0,4.0,3.0,0.0,0.0,0.0,1.0,1.0,0.0,0.0,0.0,0.0,1.0,,0.0,0,,1.0,3.0,0.0,3.0,0.0,3.0,0.0,1.0,0.0,2.0,0.0,4.0,1.0,3.0,0.0,4.0,1.0,3.0,0.0,2.875,0.25,3.0,0.0,4.0,1.0,4.0,1.0,2.0,0.0,4.0,1.0,5.0,1.0,2.0,0.0,1.0,5.0,1.0,4.0,1.0,3.0,0.0,2.0,0.0,2.0,0.0,4.0,1.0,3.0,0.0,4.0,1.0,3.0,0.0,3.375,2.0,1.0,0.0,1.0,0.0,0.0,0.0,0.0,0.0,0.5,1.0,1.0,0.0,0.0,0.0,0.0,0.0,0.0,0.0,0.25,,,0.0,1.0,0.0,4
4.0,1.0,3.0,2.0,30.0,5.0,6.0,3.0,0.0,0.0,0.0,0.0,7.0,0.0,1.0,0.0,4.0,1.0,4.0,3.0,5.0,5.0,4.0,4.6666665,20.0,4.0,3.0,2.0,3.0,4.0,4.0,3.0,1.0,0.0,1.0,1.0,2.0,1.0,0.0,1.0,1.0,0.0,0.0,,1,0.0,0.0,5.0,1.0,4.0,1.0,2.0,0.0,5.0,1.0,4.0,1.0,5.0,1.0,3.0,0.0,4.0,1.0,3.0,0.0,4.0,0.75,4.0,1.0,3.0,0.0,2.0,0.0,2.0,0.0,2.0,0.0,4.0,1.0,5.0,1.0,0.0,5.0,1.0,4.0,1.0,2.0,0.0,5.0,1.0,4.0,1.0,4.0,1.0,4.0,1.0,4.0,1.0,2.0,0.0,4.0,0.0,0.0,0.0,0.0,0.0,-1.0,1.0,0.0,-1.0,0.0,0.0,0.0,0.0,0.0,0.0,0.0,1.0,0.0,0.0,0.125,5.0,1.0,0.0,1.0,0.0,4
3.0,2.0,4.0,1.0,38.0,5.0,4.0,3.0,0.0,0.0,1.0,0.0,7.0,0.0,1.0,0.0,2.0,4.0,3.0,3.0,3.0,4.0,4.0,3.6666667,50.0,4.0,4.0,4.0,4.0,1.0,3.0,5.0,1.0,0.0,1.0,1.0,2.0,1.0,0.0,1.0,1.0,0.0,0.0,,1,0.0,0.0,1.0,0.0,3.0,0.0,3.0,0.0,1.0,0.0,1.0,0.0,1.0,0.0,1.0,0.0,3.0,0.0,2.0,0.0,1.75,0.0,2.0,0.0,2.0,0.0,2.0,0.0,2.0,0.0,1.0,0.0,2.0,0.0,3.0,0.0,0.0,1.0,0.0,1.0,0.0,3.0,0.0,1.0,0.0,1.0,0.0,1.0,0.0,1.0,0.0,3.0,0.0,1.0,0.0,1.5,0.0,-2.0,0.0,0.0,0.0,0.0,0.0,0.0,-1.0,-0.25,0.0,0.0,0.0,0.0,0.0,0.0,0.0,0.0,0.0,0.0,1.0,0.0,0.0,1.0,0.0,4
2.0,3.0,4.0,1.0,49.0,7.0,3.0,3.0,0.0,0.0,1.0,0.0,3.0,0.0,0.0,1.0,3.0,3.0,3.0,3.0,3.0,3.0,1.0,2.3333333,23.0,5.0,3.0,3.0,3.6666667,2.0,4.0,4.0,0.0,1.0,1.0,1.0,2.0,1.0,0.0,1.0,1.0,0.0,0.0,,1,0.0,0.0,4.0,1.0,4.0,1.0,4.0,1.0,2.0,0.0,3.0,0.0,5.0,1.0,5.0,1.0,4.0,1.0,3.0,0.0,3.875,0.75,3.0,0.0,4.0,1.0,4.0,1.0,2.0,0.0,3.0,0.0,5.0,1.0,3.0,0.0,1.0,4.0,1.0,4.0,1.0,4.0,1.0,2.0,0.0,3.0,0.0,5.0,1.0,5.0,1.0,4.0,1.0,3.0,0.0,3.875,0.0,0.0,0.0,0.0,0.0,0.0,0.0,0.0,0.0,0.0,0.0,0.0,0.0,0.0,0.0,0.0,0.0,0.0,0.0,0.0,5.0,1.0,0.0,1.0,1.0,4
4.0,2.0,3.0,1.0,75.0,16.0,5.0,4.0,1.0,1.0,0.0,1.0,1.0,1.0,0.0,0.0,1.0,2.0,1.0,1.3333334,2.0,2.0,2.0,2.0,0.0,2.0,3.0,2.0,2.3333333,3.0,3.0,3.0,0.0,1.0,0.0,0.0,0.0,0.0,0.0,0.0,0.0,1.0,,0.0,0,,1.0,5.0,1.0,4.0,1.0,3.0,0.0,3.0,0.0,3.0,0.0,3.0,0.0,3.0,0.0,5.0,1.0,3.0,0.0,3.625,0.375,4.0,1.0,2.0,0.0,3.0,0.0,3.0,0.0,3.0,0.0,5.0,1.0,5.0,1.0,0.0,5.0,1.0,5.0,1.0,3.0,0.0,3.0,0.0,3.0,0.0,3.0,0.0,3.0,0.0,5.0,1.0,4.0,1.0,3.75,0.0,1.0,0.0,0.0,0.0,0.0,0.0,0.0,1.0,0.125,0.0,0.0,0.0,0.0,0.0,0.0,0.0,0.0,1.0,0.0,,,0.0,0.0,0.0,2
2.0,3.0,4.0,1.0,53.0,9.0,5.0,3.0,0.0,0.0,0.0,1.0,3.0,0.0,0.0,1.0,2.0,3.0,1.0,2.0,3.0,4.0,3.0,3.3333333,-8.0,1.0,2.0,1.0,1.3333334,3.0,3.0,5.0,0.0,1.0,0.0,1.0,1.0,0.0,0.0,1.0,1.0,0.0,0.0,,1,1.0,1.0,5.0,1.0,5.0,1.0,5.0,1.0,3.0,0.0,4.0,1.0,4.0,1.0,2.0,0.0,4.0,1.0,4.0,1.0,4.0,0.75,2.0,0.0,3.0,0.0,4.0,1.0,4.0,1.0,5.0,1.0,4.0,1.0,5.0,1.0,0.0,3.0,0.0,5.0,1.0,5.0,1.0,3.0,0.0,1.0,0.0,3.0,0.0,2.0,0.0,3.0,0.0,5.0,1.0,3.125,-2.0,0.0,0.0,0.0,-3.0,-1.0,0.0,-1.0,1.0,-0.875,-1.0,0.0,0.0,0.0,-1.0,-1.0,0.0,-1.0,0.0,-0.5,,,0.0,0.0,1.0,1
4.0,2.0,3.0,1.0,44.0,15.0,6.0,4.0,0.0,0.0,1.0,0.0,7.0,0.0,1.0,0.0,5.0,5.0,3.0,4.3333335,3.0,3.0,3.0,3.0,0.0,4.0,5.0,4.0,4.3333335,1.0,1.0,3.0,1.0,0.0,0.0,0.0,0.0,1.0,0.0,0.0,0.0,1.0,,0.0,0,,1.0,1.0,0.0,1.0,0.0,1.0,0.0,1.0,0.0,1.0,0.0,1.0,0.0,1.0,0.0,1.0,0.0,1.0,0.0,1.0,0.0,5.0,1.0,1.0,0.0,1.0,0.0,1.0,0.0,4.0,1.0,1.0,0.0,1.0,0.0,0.0,1.0,0.0,1.0,0.0,1.0,0.0,1.0,0.0,1.0,0.0,1.0,0.0,1.0,0.0,1.0,0.0,1.0,0.0,1.0,0.0,0.0,0.0,0.0,0.0,0.0,0.0,0.0,0.0,0.0,0.0,0.0,0.0,0.0,0.0,0.0,0.0,0.0,0.0,0.0,,,0.0,0.0,0.0,2
3.0,4.0,2.0,1.0,44.0,19.0,5.0,2.0,0.0,0.0,1.0,0.0,8.0,0.0,1.0,0.0,5.0,3.0,4.0,4.0,5.0,5.0,4.0,4.6666665,-56.0,2.0,5.0,2.0,3.0,5.0,4.0,4.0,1.0,0.0,0.0,1.0,1.0,0.0,0.0,1.0,1.0,0.0,0.0,,1,1.0,1.0,3.0,0.0,5.0,1.0,5.0,1.0,4.0,1.0,3.0,0.0,4.0,1.0,5.0,1.0,5.0,1.0,5.0,1.0,4.25,0.75,2.0,0.0,4.0,1.0,5.0,1.0,4.0,1.0,4.0,1.0,4.0,1.0,5.0,1.0,1.0,5.0,1.0,4.0,1.0,3.0,0.0,5.0,1.0,5.0,1.0,4.0,1.0,3.0,0.0,4.0,1.0,5.0,1.0,4.125,2.0,-1.0,-2.0,1.0,2.0,0.0,-2.0,-1.0,0.0,-0.125,1.0,0.0,-1.0,0.0,1.0,0.0,-1.0,0.0,0.0,0.0,,,0.0,0.0,1.0,1
4.0,2.0,1.0,3.0,37.0,11.0,4.0,2.0,0.0,0.0,1.0,0.0,8.0,0.0,1.0,0.0,3.0,4.0,4.0,3.6666667,5.0,5.0,1.0,3.6666667,-60.0,4.0,4.0,1.0,3.0,3.0,4.0,4.0,1.0,0.0,1.0,1.0,2.0,0.0,0.0,0.0,0.0,1.0,,0.0,0,,1.0,2.0,0.0,1.0,0.0,1.0,0.0,1.0,0.0,2.0,0.0,1.0,0.0,1.0,0.0,2.0,0.0,2.0,0.0,1.375,0.0,3.0,0.0,1.0,0.0,1.0,0.0,4.0,1.0,1.0,0.0,2.0,0.0,2.0,0.0,0.0,3.0,0.0,3.0,0.0,5.0,1.0,2.0,0.0,4.0,1.0,5.0,1.0,4.0,1.0,3.0,0.0,3.0,0.0,3.625,1.0,2.0,4.0,1.0,2.0,4.0,3.0,1.0,1.0,2.25,0.0,0.0,1.0,0.0,1.0,1.0,1.0,0.0,0.0,0.5,,,0.0,0.0,0.0,1
2.0,3.0,4.0,1.0,44.0,11.0,3.0,1.0,0.0,0.0,1.0,0.0,3.0,0.0,0.0,1.0,2.0,1.0,1.0,1.3333334,3.0,3.0,3.0,3.0,-100.0,4.0,4.0,2.0,3.3333333,5.0,4.0,5.0,0.0,1.0,1.0,1.0,2.0,1.0,0.0,0.0,0.0,1.0,,0.0,0,,1.0,5.0,1.0,5.0,1.0,4.0,1.0,1.0,0.0,1.0,0.0,4.0,1.0,1.0,0.0,5.0,1.0,1.0,0.0,3.25,0.625,2.0,0.0,2.0,0.0,4.0,1.0,1.0,0.0,4.0,1.0,5.0,1.0,5.0,1.0,1.0,5.0,1.0,5.0,1.0,4.0,1.0,1.0,0.0,1.0,0.0,4.0,1.0,2.0,0.0,5.0,1.0,2.0,0.0,3.375,0.0,0.0,0.0,0.0,0.0,0.0,1.0,0.0,1.0,0.125,0.0,0.0,0.0,0.0,0.0,0.0,0.0,0.0,0.0,0.0,,,0.0,0.0,1.0,1
1.0,3.0,2.0,4.0,43.0,19.0,7.0,3.0,0.0,0.0,0.0,0.0,1.0,1.0,0.0,0.0,4.0,4.0,3.0,3.6666667,1.0,3.0,3.0,2.3333333,41.0,2.0,2.0,5.0,3.0,2.0,1.0,5.0,1.0,0.0,1.0,1.0,2.0,1.0,0.0,1.0,1.0,0.0,0.0,,1,1.0,1.0,1.0,0.0,2.0,0.0,1.0,0.0,1.0,0.0,1.0,0.0,1.0,0.0,2.0,0.0,1.0,0.0,1.0,0.0,1.25,0.0,1.0,0.0,1.0,0.0,1.0,0.0,1.0,0.0,3.0,0.0,1.0,0.0,2.0,0.0,0.0,1.0,0.0,1.0,0.0,1.0,0.0,1.0,0.0,1.0,0.0,2.0,0.0,2.0,0.0,1.0,0.0,1.0,0.0,1.25,0.0,-1.0,0.0,0.0,0.0,1.0,0.0,0.0,0.0,0.0,0.0,0.0,0.0,0.0,0.0,0.0,0.0,0.0,0.0,0.0,,,1.0,1.0,1.0,4
1.0,3.0,4.0,2.0,27.0,13.0,8.0,4.0,0.0,0.0,0.0,0.0,7.0,0.0,1.0,0.0,4.0,5.0,4.0,4.3333335,5.0,4.0,5.0,4.6666665,13.0,5.0,4.0,4.0,4.3333335,4.0,4.0,2.0,1.0,0.0,1.0,1.0,2.0,1.0,0.0,1.0,1.0,0.0,0.0,,1,1.0,1.0,5.0,1.0,5.0,1.0,4.0,1.0,4.0,1.0,5.0,1.0,3.0,0.0,3.0,0.0,4.0,1.0,4.0,1.0,4.125,0.75,4.0,1.0,4.0,1.0,4.0,1.0,3.0,0.0,4.0,1.0,3.0,0.0,4.0,1.0,0.0,5.0,1.0,4.0,1.0,2.0,0.0,5.0,1.0,5.0,1.0,4.0,1.0,3.0,0.0,3.0,0.0,4.0,1.0,3.875,0.0,-1.0,-2.0,1.0,0.0,1.0,0.0,-1.0,0.0,-0.25,0.0,0.0,-1.0,0.0,0.0,1.0,0.0,-1.0,0.0,-0.125,,,1.0,1.0,1.0,4
4.0,2.0,1.0,3.0,36.0,7.0,4.0,3.0,0.0,0.0,0.0,0.0,8.0,0.0,1.0,0.0,2.0,4.0,2.0,2.6666667,4.0,1.0,4.0,3.0,4.0,4.0,5.0,5.0,4.6666665,5.0,4.0,4.0,1.0,0.0,1.0,1.0,2.0,1.0,0.0,0.0,0.0,1.0,,0.0,0,,1.0,5.0,1.0,5.0,1.0,4.0,1.0,3.0,0.0,5.0,1.0,4.0,1.0,3.0,0.0,5.0,1.0,4.0,1.0,4.25,0.75,4.0,1.0,4.0,1.0,4.0,1.0,2.0,0.0,3.0,0.0,5.0,1.0,4.0,1.0,1.0,4.0,1.0,5.0,1.0,5.0,1.0,3.0,0.0,4.0,1.0,3.0,0.0,3.0,0.0,5.0,1.0,4.0,1.0,4.0,-1.0,0.0,1.0,0.0,-1.0,-1.0,0.0,0.0,0.0,-0.25,0.0,0.0,0.0,0.0,0.0,-1.0,0.0,0.0,0.0,-0.125,,,0.0,1.0,0.0,3
4.0,2.0,1.0,3.0,40.0,8.0,6.0,4.0,0.0,0.0,1.0,0.0,8.0,0.0,1.0,0.0,4.0,4.0,5.0,4.3333335,3.0,4.0,3.0,3.3333333,-74.0,1.0,4.0,3.0,2.6666667,3.0,1.0,3.0,1.0,0.0,0.0,1.0,1.0,1.0,0.0,0.0,0.0,1.0,,0.0,0,,1.0,4.0,1.0,3.0,0.0,5.0,1.0,1.0,0.0,2.0,0.0,2.0,0.0,4.0,1.0,4.0,1.0,2.0,0.0,3.125,0.5,2.0,0.0,2.0,0.0,3.0,0.0,3.0,0.0,1.0,0.0,4.0,1.0,4.0,1.0,0.0,5.0,1.0,4.0,1.0,5.0,1.0,1.0,0.0,3.0,0.0,4.0,1.0,4.0,1.0,4.0,1.0,2.0,0.0,3.75,1.0,1.0,0.0,0.0,1.0,2.0,0.0,0.0,0.0,0.625,0.0,1.0,0.0,0.0,0.0,1.0,0.0,0.0,0.0,0.25,,,0.0,0.0,0.0,1
4.0,3.0,1.0,2.0,43.0,4.0,5.0,3.0,0.0,0.0,1.0,0.0,8.0,0.0,1.0,0.0,4.0,3.0,4.0,3.6666667,3.0,5.0,5.0,4.3333335,92.0,4.0,4.0,5.0,4.3333335,1.0,2.0,5.0,1.0,0.0,0.0,0.0,0.0,0.0,0.0,0.0,0.0,1.0,,0.0,0,,1.0,3.0,0.0,3.0,0.0,4.0,1.0,1.0,0.0,4.0,1.0,1.0,0.0,1.0,0.0,3.0,0.0,3.0,0.0,2.5,0.25,1.0,0.0,2.0,0.0,1.0,0.0,4.0,1.0,1.0,0.0,2.0,0.0,2.0,0.0,0.0,3.0,0.0,3.0,0.0,5.0,1.0,2.0,0.0,2.0,0.0,1.0,0.0,1.0,0.0,3.0,0.0,2.0,0.0,2.5,0.0,0.0,1.0,1.0,-2.0,0.0,0.0,0.0,-1.0,0.0,0.0,0.0,0.0,0.0,-1.0,0.0,0.0,0.0,0.0,-0.125,,,0.0,1.0,0.0,5
2.0,3.0,4.0,1.0,37.0,19.0,2.0,4.0,0.0,0.0,0.0,0.0,1.0,1.0,0.0,0.0,3.0,5.0,5.0,4.3333335,3.0,3.0,1.0,2.3333333,-74.0,1.0,4.0,1.0,2.0,1.0,3.0,4.0,0.0,1.0,1.0,1.0,2.0,0.0,0.0,0.0,0.0,1.0,,0.0,0,,1.0,4.0,1.0,4.0,1.0,1.0,0.0,1.0,0.0,1.0,0.0,1.0,0.0,1.0,0.0,1.0,0.0,1.0,0.0,1.75,0.25,2.0,0.0,1.0,0.0,1.0,0.0,3.0,0.0,3.0,0.0,3.0,0.0,5.0,1.0,0.0,4.0,1.0,1.0,0.0,1.0,0.0,1.0,0.0,1.0,0.0,1.0,0.0,1.0,0.0,1.0,0.0,1.0,0.0,1.375,0.0,-3.0,0.0,0.0,0.0,0.0,0.0,0.0,0.0,-0.375,0.0,-1.0,0.0,0.0,0.0,0.0,0.0,0.0,0.0,-0.125,,,0.0,0.0,1.0,1
1.0,4.0,2.0,3.0,43.0,13.0,2.0,3.0,0.0,0.0,1.0,0.0,8.0,0.0,1.0,0.0,3.0,3.0,3.0,3.0,3.0,5.0,4.0,4.0,50.0,4.0,3.0,3.0,3.3333333,3.0,3.0,4.0,1.0,0.0,0.0,0.0,0.0,1.0,0.0,1.0,1.0,0.0,0.0,,1,0.0,0.0,3.0,0.0,3.0,0.0,3.0,0.0,3.0,0.0,3.0,0.0,3.0,0.0,3.0,0.0,3.0,0.0,3.0,0.0,3.0,0.0,3.0,0.0,3.0,0.0,3.0,0.0,3.0,0.0,3.0,0.0,3.0,0.0,3.0,0.0,0.0,3.0,0.0,3.0,0.0,3.0,0.0,3.0,0.0,3.0,0.0,3.0,0.0,3.0,0.0,3.0,0.0,3.0,0.0,3.0,0.0,0.0,0.0,0.0,0.0,0.0,0.0,0.0,0.0,0.0,0.0,0.0,0.0,0.0,0.0,0.0,0.0,0.0,0.0,0.0,3.0,0.0,1.0,1.0,1.0,4
2.0,3.0,4.0,1.0,33.0,16.0,6.0,2.0,0.0,0.0,1.0,0.0,8.0,0.0,1.0,0.0,1.0,1.0,1.0,1.0,1.0,4.0,2.0,2.3333333,7.0,2.0,4.0,3.0,3.0,4.0,1.0,4.0,1.0,0.0,0.0,0.0,0.0,1.0,0.0,1.0,1.0,0.0,0.0,,1,1.0,1.0,2.0,0.0,3.0,0.0,2.0,0.0,1.0,0.0,1.0,0.0,1.0,0.0,2.0,0.0,3.0,0.0,2.0,0.0,1.875,0.0,4.0,1.0,2.0,0.0,1.0,0.0,3.0,0.0,1.0,0.0,1.0,0.0,4.0,1.0,0.0,4.0,1.0,3.0,0.0,2.0,0.0,1.0,0.0,2.0,0.0,1.0,0.0,1.0,0.0,2.0,0.0,2.0,0.0,2.0,2.0,0.0,0.0,0.0,1.0,0.0,-1.0,-1.0,0.0,0.125,1.0,0.0,0.0,0.0,0.0,0.0,0.0,0.0,0.0,0.125,,,0.0,1.0,1.0,3
1.0,4.0,3.0,2.0,34.0,1.0,4.0,2.0,0.0,0.0,1.0,0.0,1.0,1.0,0.0,0.0,1.0,1.0,1.0,1.0,5.0,5.0,1.0,3.6666667,-100.0,1.0,1.0,1.0,1.0,5.0,1.0,5.0,0.0,1.0,1.0,1.0,2.0,1.0,0.0,1.0,1.0,0.0,0.0,,1,1.0,1.0,5.0,1.0,5.0,1.0,5.0,1.0,1.0,0.0,1.0,0.0,5.0,1.0,5.0,1.0,5.0,1.0,5.0,1.0,4.0,0.75,4.0,1.0,1.0,0.0,1.0,0.0,2.0,0.0,5.0,1.0,5.0,1.0,5.0,1.0,1.0,5.0,1.0,5.0,1.0,5.0,1.0,1.0,0.0,1.0,0.0,5.0,1.0,5.0,1.0,5.0,1.0,5.0,1.0,4.0,0.0,0.0,0.0,0.0,0.0,0.0,0.0,0.0,0.0,0.0,0.0,0.0,0.0,0.0,0.0,0.0,0.0,0.0,0.0,0.0,,,1.0,0.0,1.0,1
3.0,2.0,4.0,1.0,38.0,1.0,2.0,2.0,0.0,0.0,1.0,0.0,8.0,0.0,1.0,0.0,1.0,1.0,1.0,1.0,5.0,5.0,5.0,5.0,100.0,5.0,5.0,5.0,5.0,1.0,1.0,5.0,1.0,0.0,0.0,1.0,1.0,0.0,0.0,0.0,0.0,1.0,,0.0,0,,1.0,5.0,1.0,5.0,1.0,5.0,1.0,5.0,1.0,5.0,1.0,5.0,1.0,5.0,1.0,5.0,1.0,5.0,1.0,5.0,1.0,5.0,1.0,5.0,1.0,5.0,1.0,5.0,1.0,5.0,1.0,5.0,1.0,5.0,1.0,1.0,5.0,1.0,5.0,1.0,5.0,1.0,5.0,1.0,5.0,1.0,5.0,1.0,5.0,1.0,5.0,1.0,5.0,1.0,5.0,0.0,0.0,0.0,0.0,0.0,0.0,0.0,0.0,0.0,0.0,0.0,0.0,0.0,0.0,0.0,0.0,0.0,0.0,0.0,0.0,,,0.0,1.0,0.0,5
2.0,3.0,4.0,1.0,35.0,13.0,7.0,1.0,0.0,0.0,1.0,0.0,7.0,0.0,1.0,0.0,4.0,5.0,4.0,4.3333335,4.0,5.0,4.0,4.3333335,-34.0,5.0,4.0,2.0,3.6666667,2.0,2.0,4.0,1.0,0.0,1.0,1.0,2.0,1.0,0.0,0.0,0.0,1.0,,0.0,0,,1.0,3.0,0.0,4.0,1.0,3.0,0.0,2.0,0.0,1.0,0.0,1.0,0.0,2.0,0.0,3.0,0.0,1.0,0.0,2.375,0.125,2.0,0.0,2.0,0.0,2.0,0.0,2.0,0.0,3.0,0.0,5.0,1.0,4.0,1.0,0.0,3.0,0.0,4.0,1.0,3.0,0.0,2.0,0.0,1.0,0.0,1.0,0.0,1.0,0.0,4.0,1.0,1.0,0.0,2.375,0.0,0.0,0.0,0.0,0.0,0.0,-1.0,1.0,0.0,0.0,0.0,0.0,0.0,0.0,0.0,0.0,0.0,1.0,0.0,0.125,,,0.0,0.0,1.0,1
1.0,3.0,4.0,2.0,40.0,13.0,4.0,3.0,0.0,0.0,0.0,1.0,1.0,1.0,0.0,0.0,3.0,2.0,4.0,3.0,3.0,5.0,3.0,3.6666667,0.0,3.0,3.0,2.0,2.6666667,4.0,1.0,4.0,0.0,1.0,1.0,0.0,1.0,1.0,0.0,1.0,1.0,0.0,0.0,,1,0.0,0.0,5.0,1.0,4.0,1.0,1.0,0.0,3.0,0.0,2.0,0.0,3.0,0.0,2.0,0.0,5.0,1.0,3.0,0.0,3.125,0.375,4.0,1.0,3.0,0.0,4.0,1.0,4.0,1.0,3.0,0.0,4.0,1.0,5.0,1.0,0.0,4.0,1.0,4.0,1.0,2.0,0.0,4.0,1.0,3.0,0.0,3.0,0.0,2.0,0.0,3.0,0.0,2.0,0.0,3.125,-1.0,0.0,1.0,1.0,1.0,0.0,0.0,-2.0,-1.0,0.0,0.0,0.0,0.0,1.0,0.0,0.0,0.0,-1.0,0.0,0.0,2.0,0.0,1.0,0.0,1.0,2
2.0,1.0,4.0,3.0,26.0,1.0,1.0,4.0,0.0,0.0,1.0,0.0,7.0,0.0,1.0,0.0,1.0,1.0,3.0,1.6666666,3.0,5.0,5.0,4.3333335,-21.0,5.0,5.0,3.0,4.3333335,2.0,5.0,4.0,1.0,0.0,1.0,1.0,2.0,0.0,0.0,0.0,0.0,1.0,,0.0,0,,1.0,5.0,1.0,5.0,1.0,5.0,1.0,5.0,1.0,5.0,1.0,1.0,0.0,3.0,0.0,4.0,1.0,4.0,1.0,4.125,0.75,3.0,0.0,4.0,1.0,5.0,1.0,5.0,1.0,4.0,1.0,5.0,1.0,5.0,1.0,1.0,5.0,1.0,5.0,1.0,5.0,1.0,5.0,1.0,5.0,1.0,4.0,1.0,4.0,1.0,4.0,1.0,3.0,0.0,4.625,0.0,0.0,0.0,0.0,0.0,3.0,1.0,0.0,-1.0,0.5,0.0,0.0,0.0,0.0,0.0,1.0,1.0,0.0,-1.0,0.25,,,0.0,0.0,0.0,1
3.0,4.0,2.0,1.0,29.0,12.0,2.0,2.0,0.0,0.0,0.0,0.0,5.0,0.0,0.0,1.0,3.0,2.0,3.0,2.6666667,4.0,4.0,4.0,4.0,-9.0,4.0,4.0,3.0,3.6666667,4.0,4.0,5.0,1.0,0.0,1.0,1.0,2.0,1.0,0.0,1.0,1.0,0.0,0.0,,1,0.0,0.0,4.0,1.0,4.0,1.0,5.0,1.0,4.0,1.0,4.0,1.0,4.0,1.0,5.0,1.0,4.0,1.0,4.0,1.0,4.25,1.0,2.0,0.0,4.0,1.0,4.0,1.0,5.0,1.0,3.0,0.0,4.0,1.0,4.0,1.0,1.0,2.0,0.0,2.0,0.0,2.0,0.0,2.0,0.0,2.0,0.0,1.0,0.0,2.0,0.0,2.0,0.0,2.0,0.0,1.875,-2.0,-2.0,-3.0,-2.0,-2.0,-3.0,-3.0,-2.0,-2.0,-2.375,-1.0,-1.0,-1.0,-1.0,-1.0,-1.0,-1.0,-1.0,-1.0,-1.0,4.0,1.0,0.0,0.0,1.0,1
1.0,3.0,2.0,4.0,43.0,20.0,8.0,2.0,0.0,0.0,1.0,0.0,1.0,1.0,0.0,0.0,1.0,1.0,1.0,1.0,1.0,1.0,1.0,1.0,-45.0,1.0,4.0,2.0,2.3333333,5.0,3.0,5.0,0.0,1.0,1.0,1.0,2.0,0.0,0.0,1.0,1.0,0.0,0.0,,1,1.0,1.0,4.0,1.0,5.0,1.0,5.0,1.0,1.0,0.0,1.0,0.0,5.0,1.0,3.0,0.0,5.0,1.0,4.0,1.0,3.625,0.625,3.0,0.0,3.0,0.0,4.0,1.0,2.0,0.0,2.0,0.0,4.0,1.0,4.0,1.0,1.0,5.0,1.0,5.0,1.0,5.0,1.0,1.0,0.0,1.0,0.0,5.0,1.0,4.0,1.0,5.0,1.0,4.0,1.0,3.875,1.0,0.0,0.0,0.0,0.0,0.0,1.0,0.0,0.0,0.25,0.0,0.0,0.0,0.0,0.0,0.0,1.0,0.0,0.0,0.125,,,1.0,0.0,1.0,1
2.0,1.0,3.0,4.0,32.0,11.0,7.0,3.0,0.0,0.0,0.0,0.0,6.0,0.0,0.0,1.0,1.0,2.0,1.0,1.3333334,3.0,5.0,1.0,3.0,100.0,5.0,4.0,5.0,4.6666665,1.0,5.0,4.0,1.0,0.0,0.0,1.0,1.0,0.0,0.0,0.0,0.0,1.0,,0.0,0,,1.0,5.0,1.0,4.0,1.0,4.0,1.0,1.0,0.0,2.0,0.0,2.0,0.0,2.0,0.0,4.0,1.0,5.0,1.0,3.0,0.5,3.0,0.0,2.0,0.0,2.0,0.0,5.0,1.0,2.0,0.0,5.0,1.0,5.0,1.0,0.0,5.0,1.0,4.0,1.0,5.0,1.0,4.0,1.0,4.0,1.0,1.0,0.0,4.0,1.0,3.0,0.0,5.0,1.0,3.75,0.0,0.0,1.0,3.0,2.0,-1.0,2.0,-1.0,0.0,0.75,0.0,0.0,0.0,1.0,1.0,0.0,1.0,-1.0,0.0,0.25,,,0.0,1.0,0.0,5
1.0,3.0,4.0,2.0,42.0,18.0,6.0,3.0,0.0,0.0,1.0,0.0,8.0,0.0,1.0,0.0,3.0,4.0,2.0,3.0,4.0,5.0,3.0,4.0,13.0,4.0,5.0,5.0,4.6666665,3.0,3.0,4.0,1.0,0.0,1.0,1.0,2.0,0.0,0.0,1.0,1.0,0.0,0.0,,1,1.0,1.0,3.0,0.0,4.0,1.0,1.0,0.0,4.0,1.0,2.0,0.0,1.0,0.0,1.0,0.0,3.0,0.0,2.0,0.0,2.375,0.25,4.0,1.0,4.0,1.0,3.0,0.0,4.0,1.0,2.0,0.0,3.0,0.0,3.0,0.0,0.0,4.0,1.0,4.0,1.0,1.0,0.0,4.0,1.0,2.0,0.0,1.0,0.0,1.0,0.0,3.0,0.0,1.0,0.0,2.5,1.0,0.0,0.0,0.0,0.0,0.0,0.0,0.0,-1.0,0.125,1.0,0.0,0.0,0.0,0.0,0.0,0.0,0.0,0.0,0.125,,,1.0,1.0,1.0,4
1.0,3.0,2.0,4.0,30.0,5.0,2.0,3.0,0.0,0.0,0.0,1.0,1.0,1.0,0.0,0.0,5.0,5.0,4.0,4.6666665,4.0,4.0,4.0,4.0,-2.0,4.0,4.0,1.0,3.0,5.0,5.0,4.0,0.0,1.0,0.0,0.0,0.0,1.0,0.0,0.0,0.0,1.0,,0.0,0,,1.0,5.0,1.0,3.0,0.0,4.0,1.0,4.0,1.0,5.0,1.0,4.0,1.0,5.0,1.0,4.0,1.0,4.0,1.0,4.25,0.875,4.0,1.0,4.0,1.0,4.0,1.0,5.0,1.0,3.0,0.0,4.0,1.0,5.0,1.0,1.0,4.0,1.0,4.0,1.0,3.0,0.0,5.0,1.0,4.0,1.0,4.0,1.0,5.0,1.0,4.0,1.0,5.0,1.0,4.125,-1.0,1.0,-1.0,1.0,-1.0,0.0,0.0,0.0,1.0,-0.125,0.0,1.0,-1.0,0.0,0.0,0.0,0.0,0.0,0.0,0.0,,,1.0,0.0,1.0,2
4.0,1.0,3.0,2.0,24.0,1.0,4.0,1.0,0.0,0.0,0.0,1.0,7.0,0.0,1.0,0.0,5.0,5.0,5.0,5.0,5.0,5.0,5.0,5.0,0.0,5.0,5.0,1.0,3.6666667,5.0,5.0,5.0,1.0,0.0,0.0,0.0,0.0,0.0,0.0,1.0,1.0,0.0,0.0,,1,1.0,1.0,5.0,1.0,5.0,1.0,5.0,1.0,5.0,1.0,5.0,1.0,5.0,1.0,5.0,1.0,5.0,1.0,5.0,1.0,5.0,1.0,5.0,1.0,5.0,1.0,5.0,1.0,5.0,1.0,5.0,1.0,5.0,1.0,5.0,1.0,1.0,5.0,1.0,5.0,1.0,5.0,1.0,5.0,1.0,5.0,1.0,5.0,1.0,5.0,1.0,5.0,1.0,5.0,1.0,5.0,0.0,0.0,0.0,0.0,0.0,0.0,0.0,0.0,0.0,0.0,0.0,0.0,0.0,0.0,0.0,0.0,0.0,0.0,0.0,0.0,,,0.0,0.0,0.0,2
3.0,2.0,4.0,1.0,22.0,3.0,2.0,3.0,0.0,0.0,0.0,1.0,1.0,1.0,0.0,0.0,5.0,4.0,5.0,4.6666665,4.0,5.0,4.0,4.3333335,-84.0,4.0,3.0,1.0,2.6666667,4.0,4.0,2.0,0.0,1.0,1.0,1.0,2.0,1.0,0.0,1.0,1.0,0.0,0.0,,1,1.0,1.0,4.0,1.0,4.0,1.0,4.0,1.0,3.0,0.0,4.0,1.0,4.0,1.0,3.0,0.0,3.0,0.0,3.0,0.0,3.625,0.625,3.0,0.0,4.0,1.0,4.0,1.0,4.0,1.0,5.0,1.0,5.0,1.0,4.0,1.0,0.0,4.0,1.0,4.0,1.0,4.0,1.0,4.0,1.0,4.0,1.0,4.0,1.0,5.0,1.0,5.0,1.0,5.0,1.0,4.25,0.0,0.0,0.0,1.0,0.0,0.0,2.0,2.0,2.0,0.625,0.0,0.0,0.0,1.0,0.0,0.0,1.0,1.0,1.0,0.375,,,0.0,0.0,0.0,1
1.0,3.0,4.0,2.0,32.0,9.0,8.0,3.0,0.0,0.0,1.0,0.0,1.0,1.0,0.0,0.0,1.0,1.0,1.0,1.0,2.0,3.0,1.0,2.0,-70.0,1.0,2.0,2.0,1.6666666,4.0,4.0,5.0,0.0,1.0,1.0,1.0,2.0,1.0,0.0,0.0,0.0,1.0,,0.0,0,,1.0,5.0,1.0,5.0,1.0,4.0,1.0,1.0,0.0,2.0,0.0,5.0,1.0,5.0,1.0,5.0,1.0,1.0,0.0,4.0,0.75,2.0,0.0,3.0,0.0,4.0,1.0,1.0,0.0,2.0,0.0,5.0,1.0,5.0,1.0,0.0,5.0,1.0,5.0,1.0,4.0,1.0,1.0,0.0,2.0,0.0,5.0,1.0,5.0,1.0,5.0,1.0,4.0,1.0,4.0,0.0,0.0,0.0,0.0,0.0,0.0,0.0,0.0,3.0,0.0,0.0,0.0,0.0,0.0,0.0,0.0,0.0,0.0,1.0,0.0,,,1.0,0.0,1.0,1
1.0,3.0,2.0,4.0,33.0,18.0,6.0,1.0,0.0,0.0,1.0,0.0,8.0,0.0,1.0,0.0,5.0,5.0,4.0,4.6666665,2.0,5.0,5.0,4.0,-12.0,4.0,3.0,1.0,2.6666667,5.0,3.0,4.0,1.0,0.0,1.0,0.0,1.0,1.0,0.0,1.0,1.0,0.0,0.0,,1,1.0,1.0,5.0,1.0,2.0,0.0,2.0,0.0,5.0,1.0,1.0,0.0,4.0,1.0,5.0,1.0,3.0,0.0,4.0,1.0,3.375,0.5,2.0,0.0,5.0,1.0,5.0,1.0,1.0,0.0,5.0,1.0,1.0,0.0,5.0,1.0,1.0,4.0,1.0,5.0,1.0,5.0,1.0,5.0,1.0,2.0,0.0,2.0,0.0,2.0,0.0,3.0,0.0,4.0,1.0,3.5,-1.0,3.0,3.0,0.0,1.0,-2.0,-3.0,0.0,0.0,0.125,0.0,1.0,1.0,0.0,0.0,-1.0,-1.0,0.0,0.0,0.0,,,1.0,0.0,1.0,1
4.0,1.0,2.0,3.0,32.0,1.0,5.0,4.0,0.0,0.0,1.0,0.0,5.0,0.0,0.0,1.0,3.0,2.0,3.0,2.6666667,2.0,5.0,4.0,3.6666667,-41.0,2.0,4.0,3.0,3.0,3.0,3.0,4.0,1.0,0.0,1.0,0.0,1.0,1.0,0.0,0.0,0.0,1.0,,0.0,0,,1.0,5.0,1.0,5.0,1.0,2.0,0.0,2.0,0.0,3.0,0.0,3.0,0.0,5.0,1.0,2.0,0.0,2.0,0.0,3.375,0.375,3.0,0.0,3.0,0.0,4.0,1.0,5.0,1.0,3.0,0.0,2.0,0.0,5.0,1.0,0.0,5.0,1.0,5.0,1.0,3.0,0.0,2.0,0.0,2.0,0.0,3.0,0.0,5.0,1.0,2.0,0.0,4.0,1.0,3.375,0.0,0.0,1.0,0.0,-1.0,0.0,0.0,0.0,2.0,0.0,0.0,0.0,0.0,0.0,0.0,0.0,0.0,0.0,1.0,0.0,,,0.0,0.0,0.0,1
2.0,3.0,4.0,1.0,18.0,22.0,4.0,1.0,0.0,0.0,1.0,0.0,2.0,1.0,0.0,0.0,5.0,3.0,4.0,4.0,2.0,2.0,1.0,1.6666666,-1.0,2.0,4.0,2.0,2.6666667,5.0,2.0,2.0,0.0,1.0,0.0,0.0,0.0,0.0,0.0,1.0,1.0,0.0,0.0,,1,1.0,1.0,4.0,1.0,2.0,0.0,1.0,0.0,1.0,0.0,1.0,0.0,4.0,1.0,3.0,0.0,5.0,1.0,1.0,0.0,2.625,0.375,4.0,1.0,2.0,0.0,4.0,1.0,2.0,0.0,1.0,0.0,4.0,1.0,4.0,1.0,0.0,5.0,1.0,4.0,1.0,2.0,0.0,1.0,0.0,2.0,0.0,4.0,1.0,3.0,0.0,4.0,1.0,1.0,0.0,3.125,1.0,2.0,1.0,0.0,1.0,0.0,0.0,-1.0,0.0,0.5,0.0,1.0,0.0,0.0,0.0,0.0,0.0,0.0,0.0,0.125,,,0.0,0.0,1.0,2
3.0,1.0,4.0,2.0,27.0,9.0,6.0,2.0,0.0,0.0,1.0,0.0,1.0,1.0,0.0,0.0,4.0,5.0,4.0,4.3333335,3.0,3.0,4.0,3.3333333,-14.0,4.0,4.0,1.0,3.0,3.0,4.0,5.0,0.0,1.0,1.0,1.0,2.0,1.0,0.0,1.0,1.0,0.0,0.0,,1,0.0,0.0,3.0,0.0,5.0,1.0,3.0,0.0,2.0,0.0,3.0,0.0,3.0,0.0,2.0,0.0,4.0,1.0,3.0,0.0,3.125,0.25,3.0,0.0,2.0,0.0,5.0,1.0,3.0,0.0,4.0,1.0,3.0,0.0,2.0,0.0,0.0,5.0,1.0,2.0,0.0,3.0,0.0,1.0,0.0,3.0,0.0,5.0,1.0,2.0,0.0,3.0,0.0,4.0,1.0,3.0,2.0,-3.0,0.0,-1.0,0.0,2.0,0.0,-1.0,1.0,-0.125,1.0,-1.0,0.0,0.0,0.0,1.0,0.0,-1.0,1.0,0.0,2.0,0.0,0.0,0.0,0.0,1
2.0,4.0,3.0,1.0,31.0,10.0,4.0,4.0,0.0,0.0,1.0,0.0,1.0,1.0,0.0,0.0,4.0,4.0,3.0,3.6666667,4.0,4.0,4.0,4.0,16.0,4.0,3.0,3.0,3.3333333,4.0,4.0,4.0,0.0,1.0,1.0,1.0,2.0,1.0,0.0,1.0,1.0,0.0,0.0,,1,0.0,0.0,3.0,0.0,2.0,0.0,3.0,0.0,2.0,0.0,2.0,0.0,3.0,0.0,2.0,0.0,3.0,0.0,2.0,0.0,2.5,0.0,3.0,0.0,3.0,0.0,4.0,1.0,4.0,1.0,4.0,1.0,4.0,1.0,4.0,1.0,1.0,3.0,0.0,3.0,0.0,3.0,0.0,3.0,0.0,3.0,0.0,3.0,0.0,2.0,0.0,2.0,0.0,2.0,0.0,2.75,0.0,1.0,0.0,1.0,1.0,0.0,0.0,-1.0,0.0,0.25,0.0,0.0,0.0,0.0,0.0,0.0,0.0,0.0,0.0,0.0,4.0,1.0,0.0,1.0,1.0,4
1.0,2.0,3.0,4.0,33.0,3.0,2.0,4.0,0.0,0.0,1.0,0.0,8.0,0.0,1.0,0.0,3.0,3.0,2.0,2.6666667,4.0,4.0,4.0,4.0,-39.0,4.0,3.0,2.0,3.0,5.0,4.0,5.0,1.0,0.0,1.0,1.0,2.0,1.0,0.0,0.0,0.0,1.0,,0.0,0,,1.0,4.0,1.0,2.0,0.0,2.0,0.0,2.0,0.0,3.0,0.0,2.0,0.0,3.0,0.0,4.0,1.0,2.0,0.0,2.75,0.25,3.0,0.0,4.0,1.0,4.0,1.0,4.0,1.0,4.0,1.0,4.0,1.0,2.0,0.0,1.0,4.0,1.0,4.0,1.0,5.0,1.0,4.0,1.0,4.0,1.0,3.0,0.0,4.0,1.0,3.0,0.0,2.0,0.0,3.875,0.0,2.0,3.0,2.0,1.0,1.0,1.0,-1.0,0.0,1.125,0.0,1.0,1.0,1.0,1.0,0.0,1.0,-1.0,0.0,0.5,,,1.0,0.0,1.0,1
1.0,3.0,2.0,4.0,26.0,10.0,4.0,1.0,0.0,0.0,1.0,0.0,6.0,0.0,0.0,1.0,2.0,3.0,2.0,2.3333333,2.0,4.0,4.0,3.3333333,-40.0,3.0,2.0,4.0,3.0,3.0,4.0,2.0,0.0,0.0,0.0,1.0,1.0,0.0,0.0,1.0,1.0,0.0,0.0,,1,0.0,0.0,4.0,1.0,4.0,1.0,3.0,0.0,2.0,0.0,2.0,0.0,3.0,0.0,3.0,0.0,3.0,0.0,3.0,0.0,3.0,0.25,3.0,0.0,2.0,0.0,3.0,0.0,3.0,0.0,4.0,1.0,4.0,1.0,4.0,1.0,0.0,4.0,1.0,4.0,1.0,3.0,0.0,2.0,0.0,2.0,0.0,3.0,0.0,3.0,0.0,3.0,0.0,3.0,0.0,3.0,0.0,0.0,0.0,0.0,0.0,0.0,0.0,0.0,0.0,0.0,0.0,0.0,0.0,0.0,0.0,0.0,0.0,0.0,0.0,0.0,4.0,1.0,1.0,0.0,1.0,1
3.0,2.0,4.0,1.0,33.0,19.0,6.0,2.0,0.0,0.0,1.0,0.0,7.0,0.0,1.0,0.0,4.0,4.0,4.0,4.0,3.0,4.0,3.0,3.3333333,50.0,4.0,4.0,2.0,3.3333333,2.0,3.0,4.0,1.0,0.0,1.0,1.0,2.0,1.0,0.0,0.0,0.0,1.0,,0.0,0,,1.0,4.0,1.0,3.0,0.0,5.0,1.0,1.0,0.0,1.0,0.0,1.0,0.0,1.0,0.0,3.0,0.0,1.0,0.0,2.375,0.25,2.0,0.0,2.0,0.0,4.0,1.0,1.0,0.0,2.0,0.0,2.0,0.0,4.0,1.0,0.0,1.0,0.0,4.0,1.0,1.0,0.0,1.0,0.0,1.0,0.0,1.0,0.0,1.0,0.0,3.0,0.0,1.0,0.0,1.625,-3.0,1.0,-4.0,0.0,0.0,0.0,0.0,0.0,0.0,-0.75,-1.0,1.0,-1.0,0.0,0.0,0.0,0.0,0.0,0.0,-0.125,,,0.0,1.0,0.0,4
3.0,2.0,4.0,1.0,33.0,5.0,6.0,4.0,0.0,0.0,0.0,0.0,4.0,0.0,0.0,1.0,1.0,1.0,1.0,1.0,3.0,3.0,1.0,2.3333333,-100.0,1.0,3.0,3.0,2.3333333,5.0,3.0,5.0,0.0,1.0,1.0,1.0,2.0,0.0,0.0,0.0,0.0,1.0,,0.0,0,,1.0,5.0,1.0,5.0,1.0,3.0,0.0,3.0,0.0,2.0,0.0,4.0,1.0,4.0,1.0,5.0,1.0,4.0,1.0,3.875,0.625,3.0,0.0,2.0,0.0,3.0,0.0,3.0,0.0,3.0,0.0,5.0,1.0,3.0,0.0,1.0,5.0,1.0,5.0,1.0,3.0,0.0,2.0,0.0,2.0,0.0,4.0,1.0,4.0,1.0,5.0,1.0,4.0,1.0,3.75,0.0,0.0,0.0,-1.0,0.0,0.0,0.0,0.0,0.0,-0.125,0.0,0.0,0.0,0.0,0.0,0.0,0.0,0.0,0.0,0.0,,,0.0,0.0,0.0,1
3.0,2.0,4.0,1.0,32.0,4.0,6.0,4.0,0.0,0.0,1.0,0.0,3.0,0.0,0.0,1.0,1.0,1.0,1.0,1.0,1.0,3.0,2.0,2.0,-30.0,1.0,1.0,3.0,1.6666666,3.0,4.0,4.0,0.0,1.0,1.0,1.0,2.0,1.0,0.0,1.0,1.0,0.0,0.0,,1,0.0,0.0,4.0,1.0,4.0,1.0,4.0,1.0,2.0,0.0,3.0,0.0,3.0,0.0,3.0,0.0,5.0,1.0,3.0,0.0,3.5,0.5,2.0,0.0,3.0,0.0,4.0,1.0,2.0,0.0,3.0,0.0,5.0,1.0,3.0,0.0,0.0,4.0,1.0,4.0,1.0,3.0,0.0,1.0,0.0,2.0,0.0,2.0,0.0,3.0,0.0,5.0,1.0,3.0,0.0,3.0,0.0,0.0,-1.0,-1.0,-1.0,-1.0,0.0,0.0,0.0,-0.5,0.0,0.0,-1.0,0.0,0.0,0.0,0.0,0.0,0.0,-0.125,5.0,1.0,0.0,0.0,0.0,1
3.0,2.0,4.0,1.0,32.0,1.0,2.0,4.0,0.0,0.0,1.0,0.0,6.0,0.0,0.0,1.0,4.0,3.0,3.0,3.3333333,4.0,5.0,4.0,4.3333335,43.0,3.0,3.0,3.0,3.0,4.0,5.0,4.0,1.0,0.0,0.0,1.0,1.0,0.0,0.0,0.0,0.0,1.0,,0.0,0,,1.0,4.0,1.0,3.0,0.0,5.0,1.0,3.0,0.0,5.0,1.0,5.0,1.0,3.0,0.0,5.0,1.0,4.0,1.0,4.125,0.625,3.0,0.0,4.0,1.0,5.0,1.0,3.0,0.0,3.0,0.0,4.0,1.0,4.0,1.0,0.0,3.0,0.0,4.0,1.0,4.0,1.0,3.0,0.0,5.0,1.0,4.0,1.0,3.0,0.0,5.0,1.0,4.0,1.0,3.875,-1.0,1.0,-1.0,0.0,0.0,-1.0,0.0,0.0,0.0,-0.25,-1.0,1.0,0.0,0.0,0.0,0.0,0.0,0.0,0.0,0.0,,,0.0,1.0,0.0,4
4.0,3.0,1.0,2.0,26.0,10.0,8.0,1.0,0.0,0.0,0.0,0.0,3.0,0.0,0.0,1.0,1.0,1.0,1.0,1.0,2.0,3.0,1.0,2.0,0.0,3.0,3.0,2.0,2.6666667,5.0,2.0,4.0,0.0,1.0,0.0,1.0,1.0,1.0,0.0,0.0,0.0,1.0,,0.0,0,,1.0,5.0,1.0,5.0,1.0,5.0,1.0,1.0,0.0,2.0,0.0,4.0,1.0,2.0,0.0,5.0,1.0,3.0,0.0,3.625,0.625,2.0,0.0,2.0,0.0,4.0,1.0,2.0,0.0,3.0,0.0,5.0,1.0,5.0,1.0,0.0,5.0,1.0,5.0,1.0,4.0,1.0,2.0,0.0,2.0,0.0,4.0,1.0,3.0,0.0,5.0,1.0,3.0,0.0,3.75,0.0,0.0,-1.0,1.0,0.0,0.0,1.0,0.0,0.0,0.125,0.0,0.0,0.0,0.0,0.0,0.0,0.0,0.0,0.0,0.0,,,0.0,0.0,0.0,2
4.0,1.0,3.0,2.0,29.0,4.0,5.0,1.0,0.0,0.0,0.0,0.0,8.0,0.0,1.0,0.0,5.0,4.0,4.0,4.3333335,3.0,2.0,1.0,2.0,0.0,5.0,4.0,5.0,4.6666665,1.0,1.0,4.0,1.0,0.0,1.0,0.0,1.0,1.0,0.0,0.0,0.0,1.0,,0.0,0,,1.0,1.0,0.0,1.0,0.0,1.0,0.0,1.0,0.0,1.0,0.0,1.0,0.0,1.0,0.0,1.0,0.0,1.0,0.0,1.0,0.0,3.0,0.0,1.0,0.0,1.0,0.0,1.0,0.0,1.0,0.0,4.0,1.0,4.0,1.0,0.0,1.0,0.0,1.0,0.0,1.0,0.0,1.0,0.0,1.0,0.0,1.0,0.0,1.0,0.0,1.0,0.0,1.0,0.0,1.0,0.0,0.0,0.0,0.0,0.0,0.0,0.0,0.0,0.0,0.0,0.0,0.0,0.0,0.0,0.0,0.0,0.0,0.0,0.0,0.0,,,0.0,0.0,0.0,2
4.0,3.0,1.0,2.0,21.0,11.0,4.0,2.0,0.0,0.0,1.0,0.0,4.0,0.0,0.0,1.0,1.0,1.0,1.0,1.0,1.0,3.0,1.0,1.6666666,-80.0,1.0,1.0,1.0,1.0,5.0,2.0,5.0,0.0,1.0,0.0,1.0,1.0,0.0,0.0,0.0,0.0,1.0,,0.0,0,,1.0,3.0,0.0,3.0,0.0,3.0,0.0,1.0,0.0,1.0,0.0,3.0,0.0,3.0,0.0,3.0,0.0,3.0,0.0,2.5,0.0,3.0,0.0,3.0,0.0,3.0,0.0,3.0,0.0,3.0,0.0,3.0,0.0,4.0,1.0,0.0,3.0,0.0,3.0,0.0,3.0,0.0,1.0,0.0,1.0,0.0,3.0,0.0,3.0,0.0,3.0,0.0,3.0,0.0,2.5,0.0,0.0,0.0,0.0,0.0,0.0,0.0,0.0,0.0,0.0,0.0,0.0,0.0,0.0,0.0,0.0,0.0,0.0,0.0,0.0,,,0.0,0.0,0.0,1
4.0,3.0,2.0,1.0,24.0,1.0,1.0,3.0,0.0,0.0,0.0,1.0,7.0,0.0,1.0,0.0,4.0,3.0,4.0,3.6666667,4.0,3.0,1.0,2.6666667,0.0,1.0,1.0,1.0,1.0,5.0,2.0,3.0,1.0,0.0,0.0,1.0,1.0,0.0,0.0,0.0,0.0,1.0,,0.0,0,,1.0,4.0,1.0,4.0,1.0,4.0,1.0,1.0,0.0,4.0,1.0,4.0,1.0,4.0,1.0,4.0,1.0,4.0,1.0,3.625,0.875,3.0,0.0,3.0,0.0,4.0,1.0,5.0,1.0,4.0,1.0,5.0,1.0,4.0,1.0,1.0,5.0,1.0,5.0,1.0,4.0,1.0,1.0,0.0,4.0,1.0,4.0,1.0,4.0,1.0,4.0,1.0,4.0,1.0,3.875,1.0,1.0,0.0,0.0,0.0,0.0,0.0,0.0,0.0,0.25,0.0,0.0,0.0,0.0,0.0,0.0,0.0,0.0,0.0,0.0,,,0.0,0.0,0.0,2
1.0,2.0,4.0,3.0,24.0,14.0,2.0,3.0,0.0,0.0,1.0,0.0,8.0,0.0,1.0,0.0,3.0,3.0,2.0,2.6666667,4.0,3.0,2.0,3.0,26.0,1.0,2.0,4.0,2.3333333,3.0,3.0,4.0,1.0,0.0,0.0,0.0,0.0,0.0,0.0,0.0,0.0,1.0,,0.0,0,,1.0,3.0,0.0,5.0,1.0,1.0,0.0,1.0,0.0,3.0,0.0,3.0,0.0,2.0,0.0,3.0,0.0,5.0,1.0,2.625,0.125,4.0,1.0,2.0,0.0,3.0,0.0,4.0,1.0,3.0,0.0,5.0,1.0,2.0,0.0,1.0,3.0,0.0,2.0,0.0,1.0,0.0,3.0,0.0,2.0,0.0,1.0,0.0,4.0,1.0,2.0,0.0,1.0,0.0,2.25,0.0,-3.0,0.0,2.0,-1.0,-2.0,2.0,-1.0,-4.0,-0.375,0.0,-1.0,0.0,0.0,0.0,0.0,1.0,0.0,-1.0,0.0,,,1.0,1.0,1.0,4
3.0,2.0,4.0,1.0,23.0,9.0,6.0,2.0,0.0,0.0,1.0,0.0,8.0,0.0,1.0,0.0,2.0,3.0,3.0,2.6666667,3.0,4.0,2.0,3.0,15.0,3.0,4.0,3.0,3.3333333,4.0,4.0,4.0,1.0,0.0,1.0,1.0,2.0,1.0,0.0,0.0,0.0,1.0,,0.0,0,,1.0,4.0,1.0,4.0,1.0,4.0,1.0,2.0,0.0,2.0,0.0,4.0,1.0,3.0,0.0,4.0,1.0,3.0,0.0,3.375,0.625,2.0,0.0,2.0,0.0,4.0,1.0,3.0,0.0,3.0,0.0,4.0,1.0,4.0,1.0,0.0,4.0,1.0,4.0,1.0,4.0,1.0,2.0,0.0,2.0,0.0,4.0,1.0,3.0,0.0,4.0,1.0,2.0,0.0,3.375,0.0,0.0,0.0,0.0,0.0,0.0,0.0,0.0,-1.0,0.0,0.0,0.0,0.0,0.0,0.0,0.0,0.0,0.0,0.0,0.0,,,0.0,1.0,0.0,4
2.0,3.0,4.0,1.0,34.0,1.0,4.0,1.0,0.0,0.0,1.0,0.0,5.0,0.0,0.0,1.0,3.0,3.0,3.0,3.0,2.0,4.0,1.0,2.3333333,0.0,3.0,4.0,4.0,3.6666667,3.0,3.0,3.0,0.0,0.0,1.0,1.0,2.0,0.0,0.0,1.0,1.0,0.0,0.0,,1,0.0,0.0,4.0,1.0,4.0,1.0,3.0,0.0,2.0,0.0,2.0,0.0,3.0,0.0,2.0,0.0,4.0,1.0,3.0,0.0,3.0,0.375,3.0,0.0,3.0,0.0,3.0,0.0,3.0,0.0,3.0,0.0,4.0,1.0,3.0,0.0,0.0,4.0,1.0,4.0,1.0,3.0,0.0,2.0,0.0,2.0,0.0,3.0,0.0,2.0,0.0,4.0,1.0,3.0,0.0,3.0,0.0,0.0,0.0,0.0,0.0,0.0,0.0,0.0,0.0,0.0,0.0,0.0,0.0,0.0,0.0,0.0,0.0,0.0,0.0,0.0,4.0,1.0,0.0,0.0,1.0,2
2.0,3.0,4.0,1.0,33.0,19.0,6.0,4.0,0.0,0.0,1.0,0.0,3.0,0.0,0.0,1.0,2.0,2.0,2.0,2.0,3.0,4.0,3.0,3.3333333,43.0,4.0,4.0,2.0,3.3333333,1.0,3.0,4.0,0.0,1.0,1.0,1.0,2.0,1.0,0.0,1.0,1.0,0.0,0.0,,1,0.0,0.0,5.0,1.0,5.0,1.0,5.0,1.0,2.0,0.0,2.0,0.0,4.0,1.0,4.0,1.0,4.0,1.0,3.0,0.0,3.875,0.75,2.0,0.0,2.0,0.0,2.0,0.0,3.0,0.0,1.0,0.0,5.0,1.0,4.0,1.0,0.0,5.0,1.0,5.0,1.0,5.0,1.0,2.0,0.0,2.0,0.0,4.0,1.0,4.0,1.0,4.0,1.0,3.0,0.0,3.875,0.0,0.0,0.0,0.0,0.0,0.0,0.0,0.0,0.0,0.0,0.0,0.0,0.0,0.0,0.0,0.0,0.0,0.0,0.0,0.0,5.0,1.0,0.0,1.0,1.0,4
1.0,4.0,3.0,2.0,25.0,8.0,2.0,3.0,0.0,0.0,1.0,0.0,8.0,0.0,1.0,0.0,3.0,3.0,3.0,3.0,4.0,4.0,3.0,3.6666667,78.0,3.0,3.0,3.0,3.0,3.0,3.0,3.0,1.0,0.0,0.0,0.0,0.0,0.0,0.0,1.0,1.0,0.0,0.0,,1,1.0,1.0,3.0,0.0,3.0,0.0,3.0,0.0,3.0,0.0,3.0,0.0,2.0,0.0,3.0,0.0,3.0,0.0,4.0,1.0,2.875,0.0,3.0,0.0,4.0,1.0,3.0,0.0,3.0,0.0,3.0,0.0,4.0,1.0,3.0,0.0,0.0,3.0,0.0,3.0,0.0,3.0,0.0,3.0,0.0,4.0,1.0,3.0,0.0,3.0,0.0,3.0,0.0,3.0,0.0,3.125,0.0,0.0,0.0,0.0,1.0,1.0,0.0,0.0,-1.0,0.25,0.0,0.0,0.0,0.0,1.0,0.0,0.0,0.0,-1.0,0.125,,,1.0,1.0,1.0,5
2.0,3.0,1.0,4.0,33.0,20.0,6.0,1.0,0.0,0.0,1.0,0.0,8.0,0.0,1.0,0.0,5.0,5.0,4.0,4.6666665,3.0,4.0,3.0,3.3333333,92.0,5.0,4.0,5.0,4.6666665,3.0,4.0,5.0,1.0,0.0,1.0,1.0,2.0,0.0,0.0,0.0,0.0,1.0,,0.0,0,,1.0,5.0,1.0,4.0,1.0,4.0,1.0,5.0,1.0,4.0,1.0,4.0,1.0,4.0,1.0,4.0,1.0,5.0,1.0,4.25,1.0,4.0,1.0,4.0,1.0,3.0,0.0,5.0,1.0,3.0,0.0,4.0,1.0,4.0,1.0,1.0,4.0,1.0,4.0,1.0,4.0,1.0,4.0,1.0,4.0,1.0,4.0,1.0,4.0,1.0,4.0,1.0,3.0,0.0,4.0,-1.0,0.0,0.0,-1.0,0.0,0.0,0.0,0.0,-2.0,-0.25,0.0,0.0,0.0,0.0,0.0,0.0,0.0,0.0,-1.0,0.0,,,0.0,1.0,1.0,5
3.0,2.0,4.0,1.0,25.0,8.0,4.0,1.0,0.0,0.0,1.0,0.0,1.0,1.0,0.0,0.0,1.0,1.0,1.0,1.0,2.0,2.0,1.0,1.6666666,-99.0,1.0,4.0,4.0,3.0,5.0,4.0,5.0,0.0,1.0,1.0,1.0,2.0,1.0,0.0,0.0,0.0,1.0,,0.0,0,,1.0,5.0,1.0,5.0,1.0,5.0,1.0,5.0,1.0,2.0,0.0,5.0,1.0,4.0,1.0,4.0,1.0,3.0,0.0,4.375,0.875,2.0,0.0,4.0,1.0,3.0,0.0,4.0,1.0,2.0,0.0,4.0,1.0,5.0,1.0,1.0,5.0,1.0,5.0,1.0,5.0,1.0,5.0,1.0,3.0,0.0,5.0,1.0,4.0,1.0,4.0,1.0,4.0,1.0,4.5,0.0,0.0,0.0,0.0,1.0,0.0,0.0,0.0,1.0,0.125,0.0,0.0,0.0,0.0,0.0,0.0,0.0,0.0,1.0,0.0,,,0.0,0.0,0.0,1
2.0,3.0,1.0,4.0,30.0,1.0,5.0,3.0,0.0,0.0,0.0,1.0,1.0,1.0,0.0,0.0,5.0,3.0,4.0,4.0,3.0,4.0,4.0,3.6666667,15.0,5.0,4.0,2.0,3.6666667,4.0,4.0,4.0,0.0,1.0,0.0,0.0,0.0,1.0,0.0,0.0,0.0,1.0,,0.0,0,,1.0,5.0,1.0,5.0,1.0,5.0,1.0,4.0,1.0,5.0,1.0,3.0,0.0,5.0,1.0,3.0,0.0,4.0,1.0,4.375,0.75,5.0,1.0,3.0,0.0,4.0,1.0,5.0,1.0,4.0,1.0,4.0,1.0,4.0,1.0,1.0,3.0,0.0,4.0,1.0,3.0,0.0,5.0,1.0,3.0,0.0,5.0,1.0,4.0,1.0,3.0,0.0,2.0,0.0,3.75,-2.0,-1.0,-2.0,1.0,-2.0,2.0,-1.0,0.0,-2.0,-0.625,-1.0,0.0,-1.0,0.0,-1.0,1.0,0.0,0.0,-1.0,-0.25,,,0.0,1.0,1.0,4
2.0,1.0,3.0,4.0,62.0,14.0,6.0,3.0,0.0,1.0,1.0,0.0,7.0,0.0,1.0,0.0,1.0,2.0,1.0,1.3333334,3.0,4.0,4.0,3.6666667,0.0,3.0,4.0,3.0,3.3333333,1.0,3.0,3.0,1.0,0.0,0.0,0.0,0.0,0.0,0.0,0.0,0.0,1.0,,0.0,0,,1.0,3.0,0.0,3.0,0.0,3.0,0.0,3.0,0.0,3.0,0.0,1.0,0.0,3.0,0.0,3.0,0.0,3.0,0.0,2.75,0.0,4.0,1.0,1.0,0.0,3.0,0.0,4.0,1.0,3.0,0.0,3.0,0.0,3.0,0.0,0.0,3.0,0.0,3.0,0.0,3.0,0.0,3.0,0.0,3.0,0.0,3.0,0.0,3.0,0.0,3.0,0.0,3.0,0.0,3.0,0.0,0.0,0.0,0.0,0.0,2.0,0.0,0.0,0.0,0.25,0.0,0.0,0.0,0.0,0.0,0.0,0.0,0.0,0.0,0.0,,,0.0,0.0,0.0,2
4.0,3.0,1.0,2.0,23.0,19.0,8.0,4.0,0.0,0.0,0.0,0.0,7.0,0.0,1.0,0.0,4.0,3.0,4.0,3.6666667,4.0,3.0,5.0,4.0,-7.0,4.0,3.0,2.0,3.0,3.0,5.0,4.0,0.0,1.0,0.0,0.0,0.0,0.0,0.0,1.0,1.0,0.0,0.0,,1,1.0,1.0,2.0,0.0,3.0,0.0,4.0,1.0,3.0,0.0,3.0,0.0,4.0,1.0,3.0,0.0,2.0,0.0,4.0,1.0,3.0,0.25,4.0,1.0,4.0,1.0,2.0,0.0,2.0,0.0,3.0,0.0,3.0,0.0,3.0,0.0,0.0,2.0,0.0,2.0,0.0,3.0,0.0,3.0,0.0,3.0,0.0,3.0,0.0,2.0,0.0,4.0,1.0,4.0,1.0,2.75,0.0,-1.0,-1.0,0.0,0.0,-1.0,-1.0,2.0,0.0,-0.25,0.0,0.0,-1.0,0.0,0.0,-1.0,0.0,1.0,0.0,-0.125,,,0.0,0.0,0.0,1
4.0,1.0,3.0,2.0,81.0,4.0,2.0,3.0,1.0,1.0,1.0,0.0,5.0,0.0,0.0,1.0,2.0,3.0,2.0,2.3333333,3.0,4.0,3.0,3.3333333,46.0,3.0,4.0,2.0,3.0,3.0,1.0,2.0,1.0,0.0,1.0,0.0,1.0,0.0,0.0,0.0,0.0,1.0,,0.0,0,,1.0,5.0,1.0,4.0,1.0,5.0,1.0,1.0,0.0,3.0,0.0,4.0,1.0,5.0,1.0,4.0,1.0,5.0,1.0,3.875,0.75,3.0,0.0,3.0,0.0,2.0,0.0,4.0,1.0,3.0,0.0,4.0,1.0,5.0,1.0,0.0,5.0,1.0,5.0,1.0,5.0,1.0,1.0,0.0,2.0,0.0,3.0,0.0,4.0,1.0,5.0,1.0,4.0,1.0,3.75,0.0,1.0,0.0,0.0,-1.0,-1.0,-1.0,1.0,-1.0,-0.125,0.0,0.0,0.0,0.0,0.0,-1.0,0.0,0.0,0.0,-0.125,,,0.0,1.0,0.0,4
1.0,3.0,4.0,2.0,25.0,12.0,6.0,2.0,0.0,0.0,0.0,1.0,5.0,0.0,0.0,1.0,4.0,4.0,3.0,3.6666667,4.0,2.0,2.0,2.6666667,1.0,4.0,3.0,4.0,3.6666667,3.0,5.0,3.0,1.0,0.0,0.0,1.0,1.0,0.0,0.0,0.0,0.0,1.0,,0.0,0,,1.0,4.0,1.0,4.0,1.0,2.0,0.0,2.0,0.0,3.0,0.0,4.0,1.0,5.0,1.0,5.0,1.0,4.0,1.0,3.625,0.625,3.0,0.0,3.0,0.0,1.0,0.0,2.0,0.0,1.0,0.0,4.0,1.0,2.0,0.0,1.0,4.0,1.0,3.0,0.0,2.0,0.0,4.0,1.0,2.0,0.0,4.0,1.0,4.0,1.0,1.0,0.0,3.0,0.0,3.0,0.0,-1.0,0.0,2.0,-1.0,0.0,-1.0,-4.0,-1.0,-0.625,0.0,-1.0,0.0,1.0,0.0,0.0,0.0,-1.0,-1.0,-0.125,,,1.0,0.0,1.0,3
1.0,3.0,2.0,4.0,82.0,10.0,2.0,1.0,1.0,1.0,1.0,0.0,2.0,1.0,0.0,0.0,2.0,4.0,2.0,2.6666667,3.0,5.0,3.0,3.6666667,12.0,3.0,4.0,3.0,3.3333333,3.0,3.0,3.0,0.0,1.0,1.0,0.0,1.0,1.0,0.0,0.0,0.0,1.0,,0.0,0,,1.0,4.0,1.0,4.0,1.0,3.0,0.0,3.0,0.0,3.0,0.0,4.0,1.0,3.0,0.0,4.0,1.0,3.0,0.0,3.5,0.5,2.0,0.0,2.0,0.0,3.0,0.0,4.0,1.0,3.0,0.0,4.0,1.0,4.0,1.0,0.0,4.0,1.0,4.0,1.0,3.0,0.0,3.0,0.0,3.0,0.0,4.0,1.0,3.0,0.0,4.0,1.0,4.0,1.0,3.5,0.0,0.0,0.0,0.0,0.0,0.0,0.0,0.0,1.0,0.0,0.0,0.0,0.0,0.0,0.0,0.0,0.0,0.0,1.0,0.0,,,1.0,1.0,1.0,4
3.0,2.0,1.0,4.0,62.0,12.0,4.0,4.0,0.0,1.0,1.0,0.0,1.0,1.0,0.0,0.0,1.0,1.0,1.0,1.0,2.0,4.0,1.0,2.3333333,43.0,4.0,4.0,5.0,4.3333335,5.0,4.0,5.0,0.0,1.0,0.0,0.0,0.0,0.0,0.0,1.0,1.0,0.0,0.0,,1,0.0,0.0,4.0,1.0,4.0,1.0,4.0,1.0,1.0,0.0,2.0,0.0,2.0,0.0,1.0,0.0,1.0,0.0,3.0,0.0,2.375,0.375,2.0,0.0,2.0,0.0,1.0,0.0,4.0,1.0,1.0,0.0,3.0,0.0,2.0,0.0,0.0,1.0,0.0,1.0,0.0,2.0,0.0,1.0,0.0,1.0,0.0,1.0,0.0,1.0,0.0,1.0,0.0,1.0,0.0,1.125,-3.0,-3.0,-2.0,0.0,-1.0,-1.0,0.0,0.0,-2.0,-1.25,-1.0,-1.0,-1.0,0.0,0.0,0.0,0.0,0.0,0.0,-0.375,5.0,1.0,0.0,1.0,0.0,4
3.0,2.0,4.0,1.0,55.0,1.0,2.0,3.0,0.0,1.0,1.0,0.0,7.0,0.0,1.0,0.0,4.0,5.0,1.0,3.3333333,4.0,5.0,5.0,4.6666665,56.0,2.0,4.0,4.0,3.3333333,4.0,2.0,3.0,1.0,0.0,1.0,0.0,1.0,1.0,0.0,0.0,0.0,1.0,,0.0,0,,1.0,3.0,0.0,2.0,0.0,1.0,0.0,1.0,0.0,1.0,0.0,1.0,0.0,1.0,0.0,3.0,0.0,1.0,0.0,1.625,0.0,4.0,1.0,1.0,0.0,1.0,0.0,4.0,1.0,1.0,0.0,4.0,1.0,4.0,1.0,0.0,1.0,0.0,1.0,0.0,1.0,0.0,1.0,0.0,1.0,0.0,1.0,0.0,1.0,0.0,1.0,0.0,1.0,0.0,1.0,-2.0,-1.0,0.0,0.0,0.0,0.0,0.0,-2.0,0.0,-0.625,0.0,0.0,0.0,0.0,0.0,0.0,0.0,0.0,0.0,0.0,,,0.0,1.0,0.0,5
3.0,4.0,1.0,2.0,40.0,5.0,2.0,3.0,0.0,0.0,1.0,0.0,1.0,1.0,0.0,0.0,2.0,4.0,5.0,3.6666667,4.0,5.0,3.0,4.0,79.0,1.0,4.0,2.0,2.3333333,5.0,2.0,5.0,0.0,1.0,1.0,1.0,2.0,1.0,0.0,0.0,0.0,1.0,,0.0,0,,1.0,4.0,1.0,4.0,1.0,4.0,1.0,3.0,0.0,3.0,0.0,4.0,1.0,3.0,0.0,4.0,1.0,4.0,1.0,3.625,0.625,5.0,1.0,5.0,1.0,2.0,0.0,4.0,1.0,4.0,1.0,4.0,1.0,4.0,1.0,0.0,4.0,1.0,4.0,1.0,4.0,1.0,4.0,1.0,4.0,1.0,4.0,1.0,4.0,1.0,4.0,1.0,4.0,1.0,4.0,0.0,0.0,0.0,1.0,1.0,0.0,1.0,0.0,0.0,0.375,0.0,0.0,0.0,1.0,1.0,0.0,1.0,0.0,0.0,0.375,,,0.0,1.0,1.0,5
1.0,3.0,4.0,2.0,64.0,18.0,6.0,3.0,0.0,0.0,1.0,0.0,7.0,0.0,1.0,0.0,2.0,4.0,3.0,3.0,3.0,5.0,1.0,3.0,100.0,5.0,5.0,4.0,4.6666665,3.0,2.0,5.0,1.0,0.0,1.0,1.0,2.0,0.0,0.0,0.0,0.0,1.0,,0.0,0,,1.0,5.0,1.0,5.0,1.0,5.0,1.0,5.0,1.0,5.0,1.0,4.0,1.0,1.0,0.0,3.0,0.0,1.0,0.0,4.125,0.75,1.0,0.0,1.0,0.0,3.0,0.0,4.0,1.0,2.0,0.0,5.0,1.0,5.0,1.0,0.0,5.0,1.0,5.0,1.0,5.0,1.0,5.0,1.0,5.0,1.0,4.0,1.0,1.0,0.0,3.0,0.0,1.0,0.0,4.125,0.0,0.0,0.0,0.0,0.0,0.0,0.0,0.0,0.0,0.0,0.0,0.0,0.0,0.0,0.0,0.0,0.0,0.0,0.0,0.0,,,1.0,1.0,1.0,5
3.0,1.0,4.0,2.0,69.0,20.0,6.0,4.0,1.0,0.0,1.0,0.0,1.0,1.0,0.0,0.0,1.0,1.0,1.0,1.0,3.0,3.0,1.0,2.3333333,-2.0,1.0,4.0,2.0,2.3333333,5.0,4.0,4.0,0.0,1.0,1.0,1.0,2.0,0.0,0.0,0.0,0.0,1.0,,0.0,0,,1.0,5.0,1.0,5.0,1.0,5.0,1.0,2.0,0.0,1.0,0.0,5.0,1.0,5.0,1.0,5.0,1.0,5.0,1.0,4.125,0.75,1.0,0.0,2.0,0.0,5.0,1.0,4.0,1.0,4.0,1.0,5.0,1.0,3.0,0.0,0.0,5.0,1.0,5.0,1.0,5.0,1.0,2.0,0.0,1.0,0.0,5.0,1.0,5.0,1.0,5.0,1.0,5.0,1.0,4.125,0.0,0.0,0.0,0.0,0.0,0.0,0.0,0.0,0.0,0.0,0.0,0.0,0.0,0.0,0.0,0.0,0.0,0.0,0.0,0.0,,,0.0,0.0,0.0,2
4.0,2.0,3.0,1.0,74.0,15.0,4.0,4.0,1.0,1.0,1.0,0.0,1.0,1.0,0.0,0.0,1.0,1.0,1.0,1.0,3.0,5.0,2.0,3.3333333,-1.0,1.0,4.0,2.0,2.3333333,5.0,5.0,5.0,0.0,1.0,1.0,0.0,1.0,1.0,0.0,1.0,1.0,0.0,0.0,,1,0.0,0.0,5.0,1.0,5.0,1.0,4.0,1.0,1.0,0.0,3.0,0.0,4.0,1.0,4.0,1.0,5.0,1.0,3.0,0.0,3.875,0.75,4.0,1.0,2.0,0.0,4.0,1.0,2.0,0.0,4.0,1.0,5.0,1.0,4.0,1.0,0.0,4.0,1.0,5.0,1.0,4.0,1.0,1.0,0.0,1.0,0.0,5.0,1.0,4.0,1.0,5.0,1.0,4.0,1.0,3.625,-1.0,0.0,0.0,0.0,-2.0,1.0,0.0,0.0,1.0,-0.25,0.0,0.0,0.0,0.0,0.0,0.0,0.0,0.0,1.0,0.0,5.0,1.0,0.0,0.0,0.0,2
4.0,2.0,3.0,1.0,74.0,16.0,6.0,3.0,1.0,0.0,1.0,0.0,7.0,0.0,1.0,0.0,4.0,2.0,3.0,3.0,3.0,4.0,4.0,3.6666667,42.0,4.0,4.0,4.0,4.0,2.0,2.0,5.0,1.0,0.0,1.0,1.0,2.0,1.0,0.0,0.0,0.0,1.0,,0.0,0,,1.0,4.0,1.0,4.0,1.0,4.0,1.0,4.0,1.0,4.0,1.0,4.0,1.0,3.0,0.0,4.0,1.0,3.0,0.0,3.875,0.875,3.0,0.0,3.0,0.0,3.0,0.0,2.0,0.0,3.0,0.0,4.0,1.0,4.0,1.0,0.0,4.0,1.0,4.0,1.0,4.0,1.0,4.0,1.0,4.0,1.0,4.0,1.0,3.0,0.0,4.0,1.0,3.0,0.0,3.875,0.0,0.0,0.0,0.0,0.0,0.0,0.0,0.0,0.0,0.0,0.0,0.0,0.0,0.0,0.0,0.0,0.0,0.0,0.0,0.0,,,0.0,1.0,0.0,4
2.0,4.0,3.0,1.0,69.0,6.0,6.0,3.0,1.0,1.0,1.0,0.0,6.0,0.0,0.0,1.0,1.0,1.0,1.0,1.0,3.0,4.0,1.0,2.6666667,100.0,5.0,5.0,4.0,4.6666665,2.0,5.0,5.0,1.0,0.0,1.0,1.0,2.0,0.0,0.0,1.0,1.0,0.0,0.0,,1,0.0,0.0,4.0,1.0,4.0,1.0,4.0,1.0,3.0,0.0,2.0,0.0,3.0,0.0,2.0,0.0,3.0,0.0,2.0,0.0,3.125,0.375,1.0,0.0,4.0,1.0,3.0,0.0,5.0,1.0,4.0,1.0,4.0,1.0,5.0,1.0,0.0,4.0,1.0,5.0,1.0,4.0,1.0,2.0,0.0,3.0,0.0,3.0,0.0,2.0,0.0,3.0,0.0,3.0,0.0,3.25,0.0,1.0,0.0,-1.0,1.0,0.0,0.0,0.0,1.0,0.125,0.0,0.0,0.0,0.0,0.0,0.0,0.0,0.0,0.0,0.0,5.0,1.0,0.0,1.0,1.0,5
2.0,3.0,4.0,1.0,37.0,1.0,2.0,3.0,0.0,0.0,1.0,0.0,1.0,1.0,0.0,0.0,5.0,4.0,4.0,4.3333335,4.0,4.0,3.0,3.6666667,0.0,4.0,5.0,2.0,3.6666667,1.0,1.0,3.0,0.0,1.0,1.0,0.0,1.0,1.0,0.0,1.0,1.0,0.0,0.0,,1,0.0,0.0,1.0,0.0,3.0,0.0,1.0,0.0,1.0,0.0,1.0,0.0,1.0,0.0,1.0,0.0,1.0,0.0,1.0,0.0,1.25,0.0,2.0,0.0,1.0,0.0,1.0,0.0,2.0,0.0,1.0,0.0,3.0,0.0,1.0,0.0,0.0,1.0,0.0,1.0,0.0,1.0,0.0,1.0,0.0,1.0,0.0,1.0,0.0,1.0,0.0,1.0,0.0,1.0,0.0,1.0,0.0,-2.0,0.0,0.0,0.0,0.0,0.0,0.0,0.0,-0.25,0.0,0.0,0.0,0.0,0.0,0.0,0.0,0.0,0.0,0.0,3.0,0.0,0.0,0.0,1.0,2
4.0,2.0,3.0,1.0,63.0,12.0,4.0,3.0,0.0,1.0,1.0,0.0,7.0,0.0,1.0,0.0,1.0,1.0,1.0,1.0,2.0,4.0,2.0,2.6666667,15.0,2.0,4.0,2.0,2.6666667,3.0,4.0,5.0,0.0,1.0,1.0,1.0,2.0,1.0,0.0,0.0,0.0,1.0,,0.0,0,,1.0,5.0,1.0,5.0,1.0,3.0,0.0,3.0,0.0,4.0,1.0,4.0,1.0,4.0,1.0,4.0,1.0,4.0,1.0,4.0,0.75,3.0,0.0,3.0,0.0,4.0,1.0,4.0,1.0,4.0,1.0,4.0,1.0,5.0,1.0,0.0,5.0,1.0,5.0,1.0,3.0,0.0,3.0,0.0,3.0,0.0,4.0,1.0,4.0,1.0,5.0,1.0,4.0,1.0,4.0,0.0,0.0,0.0,0.0,-1.0,0.0,0.0,1.0,0.0,0.0,0.0,0.0,0.0,0.0,-1.0,0.0,0.0,0.0,0.0,-0.125,,,0.0,1.0,0.0,4
3.0,2.0,4.0,1.0,69.0,14.0,7.0,3.0,1.0,1.0,1.0,0.0,7.0,0.0,1.0,0.0,1.0,1.0,1.0,1.0,1.0,4.0,1.0,2.0,42.0,4.0,2.0,4.0,3.3333333,4.0,3.0,5.0,1.0,0.0,1.0,1.0,2.0,0.0,0.0,1.0,1.0,0.0,0.0,,1,0.0,0.0,3.0,0.0,5.0,1.0,4.0,1.0,1.0,0.0,4.0,1.0,4.0,1.0,4.0,1.0,5.0,1.0,3.0,0.0,3.75,0.75,3.0,0.0,3.0,0.0,4.0,1.0,5.0,1.0,2.0,0.0,5.0,1.0,4.0,1.0,0.0,1.0,0.0,5.0,1.0,4.0,1.0,1.0,0.0,2.0,0.0,4.0,1.0,4.0,1.0,5.0,1.0,3.0,0.0,3.25,-2.0,0.0,0.0,0.0,-2.0,0.0,0.0,0.0,0.0,-0.5,0.0,0.0,0.0,0.0,-1.0,0.0,0.0,0.0,0.0,-0.125,5.0,1.0,0.0,1.0,0.0,4
4.0,1.0,3.0,2.0,78.0,11.0,6.0,3.0,1.0,1.0,1.0,0.0,6.0,0.0,0.0,1.0,1.0,3.0,1.0,1.6666666,1.0,3.0,2.0,2.0,40.0,1.0,4.0,2.0,2.3333333,2.0,1.0,5.0,1.0,0.0,1.0,1.0,2.0,0.0,0.0,0.0,0.0,1.0,,0.0,0,,1.0,4.0,1.0,4.0,1.0,4.0,1.0,1.0,0.0,1.0,0.0,3.0,0.0,1.0,0.0,3.0,0.0,4.0,1.0,2.625,0.375,2.0,0.0,2.0,0.0,2.0,0.0,4.0,1.0,2.0,0.0,3.0,0.0,4.0,1.0,0.0,4.0,1.0,4.0,1.0,4.0,1.0,2.0,0.0,1.0,0.0,3.0,0.0,2.0,0.0,3.0,0.0,3.0,0.0,2.875,0.0,0.0,0.0,1.0,0.0,0.0,1.0,0.0,-1.0,0.25,0.0,0.0,0.0,0.0,0.0,0.0,0.0,0.0,-1.0,0.0,,,0.0,1.0,0.0,4
3.0,1.0,4.0,2.0,69.0,5.0,6.0,4.0,1.0,1.0,1.0,0.0,2.0,1.0,0.0,0.0,2.0,4.0,2.0,2.6666667,2.0,1.0,2.0,1.6666666,-24.0,2.0,4.0,4.0,3.3333333,4.0,4.0,4.0,0.0,1.0,1.0,0.0,1.0,1.0,0.0,0.0,0.0,1.0,,0.0,0,,1.0,5.0,1.0,5.0,1.0,3.0,0.0,1.0,0.0,2.0,0.0,4.0,1.0,3.0,0.0,3.0,0.0,3.0,0.0,3.25,0.375,3.0,0.0,2.0,0.0,2.0,0.0,4.0,1.0,2.0,0.0,5.0,1.0,5.0,1.0,0.0,4.0,1.0,4.0,1.0,2.0,0.0,2.0,0.0,2.0,0.0,5.0,1.0,2.0,0.0,2.0,0.0,2.0,0.0,2.875,-1.0,-1.0,-1.0,1.0,0.0,1.0,-1.0,-1.0,-1.0,-0.375,0.0,0.0,0.0,0.0,0.0,0.0,0.0,0.0,0.0,0.0,,,0.0,0.0,0.0,1
1.0,3.0,4.0,2.0,32.0,6.0,6.0,4.0,0.0,1.0,1.0,0.0,7.0,0.0,1.0,0.0,1.0,2.0,2.0,1.6666666,4.0,5.0,4.0,4.3333335,5.0,2.0,5.0,3.0,3.3333333,4.0,3.0,5.0,0.0,0.0,0.0,1.0,1.0,0.0,0.0,0.0,0.0,1.0,,0.0,0,,1.0,5.0,1.0,5.0,1.0,5.0,1.0,2.0,0.0,3.0,0.0,5.0,1.0,4.0,1.0,5.0,1.0,4.0,1.0,4.25,0.75,2.0,0.0,4.0,1.0,4.0,1.0,3.0,0.0,4.0,1.0,5.0,1.0,5.0,1.0,0.0,5.0,1.0,5.0,1.0,5.0,1.0,2.0,0.0,3.0,0.0,5.0,1.0,4.0,1.0,5.0,1.0,4.0,1.0,4.25,0.0,0.0,0.0,0.0,0.0,0.0,0.0,0.0,0.0,0.0,0.0,0.0,0.0,0.0,0.0,0.0,0.0,0.0,0.0,0.0,,,1.0,1.0,1.0,3
1.0,3.0,4.0,2.0,74.0,5.0,6.0,3.0,1.0,1.0,1.0,0.0,1.0,1.0,0.0,0.0,1.0,1.0,1.0,1.0,1.0,1.0,1.0,1.0,13.0,1.0,2.0,3.0,2.0,5.0,3.0,4.0,0.0,1.0,0.0,0.0,0.0,1.0,0.0,1.0,1.0,0.0,0.0,,1,0.0,0.0,5.0,1.0,5.0,1.0,4.0,1.0,1.0,0.0,1.0,0.0,4.0,1.0,2.0,0.0,5.0,1.0,3.0,0.0,3.375,0.625,2.0,0.0,1.0,0.0,2.0,0.0,2.0,0.0,1.0,0.0,4.0,1.0,5.0,1.0,0.0,3.0,0.0,5.0,1.0,1.0,0.0,1.0,0.0,1.0,0.0,4.0,1.0,3.0,0.0,3.0,0.0,3.0,0.0,2.625,-2.0,0.0,-3.0,0.0,0.0,0.0,1.0,-2.0,0.0,-0.75,-1.0,0.0,-1.0,0.0,0.0,0.0,0.0,-1.0,0.0,-0.375,5.0,1.0,1.0,1.0,1.0,4
4.0,2.0,1.0,3.0,62.0,1.0,2.0,3.0,0.0,0.0,0.0,1.0,1.0,1.0,0.0,0.0,1.0,1.0,3.0,1.6666666,3.0,5.0,5.0,4.3333335,-1.0,3.0,3.0,3.0,3.0,3.0,3.0,2.0,0.0,1.0,0.0,0.0,0.0,0.0,0.0,0.0,0.0,1.0,,0.0,0,,1.0,3.0,0.0,3.0,0.0,3.0,0.0,3.0,0.0,3.0,0.0,3.0,0.0,3.0,0.0,3.0,0.0,3.0,0.0,3.0,0.0,1.0,0.0,3.0,0.0,3.0,0.0,3.0,0.0,3.0,0.0,3.0,0.0,3.0,0.0,0.0,3.0,0.0,3.0,0.0,3.0,0.0,3.0,0.0,3.0,0.0,3.0,0.0,3.0,0.0,3.0,0.0,3.0,0.0,3.0,0.0,0.0,0.0,0.0,0.0,0.0,0.0,0.0,0.0,0.0,0.0,0.0,0.0,0.0,0.0,0.0,0.0,0.0,0.0,0.0,,,0.0,0.0,0.0,2
2.0,3.0,4.0,1.0,62.0,2.0,3.0,2.0,0.0,1.0,1.0,0.0,7.0,0.0,1.0,0.0,2.0,2.0,2.0,2.0,3.0,4.0,3.0,3.3333333,-1.0,4.0,4.0,3.0,3.6666667,5.0,4.0,4.0,1.0,0.0,0.0,0.0,0.0,0.0,0.0,0.0,0.0,1.0,,0.0,0,,1.0,5.0,1.0,5.0,1.0,4.0,1.0,2.0,0.0,4.0,1.0,5.0,1.0,4.0,1.0,3.0,0.0,4.0,1.0,4.0,0.75,5.0,1.0,2.0,0.0,3.0,0.0,3.0,0.0,3.0,0.0,5.0,1.0,5.0,1.0,0.0,5.0,1.0,5.0,1.0,5.0,1.0,3.0,0.0,4.0,1.0,5.0,1.0,4.0,1.0,4.0,1.0,4.0,1.0,4.375,0.0,0.0,1.0,1.0,0.0,0.0,0.0,1.0,0.0,0.375,0.0,0.0,0.0,0.0,0.0,0.0,0.0,1.0,0.0,0.125,,,0.0,0.0,1.0,2
3.0,1.0,2.0,4.0,61.0,7.0,5.0,3.0,0.0,0.0,1.0,0.0,8.0,0.0,1.0,0.0,1.0,1.0,1.0,1.0,4.0,4.0,4.0,4.0,-2.0,3.0,5.0,4.0,4.0,3.0,3.0,5.0,1.0,0.0,0.0,1.0,1.0,0.0,0.0,1.0,1.0,0.0,0.0,,1,0.0,0.0,4.0,1.0,3.0,0.0,1.0,0.0,3.0,0.0,1.0,0.0,3.0,0.0,1.0,0.0,3.0,0.0,3.0,0.0,2.375,0.125,4.0,1.0,3.0,0.0,1.0,0.0,2.0,0.0,1.0,0.0,3.0,0.0,4.0,1.0,0.0,1.0,0.0,1.0,0.0,1.0,0.0,1.0,0.0,1.0,0.0,1.0,0.0,1.0,0.0,1.0,0.0,1.0,0.0,1.0,-3.0,-2.0,0.0,-2.0,0.0,-2.0,0.0,-2.0,-2.0,-1.375,-1.0,0.0,0.0,0.0,0.0,0.0,0.0,0.0,0.0,-0.125,3.0,0.0,0.0,0.0,0.0,2
4.0,3.0,2.0,1.0,80.0,9.0,7.0,3.0,1.0,1.0,1.0,0.0,8.0,0.0,1.0,0.0,2.0,3.0,1.0,2.0,2.0,5.0,1.0,2.6666667,90.0,5.0,4.0,4.0,4.3333335,1.0,2.0,5.0,1.0,0.0,0.0,0.0,0.0,0.0,0.0,0.0,0.0,1.0,,0.0,0,,1.0,1.0,0.0,4.0,1.0,4.0,1.0,3.0,0.0,2.0,0.0,3.0,0.0,1.0,0.0,2.0,0.0,4.0,1.0,2.5,0.25,1.0,0.0,3.0,0.0,3.0,0.0,4.0,1.0,2.0,0.0,3.0,0.0,5.0,1.0,0.0,3.0,0.0,2.0,0.0,4.0,1.0,2.0,0.0,2.0,0.0,2.0,0.0,1.0,0.0,2.0,0.0,3.0,0.0,2.25,2.0,-2.0,0.0,-1.0,0.0,-1.0,0.0,0.0,-1.0,-0.25,0.0,-1.0,0.0,0.0,0.0,0.0,0.0,0.0,-1.0,-0.125,,,0.0,1.0,0.0,5
4.0,1.0,2.0,3.0,70.0,3.0,4.0,4.0,1.0,0.0,1.0,0.0,2.0,1.0,0.0,0.0,1.0,3.0,3.0,2.3333333,3.0,3.0,1.0,2.3333333,0.0,1.0,2.0,2.0,1.6666666,3.0,5.0,4.0,0.0,1.0,1.0,0.0,1.0,0.0,0.0,1.0,1.0,0.0,0.0,,1,0.0,0.0,4.0,1.0,4.0,1.0,4.0,1.0,4.0,1.0,3.0,0.0,3.0,0.0,4.0,1.0,3.0,0.0,4.0,1.0,3.625,0.625,1.0,0.0,3.0,0.0,4.0,1.0,2.0,0.0,3.0,0.0,4.0,1.0,5.0,1.0,0.0,4.0,1.0,4.0,1.0,4.0,1.0,3.0,0.0,3.0,0.0,3.0,0.0,3.0,0.0,3.0,0.0,4.0,1.0,3.375,0.0,0.0,0.0,-1.0,0.0,0.0,-1.0,0.0,0.0,-0.25,0.0,0.0,0.0,-1.0,0.0,0.0,-1.0,0.0,0.0,-0.25,5.0,1.0,0.0,0.0,0.0,2
3.0,1.0,4.0,2.0,48.0,1.0,6.0,1.0,0.0,1.0,1.0,0.0,1.0,1.0,0.0,0.0,1.0,1.0,1.0,1.0,3.0,5.0,1.0,3.0,-40.0,4.0,4.0,2.0,3.3333333,4.0,5.0,4.0,0.0,1.0,0.0,0.0,0.0,0.0,0.0,0.0,0.0,1.0,,0.0,0,,1.0,4.0,1.0,4.0,1.0,3.0,0.0,2.0,0.0,4.0,1.0,4.0,1.0,4.0,1.0,4.0,1.0,4.0,1.0,3.625,0.75,3.0,0.0,3.0,0.0,5.0,1.0,4.0,1.0,4.0,1.0,5.0,1.0,5.0,1.0,0.0,4.0,1.0,4.0,1.0,3.0,0.0,3.0,0.0,5.0,1.0,4.0,1.0,3.0,0.0,4.0,1.0,4.0,1.0,3.75,0.0,0.0,0.0,1.0,1.0,0.0,-1.0,0.0,0.0,0.125,0.0,0.0,0.0,0.0,0.0,0.0,-1.0,0.0,0.0,-0.125,,,0.0,0.0,0.0,1
3.0,1.0,4.0,2.0,62.0,14.0,4.0,4.0,0.0,1.0,1.0,0.0,8.0,0.0,1.0,0.0,3.0,4.0,3.0,3.3333333,4.0,3.0,2.0,3.0,62.0,4.0,2.0,3.0,3.0,3.0,4.0,5.0,1.0,0.0,1.0,0.0,1.0,1.0,0.0,0.0,0.0,1.0,,0.0,0,,1.0,4.0,1.0,3.0,0.0,4.0,1.0,1.0,0.0,2.0,0.0,3.0,0.0,2.0,0.0,4.0,1.0,3.0,0.0,2.875,0.375,2.0,0.0,2.0,0.0,3.0,0.0,3.0,0.0,3.0,0.0,4.0,1.0,4.0,1.0,1.0,3.0,0.0,4.0,1.0,4.0,1.0,2.0,0.0,2.0,0.0,3.0,0.0,2.0,0.0,4.0,1.0,3.0,0.0,3.0,-1.0,1.0,0.0,1.0,0.0,0.0,0.0,0.0,0.0,0.125,-1.0,1.0,0.0,0.0,0.0,0.0,0.0,0.0,0.0,0.0,,,0.0,1.0,0.0,5
4.0,1.0,2.0,3.0,82.0,14.0,7.0,2.0,1.0,0.0,1.0,0.0,7.0,0.0,1.0,0.0,2.0,2.0,2.0,2.0,3.0,4.0,4.0,3.6666667,90.0,5.0,4.0,3.0,4.0,4.0,2.0,4.0,1.0,0.0,1.0,0.0,1.0,0.0,0.0,0.0,0.0,1.0,,0.0,0,,1.0,4.0,1.0,4.0,1.0,4.0,1.0,1.0,0.0,2.0,0.0,4.0,1.0,3.0,0.0,3.0,0.0,4.0,1.0,3.125,0.5,3.0,0.0,2.0,0.0,4.0,1.0,4.0,1.0,3.0,0.0,4.0,1.0,3.0,0.0,1.0,4.0,1.0,3.0,0.0,3.0,0.0,1.0,0.0,2.0,0.0,4.0,1.0,4.0,1.0,4.0,1.0,3.0,0.0,3.125,0.0,-1.0,-1.0,0.0,0.0,0.0,1.0,1.0,-1.0,0.0,0.0,-1.0,-1.0,0.0,0.0,0.0,1.0,1.0,-1.0,0.0,,,0.0,1.0,0.0,5
3.0,2.0,4.0,1.0,57.0,5.0,4.0,4.0,0.0,1.0,1.0,0.0,5.0,0.0,0.0,1.0,4.0,2.0,2.0,2.6666667,2.0,4.0,2.0,2.6666667,38.0,4.0,4.0,3.0,3.6666667,3.0,3.0,5.0,0.0,1.0,1.0,1.0,2.0,1.0,0.0,1.0,1.0,0.0,0.0,,1,1.0,1.0,5.0,1.0,5.0,1.0,5.0,1.0,4.0,1.0,2.0,0.0,4.0,1.0,3.0,0.0,5.0,1.0,4.0,1.0,4.125,0.75,3.0,0.0,4.0,1.0,4.0,1.0,3.0,0.0,4.0,1.0,5.0,1.0,5.0,1.0,0.0,5.0,1.0,5.0,1.0,5.0,1.0,4.0,1.0,2.0,0.0,4.0,1.0,3.0,0.0,5.0,1.0,5.0,1.0,4.125,0.0,0.0,0.0,0.0,0.0,0.0,0.0,0.0,1.0,0.0,0.0,0.0,0.0,0.0,0.0,0.0,0.0,0.0,0.0,0.0,,,0.0,1.0,0.0,4
4.0,3.0,1.0,2.0,65.0,1.0,4.0,3.0,0.0,1.0,1.0,0.0,7.0,0.0,1.0,0.0,2.0,2.0,1.0,1.6666666,5.0,5.0,5.0,5.0,49.0,2.0,3.0,4.0,3.0,5.0,4.0,2.0,1.0,0.0,0.0,0.0,0.0,0.0,0.0,0.0,0.0,1.0,,0.0,0,,1.0,3.0,0.0,3.0,0.0,4.0,1.0,1.0,0.0,1.0,0.0,1.0,0.0,1.0,0.0,4.0,1.0,2.0,0.0,2.25,0.25,4.0,1.0,2.0,0.0,2.0,0.0,4.0,1.0,2.0,0.0,3.0,0.0,3.0,0.0,1.0,5.0,1.0,5.0,1.0,5.0,1.0,1.0,0.0,1.0,0.0,5.0,1.0,1.0,0.0,4.0,1.0,1.0,0.0,3.375,2.0,2.0,1.0,0.0,0.0,4.0,0.0,0.0,-1.0,1.125,1.0,1.0,0.0,0.0,0.0,1.0,0.0,0.0,0.0,0.375,,,0.0,1.0,0.0,4
4.0,3.0,2.0,1.0,71.0,6.0,3.0,1.0,1.0,0.0,0.0,0.0,8.0,0.0,1.0,0.0,2.0,2.0,2.0,2.0,4.0,4.0,4.0,4.0,0.0,2.0,4.0,2.0,2.6666667,5.0,4.0,5.0,1.0,0.0,1.0,0.0,1.0,1.0,0.0,1.0,1.0,0.0,0.0,,1,1.0,1.0,5.0,1.0,5.0,1.0,5.0,1.0,5.0,1.0,5.0,1.0,5.0,1.0,5.0,1.0,3.0,0.0,5.0,1.0,4.75,0.875,4.0,1.0,4.0,1.0,5.0,1.0,5.0,1.0,5.0,1.0,5.0,1.0,5.0,1.0,1.0,5.0,1.0,5.0,1.0,5.0,1.0,5.0,1.0,5.0,1.0,5.0,1.0,5.0,1.0,5.0,1.0,5.0,1.0,5.0,0.0,0.0,0.0,0.0,0.0,0.0,0.0,2.0,0.0,0.25,0.0,0.0,0.0,0.0,0.0,0.0,0.0,1.0,0.0,0.125,,,0.0,0.0,0.0,2
4.0,3.0,2.0,1.0,56.0,20.0,6.0,2.0,0.0,0.0,1.0,0.0,1.0,1.0,0.0,0.0,2.0,2.0,1.0,1.6666666,1.0,5.0,1.0,2.3333333,100.0,4.0,2.0,2.0,2.6666667,5.0,2.0,4.0,0.0,1.0,1.0,1.0,2.0,1.0,0.0,0.0,0.0,1.0,,0.0,0,,1.0,5.0,1.0,5.0,1.0,5.0,1.0,1.0,0.0,1.0,0.0,5.0,1.0,5.0,1.0,5.0,1.0,5.0,1.0,4.0,0.75,1.0,0.0,3.0,0.0,5.0,1.0,1.0,0.0,5.0,1.0,5.0,1.0,5.0,1.0,1.0,5.0,1.0,5.0,1.0,5.0,1.0,1.0,0.0,1.0,0.0,5.0,1.0,5.0,1.0,5.0,1.0,5.0,1.0,4.0,0.0,0.0,0.0,0.0,0.0,0.0,0.0,0.0,0.0,0.0,0.0,0.0,0.0,0.0,0.0,0.0,0.0,0.0,0.0,0.0,,,0.0,1.0,0.0,5
3.0,2.0,4.0,1.0,61.0,6.0,7.0,2.0,0.0,0.0,1.0,0.0,7.0,0.0,1.0,0.0,3.0,3.0,3.0,3.0,3.0,4.0,2.0,3.0,98.0,5.0,3.0,4.0,4.0,3.0,4.0,5.0,1.0,0.0,1.0,1.0,2.0,0.0,0.0,0.0,0.0,1.0,,0.0,0,,1.0,3.0,0.0,5.0,1.0,5.0,1.0,2.0,0.0,2.0,0.0,4.0,1.0,3.0,0.0,4.0,1.0,3.0,0.0,3.5,0.5,2.0,0.0,4.0,1.0,4.0,1.0,4.0,1.0,2.0,0.0,3.0,0.0,4.0,1.0,0.0,4.0,1.0,5.0,1.0,5.0,1.0,1.0,0.0,1.0,0.0,4.0,1.0,3.0,0.0,3.0,0.0,3.0,0.0,3.25,1.0,0.0,0.0,-1.0,-1.0,0.0,0.0,-1.0,0.0,-0.25,1.0,0.0,0.0,0.0,0.0,0.0,0.0,-1.0,0.0,0.0,,,0.0,1.0,0.0,5
2.0,3.0,4.0,1.0,57.0,19.0,6.0,3.0,0.0,0.0,1.0,0.0,4.0,0.0,0.0,1.0,2.0,3.0,2.0,2.3333333,3.0,4.0,2.0,3.0,100.0,3.0,3.0,2.0,2.6666667,2.0,2.0,4.0,0.0,1.0,1.0,1.0,2.0,0.0,0.0,1.0,1.0,0.0,0.0,,1,1.0,1.0,3.0,0.0,3.0,0.0,3.0,0.0,3.0,0.0,2.0,0.0,3.0,0.0,3.0,0.0,3.0,0.0,3.0,0.0,2.875,0.0,3.0,0.0,2.0,0.0,2.0,0.0,3.0,0.0,3.0,0.0,3.0,0.0,2.0,0.0,0.0,3.0,0.0,3.0,0.0,3.0,0.0,2.0,0.0,2.0,0.0,3.0,0.0,3.0,0.0,3.0,0.0,3.0,0.0,2.75,0.0,0.0,0.0,-1.0,0.0,0.0,0.0,0.0,0.0,-0.125,0.0,0.0,0.0,0.0,0.0,0.0,0.0,0.0,0.0,0.0,,,0.0,1.0,1.0,5
1.0,3.0,2.0,4.0,57.0,24.0,8.0,4.0,0.0,0.0,1.0,0.0,1.0,1.0,0.0,0.0,1.0,5.0,5.0,3.6666667,3.0,1.0,1.0,1.6666666,-88.0,1.0,1.0,1.0,1.0,5.0,1.0,4.0,0.0,1.0,1.0,1.0,2.0,0.0,0.0,1.0,1.0,0.0,0.0,,1,1.0,1.0,5.0,1.0,5.0,1.0,5.0,1.0,1.0,0.0,5.0,1.0,5.0,1.0,5.0,1.0,5.0,1.0,5.0,1.0,4.5,0.875,4.0,1.0,1.0,0.0,1.0,0.0,1.0,0.0,1.0,0.0,5.0,1.0,5.0,1.0,0.0,5.0,1.0,5.0,1.0,5.0,1.0,1.0,0.0,1.0,0.0,5.0,1.0,5.0,1.0,5.0,1.0,5.0,1.0,4.0,0.0,0.0,0.0,0.0,-4.0,0.0,0.0,0.0,0.0,-0.5,0.0,0.0,0.0,0.0,-1.0,0.0,0.0,0.0,0.0,-0.125,,,1.0,0.0,1.0,1
3.0,2.0,4.0,1.0,28.0,1.0,6.0,4.0,0.0,1.0,1.0,0.0,2.0,1.0,0.0,0.0,2.0,1.0,1.0,1.3333334,4.0,4.0,2.0,3.3333333,97.0,4.0,5.0,4.0,4.3333335,5.0,2.0,5.0,0.0,1.0,1.0,1.0,2.0,1.0,0.0,0.0,0.0,1.0,,0.0,0,,1.0,5.0,1.0,5.0,1.0,3.0,0.0,4.0,1.0,3.0,0.0,5.0,1.0,5.0,1.0,5.0,1.0,4.0,1.0,4.375,0.75,4.0,1.0,4.0,1.0,4.0,1.0,4.0,1.0,3.0,0.0,5.0,1.0,5.0,1.0,1.0,5.0,1.0,5.0,1.0,3.0,0.0,4.0,1.0,3.0,0.0,5.0,1.0,4.0,1.0,5.0,1.0,4.0,1.0,4.25,0.0,0.0,0.0,0.0,0.0,0.0,-1.0,0.0,0.0,-0.125,0.0,0.0,0.0,0.0,0.0,0.0,0.0,0.0,0.0,0.0,,,0.0,1.0,0.0,5
4.0,2.0,3.0,1.0,59.0,2.0,3.0,2.0,0.0,0.0,1.0,0.0,7.0,0.0,1.0,0.0,1.0,3.0,2.0,2.0,4.0,5.0,2.0,3.6666667,1.0,3.0,4.0,4.0,3.6666667,4.0,2.0,3.0,1.0,0.0,0.0,0.0,0.0,1.0,0.0,0.0,0.0,1.0,,0.0,0,,1.0,4.0,1.0,4.0,1.0,4.0,1.0,2.0,0.0,4.0,1.0,3.0,0.0,2.0,0.0,3.0,0.0,2.0,0.0,3.25,0.5,5.0,1.0,3.0,0.0,2.0,0.0,1.0,0.0,3.0,0.0,4.0,1.0,4.0,1.0,0.0,5.0,1.0,4.0,1.0,4.0,1.0,3.0,0.0,4.0,1.0,3.0,0.0,3.0,0.0,4.0,1.0,4.0,1.0,3.75,1.0,0.0,0.0,1.0,0.0,0.0,1.0,1.0,2.0,0.5,0.0,0.0,0.0,0.0,0.0,0.0,0.0,1.0,1.0,0.125,,,0.0,0.0,0.0,3
4.0,3.0,1.0,2.0,32.0,14.0,6.0,3.0,0.0,0.0,1.0,0.0,1.0,1.0,0.0,0.0,2.0,3.0,3.0,2.6666667,3.0,2.0,4.0,3.0,-44.0,3.0,4.0,3.0,3.3333333,3.0,2.0,4.0,0.0,1.0,0.0,1.0,1.0,1.0,0.0,0.0,0.0,1.0,,0.0,0,,1.0,4.0,1.0,4.0,1.0,4.0,1.0,3.0,0.0,4.0,1.0,3.0,0.0,4.0,1.0,4.0,1.0,4.0,1.0,3.75,0.75,2.0,0.0,4.0,1.0,4.0,1.0,4.0,1.0,3.0,0.0,3.0,0.0,3.0,0.0,0.0,2.0,0.0,4.0,1.0,4.0,1.0,4.0,1.0,4.0,1.0,4.0,1.0,4.0,1.0,4.0,1.0,4.0,1.0,3.75,-2.0,0.0,0.0,1.0,0.0,1.0,0.0,0.0,0.0,0.0,-1.0,0.0,0.0,1.0,0.0,1.0,0.0,0.0,0.0,0.125,,,0.0,0.0,0.0,1
4.0,1.0,2.0,3.0,30.0,1.0,5.0,3.0,0.0,0.0,0.0,1.0,1.0,1.0,0.0,0.0,5.0,5.0,5.0,5.0,5.0,5.0,5.0,5.0,0.0,5.0,5.0,1.0,3.6666667,5.0,5.0,5.0,0.0,1.0,1.0,0.0,1.0,0.0,0.0,0.0,0.0,1.0,,0.0,0,,1.0,3.0,0.0,3.0,0.0,3.0,0.0,3.0,0.0,3.0,0.0,3.0,0.0,3.0,0.0,3.0,0.0,3.0,0.0,3.0,0.0,4.0,1.0,3.0,0.0,3.0,0.0,3.0,0.0,3.0,0.0,3.0,0.0,3.0,0.0,0.0,5.0,1.0,5.0,1.0,5.0,1.0,5.0,1.0,5.0,1.0,5.0,1.0,5.0,1.0,5.0,1.0,5.0,1.0,5.0,2.0,2.0,2.0,2.0,2.0,2.0,2.0,2.0,2.0,2.0,1.0,1.0,1.0,1.0,1.0,1.0,1.0,1.0,1.0,1.0,,,0.0,0.0,0.0,2
3.0,1.0,4.0,2.0,79.0,19.0,4.0,2.0,1.0,1.0,1.0,0.0,2.0,1.0,0.0,0.0,2.0,3.0,3.0,2.6666667,3.0,3.0,4.0,3.3333333,-3.0,2.0,4.0,3.0,3.0,4.0,2.0,5.0,0.0,0.0,1.0,0.0,1.0,1.0,0.0,0.0,0.0,1.0,,0.0,0,,1.0,5.0,1.0,5.0,1.0,3.0,0.0,3.0,0.0,1.0,0.0,1.0,0.0,1.0,0.0,3.0,0.0,1.0,0.0,2.75,0.25,5.0,1.0,1.0,0.0,1.0,0.0,3.0,0.0,1.0,0.0,4.0,1.0,5.0,1.0,0.0,5.0,1.0,5.0,1.0,1.0,0.0,1.0,0.0,1.0,0.0,1.0,0.0,1.0,0.0,3.0,0.0,1.0,0.0,2.25,0.0,0.0,-2.0,-2.0,0.0,0.0,0.0,0.0,0.0,-0.5,0.0,0.0,0.0,0.0,0.0,0.0,0.0,0.0,0.0,0.0,,,0.0,0.0,0.0,2
3.0,1.0,2.0,4.0,60.0,1.0,2.0,4.0,0.0,0.0,0.0,1.0,1.0,1.0,0.0,0.0,4.0,2.0,4.0,3.3333333,5.0,5.0,4.0,4.6666665,-1.0,2.0,1.0,1.0,1.3333334,5.0,3.0,5.0,0.0,1.0,0.0,0.0,0.0,0.0,0.0,0.0,0.0,1.0,,0.0,0,,1.0,5.0,1.0,5.0,1.0,4.0,1.0,2.0,0.0,4.0,1.0,3.0,0.0,3.0,0.0,5.0,1.0,5.0,1.0,3.875,0.625,5.0,1.0,2.0,0.0,4.0,1.0,4.0,1.0,4.0,1.0,5.0,1.0,5.0,1.0,0.0,5.0,1.0,5.0,1.0,4.0,1.0,2.0,0.0,4.0,1.0,3.0,0.0,3.0,0.0,5.0,1.0,5.0,1.0,3.875,0.0,0.0,0.0,0.0,0.0,0.0,0.0,0.0,0.0,0.0,0.0,0.0,0.0,0.0,0.0,0.0,0.0,0.0,0.0,0.0,,,0.0,0.0,0.0,2
3.0,1.0,4.0,2.0,52.0,19.0,7.0,4.0,0.0,1.0,1.0,0.0,7.0,0.0,1.0,0.0,4.0,4.0,1.0,3.0,4.0,4.0,1.0,3.0,3.0,5.0,5.0,4.0,4.6666665,4.0,2.0,4.0,1.0,0.0,0.0,1.0,1.0,0.0,0.0,0.0,0.0,1.0,,0.0,0,,1.0,2.0,0.0,2.0,0.0,2.0,0.0,2.0,0.0,2.0,0.0,2.0,0.0,2.0,0.0,2.0,0.0,2.0,0.0,2.0,0.0,4.0,1.0,1.0,0.0,2.0,0.0,5.0,1.0,3.0,0.0,5.0,1.0,5.0,1.0,0.0,4.0,1.0,3.0,0.0,2.0,0.0,2.0,0.0,2.0,0.0,2.0,0.0,4.0,1.0,4.0,1.0,2.0,0.0,2.875,2.0,1.0,0.0,0.0,0.0,0.0,2.0,2.0,0.0,0.875,1.0,0.0,0.0,0.0,0.0,0.0,1.0,1.0,0.0,0.375,,,0.0,1.0,0.0,3
3.0,2.0,4.0,1.0,59.0,19.0,6.0,3.0,0.0,0.0,1.0,0.0,8.0,0.0,1.0,0.0,4.0,4.0,2.0,3.3333333,2.0,3.0,3.0,2.6666667,79.0,3.0,4.0,3.0,3.3333333,1.0,2.0,5.0,1.0,0.0,1.0,1.0,2.0,1.0,0.0,1.0,1.0,0.0,0.0,,1,1.0,1.0,4.0,1.0,4.0,1.0,5.0,1.0,1.0,0.0,1.0,0.0,2.0,0.0,2.0,0.0,3.0,0.0,1.0,0.0,2.75,0.375,2.0,0.0,2.0,0.0,2.0,0.0,2.0,0.0,2.0,0.0,4.0,1.0,4.0,1.0,0.0,4.0,1.0,5.0,1.0,4.0,1.0,1.0,0.0,1.0,0.0,2.0,0.0,2.0,0.0,4.0,1.0,1.0,0.0,2.875,0.0,1.0,-1.0,0.0,0.0,0.0,0.0,1.0,0.0,0.125,0.0,0.0,0.0,0.0,0.0,0.0,0.0,1.0,0.0,0.125,,,0.0,1.0,0.0,5
4.0,1.0,2.0,3.0,37.0,5.0,6.0,2.0,0.0,1.0,1.0,0.0,1.0,1.0,0.0,0.0,3.0,2.0,2.0,2.3333333,4.0,4.0,4.0,4.0,-46.0,3.0,4.0,3.0,3.3333333,4.0,4.0,5.0,0.0,1.0,0.0,1.0,1.0,0.0,0.0,1.0,1.0,0.0,0.0,,1,1.0,1.0,4.0,1.0,4.0,1.0,5.0,1.0,4.0,1.0,5.0,1.0,5.0,1.0,4.0,1.0,5.0,1.0,5.0,1.0,4.5,1.0,2.0,0.0,2.0,0.0,5.0,1.0,5.0,1.0,5.0,1.0,5.0,1.0,5.0,1.0,1.0,4.0,1.0,5.0,1.0,4.0,1.0,5.0,1.0,4.0,1.0,5.0,1.0,4.0,1.0,4.0,1.0,4.0,1.0,4.375,0.0,1.0,-1.0,1.0,-1.0,0.0,0.0,-1.0,-1.0,-0.125,0.0,0.0,0.0,0.0,0.0,0.0,0.0,0.0,0.0,0.0,,,0.0,0.0,0.0,1
3.0,1.0,4.0,2.0,61.0,20.0,8.0,2.0,0.0,0.0,1.0,0.0,3.0,0.0,0.0,1.0,2.0,2.0,2.0,2.0,2.0,2.0,3.0,2.3333333,54.0,4.0,2.0,2.0,2.6666667,3.0,2.0,4.0,0.0,1.0,1.0,1.0,2.0,0.0,0.0,1.0,1.0,0.0,0.0,,1,0.0,0.0,3.0,0.0,4.0,1.0,3.0,0.0,2.0,0.0,1.0,0.0,3.0,0.0,2.0,0.0,3.0,0.0,2.0,0.0,2.625,0.125,1.0,0.0,2.0,0.0,3.0,0.0,3.0,0.0,3.0,0.0,4.0,1.0,2.0,0.0,0.0,4.0,1.0,1.0,0.0,1.0,0.0,1.0,0.0,1.0,0.0,1.0,0.0,1.0,0.0,1.0,0.0,1.0,0.0,1.375,1.0,-3.0,-2.0,-1.0,0.0,-2.0,-1.0,-2.0,-1.0,-1.25,1.0,-1.0,0.0,0.0,0.0,0.0,0.0,0.0,0.0,0.0,4.0,1.0,0.0,1.0,0.0,5
4.0,2.0,3.0,1.0,51.0,7.0,2.0,1.0,0.0,1.0,1.0,0.0,8.0,0.0,1.0,0.0,3.0,3.0,3.0,3.0,4.0,5.0,4.0,4.3333335,91.0,3.0,4.0,3.0,3.3333333,4.0,4.0,3.0,1.0,0.0,0.0,0.0,0.0,0.0,0.0,1.0,1.0,0.0,0.0,,1,1.0,1.0,3.0,0.0,3.0,0.0,3.0,0.0,4.0,1.0,3.0,0.0,2.0,0.0,2.0,0.0,3.0,0.0,3.0,0.0,2.875,0.125,2.0,0.0,3.0,0.0,3.0,0.0,4.0,1.0,3.0,0.0,4.0,1.0,4.0,1.0,0.0,3.0,0.0,4.0,1.0,3.0,0.0,4.0,1.0,4.0,1.0,2.0,0.0,2.0,0.0,4.0,1.0,3.0,0.0,3.25,0.0,1.0,0.0,0.0,1.0,0.0,0.0,1.0,0.0,0.375,0.0,1.0,0.0,0.0,1.0,0.0,0.0,1.0,0.0,0.375,,,0.0,1.0,0.0,5
2.0,3.0,4.0,1.0,41.0,16.0,5.0,3.0,0.0,0.0,1.0,0.0,8.0,0.0,1.0,0.0,2.0,3.0,3.0,2.6666667,4.0,5.0,4.0,4.3333335,88.0,5.0,5.0,5.0,5.0,2.0,3.0,4.0,1.0,0.0,1.0,1.0,2.0,1.0,0.0,0.0,0.0,1.0,,0.0,0,,1.0,5.0,1.0,4.0,1.0,5.0,1.0,5.0,1.0,5.0,1.0,5.0,1.0,3.0,0.0,4.0,1.0,3.0,0.0,4.5,0.875,3.0,0.0,3.0,0.0,2.0,0.0,5.0,1.0,5.0,1.0,5.0,1.0,4.0,1.0,0.0,4.0,1.0,3.0,0.0,5.0,1.0,5.0,1.0,5.0,1.0,5.0,1.0,3.0,0.0,5.0,1.0,3.0,0.0,4.375,-1.0,-1.0,0.0,0.0,0.0,0.0,0.0,1.0,0.0,-0.125,0.0,-1.0,0.0,0.0,0.0,0.0,0.0,0.0,0.0,-0.125,,,0.0,1.0,1.0,5
3.0,2.0,4.0,1.0,59.0,3.0,4.0,2.0,0.0,0.0,1.0,0.0,3.0,0.0,0.0,1.0,5.0,5.0,5.0,5.0,3.0,4.0,1.0,2.6666667,25.0,4.0,4.0,3.0,3.6666667,5.0,5.0,2.0,0.0,1.0,1.0,1.0,2.0,0.0,0.0,0.0,0.0,1.0,,0.0,0,,1.0,4.0,1.0,4.0,1.0,2.0,0.0,3.0,0.0,3.0,0.0,4.0,1.0,3.0,0.0,5.0,1.0,4.0,1.0,3.5,0.5,3.0,0.0,2.0,0.0,4.0,1.0,4.0,1.0,5.0,1.0,4.0,1.0,3.0,0.0,0.0,4.0,1.0,4.0,1.0,2.0,0.0,4.0,1.0,3.0,0.0,4.0,1.0,3.0,0.0,4.0,1.0,4.0,1.0,3.5,0.0,0.0,0.0,1.0,0.0,0.0,0.0,-1.0,0.0,0.0,0.0,0.0,0.0,1.0,0.0,0.0,0.0,0.0,0.0,0.125,,,0.0,1.0,0.0,4
3.0,2.0,4.0,1.0,61.0,19.0,4.0,1.0,0.0,1.0,1.0,0.0,5.0,0.0,0.0,1.0,2.0,2.0,2.0,2.0,3.0,4.0,2.0,3.0,-14.0,4.0,4.0,4.0,4.0,2.0,2.0,3.0,1.0,0.0,0.0,0.0,0.0,0.0,0.0,0.0,0.0,1.0,,0.0,0,,1.0,3.0,0.0,4.0,1.0,4.0,1.0,3.0,0.0,2.0,0.0,2.0,0.0,2.0,0.0,3.0,0.0,2.0,0.0,2.875,0.25,3.0,0.0,2.0,0.0,3.0,0.0,3.0,0.0,3.0,0.0,4.0,1.0,3.0,0.0,0.0,4.0,1.0,4.0,1.0,4.0,1.0,2.0,0.0,2.0,0.0,2.0,0.0,2.0,0.0,3.0,0.0,3.0,0.0,2.875,1.0,0.0,0.0,-1.0,0.0,0.0,0.0,0.0,1.0,0.0,1.0,0.0,0.0,0.0,0.0,0.0,0.0,0.0,0.0,0.125,,,0.0,0.0,0.0,1
2.0,3.0,4.0,1.0,64.0,19.0,6.0,2.0,0.0,0.0,1.0,0.0,8.0,0.0,1.0,0.0,1.0,4.0,1.0,2.0,5.0,5.0,5.0,5.0,100.0,5.0,5.0,5.0,5.0,1.0,1.0,5.0,1.0,0.0,1.0,0.0,1.0,1.0,0.0,1.0,1.0,0.0,0.0,,1,0.0,0.0,4.0,1.0,5.0,1.0,4.0,1.0,4.0,1.0,1.0,0.0,1.0,0.0,1.0,0.0,5.0,1.0,5.0,1.0,3.125,0.625,3.0,0.0,2.0,0.0,5.0,1.0,5.0,1.0,4.0,1.0,5.0,1.0,5.0,1.0,0.0,5.0,1.0,5.0,1.0,4.0,1.0,2.0,0.0,1.0,0.0,1.0,0.0,2.0,0.0,5.0,1.0,4.0,1.0,3.125,1.0,0.0,0.0,-2.0,0.0,0.0,1.0,0.0,-1.0,0.0,0.0,0.0,0.0,-1.0,0.0,0.0,0.0,0.0,0.0,-0.125,4.0,1.0,0.0,1.0,1.0,5
3.0,1.0,4.0,2.0,39.0,20.0,6.0,3.0,0.0,1.0,1.0,0.0,8.0,0.0,1.0,0.0,2.0,1.0,1.0,1.3333334,4.0,5.0,4.0,4.3333335,0.0,2.0,2.0,5.0,3.0,2.0,2.0,4.0,1.0,0.0,0.0,1.0,1.0,0.0,0.0,0.0,0.0,1.0,,0.0,0,,1.0,5.0,1.0,5.0,1.0,5.0,1.0,4.0,1.0,2.0,0.0,5.0,1.0,3.0,0.0,5.0,1.0,2.0,0.0,4.25,0.75,2.0,0.0,5.0,1.0,4.0,1.0,4.0,1.0,2.0,0.0,5.0,1.0,5.0,1.0,1.0,5.0,1.0,5.0,1.0,5.0,1.0,4.0,1.0,2.0,0.0,5.0,1.0,2.0,0.0,5.0,1.0,2.0,0.0,4.125,0.0,0.0,0.0,0.0,0.0,0.0,-1.0,0.0,0.0,-0.125,0.0,0.0,0.0,0.0,0.0,0.0,0.0,0.0,0.0,0.0,,,0.0,0.0,0.0,2
3.0,2.0,4.0,1.0,57.0,18.0,6.0,2.0,0.0,1.0,0.0,0.0,5.0,0.0,0.0,1.0,1.0,2.0,3.0,2.0,4.0,5.0,5.0,4.6666665,100.0,5.0,3.0,5.0,4.3333335,1.0,4.0,5.0,1.0,0.0,1.0,1.0,2.0,0.0,0.0,1.0,1.0,0.0,0.0,,1,0.0,0.0,5.0,1.0,5.0,1.0,2.0,0.0,2.0,0.0,1.0,0.0,2.0,0.0,2.0,0.0,5.0,1.0,2.0,0.0,3.0,0.375,3.0,0.0,1.0,0.0,3.0,0.0,4.0,1.0,3.0,0.0,5.0,1.0,4.0,1.0,1.0,4.0,1.0,5.0,1.0,2.0,0.0,1.0,0.0,1.0,0.0,2.0,0.0,2.0,0.0,5.0,1.0,2.0,0.0,2.75,-1.0,0.0,0.0,-1.0,0.0,0.0,0.0,0.0,0.0,-0.25,0.0,0.0,0.0,0.0,0.0,0.0,0.0,0.0,0.0,0.0,5.0,1.0,0.0,1.0,0.0,5
2.0,3.0,4.0,1.0,54.0,11.0,6.0,3.0,0.0,1.0,1.0,0.0,6.0,0.0,0.0,1.0,3.0,3.0,2.0,2.6666667,3.0,3.0,2.0,2.6666667,25.0,4.0,3.0,2.0,3.0,3.0,2.0,4.0,1.0,0.0,1.0,1.0,2.0,1.0,0.0,1.0,1.0,0.0,0.0,,1,1.0,1.0,2.0,0.0,3.0,0.0,2.0,0.0,3.0,0.0,2.0,0.0,2.0,0.0,2.0,0.0,2.0,0.0,2.0,0.0,2.25,0.0,3.0,0.0,2.0,0.0,1.0,0.0,2.0,0.0,2.0,0.0,2.0,0.0,3.0,0.0,0.0,3.0,0.0,3.0,0.0,4.0,1.0,4.0,1.0,3.0,0.0,3.0,0.0,2.0,0.0,3.0,0.0,3.0,0.0,3.125,1.0,0.0,2.0,1.0,1.0,1.0,0.0,1.0,1.0,0.875,0.0,0.0,1.0,1.0,0.0,0.0,0.0,0.0,0.0,0.25,,,0.0,1.0,1.0,4
3.0,1.0,4.0,2.0,20.0,3.0,4.0,3.0,0.0,1.0,1.0,0.0,3.0,0.0,0.0,1.0,2.0,2.0,2.0,2.0,2.0,5.0,3.0,3.3333333,-45.0,3.0,3.0,2.0,2.6666667,4.0,4.0,2.0,0.0,1.0,1.0,0.0,1.0,1.0,0.0,0.0,0.0,1.0,,0.0,0,,1.0,4.0,1.0,4.0,1.0,2.0,0.0,3.0,0.0,3.0,0.0,5.0,1.0,3.0,0.0,4.0,1.0,2.0,0.0,3.5,0.5,4.0,1.0,3.0,0.0,4.0,1.0,3.0,0.0,4.0,1.0,5.0,1.0,5.0,1.0,0.0,5.0,1.0,5.0,1.0,2.0,0.0,5.0,1.0,4.0,1.0,5.0,1.0,4.0,1.0,5.0,1.0,4.0,1.0,4.375,1.0,1.0,0.0,2.0,1.0,0.0,1.0,1.0,2.0,0.875,0.0,0.0,0.0,1.0,1.0,0.0,1.0,0.0,1.0,0.375,,,0.0,0.0,0.0,1
2.0,4.0,1.0,3.0,64.0,10.0,4.0,2.0,0.0,0.0,1.0,0.0,1.0,1.0,0.0,0.0,4.0,2.0,2.0,2.6666667,4.0,4.0,4.0,4.0,9.0,2.0,2.0,2.0,2.0,3.0,2.0,5.0,0.0,1.0,1.0,1.0,2.0,1.0,0.0,1.0,1.0,0.0,0.0,,1,1.0,1.0,5.0,1.0,4.0,1.0,5.0,1.0,2.0,0.0,2.0,0.0,4.0,1.0,4.0,1.0,3.0,0.0,2.0,0.0,3.625,0.625,2.0,0.0,2.0,0.0,2.0,0.0,2.0,0.0,3.0,0.0,4.0,1.0,4.0,1.0,1.0,4.0,1.0,4.0,1.0,5.0,1.0,2.0,0.0,2.0,0.0,4.0,1.0,4.0,1.0,4.0,1.0,4.0,1.0,3.625,-1.0,0.0,0.0,0.0,0.0,0.0,0.0,1.0,2.0,0.0,0.0,0.0,0.0,0.0,0.0,0.0,0.0,1.0,1.0,0.125,,,0.0,1.0,1.0,4
3.0,2.0,4.0,1.0,55.0,22.0,8.0,1.0,0.0,1.0,0.0,0.0,2.0,1.0,0.0,0.0,1.0,3.0,2.0,2.0,3.0,3.0,2.0,2.6666667,0.0,3.0,3.0,3.0,3.0,5.0,4.0,5.0,0.0,1.0,1.0,1.0,2.0,1.0,0.0,1.0,1.0,0.0,0.0,,1,1.0,1.0,5.0,1.0,5.0,1.0,5.0,1.0,2.0,0.0,2.0,0.0,5.0,1.0,5.0,1.0,4.0,1.0,4.0,1.0,4.125,0.75,2.0,0.0,3.0,0.0,4.0,1.0,3.0,0.0,4.0,1.0,5.0,1.0,4.0,1.0,0.0,5.0,1.0,5.0,1.0,5.0,1.0,2.0,0.0,2.0,0.0,5.0,1.0,5.0,1.0,4.0,1.0,4.0,1.0,4.125,0.0,0.0,0.0,0.0,0.0,0.0,0.0,0.0,0.0,0.0,0.0,0.0,0.0,0.0,0.0,0.0,0.0,0.0,0.0,0.0,,,0.0,0.0,0.0,2
4.0,3.0,2.0,1.0,54.0,15.0,7.0,3.0,0.0,0.0,1.0,0.0,8.0,0.0,1.0,0.0,3.0,3.0,3.0,3.0,1.0,3.0,2.0,2.0,28.0,4.0,5.0,5.0,4.6666665,2.0,1.0,5.0,1.0,0.0,1.0,1.0,2.0,1.0,0.0,0.0,0.0,1.0,,0.0,0,,1.0,3.0,0.0,3.0,0.0,3.0,0.0,1.0,0.0,1.0,0.0,1.0,0.0,1.0,0.0,3.0,0.0,1.0,0.0,2.0,0.0,3.0,0.0,1.0,0.0,1.0,0.0,1.0,0.0,1.0,0.0,3.0,0.0,3.0,0.0,0.0,1.0,0.0,1.0,0.0,1.0,0.0,1.0,0.0,1.0,0.0,1.0,0.0,1.0,0.0,3.0,0.0,1.0,0.0,1.25,-2.0,-2.0,-2.0,0.0,0.0,0.0,0.0,0.0,0.0,-0.75,0.0,0.0,0.0,0.0,0.0,0.0,0.0,0.0,0.0,0.0,,,0.0,1.0,0.0,4
4.0,2.0,3.0,1.0,58.0,21.0,7.0,1.0,0.0,1.0,1.0,0.0,2.0,1.0,0.0,0.0,1.0,3.0,1.0,1.6666666,3.0,5.0,1.0,3.0,1.0,2.0,1.0,1.0,1.3333334,4.0,4.0,5.0,0.0,1.0,1.0,1.0,2.0,0.0,0.0,0.0,0.0,1.0,,0.0,0,,1.0,5.0,1.0,5.0,1.0,5.0,1.0,1.0,0.0,1.0,0.0,5.0,1.0,4.0,1.0,5.0,1.0,5.0,1.0,3.875,0.75,1.0,0.0,2.0,0.0,4.0,1.0,4.0,1.0,2.0,0.0,5.0,1.0,5.0,1.0,1.0,5.0,1.0,5.0,1.0,5.0,1.0,1.0,0.0,1.0,0.0,5.0,1.0,4.0,1.0,5.0,1.0,5.0,1.0,3.875,0.0,0.0,0.0,0.0,0.0,0.0,0.0,0.0,0.0,0.0,0.0,0.0,0.0,0.0,0.0,0.0,0.0,0.0,0.0,0.0,,,0.0,0.0,0.0,3
3.0,4.0,2.0,1.0,70.0,3.0,2.0,4.0,1.0,0.0,1.0,0.0,1.0,1.0,0.0,0.0,2.0,2.0,2.0,2.0,5.0,3.0,2.0,3.3333333,8.0,4.0,4.0,3.0,3.6666667,3.0,4.0,3.0,0.0,1.0,0.0,0.0,0.0,1.0,0.0,0.0,0.0,1.0,,0.0,0,,1.0,4.0,1.0,4.0,1.0,3.0,0.0,3.0,0.0,3.0,0.0,3.0,0.0,3.0,0.0,2.0,0.0,4.0,1.0,3.125,0.25,3.0,0.0,2.0,0.0,4.0,1.0,5.0,1.0,3.0,0.0,2.0,0.0,4.0,1.0,1.0,4.0,1.0,4.0,1.0,4.0,1.0,4.0,1.0,4.0,1.0,3.0,0.0,4.0,1.0,4.0,1.0,4.0,1.0,3.875,0.0,0.0,1.0,1.0,1.0,0.0,1.0,2.0,0.0,0.75,0.0,0.0,1.0,1.0,1.0,0.0,1.0,1.0,0.0,0.625,,,0.0,1.0,1.0,3
4.0,2.0,3.0,1.0,32.0,9.0,2.0,2.0,0.0,0.0,1.0,0.0,8.0,0.0,1.0,0.0,3.0,4.0,3.0,3.3333333,3.0,4.0,4.0,3.6666667,23.0,4.0,4.0,3.0,3.6666667,3.0,4.0,5.0,1.0,0.0,0.0,0.0,0.0,0.0,0.0,0.0,0.0,1.0,,0.0,0,,1.0,4.0,1.0,4.0,1.0,3.0,0.0,4.0,1.0,4.0,1.0,3.0,0.0,2.0,0.0,4.0,1.0,4.0,1.0,3.5,0.625,4.0,1.0,4.0,1.0,4.0,1.0,3.0,0.0,4.0,1.0,4.0,1.0,4.0,1.0,0.0,4.0,1.0,4.0,1.0,4.0,1.0,4.0,1.0,4.0,1.0,3.0,0.0,2.0,0.0,4.0,1.0,4.0,1.0,3.625,0.0,0.0,1.0,0.0,0.0,0.0,0.0,0.0,0.0,0.125,0.0,0.0,1.0,0.0,0.0,0.0,0.0,0.0,0.0,0.125,,,0.0,1.0,0.0,4
1.0,3.0,4.0,2.0,69.0,23.0,5.0,2.0,1.0,1.0,1.0,0.0,8.0,0.0,1.0,0.0,2.0,3.0,2.0,2.3333333,4.0,4.0,3.0,3.6666667,100.0,5.0,5.0,4.0,4.6666665,1.0,3.0,5.0,1.0,0.0,1.0,1.0,2.0,1.0,0.0,1.0,1.0,0.0,0.0,,1,1.0,1.0,3.0,0.0,1.0,0.0,3.0,0.0,1.0,0.0,1.0,0.0,4.0,1.0,2.0,0.0,4.0,1.0,1.0,0.0,2.375,0.25,2.0,0.0,1.0,0.0,2.0,0.0,2.0,0.0,2.0,0.0,2.0,0.0,4.0,1.0,0.0,4.0,1.0,1.0,0.0,3.0,0.0,1.0,0.0,1.0,0.0,4.0,1.0,2.0,0.0,4.0,1.0,2.0,0.0,2.5,1.0,0.0,0.0,0.0,0.0,0.0,0.0,0.0,1.0,0.125,1.0,0.0,0.0,0.0,0.0,0.0,0.0,0.0,0.0,0.125,,,1.0,1.0,1.0,5
4.0,1.0,2.0,3.0,18.0,19.0,1.0,3.0,0.0,0.0,1.0,0.0,7.0,0.0,1.0,0.0,3.0,3.0,3.0,3.0,4.0,4.0,2.0,3.3333333,0.0,3.0,2.0,3.0,2.6666667,4.0,3.0,3.0,1.0,0.0,1.0,1.0,2.0,1.0,0.0,0.0,0.0,1.0,,0.0,0,,1.0,4.0,1.0,4.0,1.0,2.0,0.0,2.0,0.0,3.0,0.0,3.0,0.0,3.0,0.0,3.0,0.0,2.0,0.0,3.0,0.25,3.0,0.0,3.0,0.0,3.0,0.0,3.0,0.0,3.0,0.0,4.0,1.0,4.0,1.0,0.0,5.0,1.0,4.0,1.0,3.0,0.0,2.0,0.0,3.0,0.0,3.0,0.0,3.0,0.0,4.0,1.0,2.0,0.0,3.375,1.0,0.0,1.0,0.0,0.0,0.0,0.0,1.0,0.0,0.375,0.0,0.0,0.0,0.0,0.0,0.0,0.0,1.0,0.0,0.125,,,0.0,0.0,0.0,2
3.0,1.0,4.0,2.0,61.0,2.0,2.0,2.0,0.0,0.0,1.0,0.0,1.0,1.0,0.0,0.0,2.0,3.0,2.0,2.3333333,2.0,3.0,1.0,2.0,-87.0,3.0,4.0,2.0,3.0,5.0,4.0,4.0,0.0,1.0,1.0,1.0,2.0,1.0,0.0,1.0,1.0,0.0,0.0,,1,0.0,0.0,5.0,1.0,5.0,1.0,4.0,1.0,3.0,0.0,3.0,0.0,4.0,1.0,4.0,1.0,5.0,1.0,5.0,1.0,4.125,0.75,4.0,1.0,3.0,0.0,4.0,1.0,2.0,0.0,4.0,1.0,3.0,0.0,4.0,1.0,1.0,5.0,1.0,5.0,1.0,4.0,1.0,3.0,0.0,2.0,0.0,4.0,1.0,5.0,1.0,5.0,1.0,5.0,1.0,4.125,0.0,0.0,0.0,0.0,-1.0,0.0,1.0,0.0,0.0,0.0,0.0,0.0,0.0,0.0,0.0,0.0,0.0,0.0,0.0,0.0,5.0,1.0,0.0,0.0,0.0,1
1.0,3.0,4.0,2.0,39.0,1.0,6.0,3.0,0.0,1.0,0.0,1.0,1.0,1.0,0.0,0.0,2.0,1.0,3.0,2.0,2.0,4.0,3.0,3.0,-69.0,2.0,4.0,4.0,3.3333333,5.0,4.0,5.0,0.0,1.0,1.0,1.0,2.0,1.0,0.0,0.0,0.0,1.0,,0.0,0,,1.0,4.0,1.0,4.0,1.0,4.0,1.0,1.0,0.0,2.0,0.0,4.0,1.0,4.0,1.0,5.0,1.0,1.0,0.0,3.5,0.75,2.0,0.0,2.0,0.0,4.0,1.0,4.0,1.0,2.0,0.0,1.0,0.0,4.0,1.0,0.0,5.0,1.0,5.0,1.0,5.0,1.0,4.0,1.0,4.0,1.0,5.0,1.0,5.0,1.0,5.0,1.0,4.0,1.0,4.75,1.0,1.0,1.0,3.0,2.0,1.0,1.0,0.0,3.0,1.25,0.0,0.0,0.0,1.0,1.0,0.0,0.0,0.0,1.0,0.25,,,1.0,0.0,1.0,1
2.0,3.0,4.0,1.0,80.0,14.0,2.0,2.0,1.0,1.0,1.0,0.0,3.0,0.0,0.0,1.0,1.0,2.0,1.0,1.3333334,4.0,2.0,2.0,2.6666667,0.0,2.0,4.0,3.0,3.0,2.0,2.0,4.0,0.0,1.0,0.0,0.0,0.0,0.0,0.0,0.0,0.0,1.0,,0.0,0,,1.0,4.0,1.0,4.0,1.0,2.0,0.0,2.0,0.0,2.0,0.0,3.0,0.0,2.0,0.0,2.0,0.0,2.0,0.0,2.625,0.25,4.0,1.0,2.0,0.0,4.0,1.0,3.0,0.0,2.0,0.0,4.0,1.0,4.0,1.0,0.0,4.0,1.0,4.0,1.0,2.0,0.0,2.0,0.0,2.0,0.0,3.0,0.0,2.0,0.0,4.0,1.0,2.0,0.0,2.875,0.0,0.0,0.0,0.0,0.0,0.0,0.0,2.0,0.0,0.25,0.0,0.0,0.0,0.0,0.0,0.0,0.0,1.0,0.0,0.125,,,0.0,0.0,1.0,2
3.0,2.0,4.0,1.0,67.0,19.0,6.0,2.0,1.0,0.0,1.0,0.0,2.0,1.0,0.0,0.0,2.0,1.0,3.0,2.0,3.0,4.0,4.0,3.6666667,-9.0,4.0,1.0,3.0,2.6666667,4.0,3.0,5.0,0.0,1.0,0.0,0.0,0.0,1.0,0.0,0.0,0.0,1.0,,0.0,0,,1.0,5.0,1.0,5.0,1.0,1.0,0.0,2.0,0.0,3.0,0.0,4.0,1.0,4.0,1.0,3.0,0.0,3.0,0.0,3.375,0.5,2.0,0.0,4.0,1.0,4.0,1.0,3.0,0.0,4.0,1.0,4.0,1.0,1.0,0.0,0.0,5.0,1.0,5.0,1.0,1.0,0.0,1.0,0.0,1.0,0.0,4.0,1.0,4.0,1.0,3.0,0.0,4.0,1.0,3.0,0.0,0.0,0.0,-1.0,-2.0,0.0,0.0,0.0,1.0,-0.375,0.0,0.0,0.0,0.0,0.0,0.0,0.0,0.0,1.0,0.0,,,0.0,0.0,0.0,1
1.0,4.0,2.0,3.0,45.0,3.0,1.0,3.0,0.0,1.0,0.0,1.0,8.0,0.0,1.0,0.0,5.0,3.0,4.0,4.0,5.0,5.0,5.0,5.0,0.0,5.0,1.0,1.0,2.3333333,5.0,3.0,3.0,1.0,0.0,0.0,1.0,1.0,0.0,0.0,1.0,1.0,0.0,0.0,,1,1.0,1.0,3.0,0.0,3.0,0.0,3.0,0.0,3.0,0.0,3.0,0.0,3.0,0.0,3.0,0.0,3.0,0.0,3.0,0.0,3.0,0.0,2.0,0.0,3.0,0.0,4.0,1.0,5.0,1.0,4.0,1.0,4.0,1.0,3.0,0.0,0.0,5.0,1.0,5.0,1.0,5.0,1.0,5.0,1.0,5.0,1.0,5.0,1.0,5.0,1.0,5.0,1.0,5.0,1.0,5.0,2.0,2.0,2.0,2.0,2.0,2.0,2.0,2.0,2.0,2.0,1.0,1.0,1.0,1.0,1.0,1.0,1.0,1.0,1.0,1.0,,,1.0,0.0,1.0,2
3.0,2.0,4.0,1.0,64.0,19.0,7.0,3.0,0.0,1.0,1.0,0.0,4.0,0.0,0.0,1.0,3.0,3.0,1.0,2.3333333,1.0,2.0,1.0,1.3333334,0.0,1.0,4.0,2.0,2.3333333,3.0,1.0,4.0,0.0,1.0,1.0,0.0,1.0,0.0,0.0,1.0,1.0,0.0,0.0,,1,0.0,0.0,3.0,0.0,4.0,1.0,3.0,0.0,1.0,0.0,1.0,0.0,5.0,1.0,3.0,0.0,4.0,1.0,1.0,0.0,3.0,0.375,2.0,0.0,2.0,0.0,1.0,0.0,4.0,1.0,2.0,0.0,4.0,1.0,3.0,0.0,0.0,1.0,0.0,4.0,1.0,3.0,0.0,1.0,0.0,1.0,0.0,5.0,1.0,1.0,0.0,3.0,0.0,1.0,0.0,2.375,-2.0,0.0,0.0,0.0,0.0,0.0,-2.0,-1.0,0.0,-0.625,0.0,0.0,0.0,0.0,0.0,0.0,0.0,-1.0,0.0,-0.125,4.0,1.0,0.0,0.0,0.0,2
3.0,1.0,4.0,2.0,58.0,11.0,6.0,3.0,0.0,0.0,1.0,0.0,6.0,0.0,0.0,1.0,3.0,3.0,3.0,3.0,4.0,5.0,4.0,4.3333335,50.0,4.0,4.0,4.0,4.0,3.0,4.0,5.0,0.0,0.0,1.0,1.0,2.0,1.0,0.0,1.0,1.0,0.0,0.0,,1,1.0,1.0,4.0,1.0,5.0,1.0,3.0,0.0,2.0,0.0,2.0,0.0,3.0,0.0,3.0,0.0,4.0,1.0,3.0,0.0,3.25,0.375,3.0,0.0,3.0,0.0,4.0,1.0,3.0,0.0,4.0,1.0,5.0,1.0,5.0,1.0,0.0,5.0,1.0,5.0,1.0,4.0,1.0,2.0,0.0,2.0,0.0,4.0,1.0,4.0,1.0,5.0,1.0,4.0,1.0,3.875,1.0,0.0,1.0,0.0,0.0,1.0,1.0,1.0,1.0,0.625,0.0,0.0,1.0,0.0,0.0,1.0,1.0,0.0,1.0,0.375,,,0.0,1.0,0.0,4
2.0,1.0,4.0,3.0,39.0,21.0,7.0,1.0,0.0,0.0,0.0,1.0,4.0,0.0,0.0,1.0,5.0,4.0,3.0,4.0,3.0,2.0,2.0,2.3333333,-20.0,2.0,5.0,3.0,3.3333333,5.0,2.0,5.0,0.0,1.0,1.0,1.0,2.0,1.0,0.0,0.0,0.0,1.0,,0.0,0,,1.0,4.0,1.0,5.0,1.0,1.0,0.0,2.0,0.0,1.0,0.0,4.0,1.0,2.0,0.0,4.0,1.0,2.0,0.0,2.875,0.5,3.0,0.0,1.0,0.0,2.0,0.0,1.0,0.0,1.0,0.0,2.0,0.0,4.0,1.0,0.0,5.0,1.0,5.0,1.0,2.0,0.0,2.0,0.0,1.0,0.0,4.0,1.0,2.0,0.0,4.0,1.0,2.0,0.0,3.125,1.0,0.0,1.0,0.0,0.0,0.0,0.0,0.0,0.0,0.25,0.0,0.0,0.0,0.0,0.0,0.0,0.0,0.0,0.0,0.0,,,0.0,0.0,0.0,1
3.0,2.0,1.0,4.0,71.0,16.0,6.0,3.0,1.0,0.0,1.0,0.0,5.0,0.0,0.0,1.0,4.0,4.0,3.0,3.6666667,4.0,4.0,4.0,4.0,48.0,5.0,4.0,3.0,4.0,1.0,2.0,5.0,1.0,0.0,1.0,1.0,2.0,1.0,0.0,0.0,0.0,1.0,,0.0,0,,1.0,4.0,1.0,4.0,1.0,1.0,0.0,1.0,0.0,1.0,0.0,2.0,0.0,2.0,0.0,4.0,1.0,2.0,0.0,2.375,0.375,3.0,0.0,2.0,0.0,2.0,0.0,5.0,1.0,2.0,0.0,4.0,1.0,4.0,1.0,0.0,4.0,1.0,4.0,1.0,1.0,0.0,1.0,0.0,1.0,0.0,2.0,0.0,2.0,0.0,4.0,1.0,2.0,0.0,2.375,0.0,0.0,0.0,0.0,0.0,0.0,0.0,0.0,0.0,0.0,0.0,0.0,0.0,0.0,0.0,0.0,0.0,0.0,0.0,0.0,,,0.0,1.0,0.0,4
4.0,3.0,2.0,1.0,59.0,6.0,4.0,3.0,0.0,0.0,0.0,1.0,2.0,1.0,0.0,0.0,2.0,2.0,2.0,2.0,4.0,5.0,2.0,3.6666667,-8.0,2.0,4.0,1.0,2.3333333,5.0,4.0,5.0,0.0,1.0,1.0,1.0,2.0,1.0,0.0,0.0,0.0,1.0,,0.0,0,,1.0,5.0,1.0,5.0,1.0,4.0,1.0,1.0,0.0,1.0,0.0,4.0,1.0,4.0,1.0,5.0,1.0,4.0,1.0,3.625,0.75,1.0,0.0,2.0,0.0,4.0,1.0,4.0,1.0,4.0,1.0,5.0,1.0,5.0,1.0,0.0,5.0,1.0,5.0,1.0,5.0,1.0,1.0,0.0,1.0,0.0,5.0,1.0,4.0,1.0,5.0,1.0,5.0,1.0,3.875,0.0,0.0,1.0,0.0,0.0,1.0,0.0,0.0,1.0,0.25,0.0,0.0,0.0,0.0,0.0,0.0,0.0,0.0,0.0,0.0,,,0.0,0.0,0.0,1
3.0,4.0,2.0,1.0,42.0,13.0,5.0,2.0,0.0,1.0,1.0,0.0,5.0,0.0,0.0,1.0,3.0,2.0,1.0,2.0,4.0,4.0,2.0,3.3333333,1.0,3.0,3.0,3.0,3.0,5.0,4.0,3.0,1.0,0.0,1.0,1.0,2.0,0.0,0.0,1.0,1.0,0.0,0.0,,1,0.0,0.0,4.0,1.0,3.0,0.0,3.0,0.0,3.0,0.0,4.0,1.0,4.0,1.0,3.0,0.0,3.0,0.0,3.0,0.0,3.375,0.375,3.0,0.0,4.0,1.0,4.0,1.0,3.0,0.0,3.0,0.0,3.0,0.0,3.0,0.0,0.0,3.0,0.0,3.0,0.0,3.0,0.0,3.0,0.0,3.0,0.0,3.0,0.0,3.0,0.0,3.0,0.0,3.0,0.0,3.0,-1.0,0.0,0.0,0.0,-1.0,-1.0,0.0,0.0,0.0,-0.375,-1.0,0.0,0.0,0.0,-1.0,-1.0,0.0,0.0,0.0,-0.375,4.0,1.0,0.0,0.0,1.0,3
2.0,3.0,4.0,1.0,63.0,2.0,2.0,1.0,0.0,0.0,1.0,0.0,7.0,0.0,1.0,0.0,3.0,3.0,3.0,3.0,3.0,4.0,4.0,3.6666667,66.0,2.0,2.0,4.0,2.6666667,3.0,2.0,5.0,1.0,0.0,1.0,1.0,2.0,1.0,0.0,1.0,1.0,0.0,0.0,,1,0.0,0.0,3.0,0.0,4.0,1.0,4.0,1.0,2.0,0.0,2.0,0.0,1.0,0.0,3.0,0.0,4.0,1.0,3.0,0.0,2.875,0.375,3.0,0.0,3.0,0.0,3.0,0.0,2.0,0.0,2.0,0.0,5.0,1.0,5.0,1.0,0.0,4.0,1.0,4.0,1.0,5.0,1.0,2.0,0.0,1.0,0.0,2.0,0.0,2.0,0.0,5.0,1.0,3.0,0.0,3.125,1.0,0.0,1.0,0.0,-1.0,1.0,-1.0,1.0,0.0,0.25,1.0,0.0,0.0,0.0,0.0,0.0,0.0,0.0,0.0,0.125,4.0,1.0,0.0,1.0,1.0,5
4.0,1.0,3.0,2.0,40.0,3.0,4.0,3.0,0.0,0.0,1.0,0.0,1.0,1.0,0.0,0.0,2.0,3.0,2.0,2.3333333,4.0,5.0,4.0,4.3333335,43.0,2.0,1.0,4.0,2.3333333,4.0,5.0,4.0,0.0,1.0,0.0,1.0,1.0,1.0,0.0,0.0,0.0,1.0,,0.0,0,,1.0,5.0,1.0,5.0,1.0,5.0,1.0,2.0,0.0,4.0,1.0,5.0,1.0,5.0,1.0,5.0,1.0,4.0,1.0,4.5,0.875,4.0,1.0,4.0,1.0,5.0,1.0,2.0,0.0,2.0,0.0,5.0,1.0,5.0,1.0,0.0,5.0,1.0,5.0,1.0,5.0,1.0,2.0,0.0,4.0,1.0,5.0,1.0,5.0,1.0,5.0,1.0,4.0,1.0,4.5,0.0,0.0,0.0,0.0,0.0,0.0,0.0,0.0,0.0,0.0,0.0,0.0,0.0,0.0,0.0,0.0,0.0,0.0,0.0,0.0,,,0.0,1.0,0.0,4
4.0,2.0,1.0,3.0,58.0,11.0,2.0,2.0,0.0,0.0,1.0,0.0,6.0,0.0,0.0,1.0,3.0,4.0,3.0,3.3333333,2.0,4.0,2.0,2.6666667,80.0,3.0,4.0,3.0,3.3333333,4.0,2.0,4.0,1.0,0.0,0.0,1.0,1.0,0.0,0.0,0.0,0.0,1.0,,0.0,0,,1.0,3.0,0.0,3.0,0.0,3.0,0.0,3.0,0.0,2.0,0.0,2.0,0.0,2.0,0.0,4.0,1.0,3.0,0.0,2.75,0.125,2.0,0.0,2.0,0.0,2.0,0.0,2.0,0.0,2.0,0.0,3.0,0.0,3.0,0.0,0.0,4.0,1.0,4.0,1.0,4.0,1.0,3.0,0.0,3.0,0.0,3.0,0.0,3.0,0.0,4.0,1.0,4.0,1.0,3.5,1.0,1.0,1.0,0.0,1.0,1.0,1.0,0.0,1.0,0.75,1.0,1.0,1.0,0.0,0.0,0.0,0.0,0.0,1.0,0.375,,,0.0,1.0,0.0,5
4.0,3.0,2.0,1.0,34.0,6.0,4.0,2.0,0.0,0.0,1.0,0.0,7.0,0.0,1.0,0.0,4.0,4.0,3.0,3.6666667,4.0,5.0,5.0,4.6666665,-33.0,5.0,4.0,2.0,3.6666667,5.0,5.0,5.0,1.0,0.0,1.0,1.0,2.0,0.0,0.0,0.0,0.0,1.0,,0.0,0,,1.0,4.0,1.0,4.0,1.0,2.0,0.0,2.0,0.0,3.0,0.0,3.0,0.0,1.0,0.0,4.0,1.0,2.0,0.0,2.875,0.375,3.0,0.0,4.0,1.0,4.0,1.0,5.0,1.0,3.0,0.0,4.0,1.0,5.0,1.0,0.0,5.0,1.0,5.0,1.0,1.0,0.0,1.0,0.0,3.0,0.0,1.0,0.0,1.0,0.0,5.0,1.0,5.0,1.0,2.75,1.0,1.0,-1.0,-1.0,0.0,-2.0,0.0,1.0,3.0,-0.125,0.0,0.0,0.0,0.0,0.0,0.0,0.0,0.0,1.0,0.0,,,0.0,0.0,0.0,1
2.0,1.0,4.0,3.0,62.0,3.0,4.0,4.0,0.0,0.0,1.0,0.0,8.0,0.0,1.0,0.0,1.0,1.0,1.0,1.0,5.0,5.0,5.0,5.0,35.0,5.0,5.0,5.0,5.0,5.0,4.0,5.0,0.0,1.0,1.0,1.0,2.0,0.0,0.0,0.0,0.0,1.0,,0.0,0,,1.0,5.0,1.0,5.0,1.0,5.0,1.0,5.0,1.0,4.0,1.0,5.0,1.0,4.0,1.0,5.0,1.0,5.0,1.0,4.75,1.0,5.0,1.0,5.0,1.0,4.0,1.0,5.0,1.0,4.0,1.0,5.0,1.0,5.0,1.0,1.0,5.0,1.0,5.0,1.0,5.0,1.0,5.0,1.0,5.0,1.0,5.0,1.0,4.0,1.0,5.0,1.0,5.0,1.0,4.875,0.0,0.0,0.0,0.0,1.0,0.0,0.0,0.0,0.0,0.125,0.0,0.0,0.0,0.0,0.0,0.0,0.0,0.0,0.0,0.0,,,0.0,1.0,0.0,4
3.0,2.0,4.0,1.0,47.0,9.0,4.0,3.0,0.0,0.0,1.0,0.0,8.0,0.0,1.0,0.0,4.0,4.0,3.0,3.6666667,1.0,4.0,3.0,2.6666667,59.0,5.0,3.0,2.0,3.3333333,1.0,3.0,5.0,1.0,0.0,1.0,1.0,2.0,1.0,0.0,0.0,0.0,1.0,,0.0,0,,1.0,4.0,1.0,5.0,1.0,3.0,0.0,2.0,0.0,2.0,0.0,3.0,0.0,2.0,0.0,4.0,1.0,3.0,0.0,3.125,0.375,3.0,0.0,3.0,0.0,3.0,0.0,4.0,1.0,4.0,1.0,4.0,1.0,1.0,0.0,1.0,5.0,1.0,5.0,1.0,4.0,1.0,2.0,0.0,2.0,0.0,3.0,0.0,2.0,0.0,5.0,1.0,3.0,0.0,3.5,1.0,0.0,1.0,0.0,0.0,0.0,0.0,1.0,0.0,0.375,0.0,0.0,1.0,0.0,0.0,0.0,0.0,0.0,0.0,0.125,,,0.0,1.0,0.0,5
1.0,4.0,3.0,2.0,45.0,1.0,2.0,3.0,0.0,1.0,1.0,0.0,6.0,0.0,0.0,1.0,1.0,1.0,1.0,1.0,4.0,5.0,5.0,4.6666665,49.0,4.0,3.0,3.0,3.3333333,4.0,1.0,4.0,1.0,0.0,1.0,1.0,2.0,1.0,0.0,1.0,1.0,0.0,0.0,,1,1.0,1.0,3.0,0.0,3.0,0.0,3.0,0.0,1.0,0.0,1.0,0.0,1.0,0.0,1.0,0.0,3.0,0.0,1.0,0.0,2.0,0.0,2.0,0.0,2.0,0.0,1.0,0.0,5.0,1.0,3.0,0.0,3.0,0.0,5.0,1.0,0.0,5.0,1.0,3.0,0.0,1.0,0.0,1.0,0.0,1.0,0.0,1.0,0.0,1.0,0.0,4.0,1.0,1.0,0.0,2.125,2.0,0.0,-2.0,0.0,0.0,0.0,0.0,1.0,0.0,0.125,1.0,0.0,0.0,0.0,0.0,0.0,0.0,1.0,0.0,0.25,,,1.0,1.0,1.0,4
2.0,3.0,4.0,1.0,67.0,18.0,2.0,2.0,1.0,0.0,1.0,0.0,8.0,0.0,1.0,0.0,4.0,4.0,3.0,3.6666667,4.0,5.0,4.0,4.3333335,100.0,5.0,5.0,2.0,4.0,3.0,4.0,5.0,1.0,0.0,1.0,1.0,2.0,1.0,0.0,1.0,1.0,0.0,0.0,,1,1.0,1.0,4.0,1.0,5.0,1.0,4.0,1.0,1.0,0.0,1.0,0.0,3.0,0.0,2.0,0.0,5.0,1.0,4.0,1.0,3.125,0.5,2.0,0.0,2.0,0.0,3.0,0.0,3.0,0.0,3.0,0.0,5.0,1.0,5.0,1.0,0.0,5.0,1.0,5.0,1.0,4.0,1.0,1.0,0.0,1.0,0.0,3.0,0.0,1.0,0.0,5.0,1.0,4.0,1.0,3.125,1.0,0.0,0.0,0.0,0.0,0.0,-1.0,0.0,0.0,0.0,0.0,0.0,0.0,0.0,0.0,0.0,0.0,0.0,0.0,0.0,,,0.0,1.0,1.0,5
3.0,2.0,1.0,4.0,49.0,8.0,4.0,2.0,0.0,0.0,0.0,1.0,1.0,1.0,0.0,0.0,2.0,3.0,4.0,3.0,4.0,3.0,3.0,3.3333333,5.0,4.0,4.0,2.0,3.3333333,4.0,3.0,4.0,0.0,0.0,1.0,0.0,1.0,1.0,0.0,0.0,0.0,1.0,,0.0,0,,1.0,4.0,1.0,4.0,1.0,4.0,1.0,4.0,1.0,4.0,1.0,4.0,1.0,3.0,0.0,5.0,1.0,4.0,1.0,4.0,0.875,5.0,1.0,4.0,1.0,3.0,0.0,2.0,0.0,3.0,0.0,5.0,1.0,5.0,1.0,1.0,4.0,1.0,4.0,1.0,4.0,1.0,4.0,1.0,4.0,1.0,4.0,1.0,4.0,1.0,4.0,1.0,3.0,0.0,4.0,0.0,0.0,0.0,0.0,0.0,0.0,1.0,-1.0,-1.0,0.0,0.0,0.0,0.0,0.0,0.0,0.0,1.0,0.0,-1.0,0.125,,,0.0,1.0,0.0,3
2.0,1.0,3.0,4.0,67.0,9.0,7.0,4.0,1.0,1.0,1.0,0.0,1.0,1.0,0.0,0.0,2.0,1.0,1.0,1.3333334,2.0,3.0,1.0,2.0,70.0,3.0,4.0,4.0,3.6666667,3.0,2.0,2.0,0.0,1.0,1.0,0.0,1.0,1.0,0.0,1.0,1.0,0.0,0.0,,1,0.0,0.0,4.0,1.0,5.0,1.0,1.0,0.0,1.0,0.0,1.0,0.0,3.0,0.0,3.0,0.0,3.0,0.0,3.0,0.0,2.625,0.25,2.0,0.0,2.0,0.0,4.0,1.0,4.0,1.0,4.0,1.0,5.0,1.0,3.0,0.0,0.0,5.0,1.0,5.0,1.0,3.0,0.0,1.0,0.0,3.0,0.0,3.0,0.0,3.0,0.0,5.0,1.0,4.0,1.0,3.5,1.0,0.0,2.0,0.0,2.0,0.0,0.0,2.0,1.0,0.875,0.0,0.0,0.0,0.0,0.0,0.0,0.0,1.0,1.0,0.125,5.0,1.0,0.0,1.0,0.0,5
3.0,2.0,4.0,1.0,69.0,19.0,6.0,2.0,1.0,1.0,1.0,0.0,1.0,1.0,0.0,0.0,2.0,1.0,1.0,1.3333334,1.0,3.0,1.0,1.6666666,55.0,1.0,3.0,1.0,1.6666666,2.0,5.0,5.0,0.0,1.0,1.0,1.0,2.0,0.0,0.0,0.0,0.0,1.0,,0.0,0,,1.0,4.0,1.0,5.0,1.0,4.0,1.0,1.0,0.0,2.0,0.0,5.0,1.0,4.0,1.0,5.0,1.0,5.0,1.0,3.75,0.75,2.0,0.0,1.0,0.0,4.0,1.0,5.0,1.0,3.0,0.0,5.0,1.0,4.0,1.0,0.0,5.0,1.0,5.0,1.0,5.0,1.0,1.0,0.0,2.0,0.0,5.0,1.0,4.0,1.0,5.0,1.0,5.0,1.0,4.0,1.0,0.0,1.0,0.0,0.0,0.0,0.0,0.0,0.0,0.25,0.0,0.0,0.0,0.0,0.0,0.0,0.0,0.0,0.0,0.0,,,0.0,1.0,0.0,5
2.0,4.0,3.0,1.0,60.0,2.0,1.0,2.0,0.0,1.0,1.0,0.0,8.0,0.0,1.0,0.0,3.0,4.0,2.0,3.0,3.0,4.0,3.0,3.3333333,-1.0,3.0,3.0,3.0,3.0,4.0,3.0,4.0,1.0,0.0,0.0,0.0,0.0,1.0,0.0,0.0,0.0,1.0,,0.0,0,,1.0,3.0,0.0,3.0,0.0,3.0,0.0,3.0,0.0,3.0,0.0,3.0,0.0,3.0,0.0,3.0,0.0,4.0,1.0,3.0,0.0,2.0,0.0,4.0,1.0,4.0,1.0,4.0,1.0,3.0,0.0,4.0,1.0,4.0,1.0,0.0,4.0,1.0,4.0,1.0,3.0,0.0,4.0,1.0,4.0,1.0,4.0,1.0,4.0,1.0,4.0,1.0,4.0,1.0,3.875,1.0,1.0,0.0,1.0,1.0,1.0,1.0,1.0,0.0,0.875,1.0,1.0,0.0,1.0,1.0,1.0,1.0,1.0,0.0,0.875,,,0.0,0.0,1.0,2
2.0,1.0,4.0,3.0,68.0,15.0,6.0,4.0,1.0,0.0,1.0,0.0,6.0,0.0,0.0,1.0,2.0,1.0,2.0,1.6666666,3.0,2.0,2.0,2.3333333,32.0,2.0,4.0,3.0,3.0,4.0,3.0,5.0,1.0,0.0,1.0,1.0,2.0,1.0,0.0,1.0,1.0,0.0,0.0,,1,1.0,1.0,4.0,1.0,4.0,1.0,3.0,0.0,2.0,0.0,2.0,0.0,3.0,0.0,3.0,0.0,3.0,0.0,3.0,0.0,3.0,0.25,2.0,0.0,2.0,0.0,3.0,0.0,3.0,0.0,4.0,1.0,4.0,1.0,4.0,1.0,1.0,4.0,1.0,5.0,1.0,4.0,1.0,2.0,0.0,2.0,0.0,3.0,0.0,3.0,0.0,4.0,1.0,4.0,1.0,3.375,0.0,1.0,1.0,0.0,0.0,0.0,0.0,1.0,1.0,0.375,0.0,0.0,1.0,0.0,0.0,0.0,0.0,1.0,1.0,0.25,,,0.0,1.0,0.0,4
1.0,3.0,2.0,4.0,60.0,2.0,4.0,3.0,0.0,0.0,1.0,0.0,4.0,0.0,0.0,1.0,2.0,2.0,2.0,2.0,4.0,3.0,4.0,3.6666667,0.0,2.0,3.0,3.0,2.6666667,3.0,3.0,4.0,0.0,0.0,0.0,0.0,0.0,0.0,0.0,1.0,1.0,0.0,0.0,,1,0.0,0.0,4.0,1.0,3.0,0.0,4.0,1.0,2.0,0.0,3.0,0.0,4.0,1.0,3.0,0.0,3.0,0.0,3.0,0.0,3.25,0.375,3.0,0.0,3.0,0.0,3.0,0.0,4.0,1.0,3.0,0.0,4.0,1.0,3.0,0.0,0.0,4.0,1.0,4.0,1.0,4.0,1.0,2.0,0.0,3.0,0.0,4.0,1.0,3.0,0.0,3.0,0.0,4.0,1.0,3.375,0.0,1.0,0.0,0.0,0.0,0.0,0.0,0.0,1.0,0.125,0.0,1.0,0.0,0.0,0.0,0.0,0.0,0.0,1.0,0.125,4.0,1.0,1.0,0.0,1.0,2
3.0,2.0,4.0,1.0,33.0,20.0,6.0,4.0,0.0,0.0,1.0,0.0,8.0,0.0,1.0,0.0,5.0,4.0,3.0,4.0,2.0,3.0,3.0,2.6666667,0.0,3.0,4.0,3.0,3.3333333,1.0,1.0,5.0,1.0,0.0,1.0,1.0,2.0,1.0,0.0,1.0,1.0,0.0,0.0,,1,1.0,1.0,1.0,0.0,1.0,0.0,1.0,0.0,1.0,0.0,1.0,0.0,1.0,0.0,1.0,0.0,1.0,0.0,1.0,0.0,1.0,0.0,2.0,0.0,1.0,0.0,1.0,0.0,1.0,0.0,1.0,0.0,1.0,0.0,1.0,0.0,0.0,1.0,0.0,1.0,0.0,1.0,0.0,1.0,0.0,1.0,0.0,1.0,0.0,1.0,0.0,1.0,0.0,1.0,0.0,1.0,0.0,0.0,0.0,0.0,0.0,0.0,0.0,0.0,0.0,0.0,0.0,0.0,0.0,0.0,0.0,0.0,0.0,0.0,0.0,0.0,,,0.0,0.0,0.0,2
2.0,4.0,3.0,1.0,64.0,9.0,7.0,1.0,0.0,1.0,1.0,0.0,1.0,1.0,0.0,0.0,1.0,1.0,1.0,1.0,1.0,3.0,1.0,1.6666666,0.0,2.0,3.0,1.0,2.0,5.0,5.0,4.0,0.0,1.0,0.0,1.0,1.0,1.0,0.0,1.0,1.0,0.0,0.0,,1,1.0,1.0,5.0,1.0,5.0,1.0,3.0,0.0,1.0,0.0,1.0,0.0,5.0,1.0,5.0,1.0,5.0,1.0,5.0,1.0,3.75,0.625,3.0,0.0,3.0,0.0,5.0,1.0,2.0,0.0,5.0,1.0,5.0,1.0,5.0,1.0,1.0,5.0,1.0,5.0,1.0,3.0,0.0,1.0,0.0,1.0,0.0,5.0,1.0,5.0,1.0,5.0,1.0,5.0,1.0,3.75,0.0,0.0,0.0,0.0,0.0,0.0,0.0,0.0,0.0,0.0,0.0,0.0,0.0,0.0,0.0,0.0,0.0,0.0,0.0,0.0,,,0.0,0.0,1.0,2
3.0,1.0,4.0,2.0,54.0,14.0,6.0,3.0,0.0,0.0,1.0,0.0,4.0,0.0,0.0,1.0,1.0,1.0,1.0,1.0,3.0,4.0,1.0,2.6666667,15.0,3.0,3.0,4.0,3.3333333,4.0,4.0,5.0,0.0,1.0,0.0,1.0,1.0,1.0,0.0,1.0,1.0,0.0,0.0,,1,1.0,1.0,3.0,0.0,4.0,1.0,4.0,1.0,2.0,0.0,2.0,0.0,4.0,1.0,3.0,0.0,4.0,1.0,3.0,0.0,3.25,0.5,3.0,0.0,3.0,0.0,3.0,0.0,3.0,0.0,3.0,0.0,5.0,1.0,5.0,1.0,0.0,5.0,1.0,5.0,1.0,5.0,1.0,2.0,0.0,2.0,0.0,4.0,1.0,3.0,0.0,5.0,1.0,3.0,0.0,3.875,2.0,1.0,1.0,0.0,0.0,0.0,0.0,1.0,0.0,0.625,1.0,0.0,0.0,0.0,0.0,0.0,0.0,0.0,0.0,0.125,,,0.0,1.0,0.0,4
3.0,1.0,4.0,2.0,71.0,8.0,5.0,3.0,1.0,0.0,1.0,0.0,8.0,0.0,1.0,0.0,2.0,2.0,2.0,2.0,4.0,4.0,3.0,3.6666667,-20.0,3.0,3.0,2.0,2.6666667,3.0,2.0,3.0,0.0,0.0,1.0,1.0,2.0,1.0,0.0,0.0,0.0,1.0,,0.0,0,,1.0,5.0,1.0,5.0,1.0,4.0,1.0,1.0,0.0,1.0,0.0,3.0,0.0,3.0,0.0,4.0,1.0,4.0,1.0,3.25,0.5,3.0,0.0,2.0,0.0,4.0,1.0,3.0,0.0,3.0,0.0,5.0,1.0,4.0,1.0,1.0,5.0,1.0,5.0,1.0,4.0,1.0,1.0,0.0,2.0,0.0,3.0,0.0,4.0,1.0,5.0,1.0,4.0,1.0,3.625,0.0,0.0,0.0,0.0,1.0,0.0,1.0,1.0,0.0,0.375,0.0,0.0,0.0,0.0,0.0,0.0,1.0,0.0,0.0,0.125,,,0.0,0.0,0.0,1
3.0,2.0,4.0,1.0,51.0,9.0,4.0,2.0,0.0,1.0,1.0,0.0,2.0,1.0,0.0,0.0,1.0,2.0,1.0,1.3333334,4.0,5.0,4.0,4.3333335,15.0,4.0,5.0,4.0,4.3333335,5.0,4.0,4.0,0.0,0.0,0.0,0.0,0.0,0.0,0.0,0.0,0.0,1.0,,0.0,0,,1.0,5.0,1.0,5.0,1.0,4.0,1.0,3.0,0.0,4.0,1.0,4.0,1.0,2.0,0.0,5.0,1.0,4.0,1.0,4.0,0.75,3.0,0.0,4.0,1.0,4.0,1.0,5.0,1.0,4.0,1.0,3.0,0.0,3.0,0.0,0.0,5.0,1.0,5.0,1.0,4.0,1.0,4.0,1.0,5.0,1.0,4.0,1.0,2.0,0.0,5.0,1.0,4.0,1.0,4.25,0.0,0.0,0.0,1.0,1.0,0.0,0.0,0.0,0.0,0.25,0.0,0.0,0.0,1.0,0.0,0.0,0.0,0.0,0.0,0.125,,,0.0,1.0,0.0,4
1.0,3.0,4.0,2.0,47.0,13.0,5.0,3.0,0.0,1.0,1.0,0.0,3.0,0.0,0.0,1.0,1.0,1.0,1.0,1.0,1.0,1.0,1.0,1.0,0.0,1.0,3.0,3.0,2.3333333,3.0,4.0,1.0,0.0,1.0,1.0,0.0,1.0,1.0,0.0,1.0,1.0,0.0,0.0,,1,1.0,1.0,4.0,1.0,4.0,1.0,4.0,1.0,2.0,0.0,4.0,1.0,5.0,1.0,4.0,1.0,4.0,1.0,4.0,1.0,3.875,0.875,4.0,1.0,3.0,0.0,4.0,1.0,3.0,0.0,4.0,1.0,4.0,1.0,4.0,1.0,0.0,4.0,1.0,4.0,1.0,4.0,1.0,2.0,0.0,4.0,1.0,5.0,1.0,4.0,1.0,4.0,1.0,4.0,1.0,3.875,0.0,0.0,0.0,0.0,0.0,0.0,0.0,0.0,0.0,0.0,0.0,0.0,0.0,0.0,0.0,0.0,0.0,0.0,0.0,0.0,,,1.0,0.0,1.0,2
3.0,2.0,4.0,1.0,64.0,12.0,5.0,1.0,0.0,1.0,1.0,0.0,2.0,1.0,0.0,0.0,1.0,1.0,3.0,1.6666666,5.0,4.0,1.0,3.3333333,92.0,3.0,2.0,5.0,3.3333333,5.0,2.0,4.0,0.0,1.0,0.0,0.0,0.0,0.0,0.0,0.0,0.0,1.0,,0.0,0,,1.0,5.0,1.0,5.0,1.0,4.0,1.0,1.0,0.0,1.0,0.0,5.0,1.0,1.0,0.0,4.0,1.0,1.0,0.0,3.25,0.625,2.0,0.0,3.0,0.0,1.0,0.0,3.0,0.0,1.0,0.0,3.0,0.0,5.0,1.0,0.0,5.0,1.0,5.0,1.0,3.0,0.0,1.0,0.0,1.0,0.0,5.0,1.0,3.0,0.0,5.0,1.0,3.0,0.0,3.5,0.0,0.0,-1.0,0.0,0.0,0.0,2.0,1.0,2.0,0.25,0.0,0.0,-1.0,0.0,0.0,0.0,0.0,0.0,0.0,-0.125,,,0.0,1.0,0.0,5
3.0,4.0,2.0,1.0,68.0,2.0,2.0,2.0,1.0,1.0,1.0,0.0,7.0,0.0,1.0,0.0,3.0,2.0,2.0,2.3333333,4.0,4.0,2.0,3.3333333,-1.0,4.0,4.0,4.0,4.0,3.0,2.0,2.0,0.0,0.0,0.0,0.0,0.0,1.0,0.0,1.0,1.0,0.0,0.0,,1,0.0,0.0,3.0,0.0,3.0,0.0,3.0,0.0,2.0,0.0,2.0,0.0,2.0,0.0,2.0,0.0,3.0,0.0,4.0,1.0,2.5,0.0,3.0,0.0,3.0,0.0,3.0,0.0,3.0,0.0,3.0,0.0,4.0,1.0,4.0,1.0,0.0,3.0,0.0,3.0,0.0,4.0,1.0,2.0,0.0,2.0,0.0,2.0,0.0,2.0,0.0,3.0,0.0,3.0,0.0,2.625,0.0,0.0,1.0,0.0,0.0,0.0,0.0,0.0,-1.0,0.125,0.0,0.0,1.0,0.0,0.0,0.0,0.0,0.0,-1.0,0.125,4.0,1.0,0.0,0.0,1.0,2
2.0,1.0,4.0,3.0,38.0,6.0,4.0,2.0,0.0,1.0,0.0,1.0,2.0,1.0,0.0,0.0,3.0,3.0,2.0,2.6666667,4.0,4.0,2.0,3.3333333,12.0,3.0,4.0,3.0,3.3333333,3.0,3.0,4.0,0.0,1.0,0.0,1.0,1.0,0.0,0.0,1.0,1.0,0.0,0.0,,1,1.0,1.0,3.0,0.0,4.0,1.0,2.0,0.0,2.0,0.0,3.0,0.0,3.0,0.0,2.0,0.0,3.0,0.0,5.0,1.0,2.75,0.125,3.0,0.0,2.0,0.0,3.0,0.0,3.0,0.0,2.0,0.0,5.0,1.0,4.0,1.0,0.0,5.0,1.0,5.0,1.0,3.0,0.0,2.0,0.0,2.0,0.0,3.0,0.0,3.0,0.0,3.0,0.0,3.0,0.0,3.25,2.0,1.0,1.0,0.0,-1.0,0.0,1.0,0.0,-2.0,0.5,1.0,0.0,0.0,0.0,0.0,0.0,0.0,0.0,-1.0,0.125,,,0.0,1.0,0.0,4
2.0,3.0,4.0,1.0,78.0,10.0,4.0,3.0,1.0,0.0,1.0,0.0,6.0,0.0,0.0,1.0,3.0,4.0,2.0,3.0,5.0,4.0,4.0,4.3333335,82.0,4.0,4.0,2.0,3.3333333,4.0,2.0,5.0,1.0,0.0,1.0,1.0,2.0,0.0,0.0,0.0,0.0,1.0,,0.0,0,,1.0,4.0,1.0,4.0,1.0,3.0,0.0,1.0,0.0,1.0,0.0,2.0,0.0,1.0,0.0,2.0,0.0,4.0,1.0,2.25,0.25,1.0,0.0,2.0,0.0,2.0,0.0,5.0,1.0,2.0,0.0,4.0,1.0,3.0,0.0,0.0,4.0,1.0,3.0,0.0,2.0,0.0,2.0,0.0,1.0,0.0,2.0,0.0,1.0,0.0,2.0,0.0,2.0,0.0,2.125,0.0,-1.0,-1.0,1.0,0.0,0.0,0.0,0.0,-2.0,-0.125,0.0,-1.0,0.0,0.0,0.0,0.0,0.0,0.0,-1.0,-0.125,,,0.0,1.0,1.0,5
1.0,2.0,4.0,3.0,54.0,20.0,7.0,1.0,0.0,0.0,1.0,0.0,7.0,0.0,1.0,0.0,3.0,2.0,4.0,3.0,4.0,3.0,3.0,3.3333333,17.0,2.0,3.0,3.0,2.6666667,4.0,4.0,5.0,0.0,1.0,1.0,1.0,2.0,1.0,0.0,1.0,1.0,0.0,0.0,,1,1.0,1.0,2.0,0.0,3.0,0.0,3.0,0.0,3.0,0.0,2.0,0.0,3.0,0.0,2.0,0.0,3.0,0.0,2.0,0.0,2.625,0.0,2.0,0.0,2.0,0.0,4.0,1.0,3.0,0.0,4.0,1.0,4.0,1.0,4.0,1.0,0.0,4.0,1.0,4.0,1.0,3.0,0.0,3.0,0.0,4.0,1.0,3.0,0.0,4.0,1.0,3.0,0.0,4.0,1.0,3.5,2.0,1.0,0.0,0.0,2.0,0.0,2.0,0.0,2.0,0.875,1.0,1.0,0.0,0.0,1.0,0.0,1.0,0.0,1.0,0.5,,,1.0,1.0,1.0,4
2.0,4.0,3.0,1.0,41.0,7.0,4.0,1.0,0.0,0.0,1.0,0.0,8.0,0.0,1.0,0.0,2.0,4.0,2.0,2.6666667,2.0,3.0,3.0,2.6666667,80.0,4.0,5.0,4.0,4.3333335,2.0,4.0,5.0,1.0,0.0,1.0,0.0,1.0,1.0,0.0,1.0,1.0,0.0,0.0,,1,0.0,0.0,5.0,1.0,5.0,1.0,4.0,1.0,4.0,1.0,1.0,0.0,3.0,0.0,2.0,0.0,4.0,1.0,2.0,0.0,3.5,0.625,3.0,0.0,3.0,0.0,4.0,1.0,2.0,0.0,2.0,0.0,5.0,1.0,4.0,1.0,0.0,5.0,1.0,5.0,1.0,5.0,1.0,4.0,1.0,2.0,0.0,4.0,1.0,2.0,0.0,5.0,1.0,3.0,0.0,4.0,0.0,0.0,1.0,0.0,1.0,1.0,0.0,1.0,1.0,0.5,0.0,0.0,0.0,0.0,0.0,1.0,0.0,0.0,0.0,0.125,4.0,1.0,0.0,1.0,1.0,5
3.0,2.0,4.0,1.0,65.0,14.0,2.0,3.0,0.0,1.0,0.0,0.0,1.0,1.0,0.0,0.0,2.0,2.0,2.0,2.0,4.0,4.0,4.0,4.0,-40.0,4.0,4.0,3.0,3.6666667,3.0,4.0,4.0,0.0,1.0,1.0,0.0,1.0,1.0,0.0,0.0,0.0,1.0,,0.0,0,,1.0,5.0,1.0,5.0,1.0,5.0,1.0,3.0,0.0,2.0,0.0,3.0,0.0,3.0,0.0,4.0,1.0,3.0,0.0,3.75,0.5,3.0,0.0,4.0,1.0,3.0,0.0,4.0,1.0,3.0,0.0,4.0,1.0,5.0,1.0,1.0,5.0,1.0,5.0,1.0,4.0,1.0,3.0,0.0,2.0,0.0,3.0,0.0,4.0,1.0,4.0,1.0,4.0,1.0,3.75,0.0,0.0,-1.0,0.0,0.0,0.0,1.0,0.0,1.0,0.0,0.0,0.0,0.0,0.0,0.0,0.0,1.0,0.0,1.0,0.125,,,0.0,0.0,0.0,1
3.0,2.0,4.0,1.0,55.0,10.0,8.0,2.0,0.0,1.0,1.0,0.0,6.0,0.0,0.0,1.0,1.0,1.0,1.0,1.0,3.0,4.0,1.0,2.6666667,100.0,5.0,4.0,5.0,4.6666665,1.0,4.0,5.0,1.0,0.0,1.0,1.0,2.0,1.0,0.0,0.0,0.0,1.0,,0.0,0,,1.0,5.0,1.0,5.0,1.0,4.0,1.0,3.0,0.0,1.0,0.0,4.0,1.0,2.0,0.0,5.0,1.0,4.0,1.0,3.625,0.625,3.0,0.0,2.0,0.0,4.0,1.0,4.0,1.0,2.0,0.0,5.0,1.0,5.0,1.0,0.0,5.0,1.0,5.0,1.0,4.0,1.0,4.0,1.0,1.0,0.0,4.0,1.0,1.0,0.0,5.0,1.0,5.0,1.0,3.625,0.0,0.0,0.0,1.0,0.0,0.0,-1.0,0.0,1.0,0.0,0.0,0.0,0.0,1.0,0.0,0.0,0.0,0.0,0.0,0.125,,,0.0,1.0,0.0,5
1.0,3.0,4.0,2.0,45.0,7.0,7.0,4.0,0.0,1.0,1.0,0.0,1.0,1.0,0.0,0.0,1.0,1.0,1.0,1.0,1.0,1.0,1.0,1.0,-100.0,1.0,1.0,1.0,1.0,5.0,5.0,4.0,0.0,1.0,0.0,1.0,1.0,1.0,0.0,1.0,1.0,0.0,0.0,,1,0.0,0.0,5.0,1.0,5.0,1.0,5.0,1.0,1.0,0.0,1.0,0.0,5.0,1.0,5.0,1.0,5.0,1.0,5.0,1.0,4.0,0.75,2.0,0.0,4.0,1.0,5.0,1.0,3.0,0.0,2.0,0.0,5.0,1.0,4.0,1.0,0.0,4.0,1.0,5.0,1.0,5.0,1.0,1.0,0.0,1.0,0.0,5.0,1.0,5.0,1.0,5.0,1.0,5.0,1.0,3.875,-1.0,0.0,0.0,0.0,0.0,0.0,0.0,0.0,0.0,-0.125,0.0,0.0,0.0,0.0,0.0,0.0,0.0,0.0,0.0,0.0,5.0,1.0,1.0,0.0,1.0,1
4.0,1.0,3.0,2.0,22.0,7.0,4.0,1.0,0.0,1.0,0.0,0.0,3.0,0.0,0.0,1.0,1.0,1.0,2.0,1.3333334,3.0,4.0,2.0,3.0,0.0,1.0,2.0,2.0,1.6666666,3.0,2.0,3.0,0.0,0.0,0.0,1.0,1.0,0.0,0.0,0.0,0.0,1.0,,0.0,0,,1.0,4.0,1.0,4.0,1.0,3.0,0.0,1.0,0.0,2.0,0.0,4.0,1.0,4.0,1.0,4.0,1.0,4.0,1.0,3.25,0.625,5.0,1.0,4.0,1.0,3.0,0.0,2.0,0.0,2.0,0.0,5.0,1.0,4.0,1.0,0.0,4.0,1.0,4.0,1.0,3.0,0.0,1.0,0.0,4.0,1.0,4.0,1.0,4.0,1.0,4.0,1.0,4.0,1.0,3.5,0.0,0.0,0.0,0.0,2.0,0.0,0.0,0.0,0.0,0.25,0.0,0.0,0.0,0.0,1.0,0.0,0.0,0.0,0.0,0.125,,,0.0,0.0,0.0,2
1.0,3.0,4.0,2.0,71.0,20.0,4.0,4.0,1.0,0.0,1.0,0.0,1.0,1.0,0.0,0.0,3.0,3.0,1.0,2.3333333,3.0,4.0,1.0,2.6666667,-1.0,2.0,3.0,2.0,2.3333333,3.0,4.0,5.0,0.0,1.0,1.0,1.0,2.0,0.0,0.0,0.0,0.0,1.0,,0.0,0,,1.0,4.0,1.0,4.0,1.0,4.0,1.0,4.0,1.0,2.0,0.0,4.0,1.0,3.0,0.0,4.0,1.0,3.0,0.0,3.625,0.75,2.0,0.0,3.0,0.0,3.0,0.0,4.0,1.0,2.0,0.0,4.0,1.0,3.0,0.0,0.0,4.0,1.0,4.0,1.0,2.0,0.0,3.0,0.0,2.0,0.0,3.0,0.0,3.0,0.0,4.0,1.0,3.0,0.0,3.125,0.0,0.0,-2.0,-1.0,0.0,-1.0,0.0,0.0,0.0,-0.5,0.0,0.0,-1.0,-1.0,0.0,-1.0,0.0,0.0,0.0,-0.375,,,1.0,0.0,1.0,2
4.0,1.0,3.0,2.0,69.0,9.0,7.0,1.0,1.0,1.0,1.0,0.0,6.0,0.0,0.0,1.0,3.0,3.0,2.0,2.6666667,3.0,5.0,3.0,3.6666667,46.0,5.0,5.0,3.0,4.3333335,3.0,3.0,5.0,1.0,0.0,1.0,1.0,2.0,1.0,0.0,1.0,1.0,0.0,0.0,,1,0.0,0.0,5.0,1.0,5.0,1.0,3.0,0.0,3.0,0.0,3.0,0.0,2.0,0.0,3.0,0.0,3.0,0.0,3.0,0.0,3.375,0.25,3.0,0.0,4.0,1.0,3.0,0.0,5.0,1.0,3.0,0.0,3.0,0.0,5.0,1.0,0.0,5.0,1.0,5.0,1.0,4.0,1.0,3.0,0.0,3.0,0.0,3.0,0.0,3.0,0.0,3.0,0.0,3.0,0.0,3.625,0.0,0.0,1.0,0.0,0.0,1.0,0.0,0.0,0.0,0.25,0.0,0.0,1.0,0.0,0.0,0.0,0.0,0.0,0.0,0.125,5.0,1.0,0.0,1.0,0.0,4
3.0,2.0,4.0,1.0,69.0,14.0,6.0,2.0,1.0,1.0,1.0,0.0,5.0,0.0,0.0,1.0,2.0,1.0,1.0,1.3333334,2.0,3.0,2.0,2.3333333,100.0,5.0,5.0,2.0,4.0,5.0,1.0,5.0,0.0,0.0,1.0,1.0,2.0,0.0,0.0,0.0,0.0,1.0,,0.0,0,,1.0,3.0,0.0,5.0,1.0,2.0,0.0,1.0,0.0,1.0,0.0,4.0,1.0,2.0,0.0,3.0,0.0,3.0,0.0,2.625,0.25,2.0,0.0,3.0,0.0,3.0,0.0,5.0,1.0,2.0,0.0,4.0,1.0,4.0,1.0,0.0,5.0,1.0,5.0,1.0,3.0,0.0,1.0,0.0,5.0,1.0,5.0,1.0,1.0,0.0,5.0,1.0,4.0,1.0,3.75,2.0,0.0,1.0,0.0,4.0,1.0,-1.0,2.0,1.0,1.125,1.0,0.0,0.0,0.0,1.0,0.0,0.0,1.0,1.0,0.375,,,0.0,1.0,0.0,5
4.0,2.0,3.0,1.0,45.0,8.0,5.0,3.0,0.0,1.0,0.0,1.0,1.0,1.0,0.0,0.0,1.0,1.0,1.0,1.0,3.0,5.0,1.0,3.0,26.0,3.0,5.0,5.0,4.3333335,4.0,1.0,3.0,0.0,1.0,1.0,1.0,2.0,0.0,0.0,0.0,0.0,1.0,,0.0,0,,1.0,5.0,1.0,5.0,1.0,2.0,0.0,4.0,1.0,5.0,1.0,5.0,1.0,4.0,1.0,4.0,1.0,5.0,1.0,4.25,0.875,4.0,1.0,3.0,0.0,2.0,0.0,1.0,0.0,3.0,0.0,5.0,1.0,5.0,1.0,0.0,4.0,1.0,5.0,1.0,1.0,0.0,1.0,0.0,3.0,0.0,5.0,1.0,4.0,1.0,5.0,1.0,5.0,1.0,3.5,-1.0,0.0,-1.0,-3.0,-2.0,0.0,0.0,1.0,0.0,-0.75,0.0,0.0,0.0,-1.0,-1.0,0.0,0.0,0.0,0.0,-0.25,,,0.0,1.0,0.0,4
3.0,1.0,4.0,2.0,71.0,1.0,2.0,1.0,1.0,1.0,1.0,0.0,2.0,1.0,0.0,0.0,1.0,5.0,1.0,2.3333333,1.0,5.0,1.0,2.3333333,-7.0,5.0,5.0,5.0,5.0,5.0,5.0,5.0,0.0,0.0,1.0,1.0,2.0,0.0,0.0,1.0,1.0,0.0,0.0,,1,0.0,0.0,3.0,0.0,4.0,1.0,1.0,0.0,4.0,1.0,3.0,0.0,1.0,0.0,3.0,0.0,5.0,1.0,5.0,1.0,3.0,0.375,3.0,0.0,5.0,1.0,4.0,1.0,3.0,0.0,3.0,0.0,1.0,0.0,4.0,1.0,0.0,5.0,1.0,3.0,0.0,1.0,0.0,5.0,1.0,3.0,0.0,1.0,0.0,4.0,1.0,3.0,0.0,5.0,1.0,3.125,2.0,-1.0,0.0,1.0,0.0,0.0,1.0,-2.0,0.0,0.125,1.0,-1.0,0.0,0.0,0.0,0.0,1.0,-1.0,0.0,0.0,3.0,0.0,0.0,0.0,0.0,1
1.0,4.0,3.0,2.0,78.0,5.0,6.0,2.0,1.0,0.0,1.0,0.0,1.0,1.0,0.0,0.0,1.0,3.0,1.0,1.6666666,5.0,5.0,4.0,4.6666665,-21.0,1.0,3.0,2.0,2.0,5.0,4.0,4.0,0.0,1.0,0.0,1.0,1.0,1.0,0.0,1.0,1.0,0.0,0.0,,1,1.0,1.0,5.0,1.0,5.0,1.0,1.0,0.0,1.0,0.0,3.0,0.0,5.0,1.0,3.0,0.0,4.0,1.0,3.0,0.0,3.375,0.5,5.0,1.0,4.0,1.0,3.0,0.0,1.0,0.0,1.0,0.0,5.0,1.0,5.0,1.0,1.0,5.0,1.0,5.0,1.0,5.0,1.0,1.0,0.0,3.0,0.0,5.0,1.0,4.0,1.0,5.0,1.0,5.0,1.0,4.125,0.0,0.0,4.0,0.0,0.0,0.0,1.0,1.0,2.0,0.75,0.0,0.0,1.0,0.0,0.0,0.0,1.0,0.0,1.0,0.25,,,1.0,0.0,1.0,1
4.0,1.0,3.0,2.0,83.0,12.0,6.0,3.0,1.0,0.0,1.0,0.0,8.0,0.0,1.0,0.0,3.0,4.0,4.0,3.6666667,4.0,3.0,3.0,3.3333333,-3.0,4.0,4.0,3.0,3.6666667,3.0,2.0,5.0,1.0,0.0,1.0,1.0,2.0,1.0,0.0,0.0,0.0,1.0,,0.0,0,,1.0,4.0,1.0,4.0,1.0,3.0,0.0,2.0,0.0,3.0,0.0,4.0,1.0,2.0,0.0,4.0,1.0,3.0,0.0,3.25,0.5,2.0,0.0,2.0,0.0,3.0,0.0,4.0,1.0,3.0,0.0,4.0,1.0,5.0,1.0,0.0,4.0,1.0,4.0,1.0,5.0,1.0,2.0,0.0,2.0,0.0,4.0,1.0,3.0,0.0,3.0,0.0,3.0,0.0,3.375,0.0,0.0,2.0,0.0,-1.0,0.0,1.0,-1.0,0.0,0.125,0.0,0.0,1.0,0.0,0.0,0.0,0.0,-1.0,0.0,0.0,,,0.0,0.0,0.0,2
2.0,3.0,4.0,1.0,46.0,23.0,7.0,3.0,0.0,1.0,1.0,0.0,7.0,0.0,1.0,0.0,3.0,3.0,3.0,3.0,3.0,3.0,3.0,3.0,50.0,2.0,4.0,3.0,3.0,4.0,4.0,4.0,0.0,1.0,0.0,1.0,1.0,1.0,0.0,0.0,0.0,1.0,,0.0,0,,1.0,4.0,1.0,4.0,1.0,3.0,0.0,1.0,0.0,2.0,0.0,5.0,1.0,3.0,0.0,2.0,0.0,2.0,0.0,3.0,0.375,1.0,0.0,3.0,0.0,3.0,0.0,3.0,0.0,3.0,0.0,4.0,1.0,2.0,0.0,0.0,4.0,1.0,5.0,1.0,4.0,1.0,2.0,0.0,4.0,1.0,4.0,1.0,4.0,1.0,3.0,0.0,3.0,0.0,3.75,0.0,1.0,1.0,1.0,2.0,-1.0,1.0,1.0,1.0,0.75,0.0,0.0,1.0,0.0,1.0,0.0,1.0,0.0,0.0,0.375,,,0.0,1.0,1.0,4
2.0,3.0,4.0,1.0,56.0,5.0,3.0,4.0,0.0,1.0,1.0,0.0,8.0,0.0,1.0,0.0,3.0,4.0,2.0,3.0,4.0,2.0,2.0,2.6666667,0.0,3.0,2.0,2.0,2.3333333,4.0,3.0,4.0,1.0,0.0,1.0,0.0,1.0,1.0,0.0,1.0,1.0,0.0,0.0,,1,1.0,1.0,3.0,0.0,4.0,1.0,1.0,0.0,1.0,0.0,1.0,0.0,3.0,0.0,3.0,0.0,4.0,1.0,4.0,1.0,2.5,0.25,2.0,0.0,4.0,1.0,3.0,0.0,3.0,0.0,3.0,0.0,5.0,1.0,4.0,1.0,0.0,4.0,1.0,4.0,1.0,2.0,0.0,2.0,0.0,4.0,1.0,3.0,0.0,3.0,0.0,4.0,1.0,3.0,0.0,3.25,1.0,0.0,1.0,1.0,3.0,0.0,0.0,0.0,-1.0,0.75,1.0,0.0,0.0,0.0,1.0,0.0,0.0,0.0,-1.0,0.25,,,0.0,0.0,1.0,2
4.0,1.0,3.0,2.0,59.0,13.0,8.0,3.0,0.0,0.0,0.0,0.0,2.0,1.0,0.0,0.0,1.0,1.0,1.0,1.0,3.0,3.0,3.0,3.0,-21.0,3.0,3.0,1.0,2.3333333,5.0,1.0,5.0,0.0,1.0,1.0,1.0,2.0,0.0,0.0,0.0,0.0,1.0,,0.0,0,,1.0,5.0,1.0,5.0,1.0,1.0,0.0,1.0,0.0,1.0,0.0,1.0,0.0,1.0,0.0,1.0,0.0,1.0,0.0,2.0,0.25,2.0,0.0,2.0,0.0,1.0,0.0,1.0,0.0,1.0,0.0,3.0,0.0,2.0,0.0,0.0,5.0,1.0,5.0,1.0,1.0,0.0,1.0,0.0,1.0,0.0,3.0,0.0,1.0,0.0,3.0,0.0,1.0,0.0,2.5,0.0,0.0,0.0,0.0,0.0,2.0,0.0,2.0,0.0,0.5,0.0,0.0,0.0,0.0,0.0,0.0,0.0,0.0,0.0,0.0,,,0.0,0.0,0.0,1
1.0,3.0,4.0,2.0,53.0,6.0,5.0,4.0,0.0,0.0,1.0,0.0,2.0,1.0,0.0,0.0,4.0,3.0,2.0,3.0,4.0,4.0,3.0,3.6666667,66.0,3.0,4.0,2.0,3.0,2.0,5.0,4.0,0.0,1.0,1.0,0.0,1.0,1.0,0.0,0.0,0.0,1.0,,0.0,0,,1.0,5.0,1.0,5.0,1.0,4.0,1.0,1.0,0.0,1.0,0.0,3.0,0.0,2.0,0.0,4.0,1.0,4.0,1.0,3.125,0.5,3.0,0.0,3.0,0.0,5.0,1.0,4.0,1.0,4.0,1.0,5.0,1.0,4.0,1.0,1.0,5.0,1.0,5.0,1.0,4.0,1.0,1.0,0.0,2.0,0.0,4.0,1.0,4.0,1.0,4.0,1.0,4.0,1.0,3.625,0.0,0.0,0.0,0.0,1.0,1.0,2.0,0.0,0.0,0.5,0.0,0.0,0.0,0.0,0.0,1.0,1.0,0.0,0.0,0.25,,,1.0,1.0,1.0,5
2.0,3.0,4.0,1.0,61.0,1.0,4.0,3.0,0.0,1.0,1.0,0.0,2.0,1.0,0.0,0.0,3.0,2.0,1.0,2.0,3.0,4.0,1.0,2.6666667,8.0,2.0,5.0,2.0,3.0,5.0,4.0,4.0,1.0,0.0,1.0,1.0,2.0,0.0,0.0,0.0,0.0,1.0,,0.0,0,,1.0,5.0,1.0,5.0,1.0,4.0,1.0,1.0,0.0,2.0,0.0,4.0,1.0,1.0,0.0,5.0,1.0,1.0,0.0,3.375,0.625,3.0,0.0,3.0,0.0,1.0,0.0,5.0,1.0,1.0,0.0,5.0,1.0,5.0,1.0,0.0,5.0,1.0,4.0,1.0,5.0,1.0,1.0,0.0,1.0,0.0,4.0,1.0,1.0,0.0,4.0,1.0,1.0,0.0,3.125,0.0,-1.0,1.0,0.0,-1.0,0.0,0.0,-1.0,0.0,-0.25,0.0,0.0,0.0,0.0,0.0,0.0,0.0,0.0,0.0,0.0,,,0.0,1.0,1.0,3
2.0,3.0,4.0,1.0,52.0,18.0,5.0,3.0,0.0,1.0,1.0,0.0,8.0,0.0,1.0,0.0,3.0,1.0,1.0,1.6666666,2.0,5.0,1.0,2.6666667,0.0,3.0,4.0,4.0,3.6666667,5.0,3.0,3.0,1.0,0.0,1.0,1.0,2.0,1.0,0.0,1.0,1.0,0.0,0.0,,1,1.0,1.0,3.0,0.0,5.0,1.0,3.0,0.0,3.0,0.0,4.0,1.0,3.0,0.0,1.0,0.0,3.0,0.0,3.0,0.0,3.125,0.25,2.0,0.0,3.0,0.0,4.0,1.0,5.0,1.0,5.0,1.0,5.0,1.0,5.0,1.0,0.0,3.0,0.0,3.0,0.0,3.0,0.0,3.0,0.0,3.0,0.0,3.0,0.0,3.0,0.0,3.0,0.0,3.0,0.0,3.0,0.0,-2.0,0.0,0.0,-1.0,0.0,2.0,0.0,0.0,-0.125,0.0,-1.0,0.0,0.0,-1.0,0.0,0.0,0.0,0.0,-0.25,,,0.0,0.0,1.0,2
1.0,4.0,2.0,3.0,63.0,10.0,2.0,2.0,0.0,1.0,1.0,0.0,8.0,0.0,1.0,0.0,1.0,1.0,1.0,1.0,5.0,5.0,5.0,5.0,0.0,5.0,5.0,5.0,5.0,5.0,5.0,5.0,1.0,0.0,1.0,1.0,2.0,0.0,0.0,1.0,1.0,0.0,0.0,,1,0.0,0.0,5.0,1.0,4.0,1.0,3.0,0.0,4.0,1.0,5.0,1.0,4.0,1.0,4.0,1.0,5.0,1.0,5.0,1.0,4.25,0.875,3.0,0.0,2.0,0.0,4.0,1.0,5.0,1.0,2.0,0.0,4.0,1.0,5.0,1.0,0.0,4.0,1.0,4.0,1.0,4.0,1.0,4.0,1.0,4.0,1.0,4.0,1.0,4.0,1.0,4.0,1.0,4.0,1.0,4.0,-1.0,0.0,1.0,0.0,-1.0,0.0,0.0,-1.0,-1.0,-0.25,0.0,0.0,1.0,0.0,0.0,0.0,0.0,0.0,0.0,0.125,4.0,1.0,1.0,0.0,1.0,2
4.0,2.0,3.0,1.0,74.0,5.0,5.0,4.0,1.0,0.0,0.0,1.0,2.0,1.0,0.0,0.0,3.0,3.0,3.0,3.0,2.0,4.0,4.0,3.3333333,-44.0,2.0,4.0,1.0,2.3333333,3.0,4.0,4.0,0.0,1.0,1.0,1.0,2.0,1.0,0.0,0.0,0.0,1.0,,0.0,0,,1.0,4.0,1.0,5.0,1.0,3.0,0.0,2.0,0.0,1.0,0.0,4.0,1.0,5.0,1.0,5.0,1.0,4.0,1.0,3.625,0.625,3.0,0.0,3.0,0.0,4.0,1.0,3.0,0.0,4.0,1.0,5.0,1.0,5.0,1.0,1.0,4.0,1.0,5.0,1.0,5.0,1.0,2.0,0.0,1.0,0.0,4.0,1.0,4.0,1.0,5.0,1.0,4.0,1.0,3.75,0.0,0.0,2.0,0.0,0.0,0.0,-1.0,0.0,0.0,0.125,0.0,0.0,1.0,0.0,0.0,0.0,0.0,0.0,0.0,0.125,,,0.0,0.0,0.0,1
3.0,1.0,4.0,2.0,51.0,9.0,6.0,2.0,0.0,0.0,1.0,0.0,6.0,0.0,0.0,1.0,3.0,3.0,2.0,2.6666667,2.0,5.0,3.0,3.3333333,59.0,4.0,5.0,4.0,4.3333335,2.0,2.0,5.0,1.0,0.0,1.0,1.0,2.0,0.0,0.0,1.0,1.0,0.0,0.0,,1,0.0,0.0,5.0,1.0,5.0,1.0,4.0,1.0,1.0,0.0,1.0,0.0,3.0,0.0,3.0,0.0,4.0,1.0,2.0,0.0,3.25,0.5,1.0,0.0,3.0,0.0,2.0,0.0,3.0,0.0,2.0,0.0,5.0,1.0,4.0,1.0,0.0,5.0,1.0,5.0,1.0,5.0,1.0,1.0,0.0,1.0,0.0,3.0,0.0,3.0,0.0,4.0,1.0,2.0,0.0,3.375,0.0,0.0,1.0,0.0,0.0,0.0,0.0,0.0,0.0,0.125,0.0,0.0,0.0,0.0,0.0,0.0,0.0,0.0,0.0,0.0,5.0,1.0,0.0,1.0,0.0,5
1.0,3.0,4.0,2.0,70.0,4.0,6.0,2.0,1.0,1.0,1.0,0.0,1.0,1.0,0.0,0.0,1.0,1.0,1.0,1.0,3.0,3.0,1.0,2.3333333,45.0,3.0,4.0,3.0,3.3333333,3.0,3.0,5.0,0.0,1.0,1.0,1.0,2.0,0.0,0.0,1.0,1.0,0.0,0.0,,1,1.0,1.0,5.0,1.0,5.0,1.0,3.0,0.0,1.0,0.0,1.0,0.0,3.0,0.0,1.0,0.0,5.0,1.0,2.0,0.0,3.0,0.375,3.0,0.0,3.0,0.0,3.0,0.0,2.0,0.0,2.0,0.0,4.0,1.0,4.0,1.0,0.0,5.0,1.0,5.0,1.0,3.0,0.0,1.0,0.0,1.0,0.0,3.0,0.0,3.0,0.0,3.0,0.0,3.0,0.0,3.0,0.0,0.0,0.0,0.0,0.0,0.0,2.0,-2.0,1.0,0.0,0.0,0.0,0.0,0.0,0.0,0.0,0.0,-1.0,0.0,-0.125,,,1.0,1.0,1.0,4
2.0,1.0,4.0,3.0,60.0,3.0,6.0,3.0,0.0,1.0,0.0,1.0,1.0,1.0,0.0,0.0,2.0,1.0,3.0,2.0,4.0,5.0,3.0,4.0,-20.0,3.0,4.0,2.0,3.0,3.0,4.0,4.0,0.0,1.0,1.0,1.0,2.0,1.0,0.0,1.0,1.0,0.0,0.0,,1,1.0,1.0,3.0,0.0,5.0,1.0,2.0,0.0,2.0,0.0,3.0,0.0,3.0,0.0,2.0,0.0,3.0,0.0,2.0,0.0,2.875,0.125,4.0,1.0,2.0,0.0,3.0,0.0,4.0,1.0,3.0,0.0,4.0,1.0,4.0,1.0,0.0,5.0,1.0,5.0,1.0,2.0,0.0,2.0,0.0,2.0,0.0,3.0,0.0,2.0,0.0,3.0,0.0,3.0,0.0,3.0,2.0,0.0,0.0,0.0,-1.0,0.0,0.0,0.0,1.0,0.125,1.0,0.0,0.0,0.0,0.0,0.0,0.0,0.0,0.0,0.125,,,0.0,0.0,0.0,1
4.0,2.0,3.0,1.0,55.0,1.0,2.0,3.0,0.0,0.0,0.0,1.0,2.0,1.0,0.0,0.0,2.0,2.0,3.0,2.3333333,4.0,5.0,4.0,4.3333335,0.0,3.0,4.0,2.0,3.0,5.0,4.0,4.0,0.0,1.0,1.0,1.0,2.0,1.0,0.0,0.0,0.0,1.0,,0.0,0,,1.0,5.0,1.0,5.0,1.0,5.0,1.0,1.0,0.0,5.0,1.0,5.0,1.0,2.0,0.0,5.0,1.0,4.0,1.0,4.125,0.75,5.0,1.0,4.0,1.0,4.0,1.0,1.0,0.0,4.0,1.0,5.0,1.0,5.0,1.0,0.0,5.0,1.0,5.0,1.0,5.0,1.0,1.0,0.0,5.0,1.0,5.0,1.0,4.0,1.0,5.0,1.0,5.0,1.0,4.375,0.0,0.0,0.0,0.0,0.0,0.0,2.0,0.0,1.0,0.25,0.0,0.0,0.0,0.0,0.0,0.0,1.0,0.0,0.0,0.125,,,0.0,0.0,0.0,2
3.0,1.0,4.0,2.0,70.0,6.0,4.0,3.0,1.0,1.0,1.0,0.0,8.0,0.0,1.0,0.0,2.0,2.0,1.0,1.6666666,4.0,5.0,3.0,4.0,56.0,5.0,4.0,2.0,3.6666667,3.0,2.0,5.0,1.0,0.0,1.0,1.0,2.0,0.0,0.0,0.0,0.0,1.0,,0.0,0,,1.0,3.0,0.0,4.0,1.0,3.0,0.0,2.0,0.0,1.0,0.0,4.0,1.0,2.0,0.0,3.0,0.0,3.0,0.0,2.75,0.25,1.0,0.0,2.0,0.0,2.0,0.0,4.0,1.0,3.0,0.0,4.0,1.0,3.0,0.0,1.0,4.0,1.0,5.0,1.0,3.0,0.0,2.0,0.0,1.0,0.0,4.0,1.0,3.0,0.0,4.0,1.0,3.0,0.0,3.25,1.0,1.0,0.0,0.0,0.0,0.0,1.0,1.0,0.0,0.5,1.0,0.0,0.0,0.0,0.0,0.0,0.0,1.0,0.0,0.25,,,0.0,1.0,0.0,5
2.0,4.0,3.0,1.0,45.0,19.0,6.0,2.0,0.0,1.0,1.0,0.0,2.0,1.0,0.0,0.0,3.0,3.0,4.0,3.3333333,3.0,5.0,5.0,4.3333335,28.0,4.0,3.0,1.0,2.6666667,5.0,4.0,5.0,1.0,0.0,1.0,0.0,1.0,1.0,0.0,0.0,0.0,1.0,,0.0,0,,1.0,4.0,1.0,5.0,1.0,5.0,1.0,4.0,1.0,5.0,1.0,5.0,1.0,5.0,1.0,5.0,1.0,5.0,1.0,4.75,1.0,4.0,1.0,5.0,1.0,5.0,1.0,4.0,1.0,5.0,1.0,5.0,1.0,2.0,0.0,0.0,5.0,1.0,5.0,1.0,3.0,0.0,5.0,1.0,5.0,1.0,5.0,1.0,5.0,1.0,5.0,1.0,5.0,1.0,4.75,1.0,0.0,-2.0,1.0,0.0,0.0,0.0,0.0,0.0,0.0,0.0,0.0,-1.0,0.0,0.0,0.0,0.0,0.0,0.0,-0.125,,,0.0,1.0,1.0,4
3.0,2.0,4.0,1.0,32.0,7.0,7.0,3.0,0.0,1.0,1.0,0.0,1.0,1.0,0.0,0.0,1.0,1.0,1.0,1.0,1.0,3.0,1.0,1.6666666,-100.0,1.0,2.0,2.0,1.6666666,4.0,3.0,3.0,0.0,1.0,1.0,1.0,2.0,1.0,0.0,1.0,1.0,0.0,0.0,,1,0.0,0.0,5.0,1.0,5.0,1.0,5.0,1.0,1.0,0.0,1.0,0.0,3.0,0.0,5.0,1.0,5.0,1.0,3.0,0.0,3.75,0.625,2.0,0.0,3.0,0.0,4.0,1.0,3.0,0.0,3.0,0.0,5.0,1.0,3.0,0.0,0.0,4.0,1.0,5.0,1.0,5.0,1.0,1.0,0.0,1.0,0.0,3.0,0.0,5.0,1.0,5.0,1.0,3.0,0.0,3.625,-1.0,0.0,0.0,0.0,0.0,0.0,0.0,0.0,0.0,-0.125,0.0,0.0,0.0,0.0,0.0,0.0,0.0,0.0,0.0,0.0,5.0,1.0,0.0,0.0,0.0,1
4.0,1.0,3.0,2.0,63.0,3.0,5.0,3.0,0.0,1.0,0.0,0.0,2.0,1.0,0.0,0.0,1.0,4.0,4.0,3.0,1.0,5.0,3.0,3.0,2.0,2.0,4.0,5.0,3.6666667,3.0,2.0,4.0,1.0,0.0,1.0,0.0,1.0,0.0,0.0,0.0,0.0,1.0,,0.0,0,,1.0,5.0,1.0,5.0,1.0,3.0,0.0,1.0,0.0,4.0,1.0,4.0,1.0,2.0,0.0,5.0,1.0,3.0,0.0,3.625,0.625,4.0,1.0,2.0,0.0,3.0,0.0,3.0,0.0,3.0,0.0,5.0,1.0,3.0,0.0,0.0,5.0,1.0,5.0,1.0,2.0,0.0,1.0,0.0,4.0,1.0,4.0,1.0,3.0,0.0,5.0,1.0,3.0,0.0,3.625,0.0,0.0,-1.0,0.0,0.0,0.0,1.0,0.0,0.0,0.0,0.0,0.0,0.0,0.0,0.0,0.0,0.0,0.0,0.0,0.0,,,0.0,1.0,0.0,3
1.0,2.0,3.0,4.0,60.0,5.0,2.0,3.0,0.0,1.0,1.0,0.0,7.0,0.0,1.0,0.0,1.0,3.0,2.0,2.0,3.0,4.0,4.0,3.6666667,12.0,3.0,3.0,3.0,3.0,1.0,4.0,1.0,1.0,0.0,0.0,0.0,0.0,0.0,0.0,1.0,1.0,0.0,0.0,,1,0.0,0.0,4.0,1.0,4.0,1.0,2.0,0.0,3.0,0.0,2.0,0.0,3.0,0.0,3.0,0.0,3.0,0.0,3.0,0.0,3.0,0.25,3.0,0.0,3.0,0.0,3.0,0.0,3.0,0.0,3.0,0.0,3.0,0.0,4.0,1.0,0.0,4.0,1.0,4.0,1.0,2.0,0.0,2.0,0.0,2.0,0.0,3.0,0.0,2.0,0.0,3.0,0.0,3.0,0.0,2.75,0.0,0.0,0.0,-1.0,0.0,0.0,-1.0,0.0,0.0,-0.25,0.0,0.0,0.0,0.0,0.0,0.0,0.0,0.0,0.0,0.0,3.0,0.0,1.0,1.0,1.0,4
3.0,4.0,1.0,2.0,49.0,22.0,7.0,1.0,0.0,0.0,1.0,0.0,1.0,1.0,0.0,0.0,5.0,4.0,4.0,4.3333335,4.0,5.0,5.0,4.6666665,-69.0,5.0,4.0,5.0,4.6666665,5.0,4.0,5.0,0.0,1.0,1.0,1.0,2.0,0.0,0.0,1.0,1.0,0.0,0.0,,1,0.0,0.0,5.0,1.0,4.0,1.0,4.0,1.0,2.0,0.0,4.0,1.0,4.0,1.0,2.0,0.0,4.0,1.0,4.0,1.0,3.625,0.75,5.0,1.0,5.0,1.0,1.0,0.0,1.0,0.0,2.0,0.0,2.0,0.0,1.0,0.0,1.0,5.0,1.0,4.0,1.0,4.0,1.0,5.0,1.0,4.0,1.0,4.0,1.0,4.0,1.0,4.0,1.0,4.0,1.0,4.25,0.0,0.0,0.0,3.0,0.0,0.0,2.0,0.0,0.0,0.625,0.0,0.0,0.0,1.0,0.0,0.0,1.0,0.0,0.0,0.25,4.0,1.0,0.0,0.0,1.0,1
3.0,1.0,4.0,2.0,59.0,14.0,5.0,3.0,0.0,1.0,1.0,0.0,8.0,0.0,1.0,0.0,1.0,1.0,1.0,1.0,1.0,1.0,1.0,1.0,0.0,1.0,2.0,3.0,2.0,3.0,2.0,2.0,1.0,0.0,0.0,0.0,0.0,0.0,0.0,1.0,1.0,0.0,0.0,,1,0.0,0.0,5.0,1.0,5.0,1.0,3.0,0.0,2.0,0.0,1.0,0.0,4.0,1.0,2.0,0.0,5.0,1.0,3.0,0.0,3.375,0.5,1.0,0.0,3.0,0.0,2.0,0.0,3.0,0.0,3.0,0.0,5.0,1.0,4.0,1.0,0.0,5.0,1.0,5.0,1.0,4.0,1.0,1.0,0.0,1.0,0.0,4.0,1.0,2.0,0.0,5.0,1.0,3.0,0.0,3.375,0.0,0.0,1.0,-1.0,0.0,0.0,0.0,0.0,0.0,0.0,0.0,0.0,1.0,0.0,0.0,0.0,0.0,0.0,0.0,0.125,5.0,1.0,0.0,0.0,0.0,2
3.0,2.0,4.0,1.0,56.0,1.0,2.0,3.0,0.0,1.0,1.0,0.0,8.0,0.0,1.0,0.0,1.0,1.0,1.0,1.0,3.0,1.0,1.0,1.6666666,80.0,4.0,4.0,5.0,4.3333335,3.0,3.0,5.0,0.0,0.0,1.0,1.0,2.0,1.0,0.0,1.0,1.0,0.0,0.0,,1,1.0,1.0,3.0,0.0,3.0,0.0,1.0,0.0,2.0,0.0,2.0,0.0,2.0,0.0,2.0,0.0,3.0,0.0,3.0,0.0,2.25,0.0,4.0,1.0,3.0,0.0,2.0,0.0,5.0,1.0,3.0,0.0,4.0,1.0,4.0,1.0,0.0,5.0,1.0,4.0,1.0,3.0,0.0,4.0,1.0,4.0,1.0,3.0,0.0,3.0,0.0,3.0,0.0,4.0,1.0,3.625,2.0,1.0,2.0,2.0,2.0,1.0,1.0,0.0,1.0,1.375,1.0,1.0,0.0,1.0,1.0,0.0,0.0,0.0,1.0,0.5,,,0.0,1.0,0.0,5
4.0,1.0,3.0,2.0,66.0,22.0,7.0,1.0,1.0,1.0,1.0,0.0,7.0,0.0,1.0,0.0,4.0,1.0,1.0,2.0,1.0,3.0,1.0,1.6666666,18.0,2.0,4.0,2.0,2.6666667,5.0,4.0,5.0,1.0,0.0,0.0,1.0,1.0,0.0,0.0,0.0,0.0,1.0,,0.0,0,,1.0,5.0,1.0,5.0,1.0,4.0,1.0,1.0,0.0,2.0,0.0,4.0,1.0,4.0,1.0,5.0,1.0,5.0,1.0,3.75,0.75,4.0,1.0,2.0,0.0,5.0,1.0,5.0,1.0,5.0,1.0,5.0,1.0,5.0,1.0,1.0,5.0,1.0,5.0,1.0,4.0,1.0,2.0,0.0,2.0,0.0,5.0,1.0,5.0,1.0,5.0,1.0,5.0,1.0,4.125,0.0,0.0,0.0,1.0,0.0,1.0,1.0,0.0,0.0,0.375,0.0,0.0,0.0,0.0,0.0,0.0,0.0,0.0,0.0,0.0,,,0.0,1.0,0.0,4
1.0,2.0,3.0,4.0,62.0,12.0,2.0,1.0,0.0,1.0,1.0,0.0,8.0,0.0,1.0,0.0,1.0,1.0,1.0,1.0,4.0,4.0,1.0,3.0,52.0,2.0,5.0,4.0,3.6666667,1.0,4.0,4.0,1.0,0.0,0.0,1.0,1.0,0.0,0.0,1.0,1.0,0.0,0.0,,1,0.0,0.0,5.0,1.0,5.0,1.0,4.0,1.0,2.0,0.0,2.0,0.0,4.0,1.0,4.0,1.0,4.0,1.0,4.0,1.0,3.75,0.75,5.0,1.0,2.0,0.0,4.0,1.0,5.0,1.0,3.0,0.0,3.0,0.0,5.0,1.0,1.0,5.0,1.0,5.0,1.0,4.0,1.0,2.0,0.0,2.0,0.0,4.0,1.0,4.0,1.0,4.0,1.0,5.0,1.0,3.75,0.0,0.0,0.0,0.0,0.0,0.0,0.0,0.0,1.0,0.0,0.0,0.0,0.0,0.0,0.0,0.0,0.0,0.0,0.0,0.0,5.0,1.0,1.0,1.0,1.0,5
3.0,2.0,4.0,1.0,73.0,18.0,6.0,4.0,1.0,0.0,1.0,0.0,2.0,1.0,0.0,0.0,2.0,2.0,2.0,2.0,4.0,4.0,4.0,4.0,42.0,3.0,4.0,3.0,3.3333333,4.0,4.0,4.0,0.0,1.0,1.0,1.0,2.0,0.0,0.0,1.0,1.0,0.0,0.0,,1,1.0,1.0,5.0,1.0,5.0,1.0,4.0,1.0,2.0,0.0,2.0,0.0,4.0,1.0,2.0,0.0,5.0,1.0,3.0,0.0,3.625,0.625,1.0,0.0,2.0,0.0,3.0,0.0,4.0,1.0,2.0,0.0,4.0,1.0,5.0,1.0,0.0,5.0,1.0,5.0,1.0,4.0,1.0,2.0,0.0,2.0,0.0,4.0,1.0,2.0,0.0,5.0,1.0,3.0,0.0,3.625,0.0,0.0,0.0,0.0,0.0,0.0,0.0,0.0,0.0,0.0,0.0,0.0,0.0,0.0,0.0,0.0,0.0,0.0,0.0,0.0,,,0.0,1.0,0.0,4
1.0,3.0,4.0,2.0,73.0,7.0,4.0,2.0,1.0,1.0,1.0,0.0,1.0,1.0,0.0,0.0,1.0,2.0,1.0,1.3333334,3.0,4.0,3.0,3.3333333,-3.0,3.0,4.0,3.0,3.3333333,5.0,4.0,4.0,0.0,1.0,0.0,0.0,0.0,0.0,0.0,1.0,1.0,0.0,0.0,,1,1.0,1.0,5.0,1.0,5.0,1.0,4.0,1.0,2.0,0.0,2.0,0.0,5.0,1.0,3.0,0.0,5.0,1.0,4.0,1.0,3.875,0.625,4.0,1.0,2.0,0.0,4.0,1.0,3.0,0.0,4.0,1.0,5.0,1.0,4.0,1.0,1.0,5.0,1.0,5.0,1.0,4.0,1.0,3.0,0.0,3.0,0.0,5.0,1.0,4.0,1.0,5.0,1.0,5.0,1.0,4.25,0.0,0.0,0.0,1.0,1.0,0.0,1.0,0.0,1.0,0.375,0.0,0.0,0.0,0.0,0.0,0.0,1.0,0.0,0.0,0.125,,,1.0,0.0,1.0,2
3.0,2.0,4.0,1.0,73.0,9.0,6.0,2.0,1.0,1.0,1.0,0.0,1.0,1.0,0.0,0.0,1.0,1.0,1.0,1.0,2.0,1.0,2.0,1.6666666,0.0,2.0,4.0,2.0,2.6666667,4.0,4.0,5.0,0.0,1.0,1.0,1.0,2.0,1.0,0.0,1.0,1.0,0.0,0.0,,1,0.0,0.0,5.0,1.0,5.0,1.0,3.0,0.0,2.0,0.0,2.0,0.0,5.0,1.0,4.0,1.0,4.0,1.0,4.0,1.0,3.75,0.625,4.0,1.0,2.0,0.0,4.0,1.0,2.0,0.0,4.0,1.0,5.0,1.0,3.0,0.0,1.0,2.0,0.0,5.0,1.0,4.0,1.0,2.0,0.0,2.0,0.0,5.0,1.0,4.0,1.0,4.0,1.0,4.0,1.0,3.5,-3.0,0.0,1.0,0.0,0.0,0.0,0.0,0.0,0.0,-0.25,-1.0,0.0,1.0,0.0,0.0,0.0,0.0,0.0,0.0,0.0,5.0,1.0,0.0,0.0,0.0,2
2.0,4.0,3.0,1.0,33.0,4.0,2.0,4.0,0.0,0.0,0.0,0.0,4.0,0.0,0.0,1.0,4.0,4.0,4.0,4.0,3.0,4.0,5.0,4.0,40.0,3.0,5.0,2.0,3.3333333,5.0,3.0,1.0,0.0,0.0,0.0,1.0,1.0,0.0,0.0,1.0,1.0,0.0,0.0,,1,0.0,0.0,4.0,1.0,4.0,1.0,3.0,0.0,3.0,0.0,3.0,0.0,4.0,1.0,4.0,1.0,3.0,0.0,4.0,1.0,3.5,0.5,3.0,0.0,4.0,1.0,3.0,0.0,4.0,1.0,4.0,1.0,3.0,0.0,5.0,1.0,0.0,4.0,1.0,4.0,1.0,3.0,0.0,4.0,1.0,3.0,0.0,4.0,1.0,4.0,1.0,3.0,0.0,4.0,1.0,3.625,0.0,0.0,0.0,1.0,0.0,0.0,0.0,0.0,0.0,0.125,0.0,0.0,0.0,1.0,0.0,0.0,0.0,0.0,0.0,0.125,4.0,1.0,0.0,1.0,1.0,4
3.0,1.0,4.0,2.0,74.0,3.0,6.0,1.0,1.0,1.0,1.0,0.0,7.0,0.0,1.0,0.0,3.0,4.0,3.0,3.3333333,2.0,4.0,3.0,3.0,75.0,4.0,4.0,4.0,4.0,2.0,2.0,3.0,0.0,0.0,0.0,1.0,1.0,1.0,0.0,1.0,1.0,0.0,0.0,,1,0.0,0.0,3.0,0.0,3.0,0.0,2.0,0.0,1.0,0.0,1.0,0.0,3.0,0.0,1.0,0.0,2.0,0.0,1.0,0.0,2.0,0.0,2.0,0.0,1.0,0.0,1.0,0.0,3.0,0.0,1.0,0.0,4.0,1.0,3.0,0.0,0.0,3.0,0.0,3.0,0.0,2.0,0.0,1.0,0.0,1.0,0.0,2.0,0.0,1.0,0.0,2.0,0.0,1.0,0.0,1.875,0.0,0.0,0.0,0.0,0.0,-1.0,0.0,0.0,0.0,-0.125,0.0,0.0,0.0,0.0,0.0,0.0,0.0,0.0,0.0,0.0,2.0,0.0,0.0,1.0,0.0,5
2.0,3.0,4.0,1.0,89.0,11.0,6.0,2.0,1.0,0.0,1.0,0.0,4.0,0.0,0.0,1.0,2.0,2.0,2.0,2.0,4.0,4.0,4.0,4.0,2.0,3.0,4.0,4.0,3.6666667,5.0,4.0,5.0,0.0,1.0,1.0,0.0,1.0,1.0,0.0,1.0,1.0,0.0,0.0,,1,1.0,1.0,5.0,1.0,5.0,1.0,4.0,1.0,1.0,0.0,1.0,0.0,5.0,1.0,4.0,1.0,5.0,1.0,5.0,1.0,3.75,0.75,3.0,0.0,4.0,1.0,4.0,1.0,2.0,0.0,2.0,0.0,5.0,1.0,2.0,0.0,1.0,5.0,1.0,5.0,1.0,4.0,1.0,1.0,0.0,1.0,0.0,5.0,1.0,4.0,1.0,5.0,1.0,4.0,1.0,3.75,0.0,0.0,0.0,0.0,0.0,0.0,0.0,0.0,-1.0,0.0,0.0,0.0,0.0,0.0,0.0,0.0,0.0,0.0,0.0,0.0,,,0.0,1.0,1.0,3
1.0,3.0,4.0,2.0,69.0,9.0,4.0,3.0,1.0,0.0,1.0,0.0,8.0,0.0,1.0,0.0,4.0,5.0,4.0,4.3333335,2.0,4.0,1.0,2.3333333,100.0,5.0,5.0,5.0,5.0,2.0,2.0,5.0,1.0,0.0,1.0,0.0,1.0,0.0,0.0,1.0,1.0,0.0,0.0,,1,1.0,1.0,4.0,1.0,5.0,1.0,4.0,1.0,4.0,1.0,4.0,1.0,1.0,0.0,1.0,0.0,4.0,1.0,1.0,0.0,3.375,0.75,2.0,0.0,2.0,0.0,2.0,0.0,5.0,1.0,2.0,0.0,4.0,1.0,4.0,1.0,0.0,4.0,1.0,5.0,1.0,2.0,0.0,2.0,0.0,3.0,0.0,1.0,0.0,1.0,0.0,4.0,1.0,2.0,0.0,2.75,0.0,0.0,-2.0,-2.0,-1.0,0.0,0.0,0.0,1.0,-0.625,0.0,0.0,-1.0,-1.0,-1.0,0.0,0.0,0.0,0.0,-0.375,,,1.0,1.0,1.0,5
4.0,2.0,3.0,1.0,66.0,6.0,2.0,2.0,1.0,0.0,1.0,0.0,7.0,0.0,1.0,0.0,3.0,2.0,2.0,2.3333333,4.0,5.0,3.0,4.0,-2.0,2.0,4.0,3.0,3.0,3.0,2.0,4.0,1.0,0.0,0.0,0.0,0.0,0.0,0.0,0.0,0.0,1.0,,0.0,0,,1.0,4.0,1.0,4.0,1.0,5.0,1.0,2.0,0.0,2.0,0.0,3.0,0.0,1.0,0.0,4.0,1.0,4.0,1.0,3.125,0.5,4.0,1.0,3.0,0.0,4.0,1.0,4.0,1.0,3.0,0.0,5.0,1.0,5.0,1.0,1.0,5.0,1.0,4.0,1.0,4.0,1.0,2.0,0.0,2.0,0.0,3.0,0.0,2.0,0.0,5.0,1.0,4.0,1.0,3.375,1.0,0.0,-1.0,0.0,0.0,0.0,1.0,1.0,0.0,0.25,0.0,0.0,0.0,0.0,0.0,0.0,0.0,0.0,0.0,0.0,,,0.0,0.0,0.0,2
4.0,2.0,3.0,1.0,85.0,2.0,6.0,2.0,1.0,0.0,1.0,0.0,2.0,1.0,0.0,0.0,2.0,1.0,1.0,1.3333334,3.0,3.0,2.0,2.6666667,0.0,1.0,2.0,2.0,1.6666666,1.0,4.0,5.0,0.0,1.0,1.0,0.0,1.0,0.0,0.0,0.0,0.0,1.0,,0.0,0,,1.0,5.0,1.0,5.0,1.0,5.0,1.0,1.0,0.0,1.0,0.0,1.0,0.0,1.0,0.0,5.0,1.0,1.0,0.0,3.0,0.5,1.0,0.0,2.0,0.0,2.0,0.0,5.0,1.0,1.0,0.0,5.0,1.0,5.0,1.0,0.0,5.0,1.0,5.0,1.0,5.0,1.0,1.0,0.0,1.0,0.0,1.0,0.0,1.0,0.0,4.0,1.0,1.0,0.0,2.875,0.0,0.0,0.0,0.0,0.0,0.0,0.0,-1.0,0.0,-0.125,0.0,0.0,0.0,0.0,0.0,0.0,0.0,0.0,0.0,0.0,,,0.0,0.0,0.0,2
4.0,2.0,3.0,1.0,78.0,19.0,5.0,3.0,1.0,0.0,1.0,0.0,3.0,0.0,0.0,1.0,3.0,3.0,3.0,3.0,3.0,3.0,4.0,3.3333333,0.0,2.0,4.0,3.0,3.0,3.0,4.0,5.0,0.0,1.0,1.0,0.0,1.0,0.0,0.0,0.0,0.0,1.0,,0.0,0,,1.0,2.0,0.0,3.0,0.0,1.0,0.0,1.0,0.0,1.0,0.0,2.0,0.0,1.0,0.0,1.0,0.0,1.0,0.0,1.5,0.0,3.0,0.0,1.0,0.0,1.0,0.0,4.0,1.0,2.0,0.0,5.0,1.0,3.0,0.0,0.0,4.0,1.0,4.0,1.0,1.0,0.0,1.0,0.0,1.0,0.0,2.0,0.0,1.0,0.0,1.0,0.0,2.0,0.0,1.875,2.0,1.0,0.0,0.0,0.0,0.0,0.0,0.0,1.0,0.375,1.0,1.0,0.0,0.0,0.0,0.0,0.0,0.0,0.0,0.25,,,0.0,0.0,0.0,2
3.0,2.0,4.0,1.0,52.0,13.0,6.0,4.0,0.0,1.0,0.0,0.0,7.0,0.0,1.0,0.0,1.0,1.0,1.0,1.0,5.0,5.0,4.0,4.6666665,0.0,2.0,4.0,2.0,2.6666667,5.0,4.0,5.0,1.0,0.0,0.0,1.0,1.0,1.0,0.0,0.0,0.0,1.0,,0.0,0,,1.0,5.0,1.0,5.0,1.0,4.0,1.0,3.0,0.0,4.0,1.0,4.0,1.0,4.0,1.0,3.0,0.0,3.0,0.0,4.0,0.75,4.0,1.0,4.0,1.0,4.0,1.0,4.0,1.0,2.0,0.0,5.0,1.0,5.0,1.0,0.0,5.0,1.0,5.0,1.0,4.0,1.0,2.0,0.0,3.0,0.0,4.0,1.0,3.0,0.0,4.0,1.0,3.0,0.0,3.75,0.0,0.0,0.0,-1.0,-1.0,0.0,-1.0,1.0,0.0,-0.25,0.0,0.0,0.0,0.0,-1.0,0.0,-1.0,1.0,0.0,-0.125,,,0.0,0.0,0.0,2
4.0,2.0,3.0,1.0,45.0,7.0,4.0,3.0,0.0,1.0,1.0,0.0,4.0,0.0,0.0,1.0,2.0,2.0,2.0,2.0,2.0,4.0,1.0,2.3333333,-31.0,1.0,1.0,1.0,1.0,5.0,2.0,5.0,0.0,1.0,1.0,1.0,2.0,1.0,0.0,0.0,0.0,1.0,,0.0,0,,1.0,4.0,1.0,3.0,0.0,1.0,0.0,1.0,0.0,1.0,0.0,4.0,1.0,2.0,0.0,4.0,1.0,2.0,0.0,2.5,0.375,1.0,0.0,2.0,0.0,2.0,0.0,1.0,0.0,2.0,0.0,4.0,1.0,4.0,1.0,0.0,4.0,1.0,3.0,0.0,1.0,0.0,1.0,0.0,1.0,0.0,4.0,1.0,1.0,0.0,4.0,1.0,2.0,0.0,2.375,0.0,0.0,0.0,0.0,0.0,0.0,-1.0,0.0,0.0,-0.125,0.0,0.0,0.0,0.0,0.0,0.0,0.0,0.0,0.0,0.0,,,0.0,0.0,0.0,1
4.0,2.0,3.0,1.0,37.0,5.0,4.0,3.0,0.0,1.0,1.0,0.0,5.0,0.0,0.0,1.0,4.0,2.0,3.0,3.0,3.0,4.0,3.0,3.3333333,35.0,3.0,3.0,3.0,3.0,4.0,4.0,3.0,1.0,0.0,0.0,1.0,1.0,1.0,0.0,0.0,0.0,1.0,,0.0,0,,1.0,4.0,1.0,4.0,1.0,2.0,0.0,2.0,0.0,1.0,0.0,4.0,1.0,3.0,0.0,3.0,0.0,3.0,0.0,2.875,0.375,4.0,1.0,3.0,0.0,3.0,0.0,3.0,0.0,3.0,0.0,5.0,1.0,3.0,0.0,0.0,4.0,1.0,4.0,1.0,3.0,0.0,4.0,1.0,1.0,0.0,4.0,1.0,3.0,0.0,4.0,1.0,4.0,1.0,3.375,0.0,0.0,1.0,2.0,0.0,0.0,0.0,1.0,1.0,0.5,0.0,0.0,0.0,1.0,0.0,0.0,0.0,1.0,1.0,0.25,,,0.0,1.0,0.0,4
1.0,3.0,4.0,2.0,67.0,16.0,5.0,3.0,1.0,1.0,1.0,0.0,1.0,1.0,0.0,0.0,1.0,2.0,1.0,1.3333334,5.0,5.0,2.0,4.0,40.0,3.0,2.0,2.0,2.3333333,4.0,5.0,5.0,0.0,1.0,0.0,1.0,1.0,0.0,0.0,1.0,1.0,0.0,0.0,,1,1.0,1.0,5.0,1.0,5.0,1.0,5.0,1.0,3.0,0.0,5.0,1.0,3.0,0.0,4.0,1.0,4.0,1.0,5.0,1.0,4.25,0.75,5.0,1.0,5.0,1.0,5.0,1.0,3.0,0.0,5.0,1.0,5.0,1.0,5.0,1.0,1.0,5.0,1.0,5.0,1.0,5.0,1.0,5.0,1.0,5.0,1.0,5.0,1.0,5.0,1.0,5.0,1.0,5.0,1.0,5.0,0.0,0.0,0.0,2.0,0.0,2.0,1.0,1.0,0.0,0.75,0.0,0.0,0.0,1.0,0.0,1.0,0.0,0.0,0.0,0.25,,,1.0,1.0,1.0,4
3.0,2.0,4.0,1.0,47.0,5.0,6.0,3.0,0.0,1.0,1.0,0.0,8.0,0.0,1.0,0.0,2.0,2.0,1.0,1.6666666,1.0,4.0,2.0,2.3333333,98.0,5.0,5.0,5.0,5.0,1.0,4.0,4.0,1.0,0.0,0.0,0.0,0.0,0.0,0.0,1.0,1.0,0.0,0.0,,1,1.0,1.0,4.0,1.0,5.0,1.0,4.0,1.0,1.0,0.0,2.0,0.0,2.0,0.0,1.0,0.0,4.0,1.0,1.0,0.0,2.875,0.5,2.0,0.0,2.0,0.0,4.0,1.0,4.0,1.0,1.0,0.0,5.0,1.0,5.0,1.0,0.0,5.0,1.0,5.0,1.0,4.0,1.0,1.0,0.0,1.0,0.0,2.0,0.0,1.0,0.0,5.0,1.0,1.0,0.0,3.0,1.0,0.0,0.0,0.0,-1.0,0.0,0.0,1.0,0.0,0.125,0.0,0.0,0.0,0.0,0.0,0.0,0.0,0.0,0.0,0.0,,,0.0,1.0,0.0,5
3.0,2.0,4.0,1.0,58.0,7.0,5.0,1.0,0.0,0.0,0.0,1.0,2.0,1.0,0.0,0.0,2.0,4.0,1.0,2.3333333,5.0,4.0,2.0,3.6666667,17.0,2.0,5.0,3.0,3.3333333,4.0,1.0,4.0,0.0,1.0,1.0,1.0,2.0,1.0,0.0,1.0,1.0,0.0,0.0,,1,1.0,1.0,4.0,1.0,4.0,1.0,2.0,0.0,1.0,0.0,1.0,0.0,4.0,1.0,3.0,0.0,2.0,0.0,3.0,0.0,2.625,0.375,3.0,0.0,2.0,0.0,2.0,0.0,4.0,1.0,2.0,0.0,1.0,0.0,4.0,1.0,0.0,5.0,1.0,4.0,1.0,1.0,0.0,1.0,0.0,2.0,0.0,4.0,1.0,2.0,0.0,4.0,1.0,3.0,0.0,2.875,1.0,0.0,-1.0,0.0,1.0,0.0,-1.0,2.0,0.0,0.25,0.0,0.0,0.0,0.0,0.0,0.0,0.0,1.0,0.0,0.125,,,0.0,1.0,0.0,4
3.0,1.0,4.0,2.0,65.0,8.0,5.0,1.0,0.0,1.0,1.0,0.0,7.0,0.0,1.0,0.0,1.0,2.0,2.0,1.6666666,4.0,4.0,4.0,4.0,15.0,4.0,4.0,5.0,4.3333335,4.0,4.0,4.0,1.0,0.0,1.0,0.0,1.0,0.0,0.0,0.0,0.0,1.0,,0.0,0,,1.0,4.0,1.0,4.0,1.0,3.0,0.0,2.0,0.0,4.0,1.0,4.0,1.0,4.0,1.0,4.0,1.0,4.0,1.0,3.625,0.75,2.0,0.0,4.0,1.0,4.0,1.0,2.0,0.0,3.0,0.0,4.0,1.0,4.0,1.0,1.0,5.0,1.0,5.0,1.0,5.0,1.0,4.0,1.0,4.0,1.0,5.0,1.0,4.0,1.0,5.0,1.0,4.0,1.0,4.625,1.0,1.0,2.0,2.0,0.0,1.0,0.0,1.0,0.0,1.0,0.0,0.0,1.0,1.0,0.0,0.0,0.0,0.0,0.0,0.25,,,0.0,1.0,0.0,4
3.0,2.0,4.0,1.0,24.0,15.0,6.0,2.0,0.0,1.0,1.0,0.0,8.0,0.0,1.0,0.0,4.0,3.0,3.0,3.3333333,1.0,5.0,4.0,3.3333333,76.0,4.0,4.0,3.0,3.6666667,1.0,2.0,4.0,1.0,0.0,1.0,1.0,2.0,1.0,0.0,0.0,0.0,1.0,,0.0,0,,1.0,4.0,1.0,4.0,1.0,4.0,1.0,2.0,0.0,1.0,0.0,3.0,0.0,2.0,0.0,2.0,0.0,3.0,0.0,2.75,0.375,2.0,0.0,2.0,0.0,3.0,0.0,4.0,1.0,2.0,0.0,4.0,1.0,3.0,0.0,0.0,5.0,1.0,5.0,1.0,5.0,1.0,1.0,0.0,1.0,0.0,3.0,0.0,1.0,0.0,1.0,0.0,3.0,0.0,2.75,1.0,1.0,1.0,-1.0,0.0,0.0,-1.0,-1.0,0.0,0.0,0.0,0.0,0.0,0.0,0.0,0.0,0.0,0.0,0.0,0.0,,,0.0,1.0,0.0,5
1.0,3.0,4.0,2.0,52.0,19.0,6.0,1.0,0.0,0.0,1.0,0.0,2.0,1.0,0.0,0.0,3.0,2.0,2.0,2.3333333,4.0,4.0,3.0,3.6666667,-59.0,1.0,4.0,2.0,2.3333333,3.0,3.0,4.0,0.0,1.0,1.0,1.0,2.0,0.0,0.0,1.0,1.0,0.0,0.0,,1,0.0,0.0,3.0,0.0,4.0,1.0,3.0,0.0,1.0,0.0,1.0,0.0,4.0,1.0,4.0,1.0,4.0,1.0,2.0,0.0,3.0,0.5,2.0,0.0,2.0,0.0,2.0,0.0,2.0,0.0,2.0,0.0,4.0,1.0,3.0,0.0,0.0,3.0,0.0,4.0,1.0,3.0,0.0,1.0,0.0,1.0,0.0,4.0,1.0,4.0,1.0,3.0,0.0,3.0,0.0,2.875,0.0,0.0,0.0,0.0,0.0,0.0,0.0,-1.0,1.0,-0.125,0.0,0.0,0.0,0.0,0.0,0.0,0.0,-1.0,0.0,-0.125,4.0,1.0,1.0,0.0,1.0,1
2.0,3.0,4.0,1.0,61.0,12.0,6.0,3.0,0.0,0.0,1.0,0.0,7.0,0.0,1.0,0.0,4.0,4.0,3.0,3.6666667,4.0,4.0,3.0,3.6666667,45.0,4.0,4.0,3.0,3.6666667,4.0,4.0,5.0,1.0,0.0,1.0,0.0,1.0,1.0,0.0,0.0,0.0,1.0,,0.0,0,,1.0,3.0,0.0,5.0,1.0,4.0,1.0,2.0,0.0,2.0,0.0,4.0,1.0,4.0,1.0,4.0,1.0,3.0,0.0,3.5,0.625,3.0,0.0,2.0,0.0,4.0,1.0,3.0,0.0,3.0,0.0,4.0,1.0,3.0,0.0,1.0,4.0,1.0,4.0,1.0,4.0,1.0,2.0,0.0,2.0,0.0,4.0,1.0,4.0,1.0,4.0,1.0,3.0,0.0,3.5,1.0,-1.0,0.0,0.0,0.0,0.0,0.0,0.0,0.0,0.0,1.0,0.0,0.0,0.0,0.0,0.0,0.0,0.0,0.0,0.125,,,0.0,1.0,1.0,4
4.0,2.0,1.0,3.0,81.0,8.0,6.0,3.0,1.0,1.0,0.0,0.0,1.0,1.0,0.0,0.0,1.0,2.0,2.0,1.6666666,1.0,2.0,3.0,2.0,5.0,4.0,3.0,2.0,3.0,4.0,2.0,5.0,0.0,1.0,1.0,1.0,2.0,0.0,0.0,1.0,1.0,0.0,0.0,,1,0.0,0.0,3.0,0.0,5.0,1.0,4.0,1.0,1.0,0.0,1.0,0.0,4.0,1.0,2.0,0.0,2.0,0.0,4.0,1.0,2.75,0.375,3.0,0.0,2.0,0.0,3.0,0.0,4.0,1.0,2.0,0.0,4.0,1.0,4.0,1.0,0.0,2.0,0.0,4.0,1.0,4.0,1.0,1.0,0.0,1.0,0.0,3.0,0.0,1.0,0.0,2.0,0.0,4.0,1.0,2.25,-1.0,-1.0,0.0,0.0,0.0,-1.0,-1.0,0.0,0.0,-0.5,0.0,0.0,0.0,0.0,0.0,-1.0,0.0,0.0,0.0,-0.125,4.0,1.0,0.0,1.0,0.0,3
2.0,1.0,4.0,3.0,85.0,1.0,2.0,1.0,1.0,0.0,1.0,0.0,6.0,0.0,0.0,1.0,4.0,5.0,3.0,4.0,4.0,4.0,3.0,3.6666667,5.0,4.0,3.0,4.0,3.6666667,3.0,4.0,5.0,1.0,0.0,0.0,0.0,0.0,0.0,0.0,1.0,1.0,0.0,0.0,,1,1.0,1.0,4.0,1.0,4.0,1.0,4.0,1.0,4.0,1.0,4.0,1.0,4.0,1.0,4.0,1.0,4.0,1.0,4.0,1.0,4.0,1.0,3.0,0.0,4.0,1.0,4.0,1.0,4.0,1.0,4.0,1.0,4.0,1.0,4.0,1.0,0.0,4.0,1.0,4.0,1.0,4.0,1.0,4.0,1.0,4.0,1.0,4.0,1.0,4.0,1.0,4.0,1.0,4.0,1.0,4.0,0.0,0.0,0.0,0.0,0.0,0.0,0.0,0.0,0.0,0.0,0.0,0.0,0.0,0.0,0.0,0.0,0.0,0.0,0.0,0.0,,,0.0,1.0,0.0,3
2.0,3.0,4.0,1.0,25.0,22.0,6.0,1.0,0.0,1.0,1.0,0.0,3.0,0.0,0.0,1.0,2.0,2.0,2.0,2.0,3.0,4.0,3.0,3.3333333,-20.0,1.0,4.0,2.0,2.3333333,4.0,4.0,4.0,0.0,0.0,0.0,1.0,1.0,1.0,0.0,0.0,0.0,1.0,,0.0,0,,1.0,3.0,0.0,5.0,1.0,5.0,1.0,2.0,0.0,4.0,1.0,4.0,1.0,4.0,1.0,5.0,1.0,3.0,0.0,4.0,0.75,4.0,1.0,4.0,1.0,4.0,1.0,3.0,0.0,3.0,0.0,4.0,1.0,5.0,1.0,0.0,4.0,1.0,5.0,1.0,5.0,1.0,3.0,0.0,3.0,0.0,4.0,1.0,4.0,1.0,5.0,1.0,4.0,1.0,4.125,1.0,0.0,0.0,1.0,-1.0,0.0,0.0,0.0,1.0,0.125,1.0,0.0,0.0,0.0,-1.0,0.0,0.0,0.0,1.0,0.0,,,0.0,0.0,1.0,1
3.0,4.0,1.0,2.0,33.0,1.0,4.0,2.0,0.0,1.0,1.0,0.0,8.0,0.0,1.0,0.0,4.0,5.0,4.0,4.3333335,5.0,5.0,1.0,3.6666667,47.0,4.0,4.0,1.0,3.0,5.0,5.0,3.0,1.0,0.0,0.0,0.0,0.0,1.0,0.0,1.0,1.0,0.0,0.0,,1,1.0,1.0,2.0,0.0,3.0,0.0,1.0,0.0,4.0,1.0,1.0,0.0,1.0,0.0,2.0,0.0,2.0,0.0,3.0,0.0,2.0,0.125,3.0,0.0,4.0,1.0,4.0,1.0,5.0,1.0,4.0,1.0,2.0,0.0,2.0,0.0,1.0,4.0,1.0,5.0,1.0,3.0,0.0,3.0,0.0,5.0,1.0,5.0,1.0,5.0,1.0,5.0,1.0,5.0,1.0,4.375,2.0,2.0,2.0,-1.0,4.0,4.0,3.0,3.0,2.0,2.375,1.0,1.0,0.0,-1.0,1.0,1.0,1.0,1.0,1.0,0.625,,,0.0,1.0,1.0,4
3.0,2.0,4.0,1.0,63.0,1.0,2.0,1.0,0.0,1.0,1.0,0.0,7.0,0.0,1.0,0.0,1.0,1.0,1.0,1.0,5.0,5.0,5.0,5.0,1.0,1.0,5.0,1.0,2.3333333,5.0,5.0,5.0,0.0,1.0,1.0,1.0,2.0,1.0,0.0,1.0,1.0,0.0,0.0,,1,0.0,0.0,5.0,1.0,5.0,1.0,1.0,0.0,1.0,0.0,1.0,0.0,5.0,1.0,5.0,1.0,5.0,1.0,5.0,1.0,3.5,0.625,2.0,0.0,1.0,0.0,3.0,0.0,3.0,0.0,1.0,0.0,5.0,1.0,5.0,1.0,0.0,5.0,1.0,5.0,1.0,3.0,0.0,1.0,0.0,1.0,0.0,5.0,1.0,5.0,1.0,5.0,1.0,5.0,1.0,3.75,0.0,0.0,2.0,0.0,0.0,0.0,0.0,0.0,0.0,0.25,0.0,0.0,0.0,0.0,0.0,0.0,0.0,0.0,0.0,0.0,5.0,1.0,0.0,0.0,0.0,3
4.0,1.0,2.0,3.0,53.0,4.0,6.0,3.0,0.0,0.0,0.0,0.0,7.0,0.0,1.0,0.0,3.0,4.0,2.0,3.0,2.0,4.0,3.0,3.0,95.0,4.0,4.0,5.0,4.3333335,3.0,3.0,4.0,1.0,0.0,1.0,1.0,2.0,1.0,0.0,0.0,0.0,1.0,,0.0,0,,1.0,3.0,0.0,3.0,0.0,4.0,1.0,3.0,0.0,2.0,0.0,3.0,0.0,3.0,0.0,3.0,0.0,3.0,0.0,3.0,0.125,2.0,0.0,3.0,0.0,3.0,0.0,4.0,1.0,2.0,0.0,3.0,0.0,4.0,1.0,0.0,4.0,1.0,3.0,0.0,4.0,1.0,2.0,0.0,2.0,0.0,3.0,0.0,3.0,0.0,4.0,1.0,3.0,0.0,3.125,1.0,0.0,0.0,-1.0,0.0,0.0,0.0,1.0,0.0,0.125,1.0,0.0,0.0,0.0,0.0,0.0,0.0,1.0,0.0,0.25,,,0.0,1.0,0.0,5
3.0,2.0,4.0,1.0,77.0,11.0,7.0,2.0,1.0,1.0,1.0,0.0,1.0,1.0,0.0,0.0,1.0,1.0,1.0,1.0,1.0,3.0,1.0,1.6666666,-15.0,2.0,4.0,3.0,3.0,4.0,5.0,5.0,0.0,1.0,1.0,1.0,2.0,0.0,0.0,1.0,1.0,0.0,0.0,,1,0.0,0.0,5.0,1.0,5.0,1.0,5.0,1.0,1.0,0.0,1.0,0.0,4.0,1.0,3.0,0.0,4.0,1.0,4.0,1.0,3.5,0.625,1.0,0.0,2.0,0.0,3.0,0.0,4.0,1.0,1.0,0.0,5.0,1.0,4.0,1.0,0.0,5.0,1.0,5.0,1.0,5.0,1.0,1.0,0.0,1.0,0.0,4.0,1.0,4.0,1.0,4.0,1.0,3.0,0.0,3.625,0.0,0.0,0.0,0.0,0.0,0.0,1.0,0.0,-1.0,0.125,0.0,0.0,0.0,0.0,0.0,0.0,1.0,0.0,-1.0,0.125,5.0,1.0,0.0,0.0,0.0,1
2.0,3.0,4.0,1.0,38.0,19.0,7.0,1.0,0.0,1.0,1.0,0.0,4.0,0.0,0.0,1.0,1.0,1.0,1.0,1.0,1.0,3.0,1.0,1.6666666,-2.0,3.0,4.0,3.0,3.3333333,3.0,3.0,3.0,0.0,1.0,1.0,0.0,1.0,0.0,0.0,1.0,1.0,0.0,0.0,,1,1.0,1.0,3.0,0.0,4.0,1.0,3.0,0.0,1.0,0.0,1.0,0.0,3.0,0.0,3.0,0.0,4.0,1.0,3.0,0.0,2.75,0.25,3.0,0.0,1.0,0.0,3.0,0.0,4.0,1.0,2.0,0.0,5.0,1.0,3.0,0.0,0.0,3.0,0.0,4.0,1.0,1.0,0.0,1.0,0.0,1.0,0.0,3.0,0.0,3.0,0.0,4.0,1.0,3.0,0.0,2.5,0.0,0.0,-2.0,0.0,0.0,0.0,0.0,0.0,0.0,-0.25,0.0,0.0,0.0,0.0,0.0,0.0,0.0,0.0,0.0,0.0,,,0.0,0.0,1.0,2
4.0,2.0,3.0,1.0,76.0,4.0,5.0,2.0,1.0,1.0,1.0,0.0,8.0,0.0,1.0,0.0,3.0,2.0,3.0,2.6666667,3.0,4.0,2.0,3.0,1.0,3.0,3.0,2.0,2.6666667,4.0,3.0,5.0,1.0,0.0,0.0,1.0,1.0,0.0,0.0,0.0,0.0,1.0,,0.0,0,,1.0,4.0,1.0,4.0,1.0,3.0,0.0,2.0,0.0,2.0,0.0,3.0,0.0,3.0,0.0,4.0,1.0,4.0,1.0,3.125,0.375,2.0,0.0,3.0,0.0,3.0,0.0,4.0,1.0,4.0,1.0,4.0,1.0,4.0,1.0,0.0,4.0,1.0,4.0,1.0,4.0,1.0,2.0,0.0,2.0,0.0,3.0,0.0,3.0,0.0,4.0,1.0,4.0,1.0,3.25,0.0,0.0,1.0,0.0,0.0,0.0,0.0,0.0,0.0,0.125,0.0,0.0,1.0,0.0,0.0,0.0,0.0,0.0,0.0,0.125,,,0.0,0.0,0.0,3
1.0,3.0,4.0,2.0,72.0,4.0,2.0,2.0,1.0,0.0,1.0,0.0,2.0,1.0,0.0,0.0,3.0,3.0,4.0,3.3333333,4.0,4.0,4.0,4.0,-2.0,4.0,4.0,3.0,3.6666667,4.0,3.0,5.0,0.0,1.0,1.0,1.0,2.0,1.0,0.0,1.0,1.0,0.0,0.0,,1,1.0,1.0,4.0,1.0,4.0,1.0,3.0,0.0,2.0,0.0,3.0,0.0,4.0,1.0,4.0,1.0,4.0,1.0,4.0,1.0,3.5,0.625,4.0,1.0,2.0,0.0,2.0,0.0,2.0,0.0,2.0,0.0,3.0,0.0,4.0,1.0,0.0,4.0,1.0,4.0,1.0,3.0,0.0,2.0,0.0,2.0,0.0,4.0,1.0,4.0,1.0,4.0,1.0,3.0,0.0,3.375,0.0,0.0,0.0,0.0,-1.0,0.0,0.0,0.0,-1.0,-0.125,0.0,0.0,0.0,0.0,0.0,0.0,0.0,0.0,-1.0,0.0,,,1.0,0.0,1.0,2
4.0,1.0,3.0,2.0,72.0,2.0,5.0,2.0,1.0,1.0,1.0,0.0,7.0,0.0,1.0,0.0,4.0,3.0,3.0,3.3333333,5.0,5.0,3.0,4.3333335,99.0,2.0,3.0,2.0,2.3333333,3.0,3.0,3.0,1.0,0.0,0.0,0.0,0.0,0.0,0.0,0.0,0.0,1.0,,0.0,0,,1.0,2.0,0.0,3.0,0.0,3.0,0.0,1.0,0.0,1.0,0.0,3.0,0.0,2.0,0.0,2.0,0.0,3.0,0.0,2.125,0.0,1.0,0.0,2.0,0.0,3.0,0.0,4.0,1.0,2.0,0.0,2.0,0.0,2.0,0.0,0.0,4.0,1.0,2.0,0.0,2.0,0.0,1.0,0.0,3.0,0.0,3.0,0.0,2.0,0.0,3.0,0.0,3.0,0.0,2.5,2.0,-1.0,-1.0,0.0,2.0,0.0,0.0,1.0,0.0,0.375,1.0,0.0,0.0,0.0,0.0,0.0,0.0,0.0,0.0,0.125,,,0.0,1.0,0.0,5
3.0,2.0,4.0,1.0,43.0,2.0,5.0,3.0,0.0,1.0,1.0,0.0,8.0,0.0,1.0,0.0,2.0,1.0,1.0,1.3333334,4.0,5.0,1.0,3.3333333,56.0,4.0,5.0,2.0,3.6666667,2.0,4.0,4.0,0.0,0.0,1.0,1.0,2.0,1.0,0.0,1.0,1.0,0.0,0.0,,1,0.0,0.0,5.0,1.0,5.0,1.0,3.0,0.0,3.0,0.0,2.0,0.0,4.0,1.0,4.0,1.0,5.0,1.0,3.0,0.0,3.875,0.625,2.0,0.0,2.0,0.0,4.0,1.0,3.0,0.0,4.0,1.0,5.0,1.0,5.0,1.0,1.0,5.0,1.0,4.0,1.0,4.0,1.0,4.0,1.0,4.0,1.0,5.0,1.0,5.0,1.0,5.0,1.0,4.0,1.0,4.5,0.0,-1.0,1.0,1.0,2.0,1.0,1.0,0.0,1.0,0.625,0.0,0.0,1.0,1.0,1.0,0.0,0.0,0.0,1.0,0.375,5.0,1.0,0.0,1.0,0.0,5
4.0,1.0,2.0,3.0,73.0,21.0,4.0,2.0,1.0,0.0,1.0,0.0,8.0,0.0,1.0,0.0,2.0,3.0,2.0,2.3333333,3.0,5.0,4.0,4.0,6.0,2.0,4.0,3.0,3.0,3.0,3.0,5.0,1.0,0.0,0.0,1.0,1.0,1.0,0.0,0.0,0.0,1.0,,0.0,0,,1.0,5.0,1.0,4.0,1.0,4.0,1.0,4.0,1.0,3.0,0.0,5.0,1.0,5.0,1.0,4.0,1.0,5.0,1.0,4.25,0.875,5.0,1.0,2.0,0.0,4.0,1.0,4.0,1.0,3.0,0.0,5.0,1.0,5.0,1.0,0.0,5.0,1.0,5.0,1.0,4.0,1.0,3.0,0.0,3.0,0.0,5.0,1.0,4.0,1.0,5.0,1.0,4.0,1.0,4.25,0.0,1.0,0.0,-1.0,0.0,0.0,-1.0,1.0,-1.0,0.0,0.0,0.0,0.0,-1.0,0.0,0.0,0.0,0.0,0.0,-0.125,,,0.0,1.0,0.0,3
3.0,2.0,4.0,1.0,77.0,21.0,7.0,3.0,1.0,1.0,1.0,0.0,4.0,0.0,0.0,1.0,2.0,1.0,3.0,2.0,2.0,4.0,1.0,2.3333333,69.0,3.0,4.0,4.0,3.6666667,2.0,4.0,5.0,1.0,0.0,1.0,0.0,1.0,1.0,0.0,0.0,0.0,1.0,,0.0,0,,1.0,5.0,1.0,5.0,1.0,4.0,1.0,2.0,0.0,2.0,0.0,3.0,0.0,2.0,0.0,4.0,1.0,1.0,0.0,3.375,0.5,3.0,0.0,3.0,0.0,3.0,0.0,3.0,0.0,2.0,0.0,4.0,1.0,4.0,1.0,0.0,5.0,1.0,4.0,1.0,3.0,0.0,2.0,0.0,2.0,0.0,3.0,0.0,2.0,0.0,2.0,0.0,3.0,0.0,2.875,0.0,-1.0,-1.0,0.0,0.0,0.0,0.0,-2.0,2.0,-0.5,0.0,0.0,-1.0,0.0,0.0,0.0,0.0,-1.0,0.0,-0.25,,,0.0,1.0,0.0,5
3.0,2.0,4.0,1.0,74.0,16.0,7.0,1.0,1.0,1.0,1.0,0.0,1.0,1.0,0.0,0.0,1.0,1.0,1.0,1.0,2.0,1.0,1.0,1.3333334,-58.0,2.0,2.0,4.0,2.6666667,5.0,5.0,5.0,0.0,1.0,0.0,0.0,0.0,0.0,0.0,0.0,0.0,1.0,,0.0,0,,1.0,5.0,1.0,5.0,1.0,5.0,1.0,3.0,0.0,3.0,0.0,5.0,1.0,5.0,1.0,5.0,1.0,5.0,1.0,4.5,0.75,3.0,0.0,5.0,1.0,5.0,1.0,5.0,1.0,5.0,1.0,5.0,1.0,5.0,1.0,1.0,5.0,1.0,5.0,1.0,5.0,1.0,4.0,1.0,4.0,1.0,5.0,1.0,5.0,1.0,5.0,1.0,5.0,1.0,4.75,0.0,0.0,0.0,1.0,1.0,0.0,0.0,0.0,0.0,0.25,0.0,0.0,0.0,1.0,1.0,0.0,0.0,0.0,0.0,0.25,,,0.0,0.0,0.0,1
4.0,1.0,3.0,2.0,72.0,2.0,6.0,1.0,1.0,0.0,1.0,0.0,5.0,0.0,0.0,1.0,3.0,3.0,3.0,3.0,4.0,5.0,4.0,4.3333335,35.0,1.0,1.0,4.0,2.0,2.0,1.0,5.0,1.0,0.0,1.0,0.0,1.0,1.0,0.0,0.0,0.0,1.0,,0.0,0,,1.0,5.0,1.0,5.0,1.0,5.0,1.0,1.0,0.0,1.0,0.0,2.0,0.0,1.0,0.0,5.0,1.0,4.0,1.0,3.125,0.5,2.0,0.0,3.0,0.0,4.0,1.0,1.0,0.0,4.0,1.0,5.0,1.0,2.0,0.0,0.0,3.0,0.0,5.0,1.0,4.0,1.0,1.0,0.0,1.0,0.0,1.0,0.0,1.0,0.0,4.0,1.0,2.0,0.0,2.5,-2.0,0.0,-1.0,0.0,0.0,-1.0,0.0,-1.0,-2.0,-0.625,-1.0,0.0,0.0,0.0,0.0,0.0,0.0,0.0,-1.0,-0.125,,,0.0,1.0,0.0,4
4.0,2.0,3.0,1.0,40.0,16.0,2.0,2.0,0.0,1.0,1.0,0.0,7.0,0.0,1.0,0.0,1.0,3.0,1.0,1.6666666,3.0,3.0,2.0,2.6666667,2.0,3.0,3.0,3.0,3.0,4.0,4.0,2.0,1.0,0.0,0.0,0.0,0.0,1.0,0.0,0.0,0.0,1.0,,0.0,0,,1.0,3.0,0.0,4.0,1.0,3.0,0.0,3.0,0.0,4.0,1.0,4.0,1.0,4.0,1.0,3.0,0.0,4.0,1.0,3.5,0.5,3.0,0.0,3.0,0.0,3.0,0.0,3.0,0.0,3.0,0.0,3.0,0.0,3.0,0.0,0.0,3.0,0.0,3.0,0.0,3.0,0.0,3.0,0.0,3.0,0.0,3.0,0.0,3.0,0.0,3.0,0.0,3.0,0.0,3.0,0.0,-1.0,0.0,0.0,-1.0,-1.0,-1.0,0.0,-1.0,-0.5,0.0,-1.0,0.0,0.0,-1.0,-1.0,-1.0,0.0,-1.0,-0.5,,,0.0,1.0,0.0,3
3.0,1.0,4.0,2.0,70.0,18.0,6.0,3.0,1.0,0.0,1.0,0.0,8.0,0.0,1.0,0.0,3.0,4.0,3.0,3.3333333,3.0,5.0,5.0,4.3333335,100.0,5.0,5.0,5.0,5.0,4.0,3.0,5.0,1.0,0.0,1.0,1.0,2.0,0.0,0.0,0.0,0.0,1.0,,0.0,0,,1.0,5.0,1.0,5.0,1.0,4.0,1.0,1.0,0.0,1.0,0.0,4.0,1.0,1.0,0.0,4.0,1.0,3.0,0.0,3.125,0.625,3.0,0.0,2.0,0.0,3.0,0.0,5.0,1.0,3.0,0.0,5.0,1.0,3.0,0.0,0.0,5.0,1.0,5.0,1.0,4.0,1.0,1.0,0.0,1.0,0.0,4.0,1.0,1.0,0.0,4.0,1.0,4.0,1.0,3.125,0.0,0.0,0.0,0.0,0.0,0.0,0.0,0.0,1.0,0.0,0.0,0.0,0.0,0.0,0.0,0.0,0.0,0.0,1.0,0.0,,,0.0,1.0,0.0,5
4.0,3.0,2.0,1.0,59.0,7.0,4.0,2.0,0.0,1.0,1.0,0.0,8.0,0.0,1.0,0.0,4.0,4.0,2.0,3.3333333,5.0,5.0,2.0,4.0,-3.0,3.0,4.0,5.0,4.0,3.0,3.0,4.0,1.0,0.0,0.0,0.0,0.0,0.0,0.0,1.0,1.0,0.0,0.0,,1,0.0,0.0,5.0,1.0,4.0,1.0,3.0,0.0,1.0,0.0,2.0,0.0,3.0,0.0,1.0,0.0,4.0,1.0,3.0,0.0,2.875,0.375,5.0,1.0,4.0,1.0,2.0,0.0,3.0,0.0,3.0,0.0,4.0,1.0,4.0,1.0,0.0,5.0,1.0,4.0,1.0,2.0,0.0,1.0,0.0,1.0,0.0,3.0,0.0,1.0,0.0,4.0,1.0,2.0,0.0,2.625,0.0,0.0,-1.0,0.0,-1.0,0.0,0.0,0.0,-1.0,-0.25,0.0,0.0,0.0,0.0,0.0,0.0,0.0,0.0,0.0,0.0,4.0,1.0,0.0,0.0,0.0,2
1.0,3.0,4.0,2.0,67.0,19.0,4.0,3.0,1.0,1.0,1.0,0.0,5.0,0.0,0.0,1.0,2.0,2.0,2.0,2.0,4.0,4.0,4.0,4.0,50.0,3.0,3.0,3.0,3.0,2.0,3.0,4.0,1.0,0.0,1.0,1.0,2.0,1.0,0.0,1.0,1.0,0.0,0.0,,1,0.0,0.0,4.0,1.0,4.0,1.0,4.0,1.0,2.0,0.0,2.0,0.0,2.0,0.0,2.0,0.0,4.0,1.0,3.0,0.0,3.0,0.5,4.0,1.0,2.0,0.0,2.0,0.0,3.0,0.0,2.0,0.0,4.0,1.0,4.0,1.0,0.0,3.0,0.0,4.0,1.0,3.0,0.0,2.0,0.0,2.0,0.0,2.0,0.0,2.0,0.0,3.0,0.0,3.0,0.0,2.625,-1.0,0.0,-1.0,0.0,0.0,0.0,0.0,-1.0,0.0,-0.375,-1.0,0.0,-1.0,0.0,0.0,0.0,0.0,-1.0,0.0,-0.375,4.0,1.0,1.0,1.0,1.0,4
4.0,2.0,3.0,1.0,68.0,17.0,7.0,4.0,1.0,0.0,1.0,0.0,1.0,1.0,0.0,0.0,1.0,2.0,1.0,1.3333334,1.0,3.0,1.0,1.6666666,90.0,2.0,4.0,3.0,3.0,2.0,4.0,4.0,0.0,1.0,1.0,1.0,2.0,1.0,0.0,1.0,1.0,0.0,0.0,,1,0.0,0.0,4.0,1.0,5.0,1.0,4.0,1.0,1.0,0.0,1.0,0.0,3.0,0.0,4.0,1.0,3.0,0.0,2.0,0.0,3.125,0.5,2.0,0.0,2.0,0.0,3.0,0.0,2.0,0.0,3.0,0.0,5.0,1.0,4.0,1.0,0.0,3.0,0.0,5.0,1.0,4.0,1.0,1.0,0.0,1.0,0.0,3.0,0.0,4.0,1.0,4.0,1.0,2.0,0.0,3.125,-1.0,0.0,0.0,0.0,0.0,0.0,0.0,1.0,0.0,0.0,-1.0,0.0,0.0,0.0,0.0,0.0,0.0,1.0,0.0,0.0,5.0,1.0,0.0,1.0,0.0,5
2.0,4.0,3.0,1.0,52.0,5.0,-3105.0,2.0,0.0,1.0,1.0,0.0,5.0,0.0,0.0,1.0,3.0,2.0,1.0,2.0,2.0,3.0,1.0,2.0,61.0,2.0,2.0,3.0,2.3333333,3.0,3.0,3.0,1.0,0.0,1.0,1.0,2.0,0.0,0.0,1.0,1.0,0.0,0.0,,1,0.0,0.0,3.0,0.0,4.0,1.0,4.0,1.0,1.0,0.0,1.0,0.0,3.0,0.0,2.0,0.0,5.0,1.0,2.0,0.0,2.875,0.375,4.0,1.0,3.0,0.0,4.0,1.0,4.0,1.0,3.0,0.0,5.0,1.0,3.0,0.0,0.0,3.0,0.0,5.0,1.0,5.0,1.0,1.0,0.0,1.0,0.0,3.0,0.0,2.0,0.0,5.0,1.0,2.0,0.0,3.125,0.0,1.0,1.0,0.0,0.0,0.0,0.0,0.0,0.0,0.25,0.0,0.0,0.0,0.0,0.0,0.0,0.0,0.0,0.0,0.0,5.0,1.0,0.0,1.0,1.0,5
1.0,3.0,2.0,4.0,72.0,1.0,5.0,1.0,1.0,0.0,1.0,0.0,3.0,0.0,0.0,1.0,1.0,1.0,2.0,1.3333334,4.0,3.0,5.0,4.0,1.0,3.0,4.0,2.0,3.0,4.0,4.0,5.0,0.0,1.0,1.0,0.0,1.0,1.0,0.0,1.0,1.0,0.0,0.0,,1,1.0,1.0,5.0,1.0,5.0,1.0,4.0,1.0,2.0,0.0,1.0,0.0,4.0,1.0,4.0,1.0,5.0,1.0,5.0,1.0,3.75,0.75,3.0,0.0,2.0,0.0,4.0,1.0,3.0,0.0,5.0,1.0,5.0,1.0,5.0,1.0,1.0,5.0,1.0,5.0,1.0,4.0,1.0,1.0,0.0,1.0,0.0,4.0,1.0,4.0,1.0,5.0,1.0,5.0,1.0,3.625,0.0,0.0,0.0,-1.0,0.0,0.0,0.0,0.0,0.0,-0.125,0.0,0.0,0.0,0.0,0.0,0.0,0.0,0.0,0.0,0.0,,,1.0,0.0,1.0,3
2.0,1.0,4.0,3.0,28.0,7.0,5.0,2.0,0.0,0.0,1.0,0.0,3.0,0.0,0.0,1.0,4.0,2.0,4.0,3.3333333,2.0,3.0,3.0,2.6666667,-29.0,3.0,2.0,3.0,2.6666667,3.0,3.0,3.0,0.0,0.0,0.0,1.0,1.0,1.0,0.0,0.0,0.0,1.0,,0.0,0,,1.0,4.0,1.0,3.0,0.0,3.0,0.0,2.0,0.0,2.0,0.0,3.0,0.0,4.0,1.0,2.0,0.0,3.0,0.0,2.875,0.25,3.0,0.0,2.0,0.0,3.0,0.0,3.0,0.0,3.0,0.0,4.0,1.0,3.0,0.0,0.0,3.0,0.0,2.0,0.0,3.0,0.0,3.0,0.0,4.0,1.0,3.0,0.0,2.0,0.0,3.0,0.0,3.0,0.0,2.875,-1.0,-1.0,0.0,1.0,2.0,0.0,-2.0,1.0,0.0,0.0,-1.0,0.0,0.0,0.0,1.0,0.0,-1.0,0.0,0.0,-0.125,,,0.0,0.0,0.0,1
4.0,1.0,3.0,2.0,69.0,3.0,1.0,4.0,1.0,1.0,0.0,0.0,8.0,0.0,1.0,0.0,1.0,3.0,1.0,1.6666666,4.0,3.0,1.0,2.6666667,85.0,5.0,4.0,5.0,4.6666665,3.0,4.0,4.0,1.0,0.0,0.0,1.0,1.0,0.0,0.0,0.0,0.0,1.0,,0.0,0,,1.0,3.0,0.0,4.0,1.0,2.0,0.0,1.0,0.0,2.0,0.0,1.0,0.0,1.0,0.0,2.0,0.0,2.0,0.0,2.0,0.125,4.0,1.0,2.0,0.0,3.0,0.0,5.0,1.0,2.0,0.0,3.0,0.0,4.0,1.0,0.0,3.0,0.0,3.0,0.0,1.0,0.0,1.0,0.0,1.0,0.0,1.0,0.0,2.0,0.0,3.0,0.0,2.0,0.0,1.875,0.0,-1.0,-1.0,0.0,-1.0,0.0,1.0,1.0,0.0,-0.125,0.0,-1.0,0.0,0.0,0.0,0.0,0.0,0.0,0.0,-0.125,,,0.0,1.0,0.0,5
2.0,3.0,4.0,1.0,78.0,13.0,7.0,2.0,1.0,0.0,1.0,0.0,1.0,1.0,0.0,0.0,4.0,1.0,2.0,2.3333333,5.0,3.0,4.0,4.0,7.0,2.0,4.0,1.0,2.3333333,5.0,4.0,5.0,0.0,1.0,1.0,1.0,2.0,1.0,0.0,1.0,1.0,0.0,0.0,,1,0.0,0.0,5.0,1.0,5.0,1.0,5.0,1.0,5.0,1.0,3.0,0.0,5.0,1.0,5.0,1.0,2.0,0.0,5.0,1.0,4.375,0.75,3.0,0.0,3.0,0.0,4.0,1.0,1.0,0.0,1.0,0.0,5.0,1.0,5.0,1.0,0.0,5.0,1.0,5.0,1.0,5.0,1.0,5.0,1.0,3.0,0.0,5.0,1.0,5.0,1.0,5.0,1.0,5.0,1.0,4.75,0.0,0.0,0.0,0.0,0.0,0.0,0.0,3.0,0.0,0.375,0.0,0.0,0.0,0.0,0.0,0.0,0.0,1.0,0.0,0.125,5.0,1.0,0.0,1.0,1.0,3
3.0,2.0,4.0,1.0,54.0,13.0,6.0,3.0,0.0,1.0,1.0,0.0,7.0,0.0,1.0,0.0,2.0,1.0,2.0,1.6666666,3.0,4.0,1.0,2.6666667,41.0,3.0,4.0,3.0,3.3333333,5.0,3.0,2.0,0.0,1.0,0.0,1.0,1.0,0.0,0.0,0.0,0.0,1.0,,0.0,0,,1.0,4.0,1.0,5.0,1.0,4.0,1.0,2.0,0.0,4.0,1.0,5.0,1.0,4.0,1.0,4.0,1.0,3.0,0.0,4.0,0.875,5.0,1.0,3.0,0.0,4.0,1.0,4.0,1.0,4.0,1.0,5.0,1.0,5.0,1.0,1.0,5.0,1.0,5.0,1.0,3.0,0.0,3.0,0.0,5.0,1.0,5.0,1.0,5.0,1.0,5.0,1.0,3.0,0.0,4.5,1.0,0.0,-1.0,1.0,1.0,0.0,1.0,1.0,0.0,0.5,0.0,0.0,-1.0,0.0,0.0,0.0,0.0,0.0,0.0,-0.125,,,0.0,1.0,0.0,4
3.0,4.0,1.0,2.0,38.0,14.0,5.0,3.0,0.0,1.0,1.0,0.0,8.0,0.0,1.0,0.0,5.0,5.0,5.0,5.0,5.0,5.0,5.0,5.0,3.0,5.0,5.0,1.0,3.6666667,5.0,5.0,5.0,1.0,0.0,0.0,1.0,1.0,0.0,0.0,0.0,0.0,1.0,,0.0,0,,1.0,5.0,1.0,5.0,1.0,5.0,1.0,3.0,0.0,5.0,1.0,4.0,1.0,4.0,1.0,2.0,0.0,4.0,1.0,4.125,0.75,5.0,1.0,5.0,1.0,3.0,0.0,5.0,1.0,5.0,1.0,3.0,0.0,5.0,1.0,0.0,4.0,1.0,5.0,1.0,5.0,1.0,5.0,1.0,3.0,0.0,4.0,1.0,3.0,0.0,3.0,0.0,5.0,1.0,4.0,-1.0,0.0,0.0,2.0,-2.0,0.0,-1.0,1.0,1.0,-0.125,0.0,0.0,0.0,1.0,-1.0,0.0,-1.0,0.0,0.0,-0.125,,,0.0,1.0,1.0,3
1.0,3.0,4.0,2.0,68.0,5.0,5.0,2.0,1.0,0.0,1.0,0.0,3.0,0.0,0.0,1.0,2.0,1.0,3.0,2.0,2.0,2.0,1.0,1.6666666,2.0,3.0,5.0,2.0,3.3333333,5.0,5.0,5.0,0.0,1.0,1.0,1.0,2.0,0.0,0.0,1.0,1.0,0.0,0.0,,1,1.0,1.0,5.0,1.0,5.0,1.0,4.0,1.0,1.0,0.0,1.0,0.0,4.0,1.0,4.0,1.0,5.0,1.0,4.0,1.0,3.625,0.75,2.0,0.0,3.0,0.0,4.0,1.0,3.0,0.0,4.0,1.0,5.0,1.0,5.0,1.0,1.0,5.0,1.0,5.0,1.0,4.0,1.0,1.0,0.0,1.0,0.0,4.0,1.0,4.0,1.0,5.0,1.0,5.0,1.0,3.625,0.0,0.0,0.0,0.0,0.0,0.0,0.0,0.0,1.0,0.0,0.0,0.0,0.0,0.0,0.0,0.0,0.0,0.0,0.0,0.0,,,1.0,1.0,1.0,3
3.0,2.0,4.0,1.0,56.0,6.0,5.0,3.0,0.0,1.0,1.0,0.0,7.0,0.0,1.0,0.0,2.0,2.0,4.0,2.6666667,3.0,4.0,1.0,2.6666667,40.0,4.0,4.0,5.0,4.3333335,4.0,2.0,5.0,1.0,0.0,1.0,0.0,1.0,0.0,0.0,0.0,0.0,1.0,,0.0,0,,1.0,4.0,1.0,3.0,0.0,2.0,0.0,2.0,0.0,1.0,0.0,4.0,1.0,1.0,0.0,2.0,0.0,1.0,0.0,2.375,0.25,2.0,0.0,2.0,0.0,2.0,0.0,5.0,1.0,2.0,0.0,3.0,0.0,2.0,0.0,0.0,5.0,1.0,5.0,1.0,2.0,0.0,1.0,0.0,1.0,0.0,5.0,1.0,1.0,0.0,2.0,0.0,1.0,0.0,2.75,1.0,2.0,0.0,-1.0,0.0,1.0,0.0,0.0,0.0,0.375,0.0,1.0,0.0,0.0,0.0,0.0,0.0,0.0,0.0,0.125,,,0.0,1.0,0.0,4
2.0,3.0,4.0,1.0,64.0,3.0,2.0,3.0,0.0,1.0,0.0,1.0,1.0,1.0,0.0,0.0,1.0,1.0,1.0,1.0,5.0,5.0,5.0,5.0,-1.0,5.0,3.0,5.0,4.3333335,5.0,5.0,5.0,0.0,1.0,0.0,1.0,1.0,1.0,0.0,1.0,1.0,0.0,0.0,,1,1.0,1.0,5.0,1.0,5.0,1.0,3.0,0.0,5.0,1.0,5.0,1.0,1.0,0.0,5.0,1.0,5.0,1.0,1.0,0.0,4.25,0.75,5.0,1.0,3.0,0.0,5.0,1.0,5.0,1.0,3.0,0.0,5.0,1.0,5.0,1.0,0.0,5.0,1.0,5.0,1.0,3.0,0.0,5.0,1.0,5.0,1.0,5.0,1.0,5.0,1.0,5.0,1.0,5.0,1.0,4.75,0.0,0.0,0.0,0.0,0.0,4.0,0.0,0.0,4.0,0.5,0.0,0.0,0.0,0.0,0.0,1.0,0.0,0.0,1.0,0.125,,,0.0,0.0,1.0,2
4.0,2.0,3.0,1.0,41.0,13.0,2.0,3.0,0.0,1.0,1.0,0.0,8.0,0.0,1.0,0.0,2.0,4.0,2.0,2.6666667,5.0,4.0,1.0,3.3333333,0.0,3.0,3.0,3.0,3.0,2.0,1.0,1.0,0.0,0.0,1.0,0.0,1.0,1.0,0.0,0.0,0.0,1.0,,0.0,0,,1.0,3.0,0.0,3.0,0.0,1.0,0.0,3.0,0.0,3.0,0.0,1.0,0.0,1.0,0.0,3.0,0.0,3.0,0.0,2.25,0.0,5.0,1.0,1.0,0.0,1.0,0.0,4.0,1.0,1.0,0.0,3.0,0.0,3.0,0.0,0.0,1.0,0.0,1.0,0.0,1.0,0.0,1.0,0.0,1.0,0.0,1.0,0.0,1.0,0.0,1.0,0.0,1.0,0.0,1.0,-2.0,-2.0,0.0,-2.0,-2.0,0.0,0.0,-2.0,-2.0,-1.25,0.0,0.0,0.0,0.0,0.0,0.0,0.0,0.0,0.0,0.0,,,0.0,0.0,0.0,2
3.0,2.0,4.0,1.0,60.0,15.0,2.0,2.0,0.0,1.0,1.0,0.0,8.0,0.0,1.0,0.0,3.0,2.0,2.0,2.3333333,3.0,4.0,4.0,3.6666667,0.0,3.0,4.0,3.0,3.3333333,2.0,4.0,3.0,0.0,0.0,0.0,1.0,1.0,1.0,0.0,1.0,1.0,0.0,0.0,,1,0.0,0.0,3.0,0.0,4.0,1.0,3.0,0.0,2.0,0.0,2.0,0.0,3.0,0.0,3.0,0.0,4.0,1.0,4.0,1.0,3.0,0.25,4.0,1.0,2.0,0.0,4.0,1.0,5.0,1.0,4.0,1.0,5.0,1.0,4.0,1.0,0.0,3.0,0.0,5.0,1.0,2.0,0.0,2.0,0.0,2.0,0.0,2.0,0.0,2.0,0.0,4.0,1.0,4.0,1.0,2.75,0.0,1.0,-1.0,0.0,0.0,-1.0,-1.0,0.0,0.0,-0.25,0.0,0.0,0.0,0.0,0.0,0.0,0.0,0.0,0.0,0.0,5.0,1.0,0.0,0.0,0.0,2
1.0,2.0,4.0,3.0,62.0,20.0,2.0,3.0,0.0,0.0,1.0,0.0,8.0,0.0,1.0,0.0,5.0,4.0,2.0,3.6666667,2.0,5.0,4.0,3.6666667,100.0,5.0,5.0,5.0,5.0,3.0,2.0,5.0,1.0,0.0,1.0,1.0,2.0,1.0,0.0,1.0,1.0,0.0,0.0,,1,0.0,0.0,3.0,0.0,5.0,1.0,4.0,1.0,3.0,0.0,1.0,0.0,1.0,0.0,3.0,0.0,3.0,0.0,2.0,0.0,2.875,0.25,2.0,0.0,2.0,0.0,2.0,0.0,2.0,0.0,3.0,0.0,3.0,0.0,3.0,0.0,0.0,4.0,1.0,5.0,1.0,4.0,1.0,3.0,0.0,1.0,0.0,1.0,0.0,1.0,0.0,4.0,1.0,1.0,0.0,2.875,1.0,0.0,0.0,0.0,0.0,0.0,-2.0,1.0,-1.0,0.0,1.0,0.0,0.0,0.0,0.0,0.0,0.0,1.0,0.0,0.25,3.0,0.0,1.0,1.0,1.0,5
3.0,2.0,4.0,1.0,64.0,22.0,7.0,2.0,0.0,1.0,1.0,0.0,1.0,1.0,0.0,0.0,2.0,1.0,1.0,1.3333334,2.0,4.0,1.0,2.3333333,-1.0,2.0,2.0,1.0,1.6666666,4.0,2.0,4.0,0.0,1.0,0.0,0.0,0.0,1.0,0.0,1.0,1.0,0.0,0.0,,1,1.0,1.0,5.0,1.0,5.0,1.0,4.0,1.0,1.0,0.0,3.0,0.0,4.0,1.0,5.0,1.0,4.0,1.0,4.0,1.0,3.875,0.75,3.0,0.0,3.0,0.0,4.0,1.0,3.0,0.0,3.0,0.0,5.0,1.0,5.0,1.0,0.0,5.0,1.0,5.0,1.0,4.0,1.0,2.0,0.0,5.0,1.0,5.0,1.0,5.0,1.0,5.0,1.0,5.0,1.0,4.5,0.0,0.0,0.0,1.0,2.0,1.0,0.0,1.0,1.0,0.625,0.0,0.0,0.0,0.0,1.0,0.0,0.0,0.0,0.0,0.125,,,0.0,0.0,0.0,2
3.0,1.0,4.0,2.0,61.0,20.0,5.0,4.0,0.0,1.0,1.0,0.0,1.0,1.0,0.0,0.0,1.0,1.0,1.0,1.0,3.0,3.0,1.0,2.3333333,-21.0,2.0,5.0,3.0,3.3333333,5.0,4.0,5.0,0.0,1.0,0.0,1.0,1.0,0.0,0.0,0.0,0.0,1.0,,0.0,0,,1.0,5.0,1.0,5.0,1.0,5.0,1.0,3.0,0.0,3.0,0.0,5.0,1.0,5.0,1.0,5.0,1.0,5.0,1.0,4.5,0.75,5.0,1.0,4.0,1.0,5.0,1.0,4.0,1.0,1.0,0.0,5.0,1.0,5.0,1.0,1.0,5.0,1.0,5.0,1.0,5.0,1.0,3.0,0.0,5.0,1.0,5.0,1.0,5.0,1.0,5.0,1.0,5.0,1.0,4.75,0.0,0.0,0.0,0.0,2.0,0.0,0.0,0.0,0.0,0.25,0.0,0.0,0.0,0.0,1.0,0.0,0.0,0.0,0.0,0.125,,,0.0,0.0,0.0,1
4.0,1.0,3.0,2.0,37.0,3.0,5.0,1.0,0.0,1.0,1.0,0.0,7.0,0.0,1.0,0.0,2.0,1.0,2.0,1.6666666,4.0,5.0,2.0,3.6666667,-3.0,2.0,3.0,2.0,2.3333333,4.0,3.0,3.0,1.0,0.0,0.0,1.0,1.0,0.0,0.0,0.0,0.0,1.0,,0.0,0,,1.0,4.0,1.0,4.0,1.0,4.0,1.0,1.0,0.0,2.0,0.0,4.0,1.0,3.0,0.0,4.0,1.0,3.0,0.0,3.25,0.625,3.0,0.0,3.0,0.0,4.0,1.0,4.0,1.0,2.0,0.0,4.0,1.0,4.0,1.0,0.0,5.0,1.0,5.0,1.0,4.0,1.0,2.0,0.0,2.0,0.0,4.0,1.0,3.0,0.0,4.0,1.0,3.0,0.0,3.625,1.0,1.0,0.0,1.0,0.0,0.0,0.0,0.0,0.0,0.375,0.0,0.0,0.0,0.0,0.0,0.0,0.0,0.0,0.0,0.0,,,0.0,0.0,0.0,2
4.0,1.0,3.0,2.0,49.0,3.0,2.0,2.0,0.0,0.0,1.0,0.0,5.0,0.0,0.0,1.0,3.0,3.0,5.0,3.6666667,3.0,5.0,5.0,4.3333335,0.0,3.0,5.0,3.0,3.6666667,3.0,3.0,1.0,0.0,0.0,1.0,0.0,1.0,1.0,0.0,1.0,1.0,0.0,0.0,,1,1.0,1.0,3.0,0.0,3.0,0.0,4.0,1.0,3.0,0.0,3.0,0.0,3.0,0.0,4.0,1.0,4.0,1.0,3.0,0.0,3.375,0.375,3.0,0.0,2.0,0.0,5.0,1.0,3.0,0.0,3.0,0.0,5.0,1.0,5.0,1.0,0.0,3.0,0.0,3.0,0.0,4.0,1.0,4.0,1.0,3.0,0.0,4.0,1.0,4.0,1.0,3.0,0.0,5.0,1.0,3.5,0.0,0.0,0.0,1.0,0.0,1.0,0.0,-1.0,2.0,0.125,0.0,0.0,0.0,1.0,0.0,1.0,0.0,-1.0,1.0,0.125,,,0.0,0.0,0.0,2
4.0,1.0,3.0,2.0,43.0,9.0,5.0,1.0,0.0,1.0,1.0,0.0,2.0,1.0,0.0,0.0,2.0,5.0,2.0,3.0,4.0,5.0,2.0,3.6666667,4.0,2.0,2.0,1.0,1.6666666,3.0,2.0,5.0,0.0,1.0,0.0,1.0,1.0,0.0,0.0,1.0,1.0,0.0,0.0,,1,0.0,0.0,4.0,1.0,3.0,0.0,2.0,0.0,2.0,0.0,3.0,0.0,4.0,1.0,3.0,0.0,4.0,1.0,4.0,1.0,3.125,0.375,2.0,0.0,3.0,0.0,3.0,0.0,4.0,1.0,3.0,0.0,4.0,1.0,4.0,1.0,1.0,4.0,1.0,4.0,1.0,3.0,0.0,2.0,0.0,3.0,0.0,4.0,1.0,4.0,1.0,4.0,1.0,3.0,0.0,3.5,0.0,1.0,1.0,0.0,0.0,0.0,1.0,0.0,-1.0,0.375,0.0,1.0,0.0,0.0,0.0,0.0,1.0,0.0,-1.0,0.25,3.0,0.0,0.0,1.0,0.0,3
2.0,3.0,4.0,1.0,51.0,1.0,4.0,3.0,0.0,0.0,0.0,0.0,8.0,0.0,1.0,0.0,5.0,5.0,5.0,5.0,5.0,2.0,5.0,4.0,0.0,5.0,5.0,5.0,5.0,1.0,5.0,5.0,1.0,0.0,0.0,0.0,0.0,1.0,0.0,1.0,1.0,0.0,0.0,,1,1.0,1.0,5.0,1.0,5.0,1.0,5.0,1.0,5.0,1.0,5.0,1.0,4.0,1.0,4.0,1.0,5.0,1.0,5.0,1.0,4.75,1.0,5.0,1.0,5.0,1.0,5.0,1.0,5.0,1.0,1.0,0.0,5.0,1.0,5.0,1.0,1.0,5.0,1.0,5.0,1.0,3.0,0.0,5.0,1.0,5.0,1.0,3.0,0.0,3.0,0.0,3.0,0.0,3.0,0.0,4.0,0.0,0.0,-2.0,0.0,0.0,-1.0,-1.0,-2.0,-2.0,-0.75,0.0,0.0,-1.0,0.0,0.0,-1.0,-1.0,-1.0,-1.0,-0.5,,,0.0,0.0,1.0,2
2.0,3.0,4.0,1.0,54.0,16.0,4.0,2.0,0.0,1.0,1.0,0.0,8.0,0.0,1.0,0.0,1.0,3.0,1.0,1.6666666,3.0,5.0,3.0,3.6666667,0.0,3.0,2.0,5.0,3.3333333,1.0,3.0,2.0,1.0,0.0,1.0,1.0,2.0,1.0,0.0,1.0,1.0,0.0,0.0,,1,0.0,0.0,3.0,0.0,5.0,1.0,3.0,0.0,1.0,0.0,3.0,0.0,3.0,0.0,2.0,0.0,4.0,1.0,3.0,0.0,3.0,0.25,3.0,0.0,3.0,0.0,4.0,1.0,3.0,0.0,3.0,0.0,5.0,1.0,5.0,1.0,0.0,3.0,0.0,4.0,1.0,3.0,0.0,1.0,0.0,1.0,0.0,2.0,0.0,2.0,0.0,3.0,0.0,3.0,0.0,2.375,0.0,-1.0,0.0,0.0,-2.0,-1.0,0.0,-1.0,0.0,-0.625,0.0,0.0,0.0,0.0,0.0,0.0,0.0,-1.0,0.0,-0.125,5.0,1.0,0.0,0.0,1.0,2
1.0,2.0,4.0,3.0,82.0,14.0,5.0,3.0,1.0,0.0,1.0,0.0,7.0,0.0,1.0,0.0,2.0,2.0,1.0,1.6666666,3.0,3.0,3.0,3.0,81.0,3.0,4.0,4.0,3.6666667,2.0,2.0,4.0,1.0,0.0,1.0,1.0,2.0,1.0,0.0,0.0,0.0,1.0,,0.0,0,,1.0,4.0,1.0,4.0,1.0,4.0,1.0,2.0,0.0,1.0,0.0,2.0,0.0,1.0,0.0,4.0,1.0,2.0,0.0,2.75,0.5,2.0,0.0,2.0,0.0,2.0,0.0,3.0,0.0,2.0,0.0,4.0,1.0,4.0,1.0,0.0,4.0,1.0,4.0,1.0,4.0,1.0,1.0,0.0,1.0,0.0,2.0,0.0,1.0,0.0,4.0,1.0,2.0,0.0,2.625,0.0,0.0,0.0,-1.0,0.0,0.0,0.0,0.0,0.0,-0.125,0.0,0.0,0.0,0.0,0.0,0.0,0.0,0.0,0.0,0.0,,,1.0,1.0,1.0,5
3.0,2.0,4.0,1.0,52.0,11.0,6.0,3.0,0.0,1.0,1.0,0.0,7.0,0.0,1.0,0.0,4.0,3.0,2.0,3.0,3.0,5.0,2.0,3.3333333,29.0,4.0,3.0,4.0,3.6666667,2.0,2.0,3.0,1.0,0.0,0.0,1.0,1.0,0.0,0.0,1.0,1.0,0.0,0.0,,1,0.0,0.0,3.0,0.0,4.0,1.0,2.0,0.0,1.0,0.0,2.0,0.0,2.0,0.0,2.0,0.0,2.0,0.0,2.0,0.0,2.25,0.125,1.0,0.0,2.0,0.0,3.0,0.0,4.0,1.0,3.0,0.0,4.0,1.0,3.0,0.0,0.0,5.0,1.0,4.0,1.0,1.0,0.0,1.0,0.0,1.0,0.0,1.0,0.0,1.0,0.0,2.0,0.0,1.0,0.0,2.0,2.0,0.0,-1.0,0.0,-1.0,-1.0,-1.0,0.0,-1.0,-0.25,1.0,0.0,0.0,0.0,0.0,0.0,0.0,0.0,0.0,0.125,4.0,1.0,0.0,1.0,0.0,4
1.0,2.0,3.0,4.0,39.0,1.0,2.0,2.0,0.0,0.0,0.0,1.0,8.0,0.0,1.0,0.0,4.0,3.0,4.0,3.6666667,4.0,5.0,5.0,4.6666665,-8.0,3.0,5.0,1.0,3.0,4.0,3.0,4.0,1.0,0.0,0.0,1.0,1.0,0.0,0.0,0.0,0.0,1.0,,0.0,0,,1.0,2.0,0.0,5.0,1.0,2.0,0.0,3.0,0.0,3.0,0.0,5.0,1.0,5.0,1.0,4.0,1.0,5.0,1.0,3.625,0.5,4.0,1.0,5.0,1.0,5.0,1.0,5.0,1.0,4.0,1.0,5.0,1.0,5.0,1.0,1.0,5.0,1.0,4.0,1.0,4.0,1.0,4.0,1.0,5.0,1.0,4.0,1.0,4.0,1.0,5.0,1.0,5.0,1.0,4.375,3.0,-1.0,2.0,1.0,2.0,-1.0,-1.0,1.0,0.0,0.75,1.0,0.0,1.0,1.0,1.0,0.0,0.0,0.0,0.0,0.5,,,1.0,0.0,1.0,1
2.0,3.0,4.0,1.0,58.0,3.0,4.0,1.0,0.0,0.0,1.0,0.0,5.0,0.0,0.0,1.0,4.0,3.0,4.0,3.6666667,2.0,4.0,3.0,3.0,60.0,3.0,1.0,3.0,2.3333333,3.0,1.0,4.0,1.0,0.0,1.0,0.0,1.0,1.0,0.0,1.0,1.0,0.0,0.0,,1,0.0,0.0,4.0,1.0,4.0,1.0,4.0,1.0,2.0,0.0,3.0,0.0,3.0,0.0,2.0,0.0,4.0,1.0,3.0,0.0,3.25,0.5,2.0,0.0,4.0,1.0,3.0,0.0,4.0,1.0,4.0,1.0,4.0,1.0,5.0,1.0,0.0,4.0,1.0,4.0,1.0,4.0,1.0,1.0,0.0,3.0,0.0,3.0,0.0,2.0,0.0,2.0,0.0,2.0,0.0,2.875,0.0,0.0,0.0,-1.0,0.0,0.0,0.0,-2.0,-1.0,-0.375,0.0,0.0,0.0,0.0,0.0,0.0,0.0,-1.0,0.0,-0.125,4.0,1.0,0.0,1.0,1.0,5
1.0,3.0,4.0,2.0,57.0,1.0,7.0,3.0,0.0,1.0,1.0,0.0,8.0,0.0,1.0,0.0,1.0,1.0,2.0,1.3333334,3.0,5.0,4.0,4.0,93.0,4.0,4.0,4.0,4.0,3.0,4.0,4.0,0.0,0.0,0.0,1.0,1.0,0.0,0.0,0.0,0.0,1.0,,0.0,0,,1.0,5.0,1.0,5.0,1.0,5.0,1.0,3.0,0.0,3.0,0.0,2.0,0.0,3.0,0.0,4.0,1.0,4.0,1.0,3.75,0.5,1.0,0.0,3.0,0.0,3.0,0.0,4.0,1.0,2.0,0.0,5.0,1.0,5.0,1.0,0.0,5.0,1.0,5.0,1.0,4.0,1.0,1.0,0.0,1.0,0.0,3.0,0.0,3.0,0.0,5.0,1.0,4.0,1.0,3.375,0.0,0.0,-1.0,-2.0,-2.0,1.0,0.0,1.0,0.0,-0.375,0.0,0.0,0.0,0.0,0.0,0.0,0.0,0.0,0.0,0.0,,,1.0,1.0,1.0,5
3.0,1.0,4.0,2.0,70.0,10.0,4.0,3.0,1.0,1.0,1.0,0.0,8.0,0.0,1.0,0.0,5.0,3.0,4.0,4.0,5.0,5.0,5.0,5.0,50.0,5.0,4.0,2.0,3.6666667,1.0,3.0,5.0,1.0,0.0,1.0,0.0,1.0,0.0,0.0,1.0,1.0,0.0,0.0,,1,1.0,1.0,5.0,1.0,5.0,1.0,5.0,1.0,3.0,0.0,5.0,1.0,3.0,0.0,1.0,0.0,5.0,1.0,4.0,1.0,4.0,0.625,4.0,1.0,2.0,0.0,3.0,0.0,1.0,0.0,3.0,0.0,5.0,1.0,5.0,1.0,0.0,5.0,1.0,5.0,1.0,5.0,1.0,3.0,0.0,5.0,1.0,3.0,0.0,3.0,0.0,5.0,1.0,4.0,1.0,4.25,0.0,0.0,0.0,0.0,0.0,0.0,2.0,0.0,0.0,0.25,0.0,0.0,0.0,0.0,0.0,0.0,0.0,0.0,0.0,0.0,,,0.0,1.0,0.0,4
3.0,2.0,4.0,1.0,52.0,2.0,7.0,3.0,0.0,1.0,0.0,1.0,1.0,1.0,0.0,0.0,1.0,1.0,3.0,1.6666666,5.0,5.0,5.0,5.0,1.0,1.0,1.0,1.0,1.0,4.0,1.0,2.0,0.0,0.0,1.0,0.0,1.0,1.0,0.0,0.0,0.0,1.0,,0.0,0,,1.0,4.0,1.0,1.0,0.0,1.0,0.0,1.0,0.0,1.0,0.0,1.0,0.0,4.0,1.0,1.0,0.0,5.0,1.0,1.75,0.25,3.0,0.0,3.0,0.0,1.0,0.0,4.0,1.0,1.0,0.0,4.0,1.0,4.0,1.0,0.0,4.0,1.0,1.0,0.0,1.0,0.0,1.0,0.0,1.0,0.0,1.0,0.0,4.0,1.0,1.0,0.0,1.0,0.0,1.75,0.0,0.0,0.0,0.0,0.0,0.0,0.0,0.0,-4.0,0.0,0.0,0.0,0.0,0.0,0.0,0.0,0.0,0.0,-1.0,0.0,,,0.0,0.0,0.0,3
1.0,3.0,4.0,2.0,47.0,19.0,6.0,2.0,0.0,1.0,1.0,0.0,1.0,1.0,0.0,0.0,1.0,1.0,1.0,1.0,4.0,2.0,1.0,2.3333333,-3.0,2.0,4.0,4.0,3.3333333,5.0,5.0,5.0,0.0,1.0,0.0,0.0,0.0,0.0,0.0,1.0,1.0,0.0,0.0,,1,0.0,0.0,5.0,1.0,5.0,1.0,5.0,1.0,2.0,0.0,5.0,1.0,5.0,1.0,5.0,1.0,5.0,1.0,5.0,1.0,4.625,0.875,3.0,0.0,2.0,0.0,5.0,1.0,4.0,1.0,4.0,1.0,5.0,1.0,5.0,1.0,1.0,5.0,1.0,5.0,1.0,5.0,1.0,2.0,0.0,5.0,1.0,5.0,1.0,5.0,1.0,5.0,1.0,5.0,1.0,4.625,0.0,0.0,0.0,0.0,0.0,0.0,0.0,0.0,0.0,0.0,0.0,0.0,0.0,0.0,0.0,0.0,0.0,0.0,0.0,0.0,5.0,1.0,1.0,0.0,1.0,2
3.0,2.0,4.0,1.0,30.0,13.0,6.0,3.0,0.0,1.0,1.0,0.0,7.0,0.0,1.0,0.0,3.0,3.0,2.0,2.6666667,1.0,2.0,2.0,1.6666666,-10.0,3.0,4.0,4.0,3.6666667,4.0,3.0,4.0,0.0,0.0,1.0,1.0,2.0,0.0,0.0,1.0,1.0,0.0,0.0,,1,0.0,0.0,5.0,1.0,4.0,1.0,4.0,1.0,1.0,0.0,2.0,0.0,4.0,1.0,3.0,0.0,3.0,0.0,3.0,0.0,3.25,0.5,2.0,0.0,2.0,0.0,2.0,0.0,3.0,0.0,2.0,0.0,1.0,0.0,2.0,0.0,0.0,4.0,1.0,2.0,0.0,3.0,0.0,1.0,0.0,2.0,0.0,4.0,1.0,2.0,0.0,3.0,0.0,2.0,0.0,2.625,-1.0,-2.0,-1.0,0.0,0.0,0.0,-1.0,0.0,-1.0,-0.625,0.0,-1.0,-1.0,0.0,0.0,0.0,0.0,0.0,0.0,-0.25,5.0,1.0,0.0,0.0,0.0,1
1.0,4.0,2.0,3.0,67.0,5.0,4.0,3.0,1.0,1.0,1.0,0.0,1.0,1.0,0.0,0.0,3.0,1.0,2.0,2.0,4.0,4.0,2.0,3.3333333,3.0,2.0,3.0,3.0,2.6666667,2.0,4.0,5.0,0.0,1.0,1.0,1.0,2.0,1.0,0.0,1.0,1.0,0.0,0.0,,1,1.0,1.0,4.0,1.0,5.0,1.0,2.0,0.0,1.0,0.0,1.0,0.0,4.0,1.0,4.0,1.0,5.0,1.0,4.0,1.0,3.25,0.625,3.0,0.0,2.0,0.0,3.0,0.0,4.0,1.0,3.0,0.0,5.0,1.0,4.0,1.0,0.0,4.0,1.0,5.0,1.0,4.0,1.0,1.0,0.0,2.0,0.0,4.0,1.0,4.0,1.0,5.0,1.0,4.0,1.0,3.625,0.0,0.0,2.0,0.0,1.0,0.0,0.0,0.0,0.0,0.375,0.0,0.0,1.0,0.0,0.0,0.0,0.0,0.0,0.0,0.125,,,1.0,1.0,1.0,3
1.0,2.0,4.0,3.0,25.0,2.0,2.0,2.0,0.0,1.0,1.0,0.0,4.0,0.0,0.0,1.0,1.0,3.0,1.0,1.6666666,4.0,4.0,1.0,3.0,0.0,1.0,3.0,2.0,2.0,4.0,3.0,3.0,0.0,0.0,0.0,1.0,1.0,1.0,0.0,1.0,1.0,0.0,0.0,,1,1.0,1.0,3.0,0.0,4.0,1.0,4.0,1.0,3.0,0.0,3.0,0.0,5.0,1.0,4.0,1.0,5.0,1.0,5.0,1.0,3.875,0.625,3.0,0.0,5.0,1.0,4.0,1.0,3.0,0.0,3.0,0.0,5.0,1.0,5.0,1.0,0.0,4.0,1.0,3.0,0.0,4.0,1.0,3.0,0.0,3.0,0.0,5.0,1.0,4.0,1.0,4.0,1.0,3.0,0.0,3.75,1.0,-1.0,0.0,0.0,0.0,0.0,0.0,-1.0,-2.0,-0.125,1.0,-1.0,0.0,0.0,0.0,0.0,0.0,0.0,-1.0,0.0,,,1.0,0.0,1.0,2
3.0,2.0,4.0,1.0,64.0,5.0,5.0,2.0,0.0,1.0,1.0,0.0,1.0,1.0,0.0,0.0,1.0,1.0,3.0,1.6666666,3.0,3.0,1.0,2.3333333,1.0,1.0,1.0,2.0,1.3333334,5.0,5.0,5.0,0.0,1.0,1.0,1.0,2.0,0.0,0.0,1.0,1.0,0.0,0.0,,1,0.0,0.0,5.0,1.0,3.0,0.0,3.0,0.0,1.0,0.0,1.0,0.0,5.0,1.0,3.0,0.0,5.0,1.0,5.0,1.0,3.25,0.375,2.0,0.0,4.0,1.0,3.0,0.0,5.0,1.0,3.0,0.0,5.0,1.0,5.0,1.0,1.0,5.0,1.0,5.0,1.0,3.0,0.0,1.0,0.0,1.0,0.0,5.0,1.0,2.0,0.0,5.0,1.0,5.0,1.0,3.375,0.0,2.0,0.0,0.0,0.0,0.0,-1.0,0.0,0.0,0.125,0.0,1.0,0.0,0.0,0.0,0.0,0.0,0.0,0.0,0.125,5.0,1.0,0.0,0.0,0.0,3
2.0,1.0,4.0,3.0,54.0,7.0,1.0,2.0,0.0,1.0,1.0,0.0,1.0,1.0,0.0,0.0,1.0,1.0,1.0,1.0,5.0,5.0,3.0,4.3333335,0.0,3.0,4.0,3.0,3.3333333,5.0,4.0,4.0,0.0,1.0,0.0,0.0,0.0,1.0,0.0,1.0,1.0,0.0,0.0,,1,1.0,1.0,4.0,1.0,3.0,0.0,3.0,0.0,1.0,0.0,3.0,0.0,3.0,0.0,4.0,1.0,3.0,0.0,3.0,0.0,3.0,0.25,4.0,1.0,3.0,0.0,5.0,1.0,3.0,0.0,5.0,1.0,5.0,1.0,5.0,1.0,0.0,4.0,1.0,4.0,1.0,3.0,0.0,1.0,0.0,4.0,1.0,3.0,0.0,4.0,1.0,3.0,0.0,4.0,1.0,3.25,0.0,1.0,0.0,0.0,1.0,0.0,0.0,0.0,1.0,0.25,0.0,1.0,0.0,0.0,1.0,0.0,0.0,0.0,1.0,0.25,,,0.0,0.0,0.0,2
3.0,2.0,4.0,1.0,48.0,21.0,7.0,1.0,0.0,1.0,0.0,0.0,3.0,0.0,0.0,1.0,1.0,1.0,1.0,1.0,1.0,3.0,1.0,1.6666666,-10.0,3.0,4.0,2.0,3.0,3.0,4.0,4.0,0.0,1.0,0.0,1.0,1.0,0.0,0.0,1.0,1.0,0.0,0.0,,1,1.0,1.0,5.0,1.0,5.0,1.0,4.0,1.0,1.0,0.0,1.0,0.0,5.0,1.0,4.0,1.0,4.0,1.0,4.0,1.0,3.625,0.75,3.0,0.0,2.0,0.0,4.0,1.0,4.0,1.0,3.0,0.0,4.0,1.0,4.0,1.0,0.0,5.0,1.0,5.0,1.0,5.0,1.0,1.0,0.0,1.0,0.0,5.0,1.0,4.0,1.0,4.0,1.0,4.0,1.0,3.75,0.0,0.0,1.0,0.0,0.0,0.0,0.0,0.0,0.0,0.125,0.0,0.0,0.0,0.0,0.0,0.0,0.0,0.0,0.0,0.0,,,0.0,0.0,0.0,1
3.0,1.0,4.0,2.0,66.0,5.0,7.0,3.0,1.0,1.0,1.0,0.0,6.0,0.0,0.0,1.0,2.0,2.0,1.0,1.6666666,4.0,4.0,2.0,3.3333333,50.0,4.0,4.0,4.0,4.0,2.0,4.0,4.0,0.0,1.0,1.0,1.0,2.0,0.0,0.0,1.0,1.0,0.0,0.0,,1,0.0,0.0,4.0,1.0,4.0,1.0,3.0,0.0,1.0,0.0,1.0,0.0,5.0,1.0,5.0,1.0,5.0,1.0,4.0,1.0,3.5,0.625,3.0,0.0,2.0,0.0,4.0,1.0,5.0,1.0,2.0,0.0,4.0,1.0,5.0,1.0,1.0,5.0,1.0,5.0,1.0,2.0,0.0,1.0,0.0,1.0,0.0,5.0,1.0,4.0,1.0,5.0,1.0,4.0,1.0,3.5,1.0,1.0,-1.0,0.0,0.0,0.0,-1.0,0.0,0.0,0.0,0.0,0.0,0.0,0.0,0.0,0.0,0.0,0.0,0.0,0.0,5.0,1.0,0.0,1.0,0.0,4
4.0,1.0,2.0,3.0,66.0,6.0,3.0,1.0,1.0,1.0,1.0,0.0,6.0,0.0,0.0,1.0,1.0,1.0,1.0,1.0,4.0,5.0,1.0,3.3333333,1.0,3.0,3.0,3.0,3.0,3.0,4.0,5.0,0.0,0.0,1.0,0.0,1.0,1.0,0.0,0.0,0.0,1.0,,0.0,0,,1.0,4.0,1.0,4.0,1.0,4.0,1.0,3.0,0.0,3.0,0.0,3.0,0.0,3.0,0.0,4.0,1.0,4.0,1.0,3.5,0.5,4.0,1.0,3.0,0.0,4.0,1.0,3.0,0.0,4.0,1.0,5.0,1.0,5.0,1.0,1.0,5.0,1.0,5.0,1.0,3.0,0.0,3.0,0.0,3.0,0.0,3.0,0.0,3.0,0.0,4.0,1.0,5.0,1.0,3.625,1.0,1.0,-1.0,0.0,0.0,0.0,0.0,0.0,1.0,0.125,0.0,0.0,-1.0,0.0,0.0,0.0,0.0,0.0,0.0,-0.125,,,0.0,0.0,0.0,3
4.0,2.0,3.0,1.0,70.0,4.0,2.0,3.0,1.0,0.0,1.0,0.0,7.0,0.0,1.0,0.0,2.0,3.0,2.0,2.3333333,3.0,4.0,4.0,3.6666667,98.0,4.0,4.0,4.0,4.0,1.0,1.0,4.0,1.0,0.0,1.0,0.0,1.0,1.0,0.0,1.0,1.0,0.0,0.0,,1,0.0,0.0,4.0,1.0,3.0,0.0,4.0,1.0,2.0,0.0,4.0,1.0,3.0,0.0,1.0,0.0,4.0,1.0,1.0,0.0,3.125,0.5,2.0,0.0,1.0,0.0,2.0,0.0,1.0,0.0,1.0,0.0,4.0,1.0,3.0,0.0,0.0,4.0,1.0,4.0,1.0,4.0,1.0,2.0,0.0,2.0,0.0,2.0,0.0,1.0,0.0,4.0,1.0,2.0,0.0,2.875,0.0,1.0,0.0,0.0,-2.0,-1.0,0.0,0.0,1.0,-0.25,0.0,1.0,0.0,0.0,-1.0,0.0,0.0,0.0,0.0,0.0,4.0,1.0,0.0,1.0,0.0,5
2.0,4.0,3.0,1.0,50.0,8.0,6.0,4.0,0.0,1.0,1.0,0.0,1.0,1.0,0.0,0.0,4.0,4.0,3.0,3.6666667,1.0,2.0,1.0,1.3333334,-8.0,2.0,4.0,3.0,3.0,5.0,2.0,4.0,0.0,1.0,1.0,0.0,1.0,0.0,0.0,1.0,1.0,0.0,0.0,,1,1.0,1.0,2.0,0.0,4.0,1.0,2.0,0.0,1.0,0.0,1.0,0.0,5.0,1.0,3.0,0.0,3.0,0.0,2.0,0.0,2.625,0.25,2.0,0.0,3.0,0.0,3.0,0.0,2.0,0.0,2.0,0.0,5.0,1.0,4.0,1.0,0.0,3.0,0.0,5.0,1.0,2.0,0.0,1.0,0.0,1.0,0.0,5.0,1.0,2.0,0.0,4.0,1.0,2.0,0.0,2.875,1.0,1.0,0.0,0.0,0.0,0.0,-1.0,1.0,0.0,0.25,0.0,0.0,0.0,0.0,0.0,0.0,0.0,1.0,0.0,0.125,,,0.0,0.0,1.0,1
2.0,3.0,4.0,1.0,63.0,4.0,5.0,3.0,0.0,1.0,1.0,0.0,8.0,0.0,1.0,0.0,5.0,5.0,5.0,5.0,3.0,5.0,5.0,4.3333335,62.0,3.0,3.0,3.0,3.0,1.0,3.0,3.0,1.0,0.0,1.0,0.0,1.0,0.0,0.0,1.0,1.0,0.0,0.0,,1,1.0,1.0,4.0,1.0,5.0,1.0,3.0,0.0,3.0,0.0,3.0,0.0,4.0,1.0,4.0,1.0,3.0,0.0,3.0,0.0,3.625,0.5,1.0,0.0,3.0,0.0,4.0,1.0,4.0,1.0,2.0,0.0,5.0,1.0,5.0,1.0,0.0,5.0,1.0,4.0,1.0,3.0,0.0,2.0,0.0,3.0,0.0,4.0,1.0,4.0,1.0,4.0,1.0,4.0,1.0,3.625,1.0,-1.0,0.0,-1.0,0.0,0.0,0.0,1.0,1.0,0.0,0.0,0.0,0.0,0.0,0.0,0.0,0.0,1.0,1.0,0.125,,,0.0,1.0,1.0,5
2.0,1.0,4.0,3.0,32.0,11.0,5.0,3.0,0.0,1.0,1.0,0.0,5.0,0.0,0.0,1.0,1.0,3.0,2.0,2.0,3.0,5.0,2.0,3.3333333,0.0,3.0,4.0,3.0,3.3333333,4.0,3.0,3.0,1.0,0.0,1.0,0.0,1.0,1.0,0.0,1.0,1.0,0.0,0.0,,1,1.0,1.0,4.0,1.0,4.0,1.0,4.0,1.0,1.0,0.0,2.0,0.0,4.0,1.0,3.0,0.0,2.0,0.0,3.0,0.0,3.0,0.5,5.0,1.0,2.0,0.0,2.0,0.0,3.0,0.0,3.0,0.0,4.0,1.0,3.0,0.0,0.0,5.0,1.0,5.0,1.0,4.0,1.0,1.0,0.0,1.0,0.0,4.0,1.0,4.0,1.0,3.0,0.0,4.0,1.0,3.375,1.0,1.0,0.0,0.0,-1.0,0.0,1.0,1.0,1.0,0.375,0.0,0.0,0.0,0.0,0.0,0.0,1.0,0.0,1.0,0.125,,,0.0,0.0,0.0,2
1.0,4.0,3.0,2.0,22.0,6.0,4.0,2.0,0.0,1.0,1.0,0.0,1.0,1.0,0.0,0.0,1.0,1.0,3.0,1.6666666,4.0,5.0,2.0,3.6666667,-31.0,2.0,1.0,2.0,1.6666666,5.0,4.0,2.0,0.0,1.0,0.0,1.0,1.0,1.0,0.0,1.0,1.0,0.0,0.0,,1,1.0,1.0,5.0,1.0,4.0,1.0,3.0,0.0,2.0,0.0,4.0,1.0,5.0,1.0,5.0,1.0,3.0,0.0,4.0,1.0,3.875,0.625,4.0,1.0,4.0,1.0,4.0,1.0,4.0,1.0,4.0,1.0,5.0,1.0,3.0,0.0,1.0,5.0,1.0,4.0,1.0,4.0,1.0,2.0,0.0,5.0,1.0,5.0,1.0,5.0,1.0,5.0,1.0,5.0,1.0,4.375,0.0,0.0,1.0,0.0,1.0,0.0,0.0,2.0,1.0,0.5,0.0,0.0,1.0,0.0,0.0,0.0,0.0,1.0,0.0,0.25,,,1.0,0.0,1.0,1
1.0,4.0,3.0,2.0,69.0,15.0,4.0,3.0,1.0,0.0,1.0,0.0,6.0,0.0,0.0,1.0,3.0,4.0,4.0,3.6666667,4.0,5.0,3.0,4.0,81.0,1.0,5.0,4.0,3.3333333,4.0,4.0,4.0,1.0,0.0,1.0,1.0,2.0,0.0,0.0,1.0,1.0,0.0,0.0,,1,1.0,1.0,5.0,1.0,5.0,1.0,5.0,1.0,4.0,1.0,1.0,0.0,4.0,1.0,3.0,0.0,4.0,1.0,4.0,1.0,3.875,0.75,4.0,1.0,2.0,0.0,3.0,0.0,5.0,1.0,3.0,0.0,5.0,1.0,5.0,1.0,0.0,5.0,1.0,5.0,1.0,5.0,1.0,4.0,1.0,3.0,0.0,4.0,1.0,3.0,0.0,4.0,1.0,5.0,1.0,4.125,0.0,0.0,0.0,0.0,2.0,0.0,0.0,0.0,1.0,0.25,0.0,0.0,0.0,0.0,0.0,0.0,0.0,0.0,0.0,0.0,,,1.0,1.0,1.0,5
4.0,2.0,3.0,1.0,64.0,24.0,7.0,1.0,0.0,1.0,1.0,0.0,1.0,1.0,0.0,0.0,1.0,1.0,1.0,1.0,1.0,1.0,1.0,1.0,-2.0,4.0,5.0,3.0,4.0,3.0,4.0,5.0,0.0,1.0,1.0,1.0,2.0,1.0,0.0,0.0,0.0,1.0,,0.0,0,,1.0,2.0,0.0,2.0,0.0,2.0,0.0,2.0,0.0,2.0,0.0,2.0,0.0,2.0,0.0,2.0,0.0,2.0,0.0,2.0,0.0,2.0,0.0,3.0,0.0,4.0,1.0,1.0,0.0,3.0,0.0,5.0,1.0,4.0,1.0,1.0,4.0,1.0,4.0,1.0,3.0,0.0,4.0,1.0,4.0,1.0,4.0,1.0,4.0,1.0,4.0,1.0,4.0,1.0,3.875,2.0,2.0,1.0,2.0,2.0,2.0,2.0,2.0,2.0,1.875,1.0,1.0,0.0,1.0,1.0,1.0,1.0,1.0,1.0,0.875,,,0.0,0.0,0.0,2
2.0,3.0,4.0,1.0,52.0,8.0,7.0,3.0,0.0,1.0,1.0,0.0,3.0,0.0,0.0,1.0,2.0,2.0,2.0,2.0,2.0,3.0,2.0,2.3333333,16.0,1.0,1.0,2.0,1.3333334,4.0,2.0,5.0,0.0,1.0,1.0,1.0,2.0,1.0,0.0,1.0,1.0,0.0,0.0,,1,1.0,1.0,5.0,1.0,5.0,1.0,3.0,0.0,1.0,0.0,1.0,0.0,5.0,1.0,5.0,1.0,5.0,1.0,3.0,0.0,3.75,0.625,2.0,0.0,3.0,0.0,2.0,0.0,1.0,0.0,4.0,1.0,5.0,1.0,5.0,1.0,0.0,5.0,1.0,5.0,1.0,3.0,0.0,1.0,0.0,1.0,0.0,5.0,1.0,5.0,1.0,5.0,1.0,3.0,0.0,3.75,0.0,0.0,0.0,0.0,0.0,0.0,0.0,0.0,0.0,0.0,0.0,0.0,0.0,0.0,0.0,0.0,0.0,0.0,0.0,0.0,,,0.0,1.0,1.0,4
4.0,2.0,3.0,1.0,55.0,19.0,6.0,2.0,0.0,0.0,1.0,0.0,5.0,0.0,0.0,1.0,4.0,4.0,1.0,3.0,1.0,5.0,3.0,3.0,20.0,3.0,3.0,3.0,3.0,5.0,1.0,5.0,1.0,0.0,1.0,1.0,2.0,1.0,0.0,0.0,0.0,1.0,,0.0,0,,1.0,5.0,1.0,1.0,0.0,3.0,0.0,1.0,0.0,1.0,0.0,1.0,0.0,1.0,0.0,1.0,0.0,1.0,0.0,1.75,0.125,1.0,0.0,1.0,0.0,1.0,0.0,1.0,0.0,1.0,0.0,5.0,1.0,3.0,0.0,0.0,4.0,1.0,4.0,1.0,3.0,0.0,1.0,0.0,1.0,0.0,1.0,0.0,1.0,0.0,3.0,0.0,1.0,0.0,2.25,-1.0,3.0,0.0,0.0,0.0,0.0,0.0,2.0,0.0,0.5,0.0,1.0,0.0,0.0,0.0,0.0,0.0,0.0,0.0,0.125,,,0.0,1.0,0.0,4
3.0,2.0,1.0,4.0,50.0,20.0,4.0,2.0,0.0,0.0,1.0,0.0,5.0,0.0,0.0,1.0,4.0,4.0,4.0,4.0,4.0,4.0,2.0,3.3333333,0.0,2.0,4.0,2.0,2.6666667,4.0,2.0,4.0,0.0,0.0,1.0,1.0,2.0,1.0,0.0,0.0,0.0,1.0,,0.0,0,,1.0,2.0,0.0,4.0,1.0,2.0,0.0,2.0,0.0,1.0,0.0,4.0,1.0,2.0,0.0,2.0,0.0,2.0,0.0,2.375,0.25,2.0,0.0,2.0,0.0,2.0,0.0,2.0,0.0,4.0,1.0,4.0,1.0,2.0,0.0,0.0,3.0,0.0,4.0,1.0,2.0,0.0,2.0,0.0,1.0,0.0,2.0,0.0,2.0,0.0,3.0,0.0,2.0,0.0,2.375,1.0,0.0,0.0,0.0,0.0,-2.0,0.0,1.0,0.0,0.0,0.0,0.0,0.0,0.0,0.0,-1.0,0.0,0.0,0.0,-0.125,,,0.0,0.0,0.0,2
3.0,2.0,4.0,1.0,63.0,3.0,2.0,4.0,0.0,1.0,1.0,0.0,8.0,0.0,1.0,0.0,1.0,2.0,1.0,1.3333334,1.0,5.0,3.0,3.0,17.0,5.0,4.0,3.0,4.0,3.0,3.0,3.0,1.0,0.0,1.0,1.0,2.0,1.0,0.0,0.0,0.0,1.0,,0.0,0,,1.0,4.0,1.0,4.0,1.0,2.0,0.0,1.0,0.0,1.0,0.0,4.0,1.0,4.0,1.0,3.0,0.0,4.0,1.0,2.875,0.5,2.0,0.0,3.0,0.0,4.0,1.0,3.0,0.0,2.0,0.0,5.0,1.0,3.0,0.0,0.0,5.0,1.0,5.0,1.0,3.0,0.0,1.0,0.0,1.0,0.0,4.0,1.0,4.0,1.0,4.0,1.0,4.0,1.0,3.375,1.0,1.0,1.0,0.0,0.0,0.0,0.0,1.0,0.0,0.5,0.0,0.0,0.0,0.0,0.0,0.0,0.0,1.0,0.0,0.125,,,0.0,1.0,0.0,4
3.0,1.0,2.0,4.0,59.0,16.0,2.0,1.0,0.0,1.0,1.0,0.0,8.0,0.0,1.0,0.0,3.0,2.0,2.0,2.3333333,4.0,5.0,4.0,4.3333335,0.0,5.0,4.0,3.0,4.0,4.0,3.0,5.0,1.0,0.0,1.0,1.0,2.0,0.0,0.0,0.0,0.0,1.0,,0.0,0,,1.0,3.0,0.0,1.0,0.0,4.0,1.0,1.0,0.0,1.0,0.0,1.0,0.0,1.0,0.0,2.0,0.0,1.0,0.0,1.75,0.125,2.0,0.0,2.0,0.0,2.0,0.0,4.0,1.0,2.0,0.0,5.0,1.0,3.0,0.0,0.0,4.0,1.0,2.0,0.0,4.0,1.0,1.0,0.0,1.0,0.0,1.0,0.0,1.0,0.0,2.0,0.0,1.0,0.0,2.0,1.0,1.0,0.0,0.0,0.0,0.0,0.0,0.0,0.0,0.25,1.0,0.0,0.0,0.0,0.0,0.0,0.0,0.0,0.0,0.125,,,0.0,0.0,0.0,2
4.0,2.0,3.0,1.0,73.0,20.0,5.0,1.0,1.0,1.0,1.0,0.0,1.0,1.0,0.0,0.0,3.0,3.0,3.0,3.0,3.0,3.0,3.0,3.0,0.0,4.0,3.0,4.0,3.6666667,3.0,4.0,5.0,0.0,1.0,1.0,1.0,2.0,1.0,0.0,1.0,1.0,0.0,0.0,,1,1.0,1.0,4.0,1.0,4.0,1.0,3.0,0.0,2.0,0.0,1.0,0.0,4.0,1.0,3.0,0.0,2.0,0.0,4.0,1.0,2.875,0.375,3.0,0.0,2.0,0.0,3.0,0.0,3.0,0.0,3.0,0.0,4.0,1.0,4.0,1.0,0.0,4.0,1.0,5.0,1.0,4.0,1.0,2.0,0.0,1.0,0.0,4.0,1.0,3.0,0.0,4.0,1.0,3.0,0.0,3.375,0.0,1.0,1.0,0.0,0.0,0.0,0.0,2.0,-1.0,0.5,0.0,0.0,1.0,0.0,0.0,0.0,0.0,1.0,-1.0,0.25,,,0.0,0.0,0.0,2
4.0,2.0,1.0,3.0,33.0,7.0,2.0,2.0,0.0,1.0,1.0,0.0,2.0,1.0,0.0,0.0,1.0,1.0,1.0,1.0,1.0,3.0,1.0,1.6666666,-70.0,1.0,1.0,2.0,1.3333334,3.0,1.0,5.0,0.0,1.0,1.0,1.0,2.0,1.0,0.0,0.0,0.0,1.0,,0.0,0,,1.0,5.0,1.0,5.0,1.0,3.0,0.0,1.0,0.0,2.0,0.0,5.0,1.0,4.0,1.0,5.0,1.0,3.0,0.0,3.75,0.625,3.0,0.0,3.0,0.0,3.0,0.0,2.0,0.0,2.0,0.0,4.0,1.0,4.0,1.0,0.0,5.0,1.0,5.0,1.0,4.0,1.0,1.0,0.0,1.0,0.0,5.0,1.0,4.0,1.0,4.0,1.0,3.0,0.0,3.625,0.0,0.0,1.0,0.0,-1.0,0.0,0.0,-1.0,0.0,-0.125,0.0,0.0,1.0,0.0,0.0,0.0,0.0,0.0,0.0,0.125,,,0.0,0.0,0.0,1
3.0,2.0,4.0,1.0,76.0,8.0,4.0,3.0,1.0,1.0,1.0,0.0,2.0,1.0,0.0,0.0,1.0,1.0,1.0,1.0,3.0,4.0,1.0,2.6666667,17.0,2.0,3.0,4.0,3.0,4.0,2.0,4.0,0.0,1.0,1.0,1.0,2.0,1.0,0.0,0.0,0.0,1.0,,0.0,0,,1.0,5.0,1.0,5.0,1.0,2.0,0.0,2.0,0.0,3.0,0.0,4.0,1.0,2.0,0.0,3.0,0.0,4.0,1.0,3.25,0.375,4.0,1.0,2.0,0.0,4.0,1.0,4.0,1.0,4.0,1.0,5.0,1.0,5.0,1.0,0.0,5.0,1.0,5.0,1.0,2.0,0.0,2.0,0.0,2.0,0.0,4.0,1.0,2.0,0.0,4.0,1.0,4.0,1.0,3.25,0.0,0.0,0.0,0.0,-1.0,0.0,0.0,1.0,0.0,0.0,0.0,0.0,0.0,0.0,0.0,0.0,0.0,1.0,0.0,0.125,,,0.0,1.0,0.0,4
3.0,2.0,4.0,1.0,64.0,1.0,8.0,2.0,0.0,1.0,1.0,0.0,1.0,1.0,0.0,0.0,2.0,2.0,1.0,1.6666666,2.0,2.0,2.0,2.0,-50.0,2.0,3.0,2.0,2.3333333,4.0,4.0,4.0,0.0,1.0,1.0,1.0,2.0,0.0,0.0,0.0,0.0,1.0,,0.0,0,,1.0,5.0,1.0,5.0,1.0,5.0,1.0,3.0,0.0,2.0,0.0,4.0,1.0,5.0,1.0,4.0,1.0,5.0,1.0,4.125,0.75,3.0,0.0,3.0,0.0,4.0,1.0,4.0,1.0,2.0,0.0,5.0,1.0,5.0,1.0,1.0,5.0,1.0,5.0,1.0,5.0,1.0,3.0,0.0,3.0,0.0,5.0,1.0,5.0,1.0,5.0,1.0,5.0,1.0,4.5,0.0,0.0,0.0,0.0,1.0,1.0,0.0,1.0,0.0,0.375,0.0,0.0,0.0,0.0,0.0,0.0,0.0,0.0,0.0,0.0,,,0.0,0.0,0.0,1
1.0,2.0,4.0,3.0,25.0,1.0,5.0,4.0,0.0,1.0,1.0,0.0,4.0,0.0,0.0,1.0,3.0,3.0,4.0,3.3333333,5.0,5.0,5.0,5.0,-4.0,2.0,3.0,2.0,2.3333333,4.0,4.0,3.0,0.0,0.0,0.0,0.0,0.0,0.0,0.0,1.0,1.0,0.0,0.0,,1,1.0,1.0,4.0,1.0,4.0,1.0,4.0,1.0,4.0,1.0,5.0,1.0,5.0,1.0,5.0,1.0,4.0,1.0,5.0,1.0,4.375,1.0,4.0,1.0,3.0,0.0,4.0,1.0,5.0,1.0,4.0,1.0,4.0,1.0,4.0,1.0,1.0,4.0,1.0,4.0,1.0,3.0,0.0,5.0,1.0,4.0,1.0,4.0,1.0,4.0,1.0,4.0,1.0,4.0,1.0,4.0,0.0,0.0,-1.0,1.0,-1.0,-1.0,-1.0,0.0,-1.0,-0.375,0.0,0.0,-1.0,0.0,0.0,0.0,0.0,0.0,0.0,-0.125,,,1.0,0.0,1.0,2
4.0,2.0,3.0,1.0,75.0,19.0,5.0,3.0,1.0,1.0,1.0,0.0,6.0,0.0,0.0,1.0,4.0,2.0,3.0,3.0,3.0,3.0,3.0,3.0,55.0,4.0,5.0,4.0,4.3333335,2.0,2.0,5.0,1.0,0.0,1.0,0.0,1.0,1.0,0.0,0.0,0.0,1.0,,0.0,0,,1.0,5.0,1.0,5.0,1.0,4.0,1.0,4.0,1.0,1.0,0.0,2.0,0.0,1.0,0.0,5.0,1.0,2.0,0.0,3.375,0.625,2.0,0.0,3.0,0.0,4.0,1.0,4.0,1.0,4.0,1.0,5.0,1.0,5.0,1.0,0.0,5.0,1.0,5.0,1.0,3.0,0.0,4.0,1.0,1.0,0.0,2.0,0.0,1.0,0.0,5.0,1.0,3.0,0.0,3.25,0.0,0.0,-1.0,0.0,0.0,0.0,0.0,0.0,1.0,-0.125,0.0,0.0,-1.0,0.0,0.0,0.0,0.0,0.0,0.0,-0.125,,,0.0,1.0,0.0,5
2.0,4.0,3.0,1.0,40.0,20.0,7.0,1.0,0.0,1.0,0.0,1.0,1.0,1.0,0.0,0.0,3.0,5.0,4.0,4.0,4.0,4.0,3.0,3.6666667,23.0,5.0,5.0,1.0,3.6666667,4.0,4.0,4.0,0.0,1.0,1.0,1.0,2.0,0.0,0.0,0.0,0.0,1.0,,0.0,0,,1.0,3.0,0.0,3.0,0.0,4.0,1.0,4.0,1.0,4.0,1.0,5.0,1.0,3.0,0.0,1.0,0.0,4.0,1.0,3.375,0.5,4.0,1.0,4.0,1.0,5.0,1.0,4.0,1.0,4.0,1.0,2.0,0.0,5.0,1.0,1.0,3.0,0.0,3.0,0.0,5.0,1.0,5.0,1.0,4.0,1.0,5.0,1.0,2.0,0.0,5.0,1.0,4.0,1.0,4.0,0.0,0.0,1.0,1.0,0.0,0.0,-1.0,4.0,0.0,0.625,0.0,0.0,0.0,0.0,0.0,0.0,0.0,1.0,0.0,0.125,,,0.0,1.0,1.0,4
2.0,3.0,4.0,1.0,55.0,21.0,7.0,3.0,0.0,0.0,1.0,0.0,8.0,0.0,1.0,0.0,2.0,2.0,3.0,2.3333333,4.0,4.0,4.0,4.0,100.0,5.0,5.0,5.0,5.0,3.0,2.0,5.0,1.0,0.0,0.0,1.0,1.0,1.0,0.0,1.0,1.0,0.0,0.0,,1,1.0,1.0,4.0,1.0,4.0,1.0,5.0,1.0,2.0,0.0,3.0,0.0,4.0,1.0,2.0,0.0,4.0,1.0,4.0,1.0,3.5,0.625,2.0,0.0,3.0,0.0,4.0,1.0,3.0,0.0,3.0,0.0,4.0,1.0,4.0,1.0,0.0,4.0,1.0,4.0,1.0,4.0,1.0,4.0,1.0,4.0,1.0,4.0,1.0,2.0,0.0,4.0,1.0,4.0,1.0,3.75,0.0,0.0,-1.0,2.0,1.0,0.0,0.0,0.0,0.0,0.25,0.0,0.0,0.0,1.0,1.0,0.0,0.0,0.0,0.0,0.25,,,0.0,1.0,1.0,5
2.0,1.0,3.0,4.0,22.0,1.0,4.0,3.0,0.0,0.0,1.0,0.0,1.0,1.0,0.0,0.0,4.0,4.0,5.0,4.3333335,5.0,4.0,4.0,4.3333335,-40.0,2.0,2.0,2.0,2.0,3.0,3.0,4.0,0.0,1.0,1.0,0.0,1.0,1.0,0.0,0.0,0.0,1.0,,0.0,0,,1.0,3.0,0.0,2.0,0.0,3.0,0.0,4.0,1.0,3.0,0.0,5.0,1.0,2.0,0.0,2.0,0.0,2.0,0.0,3.0,0.25,4.0,1.0,4.0,1.0,1.0,0.0,2.0,0.0,4.0,1.0,1.0,0.0,1.0,0.0,1.0,4.0,1.0,3.0,0.0,2.0,0.0,4.0,1.0,2.0,0.0,2.0,0.0,4.0,1.0,2.0,0.0,2.0,0.0,2.875,1.0,1.0,-1.0,0.0,-1.0,-3.0,2.0,0.0,0.0,-0.125,1.0,0.0,0.0,0.0,0.0,-1.0,1.0,0.0,0.0,0.125,,,0.0,0.0,0.0,1
3.0,2.0,1.0,4.0,22.0,4.0,6.0,1.0,0.0,0.0,0.0,0.0,1.0,1.0,0.0,0.0,2.0,2.0,2.0,2.0,2.0,2.0,1.0,1.6666666,-100.0,2.0,4.0,3.0,3.0,5.0,4.0,4.0,0.0,1.0,0.0,0.0,0.0,1.0,0.0,0.0,0.0,1.0,,0.0,0,,1.0,4.0,1.0,4.0,1.0,2.0,0.0,2.0,0.0,2.0,0.0,2.0,0.0,2.0,0.0,3.0,0.0,3.0,0.0,2.625,0.25,5.0,1.0,2.0,0.0,4.0,1.0,3.0,0.0,2.0,0.0,2.0,0.0,4.0,1.0,1.0,3.0,0.0,2.0,0.0,3.0,0.0,2.0,0.0,3.0,0.0,4.0,1.0,2.0,0.0,2.0,0.0,3.0,0.0,2.625,-1.0,-2.0,1.0,0.0,1.0,2.0,0.0,-1.0,0.0,0.0,-1.0,-1.0,0.0,0.0,0.0,1.0,0.0,0.0,0.0,-0.125,,,0.0,0.0,0.0,1
3.0,1.0,4.0,2.0,64.0,14.0,5.0,4.0,0.0,1.0,1.0,0.0,6.0,0.0,0.0,1.0,2.0,3.0,1.0,2.0,4.0,4.0,3.0,3.6666667,5.0,4.0,4.0,4.0,4.0,2.0,4.0,4.0,1.0,0.0,1.0,0.0,1.0,1.0,0.0,1.0,1.0,0.0,0.0,,1,1.0,1.0,5.0,1.0,5.0,1.0,5.0,1.0,4.0,1.0,5.0,1.0,4.0,1.0,5.0,1.0,5.0,1.0,5.0,1.0,4.75,1.0,2.0,0.0,4.0,1.0,5.0,1.0,2.0,0.0,4.0,1.0,5.0,1.0,5.0,1.0,1.0,5.0,1.0,5.0,1.0,5.0,1.0,5.0,1.0,5.0,1.0,5.0,1.0,5.0,1.0,5.0,1.0,5.0,1.0,5.0,0.0,0.0,0.0,1.0,0.0,1.0,0.0,0.0,0.0,0.25,0.0,0.0,0.0,0.0,0.0,0.0,0.0,0.0,0.0,0.0,,,0.0,1.0,0.0,3
3.0,2.0,4.0,1.0,34.0,7.0,4.0,3.0,0.0,0.0,1.0,0.0,4.0,0.0,0.0,1.0,3.0,3.0,3.0,3.0,3.0,2.0,2.0,2.3333333,25.0,4.0,5.0,4.0,4.3333335,5.0,4.0,5.0,0.0,0.0,1.0,1.0,2.0,1.0,0.0,1.0,1.0,0.0,0.0,,1,1.0,1.0,5.0,1.0,4.0,1.0,4.0,1.0,3.0,0.0,1.0,0.0,5.0,1.0,3.0,0.0,5.0,1.0,3.0,0.0,3.75,0.625,1.0,0.0,2.0,0.0,4.0,1.0,2.0,0.0,3.0,0.0,5.0,1.0,5.0,1.0,0.0,5.0,1.0,5.0,1.0,5.0,1.0,2.0,0.0,1.0,0.0,5.0,1.0,2.0,0.0,5.0,1.0,3.0,0.0,3.75,0.0,1.0,1.0,-1.0,0.0,0.0,-1.0,0.0,0.0,0.0,0.0,0.0,0.0,0.0,0.0,0.0,0.0,0.0,0.0,0.0,,,0.0,1.0,0.0,4
2.0,3.0,4.0,1.0,59.0,7.0,5.0,3.0,0.0,0.0,1.0,0.0,7.0,0.0,1.0,0.0,4.0,2.0,2.0,2.6666667,4.0,5.0,4.0,4.3333335,87.0,1.0,5.0,5.0,3.6666667,5.0,2.0,4.0,0.0,0.0,1.0,1.0,2.0,1.0,0.0,1.0,1.0,0.0,0.0,,1,1.0,1.0,5.0,1.0,5.0,1.0,1.0,0.0,1.0,0.0,1.0,0.0,2.0,0.0,1.0,0.0,5.0,1.0,2.0,0.0,2.625,0.375,5.0,1.0,4.0,1.0,2.0,0.0,5.0,1.0,2.0,0.0,1.0,0.0,5.0,1.0,0.0,5.0,1.0,5.0,1.0,4.0,1.0,4.0,1.0,4.0,1.0,5.0,1.0,1.0,0.0,5.0,1.0,5.0,1.0,4.125,0.0,0.0,3.0,3.0,3.0,3.0,0.0,0.0,3.0,1.5,0.0,0.0,1.0,1.0,1.0,1.0,0.0,0.0,1.0,0.5,,,0.0,1.0,1.0,5
3.0,2.0,1.0,4.0,78.0,2.0,1.0,3.0,1.0,1.0,1.0,0.0,8.0,0.0,1.0,0.0,1.0,5.0,1.0,2.3333333,4.0,5.0,5.0,4.6666665,50.0,5.0,5.0,5.0,5.0,5.0,3.0,4.0,0.0,0.0,0.0,0.0,0.0,1.0,0.0,0.0,0.0,1.0,,0.0,0,,1.0,3.0,0.0,3.0,0.0,1.0,0.0,3.0,0.0,5.0,1.0,1.0,0.0,1.0,0.0,1.0,0.0,3.0,0.0,2.25,0.125,1.0,0.0,4.0,1.0,5.0,1.0,3.0,0.0,3.0,0.0,3.0,0.0,3.0,0.0,0.0,3.0,0.0,3.0,0.0,3.0,0.0,3.0,0.0,3.0,0.0,3.0,0.0,3.0,0.0,3.0,0.0,3.0,0.0,3.0,0.0,0.0,2.0,0.0,-2.0,2.0,2.0,2.0,0.0,0.75,0.0,0.0,0.0,0.0,-1.0,0.0,0.0,0.0,0.0,-0.125,,,0.0,1.0,0.0,4
2.0,3.0,4.0,1.0,43.0,1.0,2.0,3.0,0.0,1.0,0.0,1.0,3.0,0.0,0.0,1.0,1.0,1.0,1.0,1.0,3.0,4.0,3.0,3.3333333,-1.0,2.0,4.0,3.0,3.0,4.0,3.0,5.0,0.0,1.0,1.0,1.0,2.0,1.0,0.0,1.0,1.0,0.0,0.0,,1,0.0,0.0,4.0,1.0,4.0,1.0,4.0,1.0,2.0,0.0,2.0,0.0,4.0,1.0,3.0,0.0,4.0,1.0,4.0,1.0,3.375,0.625,4.0,1.0,3.0,0.0,4.0,1.0,3.0,0.0,4.0,1.0,5.0,1.0,4.0,1.0,0.0,4.0,1.0,4.0,1.0,4.0,1.0,1.0,0.0,2.0,0.0,4.0,1.0,3.0,0.0,5.0,1.0,4.0,1.0,3.375,0.0,0.0,0.0,-1.0,0.0,0.0,0.0,1.0,0.0,0.0,0.0,0.0,0.0,0.0,0.0,0.0,0.0,0.0,0.0,0.0,5.0,1.0,0.0,0.0,1.0,2
3.0,1.0,4.0,2.0,53.0,5.0,5.0,3.0,0.0,0.0,0.0,0.0,8.0,0.0,1.0,0.0,5.0,5.0,5.0,5.0,1.0,5.0,4.0,3.3333333,100.0,5.0,5.0,4.0,4.6666665,1.0,3.0,4.0,1.0,0.0,1.0,1.0,2.0,1.0,0.0,0.0,0.0,1.0,,0.0,0,,1.0,5.0,1.0,5.0,1.0,1.0,0.0,1.0,0.0,1.0,0.0,1.0,0.0,1.0,0.0,3.0,0.0,1.0,0.0,2.25,0.25,2.0,0.0,1.0,0.0,1.0,0.0,4.0,1.0,1.0,0.0,5.0,1.0,5.0,1.0,0.0,5.0,1.0,5.0,1.0,1.0,0.0,1.0,0.0,1.0,0.0,1.0,0.0,1.0,0.0,1.0,0.0,1.0,0.0,2.0,0.0,0.0,0.0,0.0,0.0,0.0,0.0,-2.0,0.0,-0.25,0.0,0.0,0.0,0.0,0.0,0.0,0.0,0.0,0.0,0.0,,,0.0,1.0,0.0,5
3.0,2.0,4.0,1.0,45.0,16.0,6.0,1.0,0.0,0.0,1.0,0.0,6.0,0.0,0.0,1.0,3.0,3.0,3.0,3.0,3.0,3.0,1.0,2.3333333,10.0,4.0,4.0,3.0,3.6666667,1.0,4.0,2.0,0.0,0.0,1.0,0.0,1.0,1.0,0.0,1.0,1.0,0.0,0.0,,1,1.0,1.0,4.0,1.0,5.0,1.0,1.0,0.0,1.0,0.0,3.0,0.0,5.0,1.0,1.0,0.0,2.0,0.0,5.0,1.0,2.75,0.375,5.0,1.0,4.0,1.0,2.0,0.0,3.0,0.0,5.0,1.0,4.0,1.0,5.0,1.0,0.0,5.0,1.0,5.0,1.0,1.0,0.0,1.0,0.0,1.0,0.0,3.0,0.0,1.0,0.0,4.0,1.0,5.0,1.0,2.625,1.0,0.0,0.0,0.0,-2.0,-2.0,0.0,2.0,0.0,-0.125,0.0,0.0,0.0,0.0,0.0,-1.0,0.0,1.0,0.0,0.0,,,0.0,1.0,0.0,4
1.0,3.0,4.0,2.0,66.0,1.0,6.0,4.0,1.0,1.0,1.0,0.0,7.0,0.0,1.0,0.0,1.0,1.0,1.0,1.0,1.0,1.0,1.0,1.0,10.0,2.0,2.0,2.0,2.0,3.0,2.0,4.0,1.0,0.0,1.0,1.0,2.0,1.0,0.0,0.0,0.0,1.0,,0.0,0,,1.0,5.0,1.0,5.0,1.0,2.0,0.0,1.0,0.0,3.0,0.0,3.0,0.0,3.0,0.0,3.0,0.0,3.0,0.0,3.125,0.25,2.0,0.0,3.0,0.0,2.0,0.0,4.0,1.0,2.0,0.0,5.0,1.0,5.0,1.0,1.0,5.0,1.0,5.0,1.0,5.0,1.0,4.0,1.0,5.0,1.0,5.0,1.0,5.0,1.0,5.0,1.0,5.0,1.0,4.875,0.0,0.0,3.0,3.0,2.0,2.0,2.0,2.0,2.0,1.75,0.0,0.0,1.0,1.0,1.0,1.0,1.0,1.0,1.0,0.75,,,1.0,1.0,1.0,4
2.0,4.0,3.0,1.0,58.0,3.0,5.0,4.0,0.0,0.0,0.0,1.0,6.0,0.0,0.0,1.0,3.0,2.0,2.0,2.3333333,1.0,5.0,2.0,2.6666667,30.0,2.0,2.0,2.0,2.0,2.0,3.0,3.0,1.0,0.0,0.0,0.0,0.0,0.0,0.0,1.0,1.0,0.0,0.0,,1,1.0,1.0,5.0,1.0,5.0,1.0,2.0,0.0,1.0,0.0,1.0,0.0,2.0,0.0,2.0,0.0,5.0,1.0,2.0,0.0,2.875,0.375,5.0,1.0,3.0,0.0,2.0,0.0,3.0,0.0,3.0,0.0,4.0,1.0,4.0,1.0,0.0,5.0,1.0,5.0,1.0,2.0,0.0,1.0,0.0,1.0,0.0,2.0,0.0,2.0,0.0,5.0,1.0,2.0,0.0,2.875,0.0,0.0,0.0,0.0,0.0,0.0,0.0,0.0,0.0,0.0,0.0,0.0,0.0,0.0,0.0,0.0,0.0,0.0,0.0,0.0,,,0.0,1.0,1.0,4
2.0,3.0,4.0,1.0,53.0,9.0,5.0,2.0,0.0,1.0,1.0,0.0,7.0,0.0,1.0,0.0,3.0,2.0,4.0,3.0,3.0,5.0,1.0,3.0,69.0,1.0,4.0,4.0,3.0,3.0,4.0,4.0,1.0,0.0,1.0,1.0,2.0,1.0,0.0,0.0,0.0,1.0,,0.0,0,,1.0,4.0,1.0,5.0,1.0,4.0,1.0,2.0,0.0,3.0,0.0,3.0,0.0,1.0,0.0,4.0,1.0,1.0,0.0,3.25,0.5,4.0,1.0,3.0,0.0,3.0,0.0,2.0,0.0,2.0,0.0,4.0,1.0,4.0,1.0,0.0,5.0,1.0,5.0,1.0,4.0,1.0,2.0,0.0,3.0,0.0,2.0,0.0,2.0,0.0,4.0,1.0,2.0,0.0,3.375,1.0,0.0,0.0,0.0,0.0,-1.0,1.0,0.0,1.0,0.125,0.0,0.0,0.0,0.0,0.0,0.0,0.0,0.0,0.0,0.0,,,0.0,1.0,1.0,5
4.0,3.0,1.0,2.0,49.0,5.0,4.0,2.0,0.0,1.0,1.0,0.0,6.0,0.0,0.0,1.0,3.0,1.0,3.0,2.3333333,4.0,5.0,1.0,3.3333333,0.0,5.0,3.0,2.0,3.3333333,4.0,4.0,4.0,0.0,0.0,0.0,1.0,1.0,0.0,0.0,0.0,0.0,1.0,,0.0,0,,1.0,5.0,1.0,5.0,1.0,5.0,1.0,4.0,1.0,5.0,1.0,5.0,1.0,5.0,1.0,4.0,1.0,5.0,1.0,4.75,1.0,3.0,0.0,4.0,1.0,3.0,0.0,4.0,1.0,4.0,1.0,4.0,1.0,3.0,0.0,0.0,5.0,1.0,4.0,1.0,5.0,1.0,5.0,1.0,4.0,1.0,5.0,1.0,5.0,1.0,5.0,1.0,5.0,1.0,4.75,0.0,-1.0,0.0,1.0,-1.0,0.0,0.0,1.0,0.0,0.0,0.0,0.0,0.0,0.0,0.0,0.0,0.0,0.0,0.0,0.0,,,0.0,0.0,0.0,2
4.0,1.0,3.0,2.0,60.0,4.0,2.0,1.0,0.0,0.0,1.0,0.0,1.0,1.0,0.0,0.0,2.0,2.0,2.0,2.0,3.0,2.0,1.0,2.0,31.0,2.0,2.0,2.0,2.0,4.0,2.0,5.0,0.0,1.0,0.0,1.0,1.0,1.0,0.0,1.0,1.0,0.0,0.0,,1,1.0,1.0,4.0,1.0,4.0,1.0,4.0,1.0,1.0,0.0,1.0,0.0,4.0,1.0,1.0,0.0,4.0,1.0,1.0,0.0,2.875,0.625,1.0,0.0,1.0,0.0,2.0,0.0,1.0,0.0,1.0,0.0,4.0,1.0,4.0,1.0,0.0,4.0,1.0,4.0,1.0,4.0,1.0,1.0,0.0,2.0,0.0,4.0,1.0,2.0,0.0,2.0,0.0,5.0,1.0,2.875,0.0,0.0,0.0,0.0,1.0,0.0,1.0,-2.0,4.0,0.0,0.0,0.0,0.0,0.0,0.0,0.0,0.0,-1.0,1.0,-0.125,,,0.0,1.0,0.0,4
1.0,3.0,4.0,2.0,36.0,15.0,6.0,2.0,0.0,1.0,1.0,0.0,8.0,0.0,1.0,0.0,2.0,2.0,1.0,1.6666666,3.0,5.0,5.0,4.3333335,35.0,5.0,4.0,4.0,4.3333335,4.0,4.0,4.0,1.0,0.0,0.0,1.0,1.0,0.0,0.0,1.0,1.0,0.0,0.0,,1,1.0,1.0,4.0,1.0,2.0,0.0,2.0,0.0,2.0,0.0,3.0,0.0,2.0,0.0,2.0,0.0,3.0,0.0,4.0,1.0,2.5,0.125,4.0,1.0,4.0,1.0,2.0,0.0,2.0,0.0,1.0,0.0,4.0,1.0,4.0,1.0,0.0,3.0,0.0,2.0,0.0,1.0,0.0,2.0,0.0,4.0,1.0,2.0,0.0,2.0,0.0,4.0,1.0,1.0,0.0,2.5,-1.0,0.0,-1.0,0.0,1.0,0.0,0.0,1.0,-3.0,0.0,-1.0,0.0,0.0,0.0,1.0,0.0,0.0,1.0,-1.0,0.125,,,1.0,1.0,1.0,4
2.0,4.0,3.0,1.0,34.0,8.0,6.0,2.0,0.0,1.0,0.0,0.0,7.0,0.0,1.0,0.0,1.0,1.0,1.0,1.0,3.0,3.0,2.0,2.6666667,-2.0,2.0,2.0,3.0,2.3333333,5.0,4.0,3.0,0.0,1.0,1.0,1.0,2.0,1.0,0.0,0.0,0.0,1.0,,0.0,0,,1.0,5.0,1.0,5.0,1.0,1.0,0.0,1.0,0.0,3.0,0.0,3.0,0.0,3.0,0.0,3.0,0.0,5.0,1.0,3.0,0.25,3.0,0.0,5.0,1.0,5.0,1.0,4.0,1.0,3.0,0.0,5.0,1.0,3.0,0.0,0.0,5.0,1.0,5.0,1.0,1.0,0.0,1.0,0.0,1.0,0.0,3.0,0.0,3.0,0.0,5.0,1.0,5.0,1.0,3.0,0.0,0.0,0.0,0.0,-2.0,0.0,0.0,2.0,0.0,0.0,0.0,0.0,0.0,0.0,0.0,0.0,0.0,1.0,0.0,0.125,,,0.0,0.0,1.0,2
3.0,1.0,4.0,2.0,21.0,6.0,2.0,2.0,0.0,1.0,0.0,1.0,2.0,1.0,0.0,0.0,1.0,1.0,1.0,1.0,2.0,1.0,1.0,1.3333334,-51.0,1.0,1.0,1.0,1.0,3.0,1.0,5.0,0.0,1.0,0.0,1.0,1.0,0.0,0.0,0.0,0.0,1.0,,0.0,0,,1.0,5.0,1.0,3.0,0.0,5.0,1.0,1.0,0.0,4.0,1.0,5.0,1.0,4.0,1.0,4.0,1.0,4.0,1.0,3.875,0.75,5.0,1.0,4.0,1.0,5.0,1.0,4.0,1.0,3.0,0.0,5.0,1.0,5.0,1.0,0.0,4.0,1.0,4.0,1.0,5.0,1.0,1.0,0.0,3.0,0.0,5.0,1.0,4.0,1.0,4.0,1.0,4.0,1.0,3.75,-1.0,1.0,0.0,0.0,-1.0,0.0,0.0,0.0,0.0,-0.125,0.0,1.0,0.0,0.0,-1.0,0.0,0.0,0.0,0.0,0.0,,,0.0,0.0,0.0,1
3.0,2.0,4.0,1.0,50.0,9.0,4.0,1.0,0.0,0.0,1.0,0.0,5.0,0.0,0.0,1.0,3.0,3.0,1.0,2.3333333,4.0,4.0,3.0,3.6666667,0.0,3.0,4.0,3.0,3.3333333,4.0,5.0,4.0,1.0,0.0,1.0,1.0,2.0,0.0,0.0,0.0,0.0,1.0,,0.0,0,,1.0,3.0,0.0,3.0,0.0,3.0,0.0,1.0,0.0,3.0,0.0,3.0,0.0,3.0,0.0,3.0,0.0,3.0,0.0,2.75,0.0,4.0,1.0,3.0,0.0,4.0,1.0,4.0,1.0,3.0,0.0,3.0,0.0,4.0,1.0,0.0,3.0,0.0,3.0,0.0,3.0,0.0,1.0,0.0,3.0,0.0,3.0,0.0,3.0,0.0,3.0,0.0,3.0,0.0,2.75,0.0,0.0,0.0,0.0,0.0,0.0,0.0,0.0,0.0,0.0,0.0,0.0,0.0,0.0,0.0,0.0,0.0,0.0,0.0,0.0,,,0.0,0.0,0.0,2
3.0,4.0,1.0,2.0,53.0,20.0,6.0,3.0,0.0,1.0,1.0,0.0,8.0,0.0,1.0,0.0,1.0,2.0,1.0,1.3333334,3.0,5.0,1.0,3.0,9.0,2.0,4.0,3.0,3.0,3.0,3.0,3.0,1.0,0.0,0.0,1.0,1.0,1.0,0.0,1.0,1.0,0.0,0.0,,1,1.0,1.0,3.0,0.0,3.0,0.0,3.0,0.0,3.0,0.0,3.0,0.0,3.0,0.0,3.0,0.0,3.0,0.0,3.0,0.0,3.0,0.0,3.0,0.0,3.0,0.0,3.0,0.0,3.0,0.0,3.0,0.0,3.0,0.0,3.0,0.0,0.0,3.0,0.0,3.0,0.0,3.0,0.0,3.0,0.0,3.0,0.0,3.0,0.0,2.0,0.0,3.0,0.0,3.0,0.0,2.875,0.0,0.0,0.0,0.0,0.0,0.0,-1.0,0.0,0.0,-0.125,0.0,0.0,0.0,0.0,0.0,0.0,0.0,0.0,0.0,0.0,,,0.0,1.0,1.0,4
2.0,3.0,4.0,1.0,35.0,1.0,2.0,2.0,0.0,0.0,1.0,0.0,5.0,0.0,0.0,1.0,5.0,5.0,3.0,4.3333335,1.0,3.0,3.0,2.3333333,0.0,1.0,5.0,4.0,3.3333333,1.0,1.0,1.0,0.0,0.0,0.0,1.0,1.0,0.0,0.0,1.0,1.0,0.0,0.0,,1,0.0,0.0,4.0,1.0,3.0,0.0,1.0,0.0,4.0,1.0,1.0,0.0,1.0,0.0,1.0,0.0,3.0,0.0,1.0,0.0,2.25,0.25,1.0,0.0,1.0,0.0,1.0,0.0,3.0,0.0,1.0,0.0,3.0,0.0,2.0,0.0,0.0,3.0,0.0,1.0,0.0,1.0,0.0,4.0,1.0,1.0,0.0,1.0,0.0,1.0,0.0,1.0,0.0,1.0,0.0,1.625,-1.0,-2.0,0.0,0.0,0.0,0.0,0.0,-2.0,0.0,-0.625,-1.0,0.0,0.0,0.0,0.0,0.0,0.0,0.0,0.0,-0.125,3.0,0.0,0.0,0.0,1.0,2
2.0,3.0,4.0,1.0,36.0,9.0,2.0,1.0,0.0,1.0,1.0,0.0,7.0,0.0,1.0,0.0,3.0,3.0,3.0,3.0,3.0,5.0,3.0,3.6666667,0.0,3.0,4.0,3.0,3.3333333,3.0,3.0,3.0,1.0,0.0,0.0,1.0,1.0,0.0,0.0,1.0,1.0,0.0,0.0,,1,1.0,1.0,3.0,0.0,3.0,0.0,3.0,0.0,3.0,0.0,3.0,0.0,4.0,1.0,3.0,0.0,3.0,0.0,3.0,0.0,3.125,0.125,2.0,0.0,3.0,0.0,3.0,0.0,3.0,0.0,3.0,0.0,3.0,0.0,3.0,0.0,0.0,3.0,0.0,3.0,0.0,3.0,0.0,3.0,0.0,3.0,0.0,4.0,1.0,3.0,0.0,3.0,0.0,4.0,1.0,3.125,0.0,0.0,0.0,0.0,0.0,0.0,0.0,0.0,1.0,0.0,0.0,0.0,0.0,0.0,0.0,0.0,0.0,0.0,1.0,0.0,,,0.0,0.0,1.0,2
4.0,1.0,3.0,2.0,33.0,18.0,6.0,3.0,0.0,0.0,0.0,0.0,8.0,0.0,1.0,0.0,1.0,1.0,1.0,1.0,5.0,5.0,5.0,5.0,-100.0,4.0,2.0,1.0,2.3333333,1.0,2.0,5.0,1.0,0.0,1.0,1.0,2.0,1.0,0.0,0.0,0.0,1.0,,0.0,0,,1.0,5.0,1.0,5.0,1.0,5.0,1.0,4.0,1.0,5.0,1.0,5.0,1.0,5.0,1.0,5.0,1.0,5.0,1.0,4.875,1.0,5.0,1.0,4.0,1.0,5.0,1.0,1.0,0.0,4.0,1.0,5.0,1.0,5.0,1.0,1.0,5.0,1.0,5.0,1.0,5.0,1.0,5.0,1.0,5.0,1.0,5.0,1.0,5.0,1.0,5.0,1.0,5.0,1.0,5.0,0.0,0.0,0.0,1.0,0.0,0.0,0.0,0.0,0.0,0.125,0.0,0.0,0.0,0.0,0.0,0.0,0.0,0.0,0.0,0.0,,,0.0,0.0,0.0,1
1.0,3.0,4.0,2.0,48.0,11.0,4.0,4.0,0.0,1.0,0.0,0.0,7.0,0.0,1.0,0.0,1.0,1.0,1.0,1.0,1.0,4.0,1.0,2.0,0.0,3.0,4.0,2.0,3.0,5.0,4.0,3.0,0.0,1.0,1.0,1.0,2.0,1.0,0.0,1.0,1.0,0.0,0.0,,1,0.0,0.0,5.0,1.0,5.0,1.0,5.0,1.0,4.0,1.0,3.0,0.0,5.0,1.0,5.0,1.0,4.0,1.0,3.0,0.0,4.5,0.875,4.0,1.0,5.0,1.0,5.0,1.0,4.0,1.0,4.0,1.0,5.0,1.0,5.0,1.0,0.0,5.0,1.0,5.0,1.0,5.0,1.0,3.0,0.0,3.0,0.0,5.0,1.0,5.0,1.0,5.0,1.0,4.0,1.0,4.5,0.0,0.0,0.0,-1.0,0.0,0.0,0.0,1.0,1.0,0.0,0.0,0.0,0.0,-1.0,0.0,0.0,0.0,0.0,1.0,-0.125,5.0,1.0,1.0,0.0,1.0,2
2.0,3.0,4.0,1.0,42.0,20.0,2.0,3.0,0.0,1.0,1.0,0.0,4.0,0.0,0.0,1.0,1.0,4.0,1.0,2.0,1.0,1.0,1.0,1.0,-2.0,2.0,3.0,3.0,2.6666667,1.0,1.0,1.0,0.0,0.0,0.0,1.0,1.0,1.0,0.0,1.0,1.0,0.0,0.0,,1,1.0,1.0,1.0,0.0,1.0,0.0,1.0,0.0,1.0,0.0,1.0,0.0,1.0,0.0,1.0,0.0,1.0,0.0,1.0,0.0,1.0,0.0,1.0,0.0,2.0,0.0,1.0,0.0,3.0,0.0,2.0,0.0,3.0,0.0,3.0,0.0,0.0,1.0,0.0,1.0,0.0,1.0,0.0,1.0,0.0,1.0,0.0,1.0,0.0,1.0,0.0,1.0,0.0,1.0,0.0,1.0,0.0,0.0,0.0,0.0,0.0,0.0,0.0,0.0,0.0,0.0,0.0,0.0,0.0,0.0,0.0,0.0,0.0,0.0,0.0,0.0,,,0.0,0.0,1.0,2
4.0,1.0,2.0,3.0,51.0,20.0,7.0,4.0,0.0,1.0,1.0,0.0,1.0,1.0,0.0,0.0,1.0,1.0,1.0,1.0,5.0,5.0,1.0,3.6666667,0.0,1.0,4.0,3.0,2.6666667,5.0,3.0,5.0,0.0,1.0,0.0,0.0,0.0,1.0,0.0,0.0,0.0,1.0,,0.0,0,,1.0,5.0,1.0,5.0,1.0,5.0,1.0,3.0,0.0,5.0,1.0,3.0,0.0,1.0,0.0,5.0,1.0,5.0,1.0,4.0,0.625,5.0,1.0,5.0,1.0,3.0,0.0,5.0,1.0,5.0,1.0,5.0,1.0,5.0,1.0,1.0,4.0,1.0,4.0,1.0,4.0,1.0,5.0,1.0,3.0,0.0,4.0,1.0,4.0,1.0,4.0,1.0,4.0,1.0,4.0,-1.0,-1.0,-1.0,2.0,-2.0,1.0,3.0,-1.0,-1.0,0.0,0.0,0.0,0.0,1.0,-1.0,1.0,1.0,0.0,0.0,0.25,,,0.0,0.0,0.0,2
3.0,2.0,4.0,1.0,52.0,11.0,7.0,4.0,0.0,1.0,1.0,0.0,8.0,0.0,1.0,0.0,3.0,2.0,1.0,2.0,2.0,4.0,1.0,2.3333333,-70.0,2.0,3.0,3.0,2.6666667,4.0,3.0,5.0,1.0,0.0,1.0,1.0,2.0,1.0,0.0,1.0,1.0,0.0,0.0,,1,1.0,1.0,4.0,1.0,5.0,1.0,5.0,1.0,1.0,0.0,1.0,0.0,4.0,1.0,3.0,0.0,3.0,0.0,1.0,0.0,3.25,0.5,2.0,0.0,1.0,0.0,1.0,0.0,3.0,0.0,1.0,0.0,3.0,0.0,4.0,1.0,0.0,5.0,1.0,5.0,1.0,5.0,1.0,1.0,0.0,1.0,0.0,4.0,1.0,3.0,0.0,3.0,0.0,1.0,0.0,3.375,1.0,0.0,0.0,0.0,0.0,0.0,0.0,0.0,0.0,0.125,0.0,0.0,0.0,0.0,0.0,0.0,0.0,0.0,0.0,0.0,,,0.0,0.0,0.0,1
3.0,2.0,4.0,1.0,31.0,2.0,6.0,1.0,0.0,1.0,1.0,0.0,2.0,1.0,0.0,0.0,2.0,3.0,3.0,2.6666667,2.0,4.0,1.0,2.3333333,2.0,2.0,2.0,2.0,2.0,3.0,3.0,2.0,0.0,1.0,0.0,1.0,1.0,1.0,0.0,1.0,1.0,0.0,0.0,,1,0.0,0.0,2.0,0.0,4.0,1.0,1.0,0.0,1.0,0.0,1.0,0.0,4.0,1.0,4.0,1.0,3.0,0.0,1.0,0.0,2.5,0.375,2.0,0.0,3.0,0.0,4.0,1.0,1.0,0.0,2.0,0.0,2.0,0.0,3.0,0.0,0.0,4.0,1.0,5.0,1.0,1.0,0.0,1.0,0.0,1.0,0.0,4.0,1.0,4.0,1.0,3.0,0.0,1.0,0.0,2.875,2.0,1.0,0.0,0.0,0.0,0.0,0.0,0.0,0.0,0.375,1.0,0.0,0.0,0.0,0.0,0.0,0.0,0.0,0.0,0.125,5.0,1.0,0.0,1.0,0.0,3
3.0,2.0,4.0,1.0,52.0,23.0,8.0,2.0,0.0,1.0,0.0,0.0,4.0,0.0,0.0,1.0,5.0,1.0,3.0,3.0,1.0,5.0,1.0,2.3333333,71.0,1.0,1.0,1.0,1.0,5.0,3.0,2.0,0.0,1.0,0.0,0.0,0.0,1.0,0.0,0.0,0.0,1.0,,0.0,0,,1.0,5.0,1.0,5.0,1.0,1.0,0.0,4.0,1.0,3.0,0.0,1.0,0.0,1.0,0.0,3.0,0.0,1.0,0.0,2.875,0.375,1.0,0.0,4.0,1.0,3.0,0.0,5.0,1.0,3.0,0.0,5.0,1.0,5.0,1.0,0.0,3.0,0.0,3.0,0.0,3.0,0.0,3.0,0.0,3.0,0.0,3.0,0.0,3.0,0.0,3.0,0.0,3.0,0.0,3.0,-2.0,-2.0,2.0,-1.0,0.0,2.0,2.0,0.0,2.0,0.125,-1.0,-1.0,0.0,-1.0,0.0,0.0,0.0,0.0,0.0,-0.375,,,0.0,1.0,0.0,5
2.0,1.0,4.0,3.0,36.0,19.0,6.0,4.0,0.0,0.0,0.0,0.0,8.0,0.0,1.0,0.0,4.0,4.0,4.0,4.0,3.0,4.0,3.0,3.3333333,92.0,3.0,3.0,3.0,3.0,3.0,1.0,4.0,1.0,0.0,1.0,1.0,2.0,1.0,0.0,0.0,0.0,1.0,,0.0,0,,1.0,3.0,0.0,3.0,0.0,3.0,0.0,1.0,0.0,1.0,0.0,1.0,0.0,1.0,0.0,3.0,0.0,1.0,0.0,2.0,0.0,2.0,0.0,1.0,0.0,1.0,0.0,3.0,0.0,1.0,0.0,3.0,0.0,3.0,0.0,0.0,3.0,0.0,3.0,0.0,3.0,0.0,1.0,0.0,1.0,0.0,1.0,0.0,1.0,0.0,3.0,0.0,1.0,0.0,2.0,0.0,0.0,0.0,0.0,0.0,0.0,0.0,0.0,0.0,0.0,0.0,0.0,0.0,0.0,0.0,0.0,0.0,0.0,0.0,0.0,,,0.0,1.0,0.0,5
3.0,2.0,1.0,4.0,59.0,3.0,2.0,4.0,0.0,0.0,1.0,0.0,1.0,1.0,0.0,0.0,1.0,2.0,1.0,1.3333334,1.0,3.0,1.0,1.6666666,0.0,1.0,2.0,3.0,2.0,4.0,2.0,4.0,0.0,1.0,1.0,0.0,1.0,1.0,0.0,1.0,1.0,0.0,0.0,,1,0.0,0.0,4.0,1.0,4.0,1.0,3.0,0.0,1.0,0.0,2.0,0.0,4.0,1.0,3.0,0.0,4.0,1.0,2.0,0.0,3.125,0.5,3.0,0.0,2.0,0.0,2.0,0.0,2.0,0.0,3.0,0.0,4.0,1.0,2.0,0.0,0.0,2.0,0.0,4.0,1.0,3.0,0.0,1.0,0.0,2.0,0.0,4.0,1.0,3.0,0.0,4.0,1.0,2.0,0.0,2.875,-2.0,0.0,0.0,0.0,0.0,0.0,0.0,0.0,0.0,-0.25,-1.0,0.0,0.0,0.0,0.0,0.0,0.0,0.0,0.0,-0.125,4.0,1.0,0.0,0.0,0.0,2
3.0,2.0,4.0,1.0,45.0,4.0,4.0,3.0,0.0,1.0,1.0,0.0,3.0,0.0,0.0,1.0,1.0,1.0,1.0,1.0,3.0,2.0,4.0,3.0,36.0,2.0,4.0,5.0,3.6666667,2.0,1.0,3.0,0.0,0.0,1.0,0.0,1.0,1.0,0.0,0.0,0.0,1.0,,0.0,0,,1.0,2.0,0.0,4.0,1.0,5.0,1.0,4.0,1.0,2.0,0.0,4.0,1.0,3.0,0.0,5.0,1.0,2.0,0.0,3.625,0.625,4.0,1.0,2.0,0.0,2.0,0.0,4.0,1.0,2.0,0.0,5.0,1.0,5.0,1.0,1.0,5.0,1.0,5.0,1.0,1.0,0.0,4.0,1.0,1.0,0.0,5.0,1.0,2.0,0.0,4.0,1.0,2.0,0.0,3.375,3.0,1.0,-4.0,0.0,-1.0,1.0,-1.0,-1.0,0.0,-0.25,1.0,0.0,-1.0,0.0,0.0,0.0,0.0,0.0,0.0,0.0,,,0.0,1.0,0.0,4
4.0,3.0,2.0,1.0,35.0,8.0,4.0,3.0,0.0,1.0,0.0,1.0,2.0,1.0,0.0,0.0,5.0,1.0,3.0,3.0,5.0,3.0,1.0,3.0,25.0,1.0,5.0,5.0,3.6666667,5.0,3.0,5.0,0.0,1.0,1.0,1.0,2.0,1.0,0.0,0.0,0.0,1.0,,0.0,0,,1.0,4.0,1.0,3.0,0.0,1.0,0.0,1.0,0.0,3.0,0.0,2.0,0.0,5.0,1.0,3.0,0.0,3.0,0.0,2.75,0.25,1.0,0.0,4.0,1.0,3.0,0.0,5.0,1.0,1.0,0.0,5.0,1.0,2.0,0.0,1.0,3.0,0.0,4.0,1.0,1.0,0.0,1.0,0.0,3.0,0.0,2.0,0.0,3.0,0.0,1.0,0.0,4.0,1.0,2.25,-1.0,1.0,0.0,0.0,0.0,0.0,-2.0,-2.0,1.0,-0.5,-1.0,1.0,0.0,0.0,0.0,0.0,-1.0,0.0,1.0,-0.125,,,0.0,1.0,0.0,4
4.0,2.0,3.0,1.0,36.0,13.0,7.0,4.0,0.0,0.0,0.0,0.0,7.0,0.0,1.0,0.0,3.0,2.0,3.0,2.6666667,5.0,4.0,4.0,4.3333335,50.0,5.0,5.0,4.0,4.6666665,3.0,3.0,5.0,1.0,0.0,1.0,1.0,2.0,1.0,0.0,1.0,1.0,0.0,0.0,,1,1.0,1.0,5.0,1.0,5.0,1.0,5.0,1.0,4.0,1.0,1.0,0.0,3.0,0.0,3.0,0.0,5.0,1.0,2.0,0.0,3.875,0.625,4.0,1.0,3.0,0.0,3.0,0.0,3.0,0.0,2.0,0.0,4.0,1.0,5.0,1.0,1.0,5.0,1.0,5.0,1.0,5.0,1.0,4.0,1.0,2.0,0.0,3.0,0.0,3.0,0.0,5.0,1.0,3.0,0.0,4.0,0.0,0.0,0.0,0.0,1.0,0.0,0.0,0.0,1.0,0.125,0.0,0.0,0.0,0.0,0.0,0.0,0.0,0.0,0.0,0.0,,,0.0,1.0,0.0,4
4.0,3.0,2.0,1.0,27.0,1.0,2.0,2.0,0.0,0.0,0.0,1.0,4.0,0.0,0.0,1.0,5.0,5.0,5.0,5.0,3.0,3.0,3.0,3.0,0.0,3.0,3.0,3.0,3.0,5.0,3.0,4.0,0.0,0.0,0.0,1.0,1.0,1.0,0.0,1.0,1.0,0.0,0.0,,1,0.0,0.0,3.0,0.0,3.0,0.0,3.0,0.0,3.0,0.0,3.0,0.0,3.0,0.0,3.0,0.0,3.0,0.0,3.0,0.0,3.0,0.0,4.0,1.0,3.0,0.0,3.0,0.0,3.0,0.0,3.0,0.0,3.0,0.0,3.0,0.0,0.0,3.0,0.0,3.0,0.0,3.0,0.0,3.0,0.0,3.0,0.0,3.0,0.0,3.0,0.0,3.0,0.0,3.0,0.0,3.0,0.0,0.0,0.0,0.0,0.0,0.0,0.0,0.0,0.0,0.0,0.0,0.0,0.0,0.0,0.0,0.0,0.0,0.0,0.0,0.0,3.0,0.0,0.0,0.0,0.0,2
3.0,2.0,4.0,1.0,39.0,16.0,7.0,1.0,0.0,1.0,1.0,0.0,1.0,1.0,0.0,0.0,2.0,2.0,1.0,1.6666666,2.0,4.0,2.0,2.6666667,0.0,2.0,4.0,2.0,2.6666667,5.0,4.0,5.0,0.0,1.0,0.0,1.0,1.0,1.0,0.0,1.0,1.0,0.0,0.0,,1,0.0,0.0,3.0,0.0,2.0,0.0,4.0,1.0,2.0,0.0,1.0,0.0,4.0,1.0,4.0,1.0,4.0,1.0,4.0,1.0,3.0,0.5,3.0,0.0,2.0,0.0,3.0,0.0,2.0,0.0,2.0,0.0,4.0,1.0,3.0,0.0,0.0,1.0,0.0,1.0,0.0,4.0,1.0,1.0,0.0,1.0,0.0,4.0,1.0,4.0,1.0,4.0,1.0,4.0,1.0,2.5,-2.0,-1.0,0.0,-1.0,0.0,0.0,0.0,0.0,0.0,-0.5,0.0,0.0,0.0,0.0,0.0,0.0,0.0,0.0,0.0,0.0,4.0,1.0,0.0,0.0,0.0,2
1.0,3.0,4.0,2.0,53.0,7.0,6.0,2.0,0.0,1.0,1.0,0.0,1.0,1.0,0.0,0.0,1.0,1.0,1.0,1.0,3.0,4.0,1.0,2.6666667,-74.0,1.0,3.0,2.0,2.0,3.0,4.0,3.0,0.0,1.0,1.0,1.0,2.0,1.0,0.0,0.0,0.0,1.0,,0.0,0,,1.0,3.0,0.0,5.0,1.0,2.0,0.0,3.0,0.0,4.0,1.0,5.0,1.0,5.0,1.0,3.0,0.0,4.0,1.0,3.75,0.5,2.0,0.0,2.0,0.0,4.0,1.0,4.0,1.0,2.0,0.0,3.0,0.0,3.0,0.0,1.0,5.0,1.0,4.0,1.0,4.0,1.0,4.0,1.0,4.0,1.0,5.0,1.0,5.0,1.0,4.0,1.0,4.0,1.0,4.375,2.0,-1.0,2.0,1.0,0.0,0.0,0.0,1.0,0.0,0.625,1.0,0.0,1.0,1.0,0.0,0.0,0.0,1.0,0.0,0.5,,,1.0,0.0,1.0,1
1.0,3.0,4.0,2.0,51.0,19.0,6.0,1.0,0.0,1.0,0.0,0.0,7.0,0.0,1.0,0.0,4.0,4.0,3.0,3.6666667,3.0,4.0,3.0,3.3333333,14.0,4.0,4.0,3.0,3.6666667,4.0,3.0,3.0,1.0,0.0,1.0,0.0,1.0,1.0,0.0,1.0,1.0,0.0,0.0,,1,0.0,0.0,5.0,1.0,5.0,1.0,3.0,0.0,3.0,0.0,3.0,0.0,3.0,0.0,2.0,0.0,4.0,1.0,3.0,0.0,3.5,0.375,2.0,0.0,2.0,0.0,3.0,0.0,3.0,0.0,3.0,0.0,5.0,1.0,5.0,1.0,0.0,5.0,1.0,5.0,1.0,3.0,0.0,2.0,0.0,3.0,0.0,3.0,0.0,3.0,0.0,5.0,1.0,3.0,0.0,3.625,0.0,0.0,0.0,-1.0,0.0,0.0,1.0,1.0,0.0,0.125,0.0,0.0,0.0,0.0,0.0,0.0,0.0,0.0,0.0,0.0,5.0,1.0,1.0,1.0,1.0,4
1.0,2.0,4.0,3.0,41.0,20.0,6.0,1.0,0.0,1.0,1.0,0.0,1.0,1.0,0.0,0.0,1.0,1.0,1.0,1.0,1.0,3.0,1.0,1.6666666,-88.0,1.0,4.0,2.0,2.3333333,5.0,5.0,5.0,0.0,1.0,0.0,1.0,1.0,1.0,0.0,0.0,0.0,1.0,,0.0,0,,1.0,5.0,1.0,5.0,1.0,5.0,1.0,1.0,0.0,1.0,0.0,3.0,0.0,2.0,0.0,5.0,1.0,2.0,0.0,3.375,0.5,2.0,0.0,2.0,0.0,3.0,0.0,4.0,1.0,4.0,1.0,5.0,1.0,5.0,1.0,1.0,5.0,1.0,5.0,1.0,5.0,1.0,1.0,0.0,1.0,0.0,3.0,0.0,2.0,0.0,5.0,1.0,2.0,0.0,3.375,0.0,0.0,0.0,0.0,0.0,0.0,0.0,0.0,0.0,0.0,0.0,0.0,0.0,0.0,0.0,0.0,0.0,0.0,0.0,0.0,,,1.0,0.0,1.0,1
3.0,2.0,1.0,4.0,25.0,24.0,3.0,1.0,0.0,1.0,1.0,0.0,4.0,0.0,0.0,1.0,3.0,3.0,3.0,3.0,3.0,5.0,3.0,3.6666667,0.0,3.0,3.0,3.0,3.0,3.0,3.0,2.0,0.0,0.0,0.0,0.0,0.0,0.0,0.0,0.0,0.0,1.0,,0.0,0,,1.0,3.0,0.0,4.0,1.0,3.0,0.0,3.0,0.0,2.0,0.0,3.0,0.0,3.0,0.0,3.0,0.0,3.0,0.0,3.0,0.125,3.0,0.0,3.0,0.0,3.0,0.0,3.0,0.0,3.0,0.0,3.0,0.0,3.0,0.0,0.0,3.0,0.0,3.0,0.0,3.0,0.0,3.0,0.0,3.0,0.0,3.0,0.0,3.0,0.0,3.0,0.0,3.0,0.0,3.0,0.0,-1.0,0.0,0.0,1.0,0.0,0.0,0.0,0.0,0.0,0.0,-1.0,0.0,0.0,0.0,0.0,0.0,0.0,0.0,-0.125,,,0.0,0.0,0.0,2
2.0,1.0,3.0,4.0,30.0,1.0,6.0,2.0,0.0,1.0,1.0,0.0,3.0,0.0,0.0,1.0,3.0,3.0,3.0,3.0,3.0,4.0,3.0,3.3333333,0.0,3.0,3.0,3.0,3.0,3.0,3.0,4.0,0.0,0.0,1.0,0.0,1.0,1.0,0.0,0.0,0.0,1.0,,0.0,0,,1.0,4.0,1.0,4.0,1.0,3.0,0.0,3.0,0.0,4.0,1.0,3.0,0.0,3.0,0.0,5.0,1.0,4.0,1.0,3.625,0.5,2.0,0.0,4.0,1.0,3.0,0.0,3.0,0.0,4.0,1.0,5.0,1.0,4.0,1.0,1.0,5.0,1.0,5.0,1.0,3.0,0.0,3.0,0.0,5.0,1.0,4.0,1.0,4.0,1.0,5.0,1.0,4.0,1.0,4.25,1.0,1.0,0.0,0.0,1.0,1.0,1.0,0.0,0.0,0.625,0.0,0.0,0.0,0.0,0.0,1.0,1.0,0.0,0.0,0.25,,,0.0,0.0,0.0,2
1.0,4.0,2.0,3.0,28.0,17.0,6.0,3.0,0.0,1.0,0.0,1.0,1.0,1.0,0.0,0.0,1.0,3.0,1.0,1.6666666,4.0,4.0,4.0,4.0,-21.0,1.0,5.0,3.0,3.0,4.0,1.0,4.0,0.0,1.0,1.0,1.0,2.0,1.0,0.0,1.0,1.0,0.0,0.0,,1,1.0,1.0,5.0,1.0,5.0,1.0,5.0,1.0,3.0,0.0,5.0,1.0,5.0,1.0,4.0,1.0,5.0,1.0,5.0,1.0,4.625,0.875,3.0,0.0,5.0,1.0,3.0,0.0,4.0,1.0,4.0,1.0,5.0,1.0,4.0,1.0,1.0,3.0,0.0,5.0,1.0,4.0,1.0,2.0,0.0,4.0,1.0,5.0,1.0,5.0,1.0,4.0,1.0,5.0,1.0,4.0,-2.0,0.0,-1.0,-1.0,-1.0,0.0,1.0,-1.0,0.0,-0.625,-1.0,0.0,0.0,0.0,0.0,0.0,0.0,0.0,0.0,-0.125,,,1.0,0.0,1.0,1
2.0,4.0,3.0,1.0,24.0,7.0,7.0,1.0,0.0,1.0,1.0,0.0,8.0,0.0,1.0,0.0,1.0,2.0,1.0,1.3333334,2.0,5.0,1.0,2.6666667,38.0,2.0,4.0,3.0,3.0,4.0,3.0,4.0,1.0,0.0,1.0,0.0,1.0,1.0,0.0,0.0,0.0,1.0,,0.0,0,,1.0,4.0,1.0,5.0,1.0,3.0,0.0,3.0,0.0,4.0,1.0,4.0,1.0,5.0,1.0,5.0,1.0,4.0,1.0,4.125,0.75,2.0,0.0,3.0,0.0,3.0,0.0,3.0,0.0,3.0,0.0,5.0,1.0,4.0,1.0,0.0,5.0,1.0,3.0,0.0,3.0,0.0,3.0,0.0,4.0,1.0,4.0,1.0,4.0,1.0,4.0,1.0,4.0,1.0,3.75,1.0,-2.0,0.0,0.0,0.0,0.0,-1.0,-1.0,0.0,-0.375,0.0,-1.0,0.0,0.0,0.0,0.0,0.0,0.0,0.0,-0.125,,,0.0,1.0,1.0,4
4.0,2.0,3.0,1.0,48.0,19.0,5.0,3.0,0.0,1.0,1.0,0.0,7.0,0.0,1.0,0.0,1.0,1.0,1.0,1.0,3.0,5.0,3.0,3.6666667,0.0,5.0,4.0,4.0,4.3333335,4.0,1.0,3.0,1.0,0.0,0.0,1.0,1.0,1.0,0.0,0.0,0.0,1.0,,0.0,0,,1.0,5.0,1.0,5.0,1.0,2.0,0.0,2.0,0.0,4.0,1.0,1.0,0.0,1.0,0.0,3.0,0.0,5.0,1.0,2.875,0.375,3.0,0.0,2.0,0.0,3.0,0.0,3.0,0.0,3.0,0.0,3.0,0.0,3.0,0.0,0.0,5.0,1.0,5.0,1.0,3.0,0.0,2.0,0.0,3.0,0.0,1.0,0.0,1.0,0.0,5.0,1.0,3.0,0.0,3.125,0.0,0.0,1.0,0.0,-1.0,0.0,0.0,2.0,-2.0,0.25,0.0,0.0,0.0,0.0,-1.0,0.0,0.0,1.0,-1.0,0.0,,,0.0,0.0,0.0,2
4.0,3.0,2.0,1.0,52.0,20.0,4.0,3.0,0.0,1.0,1.0,0.0,7.0,0.0,1.0,0.0,2.0,2.0,1.0,1.6666666,1.0,4.0,1.0,2.0,0.0,3.0,4.0,4.0,3.6666667,3.0,3.0,2.0,1.0,0.0,1.0,1.0,2.0,1.0,0.0,1.0,1.0,0.0,0.0,,1,0.0,0.0,3.0,0.0,3.0,0.0,2.0,0.0,1.0,0.0,3.0,0.0,2.0,0.0,2.0,0.0,3.0,0.0,2.0,0.0,2.375,0.0,3.0,0.0,3.0,0.0,3.0,0.0,3.0,0.0,4.0,1.0,3.0,0.0,3.0,0.0,0.0,3.0,0.0,3.0,0.0,3.0,0.0,1.0,0.0,3.0,0.0,1.0,0.0,3.0,0.0,3.0,0.0,2.0,0.0,2.5,0.0,0.0,1.0,0.0,0.0,-1.0,1.0,0.0,0.0,0.125,0.0,0.0,0.0,0.0,0.0,0.0,0.0,0.0,0.0,0.0,4.0,1.0,0.0,0.0,0.0,2
3.0,2.0,4.0,1.0,55.0,3.0,6.0,4.0,0.0,1.0,1.0,0.0,1.0,1.0,0.0,0.0,1.0,1.0,1.0,1.0,2.0,3.0,1.0,2.0,-40.0,1.0,2.0,2.0,1.6666666,5.0,5.0,4.0,0.0,1.0,1.0,1.0,2.0,0.0,0.0,0.0,0.0,1.0,,0.0,0,,1.0,5.0,1.0,5.0,1.0,5.0,1.0,1.0,0.0,1.0,0.0,5.0,1.0,5.0,1.0,5.0,1.0,5.0,1.0,4.0,0.75,2.0,0.0,4.0,1.0,4.0,1.0,4.0,1.0,4.0,1.0,5.0,1.0,5.0,1.0,0.0,5.0,1.0,5.0,1.0,5.0,1.0,2.0,0.0,2.0,0.0,5.0,1.0,5.0,1.0,5.0,1.0,5.0,1.0,4.25,0.0,0.0,0.0,1.0,1.0,0.0,0.0,0.0,0.0,0.25,0.0,0.0,0.0,0.0,0.0,0.0,0.0,0.0,0.0,0.0,,,0.0,0.0,0.0,1
2.0,3.0,4.0,1.0,51.0,5.0,6.0,4.0,0.0,1.0,1.0,0.0,2.0,1.0,0.0,0.0,4.0,3.0,2.0,3.0,2.0,3.0,2.0,2.3333333,-1.0,4.0,3.0,4.0,3.6666667,3.0,3.0,3.0,0.0,0.0,0.0,0.0,0.0,1.0,0.0,1.0,1.0,0.0,0.0,,1,0.0,0.0,2.0,0.0,2.0,0.0,2.0,0.0,2.0,0.0,2.0,0.0,3.0,0.0,2.0,0.0,3.0,0.0,2.0,0.0,2.25,0.0,3.0,0.0,3.0,0.0,2.0,0.0,3.0,0.0,4.0,1.0,4.0,1.0,3.0,0.0,0.0,3.0,0.0,3.0,0.0,2.0,0.0,2.0,0.0,2.0,0.0,2.0,0.0,2.0,0.0,3.0,0.0,2.0,0.0,2.375,1.0,1.0,0.0,0.0,0.0,-1.0,0.0,0.0,0.0,0.125,0.0,0.0,0.0,0.0,0.0,0.0,0.0,0.0,0.0,0.0,2.0,0.0,0.0,0.0,1.0,2
1.0,3.0,4.0,2.0,31.0,16.0,6.0,3.0,0.0,1.0,0.0,0.0,8.0,0.0,1.0,0.0,5.0,2.0,3.0,3.3333333,1.0,3.0,1.0,1.6666666,0.0,3.0,1.0,2.0,2.0,3.0,3.0,5.0,1.0,0.0,1.0,1.0,2.0,1.0,0.0,1.0,1.0,0.0,0.0,,1,0.0,0.0,5.0,1.0,5.0,1.0,3.0,0.0,1.0,0.0,1.0,0.0,1.0,0.0,1.0,0.0,3.0,0.0,1.0,0.0,2.5,0.25,1.0,0.0,2.0,0.0,3.0,0.0,1.0,0.0,2.0,0.0,5.0,1.0,5.0,1.0,1.0,5.0,1.0,5.0,1.0,2.0,0.0,1.0,0.0,1.0,0.0,2.0,0.0,1.0,0.0,5.0,1.0,3.0,0.0,2.75,0.0,0.0,-1.0,0.0,0.0,1.0,0.0,2.0,2.0,0.25,0.0,0.0,0.0,0.0,0.0,0.0,0.0,1.0,0.0,0.125,5.0,1.0,1.0,0.0,1.0,2
1.0,3.0,4.0,2.0,37.0,10.0,5.0,2.0,0.0,1.0,1.0,0.0,8.0,0.0,1.0,0.0,3.0,3.0,2.0,2.6666667,3.0,4.0,4.0,3.6666667,45.0,4.0,4.0,3.0,3.6666667,1.0,2.0,1.0,1.0,0.0,0.0,1.0,1.0,1.0,0.0,1.0,1.0,0.0,0.0,,1,1.0,1.0,3.0,0.0,3.0,0.0,3.0,0.0,3.0,0.0,2.0,0.0,2.0,0.0,2.0,0.0,3.0,0.0,3.0,0.0,2.625,0.0,2.0,0.0,2.0,0.0,2.0,0.0,3.0,0.0,2.0,0.0,3.0,0.0,3.0,0.0,0.0,3.0,0.0,3.0,0.0,3.0,0.0,3.0,0.0,3.0,0.0,2.0,0.0,2.0,0.0,3.0,0.0,3.0,0.0,2.75,0.0,0.0,0.0,0.0,1.0,0.0,0.0,0.0,0.0,0.125,0.0,0.0,0.0,0.0,0.0,0.0,0.0,0.0,0.0,0.0,,,1.0,1.0,1.0,4
2.0,1.0,4.0,3.0,25.0,5.0,2.0,3.0,0.0,1.0,1.0,0.0,8.0,0.0,1.0,0.0,3.0,2.0,1.0,2.0,1.0,1.0,1.0,1.0,98.0,3.0,4.0,5.0,4.0,5.0,4.0,4.0,1.0,0.0,0.0,0.0,0.0,0.0,0.0,0.0,0.0,1.0,,0.0,0,,1.0,4.0,1.0,4.0,1.0,3.0,0.0,3.0,0.0,3.0,0.0,1.0,0.0,1.0,0.0,1.0,0.0,1.0,0.0,2.5,0.25,3.0,0.0,2.0,0.0,1.0,0.0,1.0,0.0,1.0,0.0,1.0,0.0,1.0,0.0,0.0,3.0,0.0,2.0,0.0,5.0,1.0,1.0,0.0,1.0,0.0,1.0,0.0,1.0,0.0,2.0,0.0,1.0,0.0,2.0,-1.0,-2.0,2.0,-2.0,-2.0,0.0,0.0,1.0,0.0,-0.5,-1.0,-1.0,1.0,0.0,0.0,0.0,0.0,0.0,0.0,-0.125,,,0.0,1.0,0.0,5
2.0,4.0,1.0,3.0,34.0,17.0,6.0,4.0,0.0,1.0,0.0,0.0,1.0,1.0,0.0,0.0,1.0,2.0,1.0,1.3333334,3.0,5.0,4.0,4.0,-49.0,5.0,4.0,3.0,4.0,5.0,5.0,5.0,0.0,1.0,0.0,1.0,1.0,0.0,0.0,1.0,1.0,0.0,0.0,,1,0.0,0.0,5.0,1.0,5.0,1.0,5.0,1.0,5.0,1.0,5.0,1.0,5.0,1.0,5.0,1.0,5.0,1.0,5.0,1.0,5.0,1.0,5.0,1.0,5.0,1.0,5.0,1.0,5.0,1.0,5.0,1.0,5.0,1.0,5.0,1.0,1.0,5.0,1.0,5.0,1.0,5.0,1.0,5.0,1.0,5.0,1.0,5.0,1.0,5.0,1.0,5.0,1.0,5.0,1.0,5.0,0.0,0.0,0.0,0.0,0.0,0.0,0.0,0.0,0.0,0.0,0.0,0.0,0.0,0.0,0.0,0.0,0.0,0.0,0.0,0.0,5.0,1.0,0.0,0.0,1.0,1
1.0,3.0,2.0,4.0,47.0,1.0,6.0,4.0,0.0,1.0,0.0,0.0,1.0,1.0,0.0,0.0,3.0,4.0,2.0,3.0,4.0,5.0,4.0,4.3333335,-2.0,3.0,2.0,3.0,2.6666667,4.0,2.0,2.0,0.0,1.0,0.0,0.0,0.0,1.0,0.0,1.0,1.0,0.0,0.0,,1,1.0,1.0,5.0,1.0,5.0,1.0,3.0,0.0,5.0,1.0,4.0,1.0,4.0,1.0,4.0,1.0,3.0,0.0,3.0,0.0,4.125,0.75,3.0,0.0,4.0,1.0,3.0,0.0,3.0,0.0,4.0,1.0,5.0,1.0,4.0,1.0,0.0,5.0,1.0,5.0,1.0,3.0,0.0,5.0,1.0,5.0,1.0,5.0,1.0,4.0,1.0,4.0,1.0,4.0,1.0,4.5,0.0,0.0,0.0,0.0,1.0,1.0,0.0,1.0,1.0,0.375,0.0,0.0,0.0,0.0,0.0,0.0,0.0,1.0,1.0,0.125,,,1.0,0.0,1.0,2
1.0,4.0,2.0,3.0,27.0,1.0,5.0,3.0,0.0,1.0,0.0,1.0,2.0,1.0,0.0,0.0,1.0,1.0,3.0,1.6666666,5.0,5.0,3.0,4.3333335,-19.0,4.0,3.0,5.0,4.0,5.0,5.0,2.0,0.0,1.0,0.0,0.0,0.0,1.0,0.0,1.0,1.0,0.0,0.0,,1,0.0,0.0,5.0,1.0,5.0,1.0,5.0,1.0,4.0,1.0,5.0,1.0,4.0,1.0,5.0,1.0,3.0,0.0,1.0,0.0,4.5,0.875,5.0,1.0,3.0,0.0,5.0,1.0,1.0,0.0,5.0,1.0,5.0,1.0,5.0,1.0,0.0,4.0,1.0,5.0,1.0,5.0,1.0,5.0,1.0,4.0,1.0,5.0,1.0,5.0,1.0,4.0,1.0,5.0,1.0,4.625,-1.0,0.0,0.0,1.0,-1.0,1.0,0.0,1.0,4.0,0.125,0.0,0.0,0.0,0.0,0.0,0.0,0.0,1.0,1.0,0.125,5.0,1.0,1.0,0.0,1.0,1
4.0,3.0,1.0,2.0,20.0,10.0,1.0,2.0,0.0,1.0,0.0,0.0,6.0,0.0,0.0,1.0,4.0,3.0,3.0,3.3333333,3.0,4.0,4.0,3.6666667,5.0,4.0,2.0,2.0,2.6666667,3.0,2.0,4.0,1.0,0.0,1.0,1.0,2.0,0.0,0.0,0.0,0.0,1.0,,0.0,0,,1.0,3.0,0.0,5.0,1.0,4.0,1.0,4.0,1.0,4.0,1.0,4.0,1.0,4.0,1.0,4.0,1.0,4.0,1.0,4.0,0.875,3.0,0.0,4.0,1.0,4.0,1.0,4.0,1.0,4.0,1.0,4.0,1.0,4.0,1.0,1.0,5.0,1.0,4.0,1.0,4.0,1.0,4.0,1.0,4.0,1.0,5.0,1.0,4.0,1.0,4.0,1.0,4.0,1.0,4.25,2.0,-1.0,0.0,0.0,0.0,1.0,0.0,0.0,0.0,0.25,1.0,0.0,0.0,0.0,0.0,0.0,0.0,0.0,0.0,0.125,,,0.0,1.0,0.0,3
4.0,1.0,2.0,3.0,52.0,11.0,6.0,4.0,0.0,1.0,1.0,0.0,8.0,0.0,1.0,0.0,3.0,4.0,2.0,3.0,4.0,4.0,2.0,3.3333333,1.0,3.0,2.0,4.0,3.0,3.0,2.0,3.0,0.0,0.0,0.0,1.0,1.0,0.0,0.0,0.0,0.0,1.0,,0.0,0,,1.0,5.0,1.0,4.0,1.0,1.0,0.0,2.0,0.0,2.0,0.0,3.0,0.0,5.0,1.0,4.0,1.0,2.0,0.0,3.25,0.5,2.0,0.0,5.0,1.0,4.0,1.0,4.0,1.0,4.0,1.0,4.0,1.0,5.0,1.0,0.0,5.0,1.0,4.0,1.0,5.0,1.0,4.0,1.0,4.0,1.0,3.0,0.0,4.0,1.0,4.0,1.0,4.0,1.0,4.125,0.0,0.0,4.0,2.0,2.0,0.0,-1.0,0.0,2.0,0.875,0.0,0.0,1.0,1.0,1.0,0.0,0.0,0.0,1.0,0.375,,,0.0,0.0,0.0,3
1.0,3.0,4.0,2.0,52.0,1.0,4.0,2.0,0.0,1.0,1.0,0.0,2.0,1.0,0.0,0.0,1.0,3.0,3.0,2.3333333,4.0,4.0,3.0,3.6666667,-4.0,3.0,2.0,2.0,2.3333333,3.0,4.0,2.0,0.0,1.0,0.0,1.0,1.0,1.0,0.0,0.0,0.0,1.0,,0.0,0,,1.0,4.0,1.0,4.0,1.0,2.0,0.0,1.0,0.0,3.0,0.0,3.0,0.0,3.0,0.0,3.0,0.0,4.0,1.0,2.875,0.25,3.0,0.0,2.0,0.0,5.0,1.0,5.0,1.0,3.0,0.0,3.0,0.0,4.0,1.0,0.0,5.0,1.0,5.0,1.0,5.0,1.0,3.0,0.0,4.0,1.0,5.0,1.0,4.0,1.0,5.0,1.0,5.0,1.0,4.5,1.0,1.0,3.0,2.0,1.0,2.0,1.0,2.0,1.0,1.625,0.0,0.0,1.0,0.0,1.0,1.0,1.0,1.0,0.0,0.625,,,1.0,0.0,1.0,2
3.0,2.0,4.0,1.0,37.0,14.0,6.0,3.0,0.0,0.0,1.0,0.0,1.0,1.0,0.0,0.0,1.0,1.0,1.0,1.0,4.0,4.0,2.0,3.3333333,-60.0,2.0,4.0,2.0,2.6666667,4.0,4.0,4.0,0.0,1.0,0.0,1.0,1.0,0.0,0.0,1.0,1.0,0.0,0.0,,1,1.0,1.0,5.0,1.0,5.0,1.0,4.0,1.0,1.0,0.0,2.0,0.0,5.0,1.0,5.0,1.0,5.0,1.0,4.0,1.0,4.0,0.75,4.0,1.0,2.0,0.0,5.0,1.0,4.0,1.0,4.0,1.0,5.0,1.0,5.0,1.0,0.0,5.0,1.0,5.0,1.0,4.0,1.0,1.0,0.0,2.0,0.0,5.0,1.0,5.0,1.0,5.0,1.0,4.0,1.0,4.0,0.0,0.0,0.0,0.0,0.0,0.0,0.0,0.0,0.0,0.0,0.0,0.0,0.0,0.0,0.0,0.0,0.0,0.0,0.0,0.0,,,0.0,0.0,0.0,1
2.0,3.0,4.0,1.0,52.0,19.0,6.0,4.0,0.0,1.0,1.0,0.0,1.0,1.0,0.0,0.0,1.0,1.0,1.0,1.0,1.0,3.0,1.0,1.6666666,0.0,1.0,2.0,2.0,1.6666666,5.0,5.0,4.0,0.0,1.0,0.0,1.0,1.0,0.0,0.0,0.0,0.0,1.0,,0.0,0,,1.0,5.0,1.0,5.0,1.0,4.0,1.0,1.0,0.0,1.0,0.0,5.0,1.0,5.0,1.0,5.0,1.0,3.0,0.0,3.875,0.75,4.0,1.0,3.0,0.0,4.0,1.0,3.0,0.0,5.0,1.0,5.0,1.0,5.0,1.0,1.0,5.0,1.0,5.0,1.0,5.0,1.0,1.0,0.0,1.0,0.0,5.0,1.0,5.0,1.0,5.0,1.0,4.0,1.0,4.0,0.0,0.0,1.0,0.0,0.0,0.0,0.0,0.0,1.0,0.125,0.0,0.0,0.0,0.0,0.0,0.0,0.0,0.0,1.0,0.0,,,0.0,0.0,1.0,2
1.0,3.0,2.0,4.0,31.0,14.0,7.0,3.0,0.0,0.0,1.0,0.0,1.0,1.0,0.0,0.0,1.0,1.0,1.0,1.0,3.0,3.0,1.0,2.3333333,-100.0,3.0,3.0,3.0,3.0,5.0,3.0,5.0,0.0,1.0,1.0,1.0,2.0,0.0,0.0,1.0,1.0,0.0,0.0,,1,1.0,1.0,5.0,1.0,5.0,1.0,5.0,1.0,2.0,0.0,1.0,0.0,5.0,1.0,5.0,1.0,5.0,1.0,5.0,1.0,4.125,0.75,1.0,0.0,5.0,1.0,5.0,1.0,3.0,0.0,5.0,1.0,5.0,1.0,5.0,1.0,0.0,1.0,0.0,5.0,1.0,5.0,1.0,2.0,0.0,1.0,0.0,5.0,1.0,5.0,1.0,5.0,1.0,5.0,1.0,3.625,-4.0,0.0,0.0,0.0,0.0,0.0,0.0,0.0,0.0,-0.5,-1.0,0.0,0.0,0.0,0.0,0.0,0.0,0.0,0.0,-0.125,,,1.0,0.0,1.0,1
2.0,3.0,4.0,1.0,44.0,19.0,7.0,1.0,0.0,0.0,0.0,1.0,8.0,0.0,1.0,0.0,4.0,4.0,2.0,3.3333333,2.0,5.0,5.0,4.0,1.0,4.0,3.0,2.0,3.0,3.0,5.0,5.0,1.0,0.0,1.0,1.0,2.0,1.0,0.0,1.0,1.0,0.0,0.0,,1,1.0,1.0,4.0,1.0,4.0,1.0,1.0,0.0,2.0,0.0,2.0,0.0,2.0,0.0,3.0,0.0,3.0,0.0,3.0,0.0,2.625,0.25,3.0,0.0,5.0,1.0,4.0,1.0,3.0,0.0,3.0,0.0,4.0,1.0,5.0,1.0,1.0,5.0,1.0,3.0,0.0,5.0,1.0,4.0,1.0,5.0,1.0,4.0,1.0,3.0,0.0,4.0,1.0,4.0,1.0,4.125,1.0,-1.0,4.0,2.0,3.0,2.0,0.0,1.0,1.0,1.5,0.0,-1.0,1.0,1.0,1.0,1.0,0.0,1.0,1.0,0.5,,,0.0,0.0,1.0,3
3.0,1.0,4.0,2.0,34.0,6.0,6.0,3.0,0.0,0.0,1.0,0.0,1.0,1.0,0.0,0.0,4.0,4.0,4.0,4.0,5.0,5.0,5.0,5.0,89.0,2.0,5.0,5.0,4.0,3.0,5.0,5.0,1.0,0.0,1.0,1.0,2.0,0.0,0.0,0.0,0.0,1.0,,0.0,0,,1.0,5.0,1.0,5.0,1.0,4.0,1.0,5.0,1.0,5.0,1.0,5.0,1.0,5.0,1.0,5.0,1.0,5.0,1.0,4.875,1.0,4.0,1.0,5.0,1.0,5.0,1.0,5.0,1.0,5.0,1.0,5.0,1.0,5.0,1.0,1.0,5.0,1.0,5.0,1.0,5.0,1.0,5.0,1.0,5.0,1.0,5.0,1.0,5.0,1.0,5.0,1.0,5.0,1.0,5.0,0.0,0.0,1.0,0.0,0.0,0.0,0.0,0.0,0.0,0.125,0.0,0.0,0.0,0.0,0.0,0.0,0.0,0.0,0.0,0.0,,,0.0,1.0,0.0,5
4.0,1.0,3.0,2.0,31.0,1.0,6.0,4.0,0.0,1.0,1.0,0.0,6.0,0.0,0.0,1.0,4.0,3.0,4.0,3.6666667,1.0,4.0,2.0,2.3333333,0.0,2.0,4.0,3.0,3.0,4.0,2.0,4.0,1.0,0.0,0.0,0.0,0.0,0.0,0.0,0.0,0.0,1.0,,0.0,0,,1.0,4.0,1.0,4.0,1.0,2.0,0.0,1.0,0.0,2.0,0.0,4.0,1.0,1.0,0.0,3.0,0.0,3.0,0.0,2.625,0.375,3.0,0.0,3.0,0.0,2.0,0.0,2.0,0.0,3.0,0.0,5.0,1.0,4.0,1.0,0.0,5.0,1.0,5.0,1.0,1.0,0.0,1.0,0.0,3.0,0.0,5.0,1.0,1.0,0.0,4.0,1.0,4.0,1.0,3.125,1.0,1.0,-1.0,0.0,1.0,1.0,0.0,1.0,1.0,0.5,0.0,0.0,0.0,0.0,0.0,0.0,0.0,1.0,1.0,0.125,,,0.0,0.0,0.0,2
2.0,3.0,4.0,1.0,47.0,6.0,4.0,3.0,0.0,1.0,1.0,0.0,1.0,1.0,0.0,0.0,1.0,1.0,1.0,1.0,4.0,4.0,1.0,3.0,-2.0,3.0,3.0,2.0,2.6666667,4.0,4.0,5.0,0.0,1.0,1.0,1.0,2.0,1.0,0.0,0.0,0.0,1.0,,0.0,0,,1.0,5.0,1.0,5.0,1.0,4.0,1.0,2.0,0.0,4.0,1.0,4.0,1.0,4.0,1.0,5.0,1.0,5.0,1.0,4.125,0.875,3.0,0.0,2.0,0.0,5.0,1.0,5.0,1.0,5.0,1.0,5.0,1.0,5.0,1.0,0.0,5.0,1.0,5.0,1.0,4.0,1.0,2.0,0.0,3.0,0.0,4.0,1.0,4.0,1.0,4.0,1.0,5.0,1.0,3.875,0.0,0.0,0.0,0.0,-1.0,0.0,0.0,-1.0,0.0,-0.25,0.0,0.0,0.0,0.0,-1.0,0.0,0.0,0.0,0.0,-0.125,,,0.0,0.0,1.0,2
1.0,4.0,3.0,2.0,25.0,5.0,2.0,4.0,0.0,1.0,1.0,0.0,4.0,0.0,0.0,1.0,2.0,2.0,2.0,2.0,4.0,4.0,4.0,4.0,0.0,2.0,3.0,2.0,2.3333333,5.0,4.0,4.0,0.0,1.0,1.0,1.0,2.0,1.0,0.0,1.0,1.0,0.0,0.0,,1,0.0,0.0,5.0,1.0,5.0,1.0,4.0,1.0,2.0,0.0,3.0,0.0,3.0,0.0,4.0,1.0,3.0,0.0,4.0,1.0,3.625,0.5,3.0,0.0,3.0,0.0,4.0,1.0,3.0,0.0,4.0,1.0,5.0,1.0,1.0,0.0,0.0,5.0,1.0,4.0,1.0,3.0,0.0,2.0,0.0,3.0,0.0,3.0,0.0,4.0,1.0,4.0,1.0,4.0,1.0,3.5,0.0,-1.0,-1.0,0.0,0.0,0.0,0.0,1.0,0.0,-0.125,0.0,0.0,-1.0,0.0,0.0,0.0,0.0,1.0,0.0,0.0,5.0,1.0,1.0,0.0,1.0,2
4.0,2.0,3.0,1.0,75.0,10.0,4.0,3.0,1.0,1.0,1.0,0.0,2.0,1.0,0.0,0.0,1.0,3.0,1.0,1.6666666,1.0,2.0,1.0,1.3333334,1.0,1.0,1.0,1.0,1.0,5.0,5.0,4.0,0.0,1.0,1.0,1.0,2.0,1.0,0.0,1.0,1.0,0.0,0.0,,1,0.0,0.0,1.0,0.0,1.0,0.0,1.0,0.0,1.0,0.0,1.0,0.0,1.0,0.0,1.0,0.0,1.0,0.0,1.0,0.0,1.0,0.0,4.0,1.0,2.0,0.0,1.0,0.0,1.0,0.0,1.0,0.0,1.0,0.0,1.0,0.0,0.0,1.0,0.0,1.0,0.0,1.0,0.0,1.0,0.0,1.0,0.0,1.0,0.0,1.0,0.0,1.0,0.0,1.0,0.0,1.0,0.0,0.0,0.0,0.0,0.0,0.0,0.0,0.0,0.0,0.0,0.0,0.0,0.0,0.0,0.0,0.0,0.0,0.0,0.0,0.0,3.0,0.0,0.0,0.0,0.0,3
2.0,3.0,4.0,1.0,75.0,16.0,7.0,1.0,1.0,1.0,1.0,0.0,1.0,1.0,0.0,0.0,1.0,3.0,3.0,2.3333333,3.0,3.0,1.0,2.3333333,43.0,3.0,4.0,3.0,3.3333333,2.0,1.0,5.0,0.0,1.0,1.0,1.0,2.0,0.0,0.0,1.0,1.0,0.0,0.0,,1,0.0,0.0,5.0,1.0,5.0,1.0,5.0,1.0,1.0,0.0,1.0,0.0,4.0,1.0,3.0,0.0,5.0,1.0,4.0,1.0,3.625,0.625,3.0,0.0,3.0,0.0,4.0,1.0,4.0,1.0,3.0,0.0,5.0,1.0,5.0,1.0,0.0,3.0,0.0,5.0,1.0,5.0,1.0,1.0,0.0,1.0,0.0,4.0,1.0,2.0,0.0,5.0,1.0,4.0,1.0,3.25,-2.0,0.0,0.0,0.0,0.0,0.0,-1.0,0.0,0.0,-0.375,-1.0,0.0,0.0,0.0,0.0,0.0,0.0,0.0,0.0,-0.125,5.0,1.0,0.0,1.0,1.0,4
3.0,2.0,4.0,1.0,40.0,2.0,6.0,3.0,0.0,0.0,1.0,0.0,7.0,0.0,1.0,0.0,4.0,2.0,2.0,2.6666667,1.0,3.0,3.0,2.3333333,-4.0,1.0,2.0,2.0,1.6666666,1.0,1.0,5.0,1.0,0.0,1.0,1.0,2.0,1.0,0.0,1.0,1.0,0.0,0.0,,1,0.0,0.0,5.0,1.0,4.0,1.0,5.0,1.0,1.0,0.0,1.0,0.0,1.0,0.0,1.0,0.0,3.0,0.0,1.0,0.0,2.625,0.375,1.0,0.0,1.0,0.0,1.0,0.0,1.0,0.0,1.0,0.0,3.0,0.0,3.0,0.0,0.0,4.0,1.0,3.0,0.0,2.0,0.0,1.0,0.0,1.0,0.0,1.0,0.0,1.0,0.0,1.0,0.0,1.0,0.0,1.75,-1.0,-1.0,-3.0,0.0,0.0,0.0,0.0,-2.0,0.0,-0.875,0.0,-1.0,-1.0,0.0,0.0,0.0,0.0,0.0,0.0,-0.25,4.0,1.0,0.0,0.0,0.0,2
2.0,1.0,3.0,4.0,43.0,4.0,5.0,1.0,0.0,0.0,0.0,0.0,1.0,1.0,0.0,0.0,1.0,1.0,1.0,1.0,5.0,5.0,4.0,4.6666665,30.0,1.0,4.0,1.0,2.0,4.0,5.0,4.0,0.0,1.0,1.0,1.0,2.0,0.0,0.0,0.0,0.0,1.0,,0.0,0,,1.0,1.0,0.0,1.0,0.0,1.0,0.0,2.0,0.0,5.0,1.0,5.0,1.0,5.0,1.0,5.0,1.0,3.0,0.0,3.125,0.5,5.0,1.0,2.0,0.0,4.0,1.0,5.0,1.0,3.0,0.0,5.0,1.0,5.0,1.0,1.0,5.0,1.0,1.0,0.0,2.0,0.0,2.0,0.0,5.0,1.0,5.0,1.0,5.0,1.0,5.0,1.0,5.0,1.0,3.75,4.0,0.0,1.0,0.0,0.0,0.0,0.0,0.0,2.0,0.625,1.0,0.0,0.0,0.0,0.0,0.0,0.0,0.0,1.0,0.125,,,0.0,1.0,0.0,4
2.0,1.0,4.0,3.0,83.0,19.0,2.0,3.0,1.0,1.0,1.0,0.0,7.0,0.0,1.0,0.0,1.0,1.0,1.0,1.0,4.0,3.0,2.0,3.0,38.0,3.0,1.0,1.0,1.6666666,4.0,5.0,5.0,0.0,1.0,1.0,1.0,2.0,1.0,0.0,0.0,0.0,1.0,,0.0,0,,1.0,5.0,1.0,5.0,1.0,5.0,1.0,1.0,0.0,3.0,0.0,5.0,1.0,5.0,1.0,5.0,1.0,4.0,1.0,4.25,0.75,3.0,0.0,3.0,0.0,4.0,1.0,4.0,1.0,2.0,0.0,5.0,1.0,5.0,1.0,1.0,5.0,1.0,5.0,1.0,5.0,1.0,5.0,1.0,5.0,1.0,5.0,1.0,5.0,1.0,5.0,1.0,5.0,1.0,5.0,0.0,0.0,0.0,4.0,2.0,0.0,0.0,0.0,1.0,0.75,0.0,0.0,0.0,1.0,1.0,0.0,0.0,0.0,0.0,0.25,,,0.0,1.0,0.0,4
1.0,3.0,4.0,2.0,31.0,4.0,6.0,4.0,0.0,1.0,1.0,0.0,7.0,0.0,1.0,0.0,3.0,3.0,3.0,3.0,3.0,3.0,3.0,3.0,-37.0,3.0,3.0,3.0,3.0,3.0,4.0,3.0,1.0,0.0,0.0,0.0,0.0,0.0,0.0,1.0,1.0,0.0,0.0,,1,0.0,0.0,3.0,0.0,3.0,0.0,3.0,0.0,3.0,0.0,3.0,0.0,3.0,0.0,3.0,0.0,3.0,0.0,3.0,0.0,3.0,0.0,3.0,0.0,3.0,0.0,3.0,0.0,3.0,0.0,3.0,0.0,3.0,0.0,3.0,0.0,0.0,3.0,0.0,3.0,0.0,3.0,0.0,3.0,0.0,3.0,0.0,3.0,0.0,3.0,0.0,2.0,0.0,3.0,0.0,2.875,0.0,0.0,0.0,0.0,0.0,0.0,0.0,-1.0,0.0,-0.125,0.0,0.0,0.0,0.0,0.0,0.0,0.0,0.0,0.0,0.0,3.0,0.0,1.0,0.0,1.0,1
4.0,1.0,3.0,2.0,39.0,6.0,6.0,2.0,0.0,0.0,1.0,0.0,1.0,1.0,0.0,0.0,2.0,1.0,2.0,1.6666666,4.0,4.0,1.0,3.0,-20.0,1.0,5.0,2.0,2.6666667,5.0,4.0,5.0,0.0,1.0,1.0,1.0,2.0,0.0,0.0,0.0,0.0,1.0,,0.0,0,,1.0,5.0,1.0,5.0,1.0,4.0,1.0,5.0,1.0,4.0,1.0,4.0,1.0,4.0,1.0,4.0,1.0,3.0,0.0,4.375,1.0,4.0,1.0,4.0,1.0,5.0,1.0,3.0,0.0,4.0,1.0,5.0,1.0,5.0,1.0,0.0,5.0,1.0,5.0,1.0,4.0,1.0,5.0,1.0,5.0,1.0,4.0,1.0,4.0,1.0,5.0,1.0,5.0,1.0,4.625,0.0,0.0,0.0,0.0,1.0,0.0,0.0,1.0,2.0,0.25,0.0,0.0,0.0,0.0,0.0,0.0,0.0,0.0,1.0,0.0,,,0.0,0.0,0.0,1
4.0,2.0,3.0,1.0,28.0,17.0,6.0,3.0,0.0,0.0,1.0,0.0,1.0,1.0,0.0,0.0,4.0,5.0,1.0,3.3333333,3.0,5.0,3.0,3.6666667,-41.0,4.0,4.0,1.0,3.0,1.0,5.0,3.0,1.0,0.0,1.0,0.0,1.0,0.0,0.0,1.0,1.0,0.0,0.0,,1,0.0,0.0,3.0,0.0,3.0,0.0,3.0,0.0,3.0,0.0,4.0,1.0,4.0,1.0,4.0,1.0,4.0,1.0,3.0,0.0,3.5,0.5,5.0,1.0,4.0,1.0,3.0,0.0,1.0,0.0,4.0,1.0,4.0,1.0,1.0,0.0,1.0,3.0,0.0,4.0,1.0,2.0,0.0,4.0,1.0,4.0,1.0,4.0,1.0,3.0,0.0,4.0,1.0,4.0,1.0,3.5,0.0,1.0,-1.0,1.0,0.0,0.0,-1.0,0.0,1.0,0.0,0.0,1.0,0.0,1.0,0.0,0.0,-1.0,0.0,1.0,0.125,4.0,1.0,0.0,0.0,0.0,1
4.0,1.0,3.0,2.0,37.0,4.0,2.0,2.0,0.0,0.0,1.0,0.0,1.0,1.0,0.0,0.0,2.0,2.0,2.0,2.0,3.0,3.0,2.0,2.6666667,-29.0,3.0,2.0,2.0,2.3333333,4.0,4.0,4.0,0.0,1.0,1.0,1.0,2.0,1.0,0.0,0.0,0.0,1.0,,0.0,0,,1.0,3.0,0.0,4.0,1.0,4.0,1.0,1.0,0.0,3.0,0.0,4.0,1.0,3.0,0.0,3.0,0.0,3.0,0.0,3.125,0.375,3.0,0.0,3.0,0.0,4.0,1.0,3.0,0.0,3.0,0.0,4.0,1.0,5.0,1.0,0.0,5.0,1.0,4.0,1.0,3.0,0.0,3.0,0.0,4.0,1.0,4.0,1.0,3.0,0.0,4.0,1.0,4.0,1.0,3.75,2.0,0.0,-1.0,2.0,1.0,0.0,0.0,1.0,1.0,0.625,1.0,0.0,-1.0,0.0,1.0,0.0,0.0,1.0,1.0,0.25,,,0.0,0.0,0.0,1
3.0,1.0,4.0,2.0,36.0,5.0,4.0,2.0,0.0,1.0,1.0,0.0,2.0,1.0,0.0,0.0,3.0,1.0,1.0,1.6666666,3.0,3.0,1.0,2.3333333,0.0,4.0,2.0,2.0,2.6666667,4.0,5.0,4.0,0.0,1.0,1.0,0.0,1.0,0.0,0.0,0.0,0.0,1.0,,0.0,0,,1.0,3.0,0.0,3.0,0.0,2.0,0.0,3.0,0.0,3.0,0.0,3.0,0.0,4.0,1.0,4.0,1.0,5.0,1.0,3.125,0.25,3.0,0.0,3.0,0.0,3.0,0.0,3.0,0.0,3.0,0.0,5.0,1.0,5.0,1.0,1.0,4.0,1.0,4.0,1.0,2.0,0.0,5.0,1.0,3.0,0.0,5.0,1.0,4.0,1.0,5.0,1.0,5.0,1.0,4.0,1.0,1.0,0.0,2.0,0.0,2.0,0.0,1.0,0.0,0.875,1.0,1.0,0.0,1.0,0.0,1.0,0.0,0.0,0.0,0.5,,,0.0,0.0,0.0,2
3.0,2.0,4.0,1.0,52.0,8.0,5.0,3.0,0.0,1.0,1.0,0.0,7.0,0.0,1.0,0.0,3.0,2.0,2.0,2.3333333,4.0,4.0,2.0,3.3333333,-20.0,4.0,4.0,3.0,3.6666667,4.0,3.0,3.0,1.0,0.0,0.0,0.0,0.0,1.0,0.0,1.0,1.0,0.0,0.0,,1,0.0,0.0,4.0,1.0,4.0,1.0,4.0,1.0,4.0,1.0,5.0,1.0,5.0,1.0,5.0,1.0,4.0,1.0,5.0,1.0,4.375,1.0,4.0,1.0,3.0,0.0,5.0,1.0,3.0,0.0,5.0,1.0,4.0,1.0,4.0,1.0,0.0,5.0,1.0,4.0,1.0,3.0,0.0,4.0,1.0,4.0,1.0,4.0,1.0,4.0,1.0,4.0,1.0,5.0,1.0,4.0,1.0,0.0,-1.0,0.0,-1.0,-1.0,-1.0,0.0,0.0,-0.375,0.0,0.0,-1.0,0.0,0.0,0.0,0.0,0.0,0.0,-0.125,2.0,0.0,0.0,0.0,0.0,1
3.0,2.0,4.0,1.0,43.0,3.0,6.0,3.0,0.0,1.0,1.0,0.0,3.0,0.0,0.0,1.0,1.0,1.0,1.0,1.0,1.0,5.0,1.0,2.3333333,70.0,2.0,1.0,2.0,1.6666666,3.0,5.0,5.0,0.0,1.0,0.0,1.0,1.0,0.0,0.0,1.0,1.0,0.0,0.0,,1,1.0,1.0,4.0,1.0,5.0,1.0,1.0,0.0,1.0,0.0,1.0,0.0,4.0,1.0,2.0,0.0,5.0,1.0,1.0,0.0,2.875,0.5,2.0,0.0,2.0,0.0,2.0,0.0,1.0,0.0,2.0,0.0,4.0,1.0,5.0,1.0,0.0,5.0,1.0,5.0,1.0,1.0,0.0,1.0,0.0,1.0,0.0,5.0,1.0,2.0,0.0,5.0,1.0,1.0,0.0,3.125,1.0,0.0,0.0,0.0,0.0,1.0,0.0,0.0,0.0,0.25,0.0,0.0,0.0,0.0,0.0,0.0,0.0,0.0,0.0,0.0,,,0.0,1.0,0.0,5
3.0,1.0,4.0,2.0,36.0,1.0,4.0,1.0,0.0,1.0,0.0,1.0,1.0,1.0,0.0,0.0,1.0,3.0,1.0,1.6666666,5.0,5.0,5.0,5.0,-5.0,2.0,3.0,2.0,2.3333333,3.0,1.0,4.0,0.0,1.0,0.0,1.0,1.0,0.0,0.0,1.0,1.0,0.0,0.0,,1,0.0,0.0,5.0,1.0,4.0,1.0,3.0,0.0,3.0,0.0,5.0,1.0,3.0,0.0,3.0,0.0,5.0,1.0,3.0,0.0,3.875,0.5,4.0,1.0,2.0,0.0,2.0,0.0,2.0,0.0,3.0,0.0,5.0,1.0,2.0,0.0,1.0,3.0,0.0,3.0,0.0,4.0,1.0,3.0,0.0,3.0,0.0,3.0,0.0,3.0,0.0,4.0,1.0,1.0,0.0,3.25,-2.0,-1.0,1.0,0.0,-2.0,0.0,0.0,-1.0,-2.0,-0.625,-1.0,-1.0,1.0,0.0,-1.0,0.0,0.0,0.0,0.0,-0.25,3.0,0.0,0.0,0.0,0.0,1
4.0,3.0,2.0,1.0,39.0,4.0,4.0,3.0,0.0,1.0,1.0,0.0,8.0,0.0,1.0,0.0,3.0,2.0,3.0,2.6666667,3.0,4.0,2.0,3.0,-60.0,3.0,3.0,5.0,3.6666667,2.0,3.0,3.0,1.0,0.0,0.0,0.0,0.0,1.0,0.0,0.0,0.0,1.0,,0.0,0,,1.0,1.0,0.0,2.0,0.0,3.0,0.0,2.0,0.0,2.0,0.0,3.0,0.0,3.0,0.0,4.0,1.0,3.0,0.0,2.5,0.125,2.0,0.0,2.0,0.0,3.0,0.0,4.0,1.0,2.0,0.0,3.0,0.0,2.0,0.0,0.0,4.0,1.0,3.0,0.0,3.0,0.0,4.0,1.0,2.0,0.0,4.0,1.0,3.0,0.0,2.0,0.0,3.0,0.0,3.125,3.0,1.0,0.0,2.0,0.0,1.0,0.0,-2.0,0.0,0.625,1.0,0.0,0.0,1.0,0.0,1.0,0.0,-1.0,0.0,0.25,,,0.0,0.0,0.0,1
2.0,4.0,3.0,1.0,40.0,2.0,2.0,3.0,0.0,1.0,0.0,1.0,1.0,1.0,0.0,0.0,1.0,3.0,3.0,2.3333333,5.0,4.0,2.0,3.6666667,-32.0,1.0,1.0,3.0,1.6666666,1.0,3.0,3.0,0.0,1.0,0.0,1.0,1.0,0.0,0.0,0.0,0.0,1.0,,0.0,0,,1.0,3.0,0.0,5.0,1.0,2.0,0.0,3.0,0.0,1.0,0.0,3.0,0.0,5.0,1.0,5.0,1.0,4.0,1.0,3.375,0.375,4.0,1.0,3.0,0.0,4.0,1.0,5.0,1.0,1.0,0.0,1.0,0.0,3.0,0.0,0.0,3.0,0.0,2.0,0.0,3.0,0.0,4.0,1.0,3.0,0.0,3.0,0.0,1.0,0.0,2.0,0.0,3.0,0.0,2.625,0.0,-3.0,1.0,1.0,2.0,0.0,-4.0,-3.0,-1.0,-0.75,0.0,-1.0,0.0,1.0,0.0,0.0,-1.0,-1.0,-1.0,-0.25,,,0.0,0.0,1.0,1
4.0,1.0,3.0,2.0,41.0,10.0,5.0,3.0,0.0,1.0,1.0,0.0,2.0,1.0,0.0,0.0,1.0,1.0,1.0,1.0,4.0,5.0,4.0,4.3333335,-20.0,2.0,1.0,2.0,1.6666666,3.0,4.0,4.0,0.0,1.0,1.0,1.0,2.0,1.0,0.0,1.0,1.0,0.0,0.0,,1,0.0,0.0,5.0,1.0,5.0,1.0,3.0,0.0,1.0,0.0,3.0,0.0,4.0,1.0,4.0,1.0,5.0,1.0,5.0,1.0,3.75,0.625,3.0,0.0,3.0,0.0,5.0,1.0,4.0,1.0,4.0,1.0,5.0,1.0,2.0,0.0,0.0,3.0,0.0,4.0,1.0,2.0,0.0,1.0,0.0,3.0,0.0,4.0,1.0,4.0,1.0,4.0,1.0,4.0,1.0,3.125,-2.0,-1.0,-1.0,0.0,0.0,0.0,0.0,-1.0,-1.0,-0.625,-1.0,0.0,0.0,0.0,0.0,0.0,0.0,0.0,0.0,-0.125,4.0,1.0,0.0,0.0,0.0,1
4.0,1.0,3.0,2.0,44.0,4.0,1.0,3.0,0.0,0.0,1.0,0.0,8.0,0.0,1.0,0.0,5.0,4.0,5.0,4.6666665,5.0,3.0,1.0,3.0,91.0,5.0,4.0,5.0,4.6666665,1.0,4.0,3.0,1.0,0.0,0.0,1.0,1.0,0.0,0.0,0.0,0.0,1.0,,0.0,0,,1.0,3.0,0.0,3.0,0.0,1.0,0.0,1.0,0.0,1.0,0.0,1.0,0.0,1.0,0.0,1.0,0.0,1.0,0.0,1.5,0.0,4.0,1.0,3.0,0.0,1.0,0.0,5.0,1.0,1.0,0.0,4.0,1.0,1.0,0.0,0.0,3.0,0.0,1.0,0.0,1.0,0.0,1.0,0.0,1.0,0.0,1.0,0.0,1.0,0.0,1.0,0.0,1.0,0.0,1.25,0.0,-2.0,0.0,0.0,0.0,0.0,0.0,0.0,0.0,-0.25,0.0,0.0,0.0,0.0,0.0,0.0,0.0,0.0,0.0,0.0,,,0.0,1.0,0.0,5
4.0,2.0,3.0,1.0,37.0,19.0,6.0,3.0,0.0,1.0,1.0,0.0,1.0,1.0,0.0,0.0,1.0,1.0,1.0,1.0,4.0,4.0,1.0,3.0,-64.0,1.0,4.0,3.0,2.6666667,4.0,4.0,2.0,0.0,1.0,1.0,1.0,2.0,0.0,0.0,0.0,0.0,1.0,,0.0,0,,1.0,5.0,1.0,1.0,0.0,4.0,1.0,1.0,0.0,3.0,0.0,5.0,1.0,4.0,1.0,5.0,1.0,5.0,1.0,3.5,0.625,2.0,0.0,3.0,0.0,5.0,1.0,4.0,1.0,4.0,1.0,5.0,1.0,4.0,1.0,0.0,5.0,1.0,4.0,1.0,5.0,1.0,1.0,0.0,3.0,0.0,5.0,1.0,4.0,1.0,5.0,1.0,5.0,1.0,4.0,0.0,3.0,1.0,0.0,0.0,0.0,0.0,0.0,0.0,0.5,0.0,1.0,0.0,0.0,0.0,0.0,0.0,0.0,0.0,0.125,,,0.0,0.0,0.0,1
1.0,4.0,3.0,2.0,44.0,1.0,4.0,1.0,0.0,0.0,1.0,0.0,2.0,1.0,0.0,0.0,1.0,2.0,1.0,1.3333334,2.0,5.0,4.0,3.6666667,0.0,3.0,4.0,3.0,3.3333333,3.0,5.0,4.0,0.0,1.0,1.0,1.0,2.0,1.0,0.0,1.0,1.0,0.0,0.0,,1,1.0,1.0,5.0,1.0,5.0,1.0,4.0,1.0,2.0,0.0,3.0,0.0,5.0,1.0,5.0,1.0,5.0,1.0,3.0,0.0,4.25,0.75,2.0,0.0,5.0,1.0,5.0,1.0,4.0,1.0,4.0,1.0,5.0,1.0,5.0,1.0,0.0,5.0,1.0,5.0,1.0,5.0,1.0,3.0,0.0,3.0,0.0,5.0,1.0,5.0,1.0,5.0,1.0,5.0,1.0,4.5,0.0,0.0,1.0,1.0,0.0,0.0,0.0,0.0,2.0,0.25,0.0,0.0,0.0,0.0,0.0,0.0,0.0,0.0,1.0,0.0,,,1.0,0.0,1.0,2
2.0,3.0,4.0,1.0,35.0,7.0,4.0,3.0,0.0,1.0,0.0,1.0,1.0,1.0,0.0,0.0,1.0,1.0,1.0,1.0,5.0,5.0,1.0,3.6666667,0.0,1.0,3.0,1.0,1.6666666,5.0,5.0,4.0,0.0,1.0,0.0,1.0,1.0,0.0,0.0,0.0,0.0,1.0,,0.0,0,,1.0,3.0,0.0,4.0,1.0,3.0,0.0,4.0,1.0,5.0,1.0,5.0,1.0,5.0,1.0,1.0,0.0,4.0,1.0,3.75,0.625,2.0,0.0,4.0,1.0,5.0,1.0,5.0,1.0,5.0,1.0,5.0,1.0,5.0,1.0,0.0,5.0,1.0,4.0,1.0,3.0,0.0,2.0,0.0,5.0,1.0,5.0,1.0,5.0,1.0,5.0,1.0,5.0,1.0,4.25,2.0,0.0,0.0,-2.0,0.0,0.0,0.0,4.0,1.0,0.5,1.0,0.0,0.0,-1.0,0.0,0.0,0.0,1.0,0.0,0.125,,,0.0,0.0,1.0,2
3.0,2.0,4.0,1.0,34.0,5.0,6.0,4.0,0.0,1.0,1.0,0.0,1.0,1.0,0.0,0.0,1.0,2.0,1.0,1.3333334,1.0,4.0,4.0,3.0,-8.0,3.0,5.0,5.0,4.3333335,5.0,3.0,3.0,1.0,0.0,0.0,0.0,0.0,1.0,0.0,0.0,0.0,1.0,,0.0,0,,1.0,3.0,0.0,3.0,0.0,1.0,0.0,3.0,0.0,3.0,0.0,5.0,1.0,4.0,1.0,3.0,0.0,5.0,1.0,3.125,0.25,4.0,1.0,5.0,1.0,3.0,0.0,3.0,0.0,3.0,0.0,3.0,0.0,5.0,1.0,1.0,5.0,1.0,3.0,0.0,1.0,0.0,3.0,0.0,3.0,0.0,5.0,1.0,5.0,1.0,3.0,0.0,5.0,1.0,3.5,2.0,0.0,0.0,0.0,0.0,0.0,1.0,0.0,0.0,0.375,1.0,0.0,0.0,0.0,0.0,0.0,0.0,0.0,0.0,0.125,,,0.0,0.0,0.0,1
4.0,2.0,3.0,1.0,37.0,11.0,7.0,1.0,0.0,0.0,1.0,0.0,6.0,0.0,0.0,1.0,2.0,4.0,3.0,3.0,1.0,3.0,3.0,2.3333333,5.0,2.0,2.0,3.0,2.3333333,3.0,1.0,5.0,0.0,0.0,1.0,1.0,2.0,1.0,0.0,1.0,1.0,0.0,0.0,,1,1.0,1.0,3.0,0.0,4.0,1.0,2.0,0.0,1.0,0.0,1.0,0.0,2.0,0.0,1.0,0.0,3.0,0.0,1.0,0.0,2.125,0.125,1.0,0.0,1.0,0.0,1.0,0.0,3.0,0.0,1.0,0.0,5.0,1.0,5.0,1.0,0.0,1.0,0.0,4.0,1.0,3.0,0.0,1.0,0.0,1.0,0.0,2.0,0.0,1.0,0.0,3.0,0.0,1.0,0.0,2.0,-2.0,0.0,1.0,0.0,0.0,0.0,0.0,0.0,0.0,-0.125,0.0,0.0,0.0,0.0,0.0,0.0,0.0,0.0,0.0,0.0,,,0.0,1.0,0.0,3
1.0,4.0,3.0,2.0,42.0,1.0,2.0,1.0,0.0,0.0,0.0,1.0,1.0,1.0,0.0,0.0,1.0,1.0,1.0,1.0,1.0,1.0,1.0,1.0,0.0,5.0,5.0,5.0,5.0,5.0,5.0,3.0,0.0,1.0,0.0,1.0,1.0,1.0,0.0,1.0,1.0,0.0,0.0,,1,0.0,0.0,5.0,1.0,5.0,1.0,5.0,1.0,5.0,1.0,5.0,1.0,5.0,1.0,5.0,1.0,5.0,1.0,5.0,1.0,5.0,1.0,5.0,1.0,5.0,1.0,5.0,1.0,5.0,1.0,5.0,1.0,5.0,1.0,5.0,1.0,1.0,5.0,1.0,5.0,1.0,5.0,1.0,5.0,1.0,5.0,1.0,5.0,1.0,5.0,1.0,5.0,1.0,5.0,1.0,5.0,0.0,0.0,0.0,0.0,0.0,0.0,0.0,0.0,0.0,0.0,0.0,0.0,0.0,0.0,0.0,0.0,0.0,0.0,0.0,0.0,5.0,1.0,1.0,0.0,1.0,2
2.0,3.0,1.0,4.0,36.0,6.0,4.0,3.0,0.0,0.0,0.0,0.0,3.0,0.0,0.0,1.0,4.0,3.0,3.0,3.3333333,1.0,4.0,3.0,2.6666667,-100.0,1.0,2.0,1.0,1.3333334,5.0,4.0,4.0,0.0,1.0,1.0,0.0,1.0,0.0,0.0,0.0,0.0,1.0,,0.0,0,,1.0,2.0,0.0,3.0,0.0,1.0,0.0,1.0,0.0,1.0,0.0,5.0,1.0,4.0,1.0,1.0,0.0,1.0,0.0,2.25,0.25,1.0,0.0,2.0,0.0,1.0,0.0,1.0,0.0,4.0,1.0,1.0,0.0,4.0,1.0,0.0,1.0,0.0,1.0,0.0,1.0,0.0,1.0,0.0,1.0,0.0,5.0,1.0,4.0,1.0,1.0,0.0,1.0,0.0,1.875,-1.0,-2.0,0.0,0.0,0.0,0.0,0.0,0.0,0.0,-0.375,0.0,0.0,0.0,0.0,0.0,0.0,0.0,0.0,0.0,0.0,,,0.0,0.0,1.0,1
4.0,3.0,2.0,1.0,22.0,4.0,4.0,4.0,0.0,0.0,1.0,0.0,1.0,1.0,0.0,0.0,2.0,1.0,1.0,1.3333334,1.0,1.0,1.0,1.0,-100.0,1.0,2.0,1.0,1.3333334,4.0,4.0,5.0,0.0,1.0,1.0,0.0,1.0,1.0,0.0,1.0,1.0,0.0,0.0,,1,1.0,1.0,2.0,0.0,4.0,1.0,3.0,0.0,1.0,0.0,1.0,0.0,5.0,1.0,5.0,1.0,4.0,1.0,4.0,1.0,3.125,0.5,4.0,1.0,4.0,1.0,5.0,1.0,3.0,0.0,5.0,1.0,5.0,1.0,4.0,1.0,0.0,5.0,1.0,4.0,1.0,3.0,0.0,1.0,0.0,1.0,0.0,5.0,1.0,5.0,1.0,5.0,1.0,5.0,1.0,3.625,3.0,0.0,0.0,0.0,0.0,0.0,0.0,1.0,1.0,0.5,1.0,0.0,0.0,0.0,0.0,0.0,0.0,0.0,0.0,0.125,,,0.0,0.0,0.0,1
2.0,4.0,1.0,3.0,19.0,1.0,1.0,2.0,0.0,1.0,0.0,1.0,4.0,0.0,0.0,1.0,3.0,2.0,4.0,3.0,3.0,5.0,1.0,3.0,4.0,2.0,4.0,3.0,3.0,3.0,3.0,3.0,0.0,1.0,0.0,0.0,0.0,1.0,0.0,1.0,1.0,0.0,0.0,,1,0.0,0.0,3.0,0.0,5.0,1.0,2.0,0.0,4.0,1.0,3.0,0.0,5.0,1.0,5.0,1.0,3.0,0.0,5.0,1.0,3.75,0.5,5.0,1.0,4.0,1.0,5.0,1.0,5.0,1.0,5.0,1.0,3.0,0.0,5.0,1.0,0.0,4.0,1.0,3.0,0.0,1.0,0.0,4.0,1.0,4.0,1.0,4.0,1.0,5.0,1.0,3.0,0.0,3.0,0.0,3.5,1.0,-2.0,-1.0,0.0,1.0,-1.0,0.0,0.0,-2.0,-0.25,1.0,-1.0,0.0,0.0,1.0,0.0,0.0,0.0,-1.0,0.125,5.0,1.0,0.0,1.0,1.0,3
4.0,3.0,2.0,1.0,42.0,4.0,1.0,4.0,0.0,0.0,0.0,1.0,1.0,1.0,0.0,0.0,1.0,3.0,1.0,1.6666666,2.0,5.0,5.0,4.0,0.0,1.0,4.0,2.0,2.3333333,3.0,4.0,4.0,0.0,1.0,1.0,1.0,2.0,0.0,0.0,1.0,1.0,0.0,0.0,,1,0.0,0.0,4.0,1.0,4.0,1.0,4.0,1.0,1.0,0.0,3.0,0.0,2.0,0.0,4.0,1.0,3.0,0.0,1.0,0.0,3.125,0.5,3.0,0.0,4.0,1.0,2.0,0.0,4.0,1.0,2.0,0.0,4.0,1.0,4.0,1.0,0.0,2.0,0.0,2.0,0.0,2.0,0.0,1.0,0.0,2.0,0.0,1.0,0.0,1.0,0.0,3.0,0.0,2.0,0.0,1.75,-2.0,-2.0,-2.0,0.0,-1.0,-1.0,-3.0,0.0,1.0,-1.375,-1.0,-1.0,-1.0,0.0,0.0,0.0,-1.0,0.0,0.0,-0.5,4.0,1.0,0.0,0.0,0.0,2
2.0,4.0,3.0,1.0,32.0,4.0,4.0,3.0,0.0,0.0,0.0,0.0,1.0,1.0,0.0,0.0,3.0,3.0,3.0,3.0,2.0,2.0,1.0,1.6666666,0.0,3.0,2.0,2.0,2.3333333,4.0,4.0,3.0,0.0,1.0,1.0,1.0,2.0,0.0,0.0,1.0,1.0,0.0,0.0,,1,1.0,1.0,3.0,0.0,3.0,0.0,3.0,0.0,4.0,1.0,3.0,0.0,3.0,0.0,4.0,1.0,4.0,1.0,3.0,0.0,3.375,0.375,4.0,1.0,3.0,0.0,2.0,0.0,3.0,0.0,3.0,0.0,3.0,0.0,4.0,1.0,0.0,3.0,0.0,3.0,0.0,3.0,0.0,3.0,0.0,2.0,0.0,3.0,0.0,4.0,1.0,3.0,0.0,3.0,0.0,3.0,0.0,0.0,0.0,-1.0,-1.0,0.0,0.0,-1.0,0.0,-0.375,0.0,0.0,0.0,-1.0,0.0,0.0,0.0,-1.0,0.0,-0.25,,,0.0,0.0,1.0,2
2.0,3.0,4.0,1.0,35.0,18.0,6.0,4.0,0.0,1.0,1.0,0.0,8.0,0.0,1.0,0.0,3.0,1.0,1.0,1.6666666,4.0,3.0,1.0,2.6666667,-4.0,2.0,4.0,4.0,3.3333333,3.0,1.0,4.0,1.0,0.0,1.0,1.0,2.0,1.0,0.0,0.0,0.0,1.0,,0.0,0,,1.0,3.0,0.0,3.0,0.0,3.0,0.0,2.0,0.0,1.0,0.0,4.0,1.0,2.0,0.0,4.0,1.0,3.0,0.0,2.75,0.25,2.0,0.0,2.0,0.0,2.0,0.0,4.0,1.0,1.0,0.0,4.0,1.0,5.0,1.0,0.0,3.0,0.0,4.0,1.0,2.0,0.0,1.0,0.0,1.0,0.0,4.0,1.0,3.0,0.0,4.0,1.0,3.0,0.0,2.75,0.0,1.0,-1.0,-1.0,0.0,0.0,1.0,0.0,0.0,0.0,0.0,1.0,0.0,0.0,0.0,0.0,0.0,0.0,0.0,0.125,,,0.0,0.0,1.0,2
3.0,4.0,2.0,1.0,34.0,9.0,5.0,1.0,0.0,1.0,0.0,0.0,2.0,1.0,0.0,0.0,3.0,1.0,4.0,2.6666667,3.0,3.0,3.0,3.0,-43.0,3.0,4.0,2.0,3.0,5.0,3.0,1.0,0.0,0.0,0.0,0.0,0.0,0.0,0.0,1.0,1.0,0.0,0.0,,1,0.0,0.0,3.0,0.0,3.0,0.0,4.0,1.0,4.0,1.0,3.0,0.0,4.0,1.0,3.0,0.0,2.0,0.0,4.0,1.0,3.25,0.375,3.0,0.0,3.0,0.0,2.0,0.0,4.0,1.0,2.0,0.0,3.0,0.0,5.0,1.0,0.0,3.0,0.0,2.0,0.0,1.0,0.0,2.0,0.0,4.0,1.0,2.0,0.0,3.0,0.0,4.0,1.0,3.0,0.0,2.625,0.0,-1.0,-3.0,-2.0,1.0,-2.0,0.0,2.0,-1.0,-0.625,0.0,0.0,-1.0,-1.0,1.0,-1.0,0.0,1.0,-1.0,-0.125,3.0,0.0,0.0,0.0,1.0,1
4.0,2.0,1.0,3.0,37.0,7.0,7.0,1.0,0.0,0.0,0.0,1.0,1.0,1.0,0.0,0.0,4.0,4.0,4.0,4.0,4.0,4.0,4.0,4.0,10.0,4.0,4.0,2.0,3.3333333,1.0,4.0,2.0,0.0,1.0,1.0,1.0,2.0,1.0,0.0,0.0,0.0,1.0,,0.0,0,,1.0,3.0,0.0,3.0,0.0,4.0,1.0,4.0,1.0,3.0,0.0,4.0,1.0,4.0,1.0,3.0,0.0,4.0,1.0,3.5,0.5,3.0,0.0,4.0,1.0,4.0,1.0,4.0,1.0,4.0,1.0,3.0,0.0,3.0,0.0,1.0,4.0,1.0,4.0,1.0,3.0,0.0,3.0,0.0,4.0,1.0,4.0,1.0,4.0,1.0,4.0,1.0,4.0,1.0,3.75,1.0,1.0,-1.0,-1.0,1.0,0.0,0.0,1.0,0.0,0.25,1.0,1.0,-1.0,-1.0,1.0,0.0,0.0,1.0,0.0,0.25,,,0.0,1.0,0.0,4
2.0,1.0,4.0,3.0,38.0,9.0,6.0,3.0,0.0,1.0,1.0,0.0,6.0,0.0,0.0,1.0,4.0,4.0,3.0,3.6666667,4.0,4.0,3.0,3.6666667,44.0,4.0,4.0,3.0,3.6666667,3.0,4.0,3.0,1.0,0.0,0.0,0.0,0.0,0.0,0.0,1.0,1.0,0.0,0.0,,1,1.0,1.0,3.0,0.0,3.0,0.0,3.0,0.0,3.0,0.0,4.0,1.0,3.0,0.0,2.0,0.0,3.0,0.0,3.0,0.0,3.0,0.125,2.0,0.0,3.0,0.0,2.0,0.0,3.0,0.0,2.0,0.0,3.0,0.0,3.0,0.0,0.0,3.0,0.0,3.0,0.0,3.0,0.0,3.0,0.0,3.0,0.0,3.0,0.0,2.0,0.0,3.0,0.0,3.0,0.0,2.875,0.0,0.0,0.0,0.0,-1.0,0.0,0.0,0.0,0.0,-0.125,0.0,0.0,0.0,0.0,-1.0,0.0,0.0,0.0,0.0,-0.125,,,0.0,1.0,0.0,4
1.0,3.0,4.0,2.0,38.0,5.0,6.0,1.0,0.0,0.0,0.0,1.0,1.0,1.0,0.0,0.0,2.0,2.0,2.0,2.0,2.0,4.0,2.0,2.6666667,80.0,4.0,4.0,3.0,3.6666667,4.0,5.0,5.0,0.0,1.0,1.0,1.0,2.0,1.0,0.0,1.0,1.0,0.0,0.0,,1,1.0,1.0,5.0,1.0,5.0,1.0,5.0,1.0,5.0,1.0,5.0,1.0,5.0,1.0,5.0,1.0,5.0,1.0,5.0,1.0,5.0,1.0,4.0,1.0,1.0,0.0,5.0,1.0,5.0,1.0,5.0,1.0,5.0,1.0,5.0,1.0,0.0,5.0,1.0,5.0,1.0,5.0,1.0,5.0,1.0,5.0,1.0,5.0,1.0,5.0,1.0,5.0,1.0,5.0,1.0,5.0,0.0,0.0,0.0,0.0,0.0,0.0,0.0,0.0,0.0,0.0,0.0,0.0,0.0,0.0,0.0,0.0,0.0,0.0,0.0,0.0,,,1.0,1.0,1.0,5
4.0,3.0,1.0,2.0,23.0,6.0,2.0,4.0,0.0,1.0,1.0,0.0,3.0,0.0,0.0,1.0,3.0,2.0,3.0,2.6666667,4.0,5.0,2.0,3.6666667,-70.0,3.0,1.0,2.0,2.0,5.0,2.0,5.0,0.0,0.0,0.0,1.0,1.0,0.0,0.0,0.0,0.0,1.0,,0.0,0,,1.0,2.0,0.0,2.0,0.0,2.0,0.0,3.0,0.0,3.0,0.0,3.0,0.0,2.0,0.0,3.0,0.0,1.0,0.0,2.5,0.0,4.0,1.0,4.0,1.0,3.0,0.0,3.0,0.0,3.0,0.0,3.0,0.0,3.0,0.0,0.0,2.0,0.0,2.0,0.0,2.0,0.0,3.0,0.0,2.0,0.0,1.0,0.0,1.0,0.0,2.0,0.0,3.0,0.0,1.875,0.0,0.0,0.0,0.0,-1.0,-2.0,-1.0,-1.0,2.0,-0.625,0.0,0.0,0.0,0.0,0.0,0.0,0.0,0.0,0.0,0.0,,,0.0,0.0,0.0,1
1.0,3.0,4.0,2.0,40.0,21.0,7.0,3.0,0.0,1.0,1.0,0.0,1.0,1.0,0.0,0.0,3.0,1.0,1.0,1.6666666,3.0,3.0,1.0,2.3333333,0.0,2.0,4.0,3.0,3.0,5.0,4.0,3.0,0.0,1.0,0.0,1.0,1.0,0.0,0.0,0.0,0.0,1.0,,0.0,0,,1.0,3.0,0.0,5.0,1.0,4.0,1.0,1.0,0.0,1.0,0.0,5.0,1.0,3.0,0.0,3.0,0.0,4.0,1.0,3.125,0.375,1.0,0.0,2.0,0.0,3.0,0.0,2.0,0.0,1.0,0.0,4.0,1.0,2.0,0.0,0.0,4.0,1.0,5.0,1.0,4.0,1.0,1.0,0.0,2.0,0.0,5.0,1.0,4.0,1.0,4.0,1.0,4.0,1.0,3.625,1.0,0.0,0.0,0.0,1.0,0.0,1.0,1.0,0.0,0.5,1.0,0.0,0.0,0.0,0.0,0.0,1.0,1.0,0.0,0.375,,,1.0,0.0,1.0,2
1.0,2.0,4.0,3.0,33.0,9.0,2.0,3.0,0.0,1.0,0.0,0.0,2.0,1.0,0.0,0.0,1.0,4.0,1.0,2.0,1.0,5.0,1.0,2.3333333,-50.0,1.0,3.0,5.0,3.0,4.0,5.0,5.0,0.0,0.0,1.0,1.0,2.0,0.0,0.0,1.0,1.0,0.0,0.0,,1,1.0,1.0,5.0,1.0,5.0,1.0,3.0,0.0,2.0,0.0,5.0,1.0,4.0,1.0,5.0,1.0,5.0,1.0,5.0,1.0,4.25,0.75,5.0,1.0,5.0,1.0,5.0,1.0,4.0,1.0,4.0,1.0,5.0,1.0,5.0,1.0,0.0,5.0,1.0,5.0,1.0,5.0,1.0,5.0,1.0,5.0,1.0,5.0,1.0,5.0,1.0,5.0,1.0,5.0,1.0,5.0,0.0,0.0,2.0,3.0,0.0,1.0,0.0,0.0,0.0,0.75,0.0,0.0,1.0,1.0,0.0,0.0,0.0,0.0,0.0,0.25,,,1.0,0.0,1.0,1
4.0,2.0,1.0,3.0,25.0,24.0,6.0,1.0,0.0,1.0,1.0,0.0,1.0,1.0,0.0,0.0,3.0,2.0,3.0,2.6666667,3.0,1.0,2.0,2.0,0.0,4.0,1.0,4.0,3.0,5.0,4.0,5.0,0.0,1.0,0.0,0.0,0.0,1.0,0.0,0.0,0.0,1.0,,0.0,0,,1.0,3.0,0.0,3.0,0.0,2.0,0.0,2.0,0.0,3.0,0.0,4.0,1.0,5.0,1.0,3.0,0.0,5.0,1.0,3.125,0.25,3.0,0.0,4.0,1.0,5.0,1.0,3.0,0.0,3.0,0.0,5.0,1.0,4.0,1.0,0.0,2.0,0.0,3.0,0.0,2.0,0.0,2.0,0.0,3.0,0.0,4.0,1.0,5.0,1.0,3.0,0.0,5.0,1.0,3.0,-1.0,0.0,0.0,0.0,0.0,0.0,0.0,0.0,0.0,-0.125,0.0,0.0,0.0,0.0,0.0,0.0,0.0,0.0,0.0,0.0,,,0.0,0.0,0.0,2
2.0,1.0,4.0,3.0,25.0,1.0,4.0,3.0,0.0,1.0,0.0,1.0,6.0,0.0,0.0,1.0,5.0,4.0,4.0,4.3333335,4.0,5.0,5.0,4.6666665,8.0,4.0,4.0,2.0,3.3333333,4.0,4.0,3.0,1.0,0.0,0.0,0.0,0.0,0.0,0.0,0.0,0.0,1.0,,0.0,0,,1.0,4.0,1.0,4.0,1.0,4.0,1.0,4.0,1.0,4.0,1.0,4.0,1.0,4.0,1.0,4.0,1.0,4.0,1.0,4.0,1.0,3.0,0.0,3.0,0.0,4.0,1.0,4.0,1.0,4.0,1.0,4.0,1.0,4.0,1.0,1.0,3.0,0.0,3.0,0.0,3.0,0.0,3.0,0.0,3.0,0.0,3.0,0.0,3.0,0.0,2.0,0.0,3.0,0.0,2.875,-1.0,-1.0,-1.0,-1.0,-1.0,-1.0,-1.0,-2.0,-1.0,-1.125,-1.0,-1.0,-1.0,-1.0,-1.0,-1.0,-1.0,-1.0,-1.0,-1.0,,,0.0,1.0,0.0,3
1.0,3.0,4.0,2.0,36.0,19.0,6.0,3.0,0.0,1.0,1.0,0.0,1.0,1.0,0.0,0.0,1.0,1.0,1.0,1.0,2.0,2.0,1.0,1.6666666,21.0,2.0,1.0,3.0,2.0,4.0,5.0,4.0,0.0,1.0,1.0,1.0,2.0,1.0,0.0,1.0,1.0,0.0,0.0,,1,1.0,1.0,5.0,1.0,5.0,1.0,4.0,1.0,1.0,0.0,2.0,0.0,5.0,1.0,5.0,1.0,5.0,1.0,5.0,1.0,4.0,0.75,2.0,0.0,3.0,0.0,5.0,1.0,2.0,0.0,4.0,1.0,5.0,1.0,4.0,1.0,0.0,5.0,1.0,5.0,1.0,5.0,1.0,4.0,1.0,4.0,1.0,5.0,1.0,5.0,1.0,5.0,1.0,5.0,1.0,4.75,0.0,0.0,1.0,3.0,2.0,0.0,0.0,0.0,0.0,0.75,0.0,0.0,0.0,1.0,1.0,0.0,0.0,0.0,0.0,0.25,,,1.0,1.0,1.0,4
2.0,3.0,4.0,1.0,59.0,23.0,6.0,1.0,0.0,1.0,1.0,0.0,1.0,1.0,0.0,0.0,1.0,1.0,1.0,1.0,2.0,3.0,1.0,2.0,-5.0,3.0,4.0,2.0,3.0,3.0,4.0,4.0,0.0,1.0,1.0,1.0,2.0,1.0,0.0,0.0,0.0,1.0,,0.0,0,,1.0,4.0,1.0,4.0,1.0,2.0,0.0,2.0,0.0,2.0,0.0,4.0,1.0,3.0,0.0,4.0,1.0,3.0,0.0,3.125,0.5,2.0,0.0,2.0,0.0,4.0,1.0,3.0,0.0,3.0,0.0,5.0,1.0,4.0,1.0,0.0,4.0,1.0,4.0,1.0,2.0,0.0,2.0,0.0,2.0,0.0,4.0,1.0,3.0,0.0,4.0,1.0,2.0,0.0,3.125,0.0,0.0,0.0,0.0,0.0,0.0,0.0,0.0,-1.0,0.0,0.0,0.0,0.0,0.0,0.0,0.0,0.0,0.0,0.0,0.0,,,0.0,0.0,1.0,1
4.0,3.0,2.0,1.0,33.0,7.0,2.0,1.0,0.0,0.0,0.0,1.0,2.0,1.0,0.0,0.0,3.0,4.0,3.0,3.3333333,2.0,4.0,2.0,2.6666667,0.0,2.0,4.0,3.0,3.0,5.0,1.0,2.0,1.0,0.0,1.0,0.0,1.0,1.0,0.0,1.0,1.0,0.0,0.0,,1,0.0,0.0,3.0,0.0,3.0,0.0,1.0,0.0,1.0,0.0,1.0,0.0,1.0,0.0,1.0,0.0,3.0,0.0,1.0,0.0,1.75,0.0,3.0,0.0,2.0,0.0,1.0,0.0,2.0,0.0,1.0,0.0,1.0,0.0,3.0,0.0,0.0,1.0,0.0,1.0,0.0,1.0,0.0,1.0,0.0,1.0,0.0,1.0,0.0,1.0,0.0,1.0,0.0,1.0,0.0,1.0,-2.0,-2.0,0.0,0.0,0.0,0.0,0.0,-2.0,0.0,-0.75,0.0,0.0,0.0,0.0,0.0,0.0,0.0,0.0,0.0,0.0,2.0,0.0,0.0,0.0,0.0,2
4.0,2.0,3.0,1.0,24.0,4.0,4.0,3.0,0.0,1.0,1.0,0.0,5.0,0.0,0.0,1.0,4.0,4.0,4.0,4.0,2.0,5.0,2.0,3.0,-59.0,2.0,4.0,2.0,2.6666667,2.0,4.0,4.0,0.0,0.0,1.0,0.0,1.0,1.0,0.0,1.0,1.0,0.0,0.0,,1,0.0,0.0,4.0,1.0,2.0,0.0,2.0,0.0,1.0,0.0,2.0,0.0,2.0,0.0,4.0,1.0,2.0,0.0,2.0,0.0,2.375,0.25,4.0,1.0,3.0,0.0,2.0,0.0,2.0,0.0,2.0,0.0,2.0,0.0,2.0,0.0,0.0,4.0,1.0,2.0,0.0,2.0,0.0,1.0,0.0,2.0,0.0,2.0,0.0,4.0,1.0,2.0,0.0,4.0,1.0,2.375,0.0,0.0,0.0,0.0,0.0,0.0,0.0,0.0,2.0,0.0,0.0,0.0,0.0,0.0,0.0,0.0,0.0,0.0,1.0,0.0,4.0,1.0,0.0,0.0,0.0,1
1.0,2.0,4.0,3.0,33.0,23.0,7.0,3.0,0.0,1.0,1.0,0.0,1.0,1.0,0.0,0.0,1.0,1.0,1.0,1.0,1.0,3.0,1.0,1.6666666,-20.0,1.0,2.0,2.0,1.6666666,3.0,4.0,4.0,0.0,1.0,0.0,1.0,1.0,1.0,0.0,0.0,0.0,1.0,,0.0,0,,1.0,5.0,1.0,5.0,1.0,4.0,1.0,1.0,0.0,1.0,0.0,5.0,1.0,4.0,1.0,5.0,1.0,3.0,0.0,3.75,0.75,4.0,1.0,2.0,0.0,4.0,1.0,4.0,1.0,4.0,1.0,5.0,1.0,4.0,1.0,1.0,5.0,1.0,5.0,1.0,5.0,1.0,1.0,0.0,2.0,0.0,5.0,1.0,5.0,1.0,5.0,1.0,5.0,1.0,4.125,0.0,0.0,1.0,0.0,1.0,0.0,1.0,0.0,2.0,0.375,0.0,0.0,0.0,0.0,0.0,0.0,0.0,0.0,1.0,0.0,,,1.0,0.0,1.0,1
3.0,1.0,4.0,2.0,43.0,4.0,7.0,3.0,0.0,1.0,0.0,1.0,1.0,1.0,0.0,0.0,2.0,3.0,4.0,3.0,4.0,3.0,4.0,3.6666667,12.0,4.0,4.0,3.0,3.6666667,5.0,3.0,4.0,0.0,1.0,0.0,1.0,1.0,1.0,0.0,0.0,0.0,1.0,,0.0,0,,1.0,3.0,0.0,4.0,1.0,3.0,0.0,2.0,0.0,3.0,0.0,4.0,1.0,4.0,1.0,3.0,0.0,4.0,1.0,3.25,0.375,4.0,1.0,4.0,1.0,4.0,1.0,4.0,1.0,5.0,1.0,3.0,0.0,5.0,1.0,0.0,4.0,1.0,5.0,1.0,4.0,1.0,4.0,1.0,3.0,0.0,4.0,1.0,5.0,1.0,5.0,1.0,5.0,1.0,4.25,1.0,1.0,1.0,2.0,0.0,0.0,1.0,2.0,1.0,1.0,1.0,0.0,1.0,1.0,0.0,0.0,0.0,1.0,0.0,0.5,,,0.0,1.0,0.0,4
2.0,3.0,4.0,1.0,30.0,18.0,7.0,2.0,0.0,1.0,1.0,0.0,8.0,0.0,1.0,0.0,1.0,4.0,1.0,2.0,2.0,4.0,4.0,3.3333333,100.0,2.0,4.0,2.0,2.6666667,3.0,2.0,2.0,1.0,0.0,0.0,1.0,1.0,0.0,0.0,1.0,1.0,0.0,0.0,,1,1.0,1.0,4.0,1.0,4.0,1.0,5.0,1.0,1.0,0.0,2.0,0.0,2.0,0.0,2.0,0.0,3.0,0.0,2.0,0.0,2.875,0.375,5.0,1.0,3.0,0.0,2.0,0.0,4.0,1.0,1.0,0.0,3.0,0.0,4.0,1.0,0.0,5.0,1.0,5.0,1.0,5.0,1.0,1.0,0.0,2.0,0.0,2.0,0.0,2.0,0.0,3.0,0.0,2.0,0.0,3.125,1.0,1.0,0.0,0.0,0.0,0.0,0.0,0.0,0.0,0.25,0.0,0.0,0.0,0.0,0.0,0.0,0.0,0.0,0.0,0.0,,,0.0,1.0,1.0,5
2.0,3.0,4.0,1.0,36.0,9.0,6.0,3.0,0.0,1.0,1.0,0.0,1.0,1.0,0.0,0.0,1.0,1.0,1.0,1.0,2.0,3.0,1.0,2.0,-3.0,1.0,2.0,1.0,1.3333334,5.0,5.0,4.0,0.0,1.0,0.0,1.0,1.0,0.0,0.0,1.0,1.0,0.0,0.0,,1,1.0,1.0,5.0,1.0,5.0,1.0,5.0,1.0,1.0,0.0,3.0,0.0,5.0,1.0,4.0,1.0,5.0,1.0,3.0,0.0,4.125,0.75,1.0,0.0,2.0,0.0,4.0,1.0,2.0,0.0,3.0,0.0,4.0,1.0,3.0,0.0,1.0,5.0,1.0,5.0,1.0,5.0,1.0,1.0,0.0,4.0,1.0,5.0,1.0,4.0,1.0,5.0,1.0,4.0,1.0,4.25,0.0,0.0,0.0,0.0,1.0,0.0,0.0,0.0,1.0,0.125,0.0,0.0,0.0,0.0,1.0,0.0,0.0,0.0,1.0,0.125,,,0.0,0.0,1.0,2
3.0,2.0,4.0,1.0,25.0,10.0,6.0,3.0,0.0,1.0,0.0,0.0,2.0,1.0,0.0,0.0,2.0,1.0,2.0,1.6666666,3.0,4.0,1.0,2.6666667,-30.0,2.0,4.0,4.0,3.3333333,4.0,4.0,5.0,0.0,1.0,1.0,1.0,2.0,0.0,0.0,1.0,1.0,0.0,0.0,,1,0.0,0.0,4.0,1.0,4.0,1.0,1.0,0.0,1.0,0.0,1.0,0.0,4.0,1.0,3.0,0.0,4.0,1.0,1.0,0.0,2.75,0.5,2.0,0.0,1.0,0.0,1.0,0.0,4.0,1.0,1.0,0.0,3.0,0.0,4.0,1.0,0.0,3.0,0.0,3.0,0.0,1.0,0.0,1.0,0.0,1.0,0.0,2.0,0.0,1.0,0.0,3.0,0.0,1.0,0.0,1.875,-1.0,-1.0,0.0,0.0,0.0,-2.0,-2.0,-1.0,0.0,-0.875,-1.0,-1.0,0.0,0.0,0.0,-1.0,0.0,-1.0,0.0,-0.5,5.0,1.0,0.0,0.0,0.0,1
2.0,3.0,4.0,1.0,37.0,24.0,3.0,1.0,0.0,0.0,1.0,0.0,6.0,0.0,0.0,1.0,2.0,2.0,2.0,2.0,4.0,4.0,1.0,3.0,54.0,5.0,5.0,5.0,5.0,3.0,2.0,4.0,1.0,0.0,1.0,1.0,2.0,1.0,0.0,1.0,1.0,0.0,0.0,,1,0.0,0.0,5.0,1.0,5.0,1.0,5.0,1.0,1.0,0.0,1.0,0.0,2.0,0.0,2.0,0.0,4.0,1.0,1.0,0.0,3.125,0.5,2.0,0.0,2.0,0.0,2.0,0.0,2.0,0.0,1.0,0.0,2.0,0.0,3.0,0.0,0.0,5.0,1.0,5.0,1.0,4.0,1.0,1.0,0.0,1.0,0.0,3.0,0.0,2.0,0.0,4.0,1.0,2.0,0.0,3.125,0.0,0.0,-1.0,0.0,0.0,1.0,0.0,0.0,1.0,0.0,0.0,0.0,0.0,0.0,0.0,0.0,0.0,0.0,0.0,0.0,4.0,1.0,0.0,1.0,1.0,5
2.0,3.0,4.0,1.0,34.0,2.0,5.0,4.0,0.0,0.0,1.0,0.0,1.0,1.0,0.0,0.0,5.0,4.0,4.0,4.3333335,4.0,5.0,5.0,4.6666665,100.0,4.0,4.0,2.0,3.3333333,5.0,5.0,4.0,1.0,0.0,1.0,1.0,2.0,1.0,0.0,1.0,1.0,0.0,0.0,,1,0.0,0.0,4.0,1.0,4.0,1.0,2.0,0.0,5.0,1.0,5.0,1.0,5.0,1.0,5.0,1.0,4.0,1.0,5.0,1.0,4.25,0.875,5.0,1.0,5.0,1.0,5.0,1.0,2.0,0.0,5.0,1.0,4.0,1.0,3.0,0.0,1.0,4.0,1.0,5.0,1.0,2.0,0.0,4.0,1.0,4.0,1.0,4.0,1.0,5.0,1.0,4.0,1.0,5.0,1.0,4.0,0.0,1.0,0.0,-1.0,-1.0,-1.0,0.0,0.0,0.0,-0.25,0.0,0.0,0.0,0.0,0.0,0.0,0.0,0.0,0.0,0.0,5.0,1.0,0.0,1.0,1.0,5
3.0,2.0,4.0,1.0,18.0,1.0,2.0,3.0,0.0,0.0,0.0,1.0,4.0,0.0,0.0,1.0,2.0,3.0,4.0,3.0,1.0,4.0,4.0,3.0,0.0,2.0,4.0,2.0,2.6666667,5.0,3.0,2.0,0.0,0.0,0.0,0.0,0.0,1.0,0.0,1.0,1.0,0.0,0.0,,1,1.0,1.0,4.0,1.0,4.0,1.0,1.0,0.0,1.0,0.0,2.0,0.0,4.0,1.0,4.0,1.0,4.0,1.0,2.0,0.0,3.0,0.625,3.0,0.0,3.0,0.0,3.0,0.0,4.0,1.0,4.0,1.0,4.0,1.0,4.0,1.0,0.0,5.0,1.0,5.0,1.0,2.0,0.0,1.0,0.0,1.0,0.0,4.0,1.0,4.0,1.0,3.0,0.0,3.0,0.0,3.125,1.0,1.0,1.0,0.0,-1.0,0.0,0.0,-1.0,1.0,0.125,0.0,0.0,0.0,0.0,0.0,0.0,0.0,-1.0,0.0,-0.125,,,0.0,0.0,0.0,2
3.0,2.0,4.0,1.0,34.0,22.0,6.0,3.0,0.0,0.0,1.0,0.0,5.0,0.0,0.0,1.0,3.0,5.0,2.0,3.3333333,1.0,4.0,3.0,2.6666667,0.0,3.0,3.0,3.0,3.0,1.0,1.0,4.0,0.0,0.0,1.0,0.0,1.0,1.0,0.0,1.0,1.0,0.0,0.0,,1,1.0,1.0,1.0,0.0,1.0,0.0,1.0,0.0,1.0,0.0,1.0,0.0,1.0,0.0,1.0,0.0,1.0,0.0,1.0,0.0,1.0,0.0,1.0,0.0,1.0,0.0,1.0,0.0,1.0,0.0,1.0,0.0,1.0,0.0,1.0,0.0,0.0,1.0,0.0,1.0,0.0,1.0,0.0,1.0,0.0,1.0,0.0,1.0,0.0,1.0,0.0,1.0,0.0,1.0,0.0,1.0,0.0,0.0,0.0,0.0,0.0,0.0,0.0,0.0,0.0,0.0,0.0,0.0,0.0,0.0,0.0,0.0,0.0,0.0,0.0,0.0,,,0.0,0.0,0.0,2
1.0,3.0,4.0,2.0,22.0,4.0,4.0,1.0,0.0,0.0,1.0,0.0,3.0,0.0,0.0,1.0,1.0,1.0,2.0,1.3333334,2.0,4.0,1.0,2.3333333,0.0,1.0,3.0,2.0,2.0,5.0,3.0,4.0,0.0,0.0,1.0,1.0,2.0,1.0,0.0,1.0,1.0,0.0,0.0,,1,1.0,1.0,4.0,1.0,4.0,1.0,3.0,0.0,1.0,0.0,1.0,0.0,5.0,1.0,4.0,1.0,4.0,1.0,3.0,0.0,3.25,0.625,2.0,0.0,3.0,0.0,2.0,0.0,2.0,0.0,4.0,1.0,3.0,0.0,2.0,0.0,0.0,4.0,1.0,5.0,1.0,3.0,0.0,1.0,0.0,1.0,0.0,5.0,1.0,4.0,1.0,3.0,0.0,3.0,0.0,3.25,0.0,1.0,0.0,0.0,0.0,0.0,0.0,-1.0,0.0,0.0,0.0,0.0,0.0,0.0,0.0,0.0,0.0,-1.0,0.0,-0.125,,,1.0,0.0,1.0,2
3.0,4.0,1.0,2.0,26.0,8.0,2.0,3.0,0.0,0.0,0.0,1.0,8.0,0.0,1.0,0.0,5.0,3.0,5.0,4.3333335,1.0,5.0,1.0,2.3333333,-49.0,2.0,3.0,5.0,3.3333333,5.0,4.0,4.0,1.0,0.0,1.0,1.0,2.0,0.0,0.0,1.0,1.0,0.0,0.0,,1,0.0,0.0,3.0,0.0,4.0,1.0,1.0,0.0,5.0,1.0,5.0,1.0,5.0,1.0,5.0,1.0,4.0,1.0,4.0,1.0,4.0,0.75,4.0,1.0,3.0,0.0,4.0,1.0,3.0,0.0,1.0,0.0,5.0,1.0,4.0,1.0,1.0,1.0,0.0,4.0,1.0,3.0,0.0,3.0,0.0,4.0,1.0,5.0,1.0,5.0,1.0,4.0,1.0,4.0,1.0,3.625,-2.0,0.0,2.0,-2.0,-1.0,0.0,0.0,0.0,0.0,-0.375,0.0,0.0,0.0,-1.0,0.0,0.0,0.0,0.0,0.0,-0.125,3.0,0.0,0.0,0.0,1.0,1
3.0,1.0,4.0,2.0,27.0,7.0,2.0,3.0,0.0,0.0,0.0,1.0,3.0,0.0,0.0,1.0,3.0,3.0,3.0,3.0,3.0,3.0,3.0,3.0,0.0,5.0,5.0,1.0,3.6666667,5.0,5.0,5.0,0.0,1.0,1.0,1.0,2.0,1.0,0.0,1.0,1.0,0.0,0.0,,1,1.0,1.0,4.0,1.0,3.0,0.0,4.0,1.0,4.0,1.0,3.0,0.0,4.0,1.0,4.0,1.0,4.0,1.0,4.0,1.0,3.75,0.75,4.0,1.0,5.0,1.0,4.0,1.0,4.0,1.0,4.0,1.0,3.0,0.0,4.0,1.0,1.0,4.0,1.0,4.0,1.0,4.0,1.0,4.0,1.0,3.0,0.0,4.0,1.0,4.0,1.0,4.0,1.0,3.0,0.0,3.875,0.0,1.0,0.0,0.0,0.0,0.0,0.0,0.0,-1.0,0.125,0.0,1.0,0.0,0.0,0.0,0.0,0.0,0.0,-1.0,0.125,,,0.0,0.0,0.0,2
1.0,3.0,2.0,4.0,30.0,4.0,7.0,1.0,0.0,0.0,0.0,0.0,2.0,1.0,0.0,0.0,2.0,1.0,1.0,1.3333334,3.0,4.0,1.0,2.6666667,-47.0,1.0,3.0,2.0,2.0,4.0,3.0,3.0,0.0,1.0,0.0,1.0,1.0,1.0,0.0,1.0,1.0,0.0,0.0,,1,1.0,1.0,4.0,1.0,5.0,1.0,4.0,1.0,1.0,0.0,2.0,0.0,4.0,1.0,4.0,1.0,3.0,0.0,3.0,0.0,3.375,0.625,4.0,1.0,3.0,0.0,3.0,0.0,3.0,0.0,2.0,0.0,4.0,1.0,3.0,0.0,0.0,5.0,1.0,5.0,1.0,4.0,1.0,1.0,0.0,1.0,0.0,4.0,1.0,4.0,1.0,4.0,1.0,3.0,0.0,3.5,1.0,0.0,0.0,0.0,-1.0,0.0,0.0,1.0,0.0,0.125,0.0,0.0,0.0,0.0,0.0,0.0,0.0,1.0,0.0,0.125,,,1.0,0.0,1.0,1
4.0,1.0,3.0,2.0,23.0,1.0,6.0,3.0,0.0,0.0,0.0,0.0,2.0,1.0,0.0,0.0,5.0,4.0,4.0,4.3333335,1.0,4.0,4.0,3.0,0.0,1.0,1.0,2.0,1.3333334,1.0,4.0,4.0,1.0,0.0,1.0,0.0,1.0,1.0,0.0,0.0,0.0,1.0,,0.0,0,,1.0,5.0,1.0,3.0,0.0,2.0,0.0,1.0,0.0,1.0,0.0,5.0,1.0,4.0,1.0,5.0,1.0,5.0,1.0,3.25,0.5,3.0,0.0,2.0,0.0,4.0,1.0,1.0,0.0,2.0,0.0,5.0,1.0,5.0,1.0,1.0,5.0,1.0,5.0,1.0,4.0,1.0,1.0,0.0,2.0,0.0,5.0,1.0,5.0,1.0,5.0,1.0,5.0,1.0,4.0,0.0,2.0,2.0,0.0,1.0,0.0,1.0,0.0,0.0,0.75,0.0,1.0,1.0,0.0,0.0,0.0,0.0,0.0,0.0,0.25,,,0.0,0.0,0.0,2
,,,,59.0,8.0,4.0,3.0,0.0,1.0,1.0,0.0,2.0,1.0,0.0,0.0,3.0,3.0,3.0,3.0,2.0,5.0,3.0,3.3333333,0.0,2.0,3.0,4.0,3.0,4.0,4.0,2.0,0.0,1.0,0.0,0.0,0.0,0.0,0.0,1.0,1.0,0.0,0.0,,1,,,,,,,,,,,,,,,,,,,,,,,,,,,,,,,,,,,,,,,,,,,,,,,,,,,,,,,,,,,,,,,,,,,,,,,,,,,,,,,,0.0,,2
3.0,2.0,4.0,1.0,69.0,16.0,2.0,2.0,1.0,1.0,1.0,0.0,8.0,0.0,1.0,0.0,1.0,1.0,1.0,1.0,2.0,4.0,1.0,2.3333333,0.0,2.0,4.0,4.0,3.3333333,4.0,4.0,3.0,1.0,0.0,1.0,1.0,2.0,1.0,0.0,0.0,0.0,1.0,,0.0,0,,1.0,4.0,1.0,5.0,1.0,5.0,1.0,1.0,0.0,1.0,0.0,4.0,1.0,2.0,0.0,4.0,1.0,2.0,0.0,3.25,0.625,2.0,0.0,2.0,0.0,4.0,1.0,2.0,0.0,2.0,0.0,5.0,1.0,5.0,1.0,1.0,5.0,1.0,5.0,1.0,5.0,1.0,1.0,0.0,1.0,0.0,5.0,1.0,3.0,0.0,2.0,0.0,2.0,0.0,3.375,1.0,0.0,0.0,0.0,0.0,1.0,1.0,-2.0,0.0,0.125,0.0,0.0,0.0,0.0,0.0,0.0,0.0,-1.0,0.0,-0.125,,,0.0,0.0,0.0,2
4.0,1.0,3.0,2.0,67.0,9.0,6.0,2.0,1.0,0.0,1.0,0.0,8.0,0.0,1.0,0.0,3.0,4.0,4.0,3.6666667,1.0,5.0,3.0,3.0,100.0,5.0,5.0,5.0,5.0,1.0,3.0,5.0,1.0,0.0,1.0,1.0,2.0,1.0,0.0,0.0,0.0,1.0,,0.0,0,,1.0,3.0,0.0,5.0,1.0,5.0,1.0,3.0,0.0,1.0,0.0,3.0,0.0,3.0,0.0,5.0,1.0,3.0,0.0,3.5,0.375,1.0,0.0,2.0,0.0,4.0,1.0,1.0,0.0,3.0,0.0,3.0,0.0,5.0,1.0,1.0,5.0,1.0,5.0,1.0,5.0,1.0,3.0,0.0,1.0,0.0,3.0,0.0,3.0,0.0,5.0,1.0,4.0,1.0,3.75,2.0,0.0,0.0,0.0,0.0,0.0,0.0,0.0,1.0,0.25,1.0,0.0,0.0,0.0,0.0,0.0,0.0,0.0,1.0,0.125,,,0.0,1.0,0.0,5
,,,,46.0,1.0,2.0,3.0,0.0,0.0,1.0,0.0,8.0,0.0,1.0,0.0,1.0,1.0,1.0,1.0,5.0,5.0,5.0,5.0,81.0,5.0,5.0,5.0,5.0,1.0,5.0,4.0,1.0,0.0,1.0,1.0,2.0,0.0,0.0,1.0,1.0,0.0,0.0,,1,0.0,0.0,4.0,1.0,4.0,1.0,2.0,0.0,1.0,0.0,1.0,0.0,1.0,0.0,1.0,0.0,4.0,1.0,1.0,0.0,2.25,0.375,5.0,1.0,3.0,0.0,1.0,0.0,5.0,1.0,3.0,0.0,4.0,1.0,2.0,0.0,0.0,,,,,,,,,,,,,,,,,,,,,,,,,,,,,,,,,,,,,,,,,,,1.0,,5
,,,,60.0,2.0,1.0,1.0,0.0,1.0,1.0,0.0,2.0,1.0,0.0,0.0,1.0,1.0,1.0,1.0,3.0,5.0,1.0,3.0,87.0,3.0,5.0,3.0,3.6666667,5.0,5.0,3.0,0.0,0.0,1.0,0.0,1.0,1.0,0.0,1.0,1.0,0.0,0.0,,1,0.0,0.0,5.0,1.0,5.0,1.0,4.0,1.0,5.0,1.0,5.0,1.0,3.0,0.0,4.0,1.0,5.0,1.0,5.0,1.0,4.5,0.875,5.0,1.0,3.0,0.0,5.0,1.0,2.0,0.0,5.0,1.0,4.0,1.0,5.0,1.0,0.0,5.0,1.0,5.0,1.0,5.0,1.0,5.0,1.0,4.0,1.0,4.0,1.0,5.0,1.0,5.0,1.0,5.0,1.0,4.75,0.0,0.0,1.0,0.0,-1.0,1.0,1.0,0.0,0.0,0.25,0.0,0.0,0.0,0.0,0.0,1.0,0.0,0.0,0.0,0.125,5.0,1.0,,1.0,,5
,,,,44.0,8.0,5.0,4.0,0.0,0.0,1.0,0.0,7.0,0.0,1.0,0.0,1.0,3.0,1.0,1.6666666,4.0,5.0,1.0,3.3333333,0.0,2.0,3.0,2.0,2.3333333,3.0,3.0,2.0,1.0,0.0,1.0,1.0,2.0,0.0,0.0,1.0,1.0,0.0,0.0,,1,0.0,0.0,4.0,1.0,4.0,1.0,3.0,0.0,2.0,0.0,3.0,0.0,2.0,0.0,3.0,0.0,2.0,0.0,2.0,0.0,2.875,0.25,1.0,0.0,3.0,0.0,1.0,0.0,4.0,1.0,2.0,0.0,4.0,1.0,4.0,1.0,0.0,,,,,,,,,,,,,,,,,,,,,,,,,,,,,,,,,,,,,,,,,,,0.0,,2
,,,,78.0,14.0,5.0,2.0,1.0,1.0,1.0,0.0,2.0,1.0,0.0,0.0,3.0,4.0,2.0,3.0,1.0,4.0,1.0,2.0,0.0,1.0,1.0,1.0,1.0,5.0,1.0,4.0,0.0,1.0,0.0,0.0,0.0,0.0,0.0,1.0,1.0,0.0,0.0,,1,,,,,,,,,,,,,,,,,,,,,,,,,,,,,,,,,,,,,,,,,,,,,,,,,,,,,,,,,,,,,,,,,,,,,,,,,,,,,,,,0.0,,2
,,,,81.0,14.0,6.0,4.0,1.0,1.0,1.0,0.0,1.0,1.0,0.0,0.0,2.0,1.0,1.0,1.3333334,3.0,5.0,4.0,4.0,3.0,4.0,4.0,3.0,3.6666667,4.0,5.0,5.0,0.0,1.0,1.0,1.0,2.0,0.0,0.0,1.0,1.0,0.0,0.0,,1,1.0,1.0,4.0,1.0,4.0,1.0,4.0,1.0,2.0,0.0,3.0,0.0,4.0,1.0,3.0,0.0,4.0,1.0,4.0,1.0,3.5,0.625,3.0,0.0,3.0,0.0,3.0,0.0,4.0,1.0,3.0,0.0,5.0,1.0,4.0,1.0,0.0,,,,,,,,,,,,,,,,,,,,,,,,,,,,,,,,,,,,,,,,,,,1.0,,3
,,,,30.0,4.0,5.0,2.0,0.0,1.0,1.0,0.0,1.0,1.0,0.0,0.0,2.0,1.0,2.0,1.6666666,4.0,5.0,1.0,3.3333333,-64.0,2.0,4.0,2.0,2.6666667,2.0,4.0,4.0,0.0,1.0,1.0,1.0,2.0,1.0,0.0,1.0,1.0,0.0,0.0,,1,,,,,,,,,,,,,,,,,,,,,,,4.0,1.0,5.0,1.0,5.0,1.0,4.0,1.0,2.0,0.0,5.0,1.0,4.0,1.0,,,,,,,,,,,,,,,,,,,,,,,,,,,,,,,,,,,,,,,,,,,,0.0,,1
,,,,70.0,4.0,2.0,3.0,1.0,1.0,1.0,0.0,1.0,1.0,0.0,0.0,1.0,1.0,1.0,1.0,4.0,3.0,1.0,2.6666667,-1.0,2.0,2.0,2.0,2.0,5.0,4.0,4.0,0.0,1.0,1.0,1.0,2.0,1.0,0.0,0.0,0.0,1.0,,0.0,0,,1.0,3.0,0.0,3.0,0.0,4.0,1.0,3.0,0.0,3.0,0.0,3.0,0.0,3.0,0.0,3.0,0.0,4.0,1.0,3.125,0.125,3.0,0.0,3.0,0.0,4.0,1.0,4.0,1.0,4.0,1.0,4.0,1.0,5.0,1.0,0.0,,,,,,,,,,,,,,,,,,,,,,,,,,,,,,,,,,,,,,,,,,,0.0,,2
,,,,57.0,1.0,6.0,1.0,0.0,1.0,0.0,0.0,2.0,1.0,0.0,0.0,3.0,4.0,2.0,3.0,3.0,4.0,4.0,3.6666667,12.0,1.0,3.0,2.0,2.0,2.0,2.0,1.0,0.0,0.0,0.0,0.0,0.0,1.0,0.0,1.0,1.0,0.0,0.0,,1,1.0,1.0,3.0,0.0,3.0,0.0,2.0,0.0,1.0,0.0,1.0,0.0,1.0,0.0,1.0,0.0,2.0,0.0,3.0,0.0,1.75,0.0,2.0,0.0,2.0,0.0,2.0,0.0,3.0,0.0,2.0,0.0,3.0,0.0,4.0,1.0,0.0,3.0,0.0,3.0,0.0,2.0,0.0,1.0,0.0,1.0,0.0,1.0,0.0,2.0,0.0,2.0,0.0,3.0,0.0,1.875,0.0,0.0,0.0,0.0,0.0,0.0,1.0,0.0,0.0,0.125,0.0,0.0,0.0,0.0,0.0,0.0,0.0,0.0,0.0,0.0,,,,1.0,,4
1.0,3.0,4.0,2.0,74.0,7.0,2.0,4.0,1.0,1.0,1.0,0.0,7.0,0.0,1.0,0.0,3.0,1.0,1.0,1.6666666,1.0,3.0,1.0,1.6666666,1.0,2.0,3.0,1.0,2.0,3.0,2.0,3.0,1.0,0.0,0.0,1.0,1.0,0.0,0.0,1.0,1.0,0.0,0.0,,1,1.0,1.0,5.0,1.0,5.0,1.0,2.0,0.0,1.0,0.0,2.0,0.0,3.0,0.0,2.0,0.0,3.0,0.0,4.0,1.0,2.875,0.25,2.0,0.0,2.0,0.0,3.0,0.0,5.0,1.0,2.0,0.0,5.0,1.0,5.0,1.0,0.0,5.0,1.0,5.0,1.0,5.0,1.0,1.0,0.0,2.0,0.0,3.0,0.0,2.0,0.0,3.0,0.0,3.0,0.0,3.25,0.0,0.0,3.0,0.0,0.0,0.0,0.0,0.0,-1.0,0.375,0.0,0.0,1.0,0.0,0.0,0.0,0.0,0.0,-1.0,0.125,,,1.0,0.0,1.0,3
,,,,70.0,4.0,6.0,4.0,1.0,1.0,1.0,0.0,3.0,0.0,0.0,1.0,2.0,2.0,2.0,2.0,2.0,2.0,2.0,2.0,-20.0,1.0,4.0,3.0,2.6666667,5.0,3.0,1.0,0.0,1.0,0.0,1.0,1.0,0.0,0.0,1.0,1.0,0.0,0.0,,1,,,,,,,,,,,,,,,,,,,,,,,,,,,5.0,1.0,5.0,1.0,5.0,1.0,5.0,1.0,5.0,1.0,,,,,,,,,,,,,,,,,,,,,,,,,,,,,,,,,,,,,,,,,,,,0.0,,1
,,,,59.0,4.0,4.0,3.0,0.0,1.0,1.0,0.0,7.0,0.0,1.0,0.0,1.0,2.0,2.0,1.6666666,4.0,5.0,4.0,4.3333335,10.0,2.0,4.0,2.0,2.6666667,3.0,2.0,4.0,1.0,0.0,0.0,0.0,0.0,0.0,0.0,0.0,0.0,1.0,,0.0,0,,1.0,5.0,1.0,5.0,1.0,5.0,1.0,5.0,1.0,5.0,1.0,4.0,1.0,4.0,1.0,5.0,1.0,5.0,1.0,4.75,1.0,5.0,1.0,4.0,1.0,5.0,1.0,5.0,1.0,5.0,1.0,5.0,1.0,5.0,1.0,1.0,,,,,,,,,,,,,,,,,,,,,,,,,,,,,,,,,,,,,,,,,,,1.0,,4
,,,,56.0,3.0,6.0,2.0,0.0,0.0,1.0,0.0,8.0,0.0,1.0,0.0,3.0,3.0,1.0,2.3333333,3.0,5.0,3.0,3.6666667,54.0,2.0,4.0,3.0,3.0,3.0,4.0,4.0,1.0,0.0,1.0,1.0,2.0,1.0,0.0,0.0,0.0,1.0,,0.0,0,,1.0,4.0,1.0,4.0,1.0,4.0,1.0,3.0,0.0,2.0,0.0,4.0,1.0,3.0,0.0,4.0,1.0,4.0,1.0,3.5,0.625,4.0,1.0,2.0,0.0,3.0,0.0,4.0,1.0,3.0,0.0,4.0,1.0,2.0,0.0,0.0,4.0,1.0,4.0,1.0,4.0,1.0,4.0,1.0,3.0,0.0,4.0,1.0,4.0,1.0,4.0,1.0,3.0,0.0,3.875,0.0,0.0,0.0,1.0,1.0,0.0,1.0,0.0,-1.0,0.375,0.0,0.0,0.0,1.0,0.0,0.0,1.0,0.0,-1.0,0.25,,,,1.0,,5
,,,,76.0,3.0,3.0,2.0,1.0,0.0,1.0,0.0,1.0,1.0,0.0,0.0,2.0,2.0,2.0,2.0,4.0,4.0,2.0,3.3333333,1.0,4.0,4.0,4.0,4.0,4.0,4.0,4.0,0.0,1.0,0.0,0.0,0.0,0.0,0.0,1.0,1.0,0.0,0.0,,1,,,,,,,,,,,,,,,,,,,,,,,,,,,,,,,,,,,,,,,,,,,,,,,,,,,,,,,,,,,,,,,,,,,,,,,,,,,,,,,,0.0,,3
4.0,2.0,3.0,1.0,81.0,6.0,6.0,3.0,1.0,1.0,0.0,1.0,1.0,1.0,0.0,0.0,3.0,1.0,3.0,2.3333333,3.0,5.0,3.0,3.6666667,-1.0,1.0,3.0,2.0,2.0,3.0,3.0,5.0,0.0,1.0,1.0,1.0,2.0,0.0,0.0,0.0,0.0,1.0,,0.0,0,,1.0,5.0,1.0,3.0,0.0,1.0,0.0,1.0,0.0,1.0,0.0,3.0,0.0,3.0,0.0,2.0,0.0,1.0,0.0,2.375,0.125,3.0,0.0,3.0,0.0,3.0,0.0,4.0,1.0,3.0,0.0,3.0,0.0,3.0,0.0,0.0,5.0,1.0,5.0,1.0,2.0,0.0,1.0,0.0,1.0,0.0,4.0,1.0,2.0,0.0,3.0,0.0,3.0,0.0,2.875,0.0,2.0,1.0,0.0,0.0,1.0,-1.0,1.0,2.0,0.5,0.0,1.0,0.0,0.0,0.0,1.0,0.0,0.0,0.0,0.25,,,0.0,0.0,0.0,2
,,,,77.0,16.0,6.0,4.0,1.0,0.0,1.0,0.0,8.0,0.0,1.0,0.0,4.0,4.0,3.0,3.6666667,3.0,3.0,2.0,2.6666667,50.0,4.0,4.0,4.0,4.0,3.0,4.0,5.0,1.0,0.0,1.0,1.0,2.0,1.0,0.0,0.0,0.0,1.0,,0.0,0,,1.0,,,,,,,,,,,,,,,,,,,,,,,1.0,0.0,3.0,0.0,1.0,0.0,1.0,0.0,4.0,1.0,4.0,1.0,,,,,,,,,,,,,,,,,,,,,,,,,,,,,,,,,,,,,,,,,,,,1.0,,4
,,,,83.0,22.0,7.0,4.0,1.0,1.0,1.0,0.0,7.0,0.0,1.0,0.0,2.0,2.0,2.0,2.0,3.0,4.0,2.0,3.0,20.0,3.0,4.0,3.0,3.3333333,2.0,1.0,4.0,0.0,1.0,1.0,0.0,1.0,0.0,0.0,1.0,1.0,0.0,0.0,,1,,,,,,,,,,,,,,,,,,,,,,,,,,,,,,,,,,,,,,,,,,,,,,,,,,,,,,,,,,,,,,,,,,,,,,,,,,,,,,,,1.0,,4
,,,,71.0,8.0,3.0,2.0,1.0,1.0,1.0,0.0,8.0,0.0,1.0,0.0,1.0,3.0,1.0,1.6666666,3.0,4.0,2.0,3.0,0.0,3.0,3.0,3.0,3.0,3.0,3.0,3.0,1.0,0.0,1.0,0.0,1.0,1.0,0.0,0.0,0.0,1.0,,0.0,0,,1.0,,,,,,,,,,,,,,,,,,,,,,,,,,,,,,,,,,,,,,,,,,,,,,,,,,,,,,,,,,,,,,,,,,,,,,,,,,,,,,0.0,,2
,,,,61.0,3.0,4.0,3.0,0.0,1.0,1.0,0.0,8.0,0.0,1.0,0.0,3.0,3.0,3.0,3.0,3.0,5.0,4.0,4.0,50.0,3.0,3.0,5.0,3.6666667,5.0,3.0,4.0,1.0,0.0,0.0,0.0,0.0,1.0,0.0,0.0,0.0,1.0,,0.0,0,,1.0,,,,,,,,,,,,,,,,,,,,,,,,,4.0,1.0,3.0,0.0,3.0,0.0,5.0,1.0,5.0,1.0,,,,,,,,,,,,,,,,,,,,,,,,,,,,,,,,,,,,,,,,,,,,1.0,,4
,,,,62.0,9.0,3.0,1.0,0.0,1.0,1.0,0.0,2.0,1.0,0.0,0.0,4.0,1.0,1.0,2.0,2.0,3.0,1.0,2.0,1.0,2.0,1.0,2.0,1.6666666,4.0,2.0,3.0,0.0,1.0,0.0,0.0,0.0,0.0,0.0,1.0,1.0,0.0,0.0,,1,,,,,,,,,,,,,,,,,,,,,,,,,,,,,,,,,,,,,,,,,,,,,,,,,,,,,,,,,,,,,,,,,,,,,,,,,,,,,,,,0.0,,3
,,,,64.0,20.0,2.0,2.0,0.0,1.0,1.0,0.0,8.0,0.0,1.0,0.0,2.0,3.0,2.0,2.3333333,4.0,4.0,4.0,4.0,-8.0,3.0,3.0,3.0,3.0,2.0,3.0,2.0,1.0,0.0,0.0,0.0,0.0,0.0,0.0,0.0,0.0,1.0,,0.0,0,,1.0,,,,,,,,,,,,,,,,,,,,,,,,,,,,,,,,,,,,,,,,,,,,,,,,,,,,,,,,,,,,,,,,,,,,,,,,,,,,,,0.0,,1
3.0,2.0,4.0,1.0,64.0,2.0,4.0,4.0,0.0,1.0,1.0,0.0,1.0,1.0,0.0,0.0,1.0,1.0,1.0,1.0,2.0,3.0,2.0,2.3333333,-95.0,2.0,1.0,2.0,1.6666666,3.0,4.0,4.0,0.0,1.0,1.0,1.0,2.0,1.0,0.0,0.0,0.0,1.0,,0.0,0,,1.0,5.0,1.0,5.0,1.0,4.0,1.0,1.0,0.0,1.0,0.0,3.0,0.0,4.0,1.0,5.0,1.0,3.0,0.0,3.5,0.625,2.0,0.0,3.0,0.0,4.0,1.0,3.0,0.0,4.0,1.0,5.0,1.0,5.0,1.0,0.0,5.0,1.0,5.0,1.0,5.0,1.0,1.0,0.0,3.0,0.0,5.0,1.0,5.0,1.0,5.0,1.0,4.0,1.0,4.25,0.0,0.0,1.0,0.0,2.0,2.0,1.0,0.0,1.0,0.75,0.0,0.0,0.0,0.0,0.0,1.0,0.0,0.0,1.0,0.125,,,0.0,0.0,0.0,1
,,,,44.0,2.0,1.0,1.0,0.0,1.0,1.0,0.0,2.0,1.0,0.0,0.0,3.0,3.0,3.0,3.0,3.0,3.0,3.0,3.0,3.0,4.0,3.0,3.0,3.3333333,5.0,3.0,3.0,1.0,0.0,0.0,1.0,1.0,1.0,0.0,1.0,1.0,0.0,0.0,,1,,,3.0,0.0,3.0,0.0,3.0,0.0,3.0,0.0,4.0,1.0,3.0,0.0,3.0,0.0,3.0,0.0,3.0,0.0,3.125,0.125,2.0,0.0,3.0,0.0,3.0,0.0,3.0,0.0,3.0,0.0,3.0,0.0,3.0,0.0,1.0,,,,,,,,,,,,,,,,,,,,,,,,,,,,,,,,,,,,,,,,,,,1.0,,3
2.0,1.0,4.0,3.0,59.0,8.0,5.0,1.0,0.0,1.0,1.0,0.0,6.0,0.0,0.0,1.0,2.0,2.0,2.0,2.0,2.0,4.0,2.0,2.6666667,82.0,2.0,4.0,2.0,2.6666667,2.0,2.0,3.0,1.0,0.0,1.0,1.0,2.0,0.0,0.0,1.0,1.0,0.0,0.0,,1,1.0,1.0,4.0,1.0,4.0,1.0,2.0,0.0,2.0,0.0,1.0,0.0,2.0,0.0,1.0,0.0,3.0,0.0,3.0,0.0,2.375,0.25,2.0,0.0,2.0,0.0,3.0,0.0,4.0,1.0,2.0,0.0,4.0,1.0,3.0,0.0,0.0,4.0,1.0,4.0,1.0,4.0,1.0,2.0,0.0,2.0,0.0,1.0,0.0,1.0,0.0,3.0,0.0,2.0,0.0,2.625,0.0,0.0,2.0,0.0,1.0,-1.0,0.0,0.0,-1.0,0.25,0.0,0.0,1.0,0.0,0.0,0.0,0.0,0.0,0.0,0.125,,,0.0,1.0,0.0,5
4.0,1.0,3.0,2.0,48.0,21.0,6.0,3.0,0.0,1.0,1.0,0.0,2.0,1.0,0.0,0.0,3.0,1.0,1.0,1.6666666,2.0,3.0,1.0,2.0,0.0,3.0,3.0,4.0,3.3333333,3.0,4.0,4.0,0.0,1.0,1.0,1.0,2.0,1.0,0.0,0.0,0.0,1.0,,0.0,0,,1.0,3.0,0.0,4.0,1.0,3.0,0.0,1.0,0.0,4.0,1.0,5.0,1.0,3.0,0.0,3.0,0.0,4.0,1.0,3.25,0.375,3.0,0.0,3.0,0.0,4.0,1.0,3.0,0.0,3.0,0.0,5.0,1.0,4.0,1.0,0.0,4.0,1.0,4.0,1.0,3.0,0.0,1.0,0.0,3.0,0.0,5.0,1.0,4.0,1.0,4.0,1.0,3.0,0.0,3.5,1.0,0.0,0.0,0.0,-1.0,0.0,1.0,1.0,-1.0,0.25,1.0,0.0,0.0,0.0,-1.0,0.0,1.0,1.0,-1.0,0.25,,,0.0,0.0,0.0,2
,,,,54.0,8.0,6.0,3.0,0.0,1.0,0.0,1.0,4.0,0.0,0.0,1.0,1.0,4.0,1.0,2.0,5.0,5.0,1.0,3.6666667,0.0,2.0,2.0,2.0,2.0,1.0,3.0,4.0,0.0,0.0,1.0,1.0,2.0,0.0,0.0,0.0,0.0,1.0,,0.0,0,,1.0,,,,,,,,,,,,,,,,,,,,,,,,,,,,,,,,,,,,,,,,,,,,,,,,,,,,,,,,,,,,,,,,,,,,,,,,,,,,,,0.0,,2
3.0,4.0,1.0,2.0,45.0,3.0,4.0,1.0,0.0,1.0,1.0,0.0,7.0,0.0,1.0,0.0,2.0,3.0,1.0,2.0,3.0,4.0,3.0,3.3333333,1.0,2.0,4.0,4.0,3.3333333,2.0,2.0,3.0,1.0,0.0,1.0,1.0,2.0,1.0,0.0,0.0,0.0,1.0,,0.0,0,,1.0,3.0,0.0,4.0,1.0,1.0,0.0,1.0,0.0,1.0,0.0,1.0,0.0,1.0,0.0,1.0,0.0,3.0,0.0,1.625,0.125,4.0,1.0,3.0,0.0,4.0,1.0,4.0,1.0,3.0,0.0,4.0,1.0,3.0,0.0,0.0,3.0,0.0,4.0,1.0,2.0,0.0,1.0,0.0,2.0,0.0,1.0,0.0,1.0,0.0,1.0,0.0,2.0,0.0,1.875,0.0,0.0,1.0,0.0,1.0,0.0,0.0,0.0,-1.0,0.25,0.0,0.0,0.0,0.0,0.0,0.0,0.0,0.0,0.0,0.0,,,0.0,0.0,1.0,3
4.0,2.0,3.0,1.0,45.0,1.0,4.0,4.0,0.0,1.0,0.0,0.0,3.0,0.0,0.0,1.0,4.0,4.0,2.0,3.3333333,2.0,5.0,5.0,4.0,0.0,5.0,5.0,2.0,4.0,5.0,5.0,4.0,0.0,0.0,0.0,1.0,1.0,0.0,0.0,1.0,1.0,0.0,0.0,,1,0.0,0.0,5.0,1.0,5.0,1.0,5.0,1.0,5.0,1.0,5.0,1.0,5.0,1.0,5.0,1.0,5.0,1.0,5.0,1.0,5.0,1.0,5.0,1.0,3.0,0.0,5.0,1.0,5.0,1.0,5.0,1.0,5.0,1.0,5.0,1.0,1.0,5.0,1.0,5.0,1.0,5.0,1.0,5.0,1.0,5.0,1.0,5.0,1.0,5.0,1.0,5.0,1.0,5.0,1.0,5.0,0.0,0.0,0.0,0.0,0.0,0.0,0.0,0.0,0.0,0.0,0.0,0.0,0.0,0.0,0.0,0.0,0.0,0.0,0.0,0.0,4.0,1.0,0.0,0.0,0.0,2
3.0,2.0,1.0,4.0,43.0,8.0,2.0,2.0,0.0,0.0,1.0,0.0,5.0,0.0,0.0,1.0,4.0,4.0,2.0,3.3333333,2.0,5.0,2.0,3.0,40.0,5.0,2.0,5.0,4.0,1.0,3.0,4.0,1.0,0.0,0.0,1.0,1.0,1.0,0.0,0.0,0.0,1.0,,0.0,0,,1.0,2.0,0.0,4.0,1.0,4.0,1.0,1.0,0.0,1.0,0.0,5.0,1.0,2.0,0.0,3.0,0.0,1.0,0.0,2.75,0.375,3.0,0.0,4.0,1.0,2.0,0.0,4.0,1.0,2.0,0.0,1.0,0.0,4.0,1.0,0.0,4.0,1.0,2.0,0.0,3.0,0.0,1.0,0.0,2.0,0.0,5.0,1.0,4.0,1.0,4.0,1.0,2.0,0.0,3.125,2.0,-2.0,-1.0,0.0,1.0,0.0,2.0,1.0,1.0,0.375,1.0,-1.0,-1.0,0.0,0.0,0.0,1.0,1.0,0.0,0.125,,,0.0,1.0,0.0,4
,,,,42.0,23.0,5.0,2.0,0.0,1.0,1.0,0.0,4.0,0.0,0.0,1.0,1.0,1.0,1.0,1.0,1.0,3.0,1.0,1.6666666,0.0,3.0,2.0,2.0,2.3333333,4.0,3.0,2.0,0.0,1.0,1.0,1.0,2.0,1.0,0.0,1.0,1.0,0.0,0.0,,1,1.0,1.0,3.0,0.0,3.0,0.0,3.0,0.0,3.0,0.0,3.0,0.0,3.0,0.0,3.0,0.0,3.0,0.0,3.0,0.0,3.0,0.0,2.0,0.0,3.0,0.0,3.0,0.0,3.0,0.0,3.0,0.0,3.0,0.0,3.0,0.0,0.0,,,,,,,,,,,,,,,,,,,,,,,,,,,,,,,,,,,,,,,,,,,0.0,,2
,,,,59.0,18.0,-3105.0,4.0,0.0,0.0,1.0,0.0,7.0,0.0,1.0,0.0,2.0,3.0,1.0,2.0,3.0,5.0,4.0,4.0,8.0,3.0,4.0,3.0,3.3333333,4.0,3.0,5.0,1.0,0.0,1.0,0.0,1.0,0.0,0.0,1.0,1.0,0.0,0.0,,1,,,,,,,,,,,,,,,,,,,,,,,,,,,4.0,1.0,5.0,1.0,2.0,0.0,4.0,1.0,5.0,1.0,,,,,,,,,,,,,,,,,,,,,,,,,,,,,,,,,,,,,,,,,,,,1.0,,3
,,,,58.0,21.0,5.0,1.0,0.0,1.0,1.0,0.0,1.0,1.0,0.0,0.0,1.0,1.0,1.0,1.0,3.0,3.0,2.0,2.6666667,6.0,3.0,3.0,3.0,3.0,5.0,4.0,4.0,0.0,1.0,1.0,1.0,2.0,1.0,0.0,1.0,1.0,0.0,0.0,,1,,,4.0,1.0,4.0,1.0,3.0,0.0,4.0,1.0,3.0,0.0,4.0,1.0,3.0,0.0,4.0,1.0,4.0,1.0,3.625,0.625,3.0,0.0,4.0,1.0,5.0,1.0,3.0,0.0,4.0,1.0,5.0,1.0,4.0,1.0,1.0,,,,,,,,,,,,,,,,,,,,,,,,,,,,,,,,,,,,,,,,,,,1.0,,3
,,,,78.0,2.0,2.0,3.0,1.0,1.0,1.0,0.0,8.0,0.0,1.0,0.0,3.0,3.0,2.0,2.6666667,4.0,4.0,4.0,4.0,-1.0,3.0,4.0,3.0,3.3333333,1.0,3.0,4.0,1.0,0.0,0.0,1.0,1.0,0.0,0.0,1.0,1.0,0.0,0.0,,1,,,,,,,,,,,,,,,,,,,,,,,,,,,,,,,,,,,,,,,,,,,,,,,,,,,,,,,,,,,,,,,,,,,,,,,,,,,,,,,,0.0,,2
2.0,4.0,3.0,1.0,68.0,5.0,3.0,4.0,1.0,1.0,0.0,1.0,1.0,1.0,0.0,0.0,3.0,4.0,2.0,3.0,3.0,3.0,4.0,3.3333333,0.0,3.0,4.0,2.0,3.0,3.0,3.0,4.0,0.0,1.0,0.0,0.0,0.0,1.0,0.0,1.0,1.0,0.0,0.0,,1,1.0,1.0,4.0,1.0,4.0,1.0,3.0,0.0,3.0,0.0,4.0,1.0,4.0,1.0,4.0,1.0,4.0,1.0,3.0,0.0,3.75,0.75,4.0,1.0,1.0,0.0,4.0,1.0,4.0,1.0,3.0,0.0,4.0,1.0,3.0,0.0,1.0,4.0,1.0,4.0,1.0,5.0,1.0,4.0,1.0,4.0,1.0,4.0,1.0,5.0,1.0,4.0,1.0,4.0,1.0,4.25,0.0,0.0,2.0,1.0,0.0,0.0,1.0,0.0,1.0,0.5,0.0,0.0,1.0,1.0,0.0,0.0,0.0,0.0,1.0,0.25,,,0.0,0.0,1.0,2
4.0,2.0,3.0,1.0,91.0,2.0,3.0,4.0,1.0,1.0,1.0,0.0,8.0,0.0,1.0,0.0,1.0,1.0,1.0,1.0,2.0,5.0,4.0,3.6666667,77.0,4.0,4.0,5.0,4.3333335,1.0,3.0,4.0,1.0,0.0,1.0,0.0,1.0,0.0,0.0,1.0,1.0,0.0,0.0,,1,0.0,0.0,5.0,1.0,5.0,1.0,3.0,0.0,1.0,0.0,1.0,0.0,4.0,1.0,2.0,0.0,5.0,1.0,3.0,0.0,3.25,0.5,3.0,0.0,3.0,0.0,4.0,1.0,4.0,1.0,3.0,0.0,4.0,1.0,4.0,1.0,0.0,5.0,1.0,5.0,1.0,4.0,1.0,1.0,0.0,3.0,0.0,4.0,1.0,1.0,0.0,4.0,1.0,3.0,0.0,3.375,0.0,0.0,1.0,0.0,2.0,0.0,-1.0,-1.0,0.0,0.125,0.0,0.0,1.0,0.0,0.0,0.0,0.0,0.0,0.0,0.125,3.0,0.0,0.0,1.0,0.0,5
3.0,2.0,4.0,1.0,77.0,4.0,2.0,1.0,1.0,0.0,1.0,0.0,7.0,0.0,1.0,0.0,4.0,4.0,4.0,4.0,4.0,5.0,3.0,4.0,30.0,4.0,4.0,3.0,3.6666667,4.0,5.0,5.0,1.0,0.0,1.0,0.0,1.0,0.0,0.0,0.0,0.0,1.0,,0.0,0,,1.0,4.0,1.0,5.0,1.0,3.0,0.0,2.0,0.0,3.0,0.0,4.0,1.0,3.0,0.0,5.0,1.0,4.0,1.0,3.625,0.5,3.0,0.0,3.0,0.0,4.0,1.0,3.0,0.0,4.0,1.0,5.0,1.0,5.0,1.0,0.0,5.0,1.0,5.0,1.0,4.0,1.0,2.0,0.0,3.0,0.0,4.0,1.0,3.0,0.0,5.0,1.0,5.0,1.0,3.875,1.0,0.0,1.0,0.0,0.0,0.0,0.0,0.0,1.0,0.25,0.0,0.0,1.0,0.0,0.0,0.0,0.0,0.0,0.0,0.125,,,0.0,1.0,0.0,4
4.0,2.0,3.0,1.0,60.0,6.0,6.0,3.0,0.0,1.0,1.0,0.0,2.0,1.0,0.0,0.0,3.0,3.0,3.0,3.0,3.0,3.0,3.0,3.0,33.0,3.0,3.0,2.0,2.6666667,3.0,4.0,3.0,0.0,1.0,0.0,1.0,1.0,0.0,0.0,0.0,0.0,1.0,,0.0,0,,1.0,3.0,0.0,3.0,0.0,3.0,0.0,3.0,0.0,3.0,0.0,4.0,1.0,3.0,0.0,3.0,0.0,2.0,0.0,3.125,0.125,2.0,0.0,2.0,0.0,3.0,0.0,3.0,0.0,4.0,1.0,3.0,0.0,3.0,0.0,0.0,3.0,0.0,3.0,0.0,3.0,0.0,3.0,0.0,3.0,0.0,3.0,0.0,3.0,0.0,3.0,0.0,3.0,0.0,3.0,0.0,0.0,0.0,0.0,0.0,-1.0,0.0,0.0,1.0,-0.125,0.0,0.0,0.0,0.0,0.0,-1.0,0.0,0.0,0.0,-0.125,,,0.0,1.0,0.0,4
3.0,2.0,4.0,1.0,75.0,6.0,2.0,3.0,1.0,1.0,1.0,0.0,8.0,0.0,1.0,0.0,1.0,3.0,1.0,1.6666666,4.0,4.0,2.0,3.3333333,82.0,2.0,3.0,4.0,3.0,2.0,2.0,4.0,1.0,0.0,0.0,0.0,0.0,1.0,0.0,0.0,0.0,1.0,,0.0,0,,1.0,3.0,0.0,3.0,0.0,3.0,0.0,3.0,0.0,3.0,0.0,3.0,0.0,3.0,0.0,3.0,0.0,3.0,0.0,3.0,0.0,2.0,0.0,3.0,0.0,2.0,0.0,2.0,0.0,3.0,0.0,2.0,0.0,4.0,1.0,0.0,4.0,1.0,3.0,0.0,3.0,0.0,3.0,0.0,3.0,0.0,3.0,0.0,3.0,0.0,3.0,0.0,3.0,0.0,3.125,1.0,0.0,0.0,0.0,0.0,0.0,0.0,0.0,0.0,0.125,1.0,0.0,0.0,0.0,0.0,0.0,0.0,0.0,0.0,0.125,,,0.0,1.0,0.0,5
,,,,42.0,18.0,6.0,2.0,0.0,0.0,1.0,0.0,1.0,1.0,0.0,0.0,5.0,4.0,4.0,4.3333335,4.0,5.0,4.0,4.3333335,8.0,5.0,4.0,1.0,3.3333333,4.0,2.0,2.0,0.0,1.0,,0.0,,0.0,0.0,0.0,0.0,1.0,,0.0,0,,1.0,,,,,,,,,,,,,,,,,,,,,,,,,,,,,,,,,,,,,,,,,,,,,,,,,,,,,,,,,,,,,,,,,,,,,,,,,,,,,,1.0,,3
,,,,85.0,2.0,3.0,4.0,1.0,1.0,1.0,0.0,8.0,0.0,1.0,0.0,2.0,3.0,1.0,2.0,3.0,3.0,1.0,2.3333333,100.0,4.0,4.0,4.0,4.0,1.0,4.0,4.0,1.0,0.0,1.0,0.0,1.0,0.0,0.0,0.0,0.0,1.0,,0.0,0,,1.0,3.0,0.0,5.0,1.0,5.0,1.0,4.0,1.0,3.0,0.0,2.0,0.0,3.0,0.0,3.0,0.0,3.0,0.0,3.5,0.375,1.0,0.0,2.0,0.0,1.0,0.0,4.0,1.0,1.0,0.0,4.0,1.0,4.0,1.0,0.0,5.0,1.0,5.0,1.0,4.0,1.0,5.0,1.0,1.0,0.0,2.0,0.0,2.0,0.0,3.0,0.0,2.0,0.0,3.375,2.0,0.0,-1.0,1.0,-2.0,0.0,-1.0,0.0,-1.0,-0.125,1.0,0.0,0.0,0.0,0.0,0.0,0.0,0.0,0.0,0.125,,,,1.0,,5
3.0,1.0,2.0,4.0,68.0,1.0,2.0,2.0,1.0,1.0,1.0,0.0,7.0,0.0,1.0,0.0,4.0,3.0,2.0,3.0,3.0,3.0,4.0,3.3333333,47.0,4.0,4.0,3.0,3.6666667,1.0,3.0,5.0,1.0,0.0,0.0,0.0,0.0,1.0,0.0,0.0,0.0,1.0,,0.0,0,,1.0,5.0,1.0,4.0,1.0,2.0,0.0,1.0,0.0,1.0,0.0,4.0,1.0,1.0,0.0,3.0,0.0,1.0,0.0,2.625,0.375,5.0,1.0,3.0,0.0,2.0,0.0,3.0,0.0,1.0,0.0,4.0,1.0,5.0,1.0,0.0,5.0,1.0,5.0,1.0,2.0,0.0,1.0,0.0,2.0,0.0,4.0,1.0,1.0,0.0,3.0,0.0,3.0,0.0,2.875,0.0,1.0,0.0,0.0,1.0,0.0,0.0,0.0,2.0,0.25,0.0,0.0,0.0,0.0,0.0,0.0,0.0,0.0,0.0,0.0,,,0.0,1.0,0.0,4
,,,,61.0,10.0,5.0,2.0,0.0,1.0,1.0,0.0,7.0,0.0,1.0,0.0,2.0,2.0,1.0,1.6666666,3.0,3.0,3.0,3.0,0.0,3.0,4.0,3.0,3.3333333,3.0,4.0,3.0,0.0,0.0,,0.0,,0.0,0.0,1.0,1.0,0.0,0.0,,1,,,,,,,,,,,,,,,,,,,,,,,,,,,,,,,,,,,,,,,,,,,,,,,,,,,,,,,,,,,,,,,,,,,,,,,,,,,,,,,,0.0,,2
4.0,2.0,3.0,1.0,78.0,23.0,7.0,4.0,1.0,0.0,1.0,0.0,6.0,0.0,0.0,1.0,2.0,3.0,2.0,2.3333333,2.0,3.0,4.0,3.0,78.0,4.0,4.0,3.0,3.6666667,4.0,3.0,5.0,1.0,0.0,1.0,1.0,2.0,0.0,0.0,0.0,0.0,1.0,,0.0,0,,1.0,4.0,1.0,4.0,1.0,4.0,1.0,2.0,0.0,2.0,0.0,3.0,0.0,2.0,0.0,3.0,0.0,2.0,0.0,3.0,0.375,1.0,0.0,2.0,0.0,4.0,1.0,5.0,1.0,2.0,0.0,4.0,1.0,5.0,1.0,0.0,5.0,1.0,5.0,1.0,4.0,1.0,2.0,0.0,2.0,0.0,2.0,0.0,2.0,0.0,4.0,1.0,2.0,0.0,3.25,1.0,1.0,0.0,0.0,0.0,-1.0,0.0,1.0,0.0,0.25,0.0,0.0,0.0,0.0,0.0,0.0,0.0,1.0,0.0,0.125,,,0.0,1.0,0.0,5
,,,,38.0,16.0,6.0,3.0,0.0,1.0,1.0,0.0,1.0,1.0,0.0,0.0,2.0,1.0,3.0,2.0,4.0,4.0,2.0,3.3333333,36.0,2.0,3.0,3.0,2.6666667,4.0,3.0,3.0,0.0,1.0,1.0,1.0,2.0,0.0,0.0,0.0,0.0,1.0,,0.0,0,,1.0,3.0,0.0,2.0,0.0,2.0,0.0,2.0,0.0,2.0,0.0,4.0,1.0,2.0,0.0,3.0,0.0,2.0,0.0,2.5,0.125,2.0,0.0,1.0,0.0,,,,,,,,,,,,,,,,,,,,,,,,,,,,,,,,,,,,,,,,,,,,,,,,,,,,,,1.0,,4
,,,,86.0,4.0,5.0,1.0,1.0,1.0,1.0,0.0,8.0,0.0,1.0,0.0,1.0,3.0,1.0,1.6666666,3.0,5.0,5.0,4.3333335,90.0,2.0,2.0,5.0,3.0,3.0,2.0,4.0,1.0,0.0,1.0,1.0,2.0,0.0,0.0,0.0,0.0,1.0,,0.0,0,,1.0,5.0,1.0,5.0,1.0,3.0,0.0,3.0,0.0,3.0,0.0,4.0,1.0,3.0,0.0,3.0,0.0,4.0,1.0,3.625,0.375,4.0,1.0,3.0,0.0,3.0,0.0,4.0,1.0,3.0,0.0,5.0,1.0,5.0,1.0,0.0,4.0,1.0,5.0,1.0,4.0,1.0,3.0,0.0,3.0,0.0,3.0,0.0,3.0,0.0,4.0,1.0,4.0,1.0,3.625,-1.0,0.0,1.0,0.0,0.0,-1.0,0.0,1.0,0.0,0.0,0.0,0.0,1.0,0.0,0.0,-1.0,0.0,1.0,0.0,0.125,,,,1.0,,5
4.0,1.0,3.0,2.0,66.0,7.0,3.0,2.0,1.0,1.0,0.0,0.0,3.0,0.0,0.0,1.0,2.0,3.0,3.0,2.6666667,2.0,4.0,4.0,3.3333333,0.0,1.0,2.0,3.0,2.0,4.0,4.0,4.0,0.0,1.0,0.0,1.0,1.0,0.0,0.0,0.0,0.0,1.0,,0.0,0,,1.0,5.0,1.0,5.0,1.0,2.0,0.0,1.0,0.0,3.0,0.0,2.0,0.0,4.0,1.0,5.0,1.0,3.0,0.0,3.375,0.5,3.0,0.0,3.0,0.0,4.0,1.0,4.0,1.0,4.0,1.0,5.0,1.0,5.0,1.0,0.0,5.0,1.0,5.0,1.0,3.0,0.0,1.0,0.0,3.0,0.0,3.0,0.0,4.0,1.0,5.0,1.0,4.0,1.0,3.625,0.0,0.0,1.0,0.0,0.0,1.0,0.0,0.0,1.0,0.25,0.0,0.0,0.0,0.0,0.0,0.0,0.0,0.0,1.0,0.0,,,0.0,0.0,0.0,2
4.0,3.0,2.0,1.0,66.0,6.0,6.0,4.0,1.0,0.0,1.0,0.0,8.0,0.0,1.0,0.0,5.0,4.0,5.0,4.6666665,2.0,3.0,4.0,3.0,98.0,5.0,5.0,5.0,5.0,3.0,4.0,5.0,1.0,0.0,1.0,0.0,1.0,1.0,0.0,0.0,0.0,1.0,,0.0,0,,1.0,2.0,0.0,1.0,0.0,1.0,0.0,4.0,1.0,1.0,0.0,1.0,0.0,1.0,0.0,2.0,0.0,1.0,0.0,1.625,0.125,4.0,1.0,2.0,0.0,1.0,0.0,2.0,0.0,1.0,0.0,1.0,0.0,2.0,0.0,1.0,4.0,1.0,3.0,0.0,2.0,0.0,1.0,0.0,2.0,0.0,1.0,0.0,1.0,0.0,3.0,0.0,4.0,1.0,2.125,2.0,2.0,1.0,-3.0,1.0,0.0,0.0,1.0,3.0,0.5,1.0,0.0,0.0,-1.0,0.0,0.0,0.0,0.0,1.0,0.0,,,0.0,1.0,0.0,5
4.0,1.0,3.0,2.0,76.0,8.0,4.0,3.0,1.0,0.0,1.0,0.0,4.0,0.0,0.0,1.0,3.0,3.0,3.0,3.0,1.0,4.0,1.0,2.0,0.0,3.0,1.0,2.0,2.0,3.0,3.0,5.0,0.0,1.0,1.0,1.0,2.0,1.0,0.0,0.0,0.0,1.0,,0.0,0,,1.0,4.0,1.0,4.0,1.0,4.0,1.0,3.0,0.0,3.0,0.0,3.0,0.0,3.0,0.0,3.0,0.0,4.0,1.0,3.375,0.375,1.0,0.0,3.0,0.0,4.0,1.0,4.0,1.0,4.0,1.0,4.0,1.0,5.0,1.0,0.0,5.0,1.0,5.0,1.0,5.0,1.0,3.0,0.0,3.0,0.0,3.0,0.0,3.0,0.0,4.0,1.0,4.0,1.0,3.875,1.0,1.0,1.0,0.0,0.0,0.0,0.0,1.0,0.0,0.5,0.0,0.0,0.0,0.0,0.0,0.0,0.0,1.0,0.0,0.125,,,0.0,0.0,0.0,2
1.0,4.0,2.0,3.0,60.0,3.0,4.0,3.0,0.0,1.0,0.0,1.0,1.0,1.0,0.0,0.0,3.0,3.0,1.0,2.3333333,2.0,3.0,3.0,2.6666667,4.0,1.0,3.0,1.0,1.6666666,1.0,3.0,5.0,0.0,1.0,1.0,0.0,1.0,1.0,0.0,1.0,1.0,0.0,0.0,,1,0.0,0.0,2.0,0.0,3.0,0.0,3.0,0.0,3.0,0.0,3.0,0.0,3.0,0.0,3.0,0.0,2.0,0.0,5.0,1.0,2.75,0.0,4.0,1.0,3.0,0.0,3.0,0.0,5.0,1.0,3.0,0.0,4.0,1.0,4.0,1.0,0.0,3.0,0.0,4.0,1.0,3.0,0.0,3.0,0.0,3.0,0.0,4.0,1.0,5.0,1.0,3.0,0.0,5.0,1.0,3.5,1.0,1.0,0.0,0.0,0.0,1.0,2.0,1.0,0.0,0.75,0.0,1.0,0.0,0.0,0.0,1.0,1.0,0.0,0.0,0.375,4.0,1.0,1.0,1.0,1.0,3
1.0,3.0,2.0,4.0,62.0,6.0,4.0,3.0,0.0,1.0,1.0,0.0,8.0,0.0,1.0,0.0,3.0,4.0,4.0,3.6666667,4.0,5.0,4.0,4.3333335,94.0,5.0,4.0,5.0,4.6666665,5.0,4.0,5.0,1.0,0.0,0.0,0.0,0.0,0.0,0.0,1.0,1.0,0.0,0.0,,1,0.0,0.0,5.0,1.0,5.0,1.0,5.0,1.0,4.0,1.0,4.0,1.0,4.0,1.0,2.0,0.0,3.0,0.0,4.0,1.0,4.0,0.75,2.0,0.0,5.0,1.0,3.0,0.0,3.0,0.0,4.0,1.0,5.0,1.0,5.0,1.0,0.0,5.0,1.0,5.0,1.0,4.0,1.0,4.0,1.0,4.0,1.0,3.0,0.0,3.0,0.0,4.0,1.0,3.0,0.0,4.0,0.0,0.0,-1.0,0.0,0.0,-1.0,1.0,1.0,-1.0,0.0,0.0,0.0,0.0,0.0,0.0,-1.0,0.0,1.0,-1.0,0.0,5.0,1.0,1.0,1.0,1.0,5
4.0,2.0,3.0,1.0,59.0,12.0,4.0,4.0,0.0,1.0,1.0,0.0,1.0,1.0,0.0,0.0,3.0,1.0,1.0,1.6666666,1.0,3.0,1.0,1.6666666,5.0,1.0,4.0,3.0,2.6666667,4.0,5.0,5.0,0.0,1.0,0.0,0.0,0.0,0.0,0.0,1.0,1.0,0.0,0.0,,1,0.0,0.0,1.0,0.0,4.0,1.0,1.0,0.0,1.0,0.0,1.0,0.0,1.0,0.0,1.0,0.0,1.0,0.0,1.0,0.0,1.375,0.125,2.0,0.0,1.0,0.0,1.0,0.0,4.0,1.0,1.0,0.0,4.0,1.0,1.0,0.0,0.0,1.0,0.0,1.0,0.0,1.0,0.0,1.0,0.0,1.0,0.0,1.0,0.0,1.0,0.0,1.0,0.0,1.0,0.0,1.0,0.0,-3.0,0.0,0.0,0.0,0.0,0.0,0.0,0.0,-0.375,0.0,-1.0,0.0,0.0,0.0,0.0,0.0,0.0,0.0,-0.125,3.0,0.0,0.0,1.0,0.0,3
,,,,65.0,9.0,2.0,3.0,0.0,0.0,1.0,0.0,3.0,0.0,0.0,1.0,2.0,2.0,1.0,1.6666666,2.0,2.0,2.0,2.0,50.0,4.0,4.0,4.0,4.0,5.0,1.0,3.0,0.0,1.0,1.0,1.0,2.0,0.0,0.0,1.0,1.0,0.0,0.0,,1,,,5.0,1.0,5.0,1.0,4.0,1.0,1.0,0.0,1.0,0.0,5.0,1.0,4.0,1.0,5.0,1.0,5.0,1.0,3.75,0.75,3.0,0.0,3.0,0.0,4.0,1.0,2.0,0.0,4.0,1.0,5.0,1.0,5.0,1.0,1.0,,,,,,,,,,,,,,,,,,,,,,,,,,,,,,,,,,,,,,,,,,,1.0,,4
,,,,66.0,2.0,6.0,1.0,1.0,1.0,1.0,0.0,2.0,1.0,0.0,0.0,1.0,1.0,3.0,1.6666666,4.0,4.0,3.0,3.6666667,9.0,4.0,4.0,4.0,4.0,5.0,3.0,2.0,0.0,1.0,0.0,0.0,0.0,0.0,0.0,1.0,1.0,0.0,0.0,,1,,,,,,,,,,,,,,,,,,,,,,,2.0,0.0,,,,,,,,,,,,,,,,,,,,,,,,,,,,,,,,,,,,,,,,,,,,,,,,,,,,,,,,1.0,,4
,,,,65.0,4.0,7.0,1.0,0.0,1.0,1.0,0.0,7.0,0.0,1.0,0.0,2.0,1.0,1.0,1.3333334,3.0,3.0,3.0,3.0,65.0,3.0,3.0,5.0,3.6666667,3.0,4.0,4.0,1.0,0.0,0.0,0.0,0.0,0.0,0.0,1.0,1.0,0.0,0.0,,1,0.0,0.0,2.0,0.0,4.0,1.0,1.0,0.0,1.0,0.0,3.0,0.0,3.0,0.0,1.0,0.0,3.0,0.0,1.0,0.0,2.25,0.125,2.0,0.0,3.0,0.0,3.0,0.0,4.0,1.0,2.0,0.0,3.0,0.0,4.0,1.0,0.0,,,,,,,,,,,,,,,,,,,,,,,,,,,,,,,,,,,,,,,,,,,1.0,,5
,,,,42.0,19.0,7.0,2.0,0.0,0.0,1.0,0.0,2.0,1.0,0.0,0.0,1.0,1.0,1.0,1.0,3.0,4.0,3.0,3.3333333,0.0,2.0,4.0,2.0,2.6666667,4.0,4.0,4.0,0.0,1.0,0.0,1.0,1.0,0.0,0.0,0.0,0.0,1.0,,0.0,0,,1.0,,,,,,,,,,,,,,,,,,,,,,,,,,,,,,,,,,,,,,,,,,,,,,,,,,,,,,,,,,,,,,,,,,,,,,,,,,,,,,0.0,,2
,,,,61.0,21.0,6.0,2.0,0.0,1.0,1.0,0.0,8.0,0.0,1.0,0.0,1.0,1.0,1.0,1.0,3.0,5.0,5.0,4.3333335,0.0,3.0,5.0,5.0,4.3333335,3.0,4.0,5.0,1.0,0.0,,1.0,,0.0,0.0,1.0,1.0,0.0,0.0,,1,,,,,,,,,,,,,,,,,,,,,,,,,,,,,,,,,,,,,,,,,,,,,,,,,,,,,,,,,,,,,,,,,,,,,,,,,,,,,,,,0.0,,2
,,,,59.0,20.0,6.0,1.0,0.0,1.0,1.0,0.0,1.0,1.0,0.0,0.0,1.0,1.0,1.0,1.0,1.0,1.0,1.0,1.0,0.0,1.0,3.0,2.0,2.0,4.0,3.0,4.0,0.0,1.0,,0.0,,1.0,0.0,1.0,1.0,0.0,0.0,,1,,,,,,,,,,,,,,,,,,,,,,,,,,,,,,,,,,,,,,,,,,,,,,,,,,,,,,,,,,,,,,,,,,,,,,,,,,,,,,,,0.0,,2
1.0,2.0,4.0,3.0,69.0,3.0,4.0,1.0,1.0,0.0,1.0,0.0,2.0,1.0,0.0,0.0,2.0,2.0,1.0,1.6666666,4.0,4.0,2.0,3.3333333,59.0,4.0,4.0,4.0,4.0,2.0,2.0,4.0,0.0,1.0,1.0,1.0,2.0,1.0,0.0,1.0,1.0,0.0,0.0,,1,0.0,0.0,5.0,1.0,5.0,1.0,3.0,0.0,2.0,0.0,1.0,0.0,3.0,0.0,3.0,0.0,4.0,1.0,2.0,0.0,3.25,0.375,2.0,0.0,2.0,0.0,4.0,1.0,4.0,1.0,2.0,0.0,5.0,1.0,5.0,1.0,0.0,5.0,1.0,5.0,1.0,4.0,1.0,3.0,0.0,2.0,0.0,2.0,0.0,3.0,0.0,4.0,1.0,3.0,0.0,3.5,0.0,0.0,1.0,1.0,1.0,-1.0,0.0,0.0,1.0,0.25,0.0,0.0,1.0,0.0,0.0,0.0,0.0,0.0,0.0,0.125,5.0,1.0,1.0,1.0,1.0,5
1.0,2.0,4.0,3.0,58.0,12.0,6.0,4.0,0.0,1.0,1.0,0.0,1.0,1.0,0.0,0.0,1.0,5.0,1.0,2.3333333,3.0,4.0,1.0,2.6666667,-15.0,2.0,4.0,3.0,3.0,3.0,4.0,4.0,0.0,1.0,0.0,0.0,0.0,0.0,0.0,1.0,1.0,0.0,0.0,,1,0.0,0.0,4.0,1.0,4.0,1.0,1.0,0.0,1.0,0.0,3.0,0.0,2.0,0.0,2.0,0.0,4.0,1.0,4.0,1.0,2.625,0.375,4.0,1.0,3.0,0.0,4.0,1.0,4.0,1.0,2.0,0.0,1.0,0.0,5.0,1.0,0.0,4.0,1.0,4.0,1.0,1.0,0.0,1.0,0.0,3.0,0.0,2.0,0.0,4.0,1.0,4.0,1.0,3.0,0.0,2.875,0.0,0.0,0.0,0.0,0.0,0.0,2.0,0.0,-1.0,0.25,0.0,0.0,0.0,0.0,0.0,0.0,1.0,0.0,-1.0,0.125,4.0,1.0,1.0,0.0,1.0,1
2.0,3.0,4.0,1.0,48.0,20.0,6.0,4.0,0.0,0.0,1.0,0.0,1.0,1.0,0.0,0.0,1.0,1.0,1.0,1.0,2.0,3.0,2.0,2.3333333,-40.0,1.0,3.0,2.0,2.0,5.0,3.0,5.0,0.0,1.0,1.0,1.0,2.0,1.0,0.0,1.0,1.0,0.0,0.0,,1,0.0,0.0,5.0,1.0,5.0,1.0,3.0,0.0,1.0,0.0,1.0,0.0,3.0,0.0,4.0,1.0,5.0,1.0,4.0,1.0,3.375,0.5,3.0,0.0,3.0,0.0,4.0,1.0,3.0,0.0,3.0,0.0,5.0,1.0,5.0,1.0,0.0,5.0,1.0,5.0,1.0,3.0,0.0,1.0,0.0,1.0,0.0,3.0,0.0,4.0,1.0,5.0,1.0,4.0,1.0,3.375,0.0,0.0,0.0,0.0,0.0,0.0,0.0,0.0,0.0,0.0,0.0,0.0,0.0,0.0,0.0,0.0,0.0,0.0,0.0,0.0,5.0,1.0,0.0,0.0,1.0,1
,,,,73.0,12.0,5.0,4.0,1.0,1.0,1.0,0.0,8.0,0.0,1.0,0.0,4.0,4.0,2.0,3.3333333,4.0,5.0,5.0,4.6666665,93.0,5.0,4.0,2.0,3.6666667,3.0,4.0,3.0,1.0,0.0,1.0,1.0,2.0,1.0,0.0,1.0,1.0,0.0,0.0,,1,0.0,0.0,5.0,1.0,5.0,1.0,5.0,1.0,2.0,0.0,2.0,0.0,2.0,0.0,4.0,1.0,4.0,1.0,4.0,1.0,3.625,0.625,1.0,0.0,2.0,0.0,4.0,1.0,4.0,1.0,3.0,0.0,5.0,1.0,4.0,1.0,0.0,4.0,1.0,5.0,1.0,5.0,1.0,3.0,0.0,3.0,0.0,3.0,0.0,4.0,1.0,5.0,1.0,4.0,1.0,4.0,-1.0,0.0,0.0,1.0,1.0,1.0,0.0,1.0,0.0,0.375,0.0,0.0,0.0,0.0,0.0,0.0,0.0,0.0,0.0,0.0,5.0,1.0,,1.0,,5
2.0,3.0,4.0,1.0,56.0,19.0,7.0,3.0,0.0,0.0,1.0,0.0,8.0,0.0,1.0,0.0,1.0,1.0,1.0,1.0,3.0,3.0,5.0,3.6666667,100.0,5.0,5.0,5.0,5.0,1.0,4.0,3.0,1.0,0.0,1.0,1.0,2.0,0.0,0.0,1.0,1.0,0.0,0.0,,1,0.0,0.0,5.0,1.0,4.0,1.0,4.0,1.0,3.0,0.0,1.0,0.0,4.0,1.0,1.0,0.0,4.0,1.0,2.0,0.0,3.25,0.625,3.0,0.0,2.0,0.0,1.0,0.0,2.0,0.0,3.0,0.0,5.0,1.0,4.0,1.0,0.0,4.0,1.0,5.0,1.0,2.0,0.0,2.0,0.0,1.0,0.0,4.0,1.0,2.0,0.0,2.0,0.0,4.0,1.0,2.75,-1.0,1.0,-2.0,-1.0,0.0,0.0,1.0,-2.0,2.0,-0.5,0.0,0.0,-1.0,0.0,0.0,0.0,0.0,-1.0,1.0,-0.25,2.0,0.0,0.0,1.0,1.0,5
,,,,47.0,20.0,6.0,3.0,0.0,0.0,1.0,0.0,6.0,0.0,0.0,1.0,4.0,4.0,5.0,4.3333335,4.0,4.0,4.0,4.0,0.0,3.0,3.0,3.0,3.0,4.0,3.0,5.0,1.0,0.0,,0.0,,1.0,0.0,0.0,0.0,1.0,,0.0,0,,1.0,,,,,,,,,,,,,,,,,,,,,,,,,,,,,,,,,,,,,,,,,,,,,,,,,,,,,,,,,,,,,,,,,,,,,,,,,,,,,,0.0,,2
,,,,38.0,9.0,4.0,1.0,0.0,0.0,1.0,0.0,6.0,0.0,0.0,1.0,2.0,2.0,1.0,1.6666666,4.0,5.0,4.0,4.3333335,55.0,4.0,4.0,2.0,3.3333333,2.0,2.0,4.0,1.0,0.0,1.0,1.0,2.0,1.0,0.0,0.0,0.0,1.0,,0.0,0,,1.0,,,,,,,,,,,,,,,,,,,,,,,,,2.0,0.0,2.0,0.0,2.0,0.0,5.0,1.0,4.0,1.0,,,,,,,,,,,,,,,,,,,,,,,,,,,,,,,,,,,,,,,,,,,,1.0,,5
3.0,1.0,4.0,2.0,62.0,7.0,2.0,3.0,0.0,1.0,1.0,0.0,6.0,0.0,0.0,1.0,4.0,4.0,4.0,4.0,1.0,3.0,1.0,1.6666666,35.0,4.0,4.0,4.0,4.0,2.0,2.0,4.0,1.0,0.0,1.0,0.0,1.0,1.0,0.0,1.0,1.0,0.0,0.0,,1,0.0,0.0,2.0,0.0,2.0,0.0,2.0,0.0,2.0,0.0,2.0,0.0,2.0,0.0,2.0,0.0,2.0,0.0,2.0,0.0,2.0,0.0,4.0,1.0,3.0,0.0,2.0,0.0,4.0,1.0,2.0,0.0,4.0,1.0,4.0,1.0,0.0,2.0,0.0,4.0,1.0,4.0,1.0,2.0,0.0,2.0,0.0,2.0,0.0,2.0,0.0,2.0,0.0,2.0,0.0,2.5,0.0,2.0,2.0,0.0,0.0,0.0,0.0,0.0,0.0,0.5,0.0,1.0,1.0,0.0,0.0,0.0,0.0,0.0,0.0,0.25,4.0,1.0,0.0,1.0,0.0,4
,,,,48.0,13.0,7.0,3.0,0.0,1.0,0.0,1.0,1.0,1.0,0.0,0.0,1.0,2.0,1.0,1.3333334,3.0,4.0,1.0,2.6666667,-63.0,1.0,3.0,3.0,2.3333333,5.0,3.0,4.0,0.0,1.0,0.0,1.0,1.0,1.0,0.0,1.0,1.0,0.0,0.0,,1,,,,,,,,,,,,,,,,,,,,,,,,,,,,,,,,,,,,,,,,,,,,,,,,,,,,,,,,,,,,,,,,,,,,,,,,,,,,,,,,0.0,,1
1.0,2.0,3.0,4.0,63.0,10.0,4.0,1.0,0.0,0.0,0.0,1.0,1.0,1.0,0.0,0.0,1.0,1.0,1.0,1.0,5.0,5.0,5.0,5.0,0.0,4.0,5.0,3.0,4.0,4.0,5.0,5.0,0.0,1.0,0.0,0.0,0.0,0.0,0.0,1.0,1.0,0.0,0.0,,1,1.0,1.0,5.0,1.0,5.0,1.0,1.0,0.0,2.0,0.0,1.0,0.0,2.0,0.0,3.0,0.0,4.0,1.0,3.0,0.0,2.875,0.375,4.0,1.0,2.0,0.0,4.0,1.0,2.0,0.0,4.0,1.0,5.0,1.0,5.0,1.0,0.0,5.0,1.0,5.0,1.0,1.0,0.0,2.0,0.0,1.0,0.0,2.0,0.0,2.0,0.0,5.0,1.0,2.0,0.0,2.875,0.0,0.0,0.0,0.0,0.0,0.0,-1.0,1.0,-1.0,0.0,0.0,0.0,0.0,0.0,0.0,0.0,0.0,0.0,0.0,0.0,,,1.0,0.0,1.0,2
,,,,44.0,11.0,4.0,3.0,0.0,1.0,1.0,0.0,8.0,0.0,1.0,0.0,3.0,3.0,3.0,3.0,1.0,5.0,1.0,2.3333333,91.0,3.0,5.0,3.0,3.6666667,5.0,4.0,2.0,1.0,0.0,0.0,1.0,1.0,0.0,0.0,1.0,1.0,0.0,0.0,,1,,,,,,,,,,,,,,,,,,,,,,,,,,,,,,,,,,,,,,,,,,,,,,,,,,,,,,,,,,,,,,,,,,,,,,,,,,,,,,,,1.0,,5
,,,,44.0,4.0,3.0,3.0,0.0,0.0,0.0,1.0,3.0,0.0,0.0,1.0,4.0,3.0,3.0,3.3333333,2.0,5.0,1.0,2.6666667,0.0,1.0,3.0,1.0,1.6666666,4.0,1.0,3.0,0.0,0.0,1.0,1.0,2.0,0.0,0.0,1.0,1.0,0.0,0.0,,1,1.0,1.0,3.0,0.0,5.0,1.0,3.0,0.0,1.0,0.0,1.0,0.0,3.0,0.0,4.0,1.0,5.0,1.0,3.0,0.0,3.125,0.375,3.0,0.0,3.0,0.0,5.0,1.0,1.0,0.0,3.0,0.0,5.0,1.0,5.0,1.0,1.0,5.0,1.0,5.0,1.0,3.0,0.0,1.0,0.0,1.0,0.0,3.0,0.0,4.0,1.0,5.0,1.0,3.0,0.0,3.375,2.0,0.0,0.0,0.0,0.0,0.0,0.0,0.0,0.0,0.25,1.0,0.0,0.0,0.0,0.0,0.0,0.0,0.0,0.0,0.125,,,,0.0,,2
3.0,1.0,4.0,2.0,27.0,19.0,5.0,3.0,0.0,0.0,1.0,0.0,2.0,1.0,0.0,0.0,3.0,3.0,5.0,3.6666667,4.0,2.0,4.0,3.3333333,20.0,5.0,3.0,2.0,3.3333333,3.0,4.0,4.0,0.0,1.0,1.0,1.0,2.0,0.0,0.0,0.0,0.0,1.0,,0.0,0,,1.0,3.0,0.0,2.0,0.0,3.0,0.0,3.0,0.0,5.0,1.0,2.0,0.0,4.0,1.0,5.0,1.0,4.0,1.0,3.375,0.375,4.0,1.0,4.0,1.0,4.0,1.0,4.0,1.0,5.0,1.0,3.0,0.0,2.0,0.0,1.0,4.0,1.0,3.0,0.0,2.0,0.0,4.0,1.0,5.0,1.0,5.0,1.0,3.0,0.0,2.0,0.0,3.0,0.0,3.5,1.0,1.0,-1.0,1.0,0.0,3.0,-1.0,-3.0,-1.0,0.125,1.0,0.0,0.0,1.0,0.0,1.0,-1.0,-1.0,-1.0,0.125,,,0.0,1.0,0.0,4
4.0,2.0,1.0,3.0,30.0,18.0,2.0,1.0,0.0,0.0,1.0,0.0,1.0,1.0,0.0,0.0,1.0,4.0,5.0,3.3333333,4.0,4.0,3.0,3.6666667,11.0,1.0,1.0,5.0,2.3333333,4.0,1.0,5.0,1.0,0.0,0.0,0.0,0.0,0.0,0.0,1.0,1.0,0.0,0.0,,1,1.0,1.0,4.0,1.0,4.0,1.0,5.0,1.0,4.0,1.0,5.0,1.0,4.0,1.0,3.0,0.0,4.0,1.0,4.0,1.0,4.125,0.875,5.0,1.0,5.0,1.0,1.0,0.0,2.0,0.0,5.0,1.0,1.0,0.0,2.0,0.0,0.0,5.0,1.0,5.0,1.0,5.0,1.0,5.0,1.0,5.0,1.0,4.0,1.0,5.0,1.0,5.0,1.0,5.0,1.0,4.875,1.0,1.0,0.0,1.0,0.0,0.0,2.0,1.0,1.0,0.75,0.0,0.0,0.0,0.0,0.0,0.0,1.0,0.0,0.0,0.125,,,0.0,1.0,0.0,4
3.0,1.0,2.0,4.0,29.0,9.0,6.0,2.0,0.0,0.0,1.0,0.0,8.0,0.0,1.0,0.0,3.0,2.0,2.0,2.3333333,3.0,4.0,3.0,3.3333333,-2.0,3.0,3.0,2.0,2.6666667,4.0,3.0,5.0,1.0,0.0,0.0,0.0,0.0,0.0,0.0,1.0,1.0,0.0,0.0,,1,1.0,1.0,4.0,1.0,4.0,1.0,4.0,1.0,4.0,1.0,3.0,0.0,4.0,1.0,4.0,1.0,4.0,1.0,3.0,0.0,3.875,0.875,4.0,1.0,4.0,1.0,3.0,0.0,4.0,1.0,4.0,1.0,4.0,1.0,3.0,0.0,1.0,3.0,0.0,3.0,0.0,4.0,1.0,3.0,0.0,4.0,1.0,4.0,1.0,4.0,1.0,5.0,1.0,3.0,0.0,3.75,-1.0,-1.0,0.0,-1.0,1.0,0.0,0.0,1.0,0.0,-0.125,-1.0,-1.0,0.0,-1.0,1.0,0.0,0.0,0.0,0.0,-0.25,,,0.0,0.0,0.0,2
1.0,4.0,3.0,2.0,27.0,1.0,2.0,3.0,0.0,0.0,1.0,0.0,8.0,0.0,1.0,0.0,5.0,5.0,5.0,5.0,5.0,4.0,5.0,4.6666665,-31.0,3.0,4.0,2.0,3.0,4.0,5.0,5.0,1.0,0.0,1.0,0.0,1.0,1.0,0.0,0.0,0.0,1.0,,0.0,0,,1.0,4.0,1.0,3.0,0.0,4.0,1.0,3.0,0.0,3.0,0.0,4.0,1.0,5.0,1.0,3.0,0.0,5.0,1.0,3.625,0.5,5.0,1.0,4.0,1.0,4.0,1.0,5.0,1.0,5.0,1.0,4.0,1.0,4.0,1.0,1.0,5.0,1.0,4.0,1.0,2.0,0.0,2.0,0.0,5.0,1.0,2.0,0.0,4.0,1.0,5.0,1.0,4.0,1.0,3.625,1.0,1.0,-2.0,-1.0,2.0,-2.0,-1.0,2.0,-1.0,0.0,0.0,1.0,-1.0,0.0,1.0,-1.0,0.0,1.0,0.0,0.125,,,1.0,0.0,1.0,1
2.0,1.0,3.0,4.0,23.0,13.0,1.0,4.0,0.0,0.0,1.0,0.0,8.0,0.0,1.0,0.0,4.0,3.0,3.0,3.3333333,3.0,5.0,2.0,3.3333333,14.0,5.0,5.0,5.0,5.0,5.0,3.0,5.0,1.0,0.0,0.0,1.0,1.0,0.0,0.0,0.0,0.0,1.0,,0.0,0,,1.0,2.0,0.0,4.0,1.0,1.0,0.0,5.0,1.0,3.0,0.0,4.0,1.0,5.0,1.0,4.0,1.0,4.0,1.0,3.5,0.625,2.0,0.0,4.0,1.0,4.0,1.0,3.0,0.0,2.0,0.0,4.0,1.0,2.0,0.0,1.0,3.0,0.0,3.0,0.0,5.0,1.0,3.0,0.0,5.0,1.0,4.0,1.0,2.0,0.0,4.0,1.0,3.0,0.0,3.625,1.0,-1.0,4.0,-2.0,2.0,0.0,-3.0,0.0,-1.0,0.125,0.0,-1.0,1.0,-1.0,1.0,0.0,-1.0,0.0,-1.0,-0.125,,,0.0,1.0,0.0,4
2.0,4.0,1.0,3.0,31.0,3.0,2.0,3.0,0.0,0.0,1.0,0.0,1.0,1.0,0.0,0.0,4.0,2.0,3.0,3.0,4.0,5.0,1.0,3.3333333,-8.0,2.0,5.0,2.0,3.0,5.0,4.0,3.0,0.0,1.0,1.0,0.0,1.0,1.0,0.0,0.0,0.0,1.0,,0.0,0,,1.0,5.0,1.0,4.0,1.0,4.0,1.0,5.0,1.0,4.0,1.0,5.0,1.0,4.0,1.0,5.0,1.0,4.0,1.0,4.5,1.0,4.0,1.0,4.0,1.0,4.0,1.0,2.0,0.0,5.0,1.0,5.0,1.0,5.0,1.0,0.0,5.0,1.0,5.0,1.0,5.0,1.0,5.0,1.0,5.0,1.0,5.0,1.0,5.0,1.0,5.0,1.0,5.0,1.0,5.0,0.0,1.0,1.0,0.0,1.0,0.0,1.0,0.0,1.0,0.5,0.0,0.0,0.0,0.0,0.0,0.0,0.0,0.0,0.0,0.0,,,0.0,0.0,1.0,1
1.0,2.0,4.0,3.0,24.0,16.0,2.0,4.0,0.0,0.0,1.0,0.0,7.0,0.0,1.0,0.0,5.0,3.0,4.0,4.0,1.0,5.0,4.0,3.3333333,59.0,4.0,4.0,4.0,4.0,2.0,4.0,4.0,1.0,0.0,1.0,0.0,1.0,1.0,0.0,1.0,1.0,0.0,0.0,,1,1.0,1.0,4.0,1.0,4.0,1.0,1.0,0.0,3.0,0.0,2.0,0.0,2.0,0.0,2.0,0.0,4.0,1.0,2.0,0.0,2.75,0.375,2.0,0.0,3.0,0.0,2.0,0.0,1.0,0.0,1.0,0.0,2.0,0.0,2.0,0.0,0.0,4.0,1.0,4.0,1.0,1.0,0.0,1.0,0.0,2.0,0.0,1.0,0.0,1.0,0.0,4.0,1.0,2.0,0.0,2.25,0.0,0.0,0.0,-2.0,0.0,-1.0,-1.0,0.0,0.0,-0.5,0.0,0.0,0.0,0.0,0.0,0.0,0.0,0.0,0.0,0.0,,,1.0,1.0,1.0,5
1.0,3.0,4.0,2.0,,,,,1.0,,0.0,0.0,1.0,1.0,0.0,0.0,5.0,5.0,5.0,5.0,5.0,5.0,5.0,5.0,0.0,5.0,5.0,1.0,3.6666667,5.0,5.0,5.0,0.0,1.0,0.0,0.0,0.0,1.0,0.0,1.0,1.0,0.0,0.0,,1,1.0,1.0,5.0,1.0,5.0,1.0,5.0,1.0,5.0,1.0,5.0,1.0,5.0,1.0,5.0,1.0,5.0,1.0,5.0,1.0,5.0,1.0,1.0,0.0,1.0,0.0,5.0,1.0,5.0,1.0,5.0,1.0,5.0,1.0,5.0,1.0,1.0,5.0,1.0,5.0,1.0,5.0,1.0,5.0,1.0,5.0,1.0,5.0,1.0,5.0,1.0,5.0,1.0,5.0,1.0,5.0,0.0,0.0,0.0,0.0,0.0,0.0,0.0,0.0,0.0,0.0,0.0,0.0,0.0,0.0,0.0,0.0,0.0,0.0,0.0,0.0,,,1.0,0.0,1.0,2
