W2_WeightSocDemTurnAttrition	region	age	gender	W1_news_socmed	W1_news_important	W1_news_notime	W1_news_toomuch	W1_news_switchaway	W1_news_notinteresting	W2_news_socmed	W2_news_important	W2_news_notime	W2_news_toomuch	W2_news_switchaway	W2_news_notinteresting	congruence	congruence_EU	avoidance	education	interest	knowledge	internal_efficacy	external_efficacy	avoidance_alt	sample
	1.0	50	1	1	2	2	5	3	2	3	2	2	4	2	2			2.5	1	3.0	1.0	1.0	1.0	0.02283138	
	1.0	65	1	5	1	5	3	3	1	5	3	3	4	3	3			3.0	1	2.0	2.0	1.0	1.0	0.3253879	
	1.0	66	1	1	1	1	1	3	1									1.3333334	1	9.0	3.0	2.5	2.5	-1.2375082	
	1.0	61	1	4	4	2	3	3	2									3.0	1	2.0	2.0	1.0	1.0	0.4778635	
	2.0	79	0	4	2	1	4	2	4									2.8333333	2	8.0	1.0	3.5	2.5	0.48197132	
	1.0	73	0	3	2	4	4	2	3	2	3	4	4	2	3	2.1680865	2.1680865	3.0	1	3.0	1.0	1.5	1.0	0.54308873	1.0
1.2983234	1.0	65	1	3	2	3	3	3	3	3	3	3	3	2	4			2.8333333	1	0.0	2.0	1.0	1.5	0.3919552	
	1.0	53	1	2	3	2	3	2	2	2	4	4	3	3	4	2.828815	2.828815	2.3333333	0	4.0	0.0	3.0	3.0	-0.16913429	1.0
	1.0	39	1	4	1	5	5	3	1									3.1666667	2	4.0	2.0	3.5	2.5	0.5150164	
	1.0	51	1	1	3	4	3	2	2	2	3	3	3	2	2	0.6657629	0.6657629	2.5	2	6.0	3.0	2.0	3.0	-0.009878979	1.0
0.51747954	1.0	84	0	1	2	1	1	4	2	4	2	1	2	2	2			1.8333334	2	7.0	3.0	1.5	1.0	-0.63876426	
	1.0	69	1	3	2	2	3	2	2									2.3333333	1	3.0	0.0	3.0	3.0	-0.19010545	
	1.0	64	1	4	2	3	4	3	3	1	2	2	4	2	2	0.21882248	0.21882248	3.1666667	1	3.0	1.0	2.0	4.0	0.7127888	1.0
1.621032	1.0	64	0	1	1	2	3	2	1	2	1	2	2	2	1	0.3342371	0.3342371	1.6666666	1	8.0	3.0	2.5	3.0	-0.9162206	1.0
0.7244441	1.0	77	0	4	3	3	4	3	3	4	3	2	3	2	3	0.8319135	0.8319135	3.3333333	1	0.0	3.0	3.0	1.0	0.8844395	1.0
0.7010625	1.0	56	0	2	1	1	2	4	3	4	2	5	4	4	4	4.334237	0.16808653	2.1666667	2	6.0	2.0	4.0	4.0	-0.23647611	1.0
4.2220936	1.0	32	1	1	1	2	5	1	1	1	2	1	1	1	1	2.334237	2.334237	1.8333334	1	8.0	1.0	5.0	4.0	-0.74990046	1.0
0.09152574	2.0	70	1	2	4	3	4	2	3	1	3	2	3	3	3	0.16808653	0.16808653	3.0	2	5.0	2.0	1.5	2.5	0.5807432	1.0
	1.0	48	1	2	1	2	4	1	2	2	2	2	2	2	2	0.6657629	0.6657629	2.0	2	5.0	3.0	4.0	4.0	-0.5162696	1.0
0.05654742	2.0	80	0	4	2	4	4	4	2	4	1	3	4	1	1		1.1680865	3.3333333	2	3.0	1.0	2.0	3.0	0.78863883	
2.3064203	1.0	38	1	3	4	3	4	3	2	4	4	2	2	3	3			3.1666667	1	3.0	2.0	3.0	3.0	0.65230536	
3.0344026	1.0	20	1	2	4	4	2	2	3	4	2	4	4	4	2	0.16808653	0.16808653	2.8333333	1	7.0	2.0	5.0	1.5	0.39540258	1.0
	1.0	79	1	4	1	2	4	3	4	2	1	3	4	2	4	3.2188225	3.2188225	3.0	0	7.0	1.0	2.5	2.5	0.6392759	1.0
0.8358535	1.0	53	1	1	5		5	3	5	1	3	3	3	2	4	2.1680865	2.1680865		2	1.0	1.0	2.0	2.0		
1.0505618	1.0	42	1	1	2	3	4	3	4	1	2	4	4	3	3	0.16808653	0.16808653	2.8333333	2	1.0	1.0	2.5	2.0	0.5138554	1.0
	1.0	55	1	3	3	3	5	3	4									3.5	2	8.0	2.0		3.0	1.1570193	
1.9693443	1.0	45	1	2	3	1	4	3	2	5	3	5	5	4	4	0.16808653	0.16808653	2.5	1	6.0	3.0	2.0	2.0	0.020040208	1.0
	1.0	65	1	4	3	3	5	2	3	3	2	5	5	4	3	1.1680865	1.1680865	3.3333333	1	5.0	4.0	1.0	1.0	0.88060564	1.0
	2.0	33	1	2	5	5	1	5	5									3.8333333	2	0.0	1.0	1.0	1.0	1.580041	
0.9262684	1.0	62	1	5	4	5	5	5	5	4	5	4		4	5	0.21882248	0.21882248	4.8333335	2	5.0	2.0	4.0		2.5410452	
2.1117027	1.0	46	1	2	3	1	2	3	3	2	3	4	2	3	3	0.3342371	0.3342371	2.3333333	1	7.0	1.0	2.5	2.0	-0.06716256	1.0
2.1749375	1.0	45	1	2	2	2	4	2	3	3	1	1	2	3	1	0.8319135	0.8319135	2.5	1	8.0	0.0	2.5	3.0	0.082474306	1.0
1.9641567	1.0	66	1	3	3	2	3	3	3	3	4	2	3	3	3	0.21882248	0.21882248	2.8333333	0	0.0	1.0	2.0	3.0	0.40863848	1.0
0.84001917	1.0	55	0	1	1	2	4	1	1	1	1	2	2	1	1		1.8319135	1.6666666	2	9.0	2.0	4.0	1.0	-0.9200545	
1.7615572	1.0	63	1	2	2	2	3	2	3	2	2	3	2	2	2	1.257165	1.257165	2.3333333	1	6.0	1.0	1.5	1.5	-0.08767972	1.0
0.895932	1.0	50	1	4	2	4	4	3	3	3	2	3	3	3	3	1.1680865	0.7811775	3.3333333	2	6.0	1.0	3.0	3.0	0.86775625	1.0
0.8564924	1.0	50	0	1	1	1	1	2	1	1	1	1	1	1	1	0.21882248	0.21882248	1.1666666	2	9.0	2.0	1.5	1.0	-1.4114962	1.0
	1.0	64	1	3	3	4	4	3	3	2	2	4	3	4	3			3.3333333	1	0.0	1.0	2.0	1.0	0.8887274	
0.91338724	1.0	45	1	4	5	2	3	4	5	2	5	2	4	4	5	0.16808653	0.16808653	3.8333333	2	2.0	2.0	1.0	1.0	1.582818	1.0
1.0634168	0.0	49	1	2	4	2	4	2	1	2	2	3	2	2	4	7.1680865	7.1680865	2.5	1	1.0	2.0	3.5	3.0	-0.08043482	1.0
	2.0	77	0	4	3	4	4	4	2	4	2	4	5	3	3	0.16808653	0.16808653	3.5	1	5.0	1.0		3.0	0.9602896	
1.5052319	0.0	23	1	4	2	4	4	4	1	2	5	4	2	3	4			3.1666667	1	0.0	0.0	2.0	4.0	0.53553355	
0.72400117	1.0	76	0	3	2	2	3	3	3	3	3	3	3	3	3	1.7811775	1.7811775	2.6666667	1	8.0	2.0	2.5		0.23698775	
	1.0	19	1	2	5	4	3		3	2	2	4		3	4	2.3985283	2.3985283		1	0.0	3.0		1.0		
	1.0	31	1	4	5	5	2	3	4	5	4	5	3	4	5	0.21882248	0.21882248	3.8333333	2	3.0	1.0	3.0	1.0	1.4504731	1.0
0.727598	0.0	70	0	1	1	1	2		3	1	2	1	2	1	1	0.95628405	0.95628405		1	8.0	4.0		4.0		
	0.0	39	1	1	1	2	2	1	1	1	1	2	2	1	2	2.043716	1.7428818	1.3333334	2	8.0	4.0	4.5	2.5	-1.2603625	1.0
0.4846953	0.0	70	1	1	1	3	2	1	2	1	2	4	1	1	2	3.2571182	3.2571182	1.6666666	1	8.0	1.0	4.0	4.0	-0.8522898	1.0
1.6269363	0.0	43	1	4	4	2	2	2	2	2	2	2	2	2	2	0.44434834	0.44434834	2.6666667	2	5.0	1.0	3.5	1.0	0.13372155	1.0
	0.0	82	0	1	2	4	4	2	4	1	2	4	5	1	4	2.956284	5.04803	2.8333333	2	10.0	4.0	4.0	1.0	0.49483493	1.0
	0.0	64	0	2	2	3	4	2	2									2.5	2	5.0	2.0	1.0	4.0	-0.015663546	
1.5442792	0.0	54	0	2	1	1	2	1	1	3	1	1	2	1	2	1.5556517	1.5556517	1.3333334	1	9.0	4.0	4.5	2.0	-1.2646505	1.0
	0.0	44	1	3	1	2	1	1	1									1.5	2	6.0	3.0	2.0	4.5	-1.1291574	
0.4929375	0.0	62	1	1	2	3	4	1	2	2	2	2	2	2	2	1.6005177	1.6005177	2.1666667	2	8.0	4.0	4.0	2.5	-0.34033102	1.0
0.8201622	0.0	52	0	2	2	3	3	2	2	1	2	3	2	1	1	1.043716	1.0480299	2.3333333	2	7.0	3.0	3.0	3.5	-0.18581758	1.0
	2.0	53	1	4	3	3		3	4	3	2	3	3	3	3	2.3994823	2.3994823		2	0.0	2.0	2.0	1.5		
0.7657631	0.0	68	0	2	1	2	3	1	1	3	1	1	2	1	2	1.956284	1.956284	1.6666666	1	10.0	3.0	3.5	2.5	-0.93952894	1.0
	0.0	35	1	2	3	4	4	1	2	2	2	4	4	3	4	2.043716	2.3994823	2.6666667	2	7.0	2.0	2.0	2.5	0.13696672	1.0
0.69458044	0.0	75	0	1	1	1	1	1	1	1	1	1	3	1	2	3.043716	0.7428818	1.0	1	10.0	1.0	3.5	1.0	-1.585484	1.0
	0.0	70	0	1	1	1	2	1	1	1	1	2	2	1	1	3.7428818	3.7428818	1.1666666	2	8.0	2.0	2.0	3.0	-1.41533	1.0
	0.0	76	1	3	2	2	4	2	5	4	4	2	5	2	4	0.95628405	0.95628405	3.0	2	4.0	1.0	1.0	1.0	0.73936445	1.0
	0.0	47	0	1	1	1	3	2	2	3	1	1	2	1	2	0.39948225	0.99281	1.6666666	1	7.0	4.0	2.5	2.0	-0.81808275	1.0
4.3651385	0.0	50	0	4	2	2	3	2	3	3	2	2	3	2	2	0.44434834	0.44434834	2.6666667	1	10.0	2.0	4.5	1.5	0.21367942	1.0
	0.0	64	1	1	1	1	1	1	1	2	1	2	1	1	1	0.25711823	1.9519701	1.0	1	10.0	2.0	3.0	3.0	-1.585484	1.0
	0.0	32	1	2	2	2	1	2	3									2.0	1	7.0	1.0	4.0	2.0	-0.42798778	
1.0819064	0.0	50	1	1	1	5	3	1	4	4	2	5	3	3	5	1.4443483	1.4443483	2.5	1	7.0	4.0	4.0	1.0	0.13400969	1.0
	0.0	57	0	1	2	3	3		2	1	2	3	2	1	2	0.0480299	0.0480299		2	7.0	4.0	1.0	4.0		
5.2159896	0.0	62	0	4	1	2	2	1	2	1	1	4	2	3	2	1.2571182	1.2571182	2.0	0	10.0	4.0	4.5	3.5	-0.5552185	1.0
	0.0	75	0	1	2	1	1	1	2									1.3333334	1	5.0	3.0	1.0	1.0	-1.160728	
	0.0	63	0	3	1	4	3	1	2	2	1	1	1	2	1	1.956284	1.956284	2.3333333	2	10.0	4.0	4.5	2.0	-0.2258092	1.0
	0.0	73	0	2	2	2	2	2	2	1	2	2	3	1	1	0.0480299	0.0480299	2.0	2	8.0	4.0	3.0	3.5	-0.51093906	1.0
	0.0	66	0	1	2	3	2	1	2									1.8333334	2	3.0	3.0	3.5	2.0	-0.6806391	
	0.0	46	0	2	2	4	3	3	3	1	1	2	2	1	1	0.043715954	0.043715954	2.8333333	2	8.0	2.0	4.5	2.0	0.39624307	1.0
	0.0	53	0	2	2	3	2	2	2	3	2	3	2	3	3	1.5556517	2.04803	2.1666667	2	10.0	1.0	1.0	1.0	-0.3559716	1.0
1.4550503	0.0	54	0	2	2	4	4	1	2	1	1	1	1	1	1	1.2571182	0.007189989	2.5	1	10.0	1.0	3.5	2.0	-0.03468401	1.0
0.24610002	0.0	71	1	1	2	4	4	1	2	1	1	2	2	1	1	0.39948225	0.99281	2.3333333	2	7.0	3.0	1.5	1.0	-0.18536359	1.0
0.8156598	0.0	28	1	4	2	2	2	2	2	3	1	4	4	5	4	0.95628405	3.04803	2.3333333	2	8.0	2.0	4.5	4.0	-0.20957991	1.0
2.4212348	0.0	70	0	1	2	1	3	1	1	4	2	2	3	1	4	0.95628405	4.742882	1.5	0	1.0	2.0	1.0	1.0	-1.0735252	1.0
	0.0	47	1	2	2	3	3	1	2									2.1666667	2	10.0	4.0	4.0	4.0	-0.3598055	
	0.0	69	1	3	1	2	1	1	1	4	2	1	1	1	2	2.043716	2.043716	1.5	1	6.0	3.0	3.5	1.5	-1.1291574	1.0
0.3801793	0.0	70	0	2	2	2	4	1	1	1	1	3	3	1	1	3.043716	0.7428818	2.0	2	8.0	3.0	5.0	2.5	-0.5977242	1.0
1.066007	0.0	74	0	2	2	4	1	3	2	1	3	2	2	2	4	2.956284	2.956284	2.3333333	2	3.0	2.0	1.0	1.0	-0.19717029	1.0
	0.0	79	1	1	2	4	4	1	2	1	2	1	1	3	2	4.5556517	4.5556517	2.3333333	1	5.0	1.0	2.0	1.0	-0.18536359	1.0
	0.0	67	0	2	1	1	2	1	1									1.3333334	1	8.0	4.0	1.5	2.5	-1.2646505	
0.24420218	0.0	76	1	4	1	3	4	1	2	3	1	2	4	1	2	1.0480299	0.68478584	2.5	2	8.0	4.0	2.0	1.0	-0.05994304	1.0
	0.0	79	1	1	2	3	3	1	2		2	2	3	1	2			2.0	2	7.0	2.0	2.5	2.0	-0.51048505	
1.7007476	0.0	74	1	1	1	2	2	1	1	1	1	2	3	2	3	0.39948225	0.39948225	1.3333334	0	8.0	2.0	5.0	4.5	-1.2603625	1.0
0.5081756	0.0	53	1	1	1	1	4	1	1	3	3	3	3	1	4	1.956284	1.956284	1.5	2	7.0	2.0	4.0	3.0	-1.075022	1.0
0.51237726	0.0	70	1	1	2	2		1	2	1	1	1	2	1	1	2.043716	0.0480299		1	8.0	3.0		2.5		
	0.0	69	1	2	2	3	3	2	2									2.3333333	2	6.0	4.0	1.5	4.5	-0.18581758	
	0.0	53	1	2	2	3	4	1	2	3	2	3	4	2	4	0.7428818	1.99281	2.3333333	1	5.0	1.0	2.5	2.0	-0.18965146	1.0
	0.0	51	0	4	1	5	5	1	1	3	1	4	4	2	2	0.31521416	0.31521416	2.8333333	2	8.0	4.0	5.0	4.0	0.16704059	1.0
1.1282328	0.0	45	0	2	1	1	2	1	1	1	1	2	1	5	2	3.043716	0.7428818	1.3333334	2	10.0	4.0	5.0	5.0	-1.2646505	1.0
	0.0	71	1	1	1	1	1	1	1									1.0	2	9.0	3.0	4.0	4.0	-1.585484	
	0.0	60	1	4	5			4	1	4	5	2		3					2	0.0	1.0		1.0		
	0.0	53	0	1	1	3	2	1	2	2	2	3	4	1	2	0.95628405	0.95628405	1.6666666	2	6.0	1.0	1.5	1.0	-0.8522898	1.0
0.39006633	0.0	75	0	2	1	3	3	1	1	1	1	1	1	4	2	2.043716	1.7428818	1.8333334	2	7.0	1.0	1.5	2.0	-0.7845615	1.0
0.4868771	0.0	73	1	1	2	3	3	1	1	1	2	2	2	1	1	1.043716	1.043716	1.8333334	1	8.0	2.0	3.5	2.0	-0.76359034	1.0
0.47530794	0.0	77	1	2	2	5	3	2	2	4	1	2	3	2	3	6.742882	6.742882	2.6666667	1	8.0	2.0	1.5	1.5	0.12411731	1.0
2.8858652	0.0	51	1	1	2	2	4	2	2	2	2	4	2	3	1	0.0480299	0.0480299	2.1666667	1	6.0	3.0	2.5	1.0	-0.32131055	1.0
	0.0	43	1	1	2	3	2	1	1									1.6666666	2	7.0	3.0	4.0	1.0	-0.9337444	
	0.0	54	0	1	1	1	1	1	2	1	1	1	1	1	2	0.44434834	0.44434834	1.1666666	2	9.0	4.0	4.5	2.5	-1.3323787	1.0
	0.0	72	0	3	1	1	2	1	1	1	1	1	1	1	1	1.956284	1.956284	1.5	1	10.0	2.0	3.5	2.5	-1.1139709	1.0
	0.0	58	1	5	4	1	5	3	5	4	5		5	5	5			3.8333333	1	0.0	0.0	1.0	2.0	1.5731996	
	0.0	54	0	5	4	1	1	4	5									3.3333333	2	5.0	3.0	3.0	1.0	1.0665714	
	0.0	67	0	2	1	3	2	1	2	1	1	1	1	1	1	1.043716	0.68478584	1.8333334	1	8.0	4.0	2.5	2.0	-0.70161027	1.0
0.5230129	0.0	53	1	5	3	1	1	3	3	4	2	1	1	2		1.7428818	1.7428818	2.6666667	2	0.0	1.0	1.0	1.0	0.21472213	1.0
1.00309	0.0	50	1	1	2	1	4	1	2	2	1	4	2	1	1	0.44434834	0.44434834	1.8333334	1	7.0	2.0	3.5	2.0	-0.65026593	1.0
0.5319495	0.0	49	1	4	2	2	2	1	2	2	2	2	2	2	2	2.3994823	0.31521416	2.1666667	2	4.0	4.0	1.5	2.0	-0.3835678	1.0
5.7823834	0.0	75	0	3	1	2	4	2	3	1	2	1	4	1	3			2.5	0	6.0	1.0	1.0	1.0	0.061503153	
0.9900135	0.0	53	0	4	1	2	1	1	2	2	1	2	1	1	1	3.5556517	2.043716	1.8333334	2	10.0	4.0	5.0	1.5	-0.72537255	1.0
0.3618988	0.0	66	0	2	3		3	3	2	2	2	4	4	3	2	0.60051775	0.60051775		2	7.0	4.0	3.5	2.0		
	0.0	52	0	2	5	3	1	1	2									2.3333333	1	8.0	3.0	4.0	2.0	-0.18516137	
	0.0	53	0	3	1	1	3	2	3	2	2	3	1	1	2	0.31521416	0.0480299	2.1666667	1	3.0	3.0	4.5	4.0	-0.26361832	1.0
1.1823268	0.0	42	1	1	2	4	2	1	1	1	2	2	2	2	1	2.7428818	1.0480299	1.8333334	1	6.0	4.0	3.0	2.0	-0.77877694	1.0
	0.0	54	1		1	5		1											2	0.0	2.0				
1.0416946	0.0	55	1	1	2	2	5	1	2	4	1	4	3	2	2	2.7428818	2.7428818	2.1666667	1	7.0	2.0	2.0	4.0	-0.32514444	1.0
1.6617379	0.0	19	1	1	5	1	2	1	1	1	1	1	1	1	1	0.043715954	0.043715954	1.8333334	1	7.0	3.0	1.5	1.5	-0.7287271	1.0
0.6072044	0.0	30	1	3	2	3	3	4	2	4	2	4	2	3	4	0.043715954	0.043715954	2.8333333	2	3.0	3.0	2.0	3.5	0.3128378	1.0
0.5607059	0.0	44	1	4	4	4	4	4	4	4	4	4	4	4	4	0.44434834	0.44434834	4.0	2	6.0	2.0	3.0	3.0	1.6381509	1.0
	0.0	33	1	4	5	5	3	4	4	4	5	4	1	4	4	6.3994823	1.956284	4.1666665	2	0.0	0.0	2.0	1.5	1.794615	1.0
0.76514804	0.0	69	0	2	1	2	2	1	1	2	1	1	1	1	2	1.956284	1.956284	1.5	1	9.0	2.0	2.0	4.0	-1.109683	1.0
5.7823834	0.0	78	1	1	2	3	3	3	1	3	2	3	3		3	5.742882	5.742882	2.1666667	0	5.0	1.0	1.0	3.0	-0.41561455	1.0
	0.0	48	1	3	2	4	4	3	2									3.0	1	3.0	2.0	1.5	1.0	0.46397138	
	0.0	23	1	4	2	4	4	2	2	4	3	4	4	2	2	1.043716	0.68478584	3.0	2	5.0	2.0	3.0		0.44066304	
0.8066527	0.0	52	0	2	2	2	2	2	2	3	3	3	3	3	3	1.5556517	1.5556517	2.0	2	6.0	2.0	4.0	2.0	-0.51093906	1.0
	0.0	40	0	2	2	4	3	1	2	1	4	2	3	1	4	1.7428818	1.7428818	2.3333333	2	5.0	3.0	4.0	1.5	-0.20483804	1.0
1.6896286	0.0	70	1	3	2	2	2	3	2	2	2	4	4	4	3	5.742882	1.956284	2.3333333	0	1.0	3.0	2.0	1.0	-0.18627158	1.0
0.90493935	0.0	53	0	3	2	2	1	1	1	2	2	2	3	1	2	0.043715954	0.043715954	1.6666666	2	5.0	4.0	3.0	1.0	-0.9575067	1.0
	0.0	50	1	4	3	4	2	1	3	5	3	4	4	1	4	0.043715954	0.043715954	2.8333333	2	5.0	2.0	3.0	2.5	0.3511231	1.0
	0.0	48	1	3	3	5	4	2	2									3.1666667	2	5.0	1.0	1.0	1.0	0.61660165	
	0.0	47	0	3	4	2	2	3	4									3.0	2	3.0	1.0	2.5	2.5	0.6632405	
0.66400456	0.0	25	1	4	1	4	4	4	3	4	3	3	4	4	2	2.3994823	2.3994823	3.3333333	2	6.0	1.0	4.0	3.5	0.8700934	1.0
	0.0	51	0	1	2	2	2	1	1	1	1	1	1	1	1	1.043716	1.043716	1.5	1	5.0	2.0	5.0	3.0	-1.0887119	1.0
2.3127625	0.0	33	1	4	2	3	3	1	3	4	4	4	3	1	4	2.3994823	2.3994823	2.6666667	2	2.0	2.0	1.5	3.0	0.19465895	1.0
	0.0	23	1	5	3	3	2		1	3	3	4	3	3	2	0.0480299	0.0480299		1	6.0	1.0	2.5			
0.7733467	0.0	22	1	4	1	3	2	1	2	2	5	3	2	1	1	1.7428818		2.1666667	2	8.0	1.0	3.0	4.0	-0.4002511	1.0
0.5025372	0.0	72	1	5	1	1	1		1	3	4	3	3	2	2	0.44434834	0.44434834		1	2.0	1.0	3.5	1.0		
0.71913636	0.0	37	1	3	3	4	4	2	4	4	2	3	4	1	4	0.55565166	0.55565166	3.3333333	2	8.0	1.0	1.5	1.5	0.9678448	1.0
	0.0	21	1	5	3	5	5	4	4									4.3333335	2	4.0	1.0	2.0	1.0	1.9423013	
0.24169162	0.0	77	1	4	2	1	1	1	3	2	1	2	1	1	2	0.043715954	0.043715954	2.0	2	8.0	2.0	2.5	1.0	-0.455584	1.0
0.7974133	0.0	50	0	3	2	3	3	3	3	4	2	4	3	3	3	2.04803	2.04803	2.8333333	2	6.0	2.0	3.5	2.0	0.3919552	1.0
1.0183319	0.0	54	1	1	1	5	5	1	1	2	1	5	3	1	1			2.3333333	1	1.0	3.0	3.5	1.0	-0.28499815	
1.8400979	0.0	36	1	2	3	4	1	2	3	4	3	5	5	3				2.5	2	4.0	1.0	1.0	1.5	0.053597827	
	0.0	21	1	3	3	5	3	3	5	3	3	3	3	3	3	0.0480299	0.0480299	3.6666667	2	0.0	1.0			1.3797514	
	0.0	19	1	3	5	2	3	1	3	5	3	5	4	2	4	3.04803	3.04803	2.8333333	2	4.0	1.0	2.5	2.5	0.40396413	1.0
	0.0	21	1	4	2	4	4	1	2									2.8333333	2	6.0	3.0	2.0		0.26667514	
	0.0	30	1	3	5	4	4	3	4	4	5	1	3	1	4	1.5556517	1.5556517	3.8333333	2	3.0	3.0	2.0	2.0	1.4851341	1.0
	0.0	22	1	4	2	1	4	3	4									3.0	1	4.0	1.0	1.5	2.0	0.6559592	
0.396105	1.0	77	1	1	1	2	2	1	1	1	5	1	1	1	1	0.60147166	0.60147166	1.3333334	2	7.0	2.0	4.0	3.5	-1.2603625	1.0
	1.0	66	0	2	2	2	3	2	2									2.1666667	2	8.0	3.0	4.0	1.0	-0.34078503	
	1.0	61	1	2	3	3	3	3	5									3.1666667	2	0.0	0.0	1.0	1.0	0.91913694	
	0.0	81	0	1	1	1	1	1	1									1.0	1	10.0	2.0	2.5	5.0	-1.585484	
5.097416	2.0	57	1	1	2	3	4	2	3	1	2	2	3	2	3	0.8319135	0.8319135	2.5	0	0.0	1.0	1.0	2.5	0.08676218	1.0
	1.0	77	1	1	1	1	1	1	1	1	2	5	3		3	0.7811775		1.0	1	0.0	3.0	1.0	3.5	-1.585484	1.0
	1.0	72	0	3	4		4	4	3	2	3	4	4	2	4	0.21882248	0.21882248		0	0.0	2.0	1.0	1.0		
	1.0	70	1	2	2	2	2	2	4	4	3	2	2	3	3	2.334237	2.1680865	2.3333333	2	2.0	3.0	1.0	2.0	-0.0047284584	1.0
1.3998781	0.0	68	1	1	2	2	2		1	1	2	1	3	3	2				1	5.0	2.0		3.0		
	1.0	33	1	4	4	4	3	4	4									3.8333333	2	5.0	1.0	4.0	1.0	1.4679968	
	1.0	74	0	2	4	2	4	3	4	2	4	4	4	2	3		1.8319135	3.1666667	0	6.0	1.0	2.0	2.5	0.852869	
0.8297909	1.0	47	0	2	2	4	4	3	2	1	2	5	5	3	2	1.1680865	1.1680865	2.8333333	2	8.0	3.0	4.0	4.0	0.3132918	1.0
	1.0	63	1	3	3	5	5	3	5									4.0	2	1.0	1.0			1.7200595	
5.2854214	0.0	49	0	1	2	2	3	2	3	1	1	3	3	2	2			2.1666667	0	0.0	1.0	1.0	2.0	-0.23835929	
0.1055463	2.0	70	1	2	2	2	2	3	2	2	2	2	3	2	3	0.8319135	0.8319135	2.1666667	2	7.0	3.0	1.5	2.5	-0.33695114	1.0
0.19159608	2.0	71	0	3	2	2	3	2	3	3	2	3	3	3	3	0.25716496	2.1680865	2.5	1	1.0	1.0	1.5	1.5	0.06299985	1.0
5.08114	2.0	59	1	1	5	1	2	1	1	2	2	1	1	1	2	0.21882248	0.21882248	1.8333334	0	9.0	2.0	2.0	1.0	-0.7287271	1.0
0.29662126	2.0	72	1	2	2	3	3	3	2	2	2	2	3	3	2	1.8319135	1.8319135	2.5	1	6.0	2.0	3.0	2.5	-0.0118296705	1.0
5.1331334	1.0	42	0	3	1	1	2	2	3	4	1	2	2	2	2	2.1680865	2.1680865	2.0	0	5.0	3.0	1.0	1.0	-0.43377236	1.0
1.0826755	2.0	53	0	1	2	2	2	2	2	1	2	4	2	2	4	1.1680865	1.1680865	1.8333334	2	3.0	3.0	2.5	3.0	-0.66161865	1.0
	1.0	61	1	1	2	2	3	2	2									2.0	2	5.0	3.0	1.0	3.0	-0.49146459	
	2.0	50	0	2	2	1	4	2	2									2.1666667	2	6.0	1.0	1.5	1.0	-0.32559842	
1.7496701	1.0	63	1	1	2	1	3	1	2	2	2	4	3	2	3	0.21882248	0.21882248	1.6666666	1	5.0	1.0	2.5	2.0	-0.82041997	1.0
	1.0	58	0	2	5	1	1	1	1									1.8333334	1	7.0	2.0	1.0	2.0	-0.74820155	
5.5870886	2.0	43	1	4	3	4	4	3	2	3	3	1	1	1	1	1.171185	1.171185	3.3333333	0	6.0	0.0	2.0	1.0	0.7863017	1.0
0.70864415	1.0	77	0	2	1	1	2		2	2	1	1	2		1	0.16808653	0.16808653		1	8.0	2.0		1.5		
	1.0	59	1	4	1	1	4	3	2	1	2	1	4	1	2	0.6657629	0.6657629	2.5	1	5.0	2.0	1.5	2.5	-0.021902107	1.0
	1.0	56	1	2	2	3	3	3	4									2.8333333	2	5.0	2.0	2.0	3.0	0.49438092	
1.1213658	1.0	54	0	1	1	2	1	3	2	1	2	3	3	4	3			1.6666666	2	6.0	0.0	1.0	1.0	-0.82943547	
0.71288157	1.0	76	0	1	1	2	3	2	2	1	1	1	3	3	2	2.828815	2.1680865	1.8333334	1	8.0	0.0	1.0	2.5	-0.6631153	1.0
	1.0	80	1	2	4	2	3	2	3	1	4	1		2	3			2.6666667	1	5.0	1.0		1.0	0.25562173	
	0.0	72	1	3	2	1	3	1	2	2	3	2	2	3	3			2.0	2	5.0	3.0	1.5	3.0	-0.5190608	
1.7510289	1.0	54	0	1	1	4	4	3	1	1	1	1	2	3	1	2.6014717	2.6014717	2.3333333	1	10.0	4.0		4.0	-0.2621438	
5.4252405	2.0	57	0	1	2	4	3	3	1	1	2	4	4	3	4	0.25716496	2.334237	2.3333333	0	6.0	3.0	1.0	1.0	-0.2606471	1.0
	1.0	81	0	4	2	2	2	2	1									2.1666667	2	6.0	4.0	2.5	3.5	-0.4626852	
	1.0	81	0	1	1	1	1	5	1	1	1	2	3	3	3	2.171185	2.171185	1.6666666	1	7.0	2.0	3.5	3.0	-0.8895324	1.0
	1.0	34	0	1	1	1	1	1	1									1.0	2	8.0	3.0	2.5	1.5	-1.585484	
1.6488699	1.0	64	0	1	1	2	3	3	3	1	1	1	4	3	1	2.334237	2.334237	2.1666667	1	5.0	1.0	1.5	2.0	-0.23602211	1.0
0.73755395	1.0	72	0	2	1	1	4	1	1	4	2	3	2	3	2	3.7811775	3.7811775	1.6666666	1	10.0	3.0	3.5	4.0	-0.92434233	1.0
	1.0	80	0	3	5	5	5		4	3	3	4	4		3	0.21882248	2.828815		2	3.0	1.0		2.0		
	0.0	60	1	2	1	2	4	2	3	3	2	3	4	3	4	0.8319135	0.8319135	2.3333333	0	9.0	1.0	4.0	3.0	-0.08917642	1.0
0.058643244	2.0	71	0	1	2	4	4	3	1	2	2	2	3	3	1	2.2188225	0.60147166	2.5	2	10.0	3.0	4.0	4.0	-0.09049307	1.0
0.102648914	2.0	76	1	1	2	3	1	1	2	1	2	2	2	1	2	0.16808653	0.16808653	1.6666666	2	7.0	2.0	1.5	2.0	-0.8507931	1.0
0.7413698	1.0	72	0	1	1	1	1	2	1	1	1	1	1	1	1			1.1666666	1	8.0	3.0	4.0	5.0	-1.4114962	
	1.0	80	0	1	1	1	1	1	1	1	2	2	1	3	1	0.7811775	0.7811775	1.0	2	8.0	3.0	4.0	3.0	-1.585484	1.0
	0.0	79	1	1	1	1	1	1	1									1.0	2	7.0	3.0	2.5	3.0	-1.585484	
5.7823834	1.0	73	0	3	2	3	4	3	3	3	2	3	3	3	3	0.21882248	0.21882248	3.0	0	2.0	2.0	1.0	1.0	0.56210923	1.0
3.062228	2.0	73	0	4	2	2	4	3	2	3	3	3	3	3	5			2.8333333	0	0.0	1.0	1.0	1.0	0.30471605	
1.8388556	1.0	66	0	1	1	1	3	3	1	1	1	1	3	3	3	2.8319135	2.8319135	1.6666666	0	10.0	3.0	2.5	3.0	-0.89720017	1.0
	1.0	41	0	3	3	3	4	3	3									3.1666667	1	8.0	3.0	3.5	4.0	0.73375994	
	1.0	76	1	1	1	2	2	3	1	1	1	1	1		1	0.16808653	0.16808653	1.6666666	2	9.0	3.0	3.5	3.5	-0.9123867	1.0
	1.0	49	1	4	2	4	4	2	4									3.3333333	2	3.0	3.0	1.5	1.0	0.9468736	
0.33882433	1.0	65	0	2	2	2	2	2	2	2	2	2	3	3	3	1.8319135	1.8319135	2.0	2	7.0	2.0	4.0	1.5	-0.51093906	1.0
	1.0	40	1	1	1	2	2	2	2									1.6666666	1	6.0	2.0	2.0	3.5	-0.83326936	
	1.0	66	0	4	1	1	4	1	2									2.1666667	0	9.0	3.0	4.0	3.5	-0.36987793	
0.3768062	1.0	76	0	2	2	2	2	2	3	3	2	2	2	3	2	1.2188225	1.2188225	2.1666667	2	9.0	3.0	4.5	2.5	-0.25783375	1.0
1.6067152	1.0	29	0	3	3	3	3	3	3	3	3	3	3	3	3	0.8319135	0.8319135	3.0	2	7.0	1.0	3.0	3.0	0.5636059	1.0
0.40219104	1.0	77	1	1	3	4	5	1	5	1	2	3	3	1	1	5.2188225	7.1680865	3.1666667	2	5.0	3.0	3.0	2.5	0.91575706	1.0
	2.0	79	1	1	3	4	2	1	3	1	2	3	3	2	3	0.74283504	3.334237	2.3333333	1	7.0	3.0	2.0	3.0	-0.10091562	1.0
0.36142066	1.0	71	1	1	4	1	1	2	1	3	2	4	1	3	1	2.1680865	2.1680865	1.6666666	2	9.0	4.0	3.5	3.0	-0.8965439	1.0
2.6866944	1.0	62	0	1	3	3	4	3	5	1	3	3	3	3	4			3.1666667	1	5.0	2.0	1.0	1.0	0.9386114	
	1.0	79	0	5	3	3	4	3	3									3.5	2	0.0	2.0	1.0	1.0	1.035119	
0.63883233	1.0	67	0	2	2	2	3	2	2	2	1	3	4	2	4			2.1666667	2	0.0	2.0	1.5	1.0	-0.34078503	
	0.0	65	1	4	2	4	4	3	5	4	3	4	4	3	4			3.6666667	2	6.0	2.0	3.5	1.0	1.3739668	
	2.0	52	1	2	5	3	4	3	4	1	4	1	4		3			3.5	0	0.0	0.0	1.0	1.0	1.1794871	
	1.0	71	1	1	1	1	1	1	1	1	2	1	1	3	1	1.1680865	1.1680865	1.0	2	8.0	2.0	2.5	4.0	-1.585484	1.0
0.24832557	0.0	70	1	4	2	3	3	4	4	5	3	4	5	3	4			3.3333333	2	7.0	1.0		1.0	0.969728	
0.7052069	1.0	56	0	3	1	2	3	3	2	1	1				3	0.21882248	2.1680865	2.3333333	2	9.0	1.0	2.0	2.0	-0.18776827	1.0
	2.0	66	0	1	1	1	1	1	1	1	1	1	1	1	1	0.74283504	0.74283504	1.0	2	8.0	1.0	4.5	3.5	-1.585484	1.0
0.19370385	2.0	70	0	2	2	2	2	2	2	3	2	1	3	2	3			2.0	1	10.0	2.0	5.0	1.0	-0.51093906	
	2.0	40	1	5	4	5	5	5	5									4.8333335	2	5.0	0.0	3.0	3.0	2.5410452	
0.36240742	1.0	74	0	1	1	1	1	3	1	1	1	1	1	1	1	2.1680865		1.3333334	2	10.0	1.0	5.0	3.0	-1.2375082	1.0
0.7183497	1.0	73	0	4	2	3	2	3	2	4	2	4	3	2	4	1.8319135	1.8319135	2.6666667	1	7.0	1.0	2.5	2.0	0.11937544	1.0
	1.0	44	0	1	1	3	1		2	4	2	4	2	2	2	1.171185	2.6014717		2	8.0	2.0	4.0	3.0		
	1.0	34	1	4	5	2	2	2	3	4	5	5	4	4	4			3.0	1	0.0	0.0			0.5584776	
0.36335012	1.0	75	0	4	1	1	4	1	1	1	2	1	2	1	1	1.1680865	1.1680865	2.0	2	10.0	2.0	5.0	1.0	-0.6229832	1.0
0.7836632	1.0	73	1	1	1	2	3	1	2	1	1	3	4	1	1	1.1680865	1.1680865	1.6666666	1	5.0	3.0	1.5	2.5	-0.83710325	1.0
	2.0	54	0	1	2	2	4	1	1									1.8333334	2	4.0	3.0	1.0	1.0	-0.7484038	
1.9378343	1.0	65	1	4	3	1	4	3	4	3	2	2	3	2	2	1.8319135	1.8319135	3.1666667	0	7.0	1.0	3.5	1.5	0.82760996	1.0
	0.0	52	0	3	1	3	3	2	3	3	1	4	5	1	2			2.5	2	6.0	2.0	4.0	2.0	0.04631656	
1.1618749	1.0	72	0	3	2	3	4	2	4	1	2	3	4	2	3	2.8319135	2.8319135	3.0	1	5.0	2.0	1.0	1.0	0.6412266	1.0
	1.0	66	0	1	1	1	1	3	1									1.3333334	2	8.0	2.0		3.0	-1.2375082	
0.34117284	1.0	78	1	1	1	1	3	1	1	1	1	2	1	1	1	2.8319135	2.8319135	1.3333334	2	2.0	1.0	2.0	2.0	-1.245176	1.0
1.8707728	1.0	58	1	1	3	5	5	3	2	1	3	1	2	3	4	1.1680865	1.1680865	3.1666667	1	2.0	1.0	1.0	1.0	0.6593844	1.0
1.3254036	1.0	72	1	1	2	1	2	1	1	1	2	1	1	1	2			1.3333334	1	1.0	1.0	1.0	1.0	-1.2436793	
	1.0	40	0	2	1	1	1	3	2	2	1	3	2	2	2	0.8319135	0.8319135	1.6666666	2	8.0	2.0	5.0	2.5	-0.83372337	1.0
	2.0	70	1	3	3	4	3	2	2									2.8333333	1	6.0	2.0	2.0	4.0	0.29148015	
0.40068567	1.0	68	0	1	2	2	3	2	3	1	1	1	1	1	1	0.8319135	0.8319135	2.1666667	2	8.0	3.0	3.0	1.5	-0.23835929	1.0
0.369978	1.0	74	0	1	1	1	1	1	1	1	1	1	1	1	1	0.8319135	0.8319135	1.0	2	10.0	3.0	2.0	2.5	-1.585484	1.0
	1.0	49	0	3	5	2	3	3	2	4	3	3	3	3	3	2.665763	2.665763	3.0	0	10.0	3.0	5.0	4.0	0.49883464	1.0
	1.0	80	1	3	1		2	2		4	1	3	4	2	3	0.8319135	0.8319135		2	9.0	1.0	4.5	4.5		
1.4547961	1.0	64	1	2	2	2	3	4	4	2	2	2	2	2	2	0.8319135	0.8319135	2.8333333	2	2.0	2.0		3.0	0.5134014	
	1.0	79	0	1	1	3	3	3	1	1	2	2	1	3	1	0.16808653	0.16808653	2.0	2	7.0	1.0	1.0	1.0	-0.58726525	1.0
	1.0	52	0	1	3	1	1	2	3									1.8333334	1	3.0	2.0		1.0	-0.56198406	
4.0560627	0.0	70	1	1	1	2	2	1	2	1	1	1	2	2	1			1.5	0	7.0	2.0	3.0	3.0	-1.0072572	
2.8131588	2.0	62	0	4	1	1	4	3	1	2	1	1	2	2	2	0.7811775	0.7811775	2.3333333	1	6.0	1.0	2.0	1.0	-0.2750074	1.0
0.9727119	2.0	54	0	1	2	4	5	1	4	1	2	1	3	2	4	0.8319135	0.8319135	2.8333333	2	7.0	2.0	3.5	4.0	0.49100104	1.0
1.9000971	1.0	22	0	3	3	3	3	3	3	3	3	3	3	3	3	0.16808653	0.16808653	3.0	2	8.0	1.0	3.0	3.0	0.5636059	1.0
3.7063725	1.0	64	0		3	1	3	3	3		3	4	4	3	4				0	0.0	2.0	2.0	1.0		
	1.0	32	1	3	3	4	4	4	3	4	4	4	4	4	3	1.1680865	1.1680865	3.5	2	2.0	1.0	2.5	1.0	1.0627153	1.0
2.3718703	1.0	37	0	4	5	2	3	3	3	5	3	1	5	3	4			3.3333333	1	2.0	2.0	1.0	1.0	0.90261954	
	1.0	54	0	1	3	1	1	3	3									2.0	0	0.0	1.0	1.0		-0.38799617	
1.7338187	1.0	63	1	3	3	3	4	3	3	3	3	4	4	3	3	0.21882248	2.1680865	3.1666667	1	4.0	2.0	1.5		0.73375994	
1.5977145	2.0	25	0	4	2	2	3	4	2	4	3	2	3	4	3	0.7811775	0.7811775	2.8333333	2	5.0	1.0	2.5	4.0	0.30854994	1.0
	1.0	34	0	4	2	2	4	4	4									3.3333333	1	4.0	2.0	2.0	2.5	0.98491454	
	1.0	22	1	4	4	3	4	3	5	4	4	4	3	4	4			3.8333333	1	5.0	1.0	3.5	2.5	1.5623008	
	1.0	21	1	2	2	2	1	2	2	1	1	1	4	3	1	0.16808653	0.16808653	1.8333334	1	4.0	2.0	2.5	5.0	-0.6810931	1.0
	1.0	66	0	1	1	2	3	2	2									1.8333334	1	5.0	3.0	1.0	1.5	-0.6631153	
	1.0	52	0	2	2	3	3	3	4	1	4	4	3	4	2	0.39852834	0.39852834	2.8333333	2	7.0	2.0	2.5	2.5	0.49438092	1.0
2.5974157	1.0	29	0	2	2	2	4	4	2	4	2	4	4	4	4	4.828815	4.828815	2.6666667	1	5.0	2.0		1.5	0.17734483	
2.9388366	1.0	71	0	3	5	3	3	1	3	3	5	3	3	3	4			3.0	0	0.0	1.0	1.0		0.5589316	
0.8651599	1.0	52	1	3	2	2	3	3	1	2	2	3	3	3	3	0.7811775	0.7811775	2.3333333	2	4.0	1.0	3.0	2.5	-0.26922283	1.0
0.31177923	2.0	66	1	3	5	5	5	3	5	3	5	3	3	3	4			4.3333335	1	1.0	2.0	1.0	1.0	2.063361	
0.8327277	1.0	53	0	3		3	2	1	2	1	1	2	1	1	1	0.828815	2.2188225		2	7.0	2.0	1.0	2.5		
1.8169283	1.0	55	0	1	2	2	3	1	1	3	1	4	2	2	2	0.8319135	0.8319135	1.6666666	1	9.0	2.0	4.0	3.5	-0.9185578	1.0
	1.0	33	1	2	5	3	4	2	3	2	4	2	3	2	2			3.1666667	0	0.0	0.0	1.0		0.75239396	
1.9881711	1.0	48	0	3	2	3	3	3	2	3	2	3	2	1	2	0.17118502	0.17118502	2.6666667	1	7.0	3.0	3.0	2.0	0.1388499	1.0
1.8216345	1.0	60	1	1	1	2	4	2	2	1	3	5	4	2	1	1.7811775	3.3985283	2.0	1	7.0	2.0	1.0	1.0	-0.4929613	1.0
	1.0	38	0	4	4	3	3	3	3	4	4		4	2	3			3.3333333	0	2.0	0.0		1.0	0.8859362	
	1.0	30	0	1	5	5	5	5	5	3	5	4	4	3	4			4.3333335	2	0.0	0.0	4.0	1.0	2.1099775	
	2.0	45	0	3	3	3	3	3	3									3.0	0	5.0	1.0	3.0	3.0	0.5636059	
1.7743142	1.0	68	0	1	1	1	2	5	1	1	1	1	1	4	1	0.6657629	0.6657629	1.8333334	0	8.0	2.0	3.0	1.5	-0.71937835	1.0
1.7403797	1.0	63	0	1	1	1	1	1	1	2	2	1	1	1	1	0.6657629	0.6657629	1.0	1	10.0	3.0	4.0	3.0	-1.585484	1.0
1.9936374	1.0	52	1	3	4	2	3	2	2		3	3	2	2	3	0.17118502	0.17118502	2.6666667	1	5.0	2.0		1.0	0.153196	
	1.0	70	0	3	2	3	3	2	2	1	1	1	2	2	3	0.3342371	0.3342371	2.5	1	5.0	1.0	2.0	4.0	-0.035138007	1.0
1.5333867	2.0	58	1	5	1	2	5	5	5	4	2	4	5	4	4			3.8333333	2	5.0	2.0	3.0	3.0	1.5611906	
	1.0	23	0	3	2	1	1	1	1	3	2	4	2	2	3			1.5	2	7.0	1.0	3.5	2.0	-1.1124742	
	1.0	71	0	2	2	1	4	2	2	1	2	3	3	2	3	2.1680865	2.1680865	2.1666667	1	3.0	1.0	1.5	1.5	-0.32559842	1.0
	1.0	42	1	4	4	5		1	4	4	4	4	4	3	4	1.7811775	1.7811775		2	0.0	1.0	1.0	1.0		
1.8773966	1.0	51	1	4	2	4	4	4	4	2	1			5	5	2.665763	2.665763	3.6666667	1	6.0	2.0	4.0	4.0	1.2948494	1.0
4.324846	1.0	49	0		5		3	3	4	3	5				4				0	0.0	0.0	1.0	1.0		
2.191726	1.0	41	1	1	5		1		5	4	5	1	1		5	1.3985283	1.3985283		1	0.0	1.0	1.0	1.0		
3.0344026	1.0	21	1	4	2	5	4	3	3	4	3	4	4	2	3	1.3342371	0.39852834	3.5	1	1.0	2.0			1.0227237	
	1.0	53	0	2	2	3	2	3	2	1	1	2	1	3	2	0.60147166	0.60147166	2.3333333	1	7.0	2.0		4.0	-0.18198371	
	1.0	63	0	2	3	1	4	1	4									2.5	2	7.0	1.0	2.5	1.5	0.17827499	
	1.0	49	1	5	5	5	3	3	5	3	3	4		5	5			4.3333335	2	0.0	1.0		1.0	2.024412	
	1.0	53	0	3	3	3	3	3	3	3	3	3	3	3	3	0.16808653	0.16808653	3.0	2	7.0	2.0	3.0	3.0	0.5636059	1.0
	1.0	36	0	1	4	3	5	4	3									3.3333333	1	7.0	0.0	3.5	3.5	0.9481935	
	2.0	26	0	3	3	2	4	5	5									3.6666667	0	6.0	1.0	3.0	2.5	1.4329789	
0.18533583	2.0	79	0	1	2	1	1	3	2	3	1	1	3	2	2	0.8319135	0.8319135	1.6666666	1	6.0	1.0	2.0	3.5	-0.8127522	1.0
1.9599532	1.0	22	1	3	3	3	3	3	3	3	3	3	3	3	3	0.16808653	0.16808653	3.0	2	8.0	1.0	3.0	3.0	0.5636059	1.0
	1.0	63	0	2	3	2	3	3	4	1	2	1	3	2	3	0.21882248	2.1680865	2.8333333	0	6.0	2.0		1.0	0.51106423	
3.7364695	1.0	61	0	4	3	3	4	3	4	3	2	4	3	3	4			3.5	0	0.0	2.0	1.0	1.0	1.1375449	
	1.0	55	0	3	2	1	4	2	4	2	2	4	3	2	4	4.828815	1.742835	2.6666667	1	7.0	2.0	4.0	1.0	0.33129174	1.0
2.1914976	0.0	32	1	3	2	3	2	4	3	2	2	3	2	3	2			2.8333333	2	6.0	0.0	3.0	3.0	0.3957891	
2.2702155	1.0	40	1	1	2	3	4	3	2	3	1	4	3	3	3	0.16808653	0.16808653	2.5	1	7.0	2.0	2.5	3.0	0.0076447898	1.0
0.80038816	1.0	51	0	3	3	3	4	3	3	4	4	3	3	3	2			3.1666667	2	8.0	0.0	3.5	4.0	0.73375994	
0.1924035	2.0	73	0	3	2	3	3	3	2	3	2	3	3	3	3	0.60147166		2.6666667	1	7.0	2.0	1.0	3.5	0.1388499	1.0
	2.0	53	0	4	2	2	2		2										2	9.0	2.0		2.0		
1.1684321	1.0	31	1	5	5	4	4	2	4	2	5	5	5	3	5	2.1680865	2.1680865	4.0	2	0.0	1.0	1.0	1.0	1.6125054	1.0
0.93091786	1.0	34	1	5	1	5	5	5	5	4	2	4	4	4	4	5.334237	5.334237	4.3333335	2	0.0	0.0	3.0	3.0	2.026093	1.0
	0.0	33	1	2	2	4	2	1	2	4	4	4	4	2	1	0.16808653	0.16808653	2.1666667	2	6.0	1.0	2.5	2.0	-0.37499207	1.0
	1.0	74	0	1	2	1	5	1	3	3	2	1	4	1	4	0.8319135	0.8319135	2.1666667	2	0.0	2.0	1.0		-0.22700658	
	1.0	63	1	3	4	4	5	3	3	3	4	4	5	3	3			3.6666667	0	0.0	1.0	1.0	1.0	1.2305322	
0.88806784	1.0	53	0	2	2	2	4	3	2	2	2	4	4	3	3	2.1680865	0.25716496	2.5	2	9.0	2.0	4.5	1.0	0.0033569203	1.0
	0.0	34	1	3	2	3			3	3	2	2	3	3	3				1	0.0	2.0				
3.8593607	2.0	25	0	4	3	4		4		3		3	4	4	4	2.828815	2.828815		1	2.0	0.0				
2.5485423	1.0	21	0	1	2	5	5	1	1	5	1	5	5	5	5	0.6657629	0.6657629	2.5	1	10.0	1.0	5.0	5.0	-0.1133474	1.0
	1.0	70	0	4	2	1	4	3	4	2	2	4	4	3	4	0.6657629	3.2188225	3.0	1	0.0	1.0	3.0	1.0	0.6559592	1.0
0.8551452	1.0	46	0		3	5	4	4	5	2	5	5	4		5	0.16808653	0.16808653		2	4.0	0.0	2.0	1.0		
	1.0	58	1	5	5	5	4	1	3	5	3	4	4	1	2	2.334237	1.3985283	3.8333333	2	2.0	1.0	2.0	2.0	1.3403796	1.0
	1.0	65	1	1	2	3	3	1	2									2.0	1	5.0	2.0	2.0	1.5	-0.51048505	
0.7672753	1.0	59	1	1	1	1	2	2	1	1	1	1	2	1	1	0.6657629	0.6657629	1.3333334	2	5.0	2.0	2.0	2.0	-1.2413421	1.0
1.8168151	1.0	60	1	2	2	2	3	3	3	2	2	3	3	3	3	0.21882248	0.21882248	2.5	1	2.0	1.0	1.5	2.5	0.08630818	1.0
0.89494085	0.0	51	0	2	2	4	4	2	2	2	2	3	4	2	1	0.16808653	0.16808653	2.6666667	2	6.0	1.0	4.0	4.0	0.1393039	1.0
	1.0	59	1	1	2	2	1	2	1									1.5	1	6.0	0.0	3.0	3.0	-1.084878	
	1.0	37	0	1	2	3	3	3	2	1	2	2	3	4	2	0.7811775	1.1680865	2.3333333	2	6.0	3.0	1.5	2.0	-0.16250925	1.0
0.827278	1.0	60	1	2	1	1	1	2	1	1	2	1	1	2	1	0.21882248	0.21882248	1.3333334	2	10.0	2.0	2.5	3.0	-1.2608166	1.0
	1.0	57	0								5	1	3	4	5				1	0.0	1.0	1.0	1.0		
2.2099028	1.0	31	0	3	4	2	3	3	4	2	2	2	3	4	3	2.1680865	2.1680865	3.1666667	1	5.0	0.0	2.5	2.0	0.8333945	1.0
	2.0	36	0	5	5	4	4	3	4									4.1666665	2	7.0	3.0	4.0	1.0	1.7864933	
0.9164025	1.0	47	1	2	2	4	3	2	3	3	2	4	3	2	3	2.8319135	2.8319135	2.6666667	2	1.0	1.0	1.0	1.0	0.22225516	1.0
1.063772	1.0	47	1	2	1	3	2	3	2	2	1	5	4	3	1	1.8319135	1.8319135	2.1666667	2	7.0	1.0	3.5	3.5	-0.35363445	1.0
1.6357305	1.0	43	1	1	2	4	5	3	2	1	1	4	2	1	1			2.8333333	2	0.0	1.0	1.0	1.0	0.33276626	
	1.0	26	1	4	5	3	3	3	4									3.6666667	2	4.0	0.0	3.0	1.5	1.3106923	
	1.0	56	1	4	4	4	2		5	4	4	3	4	1	4				1	1.0	2.0	1.0	1.0		
	1.0	35	1	2	3	4	3	2	2	3	2	4	2	2	2	4.1680865	0.60147166	2.6666667	2	6.0	2.0	4.0	3.0	0.1408006	1.0
	2.0	44	0	1	2	2	1	3	1									1.6666666	2	10.0	1.0	2.5	4.0	-0.91089004	
	1.0	50	1	3	3	4	4	3	3									3.3333333	1	5.0	1.0	2.5	1.0	0.8887274	
	2.0	30	1	4	3	2	4	3	3									3.1666667	1	0.0	0.0	2.0		0.7294721	
	1.0	42	1	4	2	4	3	1	2	2	2	4	4	2	1	2.1680865	2.1680865	2.6666667	2	7.0	1.0	1.5	1.5	0.0965211	1.0
	2.0	66	0	1	3	1	1	1	5	1	3		1	3	5	2.828815	2.828815	2.0	1	3.0	2.0	5.0	3.0	-0.22976138	1.0
	1.0	44	1	1	1	1	1	3	1	1	1	1	3	1	1	6.334237	5.398528	1.3333334	0	6.0	3.0	2.0	1.0	-1.2375082	1.0
0.79013205	1.0	62	1	1	3	2	2	3	3	1	2	2	3	2	2	0.16808653		2.3333333	2	5.0	3.0	3.0	2.0	-0.06287469	1.0
2.6345277	1.0	28	1	2	2	2	4	3	2	2	2	4	4	2	4	1.1680865	1.1680865	2.5	1	0.0	1.0	4.0	2.0	0.0033569203	1.0
3.402759	1.0	48	0	2	1	2	3	3	2	3	1	2	1	2	2			2.1666667	1	5.0	3.0	2.0	1.5	-0.33844784	
1.935719	1.0	66	1	4	4	3	3	3	4	4	3	1	4	3	4	2.828815	2.828815	3.5	0	0.0	1.0	1.0	3.0	1.1390415	1.0
	1.0	41	0	4	2	4	3	4	3	4	2	3	4	3	3	4.828815	4.828815	3.3333333	1	5.0	0.0	3.0	3.0	0.87159014	1.0
1.1951027	2.0	55	1	2	2	4	1		2	1	2	4	2	3	2				2	0.0	0.0	1.0	2.0		
	2.0	52	1	3	2	4	3	3	2	3	2	2	2	2	2			2.8333333	2	3.0	1.0	2.5	2.0	0.29381734	
	1.0	29	1	4	5	5	5	4	4	4	5	4	5	4		0.6657629	0.6657629	4.5	1	0.0	1.0	1.0	1.0	2.1349232	1.0
	1.0	56	0	3	2	2	2		3	1	2	1	2	3	1	3.334237	3.334237		1	5.0	2.0	4.0	4.0		
	1.0	51	0	2	2	3	3	3	2	2	2	2	2	2	3	2.334237	2.334237	2.5	1	7.0	1.0	2.0	3.5	-0.0118296705	1.0
	1.0	73	1	2	1	3	2	3	3	3	1	1	1	2	4			2.3333333	1	0.0	1.0	1.0	1.0	-0.100529134	
	1.0	52	1	1	1	3	3	2	2	1	2	3	3	3	2	1.7811775	0.16808653	2.0	2	4.0	1.0	3.0	2.0	-0.5081479	1.0
	1.0	52	0	4	1	5	4	3	3	4	3	5	5	4	5			3.3333333	1	0.0	1.0	1.0	1.0	0.85107297	
1.0358963	1.0	51	1	2	4	4	3	3	2	2	2	4	4	3	2	0.3342371	0.3342371	3.0	2	3.0	2.0	1.0	1.0	0.48643923	1.0
1.1613258	1.0	71	0	1	3	1	2	3	4	1	3	3	3	3	4	2.1680865	2.1680865	2.3333333	1	2.0	0.0	3.0	1.5	0.035263166	1.0
0.359895	1.0	66	1	3	2	3	3	3	3	4	2	4	4	3	3	1.7811775	1.7811775	2.8333333	2	6.0	1.0			0.3919552	
	1.0	61	1		4		5		5										1	2.0	0.0				
	1.0	50	1	3	3	3	3	3	3	3	3	4	2	3	2	1.6014717	1.6014717	3.0	2	4.0	3.0	2.0	2.0	0.5636059	1.0
	1.0	39	1	4	4	5	2	4	3	2	4	1	2	3	3	1.3985283	1.3985283	3.6666667	2	4.0	1.0	1.0	1.0	1.199705	1.0
	1.0	38	1	3	3	4	5	3		5		5	5	5	5	1.3985283	1.3985283		1	1.0	3.0		1.0		
	1.0	22	1	4	2	2	2	4	3	2	3	2	4	4	2	6.828815	6.828815	2.8333333	0	10.0	2.0	2.0	3.0	0.3915012	1.0
2.085079	1.0	38	0	4	2	5	5	3	3	2	2	4	3	3	2			3.6666667	1	5.0	2.0	4.0	1.0	1.1928778	
	1.0	22	1	3	5	5	4	2	3	3	3	5		3		0.7811775	2.3985283	3.6666667	2	2.0	1.0		3.0	1.2130084	
	1.0	51	0	4	2	1	4	2	2	4	2	4	3	4	3	2.665763	2.665763	2.5	1	5.0	2.0	3.0	3.5	-0.024239285	1.0
0.7527443	1.0	60	1	3	4	3	3	3	2	3	3	3	4	3	2			3.0	2	1.0	1.0	1.0	2.5	0.48215136	
0.54096884	0.0	49	1	1	2	3	3	2	3	4	5	4	2	3	3	1.7811775	0.16808653	2.3333333	2	8.0	3.0	1.5	2.0	-0.08339185	1.0
0.33320048	1.0	74	0	2	2	2	2	2	3	2	2	2	3	3	3	0.16808653	0.16808653	2.1666667	2	7.0	2.0	3.0	3.0	-0.25783375	1.0
1.1915952	2.0	23	0	4	1	5	3	4	5	2	3	5	5	1	2	4.7811775	4.7811775	3.6666667	2	5.0	1.0	3.5	3.5	1.3611174	1.0
	1.0	32	0	5	5	4	4	4	4									4.3333335	1	0.0	1.0		2.0	1.9604812	
	1.0	33	1	3	4	4	4	2	3									3.3333333	2	5.0	2.0	2.5	1.0	0.8863902	
1.6520122	1.0	63	0	1	1	1	1	2	1	1	1	3	1	3	1	1.3342371	0.39852834	1.1666666	1	7.0	3.0	1.5	3.5	-1.4114962	1.0
	0.0	43	0	4	1	2	4	5	2	4	1	2	2	4	2	4.398528	2.7811775	3.0	2	10.0	2.0	4.5	3.0	0.48104113	1.0
	2.0	45	1	1	1	3	3	3	3									2.3333333	2	6.0	2.0	4.0	1.5	-0.08105467	
	1.0	38	0	2	2	2	2	2	1									1.8333334	2	7.0	1.0		2.5	-0.76404434	
	2.0	25	0	4	2	4	4	3	4	4	4	4	5	3	4	1.1680865		3.5	1	1.0	0.0		1.0	1.1208615	
2.3327162	1.0	23	0	1	1	2	4	3	2	2	1	2	4	2	2	0.16808653	0.16808653	2.1666667	1	8.0	3.0	3.0	4.0	-0.3189734	1.0
	1.0	38	1	1	1	2	3	3	2	1	1	3	4	2	3	0.8319135	0.8319135	2.0	1	6.0	2.0	3.5	3.0	-0.48912743	1.0
0.0654595	2.0	77	0	2	1	1	2	2	1	1	2	2	2		1			1.5	2	10.0	2.0	4.0	3.0	-1.0906625	
	1.0	60	0	1	1	1	2	1	1	3	1	1	3	1	1		4.334237	1.1666666	2	9.0	3.0	3.5	4.0	-1.41533	
	1.0	55	0	2	2	2	3	2	2	2	2	3	3	2	2		0.16808653	2.1666667	2	6.0	2.0	3.0	3.0	-0.34078503	
	2.0	41	1	4	4	4		3	3	4	4	4	3	3	3				2	0.0	2.0	1.0			
	1.0	60	0	1	3	2	3	3	2	1	2	1	4	3	3		7.1680865	2.3333333	2	5.0	2.0		1.5	-0.14582595	
0.07199272	2.0	72	1	1	2	2	1	1	2	2	2	2	2	2	1	2.8319135	2.8319135	1.5	2	6.0	1.0	2.5	3.5	-1.0057606	1.0
1.7435914	1.0	70	0	3	1	1	3	1	2	4	2	3	3	2	3			1.8333334	0	5.0	2.0	2.0	1.0	-0.6907115	
	2.0	70	1	5	2	2	1	3	3	4	1	1	1	2	2	0.16808653	0.16808653	2.6666667	0	2.0	2.0	2.0	1.0	0.19803883	1.0
	2.0	31	0	5	1	5	5	5	5	5	1	5	5	5	5	7.334237	6.398528	4.3333335	2	10.0	0.0	5.0	5.0	2.026093	1.0
3.6855319	2.0	35	0	4	1	2	4	3	4	5	2	3	3	4	1	1.8319135	5.398528	3.0	1	5.0	0.0	4.5	4.0	0.6392759	1.0
2.031188	1.0	55	1	1	2	2	2	2	2	2	2	2	2	5	1	0.21882248	0.21882248	1.8333334	1	5.0	2.0	1.0	4.0	-0.66161865	1.0
1.1060247	1.0	36	1	3	3	5	4	1	2	2	3	4	5	3	3	0.8319135	0.8319135	3.0	2	6.0	2.0	4.5	1.0	0.44261372	1.0
	1.0	73	0	2	2	1	4	2	2	2	2		2	2	2	0.21882248	2.1680865	2.1666667	2	6.0	2.0	2.0		-0.32559842	
	1.0	28	1	3	5	4	5	3	3									3.8333333	1	0.0	1.0	1.0	1.0	1.4021829	
0.057584275	2.0	80	0	2	4	4	4	4	2	2	2	2	2	3	3	0.17118502	0.17118502	3.3333333	2	8.0	3.0	3.5	4.0	0.8305812	1.0
	1.0	33	0	2	5	5	4	4	5	1	5	4	2	2	5	4.1680865		4.1666665	2	3.0	3.0	2.5	2.5	1.9165152	1.0
	1.0	23	0	5	3	4	4	4	5	3	2	1	1	5	1	3.742835	6.334237	4.1666665	2	6.0	0.0	2.5	1.0	1.870285	1.0
	1.0	37	0	4	2	3	3	4	3									3.1666667	2	0.0	1.0	2.0	1.5	0.71662265	
2.705108	1.0	64	0	4	3	3	3	2	1	2	2	3	4	1	3			2.6666667	1	5.0	2.0	2.0	1.5	0.034087	
5.7823834	1.0	34	1	1	5	5	5	5	5	3	5	4	5	4	4			4.3333335	0	0.0	0.0	1.0	1.0	2.1099775	
	1.0	19	1	1	1	1	2	1	1	4	1	5	3	1	4	1.1680865	1.1680865	1.1666666	1	10.0	2.0	3.0	2.5	-1.41533	1.0
	2.0	68	1	4	3	4	4	2	3	1	2	4	4	2	3	0.74283504	3.828815	3.3333333	2	5.0	3.0	3.5	4.0	0.8654191	1.0
5.47661	1.0	31	0	3	5	2	3	4	4	4	4	2	3		4			3.5	0	0.0	2.0	1.5	1.0	1.1790332	
2.5969045	1.0	24	0	4	2	2	3	3	3	3	2	3	4	3	3	0.21882248	0.21882248	2.8333333	1	4.0	0.0	1.5	3.0	0.38766733	1.0
	1.0	22	0	1	1	4	1	2	4									2.1666667	1	8.0	4.0	4.5	3.0	-0.18727791	
0.95188123	1.0	46	1	1	1	2	3	3	1	1	2	4	4	2	3		3.1680865	1.8333334	2	4.0	2.0	1.5	1.0	-0.7422327	
0.8999549	1.0	52	1	1	2	5	4	3	2	1	1	2	4	3	4	1.3985283	1.3985283	2.8333333	2	6.0	3.0	2.5	2.0	0.3175797	1.0
	1.0	22	1	4	3	2	3	2	3									2.8333333	2	0.0	0.0	1.0		0.38533014	
	1.0	57	1	4	3	2	2	4	3	4	5	5	4	3	4	2.334237	2.334237	3.0	0	0.0	2.0	1.0		0.56315196	
	2.0	20	1	3	2	2	4	3	3	4	4	3	3	3	4	0.17118502	0.17118502	2.8333333	2	5.0	0.0	3.0	4.0	0.40714177	1.0
1.250678	2.0	29	0	3	1	1	4	5	5	1	1	1	5	4	1	6.398528	6.398528	3.1666667	2	10.0	0.0	5.0	5.0	0.93471	1.0
	1.0	36	1	3	3	3	3	3	3									3.0	1	0.0	1.0	1.0	1.0	0.5636059	
2.5211406	0.0	77	0	3	1		2	4	2	4	2	2	3	3	3	0.9519701	0.9519701		0	5.0	2.0		1.5		
0.8282036	0.0	46	0	3	2	3	4	2	3	2	2	2	3	2	2	0.043715954	0.043715954	2.8333333	2	7.0	3.0	3.5	1.0	0.38812134	1.0
	0.0	70	0	3	1	1	3	1	1	3	2	3	3	2	2	1.956284	1.956284	1.6666666	0	9.0	2.0	5.0		-0.94381684	
0.35207808	0.0	77	0	4	1	1	2	2	2	3	2	2	3	3	2	0.44434834	0.44434834	2.0	2	10.0	1.0	4.0	2.5	-0.5361981	1.0
	0.0	70	0	3	1	1	2	2	2									1.8333334	1	10.0	2.0	4.0	1.5	-0.68687767	
	0.0	71	1	5	1	2	3	2	2	5	2	4	4	1	2	1.4443483	1.4443483	2.5	1	10.0	3.0	3.0	2.0	-0.060397033	1.0
0.58074754	0.0	48	1	5	1	5	5	5	5	1	2	4	4	1	4	2.5556517	2.5556517	4.3333335	2	5.0	1.0	4.0	4.0	2.026093	1.0
	0.0	77	0		2	3	2	1	2	1	2	2	2	1	1	3.04803	3.04803		2	9.0	2.0	3.0	2.5		
	0.0	81	1	4	2	1	3	4	2	4	2	1	3	1	3	2.04803	2.04803	2.6666667	0	6.0	2.0	1.5	2.5	0.1535825	1.0
	0.0	75	1	2	2	2	2	1	2									1.8333334	2	7.0	3.0	3.0	1.5	-0.684927	
	0.0	79	1	1	5	1	1	1	1	1	5	1	1	1	1	2.2571182	2.2571182	1.6666666	1	1.0	2.0	1.0	2.5	-0.89888114	1.0
	0.0	60	1	3	2	4	5	3	4									3.5	2	5.0	0.0	3.5	1.0	1.140336	
	0.0	56	1	1	1	1	4	1	1	1	2	2	2	2	2	2.2571182	2.2571182	1.5	1	0.0	1.0	1.0	2.0	-1.075022	1.0
	0.0	79	0	4	3	3	3	1	4	3	3	3	2	2	4	1.5556517	1.5556517	3.0	1	7.0	3.0	2.5	1.0	0.619415	1.0
	0.0	67	1	4	2	3	3	3	4									3.1666667	0	6.0	1.0	1.5	2.0	0.79574007	
0.67775506	0.0	82	0	1	1	1	2	1	1	1	1	1	2	1	1	1.043716	1.043716	1.1666666	1	9.0	3.0	2.0	2.0	-1.41533	1.0
3.9978294	0.0	72	1	2	1	2	1	1	2	2	2	1	2	3	2	1.2571182	1.2571182	1.5	0	8.0	1.0	2.5	2.0	-1.0267317	1.0
2.3734424	0.0	73	0	1	3	2	4	2	1	2	3	2	3	1	3	0.0480299	0.0480299	2.1666667	0	4.0	4.0	2.0	1.0	-0.40276513	1.0
	0.0	62	0	2	2	1	1	1	5	5	2	2	1	1	1	1.4443483	1.4443483	2.0	0	10.0	3.0	4.5	3.0	-0.25073254	1.0
0.7402496	0.0	67	0	2	2	2	3	2	2	2	2	2	4	1	2	0.043715954	1.5556517	2.1666667	1	8.0	2.0	4.0	2.0	-0.34078503	1.0
	0.0	68	1	2	2	2	4	3	2									2.5	2	5.0	4.0		2.0	0.0033569203	
4.65771	0.0	37	0	2	2	3	2	3	3	3	3	3	2	3	1	0.99281	0.99281	2.5	1	6.0	0.0	2.5	2.5	0.071121596	1.0
	0.0	28	0	2	3	4	3		2	4	3	5	4	1	2	1.956284	0.44434834		2	8.0	4.0	4.0	4.0		
	0.0	33	1	1	4	4	5	2	4									3.3333333	2	3.0	1.0	2.0	1.0	1.0082904	
	0.0	23	0	1	2	3	3	2	2									2.1666667	2	4.0	3.0	3.0	1.5	-0.33649716	
0.49324235	0.0	70	1	1	1	1	1	1	1	1	2	1	1	1	1	2.043716	2.043716	1.0	1	8.0	1.0	4.0	2.5	-1.585484	1.0
0.6733726	0.0	46	1	4	3	5	2	2	4	4	4	4	2	1	4	7.5556517	6.043716	3.3333333	2	0.0	2.0	2.5	1.0	0.9331837	1.0
	0.0	74	0	1	2	2	2	1	2									1.6666666	1	8.0	3.0		3.0	-0.8356065	
	0.0	57	1	3	2	4	3	2	1	3	2	3	3	1	3	0.9519701	0.9519701	2.5	2	2.0	2.0	2.0	1.5	-0.13327587	1.0
	0.0	72	1	3	4		4	2	4	3	1	4	4	1		2.043716	0.0480299		1	7.0	3.0	2.0	2.0		
2.9210272	2.0	51	0	2	2	4	3	2	4	2	4	4		1	3	0.55565166	0.95628405	2.8333333	1	1.0	2.0	1.5	3.0	0.47536045	1.0
0.31455043	0.0	72	1	2	1	3	3	1	4	2	2	3	4	2	2	2.2571182	2.2571182	2.3333333	2	6.0	2.0	3.0	2.0	-0.025245622	1.0
1.0346075	0.0	50	1	2	2	3	2	1	1	2	2		2	1	2	0.31521416	3.5556517	1.8333334	1	5.0	4.0	3.0	3.0	-0.78306484	1.0
	1.0	64	1	1	1	2	3	1	2	2	2	1	2	1	2	0.0480299	0.31521416	1.6666666	2	9.0	3.0	4.0	2.0	-0.83710325	1.0
	0.0	77	0	4	2	3	5	3	4	4	3	2	4	3	2	0.0480299	0.0480299	3.5	0	2.0	4.0	3.0	3.0	1.1360481	1.0
	0.0	72	1	1	5	3	4	1	1									2.5	2	8.0	4.0	3.0	2.0	-0.07848413	
1.6226329	0.0	80	1	3	1	3	3	3	3	4	5	1	3	2	3	3.04803	3.04803	2.6666667	0	10.0	1.0	1.0	3.0	0.22030447	1.0
0.9553509	0.0	63	1	3	1	3	4	1	1	1	1	2	3	1	2			2.1666667	1	7.0	2.0	1.5	2.5	-0.46372792	
1.5250945	0.0	50	0	2	2	5	4		3	2	2	4	4	2	2	2.00719	2.00719		1	8.0	2.0	3.5	1.0		
0.24217297	0.0	76	1	2	2	3	2	1	3	1	2	2	2	2	2	0.31521416	0.31521416	2.1666667	2	6.0	2.0	2.0	2.5	-0.27685422	1.0
	0.0	69	1	1	1	3	2	1	1	1	1	3	2	1	1	0.7428818	1.99281	1.5	2	8.0	2.0	3.5	3.0	-1.1053951	1.0
	0.0	54	1	1	3	4	2	1	2									2.1666667	2	7.0	3.0	4.0	4.0	-0.35402092	
	0.0	78	1	1	1	4	2	1	1									1.6666666	1	10.0	2.0	2.0	2.0	-0.95042765	
0.4405284	0.0	78	0	1	1	1	1	1	3	1	1	1	1	1	1	1.043716	1.043716	1.3333334	2	9.0	4.0	4.0	4.5	-1.0792735	1.0
0.5679026	0.0	44	1	4	1	4	5	2	2	2	1	1	3	1	2	0.95628405	0.95628405	3.0	2	9.0	3.0	4.5	4.0	0.43916634	1.0
	0.0	71	1	1	1	1	1	1	1	1	1	1	2	1	1	1.2571182	1.2571182	1.0	1	8.0	2.0	2.0	3.0	-1.585484	1.0
1.7337267	0.0	72	1	2	2	2	2	1	2	4	2	2	1	1	2	1.0480299	1.043716	1.8333334	0	7.0	2.0	1.0	2.5	-0.684927	1.0
	0.0	67	0	2	2	2	4	2	2	1	2	3	3	2	2	0.55565166	0.55565166	2.3333333	1	6.0	3.0	2.0	2.0	-0.17063099	1.0
1.7176685	0.0	73	1	1	1	1		1		4	1	1	3	2	3	2.2571182	2.2571182		0	10.0	1.0	5.0	5.0		
0.1884275	2.0	75	0	4	3	3	1	2	5	4	4	2	2	2	5	0.043715954	1.5556517	3.0	1	7.0	4.0	4.5	2.0	0.7062001	1.0
2.5333848	0.0	39	0	1	2	4	2	2	4	1	2	3	1	2	2	0.043715954	0.043715954	2.5	2	6.0	3.0	1.0	3.0	0.15452686	1.0
	0.0	58	0	2	1	2	1	1	1	4	2	4	1	2	1	1.4443483	1.4443483	1.3333334	1	8.0	3.0	1.5	1.0	-1.279837	1.0
	0.0	61	1	2	3	3	3	2	2									2.5	1	7.0	3.0	2.0	1.5	-0.014166848	
	0.0	62	0	2	1	2	2	1	1									1.5	1	8.0	4.0	1.5	2.0	-1.109683	
0.35852522	0.0	79	0	1	1	1	1	1	1	1	1	1	1	1	1	6.043716	6.043716	1.0	2	5.0	2.0	2.0	2.0	-1.585484	1.0
5.7823834	0.0	60	1		3					3	3	3	3	3	3	3.5556517	3.5556517		0	5.0	3.0		1.0		
	0.0	31	1	3	5	5	3	1	5									3.6666667	2	0.0	0.0	2.0	3.0	1.375077	
	0.0	41	1	2	1	2	2	2	2									1.8333334	2	7.0	2.0	2.0	1.5	-0.68258977	
	0.0	36	1	4	4	5	3	2	5									3.8333333	2	3.0	2.0		1.0	1.5280938	
1.4341362	0.0	59	0	3	2	3	2	2	3	3	3	3	2	3	3	2.3994823	2.3994823	2.5	1	1.0	3.0	2.0	3.0	0.04781326	1.0
	0.0	44	1	2	1	2	2	1	1									1.5	2	7.0	4.0	3.0	2.0	-1.109683	
	0.0	41	1	1	2	4	3	1	3									2.3333333	2	7.0	2.0	5.0	3.0	-0.10241232	
0.5687004	0.0	41	1	4	2	2	2	1	3	4	3	3	3	2	3	1.7428818	1.7428818	2.3333333	2	0.0	3.0	2.0	1.0	-0.13046251	1.0
0.47829342	0.0	64	1	1	1	2	1	1	1	1	1	1	1	1	1	1.0480299	0.68478584	1.1666666	2	9.0	4.0	4.0	4.0	-1.4305166	1.0
	0.0	72	0	2	2	2	4	1	3									2.3333333	2	8.0	1.0	1.5	2.0	-0.0915136	
0.94207466	0.0	43	0	2	1	2	2	1	2	2	1	2	2	1	1	0.95628405	0.95628405	1.6666666	2	9.0	4.0	3.5	2.0	-0.8565777	1.0
	0.0	62	1	4	2	1	2	1	1	2	2	2	4	1	2	0.0480299	0.31521416	1.8333334	0	3.0	1.0	1.5		-0.7916406	
0.25357315	0.0	74	1	3	1	2	2	1	2	3	1	1	1		1	1.043716	1.043716	1.8333334	2	7.0	3.0	1.5	1.0	-0.7058981	1.0
0.7098883	0.0	63	0	1	1	4	1	4	5	5	1	4	1	1	5	1.4443483	2.956284	2.6666667	2	9.0	3.0	3.0	5.0	0.4138032	1.0
0.68782455	0.0	70	0		3	1	2	2		1	2	1	3	2					1	8.0	0.0	4.0	2.5		
0.39001507	0.0	71	0	1	2	2	4	1	2	1	1	3	3	2	2	0.9519701	0.9519701	2.0	2	6.0	2.0	1.5	1.5	-0.49529848	1.0
0.68287075	0.0	42	1	4	2	4	4	1	3	4	2	3	2	1	2	2.2571182	2.2571182	3.0	2	6.0	2.0	3.0	1.0	0.51978046	1.0
	0.0	42	1	2	3	4	3	2	2									2.6666667	2	3.0	2.0	2.5	2.0	0.1408006	
1.0310841	0.0	54	1	2	2	1	1	1	1	3	1	1	1	1	1	1.0480299	1.0480299	1.3333334	1	7.0	3.0	3.0	2.0	-1.2631537	1.0
0.36855078	0.0	66	0	2	2	2	3	2	2	2	2	2	2	2	4	1.043716	1.0480299	2.1666667	2	7.0	4.0	3.0	3.0	-0.34078503	1.0
	0.0	73	0	1	2	4	2	3	3									2.5	1	6.0	2.0	2.0	2.5	0.075409465	
0.24640687	0.0	74	1	1	1	2	3	1	2	1	1	3	4		1	1.00719		1.6666666	2	6.0	2.0	2.5	3.0	-0.83710325	1.0
	0.0	67	0	2	2	2	2	1	1	2	2	2	3	1	1			1.6666666	1	7.0	4.0	2.5	2.5	-0.93803227	
0.46804947	0.0	73	0	3	1	1	4	1	2	1	1	1	4	1	1	4.043716	4.043716	2.0	2	7.0	2.0	4.5	4.0	-0.52055746	1.0
0.42918423	0.0	81	0	1	2	1	1	1	3	1	2	2	3	1	1	0.95628405	0.95628405	1.5	2	10.0	2.0	4.0	3.0	-0.9076227	1.0
0.38602272	0.0	66	0		4	4	4	2	2	1	2	4	4		4	8.555652	7.043716		2	5.0	2.0	1.0	3.0		
	0.0	70	0	3	2	4	4	2	4									3.1666667	2	4.0	1.0	2.0	1.0	0.7961941	
	0.0	74	0	3	1	2	2	1	2	2	1	3	1	1	1	0.25711823	0.25711823	1.8333334	1	7.0	3.0	3.5	3.5	-0.7058981	1.0
0.7288117	0.0	65	0	4	2	3	2	2	1	4	2	1	1	2	2	2.043716	2.043716	2.3333333	1	7.0	2.0	4.0	1.0	-0.30771777	1.0
0.71394706	0.0	66	1	1	1	1	1	2	1	1	1	1	1	1	1	1.956284	0.44434834	1.1666666	2	10.0	2.0	3.0	1.0	-1.4114962	1.0
	0.0	63	0	4	2	1	1	1	1									1.6666666	1	6.0	3.0	1.5	2.0	-0.96179456	
0.36308774	0.0	77	0	3	2	1	4	3	4	2	2	1	2	1	2	1.956284	1.956284	2.8333333	2	8.0	3.0	2.0	1.5	0.50527966	1.0
0.6801656	0.0	81	0	4	2	4	4	3	2	2	2	2	3	2	2	4.9928102	4.9928102	3.1666667	1	8.0	4.0	3.0	3.5	0.61465096	1.0
1.4588246	0.0	60	0	1	1	2	3	1	1	1	2	1	1	1	1	2.956284	2.956284	1.5	1	8.0	3.0	3.5	1.0	-1.0902085	1.0
0.49494997	0.0	61	1	3	2	4	3	3	3	1	3	4	3	1	2	5.04803	5.04803	3.0	2	5.0	2.0	2.5	2.0	0.5469226	1.0
0.4817846	0.0	64	1	1	1	1	2	1	1	1	1	1	1	1	1	1.0480299	1.0480299	1.1666666	2	7.0	2.0	2.0	3.0	-1.41533	1.0
1.6210498	0.0	51	0	2	1	4	4	1	2	2	1	4	4	1	1	0.043715954	0.043715954	2.3333333	1	10.0	4.0	4.0	2.0	-0.20633474	1.0
0.3703437	0.0	66	0	1	1	2	2	1	4	1	1	1	2	1	1	0.99281	0.39948225	1.8333334	2	8.0	3.0	2.0	2.0	-0.50104666	1.0
5.7823834	0.0	83	1	3	4	4	4	3	4	2	2	1	1	2	3	0.95628405	3.04803	3.6666667	0	2.0	1.0	1.0	2.5	1.3134835	1.0
	0.0	54	0	4	2	3	4	2	2									2.8333333	0	8.0	4.0	4.0	2.0	0.2856956	
0.24779329	0.0	73	1	1	1	1	1	1	1	1	1	1	1	1	1	2.6847858	2.6847858	1.0	2	8.0	4.0		4.0	-1.585484	
0.31883103	0.0	65	1	1	1	2	2	1	1	1	1	4	4	1	1	1.043716	1.043716	1.3333334	2	9.0	4.0	4.0	3.0	-1.2603625	1.0
0.35159934	0.0	72	0	4	2	3	3	1	3	4	2	1	2	1	2	0.043715954	0.043715954	2.6666667	2	8.0	2.0		1.0	0.19465895	
0.44582295	0.0	69	0	1	1	3	3	2	2	1	2	2	3	2	3	2.04803	2.04803	2.0	2	3.0	1.0	1.0		-0.5081479	
0.43817493	0.0	79	0	1	2	3	3	1	2	1	1	3	1	1	1	1.0480299	1.0480299	2.0	2	7.0	3.0	4.0	3.0	-0.51048505	1.0
	0.0	76	1	5	5	3	4	3	4									4.0	2	0.0	2.0	1.0	2.0	1.6315259	
	0.0	63	0	1	1	1	1	1	3	1	1	1	1	1	2	1.4443483	1.4443483	1.3333334	1	10.0	4.0	3.5	4.0	-1.0792735	1.0
0.71420324	0.0	73	0	2	2	2	3	1	1	1	1	1	4	1	1		1.7428818	1.8333334	1	8.0	3.0	3.5	2.0	-0.76787823	
0.35479513	0.0	68	0	3	1	1	3	1	1	2	1	2	2	1	3	1.2571182	1.2571182	1.6666666	2	10.0	2.0	4.0	2.0	-0.94381684	1.0
0.88749504	0.0	64	0	2	1	1	3	2	2	2	1	2	2	2	2	0.60051775	0.60051775	1.8333334	2	8.0	2.0	4.0	3.5	-0.66740316	1.0
	0.0	56	1	2	2	4	3	1	1	3	3	1	1	1	2	0.99281	0.99281	2.1666667	2	0.0	4.0	1.5	1.0	-0.45794335	1.0
	0.0	65	0	1	1	3	4	1	2									2.0	2	10.0	2.0	4.5	1.5	-0.5119817	
0.68246645	0.0	75	0	2	1	1	3	2	3	4	1	2	3	3	3	0.55565166	0.55565166	2.0	1	10.0	3.0	2.0	2.5	-0.41429788	1.0
	0.0	66	1	1	3	1	3	2	2	1	4	1	3	2	2	0.95628405	0.95628405	2.0	2	7.0	3.0	2.0	2.5	-0.4747813	1.0
	0.0	71	0	2	2	4	3	2	3	2	2	3	4	1	3	1.5556517	1.5556517	2.6666667	1	4.0	1.0	1.0	3.0	0.22225516	1.0
	0.0	57	1	1	1	1	2	1	1									1.1666666	2	7.0	2.0	2.5	2.5	-1.41533	
	0.0	77	0	1	1	1	2	1	1	1	2	1	2	1	1	0.95628405	0.95628405	1.1666666	1	7.0	1.0	3.0	1.0	-1.41533	1.0
0.25340044	0.0	66	1	3	3	4	3	2	3	2	1	2	3	1	3	0.0480299	1.7428818	3.0	2	10.0	3.0	4.0	1.0	0.54458547	1.0
	0.0	70	1	1	1	1	2	1	1	2	1	2	3	1	1	0.0480299	1.7428818	1.1666666	2	7.0	4.0	2.5	1.0	-1.41533	1.0
	0.0	52	1	1	2	3	1	1	2	1	2	3	3	1	2	1.3152142	0.7428818	1.6666666	2	6.0	4.0	4.0		-0.8507931	
	0.0	53	1	3	4	4	4	2	3									3.3333333	1	4.0	4.0			0.8863902	
2.0384257	0.0	36	0	3	3	1	4	2	3	3	3	4	4	3	4	2.7428818	2.7428818	2.6666667	1	6.0	3.0	2.5	1.0	0.24983718	1.0
	0.0	54	0							3	3		5						2	0.0	2.0	1.0			
1.3009269	0.0	83	1	2	1	1	3	1	2	2	1	2	2	1	1	0.95628405		1.6666666	1	7.0	1.0	2.0	1.0	-0.8413911	1.0
0.044607	2.0	74	0	2	1	1	4	2	2	2	2	2	4	2	2			2.0	2	7.0	3.0	2.5	1.5	-0.49724916	
0.9821586	0.0	74	0	3	2	3	2	4	2	3	2	3	2	2	2	0.9519701	0.9519701	2.6666667	2	7.0	3.0	3.0	2.0	0.14268377	1.0
0.36763895	0.0	73	0	2	2	2	4	2	3	1	1	1	1	1	1	1.043716	1.043716	2.5	2	5.0	4.0	1.0	1.0	0.082474306	1.0
	0.0	31	1	3	2	2	3	2	2									2.3333333	2	4.0	3.0	3.0	3.0	-0.19010545	
	0.0	71	0	1	1	1	1	1	1									1.0	1	9.0	3.0	2.5	1.5	-1.585484	
0.7319514	0.0	74	0	2	1	1	2	2	2	4	4	2	2	2	3	0.95628405	0.95628405	1.6666666	1	7.0	2.0	3.0	3.0	-0.8375572	1.0
0.48794916	0.0	74	1	2	2	3	3	1	2	2	3	3	3	2	3	3.7428818	2.04803	2.1666667	1	5.0	3.0	1.5	3.0	-0.3598055	1.0
0.97392917	0.0	73	0	4	3	1	4	4	4	3	3	3	3	3	3			3.3333333	2	7.0	2.0	4.0	1.0	1.0015979	
0.68416935	0.0	76	0	2	2	3	4	1	2	1	2	2	2	1	1	0.95628405	0.95628405	2.3333333	1	6.0	3.0	1.5	2.5	-0.18965146	1.0
	0.0	45	1	2	1	3	4	1	2									2.1666667	2	10.0	3.0	5.0	3.0	-0.3613022	
1.601417	0.0	44	0	1	1	1	1	1	1	1	1	1	3	1	1	2.2571182	1.6005177	1.0	1	9.0	4.0	5.0	3.0	-1.585484	1.0
0.70907843	0.0	73	0	1	1	1	1	1	1	1	1	2	1	1	1	2.956284	2.956284	1.0	1	10.0	3.0	3.0	2.0	-1.585484	1.0
0.68538165	0.0	78	0	1	1	3	2	1	1	2	1	2	1	1	2	0.7428818	0.7428818	1.5	1	7.0	3.0	3.0	3.5	-1.1053951	1.0
1.8905461	0.0	74	0	4	2	1	5	1	5	1	4	1		1	4	3.5556517	3.5556517	3.0	1	10.0	2.0	4.5	1.0	0.7312427	1.0
4.7398834	0.0	64	0	1	2	3	3	1	1	2	3	2	2	1	2	0.60051775	0.60051775	1.8333334	0	6.0	2.0	1.5		-0.76359034	
	0.0	46	1	4	1	2	4	1	2									2.3333333	2	7.0	4.0	3.0	2.5	-0.21491048	
0.6276765	0.0	35	1	3	1	3	3	2	2	3	5	4	3	2	1	0.95628405	0.95628405	2.3333333	2	7.0	4.0	3.0	3.5	-0.20678873	1.0
	0.0	73	0	4	4	1	4	3	4									3.3333333	1	4.0	4.0	2.0	1.0	0.99926066	
5.7823834	0.0	62	1	4	3	4	2	2	3	4	3	3	2	3	4	1.043716	1.043716	3.0	0	2.0	0.0	1.0		0.525111	
	0.0	62	1	1	1	1	2	2	1	2	1	1	2	1	2	0.0480299	0.0480299	1.3333334	2	6.0	3.0	2.5	3.5	-1.2413421	1.0
	0.0	34	1	4	4	5	4	2	3									3.6666667	2	4.0	1.0	1.5	2.0	1.1920372	
0.5012934	0.0	66	1	4	3	4	4	3	4	4	3	4	5	3	4	0.0480299	0.0480299	3.6666667	1	2.0	2.0	2.5	1.5	1.2925123	1.0
	0.0	32	0	1	1	1	2	2	2	1	1	1	2	2	2	0.60051775	0.60051775	1.5	1	6.0	4.0	2.0	2.0	-0.9882368	1.0
0.49170265	0.0	75	1	1	1	1	1	1	1	1	1	1	2	1	1	0.043715954	0.043715954	1.0	1	8.0	4.0	2.0	3.0	-1.585484	1.0
0.99857146	0.0	52	1	2	2	3	3	1	1	4	2	4	3	2	3	2.95197	2.95197	2.0	1	7.0	3.0	2.5	3.0	-0.6129108	1.0
0.38467237	0.0	81	0	3	2	4	4	2			2	4		3	3	0.043715954	0.043715954		2	6.0	3.0				
0.7236568	0.0	71	0	2	1	2	2	1	3	3	5	5	1	1	5	1.4443483	1.4443483	1.8333334	1	10.0	3.0	4.0		-0.6034724	
	0.0	35	1	5	2	4	1	1	3									2.6666667	2	0.0	4.0	1.0	1.0	0.15999791	
	0.0	71	1	2	2	3	3	2	2	2	1	3	2	1	2	2.3994823	2.3994823	2.3333333	2	4.0	3.0	2.0	3.5	-0.18581758	1.0
1.7709782	0.0	28	1	1	1	2	4	1	2	3	1	2	2	1	2	0.25711823	0.39948225	1.8333334	2	7.0	3.0	2.0	3.5	-0.6669492	1.0
0.4691501	0.0	74	1	3	4	1	4	4	2	3	5	1	4	4	2	0.007189989	0.007189989	3.0	1	5.0	1.0	1.5	2.0	0.51635844	1.0
0.9613457	0.0	53	1	1	2	1	2	2	3	1	3	1	4	2	4	0.007189989	0.007189989	1.8333334	1	8.0	0.0	3.5	4.0	-0.5634808	1.0
	0.0	59	1	2	2	2	3	2	3	1	2	2	3	3	3	0.043715954	0.043715954	2.3333333	1	3.0	2.0	2.5	2.5	-0.08767972	1.0
	0.0	60	1	1	2	2	2	1	2	3	2	2	2	1	2	2.5556517	2.5556517	1.6666666	1	8.0	3.0	1.0	4.0	-0.8356065	1.0
0.50592566	0.0	69	1	3	1	1	2	1	2	3	1	2	2	1	1	0.25711823	0.39948225	1.6666666	1	8.0	3.0	2.0	3.0	-0.86086553	1.0
1.5707678	0.0	46	0	1	1	1	1	1	2	1	5	1	1	1	1	0.25711823		1.1666666	1	7.0	2.0		2.0	-1.3323787	
0.69705105	0.0	78	0	5	2	1	2	1	3	4	2	5	5	1	4	0.44434834	0.44434834	2.3333333	1	9.0	2.0	2.0	1.0	-0.13475038	1.0
	0.0	34	1	2	4	4	3	1	4									3.0	2	1.0	3.0	4.5	3.0	0.644674	
0.37404355	0.0	73	0	2	1	1	4	1	1	1	1	1	2	1	1	0.043715954	0.043715954	1.6666666	2	8.0	4.0	1.0	1.5	-0.92434233	1.0
	0.0	71	1	2	2	2	2	2	3		4	3	3	2	4	1.7428818	1.7428818	2.1666667	0	2.0	4.0	1.0	2.5	-0.25783375	1.0
0.70682806	0.0	66	0	2	1	3	1	2	2	2	2	2	3	3	4	1.5556517	1.5556517	1.8333334	1	3.0	2.0	3.5	3.0	-0.6977764	1.0
0.72856206	0.0	68	0	4	2	2	2	2	4	5	4	3	4	3	4	1.4443483	1.4443483	2.6666667	1	7.0	2.0	4.0	1.0	0.29663068	1.0
	0.0	68	0	1	2	1	2	1	2									1.5	0	7.0	2.0	2.5	1.0	-0.99057394	
	0.0	79	0	3	1	1	4	1	2	3	1	1	1	1	2	1.7428818	0.31521416	2.0	2	7.0	2.0	1.5	2.0	-0.52055746	1.0
0.4400465	0.0	76	0	1	1	2	2	1	2	1	2	2	2	1	1	1.2571182	0.60051775	1.5	2	10.0	3.0	3.5	2.0	-1.0072572	1.0
	0.0	71	0	3	2	2	2	2	2									2.1666667	1	6.0	2.0	3.5	3.5	-0.36025947	
	0.0	64	0	2	2	1	2	1	4	3	2	1	3	3	3	2.2571182	2.2571182	2.0	1	9.0	3.0	4.0	3.0	-0.33368382	1.0
0.69285065	0.0	73	0	2	2	2	3	1	2	2	2	2	3	2	2	1.956284	1.956284	2.0	1	5.0	3.0	2.0	2.0	-0.51477295	1.0
4.5326657	0.0	72	0		2	1	2	3	2	1	2	2	3	2	3				0	1.0	2.0	1.0	1.0		
	0.0	61	1	4	2	4	2	1	3									2.6666667	2	8.0	3.0	4.0	1.0	0.17947236	
0.282898	0.0	66	1	1	1	1	3	1	1	2	1	1	1	1	1	0.0480299	0.0480299	1.3333334	2	6.0	2.0	2.0	3.5	-1.245176	1.0
1.6705656	0.0	76	1	1	1	1	1	1	1	1	1	1	1	1	1			1.0	0	0.0	1.0	1.0	1.0	-1.585484	
	2.0	57	0	3	2	2	2	1	2	2	2	2	2	1	1	1.6847858	1.6847858	2.0	2	7.0	3.0	3.5	3.0	-0.5342474	1.0
0.48560604	0.0	69	1	2	2	3	3	2	2	2	2	3	3	2	2	1.9519701	1.9519701	2.3333333	1	5.0	3.0	3.0	2.5	-0.18581758	1.0
0.25066492	0.0	78	1	1	1	1	1	1	2	1	1	1	1	1	1	0.95628405	0.95628405	1.1666666	2	10.0	1.0	5.0	4.0	-1.3323787	1.0
5.7823834	0.0	77	1	2	2	2	2	2	3	2	4	3	3	2	4	1.4443483	1.4443483	2.1666667	0	3.0	1.0	3.0	1.0	-0.25783375	1.0
	0.0	74	1	1	1	2	1	1	1									1.1666666	2	7.0	2.0		3.0	-1.4305166	
2.1009047	0.0	69	0	1	1	1	1	1	1	2	1	2	2	1	2	2.956284	2.956284	1.0	1	7.0	3.0	1.0	1.0	-1.585484	1.0
1.539693	0.0	55	0	1	1	3	3	1	2	1	1	2	1	1	1	0.95628405	0.95628405	1.8333334	1	9.0	2.0	3.0	4.0	-0.68213576	1.0
2.4694963	0.0	75	0	2	5	1	1	1	3	2	1	1		1	1	2.043716	2.043716	2.1666667	0	8.0	2.0		2.5	-0.24199094	
1.3868914	0.0	61	0	3	2	3	4	3	3	2	1	2	3	2	2	0.68478584	0.68478584	3.0	1	5.0	3.0	1.5	3.5	0.56210923	1.0
	0.0	70	1	1	1	1	1	3	1	1	5	1	1	1	1	0.44434834	0.44434834	1.3333334	2	10.0	4.0	5.0	3.0	-1.2375082	1.0
0.2494072	0.0	77	1	1	1	1	3	1	1	1	1	1	1	1	1	0.0480299	0.0480299	1.3333334	2	7.0	2.0	1.0	2.5	-1.245176	1.0
1.1387793	0.0	46	1	1	2	1	1	1	2	1	2	2	3	3	4	0.7428818	0.9519701	1.3333334	1	2.0	3.0	1.0	1.5	-1.160728	1.0
0.8533742	0.0	43	0	2	4	2	4	1	2	2	4	3	2	2	1	1.043716	1.043716	2.5	2	7.0	2.0	3.5	3.0	-0.0013174342	1.0
	0.0	61	1	2	2	2	3	2	2	2	4	2	2	2	2	2.043716	2.043716	2.1666667	1	4.0	1.0	2.0	2.5	-0.34078503	1.0
	0.0	48	1	4	2	3	4	2	4									3.1666667	2	7.0	0.0	3.5	3.5	0.7919062	
0.46964788	0.0	77	1	2	3	2	4	2	4	3	2	2	3	2	3			2.8333333	1	3.0	3.0	1.5	1.0	0.50723034	
2.4367194	0.0	71	0	1	1	2		1	1	1	4	4	2	4	1	1.6847858	1.6847858		0	7.0	3.0	2.0	2.0		
0.35228005	0.0	79	0	1	2	2	2	1	3	1	4	2	2	1	4	2.043716	2.043716	1.8333334	2	8.0	3.0	3.5	2.0	-0.58250123	1.0
5.7823834	0.0	77	1	1	2	1	2	1	3	1	1	1	2	2	3			1.6666666	0	8.0	3.0	3.0	1.0	-0.73746866	
	0.0	78	0	3	2	2		1	2										1	7.0	3.0		3.0		
	0.0	48	1	1	1	1	1	1	1									1.0	0	8.0	1.0	1.0	1.5	-1.585484	
	0.0	38	1	3	2	2	3	1	2									2.1666667	2	7.0	3.0	3.5	2.0	-0.36409336	
0.8246977	0.0	44	0	1	1	3	2	1	2	1	2	2	1	1	1	0.39948225	0.39948225	1.6666666	2	8.0	3.0	4.0	4.0	-0.8522898	1.0
	0.0	69	1	3	3	1	2	1	3									2.1666667	2	3.0	3.0	1.0	1.5	-0.2644588	
2.6694143	0.0	65	0		1	3	1	1	1	3	1	3	2	2	2	0.043715954	1.5556517		0	10.0	3.0	4.0	2.0		
	0.0	74	1	1	1	1	2	1	1	1	1	1	1	1	1	1.956284	1.956284	1.1666666	1	8.0	3.0	1.0	1.0	-1.41533	1.0
	2.0	70	1	1	1	1	1	1	1									1.0	1	5.0	3.0	3.5	4.0	-1.585484	
	0.0	79	1	3	2	2	4	3	4	3	2	2	4	2	2	3.5556517	3.5556517	3.0	2	0.0	3.0		1.0	0.6602471	
0.58535707	0.0	47	1	4	3	4	3	2	3	4	2	4	4	2	3	3.5556517	3.5556517	3.1666667	2	2.0	1.0	1.0	1.5	0.69526505	1.0
1.6613947	0.0	44	0	2		1	2	3	4	3	1	5	2	3	4	2.043716	2.043716		1	0.0	3.0	3.0	1.0		
	0.0	79	1	1	2	2	4	2	2	1	2	1	4	2	3	1.043716	3.3994823	2.1666667	1	6.0	4.0		3.0	-0.32131055	
	0.0	70	1	2	2	2	3	2	3									2.3333333	1	4.0	2.0	2.0	2.0	-0.08767972	
1.52135	0.0	54	0	3	1	3	3	2	2	3	2	3	2	2	4			2.3333333	1	6.0	1.0	3.5	1.5	-0.20678873	
2.4220412	0.0	71	0	1	1	4	4	1	1		1	1	4	1	1	0.39948225	0.39948225	2.0	0	8.0	1.0		1.0	-0.6101196	
	0.0	63	0	1	4	3	2	2	3									2.5	2	9.0	3.0	2.5	3.5	0.08975557	
	0.0	61	1	1	1	1	2	1	1									1.1666666	2	10.0	1.0	3.5	2.5	-1.41533	
1.425112	0.0	60	0	1	2	2	3	3	2	1	4	2	2	2	2	0.95628405	0.95628405	2.1666667	1	7.0	4.0	2.5	1.0	-0.3174767	1.0
	0.0	40	1	4	3	4	3	2	2									3.0	2	3.0	3.0	3.0	1.0	0.44215974	
	0.0	64	0	1	1	1	1	1	1	1	1	1	1	1	1	3.2571182	3.2571182	1.0	2	5.0	3.0		3.5	-1.585484	
	0.0	57	0	1	1	1	2	2	2									1.5	1	7.0	4.0	1.0	1.0	-0.9882368	
	0.0	50	0	2	2	2	2	1	2	3	2	2	4	1	2	1.3994823	1.3994823	1.8333334	2	7.0	2.0	4.0	4.0	-0.684927	1.0
	0.0	74	0	1	1	1	2	1	2	1	1	2	2	1	2	0.0480299	0.31521416	1.3333334	2	8.0	3.0	3.0	4.0	-1.1622247	1.0
	0.0	40	0	1	1	1	1	1	1									1.0	2	9.0	3.0	2.5	1.0	-1.585484	
2.4134033	0.0	74	0	4	1	1	2	1	1	1	2	1	3	1	1	0.55565166	0.55565166	1.6666666	0	6.0	4.0	1.0	1.0	-0.9632913	1.0
	0.0	31	0	1	1	4	4	1	1									2.0	2	10.0	4.0	4.0	4.0	-0.6101196	
0.8434773	0.0	44	0	1	2	4	3	1	2	1	1	4	2	1	2	2.2571182	1.6005177	2.1666667	2	9.0	3.0	4.0	2.5	-0.35551763	1.0
0.4682049	0.0	69	0	3	1	2	4	1	4	3	1	1	3	4	2	1.956284		2.5	2	9.0	2.0	2.0	1.0	0.14062054	1.0
	0.0	51	1	4	5	2	1	3	2	3	5	3	3	2	4	0.55565166	0.55565166	2.8333333	2	0.0	1.0	2.5	1.0	0.30920616	1.0
0.77375644	0.0	57	0	4	1	1	1	2	1	4	1	1	1	1	1	1.4443483	1.4443483	1.6666666	2	10.0	2.0	3.0	1.0	-0.9594574	1.0
0.3604645	1.0	71	1	1	1	5		1	3	2	2	3	3	1	2				2	0.0	1.0	1.0	1.0		
	0.0	68	0	1	1	3	1	1	4	2	1	1	2	3	2	0.95628405	0.95628405	1.8333334	2	6.0	2.0	3.5	3.0	-0.51623327	1.0
2.4351563	0.0	80	0	1	1	2	4	1	3	1	1	5	4	1	5	1.956284		2.0	0	9.0	4.0	3.0	1.0	-0.4138439	1.0
	0.0	62	0	1	2	1	2	1	1	2	2	2	3	1	3	0.043715954	1.5556517	1.3333334	1	9.0	3.0	3.0	2.5	-1.2436793	1.0
1.4452541	0.0	60	0	2	2	1	2	1	1	1	3	2	3	3	4	0.0480299	0.0480299	1.5	1	5.0	2.0	2.5	3.5	-1.0929997	1.0
0.7219453	0.0	66	0	1	2	2	3	1	3	2	2	2	3	1	2	1.00719	1.00719	2.0	1	7.0	3.0	4.0	3.0	-0.4123472	1.0
0.4988431	0.0	72	1	1	2	1	1	1	2	1	2	1	1	1	1	1.3994823	0.9519701	1.3333334	1	6.0	3.0	1.5	1.0	-1.160728	1.0
	0.0	71	1	4	3	2	3	2	3									2.8333333	0	0.0	1.0	1.0	1.0	0.38533014	
	0.0	74	1	2	1	1	1	1	1	2	1	1	1	1	2	2.956284	2.956284	1.1666666	0	8.0	3.0	2.5	4.0	-1.4348044	1.0
	0.0	74	1	2	1	1	2	1	3									1.6666666	1	8.0	4.0	3.5	3.0	-0.75843984	
	0.0	44	0	2	1	3	2	1	1									1.6666666	1	8.0	4.0	4.5	4.0	-0.95471555	
2.1683874	0.0	29	0	1	1	2	4	1	1	2	1	1	2	1	1	1.5556517	1.5556517	1.6666666	1	8.0	2.0	1.5	2.0	-0.9200545	1.0
0.92503333	0.0	48	0	1	2	4	3	2	2	1	2	4	4	3	3	2.043716	0.0480299	2.3333333	2	8.0	3.0	4.5	2.5	-0.18152972	1.0
0.35521188	0.0	80	0	1	1	1	3	1	1	3	1	2	3	1	1	2.5556517	2.5556517	1.3333334	2	10.0	3.0	5.0	1.0	-1.245176	1.0
0.4177882	0.0	72	0	4	2	2	3	2	2	3	2	2	4	2	3	1.2571182	1.2571182	2.5	2	5.0	3.0	3.0	2.5	-0.039425876	1.0
	0.0	81	0	2	2	2	4	3	2									2.5	1	8.0	3.0	3.0	2.0	0.0033569203	
	0.0	73	1	2	1	1	2	1	1	2	1	2	2	1	2	2.04803	2.04803	1.3333334	0	7.0	3.0	2.5	2.5	-1.2646505	1.0
	0.0	70	1	4	2	5		1	3										1	5.0	2.0		1.0		
	0.0	63	0	5	1	1	1	2	5	5	2	1	1	1	5	3.5556517	3.5556517	2.5	1	10.0	3.0	2.5	1.0	0.20364335	1.0
	0.0	65	0	2	2	1	1	3	1									1.6666666	2	0.0	1.0	1.0	3.0	-0.91517794	
	0.0	70	1	4	1	1	1	1	1									1.5	1	3.0	1.0	2.0	2.0	-1.1334453	
	0.0	70	1	5	2	1	1	1	3	5	2	1	1	2	3	1.6847858	2.04803	2.1666667	0	3.0	1.0	3.0	1.5	-0.30490443	1.0
	0.0	32	0	4	3	4	2	1	1	3	2	5	4	1	2	0.95628405	0.95628405	2.5	2	10.0	3.0	5.0	4.0	-0.1550875	1.0
	0.0	64	1	2	5	2	4	1	1	5	1	1	3	1	1	2.04803	2.04803	2.5	0	2.0	2.0	1.0	2.0	-0.082772	1.0
1.0285267	0.0	59	1	2	1	2	4	2	3	3	2	2	4	2	3	1.956284	1.956284	2.3333333	1	6.0	3.0	1.0	1.0	-0.08917642	1.0
	0.0	31	1	4	3	4	2	1	1									2.5	2	6.0	4.0	2.5	4.0	-0.1550875	
0.23914036	0.0	77	1	1	1	1	2	1	1	2	1	4	4	1	2	1.4443483	1.4443483	1.1666666	2	10.0	1.0		1.0	-1.41533	
	2.0	33	1	4	1	2	2	1	1	3	1	1	3	1	1	0.60051775	0.60051775	1.8333334	2	8.0	4.0	3.5	2.5	-0.80832386	1.0
	0.0	31	1	4	4	4	4	3	3									3.6666667	2	3.0	1.0	2.0		1.2110577	
0.5048678	0.0	48	1	1	2	2	2	1	1	1	2	3	4	1	2	0.39948225	0.39948225	1.5	2	7.0	4.0	3.5	4.0	-1.0887119	1.0
	0.0	52	1	4	1	1	1	1	1									1.5	1	7.0	3.0	1.5	1.0	-1.1334453	
0.6991076	0.0	81	0	2	2	1	2	5	3	3	2	2	2	1	4	0.95628405	0.55565166	2.5	1	7.0	2.0	2.0	3.0	0.109162524	1.0
3.3016117	0.0	63	1	4	3	4	4	2	2	4	3	2	3	2	2	0.0480299	0.0480299	3.1666667	0	0.0	3.0	1.0	1.5	0.61231375	1.0
	0.0	50	0	3	1	5	1	1	3	2	2	5	4	2	2	2.7428818	2.7428818	2.3333333	2	3.0	2.0	1.5	3.0	-0.15804453	1.0
1.7685707	0.0	74	1	2	1	1	2	1	2	3	1	1	3	1	2	0.043715954	0.043715954	1.5	0	9.0	3.0	4.0	3.0	-1.0115452	1.0
	2.0	46	0	1	1	2	2	2	2	2	1		3	2	2	3.043716	3.043716	1.6666666	2	1.0	2.0	3.5	1.5	-0.83326936	1.0
5.7823834	0.0	44	0	3	2	4	2	1	2	3	2	4	3	2	2	0.95628405	0.95628405	2.3333333	0	7.0	3.0	2.5	4.0	-0.2243125	1.0
1.1322672	0.0	39	0	1	1	4	2	2	1	1	2	4	2	2	1	1.6847858	4.3994823	1.8333334	2	8.0	3.0	4.5	2.0	-0.7764398	1.0
0.9222766	0.0	52	0	3	1	1	1	1	2	3	1	2	2	1	2	0.25711823	0.25711823	1.5	2	7.0	3.0	3.5	4.0	-1.0310196	1.0
	0.0	57	1	1	1	1	1	1	1	1	2	2	2	1	1	2.043716	2.043716	1.0	2	8.0	1.0	3.0	1.0	-1.585484	1.0
	0.0	66	0	3	1	2	2	1	3	2	1	1	1	2	1	1.4443483	1.4443483	2.0	1	6.0	3.0		1.0	-0.45279282	
	0.0	82	0	2	2	1	2	2	1	1	5	1	1	1	2	0.043715954	0.043715954	1.6666666	2	8.0	2.0	2.5	1.5	-0.9190118	1.0
1.1322672	0.0	39	0	2	1	2	2	1	2	2	1	4	2	1	2	1.3994823	1.3994823	1.6666666	2	10.0	4.0	5.0	4.0	-0.8565777	1.0
	0.0	32	0	4	2	3	4	1	3									2.8333333	2	9.0	3.0	4.0	3.0	0.364813	
1.6875751	0.0	69	1	2	3	3	3	3	4	1	4	3	3	1	4	3.043716		3.0	0	3.0	1.0	1.5		0.66603166	
0.52113634	0.0	68	1	2	1	1	1	1	1	2	1	1	4	1	3	2.2571182	4.315214	1.1666666	1	3.0	1.0	1.0	1.0	-1.4348044	1.0
	0.0	50	1	2	3	4	4	4	4	1	4	5	5	2	4	1.3994823	1.3994823	3.5	2	6.0	2.0	3.5	4.0	1.165141	1.0
	0.0	44	0	4	1	4	3	2	1	1	2	1	1	1	1	1.2571182	1.2571182	2.5	1	8.0	3.0	4.5	4.0	-0.15424702	1.0
1.6618334	0.0	76	1	1	1	1	1	1	1	3	1	1	2	1	1	2.00719	2.00719	1.0	0	10.0	2.0	3.0	1.0	-1.585484	1.0
0.3555373	0.0	80	0	1	1	1	2	1	1	2	2	2	2	1	2	0.95628405	0.95628405	1.1666666	2	10.0	3.0	4.0	3.0	-1.41533	1.0
	0.0	71	1	3	2	2	3	1	2	4	3	2	3	2	2	1.2571182	1.2571182	2.1666667	2	5.0	3.0	2.5	2.0	-0.36409336	1.0
	0.0	61	0	2	3	2	3	3	2									2.5	2	4.0	1.0	4.0	2.0	0.004853618	
	0.0	36	1	3	3	4	2	1	2	2	3	3	2	5	1	4.043716	1.9519701	2.5	2	0.0	3.0	2.0	1.0	-0.052661773	1.0
	0.0	52	0	3	2	3	4	2	2									2.6666667	1	3.0	3.0	1.0	1.0	0.13501602	
	0.0	60	1	3	1	4	3	1	1									2.1666667	2	10.0	4.0	5.0	2.0	-0.4789145	
0.45353156	0.0	72	0	2	2	3	3	3	2	1	5	2	2	2	2	1.043716	1.043716	2.5	2	8.0	2.0	3.0	2.0	-0.0118296705	1.0
0.47751606	0.0	66	1	3	3	3	3	3	3									3.0	1	5.0	0.0	3.0	3.0	0.5636059	
	0.0	41	1	4	1	3	2	3	1	3	2	1	2	1	2	0.0480299	1.7428818	2.3333333	2	5.0	4.0			-0.30538058	
0.7900664	0.0	67	1	3	1	2	3	1	1	2	1	2	1	1	1	0.7428818	0.7428818	1.8333334	2	7.0	4.0	4.0	3.5	-0.78884935	1.0
0.73315734	0.0	65	0	2	2	3	2	1	2	1	1	2	2	1	3	0.043715954	2.04803	2.0	1	8.0	3.0	3.0	2.0	-0.5299595	1.0
2.3862984	0.0	70	0	4	2	3	4	2	3	2	2	3		2	3	1.6847858	1.6847858	3.0	0	8.0	2.0	3.5	1.0	0.5388009	1.0
	0.0	68	0	1	1	2	2	1	1	1	1	1	1	1	1	0.99281	0.99281	1.3333334	2	10.0	4.0	3.5	1.5	-1.2603625	1.0
	0.0	74	0	2	2	1	3	1	2	3	2	1	2	2	3	0.7428818	0.7428818	1.8333334	2	10.0	3.0	4.0	4.0	-0.6697404	1.0
0.5061556	0.0	70	1	4	1	1	1	1	1	3	1	1	2	2	1	0.95628405	0.95628405	1.5	1	9.0	3.0	3.0	4.0	-1.1334453	1.0
0.605374	0.0	43	1	4	1	2	4	1	2	4	1	4	2	1	1	0.95628405	0.95628405	2.3333333	2	7.0	2.0	1.0	1.5	-0.21491048	1.0
0.97213376	0.0	50	0	1	1	2	2	1	2	1	1	2	4	1	2	0.60051775	0.60051775	1.5	2	9.0	3.0	4.0	3.0	-1.0072572	1.0
0.7043963	0.0	71	0	3	2	3	1	2	2	3	2	2	3	2	2	0.043715954	0.043715954	2.1666667	1	5.0	3.0	4.0	2.0	-0.37544608	1.0
2.331841	0.0	80	0	1	2	4	4	1	3	1	2	3	4	1	2	0.0480299	0.0480299	2.5	0	7.0	3.0	1.0	3.5	0.067741714	1.0
	0.0	74	0	2	1	1	4	1	2	2	1	1	1	1	2	2.956284	2.956284	1.8333334	1	9.0	2.0	3.0	2.5	-0.67123705	1.0
1.2881197	0.0	87	1	2	2	3	2	1	2	3	3	2	2	2	2			2.0	1	0.0	2.0	1.0	1.0	-0.5299595	
0.86838907	0.0	39	0	3	2	3	3	3	3	3	3	3	3	3	3	2.043716	2.043716	2.8333333	2	7.0	0.0	3.0	3.0	0.3919552	1.0
	0.0	49	0	1	5	4	3	1	1	1	3	3	1	1	1	4.95197	4.95197	2.5	2	8.0	4.0	5.0	1.0	-0.093670726	1.0
	0.0	49	1	1	5	2	2	1	1	2	1	3	1	1	1	0.95628405	0.95628405	2.0	2	6.0	2.0	3.0	2.5	-0.5737596	1.0
	0.0	42	1	1	1	2	1	1	1									1.1666666	2	8.0	2.0	4.5	4.0	-1.4305166	
	0.0	53	0	2	1	2	1	1	2									1.5	1	6.0	4.0	4.5	1.0	-1.0267317	
1.0790769	0.0	48	1	3	1	3	2	1	2	3	2	4	3	3	2	0.0480299	0.0480299	2.0	1	0.0	4.0	2.5	2.0	-0.5509307	1.0
1.0646269	0.0	55	1	3	2	3	4	2	2	3	2	3	4	1	3	1.7428818	0.31521416	2.6666667	1	2.0	2.0	3.5	1.0	0.13501602	1.0
1.8621155	0.0	82	0	4	1	1	2	2	3	4	4	1	2	3	2	3.2571182	3.2571182	2.1666667	1	8.0	1.0	3.5	3.0	-0.2830928	1.0
0.49449757	0.0	67	1	1	2	1	1	1	2	1	2	2	2	1	1	1.7428818	1.7428818	1.3333334	1	8.0	1.0	4.0	4.5	-1.160728	1.0
	0.0	70	0	2	2	2	2	1	2	3	2	2	3	1	2			1.8333334	2	7.0	3.0	5.0	1.0	-0.684927	
2.5458097	0.0	61	1	3	3	4	5	4	5	1	4	3	1	1	2	3.7428818	3.7428818	4.0	1	6.0	2.0	2.5	4.0	1.73908	1.0
2.3282166	0.0	44	0	2	3	3	2	1	2	3	3	3	3	3	3	3.7428818	4.3994823	2.1666667	2	5.0	4.0	2.5	2.5	-0.3583088	1.0
0.561593	0.0	32	1	5	1	5	5	5	5	4	2	4	4	2	2	0.99281	1.9519701	4.3333335	2	8.0	1.0	4.0	4.0	2.026093	1.0
	0.0	36	1	1	1	2	2	1	2	1	1	3	1	1	5			1.5	1	0.0	0.0	1.0	1.0	-1.0072572	
	0.0	27	1	1	4	4	3	3	2	3	3	3	2	2	4	2.3994823	2.3994823	2.8333333	2	2.0	1.0	2.0	3.5	0.33575967	1.0
	0.0	33	0	2	2	3	2	1	2									2.0	2	8.0	4.0	5.0	2.5	-0.5299595	
	0.0	58	1	4	5		5	3	5										1	0.0	1.0				
3.7821667	0.0	49	1	4	2	4	5	2	3	3	2	3	5	3	4	1.7428818	1.7428818	3.3333333	0	7.0	1.0	4.0	2.0	0.86392236	1.0
0.47592837	0.0	76	1	3	2	2	3	2	3	2	3	4	4	2	3	0.95628405	0.95628405	2.5	1	8.0	2.0	3.0	1.5	0.06299985	1.0
	0.0	54	1	2	2	5	5	2	2	4	2	4	4	3	4	0.31521416	1.7428818	3.0	2	2.0	1.0	3.0	1.0	0.46442536	1.0
4.1958966	0.0	32	1	1	3	3	4	1	2	1	2	4	4	1	3	1.2571182	1.2571182	2.3333333	0	8.0	4.0	3.5	3.5	-0.1686803	1.0
5.7823834	0.0	30	0	1	1	4	1	1	1	4	1	4	1	1	1	0.99281	4.043716	1.5	0	4.0	1.0	4.0	3.0	-1.1205817	1.0
2.5069945	0.0	44	0	4	3	3	3	3	3	3	4	2	3	3	3	1.7428818	1.7428818	3.1666667	2	5.0	1.0	1.0	1.0	0.7142855	1.0
0.40570435	0.0	75	0	3	2	1	4	3	1	2	2	4	4	2	2	0.043715954	0.043715954	2.3333333	2	4.0	3.0	4.0	3.0	-0.25403625	1.0
	0.0	31	0	5	4	2	4	3	3									3.5	1	6.0	1.0	3.0	3.0	1.0518024	
	0.0	42	1	2	2	4	4	1	2	1	2	2	5	1	1	1.00719	1.00719	2.5	2	3.0	3.0	3.0	1.0	-0.03468401	1.0
	0.0	27	1	5	3	5	4	3	3	5		5	5	5	3			3.8333333	2	0.0	0.0	1.0	1.0	1.345054	
0.31377146	0.0	65	1	1	1	1	1	1	1	1	1	1	2	1	5	0.55565166	0.55565166	1.0	2	7.0	1.0	4.0	1.5	-1.585484	1.0
	0.0	52	0	3	2	2	1	1	1									1.6666666	2	8.0	3.0	4.0	4.0	-0.9575067	
	2.0	55	1	4	4	5	4	3	4									4.0	2	6.0	1.0	3.0	1.0	1.6191305	
1.359177	0.0	73	1	2	1	1	2	1	2	2	1	1	1	1	2	1.043716	1.043716	1.5	1	9.0	3.0	2.0	1.0	-1.0115452	1.0
	0.0	33	0	2	4	4	4	2	2									3.0	2	5.0	1.0	1.5	1.0	0.48260537	
	0.0	19	0	2	2	1	4	2	4	4	1	1	4	1	4	3.99281	3.99281	2.5	2	8.0	2.0	1.0	1.0	0.18061216	1.0
1.5688659	0.0	39	1	4	3	2	3	1	2	3	2	4	1	3	2			2.5	2	4.0	3.0	2.0	1.5	-0.041763052	
0.4567951	0.0	72	0	1	1	1	1	1	1	1	1	1	2	1	1	4.043716	4.043716	1.0	2	10.0	4.0	4.5	1.0	-1.585484	1.0
	0.0	67	0	2	1	1	2	1	3	2	1	1	1	1	1	0.0480299		1.6666666	2	7.0	3.0	2.0	1.0	-0.75843984	1.0
	0.0	40	0	2	2	4	4	2	3	1	2	3	4	1	2	0.31521416	0.31521416	2.8333333	2	7.0	3.0	5.0	1.5	0.3924092	1.0
0.9514942	0.0	36	0	4	1	3	2	1	2	4	1	2	4	1	2	1.6847858	4.3994823	2.1666667	2	8.0	1.0	3.5	3.0	-0.4002511	1.0
1.0792136	0.0	73	0	2	1	2	5	2	2	4	3	3	3	4	4			2.3333333	2	3.0	2.0	2.0	2.0	-0.17212768	
	0.0	41	0	5	1	3	5	3	3									3.3333333	0	0.0	2.0	3.0	2.0	0.8619717	
	0.0	25	0	2	2	3	3	3	4									2.8333333	2	1.0	1.0	1.0	1.0	0.49438092	
1.4707018	0.0	21	1	1	1	3	1	1	1	1	1	1	1	1	1	1.0480299	1.0480299	1.3333334	1	8.0	3.0	3.0		-1.2755492	
	0.0	78	1	2	2	4	4	2	4	1	2	4	3	2	4	0.68478584	3.3994823	3.0	1	7.0	3.0	1.0	2.0	0.6455145	1.0
0.43459672	0.0	79	0	2	2	1	2	2	2	2	2	1	2	2	2	1.0480299	1.0480299	1.8333334	2	6.0	4.0	4.0	2.0	-0.6659065	1.0
	0.0	21	0	2	2	2	4	2	3									2.5	1	6.0	2.0	4.0	3.5	0.082474306	
5.5436435	0.0	45	0	3	4	3	3	2	3	3	4	3	2	3	5	1.4443483	1.4443483	3.0	0	0.0	0.0	3.5	1.0	0.56126875	1.0
	0.0	26	0	4	2	4	4	4	4									3.6666667	1	7.0	0.0	2.5	1.5	1.2948494	
2.5348554	0.0	22	1	5	4	1	3	1	3	5	3	2	4	2	2	0.25711823	0.25711823	2.8333333	2	0.0	1.0			0.3787051	
5.7823834	0.0	73	1	1	2	1	2	1	1	2	2	2	2	1	2	3.5556517	2.3994823	1.3333334	0	3.0	1.0	1.0	2.0	-1.2436793	1.0
	0.0	28	0	4	2	3	4	2	3	4	2	4	2	1	3	0.7428818	0.9519701	3.0	1	2.0	1.0	3.5	2.0	0.5388009	1.0
	0.0	34	1	5	1	3	2	2	2									2.5	2	3.0	4.0	3.0	2.0	-0.07558362	
0.25846934	0.0	65	1	3	2	2	2	3	2	2	2	1	2	1	1	1.3994823	1.3994823	2.3333333	2	6.0	4.0	2.5	3.0	-0.18627158	1.0
	0.0	48	0	5	3	1	1	1	3	5	5			1	3	1.7428818	1.7428818	2.3333333	0	0.0	0.0	1.0		-0.1332537	
	0.0	35	1	5	2	3	3	3	4									3.3333333	2	5.0	1.0			0.94641966	
	0.0	68	1	2	2	3	3	3	3									2.6666667	1	5.0	2.0	1.0	2.5	0.24127562	
	0.0	70	0	2	1	1	2	1	1	1	2	1	2	3	2	0.043715954	0.043715954	1.3333334	1	10.0	4.0	4.0	2.0	-1.2646505	1.0
	0.0	44	1	5	3	5	3	1	4	1	2	3	2	4	3	1.5556517	1.5556517	3.5	2	7.0	2.0	3.0	2.5	1.0800295	1.0
0.24543172	0.0	80	1	4	1	1	1	1	1	2	1	1	1	1	1	2.043716	2.043716	1.5	2	10.0	1.0	1.0	2.0	-1.1334453	1.0
	2.0	45	1	2	2	2	2	2	2	2	2	2	2	1	2	0.043715954	1.6847858	2.0	2	5.0	4.0	4.0	4.0	-0.51093906	1.0
	0.0	33	0	3	3	2	2	4	3									2.8333333	2	5.0	2.0	2.5	3.0	0.41247237	
0.66994786	0.0	35	1	1	1	1	1	1	1	1	1	2	1	1	1	2.00719	2.00719	1.0	2	8.0	0.0	5.0	3.5	-1.585484	1.0
	0.0	63	0	4	1	2	3	1	2	2	2	3	4	1	2			2.1666667	2	0.0	2.0	3.5	1.0	-0.3850645	
0.7208841	0.0	25	1	4	4	4	4	2	3	4	3	4	3	2	4	0.39948225	0.39948225	3.5	2	0.0	1.0	2.5	2.0	1.0370698	1.0
0.7162625	0.0	23	1	5	5	5	4	2	5	5	5	4	4	2	4	1.3152142	1.3152142	4.3333335	2	0.0	2.0	2.5	4.0	2.0205781	1.0
	0.0	45	1	3	2	4	4	1	1	2	2	4	4	2	2	0.95628405	0.95628405	2.5	2	6.0	2.0	1.0	1.0	-0.13710974	1.0
	0.0	28	1	5	5	5	5	4	5									4.8333335	2	0.0	3.0	1.0	1.0	2.538708	
2.1995893	0.0	28	0	4	2	3	3	2	3	4	2	3	4	2	4	2.5556517	2.5556517	2.8333333	1	6.0	2.0		3.5	0.36864686	
	0.0	27	1	3	3	3	3	3	3									3.0	2	5.0	1.0	3.0	4.0	0.5636059	
	0.0	32	1	3	5	3	3	3	3	4	1	1	3	5	3			3.3333333	2	0.0	0.0	1.5	2.0	0.9069074	
	0.0	19	1	3	4	2	3	2	2	2	4	3	2	4	3	1.043716	1.043716	2.6666667	0	7.0	2.0	2.5	3.0	0.153196	1.0
0.93871605	0.0	54	0	2	2	4	4	3	3	3	4	2	2	2	2	0.44434834	0.44434834	3.0	2	0.0	3.0		1.0	0.5663971	
1.4788073	0.0	44	1	4	4	3	2	2	3	4	3	2	2	2	4	3.5556517	3.5556517	3.0	2	2.0	2.0	3.0	1.0	0.5417943	1.0
1.7761186	0.0	36	1	4	3	4	2	2	4	4	2	3	3	3	3	3.99281	3.99281	3.1666667	2	4.0	2.0	1.5	1.5	0.7782163	1.0
0.68934345	0.0	67	1	2	2	1	1	1	1	1	2	1	2	2	2	1.7428818	1.7428818	1.3333334	2	8.0	3.0	2.5	1.5	-1.2631537	1.0
0.5568327	0.0	47	1	2	2	3	3	1	1	3	2	4	3	1	2	0.25711823	0.25711823	2.0	2	6.0	3.0	3.5	2.5	-0.6129108	1.0
0.4887503	0.0	70	1	4	1	3	1	1	1	2	1	1		1	1	1.7428818	0.0480299	1.8333334	1	8.0	3.0	3.0	2.5	-0.8235104	1.0
1.4956216	0.0	49	0	1	1	1	2	1	1	2	1	1	1	1	1	1.7428818	1.7428818	1.1666666	1	5.0	2.0	1.0	1.0	-1.41533	1.0
	0.0	19	0	3	3	3			3										1	5.0	2.0		3.0		
0.72094	0.0	65	0		4	3	2	4		1	4	4	4	3	4	0.0480299	0.0480299		1	2.0	2.0	1.0	3.0		
	2.0	45	0	2	1	3	2	2	2	1	2	1	1	2	4			2.0	1	5.0	0.0	1.0	1.0	-0.52762234	
	0.0	65	1	2	2	2	2	2	2									2.0	2	3.0	3.0	2.5	2.0	-0.51093906	
5.7823834	0.0	72	1	3	4	3	3	3	3		5							3.1666667	0	0.0	0.0	1.0		0.7352567	
0.6841853	0.0	47	1	2	2	2	3	1	1	1	2	2	1	2	1	0.043715954	0.043715954	1.8333334	2	8.0	4.0	3.5	2.0	-0.76787823	1.0
	0.0	63	1	3	1	1	3	1	2	3	1	1	1	1	3	0.44434834	0.44434834	1.8333334	2	9.0	1.0	2.5	2.5	-0.6907115	1.0
0.6911502	0.0	73	0	5	1	1	1	2	1	1	1	1	1	1	1	2.6005177	2.6005177	1.8333334	1	3.0	1.0	1.5	1.0	-0.8087778	1.0
	0.0	42	1	1	1	1	1	1	3	1	1	1	1	1	1	0.31521416	0.31521416	1.3333334	2	10.0	2.0	3.0	3.0	-1.0792735	1.0
	0.0	31	1	4	3	4	4	2	2									3.1666667	2	3.0	1.0	1.0	1.5	0.61231375	
0.86888534	0.0	47	0	3	2	2	3	3	3		2	2	4	3		2.043716	2.043716	2.6666667	2	4.0	1.0	2.0	2.5	0.23698775	1.0
	2.0	39	0	2	2	4	2	2	2									2.3333333	1	8.0	3.0	3.5	4.0	-0.20100416	
0.71722347	0.0	24	1	4	4	4	5	3	3									3.8333333	2	1.0	2.0	3.0	3.0	1.3812118	
	0.0	64	1	1	2	1	1	1	1									1.1666666	2	6.0	1.0	1.0	1.5	-1.4138333	
	0.0	21	1	4	2	2	3	3	2	4	2	2	2	1	1	0.95628405	0.95628405	2.6666667	2	4.0	1.0	2.0	2.0	0.13456203	1.0
	0.0	46	0	4	2	4	4	1	1	4	3	4	4	4	5	2.3994823	2.3994823	2.6666667	1	2.0	2.0	3.0	1.0	0.013569836	1.0
	0.0	49	1	2	2	5	1	1	3									2.3333333	2	6.0	2.0	3.0	2.5	-0.13707337	
	0.0	36	1	3	3	3	3	3	3	3	3	3	3	3	3			3.0	1	0.0	0.0	3.0	3.0	0.5636059	
	0.0	71	1	4	4	2	4	2	3	4	3	1		2	2			3.1666667	2	3.0	2.0	2.5		0.7271349	
0.35581887	0.0	76	0	2	1	3	2	5	4	1	1	1	2	2	1	1.043716	1.043716	2.8333333	2	7.0	2.0	2.5	3.0	0.500552	1.0
	0.0	71	1	4	4	1	2	2	4	4	2	2	2	2	4	0.95628405	0.95628405	2.8333333	1	2.0	3.0	1.0	1.0	0.4849647	1.0
0.62132454	0.0	47	1	3	1	2	4	3	1	1	1	2	2	1	4	0.043715954	0.043715954	2.3333333	2	5.0	3.0	4.0	3.0	-0.27071953	1.0
	0.0	33	1	5	2	3	2	1	2									2.5	1	8.0	2.0	3.5	1.0	-0.0779208	
0.48996592	0.0	64	1	4	2	2	2	1	2	4	1	2	4	1	2	2.043716	2.043716	2.1666667	2	6.0	4.0	4.0	2.0	-0.3835678	1.0
	0.0	74	0	1	1	1	2	1	1	1	1	1	3	1	1	1.2571182	1.2571182	1.1666666	2	10.0	2.0	3.5	2.0	-1.41533	1.0
1.2294903	2.0	32	1	5	1	5	5	5	5	5	1	5	5	5	5	7.9928102	7.9928102	4.3333335	2	10.0	0.0	5.0	5.0	2.026093	1.0
1.5429206	0.0	53	0	2	2	3	4	2	4	3	2	3	4	2	3	0.60051775	0.60051775	2.8333333	1	9.0	3.0	4.0	4.0	0.49054706	1.0
	0.0	54	1	2	1	3	3	3	3	3	2	2	2	3	2	2.3994823	2.3994823	2.5	2	7.0	1.0	1.0	2.0	0.06962489	1.0
1.8991883	0.0	25	1	4	2	2	4	2	3	4	2	4	3	2	3	1.2571182	5.043716	2.8333333	2	5.0	1.0	2.5	1.5	0.38383347	1.0
	0.0	38	1	2	2	2	4	2	2	1	4	2	5	3	2	0.60051775	0.60051775	2.3333333	2	6.0	2.0	3.0	2.0	-0.17063099	1.0
	0.0	45	1	3	3	4	3	1	3									2.8333333	1	3.0	2.0	2.5	2.0	0.37059754	
	0.0	32	1	4	3	4	4	2	2									3.1666667	2	6.0	3.0	3.5	2.5	0.61231375	
2.3510106	0.0	42	0	3	2	5	5	5	4	3	2	4	4	2	2	1.5556517	1.5556517	4.0	2	1.0	0.0	1.0	1.5	1.6432793	1.0
	0.0	71	1	3	2	3	4	3	2									2.8333333	2	5.0	2.0	3.0	2.0	0.30900392	
	0.0	72	0	3	1	1	2	1	4	1	2	1	3	1	1	1.043716	1.043716	2.0	1	8.0	4.0	3.0	3.0	-0.35465497	1.0
0.4983533	0.0	73	1	4	2	3	3	3	4	4	5	3	4	3	4	4.9928102	1.5556517	3.1666667	1	7.0	1.0	3.5	2.0	0.79574007	1.0
	0.0	54	1	1	2	3	2	2	2									2.0	1	7.0	3.0	3.5	4.0	-0.50665116	
	0.0	21	0	5	3	2	3	1	2									2.6666667	2	5.0	2.0	2.0	3.0	0.10891652	
	0.0	51	1	4	2	2	3	3	4									3.0	1	6.0	1.0	3.5	2.0	0.64077264	
	0.0	63	1	3	2	3	3	2	4	3	2	2	3	1	3	5.04803	5.04803	2.8333333	2	6.0	4.0	3.0	1.0	0.47107258	1.0
1.0868831	0.0	21	0	4	4	4	4	2	3	4	4	4	4	3	4	0.39948225	0.39948225	3.5	2	0.0	1.0	2.0	2.0	1.0370698	1.0
	0.0	22	1	5	4	4	2	2	4									3.5	2	3.0	3.0	5.0	3.0	1.1005466	
0.7007151	0.0	79	0	1	1	1	1	1	1	1	1	1	2	1	1	1.043716	1.043716	1.0	1	10.0	3.0	2.0	1.0	-1.585484	1.0
	0.0	46	1	2	2	4	4	2	2	2	1	3	2	1	1	0.0480299	2.043716	2.6666667	2	6.0	3.0	3.0	3.0	0.1393039	1.0
	0.0	42	1	2	2	4	3	2	2									2.5	1	5.0	1.0		3.0	-0.030850137	
0.3806038	0.0	72	0	2	1	1	1	1	2	3	1	2	3	1	1	0.95628405	0.55565166	1.3333334	2	5.0	4.0	2.5	1.5	-1.1816992	1.0
0.6407201	0.0	43	1	3	2	4	4	3	2	2	2	3	2	4	2	2.7428818	2.7428818	3.0	2	5.0	2.0	2.5	2.0	0.46397138	1.0
0.45319504	0.0	67	0	1	1	1	1	1	1	1	1	1	2	1	1	0.7428818	0.7428818	1.0	2	10.0	4.0	4.0	3.0	-1.585484	1.0
	0.0	66	1	4	2		2	1	2	4	2	2	1	2	5	6.5556517	5.043716		2	0.0	2.0	1.0	1.0		
	0.0	49	0	1	1	3	2	1	3	2	1	4	2	1	2	1.9519701	1.9519701	1.8333334	2	7.0	1.0	5.0	3.5	-0.5991845	1.0
	0.0	61	0	5	2	3	4	2	4									3.3333333	2	3.0	2.0		1.0	0.94258577	
	0.0	45	0	3	2	4	4	2	3	4	2	4	4	4	3	0.043715954	0.043715954	3.0	2	0.0	2.0	4.0	3.5	0.54308873	1.0
	0.0	34	1	2	2	3	2	1	4									2.3333333	2	5.0	4.0	4.0	2.5	-0.023748925	
0.78613275	2.0	35	0	3	4	4	4		4	4	3	4	3	3	3	0.39948225	0.39948225		2	5.0	2.0		5.0		
1.9144566	0.0	41	0	1	1	1	2	1	1	4	1	2	3	1	1	0.95628405	0.95628405	1.1666666	1	6.0	1.0	3.0	2.0	-1.41533	1.0
0.28275508	0.0	70	1	4	3	2	3	2	3	4	3	2	2	2	3	2.7428818	2.7428818	2.8333333	2	7.0	1.0	2.0	2.5	0.38533014	1.0
	0.0	37	0	4	2	4	3	1	4									3.0	2	8.0	3.0	3.5	3.0	0.6027317	
2.4571798	1.0	25	1	4	4	4	3	3	4	4	4	4	4	2	4	1.043716	1.043716	3.6666667	1	3.0	1.0	1.5	2.0	1.294009	1.0
	0.0	63	0	2	2	1	3	1	2	3	2	2	3	1	2	0.44434834	0.44434834	1.8333334	0	8.0	3.0	3.0	3.5	-0.6697404	1.0
0.9769383	0.0	20	0	2	5	2	1	3	1	4	3	2	4	1	2	2.2571182	6.043716	2.3333333	2	3.0	1.0	4.5	4.0	-0.24525829	1.0
0.7231789	0.0	40	1		3	1	4	2	3	3	2	4	2	4	2	1.956284	1.956284		2	0.0	3.0	4.0	1.0		
	0.0	67	1	2	1	1	2	1	1	2	1	1	1	1	1	2.043716	2.043716	1.3333334	2	7.0	2.0	2.0	1.0	-1.2646505	1.0
	0.0	21	0	1	4	4	4	3	3									3.1666667	2	5.0	3.0	3.0	3.0	0.75901896	
	0.0	56	1	2	1	1	2	1	1									1.3333334	2	7.0	2.0	3.5	3.0	-1.2646505	
	0.0	50	1	2	2	4	4	2	3									2.8333333	2	0.0	2.0	2.0	3.5	0.3924092	
	0.0	19	1	4	3	4	4	2	2									3.1666667	1	5.0	1.0	3.5	3.5	0.61231375	
	0.0	19	0	2	1	4	1	1	3									2.0	1	7.0	3.0	3.0		-0.46369153	
	0.0	72	1	1	2	3	4	1	1									2.0	1	6.0	3.0	2.5	2.5	-0.5934363	
	0.0	33	0	3	4	2	4	1	3									2.8333333	1	6.0	1.0	2.5	1.0	0.40246743	
	0.0	21	0	3	2	5	4	1	4									3.1666667	1	8.0	4.0	3.0	3.0	0.7771736	
	0.0	22	0	3	4	5	3	1	3									3.1666667	2	6.0	1.0	4.0	2.5	0.69721574	
	0.0	44	0	4	4	3	4	2	4									3.5	2	6.0	3.0	3.0	2.0	1.1352077	
	0.0	19	1	4	2	4	4	3	2									3.1666667	1	7.0	1.0	2.5	3.0	0.61465096	
	0.0	31	1	4	2	2	4	2	2									2.6666667	2	6.0	1.0	3.5	4.0	0.13072816	
	0.0	50	1	5	1	5	5	5	5									4.3333335	1	0.0	1.0		2.0	2.026093	
	0.0	49	0	4	2	3	4	1	2	3	2	2	2	2	2	1.2571182	0.60051775	2.6666667	2	4.0	2.0	1.5	4.0	0.11170769	1.0
	0.0	48	1	2	3	2	4	2	3	4	2	2	4	1	4	5.04803	5.04803	2.6666667	1	5.0	1.0	1.0	1.0	0.25412503	1.0
	0.0	32	1	2	1	2	4	2	2	4	2	4	3	1	4			2.1666667	2	0.0	2.0	1.0	2.5	-0.34228173	
0.7314063	1.0	69	0	3	2	2	2	3	2	1	2	1	2	3	4	1.8319135	1.8319135	2.3333333	1	7.0	4.0	2.5	2.0	-0.18627158	1.0
	1.0	71	0	2	3	2	2	2	1									2.0	2	8.0	2.0	2.0	1.0	-0.59239364	
	1.0	71	0	3	3	5	5	3	4		5	5	5		4	2.8319135	2.8319135	3.8333333	0	5.0	2.0	1.0	1.0	1.4669541	1.0
	1.0	64	0	1	1	1	2	1	1									1.1666666	2	9.0	2.0	4.0	4.0	-1.41533	
	0.0	61	0	1	1	1	1	1	1	1	1	1	1	1	1	0.17118502	0.6657629	1.0	1	8.0	2.0	3.0	2.5	-1.585484	1.0
0.34950247	1.0	88	0	1	1	4	4	1	3	1	1	4	3	2	2			2.3333333	2	5.0	2.0	1.0	2.5	-0.103909016	
	1.0	71	0	1	1	2	3	1	1									1.5	2	8.0	3.0	4.5	4.5	-1.0902085	
	1.0	59	0	3	3	5	3	3	4									3.5	0	6.0	1.0	2.5	3.0	1.1266462	
	1.0	62	1	3	1	3	2	3	1									2.1666667	1	8.0	1.0	2.5	3.5	-0.45606017	
	1.0	54	1	2	5	5	4	3	5	4	5	5	4	3	4	0.8319135	0.8319135	4.0	2	4.0	2.0	3.5	1.5	1.7425274	1.0
	1.0	44	1	2	4	4	4	1	2									2.8333333	2	7.0	1.0	3.0	1.0	0.30861744	
	2.0	81	0	3	2	4	4	2	2	3	2	3	2	3	2	0.8319135	0.8319135	2.8333333	1	6.0	1.0	3.0	2.0	0.28998348	1.0
	1.0	71	1	2	1	2	2	3	2	2	2	1	2	2	1			2.0	2	9.0	3.0	4.0	2.5	-0.50860184	
0.9094273	1.0	44	1	1	2	1	2	2	2	1	2	2	2	2	4	0.16808653	0.16808653	1.6666666	2	0.0	2.0	1.0	1.0	-0.8165861	1.0
3.7562635	0.0	78	1	1	2	2	5	4	3	1	3	2	4	3	4			2.8333333	0	0.0	2.0	1.0	1.0	0.4499246	
0.8443058	1.0	52	0	2	1	1	2	3	3	3	1	1	3	3	3	1.7811775	1.7811775	2.0	2	6.0	3.0		2.5	-0.41046402	
	1.0	56	0	2	2	2	2	2	2									2.0	0	4.0	2.0	1.0	1.0	-0.51093906	
	2.0	51	0	1	1	4	5	2	2	1	2	1	4	1	2	1.8319135	1.8319135	2.5	2	6.0	2.0	1.0	1.0	-0.012872374	1.0
	1.0	65	0	2	1	1	3	1	3	3	2	4	3	3	3	0.8319135	0.8319135	1.8333334	1	7.0	2.0	3.0	1.0	-0.5882858	1.0
0.09536587	2.0	69	1	2	2	2	2	2	2	4	2	4	2	3	2	3.1680865	3.1680865	2.0	2	7.0	3.0	2.5	4.0	-0.51093906	1.0
	1.0	80	0	4	2	4	4	2	4	4	4	2	5	4	4	2.1680865	2.1680865	3.3333333	2	1.0	3.0	2.0	1.0	0.9468736	1.0
1.7660269	1.0	79	1	1	2	3	3	2	4	1	2	2	4	2	2	2.1680865	2.1680865	2.5	0	5.0	1.0	3.0	1.5	0.16971344	1.0
	2.0	43	0	1	1	1	2	1	1									1.1666666	2	8.0	2.0	4.0	4.0	-1.41533	
0.9898078	2.0	64	1		1	4	3	4	4	4	2	4	4	3	3				2	6.0	3.0	4.0	3.0		
	2.0	40	1	4	2	5	5	2	4	4	2	5	5	2	4	1.3342371	0.39852834	3.6666667	2	8.0	3.0	5.0	4.0	1.2719951	1.0
	1.0	48	1	2	5	5	3	3	5									3.8333333	2	0.0	2.0	1.0	1.0	1.5723733	
	2.0	77	1	1	2	2	1		2	1	1	2	2		2	2.6014717	2.6014717		1	10.0	2.0	4.5	4.0		
1.8541561	1.0	72	1	3	4	4	4	3	4		2	2	3	3	3	2.6014717	2.6014717	3.6666667	0	3.0	2.0	2.0	3.5	1.3134835	1.0
0.28585818	2.0	79	1	1	1	3	2	2	1	1	1	1	2	1	2		1.8319135	1.6666666	1	10.0	2.0	3.5	4.0	-0.9314072	
1.7815756	1.0	64	1	3	1	1	1	1	3	4	2	1	3	1	3	0.21882248	0.21882248	1.6666666	1	4.0	2.0	2.0	2.0	-0.7779143	1.0
	1.0	66	0	2	1	2	2	2	2	1	1	1	1	1	1	1.6657629	1.6657629	1.8333334	0	9.0	3.0	1.0	1.0	-0.68258977	1.0
	1.0	51	1	2	2	2	2	2	2	2	2	4	4	2	2	0.21882248	2.1680865	2.0	2	7.0	3.0	2.0	4.0	-0.51093906	1.0
	1.0	68	0	1	2	2	3	1	1	1	2	2	2	3	1	0.8319135	0.8319135	1.6666666	2	7.0	3.0	3.0	1.5	-0.9185578	1.0
1.8549457	1.0	62	1	4	5	1	1	1	1	3	2	1	3	2	1	2.334237	2.334237	2.1666667	1	2.0	1.0	1.0	2.0	-0.4468424	1.0
0.31237897	1.0	66	0	1	1	4	3	3	1	1	2	1	1	1	1	1.8319135	1.8319135	2.1666667	2	9.0	3.0	4.0	3.5	-0.43229783	1.0
	1.0	69	1	1	3	3	4	3	1	3	3	1	3	2	3	2.334237	2.334237	2.5	0	1.0	2.0	1.0		-0.07380978	
	1.0	75	0	4	3	4	4	3	3	3	2	2	3	2	3	1.8319135	1.8319135	3.5	1	8.0	2.0	3.5	2.5	1.039407	1.0
0.6683417	1.0	63	0	3	3	2	3	2	3	3	2	2	4	2	3	0.21882248	0.21882248	2.6666667	2	2.0	1.0	1.5	2.0	0.23465058	1.0
0.73014444	1.0	61	0	1	2	2	2	2	4	2	2	4	2	2	2	0.74283504	0.74283504	2.1666667	2	5.0	3.0	3.0	1.0	-0.15540802	1.0
	1.0	61	1	2	2	2	3	3	3	3	2	2	2	3	2	0.3342371	0.3342371	2.5	1	8.0	2.0	3.5	2.0	0.08630818	1.0
0.2947968	2.0	69	1	1	2	4	3		3	1	5	1	5	3	3	0.16808653	0.16808653		1	5.0	3.0	2.0	3.0		
1.6703261	2.0	39	1	2	5	5			3	3	4	3	4	3	3	0.16808653	0.16808653		2	5.0	3.0		2.0		
0.89894915	1.0	49	0	3	2	2	3	2	2	4	2	3	3	3	3	1.3342371	1.3342371	2.3333333	2	8.0	2.0	3.0	2.0	-0.19010545	1.0
1.7775648	1.0	63	1	2	2	2	4	2	2	4	3	4	4	2	4	0.21882248		2.3333333	1	7.0	3.0	2.0	2.0	-0.17063099	1.0
0.7834451	1.0	74	1	3	4	3	4	2	4	3	3	2	4	3	4	0.25716496	0.25716496	3.3333333	1	5.0	1.0	2.5	3.0	0.98452806	1.0
	2.0	60	1	1	2	3	1	2	1	1	1	3	2	3	2	3.334237	3.334237	1.6666666	1	7.0	1.0	2.5	5.0	-0.9299105	1.0
	1.0	71	0	1	2	2	2	1	2	1	2	1	3	2	2			1.6666666	1	3.0	2.0	1.0	1.0	-0.8356065	
	0.0	52	0	1	2	3	2	2	2									2.0	2	10.0	3.0	3.0	2.0	-0.50665116	
	1.0	59	1	4	2	1	4	3	4	3	2	4	4	3	3	2.1680865	2.1680865	3.0	0	0.0	1.0	3.0	1.0	0.6559592	1.0
	1.0	44	0	2	5	5	4	5											2	7.0	3.0		1.0		
	1.0	70	0	2	2	4		2	3										2	5.0	3.0	3.5	2.0		
1.6740073	1.0	73	0	1	1	1	1	1	1	1	1	1	2	1	1	0.16808653	0.16808653	1.0	0	8.0	1.0	4.0	4.0	-1.585484	1.0
5.7823834	2.0	65	0	3	2	3	4	3	3	2	2	2	3	2	4	0.3342371	0.3342371	3.0	0	5.0	2.0	2.0	1.0	0.56210923	1.0
1.2043258	1.0	72	0	4	3	1	3	2	3	4	3	1	3	2	3	2.2188225	2.2188225	2.6666667	1	0.0	2.0	1.5	1.0	0.23036271	1.0
0.67581767	1.0	84	0	2	3	2	4	3	3	1	5		5		5	0.8319135	0.8319135	2.8333333	1	10.0	3.0		3.0	0.42811295	
1.0494727	1.0	48	0	2	1	2	2	2	1	1	1	4	4	3	1	3.2188225	1.6014717	1.6666666	2	10.0	2.0	4.5	5.0	-0.93569505	1.0
	1.0	68	1	4	3	3	3	2	4									3.1666667	1	1.0	1.0	1.0	3.0	0.7934029	
	1.0	57	1	2	2	1	1	1	1									1.3333334	2	7.0	2.0	3.5	3.0	-1.2631537	
2.022299	1.0	52	1	4	4	2	2	3	4	4	4	4	4	3	4	2.7811775	2.7811775	3.1666667	1	3.0	1.0	2.0	1.0	0.8139201	1.0
0.34980473	1.0	67	0	2	2	2	3	3	3	3	2	1	4	3	3	0.7811775	0.7811775	2.5	2	8.0	1.0		2.0	0.08630818	
	1.0	56	0	4	1	1	1	1	1									1.5	1	10.0	3.0	4.5	3.0	-1.1334453	
0.3275981	1.0	65	0	2	3	1	4	1	3	4	4	1	4	3	2	2.665763	2.665763	2.3333333	2	4.0	2.0	1.0	3.0	-0.07483031	1.0
	1.0	54	0	1	1	2	1	1	1	1	1	4	4	1	1	3.7811775	1.8319135	1.1666666	2	8.0	2.0	4.0	3.0	-1.4305166	1.0
0.8521043	1.0	42	1	3	5	3	3	3	5	5					5			3.6666667	2	0.0	1.0		1.0	1.413118	
	1.0	76	0	1	2	2	3	2	2	2	2	3	3	2	2	1.7811775	1.7811775	2.0	1	10.0	2.0	1.5	2.0	-0.49146459	1.0
1.7598796	1.0	61	0	1	2	1	2	1	1	1	2	2	2	2	1	0.7811775	0.7811775	1.3333334	1	7.0	2.0	2.0	2.5	-1.2436793	1.0
4.01552	2.0	62	1	1	2	4	2		1		1	4	4	3	1	0.16808653	0.16808653		1	6.0	1.0	1.0	3.0		
2.2335863	1.0	46	1	2	1	3	2	1	2	1	1	1	1	1	1	2.334237	2.334237	1.8333334	1	5.0	2.0	3.0	4.0	-0.70161027	1.0
	1.0	35	1	2	2	5	4	3	2									3.0	2	4.0	1.0	2.5	1.5	0.46825925	
	2.0	36	0	4		3	3	3			5	3	3		5				2	0.0	0.0	3.0	3.0		
4.641714	1.0	58	1	4	1	2	2	3	2	4	1	2	2	2	2	3.1680865	3.1680865	2.3333333	0	0.0	1.0	1.0	1.0	-0.20724273	1.0
0.76916116	1.0	55	0	2	3	3	3	4	3	3	3	5	5	2	4	2.171185	2.171185	3.0	2	7.0	2.0	3.5	1.0	0.58691424	1.0
	1.0	59	0	3	3	2	3	4	4	3	2	3	3	4	2			3.1666667	1	8.0	3.0	3.5	1.0	0.8357317	
0.83479935	2.0	52	0	1	1	1	4	1	1	1	1	1	1	1	1			1.5	2	7.0	3.0	5.0	1.0	-1.075022	
	1.0	52	0	2	2	1	1	3	2	2	1	1	3	3	1	2.8319135	2.8319135	1.8333334	2	10.0	2.0	5.0	1.0	-0.6620726	1.0
	2.0	47	0	3	1	1	2	3	1	1	2	1	1	3	1	0.8319135	0.8319135	1.8333334	2	8.0	2.0	2.5	1.5	-0.765995	1.0
	1.0	52	0	4	3	4	4	3	4									3.6666667	2	6.0	3.0	3.5	1.0	1.2925123	
	1.0	62	1		2	3	3	3	3	3	2	4	5	2	4	3.1680865	3.1680865		2	8.0	1.0	2.0	2.5		
5.7823834	1.0	62	1	3	3	1	3	1	3		4	3		3	4	0.21882248	0.21882248	2.3333333	0	1.0	1.0	1.0		-0.09430477	
1.5977567	1.0	62	0	3	3	3	5	3	3	3	3	3	3	3	3	2.334237		3.3333333	1	6.0	2.0	3.0	1.0	0.903914	1.0
	2.0	35	1		3					4			3		4				2	0.0	1.0				
	1.0	68	1	2	2	1	1	3	2	1	1	2	2	4	2	0.7811775	1.1680865	1.8333334	1	6.0	2.0	1.0	1.0	-0.6620726	1.0
	1.0	72	1	1	1	1	2	2	1	1	1	2	1	3	1	1.8319135	1.8319135	1.3333334	2	10.0	2.0	3.5	3.0	-1.2413421	1.0
	1.0	66	1	1	1	2	1	1	1									1.1666666	2	7.0	1.0	4.0	4.0	-1.4305166	
1.8963528	1.0	70	1	1	2	2	4	1	1	1	2	1	4	1	2	1.1680865	1.1680865	1.8333334	0	5.0	2.0	1.0	4.0	-0.7484038	1.0
2.881015	1.0	56	0	3	2	1	1	3	2	1	2	5	1	1	2			2.0	1	7.0	2.0	3.0	1.0	-0.5113931	
1.022262	1.0	50	1	2	1	2	3	2	1	1	2	2	2	2	2	1.7811775	1.7811775	1.8333334	2	8.0	3.0	4.5	2.0	-0.765541	1.0
0.7812174	1.0	69	1		2	1	3	1	4		2	3		1	1				1	0.0	1.0	1.0	1.0		
	1.0	73	1	2	2	2	2	2	2	1	1	1	1	1	1	1.7811775	0.16808653	2.0	0	7.0	1.0	3.0	1.0	-0.51093906	1.0
0.41946787	1.0	73	1	3	1	2	1	3	1	2	1	1	1	2	1	0.16808653	0.16808653	1.8333334	2	8.0	3.0	3.5	3.0	-0.78118163	1.0
0.88363814	1.0	49	1	3	3	3	4	4	4	3	4	3	2	4	4	2.334237	2.334237	3.5	2	0.0	2.0	3.0	3.0	1.1608531	1.0
0.81711054	1.0	66	1	3	4	2	3	3	2	3	2	4	3	3	2	0.8319135	0.8319135	2.8333333	1	4.0	2.0	3.0	3.0	0.32718393	1.0
	2.0	70	1	2	2	4	3	4	2									2.8333333	0	5.0	3.0	2.0	1.0	0.31712568	
	2.0	49	1	3	3	3	3	3	3	4	3	4	4	3	2			3.0	1	5.0	2.0	2.0	1.0	0.5636059	
2.725208	2.0	77	0	2	2	1	2	3	2	1	1	1	2	1	2	0.39852834	0.39852834	2.0	0	8.0	2.0	3.0	2.0	-0.4919186	1.0
	1.0	77	1	3	3	1	3	2	2									2.3333333	1	1.0	2.0	1.0	3.0	-0.17342216	
	1.0	59	0	1	1	3	4	2	4	1	1	2	5	3	1			2.5	2	4.0	3.0		1.0	0.16821675	
	1.0	60	0	1	4	2	4	2	3	2	3	4	4	1	3	0.17118502	0.17118502	2.6666667	2	2.0	2.0	1.5	1.0	0.2750962	1.0
	1.0	71	1	1	1	1	2	4	1	1	1	2	3	3	2	1.6014717	1.6014717	1.6666666	2	6.0	2.0	2.0	2.0	-0.8933663	1.0
	1.0	64	1	5	1	1	1	1	1	2	1	1	1	1	3			1.6666666	2	10.0	2.0	5.0	1.0	-0.98276573	
2.2781632	1.0	42	1	5	5	4	3	4	4	5	5	5	4	4	4	0.6657629	0.6657629	4.1666665	1	5.0	2.0	5.0	1.0	1.7903272	1.0
	2.0	48	0	1	2	4	5	3	2	1	2	5	2	1	1	0.7811775	0.7811775	2.8333333	2	10.0	2.0	4.0	2.0	0.33276626	1.0
	1.0	49	0		3	5	4	3	5										2	3.0	1.0	1.5	2.0		
0.32682934	1.0	74	0	2	3	1	2	2	3	2	2	4	2	2	3	0.8319135	0.8319135	2.1666667	2	7.0	3.0	2.5	3.0	-0.24115047	1.0
1.0909226	2.0	51	0	5	2	4	5	5	5	3	2	2	1	5	4	0.16808653		4.3333335	2	10.0	2.0	3.0	1.0	2.0427763	1.0
	2.0	75	0	1	2	4	4		4	1	2	4	4	4	4				2	1.0	2.0	1.0	2.0		
1.6072491	2.0	55	1	1	2	1	4	2	2	1	2	2	2	2	1	0.16808653	0.16808653	2.0	2	7.0	2.0	4.0	3.5	-0.476278	1.0
1.0089618	1.0	52	1	1	2	2	3	2	2	1	1	3	2	3	2	1.2188225	1.2188225	2.0	2	3.0	2.0	3.5	2.5	-0.49146459	1.0
	2.0	58	1	3	5	4	4	2	2	1	4	5	3	2	2	0.8319135	0.8319135	3.3333333	2	6.0	2.0	3.0	3.0	0.80493563	1.0
	1.0	53	0		4	3	3	3	3	1	4	2	4	3	3		2.8319135		2	6.0	1.0	2.0	1.0		
4.141286	1.0	64	1	2	2	2	2	2	2	2	4	2	2	2	2	1.3342371	1.3342371	2.0	0	5.0	2.0	2.0	1.5	-0.51093906	1.0
	1.0	71	1	2	3	3	4	3	3	3	5		3		1	2.334237	2.334237	3.0	2	0.0	1.0	1.0		0.5830804	
	1.0	36	1	1	2	1	1	2	2									1.5	1	7.0	2.0	3.5	2.5	-0.9867401	
0.811186	1.0	58	1	1	5	4	5	3	5	1	3	3	4	3	4	2.7811775	0.8319135	3.8333333	2	4.0	2.0	3.0	2.5	1.6070343	1.0
1.3459219	2.0	60	1	2	2	3	4	3	3	3	2	2	4	3	3	0.25716496	0.25716496	2.8333333	2	7.0	3.0	4.0	3.0	0.41142964	1.0
	1.0	40	0	1	1	5				1	1	1	1	1	1	0.8319135	0.8319135		1	10.0	2.0	5.0	5.0		
0.76745003	1.0	80	1	2	1	2	3	1	1	1	2	3	3		1	2.8319135	2.8319135	1.6666666	1	10.0	2.0	3.5	1.0	-0.93952894	1.0
0.3166109	1.0	74	0	2	2	2	3	2	3	1	2	1	4	3	3	2.8319135	2.8319135	2.3333333	2	5.0	3.0	1.0		-0.08767972	
	1.0	36	0	2	1	5	1	3	1									2.1666667	2	9.0	3.0	4.0	4.0	-0.46695888	
	1.0	33	1	5	4	4	4	2	2									3.5	1	0.0	3.0		1.0	0.93464404	
	1.0	51	0	4	1	4	3	3	2									2.8333333	2	8.0	2.0	3.5	1.0	0.2728462	
	1.0	47	1	3	2	2		3	3	3	5	2	3	4	2	0.17118502	0.17118502		1	6.0	0.0	1.0	1.0		
	1.0	53	1	2	1	1	2	2	1	2	1	1	2	3	1	4.334237	3.3985283	1.5	2	8.0	3.0	3.5	2.5	-1.0906625	1.0
1.6754361	1.0	63	0	2	3	1	5	3	3	3	2	1	1	3	2	3.1680865	3.1680865	2.8333333	1	5.0	1.0	2.0	3.0	0.44329953	1.0
0.7908916	1.0	66	0	1	2	1	1	1	1	1	2	1	1	1	1	0.21882248	0.21882248	1.1666666	1	8.0	3.0	3.0	1.0	-1.4138333	1.0
1.4128408	1.0	45	0	2	1	3	2	5	2	2	2	2	2	2	2	0.8319135	4.398528	2.5	2	6.0	0.0	2.5	2.5	-0.0056586186	1.0
1.3157943	1.0	58	0	5	1	1	2	1	1	4	2	1	1	4	4			1.8333334	2	1.0	1.0	1.0	1.5	-0.8126117	
0.7155379	1.0	69	0	2	2	5	3	3	1	2	2	3	2	3	2		2.828815	2.6666667	1	8.0	2.0	3.0	1.0	0.044999916	
	1.0	67	0	1	1	2	2	1	1									1.3333334	2	8.0	3.0	3.5	2.5	-1.2603625	
0.7263044	1.0	74	0	1	1	1	2	3	1	1	1	1	2	2	1	0.3342371	0.60147166	1.5	1	8.0	2.0			-1.0673542	
4.057729	1.0	51	0	2	2	2	2	2	2	3	2	3	3	3	3	3.2188225	3.2188225	2.0	0	7.0	1.0	4.0	4.0	-0.51093906	1.0
0.29510155	1.0	73	0	2	2	4	3	3	2	1	1	4	2	2	4	5.334237	5.334237	2.6666667	2	4.0	0.0	2.0	1.5	0.14313777	1.0
	1.0	37	0	4	4	4	4	4	2	4	2	1	5	1	3	0.21882248	2.1680865	3.6666667	2	9.0	2.0	4.5	3.0	1.1319404	1.0
1.8075955	1.0	68	0	1	1	2	2	2	2	1	2	2	3		2	0.8319135	0.8319135	1.6666666	0	7.0	3.0	4.0	3.0	-0.83326936	1.0
	1.0	50	0	1	3	2	1	4	4									2.5	2	5.0	2.0	2.0	1.0	0.19406448	
	1.0	46	1	4	3	3	4	3	2									3.1666667	1	4.0	1.0	1.0	2.5	0.63133425	
	2.0	33	1	1	2	4	3	3	3									2.6666667	2	6.0	1.0	2.5		0.24556349	
1.921121	2.0	33	1	1	2	5	5	4	1	4	2	4	4	4	2	0.16808653	0.16808653	3.0	2	4.0	1.0	4.0	1.0	0.4086163	1.0
	1.0	58	1	5	4	3	4		5										1	3.0	1.0	1.5	1.5		
	1.0	30	1	2	5	2	3	4	4									3.3333333	1	0.0	2.0	1.0	1.0	1.0283536	
	2.0	31	1	3	4	3	1	4	2									2.8333333	2	6.0	1.0	2.0	2.5	0.3158312	
0.8821135	1.0	52	1	3	2	3	3	3	3		2		4	3	3	2.828815	2.828815	2.8333333	2	7.0	0.0	3.0	2.0	0.3919552	1.0
1.0620564	1.0	38	1	4	5		3	2	3	4	5	2		3	4	2.2188225	2.2188225		2	1.0	0.0	1.0			
0.32054842	1.0	81	0	3	4	1	3	2	4	4	4	2	3	5	5		2.1680865	2.8333333	2	3.0	1.0	2.5	2.5	0.5044392	
	1.0	47	1	2	4	3	4	3	2									3.0	2	3.0	1.0	2.0	2.0	0.50162584	
	1.0	22	1	3	3	3	1		4										0	0.0	0.0	4.0	2.5		
	1.0	36	1	3	4	4	4	3	2									3.3333333	2	6.0	2.0	1.5	1.0	0.80727285	
	1.0	50	1	2	2	3	4	2	2									2.5	1	7.0	2.0	2.5	2.5	-0.015663546	
	1.0	51	1	2	2	4	4	1	1	2	2	4	4	2	2	1.2188225	3.1680865	2.3333333	2	4.0	2.0	1.0	1.5	-0.28778931	1.0
1.4801455	2.0	54	1	1	1	1	4	1	1	1	1	2	2	2	2	2.8319135	2.8319135	1.5	2	10.0	3.0		1.0	-1.075022	
	1.0	25	1	2	4	4	4	2	4	4	3		4	3	3	4.828815	4.828815	3.3333333	1	5.0	1.0	2.0	1.0	0.98881596	1.0
	1.0	57	1	3	2	3	3	3	2	3	2	3	2	3	3			2.6666667	1	5.0	1.0	3.0	1.0	0.1388499	
	1.0	37	1							3	3	2	3	4	4	1.3985283	1.3985283		1	1.0	0.0				
	1.0	62	1	1	2	2	1	3	2	1	2	2	3	1	2	1.7811775	0.16808653	1.8333334	2	6.0	2.0	3.0	4.5	-0.65778476	1.0
1.7078723	2.0	40	1	3	3	3	3	2	3	3	3	4	2	4	3	4.334237	4.828815	2.8333333	2	8.0	2.0	4.0	4.0	0.389618	1.0
	1.0	63	1	2	1	1	2	2	1									1.5	2	8.0	3.0	1.5	1.0	-1.0906625	
1.145853	1.0	35	1	4	3	5	4	4	4	3	2	4	4	4	5	1.1680865	1.1680865	4.0	2	5.0	1.0	3.5	3.0	1.6214676	1.0
	2.0	35	1	1	1	1	1	1	1									1.0	2	7.0	3.0	3.0	4.0	-1.585484	
0.7729947	1.0	48	1	3	5	3	4	4	3	1	1	2	3	1	1	0.17118502	0.17118502	3.6666667	2	6.0	0.0	2.0	3.5	1.2510493	1.0
2.0621502	1.0	44	1	2	2	2	4	2	2	2	2	2	2	2	3	2.1680865	2.1680865	2.3333333	1	3.0	2.0	3.0	1.0	-0.17063099	1.0
1.8724475	1.0	67	1	1	3	1	2	1	1		2	1	2	3	1	2.1680865	0.21882248	1.5	0	5.0	0.0	1.5	2.5	-1.0720285	1.0
1.8227952	1.0	62	1	5	5	5		5	5	5	5	5	5	5	5	2.171185	2.171185		1	5.0	1.0	3.0	1.0		
1.7903199	1.0	57	1	3	2	2	3	3	3	3	2	3	3	3	3	0.6657629	0.6657629	2.6666667	1	5.0	2.0	3.0	2.0	0.23698775	1.0
	2.0	45	1			4				1	3	4				2.1680865	2.1680865		2	4.0	1.0		1.0		
0.7801554	1.0	60	0	3	1	1	2	3	2	2	2	3	3	3	1	2.828815	2.828815	2.0	2	8.0	0.0	2.5	3.0	-0.51288974	1.0
0.91004306	1.0	48	1	5	5	5	5	5	5	4	5	4	5	4	5			5.0	2	0.0	1.0	2.5	1.0	2.7126958	
	0.0	49	1	3	3	4	4	3	2	3	2	3	2	3	3	0.25716496		3.1666667	2	4.0	3.0	2.0	2.0	0.6356221	1.0
	2.0	30	1	4	1	4	4	2	1									2.6666667	2	9.0	2.0	3.0	4.0	0.015907012	
	1.0	53	1	2	2	4	4	3	4	2	2	2	4	2	3	0.21882248	0.21882248	3.1666667	1	5.0	2.0	4.0	1.0	0.8195024	1.0
	1.0	60	0	2	1	5	5	4	2	1	1	1	4	1	1			3.1666667	1	10.0	2.0	5.0	3.0	0.64075047	
0.09197735	2.0	73	1	2	1	3	2	1	2	1	1	1	2	3	2	0.25716496	0.25716496	1.8333334	2	7.0	2.0	2.0	1.5	-0.70161027	1.0
5.7823834	2.0	39	1	2	2	4	4	2	2	4	3	2	2	4	2		2.828815	2.6666667	1	5.0	1.0	2.0	2.0	0.1393039	
	1.0	58	1	1	4		3	2	1	1	5	5	3	1	3	1.171185	1.171185		0	8.0	3.0	3.5	1.5		
	1.0	51	1	2	3	4	4	3	4									3.3333333	2	5.0	1.0	3.0	2.5	0.9911531	
	1.0	69	1	4	5	4	3	3	3	2	2	1	3	3	2	1.1680865	0.7811775	3.6666667	0	2.0	3.0	1.0	1.0	1.2125545	1.0
4.35111	1.0	56	1	1	4	4	4	2	4	1	5	4	4	2	2	2.171185	2.171185	3.1666667	0	8.0	2.0	4.0	4.0	0.8381364	1.0
	1.0	21	1	2	3	2	2	3	3									2.5	2	6.0	1.0	2.0	3.0	0.08780488	
	1.0	69	1	1	1	2	1	2	1	1	2	4	3	2	1	2.7811775	2.7811775	1.3333334	1	10.0	1.0	4.0	1.0	-1.2565287	1.0
1.147986	1.0	29	1	4	2	2	4	4	2	3	4	2	2	2	2	4.334237	0.16808653	3.0	2	8.0	1.0	2.0	2.5	0.47870398	1.0
0.86229795	1.0	50	1	4	4	3	4	3	4	2	2	2	3	2	3	4.828815	4.828815	3.6666667	2	4.0	2.0	2.0	2.0	1.3091955	1.0
	1.0	63	1	2	4	5	3	1	4	3	4	4	4	1	4	1.171185	1.171185	3.1666667	2	4.0	2.0	1.5	1.0	0.79964143	1.0
	2.0	38	1	5	1	2	5	4	5	5	1	5	5	4	4	2.171185	2.171185	3.6666667	2	10.0	1.0	4.5	5.0	1.3872027	1.0
1.9285232	1.0	22	0	3	3	3	3	3	3	3	3	3	3	3	3	0.8319135	0.8319135	3.0	2	6.0	1.0	3.0	3.0	0.5636059	1.0
1.8028569	1.0	22	0	3	3	3	3	3	3	3	3	3	3	3	3	0.8319135	0.8319135	3.0	2	8.0	1.0	3.0	3.0	0.5636059	1.0
	1.0	58	1	2	1	1	1	1	4	2	1	1	1	2	2	0.8319135	0.8319135	1.6666666	0	6.0	2.0	2.5	1.0	-0.6754886	1.0
0.6954997	0.0	31	1	4	3	3	5	4	3	5	3	4	4	4	4	0.39852834	0.39852834	3.6666667	2	3.0	2.0	4.0	2.0	1.2285814	1.0
	2.0	23	1	3	5		3	2	3	4	4	3	4	4	3				1	6.0	2.0	3.5	2.5		
0.78868484	1.0	68	1	1	2	1	3	3	4	1	2	2	3	3	3	0.828815	0.828815	2.3333333	1	3.0	2.0	1.0	3.0	0.033766467	1.0
1.8870071	1.0	49	0	1	2	5	2	2	2	4	4	3	2	3	2	1.828815	1.828815	2.3333333	1	7.0	2.0	1.5	1.0	-0.1967163	1.0
	1.0	67	0	1	5	1	2	1	2									2.0	1	7.0	2.0	5.0	1.0	-0.4756218	
	2.0	70	1	3	3	2	3	2	2	3	2	4	4	3	3			2.5	0	0.0	0.0	1.0	1.0	-0.018454717	
	1.0	48	1	1	2	4	3	1	3	2	2	3	4	2	2	0.21882248	2.1680865	2.3333333	2	2.0	3.0	1.0	2.0	-0.10241232	1.0
2.116724	1.0	39	1	2	2	3	1	2	2	3	4	2	1	2	3			2.0	1	6.0	2.0	2.5	2.5	-0.52612567	
	1.0	59	0	4	2	2	2	2	4	2	2	2	2	2	2		0.16808653	2.6666667	1	7.0	1.0	2.0	2.0	0.29663068	
1.4908068	0.0	53	1	1	2	1	1	1	1	1	1	1	1	1	1			1.1666666	2	0.0	0.0		1.0	-1.4138333	
	1.0	50	1	2	2	3	4	3	4	2	3	5	5	3	2	1.828815	1.828815	3.0	2	3.0	2.0	2.5	1.0	0.6645349	1.0
1.8188616	2.0	29	1	2	3	4	4	2	3	1	5	2	5	3	4		1.257165	3.0	2	1.0	1.0	1.0	3.0	0.5640599	
	1.0	42	1	4	2	1	3	1	1									2.0	1	0.0	2.0	1.0	1.0	-0.62148654	
	1.0	44	1	3	3	3	4	3	3	3	3	3	3	3	3	3.1680865	1.2188225	3.1666667	1	0.0	1.0	1.0	1.5	0.73375994	1.0
	2.0	55	1	1	4	4	3	1	3									2.6666667	1	5.0	1.0	1.5	3.0	0.24088915	
	0.0	40	1	3	2	2	3	2	4	2	2	1	3	2	4			2.6666667	1	4.0	0.0			0.31610516	
	1.0	48	1	5	4	3	3	5		3	4	3	1	4	2	0.16808653	0.16808653		1	8.0	2.0	3.5	2.0		
	1.0	60	1	1	2	1	2	2	2									1.6666666	0	0.0	2.0	1.0	1.0	-0.8165861	
	1.0	43	1	4	4	4	4	3	4	4	5	4	5	3	4	1.171185	1.171185	3.8333333	1	0.0	3.0		1.0	1.464163	
	2.0	52	1	4	4	4	4	3	3									3.6666667	2	6.0	2.0	4.0	3.0	1.2110577	
	2.0	46	1	3	2	4	3	2	2	4	1	5	5	1	1	2.1680865	2.1680865	2.6666667	2	7.0	2.0	4.5	1.0	0.11982944	1.0
0.36208728	1.0	67	1	1	1	2	2	1	1	1	2	1	3	1	1	0.16808653	0.16808653	1.3333334	2	6.0	3.0	3.5	2.5	-1.2603625	1.0
1.965244	1.0	51	1	1	1	1	1	2	1	1	1	5	1	1	1	2.7811775	2.7811775	1.1666666	1	10.0	1.0	2.0	1.5	-1.4114962	1.0
1.4838175	1.0	41	1	4	3	4	3	3	2	5	4	4	3	3	2			3.1666667	2	1.0	2.0	2.0	2.5	0.61614764	
	1.0	73	0	1	2	1	3	2	3		2	1	3	2	1	0.7811775	0.7811775	2.0	2	5.0	2.0	3.0	3.5	-0.39332673	1.0
	1.0	51	0	2	2	3	3	3	3	2	2	2	3	2	3			2.6666667	1	5.0	3.0		2.0	0.24127562	
4.0040007	0.0	29	1	4	4	5	3	4	4	3	3	5	4	2	2			4.0	1	0.0	2.0	1.0	1.0	1.6229643	
0.06851692	2.0	76	0	3	2	1	4	1	3	2	2	1	3	1	2	4.257165	1.6657629	2.3333333	2	10.0	3.0	4.5	3.5	-0.095801465	1.0
1.5710632	2.0	51	1	1	2	1	4		1	1	1	1	2		1	0.16808653	0.16808653		2	9.0	2.0	2.0			
0.87330514	2.0	52	0	1	1	2	2	1	2	1	2	2	3	4	3			1.5	2	9.0	2.0	2.5	2.0	-1.0072572	
	1.0	73	0	2	2	4	3	2	2	2	2	2	2	2	3	0.7811775	0.7811775	2.5	1	7.0	3.0	3.0	2.0	-0.030850137	1.0
0.8286262	1.0	60	1	2	3	4	3	2	3	3	3	3	3	3	3	2.1680865		2.8333333	2	0.0	1.0	3.0	1.5	0.39390588	1.0
	1.0	75	1	1	2	1	2	2	1	1	2	2	2	1	2			1.5	1	5.0	2.0	1.5	1.5	-1.0696914	
	1.0	54	0	1	1	3	5	1	2		1	5	5	1	1	2.7811775	2.7811775	2.1666667	2	4.0	1.0	2.5	1.5	-0.34182772	1.0
2.028768	1.0	52	1	2	3	3	5	2	3	3	3	3	3	3	1	0.7811775	1.1680865	3.0	1	6.0	1.0	3.5	1.0	0.5792465	1.0
	1.0	73	1	2	2	2	4	1	2									2.1666667	0	2.0	1.0	1.0	2.0	-0.3446189	
	1.0	69	0	2	1	2	2	2	2	2	1	2	2	1	2	0.21882248	0.21882248	1.8333334	1	3.0	3.0	1.0	1.0	-0.68258977	1.0
0.79697865	1.0	69	1	4	3	2	3	2	2	2	2	2	3	5	3	2.665763	2.665763	2.6666667	1	5.0	2.0	3.0	2.5	0.13222486	1.0
	2.0	39	1	5	4	5	5	4	3									4.3333335	2	4.0	2.0	2.0	2.0	1.8608466	
1.0208633	1.0	34	1	4	4	2	2	2	3		3	2	2	2	2	0.8319135	0.8319135	2.8333333	2	3.0	1.0	2.0	1.5	0.38682684	1.0
0.884339	1.0	50	1	1	5	4	4	3	4	1	2	4	4	4	2	0.16808653	0.16808653	3.5	2	6.0	1.0	3.0	1.5	1.1837751	1.0
	1.0	60	0	1	2	3	1		2	1	1	2	2	2	2				0	0.0	2.0	2.0	1.0		
	1.0	66	0	2	2	3	3	3	3	3	2	3	3	3	3			2.6666667	1	5.0	3.0	4.0		0.24127562	
	1.0	71	0	2	2	5	4	3	1	3	2	4	3	4	2	0.7811775	1.1680865	2.8333333	2	10.0	3.0	5.0	1.5	0.21515395	1.0
	2.0	71	1	1	1	1	1	1	1	5	1	2	4	1	1	1.8319135	1.8319135	1.0	2	5.0	2.0	1.0	1.0	-1.585484	1.0
	0.0	62	1	2	2	1	2	2	1									1.6666666	2	6.0	3.0	1.5	3.0	-0.9190118	
	1.0	52	0	1	1	1	2	1	1	1	1	4	2	1	1	2.334237	2.334237	1.1666666	2	9.0	3.0	3.5	4.0	-1.41533	1.0
5.7823834	2.0	68	1	5	3		3	5		5	2	5	5	3	5				0	0.0	0.0	3.0	1.0		
1.3252103	0.0	27	1	4	3	4	4	3	3	5	2	4	4	3	3			3.5	1	5.0	2.0			1.039407	
	2.0	70	0	2	1	1	1	1	1	4	4	2	3	2	2	4.742835	2.8319135	1.1666666	0	7.0	1.0	5.0	3.0	-1.4348044	1.0
0.14251037	2.0	65	0	1	2	1	2	2	3	3	4	2	3	3	3			1.8333334	1	0.0	2.0	1.0	1.0	-0.5634808	
0.0668362	2.0	73	0	1	1	4	4	1	1	1	2	1	1	1	1	0.60147166	0.60147166	2.0	2	8.0	2.0	4.0	3.0	-0.6101196	1.0
	1.0	68	1	4		3	4		3	3	5	4	4		3	3.334237	3.334237		1	1.0	3.0	1.0			
	1.0	71	0	1	1	1	1	1	2	1	1	1	4	1	1	0.16808653	0.16808653	1.1666666	1	9.0	2.0	4.5	1.0	-1.3323787	1.0
	1.0	51	1	4	2	5	4	4	5	2	3	4	3	2	3			4.0	2	0.0	1.0	3.0	1.0	1.7029222	
	1.0	20	0	4	4	4	5	3	3									3.8333333	1	0.0	2.0	2.0	2.5	1.3812118	
	1.0	55	1	1	1	2	2	3	1	1	4	4	3	3	4	2.8319135	2.8319135	1.6666666	1	7.0	1.0	1.0	1.0	-0.9123867	1.0
	1.0	62	1	2	1	1	1	1	1	2	1	1	2	1	1	1.1680865	1.1680865	1.1666666	2	6.0	2.0	3.0	3.0	-1.4348044	1.0
0.86998516	1.0	57	0	2	1	4	3	2	2	3	1	4	3	1	1	1.7811775	0.16808653	2.3333333	2	6.0	3.0	3.5	2.0	-0.20250086	1.0
	1.0	47	1	4	3	4	3	2	3									3.1666667	1	5.0	2.0	1.0	1.0	0.69526505	
	1.0	44	1	3	3	4	3	2	2	4	2	4	3	3	4	0.21882248	0.21882248	2.8333333	1	4.0	2.0	1.0	2.0	0.29148015	1.0
3.9437208	1.0	60	0	3	3	3	3	3	4	4	2	2	3	4	3	2.8319135	2.8319135	3.1666667	0	5.0	0.0	3.5	4.0	0.81671125	1.0
	1.0	29	1	2	3	4	4	3		3	3	4	3	2	2	0.16808653	1.7811775		2	4.0	3.0	3.5	3.0		
	1.0	41	1	4	2	4	2	3	4									3.1666667	1	0.0	2.0		1.0	0.78055346	
0.05828218	2.0	69	0	1	1	2	2	1	1	1	2	3	2	1	1	0.16808653	0.16808653	1.3333334	2	8.0	2.0	3.0	3.5	-1.2603625	1.0
1.2719271	1.0	30	1	5	5	2	4	3	5	5	5	2	4	3	5	1.3985283	1.3985283	4.0	2	0.0	1.0	1.0	1.0	1.7296637	1.0
1.2491941	1.0	24	1	1	3	5	5	3	3								2.1680865	3.3333333	2	5.0	3.0			0.9124897	
	1.0	50	1	2	2	2	2	2	2	2	2	2	2	2	2	2.8319135	2.8319135	2.0	1	7.0	2.0	2.0	2.0	-0.51093906	1.0
	1.0	46	1	5	1	2	1	1	1	4	2	1	1	1	1	0.8319135	0.8319135	1.8333334	2	7.0	2.0	2.0	2.0	-0.8277983	1.0
0.8288209	1.0	66	1	1	2	3	4	2	3	3	2	3	3	3	3	5.1680865	5.1680865	2.5	1	3.0	2.0		2.5	0.08676218	
	1.0	23	1	1	2	4	5	2	2									2.6666667	1	5.0	1.0	3.0	2.5	0.15877835	
0.9658855	1.0	54	1	3	4	3	4	3	3	3	3	2	4	3	2	1.3985283	1.3985283	3.3333333	2	7.0	0.0	3.5	3.0	0.9054107	1.0
	1.0	33	1	4	4	4	4	3	3									3.6666667	2	5.0	2.0	2.5	2.5	1.2110577	
0.14030379	2.0	77	0	2	2	3	2	2	3	2	2	2	3	3	2			2.3333333	1	8.0	3.0	3.5	1.0	-0.102866314	
	1.0	50	1	4	1	1	4	1	2	2	1	1	2	1	1	0.60147166	0.60147166	2.1666667	2	7.0	1.0	1.0	1.0	-0.36987793	1.0
	1.0	59	0	2	1	2	2	3	2	2	1	2	2	4	1	2.8319135	2.8319135	2.0	1	10.0	2.0	5.0	5.0	-0.50860184	1.0
1.0703299	1.0	29	1	3	3	3	3	3	3	3	3	3	3	3	3	0.7811775	0.7811775	3.0	2	3.0	1.0	2.5	3.0	0.5636059	1.0
	1.0	50	1	1	1	1	1	1	1	1	5	1	1	1	1	2.1680865	2.1680865	1.0	1	10.0	1.0	3.0	3.0	-1.585484	1.0
1.7935783	1.0	62	1	2	2	2	2	1	2	4	2	2	3	1	1	2.1680865	2.1680865	1.8333334	1	8.0	2.0	2.5	2.0	-0.684927	1.0
	1.0	63	1	2	3	3	3	2	2	3	3	2	4	3	3	1.3342371	1.3342371	2.5	0	5.0	3.0	2.0	1.5	-0.014166848	1.0
	2.0	26	1	4	3	5	4	2	2	4	1	4	4	3	2	1.2188225	1.2188225	3.3333333	2	1.0	1.0	1.5	2.5	0.76728123	1.0
	1.0	73	0	2	1	1	4	1	1									1.6666666	2	10.0	3.0	4.5	4.0	-0.92434233	
1.2108951	1.0	23	1	2	3	2	4	4	4	3	3	2	4	2	2	2.3985283		3.1666667	2	8.0	1.0	3.0	4.0	0.85520613	1.0
	2.0	38	1	3	2	4	2	1	1									2.1666667	2	5.0	2.0	3.0	3.0	-0.4774178	
1.1819875	2.0	40	0	4	2	2	4	4	4	5	2	4	4	4	4	3.6014717	3.6014717	3.3333333	2	9.0	0.0	4.0	4.0	0.98491454	1.0
	1.0	20	1	4	4	4	3	4	2									3.5	2	7.0	2.0	3.0	2.0	0.96178627	
0.38385907	1.0	67	0	1	5	3	1	3	2	1	3	1	3	3	4	1.1680865	1.1680865	2.5	2	10.0	1.0	2.0	1.0	0.012134882	1.0
0.62224144	0.0	52	1	3	4	4	3	3	1	3	2	4	2	4	2			3.0	2	5.0	2.0	2.0	2.0	0.3840135	
	1.0	60	1	4	2	4	4	3	4	5	2	4	4	2	2	0.16808653	0.16808653	3.5	1	6.0	1.0	1.0		1.1208615	
	1.0	63	0	1	2	2	2	2	2	3	2	2	3	3	1	1.8319135		1.8333334	1	7.0	2.0	3.0	4.0	-0.66161865	1.0
	1.0	60	1	4	2	2	4	2	3									2.8333333	2	7.0	1.0	4.0	2.0	0.38383347	
4.512729	1.0	51	1	5	1	5	5	5	5	5	1	5	5	5	5	1.171185	1.171185	4.3333335	0	0.0	0.0	4.0	4.5	2.026093	1.0
	1.0	54	1	2	2	2	3	2	2	1	2	2	4	3	1	0.21882248	0.21882248	2.1666667	1	7.0	3.0	2.5	2.5	-0.34078503	1.0
	1.0	54	1	4	2	2	4	3	4	4	3	4	3	3	4	2.1680865	2.1680865	3.1666667	1	0.0	0.0	1.0	1.0	0.8109267	1.0
4.33621	1.0	55	0	4	1	1	1	1	1	3	1	2	1	1	1	0.21882248	0.21882248	1.5	0	1.0	2.0	1.0	1.0	-1.1334453	1.0
0.9227974	0.0	47	0	1	1	1	5	5	4	3	1	1	2	5	1	2.8319135	7.828815	2.8333333	2	8.0	2.0	5.0	4.5	0.5503996	1.0
	1.0	45	1	5	5	5	1	4	4	4	5	1	3	3	4			4.0	2	0.0	3.0	1.0	1.0	1.6049865	
0.05674778	2.0	77	0	3	2	2	4	2	2	3	2	2	2	3	2	2.1680865	2.1680865	2.5	2	7.0	3.0	3.0	2.0	-0.019951414	1.0
	1.0	42	1	2	2	2	4	3	1	4	2	4	4	3	2	2.334237	2.334237	2.3333333	1	2.0	1.0	2.0	2.5	-0.24974838	1.0
	2.0	39	1	4	2	5	4	5	4	2	1	3	4	4	1	1.742835	1.7811775	4.0	2	9.0	0.0	4.0	4.5	1.6238048	1.0
	1.0	48	1	1	4	4				4	2	3	3	3	3	7.828815	7.828815		2	1.0	0.0	1.0	1.0		
	1.0	52	1	4	4	4	4	2	3									3.5	2	5.0	2.0	1.0	1.0	1.0370698	
	1.0	35	1	4	2	3	3	2	3									2.8333333	2	2.0	0.0	3.0	3.0	0.36864686	
	1.0	64	0	3	3	4	4	3	4	4	3	3	4	3	4	1.8319135	1.8319135	3.5	1	7.0	1.0	3.0	2.5	1.1418327	1.0
0.9911723	1.0	31	1	5	5	5	5	2	4	5	5	4	3	5	5	2.334237	2.334237	4.3333335	2	2.0	3.0	1.0	1.0	1.9376268	1.0
	1.0	20	1	4	3	3	4	2	3									3.1666667	1	7.0	1.0	1.5	3.5	0.7104516	
0.9049467	1.0	53	1	4	3	2	3	1	1	4	3	4	3	2	2	0.7811775	0.7811775	2.3333333	2	4.0	3.0	3.5	2.0	-0.29486835	1.0
	1.0	46	1	5	4	2	4	2	3	4	5	3	3	4	4	2.1680865	2.1680865	3.3333333	0	1.0	1.0	2.0	1.0	0.8778145	1.0
	1.0	50	1	2	3	3	2	3	2	3	2	4	4	3	2	0.6657629	5.1680865	2.5	2	5.0	1.0	3.0	3.5	-0.010332974	1.0
	2.0	21	1	4	2	1	2	1	2									2.0	0	9.0	1.0	4.0	4.0	-0.53853524	
	2.0	40	0	2	1	5	5	5	3	5	1	2	4	4	5	2.742835	4.398528	3.5	2	8.0	1.0	4.5	5.0	1.0678437	1.0
	2.0	25	1	5	4		5	4	2	5	3	4	4	2	3				2	8.0	0.0	2.5			
	1.0	49	0	4	1	2	2	2	1									2.0	2	8.0	3.0	4.0	3.0	-0.63433594	
	2.0	66	1	4	4	4	3	2	4	4	4	2	3	2	2	0.828815	0.828815	3.5	1	2.0	1.0	2.0	1.0	1.1200211	1.0
0.9382348	1.0	47	1	4	4	4	3	3	3	4	4	4	3	3	3	0.6657629	0.6657629	3.5	2	8.0	3.0	4.0	2.5	1.0409037	1.0
	1.0	43	1	4	3	5	5	3	3									3.8333333	2	4.0	1.0	2.5	2.5	1.3645284	
	2.0	39	1	2	2	4	2	2	2									2.3333333	2	5.0	4.0	2.0	1.0	-0.20100416	
	1.0	37	1	4	5	4	4	3	3	4	5	4	4	4	4	2.828815	2.828815	3.8333333	2	0.0	0.0	1.0	1.0	1.3827084	1.0
	1.0	36	1	4	3	3	4	3	3	5	4	4	4	3	5	0.7811775	0.7811775	3.3333333	1	1.0	1.0	1.0		0.8844395	
	1.0	21	1	5	4	4	4	2	2									3.5	1	0.0	1.0	1.5	1.0	0.93464404	
	1.0	44	1	2	1	2	3	2	2									2.0	0	10.0	0.0	5.0	5.0	-0.51243573	
	2.0	19	1	4	2	3	3	4	4	4	4	1	3	3	2	0.74283504	0.7811775	3.3333333	2	6.0	1.0	2.0	4.5	0.969728	1.0
	1.0	34	1	4		5	4	3		2	3	4	5	2	3	2.1680865	2.1680865		2	5.0	2.0	2.0	2.5		
	1.0	47	1	2	2	1	4	4	1	2	1	4	4	4	1	2.1680865	2.1680865	2.3333333	2	3.0	1.0	1.0	1.0	-0.23072791	1.0
	1.0	26	1	5	5	2	4	3	4									3.8333333	2	1.0	1.0	1.5	1.0	1.4765584	
	1.0	50	0	1	1	3	5	3	3	2	1	3	5	3	4	1.6657629	1.6657629	2.6666667	1	9.0	1.0	4.5	1.0	0.25925338	1.0
	0.0	28	1	2	2	4	4	4	3									3.1666667	2	7.0	2.0	3.5	4.0	0.740385	
	0.0	63	1	3	1	1	3	1	1	2	1	1	4	1	1	0.25711823	0.25711823	1.6666666	0	8.0	2.0	1.5	2.0	-0.94381684	1.0
0.51328164	0.0	67	1	3	2	3	3	4	3	2	2	4	3	2	3	1.4443483	1.4443483	3.0	1	6.0	1.0	1.0	2.5	0.5659431	1.0
1.826341	0.0	68	1	4	3	3	5	3	4	4	2	3	4	3	3	1.5556517	1.5556517	3.6666667	0	2.0	1.0	1.0		1.3076988	
1.3973074	0.0	61	0	3	1	2	3	1	4	4	2		3	1	5			2.3333333	1	7.0	2.0	4.0	2.0	-0.02953349	
	2.0	47	0	4	2	2	1	1	5									2.5	2	8.0	4.0	4.0	2.0	0.20559405	
	0.0	48	1	3	1		1	1	1	1	1	1	3	1	1	0.55565166	0.55565166		1	8.0	4.0	3.5			
0.63404584	0.0	52	1	1	2	4	1	1	3	1	2	3	3	1	3	0.7428818	0.7428818	2.0	2	7.0	2.0	4.0	3.0	-0.44272038	1.0
	0.0	62	0	3	2	4	4	1	3	2	1	4	2	1	2	0.68478584	2.7428818	2.8333333	2	7.0	3.0	4.0	2.5	0.36910087	1.0
	0.0	77	0	1	2	1	4	1	1	1	1	2	1	1	2	0.95628405	0.95628405	1.6666666	1	5.0	4.0	3.5	2.0	-0.9033712	1.0
0.6852501	0.0	74	0	2	2	2	3	1	1	2	2	1	3	1	1	2.2571182	7.5556517	1.8333334	1	8.0	3.0	2.5	1.0	-0.76787823	1.0
	0.0	50	0	4	1	3	3	1	1	1	1	5	2	1	1	2.956284	2.956284	2.1666667	1	8.0	3.0	4.0	1.0	-0.48320237	1.0
	0.0	51	1	3	3	3	3	3	3	3	3	4	3	2	3	1.5556517	1.5556517	3.0	2	0.0	1.0			0.5636059	
	0.0	54	1		5	5			5	3	5	5	1	3	5				1	5.0	1.0				
	0.0	36	1	4	4	4	3	2	2									3.1666667	2	4.0	1.0	2.5	3.5	0.6138105	
0.5004428	0.0	69	1	1	1	1	2	1	1	1	1	1	3	1	1	2.043716	2.043716	1.1666666	1	8.0	3.0	1.0	3.0	-1.41533	1.0
0.48054776	0.0	60	1	1	2	3	2	1	2	1	1	1	1	1	1	0.0480299	1.7428818	1.8333334	2	6.0	2.0	2.5	3.0	-0.6806391	1.0
0.5012392	0.0	70	1	3	1	2	2	1	2	2	1	2	1	2	2	1.043716	1.043716	1.8333334	1	8.0	3.0			-0.7058981	
	0.0	65	1	3	1	5	1	1	2	1	1	3	4	1	3	1.99281	1.99281	2.1666667	1	7.0	2.0	2.0	2.0	-0.41114983	1.0
	0.0	72	0	2	1	1	1	1	1	1	1	1	1	1	1	2.6005177	2.6005177	1.1666666	2	10.0	3.0	3.0	2.5	-1.4348044	1.0
	0.0	53	0	1	1	2	2	1	1	1	2	1	1	1	1	0.68478584	3.3994823	1.3333334	2	9.0	4.0	4.5	3.5	-1.2603625	1.0
0.46821123	0.0	78	1	1	2	2	2	2	2	1	2	2	4	1	2	1.2571182	1.2571182	1.8333334	1	8.0	3.0	2.0	2.5	-0.66161865	1.0
0.45078716	0.0	74	0	1	1	1	3	1	1	1	1	1	1	1	1	0.95628405	3.04803	1.3333334	2	9.0	2.0	2.5	1.0	-1.245176	1.0
	0.0	52	1	2	1	5	1	1	2	2	2	5	2	1	1	0.95628405	0.95628405	2.0	2	7.0	3.0	4.5	4.5	-0.5618294	1.0
	0.0	53	0	2	2	4	4	1	2									2.5	2	7.0	3.0	2.5	4.0	-0.03468401	
1.8424337	0.0	35	1	4	4	4	2	3	4	4	3	4	3	2	4	1.7428818	1.7428818	3.5	2	2.0	1.0	1.0	2.0	1.1238549	1.0
0.4777581	0.0	78	1	1	5	1	1	1	1	2	5	1	2	1	1	0.043715954	0.043715954	1.6666666	1	9.0	1.0	2.5	2.0	-0.89888114	1.0
	0.0	79	0	1	2	1	1	1	1	1	2	2	4	2	2	0.0480299	1.7428818	1.1666666	2	8.0	4.0	3.0	1.0	-1.4138333	1.0
0.7238588	0.0	60	0	3	2	3	3	3	2	3	2	3	3	3	3			2.6666667	2	2.0	0.0			0.1388499	
0.3154487	0.0	72	1	2	2	2	2	1	1	1	1	1	4	1	2	0.7428818	0.7428818	1.6666666	2	8.0	3.0		2.5	-0.93803227	
	0.0	54	1	2	1	1	2	2	3	2	1	2	2	1	3	2.3152142		1.8333334	2	6.0	2.0		4.0	-0.5844519	
	0.0	49	1	2	1	2	2	2	1									1.6666666	1	8.0	3.0	4.0	4.0	-0.93569505	
5.01695	0.0	61	0	4	1	1	1	2	1	3	1	1	1	1	2	2.00719	2.00719	1.6666666	0	10.0	2.0	5.0	4.0	-0.9594574	1.0
0.6497778	0.0	47	1	1	2	4	3	3	2	1	3	5	5	2	5			2.5	2	5.0	3.0	2.0		-0.0075418013	
2.4003563	0.0	76	0	2	1	1	1	1	1	1	1	1	4	2	2	0.95628405	0.95628405	1.1666666	0	8.0	2.0			-1.4348044	
	0.0	72	0	1	1	1	2	1	1									1.1666666	2	10.0	3.0	4.0	1.5	-1.41533	
2.5582063	0.0	71	0	1	2	2	3	1	3	2	2	2	2	2	2	0.95628405	0.95628405	2.0	0	8.0	2.0	3.0	2.0	-0.4123472	1.0
	0.0	59	1	4	2	2	2	2	2	3	2	4	2	1	1	1.0480299	1.0480299	2.3333333	1	6.0	2.0	2.0	4.0	-0.20957991	1.0
0.7293866	0.0	41	1	2	1	2	2	2	2	2	1	3	3	1	2	1.6847858	1.6847858	1.8333334	2	7.0	4.0	4.0	2.0	-0.68258977	1.0
	0.0	59	1	3	2	2	4	2	3									2.6666667	1	5.0	1.0	1.5	1.5	0.23315388	
3.862481	0.0	81	1	1	1	1	5	1	1	1	1	1	1	5	1	0.95628405	0.95628405	1.6666666	0	2.0	2.0	1.0	1.0	-0.9048679	1.0
	0.0	69	1	1	2	2	3	3	1	1	2	2	3	3	3	1.956284	0.44434834	2.0	1	5.0	2.0	1.0	1.0	-0.570582	1.0
	0.0	78	0	1	2	4	4	2	3	1	2	3	3	2	2	0.95628405	0.95628405	2.6666667	1	7.0	2.0	1.5	1.5	0.24172962	1.0
1.4974037	0.0	58	0	2	1	2	2	1	2	2	1	1	1	1	3	2.7428818	2.7428818	1.6666666	1	5.0	4.0	1.0	2.0	-0.8565777	1.0
	0.0	69	0	2	2	2	3	3	1	2	2	3	3	1	1	3.04803	3.04803	2.1666667	2	8.0	4.0	2.5	3.0	-0.4199024	1.0
5.7823834	0.0	61	1	1	2	1	1	3	3		2	1	1	1	3	1.956284	1.956284	1.8333334	0	5.0	0.0	2.5	3.5	-0.5596469	1.0
	0.0	72	1	2	1	1	1	1	1	1	1	1	1	1	2	0.95628405	0.95628405	1.1666666	0	10.0	2.0	2.5	2.0	-1.4348044	1.0
1.3474361	0.0	69	1	2	2	2	3	2	2	2	2	2	2	1	2	1.043716	1.043716	2.1666667	1	0.0	2.0	1.0	1.5	-0.34078503	1.0
	0.0	45	1	2	1	2	2	1	2	5	1	2	3	1	2	0.043715954	0.043715954	1.6666666	2	10.0	2.0	3.5	3.5	-0.8565777	1.0
	0.0	47	1	4	2	3	4	1	2	2	2	4	2	1	2	2.956284	2.956284	2.6666667	2	5.0	1.0	2.0	1.0	0.11170769	1.0
	0.0	71	1	2	1	2	2	1	1	1	1	2	1	1	1	1.99281	1.3994823	1.5	2	8.0	3.0	2.5	2.5	-1.109683	1.0
	0.0	63	0	1	2	1	1	1	1	2	2	3	2	1	2	1.4443483	1.4443483	1.1666666	0	0.0	2.0	2.5	1.0	-1.4138333	1.0
0.72669786	0.0	69	0	1	1	1	1	1	1	3	2	3	3	3	3	0.68478584	0.68478584	1.0	1	8.0	3.0	3.5	3.0	-1.585484	1.0
	0.0	71	0	3	2	1	4	2	2	2	1	1	3	2	2	0.043715954	4.3994823	2.3333333	2	6.0	2.0	4.0	1.0	-0.17491886	1.0
	0.0	54	1	4	3	4	4	2	3									3.3333333	2	6.0	3.0	2.5	3.0	0.8654191	
3.5467575	0.0	60	1	2	2	1	2	5	2	4	2	1	5	2	2	2.956284	2.956284	2.3333333	0	0.0	2.0	1.0	1.0	-0.14394277	1.0
	0.0	51	1	4	3	4	4	3	4	4	4	4	4	4	4	1.7428818		3.6666667	2	3.0	1.0	1.5	1.5	1.2925123	1.0
	0.0	59	1	1	1	2	2	1	1	1	5	1	1	1	1	0.39948225	0.39948225	1.3333334	2	9.0	4.0	3.5	3.0	-1.2603625	1.0
0.26672548	0.0	68	1	4	4	1	2	1	4	2	1	2	3	2	3	1.043716	1.043716	2.6666667	2	7.0	1.0	1.5	3.0	0.3109768	1.0
	0.0	71	0	3	3	3	5	1	3	3	2	3	4	2	4	1.7428818	1.7428818	3.0	0	2.0	1.0	1.0	3.0	0.5559382	1.0
0.5258132	0.0	50	1	4	1	1	1	1	2	4	1	2	3	1	3	1.6847858	1.6847858	1.6666666	2	6.0	3.0	2.5	1.0	-0.88034004	1.0
	0.0	31	1	3	2	4	3	2	2	2	2	2	2	2		0.25711823	2.3152142	2.6666667	2	7.0	2.0	4.0	4.0	0.11982944	1.0
1.4216	0.0	47	1	1	2	2	3	1	1	1	2	2	3	1	2	0.9519701	3.043716	1.6666666	2	4.0	3.0	2.0	2.0	-0.9185578	1.0
0.55410564	0.0	48	1	3	3	4	4	2	3	3	3	4	4	2	3	1.043716	1.043716	3.1666667	2	2.0	1.0	1.5	2.0	0.7147395	1.0
0.6102784	0.0	32	1	3	3	5	3	2	4	4	5	5	4	3	5	1.3152142	1.3152142	3.3333333	2	6.0	2.0	4.0	2.0	0.9526582	1.0
	0.0	61	1	3	1	1	2	1	2									1.6666666	1	8.0	4.0	2.0	1.5	-0.86086553	
1.9655523	0.0	70	0	1	2	4	3	1	1	1	1	2	3	1	2	1.00719	1.00719	2.0	1	10.0	3.0	4.0	3.0	-0.6086229	1.0
2.4162383	0.0	75	0	1	1	2	1	1	1	1	1	1	2	1	1	0.043715954	0.043715954	1.1666666	0	7.0	3.0	2.0	1.5	-1.4305166	1.0
0.5528052	0.0	51	1	3	2	5	3	2	3	3	2	4	4	2	2	1.6005177	1.6005177	3.0	2	6.0	3.0	2.0	2.0	0.5279022	1.0
	0.0	39	1	2	2	4	4	2	2	2	2	4	2	2	2	2.3994823	0.0480299	2.6666667	2	8.0	2.0	3.0	4.5	0.1393039	1.0
0.5651038	0.0	48	1	2	2	2	1	1	1	2	1	2	1	1	1	1.3994823	1.3994823	1.5	2	6.0	3.0	3.0	2.0	-1.1081862	1.0
0.54712695	0.0	46	1	2	2	3	4	2	2	3	2	3	4	2	2	0.95628405	0.95628405	2.5	2	7.0	4.0	2.5	1.0	-0.015663546	1.0
	0.0	69	1	2	3	3	3	2	2	1	2	1	3	1	2	0.55565166	0.55565166	2.5	2	7.0	4.0	3.0	2.5	-0.014166848	1.0
0.70620877	0.0	73	0	3	1	2	3	2	4	2	1	3	2	1	3	1.956284	0.44434834	2.5	1	8.0	3.0	4.0	4.0	0.14445442	1.0
	0.0	56	0	2	1	3	4	1	2	2	2	2	2	1	3	0.043715954	0.043715954	2.1666667	2	8.0	3.0	4.0	2.0	-0.3613022	1.0
0.3525329	0.0	73	0	1	1	1	4	1	3	2	2	1	1	5	5	1.5556517	1.5556517	1.8333334	2	0.0	1.0	4.0	1.0	-0.56881136	1.0
0.75166583	0.0	37	1	1	1	4	2	1	1	2	2	4	2	1	1	0.60051775	0.60051775	1.6666666	2	7.0	2.0	4.0	4.0	-0.95042765	1.0
0.6823436	0.0	47	1	1	2	2	2	2	3	2	2	2		1	3	0.25711823	0.25711823	2.0	2	9.0	3.0	5.0	3.0	-0.40851334	1.0
2.255044	0.0	33	1	4	2	5	5	3	1	4	2	5	5	3	2			3.3333333	2	2.0	1.0	1.0	1.0	0.68666714	
	0.0	61	1	1	1	1	1	1	1	1	1	1	1	1	1	5.5556517	5.5556517	1.0	2	8.0	2.0	4.0	4.0	-1.585484	1.0
0.6817326	0.0	76	0	1	2	3	2	1	2	3	2	2	2	2	2	0.0480299	0.0480299	1.8333334	1	8.0	3.0	4.0	3.0	-0.6806391	1.0
0.48494196	0.0	72	1	1	1	2	2	1	1	1	1	2	1	1	1	0.60051775	1.2571182	1.3333334	1	10.0	3.0	3.5	2.5	-1.2603625	1.0
0.24867055	0.0	76	1	1	1	1	1	1	1	2	1	1	4	1	1	1.043716	1.043716	1.0	2	7.0	2.0	1.0	1.0	-1.585484	1.0
	0.0	64	0	3	2	2	2	1	3		2	2		2	3	0.7428818	0.7428818	2.1666667	0	6.0	4.0	2.5	2.5	-0.2811421	1.0
	0.0	78	0	1	1	1	2	1	2									1.3333334	1	9.0	2.0	1.5	2.5	-1.1622247	
	0.0	79	0	1	1	1	2	1	1	1	1	2	3	1	2	2.3994823	2.3994823	1.1666666	1	10.0	2.0	4.5	3.5	-1.41533	1.0
0.44367865	0.0	69	0	1	2	4	2	1	2	1	2	2	4	1	1	0.39948225	0.39948225	2.0	2	5.0	3.0	3.5	5.0	-0.52567166	1.0
	0.0	50	0	2	1	3	2	1	1									1.6666666	1	9.0	2.0	3.5	3.0	-0.95471555	
0.67911553	0.0	81	0	1	1	5	2	1	2	1	1	2	2	1	3	0.95628405	0.95628405	2.0	1	9.0	4.0	3.5	4.0	-0.54235494	1.0
1.3787653	0.0	63	0	2	2	3	3	3	4	3	2	3	3	2	3	0.043715954	0.043715954	2.8333333	1	7.0	1.0	5.0	2.5	0.49438092	1.0
0.34838966	0.0	71	0	1	1	3	3	2	4	2	1	1	4	3	4	6.5556517	6.5556517	2.3333333	2	6.0	2.0	1.5	2.0	-0.0019372863	1.0
0.48362148	0.0	68	1		2	2	3	2	3		3	3	4	2	3		0.0480299		1	4.0	3.0	1.5	2.5		
5.7823834	0.0	70	1	1	1	4	1	1	1	1	1		1	1	1	4.043716		1.5	0	8.0	2.0	4.0	1.0	-1.1205817	1.0
	0.0	47	1	3	3	1	1	4	5	3	5	1	1	1	5	1.4443483	1.4443483	2.8333333	1	10.0	3.0	3.5	1.0	0.5935615	1.0
	0.0	55	0	2	2	2	2	2	1									1.8333334	2	7.0	4.0	4.0	2.5	-0.76404434	
0.24861151	0.0	76	1	4	2	4	2	1	2	2	2	4	3	1	1	2.04803	2.04803	2.5	2	6.0	2.0	1.0	2.5	-0.07363293	1.0
	0.0	56	1	2	2	2	1	1	2									1.6666666	1	6.0	2.0	1.5	2.5	-0.85508096	
0.9564393	0.0	62	1	2	4	5	5	1	4	2	1	4	4	1	4	1.2571182	1.2571182	3.5	1	5.0	1.0	1.0	2.0	1.1399496	1.0
0.26347774	0.0	67	1	3	1	2	3	2	1	3	2	2	2	1	2	3.043716	3.043716	2.0	2	6.0	3.0	4.0	2.0	-0.6148615	1.0
5.7823834	0.0	61	1	3	2	3	4	2	2	3	2	3	3	3	2	3.5556517	3.5556517	2.6666667	0	0.0	2.0	1.0		0.13501602	
0.80264026	0.0	53	0	2	2	3	2	2	2	2	2	2	2	2	2	0.043715954	0.043715954	2.1666667	2	6.0	4.0	4.0	4.0	-0.3559716	1.0
0.737838	0.0	61	0	2	1	3	2	2	2	2	1	3	5	2	1	1.4443483	1.4443483	2.0	2	7.0	3.0	1.0	1.5	-0.52762234	1.0
1.6574167	0.0	76	1	4	4		4	2	4	2	1	1	2	1	2	2.043716	2.043716		0	7.0	1.0				
	0.0	70	0	1	2	3	3	2	4	2	2	2	2	1	2	1.2571182	1.2571182	2.5	1	5.0	1.0		2.5	0.16971344	
0.37062916	0.0	72	0	2	2	2	2	1	2	2	2	1	2	1	1	0.68478584	0.68478584	1.8333334	2	6.0	4.0	3.0	2.5	-0.684927	1.0
	0.0	62	1	1	1	2	1	1	1									1.1666666	2	6.0	1.0	3.0	4.0	-1.4305166	
	0.0	47	1	1	2	2	2	1	1	1	2	3	2	2	2	1.0480299	1.0480299	1.5	2	8.0	2.0	1.5	3.0	-1.0887119	1.0
0.3603672	0.0	75	0	1	1	3	2	1	2	1	1	1	3	1	2	2.04803	2.04803	1.6666666	2	8.0	2.0	3.0	3.0	-0.8522898	1.0
	0.0	52	0	2	2	2	4	2	2									2.3333333	2	7.0	3.0	4.5	3.5	-0.17063099	
	0.0	85	0	3	1	4	4	2	2	2	1	2	4	1	2	3.04803	3.04803	2.6666667	1	7.0	3.0	2.0	4.0	0.118332736	1.0
	0.0	69	0	1	1	1	3	1	2	1	2	2	1	1	2	0.0480299	0.0480299	1.5	2	8.0	2.0	3.5	3.5	-0.9920707	1.0
1.2358775	0.0	69	0	1	3	2	2	2	2	2	4	1	2	2	3	1.6847858	1.6847858	2.0	2	5.0	3.0	2.0	3.0	-0.48996788	1.0
0.5748784	0.0	37	1	5	5	5	5	4	5	5	5	5	5	5	5	6.742882	6.742882	4.8333335	2	1.0	1.0	1.0	1.0	2.538708	1.0
	0.0	65	1	2	1	1	2	2	1									1.5	2	6.0	4.0	2.5	3.5	-1.0906625	
0.49775895	0.0	67	1	2	1	2	2	2	2	2	2	2	2	2	2			1.8333334	1	2.0	2.0	2.0	2.5	-0.68258977	
	0.0	78	0		2	2	4	1	3										2	8.0	2.0	4.0	2.0		
	0.0	54	1	2	2	3	4	2		3	2	4	4	2	3	0.68478584	0.68478584		2	6.0	3.0		2.5		
1.82463	1.0	72	1	1	1	1	1	1	2	2	1	1	2	1	2	0.0480299	0.0480299	1.1666666	0	6.0	2.0	1.0	3.5	-1.3323787	1.0
	0.0	65	1	4	2	2	3	2	3									2.6666667	0	2.0	1.0		1.0	0.21367942	
1.0746833	0.0	48	1	4	2	5	4	2	2	4	2	5	4	2	3	0.007189989	0.60051775	3.1666667	1	7.0	4.0	4.0	4.0	0.59563047	1.0
1.4797622	0.0	57	0	2	1	3	2	1	2	1	1	5	2	1	4	0.95628405	0.55565166	1.8333334	1	6.0	4.0	3.0	2.0	-0.70161027	1.0
	0.0	43	1	3	1	4	3	2	3									2.6666667	1	3.0	4.0	3.0	1.0	0.201284	
0.53249997	0.0	52	1	2	1	2	2	1	2	2	1	3	2	1	2	0.55565166	0.55565166	1.6666666	2	0.0	3.0	3.5	1.0	-0.8565777	1.0
	0.0	67	1	1	4	2	5	2	2	2	3	2	4	3	3	0.39948225	0.39948225	2.6666667	0	2.0	3.0	2.0	2.5	0.19214493	1.0
0.6497447	0.0	49	1	2	4	4	4	2	2	2	2	4	4	2	2	0.9519701	0.7428818	3.0	2	8.0	4.0	3.0	3.5	0.48260537	1.0
	0.0	77	0	3	1	1	4	1	2	3	2	2	3	1	1	0.9519701	0.9519701	2.0	1	8.0	2.0	4.0	3.0	-0.52055746	1.0
	0.0	89	0	3	2				2	3	2		3	1	1	0.043715954	0.043715954		0	9.0	1.0				
5.7823834	0.0	76	0	1	2	1	1	1	1	2	1	1	1	1	1	0.68478584	0.68478584	1.1666666	0	8.0	3.0	3.0	3.5	-1.4138333	1.0
0.4499231	0.0	69	0	2	1	3	3	2	2	2	1	2	3	1	1	0.60051775	0.60051775	2.1666667	2	10.0	3.0	4.0	4.0	-0.3574683	1.0
2.4240909	0.0	75	0	2	1	4	3	1	3	2	2	2	3	2	3			2.3333333	0	8.0	3.0	3.5	3.0	-0.12338348	
	0.0	77	1	1	1	1	1	1	1									1.0	2	9.0	2.0		3.5	-1.585484	
0.7049646	0.0	71	0	1	1	4	2	1	2	1	2	4	4	4	4	0.44434834	0.44434834	1.8333334	1	6.0	4.0	2.0	2.0	-0.69732237	1.0
	0.0	79	0	2	1	2	2	1	1	3	2	2	2	2	2	1.956284	1.956284	1.5	1	9.0	4.0	3.0	1.5	-1.109683	1.0
0.7419427	0.0	58	0	1	2	3	3	2	2	3	2	2	3	3	3	2.3994823	2.043716	2.1666667	2	7.0	4.0		2.0	-0.33649716	
0.7570847	0.0	50	0	3	2	4	4	2	3	3	3	4	4	3	3	0.39948225	0.39948225	3.0	2	3.0	4.0	2.5	2.5	0.54308873	1.0
1.4209727	0.0	61	0	1	2	2	2	1	1	1	1	1	1	1	1	1.99281	0.7428818	1.5	1	9.0	3.0	3.0	2.5	-1.0887119	1.0
	0.0	62	1	4	2	3	2	2	3	4	2	3	3	4	3	2.95197	2.95197	2.6666667	1	7.0	2.0	2.5	4.0	0.19849283	1.0
	0.0	65	0	1	1	1	1	1	1									1.0	0	10.0	2.0	5.0	1.0	-1.585484	
	0.0	47	0	1	2	2	4	2	1	1	1	1	1	1	1	0.0480299	0.0480299	2.0	2	8.0	2.0	4.0	2.0	-0.57441586	1.0
	0.0	72	1	2	2	2	2	2	2									2.0	2	7.0	2.0	2.0	3.0	-0.51093906	
2.5721717	0.0	69	0	1	1	1	1	1	1	1	1	1	1	1	1	3.2571182	3.2571182	1.0	0	8.0	3.0	4.5	4.0	-1.585484	1.0
	0.0	81	0	2	1	1	3	1	2	4	1	2	2	2	2	3.6847858	3.6847858	1.6666666	1	7.0	3.0		1.0	-0.8413911	
2.47191	0.0	76	0	2	1	4	2	1	1	1	2	2	2	1	1	0.95628405	0.95628405	1.8333334	0	4.0	3.0	1.0	2.0	-0.7997481	1.0
	0.0	55	0	3	1	1	2	1	3	1	1	1	1	1	3	0.44434834	0.44434834	1.8333334	1	8.0	3.0	3.0	3.0	-0.60776025	1.0
0.7426832	0.0	61	0	2	2	2	2	2	2	3	2	3	3	3	2	1.9519701	1.9519701	2.0	2	9.0	2.0	4.0	1.5	-0.51093906	1.0
2.7811713	0.0	57	1	3	2	1	4	1	3	3	2	2	2		2			2.3333333	1	3.0	2.0	1.0	1.0	-0.095801465	
	0.0	88	0	1	2	1	3	1	4									2.0	1	8.0	2.0	3.5	4.5	-0.31420934	
	0.0	35	1	2	4	5	4	1	3	1	4	5	4	2	3	2.04803	1.5556517	3.1666667	2	4.0	4.0	2.0	1.0	0.7166902	1.0
0.5175458	0.0	65	1	2	2	1	3	1	1	3	1	3	3	1	2	0.68478584	0.68478584	1.6666666	1	5.0	4.0	3.0	2.0	-0.92284566	1.0
2.5231671	0.0	67	0	2	2	2	1	1	4	1	2	2	5	1	3	1.2571182	1.2571182	2.0	0	7.0	4.0	2.5	2.0	-0.3488704	1.0
	0.0	31	1	3	2	4	4	2	2	4	1	1	4	1	2	0.25711823	0.39948225	2.8333333	2	9.0	4.0	4.0	3.0	0.28998348	1.0
0.6843964	0.0	36	1	2	2	5	4	2	2	2	2	5	2	2	2	1.3152142	1.3152142	2.8333333	2	6.0	2.0	3.0	4.0	0.29427135	1.0
0.27863842	0.0	68	1	3	2	3	3	2	3	3	2	3	3	2	3	5.9928102		2.6666667	2	6.0	2.0	3.0	1.0	0.21796729	1.0
1.0485194	0.0	46	0	2	2	1	2	1	1	2	2	2	2	2	2	0.043715954	0.043715954	1.5	2	8.0	2.0	3.5	4.0	-1.0929997	1.0
	0.0	72	1	1	1	4	3	1	1	1	1	3	4	1	1	1.9519701	0.39948225	1.8333334	2	10.0	4.0	4.0	3.5	-0.7802736	1.0
	0.0	40	1	3	1	3	2	1	3									2.1666667	2	7.0	2.0	3.5	3.0	-0.29782537	
0.49177995	0.0	60	1	1	3	4	3	1	1	1	2	5	3	2	2	1.6005177	1.6005177	2.1666667	2	7.0	4.0	2.0	4.0	-0.43697217	1.0
	0.0	44	1	2	3	4	4	3	4									3.3333333	2	5.0	3.0	3.0	3.5	0.9911531	
	0.0	53	0	3	2	2	2	2	2	4	3	4	3	4	4			2.1666667	2	3.0	3.0	4.0	2.0	-0.36025947	
0.5637433	0.0	60	1	2	1	2	3	1	1	3	1	5	5	1	2	1.4443483	1.4443483	1.6666666	2	10.0	4.0	4.0	2.0	-0.93952894	1.0
0.6931535	0.0	71	0	4	1	1	4	1	4	4	2	1	4	1	3	2.3994823	2.3994823	2.5	1	8.0	2.0	4.0	1.5	0.13633268	1.0
0.36090907	0.0	73	0	4	1	4	2	2	3	4	1	1	2	1	1	2.043716	2.043716	2.6666667	2	9.0	2.0	4.0	2.5	0.18180954	1.0
	0.0	66	1	1	1	2	2	1	1	4	1	3	4	1	1	1.0480299	0.68478584	1.3333334	1	7.0	2.0	2.0	3.5	-1.2603625	1.0
	0.0	48	1	1	2	4	2	1	2									2.0	1	7.0	2.0	1.0	1.5	-0.52567166	
	0.0	68	0	2	1	1	1	1	1									1.1666666	1	10.0	3.0	5.0	4.5	-1.4348044	
0.82302123	0.0	37	1	1	1	2	4	1	3	1	2	4	4	1	2	4.3994823	1.6847858	2.0	2	8.0	4.0	4.5	4.0	-0.4138439	1.0
0.63742775	0.0	54	1	3	2	3	2	4	2	4	2	3	4	2	2	1.4443483	1.4443483	2.6666667	2	6.0	2.0	4.0		0.14268377	
0.49336118	0.0	71	1		1	3	3	2	2	3	2	3	3	3	2	0.0480299	0.0480299		1	7.0	2.0		4.0		
	0.0	54	1	2	4	4	2	2	3	2	4	2	4	2	3	0.25711823	0.39948225	2.8333333	2	6.0	3.0	3.5	4.0	0.39540258	1.0
	0.0	52	1	1	1	3	1	1	1									1.3333334	2	7.0	4.0	4.5	4.0	-1.2755492	
	0.0	44	1	2	1	2		1	2	3	1	4	3	2	1	1.0480299	1.043716		2	8.0	3.0	3.5	2.0		
	0.0	43	1	4	2	3	4	3	4									3.3333333	2	2.0	2.0	3.0	1.0	0.9658941	
	0.0	35	1	1	2	3	4	2	4									2.6666667	2	5.0	3.0	2.5	2.5	0.33986747	
	0.0	62	0	2	1	1	1	3	1									1.5	1	9.0	2.0		1.5	-1.0868286	
0.71224004	0.0	69	0	1	1	1	3	1	1	1	1	1	2	1	1	0.95628405	0.95628405	1.3333334	1	7.0	4.0	3.0	4.0	-1.245176	1.0
	0.0	75	1	1	1	1	4	1	1	2	1	1	3	1	2	2.04803		1.5	1	7.0	2.0	2.5	3.0	-1.075022	1.0
4.906716	0.0	63	0	4	2	3	4	3	3	4	3	3	4	3	3	0.44434834	0.44434834	3.1666667	0	7.0	2.0	2.5	1.5	0.7127888	1.0
0.5533157	0.0	59	1	1	1	2	2	1	1	1	5	1	1	1	1	0.60051775	0.60051775	1.3333334	2	10.0	2.0	3.0	4.5	-1.2603625	1.0
0.239139	0.0	76	1	1	1	4	1	1	1	3	1	3	3	1	1	1.043716	1.043716	1.5	2	8.0	2.0	3.0	2.0	-1.1205817	1.0
	0.0	72	0	1	2	1	2	2	3	3	2	1	4	1	4	4.043716	4.043716	1.8333334	2	5.0	2.0	1.5	1.0	-0.5634808	1.0
0.5090109	0.0	68	1	2	1	1	1	1	2	2	2	2	3	2	3	1.043716	1.043716	1.3333334	1	9.0	3.0	3.0	2.0	-1.1816992	1.0
0.4805197	0.0	68	1	2	5	1	3	3	3	3	4	3	3	3	3	1.7428818	1.7428818	2.8333333	1	1.0	0.0	1.0		0.44629294	
0.5833542	0.0	47	1	2	1	3	2	3	1	2	1	2	2	2	1	1.7428818	2.3994823	2.0	2	4.0	3.0	1.5	3.0	-0.6067397	1.0
	0.0	66	0	2	1	1	2	3	2	1	1	5	3	1	1			1.8333334	2	10.0	3.0	4.0	1.0	-0.66356933	
	0.0	67	0	3	1	1	1	1	1	4	1	1	1	4	1	0.44434834	0.44434834	1.3333334	2	10.0	4.0	5.0	4.5	-1.2841249	1.0
0.4460074	0.0	77	0	2	1	2	2	1	1	1	1	1	3	1	1	0.043715954	1.6847858	1.5	2	9.0	4.0	4.0	2.0	-1.109683	1.0
0.37231135	0.0	67	0	1	1	1	1	1	2	2	1	1	1	1	1	0.31521416	1.7428818	1.1666666	2	10.0	2.0	3.0	4.0	-1.3323787	1.0
2.586837	0.0	65	0	4	1	1	3	2	2	5	1	4	4	1	2	1.5556517	1.5556517	2.1666667	0	5.0	2.0	2.0	1.0	-0.36604404	1.0
0.34584862	0.0	87	0	4	1	3	1	1	2	2	1	4	2	1	3	0.55565166	0.55565166	2.0	2	6.0	2.0	1.5	2.5	-0.5704051	1.0
0.6919917	0.0	69	1	4	4	2	3	3	3	3	4	2	2	3	3	3.5556517	3.5556517	3.1666667	2	0.0	1.0	1.0	1.0	0.7309688	1.0
2.2253702	0.0	31	1	2	3	2	2	1	2	1	1	2	1	1	1	0.043715954	0.043715954	2.0	2	0.0	3.0	1.0	1.0	-0.5132762	1.0
	0.0	76	1	4	3	2	4	2	3									3.0	0	2.0	2.0	1.0	1.5	0.5554842	
	0.0	73	1	1	1	4	4	1	2		2	4	2	2	2	1.2571182	1.2571182	2.1666667	0	8.0	4.0	1.0	4.0	-0.3570143	1.0
	0.0	52	1	4	2	4	3	1	3									2.8333333	1	7.0	1.0		1.0	0.3496264	
1.6963953	0.0	67	1	1	1	1	1	1	1	1	1	1	3	1	1	3.2571182	3.2571182	1.0	0	10.0	2.0	5.0	3.0	-1.585484	1.0
	0.0	61	0	1	5	1	3	1	1									2.0	0	7.0	3.0	1.5	1.0	-0.55857307	
0.5000613	0.0	65	1	1	1	3	2	5	1	1	4	4	1	2	1	0.0480299	0.0480299	2.1666667	1	6.0	2.0	2.5	3.5	-0.4094435	1.0
0.69269663	0.0	74	0	4	2	4	4	3	3	2	3	2	3	3	4	0.95628405	0.95628405	3.3333333	1	5.0	4.0	3.0	2.5	0.86775625	1.0
0.81545466	0.0	54	0	1	3		2	3	5	1	5	1	1	5	5	1.4443483	1.4443483		2	10.0	2.0		1.0		
	0.0	52	1	2	2	1	2	2	1									1.6666666	2	0.0	2.0	1.0		-0.9190118	
0.25707516	0.0	70	1	1	1	1	1	1	1	1	1	1	1	1	1	0.95628405	0.95628405	1.0	2	10.0	3.0	3.5	1.5	-1.585484	1.0
	0.0	46	1	4	2	2	2	2	2									2.3333333	2	8.0	2.0	2.0	2.0	-0.20957991	
	0.0	61	1	2	2	1	2	3	2									2.0	2	6.0	4.0	2.5	2.0	-0.4919186	
0.25139204	0.0	69	1	1	1	5	5	3	5	1	2	3	4	3	4	1.2571182	0.007189989	3.3333333	2	5.0	1.0	3.0	2.0	1.0753989	1.0
0.689887	0.0	47	1	1	2	3	1	1	1	1	2	3	1	1	2	2.7428818	1.0480299	1.5	2	7.0	3.0	4.0	2.5	-1.1038984	1.0
0.64284915	0.0	41	1	2	2	3	2	4	2	3	2	3	1	1	1	2.043716	2.043716	2.5	2	6.0	1.0	3.0	3.0	-0.007995796	1.0
1.7722939	0.0	70	1	1	1	3	4	1	2	5	1	4	4	1	3	1.4443483	1.4443483	2.0	0	9.0	3.0	4.0	1.0	-0.5119817	1.0
0.2597851	0.0	70	1	5	1	2	3	2	4	1	1	2	2	2	3	0.44434834	0.44434834	2.8333333	2	6.0	3.0	3.5	1.5	0.44581357	1.0
0.7531113	0.0	65	0	1	1	1	1	1	1	1	1	1	1	1	1	2.00719	2.00719	1.0	1	10.0	3.0		1.5	-1.585484	
	0.0	59	1	2	1	3	2	2	2	2	1	2	2	1	1			2.0	2	8.0	2.0	3.5	2.5	-0.52762234	
3.2355032	0.0	62	1	3	3	3	3	3	3	3	1	1	1	1	3			3.0	0	5.0	0.0	1.0	3.0	0.5636059	
2.661989	0.0	59	1	1	1	3	2	1	2	2	2	3	3	2	2			1.6666666	1	0.0	2.0	1.0	1.0	-0.8522898	
	0.0	42	1	4	2	4	3	3	1	3	2	5	1	2	2	1.9519701	1.9519701	2.8333333	2	5.0	3.0	3.0	2.5	0.19139162	1.0
	0.0	75	1	2	1	3	2	1	2	3	1	2	2	1	3	2.04803	2.04803	1.8333334	1	8.0	2.0	1.0	1.5	-0.70161027	1.0
	2.0	53	0	4	2	4	5	1	4									3.3333333	2	8.0	3.0	4.0	3.5	0.9430398	
5.168729	0.0	56	0	4	2	4	4	2	5	4	1	3	2	1	2	1.7428818	1.7428818	3.5	0	10.0	2.0	4.0	2.5	1.199979	1.0
0.73532504	0.0	71	0	3	2	2	2	2	2	1	2	2	1	2	4	0.95628405	0.95628405	2.1666667	1	8.0	3.0	4.0	2.0	-0.36025947	1.0
0.7234645	0.0	64	0	4	2	3	4	1	2	4	4	3	4	4	4	1.4443483	1.4443483	2.6666667	2	7.0	2.0	4.5	1.0	0.11170769	1.0
	0.0	68	0	2	5	1	2	2	2									2.3333333	1	10.0	3.0	4.0	3.5	-0.1509543	
0.6983501	0.0	70	0	1	2	1	1	3	2	1	2	1	1	1	3	2.00719	2.00719	1.6666666	1	8.0	2.0	3.0	1.0	-0.8127522	1.0
	0.0	61	0	1	2	3	3	4	3									2.6666667	2	2.0	3.0	1.0	2.0	0.26458398	
	0.0	68	0	3	3	5	5	3	4	4	1	1	4	1	4	1.043716	1.043716	3.8333333	1	8.0	3.0	4.0	1.0	1.4669541	1.0
0.85278374	0.0	61	0	1	1	1	2	1	1	1	1	1	1	1	1	3.043716	0.7428818	1.1666666	2	9.0	3.0	5.0	4.0	-1.41533	1.0
	0.0	47	0	4	1	2	1	1	1									1.6666666	2	10.0	3.0	4.0	1.0	-0.9784779	
0.5531007	0.0	49	1	2	1	2	3	1	2	4	2	4	2	2	3	1.5556517	1.5556517	1.8333334	2	8.0	2.0	2.0	2.5	-0.68642366	1.0
0.6482131	0.0	42	1	2	3	4		3	3	2	5	4	4	3		2.043716	2.043716		2	1.0	2.0	1.0	2.5		
0.5209635	0.0	46	1	1	2	4	4	1	1	1	2	5	2	2	2	0.60051775	0.60051775	2.1666667	2	7.0	3.0	4.5	5.0	-0.43846887	1.0
0.69992995	0.0	73	0		4	1	2	2	2	1	4	4	2	1	1				1	4.0	1.0	1.5	1.0		
	0.0	72	1	1	1	5	4	1	1									2.1666667	1	7.0	3.0	3.0	2.5	-0.45515215	
0.72271204	0.0	70	0	1	1	1	1	1	4	1	2	1	2	1	4	0.95628405	0.95628405	1.5	1	8.0	3.0	4.0	1.5	-0.8261681	1.0
	0.0	72	1	1	2	2	3	1	2									1.8333334	2	1.0	3.0	1.0	1.0	-0.6654525	
0.4869329	0.0	76	1	3	2	4	4	1	3	3	3	4	4	2	3	1.3152142	1.3152142	2.8333333	1	3.0	3.0	1.0	3.0	0.36910087	1.0
0.5072778	0.0	66	1	2	2	1	3	2	3	2	1	2	2	2	1	2.043716	2.043716	2.1666667	1	5.0	1.0	1.0	2.0	-0.24264717	1.0
	0.0	64	1	1	1	2	1	1	1	1	1	1	1	1	1	0.9519701	0.9519701	1.1666666	2	9.0	4.0	1.5	4.0	-1.4305166	1.0
0.47369748	0.0	75	1	1	2	3	4	1	2	3	3	1	3	2	2	0.31521416	0.31521416	2.1666667	1	6.0	3.0	1.5		-0.34033102	
3.981943	0.0	71	1	3	2	5	5	3	3	2	3	4	4	3	4	4.3994823	4.3994823	3.5	0	6.0	3.0	3.0	1.0	1.0421982	1.0
2.5172784	0.0	65	0	1	1	4	3	2	1	1	1	2	2	2	1	1.0480299	1.0480299	2.0	0	7.0	3.0	1.5	1.0	-0.60628575	1.0
0.3565882	0.0	80	0	1	1	1	2	1	1	2	1	1	1	1	1	2.04803	2.04803	1.1666666	2	8.0	2.0	2.5	1.0	-1.41533	1.0
	0.0	74	0	4	1	1	3	1	2	2	1	2	2	2	2	0.0480299	0.0480299	2.0	0	8.0	1.0	3.0	2.5	-0.54003197	1.0
0.44629267	0.0	70	0	4	2	3	5		5	4	3		5		3				2	6.0	2.0	1.5	1.0		
0.6979659	0.0	73	0	1	2	4	2	1	2	1	1	1	4	1	2	0.55565166	0.55565166	2.0	1	8.0	2.0	2.5	2.0	-0.52567166	1.0
	0.0	65	0	1	1	1	1	1	2									1.1666666	2	9.0	4.0	2.5	1.5	-1.3323787	
0.7219041	0.0	65	0	1	2	4	4	1	3	1	2	4	4	1	4	0.043715954	1.5556517	2.5	1	4.0	1.0	4.0	1.0	0.067741714	1.0
0.35982504	0.0	80	0	2	2	2	2	1	2	3	2	2	2	1	2	0.043715954	0.043715954	1.8333334	2	7.0	1.0	3.0	2.0	-0.684927	1.0
1.647216	0.0	80	1	3	2	2	3	2	2	4	1	1	1	2	1	3.3152142	3.3152142	2.3333333	0	7.0	2.0	2.0	2.5	-0.19010545	1.0
0.3522488	0.0	75	0	1	1	1	4	1	3	1	2	4	3		1	2.043716	2.043716	1.8333334	2	10.0	3.0	4.5	3.0	-0.56881136	1.0
	0.0	46	1	2	2	2	2	1	2									1.8333334	2	1.0	1.0	2.5	1.0	-0.684927	
	0.0	32	1	1	2	5	3	1	2	1	2	4	3	1	3	0.31521416	0.0480299	2.3333333	2	7.0	4.0	4.0	3.0	-0.20055017	1.0
	0.0	70	1	1	1	1	4	1	1									1.5	2	9.0	1.0	2.5	2.5	-1.075022	
	0.0	47	0	4	4	1		3	3	4	4	2	3	2	4	1.4443483	1.4443483		2	5.0	2.0	1.0	1.0		
5.1196103	0.0	61	0	2	2	2	2	2	2	2	4	1	2	2	3	0.55565166	0.55565166	2.0	0	3.0	1.0	4.0	1.0	-0.51093906	1.0
0.70107883	0.0	41	1	2	2	2	3	1	2	2	2	3	2	1	3	2.04803		2.0	2	7.0	3.0	2.0	2.5	-0.51477295	1.0
	0.0	54	1	1	1	4	2	1	1									1.6666666	2	8.0	3.0	4.0	3.0	-0.95042765	
	0.0	72	0	3	1	4	1	1	1	2	2	2	2	1	1	1.956284	1.956284	1.8333334	1	10.0	2.0	3.5	2.5	-0.81922257	1.0
	0.0	55	0	1	1	1	1	1	1	1	1	2	1	1	1	0.7428818	0.7428818	1.0	1	8.0	2.0	4.0	3.0	-1.585484	1.0
0.7209192	0.0	66	0	3	2	1	3	2	1	3	2	1	3	1	2	0.55565166	0.55565166	2.0	1	7.0	3.0	3.5	1.0	-0.5981782	1.0
0.5680679	0.0	40	1	3	3	3	3	2	3	3	2		4	2		0.55565166	0.55565166	2.8333333	2	7.0	2.0	3.0	2.5	0.389618	1.0
0.35903826	0.0	70	0	1	2	3	5	2	2	1	2	2	2	2	3	1.043716	1.043716	2.5	2	7.0	4.0	2.0	3.0	0.003810915	1.0
0.78718144	0.0	54	0	3	2	3	2	1	2	3	2	2	2	1	1	0.043715954	1.6847858	2.1666667	2	5.0	3.0	3.0	3.0	-0.37927994	1.0
	0.0	64	1	2	2	2	2	1	3	2	2	4	2	2	2	3.5556517	0.0480299	2.0	1	3.0	3.0	2.0	1.5	-0.43182167	1.0
0.7462027	0.0	65	0	1	1	1	1	1	1	1	1	1	1	3	1	0.55565166	0.55565166	1.0	1	10.0	2.0	4.0	1.0	-1.585484	1.0
	0.0	41	1	2	2	2	3	1	2		2		4			1.5556517	1.5556517	2.0	2	5.0	1.0	1.0	1.0	-0.51477295	1.0
	0.0	71	1		3		4	1	3										1	5.0	4.0	1.0	2.0		
2.5936952	0.0	72	0	2	1	2	2	1	3	3	2	3	2	2	2	0.95628405	0.95628405	1.8333334	0	8.0	2.0	3.5	2.0	-0.6034724	1.0
	0.0	64	0	2	2	2	2	1	1									1.6666666	1	6.0	4.0	3.5	1.5	-0.93803227	
2.8374417	0.0	52	1	2	2	1	4	1	3	1	2	1	3	1	2	1.5556517	1.5556517	2.1666667	1	6.0	1.0	3.0	2.5	-0.24648103	1.0
0.36793151	0.0	69	0	1	2	4	3	1	1	1	2	2	1	1	1	3.2571182	3.2571182	2.0	2	5.0	3.0	3.5	4.0	-0.6086229	1.0
	0.0	35	1	1	2	4	2	1	2									2.0	1	7.0	2.0	4.5	1.0	-0.52567166	
0.6032089	0.0	31	1	3	3	3	3	3	3	4	3	3	3	3	3	2.043716	0.31521416	3.0	2	5.0	2.0	3.5	3.5	0.5636059	1.0
0.3291004	1.0	70	1	1	1	4	2	1	1	4	1	4	5	1	4			1.6666666	2	10.0	2.0	5.0	2.0	-0.95042765	
	0.0	40	1	2	2	4	4	2	3	3	1	3	2	1	2	1.6005177	1.6005177	2.8333333	2	7.0	4.0	3.0	3.5	0.3924092	1.0
0.7804699	0.0	48	0	2	2	4	3	1	2	1	2	3	3	1	2	1.0480299	1.0480299	2.3333333	2	8.0	2.0	4.0	3.5	-0.20483804	1.0
0.518761	0.0	58	1	3	2	2	2	2	2	2	2	2	2	2	3	1.956284	1.956284	2.1666667	2	8.0	3.0	3.5	2.5	-0.36025947	1.0
0.71529436	0.0	66	0	1	1	1	2	1	1	1	1	1	2	1	1	0.95628405	0.95628405	1.1666666	1	9.0	3.0	1.0	4.0	-1.41533	1.0
	0.0	67	1	3	2	2	2	3	3									2.5	0	7.0	1.0			0.06683373	
	0.0	77	1	2	1	2	1	1	3									1.6666666	1	7.0	1.0	3.5	1.0	-0.77362645	
0.72229266	0.0	67	0	1	1	3	2	1	2	1	1	4	1	1	1	2.04803	2.04803	1.6666666	1	9.0	3.0	5.0	4.0	-0.8522898	1.0
	0.0	76	0	1	1	3	3	1	1									1.6666666	1	9.0	4.0	2.5	3.0	-0.9352411	
0.4980279	0.0	62	1	4	2	1	1	1	2	3	2	1	1	1	2	3.043716	3.043716	1.8333334	2	3.0	3.0	4.0	2.0	-0.7086893	1.0
	0.0	73	1	3	2	2	3	3	3	3	2	1	3	2	4	1.5556517	1.5556517	2.6666667	0	0.0	1.0	1.0	3.0	0.23698775	1.0
0.5905776	0.0	43	1	3	2	2	2	2	2	2	1	3	1	1	1	3.043716	3.043716	2.1666667	2	7.0	2.0	2.0	2.0	-0.36025947	1.0
	0.0	36	1	1	1	1	1	1	1	4	5	2	3	1	1	1.043716	1.043716	1.0	2	2.0	3.0	2.5	2.5	-1.585484	1.0
	0.0	67	1	1	2	3	3	1	2	1	2	2	3	2	2	0.95628405	0.95628405	2.0	1	9.0	4.0	3.0	2.0	-0.51048505	1.0
	0.0	60	1	4	2	3	3	2	2									2.6666667	2	2.0	1.0	1.0	2.0	0.11554156	
0.8068045	0.0	49	0	1	1	5	5	1	1	1	1	1	1	1	1	2.6005177	2.6005177	2.3333333	2	9.0	4.0	5.0	2.0	-0.28499815	1.0
0.74618226	0.0	33	1	4	2	4	2	2	4	2	4	4	3	3	2			3.0	2	5.0	4.0		2.5	0.6065656	
	0.0	38	1	4	4	4	2	2	4	4	5	4	5	4	4	0.60051775	0.60051775	3.3333333	2	2.0	2.0	3.0	3.0	0.949867	1.0
0.48563275	0.0	68	1	3	2	2	4	2	2	2	2	2	2	2	2	2.2571182	2.2571182	2.5	1	5.0	3.0	3.0	2.0	-0.019951414	1.0
1.1847067	0.0	36	1	2	2	2	3	2	2	2	2	2	2	2	2	1.4443483	1.4443483	2.1666667	1	7.0	2.0	2.5	1.0	-0.34078503	1.0
	0.0	62	0	2	1	2	2	5	2	4	1	2	2	3	3	2.956284	2.956284	2.3333333	2	10.0	2.0	3.5	3.0	-0.16062605	1.0
	0.0	73	0	4	1	1	4	1	1	3	1	1	4	1	1	2.99281		2.0	1	8.0	3.0	3.0	3.0	-0.6229832	1.0
0.4767783	0.0	72	1	1	1	2	4	3	2	1	5	2	3	1	1	0.043715954	0.043715954	2.1666667	1	5.0	3.0	3.0	3.0	-0.3189734	1.0
	0.0	61	1	2	2	2	2	1	2									1.8333334	1	8.0	3.0	4.5	5.0	-0.684927	
	0.0	51	0	4	4	4	4	3	4	3	4	4	4	3	4			3.8333333	2	0.0	1.0	1.0	1.0	1.464163	
1.1934625	0.0	42	1	1	1	1	1	1	2	2	1	4	4	1	1	1.00719	1.6005177	1.1666666	1	7.0	2.0	5.0	1.0	-1.3323787	1.0
0.2653221	0.0	65	1	2	1	1	1	1	1	2	1	1	2	3	1	0.0480299	0.0480299	1.1666666	2	7.0	2.0		3.0	-1.4348044	
0.81674707	0.0	51	0	1	1	1	1	1	1	1	1	1	2	1	1	0.043715954	0.043715954	1.0	2	10.0	3.0	3.0	2.0	-1.585484	1.0
1.9748491	0.0	74	0	2	1	2	3	1	3	1	1	1	2	1	2			2.0	1	7.0	2.0	1.0	1.5	-0.43331835	
0.3447158	0.0	83	0	3	1	4	4	1	4	2	2	1	4	1	1	1.4443483	1.4443483	2.8333333	2	10.0	3.0	5.0	4.5	0.4505554	1.0
0.67108107	0.0	77	0	1	1	4	1	1	1	1	2	2	1	1	2	0.043715954	0.043715954	1.5	1	8.0	2.0		1.0	-1.1205817	
0.9879864	0.0	49	0	1	1	2	1	1	1	1	1	2	1	1	1	0.95628405	0.95628405	1.1666666	2	8.0	3.0	3.5	2.0	-1.4305166	1.0
0.76753324	0.0	54	0	1	1	1	3	1	1	3	3	2	3	1	2	0.043715954	1.5556517	1.3333334	2	9.0	3.0	2.0	2.0	-1.245176	1.0
2.5473096	0.0	67	0	3	3	2	2	2	3	2	3	4	3	3	3	2.5556517	2.5556517	2.5	0	4.0	1.0		1.5	0.06449655	
	0.0	65	0	1	1	2	2	1	1									1.3333334	2	10.0	3.0	4.5	2.0	-1.2603625	
	0.0	54	1	3	2	3	3	3	2	3	2	3	3	3	2			2.6666667	0	7.0	1.0	4.0	3.0	0.1388499	
	0.0	73	1	4	2	3	2	1	3									2.5	2	7.0	2.0	3.0	1.5	0.024504922	
0.72935635	0.0	35	1	1	2	5	1	2	4	1	3	2	5	4	4	0.68478584	0.68478584	2.5	2	7.0	3.0	4.5	2.0	0.13934027	1.0
	0.0	66	0	3	2	2	2	2	2	4	3	1	2	2	4	2.00719	2.00719	2.1666667	0	4.0	2.0	2.5	2.5	-0.36025947	1.0
0.76722026	0.0	30	1	4	2	4	5	3	2	4	4	4	2	4	2	4.5556517	0.9519701	3.3333333	2	5.0	2.0	3.5	3.5	0.784805	1.0
	0.0	40	1	1	1	1	1	1	1	1	1	1	1	2	1	3.5556517	3.5556517	1.0	2	0.0	1.0	1.0	1.0	-1.585484	1.0
	0.0	51	1	3	1	3	3	3	2	1	1	1	2	1	2	0.95628405	0.95628405	2.5	2	8.0	3.0	3.5	1.0	-0.032800827	1.0
	0.0	38	1	1	2	4	4	2	2		2	3	4	2	2	0.55565166		2.5	2	8.0	1.0	2.0	2.5	-0.011375676	1.0
2.0359688	0.0	35	1	3	2	3	4	2	2	2	4	2	3	1	2	3.5556517	3.5556517	2.6666667	2	5.0	1.0	4.0	1.0	0.13501602	1.0
	0.0	78	1	4	2	3	3	1	2									2.5	0	7.0	2.0	1.0	2.0	-0.05844634	
0.9129595	0.0	22	1	2	2	4	4	2	2	4	2	4	3	2	3	0.25711823	0.25711823	2.6666667	2	5.0	2.0	2.5	3.0	0.1393039	1.0
0.83902633	1.0	49	1	1	2	4	4	3	3	2	2	4	5	2	2	0.7428818	0.7428818	2.8333333	2	3.0	2.0	2.5	3.0	0.41571754	1.0
	0.0	19	1	3	3	4	4	1	3	4	2	3	4	2	3	0.68478584	0.68478584	3.0	2	6.0	3.0	3.0	2.0	0.5407516	1.0
0.48462835	0.0	62	1	3	1	1	2	1	4	1	1	2	2	1	1	2.04803	2.04803	2.0	2	8.0	4.0	3.5	1.5	-0.35465497	1.0
0.9773897	0.0	57	1	4	3	2	2	1	3	4	4	2	3	1	3	1.956284	1.956284	2.5	1	2.0	3.0	1.0	1.0	0.04118821	1.0
	0.0	28	1	2	2	4	4	4	2									3.0	2	4.0	3.0	4.0	4.0	0.4872797	
	0.0	31	1	1	3	3	2	1	1									1.8333334	2	8.0	3.0	3.0	2.0	-0.76209366	
	0.0	35	1	2	4	3		2	3			2					1.7428818		1	6.0	4.0				
1.7758478	0.0	36	1	2	4	2	2	3	3	3	4	2	3	3	3	1.043716	1.043716	2.6666667	2	6.0	1.0	2.0	3.0	0.25945562	1.0
0.5648786	0.0	51	1	2	3	4	4	1	2	1	4	5	2	1	2	0.44434834	0.44434834	2.6666667	2	7.0	0.0	1.0	1.0	0.13696672	1.0
0.52522683	0.0	65	1	3	1	5	3	3	5	2	3	2	3	3	4	1.4443483	1.4443483	3.3333333	1	9.0	3.0	4.0	1.5	1.0364499	1.0
0.25044045	0.0	71	1	1	1	1	1	1	1	2	1	1	3	1	3	1.0480299	1.043716	1.0	2	8.0	4.0	3.5	2.5	-1.585484	1.0
1.6122777	0.0	49	1	3	4		2	3	3	2	3	4	4	3	4	4.043716	4.043716		2	2.0	1.0	2.0			
0.48582444	0.0	64	1	1	1	1	1	2	1	1	1	1	1	5	1	2.043716	2.043716	1.1666666	2	8.0	3.0	3.0	2.5	-1.4114962	1.0
	0.0	54	0	3	1	2	4	1	2	1	1	1	2	2	2	0.043715954	0.043715954	2.1666667	2	7.0	4.0	3.0	1.5	-0.36559007	1.0
1.146933	0.0	44	1	4		1	5	3	3	4	5	5	5	2	4	1.5556517	1.5556517		1	0.0	1.0	1.0	1.0		
	0.0	76	1	4	2	3	2	2	4	4	2	4	4	3	3	1.5556517	1.5556517	2.8333333	1	7.0	2.0	1.5	2.0	0.45159814	1.0
	0.0	49	1	2	2	2	3	2	2	3	2	2	2	1	2	2.00719	2.00719	2.1666667	2	7.0	1.0	2.0	3.0	-0.34078503	1.0
	0.0	65	1	4	2	3	3	1	3									2.6666667	1	0.0	1.0		3.0	0.19465895	
1.1723437	0.0	37	1	2	1	4	2	1	2	2	1	3	2	1	1	0.95628405	0.95628405	2.0	1	5.0	3.0	2.5	3.0	-0.5466428	1.0
0.65176815	0.0	34	1	3	2	2	4	1	2	3	2	1	1	1	1	0.9519701	0.9519701	2.3333333	2	6.0	3.0		3.0	-0.19393933	
0.9956281	0.0	60	1	2	2	1	1	1	1	4	1	2	2	1	1	2.7428818	2.7428818	1.3333334	1	8.0	2.0	2.5	2.0	-1.2631537	1.0
1.6756691	0.0	29	1	2	4	3	3	1	1	4	3	3	3	4	1	1.043716	1.043716	2.3333333	2	6.0	0.0	2.0	2.5	-0.26960933	1.0
0.6944012	0.0	28	1	4	2	2	3	2	2	4	3	2	4	1	3	2.04803	2.04803	2.5	2	3.0	2.0	1.5	2.0	-0.039425876	1.0
	0.0	23	1	2	2	2	2	2	2	3	3	3	3	3	3	0.68478584	2.5556517	2.0	2	8.0	0.0	4.0	4.0	-0.51093906	1.0
1.2679404	0.0	31	1	4	3	4	4	2	2	3	4	4	4	2	3	1.7428818	1.7428818	3.1666667	1	2.0	2.0	2.0	3.0	0.61231375	1.0
1.0649167	0.0	47	1	3	3	3	4	2	4	3	4	3	4	3	3	2.5556517	2.5556517	3.1666667	1	3.0	1.0	4.0	1.0	0.81287736	1.0
	0.0	35	1	3	2	2	3	2	2									2.3333333	2	5.0	2.0	3.0	2.0	-0.19010545	
	0.0	23	1	4	4	4	4	3	4	4	4	4	4	2	4	2.7428818	3.3994823	3.8333333	2	3.0	3.0	3.5	4.0	1.464163	1.0
2.9760513	0.0	47	1	2	1	3	1	1	2	3	1	2	4	2	1	1.7428818	1.7428818	1.6666666	1	7.0	3.0	3.0	4.0	-0.8717643	1.0
	0.0	38	1	2	5	5	1	5	5		5			5	5	1.4443483	1.4443483	3.8333333	1	0.0	1.0	1.0	1.0	1.580041	1.0
	0.0	47	1	1	1	4	4	1	2									2.1666667	2	4.0	2.0	1.0	1.5	-0.3570143	
1.0060568	0.0	52	1	4	1	1	5	1	1	2	2	1	1	2	1	3.5556517	3.5556517	2.1666667	1	1.0	2.0	1.5	1.0	-0.45282918	1.0
0.25312108	0.0	68	1	3	1	3	3	1	3	3	4	3	3	3	3	1.5556517	1.5556517	2.3333333	2	10.0	4.0	4.0	1.0	-0.12767135	1.0
	0.0	23	1	2	3	5	5	3	3	4	2	4	4	4	3	2.043716	2.043716	3.5	2	6.0	2.0	2.0	2.5	1.0631694	1.0
	0.0	29	1	2	5	4	2	2	2	4	2	4	3	2	2	2.043716	2.043716	2.8333333	2	2.0	1.0	1.0	1.0	0.313948	1.0
0.5999744	0.0	43	1	2	1	1	1	1	1	3	2	3	2	1	2	0.55565166	0.55565166	1.1666666	2	5.0	4.0		1.0	-1.4348044	
	0.0	44	1	4	3	4	4	1	5									3.5	2	1.0	1.0	1.0	1.0	1.1976417	
	0.0	37	1	2	2	2	3	1	1									1.8333334	2	8.0	1.0			-0.76787823	
	0.0	34	1	4	5	4	2	2	2									3.1666667	2	2.0	1.0	3.0	1.5	0.61530715	
	0.0	29	1	4	3	2	4	2	3	2	2	4	3	1	3	2.043716	2.043716	3.0	1	5.0	1.0	2.0	1.5	0.5554842	1.0
	0.0	23	1	4	4	2	2	3	2	4	2	3	2	2	3	1.2571182	1.2571182	2.8333333	2	1.0	1.0	2.5	4.0	0.30770946	1.0
	0.0	48	1	2	4	3	4	3	4									3.3333333	1	6.0	0.0	3.0	1.5	1.0078365	
1.9489757	0.0	36	1	4	4			4	5	4	5	2	4	3	2				2	0.0	3.0	2.5	1.0		
0.65871596	0.0	34	1	2	2	2	4	2	3	2	2	3	4	2	3			2.5	2	5.0	3.0	2.0	1.5	0.082474306	
3.6464067	0.0	30	1	5	4	1	2	1	4	5	4	2	4	4	2	2.043716	2.043716	2.8333333	1	0.0	1.0	3.0	1.0	0.46165636	1.0
	0.0	40	1	4	5	4	3	1	3									3.3333333	1	4.0	2.0	4.0	1.0	0.8645786	
	0.0	32	1	4	4	4	3	1	3									3.1666667	2	3.0	2.0	2.0	2.0	0.69292784	
	0.0	35	1	4	2	2	2	2	2									2.3333333	2	1.0	3.0	1.5	1.0	-0.20957991	
	0.0	23	1	2	2	5	5	1	3									3.0	2	0.0	1.0	2.0	3.0	0.54354274	
	0.0	40	1	4	2	4	2	2	2									2.6666667	2	6.0	2.0	3.0	3.5	0.10035498	
1.1460952	0.0	50	1	5	1	3	1	1	3	4	5	1	1	1	3	0.55565166	0.55565166	2.3333333	1	10.0	3.0	5.0	1.0	-0.16662027	1.0
0.51388097	0.0	71	1	1	1	1	3	1	1	1	1	1	1	1	1	2.5556517	2.5556517	1.3333334	1	8.0	3.0	4.0	2.5	-1.245176	1.0
0.4410847	0.0	78	0	1	1	2	2	1	1	1	1	1	2	1	2	0.043715954	0.043715954	1.3333334	2	10.0	3.0	4.0	4.0	-1.2603625	1.0
	0.0	69	0	1	2	2	2	1	1	2	3	1	2	1	1	0.7428818	0.7428818	1.5	1	7.0	3.0	4.0	4.0	-1.0887119	1.0
0.47811526	0.0	69	1	4	4	1	1	1	4	1	3	4	2	1	2	2.2571182	2.2571182	2.5	1	8.0	2.0	2.5	2.0	0.14082277	1.0
0.51268905	1.0	84	0	4	2	1	4	3	3	3	2	3	2	2	4			2.8333333	2	2.0	1.0	3.5	1.5	0.4028539	
	0.0	61	0	1	1	5	4	1	1									2.1666667	2	10.0	3.0	3.5	1.0	-0.45515215	
	0.0	54	1	1	1	1	1	1	1	1	1	1	1	5	1	0.95628405	0.95628405	1.0	1	9.0	1.0	3.0	2.0	-1.585484	1.0
	0.0	50	1	5	1	1	3	1	1									2.0	2	9.0	3.0	4.0	2.0	-0.64245766	
0.99041337	0.0	63	1	4	2	1	2	1	1	1	1	1	2	1	1	2.2571182	2.2571182	1.8333334	1	9.0	2.0	3.0	2.0	-0.7916406	1.0
0.71964616	0.0	25	1	2	2	3	2	1	2	3	4	4	2	1	1		3.3152142	2.0	2	4.0	1.0	2.0	2.0	-0.5299595	
0.7583296	0.0	50	0	2	2	4	3	2	4	1	2	3	3	1	2	0.0480299	0.0480299	2.8333333	2	8.0	3.0	2.5	1.0	0.47536045	1.0
	0.0	28	1	5	3	5	5	2	4	5	4	3	4	2	3	1.4443483	1.4443483	4.0	2	0.0	1.0	2.5	1.0	1.5943254	1.0
	0.0	30	1	3	3	4	2	2	2	3	4	4	2	2	1	0.25711823	0.25711823	2.6666667	2	1.0	3.0	1.5	2.0	0.12132613	1.0
	0.0	42	1	4	4	4	2	2	3	4	4	2	3	2	3	1.7428818	1.7428818	3.1666667	1	0.0	1.0	2.0	2.0	0.6967617	1.0
0.88289845	0.0	50	0	4	1	3	3	3	2	2	3	4	1	3	4	2.7428818	2.7428818	2.6666667	2	5.0	0.0	3.5	4.0	0.11787874	1.0
0.591212	0.0	42	1	3	2	3	2	2	2	2	3	4	3	2	2	2.043716	2.043716	2.3333333	2	6.0	2.0	1.0	2.0	-0.20529203	1.0
0.9823017	0.0	49	1	4	5	3	5	2	4	4	4	5	5	3	4	0.99281	0.39948225	3.8333333	1	5.0	1.0	3.0	1.5	1.4770124	1.0
0.9493641	0.0	62	1	1	2	3	3	1	1	2	1	2	2	1	1	0.25711823	0.39948225	1.8333334	1	7.0	3.0	4.0	3.5	-0.76359034	1.0
	0.0	51	1	1	2	3	2	1	2									1.8333334	2	3.0	1.0	1.0	1.0	-0.6806391	
	0.0	52	1	4	3	4	3	1	4									3.1666667	2	7.0	1.0	4.0	1.0	0.7743824	
	0.0	42	1	1	5	4	1	2	4	4	3	2	2	3	4			2.8333333	2	0.0	1.0	1.0	1.5	0.499325	
5.7823834	0.0	46	1	4	4	2	5	2	2	1	2	1	5	1	1	1.4443483	1.4443483	3.1666667	0	0.0	0.0	1.0	1.0	0.64418364	1.0
	0.0	51	1	2	4	4	4	2	2	3	4	4	4	2	3	2.043716	2.043716	3.0	2	4.0	1.0	1.5	1.5	0.48260537	1.0
	0.0	27	1	5	3	4	5	5	4									4.3333335	2	8.0	1.0	3.5	3.5	1.9613217	
	0.0	28	1	3	2	3	4	1	2									2.5	2	6.0	2.0	2.5	2.5	-0.038971882	
0.99632573	0.0	58	1	4	3	4	2	2	3	4	3	4	3	2	3	0.043715954	0.043715954	3.0	1	3.0	3.0	3.0	3.0	0.525111	1.0
	0.0	30	1	4	2	4	3	2	2									2.8333333	2	2.0	2.0	2.0	4.0	0.270509	
	0.0	54	1	3	4	4	4	3	4	3	3	4	4	3	4			3.6666667	1	1.0	1.0	2.0	2.5	1.3134835	
0.69084716	0.0	41	1	4	3	4	4	1	2	5	3	2	4	1	4	0.7428818	0.7428818	3.0	2	3.0	2.0	2.0	2.0	0.43832585	1.0
	0.0	50	0	1	2	2	2	2	2	1	2	4	1	1	1	2.6005177	3.2571182	1.8333334	1	7.0	2.0	3.5	2.0	-0.66161865	1.0
5.7823834	0.0	69	1	4	2	3	3	1	2	5	2	2	4	2	2	0.95628405	0.95628405	2.5	0	9.0	1.0	1.0	1.0	-0.05844634	1.0
	0.0	70	0	2	1	1	2	1	2	2	1	2	2	2	2	1.043716	1.043716	1.5	2	6.0	2.0	3.0	2.5	-1.0115452	1.0
	0.0	67	1	2	1	1	4	1	1	1	1	1	4	1	1	0.95628405	4.742882	1.6666666	2	8.0	2.0	2.5	1.0	-0.92434233	1.0
	0.0	27	1	4	3	4	3	2	3									3.1666667	2	6.0	4.0	2.5	2.0	0.69526505	
	2.0	33	1	5	2	3	4	1	4	4	2	4	4		4	0.68478584	1.0480299	3.1666667	2	6.0	3.0	3.0	3.0	0.76859784	1.0
0.5404734	0.0	49	1	4	2	5	2	1	2	5	2	5	2	2	4	3.7428818	3.7428818	2.6666667	2	6.0	4.0	1.0	1.5	0.08133451	1.0
	0.0	20	1	4	3	4	2	4	4	4	4	3	4	3	3	0.95628405	2.6847858	3.5	2	4.0	2.0	3.5	3.0	1.1261921	1.0
0.58310485	0.0	48	1	4	5	1	2	1	2	4	5	2	1	4	3	3.2571182	3.2571182	2.5	2	2.0	2.0	2.0	1.5	-0.023583066	1.0
	0.0	44	1	4	4	2	3	1	4	4	5	4	4	3	4	2.95197	2.95197	3.0	2	4.0	1.0	1.0		0.63609827	
0.5535475	0.0	48	1	4	5	3	3	2		4	5	3	3	2	3	0.99281	0.99281		2	5.0	2.0		1.0		
	0.0	54	1	1	4	1	4	1											2	2.0	3.0	3.0	3.5		
1.4819163	0.0	56	1	2	1	1	1	1	1	2	1	1	2	3	2	3.5556517	3.5556517	1.1666666	2	0.0	0.0	1.0		-1.4348044	
5.7823834	0.0	59	0	3	5	2	3	2	2	3	2	2	2	2	2	2.043716	2.043716	2.8333333	0	6.0	3.0	1.0	1.0	0.32484674	1.0
0.51771617	0.0	51	1	4	3	2	2	3	4	4	4	2	3	2	2	0.043715954	0.043715954	3.0	2	7.0	1.0	3.0	3.5	0.6422693	1.0
2.929719	0.0	46	1	3	3	3	3	3	3	3	3	3	2	3	3	2.99281	2.99281	3.0	1	0.0	2.0	1.0	1.0	0.5636059	1.0
0.6683617	0.0	22	1	4	4	5	3	1	3	4	4	5	5	2	3	0.39948225	0.39948225	3.3333333	2	4.0	2.0	4.0	3.5	0.8478953	1.0
	0.0	24	1	4	4	4	4	3	3	4	4	4	4	3	2	0.39948225	0.39948225	3.6666667	2	3.0	2.0	2.5	4.0	1.2110577	1.0
1.0603026	0.0	46	1	3	4	4	2	3	5	4	3	2	3	3	4	1.00719	1.00719	3.5	1	0.0	1.0	1.0	1.0	1.2262807	1.0
	0.0	39	1	4	4	1	2	3	4									3.0	2	3.0	2.0	3.0	1.5	0.6589526	
	0.0	41	1	3	3	3	3	4	3									3.1666667	1	5.0	2.0	2.5	4.0	0.7375938	
0.49917847	0.0	68	1	3	1	3	2	3	3	2	1	2	2	2	2	0.043715954	0.043715954	2.5	1	8.0	2.0	3.5	3.5	0.050150435	1.0
	0.0	37	1	2	2	4	4	2	2	2	1	4	5	3	2	0.25711823	0.39948225	2.6666667	1	5.0	4.0	2.0	2.5	0.1393039	1.0
0.7427203	0.0	66	0	1	2	3	3	1	3	4	1	1	2	1	1	1.043716	1.043716	2.1666667	1	9.0	2.0	3.5	2.0	-0.25737977	1.0
	0.0	27	1	4	2	3	4	1	2									2.6666667	2	5.0	1.0	2.0	3.0	0.11170769	
	0.0	32	1	4	2	1	5	2	3									2.8333333	2	6.0	1.0	2.0	2.0	0.39902005	
	0.0	58	1	3	2	1	3	3	1									2.1666667	2	0.0	2.0	1.0		-0.42419028	
	0.0	24	1	4	4	4	4	2	3									3.5	2	5.0	2.0	2.5	3.0	1.0370698	
	0.0	29	1	4	3	4	4	3	2	4	3	4	4	3		0.0480299	0.31521416	3.3333333	2	1.0	3.0	1.5	2.5	0.7863017	1.0
	0.0	38	1	1	2	4	4	1	2		4	3	2	1	1	2.6005177	2.6005177	2.3333333	2	6.0	2.0	3.5	3.5	-0.18536359	1.0
	0.0	71	0	3	1	3	5	1	2	2	2	3	4	1	2	1.4443483	1.4443483	2.5	0	5.0	3.0	4.0	1.5	-0.040468577	1.0
5.7823834	0.0	79	0	1	2	1	3	1	2	2	1	1	2	2	1	2.7428818	1.043716	1.6666666	0	10.0	3.0	5.0	2.0	-0.82041997	1.0
2.2283275	0.0	51	0	5	5	2	3	3	5	3	5	4	2	3	5	0.44434834	0.44434834	3.8333333	2	6.0	1.0	2.5	1.0	1.5595096	1.0
3.778758	0.0	60	0	3	3	2	2	2	2	3	2	3	2	2	3	3.5556517	3.5556517	2.3333333	1	0.0	2.0		1.0	-0.18860875	
3.9300733	0.0	70	1	5	3	3	5	4	4	5		3	5	5	5			4.0	0	0.0	1.0		2.5	1.6323663	
	0.0	52	0	1	1	2	1	1	1	1	1	2	2	3	2	0.95628405	0.95628405	1.1666666	2	8.0	3.0	1.5	1.5	-1.4305166	1.0
2.6823258	0.0	60	1	1	1	1	1	1	1	1	2	2	2	2	2	0.44434834	0.44434834	1.0	1	4.0	2.0	3.0	3.0	-1.585484	1.0
1.4342296	0.0	59	0	2	2	2	4	2	4	2	2	3	3	2	2	0.55565166	0.55565166	2.6666667	1	8.0	3.0	3.0	1.0	0.3355796	1.0
	0.0	69	0	2	1	2	1	1	1									1.3333334	2	10.0	3.0	4.0	3.0	-1.279837	
0.687111	0.0	75	0	2	2	3	3	1	3	2	2	2	3	1	2	0.043715954	0.043715954	2.3333333	1	7.0	4.0	2.5	3.0	-0.10670019	1.0
	0.0	52	0	1	1	3	4	1	1	1	2	4	2	1	2	0.95628405	0.95628405	1.8333334	2	8.0	3.0	3.5	2.5	-0.76508707	1.0
0.3198623	0.0	65	1	3	2	2	2	2	2	2	2	2	2	1	1	1.956284	1.956284	2.1666667	2	7.0	3.0	4.0	2.5	-0.36025947	1.0
	0.0	31	1	4	2	3	3	2	3									2.8333333	1	7.0	2.0	3.0	3.0	0.36864686	
	0.0	40	1	4	2	4	4	1	2	4	3	2	2	2	3	0.44434834	0.44434834	2.8333333	2	1.0	2.0	1.0	1.0	0.26667514	1.0
2.9948125	0.0	49	1	2	2	3	3	2	1	3	2	1	2	1	2	0.0480299	0.0480299	2.1666667	1	3.0	3.0	1.0	1.0	-0.43892288	1.0
0.6997698	0.0	42	1	3	2	4	2	2	2	3	2	5	1	2	2	0.043715954	2.04803	2.5	2	7.0	4.0	3.5	2.0	-0.050324596	1.0
	0.0	32	1	3	2	5	3	2	2	4	3	4	4	4	4	1.7428818	0.31521416	2.8333333	2	4.0	2.0	2.5	2.0	0.27479687	1.0
	0.0	37	1	4	2	3	3	2	2	4	2	2	2	4	2	0.7428818	0.7428818	2.6666667	2	4.0	3.0	3.0	3.0	0.11554156	1.0
	0.0	44	1	3	4	3	4	1	4									3.1666667	2	0.0	1.0			0.8105402	
2.7285542	0.0	54	1	3	5	2	3	2	4	3	3	2	2	2	3	1.3994823	1.3994823	3.1666667	1	0.0	1.0	1.0	1.5	0.8310573	1.0
	0.0	42	1	4	1	2	2	2	4	4	2	2	4	1	1	0.0480299	0.0480299	2.5	2	9.0	2.0	4.0	3.0	0.12497996	1.0
	0.0	60	1	3	5	3	3	3	3									3.3333333	1	0.0	1.0	1.0	2.5	0.9069074	
1.0774285	0.0	41	1	5	1	5	4	5	3	1	1	1	3	3	1	1.5556517	1.5556517	3.8333333	1	4.0	1.0	5.0	4.0	1.3497283	1.0
1.7622058	0.0	28	1	4	5	4	4	4	4	4	5	4	2	4	4	0.55565166	0.55565166	4.1666665	2	2.0	0.0	1.0	1.5	1.8098016	1.0
	0.0	33	1	4	1	2	2	1	1	4	1	1	1	1	1	1.2571182	1.2571182	1.8333334	2	10.0	4.0	5.0	2.0	-0.80832386	1.0
0.83423364	0.0	30	1	4	3	4	2	2	2	4	2	4	4	2	2	1.9519701	0.25711823	2.8333333	2	3.0	2.0	2.0	1.0	0.2720057	1.0
0.51067847	0.0	67	1	3	2	3	3	1	3	3	3	3	4	1	1	1.0480299	1.0480299	2.5	1	4.0	2.0	2.0	1.0	0.043979384	1.0
	0.0	27	1	4	3	4	4	3	2									3.3333333	2	6.0	0.0	2.0	4.0	0.7863017	
	0.0	60	1	2	2	2	2	1	2	1	1	3	2	1	1	1.7428818	1.7428818	1.8333334	2	3.0	4.0	1.5	2.0	-0.684927	1.0
	0.0	29	1	4	3	4	3	2	3									3.1666667	2	1.0	1.0		1.0	0.69526505	
	0.0	28	1	5	4	5	5	4	2									4.1666665	2	5.0	2.0	3.0	2.0	1.6077414	
	0.0	53	1	5	4	4	2	2	4									3.5	1	5.0	4.0	3.5	1.0	1.1005466	
	0.0	34	1	1	2	2	2	2	2	2	2	2	2	1	2	0.39948225	0.39948225	1.8333334	2	7.0	2.0	2.0	3.0	-0.66161865	1.0
	0.0	52	1	2	1	2	1	1	1									1.3333334	1	7.0	4.0	2.5	4.0	-1.279837	
1.5485214	0.0	18	1	5	3	5	5	2	2	4	3	2	2	2	2	0.99281		3.6666667	1	3.0	1.0	2.5	2.5	1.0881149	1.0
	0.0	24	1	1	1	1	2	1	2	2	1	3	1	1	1	0.0480299	3.5556517	1.3333334	2	8.0	1.0	2.0	2.0	-1.1622247	1.0
0.59289944	0.0	42	1	1	1	1	2	1	1	4	1	1	1	1	2	1.4443483	1.4443483	1.1666666	2	3.0	1.0	4.0	1.5	-1.41533	1.0
	0.0	59	1	4	4	2	4	3	3	5	3	4	3	4	4	1.4443483	1.4443483	3.3333333	1	1.0	1.0		1.0	0.9011228	
0.5016147	0.0	53	1	2	3	5	4	2	3	1	3	5	4	2	2	0.99281	0.25711823	3.1666667	2	2.0	2.0	1.0	1.0	0.71902734	1.0
	0.0	54	1	2	1	2	2	2	2									1.8333334	2	7.0	2.0	4.5	3.0	-0.68258977	
	0.0	35	1	4	3	5	4	3	5	4	5	5	4	4	4	3.043716	3.043716	4.0	1	0.0	1.0	1.0	1.0	1.700585	1.0
	0.0	52	1	2	5			5	4	3	5			5	5				2	0.0	0.0	2.5	1.0		
	0.0	42	1	2	2	1	2	1	1									1.5	1	0.0	1.0	1.0	1.0	-1.0929997	
	0.0	52	0	5	2	2	3	2	2									2.6666667	1	6.0	1.0	4.0	1.5	0.11125369	
	0.0	68	1	4	2	1	3	2	2									2.3333333	1	4.0	1.0	1.0	1.0	-0.19439332	
	0.0	37	1	3	4	3	1	3	2	4	4	5	1	3	4			2.6666667	1	5.0	2.0	3.5	3.5	0.14184329	
1.6798191	0.0	36	1	5	5	5	5	1	3	4	4	4	4	4	4			4.0	2	2.0	1.0	3.0	1.0	1.5105337	
0.67829394	0.0	27	1	2	3	2	2	1	2	2	2	1	1	1	1	1.00719	1.00719	2.0	2	6.0	3.0	4.0	4.0	-0.5132762	1.0
	0.0	49	1	4	3	3	3	1	4	4	2	3	4	3	3	8.555652	8.555652	3.0	2	5.0	2.0	2.0	1.0	0.619415	1.0
	0.0	21	1		4	4	5	3	3										1	4.0	3.0	4.0	2.0		
4.540389	0.0	79	0	4	1	1	1	2	3	4	2	1	3	2	1			2.0	0	0.0	2.0	2.0	1.5	-0.4532468	
1.7091218	1.0	75	0	4	4	3	3	3	3	3	3	3	3	3	4	2.828815	2.828815	3.3333333	0	0.0	0.0	1.0	1.5	0.8859362	1.0
	1.0	40	0	5	2	4	3	2	4	5	2	2	4	2	3	1.1680865	1.1680865	3.3333333	2	6.0	1.0	4.0	3.0	0.92739916	1.0
	1.0	76	0	3	2	3	3	3	3	3	3	3	3	3	3	2.7811775	2.7811775	2.8333333	1	6.0	2.0	3.0	3.0	0.3919552	1.0
0.8229514	1.0	69	1	3	3	3	3	3	3	3	3	3	3	3	3	2.7811775	2.7811775	3.0	1	6.0	2.0	3.0	3.0	0.5636059	1.0
	1.0	60	1	2	1	2	1	1	3	2	2	3	3	1	4	6.1680865	6.1680865	1.6666666	2	7.0	2.0	4.0	2.5	-0.77362645	1.0
	1.0	52	1	3	4	4	3	3	2	4	5	1	1	3	4	0.3342371	0.3342371	3.1666667	2	2.0	2.0	4.0	3.5	0.6371188	1.0
0.72257525	1.0	67	0	1	1	1	2	2	2	1	5	1	1	2	1	1.1680865	1.1680865	1.5	1	8.0	3.0	4.0	3.5	-0.9882368	1.0
	1.0	77	1	2	2	2	3	2	3									2.3333333	2	7.0	1.0		3.0	-0.08767972	
	1.0	34	0			4	4												2	0.0	2.0	1.0	1.0		
2.9630935	1.0	63	1	4	2	3	1	3	1	2	4	4	1	3	2			2.3333333	1	7.0	2.0	2.5	2.5	-0.30388388	
	1.0	77	1	3	2	3	3	2	2	2	2	1	2	1	1		1.1680865	2.5	2	7.0	3.0	3.5	2.0	-0.035138007	
	1.0	70	0	2	1	3	2		2										0	5.0	1.0	1.5	4.0		
1.379987	1.0	40	1	1	1	1	3	1	3	1	1	2	3	2	3	0.21882248	0.21882248	1.6666666	2	0.0	3.0	1.5		-0.7389654	
0.7727016	1.0	77	1		1	3	3	3	2	4	1	3	4		1	0.8319135	0.8319135		1	6.0	2.0	3.0	4.0		
	1.0	77	0	1	2	1	3	1	1									1.5	2	10.0	1.0	4.0	4.0	-1.0735252	
0.34398243	1.0	70	1	2	5	4	5	2	1	2	4	2	2	3	4	0.21882248	0.21882248	3.1666667	2	7.0	0.0	2.0	2.0	0.5713048	1.0
0.81183463	1.0	56	0	5	1	4	2	1	1	4	2	4	4	4	4	0.21882248	0.21882248	2.3333333	2	9.0	2.0	5.0	5.0	-0.3477094	1.0
	1.0	76	0	1	1	2	2	2	1									1.5	1	7.0	1.0	2.0	2.0	-1.0863746	
0.80492836	1.0	74	1	5	1	4	4	3	4	3	1	1	3	3	3	0.21882248	0.21882248	3.5	1	6.0	3.0		4.0	1.0998904	
1.7131547	1.0	63	0	1	1	1	1	1	2	1	1	1	1	3	2	0.6657629	0.6657629	1.1666666	1	9.0	3.0	5.0	5.0	-1.3323787	1.0
0.7249793	1.0	74	0	1	1	1	3	1	1	1	1	1	2		1	0.7811775	1.1680865	1.3333334	1	10.0	3.0		4.0	-1.245176	
0.8764152	1.0	41	0	1	5	2	5	2	5	1	5	5	5		5	1.3985283	1.3985283	3.3333333	2	5.0	2.0	5.0	2.0	1.1231116	1.0
	1.0	44	0	1	2	4	4	2	2	2	2	4	4	2	2	0.8319135	0.8319135	2.5	2	9.0	2.0	4.0	3.0	-0.011375676	1.0
2.6007006	2.0	45	0	4	3	4	4	3	5	5	3	4	4	3	5			3.8333333	1	1.0	3.0	1.0	1.0	1.5456176	
	1.0	45	1	1	1	4	4	2	1									2.1666667	2	6.0	2.0	1.0	3.0	-0.43613172	
4.1024213	1.0	61	1	5	3	3	2	4	4	4	2	2	2	4	4			3.5	0	5.0	0.0	1.5	1.5	1.1219043	
	1.0	47	0	1	1	2	2	2	1	1	1	2	2	3	2	0.7811775	2.3985283	1.5	2	9.0	3.0	4.0	3.0	-1.0863746	1.0
	1.0	56	1	1	5	5	5	4	5									4.1666665	2	0.0	2.0	4.5	1.0	1.9359897	
	1.0	68	1	1	2	2	2	2	2	3	1	1	3	2	1	4.1680865	4.1680865	1.8333334	2	7.0	2.0	3.0	4.0	-0.66161865	1.0
0.41385067	1.0	68	1	3	2	3	4	3	3	4	3	1	4		4	0.16808653	3.3985283	3.0	2	2.0	1.0	1.0	2.0	0.56210923	1.0
	1.0	67	1	3	5	1	3	1	3									2.6666667	1	3.0	3.0	1.0	3.0	0.24899669	
0.91347706	1.0	46	0	1	2	2	3	3	2	2	2	4	4	3	3	4.334237	4.334237	2.1666667	2	7.0	2.0	3.0	3.5	-0.3174767	1.0
	1.0	38	1	1	4	1	4	1	2	4	2	4	4	4	4	2.8319135	2.8319135	2.1666667	2	5.0	2.0	1.0	1.0	-0.30696446	1.0
0.8526072	1.0	55	0	1	1	2	1	1	1	1	2	5	3	1	2	2.828815	2.828815	1.1666666	2	5.0	3.0	3.0	1.0	-1.4305166	1.0
1.469315	0.0	54	1	5	1	4	4	4	3	5	2	3	3	2	2			3.5	2	3.0	2.0	1.0	1.0	1.0207729	
	1.0	53	1	4	4	3	3	3	2	4	3	3	2	4	3	4.2188225	4.2188225	3.1666667	1	0.0	0.0		2.0	0.6328309	
	1.0	68	0	3	2	2	4	3	4	4	2	4	3	2	4	0.21882248	0.21882248	3.0	1	7.0	2.0	2.0	1.0	0.6602471	1.0
	1.0	59	1	1	2	2	1	3	1	2	1	3	4	2	1	1.1680865	1.1680865	1.6666666	2	7.0	2.0	3.5	2.0	-0.91089004	1.0
4.4959307	2.0	59	1	4	1	3	3	3	2	5	1	3	4	1	1	2.665763	2.665763	2.6666667	1	5.0	2.0	2.5	4.0	0.11787874	1.0
	1.0	67	0	1	1	1	1	1	3	2	1	1	1	2	1	7.828815	7.828815	1.3333334	1	0.0	1.0		1.0	-1.0792735	
	0.0	50	1	3	1	1	2	2	3	2	2	5	3		3			2.0	2	0.0	2.0	1.0		-0.43377236	
0.63303405	0.0	37	1	3	4	5	1	3	2	4	5	5	3	4	5			3.0	2	3.0	2.0	1.0	3.0	0.45177817	
	2.0	42	0	2	2	1	1		1	1	1	1	1	1	1		0.8319135		2	6.0	2.0	3.0	3.0		
0.9583772	1.0	52	1	1	1	4	1	1	1	2	1	4	1	1	1			1.5	2	10.0	3.0	5.0	1.0	-1.1205817	
0.8895075	1.0	53	1	1	1	1	2	2	1	4	1	1	2	3	1	1.6657629	1.6657629	1.3333334	2	9.0	3.0	4.5	2.5	-1.2413421	1.0
0.93687415	1.0	51	1	2	4	3	4	2	2	1	3	4	3	2	2	1.2188225	1.2188225	2.8333333	2	3.0	2.0	2.0	2.0	0.3276379	1.0
	1.0	48	1	3	3	3	4	3	2	2	2	3	2	3	4	0.3342371	0.3342371	3.0	0	5.0	1.0	1.5	2.0	0.48065466	1.0
	2.0	48	0	2	1	1	4	1	2	4	1	1	1	2	1		0.16808653	1.8333334	2	6.0	3.0	2.0	1.5	-0.67123705	
	2.0	68	1	1	1	4	4	3	4									2.8333333	2	7.0	1.0	3.5	3.0	0.4971721	
	1.0	49	1	3	2	4	4	2	1	3	3	4	5	3	1	0.8319135		2.6666667	2	7.0	2.0	2.5	1.0	0.036878172	1.0
	1.0	54	0	2	2	3	3	3	3	2	2	3	3	2	3			2.6666667	0	2.0	4.0	1.5	1.5	0.24127562	
	1.0	37	0	2	2	4	4	3	2									2.8333333	2	7.0	3.0	4.0	2.5	0.3132918	
5.7823834	2.0	47	1	5	5	5	5		4	5	5	5	5	3	5	1.3342371	1.3342371		0	5.0	3.0		1.5		
	1.0	55	0	5	2	3	3	3	2	1	2	2	2	2	2	0.21882248	0.21882248	3.0	1	7.0	3.0	4.0	3.0	0.44020903	1.0
1.9505584	1.0	47	0	1	1	1	1	3	1	1	1	1	1	1	1	1.742835	1.742835	1.3333334	1	9.0	3.0	5.0	5.0	-1.2375082	1.0
	1.0	68	0	1	5			3	4	1	3	3	1	3	4				1	3.0	3.0		1.0		
0.18486296	2.0	81	0	2	2	2	4	1	1	2	2	1	2	1	1	0.8319135	0.8319135	2.0	1	5.0	2.0	1.0	1.5	-0.5977242	1.0
0.2895156	2.0	85	1	2	1	1	1		1	1	1	1	2	1	1				1	10.0	2.0	2.0	2.0		
0.94231045	1.0	60	1	1	1	1	1	1	1	1	1	4	2	1	1	7.1680865	7.1680865	1.0	2	5.0	1.0	4.0	4.0	-1.585484	1.0
	1.0	77	0	2	1	1	1	2	1									1.3333334	2	9.0	3.0	3.5	3.0	-1.2608166	
	1.0	59	0	3	2	5	3	3	4	3	3	5		3	2	2.171185	2.171185	3.3333333	1	0.0	3.0	1.0	1.0	0.9549954	1.0
	1.0	45	1	4	2	4	4	3	2									3.1666667	2	4.0	1.0	1.0	1.0	0.61465096	
1.5799019	2.0	39	1	5		1	3	5	2	1	4	3	3	4	3	2.334237	2.1680865		2	0.0	2.0	2.0	1.0		
0.33647525	1.0	75	0	4	2	1		2	2	5	3	1	2	3	4	2.8319135	2.8319135		2	8.0	3.0		1.5		
0.99172777	1.0	31	0	2	5	1	1	1	1	1	1	5	5	1	5	1.6657629	2.6014717	1.8333334	2	7.0	3.0	2.5	3.0	-0.74820155	1.0
0.7448456	1.0	80	1	1	1	3	4	3	2	1	1	1	2	1	3	2.8319135	2.8319135	2.3333333	1	10.0	2.0		3.0	-0.16400594	
	2.0	51	0	3	4	3	3	2	4	3	3	3	4	3	4			3.1666667	1	1.0	2.0	1.0	1.0	0.814374	
0.86110765	2.0	53	0	3	2	2	3	3	3	1	2	1	2	1	3	1.1680865	1.1680865	2.6666667	2	2.0	1.0	3.0	3.5	0.23698775	1.0
	1.0	65	1	2	2	1	1	1	1									1.3333334	2	2.0	3.0	3.0	2.0	-1.2631537	
	1.0	75	1	2	4	2	2	2	2	2	1	2	2	2	2	4.742835	2.8319135	2.3333333	1	8.0	2.0	2.0	1.5	-0.16763759	1.0
0.77743864	1.0	63	1	4	2	1	3	3	3	4	3	1	2	3	3	1.828815	1.828815	2.6666667	2	4.0	1.0	1.5	2.0	0.23269989	1.0
0.8169429	1.0	68	1	1	1	1	2	2	2	1	5	1	1	2	1	2.2188225	2.2188225	1.5	1	8.0	3.0	4.0	4.0	-0.9882368	1.0
2.211862	1.0	40	1	3	3	5	4	2	2	3	3	4	4	2	1			3.1666667	1	0.0	1.0	1.0	1.0	0.61660165	
0.3557573	1.0	74	1	2	1	4	2	2	2	4	2	3	4	3	2	0.16808653	0.16808653	2.1666667	2	7.0	1.0	2.5	3.5	-0.37265489	1.0
	1.0	51	0	1	1	1	1	1	1	1	1	1	1	1	1	2.665763	2.171185	1.0	1	10.0	2.0	2.0	1.0	-1.585484	1.0
0.36856982	1.0	78	0	2	2	4	5	1	4	1	3	4	4		4	3.2188225	5.1680865	3.0	2	10.0	2.0		1.5	0.6416806	
0.19155328	2.0	75	0	2	1	1	3	1	1	2	1	1	3	2	1	0.8319135	0.8319135	1.5	1	10.0	0.0	3.0	2.5	-1.0944964	1.0
	2.0	74	1	2	2	1	2	4	4	1	2	2	4	3	2	1.2188225	1.2188225	2.5	0	7.0	3.0	2.5	1.0	0.18827991	1.0
	1.0	60	1	3	2	2	5	2	3	1	4	3	3	1	2			2.8333333	0	2.0	1.0	1.0		0.4033079	
	2.0	65	1	1	4	4	1	1											1	7.0	2.0	4.0	1.5		
	1.0	43	1	5	5	5	5	2	5	5	5	5	5	5	5			4.5	2	0.0	0.0		1.0	2.1907322	
	1.0	44	1	4	3	3	4	4	4	4	4	3	3	3	2			3.6666667	2	2.0	1.0			1.3115327	
	2.0	52	0	3	1	1	1	3	1	1	1	4	5	5	5	0.21882248	0.21882248	1.6666666	1	8.0	1.0	3.5	2.0	-0.93614906	1.0
	1.0	43	1	3	3	4	4	3	2	3	3	3	2	3	2	0.7811775	0.7811775	3.1666667	1	5.0	2.0			0.6356221	
0.9833642	2.0	64	0	1	1	1	4	3	2	1	1	4	5	2	1	1.742835	1.7811775	2.0	2	10.0	3.0	4.0	3.0	-0.47394082	1.0
0.35490882	1.0	68	1	3	2	2	3	2	2	2	2	2	3	2	2	0.21882248	2.1680865	2.3333333	2	5.0	2.0	3.5	3.0	-0.19010545	1.0
	1.0	59	1	1	5	1	3		5	1	5			5	5				0	0.0	1.0				
0.8114619	1.0	54	0	4	2	1	4		3	2	3	1	3	3	3				2	1.0	1.0		1.0		
	1.0	64	0	1	2	2	2	2	4									2.1666667	1	8.0	2.0	1.5	1.0	-0.15540802	
	1.0	41	1	5	2	1	2	3	4									2.8333333	1	3.0	2.0	2.0	3.0	0.46633074	
	1.0	48	0	3	3	3	3	3	3	3	3	3	3	3	3	0.8319135	0.8319135	3.0	2	7.0	1.0	3.0	3.0	0.5636059	1.0
0.80887586	1.0	73	1	1	2	1	4	1	2	2	2	2	4	2	2	4.2188225	1.171185	1.8333334	1	8.0	2.0	4.0	3.5	-0.65026593	1.0
1.947366	1.0	68	1	1	1	3	4	2	2	1	1	2	2	2	2	1.1680865	1.1680865	2.1666667	0	3.0	2.0	3.0	4.5	-0.33799386	1.0
	1.0	81	0	1	2	2	3	2	1	2	2	4	3	3	3	4.334237	4.334237	1.8333334	2	8.0	3.0	2.5	4.0	-0.7445699	1.0
	1.0	44	0	4	2	2	3	3	4	4	2	4	3	4	2	0.8319135	0.8319135	3.0	1	5.0	3.0	1.0	1.0	0.64077264	1.0
2.1359293	1.0	46	0	1	1	1	1	4	1	5	1	5	5	5	5	2.171185	2.171185	1.5	1	7.0	3.0	3.0	1.0	-1.0635203	1.0
	1.0	49	0	2	3	4	4	2	3									3.0	1	6.0	1.0	2.0	3.0	0.5640599	
	1.0	50	0		4	3	4	2	2	2	2	3	2	4	2	1.8319135	1.8319135		2	7.0	3.0				
1.7496891	2.0	45	1	2	4	4	3	3	3	2	3	3	2	2	2	0.16808653	1.7811775	3.1666667	2	5.0	2.0	2.5	3.0	0.7395445	1.0
0.9157946	1.0	39	0	2	2	2	2	4	2	4	2	2	4	4	4	2.828815	2.828815	2.3333333	2	1.0	2.0	1.0	1.0	-0.16296324	1.0
	0.0	44	0	2	2	4	3	3	2	3	3	4	4	3	3			2.6666667	1	7.0	2.0	2.5	1.0	0.14313777	
	1.0	48	1	1	3	3	3		2	2	3	3	2	3	2	0.25716496	0.25716496		1	3.0	1.0		1.0		
	1.0	44	0	5	1	5	5	5	5	5	1	5	5	5	5	4.398528	4.398528	4.3333335	1	0.0	2.0	1.0	3.0	2.026093	1.0
	1.0	68	0	4	3	2	3	3	3	3	4	4	3	2	4	0.8319135	0.8319135	3.0	1	5.0	3.0	2.5	2.0	0.55931807	1.0
0.90037614	1.0	47	1	3	3	2	4	2	2	4	3	5	4	4	4	1.1680865	1.1680865	2.6666667	2	2.0	1.0	1.0	3.0	0.15169932	1.0
	1.0	39	1	4	2	4	4	3	4	4	2	4	5	3	2	0.21882248	0.21882248	3.5	1	0.0	1.0	1.0		1.1208615	
1.9402566	1.0	66	1	3	2	2	2	2	2	3	3	3	3	3	2	2.334237	2.334237	2.1666667	0	5.0	1.0	2.0	2.0	-0.36025947	1.0
0.7642169	1.0	77	1	2	4	3	4	1	2	2	4	2	2	2	3			2.6666667	1	6.0	2.0	3.0	3.0	0.15365	
	1.0	49	0	1	1	1	1		1	3	2	4	3	2	3				1	0.0	0.0				
	1.0	71	0	1	2	1	1	1	1	1	2	4	1	2	1	0.8319135	0.8319135	1.1666666	1	5.0	2.0	3.5	2.0	-1.4138333	1.0
0.9194427	1.0	45	0	4	5	3	1	3	4	4	4	2	3	5	5	1.1680865	1.1680865	3.3333333	2	9.0	2.0	2.5	4.5	0.9703842	1.0
0.79303557	1.0	68	0	2	1	2	2	2	2	3	1	1	1	1	1	0.21882248	0.21882248	1.8333334	1	8.0	3.0	3.5	2.5	-0.68258977	1.0
	1.0	35	1	3	4	2	2	3	3									2.8333333	2	1.0	3.0	2.0	2.5	0.41013518	
4.579971	2.0	53	1	5	4	2	5	2	5	5	1	1	5	1	2	5.828815	5.828815	3.8333333	1	7.0	0.0	3.0	4.0	1.5541791	1.0
0.40863845	1.0	74	1	1	2	2	3	2	2	2	2	2	2	3	2	0.8319135		2.0	2	8.0	2.0	4.0	4.0	-0.49146459	1.0
1.8013904	1.0	65	0	1	1	1	1	1	2	2	1	2	2	2	2	1.8319135	1.8319135	1.1666666	0	8.0	2.0	3.0	1.5	-1.3323787	1.0
	0.0	54	0	4	2	4	3	4	4	4	2	4	4	4	4			3.5	1	1.0	1.0			1.1246954	
	1.0	59	0	5	3	3	4	3	4									3.6666667	1	0.0	1.0	1.5	2.0	1.2882245	
0.71000445	1.0	68	0	4	1	1	2	3	3	1	1	1	2	2	1	0.8319135	0.8319135	2.3333333	1	7.0	3.0	1.5	2.5	-0.10910487	1.0
0.8756422	1.0	47	0	1	1	1	1	1	1	2	2	2	4	4	4	4.7811775	4.7811775	1.0	2	5.0	1.0	4.0	2.0	-1.585484	1.0
	1.0	57	0	1	5	3	3		4	1	5	4	3	3	4	0.8319135	0.8319135		2	3.0	1.0		1.0		
1.4793401	2.0	49	1	3	3	2	2	3	3	2	2	3	3	2	2	2.1680865	2.1680865	2.6666667	2	5.0	2.0	2.0	2.0	0.23848446	1.0
0.8052234	1.0	62	1	3	3	3		3	3		3	3	3	3	3	2.665763	2.665763		2	0.0	1.0	1.0	2.0		
0.9325764	1.0	52	1	2	1	5	1	1	1	2	1	4	4	3	1	0.16808653	0.16808653	1.8333334	2	7.0	2.0	3.5	4.0	-0.8149347	1.0
	1.0	70	0	2	2	3	3	2	2	2	2	4	4	3	4	0.8319135	0.8319135	2.3333333	1	8.0	3.0	2.5	1.0	-0.18581758	1.0
2.8406293	2.0	74	0	4	2	1	2	3	2	1	2	1	1	1	4	0.21882248	0.21882248	2.3333333	0	5.0	2.0	1.5	1.0	-0.19055945	1.0
0.32183033	1.0	75	0	1	1	4	4	1	1	1	2	4	4	2	1	0.21882248	0.21882248	2.0	2	0.0	2.0	2.5	2.5	-0.6101196	1.0
0.8017828	1.0	68	1	3	2	3	4	2	2	1	2	2	3	2	2	1.1680865	1.1680865	2.6666667	1	7.0	2.0	2.0	3.0	0.13501602	1.0
	1.0	73	0	2	3	2	4	2	3	2	2	3	4	2	3	0.16808653	0.16808653	2.6666667	0	7.0	3.0	2.5	2.0	0.25412503	1.0
	1.0	78	0		2	2	4		2										1	2.0	1.0	1.0	2.0		
	1.0	82	0	3	2	2	1	1	1	1	1	1	2	1	1	1.1680865	1.1680865	1.6666666	2	0.0	3.0	4.0	4.0	-0.9575067	1.0
0.356036	1.0	77	0	1	2	3	3	1	3	1	2	2	3	1	3	0.8319135	0.8319135	2.1666667	2	4.0	2.0	1.5	2.0	-0.25737977	1.0
1.0432457	1.0	37	1	4	3	3	3	3	4	4	5	5	4	4	4	4.7811775	4.7811775	3.3333333	2	0.0	2.0	1.0	1.0	0.9673908	1.0
	1.0	75	1	2	2	2	2	2	2	2	2	2	2	2	2	0.16808653	0.16808653	2.0	2	5.0	3.0	1.5	1.0	-0.51093906	1.0
	1.0	58	0		1	3	4	3	3	3	1	5	4		4	2.334237	2.334237		0	2.0	1.0				
	1.0	75	0	2	2	3	2	2	2	2	2	2	3	2	2	0.6657629	0.6657629	2.1666667	2	7.0	3.0	2.0	2.0	-0.3559716	1.0
0.3264281	1.0	78	0	1	2	1	2	3	2	2	2	1	4	2	2			1.8333334	2	6.0	2.0	3.5	4.0	-0.64259815	
0.30580118	2.0	67	1	2	2	4	4	2	3	1	2	2	2	2	3	0.8319135	0.8319135	2.8333333	1	3.0	2.0	1.0	1.0	0.3924092	1.0
0.19743405	2.0	69	0		2			1	2	1	2	1	3	1	2	4.7811775	4.7811775		1	7.0	3.0	3.0	1.0		
0.97863436	1.0	37	0	3	2	4	5	3	3	4	3	4	4	4	5	2.828815	2.828815	3.3333333	2	7.0	1.0	2.5	2.0	0.8872307	1.0
0.5833817	1.0	72	1	3	3	3	3	3	3	3	3	3	3	3	3	0.8319135	0.8319135	3.0	2	7.0	0.0	3.0	3.0	0.5636059	1.0
	2.0	42	0	4	2	4	3		5	3	3	4	2	3	4	0.16808653	0.16808653		0	7.0	1.0	3.5	2.0		
	1.0	44	1	5	2	2	2	2	4									2.8333333	1	0.0	2.0	1.0	1.0	0.44731027	
0.73918426	1.0	73	0	2	1	1	3	2	1	1	1	1	2	1	1	2.7811775	0.8319135	1.6666666	1	9.0	3.0	3.5	3.0	-0.9205085	1.0
0.76482683	1.0	73	1	2	2	2	2	2	2	2	2	2	3	2	2	2.1680865	2.1680865	2.0	1	8.0	3.0	2.5	2.5	-0.51093906	1.0
	1.0	51	0	1	3	4	4	3	2	1	2	2	2	1	2	0.8319135	0.8319135	2.8333333	1	6.0	2.0	3.0	2.5	0.33426297	1.0
	1.0	70	1	4	5	4	5	3	2									3.8333333	2	5.0	2.0	1.0	1.0	1.2997571	
1.7562643	0.0	69	1	3	4	3	3	2	2	2	3	3	2	3	3	0.3342371	0.3342371	2.8333333	0	7.0	3.0	2.5	4.0	0.30816346	1.0
	1.0	55	1	2	4	2	2	3	4	2	2	2	2	2	4	0.25716496	0.25716496	2.8333333	2	6.0	4.0	3.5	2.0	0.5125609	1.0
0.31588295	1.0	83	0	1	1	2	3	3	2	1	1	1	1	2	1	0.6657629	0.6657629	2.0	2	9.0	1.0	4.0	3.5	-0.48912743	1.0
	1.0	66	0	1	1	2	2	3	1	1	2	2	2	2	2			1.6666666	0	4.0	2.0	2.5	3.0	-0.9123867	
0.78389126	1.0	53	0	1	3	3			4	1	3	3			5	0.16808653	0.16808653		2	5.0	1.0		2.0		
0.72531337	1.0	74	0	1	1	2	3		2	2	1	2	2	3	2				1	2.0	2.0		1.0		
	1.0	69	0	3	2	3	4	1	3	2	3	2	2	1	1	1.7811775	1.7811775	2.6666667	1	5.0	3.0	1.0	1.0	0.21413341	1.0
	1.0	49	1	3	3	4	4	3	5	3	3	3	4	3	4			3.6666667	1	3.0	1.0	1.0	1.0	1.394938	
1.9343286	1.0	57	1	1	1	4	3	2	1	3	1	5	3	3	1	1.7811775	1.7811775	2.0	1	4.0	2.0	2.0	2.0	-0.60628575	1.0
1.9942943	2.0	34	1	4	2	2	5	4	1	5	2	4	5	2	2	2.1680865	2.1680865	3.0	2	1.0	2.0	3.0	3.5	0.3957527	1.0
	1.0	53	0	2	3	2	2	3	3	2	4	4	2	3	2			2.5	2	5.0	1.0	1.5	1.0	0.08780488	
	1.0	63	1	1	1	2	1	1	1									1.1666666	2	10.0	2.0	3.0	2.0	-1.4305166	
	1.0	45	0	1	1	3	1	2	1									1.5	2	5.0	3.0	2.0	1.5	-1.1015612	
0.96279705	2.0	47	0	2	1	1	2	3	1	2	2	2	1	3	1	0.8319135	0.8319135	1.6666666	2	8.0	2.0	3.0	2.0	-0.9166746	1.0
	2.0	43	0	3	3	3	2	3	3	4	4	3	2	3	3	2.171185	2.171185	2.8333333	2	8.0	1.0	5.0	1.0	0.3934519	1.0
	1.0	52	0	1	4	2	3	3	2									2.5	2	3.0	2.0		1.0	0.025824776	
0.80249554	1.0	66	1	1	1	2	2	3	1	2	2	2	2	2	3	2.8319135	2.8319135	1.6666666	1	0.0	1.0	1.0	1.0	-0.9123867	1.0
1.7456206	1.0	66	0	2	2	2	4	2	2	2	4	3	4	3	3	0.7811775	0.7811775	2.3333333	0	4.0	3.0	1.0	1.0	-0.17063099	1.0
	1.0	43	0	1	2	2	2	2	2	1	2	2	2	2	1		0.21882248	1.8333334	2	5.0	3.0	3.5	1.0	-0.66161865	
	2.0	81	0	3	5	1	2	2	1	2	1	1	4	3	1	2.257165	0.60147166	2.3333333	2	8.0	4.0	3.0	1.0	-0.25338003	1.0
	2.0	35	0	1	2	3	3	3	3									2.5	2	6.0	3.0	1.5	1.5	0.09059606	
	2.0	35	1	2	2	2	2	2	2	4	2	4	4	1	2	0.60147166	0.60147166	2.0	2	6.0	2.0	3.0	3.0	-0.51093906	1.0
	1.0	75	0	3	2	3	3	3	2									2.6666667	1	8.0	4.0		4.0	0.1388499	
0.8045772	1.0	69	1	4	2	2	4	3	2	4	2	3	4	2	4	0.21882248	0.21882248	2.8333333	1	2.0	1.0	2.0	2.0	0.30471605	1.0
2.1878734	1.0	38	1	1	5	5		5	5	4	5	5	2	3	4				1	0.0	0.0	1.0	1.0		
	1.0	37	1	3	4	4	4	1	2	5	2	3	2	2	1	2.742835	2.742835	3.0	1	3.0	1.0	2.0	1.0	0.45929703	1.0
	2.0	50	1	1	3	5	5	3	4									3.5	1	8.0	1.0	5.0	4.5	1.165595	
	1.0	56	1	3	3	4	4	3	4									3.5	1	4.0	1.0	3.0		1.1418327	
0.36454335	1.0	69	1	4	2	2	2	2	3	4	2	4	4	2	2	0.6657629	0.6657629	2.5	2	3.0	2.0	2.0		0.04352539	
1.2839339	2.0	63	1	2	2	2	2	2	3	2	2	2	2	2	3	0.6657629	0.6657629	2.1666667	2	8.0	2.0	3.0	2.0	-0.25783375	1.0
	1.0	83	0	1	1	1	2	3	1									1.5	0	7.0	2.0		2.0	-1.0673542	
	1.0	50	0	1	5	3	1	3	5	1	5	2	4	3	4	2.1680865	2.1680865	3.0	1	0.0	2.0	1.0	2.5	0.77145076	1.0
	2.0	47	0	1	1	2	4	2	1									1.8333334	2	4.0	3.0	3.0	5.0	-0.7460666	
0.7827411	1.0	50	0	1	1	2	3	2	2	1	1	2	2	2	2	0.8319135	0.8319135	1.8333334	2	8.0	2.0	3.0	2.0	-0.6631153	1.0
	1.0	54	0	1	1	1	1	1	1									1.0	2	6.0	3.0	1.0	3.0	-1.585484	
	1.0	64	1	1	2	2	3	3	2	1	1	3	3		3			2.1666667	0	0.0	2.0	2.0	1.5	-0.3174767	
	1.0	61	1	1	1	2	4	3	1	1	1	2	5	5	2			2.0	2	0.0	3.0	2.5	2.0	-0.5720787	
0.9286857	1.0	42	1	2	2	3	3	3	2	5	2	4	4	3	3			2.5	2	0.0	2.0	1.0	1.0	-0.0118296705	
	1.0	68	0	2	2	2	3	4	3	4	3	3	4	2	3	5.334237	5.334237	2.6666667	0	8.0	2.0	4.5	4.0	0.2602961	1.0
5.4234786	1.0	44	1	3	4	1	1	2	1	5	4	2		3	5			2.0	0	0.0	1.0		1.0	-0.5951848	
	1.0	66	1	1	1	2	2	2	3	1	1	1	1	2	1	0.21882248	0.21882248	1.8333334	2	5.0	2.0	2.5	3.0	-0.5801641	1.0
0.9241536	1.0	56	1	4	2	2	3	3	3	2	2	2	2	3	4		3.828815	2.8333333	2	8.0	2.0	3.5	1.0	0.38766733	
1.4304672	2.0	51	1	1	2	4	3	2	2	1	2	2	3	2	2	2.665763	2.665763	2.3333333	2	6.0	3.0	1.0	1.5	-0.18152972	1.0
2.0055094	1.0	50	1	4	1	1	4	2	2	3	1	2	3	3	3	3.2188225	3.2188225	2.3333333	1	5.0	2.0	1.5	2.0	-0.19589001	1.0
3.9042907	1.0	38	0	4	2	2	4	2	3	4	2	1	3	2	3			2.8333333	1	0.0	0.0	2.0	1.0	0.38383347	
	1.0	38	0	1	2	4	4	1	1	2	4	3	2	2	3	2.334237	1.3985283	2.1666667	2	8.0	1.0	2.5	3.0	-0.43846887	1.0
	1.0	50	0	1	2	2	2	3	2	1	2	3	2	2	1	0.8319135	5.828815	2.0	2	10.0	3.0	4.0	2.0	-0.48763072	1.0
	1.0	54	1	1	1	1	1	3	1									1.3333334	1	10.0	1.0	4.0	1.5	-1.2375082	
	1.0	32	1	2	4	5	5	4	3									3.8333333	2	0.0	3.0	2.0	1.5	1.408808	
1.1345828	2.0	45	0	3	2	5	3	5	4	1	3	4	4	1	3	2.8319135		3.6666667	2	10.0	2.0	2.0	1.0	1.3029712	1.0
	2.0	76	1	3	4	3	4	3	2		3		3	3	3	2.828815	2.828815	3.1666667	0	3.0	1.0			0.65230536	
3.2127435	2.0	46	0	1	2	1	1	1	1	1	2	2	1	1	1	0.17118502	0.17118502	1.1666666	1	8.0	0.0	1.5	1.0	-1.4138333	1.0
1.8603672	1.0	60	1		4	4	3	2	4	3	4	3	4	4	4	0.21882248	0.21882248		1	7.0	2.0	3.5	1.5		
	1.0	69	0	1	4	3	4	4	4									3.3333333	1	1.0	2.0	2.0	1.0	1.0311447	
0.09285696	2.0	70	1	1	1	4	4	2	2	1	2	4	3	2	3	1.2188225	0.39852834	2.3333333	2	4.0	2.0	1.0	2.0	-0.1830264	1.0
	1.0	69	0	3	2	2	2		2										1	6.0	2.0				
0.94346315	1.0	44	0	2	2	4	3	4	3	2	2	3	4	4	2			3.0	2	10.0	2.0	5.0	1.0	0.57023096	
	1.0	74	1	2	2				3	1	2	2	3	3	2				0	2.0	1.0	1.0			
2.4037495	2.0	45	0	4	3	3	4	3	3	3	4	2	3	3	4	2.828815	2.828815	3.3333333	1	6.0	0.0	3.0	3.0	0.8844395	1.0
	1.0	51	1	1	1	4	4	1	1									2.0	2	8.0	4.0	4.0	4.0	-0.6101196	
4.2135444	1.0	48	0	2	1	1	3	3	2	3	1	2	1	3	2	2.828815	0.21882248	2.0	0	5.0	2.0	4.0	4.0	-0.4934153	1.0
	0.0	41	1	1	1	2	1	2	1	1	1	4	4	3	1	1.8319135	1.8319135	1.3333334	0	9.0	1.0	3.5	4.0	-1.2565287	1.0
	1.0	53	1	2	5	1	4	3	5									3.3333333	1	1.0	1.0	1.0	1.0	1.1226575	
	2.0	79	1	1	1	1	1	2	1	1	1	3	4	4	4	2.3985283	2.3985283	1.1666666	2	7.0	3.0	3.5	4.0	-1.4114962	1.0
	1.0	68	1	1	2	2	3	2	2									2.0	2	1.0	1.0	1.0	2.0	-0.49146459	
	1.0	63	1	1	4	3	5		4		2	3	4	3	3				1	2.0	2.0	1.0	1.0		
	0.0	51	1	1	1	2	4	1	1	1	1	4	3	1	1		2.828815	1.6666666	1	5.0	3.0	3.0	1.0	-0.9200545	
1.9107616	1.0	54	1	3	1	1	4	2	2	4	2	1	4	3	3			2.1666667	1	0.0	1.0	1.0	1.0	-0.3465696	
1.810169	1.0	29	1	3	5	3	5	3	4	3	3	3	3	2	3	5.828815	5.828815	3.8333333	2	4.0	1.0	2.5	1.0	1.5003208	1.0
4.3912764	1.0	62	1	3	2	2	1	1	3	1	1	1	3	1	3	4.7811775	4.7811775	2.0	0	1.0	2.0	3.0	1.0	-0.45129612	1.0
0.27647325	1.0	88	0	1	1	1	1	1	2	1	1	1	1	1	1	2.665763	2.665763	1.1666666	2	6.0	3.0	3.5	1.5	-1.3323787	1.0
0.71718377	2.0	43	0	2	4	2		2	2	3	4	2	2	1	1	1.3985283	1.3985283		2	4.0	2.0	1.5	2.5		
0.78582156	1.0	59	1	5	3	2	4	3	4	3	3	3	4	3	4	2.1680865	2.1680865	3.5	2	0.0	2.0	1.0	1.0	1.1332569	1.0
	1.0	46	1	1	1	5	4	2	1									2.3333333	2	8.0	2.0	3.5	1.0	-0.28116426	
	1.0	54	0	1	3	3	3	3	4	2	2	3	5	3		0.17118502	0.17118502	2.8333333	1	0.0	3.0		1.0	0.5153521	
	1.0	49	1	2	1	3	3		1	2	1	4	4		1	5.2188225	2.665763		2	8.0	2.0		3.0		
	1.0	56	1	3	5	2	1		4	2	5	3	3	3	4	0.16808653	0.16808653		2	0.0	1.0		1.5		
1.8259667	1.0	64	1	2	2	1	1	3	1	1	1	1	1	2	1	0.21882248	0.21882248	1.6666666	1	10.0	3.0		1.0	-0.91517794	
1.1689459	2.0	46	1	2	1	2	3	3	2	2	2	3	3	3	2		0.8319135	2.1666667	2	6.0	1.0	3.0	1.5	-0.33844784	
1.8169167	1.0	62	1	2	2	1	4	1	2	1	2	4	4	1	1	2.171185	3.6014717	2.0	1	7.0	1.0	4.0	1.0	-0.49958634	1.0
0.75617313	1.0	69	0	4	2	2	2	3	2	4	3	1	2	2	3	2.2188225	0.3342371	2.5	1	5.0	3.0	1.0	1.5	-0.035592	1.0
	1.0	57	1	3	2	3	3	3	4	1	2	2	2	3	3			3.0	2	0.0	1.0	1.0	1.0	0.6450605	
0.75077814	1.0	65	0		5		3	2	3	2	3	3	3	2	2	2.1680865	2.1680865		1	2.0	1.0	1.0	1.0		
	1.0	53	0	1	2	4	3	3	2									2.5	2	1.0	3.0	4.5	1.0	-0.0075418013	
	1.0	64	0		1	3	1	1	4	1	1	3	2		4	5.2188225	7.1680865		1	10.0	3.0	5.0	1.0		
0.7753175	1.0	47	0	1	2	2	1	3	1	1	2	2	2	2	2	1.3342371	0.39852834	1.6666666	2	7.0	2.0	2.0	1.0	-0.91089004	1.0
	1.0	43	0	1	1	1	2	2	1	1	1	1	1	1	1	0.7811775	0.7811775	1.3333334	2	9.0	3.0	4.5	3.0	-1.2413421	1.0
0.34980473	1.0	67	0	2	2	2		2	2	2	2	2	3	2	2	0.21882248	2.1680865		2	8.0	3.0		1.0		
0.36893487	1.0	75	0	1	1	1	2	1	1	1	1	2	2	1	2	0.16808653	0.16808653	1.1666666	2	9.0	3.0	4.0	4.0	-1.41533	1.0
0.7176828	1.0	70	0	2	1	3	3	4	3	3	2	3	3	2	4			2.6666667	1	4.0	3.0	4.0	2.0	0.2436128	
0.7036976	1.0	68	0	5	4	4	3	4	4	4	2	5	4	4	4			4.0	1	0.0	2.0	1.0	1.0	1.6186764	
	1.0	32	0	3	1	1	1	2	1	2	1	1	2	4	1	2.334237	2.334237	1.5	1	8.0	2.0	4.0	5.0	-1.110137	1.0
2.5199397	1.0	34	1	4	5	1	3	1	2	5	5	3	3	5	4			2.6666667	1	0.0	2.0	1.5	1.5	0.14657097	
	1.0	41	1																1	0.0	0.0				
	1.0	34	0	2		3	4		5										2	10.0	3.0	3.0	1.5		
2.506356	1.0	34	1	5	5	1	5	2	5	4	5	1	5	2	3	1.257165	1.257165	3.8333333	1	0.0	2.0	1.0	1.0	1.5708624	1.0
	1.0	56	0	3	2	3	3	3	3									2.8333333	1	4.0	3.0	3.0	1.5	0.3919552	
1.8149426	1.0	65	0	4	3	3	1	1	2	3	4	3	2	2	3	0.8319135	0.8319135	2.3333333	0	7.0	2.0	2.5	2.0	-0.22710368	1.0
	1.0	50	0	3	3	3	4	3	3	3	3	3	4	3	3	1.8319135	1.8319135	3.1666667	1	0.0	0.0	1.0	1.5	0.73375994	1.0
0.18771273	2.0	75	0	3	2	2	3	2	2	4	4	3	2	3	4			2.3333333	1	4.0	2.0	2.5	1.0	-0.19010545	
1.7546923	1.0	55	0	3	2	5	5	3	2	1	2	5	5	3	1	0.16808653	0.16808653	3.3333333	1	5.0	3.0	1.0	1.0	0.78909284	1.0
	1.0	56	0	4	3	3	4	2	3									3.1666667	1	5.0	2.0	2.5	1.0	0.7104516	
	1.0	55	0	2	2	3	2	3	3		3	5	5	5		2.828815	2.828815	2.5	0	5.0	0.0		1.0	0.071121596	
0.060054425	2.0	69	0	1	1	1	2	2	2	1	1	2	2	3	2	0.8319135	0.8319135	1.5	2	7.0	2.0	2.0	3.5	-0.9882368	1.0
1.9959733	1.0	56	1	4	1	1	5	3	5	4	1	1	5	3	3			3.1666667	1	5.0	1.0	3.0	1.0	0.9075678	
	1.0	69	0	1	1	2	1	3	1									1.5	2	7.0	2.0	3.0	3.5	-1.0825408	
	1.0	41	0	4	2	5	5	3	5									4.0	2	8.0	3.0	4.5	1.0	1.6990883	
0.37305418	1.0	65	0	1	1	1	2		3	1	1	1	1	4	1	0.74283504	0.74283504		2	9.0	3.0		1.0		
	1.0	78	0	3	2	4	3	3	4	3	3	3	3	3	3	2.7811775	2.7811775	3.1666667	2	5.0	0.0	2.5	3.0	0.8000279	1.0
0.32368562	1.0	79	0	4	2	4	4	3	4	3	2	3	4	3	4	2.828815	2.828815	3.5	2	8.0	3.0	2.0	2.5	1.1208615	1.0
	1.0	48	0	5	3	5	2	2	4									3.5	2	7.0	3.0	3.5	2.0	1.0838633	
	2.0	61	0	3	3	3	3	3	3	3	3	3	3	3	3			3.0	1	5.0	2.0	3.0	3.0	0.5636059	
	1.0	71	0	2	2	4	3	3	4	2	1	4	4	1	4	1.1680865	1.1680865	3.0	1	8.0	2.0	3.5	2.0	0.6493484	1.0
	1.0	44	0	3	3	3	3	3	3	2	3	4	3	3	3			3.0	2	4.0	2.0	3.0	1.0	0.5636059	
	1.0	52	0	1	2	2	2	2	2	1	2	2	3	3	2	3.2188225	3.2188225	1.8333334	2	0.0	2.0	4.0	1.0	-0.66161865	1.0
5.7823834	1.0	33	1	3	3	4	4	3	3	3	4	4	4	3	3			3.3333333	0	6.0	0.0	2.5	2.0	0.8887274	
	2.0	31	1	2	3	5	4	4	1	1	3	5	4	2	1	0.74283504	0.74283504	3.1666667	2	0.0	1.0	1.0	1.5	0.56079257	1.0
	1.0	64	1	5	2	1	4	2	3	4	3	2	2	2	2	0.21882248	1.3985283	2.8333333	0	6.0	2.0	1.5	2.0	0.37954557	1.0
	1.0	67	0	5	2	3	3	4	2	4	2	2	4	2	4	3.828815	3.828815	3.1666667	1	5.0	3.0	1.5	1.5	0.61419696	1.0
	1.0	52	0	1	1	2	3	2	3	2	1	3	2	4	5	0.8319135	0.8319135	2.0	2	8.0	3.0	3.0		-0.41001	
0.996407	0.0	36	0	1	1	1	2	2	1	1	1	1	1	1	1			1.3333334	2	7.0	2.0	4.5	1.0	-1.2413421	
0.38065463	1.0	72	0	1	1	1	1	1	1	1	1	1	1	1	1	1.7811775	0.16808653	1.0	2	10.0	3.0	5.0	5.0	-1.585484	1.0
	1.0	51	0	4	4	3	3	3	5									3.6666667	1	5.0	2.0	2.0	1.0	1.3921468	
	1.0	61	0	1	2	1	4	4	2	3	2	3	3	2	2	2.171185	2.171185	2.3333333	1	7.0	3.0	4.0	1.5	-0.12830219	1.0
1.0917227	1.0	39	1	1	1	2	2	3	1	5	1	1	3	1	1	0.16808653	0.16808653	1.6666666	2	7.0	3.0	4.0	4.0	-0.9123867	1.0
0.85414904	1.0	52	1	1	1	1	1	5	1	1	1	5	1	1	1	1.6657629	1.6657629	1.6666666	2	6.0	2.0	1.5	2.0	-0.8895324	1.0
	1.0	73	0	3	2	2	4	2	5									3.0	2	8.0	2.0	2.5	1.5	0.73936445	
	1.0	53	0	2	1	4	4	3	2	4	2	4	4	4	4	1.6657629	1.6657629	2.6666667	1	10.0	3.0	4.5	3.0	0.14164107	1.0
1.11184	1.0	30	0	2	1	2	4	2	1	2	1	5	4	2	2		1.8319135	2.0	2	10.0	3.0	5.0	2.5	-0.59538704	
	1.0	40	0	1	2	3	2	1	1	4	4	3	3	1	2	1.2188225	1.2188225	1.6666666	1	8.0	3.0	4.0	3.0	-0.9337444	1.0
	1.0	59	1	1	2	2	3	2	3	2	1	1	4	2	3	0.21882248	2.1680865	2.1666667	0	4.0	1.0	2.5	2.0	-0.23835929	1.0
4.492772	1.0	44	0	1	1	1	1	1	1	1	1	1	1	1	1	0.3342371	0.3342371	1.0	0	10.0	3.0	5.0	5.0	-1.585484	1.0
1.8952323	1.0	64	1	4	1	1	2	1	3	3	2	1	1	1	3	0.7811775	0.7811775	2.0	1	5.0	2.0	2.0	3.0	-0.4570807	1.0
0.34674752	1.0	69	0	1	1	1	3	3	1	1	1	1	2	3	2	0.21882248	0.21882248	1.6666666	2	8.0	3.0	2.0	2.0	-0.89720017	1.0
	2.0	81	0	4	1	1	4	3	1	4	1	2	3	2	1	0.6657629	0.6657629	2.3333333	0	10.0	3.0	3.5	2.0	-0.2750074	1.0
	2.0	50	1	4	5	4	4	4	3	4	4	4	4	3	3	0.17118502	0.17118502	4.0	1	2.0	2.0	1.5	1.0	1.5566963	1.0
0.060681157	2.0	77	0	2	1	1	1	1	1	2	1	1	4	2	1	2.7811775	0.8319135	1.1666666	2	10.0	3.0	4.0	1.5	-1.4348044	1.0
5.7823834	1.0	66	0	1	2	3	2	4	3		3	3		4	3	0.17118502	0.17118502	2.5	0	4.0	2.0	1.0	1.5	0.094429925	1.0
	1.0	57	1	5	2	1	4	3	1	5	3	1	1	2	4			2.6666667	2	0.0	1.0	1.5	1.0	0.0473229	
	1.0	49	1	3	3	5	3	3	3	3	3	4	3	2	2	1.3985283		3.3333333	1	0.0	1.0	1.0	1.5	0.8735408	1.0
0.8395907	1.0	50	1	1	1	1	1	1	3	3	3	1	2	1	2		2.8319135	1.3333334	2	7.0	1.0	3.5	1.0	-1.0792735	
	1.0	49	0	2	2	1	3	2	2	3	2	2	4	2	2		0.16808653	2.0	2	7.0	3.0		3.0	-0.49575245	
1.7607027	1.0	48	0	1	2	3	4	3	3	1	2	3	3	3	3	0.60147166	0.60147166	2.6666667	1	6.0	3.0	1.5	2.0	0.2607501	1.0
0.35391694	1.0	71	1	3	1	2	4	2	2	2	1	4	4	4	3	1.3342371	1.3342371	2.3333333	2	8.0	1.0	3.0	4.0	-0.19160214	1.0
	1.0	70	1	2	4	3	2	2	3									2.6666667	2	5.0	1.0	2.0	2.0	0.24043515	
	1.0	81	0	2	2	2	3	2	2									2.1666667	1	7.0	1.0	2.0	1.5	-0.34078503	
	1.0	48	0	2	3	4	5		3	1	3	2	3	3	3	2.7811775	0.8319135		1	7.0	3.0		3.0		
	1.0	43	1	5	5	5	5	5	5	5	5	5	5	5	5			5.0	2	0.0	0.0			2.7126958	
0.8000012	1.0	62	1	4	2	4	4	4	4	5	1	5	5	3	5	3.334237	3.334237	3.6666667	2	8.0	0.0	4.0	4.0	1.2948494	1.0
	2.0	38	0	3	5	4	3	4	5									4.0	1	0.0	0.0	1.0	1.0	1.7420733	
	1.0	44	0	4	2	3	4	2	2	4	2	1	1	2	3	1.3985283	1.3985283	2.8333333	2	9.0	3.0	4.0	2.5	0.2856956	1.0
	1.0	40	1	3	3	2	4	2	3									2.8333333	1	1.0	0.0	1.5	2.5	0.40480462	
	1.0	56	0	2	3	4	2	3	4	1	1	1	3	3	1	0.3342371	0.3342371	3.0	2	7.0	3.0	4.5	4.0	0.65084505	1.0
2.0318482	1.0	50	1	3	2	3	4	4	4	2	3	3	4	4	2			3.3333333	1	1.0	3.0	3.0	1.5	0.98920244	
	1.0	33	1	2	2	2	2	4	2	4	1	3	4	5	3	0.8319135	0.8319135	2.3333333	2	4.0	2.0		3.0	-0.16296324	
	2.0	67	1	1	1	2	2	2	2	1	2	5	4	2	2	0.16808653	0.16808653	1.6666666	1	9.0	2.0	4.0	4.0	-0.83326936	1.0
5.7823834	1.0	77	1	3	2	3	3	2	2	4	2	1	3	2	1	2.334237	2.334237	2.5	0	0.0	1.0	2.0	3.0	-0.035138007	1.0
2.1552444	1.0	49	1	4	5	4	4	4	5	5	5	1		2				4.3333335	1	0.0	3.0	1.0	1.0	2.062907	
	1.0	63	1	2	2	4	5	2	3	2	3	3	3	1	2	5.1680865	5.1680865	3.0	1	5.0	2.0	1.0	3.0	0.56256324	1.0
1.2032696	1.0	70	0	4	1	2	4	3	2	1	1	1	1	1	1	4.2188225	4.2188225	2.6666667	1	7.0	1.0	2.5	3.0	0.13306533	1.0
0.80276126	1.0	48	0	1	5	1	5	3	4	1	4	2	4	2	5	0.39852834	0.39852834	3.1666667	2	4.0	4.0	1.0	1.0	0.8890267	1.0
	2.0	83	1	1	1	1	1		1	1	1	1	1	3	1	2.8319135	2.8319135		1	10.0	1.0	5.0	5.0		
	1.0	42	1	1	5	1	1	3	1									2.0	2	10.0	4.0	3.5	2.0	-0.5509053	
0.8125472	1.0	43	0	3	3	3	3	3	3	3	3	3	3	3	3	0.21882248	0.21882248	3.0	2	3.0	2.0	3.0	3.0	0.5636059	1.0
0.09136739	2.0	73	1	1	4	3	4	1	3	1	2	3	1	3	3	0.8319135	0.8319135	2.6666667	2	4.0	3.0	2.5	3.5	0.25607574	1.0
	1.0	69	0	1	2	2	2	2	2	1	2	1	2	2	4	0.7811775	0.74283504	1.8333334	1	7.0	2.0	3.5	1.0	-0.66161865	1.0
	1.0	69	0	1	2	1	3	1	1									1.5	2	8.0	3.0		3.0	-1.0735252	
	1.0	55	1	1	1	1	1	3	1	1	1	1	1	1	1	0.21882248	0.21882248	1.3333334	1	5.0	2.0	3.5	4.0	-1.2375082	1.0
4.144351	1.0	50	0				5	2			5	5	5		4				0	0.0	2.0	2.0			
	0.0	69	1	1	2	1	4	1	1									1.6666666	0	8.0	1.0	1.5	1.0	-0.9033712	
1.7620022	1.0	52	0	3	2	3	3	1	1	2	1	3	3	2	3	0.3342371	0.828815	2.1666667	1	7.0	1.0	3.0	2.0	-0.46223122	1.0
1.2658094	0.0	75	0	3	1	3	3	1	4	1	1	2	1	1	2		0.8319135	2.5	2	10.0	3.0	4.0	1.5	0.12543395	
	1.0	39	1	5	4	4	2	2	5	4	4	4	5	2	2	0.8319135	0.8319135	3.6666667	2	1.0	2.0	1.5	1.5	1.3536519	1.0
	1.0	49	1	4	2	3	4	3	3									3.1666667	2	6.0	2.0	2.5	3.0	0.7127888	
	1.0	35	0	4	3	4	4	3	3									3.5	2	4.0	2.0	3.0	1.0	1.039407	
1.2683324	1.0	24	1	2	2	1	3	2		2	5	3	3	3	2	1.1680865	1.1680865		2	5.0	2.0	2.0	3.0		
0.88848686	1.0	40	0	2	2	5	4	2	2	1	2	1	2	1	1	0.16808653	1.7811775	2.8333333	2	8.0	2.0	5.0	1.0	0.29427135	1.0
	1.0	52	1	5	2	3	3	5	3									3.5	1	0.0	2.0	3.0	1.0	1.0412902	
2.5094151	1.0	30	1	2	4	2	4	2	3	3	1	4		2	1	1.1680865	1.1680865	2.8333333	1	5.0	0.0	3.0	2.0	0.42577577	1.0
	0.0	44	1	4	2	4	3	2	4									3.1666667	2	7.0	2.0	1.0	2.0	0.77671957	
4.5280914	1.0	43	0	3	2	2	4	4	3	2	1	3	3	3	2	0.3342371	0.3342371	3.0	0	7.0	2.0	3.0	3.5	0.58112967	1.0
	0.0	39	0	3	3	3	5	3	3									3.3333333	2	6.0	1.0	1.0	1.0	0.903914	
	1.0	65	0							4	4			2	4				0	0.0	0.0				
1.8160535	1.0	61	1	2	1	4	4	2	2	1	2	1	4	2	4		0.16808653	2.5	1	8.0	3.0	1.0	2.0	-0.032346833	
	1.0	32	0	4	4	1	5	4	4	5	2	4	4	2	1	1.7811775	1.7811775	3.6666667	2	7.0	2.0	4.0	1.5	1.3434026	1.0
	1.0	72	1	1	2	2	4	2	1	2	1	1	1	1	1	1.6657629	6.1680865	2.0	1	8.0	2.0	3.0	2.0	-0.57441586	1.0
	2.0	82	1	2	2	2	2	2	1									1.8333334	1	10.0	3.0	2.5	4.0	-0.76404434	
0.19470848	2.0	70	0	1	2	2	2	3	1	1	2	2	2	3	2	0.3342371	0.3342371	1.8333334	1	7.0	2.0	1.0	1.0	-0.740736	1.0
1.0661145	1.0	34	0	1	1	2	2	2	1	2	1	1	2	2	2	1.7811775	3.3985283	1.5	2	7.0	4.0	3.5	3.0	-1.0863746	1.0
2.1132672	1.0	43	0	4	4	4	3	3	4	1	3	2	2	2	4	2.665763	2.665763	3.6666667	1	7.0	2.0	4.0	1.0	1.294009	1.0
0.6966145	1.0	77	0		2	3	5	3	3		4	3	2	3	4	1.7811775	1.7811775		1	5.0	2.0	1.5	1.0		
	2.0	36	0	3	5	1	2	2	3	3	3	2		1	1			2.6666667	1	4.0	0.0	1.0	2.5	0.25283056	
1.3309914	2.0	35	0	5	4	3	4	3		4		4	5	3	4	1.3985283			2	9.0	0.0		3.5		
	1.0	67	1	4	2	4	4	4	4	2	3	4	4	4	4	4.828815	4.334237	3.6666667	1	3.0	2.0	3.0	4.0	1.2948494	1.0
	1.0	25	1	4	3	5	5	4	5									4.3333335	1	2.0	1.0	2.0	1.0	2.0447268	
	1.0	43	1	3	2	4	3	1	3									2.6666667	2	8.0	1.0	4.0	3.5	0.19894682	
1.2358253	2.0	28	0	2	4	4	4	4	3	4	4	3	4	2	3	0.16808653	0.16808653	3.5	2	3.0	1.0	2.0	2.5	1.0836865	1.0
	2.0	34	0	1	1	1	3		1	1	1	2	2	3	1				2	6.0	2.0	2.0	1.5		
	1.0	47	1	4	5	5	5	4	5	4	4	4	5	2	4	0.16808653	0.16808653	4.6666665	2	6.0	3.0	3.0	3.0	2.3880284	1.0
2.9038546	1.0	62	1	5	3	1	3		2	4	2	1	1	1	1	5.398528	5.398528		1	6.0	2.0	3.0	3.5		
0.82376474	1.0	69	1	1	1	2	2	2	1	2	2	3	3	3	2	1.171185	1.171185	1.5	1	9.0	2.0	3.0	2.5	-1.0863746	1.0
	1.0	41	1	4	4	4	4	4	4	4	4	2	4	4	3	0.21882248	2.1680865	4.0	2	0.0	1.0	2.0	3.0	1.6381509	1.0
0.8615625	1.0	60	1	2	2	2	3	3	2	4	2	2	3	2	2	0.21882248	0.21882248	2.3333333	2	6.0	2.0	3.0	2.5	-0.16679712	1.0
	1.0	25	1	1	5	1	3	1	5	1	4	5	5	3	5	1.171185	1.171185	2.6666667	2	5.0	0.0	2.5	1.5	0.45384815	1.0
	1.0	31	1		3	4	4	3	3	3	2	3	4	3	3	2.334237	2.334237		1	6.0	2.0	4.0	3.5		
5.570325	1.0	34	1	4	2	3	2	4	3	3	4	3	2	1	2	3.334237	3.334237	3.0	0	5.0	0.0	2.0	3.5	0.5464686	1.0
	1.0	35	1	1	5	1				2	3	2	3	2	3				2	0.0	0.0	1.0	3.0		
	1.0	45	1	3	3	3	3	4	3	4	2	4	3	3	4	3.334237	3.334237	3.1666667	0	2.0	0.0	3.0	3.0	0.7375938	1.0
	1.0	24	0	3	4	2	3	4	2									3.0	2	8.0	2.0	4.5	1.0	0.5011718	
1.1193439	1.0	45	1	1	2	1	2	2	4	1	2	1	1	1	2		0.7811775	2.0	2	7.0	3.0	4.5	1.0	-0.31037548	
1.6841645	2.0	40	1	2	5	2	2	2	2	3	4	2	2	2	3	2.1680865	2.1680865	2.5	2	4.0	1.0	2.0	2.5	0.004013138	1.0
	2.0	46	1	1	1	1	2	1	1	2	1	1	3	1	1	1.3985283	1.3985283	1.1666666	1	10.0	1.0	1.5	3.0	-1.41533	1.0
	1.0	23	0	4	2	3	3	2	3									2.8333333	2	1.0	1.0	1.5	2.5	0.36864686	
	1.0	59	1	2	2	2	3	1	2	5	2	3	2	1	2	2.8319135		2.0	1	6.0	3.0	1.0	1.0	-0.51477295	1.0
0.81805223	1.0	68	1	1	2	2	2	3	2	2	2	2	2	4	2	2.1680865	2.1680865	2.0	1	6.0	2.0	2.0	2.0	-0.48763072	1.0
	1.0	64	0	3	3	2	4	3	3	1	4	2	4	3	1	0.25716496	1.3985283	3.0	0	9.0	3.0	3.0	1.0	0.5787925	1.0
1.0607152	2.0	46	0	2	3	2	4	3	2	2	5	3	3	2	3	2.3985283	2.3985283	2.6666667	2	5.0	2.0	2.0	2.5	0.17500766	1.0
	1.0	38	0	1	1	3	3	2	1	3	1	1	3	3	1			1.8333334	1	7.0	3.0	4.0	3.0	-0.7612532	
	1.0	21	1	3	1	2	4	3	4									2.8333333	2	2.0	2.0	3.0	1.5	0.48859635	
	1.0	56	1	1	1	1	1	3	1	1	1	3	2	3	1	2.1680865	2.1680865	1.3333334	1	6.0	3.0	4.5	2.5	-1.2375082	1.0
	1.0	60	1	4	2	1	2	2	2									2.1666667	1	9.0	2.0	4.0	4.0	-0.36454734	
	0.0	74	1	3	1	1	2	3	2									2.0	0	4.0	1.0	1.0	1.0	-0.51288974	
	1.0	54	1	2	2	1	2	1	3									1.8333334	2	6.0	1.0	4.0	1.0	-0.58678913	
	1.0	24	1	4	2	2	2		1										1	8.0	1.0				
1.1496547	1.0	25	1	4	1	4	3	4	4	3	3	4	3	2	2	0.8319135	0.8319135	3.3333333	2	8.0	3.0	3.5	4.0	0.9530447	1.0
	2.0	69	1	5	3	3	3	4	5	3	3	3		3	5			3.8333333	2	5.0	0.0	3.0		1.5451635	
	1.0	59	1	2	5	4	3	2	3	1	5	4	5	3	2	2.334237	2.334237	3.1666667	0	0.0	1.0	1.0		0.73720735	
	2.0	46	0	3	3	3	3	3	3									3.0	1	4.0	1.0	2.5	2.0	0.5636059	
0.30528426	2.0	66	1	5	5	5	5	3	5	4	2	4	2	3	3	2.334237	2.334237	4.6666665	1	2.0	1.0	1.0	2.5	2.36472	1.0
	1.0	59	1	4	2	3	3	4	2	3	2	3	3	4	3			3.0	1	3.0	0.0	1.0	2.5	0.46351737	
0.091182545	2.0	69	1	2	4	4	3	2	3	1	2	4	3	2	4	1.8319135	1.8319135	3.0	2	4.0	1.0	1.5	2.0	0.56555665	1.0
1.8206015	1.0	54	0	5	2	1	4	3	1	1	2	1	2	2	3	0.39852834	0.39852834	2.6666667	1	4.0	3.0	1.0		0.0473229	
1.6527295	1.0	61	0	3	3	4	4	3	3	3	3	4	3	4	4	0.25716496	0.25716496	3.3333333	1	8.0	3.0	2.0	2.5	0.8887274	1.0
1.2493154	1.0	27	1	2	5	3	5	1	4	2	5	2	5	2	5	3.334237	3.334237	3.3333333	2	0.0	1.0	1.0	3.5	1.0016654	1.0
5.722029	1.0	31	1	4	3	4	4	4	4	5	2	4	4	3	4	3.828815	3.828815	3.8333333	0	1.0	0.0	3.5	4.0	1.4665002	1.0
	1.0	52	0	1	3	1	2	2	2	4	3	3	4	3	3	1.3985283		1.8333334	2	6.0	2.0	1.0	1.0	-0.6449353	1.0
	1.0	35	0	3	2	4	4	3	4	4	2	3	5	4	4	0.16808653	0.16808653	3.3333333	2	6.0	2.0	4.0	4.5	0.97018194	1.0
	1.0	35	0	1	1	4	4		4										0	10.0	3.0	4.5			
	2.0	44	1	4	2	2	2	2	2	4	2	2	3	2	2	0.21882248	0.21882248	2.3333333	1	2.0	2.0	1.0	1.0	-0.20957991	1.0
	1.0	23	1	1	1	3	1	3	1	3	1	4	1	3	2	2.1680865	2.828815	1.6666666	2	5.0	2.0	2.5	2.0	-0.9275733	1.0
1.0193974	1.0	47	1	1	5	3	2	3	3	3	2	2	1	3	4	0.39852834	0.39852834	2.8333333	2	6.0	3.0	2.5	1.0	0.4353942	1.0
	1.0	38	0	2	2	2	2	2	2	2	2	2	2	2	2			2.0	1	0.0	1.0	2.0	2.0	-0.51093906	
0.78746814	1.0	62	1	3	5	5	3	1	5	3	5	3	4	1	4	1.8319135	1.8319135	3.6666667	2	0.0	1.0	2.5	2.0	1.375077	1.0
	1.0	32	0	4	4	4	4	2	4									3.6666667	2	3.0	2.0			1.2901751	
0.7463661	1.0	70	0	2	2	1	2	3	3	3	3	3	3	2	3	0.7811775	1.1680865	2.1666667	1	5.0	1.0	2.0	2.0	-0.2388133	1.0
1.8257066	1.0	75	1	3	4	4	4	3	4	3	5	1	4	1	2		0.17118502	3.6666667	0	5.0	1.0	1.0	1.0	1.3134835	
5.5316687	1.0	34	1	4	4	4	4	4	4		3				3	5.334237	5.334237	4.0	0	0.0	1.0			1.6381509	
	1.0	54	0	1	4	4	4	4	4	1	2	3	3	3	4	1.2188225	1.2188225	3.5	0	7.0	3.0	3.0	2.5	1.1861122	1.0
0.3631353	1.0	71	1	1	1	2	3	3	4	1	1	1	1	2	1	1.8319135	1.8319135	2.3333333	2	8.0	2.0	4.0	2.0	0.01708318	1.0
1.0592616	1.0	45	1	4	2	2	2	3	3	4	3	2	3	3	3	0.21882248	2.828815	2.6666667	2	6.0	2.0	2.0	2.0	0.2175133	1.0
0.29393467	2.0	69	1	1	3	3	5	3	5	1	2	3	5	3	5	1.1680865	1.1680865	3.3333333	1	5.0	2.0	1.0	1.0	1.1087655	1.0
0.8752006	2.0	46	0	1	1	2	2	2	1	1	1	2	2	1	1	0.16808653	0.16808653	1.5	2	10.0	2.0	4.0	4.0	-1.0863746	1.0
	1.0	51	1	4	5	1	3	4	2									3.1666667	1	0.0	1.0	1.5	1.0	0.6685347	
	1.0	52	1	3	5	3	3	3	3									3.3333333	1	0.0	2.0	1.0	1.0	0.9069074	
1.6907747	1.0	55	0		2	5	5	3	5	1	2	4	4		5	1.171185	1.171185		1	0.0	0.0				
0.35599807	1.0	73	1	2	3		3	3	3	4	3	4	3	2	4	2.334237	2.334237		2	0.0	1.0	1.0	3.0		
	1.0	26	1	1	3	5	3	3	4									3.1666667	2	0.0	2.0	2.0	1.0	0.825287	
	2.0	27	1	5	5	3	2	1	3									3.1666667	2	5.0	2.0	2.5	2.5	0.6901367	
	1.0	27	1	4	3	5	5	4	2									3.8333333	2	6.0	2.0	1.0	1.0	1.285411	
	2.0	26	1	1	3	1	1	2	1									1.5	2	5.0	1.0	4.0	2.0	-1.0681946	
	1.0	22	1	2	2	2	3	3	2									2.3333333	2	3.0	1.0	3.0	2.0	-0.16679712	
	1.0	52	0	4	3	3	2	3	4	4	3	3	3	3	2	2.1680865	2.1680865	3.1666667	2	6.0	2.0	3.0	3.0	0.79723674	1.0
1.841187	1.0	63	1	3	1	1	4	2	1	4	1	2	1	2	1			2.0	1	5.0	2.0	1.0	3.0	-0.5996749	
	1.0	54	0	3	3	3	3	3	4	3	3	2	2	2	2	0.6657629	0.6657629	3.1666667	2	6.0	2.0	3.5	4.0	0.81671125	1.0
1.0428735	1.0	45	1	2	2	4	3	2	2	2	4	5	4	2	3	0.39852834	1.2188225	2.5	2	5.0	2.0	2.5	2.0	-0.030850137	1.0
	1.0	47	1	4	2	4	4	2	3	4	4	4	3	4	3	1.7811775	0.16808653	3.1666667	2	3.0	1.0	2.0	2.0	0.6937683	1.0
	1.0	64	1	1	5	1	5	1	3	1	3	1	4	3	3	0.74283504	0.74283504	2.6666667	1	5.0	1.0	3.0	1.0	0.2879456	1.0
	1.0	52	0		5	3		4	4	1	5	3	4	2	1				0	0.0	0.0		1.0		
0.3910488	1.0	68	0	1	1	1	1	3	1	1	1	1	1	1	1	2.334237	2.334237	1.3333334	2	10.0	0.0	3.0	3.0	-1.2375082	1.0
	1.0	41	1	4	3	3	3	3	3	4	3	4	3	3	3	0.25716496	0.25716496	3.1666667	1	5.0	0.0	3.0	3.0	0.7142855	1.0
	1.0	60	1	2	2	1	1	1	2									1.5	1	2.0	2.0	1.0	1.0	-1.0100484	
	1.0	37	0	1	2	2	2	3	2									2.0	1	7.0	1.0	4.0	3.5	-0.48763072	
0.8983283	1.0	45	1	1	3	4	3	2	2	1	2	4	3	1	3	0.6657629	0.6657629	2.5	2	4.0	1.0	1.0	1.0	-0.009878979	1.0
	1.0	37	1	2	4	3	2	3	3									2.8333333	2	3.0	2.0	3.5	3.0	0.41442305	
	1.0	59	1	1	4	2	2	1	1	3	1	3	4	1	1	0.7811775	0.7811775	1.8333334	2	6.0	1.0			-0.7454104	
	1.0	26	1	5	3	1	1	5	4	5	2	3	3	4	4	2.828815	0.25716496	3.1666667	0	0.0	1.0	1.0	4.0	0.81580323	1.0
2.4258025	1.0	35	1	4	2	5	4		3	4	2	5	5	3	3	3.6014717	3.6014717		1	7.0	2.0	2.0	2.5		
	1.0	41	1	1	1	2	4	3	1									2.0	2	4.0	3.0	2.0	2.0	-0.5720787	
1.8376944	1.0	60	1	3	1	1	1	2	1	1	1	4	4	3	3	1.7811775		1.5	1	3.0	3.0	1.0	2.5	-1.110137	1.0
1.0312124	1.0	35	0	3	3	5	3	3	3	3	2	5	3	3	3		0.8319135	3.3333333	2	7.0	2.0		1.0	0.8735408	
	1.0	34	0	1	5	5	5	5	5									4.3333335	1	0.0	0.0	1.0	1.0	2.1099775	
	2.0	42	1	2	3	2	2	2	2	3	3	3	1	4	3	4.334237	4.334237	2.1666667	1	3.0	1.0	2.5	3.0	-0.33928832	1.0
	1.0	33	1	1	3	5	3	1	3									2.6666667	1	4.0	2.0	3.5	1.0	0.22420585	
	1.0	36	1	4	5	5	1	1	2									3.0	1	5.0	1.0	4.5	4.5	0.42613268	
0.9182278	2.0	49	0	4	2	2	3	3	3	4	2	1	2	3	2	2.8319135	2.8319135	2.8333333	2	8.0	2.0	5.0	1.0	0.38766733	1.0
	1.0	51	1	2	1	3	1	1	1									1.5	1	7.0	3.0	2.5	3.5	-1.1248696	
2.2190733	0.0	47	0	2	2		3	3	2	3	3	3	2	3	4				2	3.0	1.0	1.0	1.5		
1.4268638	0.0	58	0	3	4	2	2	3	2	3	1	5	3	2	1			2.6666667	1	2.0	2.0	1.5	1.0	0.15702988	
2.6873262	1.0	26	0	5	2	4	3	3	4	5	4	4	4	3	3	0.828815	0.828815	3.5	1	0.0	1.0	1.0	3.5	1.101387	1.0
1.7244054	1.0	24	0	3	3	3	3	3	3	3	3	3	3	3	3	0.8319135	0.8319135	3.0	2	8.0	1.0	3.0	3.0	0.5636059	1.0
1.2360992	1.0	63	0	1	2	2	3	2	3	1	2	3	4	3	4			2.1666667	2	0.0	0.0	1.0	1.0	-0.23835929	
	1.0	31	0	4	4	3	4	4	2									3.5	2	8.0	2.0	3.5	1.0	0.9769729	
1.4118055	1.0	49	1	3	3	3	3	3	3	3	3	3	3	3	3	0.8319135	0.8319135	3.0	2	8.0	1.0	3.0	3.0	0.5636059	1.0
	1.0	70	0	1	1	1	2	3	1	1	1	1	2	2	1			1.5	1	10.0	3.0	2.5	1.5	-1.0673542	
	1.0	40	0	4	1	4	4	3	4	4	1	5	4	3	3	0.8319135	0.8319135	3.3333333	2	5.0	2.0	2.0	2.0	0.9492108	1.0
	2.0	50	1	4	2	4	4	4	4									3.6666667	1	8.0	0.0	4.0	4.0	1.2948494	
	2.0	47	1		5				5	1	5		3						2	0.0	1.0				
4.92727	1.0	39	0	2	3	3	2	4	5	2	5	1	3	4	4	1.1680865	3.828815	3.1666667	0	3.0	2.0	4.0		0.92297083	
	1.0	27	1	4	3	3	4	2	2		2	2	2	3	2	5.828815		3.0	1	3.0	2.0	1.0	1.0	0.45734632	1.0
0.33614826	1.0	70	0	3	1	2	3	2	3	5	3	5	5	5	5	1.171185	1.171185	2.3333333	2	5.0	2.0	2.5	2.0	-0.10865088	1.0
2.536011	1.0	29	1	4	5	4	4	4	4	2	5	3	2	3	2	1.1680865	1.1680865	4.1666665	1	0.0	0.0			1.8098016	
	1.0	51	1		5	4	4	4	3	4	5	1	4		4	5.334237	5.334237		2	5.0	1.0	1.5	1.5		
	1.0	57	1	1	1	4	4	2	1	1	1	2	5	1	1			2.1666667	1	9.0	2.0	3.5	3.5	-0.43613172	
1.1744447	1.0	22	1	3	2	3	5	3	3	1	2	3	3	3	2	0.21882248	0.21882248	3.1666667	2	0.0	2.0	1.0	1.0	0.73226327	1.0
	1.0	48	1	3	3	3	4	3	4	1	3	5	5	3	4			3.3333333	1	0.0	1.0	1.0	1.0	0.9868653	
2.7401452	1.0	21	0	1	1	5	5	1	1	4	5	4	4	4	5	0.6657629	0.6657629	2.3333333	1	10.0	1.0	5.0	5.0	-0.28499815	1.0
	1.0	37	1			4			4	3	3	5	5	3	5				1	1.0	1.0				
1.8684338	1.0	58	1	1	1	2	1	1	1	1	1	1	1	1	1	2.334237	2.828815	1.1666666	1	8.0	2.0	2.0	1.0	-1.4305166	1.0
2.2670875	1.0	45	1	5	4	4	4	3	4	4	2	3	4		3	0.828815	0.828815	4.0	1	0.0	1.0	1.0		1.6148425	
2.0013876	1.0	40	0	4	2	4	4	2	1	2	2	2	2	2	2	2.8319135	2.8319135	2.8333333	1	9.0	2.0	4.5	1.0	0.18755774	1.0
	1.0	46	1	1	2	3	1	2	4	1	2	2	1	3	2	0.3342371	0.3342371	2.1666667	2	4.0	2.0	3.0	1.5	-0.17059462	1.0
	1.0	49	0	4	4	4	3	2	2									3.1666667	1	7.0	4.0	2.5	3.0	0.6138105	
1.0172799	1.0	25	1	2	5	3	4	3	4	4	4	2	3	2	4		0.21882248	3.5	2	1.0	1.0	2.5	3.5	1.1794871	
1.5386498	1.0	35	0	3	3	3	3	3	3	3	3	3	3	3	3	0.8319135	0.8319135	3.0	2	9.0	2.0	3.0	2.5	0.5636059	1.0
	1.0	36	1	2	5	4	2	4	4									3.5	1	6.0	2.0	1.5	1.5	1.1681345	
2.0198054	1.0	42	0	4	2	2	2	3	2	2	2	2	2	3	4			2.5	1	4.0	4.0	3.0	2.5	-0.035592	
	2.0	64	0	1	1	1	2	1	1	1	1	1	1	1	2	1.171185	1.171185	1.1666666	2	9.0	2.0	4.0	1.0	-1.41533	1.0
	1.0	43	0	2	1	1	3	1	2	4	3	2	1	2	3	0.6657629	0.6657629	1.6666666	1	4.0	0.0	1.5		-0.8413911	
	1.0	31	1	3	3	3	3	3	3	4	1	5	5	3	1	2.334237	2.334237	3.0	1	0.0	1.0	2.0		0.5636059	
2.5008748	1.0	33	1	5	5	5	5	2	2	1						0.21882248	0.21882248	4.0	1	0.0	2.0	1.0	1.0	1.4314163	1.0
1.7044563	0.0	44	1	4	2	4	1	3	1	1	1	1	1	1	1			2.5	2	5.0	1.0	1.0	1.0	-0.14891645	
	1.0	50	1	3	2	2	3	2	4	4	4	2	2	2	3	2.828815	2.828815	2.6666667	1	4.0	1.0	2.0	3.5	0.31610516	1.0
1.9738915	1.0	46	0	3	4	4	4	4	3	4	4	4	4	3	3	6.1680865	6.1680865	3.6666667	1	0.0	1.0	2.0	2.0	1.234366	1.0
0.9310707	1.0	40	0	4	3	3	4	2	2	4	3	3	4	3	2	2.334237	2.334237	3.0	2	5.0	3.0	2.0	1.0	0.45734632	1.0
	1.0	69	1	2	2	3	3	1	1	1	2	3	4	1	1	0.3342371	0.3342371	2.0	2	5.0	3.0	4.0	5.0	-0.6129108	1.0
1.8399439	1.0	49	0	1	1	1	1	1	1	1	1	1	1	1	1	2.8319135	2.8319135	1.0	1	8.0	3.0	3.0	2.5	-1.585484	1.0
	1.0	64	1	2	3	2	3	3	2									2.5	1	0.0	1.0	2.0	3.5	0.004853618	
	1.0	52	1	3	3	4	4	3	3									3.3333333	2	2.0	2.0	2.5	1.5	0.8887274	
0.8470445	1.0	47	0	2	1	2	2	3	1	1	1	3	4	3	1	0.8319135	5.334237	1.8333334	2	10.0	2.0		3.0	-0.7617072	
	2.0	46	1	1	1	3	2	2	1	1	1	4	4	1	1	0.6657629	1.6014717	1.6666666	2	8.0	2.0	4.0	3.0	-0.9314072	1.0
	1.0	41	0	4	4	3	1		4										0	0.0	2.0	4.0	1.0		
0.76176775	1.0	68	0	4	4	5	4	4	4	2	2	2	2	1	2	1.8319135	1.8319135	4.1666665	1	6.0	2.0	1.0	1.5	1.7931184	1.0
	2.0	20	1	2	2	4	4	1	2									2.5	1	7.0	1.0	4.0	1.5	-0.03468401	
	1.0	40	0	4	2	4	5	4	2	4	1	2	4	3	3	0.16808653	0.16808653	3.5	2	5.0	1.0	3.0	2.5	0.95879287	1.0
	1.0	20	1	3	5	3	4	2	4	4	3	4	2	3	3	0.16808653	0.16808653	3.5	1	4.0	1.0	3.0	3.0	1.1561788	1.0
0.36459595	1.0	69	0	1	3	2	3	2	3	1	3	3	3	3	3	2.7811775	0.8319135	2.3333333	2	6.0	3.0	2.5	3.0	-0.066708565	1.0
	2.0	24	1	5	1	5	5	5	5	2	4	2	2	2	2	1.3985283	2.334237	4.3333335	0	5.0	3.0	5.0	5.0	2.026093	1.0
3.4009082	2.0	45	0	4	2	4	4	2	2	4	2	4	3	3	4	1.8319135	1.8319135	3.0	1	5.0	3.0	2.0	1.5	0.44066304	1.0
5.7823834	1.0	57	0	3	5	4	4	4	5	5	3	4	3	3	5	1.1680865		4.1666665	0	2.0	0.0	1.0	2.5	1.9122274	1.0
1.8993968	1.0	54	1	1	2	2	2	2	3	1	2	2	2	3	2	2.7811775	2.7811775	2.0	1	3.0	1.0	1.0	1.0	-0.40851334	1.0
	1.0	45	0	1			3	2	5	1	3	4	3	3	3				1	0.0	0.0	1.5	1.0		
2.082014	1.0	47	1	4	3	3	3	3	2	1	4	3	3	3	3	2.171185	2.171185	3.0	1	5.0	2.0	2.0	1.0	0.4611802	1.0
	1.0	41	0	4	4	4	3	3	4	4	2	4		3	3			3.6666667	1	3.0	1.0	3.5	1.0	1.294009	
0.36054045	1.0	73	1	4	3	4	4	3	5	4	1		2	2	4			3.8333333	2	7.0	1.0	1.0	1.0	1.5456176	
5.7823834	1.0	67	0	4	3	3	3	3	4	3	3	4	3	3	4	0.21882248	0.21882248	3.3333333	0	3.0	1.0	1.5	3.0	0.9673908	1.0
	1.0	53	1	2	2	1	1	1	1	2	1	4	2	1	1	0.8319135	0.8319135	1.3333334	0	6.0	1.0	1.5	2.5	-1.2631537	1.0
	1.0	45	1	3	2	3	2	3	4	3	2	3	3	3	3			2.8333333	1	3.0	1.0	2.5	2.5	0.47490647	
	2.0	46	0	1	2	4	3	3	3	3	2	5	3	3	4	1.2188225	1.2188225	2.6666667	2	6.0	2.0	4.0	4.0	0.24556349	1.0
	2.0	36	0	3	3	2	3	3	4							1.2188225	1.2188225	3.0	1	3.0	3.0	2.5	3.0	0.66174376	1.0
	0.0	30	1	5	3	4	5	4	4	5	4	5	3	2	3	3.7811775	3.7811775	4.1666665	2	2.0	1.0	2.5	2.0	1.7873337	1.0
	1.0	36	1	4	2	4	4	2	4									3.3333333	2	0.0	2.0	4.0	1.0	0.9468736	
	1.0	61	1	3	3	3	3	3	3									3.0	0	0.0	2.0			0.5636059	
0.3559874	1.0	71	1	4	2	3	2	2	2	3	2	2	3	1	2	0.16808653	0.16808653	2.5	2	6.0	2.0		3.5	-0.054612465	
	1.0	35	0	1	2	3	4	2	3	2	2	5	4	1	2	0.7811775	0.7811775	2.5	0	10.0	2.0	4.0	3.0	0.08676218	1.0
1.7969719	1.0	55	1	5	2	5	4	3	4	1	3	4	4	4	2	1.7811775	1.7811775	3.8333333	1	2.0	2.0	3.0	2.5	1.4265085	1.0
0.31999573	1.0	69	1	2	2	4	3	3	3	3	1	1	4		3	0.21882248	0.21882248	2.8333333	2	9.0	3.0	3.5	3.0	0.39624307	1.0
	2.0	39	0	2	5	1	2	2	2									2.3333333	0	6.0	3.0	1.5	1.5	-0.1509543	
5.7823834	0.0	45	0	4	2	3	5	3	1	2	1	1	3	4	1			3.0	0	6.0	3.0	2.5	4.0	0.37673223	
1.4685521	1.0	62	1	4	2	2	5	2	5	1	1	1	4	1	1			3.3333333	2	6.0	2.0	1.0	1.0	1.0601981	
2.2705324	1.0	33	1	4	1	2	3	4	4	1	3	4	4	2	4	1.1680865	1.1680865	3.0	1	5.0	3.0	4.0	4.0	0.6431098	1.0
5.5634766	1.0	38	0	1	1	1	1	3	1	1	1	1	1		1	1.6657629	1.6657629	1.3333334	0	9.0	3.0	3.5	4.5	-1.2375082	1.0
	1.0	26	1	3	2	5	2	1	1	2	1	3	4	3	1	0.6657629	1.6014717	2.3333333	2	7.0	3.0	3.5	5.0	-0.32245037	1.0
1.4079958	0.0	54	0	1	1	3	2	2	1	1	2	3	3	2	2	1.1680865	1.1680865	1.6666666	1	6.0	2.0	4.0	1.0	-0.9314072	1.0
	1.0	24	1	4	4	4	4	2	3									3.5	2	4.0	2.0	2.0	3.0	1.0370698	
0.88900405	1.0	44	1	4	4	1	5	4	3	2	2	2	4	3	2	4.828815	4.828815	3.5	2	4.0	1.0	3.0	1.0	1.0902973	1.0
0.8625146	1.0	42	0	3	3	4	3	3	3	3	3	4	4	3	3	0.8319135	0.8319135	3.1666667	2	5.0	1.0	2.0	1.0	0.7185734	1.0
	1.0	34	1	4	3	3	5	3	5	5	3		5	5	3			3.8333333	0	2.0	0.0	1.0	1.0	1.5608041	
	1.0	79	1	2	2	2	4	2	1	1	2	1	4	2	2	1.6014717	1.6014717	2.1666667	2	8.0	2.0	2.0	2.5	-0.42373627	1.0
	0.0	60	1	2	4	4	2	2	2									2.6666667	0	5.0	1.0	1.0	1.0	0.1422973	
	1.0	49	1	2	2	4		2	2	1	1	1	1	1	1	7.334237	7.334237		2	3.0	1.0	1.0	1.5		
1.0458765	1.0	39	1	4	3	4	2	3	4	4	4	5	5	1	3	3.828815	3.828815	3.3333333	2	5.0	2.0	3.5	1.0	0.9522042	1.0
	1.0	43	0	2	4	5	4	4	3	3	3	3	2	3	3	2.334237	2.828815	3.6666667	1	5.0	3.0	3.5	3.0	1.2386539	1.0
	1.0	41	1		3	2	2	2	3	3	3	1	4	2	4	2.828815	2.828815		0	0.0	1.0	2.5	1.0		
	1.0	34	1	3	3	4	4	2	3	5	4	4	3	1	3	5.334237	5.334237	3.1666667	1	0.0	1.0	2.5	3.5	0.7147395	1.0
	1.0	45	0		4	5	4	3	3	4	5	3	4	3	4	3.334237	3.334237		0	0.0	1.0	1.0	1.5		
	1.0	53	1	4	3	4	4	3	3									3.5	2	1.0	3.0	1.5	1.0	1.039407	
	1.0	33	0	4	5	5	3	4	4	5	5	2	3	4	5		2.8319135	4.1666665	0	3.0	1.0		1.0	1.794615	
	1.0	46	0	5	5	3	2	2	5									3.6666667	2	3.0	3.0	3.5	1.5	1.3703352	
4.8189507	2.0	52	1	3	5	3	1	3	5	3	5	1	1	3		1.828815	1.828815	3.3333333	1	4.0	1.0	3.0	1.0	1.0728099	1.0
2.6392052	1.0	28	1	4	4	2	2	4	4	4	4	2	2	3	4			3.3333333	1	1.0	2.0	1.0	1.0	0.98790795	
1.7088705	1.0	53	0	1	2	1	4	2	2	1	3	3	3	4	4	2.334237	0.21882248	2.0	1	6.0	1.0	2.0	2.0	-0.476278	1.0
	1.0	37	0	1	5	4	3	2	4	2	4	3	4		4			3.1666667	1	5.0	2.0	2.5	1.5	0.83963305	
	2.0	46	1	3	5	5	1	3	1									3.0	2	0.0	1.0	3.0	4.0	0.3703236	
	1.0	54	0	3	2	1	2	2	2	4	2	1	4		2	5.334237	5.334237	2.0	1	1.0	1.0	1.0	1.0	-0.5152269	1.0
	1.0	27	1	3					5										1	0.0	0.0		2.0		
0.8220868	1.0	56	0	1	2	2	2	2	2	1	2	2	3	1	2	3.3985283	3.3985283	1.8333334	2	5.0	1.0	3.5	2.5	-0.66161865	1.0
2.2214136	1.0	46	1	3	3	4	2	1	2	3	2	4	3	4	4	2.1680865	2.1680865	2.5	1	7.0	1.0	3.0	1.0	-0.052661773	1.0
0.7501139	1.0	54	0	3	2	2	2	2	2	2	2	2	2	2	1	0.21882248	0.21882248	2.1666667	2	6.0	1.0	3.0	1.0	-0.36025947	1.0
3.5787451	1.0	35	0	2	4	3	3	3	3	5	1	5	3	3	4			3.0	1	0.0	0.0	2.0	3.0	0.5845771	
	2.0	33	0	1	2	4	4	3	2									2.6666667	2	6.0	3.0	3.5	1.5	0.16261223	
	1.0	66	1	1	1	3	2	2	1									1.6666666	1	8.0	3.0	2.5	3.5	-0.9314072	
	1.0	39	1	5	4	5	5	3	5									4.5	2	0.0	1.0	1.0	1.0	2.1930695	
	1.0	49	0	2	2	4	2	2	1									2.1666667	1	8.0	1.0		3.0	-0.45410946	
0.84541655	1.0	58	1	2	1	4	2	1	1	1	1	2	2	1	1	0.3342371	0.3342371	1.8333334	2	6.0	2.0	4.0	2.0	-0.7997481	1.0
	1.0	66	1	2	3	3	4	3	2	2	2	3	4	3	2	1.3985283	1.3985283	2.8333333	2	2.0	1.0	1.0	1.5	0.3299751	1.0
1.1817687	1.0	33	1	3	3	2	1	3	2	3	3	4	2	3	3	1.6014717	1.6014717	2.3333333	2	6.0	2.0	3.0	3.0	-0.18477488	1.0
0.6441914	2.0	45	0	1	2	1	1	3	4	1	1	1	5		4			2.0	2	6.0	1.0	3.0	1.0	-0.3065416	
	1.0	45	0	1	3	5	4	2	2	1	5	2	4	2	5	1.3342371	1.3342371	2.8333333	1	4.0	2.0	1.0	1.0	0.3152425	1.0
	1.0	47	1	1	3	2	2	3	4									2.5	2	5.0	3.0	2.0	1.0	0.19023061	
	1.0	45	0	3	3	3	4	4	3	1	2	2	1		1	2.1680865	2.1680865	3.3333333	0	8.0	2.0	2.0	1.0	0.90774786	1.0
	2.0	67	0	1	1	3	5	1	2	1	2	4	4	3	3		2.2188225	2.1666667	2	5.0	3.0	2.5	2.0	-0.34182772	
	1.0	42	1	4	2	2		3	2										0	0.0	0.0	1.0	1.0		
1.0814463	2.0	36	0	4		3	3	5	3	4	3	4	2	3	3	5.828815	5.828815		2	3.0	1.0	3.0	4.0		
	1.0	62	1	1	2	1	1	1	2									1.3333334	2	10.0	2.0	5.0	2.5	-1.160728	
0.7398242	1.0	68	0	2	4	2	3	2	2	1	1	3	2	1	1	2.742835	2.742835	2.5	1	7.0	2.0	2.5	3.0	0.0025164406	1.0
1.6271489	1.0	58	0	4	3	1	3	2	4	4	3	1	2	2	3	1.7811775	1.7811775	2.8333333	1	6.0	2.0	3.5	1.0	0.483468	1.0
	1.0	72	0	3	1	1	2	3	2	4	2	3	4	2	2	1.8319135	1.8319135	2.0	2	5.0	2.0	1.5	1.5	-0.51288974	1.0
	0.0	57	1	3	2	3	2	2	2	1	2	2	4	3	3	4.334237	4.334237	2.3333333	2	1.0	3.0	2.0	3.0	-0.20529203	1.0
0.2837297	2.0	78	1	1	4	1	1	4	1	1	3	1	3	1	4	2.1680865	2.1680865	2.0	1	0.0	1.0	1.0	1.0	-0.5485681	1.0
	1.0	56	0	1	2	4	3	1	2	1	4	5	3	2	3	0.8319135	0.8319135	2.1666667	1	7.0	1.0	3.5	1.0	-0.35551763	1.0
	1.0	38	0	3	3	3	3	3	3									3.0	2	0.0	0.0	1.0	1.0	0.5636059	
	1.0	41	0	3	2	2	2	3	3									2.5	0	0.0	1.0			0.06683373	
0.72018605	1.0	69	0	2	2	2	3	2	3	2	2	2	3	2	3			2.3333333	1	7.0	2.0	3.0	2.0	-0.08767972	
	1.0	58	0	1	5	1	1	3	3	3	5	3	4	3	4			2.3333333	0	2.0	2.0	1.0	1.0	-0.044694703	
5.7823834	1.0	56	1	4	2	3	3	2	1	3	3	2	4	3	2			2.5	0	5.0	3.0	2.0	3.0	-0.13756374	
1.1986502	1.0	47	0	3	3	3	4	4	5			3		3	5			3.6666667	2	8.0	1.0	4.0	1.0	1.4139584	
1.9663622	0.0	69	0	3	4	3	4	3	3	3	5	2		3	4			3.3333333	1	2.0	1.0	2.5	2.5	0.9054107	
	2.0	77	1	2	3	4	4	2	3									3.0	2	8.0	3.0	3.0	2.0	0.5640599	
1.2686698	1.0	53	0	3	3	3	3	3	3	3	3	3	4	3	3	0.8319135	0.8319135	3.0	2	7.0	1.0	3.0	3.0	0.5636059	1.0
	1.0	50	1	3	4	4	3	3	5	4	3	4	5	3	5	0.8319135	0.8319135	3.6666667	2	2.0	1.0	2.5	1.0	1.3964347	1.0
0.99717706	1.0	43	1	1	2	4	4	2	2	4	2	2	4	1	4	2.1680865	2.1680865	2.5	2	5.0	1.0	3.0	2.0	-0.011375676	1.0
0.9637128	1.0	38	0	2	2	3		2	4	3	2	4	2	4	3	0.21882248	1.3985283		2	4.0	3.0	2.5	2.0		
	2.0	45	0	1	1	1	2	2	1									1.3333334	2	9.0	2.0	4.0	4.0	-1.2413421	
0.9178327	1.0	53	0	4	2	2	3	2	3	3	2	2	2	3	1			2.6666667	2	8.0	1.0	4.0	1.0	0.21367942	
	1.0	32	1	4	2	4	5	2	2	4	3	2	4	3	2	0.39852834	0.39852834	3.1666667	1	6.0	1.0	2.5	3.5	0.6108171	1.0
1.7899456	1.0	46	0	3	5			5	5	5	5	1	1	5	5				1	0.0	1.0		1.0		
0.7782055	1.0	53	1	1	2	2	2	2	2	2	2	2	2	3	2	2.334237	2.1680865	1.8333334	2	5.0	1.0	3.0	2.0	-0.66161865	1.0
	1.0	43	1	4	2	4	4	3	3									3.3333333	2	5.0	1.0	2.0	2.0	0.86775625	
0.8144829	1.0	52	0	4	5	1	1	3	5	4	4	2	1	1	5	0.25716496	0.25716496	3.1666667	2	2.0	3.0	4.0	1.0	0.9135546	1.0
2.069197	1.0	43	0	3	2		4	3	2	1	1	1	3	2	1	0.8319135	0.8319135		1	8.0	2.0	2.0	3.0		
0.335513	1.0	69	0	4	2	4	2	2	4	2	2	2	3	2	3	0.7811775		3.0	2	6.0	2.0	2.0	2.0	0.6065656	1.0
	1.0	67	0	4	4	4	4		5	4	3	2	4		4	1.8319135	1.8319135		2	5.0	2.0		1.0		
2.98163	2.0	37	0	4	3	3	3	4	3	4	3	3	3	3	3			3.3333333	1	4.0	0.0	3.5	3.5	0.8882734	
	1.0	28	0	4	3	3	2	2	2									2.6666667	2	1.0	2.0	1.0	1.5	0.117038265	
1.1004374	1.0	27	1		5	5	1	5	5	4	5	5	1	1	5				2	0.0	0.0	1.0	1.0		
	1.0	57	1	1	1	1	1	1	1									1.0	1	4.0	1.0	3.5	3.5	-1.585484	
	1.0	34	1	5	3	3		5	4	3	3	3	3	3	4	2.334237	2.334237		0	0.0	1.0	1.5	1.0		
0.8260105	1.0	64	0	1	1	1	1	1	1	1	2	1	1	3	1	0.6657629	0.6657629	1.0	2	8.0	2.0	3.0	4.0	-1.585484	1.0
0.85731846	2.0	41	0	1	5	5	1	2	5	1	4	5	2	2	4			3.1666667	2	8.0	1.0	4.5	1.0	0.90739775	
1.0904045	1.0	35	1	3	1	2	2	1	1	4	1	3	4	3	3	0.16808653	0.16808653	1.6666666	2	6.0	3.0	3.5	2.0	-0.9590034	1.0
	2.0	47	1	1	2	4	2	3	3	5	4	4	4	3	4			2.5	2	4.0	0.0	1.0	1.0	0.075409465	
	1.0	60	1	3	3	5	5	3	5									4.0	0	0.0	1.0	1.0	1.0	1.7200595	
1.4056518	2.0	49	1	3	4	4	4	3	4	2	1	4	4	4	2	0.8319135	0.8319135	3.6666667	2	8.0	1.0	2.0	3.0	1.3134835	1.0
	2.0	65	1	4	4	3	3	4	4									3.6666667	0	0.0	3.0	1.5	1.5	1.3130294	
	1.0	38	0	2	2	4	3	3	3	5	4	2	4	4	1	4.1680865	2.2188225	2.8333333	2	9.0	3.0	4.0	1.0	0.39624307	1.0
	1.0	62	0	2	2	3	3	2	2	3	2	1	2	1	1	0.21882248	2.1680865	2.3333333	2	10.0	2.0	3.5	3.0	-0.18581758	1.0
	1.0	41	0	2	1	5	5	4	1	5	2	5	5	5	2	3.3985283	3.3985283	3.0	0	0.0	1.0	1.0	1.0	0.38764516	1.0
	1.0	37	1	3	2	3	4	3	2	1	2	4	3	3	1	2.334237	2.1680865	2.8333333	1	2.0	1.0	1.0	2.0	0.30900392	1.0
5.7823834	2.0	26	1	2	3	4	2	2	3	4	5	4	4	5	3	1.1680865	1.1680865	2.6666667	0	8.0	1.0	3.0	4.5	0.22375186	1.0
1.0395099	1.0	44	0	4	3	2	4	3	3	4	2	4	2	3	4			3.1666667	2	7.0	1.0	3.5	1.0	0.7294721	
	2.0	40	1	3	1	1	1	3	1									1.6666666	0	3.0	0.0	1.0	2.0	-0.93614906	
	1.0	18	1	2	2	2	3	3	4									2.6666667	1	2.0	1.0	2.0	2.5	0.3394135	
0.75030845	0.0	43	0	4	3	5	4	5	4	5	2	4	4	2	4	4.7811775	4.7811775	4.1666665	2	7.0	2.0	4.0	4.5	1.7954556	1.0
5.7823834	1.0	65	1	1	5	3	3	4		3	3	3	3	3	3				0	5.0	2.0		1.0		
	1.0	27	1	4	3	3	4	3	3									3.3333333	2	5.0	3.0	2.0	1.5	0.8844395	
	1.0	46	1	4	3	3	4		4	3	3	5	5	3	5				1	2.0	1.0	2.5	2.5		
	1.0	65	1	1	1	1	1	1	1	1	1	1	2	1	1	0.6657629	0.6657629	1.0	2	8.0	2.0	3.0	4.5	-1.585484	1.0
	1.0	60	1	4	3	5	4	3	4	2	2	3	4	3	4	0.21882248	0.21882248	3.8333333	0	0.0	0.0	3.5	1.0	1.4474797	1.0
1.8187708	1.0	59	1	2	3	3	4	3	4	3	2	3	4	3	3	2.828815	2.828815	3.1666667	1	0.0	1.0	1.0	1.0	0.8361857	1.0
	1.0	62	1	4	2	2	2	3	3	4	1	2	3	4	2	1.828815	1.828815	2.6666667	1	7.0	2.0	2.5	3.0	0.2175133	1.0
	1.0	37	1	2	2	4	4	3	3									3.0	2	0.0	0.0	2.5	2.0	0.5663971	
0.91783744	1.0	48	0	1	2	4	1	1	2	2	2	2	4	1	2	1.7811775	3.3985283	1.8333334	2	7.0	3.0	1.0	1.0	-0.6958257	1.0
	2.0	46	1	2	4	4	4	2	4	2	3	4	4	3	4	2.1680865	2.1680865	3.3333333	2	1.0	1.0	1.5	1.0	0.98881596	1.0
1.8436625	1.0	55	1	2	3	2	2	1	2	4	4	3	1	1	2		2.7811775	2.0	1	2.0	2.0	4.0	2.0	-0.5132762	
	1.0	45	1	3	3	4	4	2	2									3.0	2	2.0	1.0		1.0	0.4616342	
1.0679353	1.0	47	1	2	2	3	2	4	2	3	1	5	3	3	3	1.6657629	1.6657629	2.5	2	7.0	2.0	4.0	4.0	-0.007995796	1.0
	1.0	32	0	3	2	4	4	2	4	3	2	4	3	3	4	0.3342371	0.3342371	3.1666667	2	6.0	2.0	3.5	3.0	0.7961941	1.0
	1.0	26	0	3	3	3	3	3	3									3.0	2	7.0	1.0	3.0	3.0	0.5636059	
1.4230791	1.0	22	1	1	2	3	5	2	1	1	1	5	4	2	1	0.39852834	0.39852834	2.3333333	2	6.0	3.0	4.0	3.5	-0.24929439	1.0
	1.0	57	1	2	2	2	2	2	1									1.8333334	1	5.0	2.0	2.0	2.0	-0.76404434	
	1.0	37	1	3	3	3	4	2	3	3	4	5	5	1	1	2.334237	2.334237	3.0	1	3.0	2.0		2.5	0.5597721	
	1.0	63	0	1	2	4	5	1	5									3.0	1	0.0	0.0	3.5	1.0	0.74410635	
	1.0	46	0	1	2	5	3	1	1									2.1666667	1	7.0	0.0	5.0	5.0	-0.45365548	
	1.0	49	1	2	2	4	3	3	3	2	2	2	3	3	2		0.3342371	2.8333333	1	7.0	2.0	3.0	3.5	0.39624307	
0.7942201	1.0	71	1	2	2	2	4	2	3	2	2	3	3	2	3			2.5	1	5.0	2.0	2.0	2.5	0.082474306	
4.0934787	1.0	31	0	5		5	5	4	5	5	5	5	5	5	5	2.8319135	2.8319135		1	0.0	2.0	1.0	1.0		
0.7383195	1.0	58	1	4	1	4	4	3	3	3	2	2	3	2	3	0.21882248	0.21882248	3.1666667	2	4.0	0.0	3.0	3.5	0.69610554	1.0
0.7461793	1.0	60	0	1	2	1	2	2	2	1	2	2	4	3	2	1.257165	1.257165	1.6666666	2	6.0	3.0	4.0	4.0	-0.8165861	1.0
	2.0	58	1	2	2	5	4	2	2	2	2	4	4	2	2		5.1680865	2.8333333	2	4.0	3.0	4.0	4.0	0.29427135	
	1.0	58	1	1	2	2	2	3	2	1	1	4	2	2	1	1.7811775	1.7811775	2.0	1	6.0	3.0	2.5	3.0	-0.48763072	1.0
0.36585587	1.0	66	1	1	3	1	2	1	1	1	2	1	3	1	2	0.21882248	0.21882248	1.5	2	7.0	1.0	2.0	1.0	-1.0720285	1.0
	1.0	54	1	5	4		3	2	2										2	5.0	1.0	1.0	2.0		
0.5901206	1.0	67	1	2	2	3	3	2	5		4	3		3	5	2.7811775	0.8319135	2.8333333	2	0.0	1.0	1.0	1.0	0.5734983	1.0
	1.0	19	0	2	1	5	2	5		2	2	2	2	2	2	2.1680865	2.1680865		1	8.0	0.0	5.0	3.5		
2.2889628	1.0	41	0	1	3	2	4	2	3	3	4	1	2	3	4	2.665763	2.665763	2.5	1	6.0	3.0	2.5	2.0	0.10344547	1.0
2.2035847	1.0	42	1	3	4			3		3	3	3	3	3	3	0.21882248	0.21882248		1	3.0	0.0	1.0	3.0		
	1.0	27	1	5		2	4	2	4	5	4	3	3	3	3	1.6014717	0.6657629		2	0.0	2.0	2.0	2.0		
1.8942991	2.0	33	1	2	3	3	3	2	2	2	2	2	2	2	2	0.8319135	0.8319135	2.5	2	6.0	2.0	1.0	2.0	-0.014166848	1.0
	1.0	60	1	1	1	1	1	4	3	1	1	4	4	1	3	1.2188225	1.2188225	1.8333334	2	10.0	1.0	3.5	1.5	-0.5573097	1.0
	1.0	49	1	3	3	3	2	2	3	3	4	4	3	3	3			2.6666667	2	1.0	1.0	1.0	1.0	0.21946399	
	1.0	48	0	1	1	4	2	4	4									2.6666667	2	10.0	0.0	2.0	3.5	0.33085194	
	1.0	64	1	1	5	3	3	3	1									2.6666667	2	8.0	2.0	1.5		0.09933765	
2.9213762	1.0	21	1	1	4	4	2	2	1	2	4	4	3	2	2	2.2188225	2.2188225	2.3333333	1	4.0	2.0	1.5	3.0	-0.26148757	1.0
0.84402925	1.0	57	1	4	2	2	4	2	4	4	3	4	4	2	4	1.3342371	1.3342371	3.0	2	7.0	3.0	4.5	2.0	0.63693875	1.0
	2.0	29	1	5	2	5	5	5	5									4.5	2	10.0	1.0	4.5	5.0	2.1977437	
	2.0	42	0	4	2	3	4	4	2	2	3	4	3	4	2	0.6657629	0.6657629	3.1666667	2	7.0	3.0	4.0	4.0	0.6336714	1.0
	1.0	64	1	4	5	3	3	2	5	4	4	2		1	4	0.3342371	0.3342371	3.6666667	1	6.0	1.0	2.5	2.0	1.3898096	1.0
0.20645384	2.0	68	0	1	1	2	2	2	2	1	1	2	1	2	1	1.171185	1.171185	1.6666666	1	9.0	3.0	5.0	3.0	-0.83326936	1.0
4.5482383	2.0	67	1	2	4	5	2	3	3	1	4	4	3	2	2	0.16808653	0.16808653	3.1666667	0	0.0	1.0	1.5	1.0	0.72435796	1.0
1.1685079	2.0	31	0	4	1	5	5	5	4	4	3	5	5	5	4	3.742835	3.742835	4.0	2	7.0	1.0	4.0	4.5	1.6223081	1.0
	1.0	63	1	4	2	2	2	2	2									2.3333333	0	6.0	1.0	3.0	1.0	-0.20957991	
	1.0	52	0	1	2	4	3	2	1	1	1	3	4	3	1	1.6014717	1.6014717	2.1666667	2	6.0	3.0	3.5	2.5	-0.434635	1.0
1.0079428	2.0	38	0	1	1	3	2	1	1	1	1	1	1	1	1	0.17118502	0.17118502	1.5	2	9.0	2.0	4.0	3.5	-1.1053951	1.0
	2.0	70	1	4	2	2	2	2	3	4	1	1	4	2	3	0.7811775	1.1680865	2.5	2	10.0	2.0	3.0	2.5	0.04352539	1.0
	2.0	52	1	4	3	2	2	2	3	4	4		2	2	2	0.21882248	0.21882248	2.6666667	1	9.0	3.0	4.0		0.21517612	
4.177774	1.0	59	1	1	2	1	3	1	2	2	3	4	4	3	3	3.334237	3.334237	1.6666666	0	6.0	2.0	2.0	3.5	-0.82041997	1.0
	1.0	58	1	1	2	2	2	2	2	2	2	4	2	2	4	0.8319135	0.8319135	1.8333334	2	7.0	1.0	3.5	4.0	-0.66161865	1.0
0.9615196	1.0	41	0	1	2	3	2	1	3	1	2	4	4	3	2	0.16808653	0.16808653	2.0	2	6.0	2.0	3.0	1.5	-0.4275338	1.0
1.7907029	1.0	64	1	4	3	2	3	4	4	2	1	1	1	1	3	2.2188225	4.1680865	3.3333333	1	8.0	2.0	3.0	1.0	0.9864113	1.0
0.7697973	1.0	61	1	1	1	1	4	1	2	1	1	1	1	1	1	1.171185	1.171185	1.6666666	2	10.0	2.0	5.0	3.0	-0.82191664	1.0
3.5157797	1.0	40	1	4	4	3	4	3	4	4	5	3	4	3	4			3.6666667	1	2.0	1.0	3.0	3.0	1.3091955	
2.5618458	1.0	30	1	4	4	2	3	4	3	3	5	2	2	4	2	1.7811775	1.7811775	3.3333333	1	0.0	3.0	2.0	3.5	0.9049567	1.0
0.33777356	1.0	65	1	2	2	2	2	2	2	3		4	4	3		2.2188225	0.60147166	2.0	2	0.0	2.0	2.0	1.5	-0.51093906	1.0
	1.0	49	1	2	4			3	4										1	3.0	2.0		2.0		
	2.0	43	0	3	2	4	2	2	4	3	2	2	2	2	2	0.3342371	0.3342371	2.8333333	2	7.0	1.0	4.0	4.0	0.455886	1.0
	1.0	24	1	4	2	4	5	3	2									3.3333333	0	1.0	1.0	2.5	1.0	0.784805	
	1.0	18	1	2	1	2	1	2	1									1.5	1	8.0	2.0	2.5	4.0	-1.1058491	
	2.0	60	1	2	3	2	3	3	3	3	5	1	1	1	1			2.6666667	1	3.0	1.0	2.0	2.0	0.25795892	
	1.0	39	1	4	2	3	4	2	3									3.0	2	6.0	3.0	2.0	2.0	0.5388009	
	1.0	29	1	4	4	2	3	4	4	4	4	2	2	2	4	1.3342371	1.3342371	3.5	1	0.0	0.0	1.0	2.0	1.158062	1.0
1.6862476	1.0	64	0	3	2	3	2	3	2	3	2	1	2	1	2	1.8319135	1.8319135	2.5	1	8.0	2.0	3.0	2.0	-0.031304132	1.0
	1.0	49	1	4	4	5		3	3										0	1.0	2.0				
	2.0	22	1	1	2	4	3	3	1									2.3333333	2	9.0	2.0	3.5	4.0	-0.2606471	
	1.0	61	1	4	2	3	3	3	4	4	2	2	2	3	2	4.7811775	4.7811775	3.1666667	1	0.0	2.0	1.5	1.0	0.79574007	1.0
	1.0	62	0	1	3	2	4	2	3	3	2	3	4	2	2	1.7811775	1.7811775	2.5	2	5.0	3.0	2.5	4.0	0.10344547	1.0
	1.0	55	0	4	4	4	4	3	4									3.8333333	2	5.0	2.0	2.5	1.0	1.464163	
	1.0	47	1	4	3	3	1	1	3									2.5	2	3.0	2.0	2.5	1.0	0.026001621	
	1.0	46	1	1	2	4	3	2	2									2.3333333	1	6.0	1.0	3.0	2.0	-0.18152972	
	1.0	37	0	2	3		5	4	2	2	3		5	3	2				1	6.0	1.0	3.5	2.0		
	1.0	18	1	4	4	4	4	3	3									3.6666667	1	0.0	1.0	2.5	3.5	1.2110577	
	1.0	81	1	5	4		4	3	4	5	5	1	4	4	5				1	0.0	1.0	2.0	1.0		
	2.0	43	1	4	2	4	5	3	3									3.5	1	8.0	1.0	2.0	2.5	1.0379102	
	1.0	42	1	2	2	5	2	4	3									3.0	2	4.0	1.0	2.0	1.0	0.55504435	
5.7823834	1.0	20	1	4	4	5	4	3	4	4	2	5	4		3			4.0	0	0.0	1.0	1.0		1.6191305	
2.2224615	2.0	29	1	4	4	3	5	4	2	2	4	5	4	3	2	1.3985283	1.3985283	3.6666667	2	4.0	2.0	1.5	1.0	1.1471269	1.0
0.68984306	1.0	78	0		2	1	4	2	2	1	1	4	2	2	1	0.6657629	0.6657629		1	10.0	3.0	5.0	4.0		
	2.0	35	0	4	2	2	2	1	5	5	4		2	1	3	3.3985283	3.3985283	2.6666667	2	9.0	3.0	3.5	3.5	0.37574807	1.0
2.0663104	1.0	46	1	3	2	5	4	4	1	3	3	3	4	2	4	2.828815	2.828815	3.1666667	1	3.0	0.0	3.5	3.5	0.53982145	1.0
0.9439379	1.0	32	0	4	2	2	4	4	3	4	2	1	4	5	4	0.8319135	0.8319135	3.1666667	2	6.0	0.0	2.5	1.0	0.73180926	1.0
	2.0	23	1	4	3	4	3	4	3	4	4	3	4	3	3	0.3342371	0.3342371	3.5	1	5.0	1.0	1.0	2.5	1.0432409	1.0
0.98165417	1.0	33	0	4	4	5	4	2	4	2	2	5	4	4	1	1.1680865	1.1680865	3.8333333	2	6.0	3.0	1.0	1.5	1.4451425	1.0
	1.0	23	1	4	3	4	4	4	3									3.6666667	2	3.0	2.0	4.0	2.0	1.2133949	
	1.0	39	1	4	2	2	3	2	3	1	2	2	2	3	2	2.334237	2.1680865	2.6666667	2	5.0	3.0	1.5	1.0	0.21367942	1.0
5.7823834	2.0	70	0	1	2	2	3		3	2	4	3	3	2	4				0	5.0	3.0	3.5			
	1.0	63	1	3	2	1	3	1	1	3	3	1	1	2	2	3.2188225	0.6657629	1.8333334	1	2.0	3.0	1.5	2.5	-0.7721661	1.0
	2.0	55	0	2	2	4	4	2	4	2	4	5	5	3	4			3.0	2	2.0	2.0			0.6455145	
	1.0	36	1	4	3	4	3	3	4	4	3	3	4	2	4	2.8319135	2.8319135	3.5	2	0.0	1.0	2.0	1.0	1.1223582	1.0
0.7617536	1.0	76	1	2	2	1	3	1	3	1	3	3	3	1	4	2.1680865	2.1680865	2.0	1	6.0	3.0	2.5	3.0	-0.41663507	1.0
	1.0	40	1	1	2	3	3	3	1									2.1666667	1	9.0	2.0	3.0	3.0	-0.41561455	
	2.0	44	0	4	1	2	5	2	2	5	1	4	4	1	3	1.742835	1.742835	2.6666667	2	8.0	0.0	4.0	3.5	0.12923145	1.0
1.7794089	2.0	46	1	3	3	4	4	3	3	3	2	3	4	2	3	0.74283504	1.1680865	3.3333333	2	8.0	2.0	4.0	4.0	0.8887274	1.0
	1.0	47	0	3	3	3	3	3	3	3	3	3	3	3	3	6.1680865	6.1680865	3.0	2	7.0	0.0	3.0	3.0	0.5636059	1.0
	2.0	70	1	3	2	4	2	1	1	2	2	5	1	5	3	0.16808653	0.16808653	2.1666667	2	7.0	1.0	1.5	1.0	-0.4774178	1.0
1.3376878	1.0	48	0	2	1	3	2	2	2	1	2	1	1	1	1			2.0	2	0.0	1.0		3.5	-0.52762234	
1.1810985	0.0	31	0	2	1	2	5	4	5	3	1	1	1	5	1	4.7811775	7.334237	3.1666667	2	9.0	3.0	5.0	5.0	0.93516403	1.0
	1.0	67	0	2	4	3	4	3	4									3.3333333	1	1.0	2.0	2.0	2.0	1.0078365	
1.0719578	0.0	30	0	2	1	1	5	4	1	5	1	2	4	4	4	4.398528	5.334237	2.3333333	2	9.0	0.0	5.0	4.0	-0.23222461	1.0
	1.0	28	1	2	2	2	3	2	2	2	1	4	1	3	1	0.3342371	0.3342371	2.1666667	2	4.0	1.0	2.0	2.0	-0.34078503	1.0
1.1492097	2.0	41	0	4	1	3	5	5	2	5	1	1	4	3	2	6.828815	6.334237	3.3333333	2	4.0	1.0	3.5	2.5	0.8061626	1.0
	1.0	41	1	3	5	3	3	4	3									3.5	1	3.0	1.0	3.0	3.0	1.0808953	
	1.0	47	1	5	5	5	5	3	5	4	4	3	5	4	5	2.2188225	2.2188225	4.6666665	2	7.0	2.0	1.0	1.0	2.36472	1.0
1.5508875	2.0	28	1	2	3	4	4	3	3	2	4	4	4	3	4			3.1666667	2	1.0	0.0			0.73804784	
	1.0	36	0	4	3	3	4	3	3	5	3	5	5	3	3	2.1680865	2.1680865	3.3333333	0	5.0	0.0	1.5	1.5	0.8844395	1.0
	1.0	62	1	4	3	3	3	3	3	4	2	2	2	3	2	2.1680865	2.1680865	3.1666667	1	2.0	1.0	1.0	3.0	0.7142855	1.0
	1.0	27	0	2	5	3	2	4	5	3	5	5	5	2	2	2.171185	2.171185	3.5	2	0.0	1.0	2.5	1.5	1.2662723	1.0
0.71056956	1.0	62	0	3	1	3	3	3	2	3	2	2	4	3	3	6.828815	6.828815	2.5	2	7.0	0.0	4.5	3.0	-0.032800827	1.0
	1.0	54	0	3	2	2	4	2	2	1	1	1	2	1	1	0.21882248	0.21882248	2.5	0	7.0	2.0	2.0	1.0	-0.019951414	1.0
	2.0	56	0	3	1	2	3	2	2	2	2	1	2	2	2	2.1680865	2.1680865	2.1666667	2	6.0	3.0	2.5	1.0	-0.36175618	1.0
	1.0	23	0	1	4	4	4	4	2									3.1666667	2	2.0	1.0	3.0	3.5	0.6799016	
	1.0	32	0	1	3	1	4	1	1									1.8333334	2	8.0	1.0		4.0	-0.73172045	
	2.0	51	1	2	2	3	4	3	2									2.6666667	2	8.0	1.0	3.0	1.0	0.15832436	
2.9509485	1.0	52	0	3	3	3	3	2	3	3	3	2	2	4	3	2.334237	2.334237	2.8333333	1	5.0	0.0	3.0	3.0	0.389618	1.0
	1.0	47	1	2	3	4	4	2	3									3.0	2	6.0	3.0	2.0	1.0	0.5640599	
5.1279716	1.0	40	0	4	4	2	3	3	4	3	3	3	3	3	3	2.171185	2.171185	3.3333333	0	6.0	0.0	3.0	2.0	0.98407406	1.0
	1.0	20	1	5	4	5	5	3	5									4.5	2	6.0	2.0	3.0	2.0	2.1930695	
	2.0	56	1	4	5	2	1	2	5	4	2	2	4	2	5			3.1666667	1	3.0	1.0	2.0	1.0	0.8945341	
	1.0	37	0	1	1	1	4	1	2									1.6666666	1	5.0	2.0	3.0	4.0	-0.82191664	
5.7823834	2.0	61	0	3	3	3	4	3	4	4	3	4	4	3	3	0.8319135	0.8319135	3.3333333	0	3.0	1.0	4.0	4.0	0.9868653	1.0
5.7823834	1.0	61	0	2	2	3	2	3	2	3	2	1	3	3	3	0.21882248	0.21882248	2.3333333	0	6.0	1.0	2.5	3.0	-0.18198371	1.0
0.75448316	1.0	63	0	3	5	4	4	3	3	3	5	4	4	4	4			3.6666667	2	1.0	1.0	1.5	1.0	1.2320288	
	2.0	25	1	4	2	2	3	2	2									2.5	2	6.0	2.0	2.0	2.5	-0.039425876	
	1.0	54	1	1	5	1		1	4	3	3	2	2	3	3	0.21882248	0.21882248		2	5.0	2.0	2.5	1.0		
	1.0	67	1	3	3	3	3	1	3	2	5	2	4	1	5	7.334237	7.334237	2.6666667	0	0.0	2.0	2.0	5.0	0.21563011	1.0
	1.0	20	1	4	2	3	4	4	1									3.0	1	6.0	1.0	1.5	3.0	0.38056612	
	1.0	21	1	1	4	4	5	1	1									2.6666667	2	1.0	2.0	1.0	3.0	0.074986614	
	1.0	27	0	4	1	3	3	3	4									3.0	1	0.0	2.0	1.0	1.0	0.62408936	
	1.0	48	1	2	5	3	5		2										2	1.0	1.0	1.0	1.0		
	1.0	38	0	4	4	4	3	3	2	4	2	2	3	4	3			3.3333333	0	4.0	0.0	2.5	3.0	0.78779835	
0.8598589	1.0	64	0	2	1	1	1	2	1	1	1	1	1	1	3	3.257165	0.6657629	1.3333334	2	8.0	3.0	4.5	2.0	-1.2608166	1.0
	1.0	26	0	1	1	4	2	1	1	1	2	2	1	1	1	2.828815	2.828815	1.6666666	2	10.0	3.0	3.0	1.0	-0.95042765	1.0
	2.0	33	1	3	5	4	4	2	4	4	4	4	4	3	3	2.1680865	2.1680865	3.6666667	2	0.0	2.0	1.0	2.0	1.3111463	1.0
	1.0	58	0	5	4	5	4	3	4									4.1666665	0	5.0	0.0	1.5	2.0	1.76981	
	1.0	33	1	5	5	4	4	2	3									3.8333333	1	2.0	0.0	1.0	1.0	1.3594002	
	1.0	53	1	3	1	4	4	2	3									2.8333333	1	0.0	2.0	2.5	1.0	0.37143803	
1.1167897	1.0	31	1	2	2	2	2	2	2	2	3	2	2	3	4			2.0	2	0.0	1.0	1.0	1.0	-0.51093906	
	1.0	37	1	2	2	2	2	2	1									1.8333334	1	6.0	3.0	3.0	2.0	-0.76404434	
	2.0	18	1	4	3	4	5	2	3	3	2	3	3	1	2	0.7811775	3.334237	3.5	2	7.0	0.0		5.0	1.0355731	
0.93131685	1.0	50	1	3	3	4	4	2	2	2	2	4	4	3	3	0.7811775	0.7811775	3.0	2	5.0	2.0	1.0	1.0	0.4616342	1.0
	1.0	56	1	3	2	4	1	2	4	2	2	4	3	2	1	0.6657629	0.6657629	2.6666667	2	1.0	3.0	2.0	2.0	0.28573197	1.0
	1.0	58	1	4	5	4	4	3	3	4	4	2	4	3	3	0.21882248	0.21882248	3.8333333	2	3.0	1.0	2.0	2.0	1.3827084	1.0
	1.0	20	0	5	2	5	3	4	4	3	4	3	4	3	4	1.742835	1.7811775	3.8333333	2	6.0	2.0	2.5	4.0	1.4303424	1.0
	1.0	18	1	5	4	5	5	3	3									4.1666665	1	5.0	1.0	3.0	2.5	1.6868588	
	1.0	26	1	4	2	4	4	3	4									3.5	0	5.0	1.0	4.0	2.5	1.1208615	
1.4096961	1.0	25	1	3	2	2	3	2	2	3	1	3	4	2	2	2.3985283	1.1680865	2.3333333	2	2.0	3.0	2.5	1.0	-0.19010545	1.0
	1.0	54	0	4	3	1	3	2	2									2.5	0	6.0	2.0	2.0	2.5	-0.022742586	
	2.0	25	1	3	1	1	3	2	1									1.8333334	2	5.0	3.0	4.0	3.0	-0.7698289	
	1.0	47	1	4	3	5	2	2	3	4	4	5	4	2	3	0.8319135	0.8319135	3.1666667	2	0.0	1.0	1.0	2.0	0.68007845	1.0
	1.0	54	1	3	2	4	4	2	2	3	3	3	2	1	3	2.1680865	2.1680865	2.8333333	0	3.0	2.0	3.0	1.0	0.28998348	1.0
	1.0	46	0	4	3	1	2	3	4	5	5	3	3	3	3	7.334237	7.334237	2.8333333	1	2.0	0.0	2.5	1.0	0.4873019	1.0
	1.0	18	1	4	2	4	2	3	4	4	5	3	2	1	5	0.39852834	1.3342371	3.1666667	1	5.0	1.0	2.5	1.0	0.78055346	1.0
	2.0	47	1	2	1	2	2	2	2									1.8333334	1	5.0	0.0	4.0	1.5	-0.68258977	
	1.0	36	1	4	2	3	3	2	2									2.6666667	1	9.0	1.0	2.5	2.5	0.11554156	
	1.0	38	1	3	4	4	4	3	2									3.3333333	1	0.0	1.0	1.0	4.0	0.80727285	
	1.0	51	1	1	2	2	3	3	3									2.3333333	2	5.0	3.0	3.0	4.0	-0.064371385	
	1.0	27	1	4	3	3		3	4										0	0.0	0.0				
1.2280664	1.0	25	1	3	4	4	3	3	4	4	4	4	4	3	4	0.21882248	2.1680865	3.5	2	0.0	1.0	1.0		1.1433294	
	0.0	19	0	4	1	2	2	2	1	5	3	4	2	3	3	1.1680865	1.1680865	2.0	2	8.0	1.0	4.0	3.5	-0.63433594	1.0
	2.0	24	1	2	2	2	1	2	1									1.6666666	2	10.0	2.0	5.0	4.0	-0.9341984	
	1.0	29	0	3	2	2	2	1	2	4	3	4	2	2	4	3.742835	3.742835	2.0	2	9.0	2.0	4.0	3.5	-0.5342474	1.0
	0.0	41	1	3	5	3	3	3	3									3.3333333	2	0.0	1.0	1.0	1.5	0.9069074	
	2.0	27	1	4	4	2	3	4	3									3.3333333	1	1.0	1.0	2.5	1.5	0.9049567	
	1.0	18	1	2	3	4	3	4	3									3.1666667	1	4.0	1.0	3.5	4.0	0.7418817	
	1.0	50	1	4	3	1	1	3	4	1	2	1	1	2	1	0.16808653	0.16808653	2.6666667	2	2.0	3.0	1.5	1.0	0.31714785	1.0
	1.0	18	0	4	2	4	4	3	4									3.5	1	4.0	1.0	2.5	1.5	1.1208615	
	1.0	50	1	1	1	2	2	3	1	2	1	4	3	3	1	3.1680865	3.1680865	1.6666666	2	8.0	2.0	5.0	2.5	-0.9123867	1.0
	1.0	22	1	1	1	1	3	2	1									1.5	0	5.0	1.0	1.0	4.5	-1.0711881	
	1.0	34	0	5	4	2	3	3	4	5	4	3	4	3	4	2.8319135	2.8319135	3.5	2	0.0	2.0	1.0	1.0	1.1347537	1.0
1.6810609	1.0	59	0	5	1	4	4	4	2	3	1	1	4	2	4	2.665763	2.665763	3.3333333	1	10.0	1.0	3.0	4.5	0.7676677	1.0
	0.0	18	0	4	3	5	5		1										1	5.0	2.0	2.5	2.0		
	1.0	58	0	3	2	3	3	2	2	1	5	3	3	3	1	0.21882248	2.1680865	2.5	2	3.0	2.0	3.5	1.0	-0.035138007	1.0
	1.0	38	1	4	5	3	3	1	5	3	5	1	1	3	5	3.742835		3.5	1	1.0	1.0	4.0	1.0	1.2158217	1.0
	1.0	19	1	5	4	4	3	4	3	5	4	4	4	4	4	2.334237	2.334237	3.8333333	2	1.0	3.0		1.5	1.3655711	
	0.0	32	1	4	2	4	4	3	3									3.3333333	2	2.0	1.0	3.5	1.5	0.86775625	
	1.0	41	0	4	2	4	2	2	2	2	2	2	2	2	2			2.6666667	2	7.0	3.0	4.0	3.5	0.10035498	
	1.0	42	1	1	1	1	1	1	1									1.0	2	3.0	3.0	5.0	1.0	-1.585484	
	2.0	21	1	5	2	4		2	2										1	6.0	1.0	2.0	1.5		
	1.0	46	0	4	2	3	3	3	3	4	2	3	3	2	4	2.8319135	2.8319135	3.0	2	3.0	1.0	4.0	2.0	0.5426348	1.0
	1.0	24	1	3	3	3	4	3	1	4	3	4	5	4	3			2.8333333	1	1.0	1.0			0.22754936	
2.1714585	1.0	38	0	4	4	4	4	1	2	2	2	1	4	1	2	1.1680865	1.1680865	3.1666667	1	4.0	2.0	1.0	1.0	0.6099766	1.0
	1.0	67	1	2	1	1	3	1	3	4	1	3	1	1	1	0.8319135	0.8319135	1.8333334	1	7.0	3.0	3.0	1.0	-0.5882858	1.0
	2.0	38	1		1	3	3	1		3	3	3	3	3	3	1.742835	1.742835		1	9.0	2.0		2.0		
	1.0	42	0	4	2	3	4	2	1									2.6666667	1	6.0	2.0	2.5	1.0	0.0325903	
	1.0	49	1	4	2	3	1	1	3									2.3333333	1	8.0	3.0	4.0	4.0	-0.1456491	
	2.0	30	0	5	1	5	5	5	5									4.3333335	2	10.0	1.0	5.0	5.0	2.026093	
	2.0	38	0	2	1	1	3	2	1									1.6666666	2	10.0	3.0	3.5	4.5	-0.9205085	
	2.0	38	1	2	2	2	3	2	1									2.0	2	0.0	0.0	1.0	4.0	-0.5938903	
1.2623831	2.0	29	0	1	1	1	3	5	1	5	1	1	3	5	1	2.3985283	2.3985283	2.0	2	10.0	0.0	5.0	5.0	-0.5492243	1.0
	0.0	40	1	4	3	5	3	1	3									3.1666667	2	3.0	1.0	4.0	3.0	0.67624456	
	1.0	20	1	4	3	2	3	2	3									2.8333333	1	3.0	0.0	2.0	2.5	0.38533014	
	1.0	25	0	3	1	4	2	2	4									2.6666667	2	8.0	2.0	4.5	2.0	0.28423527	
	1.0	27	0	4	1	2	2	3	3									2.5	2	3.0	2.0	2.0	3.0	0.045862567	
	1.0	34	1	3	5	4	4	3	4									3.8333333	0	0.0	1.0	1.0	1.0	1.4851341	
	1.0	21	1	5	2	1	3	4	3	5	2	2	3	2	2			3.0	2	4.0	2.0	2.5	1.0	0.5573674	
	1.0	49	0	2	4	2	2	2	2									2.3333333	1	3.0	3.0	2.0	1.0	-0.16763759	
	1.0	46	0	2	1	2	2	2	2	2	4	2	2	2	2			1.8333334	0	6.0	1.0	3.0	2.0	-0.68258977	
	1.0	64	1	2	2	4	2	1	1									2.0	0	4.0	3.0	3.0	1.0	-0.62809736	
	1.0	45	0	1	2	3	3	3	1									2.1666667	2	9.0	2.0	4.0	3.0	-0.41561455	
	1.0	34	1	4	4	3	3	4	3									3.5	1	2.0	2.0	2.0	1.5	1.0599241	
	1.0	43	0	5	3	2	4	4	4	1	1	1	3	3	1			3.6666667	1	0.0	1.0	3.0	2.0	1.3072449	
	1.0	18	1	4	5	4	3	3	4									3.8333333	0	5.0	1.0	2.5	2.0	1.4656597	
	2.0	34	1	4	5	4	2	4	4									3.8333333	2	1.0	0.0	1.5	2.0	1.4694936	
	1.0	40	0	1	1	3	1	4	1									1.8333334	1	6.0	1.0	3.5	1.5	-0.7535854	
	2.0	18	1	2	3	3	3	3	4									3.0	0	2.0	0.0	2.5	2.5	0.66603166	
	2.0	30	0	5	1	5	5	5	5									4.3333335	2	10.0	2.0	5.0	5.0	2.026093	
	0.0	52	0	1	2	3	4	2	2	1	1	1	1	2	1	0.44434834	0.44434834	2.3333333	1	7.0	3.0		2.0	-0.16634312	
	0.0	68	1	1	2	2	2	1	2	1	1	1	1	1	1	0.0480299	0.0480299	1.6666666	2	6.0	3.0		2.0	-0.8356065	
	0.0	58	1	3	2	2	2	2	2	2	2	2	2	2	2	0.0480299	0.0480299	2.1666667	0	5.0	1.0	2.0	2.0	-0.36025947	1.0
1.3562908	0.0	70	1	4	3	3	3	3	3	3	3	2	3	4	3			3.1666667	1	0.0	2.0	3.0	3.0	0.7142855	
	0.0	52	0	1	1	2	2	1	1	2	1	3	1	1	2	3.6847858	3.6847858	1.3333334	2	10.0	2.0	4.5	2.5	-1.2603625	1.0
	0.0	78	0		3	5		4	5	3	3	3	4	3	3		2.3994823		1	3.0	0.0	1.0			
	0.0	81	0	1	1	3	2	1	1									1.5	2	7.0	3.0	2.5	4.0	-1.1053951	
	0.0	52	0	2	4	4	2	1	2									2.5	2	8.0	4.0	5.0	5.0	-0.031690616	
1.45378	0.0	58	1	5	5	5	5	1	5	5	5	5	5	1	5	2.00719	2.00719	4.3333335	2	0.0	3.0	1.0	1.0	2.0167444	1.0
	0.0	89	0		2	2	3	1	3	1	2	4	2	2	2	1.5556517	1.5556517		0	7.0	2.0	2.0	2.5		
0.49593213	0.0	54	1	1	2	3	4	2	2	1	2	4	4	2	1	0.043715954	0.043715954	2.3333333	2	5.0	2.0	2.0	1.0	-0.16634312	1.0
1.2454925	0.0	74	0	4	4	3	5	3	5	4	3	5	5	4	5	0.25711823	0.25711823	4.0	2	4.0	3.0	3.0	1.0	1.7324549	1.0
5.7823834	0.0	84	0	1	1	2	1	1	2	2	2	3	2	2	3	0.0480299	0.0480299	1.3333334	0	7.0	2.0	3.0	3.0	-1.1774113	1.0
5.345279	0.0	53	0	1	1	4	4	1	2	1	1	3	3	1	1	0.25711823	0.25711823	2.1666667	0	10.0	3.0	4.0	4.0	-0.3570143	1.0
0.7329399	0.0	53	0	3	3	3	3	3	3							1.4443483	1.4443483	3.0	2	4.0	2.0	4.0		0.5636059	
	0.0	60	0	1	1	1	1	1	1									1.0	2	9.0	2.0	5.0	2.5	-1.585484	
	0.0	70	0	3	1	2	2	1	1	1	1	1	3	2	2	2.2571182	2.2571182	1.6666666	1	8.0	4.0	3.5	2.0	-0.9590034	1.0
0.7895877	0.0	54	0	5	1	5	2	1	2	3	1	3	2	1	2	0.95628405	0.95628405	2.6666667	2	9.0	4.0	3.0	2.5	0.060363352	1.0
	0.0	70	1	2	1	2	4	1	1	4	2	1	2	2	2	1.0480299	1.0480299	1.8333334	1	4.0	3.0	2.0	2.0	-0.7693749	1.0
	0.0	74	0	3	2	2	2	2	3									2.3333333	1	7.0	1.0	3.0	3.0	-0.10715418	
0.97074044	0.0	74	0	3	3	3	2	2	2	1	1	4	2	3	4			2.5	2	9.0	3.0	3.5	1.5	-0.03364131	
1.6302934	0.0	57	1	3	2	4	3	1	1	3	2	2	4	3	1	2.3994823		2.3333333	2	5.0	3.0	1.0	4.0	-0.30726376	1.0
	0.0	72	0	1	1	1	3	1	1									1.3333334	1	7.0	2.0	3.0	1.5	-1.245176	
0.9558259	0.0	51	0	1	2	2	1	1	2	1	1	1	2	5	2	0.55565166	0.95628405	1.5	2	7.0	3.0	4.5	3.5	-1.0057606	1.0
	0.0	48	0	3	2	4	4	2	2	4	2	4	4	1	2	0.55565166	0.55565166	2.8333333	2	7.0	3.0	3.0	1.0	0.28998348	1.0
	0.0	49	0	1	1	2	4	1	2	1	2	3	3	2	2	0.95628405	0.55565166	1.8333334	2	8.0	3.0	4.0	1.0	-0.6669492	1.0
	0.0	34	1	2	2	4	3	1	2									2.3333333	2	6.0	3.0	3.0	2.0	-0.20483804	
	0.0	62	1	4	1	1	4	1	3									2.3333333	2	6.0	2.0	4.0	1.0	-0.11677262	
	0.0	59	1	2	2	4	3	1	2									2.3333333	1	8.0	2.0	2.0	2.5	-0.20483804	
0.65577954	0.0	39	1	2	1	4	4	2	2	1	1	3	3	1	2	1.3152142	0.7428818	2.5	2	7.0	3.0	3.5	3.0	-0.032346833	1.0
0.60384846	0.0	64	1	2	1	2	2	1	2	1	1	2	4	1	2	0.39948225	0.39948225	1.6666666	2	8.0	3.0	4.0	3.0	-0.8565777	1.0
	0.0	64	1	3	3	2	3	1	4									2.6666667	1	5.0	4.0	1.5	3.5	0.31376797	
0.69754297	0.0	39	1	1	1	4	2	3	2	1	1	4	4	1	2	0.25711823	0.39948225	2.1666667	2	8.0	4.0	2.0	4.0	-0.34934658	1.0
0.31359613	0.0	69	1	3	1	4	3	2	3	3	2	2	3	1	2	1.2571182	1.2571182	2.6666667	2	7.0	4.0	5.0	2.5	0.201284	1.0
0.6930177	0.0	71	1	1	1	1	4	1	2	1	1	1	2	1	1	2.2571182	2.2571182	1.6666666	2	8.0	3.0	2.0	4.0	-0.82191664	1.0
0.5004053	0.0	68	1	1	2	1	1	1	1	1	1	1	1	1	1	0.55565166	0.55565166	1.1666666	1	9.0	2.0	3.5	4.0	-1.4138333	1.0
	0.0	67	1	1	2	1	1	5	1									1.8333334	2	6.0	3.0	1.5	1.0	-0.7178817	
	0.0	52	1	3	2	3	2	2	3	3	3	2	2	1	2	2.6005177	2.6005177	2.5	1	0.0	1.0		1.5	0.04781326	
0.95800006	0.0	57	1	3	3	2	4	2	2	3	2	4	4	2	4		0.0480299	2.6666667	1	3.0	1.0	1.0	1.0	0.15169932	
	0.0	74	0		3				5	3	2	5	4	3	4	1.4443483	1.4443483		2	6.0	2.0	1.0	1.0		
	0.0	39	1	3	5	4	2	2	2	1	5	4	3	2	3	1.7428818	2.043716	3.0	2	2.0	3.0	4.0	1.0	0.4646276	1.0
0.75027704	0.0	70	0	4	3	2	3	2		4	4	4	3	2	3	3.5556517	3.5556517		1	2.0	1.0	2.5	1.0		
	0.0	40	0	2	3	3	4	2	3									2.8333333	2	6.0	1.0	3.5	2.0	0.4090925	
	0.0	67	0	1	2	2	2	1	2	1	2	2	3	1	2	0.043715954	1.5556517	1.6666666	1	7.0	3.0	4.0	2.5	-0.8356065	1.0
	0.0	41	1	1	1	1	1	5	4	1	1	1	1	1	1	4.04803	5.742882	2.1666667	1	10.0	1.0	5.0	3.0	-0.13021651	1.0
0.76008946	0.0	53	0	1	3	5	5	1	4	1	3	5	3	3	5	0.55565166	0.55565166	3.1666667	2	0.0	1.0	1.0	1.0	0.8176192	1.0
	0.0	39	0		3	4	4		3		2	4	4	3	3		0.44434834		2	4.0	1.0	1.0	1.0		
	0.0	58	0	2	2	4	3	1	2									2.3333333	2	3.0	4.0	2.5	2.5	-0.20483804	
	0.0	49	0	2	1	2	4	2	2									2.1666667	2	6.0	4.0	3.5	4.0	-0.34228173	
	0.0	46	0	1	1	1	2	1	1									1.1666666	2	10.0	3.0	4.5	1.5	-1.41533	
0.73704857	0.0	45	0	1	2	2	4	1	1	1	2	2	1	1	1	0.007189989	0.60051775	1.8333334	2	8.0	3.0	3.5	2.0	-0.7484038	1.0
	0.0	42	0	3	3	3	3	2	3									2.8333333	1	6.0	2.0	3.5	1.5	0.389618	
	0.0	61	1	1	2	2	1	1	1	2	2	1	3	1	1	0.043715954	2.04803	1.3333334	2	7.0	4.0	2.0	4.0	-1.2588658	1.0
	0.0	41	0	2	2	2	2	1	2	1	1	1	1	1	1	0.9519701	0.9519701	1.8333334	2	6.0	4.0	4.0	2.0	-0.684927	1.0
0.6993557	0.0	39	1	4	2	4	4	2	2	2	2	4	4	2	4	0.0480299	0.0480299	3.0	2	3.0	2.0	2.0	2.5	0.44066304	1.0
0.7141559	0.0	41	1	2	2	4	2	1	1	2	2	4	4	1	2	0.043715954	1.6847858	2.0	2	6.0	2.0	1.5	4.0	-0.62809736	1.0
1.4315172	0.0	52	1	3	5	3	1	3	5	3	3	3	1	4	4	0.55565166	0.55565166	3.3333333	2	0.0	1.0	1.0	1.0	1.0728099	1.0
	0.0	54	0	2	4	2	2	3	4									2.8333333	2	2.0	1.0	3.0	1.0	0.5125609	
	0.0	56	1	1	1	2	2	1	2									1.5	1	6.0	2.0	2.0	3.0	-1.0072572	
0.35575998	0.0	75	0	1	1	1	2	1	2	1	2	1	2	1	2	0.043715954	0.043715954	1.3333334	2	9.0	4.0			-1.1622247	
	0.0	54	0	2	1	1	2	1	1	1	1	2	2	1	2	0.25711823	0.25711823	1.3333334	1	7.0	3.0	3.0	4.0	-1.2646505	1.0
1.6590567	0.0	44	0	2	1	2	4	1	1	3	1	1	2	1	2	0.55565166	0.55565166	1.8333334	1	7.0	1.0	2.5	2.5	-0.7693749	1.0
0.35535744	0.0	77	0	1	1	1	2	1	2	1	1	1	3	1	1	0.95628405	3.04803	1.3333334	2	9.0	2.0	4.0	3.0	-1.1622247	1.0
	0.0	63	0	2	2	4	4	3	2	2	2	2	2	1	2	1.956284	1.956284	2.8333333	0	8.0	2.0	2.0	3.0	0.3132918	1.0
2.9089293	0.0	40	0	2	4	2	4	2	2	3	3	3	3	3	3	2.04803	1.6847858	2.6666667	2	3.0	0.0	3.0	3.0	0.17267047	1.0
	0.0	70	1	3	1	1	2	1	1	1	1	1	1	1	1	0.95628405	0.55565166	1.5	0	9.0	4.0	2.5	3.5	-1.1139709	1.0
0.5846982	0.0	43	1	2	2	2	1	1	2	2	1	2	1	1	1	0.31521416	0.31521416	1.6666666	2	7.0	3.0	4.5	5.0	-0.85508096	1.0
1.0560073	0.0	39	0	1	1	1	4	1	3	1	1	1	2	1	3	0.007189989		1.8333334	2	4.0	2.0	3.5	1.0	-0.56881136	1.0
0.6102209	0.0	58	1	1	2	3	2	1	4	1	1	3	4	2	3	2.6005177	2.6005177	2.1666667	2	7.0	4.0	3.5	2.0	-0.1744285	1.0
1.1290498	0.0	40	0	1	1	2	2	1	1	2	1	2	2	1	1	0.0480299	2.3994823	1.3333334	2	8.0	4.0	4.0	2.0	-1.2603625	1.0
	0.0	38	1	3	1	2	3	2	2									2.1666667	1	7.0	3.0	5.0	1.5	-0.36175618	
	0.0	46	0	1	5	2	1	1	1									1.8333334	2	9.0	4.0	3.5	4.0	-0.74391365	
	0.0	50	0	2	2	4	5	1	1	4	4	5	4	3	5	0.0480299	3.5556517	2.5	2	5.0	2.0	1.0	1.0	-0.11763527	1.0
	0.0	72	1	2	2	2	2	1	2	1	1	2	2	1	2	1.043716	1.043716	1.8333334	2	7.0	3.0	3.0	4.0	-0.684927	1.0
0.35850772	0.0	79	0	1	1	2	2	1	1	1	1	1	4	1	1	2.2571182	2.2571182	1.3333334	2	10.0	4.0	4.5	3.5	-1.2603625	1.0
	0.0	47	0	4	4			3											2	5.0	3.0	1.0	1.0		
0.26063576	0.0	69	1	1	1	2	2	1	2	1	1	1	1	1	1			1.5	2	10.0	2.0	4.0	2.0	-1.0072572	
	0.0	42	0	1	5	2	1	1	4	3	3	3	1	3	3	0.99281	0.99281	2.3333333	1	0.0	0.0	1.0		0.01540222	
	0.0	57	1	2	3	5	4	2	4	2	4	3	4	2	2	3.5556517	3.5556517	3.3333333	2	5.0	1.0	2.0	2.0	0.9721327	1.0
0.35464787	0.0	72	0		1	2	4	2	2	1	2	3	2	1	2	1.043716	1.043716		2	5.0	3.0	2.5	2.0		
	0.0	42	0	1	1	2	2	1	2	1	1	2	2	1	1	0.44434834	0.44434834	1.5	2	8.0	3.0	2.5	2.0	-1.0072572	1.0
	0.0	68	1	1	2	1	2	1	1	1	1	1	3	2	1	1.6847858	1.6847858	1.3333334	2	7.0	3.0	4.0	3.0	-1.2436793	1.0
1.7592734	0.0	39	0	1	2	3	2	1	2	1	2	4	3	1	2	1.3152142	1.3994823	1.8333334	1	7.0	3.0	4.0	4.0	-0.6806391	1.0
0.9917809	0.0	75	0	2	1	1		1		3	1	1	3	1	1	1.043716	0.68478584		2	9.0	2.0	3.5	3.0		
	0.0	46	1	1	5	1	2	1	1	4	1	2	1	1	1	1.2571182	1.2571182	1.8333334	2	6.0	1.0	3.0	3.0	-0.7287271	1.0
2.2990704	0.0	51	0	2	1	1	2	1	2	1	1	2	2	1	2			1.5	2	8.0	4.0	4.5	2.0	-1.0115452	
1.4130584	0.0	59	0	1	1	1	1	1	1	3	1	1	3	1	2	2.6847858	2.6847858	1.0	1	10.0	4.0	5.0	4.0	-1.585484	1.0
1.4560603	0.0	55	0	2	2	4	2	3	2	2	2	2	2	2	4	0.7428818	0.7428818	2.5	1	4.0	2.0	2.0	2.5	-0.027016262	1.0
	0.0	30	1	2	2	4	2	1	2	4	2	4	1	2	2	0.25711823	0.25711823	2.1666667	2	2.0	1.0	3.0	1.5	-0.37499207	1.0
	0.0	48	0	1	2	2	2	1	2									1.6666666	2	10.0	3.0	5.0	4.5	-0.8356065	
	0.0	45	1	4	3	5	5	3	5	3	4	5	5	2	3	4.9928102	4.9928102	4.1666665	2	5.0	2.0	3.0	1.0	1.870739	1.0
	0.0	60	0	3	4	2	2	5	3									3.1666667	1	2.0	3.0	3.5	2.5	0.758111	
0.9208896	0.0	49	0	1	1	1	1	1	1	1	1	2	1	1	1	0.60051775	0.60051775	1.0	2	10.0	3.0	4.5	5.0	-1.585484	1.0
1.1034555	2.0	45	0	2	1	3	4	2	3	2	2	2	3	2	3			2.5	2	6.0	2.0	4.0	2.0	0.06579102	
	0.0	58	1	4	2	4	2	1	2	2	1	4	3	1	2	0.95628405	0.95628405	2.5	1	8.0	3.0	3.0	2.0	-0.07363293	1.0
	0.0	31	1	3	5	2	4	4	4	3	5	4	4	5	2			3.6666667	2	0.0	2.0	1.0	2.0	1.3491871	
	0.0	36	1	1	1	2	2	1	1									1.3333334	2	9.0	4.0	4.5	2.0	-1.2603625	
	0.0	80	1	2	2	2	3	1	3	1	2	1	2	1	2		0.25711823	2.1666667	2	7.0	1.0	2.5	4.0	-0.26166764	
	0.0	41	0	1	2	2	3	2	1									1.8333334	2	7.0	3.0	4.0	2.0	-0.7445699	
0.446897	0.0	79	0	3	1	2	3	3	1	3	1	2	3	1	1	0.95628405	0.95628405	2.1666667	2	5.0	3.0	3.0	2.0	-0.44087356	1.0
0.49547267	0.0	74	1	4	3	4	5	2	4	4	2	4	4	2	2	2.043716	2.043716	3.6666667	1	0.0	1.0	1.0	2.5	1.2886784	1.0
	0.0	46	0	4	2	4	1	1	4									2.6666667	2	10.0	2.0	5.0	1.5	0.26242363	
	0.0	51	1	4	2	3		3		4	2	3	4	3		1.043716	2.5556517		2	2.0	2.0	1.0	2.0		
	0.0	75	1	2	3	1	1	1	2	2	3	2	1	1	3	1.7428818	1.7428818	1.6666666	1	3.0	1.0	2.0	2.0	-0.8383977	1.0
0.3085588	0.0	72	1	3	1	2	2	1	1	2	1	4		1	1	2.043716	2.043716	1.6666666	2	7.0	2.0	1.0	2.0	-0.9590034	1.0
1.8358656	0.0	68	1	1	1	1	2	1	1	1	1	1	1	1	1	0.95628405	0.95628405	1.1666666	0	10.0	2.0	4.5	3.0	-1.41533	1.0
0.24652092	0.0	75	1	1	1	3	4	1	1	1	1	3	2	2	2	0.0480299	2.3994823	1.8333334	2	8.0	4.0	3.0	4.0	-0.76508707	1.0
0.6529472	0.0	55	1	3	2	1	2	1	2	3	4	3	2	1	4	0.25711823	0.99281	1.8333334	2	5.0	1.0	2.0	2.0	-0.6892148	1.0
	0.0	47	0	4	3	4		1	2	4	3	4	3	3	3	2.7428818	2.7428818		1	7.0	2.0	4.0	2.5		
	0.0	71	1	4	2	1	3	1	4	2	2	3	4	1	2	4.3994823	4.3994823	2.5	2	6.0	2.0	4.0	2.0	0.13782936	1.0
	0.0	50	1	4	4	4	4	3	4	3	4	3	3	3	3	5.043716	5.043716	3.8333333	1	6.0	1.0	2.5	1.5	1.464163	1.0
0.66569173	0.0	47	1	1	3	4	1	1	2	1	2	4	2	1	2	1.7428818	1.7428818	2.0	2	1.0	4.0	3.5	2.0	-0.5241749	1.0
	0.0	46	1	4	3	3	3	3	3	4	3	4	3	3	3	2.5556517	2.5556517	3.1666667	2	4.0	0.0	3.0	1.5	0.7142855	1.0
	0.0	69	1	3	2	2	2	2	3	3	2	1	2	2	4	2.00719	2.6005177	2.3333333	1	8.0	3.0	2.5	2.0	-0.10715418	1.0
1.5734211	0.0	54	1	4	4	4	3	1	3	4	4	4	4	2	4	1.2571182	1.2571182	3.1666667	2	0.0	1.0	1.0	4.0	0.69292784	1.0
	0.0	52	0	1	1	1	1	1	1									1.0	1	3.0	2.0	1.0	3.0	-1.585484	
	0.0	60	1	1	1	4	3	1	1									1.8333334	2	9.0	2.0	3.0	2.5	-0.7802736	
	0.0	76	1	2	2	1		1	2		3	1	3	1					0	1.0	1.0	1.0			
1.4705125	0.0	57	0	1	1	2	2	1	2	1	1	2	1	2	1	0.95628405	0.95628405	1.5	1	8.0	4.0	3.5	1.5	-1.0072572	1.0
0.81617045	0.0	54	0	3	2	1	2	2	2	4	2	4	3	1	2	2.043716	2.043716	2.0	2	10.0	2.0	1.5	2.0	-0.5152269	1.0
	0.0	65	0	4	3	2	3	2	4									3.0	0	6.0	2.0	3.0	1.0	0.6384354	
	0.0	43	0	4	4	2	1	2	3									2.6666667	2	4.0	4.0	2.0	2.0	0.21667282	
0.36908877	0.0	71	0	2	2	1	1	1	1	3	1	2	3	1	1	0.95628405	0.95628405	1.3333334	2	9.0	2.0	4.5	1.0	-1.2631537	1.0
	0.0	38	0	4	2	5	4	3	2	2	2	4	5	1	2	1.0480299	2.7428818	3.3333333	2	7.0	3.0	4.5	4.0	0.7696184	1.0
1.063196	0.0	39	0	1	1	5	4	1	1	1	1	4	4	1	1	0.39948225	0.39948225	2.1666667	2	10.0	4.0	5.0	4.5	-0.45515215	1.0
	0.0	69	0	3	1	4	4	1	2									2.5	2	6.0	4.0	2.0	2.5	-0.05565517	
0.769406	0.0	54	0	3	3	2	2	2	2	1	3	4	2	2	3	0.95628405	0.55565166	2.3333333	2	7.0	2.0	2.0	2.0	-0.18860875	1.0
	0.0	34	0	3	1	2	2	1	4									2.1666667	2	9.0	4.0	4.5	4.0	-0.19968753	
	0.0	43	0	4		3	3	2	3										2	6.0	3.0	1.0	2.0		
1.1263795	0.0	41	0	2	1	2	4	4	2	2	1	4	2	2	2	0.043715954	0.043715954	2.5	2	7.0	3.0	4.0	4.0	0.0056940974	1.0
1.1410837	0.0	43	1	3	1	3	4	2	3	2	2	4	2	2	2	2.7428818	1.043716	2.6666667	1	5.0	1.0	2.5	2.0	0.2164706	1.0
	0.0	53	1	1	1	3	1	1	2	4	2	2	1	1	3	0.043715954	0.043715954	1.5	2	8.0	3.0	4.0	3.5	-1.0224439	1.0
2.054695	0.0	55	0	1	2	3	3	3	3	1	5	3	3	3	3	2.99281	2.99281	2.5	2	5.0	2.0	1.0	1.0	0.09059606	1.0
5.1309175	0.0	40	0	1	2	4	1	1	2	3	2	4	3	2	2	2.99281	0.0480299	1.8333334	1	7.0	1.0	3.0	4.0	-0.6958257	1.0
0.50274396	0.0	71	1	1	1	4	4	1	2	1	2	4	2	1	1	1.043716	3.3994823	2.1666667	1	7.0	1.0	3.0	3.0	-0.3570143	1.0
	0.0	37	1	3	2	3	3	1	3	2	2	3	2	3	2	0.9519701	0.9519701	2.5	2	7.0	3.0	1.0	1.5	0.043979384	1.0
2.1159966	0.0	61	0	3	1	1	1	5	2	1	1	2	2	2	3			2.1666667	2	9.0	1.0	4.0	4.5	-0.33506796	
0.35388392	0.0	74	0	1	2	3		1	1	2	2	1	2	2	2	0.25711823	0.39948225		2	7.0	4.0		1.5		
	0.0	39	1	2	1	4	4	2	1	3	2	3	2	1	2	0.55565166	0.55565166	2.3333333	1	6.0	4.0	3.0	2.0	-0.28545213	1.0
	0.0	68	1	4	1	1	2	1	2	5	1	3	4	2	4	0.99281	0.99281	1.8333334	2	7.0	3.0	2.5	2.5	-0.710186	1.0
	0.0	34	0	1	4	4	2	3	2	1	3	3	3	2	2	2.3994823	2.3994823	2.6666667	1	6.0	3.0	2.5	3.5	0.16560562	1.0
2.6563919	0.0	66	0	2	2	1	1	1	2	3	2	1	1	1	1			1.5	0	8.0	3.0	1.0	1.0	-1.0100484	
0.9569003	0.0	64	1	2	1	1	1	1	1	2	1	1	4	1	1	2.043716	2.043716	1.1666666	1	4.0	1.0	2.5	1.0	-1.4348044	1.0
0.76760274	0.0	53	0	2	2	4	3	2	3	4	2	4	4	1	3	4.9928102	4.9928102	2.6666667	2	6.0	2.0	1.0	1.0	0.22225516	1.0
0.93848795	0.0	49	0	3	2	4	4	2	2	2	2	2	2	2	3	1.6847858	1.6847858	2.8333333	2	4.0	3.0	1.5	2.0	0.28998348	1.0
	0.0	74	1	2	1	1	2	1	2									1.5	1	6.0	3.0	3.0	2.0	-1.0115452	
0.98368984	0.0	61	1	2	1	1	2	1	1	1	1	1	1	1	1	0.25711823	0.25711823	1.3333334	1	7.0	4.0	4.0	4.0	-1.2646505	1.0
	0.0	50	0	3	3	3	2	2	3	4	4	3	3	2	3	3.5556517	3.5556517	2.6666667	1	4.0	0.0	1.0	1.0	0.21946399	1.0
	0.0	42	0	4	1	3	4	1	1	1	1	2	3	1	1	0.0480299	0.0480299	2.3333333	2	7.0	2.0	1.0	2.0	-0.31304833	1.0
	0.0	40	0	3	1	4	2	1	1									2.0	2	9.0	3.0	2.5	1.5	-0.64906853	
	0.0	65	0	4	5	4	3	3	3	3	4	4	5	4	4	5.043716	6.5556517	3.6666667	1	0.0	2.0	3.5	1.0	1.2125545	1.0
1.6136234	0.0	50	0	1	1	1	2	1	2	1	1	1	2	1	1		2.7428818	1.3333334	1	8.0	3.0	3.0	3.0	-1.1622247	
	0.0	74	1	1	2	1	1	1	2	1	5	1	2	1	2	0.95628405	0.95628405	1.3333334	0	8.0	2.0	3.5	2.0	-1.160728	1.0
0.72300726	0.0	65	0	1	1	1	2	1	1	1	1	1	2	1	1	1.6005177	1.6005177	1.1666666	1	8.0	4.0	4.5	4.0	-1.41533	1.0
	0.0	53	0	2	1	3	2	2	2	1	2	5	1		3	2.956284	1.4443483	2.0	1	6.0	2.0	2.5	2.0	-0.52762234	1.0
	0.0	69	0	1	1	1	1	1	1									1.0	1	10.0	2.0	2.0	3.5	-1.585484	
	0.0	58	0	1	1	2	1	1	1									1.1666666	2	9.0	4.0	5.0	4.0	-1.4305166	
0.6882292	0.0	71	0	1	5	1	2	1	2	2	2	2	4	1	2	0.0480299	0.0480299	2.0	1	8.0	2.0	3.0	2.5	-0.4756218	1.0
4.808963	0.0	61	0	3	1	3	2	1	2	1	1	2	2	1	2	1.00719	1.00719	2.0	0	5.0	3.0	4.0	4.0	-0.5509307	1.0
	0.0	64	0	3	2	3	3	3	3	3	2	1	4	1	1	1.7428818	1.7428818	2.8333333	0	7.0	1.0	3.5	3.0	0.3919552	1.0
	0.0	37	0	2	2	5	2	1	4	1	2	4	2	1	3	0.25711823	0.25711823	2.6666667	2	6.0	4.0	4.0	1.0	0.28618595	1.0
1.7590849	0.0	32	1	2	3	3	2	3	4	3	3	3	3	3	4	1.5556517	1.5556517	2.8333333	2	4.0	2.0	1.5	1.0	0.49587762	1.0
	0.0	67	1	5	3	1	3	1	4	5	5	2	3	4	4		0.31521416	2.8333333	2	1.0	1.0	1.0	1.0	0.46015966	
0.56667584	0.0	45	1	2	2	1	2	1	2	3	2	2	2	1	2	0.95628405	0.95628405	1.6666666	2	6.0	1.0	2.0	2.5	-0.8398944	1.0
0.58915216	0.0	39	1	2	3	4	4	1	3	2	3	4	4	1	3	1.2571182	1.2571182	2.8333333	2	5.0	1.0	3.5	3.5	0.39007202	1.0
	0.0	60	0		2	3	4	2	3	3	2	4	2	2	2	0.68478584	0.68478584		0	7.0	1.0	2.0	2.0		
	0.0	29	1	4	2	5	4	3	3									3.5	1	4.0	0.0	3.0	3.5	1.0227237	
2.1360407	0.0	69	0	1	1	1	1	1	1	4	1	2	4	2	2	1.4443483	1.4443483	1.0	1	9.0	1.0	1.0		-1.585484	
	0.0	52	0	2	2	4	3	2	2									2.5	0	8.0	2.0	4.0	4.0	-0.030850137	
0.66031593	0.0	29	1	4	2	3	4	3	2	2	3	4	3	3	4			3.0	2	1.0	0.0	2.0	2.5	0.4596835	
1.0901455	0.0	47	0	1	1	1	3	1	3	1	1	1	1	1	3	0.95628405	0.95628405	1.6666666	2	10.0	4.0	5.0	2.5	-0.7389654	1.0
0.83734226	0.0	76	1	1	2	4		1	4	3	2	4	4	2	4	1.956284	1.956284		2	7.0	2.0	3.0	3.0		
0.8065922	0.0	37	1	4	2	3	2	1	2	4	2	4	2		1	0.60051775	0.60051775	2.3333333	2	4.0	2.0	3.0	2.0	-0.22860037	1.0
	0.0	53	1	2	2	4	1	1	4	2	1	2	2	1	2	0.44434834	0.44434834	2.3333333	1	7.0	2.0	3.5	2.0	-0.038935516	1.0
	0.0	44	1	2	2	4	2	1	1									2.0	2	6.0	2.0	1.5	2.0	-0.62809736	
	0.0	64	1	1	1	4	2	1	2									1.8333334	1	7.0	3.0	3.5	3.0	-0.69732237	
0.5139169	0.0	52	1	1	2	4	3	1	1	2	3	5	2	1	3	0.0480299	0.0480299	2.0	2	3.0	3.0	3.0	3.0	-0.6086229	1.0
	0.0	48	1	4	5	2	4	3	5									3.8333333	2	4.0	2.0	2.0	4.0	1.5789841	
0.5055084	0.0	54	1	1	1	1	2	3	1	1	2	1	2	1	2	0.95628405	2.6847858	1.5	2	2.0	4.0	3.0	3.0	-1.0673542	1.0
0.5561197	0.0	62	1	1	1	2	2	1	2	2	1	2	2	1	1	0.25711823	0.25711823	1.5	2	8.0	1.0	1.0	2.0	-1.0072572	1.0
	0.0	74	1	1	1	1	1	1	1	1	1	1	1	1	2	0.043715954	1.5556517	1.0	2	10.0	2.0	5.0	1.0	-1.585484	1.0
0.47730604	0.0	75	1	2	2	1	3	1	2	1	2		3	2	2	0.9519701	0.9519701	1.8333334	1	4.0	1.0	1.0	3.0	-0.6697404	1.0
	0.0	76	0		1	2	3	2	2	3	1	2	3	2	2	0.95628405	0.95628405		1	8.0	3.0	4.0	2.0		
	0.0	69	1	1	2	2	2	2	2	2	2	2	3	1	2	4.043716	4.043716	1.8333334	2	8.0	1.0	3.0	3.0	-0.66161865	1.0
0.6250404	0.0	57	1	1	1	1	3	1	1	1	1	1	1	1	1	0.043715954	3.7428818	1.3333334	2	9.0	3.0	4.0	2.0	-1.245176	1.0
	0.0	87	1	4	1	1	3	1	2									2.0	0	0.0	1.0		3.0	-0.54003197	
0.9906433	0.0	77	0	1	1	2	3	1	3	1	1	2	4	1	2	0.95628405	0.55565166	1.8333334	2	9.0	4.0	2.0	2.0	-0.5839979	1.0
0.39353466	0.0	65	0	2	2	2	3	2	3	2	3	2	2	1	3	1.956284	1.956284	2.3333333	2	10.0	4.0	1.0	1.0	-0.08767972	1.0
	0.0	73	0	2	1	2	2	1	1	1	1	2	2	1	1	5.742882	5.742882	1.5	1	8.0	3.0	3.0	4.0	-1.109683	1.0
0.7366513	0.0	68	0	3	2	2	1	1	2	3	2	2	3	2	2	1.4443483	1.4443483	1.8333334	1	10.0	4.0	4.0	2.5	-0.70440143	1.0
	0.0	56	0		2	4	3	2	3		1	4	2	2	2	0.95628405			1	8.0	3.0	4.0	1.0		
	0.0	66	0	2	2	2	2	1	2	3	2	2	2	1	2	0.31521416	0.31521416	1.8333334	0	7.0	4.0	1.5	3.0	-0.684927	1.0
5.5024137	0.0	50	0	1	1	1	2	1	1	5	1	2	2	1	1	0.25711823	0.39948225	1.1666666	0	10.0	3.0	2.0	2.5	-1.41533	1.0
0.6768937	0.0	80	0	2	1	2	2	1	1	1	1	1	1	1	1	1.4443483	1.4443483	1.5	1	10.0	2.0	4.5	1.5	-1.109683	1.0
0.59272504	0.0	36	1	2	2	2	2	1	1	5	2	1	1	1	1	2.00719	2.00719	1.6666666	2	8.0	1.0	4.0	1.5	-0.93803227	1.0
0.580952	0.0	44	1	4	1	2	3	3	1	4	2	2	2	2	2	2.99281	1.7428818	2.3333333	2	5.0	3.0	2.0	3.5	-0.290194	1.0
	0.0	42	1		2	3	2	1	2										0	1.0	2.0	3.0			
	0.0	45	1	2	1	4	2	2	2									2.1666667	2	8.0	4.0	4.0	4.5	-0.37265489	
0.6528575	0.0	48	1	1	1	3	1	2	2	1	1	4	2	2	2	0.7428818	0.7428818	1.6666666	2	8.0	3.0	5.0	1.0	-0.84845597	1.0
0.38256344	0.0	70	0	1	2	3	3	1	1	1	2	2	2	1	1			1.8333334	2	8.0	4.0	3.0	3.0	-0.76359034	
3.9473424	0.0	54	0	4	2	2	5		4	4	2	3	4	4	4				1	3.0	1.0	4.0			
	0.0	26	1	2	2	4	3	2	2	4	1	3	4	2	2	0.7428818	0.9519701	2.5	2	7.0	4.0	3.0	2.0	-0.030850137	1.0
	0.0	31	0		5	1	5	1	1	5	1	1	5	5	1	0.95628405	0.95628405		2	10.0	3.0				
1.0393192	0.0	50	1	1	1	3	3	1	2	1	1	3	3	2	2	1.043716	1.043716	1.8333334	1	2.0	2.0	1.0	1.0	-0.68213576	1.0
0.71020985	0.0	51	0	3	3	4	3	2	2	2	3	3	4	3	3			2.8333333	2	2.0	2.0	1.5	3.0	0.29148015	
1.5915685	0.0	52	0	2	1	2	2	1	2	1	1	2	2	1	1	1.043716		1.6666666	1	7.0	2.0	2.0	2.0	-0.8565777	1.0
	0.0	52	0	3	2	3	2	2	1	2	2	4	2	1	1	0.25711823	0.25711823	2.1666667	2	0.0	3.0	1.0	2.0	-0.45839733	1.0
	0.0	60	0	3	1	1	2	1	1									1.5	1	10.0	3.0	4.5	4.5	-1.1139709	
1.0095888	0.0	42	0	1	1	4	4	1	1	1	2	2	4	1	1	0.0480299	0.0480299	2.0	2	8.0	4.0	4.0	4.0	-0.6101196	1.0
0.3690992	0.0	74	0	2	2	2	3	1	2	1	2	2	3	1	1	0.7428818	0.9519701	2.0	2	7.0	2.0	2.0	3.5	-0.51477295	1.0
	0.0	36	0	2	1	1	5	3	3	3	2	2	5	3	3	1.7428818	1.7428818	2.5	2	7.0	2.0	3.5	1.0	0.09999808	1.0
0.2530864	0.0	68	1	1	1	1		1	1	1	1	2	3	1	1	2.2571182	2.2571182		2	7.0	3.0	2.0	2.0		
0.4745149	0.0	60	1	3	2	3	2	2	2	2	2	1	2	2	3	1.043716	1.043716	2.3333333	2	6.0	3.0	1.5	2.5	-0.20529203	1.0
	0.0	76	0	1	1	1	1	1	1	2	1	1	1	1	1	1.4443483	1.4443483	1.0	1	10.0	2.0	3.5	3.0	-1.585484	1.0
	0.0	73	0	2	2	3	4	3	3	4	2	2	3	2	2	0.043715954	0.043715954	2.8333333	0	5.0	3.0	1.5	2.0	0.41142964	1.0
0.3767981	0.0	78	0	1	1	1	2	1	1	1	1	1	3	2	1	0.7428818	0.7428818	1.1666666	2	7.0	3.0	2.0	1.0	-1.41533	1.0
0.8423115	0.0	48	0	3	1	2	1	1	1	1	1	3	2	1	1	0.0480299	0.0480299	1.5	2	9.0	4.0	3.5	3.5	-1.1291574	1.0
	0.0	81	0	4	2	2	4	2	3									2.8333333	0	9.0	1.0	1.0	1.0	0.38383347	
1.0175784	0.0	52	1	5	3			1		5	2	1	1	4	4	1.00719	1.00719		1	7.0	1.0	3.0	1.0		
	0.0	76	1	1	2	4	4	3	3		2	3	5			1.043716	1.043716	2.8333333	0	4.0	2.0		1.5	0.41571754	
0.70260364	0.0	71	0	1	1	1	3	1	1	1	1	1	2	1	1	1.6847858	1.6847858	1.3333334	1	10.0	2.0	2.0	4.0	-1.245176	1.0
	0.0	81	0	2	1	2	3	3	4	2	2	3	3	2	2	4.043716	4.043716	2.5	2	10.0	3.0	3.0	1.5	0.16776276	1.0
	0.0	40	0	1	1	1	2	1	1	1	2	1	1	1	1	0.95628405	0.55565166	1.1666666	2	9.0	4.0	5.0	1.0	-1.41533	1.0
0.45466042	0.0	78	0	1	1	1	2	1	1	1	1	2	1	1	1	1.043716	1.043716	1.1666666	2	10.0	4.0	5.0	1.0	-1.41533	1.0
	0.0	63	0	2	2	3	3	2	2	1	2	2	2	3	1	3.5556517	3.5556517	2.3333333	2	9.0	3.0	4.0	4.0	-0.18581758	1.0
	0.0	48	0	3	5	5	5	5	5	3	5	5	5	5	5			4.6666665	0	0.0	2.0	1.0	1.0	2.4113367	
	0.0	55	0	3	1	1	2	1	2	1	1	2	2	1	1	1.043716	2.5556517	1.6666666	2	8.0	4.0	5.0	2.0	-0.86086553	1.0
	0.0	61	1	1	2	2	3	1	3	1	1	2	3	2	3	1.7428818	1.7428818	2.0	1	7.0	2.0	2.0	1.5	-0.4123472	1.0
5.7823834	0.0	72	1	2	3	3	3	1	1	1	2	1	3	1	1	1.6005177	1.6005177	2.1666667	0	8.0	3.0	2.0		-0.44126004	
0.7030226	0.0	70	0	4	2	2	4	2	3	1	2	1	3	3	2	2.04803	2.04803	2.8333333	1	7.0	2.0	1.5	1.5	0.38383347	1.0
	0.0	47	0	2	2	3	2	2	2									2.1666667	2	6.0	2.0	3.0	2.0	-0.3559716	
2.7213106	0.0	60	1	1	2	3	4	2	4	1	2	3	2	2	3			2.6666667	1	0.0	1.0	1.0	1.0	0.33986747	
	0.0	44	0	3	1	2	1	1	1	3	2	2	1	1	2	1.2571182	1.2571182	1.5	2	7.0	2.0	3.0	4.0	-1.1291574	1.0
0.75998414	0.0	53	0	1	1	2	1	1	1	1	2	4	4	1	1	1.0480299	1.0480299	1.1666666	2	8.0	4.0	1.0	5.0	-1.4305166	1.0
	0.0	52	0	2	1	1	1	1	1	2	1	4	1	1	1	2.7428818	0.68478584	1.1666666	2	10.0	3.0	3.5	4.0	-1.4348044	1.0
1.3759055	0.0	63	0	1	1	2	3	1	2	2	1	2	1	1	2	2.5556517	2.5556517	1.6666666	1	8.0	3.0	2.5	3.0	-0.83710325	1.0
1.2101089	0.0	80	0	4	2	3	4	1	4	4	1	4	5	1	2			3.0	2	9.0	2.0	4.0	2.0	0.6179183	
0.45862967	0.0	76	0	2	1	1	4	2	1	1	1	1	5	1	1	1.4443483	1.4443483	1.8333334	2	10.0	4.0	2.0	2.0	-0.75035447	1.0
0.2439752	0.0	76	1	5	1	1	1	1	3	4	1	1	1	1	2	3.2571182	3.2571182	2.0	2	10.0	2.0	5.0	5.0	-0.47655514	1.0
1.4853213	0.0	51	0	2	1	2	2	2	2	2	1	1	4	4	1	1.4443483	1.4443483	1.8333334	1	10.0	2.0	4.0	2.5	-0.68258977	1.0
	0.0	76	0	1	1	1	1	1	2	1	1	3	4	2	1	0.0480299	0.0480299	1.1666666	2	10.0	3.0	4.5	4.0	-1.3323787	1.0
	0.0	34	1	2	5	2	2	4	4	4	3	4	2	4	4	4.043716	4.043716	3.1666667	2	0.0	1.0	2.5	1.0	0.85819954	1.0
	0.0	73	1	3	2	2	2	1	2	3	1	2	2	1	1	0.043715954	0.043715954	2.0	0	5.0	2.0	2.0	2.0	-0.5342474	1.0
1.9883494	0.0	53	0	4	2	4	3	1	4	4	3	3	3	3	4	1.5556517	1.5556517	3.0	2	8.0	4.0	3.5	2.0	0.6027317	1.0
0.71166897	0.0	50	1	1	1	5	4	1	2	1	2	4	5	1	1	1.956284	1.956284	2.3333333	2	10.0	2.0	2.0	1.5	-0.20204687	1.0
	0.0	62	1	1	1	1	2	1	1	1	1	2	2	1	1	1.7428818	1.7428818	1.1666666	2	7.0	4.0	3.5	3.5	-1.41533	1.0
0.9854272	0.0	58	1	1	1	3	3	1	2	1	2	3	4	1	1	2.00719	2.00719	1.8333334	1	10.0	4.0	4.0	3.0	-0.68213576	1.0
	0.0	63	1	2	3	2	3	2	2	2	1	3	4	1	1	1.043716	1.043716	2.3333333	2	6.0	3.0	3.5	2.0	-0.16913429	1.0
0.5001762	0.0	70	1	2	2	2	3	2	2	2	3	2	4	1	1	1.7428818	1.7428818	2.1666667	1	5.0	2.0	1.5		-0.34078503	
	0.0	55	1	1	1	2	2	1	1	1	1	1	1	1	1	1.6005177	1.6005177	1.3333334	2	9.0	2.0	4.5	4.5	-1.2603625	1.0
	0.0	66	0	2	1	2	2	1	2									1.6666666	2	7.0	4.0	3.0	3.5	-0.8565777	
	0.0	79	0	5	1	5	4	2	4									3.5	0	8.0	3.0	2.5	4.0	1.0808699	
	0.0	47	0	4	4	4	4	3	4	4	3	2	3	4	4			3.8333333	1	5.0	2.0	2.5	1.0	1.464163	
	0.0	50	0	1	1	1	2	1	1	3	1	1	2	1	1		1.5556517	1.1666666	2	9.0	4.0	3.5	3.0	-1.41533	
	0.0	51	0	4	2	2	2	2	2									2.3333333	1	6.0	3.0	3.5	3.0	-0.20957991	
	0.0	47	0	2	2	2	4	1	3	2	2	3	4	1	4	1.5556517	1.5556517	2.3333333	1	3.0	3.0	2.0	1.5	-0.0915136	1.0
1.4684362	0.0	58	0	3	2	3	2	1	1	3	1	1	3	1	2	1.956284	4.04803	2.0	1	9.0	2.0	2.5	1.0	-0.63238525	1.0
1.4570751	0.0	61	0	4	2	3	3	2	2	4	2	3	3	2	3	1.6847858	0.043715954	2.6666667	1	6.0	2.0	3.5	1.0	0.11554156	1.0
	0.0	58	0	3	2	4	4	2	3									3.0	2	5.0	1.0	3.0	2.0	0.54308873	
0.45380563	0.0	69	0	1	1	1	2	1	1	1	1	1	2	1	1	1.2571182	1.2571182	1.1666666	2	10.0	3.0	5.0	4.0	-1.41533	1.0
3.449849	0.0	32	1			4				4	4	4	4	4	4	1.7428818	1.7428818		1	7.0	1.0		1.5		
	0.0	55	1	1	4	1	3	1	2	3	2	2	2	1	2	1.00719	1.00719	2.0	1	6.0	3.0	3.0	2.0	-0.4771185	1.0
	0.0	59	0	4	2	4	4	3	2	4	1	4	3	3	2	1.4443483	1.4443483	3.1666667	1	0.0	2.0	1.0	1.0	0.61465096	1.0
0.44847777	0.0	66	0	1	2	1	2	1	1	1	1	2	2	1	1	1.0480299	1.043716	1.3333334	2	8.0	2.0	4.0	2.5	-1.2436793	1.0
0.6805223	0.0	77	0	1	2	4	2	3	2	1	1	1	2	1	3	4.684786	4.684786	2.3333333	1	7.0	2.0	3.5	1.0	-0.17769584	1.0
1.1073303	0.0	48	1	4	3	5	2	1	1	4		4	3	3	3	1.7428818	2.043716	2.6666667	1	2.0	1.0	1.0	2.0	-1.2005815E-4	1.0
0.8333308	0.0	44	0	4	3	2	2	2	4	4	4	4	3	2	4	1.5556517	1.5556517	2.8333333	2	4.0	3.0	1.5	2.0	0.46828142	1.0
0.70904344	0.0	70	0	5	2	5	2	5	5	1	1	1	4	1	1	0.9519701	0.9519701	4.0	1	8.0	3.0	2.5	4.0	1.6872816	1.0
0.49961102	0.0	67	1	4	1	4	4	1	1	1	1	5	1	1	1	2.043716	2.043716	2.5	1	8.0	3.0	4.0	3.5	-0.15808089	1.0
0.71128947	0.0	70	0	2	1	1	3	1	1	3	1	1	3	1	1	0.0480299	0.0480299	1.5	1	10.0	3.0	4.0	4.0	-1.0944964	1.0
0.6818972	0.0	75	0	1	1	1	1	1	1	1	1	1	1	1	1	2.2571182	2.2571182	1.0	1	8.0	3.0	3.5	4.0	-1.585484	1.0
	0.0	87	0		1	3	3	3	3	4	2	1	3	1	3	0.95628405	0.95628405		0	8.0	3.0	1.0	3.0		
0.2446247	0.0	72	1	1	1	1	1	1	2	1	1	1	2	1	1	1.3152142	1.3994823	1.1666666	2	7.0	4.0	3.5	3.5	-1.3323787	1.0
	0.0	53	1	4	1	3	2	2	2									2.3333333	1	7.0	2.0	3.0	4.0	-0.2262632	
	0.0	56	1	4	1	2	2	1	2									2.0	1	8.0	3.0	1.0	2.0	-0.5552185	
	0.0	67	1	2	2	1	1	2	3	3	2	2	2	2	4	0.95628405	0.95628405	1.8333334	1	8.0	3.0	1.5	1.0	-0.58295524	1.0
	0.0	48	1	5	5		5	4	5										2	0.0	2.0	4.0	2.5		
0.30523375	0.0	73	1	1	2	2	3	4	2	1	1	1	1	1	1	1.043716	1.043716	2.3333333	2	6.0	2.0	1.0	1.0	-0.14348878	1.0
1.6430029	0.0	44	0	1	1	1	1	1	1	1	2	1	4	1	2	0.60051775	0.60051775	1.0	1	8.0	4.0	5.0	3.5	-1.585484	1.0
0.7181678	0.0	40	1	2	2	4	5	1	3	4	2	5	1	1	2	0.39948225	1.9519701	2.8333333	2	7.0	4.0	4.0	3.0	0.38857532	1.0
	0.0	38	1	2	3	4	3	3	4									3.1666667	1	5.0	2.0	2.5	1.5	0.8209991	
0.44543764	0.0	77	0	1	1	1	2	1	2	3	1	1	2	1	2			1.3333334	2	10.0	3.0	4.0	2.0	-1.1622247	
0.69705147	0.0	74	0		2	3	3	1	2	2	2	4	4	1	3	0.68478584	0.68478584		1	6.0	2.0	3.5	3.0		
0.6906957	0.0	79	0	1	2	2	3	1	1	1	2	1	4	2	2	0.55565166	0.55565166	1.6666666	1	8.0	2.0	2.0	2.5	-0.9185578	1.0
0.4973828	0.0	70	1	3	1	2	1	2	1	2	1	1	2	1	2	2.3152142	2.3152142	1.6666666	1	7.0	1.0	3.0	3.0	-0.95516956	1.0
0.30659506	0.0	76	1	1	1	1	1	1	1	4	1	1	1	1	1	2.95197	2.95197	1.0	2	9.0	3.0	4.5	4.0	-1.585484	1.0
	0.0	49	0	1	2	1	2	1	2									1.5	1	8.0	3.0	4.0	2.0	-0.99057394	
	0.0	60	1	2	1	3	3	5	4	2	2	3	1	1	2	0.60051775	0.60051775	3.0	1	8.0	4.0	4.5	3.5	0.67070603	1.0
	0.0	40	1	3	3	4	4	1	2									2.8333333	2	6.0	4.0	4.0	3.5	0.2876463	
	2.0	42	0	3	1	1	2	2	2									1.8333334	2	9.0	2.0	2.5	2.0	-0.68687767	
1.0861378	0.0	49	1	5	3	4	3	3	4	4	2	3	3	3	2	0.55565166	0.55565166	3.6666667	1	0.0	1.0	1.0	1.0	1.2730378	1.0
	0.0	47	1	1	1	1	1	1	1	1	1	1	1	1	1	2.6847858	2.6847858	1.0	2	7.0	2.0	2.0	3.0	-1.585484	1.0
0.65983504	0.0	53	1	4	2	4	3	1	1	4	2	4	3	1	1	0.0480299	2.3994823	2.5	2	7.0	3.0	2.0	2.0	-0.1565842	1.0
0.6352357	0.0	48	1	3	4	3	3	2		2	3	3		1	3	0.0480299	0.31521416		2	8.0	4.0	3.5	1.5		
	0.0	58	1	1	1	1	1	1	1	3	1		1	5	3	3.2571182	3.2571182	1.0	1	10.0	2.0	4.0	3.5	-1.585484	1.0
	0.0	68	1	2	2	2	3	1	2	2	2	4	4	1	3			2.0	1	6.0	3.0	2.5	1.5	-0.51477295	
4.180035	0.0	49	1	2	1	1	2	1	1	1	1	2	2	1	1	0.44434834	6.3994823	1.3333334	0	10.0	4.0	2.0	2.5	-1.2646505	1.0
	0.0	46	1	1	2	2	3	1	1	2	2	4	4	1	3	0.043715954	2.04803	1.6666666	2	7.0	2.0	4.0	4.0	-0.9185578	1.0
	0.0	45	1	2	3	3	3	1	3	3	3	4	3	2	2	1.7428818	1.7428818	2.5	2	6.0	2.0	3.0	3.0	0.06495054	1.0
	0.0	54	0	3	2	2	3	1	3	2	1	4	3	1	2	0.44434834	0.44434834	2.3333333	1	8.0	1.0	3.0		-0.11098806	
	0.0	55	1	4	1	1	2	1	4									2.1666667	2	5.0	4.0	2.5	4.0	-0.2039754	
	0.0	36	1	3	2	4	4	2	3	4	2	4	4	2	3	3.5556517	3.5556517	3.0	2	0.0	1.0	2.5	1.0	0.54308873	1.0
0.35979563	0.0	77	0	1	1	1	2	1	1	2	1	1	2	1	1	0.95628405	0.95628405	1.1666666	2	5.0	3.0	1.5	1.0	-1.41533	1.0
	0.0	37	0	4	2	4	3	1	2	2	2	3	2	4	2	2.043716	2.043716	2.6666667	1	6.0	2.0	2.5	1.0	0.0965211	1.0
0.9080036	0.0	54	0	1	1	3	1	1	1	3	2	1	3	1	3	3.3994823	2.5556517	1.3333334	2	9.0	4.0	4.0	3.5	-1.2755492	1.0
1.0699582	0.0	42	0	3	2	5	4	1	2	4	2	4	2	1	3	0.39948225	0.39948225	2.8333333	2	6.0	1.0	4.0	2.0	0.270963	1.0
	0.0	41	1	2	2	4	3	2	3									2.6666667	2	5.0	3.0	2.5	3.0	0.22225516	
0.7321109	0.0	70	0	1	1	1	4	1	1	1	1	1	3	1	1	3.04803		1.5	1	10.0	2.0	3.0	1.0	-1.075022	1.0
	0.0	70	0	1	1	1	2	1	1	1	1	2	1	1	1	0.0480299	0.0480299	1.1666666	1	7.0	2.0	1.0	3.0	-1.41533	1.0
0.85544485	0.0	34	0	2	2	2	4	2	2	1	2	2	4	2	2	0.0480299	0.0480299	2.3333333	2	2.0	3.0	2.0	3.0	-0.17063099	1.0
0.69412243	0.0	75	0	4	2	3	3	2	2	3	2	2	2	1	2	1.7428818	1.7428818	2.6666667	1	6.0	4.0	3.0	3.0	0.11554156	1.0
	0.0	68	0	1	2	2	4	1	1	1	2	1	1	1	1	0.043715954	0.043715954	1.8333334	2	7.0	3.0	4.0	2.5	-0.7484038	1.0
	0.0	77	0	2	2	3	4	2	3									2.6666667	2	10.0	3.0	3.0	1.0	0.23744175	
	0.0	45	0		2	4		1	4										1	8.0	4.0	4.0	1.0		
	0.0	52	0	1	1	1	3	1	2									1.5	2	9.0	4.0	5.0	4.0	-0.9920707	
0.34763283	0.0	72	0		2	2	2	1	1	1	1	2	2	1	2	3.7428818	3.7428818		2	6.0	2.0	2.0	2.0		
0.7315117	0.0	66	0	3	2	2	3	3	4	4	4	3	3	1	3	1.00719	1.00719	2.8333333	1	7.0	1.0	3.0	2.5	0.49009305	1.0
4.4108505	2.0	70	1	1	2	3		2	4	1	2		2	2	4	0.31521416	0.31521416		0	5.0	3.0	1.5	2.5		
	0.0	70	0	3	1	3	4	1	3	2	1	4	4	1	3	0.95628405	0.95628405	2.5	1	10.0	3.0	5.0	3.5	0.042482685	1.0
1.5520293	0.0	53	1	4	3	2	3	2	3	4	5	3	4	3	3	1.7428818	1.7428818	2.8333333	2	3.0	1.0	3.0	3.0	0.38533014	1.0
	0.0	30	1	3	2	2	2	1	2	3	1	2	3	1	2	2.043716	2.043716	2.0	1	3.0	1.0	1.5	2.0	-0.5342474	1.0
0.484052	0.0	74	1	2	1	1	4	1	2	2	1	1	3	1	2	0.0480299	0.0480299	1.8333334	1	8.0	3.0	2.0	3.0	-0.67123705	1.0
1.4463681	0.0	62	0	1	1	2	5	5	1	2	1	4	4	4	2	0.043715954	0.043715954	2.5	1	10.0	4.0	3.0	1.0	-0.05394883	1.0
0.4540858	0.0	68	0	2	5	1	1	1	1	1	1	1	1	1	1	1.043716	1.043716	1.8333334	2	10.0	2.0	3.0	1.0	-0.74820155	1.0
	0.0	73	0	1	1	1	1	1	1		2	2	2	1	2	1.956284	1.956284	1.0	2	6.0	3.0	3.5	4.0	-1.585484	1.0
1.3924866	0.0	63	0	2	2	2	2	2	2	1	2	2	2	2	2	2.04803	2.04803	2.0	1	7.0	3.0	3.0	4.0	-0.51093906	1.0
2.4110758	0.0	77	0	4	3	2	3	3	4	3	3	2	3	1	3	3.5556517	3.5556517	3.1666667	0	3.0	3.0	3.0	2.0	0.81242335	1.0
	0.0	72	1	3	3	3	3	3	3				5					3.0	0	0.0	1.0	1.0		0.5636059	
	0.0	79	0	1	1	1	4	1	4	1	2	1	3	2	4	0.043715954	0.043715954	2.0	1	8.0	4.0	3.5	1.0	-0.31570604	1.0
0.44138783	0.0	73	0	1	1	1	1	1	1	1	1	3	1	1	1	3.7428818	3.7428818	1.0	2	10.0	3.0	5.0	4.0	-1.585484	1.0
	0.0	71	0	2	1	1	1	1	3									1.5	1	7.0	3.0	2.5	1.0	-0.9285939	
0.7515607	0.0	49	0	1	1	1	1	1	1	1	1	1	1	2	1	1.3152142	0.7428818	1.0	2	7.0	3.0	4.0	3.5	-1.585484	1.0
0.48226666	0.0	67	1	1	1	2	3	1	1	1	1	1	3	1	1	2.2571182	2.2571182	1.5	1	7.0	3.0	3.0		-1.0902085	
0.80725116	0.0	46	0	2	2	2	4	1	4	2	2	2	2	1	2	5.9928102	5.9928102	2.5	2	6.0	0.0	3.0	2.0	0.1615917	1.0
0.9656889	0.0	33	0	2	2	2	2	1	1	4	2	2	2	1	2	1.6847858	1.6847858	1.6666666	2	7.0	2.0	3.5	3.0	-0.93803227	1.0
	0.0	31	0	4	2	2	5	1	2									2.6666667	2	10.0	4.0	5.0	2.0	0.12689428	
	0.0	38	0	1	1	1	1	1	1									1.0	1	8.0	4.0	2.5	3.0	-1.585484	
1.8075329	0.0	69	1	3	2	2	4	1	1	2	1	4	4	1	2	0.95628405	0.95628405	2.1666667	0	7.0	3.0	3.5	4.0	-0.4470446	1.0
2.681822	0.0	46	0	4	5	4	4	2	3	5	5	3	3	3	4	1.043716	2.5556517	3.6666667	2	7.0	2.0	5.0	1.0	1.2087206	1.0
0.73819804	0.0	67	0	2	2	1	4	2	1	3	2	2	4	2	2	0.0480299	0.0480299	2.0	1	8.0	3.0	1.5	2.0	-0.5787037	1.0
0.40536755	0.0	70	0	2	2	2	1	1	1	2	1	1	2	2	2	2.043716	2.043716	1.5	2	2.0	1.0	2.0	1.5	-1.1081862	1.0
	0.0	53	0	1	1	1	1	1	1	1	1	1	2	1	1	0.25711823	0.25711823	1.0	1	6.0	1.0	4.0	3.0	-1.585484	1.0
	0.0	54	0	4	1	2	2	1	1	2	1	3	2	1	3	3.7428818	3.7428818	1.8333334	2	8.0	3.0	3.0	1.5	-0.80832386	1.0
0.7398003	0.0	59	0	2	1	2	2	1	2	1	1	2	4	1	2	0.95628405	0.95628405	1.6666666	2	8.0	3.0	4.0	1.5	-0.8565777	1.0
	0.0	51	0	4	2	2	2	1	2									2.1666667	2	9.0	4.0	4.0	4.0	-0.3835678	
0.7275578	0.0	65	0	2	2	2	2	2	1	1	2	1	4	1	1	0.39948225	0.39948225	1.8333334	1	7.0	2.0	3.0	3.0	-0.76404434	1.0
	0.0	68	0	5	5	5	3		5		4	4	4	3	5	0.55565166	0.55565166		0	0.0	1.0	1.0	1.0		
	0.0	69	0	5	4	1	2	2	5									3.1666667	1	7.0	2.0	2.5	2.0	0.8887496	
	0.0	48	0	2	4	4	4	3	4	3	4	3	2	3	3	2.99281	2.99281	3.5	1	1.0	3.0	3.5	2.0	1.1628039	1.0
0.88980395	0.0	47	0	2	2	4	2	2	2	1	2	3	3	2	1	0.44434834	0.44434834	2.3333333	2	6.0	3.0	2.5	3.0	-0.20100416	1.0
	0.0	53	1	2	2	4	2	2	2	2	2	2	2	2	2			2.3333333	1	8.0	2.0	2.0	2.0	-0.20100416	
	0.0	58	1	4	2	4	3	3	3									3.1666667	1	4.0	2.0		1.5	0.6976022	
4.1579185	0.0	59	0	3	2	4	3	2	3	2	2	2	4	3	3	3.99281	3.99281	2.8333333	1	1.0	1.0	2.0	1.5	0.37293473	1.0
4.362255	0.0	54	0	1	1	1	5	1	3	1	3	1	3	1	3	1.7428818	2.3994823	2.0	1	5.0	1.0	1.0	1.0	-0.39865732	1.0
0.83087134	0.0	42	0	1	1	3	3	1	1	1	1	1	3	1	1	0.39948225	0.39948225	1.6666666	2	9.0	4.0	4.0	4.0	-0.9352411	1.0
1.0228671	0.0	34	0	2	1	2	3	1	2	1	1	3	1	1	1	0.0480299	0.0480299	1.8333334	2	9.0	4.0	5.0	3.5	-0.68642366	1.0
1.3634517	0.0	34	1	4	2	4	3	2	3	3	2	2	1	2	2	1.956284	1.956284	3.0	1	9.0	2.0	5.0	2.0	0.5236143	1.0
	0.0	32	0	2	3	2	2	1	3	2	2	2	2	1	2	0.95628405	0.95628405	2.1666667	2	10.0	4.0	5.0	2.0	-0.26017094	1.0
	0.0	46	0	4	4	2	3	2	5									3.3333333	1	7.0	4.0	3.5	1.0	1.0631915	
0.48280174	0.0	75	1	3	2	2	4	1	1	1	1	4	3	1	1	1.043716	1.043716	2.1666667	1	5.0	2.0	1.5	2.0	-0.4470446	1.0
0.3904917	0.0	78	0	5	5	3	5	3	5	5	1	2	3	1	5	1.4443483	1.4443483	4.3333335	2	3.0	0.0	5.0	5.0	2.0547853	1.0
2.5549023	0.0	71	0	1	1	2	2	1	1	2	2	2	3	1	2	0.95628405	0.95628405	1.3333334	0	7.0	4.0	4.0	1.0	-1.2603625	1.0
0.70422983	0.0	70	0	1	1	1	2	1	1	1	1	1	2	1	1	2.3994823	2.3994823	1.1666666	1	8.0	4.0	2.5	2.0	-1.41533	1.0
0.36324623	0.0	76	0	3	1	2	4	2	2	2	1	2	2	1	2	2.04803	2.04803	2.3333333	2	8.0	3.0	4.0	3.0	-0.19160214	1.0
	0.0	75	1	1	1	1	2	1	2									1.3333334	1	8.0	1.0	1.0	1.5	-1.1622247	
	0.0	33	1	5	3	2	3	2	3									3.0	1	2.0	1.0	1.0	2.0	0.5360097	
0.7093199	0.0	70	0	3	5	2	4	1	1	2	1	1	2	1	1			2.6666667	1	8.0	0.0	2.0	2.5	0.06790757	
	0.0	49	0	2	2	3	4	2	2	2	2	4	4	1	2	1.0480299	1.0480299	2.5	2	8.0	2.0	4.0	1.0	-0.015663546	1.0
	0.0	45	0	1	1	4	3	1	2									2.0	2	7.0	2.0	3.5	1.5	-0.52716833	
	0.0	31	1	4	1	1	2	1	1									1.6666666	1	3.0	1.0	2.5	3.0	-0.9632913	
1.5151038	0.0	50	0	2	2	2	2	1	5	1	2	1	4	2	2	0.043715954	0.043715954	2.3333333	1	7.0	3.0	3.5	1.5	0.07438893	1.0
0.79095066	0.0	49	0	1	2	1	1	1	1	1	1	1	2	1	2	0.043715954	0.043715954	1.1666666	2	4.0	3.0	2.5	1.0	-1.4138333	1.0
	0.0	37	1	2	1	2	1	1	2									1.5	2	8.0	4.0	3.5	2.5	-1.0267317	
2.7973242	0.0	37	0	4	2	1	2	1	3	3	2	2	2	2	4			2.1666667	2	10.0	2.0	4.5	2.0	-0.28542995	
	0.0	80	0	1	1	2	3	1	1									1.5	2	6.0	2.0	1.0	4.0	-1.0902085	
4.864312	0.0	33	0	3	3	3	3	3	3	3	3	3	3	3	3			3.0	1	3.0	0.0	3.0	3.0	0.5636059	
0.720865	0.0	54	0	4	3	2	4	2	3	3	3	2	3	3	2	0.55565166	0.55565166	3.0	2	6.0	3.0	4.0	1.0	0.5554842	1.0
	0.0	77	1	2	1	3	2	2	3									2.1666667	2	8.0	2.0	3.5	1.0	-0.27451703	
0.82974964	0.0	29	1	2	3	4	4	3	4	2	3	4	4	2		0.25711823	0.25711823	3.3333333	2	3.0	1.0	1.0	2.0	0.9911531	1.0
0.69848347	0.0	69	0	3	2	2	3	2	3	2	3	2	3	2	3	0.0480299	0.0480299	2.5	1	5.0	1.0	1.5	2.0	0.06299985	1.0
1.52302	0.0	57	0	3	1	2	2	1	4	1	1	1	1	5	4	1.956284	1.956284	2.1666667	1	8.0	3.0	4.5	2.0	-0.19968753	1.0
	0.0	50	1	1	3	5	2	1	2	1	3	4	2	1	3	0.31521416	0.31521416	2.3333333	2	2.0	3.0		3.0	-0.19905348	
2.4312444	0.0	76	0	1	2	2	1	1	1	2	2	1	3	1	1	4.043716	4.043716	1.3333334	0	3.0	1.0	3.5		-1.2588658	
	0.0	34	1	4	3	4	4	2	3	5	3	4	4	2	2			3.3333333	2	5.0	4.0	3.0	2.0	0.8654191	
	0.0	49	1	3	3	5	3	1	3									3.0	2	0.0	2.0	1.0	1.0	0.52556497	
	0.0	45	1	1	1	1	1	1	2									1.1666666	2	8.0	3.0	2.5	4.0	-1.3323787	
	0.0	79	1	1	2	2	3	2	3	2	2	2	3	2	2	1.7428818	2.3994823	2.1666667	1	6.0	3.0	1.5	2.0	-0.23835929	1.0
	0.0	59	1	1	2	2	2	1	1									1.5	2	7.0	3.0	2.0	1.5	-1.0887119	
	1.0	40	1	5	5	2	2	4	5									3.8333333	2	2.0	2.0	4.5	1.0	1.5633435	
0.66165644	0.0	42	1	4	2	4	4	2	3	2	4	1	2	3	4	0.043715954	0.043715954	3.1666667	2	2.0	1.0	3.0	3.0	0.6937683	1.0
	0.0	51	1	3	2	3	3	2	2									2.5	1	0.0	1.0	3.5	1.0	-0.035138007	
	0.0	43	1	1	2	4	3	1	2	3	2	4	4	1	1	0.0480299	2.3994823	2.1666667	2	5.0	3.0	2.5	1.0	-0.35551763	1.0
	0.0	41	1	5	3	4	3	2	2									3.1666667	2	4.0	4.0	5.0	2.5	0.5928393	
	0.0	30	1	4	3	3	4	3	4									3.5	2	6.0	4.0	4.0	2.0	1.1375449	
1.2148993	0.0	42	1	2	4	3	3	2	2	2	2	2	2	2	2	0.44434834	0.44434834	2.6666667	1	6.0	2.0	1.0	1.0	0.15748388	1.0
1.0506351	0.0	44	0	3	1	2	2	1	1	3	1	2		1	2	0.39948225	0.39948225	1.6666666	2	8.0	2.0	3.5	2.5	-0.9590034	1.0
0.63406444	0.0	47	1	1	3	1	2	1	1	1	3	1	2	1	1	0.60051775	0.60051775	1.5	2	8.0	1.0		1.5	-1.0720285	
	0.0	51	0	4	2	4	4	2	3	3	2	4	3	1	4	0.043715954	0.043715954	3.1666667	2	6.0	3.0	3.0	1.0	0.6937683	1.0
1.0412633	0.0	47	0	3	2	4	3	2	3	3	2	4	3	2	2	2.6847858	2.6847858	2.8333333	2	8.0	4.0	5.0	4.0	0.37293473	1.0
0.97784644	2.0	45	0	1	1	2	3	2	2	1	1	3	3	1	1	2.6847858		1.8333334	2	10.0	3.0	5.0	5.0	-0.6631153	1.0
2.2865386	0.0	48	0	2	1	3	2	3	2	1	1	2	2	2	1	0.95628405	0.95628405	2.1666667	2	8.0	4.0		1.0	-0.35363445	
0.84363484	0.0	43	0	4	2	2	3	2	2	3	1	1	4	4	1	1.7428818	1.7428818	2.5	2	8.0	2.0	4.0	4.0	-0.039425876	1.0
1.155721	0.0	34	0	1	2	4	4	1	2	1	2	4	3	1	3	1.6005177	1.6005177	2.3333333	2	5.0	3.0	3.5	3.5	-0.18536359	1.0
0.6094475	0.0	47	1	4	2	2	2	1	2	2	2	2	2	1	2	1.043716		2.1666667	2	7.0	2.0	4.0	2.5	-0.3835678	1.0
0.47620034	0.0	75	1	1	2	3			4		2		4	2	3	2.3994823	1.7428818		1	6.0	3.0				
0.7281538	0.0	49	0	3	3	3	3	3	3	3	2	1	3	2	3	0.7428818	1.3994823	3.0	2	6.0	2.0	3.0	3.5	0.5636059	1.0
	0.0	51	0	2	2	2	3	2	2									2.1666667	2	8.0	4.0	3.0	2.5	-0.34078503	
	0.0	44	0	2	2	1	1	1	1	1	1	4	1	1	2	1.7428818	1.7428818	1.3333334	2	9.0	3.0	3.0	2.5	-1.2631537	1.0
	0.0	48	1	3	1	4	2	1	1									2.0	2	0.0	1.0	2.0	1.0	-0.64906853	
	0.0	51	0	1	1	5	1	1	1	1	1	5	4	1	1	3.5556517	3.5556517	1.6666666	0	10.0	1.0	3.0	1.0	-0.96561426	1.0
1.6050675	0.0	45	0	3	3	2	4	2	2	4	2	4	3	3	2	1.4443483	1.4443483	2.6666667	1	6.0	1.0	2.0	2.5	0.15169932	1.0
4.550916	0.0	51	0	2	3	4	4	1	4	1	3	4	5	3	4	0.55565166	0.55565166	3.0	1	5.0	1.0	1.0	1.0	0.64317733	1.0
	0.0	52	0	3	2	5	4	2	4	4	4	4	2	3	4	2.5556517	2.5556517	3.3333333	1	5.0	3.0	4.0	1.0	0.9511615	1.0
	0.0	41	0		5	5	5	3	5	5	3	2	5	3	5	1.2571182	1.2571182		2	0.0	4.0	1.0	1.0		
	0.0	32	0	2	1	3	2	1	2	2	1	2	4	1	2	0.95628405	0.95628405	1.8333334	2	9.0	4.0	4.0	4.0	-0.70161027	1.0
	0.0	68	0	3	2	2	2	2	2	2	1	1	4	2	2	0.95628405	0.55565166	2.1666667	2	6.0	2.0	2.5	3.0	-0.36025947	1.0
	0.0	52	1	1	2	4	3	2	2	4	2	4	4	3	3	1.9519701	1.9519701	2.3333333	1	7.0	3.0	3.0	2.5	-0.18152972	1.0
	0.0	75	0	4	2	1	2	2	3	3	3	1	3	3	3	0.043715954	0.043715954	2.3333333	0	9.0	3.0	2.5	2.0	-0.11144205	1.0
	0.0	73	1	1	1	1	2	1	3									1.5	0	6.0	2.0	2.5	1.5	-0.9091194	
1.0516526	0.0	34	0	4	1	3	2	1	2	1	1	1	2	2	1	0.44434834	0.44434834	2.1666667	2	6.0	3.0	3.0	4.0	-0.4002511	1.0
0.4871959	0.0	67	1	4	4	3	3	3	3	3	4	2	3	3	5	0.99281	0.39948225	3.3333333	1	5.0	3.0	1.0	1.0	0.8859362	1.0
2.3596344	0.0	81	0	2	2	4	4	2	2	1	2	4	3	1	3	2.95197	2.95197	2.6666667	0	10.0	2.0		1.0	0.1393039	
0.27995676	0.0	68	1	1	1	1	2	1	2	1	1	1	1	1	1	2.043716	3.5556517	1.3333334	2	9.0	3.0	3.0	2.5	-1.1622247	1.0
0.7669851	0.0	30	1	4	3	3	3	3	3	4	3	4	3	2	2	1.3994823	1.3994823	3.1666667	2	4.0	3.0	1.0	2.0	0.7142855	1.0
0.24961907	0.0	66	1	1	1	1	1	1	2	2	5	2	4	1	5	2.04803	1.5556517	1.1666666	2	10.0	4.0	5.0	1.0	-1.3323787	1.0
0.4753206	0.0	65	0	4	2	3	1	1	2	3	2	3	2	1	2	3.043716	0.9519701	2.1666667	2	7.0	3.0	4.5	1.5	-0.39875442	1.0
	0.0	69	1	1	3	1	2	1	2	4	2	2	3	2	2	1.9519701	0.39948225	1.6666666	1	6.0	1.0	2.0	3.0	-0.81892323	1.0
	0.0	65	1	3	2	3	3	3	3	1	4	3	3	3	4	0.55565166	0.95628405	2.8333333	0	0.0	3.0	2.5	1.0	0.3919552	1.0
0.9983137	0.0	44	0	1	1	2	2	1	1	1	1	4	1	1	2		0.39948225	1.3333334	2	6.0	2.0	3.0	3.0	-1.2603625	
0.30103222	0.0	72	1	1	1	1	1	1	2	1	1	1	4	1	3			1.1666666	2	10.0	4.0	2.0	4.0	-1.3323787	
0.84460855	0.0	42	0	2	2	1	2	1	1	1	4	2	3	4	3	0.25711823	0.25711823	1.5	2	8.0	4.0	4.5	3.5	-1.0929997	1.0
	0.0	52	0	5	1	3	2	1	2									2.3333333	1	8.0	3.0	3.5	1.0	-0.24957153	
	0.0	47	1	4	4	4	4	2	4	3	4	3	4	2	4	0.68478584	0.68478584	3.6666667	2	2.0	2.0	1.5	1.0	1.2901751	1.0
2.0681732	0.0	40	1	4	3	2	2	2	4	4	4	4	2	2	4	1.043716	2.7428818	2.8333333	2	3.0	2.0	3.0	2.5	0.46828142	1.0
	0.0	41	1	2	2	3	2		2										0	1.0	3.0	1.0	2.0		
0.8999587	0.0	58	0	5	2	5	4	3	4	4	3	5	5	1	4	1.043716	1.043716	3.8333333	2	5.0	2.0	3.5	1.0	1.4265085	1.0
0.27511597	0.0	70	1	1	2	1	2	1	1	2	2	2	2	1	3	0.7428818	1.3994823	1.3333334	2	4.0	1.0	1.5	3.0	-1.2436793	1.0
0.6849283	0.0	70	1	1	2	1	3	1	1	1	3	2	2	1	2	2.00719	2.00719	1.5	2	5.0	2.0	1.5	1.0	-1.0735252	1.0
	0.0	81	1	3	2	3	4	3	2	2	2	2	2	3	2	1.7428818	1.7428818	2.8333333	0	0.0	1.0	2.0	3.0	0.30900392	1.0
0.76008946	0.0	53	0	1	3	5	4	1	3	1	3	5	3	3	5	0.55565166	0.55565166	2.8333333	2	0.0	1.0	1.0	1.0	0.3943599	1.0
0.48308018	0.0	73	1	1	1	1	2	1	2	1	1	1	1	1	2	0.043715954	1.5556517	1.3333334	1	6.0	2.0		1.5	-1.1622247	
	0.0	36	1	2	4	4	1	1	2									2.3333333	2	5.0	3.0	2.0	2.0	-0.20184465	
0.2533013	0.0	69	1	1	2	1	4	2	2	1	2	2	3	2	3	0.0480299	0.0480299	2.0	2	2.0	2.0	3.0	2.0	-0.476278	1.0
	0.0	66	1	1	2	3	3	1	1									1.8333334	1	7.0	3.0	3.0	3.0	-0.76359034	
0.47168607	0.0	79	1	1	2	1	2	2	2	1	1	2	1	1	1	0.95628405	0.95628405	1.6666666	1	10.0	3.0	4.0	2.5	-0.8165861	1.0
	0.0	72	1	3	1	3	3	1	1									2.0	1	9.0	3.0	3.5	2.0	-0.6338819	
0.47354376	0.0	64	1	1	1	1	3	1	1	1	1	1	1	1	1	0.0480299	0.0480299	1.3333334	2	10.0	4.0	5.0	2.5	-1.245176	1.0
0.9897166	0.0	63	1	3	2	1	1	1	4	4	3	3	5	3	4	1.4443483	1.4443483	2.0	1	2.0	1.0	2.5	1.0	-0.35315827	1.0
	0.0	67	0		2	2	2	1	2										1	8.0	3.0	3.5	3.0		
1.0624646	0.0	56	1	2	1	2	3	1	2	4	2	2	2	1	2			1.8333334	1	5.0	1.0	1.0	2.5	-0.68642366	
0.46029755	0.0	73	0	3	1	1	2	1	3	3	1	1	3	1	2	0.95628405	0.95628405	1.8333334	2	9.0	4.0	4.0	3.0	-0.60776025	1.0
	0.0	69	0	3	4	2	4	1	5									3.1666667	2	1.0	2.0	1.0	1.0	0.90867805	
	0.0	65	0	1	1	1	3	1	1	3	1	1	3	1	4	2.3994823	0.0480299	1.3333334	2	7.0	3.0	1.0	1.5	-1.245176	1.0
0.6988907	0.0	72	0	1	2	1	3	1	1	1	1	1	2	1	1	0.0480299	0.0480299	1.5	1	7.0	4.0	4.0	4.0	-1.0735252	1.0
0.44674295	0.0	74	0	2	1	1	3	1	2	3	5	2	2	1	2	3.04803	3.04803	1.6666666	2	8.0	3.0	1.5	1.5	-0.8413911	1.0
0.3645482	0.0	76	0	2	1	2	2	1	1	3	1	1	1	1	1	0.9519701	0.9519701	1.5	2	8.0	3.0	3.0	1.5	-1.109683	1.0
2.0373805	0.0	71	0	3	2	3	2	1	3	4	2	3	4	2	4	0.55565166	0.55565166	2.3333333	1	5.0	3.0	3.0	3.5	-0.12617464	1.0
	0.0	44	0	4	2	3	4	3	3	4	4	4	4		4			3.1666667	2	3.0	2.0	1.5	2.0	0.7127888	
0.69925433	0.0	64	0	1	1	1	1	3	1	2	1	2	2	2	1	2.3152142	2.3152142	1.3333334	2	10.0	4.0	5.0	3.5	-1.2375082	1.0
	0.0	63	1	5	1	2	1	1	2	5	2	5	5	1	2	2.956284	2.956284	2.0	2	0.0	2.0	1.0	1.0	-0.574693	1.0
	0.0	68	0		1	2	2	2	3	3	2	5	3	1	2	1.9519701	0.25711823		1	3.0	4.0				
0.49056438	0.0	71	1	1	1	2	4	1	1	1	1	4	4	1	1			1.6666666	1	8.0	4.0	3.0	2.0	-0.9200545	
0.71816474	0.0	31	1	4	3	4	4	2	2	1	3	5	5	4	4	1.5556517	1.5556517	3.1666667	2	7.0	1.0	3.5	3.0	0.61231375	1.0
0.70375484	0.0	31	1	2	2	4	2	2	2	1	2	2	2	1	3			2.3333333	2	0.0	1.0	1.0	1.0	-0.20100416	
	0.0	65	0	2	1	1	2	1	2	1	2	2	2	1	1	0.043715954		1.5	2	9.0	3.0	4.5	1.0	-1.0115452	1.0
	0.0	71	1	1	1	1	2	1	1	1	1	1	1	1	1	3.2571182	3.2571182	1.1666666	1	8.0	4.0	3.0	3.0	-1.41533	1.0
0.35318062	0.0	75	0	1	2	2	2	1	1	1	1	2	2	1	1	0.95628405	0.95628405	1.5	2	8.0	3.0	2.5	1.0	-1.0887119	1.0
	0.0	40	0	4	3	5	4	3	2	3	2	3	4	1	3	1.5556517	1.5556517	3.5	1	7.0	3.0		5.0	0.9412691	
	0.0	31	0	1	5	5	4	5	5	1	5	5	5	5	5	0.39948225	0.39948225	4.1666665	2	5.0	0.0	3.5	2.0	1.9398235	1.0
	0.0	43	0	2	2	4	2	1	2									2.1666667	2	6.0	4.0		3.0	-0.37499207	
	0.0	43	0	3	3	4	4	2	3	2	2	4	4	2	2	1.6847858	1.6847858	3.1666667	2	8.0	1.0	3.0	2.5	0.7147395	1.0
	0.0	32	0	4	2	3	3	1	2									2.5	2	9.0	4.0	4.5	2.0	-0.05844634	
	0.0	63	0	2	2	3	3	2	2	1	1	4	4	1	2	0.0480299	0.0480299	2.3333333	2	6.0	3.0	4.0	4.0	-0.18581758	1.0
0.47564533	0.0	75	1	3	1	1	1	1	1	1	1	1	2	1	2	0.0480299	2.3994823	1.3333334	1	4.0	2.0	2.5	3.0	-1.2841249	1.0
0.47500592	0.0	82	1	1	2	1	2	2	2	1	1	1	4	1	2	4.043716	4.043716	1.6666666	1	9.0	3.0	1.5	1.0	-0.8165861	1.0
	0.0	85	1	1	1	1	2	3	1	2	1	1	2	1	2	1.3994823	1.3994823	1.5	0	7.0	3.0	4.0	3.5	-1.0673542	1.0
0.6694241	0.0	79	0	3	2	3	3	1	3	4	2	3	3	1	2	1.043716	1.043716	2.5	1	5.0	2.0	4.0	2.0	0.043979384	1.0
2.149652	0.0	53	0	1	1	2	1	1	1	1	1	1	2	1	1	0.043715954	0.043715954	1.1666666	2	10.0	3.0	4.0	1.5	-1.4305166	1.0
0.3549088	0.0	67	0	1	1	1	3	1	3	1	2	2	1	1	3	3.04803	4.742882	1.6666666	2	6.0	2.0	2.0		-0.7389654	
2.5876398	0.0	71	0	1	2	3	4	3	3		3	3	3	3	3	0.55565166	0.95628405	2.6666667	0	5.0	1.0	1.0	1.5	0.2607501	1.0
	0.0	63	0	3	4	4	2	2	2	2	1	3	3	3	2	2.00719	2.00719	2.8333333	1	5.0	4.0	4.0	2.0	0.29297686	1.0
	0.0	72	0	1	2	2	2	2	2	1	2	2	1	1	2	0.39948225	0.39948225	1.8333334	1	6.0	2.0	2.5	3.0	-0.66161865	1.0
4.8583117	0.0	62	0	4	3	4	4	2	2	4	2	4	4	2	4	5.043716	5.043716	3.1666667	0	5.0	3.0	3.5	1.0	0.61231375	1.0
5.7823834	0.0	76	1	5	2	3	4	1	2	5	1	1	2	1	3	3.7428818	3.7428818	2.8333333	0	10.0	3.0	3.0	2.5	0.26238728	1.0
	0.0	65	1	1	2	1	2	1	1	1	1	1	2	2	2	0.0480299	0.0480299	1.3333334	1	6.0	3.0	3.5	2.0	-1.2436793	1.0
0.4829191	0.0	71	1	1	4	1		2	5	1	3	1		1	4	2.043716	2.043716		1	0.0	3.0	1.0	1.0		
0.35467103	0.0	68	0	1	2	3	2	1	2	1	2	2	1	1	3	0.31521416	0.31521416	1.8333334	2	5.0	1.0	3.0	1.5	-0.6806391	1.0
0.7531113	0.0	65	0	3	1	3	2	1	2	2	1	2	2	1	1	2.6847858	2.6847858	2.0	1	9.0	3.0	3.0	3.0	-0.5509307	1.0
0.48827833	0.0	77	1	5	3	4	1	1	1	4	1	5	1	1	1	1.9519701	1.9519701	2.5	1	5.0	4.0	3.5	4.0	-0.17456196	1.0
	0.0	68	1	1	2	1	2	1	5	1	3	1	4	2	3	1.956284	1.956284	2.0	0	0.0	1.0	2.5	1.0	-0.23125808	1.0
	0.0	74	1	1	1	3	3	1	3									2.0	1	10.0	3.0	4.0	2.0	-0.42903048	
	0.0	69	1	2	1	1	2	1	1	2	1	1	2	1	1	0.043715954	0.043715954	1.3333334	2	8.0	1.0	2.0	3.0	-1.2646505	1.0
0.5056382	0.0	69	1	2	2	2	3	2	2	2	2	2	3	1	2	1.5556517	1.5556517	2.1666667	1	8.0	1.0	2.5	2.0	-0.34078503	1.0
1.0111201	0.0	50	1	5	2	2	1	2	4	1	2	1	4	2	2	0.0480299	0.0480299	2.6666667	1	1.0	3.0	1.0	3.0	0.27715623	1.0
	0.0	65	1	1	2	1	1	1	2									1.3333334	2	6.0	2.0	2.5	2.5	-1.160728	
	0.0	79	1	3	1	1	3	2	2									2.0	1	10.0	2.0	3.0	3.0	-0.51672363	
0.6916542	0.0	80	0	1	1	1	2	1	1	3	1	1	2	1	1	0.95628405	0.95628405	1.1666666	1	10.0	2.0	1.5	1.0	-1.41533	1.0
	0.0	30	1	5	2	4	3	2	2									3.0	2	3.0	2.0	1.0	2.0	0.4211886	
1.65527	0.0	45	0	3	2	2	2	1	1	1	1	2	1	1	2	3.5556517	3.5556517	1.8333334	1	9.0	1.0	3.5	1.0	-0.7873527	1.0
0.4991179	0.0	68	1	1	1	2	5	1	3	1	3	5	5	2	3	0.55565166	0.55565166	2.1666667	1	6.0	3.0	1.0	1.0	-0.24368986	1.0
1.7044106	0.0	70	1	5	2	2	3	3	5	4	4	3	3	2	5	1.4443483	1.4443483	3.3333333	0	6.0	1.0	2.0	1.0	1.0445575	1.0
	0.0	73	0	2	2	3	2	1	5									2.5	2	6.0	2.0	4.0	4.0	0.22935638	
0.43725336	0.0	75	0	2	2	2	2	2	2	2	2	2	2	3	4	0.043715954	0.043715954	2.0	2	8.0	2.0	4.0	4.0	-0.51093906	1.0
	0.0	44	0	4	3	5	5	2	3									3.6666667	1	7.0	1.0	1.5	2.0	1.1905406	
	0.0	73	0	4	1	3	1	1	1									1.8333334	2	9.0	3.0	3.5	2.0	-0.8235104	
0.38787287	0.0	65	0	2	1	2	2	2	2	1	1	2	2	3	1	0.44434834	3.6847858	1.8333334	2	8.0	3.0	2.5	2.5	-0.68258977	1.0
1.3472712	0.0	65	1	1	1	4	2	2	4	1	1	4	4	1	2	1.7428818	1.7428818	2.3333333	1	8.0	1.0	2.0	3.0	-0.017123878	1.0
0.49570036	0.0	65	1	3	2	3	3	2	3	3	3	2	2	3	3	2.99281	2.99281	2.6666667	1	1.0	1.0	1.0	2.0	0.21796729	1.0
0.99689114	0.0	50	1	2	3	4	4	3	3	2	3	4	3	2	4	2.043716	2.043716	3.1666667	1	1.0	1.0	1.5	2.5	0.73804784	1.0
0.5221094	0.0	54	1	2	1	2	2	2	2	4	1	1	3	2	2			1.8333334	2	6.0	1.0	1.0	1.0	-0.68258977	
	0.0	33	0	2	1	3	3	1	2	2	1	3	2	1	2	2.3994823	2.3994823	2.0	2	8.0	3.0	4.0	4.0	-0.53145623	1.0
2.4843361	0.0	71	0	5	4	1	4	3	1	3	2	1	3	2	3			3.0	0	5.0	2.0	1.5	2.0	0.39062434	
0.7645163	0.0	69	0	2	1	3	2	1	1	3	1	2	2	1	2	1.4443483	1.4443483	1.6666666	1	10.0	3.0	3.5	1.0	-0.95471555	1.0
	0.0	42	0	2	2	2	2	1	2	2	1	2	1	1	3	1.956284	1.956284	1.8333334	2	9.0	4.0	5.0	1.0	-0.684927	1.0
	0.0	70	1	1	1	1	1	1	1	1	2	2	2	1	2	1.0480299	1.0480299	1.0	2	8.0	3.0	5.0	4.0	-1.585484	1.0
0.44225124	0.0	74	0	2	2	3	2	1	3	3	2	4	4	2	3	0.95628405	0.95628405	2.1666667	2	8.0	1.0	3.0	2.0	-0.27685422	1.0
0.70223236	0.0	68	0	2	2	4	4	2	3	2	2	2	3	2	4	1.2571182	1.2571182	2.8333333	1	6.0	3.0	2.5	1.0	0.3924092	1.0
	0.0	36	0	1	2	2	4	2	2	1	2	3	4	1	2	0.68478584		2.1666667	2	8.0	3.0	3.0	2.5	-0.32131055	1.0
	0.0	71	1	1	1	1	1	1	1	1	1	1	2	1	1	2.95197	2.95197	1.0	1	1.0	3.0	1.0	1.5	-1.585484	1.0
	0.0	70	1	1	2	1	4	1	1									1.6666666	1	9.0	4.0	3.0	3.0	-0.9033712	
0.49378836	0.0	73	1	2	2	1	2	2	1	3	2	2	2	2	2	0.95628405	0.95628405	1.6666666	1	8.0	2.0	2.5	2.5	-0.9190118	1.0
	0.0	54	1	5	4	5	3		5	3	3	4	4	1	5	1.956284	1.956284		2	7.0	2.0		1.0		
0.49151903	0.0	68	1	3	2	2	3	2	2	3	2	4	3	3	3	1.5556517	1.5556517	2.3333333	1	5.0	3.0	2.0	1.0	-0.19010545	1.0
	0.0	53	1	2	4	3	3	1	3									2.6666667	2	5.0	1.0	3.5	4.0	0.23660128	
0.67733413	0.0	68	0	1	1	2	3	1	1	1	1	4	4	1	5	0.25711823	0.25711823	1.5	1	5.0	4.0	2.0	1.0	-1.0902085	1.0
0.35212526	0.0	81	0	2	1	1	3	1	1	4	2	2	4	2	3	2.99281	2.99281	1.5	2	7.0	2.0	3.0	2.5	-1.0944964	1.0
0.91232944	0.0	50	0	1	1	1	1	1	1	1	4	2	2	2	2	2.2571182	1.6005177	1.0	2	10.0	2.0	5.0	3.5	-1.585484	1.0
4.164152	0.0	66	1	2	2	2	2	2	2	1	5	1	1	1	1	3.5556517	3.5556517	2.0	0	9.0	1.0	3.0	2.0	-0.51093906	1.0
	0.0	63	1	1	2	4	2	1	1	1	2	2	3	1	2	2.04803	2.04803	1.8333334	2	6.0	3.0	1.0	3.5	-0.77877694	1.0
	0.0	45	1		4		4	1	4										2	1.0	3.0		4.0		
0.49595216	0.0	73	1	4	3	4	3	3	4	5	3	3	3	3	4	0.95628405	0.95628405	3.5	1	3.0	3.0	1.0	1.0	1.1223582	1.0
1.7101858	0.0	73	1	1	1	1	1	1	1	1	1	1	1	1	1	1.956284	1.956284	1.0	0	10.0	1.0	3.0	3.0	-1.585484	1.0
	0.0	42	1	4	2	2	2	1	2	5	2	2	1	1	3	0.60051775	0.60051775	2.1666667	1	5.0	1.0	3.0	2.0	-0.3835678	1.0
0.48786724	0.0	75	1	4	1	3	5	2	3	3	1	2	4	1	2	1.956284	4.04803	3.0	1	7.0	1.0	3.5	2.5	0.5373042	1.0
0.9433089	0.0	60	1	1	2	3	3	2	1	1	2	2	3	2	1	1.0480299	1.0480299	2.0	1	10.0	3.0	4.5	4.5	-0.5896025	1.0
	0.0	40	1	4	2	3	4	1	2									2.6666667	2	4.0	2.0	1.0	2.5	0.11170769	
	0.0	73	1	3	2	3	3	4	2									2.8333333	1	1.0	1.0	1.0	2.5	0.3128378	
3.3644392	0.0	58	1	4	2	2	3	2	2	2	4	2	2	2	2	1.5556517	1.5556517	2.5	0	7.0	1.0	3.0	1.0	-0.039425876	1.0
5.7823834	0.0	36	0	5	1	5	5	1	4	3	1	2	5	1	4	3.7428818		3.5	0	10.0	2.0	5.0	3.5	1.077036	1.0
	0.0	37	1	5	2	4	2	1	4									3.0	1	4.0	3.0	3.0	1.0	0.58325726	
	0.0	46	1	4	2	2	4	3	3	3	2	4	4	3	4	2.5556517	2.5556517	3.0	2	2.0	1.0	1.0		0.55782133	
0.7125255	0.0	39	1	1	1	4	4	1	1	1	1	1	1	1	1	1.6005177	1.6005177	2.0	2	10.0	1.0	2.5	2.5	-0.6101196	1.0
0.620185	0.0	35	1	2	2	4	1	1	2	1	2	4	4	1	2	0.25711823	0.25711823	2.0	2	2.0	4.0			-0.5451461	
1.0288802	0.0	54	1	3	3	1	4	3	3	4	3	2	4	4	3	0.0480299		2.8333333	1	2.0	2.0	1.0	1.0	0.4238251	1.0
0.5375243	0.0	65	1	4	3	2	4	3	4	4	4	2	4	1	3	1.956284	1.956284	3.3333333	1	8.0	3.0	4.0	2.0	0.9825774	1.0
0.52729684	0.0	44	1	1	1	3	2	1	1	1	1	5	3	1	2	5.04803	5.04803	1.5	2	8.0	3.0	4.0	3.0	-1.1053951	1.0
	0.0	44	1	4	1	3	3	1	2	1	1	3	1	1	2	1.5556517	1.5556517	2.3333333	2	7.0	2.0	3.5	1.5	-0.23009707	1.0
1.0420238	0.0	39	0	1	2	2	2	1	1	4	2	2	1	1	1	0.68478584	2.7428818	1.5	2	8.0	4.0	5.0	2.5	-1.0887119	1.0
	0.0	28	0	3	5	2	5	4	5	4	5	5	5	4	4	2.7428818	2.7428818	4.0	2	0.0	1.0	1.5	3.0	1.7724465	1.0
1.4016795	0.0	56	0	1	1	1	1	1	1	1	1	1	1	1	1	1.6847858	1.6847858	1.0	1	8.0	3.0	5.0	4.0	-1.585484	1.0
	0.0	43	0	3	4	4	4	2	3									3.3333333	1	7.0	2.0	4.0	2.0	0.8863902	
	0.0	71	1	1	1	1		1	2		2	3	2	1			3.5556517		1	6.0	1.0	2.5			
	0.0	69	1	2	1	3	3	1	2									2.0	1	8.0	2.0	2.5	2.5	-0.53145623	
	0.0	64	1	2	1	1	1	1	2									1.3333334	2	10.0	3.0	3.0	2.0	-1.1816992	
	0.0	51	1	1	1	1	4	1	1	1	1	3	2	1	1	1.6005177	1.6005177	1.5	2	8.0	2.0	4.0	3.0	-1.075022	1.0
	0.0	65	1	3	2	2	3	2	3									2.5	1	6.0	3.0	2.0		0.06299985	
	0.0	79	0	1	1	3	3	3	2									2.1666667	0	4.0	3.0	2.5	4.0	-0.33415997	
1.0797237	0.0	34	0	1	2	3	1	2	3	1	1	2	2	1	2	3.04803	0.55565166	2.0	2	7.0	4.0	3.0	2.0	-0.42369992	1.0
	0.0	32	0	2	5	4	2	1	2	2	3	3	2	2	2	0.39948225	0.39948225	2.6666667	2	4.0	3.0	2.5	3.5	0.13996011	1.0
0.5588208	0.0	58	1	5	4	4	5	2	4	5	5	5	5	3	4	1.956284	0.44434834	4.0	2	6.0	2.0	1.5	1.0	1.6110086	1.0
	0.0	59	1	1	1	2	2	3	2									1.8333334	1	9.0	3.0	4.0	4.0	-0.65928143	
	0.0	64	1	4	4	2	4	4	5	4	5	2	5	5	5	1.4443483	1.4443483	3.8333333	0	8.0	1.0	4.0	1.0	1.5813214	1.0
	0.0	61	0	1	2	3	2	1	2	2	2	3	2	1	2	2.043716	2.043716	1.8333334	2	7.0	3.0	3.5	3.5	-0.6806391	1.0
2.4780436	0.0	68	0	3	2	1	2	2	3	4	2	1	4	1	3	3.5556517		2.1666667	0	8.0	2.0	2.5	2.5	-0.26212162	1.0
1.4256111	0.0	68	1		2	2	3	3	3	2	3	2	2	2	2	2.043716	2.043716		1	2.0	1.0		1.0		
1.7626021	0.0	31	1	3	2	2	4	2	2	3	2	3	3	4	3	0.44434834	0.44434834	2.5	2	0.0	3.0	2.5	1.0	-0.019951414	1.0
0.69342124	0.0	71	0	1	1	2	4	1	2	1	1	2	2	2	2	1.0480299	1.0480299	1.8333334	1	8.0	4.0		1.5	-0.6669492	
0.85264814	0.0	50	0	1	1	2	1	1	1	1	1	2	1	1	1	0.0480299	0.0480299	1.1666666	2	6.0	4.0	5.0	1.0	-1.4305166	1.0
4.9954166	2.0	46	1	2	3	4	3	2	3	3	4	3	4	2	3	0.39948225	0.39948225	2.8333333	1	6.0	2.0	3.5		0.39390588	
0.25741196	0.0	65	1	3	2	2	3	2	2	3	2	2	3	1	3			2.3333333	2	0.0	2.0	1.0	2.5	-0.19010545	
1.4465767	0.0	53	0	4	3	4	4	2	3	3	2	4	4	3	3	3.5556517	3.5556517	3.3333333	1	5.0	3.0	2.5	3.0	0.8654191	1.0
1.6058167	0.0	48	0	3	2	2	3	2	2	2	2	2	3	1	3	0.0480299	0.0480299	2.3333333	1	7.0	2.0	2.0	2.0	-0.19010545	1.0
5.5129557	0.0	54	0	3	2	4	4	2	4	4	3	3	3	3	4	0.44434834	0.44434834	3.1666667	0	8.0	3.0	4.0	2.0	0.7961941	1.0
0.9765035	0.0	58	1	2	2	3	5	3	5	1	2	3	5	2	2	1.4443483	1.4443483	3.3333333	1	6.0	1.0	3.0	3.0	1.0877943	1.0
0.14670312	2.0	65	0	4	4	2	4	4	3	4	5	1	3	2	3	2.5556517	2.5556517	3.5	1	7.0	2.0	3.0	2.0	1.0751107	1.0
0.5015454	0.0	68	1	1	3	3	2	1	3	1	2	3	1	2	1	3.5556517	3.5556517	2.1666667	1	2.0	1.0	1.5	1.5	-0.25588307	1.0
0.8655679	0.0	62	0	1	1	3	1	1	1	3	1	2	1	1	1	0.25711823	0.25711823	1.3333334	2	8.0	3.0	3.5	3.5	-1.2755492	1.0
	0.0	71	0	1	1	2	1	1	1	1	1	4	4	1	1	2.6005177	2.6005177	1.1666666	1	9.0	3.0	4.0	4.0	-1.4305166	1.0
2.614654	0.0	67	0	3	2	2	3	1	3	2	2	3	3	3	3	2.7428818	3.99281	2.3333333	0	7.0	0.0	1.0	1.0	-0.11098806	1.0
1.0096238	0.0	46	0	1	1	1	1	1	1	1	2	1	1	1	1	2.2571182	2.2571182	1.0	2	9.0	3.0	5.0	5.0	-1.585484	1.0
0.71252596	0.0	70	0	2	2	3	3	3	2	2	2	2	3		2	0.9519701	0.9519701	2.5	1	7.0	2.0	3.0	3.0	-0.0118296705	1.0
1.4011447	0.0	61	0	5	2	4	1	1	1	1	2	1	1	1	2	2.043716	2.043716	2.3333333	1	7.0	4.0	3.0	3.0	-0.3462127	1.0
	0.0	32	1	3	3	4	4	1	3									3.0	1	6.0	3.0	2.0	1.0	0.5407516	
1.0761149	0.0	47	1	1	1	1	1	1	2	1	1	2	4	1	2	1.3994823	1.3994823	1.1666666	1	7.0	2.0	3.5	4.0	-1.3323787	1.0
	0.0	65	1	2	2	1	2	2	3	2	2	2	2	1	2	4.3994823	3.7428818	2.0	1	6.0	1.0	2.5	4.0	-0.4128012	1.0
	0.0	30	0	2	2	4	4	1	2	2	1	2	2	1	1	0.68478584	0.68478584	2.5	2	8.0	3.0	4.5	3.0	-0.03468401	1.0
	0.0	40	0	2	4	5	1	2	4									3.0	2	4.0	3.0	1.5	1.5	0.6333213	
	0.0	61	0						1		1	5		1	5	2.043716	2.043716		0	0.0	0.0				
0.8131372	0.0	53	0	2	1	1	2	2	1	1	1	1	2	1	1	0.95628405	0.95628405	1.5	2	8.0	3.0	4.0	2.5	-1.0906625	1.0
4.3359785	0.0	79	0	2	1	1	2	1	2	2	1	1	4	2	2	3.2571182	3.2571182	1.5	0	2.0	1.0	1.0	2.0	-1.0115452	1.0
	0.0	54	0	1	1	1	4	1	3	1	1	4	1	2	2	1.956284	1.956284	1.8333334	2	10.0	1.0	5.0	1.5	-0.56881136	1.0
1.843646	0.0	85	0	4	1	3	4	2	1	5	1	3	3	1	1	0.7428818	0.7428818	2.5	1	9.0	2.0	1.0	1.5	-0.13906042	1.0
1.8685073	0.0	79	0	1	1	1	4	1	4	1	1	1	1	1	1	1.3994823	1.3994823	2.0	1	10.0	4.0		4.0	-0.31570604	
	0.0	74	0	3	2	1	2	1	2	2	1	1	3	1	3	3.5556517	3.5556517	1.8333334	1	7.0	1.0	2.0		-0.6892148	
4.89853	0.0	34	0	5	5	4	2	1	4	1	5	2	2	2	2	2.956284	2.956284	3.5	1	6.0	1.0	4.0	1.0	1.0982094	1.0
1.23056	0.0	33	0	2	1	3	4	1	2	5	2	4	2	2	2	1.043716	1.0480299	2.1666667	2	8.0	2.0	4.0	4.0	-0.3613022	1.0
	0.0	48	0	1	5	4	4	1	4	1	2	3	4	1	3	1.3994823	1.3994823	3.1666667	2	7.0	3.0	4.0	2.0	0.8357992	1.0
	0.0	75	0		1	1	1	1	1	1	4	2	1	2	3	1.2571182	1.2571182		1	8.0	3.0	4.5	2.0		
4.9844747	0.0	46	0	4	2	3	4	1	2	5	2	4		2	2	0.25711823	1.9519701	2.6666667	1	7.0	3.0		4.0	0.11170769	
	0.0	40	1	1	2	2	1	1	2									1.5	2	6.0	3.0	3.0	1.0	-1.0057606	
	0.0	34	0	3	2	2	2	2	2									2.1666667	2	8.0	3.0	2.0	2.0	-0.36025947	
1.4623685	0.0	54	0	1	1	1	1	1	1	3	1	1	1	2	2	0.043715954	0.043715954	1.0	1	9.0	2.0	5.0	2.0	-1.585484	1.0
	0.0	52	1	1	2	2	1	1	1									1.3333334	1	3.0	3.0	1.0	1.0	-1.2588658	
1.0571285	0.0	68	0	3	4	3	3	3	3	2	5	2	3	3	3			3.1666667	2	5.0	2.0	1.5	1.5	0.7352567	
0.6898711	0.0	75	0	1	2	2	2	2	1	1	2	3	2	2	2	0.007189989	0.007189989	1.6666666	1	8.0	2.0	3.0	4.0	-0.91472393	1.0
	0.0	44	0	2	4	1	3	2	3									2.5	1	7.0	1.0	1.5	2.5	0.1006543	
1.7247059	0.0	72	1	1	2	2	2	1	2	1	2	2	2	2	2	0.95628405	0.95628405	1.6666666	0	7.0	3.0	3.0	2.0	-0.8356065	1.0
0.97244304	0.0	58	1	3	2	1	4	1	1	3	1	3	4	1	1	0.0480299	0.0480299	2.0	1	5.0	2.0	1.0	1.0	-0.60201204	1.0
	0.0	63	1	1	1	2	1	1	1									1.1666666	2	7.0	2.0	1.5	3.0	-1.4305166	
0.25311434	0.0	73	1	1	1	1	2	1	1	1	1	1	1	3	1	0.95628405	0.95628405	1.1666666	2	10.0	4.0		4.0	-1.41533	
0.25406936	0.0	71	1	4	1	4	2	1	2	2	2	4	2	1	4	0.39948225	0.39948225	2.3333333	2	8.0	2.0	1.0	2.5	-0.24528366	1.0
	0.0	67	1	1	1	1	1	1	5									1.6666666	2	10.0	2.0	4.0	2.0	-0.57306284	
	0.0	31	0	4	2	4	5	2	1									3.0	2	8.0	4.0	1.5	1.5	0.35771176	
	0.0	49	0	1	2	4	3	1	1	1	2	5	4	2		0.043715954	1.5556517	2.0	2	8.0	3.0	4.0	1.0	-0.6086229	1.0
	0.0	73	1	4	5		5	4	5	4	3	4	3		4	2.043716	2.043716		1	0.0	1.0	1.5	1.0		
	0.0	25	0	5	2	4	4	4	4	2	4	2	2	2	2	0.043715954	0.043715954	3.8333333	2	7.0	4.0	4.0	4.0	1.445529	1.0
0.35844076	0.0	79	0	1	1	1	1	1	1	1	1	1	1	1	1	0.043715954	0.043715954	1.0	2	7.0	4.0	3.0	3.5	-1.585484	1.0
1.6550217	0.0	79	1	1	1	1	3	1	2	1	1	1	1	1	1	3.043716	4.5556517	1.5	0	7.0	1.0	3.0	2.5	-0.9920707	1.0
2.3222835	0.0	78	0	4	2	4	4	4	3	4	2	4	4	4	4	4.043716	4.043716	3.5	0	7.0	3.0	2.0	3.0	1.0417441	1.0
0.706374	0.0	73	0	1	1	1	1	1	1	1	5	1	1	1	1	1.956284	0.44434834	1.0	1	10.0	3.0	5.0	3.5	-1.585484	1.0
	0.0	36	0	4	4	4	3	3	3									3.5	2	8.0	3.0	4.0	4.0	1.0409037	
1.4991378	0.0	52	0	1	1	2	2	1	2	1	1	2	2	1	1	2.00719	2.00719	1.5	1	9.0	4.0	4.0	4.0	-1.0072572	1.0
	0.0	51	0	2	2	3	1	2	1									1.8333334	2	5.0	4.0	5.0	4.0	-0.77923095	
	0.0	69	0	1	2	4	3	1	1									2.0	2	5.0	4.0	4.0	4.0	-0.6086229	
2.3243222	0.0	81	0	1	2	2	3	3	3	2	2	2	2	2	2	0.0480299	0.0480299	2.3333333	0	7.0	3.0	3.0	2.0	-0.064371385	1.0
0.39895278	0.0	73	0	2	2	2	3	1	2	3	2	2	3	1	1	0.68478584	0.68478584	2.0	2	7.0	3.0	3.5	3.5	-0.51477295	1.0
	0.0	73	0		3	3	3	2	3										1	8.0	4.0	4.0	2.5		
1.3777946	0.0	62	0	1	2	1	2	1	3	1	1	2	2	1	1	1.043716	2.5556517	1.6666666	1	7.0	3.0	2.0	4.0	-0.73746866	1.0
0.7097347	0.0	77	0	1	1	2	1	1	2	2	1	2	1	1	1	2.956284	2.956284	1.3333334	1	9.0	3.0	3.0	2.0	-1.1774113	1.0
	0.0	47	0	2	2	2	1	1	3	1	1	2	1	1	1	1.7428818	2.3994823	1.8333334	2	8.0	4.0	5.0	2.0	-0.6019757	1.0
2.5677574	0.0	69	0	2	2	2	3	2	2	1	2	1	3	4	2	1.2571182	1.2571182	2.1666667	0	8.0	4.0	2.5	2.0	-0.34078503	1.0
1.3858242	0.0	63	0	1	1	1	1	1	1	1	2	2	1	1	2			1.0	1	10.0	4.0	4.0	2.5	-1.585484	
5.7823834	0.0	73	1	1	2	2	3	1	2		2	4	4	1	2	2.5556517	2.5556517	1.8333334	0	2.0	2.0	1.0	1.0	-0.6654525	1.0
2.817771	0.0	30	0	2	3	4		1	3	3	3	4	3	3	4	5.5556517	4.043716		2	5.0	2.0	3.5	1.5		
5.7823834	0.0	62	0	2	2	1	2	2	2	2	1	1	1	1	1	1.4443483	1.4443483	1.8333334	0	0.0	1.0	1.0	1.0	-0.6659065	1.0
	0.0	51	0	2	1	4	2	1	4									2.3333333	2	6.0	3.0	4.5	3.0	-0.04043221	
5.7823834	0.0	42	1	3	2	4	3	3	2	3	2	4	3	3	2			2.8333333	0	5.0	0.0	1.0	1.0	0.29381734	
	0.0	66	1	1	1	2	1	1	1									1.1666666	0	8.0	2.0	3.5	2.0	-1.4305166	
1.1094134	0.0	46	1	3	3	3	5	3	3	3	2	3	3	3	3			3.3333333	1	1.0	0.0	3.0	2.0	0.903914	
0.729803	0.0	35	1	4	2	2	2	3	3	4	4	2	2	2	5	1.3994823		2.6666667	2	1.0	2.0	1.5	4.0	0.2175133	1.0
	0.0	35	1	2	4	5	2	1	3	2	4	4	2	1	3	0.0480299	1.7428818	2.8333333	1	5.0	3.0	3.0	2.0	0.3763821	1.0
	0.0	47	1	2	1	1	2	2	1									1.5	2	7.0	3.0		2.5	-1.0906625	
	0.0	49	1	4	3	4	4	1	2									3.0	2	6.0	2.0	2.0	2.0	0.43832585	
1.5213352	0.0	47	1	2	2	3	2	2	2	2	2	2	3	2	2	0.95628405	0.95628405	2.1666667	2	3.0	3.0	3.5	1.0	-0.3559716	1.0
1.812319	0.0	46	0	1	1	1	1	1	1	1	1	1	1	1	1	0.44434834	0.44434834	1.0	1	9.0	4.0	2.5	4.0	-1.585484	1.0
1.00668	0.0	43	0	1	1	2	1	1	1	1	1	2	2	1	1	4.742882	4.742882	1.1666666	2	8.0	4.0	5.0	3.0	-1.4305166	1.0
	0.0	46	0	1	1	4	3	1	4									2.3333333	2	7.0	2.0	1.0	1.0	-0.020957753	
	0.0	32	1	1	1	2	2	3	2									1.8333334	2	8.0	0.0	3.0	3.5	-0.65928143	
0.61352986	0.0	34	1	4	3	4	2	3	4	3	2	4	3	3	3	0.043715954	0.043715954	3.3333333	2	3.0	1.0	2.0	2.0	0.9522042	1.0
0.74662095	0.0	52	0	1	2	2	3	1	1	1	2	2	2	1	2	1.00719	1.00719	1.6666666	2	7.0	4.0	2.0	2.0	-0.9185578	1.0
5.742592	0.0	53	0	2	2	3	2	2	2	2	4	2	2	1	2	0.55565166	0.55565166	2.1666667	0	8.0	4.0	3.5	2.5	-0.3559716	1.0
1.0142217	0.0	43	0	2	2	4		2	2	1	1	3	2	1	1	2.04803	0.043715954		2	8.0	2.0	4.5	2.0		
0.6840992	0.0	72	1	1	1	1	1	1	1	1	1	1	1	1	2			1.0	2	8.0	2.0	1.0	1.0	-1.585484	
0.8154418	0.0	50	0	1	1	2	4	1	1	1	5	1	1	1	1	1.5556517	1.5556517	1.6666666	2	9.0	3.0	4.0	1.0	-0.9200545	1.0
	0.0	69	1	4	2	5	2	1	1	3	1	2	2	1	1	0.55565166	0.55565166	2.5	1	2.0	2.0	1.0	1.0	-0.17177078	1.0
0.5691839	0.0	40	1	4	4	4	2	2	4	4	4	4	2	2	2	1.2571182	1.2571182	3.3333333	2	3.0	3.0		2.0	0.949867	
	0.0	49	1	3	2	1	2	4	5									2.8333333	2	5.0	3.0	4.5	2.5	0.5920648	
1.0902035	0.0	40	1	2	2	2	2		2	4	2	1	2	4	4	1.043716	1.043716		1	5.0	1.0		1.5		
	0.0	54	1	1	2	3	3	2	4	1	2	2	3	2	4	0.043715954	0.043715954	2.5	2	7.0	3.0	2.0	2.0	0.16971344	1.0
	0.0	37	0	5	3	5	5	4	5	5	2	5	5	3	4	2.04803	2.04803	4.5	2	5.0	0.0	1.0	2.5	2.1954064	1.0
0.7800809	0.0	54	0	1	2	2	1	2	2	1	2	2	2	2	2	0.043715954	0.043715954	1.6666666	2	8.0	3.0			-0.8317727	
0.93213403	0.0	58	0	1	1	1	1	1	1	1	1	1	1	1	1	0.25711823	0.25711823	1.0	2	9.0	3.0	4.5	4.0	-1.585484	1.0
	0.0	43	1	4	3	4	2	2	3	3	2	4	3	2	2	0.0480299	0.0480299	3.0	2	5.0	3.0	2.5	2.0	0.525111	1.0
0.7787661	0.0	34	1	4	1	5	4	1	2	4	1	4	4	1	4	0.60051775	0.60051775	2.8333333	2	9.0	3.0	3.0	2.0	0.24999185	1.0
	0.0	47	0	2	3	2	2	2	2									2.1666667	2	7.0	4.0	3.0	3.0	-0.33928832	
3.828654	0.0	53	0	1	1	3	5	1	1	2	1	3	4	1	1	0.55565166	0.55565166	2.0	1	10.0	3.0	3.5	2.0	-0.59493303	1.0
	0.0	43	0	1	4	5	1	3	3	1	5	5	1	2	3	1.99281	1.99281	2.8333333	1	5.0	3.0	1.0	1.0	0.40352434	1.0
3.217377	0.0	37	1	4	4	4	5	2	4	3	2	4	4	2	2			3.8333333	1	0.0	1.0	1.0	1.0	1.4603292	
	0.0	38	0	2	5	1	1	2	1									2.0	1	9.0	2.0	4.0	1.0	-0.5742136	
	0.0	38	0	5	1	1	1	1	1	2	1	2	2	1	1	0.95628405	0.95628405	1.6666666	2	10.0	4.0	5.0	1.0	-0.98276573	1.0
	0.0	54	0	2	2	1	2	1	1									1.5	2	8.0	3.0	3.5	1.5	-1.0929997	
	0.0	47	0	1	2	4	2	1	2									2.0	2	2.0	4.0	1.5	1.0	-0.52567166	
	0.0	38	0	4	3	5	3	2	4									3.5	1	1.0	3.0	1.0	1.0	1.1033378	
0.84580034	0.0	41	0	3	1	4	2	2	2	3	2	4	1	5	1	1.0480299	1.0480299	2.3333333	2	7.0	4.0	1.5	2.0	-0.22197533	1.0
	0.0	51	0	4	1	4	3	1	1									2.3333333	2	9.0	4.0	3.5	4.0	-0.32823494	
	0.0	67	1	4	3	2	4	3	3									3.1666667	2	3.0	1.0		2.0	0.7294721	
1.6937919	0.0	49	0	4	2	5	3		2	2	3	4	4	3	2	1.043716	1.043716		1	0.0	2.0	1.0	1.0		
	0.0	35	0	2	1	1	1	1	1	1	1	1	1	1	1	0.95628405	3.04803	1.1666666	2	8.0	4.0	4.0	2.0	-1.4348044	1.0
	0.0	49	0	4	2	2	3	2	2									2.5	2	8.0	2.0	3.0	3.5	-0.039425876	
1.0243471	0.0	42	0	1	1	1	3	1	3	3	1	1	2	1	1	0.95628405	0.95628405	1.6666666	2	6.0	3.0		1.0	-0.7389654	
0.7904225	0.0	51	0	4	3	4	3	3	3	4	4	1	2	1	3	0.95628405	0.95628405	3.3333333	2	7.0	3.0	3.5	2.5	0.8692529	1.0
1.7825952	0.0	44	0	2	1	2	2	1	1	2	1	2	3	2	2	0.95628405	0.95628405	1.5	1	10.0	3.0	3.0	1.5	-1.109683	1.0
0.48841602	0.0	69	1	2	2	2	4	2	2	2	2	2	2	2	2	1.2571182	1.2571182	2.3333333	1	7.0	1.0	2.0	2.0	-0.17063099	1.0
0.2932125	0.0	83	1	1	1	1	2	1	1	1	1	2	2	1	1	0.043715954	2.04803	1.1666666	2	8.0	3.0	2.5	2.0	-1.41533	1.0
	0.0	52	1	3	2	2	3	1	3	2	4	3	4	1	2	3.5556517	3.5556517	2.3333333	2	1.0	1.0	3.0	1.0	-0.11098806	1.0
	0.0	44	1		5	5	1	5											2	0.0	1.0	1.0	1.0		
0.9191366	0.0	61	1	3	3	4	3	2	4	4	3	4	4	3	3	0.043715954	0.043715954	3.1666667	1	4.0	1.0	1.0	2.0	0.79769075	1.0
	0.0	42	0	2	2	4	4	3	2									2.8333333	2	6.0	3.0	2.5	3.0	0.3132918	
0.5952503	0.0	31	1	4	3	4	4	3	3	4	3	5	5	3	3	0.9519701		3.5	2	1.0	2.0	3.0	1.0	1.039407	1.0
	0.0	44	0	2	2	2	2	3	2	2	2	3	2	1	2	0.95628405	0.95628405	2.1666667	2	4.0	1.0	2.5	3.0	-0.33695114	1.0
0.366065	0.0	70	0	1	2	1	2	2	1	1	2	3	2	1	1	0.9519701	0.9519701	1.5	2	6.0	4.0	3.5	2.5	-1.0696914	1.0
	0.0	44	1	2	3	4	2	2	2									2.5	2	6.0	4.0	4.0	4.0	-0.02935344	
	0.0	41	0	2	1	2	2	1	2	2	2	3	2	1	2	0.7428818	1.3994823	1.6666666	2	8.0	3.0	4.0	4.0	-0.8565777	1.0
	0.0	30	1	2	3	5	5	3	3									3.5	2	3.0	3.0	2.0	2.0	1.0631694	
	0.0	34	0	4	2	4	2	2	4									3.0	2	6.0	2.0	4.0	2.0	0.6065656	
	0.0	43	0	1	1	4	1	1	1	1	1	1	2	1	1	3.2571182	3.2571182	1.5	2	8.0	3.0	3.0	2.0	-1.1205817	1.0
	0.0	50	0	1	2	2	3	1	4									2.1666667	1	4.0	4.0	2.0	1.5	-0.1592419	
	0.0	53	0	1	3	4	3	1	3	1	4	4	4	2	4			2.5	2	5.0	4.0	2.0	2.0	0.06923841	
	0.0	50	0	3	3	3	3	2	2	4	3	4	4	3	3	2.7428818	2.7428818	2.6666667	1	6.0	3.0	2.5	1.0	0.13651273	1.0
	0.0	82	0	2	2	3	4	2	2									2.5	1	8.0	1.0	3.5	2.5	-0.015663546	
0.9517547	0.0	51	0	3	1	3	1	1	3	2	1	2	3	3	2	0.0480299	0.0480299	2.0	2	10.0	3.0	5.0	5.0	-0.4679794	1.0
1.8577142	0.0	52	1	1	1	1	1	1	1	1	1	1	1	1	1	0.95628405	0.95628405	1.0	2	10.0	4.0	3.0	2.0	-1.585484	1.0
0.46232373	0.0	68	0	2	1	1	2	1	1	1	1	1	2	1	1	0.25711823	0.25711823	1.3333334	2	10.0	4.0	4.0	4.0	-1.2646505	1.0
0.71607685	0.0	59	0	1	1	1	3	1	1	1	1	2	2	1	2	0.39948225	0.25711823	1.3333334	2	7.0	2.0	4.0	3.5	-1.245176	1.0
2.7243629	0.0	54	1	1	2	1	3	1	2	1	2	2	3	1	1	3.5556517	3.5556517	1.6666666	1	3.0	3.0	1.5	3.0	-0.82041997	1.0
	0.0	76	0	2	1	2	4	1	3	1	1	3	4	2	2	1.0480299	0.68478584	2.1666667	2	7.0	3.0	3.0	1.0	-0.26316434	1.0
2.7232587	0.0	23	0	4	3	3	3	3	3	3	3	3	3	3	3	2.99281	2.99281	3.1666667	2	0.0	1.0	2.5	2.5	0.7142855	1.0
0.70963025	0.0	66	0	2	1	2	1	2	1	1	1	2	1	1	1	0.55565166	0.55565166	1.5	1	8.0	4.0	3.5	1.0	-1.1058491	1.0
0.9493303	0.0	63	1	1	2	1	2	1	1	1	1	1	1	1	1	4.95197	4.95197	1.3333334	1	7.0	3.0	3.5	4.0	-1.2436793	1.0
0.7014701	0.0	69	0	2	1	1	1	1	1	1	1	2	1	1	1	1.043716	1.043716	1.1666666	1	9.0	2.0	2.0	3.5	-1.4348044	1.0
2.5685737	0.0	70	0	2	2	4	2	2	2	2	3	3	3	4	3	1.4443483	1.4443483	2.3333333	0	7.0	1.0	3.0	3.0	-0.20100416	1.0
	0.0	60	1		2	4	3	3	3	1	2	2	2	2	2	1.043716	1.043716		1	4.0	3.0	3.0	3.0		
	0.0	42	1	3	3	4	2	2	4	4	3	5	4	2	4	1.00719	1.00719	3.0	2	3.0	3.0	2.0	1.0	0.6275367	1.0
0.70514345	0.0	79	0	2	2	4	2	1	2	4	1	5	4	2	2	0.95628405	0.95628405	2.1666667	1	5.0	3.0	1.5	1.0	-0.37499207	1.0
1.3853383	0.0	69	1	1	1	1	2	1	1	1	1	1	2	1	1	1.7428818	1.7428818	1.1666666	1	9.0	2.0	1.5	3.0	-1.41533	1.0
1.7674036	0.0	39	0	1	1	1	2	1	1	1	1	1	4	1	3	3.2571182	3.2571182	1.1666666	1	7.0	2.0		3.5	-1.41533	
	0.0	35	0	4	1	4	3	1	2									2.5	2	10.0	2.0	3.5	2.0	-0.07512963	
5.0154862	0.0	61	0	3	2	2	3	1	2	3	2	2	4	1	2	0.043715954	0.043715954	2.1666667	0	7.0	2.0	4.0	2.5	-0.36409336	1.0
0.88803786	0.0	34	0	1	4	4	3	3	4	1	3	3	2	3	3	3.7428818	0.043715954	3.1666667	2	4.0	2.0	1.5	1.5	0.84197026	1.0
0.74839395	0.0	53	0	1	4	4	2	4	3	3	2	4	3	2	3	1.6847858	1.6847858	3.0	2	6.0	2.0	3.0	3.0	0.5926988	1.0
1.1183547	0.0	34	1	1	4	3	2	2	2	1	3	4	3	2	2	3.3994823	3.3994823	2.3333333	1	6.0	3.0	3.0	4.0	-0.16334972	1.0
	0.0	36	1	4	2	5	2	1											2	5.0	3.0	3.0	2.5		
0.48352945	0.0	69	1	2	2	4		1	3	3	3	3	4	1	3	1.4443483	1.4443483		1	10.0	2.0	3.5	1.5		
	0.0	64	1	2	2	3	4	3	3	1	3		4	2		2.043716		2.8333333	1	1.0	3.0	1.0		0.41142964	
	0.0	34	0	2	4	5	4		4	1	4	5	1	2	3	1.2571182	1.2571182		2	2.0	4.0	1.0			
	0.0	53	0	4	1	1	1	1	1									1.5	2	10.0	0.0	3.5	2.5	-1.1334453	
	0.0	65	0	3	2	3	2	2	2									2.3333333	1	8.0	3.0	3.0	3.0	-0.20529203	
	0.0	67	0	1	1	1	1	1	1	1	1	1	1	1	2	2.04803		1.0	1	9.0	2.0	4.0		-1.585484	
	0.0	64	1	1	1	1	1	1	1	1	5	1	2	1	1	0.31521416	1.7428818	1.0	1	10.0	2.0	3.0	4.0	-1.585484	1.0
	0.0	51	1	3	3	2	4	3	1	3	3	4	3	2	3	1.0480299	1.0480299	2.6666667	2	4.0	0.0	2.0		0.072581924	
1.30748	0.0	64	0	2	3		2	2	3	3	3	3	4	1	4	1.5556517	1.5556517		1	7.0	3.0	3.0	2.0		
	0.0	51	0	2	1	3	2	1	1	5	2	1	1	1	1	0.95628405	0.95628405	1.6666666	1	8.0	1.0	4.0	3.0	-0.95471555	1.0
1.3438424	0.0	70	1	3	1	2	2	1	2	2	1	2	2	1	3	1.2571182	1.2571182	1.8333334	1	8.0	2.0	2.5	3.0	-0.7058981	1.0
3.3348014	0.0	36	1	5	2	4	4	2	4	5	2	4	4	2	2			3.5	1	1.0	0.0	2.0	1.0	1.0975533	
	0.0	43	0	4	2	4	3	3	3	3	3	3	3	3	3	3.99281	2.7428818	3.1666667	2	6.0	2.0	3.0	3.0	0.6976022	1.0
1.7134877	0.0	70	1	3	2	2	2	1	2	2	2	4	2	1	3	0.95628405	0.55565166	2.0	0	9.0	4.0	3.5	1.5	-0.5342474	1.0
	0.0	59	1	3	3	3	4	2	2	3	2	2	3	3	2	0.043715954	0.043715954	2.8333333	1	5.0	3.0	1.5		0.30666676	
1.5074384	0.0	63	1	4	4	3	3	3	2	3	3	3	3	3	3			3.1666667	2	0.0	0.0	1.0	1.0	0.6328309	
4.869072	0.0	58	0	3	1	1	2	1	3	2	1	3	3	2	1	0.0480299	0.0480299	1.8333334	0	9.0	3.0	4.5	5.0	-0.60776025	1.0
	0.0	56	0	1	2	3	3	2	3									2.3333333	1	7.0	3.0	3.5	1.5	-0.08339185	
5.7823834	0.0	63	1	2	1	5	1	1	1	1	5	1	2	1	1	3.6847858	3.6847858	1.8333334	0	5.0	1.0	3.0	2.5	-0.8149347	1.0
0.99792135	0.0	40	0	1	1	2	1	2	1	1	1	1	1	2	1	2.2571182	2.2571182	1.3333334	2	7.0	3.0	3.5	4.0	-1.2565287	1.0
2.5688682	0.0	69	0	4	2	2	4	1	2	2	2	2	4	4	3	0.44434834	0.44434834	2.5	0	8.0	4.0	1.5	2.5	-0.04325975	1.0
1.950786	0.0	75	0	1	1	1	1	1	1	1	1	2	2	1	1	0.95628405	0.95628405	1.0	1	8.0	2.0	4.5	4.0	-1.585484	1.0
	0.0	66	0	1	2	3	4	2	2		2	3	3	2	4			2.3333333	1	6.0	2.0	3.0	2.5	-0.16634312	
0.83248353	0.0	47	0	4	1	1	1	1	1	1	5	1	1	1	1	2.043716	2.043716	1.5	2	10.0	3.0	2.5	3.0	-1.1334453	1.0
	0.0	68	0	2	1	1	4	1	4	1	1	4	4	1	4	0.0480299	0.0480299	2.1666667	2	8.0	2.0	1.0	4.5	-0.16502647	1.0
	0.0	36	1	2	5	2	3	2	3	3	2	4	4	4	2	1.2571182	1.2571182	2.8333333	2	1.0	2.0	4.0	4.0	0.42727247	1.0
0.63762146	0.0	53	1	2	1	3	2	1	2	2	1	2	2	2	1	2.043716	1.7428818	1.8333334	2	7.0	4.0	3.0	3.0	-0.70161027	1.0
1.4219172	0.0	53	0	3	1	1	2	1	1	1	1	2	3	1	1	1.7428818	3.5556517	1.5	1	10.0	3.0		3.5	-1.1139709	
	0.0	70	0	2	2	1	2	2	2									1.8333334	1	5.0	2.0		4.0	-0.6659065	
	0.0	78	0	3	2	2	3	2	4	1	2	2	4	1	4	1.043716	1.043716	2.6666667	2	8.0	2.0	4.0	1.0	0.31610516	1.0
2.4464324	0.0	73	0	3	2	2	3	1	2	3	2	2	4	2	3	0.55565166	0.55565166	2.1666667	0	8.0	2.0	2.0	1.0	-0.36409336	1.0
1.5691814	0.0	51	0		3	4	3	1	4	2	3	3	4	2	3	1.043716	1.043716		1	5.0	1.0	3.0	1.0		
0.92916507	0.0	52	0	2	1	4	4	1	2	2	1	4	4	1	1	0.44434834	0.44434834	2.3333333	2	9.0	4.0	5.0	2.0	-0.20633474	1.0
1.4279506	2.0	54	1	1	2	2	2	1	2	2	2	2	2	2	2	1.6847858	2.04803	1.6666666	2	7.0	3.0	3.5	4.0	-0.8356065	1.0
	0.0	43	0	1	2	2	2	2	2	1	2	2	4	2	2	0.25711823	0.25711823	1.8333334	2	5.0	3.0	1.0	2.5	-0.66161865	1.0
	0.0	27	1	5	4	5	5	2	4	5	4	4	4	2	2	1.6847858	1.5556517	4.1666665	2	4.0	2.0	4.5	3.0	1.7659762	1.0
0.57858	0.0	41	1	4	2	4	3	1	2	4	1	2	2	2	2	0.007189989	0.007189989	2.6666667	2	6.0	3.0	1.0	3.0	0.0965211	1.0
1.6262946	0.0	37	1	3	3	3	3	4	3	2	2	4	4	2	2	2.5556517	2.5556517	3.1666667	2	0.0	0.0	1.5	2.0	0.7375938	1.0
	0.0	72	1	1	1	1	3	1	1									1.3333334	2	10.0	3.0	3.0	2.0	-1.245176	
1.2208792	0.0	32	0	1	1	3	2	1	1	1	1	1	2	1	1	0.25711823	0.25711823	1.5	2	8.0	4.0	3.5	2.5	-1.1053951	1.0
	0.0	81	0	2	1	2	4	1	1	1	1	2	4	1	1	1.043716	3.3994823	1.8333334	1	10.0	2.0	2.0	1.0	-0.7693749	1.0
	0.0	50	0	3	5	2	2	1	1									2.3333333	2	7.0	4.0	2.5	4.0	-0.2724005	
0.8401927	0.0	51	0	3	2	2	3	2	2	4	2	4	2	2	3	0.44434834	0.44434834	2.3333333	2	7.0	3.0	2.0	1.5	-0.19010545	1.0
	0.0	46	0	2	1	4	2	2	4	4	1	2	2	2	2	2.00719	2.00719	2.5	1	7.0	3.0	3.0	1.5	0.1335557	1.0
1.5210286	0.0	53	1	1	1	3	2	1	3	1	1	3	1	2	2	1.4443483	1.4443483	1.8333334	2	8.0	3.0	1.0	1.5	-0.5991845	1.0
0.3107632	0.0	75	1	3	2	2	3	1	3	3	2	2		2	3	0.043715954	0.043715954	2.3333333	2	8.0	2.0	3.0	2.5	-0.11098806	1.0
	0.0	54	1	1	2	1	3	1	2									1.6666666	1	7.0	3.0	3.0	3.0	-0.82041997	
	0.0	62	1	4	5		4	3	5	4	4	2	3	3	4				1	5.0	2.0		1.0		
3.2735078	0.0	37	1	5	5	5	5	4	4	4	3	4	4	3	4	2.3994823	1.7428818	4.6666665	1	5.0	2.0	4.0	2.0	2.2856026	1.0
1.0353429	0.0	50	1	1	2	2	3	2	2	1	1	2	2	2	2	0.0480299	0.0480299	2.0	1	1.0	3.0	1.5	1.0	-0.49146459	1.0
0.78395766	0.0	33	1	3	1	3	4	1	1	3	1	3	4	2	2	0.60051775	0.60051775	2.1666667	2	6.0	3.0	2.0	3.5	-0.46372792	1.0
	0.0	26	1	4	4	4	3	1	3	3	5	5	4	2	3	0.0480299	0.0480299	3.1666667	2	2.0	1.0	2.0	2.0	0.69292784	1.0
	0.0	54	0	2	4	2	2	2	1									2.1666667	0	2.0	0.0	1.5	3.0	-0.4207429	
	0.0	61	1	4	1	4	5	3	1									3.0	1	0.0	2.0	1.0	1.5	0.36004895	
0.97511727	0.0	47	0	1	1	2	2	1	2	2	1	1	2	1	2	0.0480299	0.0480299	1.5	2	2.0	2.0	2.0	2.0	-1.0072572	1.0
	0.0	32	0	3	3	2	4	3	3	3	4	3	4	3	3			3.0	1	4.0	2.0	2.5	2.0	0.5787925	
0.6141714	0.0	41	1	1	1	4	2	2	2	1	1	4	4	1	2	0.043715954	0.043715954	2.0	2	3.0	0.0	4.0	1.0	-0.52333444	1.0
0.65501726	0.0	25	1	5	4	4	3	3	3	3	3	3	3	3	3	1.7428818	1.7428818	3.6666667	2	0.0	1.0		1.5	1.1915833	
	0.0	38	1	2	4	2	3	2	2									2.5	1	6.0	1.0	2.0	2.0	0.0025164406	
	0.0	27	1	2	2	3	2	1	2									2.0	2	9.0	3.0	4.0	4.0	-0.5299595	
	0.0	49	0	3	3	4	3	3	3	5	1	5	5	5	5			3.1666667	2	4.0	0.0	1.5	2.5	0.7185734	
0.58769715	0.0	42	1	2	2	2	2	1	1	1	1	2	2	1	1	1.7428818	0.0480299	1.6666666	2	6.0	4.0		4.0	-0.93803227	
	0.0	45	1	3	3	3	3	3	3									3.0	1	5.0	1.0	2.5	3.0	0.5636059	
	0.0	27	1	4	5	4	4	2	4									3.8333333	2	2.0	1.0	1.0	1.0	1.4618258	
1.5634905	0.0	45	1	3	2	3	3	2	3	4	2	4	4	2	2	1.6847858	1.6847858	2.6666667	2	7.0	1.0	2.5	3.0	0.21796729	1.0
0.623881	0.0	50	1	2	2	2	2	1	2	2	2	2	2	2	2	1.956284	1.956284	1.8333334	2	7.0	1.0	4.0	4.0	-0.684927	1.0
0.6960162	0.0	46	1	2	2	2	2	2	2	1	2	4	1	1	2	3.2571182	3.2571182	2.0	2	5.0	4.0	1.0	4.0	-0.51093906	1.0
1.4329292	0.0	55	0	3	2	2	2	2	2	2	2	3	3	3	3	3.5556517	3.5556517	2.1666667	1	8.0	4.0	4.0	3.0	-0.36025947	1.0
0.5593198	0.0	42	1	3	2	3	3	3	3	4	2	2	4	2	5	1.7428818	1.7428818	2.8333333	2	8.0	2.0	2.0	3.5	0.3919552	1.0
	0.0	24	1	1	5	5	1	1	1	5	4	1	5	1	1	3.5556517	3.5556517	2.3333333	1	2.0	2.0	1.0	1.0	-0.27901134	1.0
1.715956	0.0	46	0	2	1	2	4	1	2	3	1	4	5	1	2	0.043715954	0.043715954	2.0	1	9.0	4.0		1.5	-0.5162696	
2.2114935	0.0	28	1	5		4	4	5	5	5	2	4	4	4	3	0.55565166	0.55565166		2	0.0	1.0		2.5		
	0.0	26	1	1	2	3	2	2	1	1	1	4	1	2	1	1.2571182	3.3152142	1.8333334	2	8.0	3.0	4.0	4.0	-0.7597565	1.0
0.762442	0.0	41	0	5	5	1	1	1	5	5	5			4	5	1.956284	1.956284	3.0	2	0.0	2.0		1.0	0.71625835	
	0.0	52	0	1	1	2	2	1	1	1	2	2	2	1	1	2.956284	4.684786	1.3333334	2	8.0	4.0	4.0	4.0	-1.2603625	1.0
1.4446887	0.0	60	0	2	2	2	1	1	2	1	2	2	2	1	2	0.0480299	3.5556517	1.6666666	1	7.0	2.0	3.5	1.0	-0.85508096	1.0
1.1297438	0.0	27	0	3	2	3	2	1	1	3	1	2	2	1	2	1.043716	1.043716	2.0	2	7.0	4.0	3.5	4.0	-0.63238525	1.0
2.0427656	0.0	69	0	2	1	1	4	1	2	1	1	1	1	1	2	0.25711823	0.25711823	1.8333334	1	8.0	3.0	4.0	3.5	-0.67123705	1.0
1.0087442	0.0	56	1	4	1	4	2	2	2	4	1	4	4	2	2	1.0480299	1.043716	2.5	1	7.0	2.0	3.5	2.5	-0.07129575	1.0
	0.0	67	1	1	4	2	3	2	2									2.3333333	0	0.0	0.0	1.0	1.0	-0.14816312	
	0.0	56	1	1	1	5	1	5	1									2.3333333	0	7.0	2.0	2.5	3.0	-0.26966265	
	0.0	44	1	4	1	3	4	2	1	4	1	2			1	0.55565166	4.742882	2.5	1	7.0	1.0	3.0	4.0	-0.13906042	1.0
0.7465202	0.0	51	0	1	1	1	1	1	1	1	1	1	1	1	4	0.39948225	0.99281	1.0	2	9.0	2.0	5.0	5.0	-1.585484	1.0
1.2381625	0.0	37	1	4	3	4	4	2	2	4	2	1	4	2	2	1.0480299	1.0480299	3.1666667	1	5.0	2.0	2.0	1.0	0.61231375	1.0
3.8754947	0.0	60	0	1	1	1	2	1	2	1	2	1	1	1	1	1.043716		1.3333334	1	6.0	2.0	1.5	1.0	-1.1622247	1.0
	0.0	63	1	3	2	2	4	2	2	3	1	3	4	3	5	5.5556517	5.5556517	2.5	2	7.0	2.0	5.0	1.0	-0.019951414	1.0
	0.0	19	0	2	1	5	1	1	1	1	2	4	3	1	3		1.6847858	1.8333334	1	7.0	3.0	5.0	4.0	-0.8149347	
0.71664023	0.0	67	0	1	1	2	2	1	2	1	1	2	1	1	2	1.956284	1.956284	1.5	1	8.0	3.0	5.0	4.5	-1.0072572	1.0
1.4533813	0.0	52	1	2	2	3	4	4	3	4	3	4	2	3	2	0.043715954	1.5556517	3.0	2	8.0	1.0	4.0	2.5	0.58541757	1.0
	0.0	20	0	4	5	5	5	3	5	1	1	4	3	2	5			4.5	2	2.0	2.0	1.5	2.0	2.2140405	
	0.0	21	0	4	3	4	2	2	2									2.8333333	1	6.0	4.0	2.0	2.5	0.2720057	
1.7170614	0.0	60	1	1	1	1	3	1	1	1	1	1	1	1	1	1.956284	1.956284	1.3333334	2	10.0	4.0	4.0	3.5	-1.245176	1.0
0.77489674	0.0	53	0	1	1	2	1	3	2	1	1	1	1	1	1	0.0480299	0.0480299	1.6666666	2	6.0	3.0	4.0	4.0	-0.82943547	1.0
	0.0	31	0	2	2	2	2	2	1									1.8333334	2	5.0	1.0	1.5	3.0	-0.76404434	
	0.0	51	0	3	2	3	3	1	3	3	3	2	4	2	3	0.0480299	0.0480299	2.5	2	6.0	2.0	3.0	2.5	0.043979384	1.0
	0.0	23	0	2	4	2	4	1	2									2.5	2	9.0	3.0	5.0	2.0	-0.0013174342	
5.7823834	0.0	32	1	3	3	3	3	3	3	3	3	3	3	3	3	0.043715954	0.043715954	3.0	0	0.0	0.0	3.0	3.0	0.5636059	1.0
	0.0	19	1	3	3	3	3	3	3									3.0	1	5.0	2.0	3.0	3.0	0.5636059	
	0.0	24	0	4	2	5	4	3	3									3.5	1	7.0	2.0	3.5	3.5	1.0227237	
1.1141177	0.0	31	0	2	3	4	4	1	2	4	3	5	5	1	2	1.0480299	1.0480299	2.6666667	2	7.0	3.0	4.0	1.5	0.13696672	1.0
1.6310215	0.0	49	0	1	1	1	1	1	1	2	1	2	2	1	1	0.55565166	3.04803	1.0	1	9.0	2.0	4.0	2.0	-1.585484	1.0
	0.0	31	0	2	1	2	2	1	2	2	2	4	1	1	2	1.2571182	0.60051775	1.6666666	2	9.0	4.0	4.5	4.5	-0.8565777	1.0
	0.0	33	0	3	2	1	1	2	5	1	3	2	2	1	3	2.956284	1.4443483	2.3333333	2	0.0	2.0	2.0	1.5	0.073934935	1.0
4.534919	0.0	48	0	4	3	3	2	1	4	3	2	3		1	3			2.8333333	1	0.0	4.0	1.0	1.5	0.44926095	
	0.0	36	0	2	2	2	2	2	4	4	4	4	2	4	2	2.2571182	1.6005177	2.3333333	1	8.0	4.0	4.0	4.0	-0.0047284584	1.0
	0.0	27	0	1	3	2	2	1	1	2	3	4	4	1	2	1.3152142	1.3994823	1.6666666	2	0.0	2.0	1.0	3.5	-0.9170611	1.0
5.7823834	0.0	70	0	5	2	3	4	1	4	4	2	3	3	2	3	2.956284	1.4443483	3.1666667	0	8.0	1.0	3.0	1.0	0.76859784	1.0
	0.0	27	1	2	2	5	4	2	2	2	3	4	4	2	4	0.60051775	0.60051775	2.8333333	2	4.0	1.0	2.0	2.0	0.29427135	1.0
0.69013304	0.0	24	1	3	2	2	2	3	3	4	2	3	3	4	2	3.7428818	3.7428818	2.5	2	4.0	2.0	1.5	3.5	0.06683373	1.0
1.7612157	0.0	31	1	4	4	4	2	2	3	4	4	4	3	1	3	1.5556517	1.5556517	3.1666667	2	1.0	1.0	1.5		0.6967617	
0.80988073	0.0	40	0	4	2	4	4	4	4		1	5	4	2	2	1.4443483	1.4443483	3.6666667	2	9.0	3.0		1.0	1.2948494	
0.8082245	0.0	45	0	4	2	3	2	2	2	4	2	3	2	4	3	1.7428818		2.5	2	9.0	1.0	2.5	3.0	-0.054612465	1.0
	0.0	48	0	4	2	4	4	2	3									3.1666667	0	6.0	0.0	3.5	1.5	0.6937683	
	0.0	42	1	2	3	3	4	2	4									3.0	2	3.0	1.0	3.0	2.5	0.66219777	
	0.0	20	1		5	4	4	4	5	5	4	4	4	3	5	0.043715954	0.043715954		2	4.0	0.0	3.0	2.0		
5.7823834	0.0	27	1	2	4	3	4	3	2	3	5	2	2	2	2	5.3994823	0.55565166	3.0	0	2.0	0.0		2.0	0.50162584	
	0.0	43	1	4	2	3	2	3	4									3.0	2	6.0	2.0	4.0	1.5	0.62558603	
0.25420377	0.0	72	1	1	1	3	3	1	3	2	1	2	3	1	2	1.043716	1.043716	2.0	2	9.0	3.0	4.0	4.0	-0.42903048	1.0
0.6852926	0.0	77	0	1	2	2	2	2	2	2	2	1	3	1	3	0.043715954	0.043715954	1.8333334	1	8.0	2.0	1.5	2.5	-0.66161865	1.0
	0.0	71	1	3	1	1	5	1	3	3	2	1	3	2	3	3.5556517	3.5556517	2.3333333	1	8.0	2.0	1.5	1.5	-0.09729817	1.0
0.4982174	0.0	67	1	2	2	2	3	3	4	4	2	4	2	1	4	2.04803	2.04803	2.6666667	1	4.0	0.0	2.5	1.5	0.3394135	1.0
	0.0	51	0	1	2	1	1	1	1	2	2	1	3	1	1	0.55565166	0.55565166	1.1666666	2	10.0	2.0	2.0	2.0	-1.4138333	1.0
	0.0	33	0	1	2	2	4	1	5	2	4	5	4	2	5	0.95628405	0.95628405	2.5	2	6.0	1.0	3.0	3.0	0.26401743	1.0
	0.0	78	1	1	3	1	3	1	3	1	3	2	4	1	2	2.043716	2.043716	2.0	0	2.0	0.0	1.0		-0.39566392	
	0.0	23	1	4	1	1	1	2	1	3	3	4	2	3	3	1.6847858	1.6847858	1.6666666	2	1.0	2.0	4.0	2.0	-0.9594574	1.0
	0.0	65	1	3	2	1	4	4	3	4	2	4	2	3	4	1.7428818		2.8333333	2	9.0	1.0	2.5	4.0	0.42616224	1.0
0.87560546	0.0	51	0	1	1	4	4	1	2	1	1	1	1	1	1	1.043716	2.7428818	2.1666667	2	10.0	3.0	3.0	1.0	-0.3570143	1.0
0.8101409	0.0	56	0	4	4	2	3	3	4	4	4	3	3	2	2	1.4443483	1.4443483	3.3333333	2	6.0	1.0	2.5	1.0	0.98407406	1.0
1.0319848	0.0	29	0	2	2	3	3	1	3	2	3	2	2	1	2	0.31521416	0.0480299	2.3333333	2	1.0	3.0	2.5	3.0	-0.10670019	1.0
0.8556778	0.0	43	0	1	1	2	2	1	2	2	1	4	4	1	2	0.25711823	0.25711823	1.5	2	10.0	4.0	4.0	3.0	-1.0072572	1.0
	0.0	59	1	4	4	1	1	3	4	3	4	3	3	3	4	5.9928102	4.742882	2.8333333	1	5.0	2.0	1.0	1.5	0.4887986	1.0
	0.0	45	0	4	2	4	4	4	4	1	1	5	3	1	1	3.5556517	3.5556517	3.6666667	1	10.0	1.0		1.0	1.2948494	
1.838781	0.0	36	1	5	1	3	3	3	3	5	5	3	3	3	4			3.0	2	0.0	1.0	1.0	1.0	0.5216636	
	0.0	21	1	2	3	5	2	1	2									2.5	2	2.0	1.0	2.5	3.5	-0.048373904	
	0.0	52	0	3	3	3	3	3	3									3.0	2	9.0	2.0	3.0	2.0	0.5636059	
	0.0	20	0	5	2	4	4	3	3	5	2	4	3	2	3	2.5556517	2.5556517	3.5	1	7.0	3.0	3.5	4.0	1.0184358	1.0
	0.0	48	0	4	2	2	2	4	2	2	4	2	3	2	2	1.7428818		2.6666667	2	9.0	1.0	3.5	3.5	0.1383959	1.0
	0.0	32	1	4	4	5	3	4	4									4.0	1	3.0	2.0	2.0	1.5	1.6229643	
	0.0	25	1	2	5	2	2	2	2	2	3	4	4	1	2	1.2571182	1.2571182	2.5	2	0.0	1.0	2.0	2.5	0.004013138	1.0
0.76142925	0.0	60	0	5	3	4	4	3	2	5	3	5	5	3	4	1.4443483	1.4443483	3.5	2	7.0	4.0	1.0	2.0	0.93698126	1.0
	0.0	27	1	4	5	2	3	4	4	3	5	3	5	3	5	3.5556517	3.5556517	3.6666667	1	0.0	1.0	2.5	3.0	1.3297127	1.0
	0.0	35	1	4	4	5	3	3	3									3.6666667	2	5.0	1.0	3.0	1.0	1.1958711	
	0.0	31	1	4	2	4	2	2	2									2.6666667	2	7.0	4.0	3.5	2.0	0.10035498	
4.716611	0.0	41	0	5	3	5	4	1	4	4	2	5	5	2	4	5.043716	5.043716	3.6666667	1	6.0	1.0	1.0	1.0	1.2501835	1.0
	0.0	77	0	5	1	1	1	1	2	1	1	1	1	4	1	0.95628405	0.95628405	1.8333334	2	8.0	2.0	4.0	4.0	-0.72966045	1.0
	2.0	53	1	3	2	3	4	3	3									3.0	2	0.0	2.0		2.5	0.56210923	
0.0945736	2.0	67	1	2	1	3	4	1	3	3	1	2	3	2	2	0.043715954	0.043715954	2.3333333	2	7.0	2.0	3.0	2.0	-0.108196884	1.0
	0.0	50	1	4	2	4	4	1	1									2.6666667	1	6.0	2.0	2.0	2.0	0.013569836	
	0.0	71	0	1	2	2	1	1	1	2	2	1	2	1	1	1.043716		1.3333334	0	6.0	1.0	2.0	3.0	-1.2588658	1.0
0.8902258	0.0	30	1	3	1	2	3	1	2	2	1	3	4	1	4	1.043716	1.043716	2.0	2	9.0	3.0	4.0	4.0	-0.5357441	1.0
	2.0	50	0	2	2	4	2	1	2	2	2	4	2	1	2	1.043716	2.7428818	2.1666667	2	10.0	3.0	4.0	4.0	-0.37499207	1.0
	0.0	33	0	2	1	4	5	1	2									2.5	2	9.0	4.0	3.0	4.0	-0.03618071	
5.7823834	0.0	30	1	3	1	3	2		1	4	2	4	3	1	2	3.7428818	0.043715954		0	3.0	0.0	1.5	2.0		
	0.0	44	1	3	3	3	3	3	3	3	3	3	3	3	3	3.5556517	3.5556517	3.0	1	7.0	0.0	3.0	3.0	0.5636059	1.0
0.5402448	0.0	44	1	1	1	3	2	1	1	1	1	1	2	1	1	2.3994823		1.5	2	7.0	3.0	2.0	4.0	-1.1053951	1.0
	0.0	34	1	2	2	3	2	1	1									1.8333334	2	8.0	2.0	4.5	2.5	-0.78306484	
	0.0	43	1	4	2	3	4	2	5									3.3333333	1	4.0	2.0	2.5	1.0	1.0450115	
0.7972121	0.0	48	0	1	2	1	3	1	2	2	1	1	1	1	1	0.25711823		1.6666666	2	1.0	3.0	1.0	1.5	-0.82041997	1.0
1.1487528	0.0	40	1	4	3	5	4	3		5	5	5	4	3	5	1.4443483	1.4443483		1	0.0	1.0	1.5	1.0		
5.7823834	0.0	63	1	2	2	3	4	2	4	2	2	2	3	1	3	3.5556517	3.5556517	2.8333333	0	0.0	3.0	1.0	1.0	0.49054706	1.0
1.6769606	0.0	39	1	3	3	3	3	3	3	4	5	3	3	2	5	1.4443483	1.4443483	3.0	2	4.0	0.0	3.5	3.0	0.5636059	1.0
3.2811143	0.0	61	1	2	3	3	3	2	2	2	2	3	4	3	2	1.043716	1.043716	2.5	0	2.0	0.0	2.0	3.0	-0.014166848	1.0
	0.0	24	1	3	2	4	4	1	2									2.6666667	2	7.0	3.0	2.5	2.0	0.11599556	
	0.0	37	1	5	3	2	4	3	3									3.3333333	0	0.0	1.0		3.0	0.8801517	
4.6034365	0.0	40	0	4	4	3	1	2	2	2	3	1	2	3	2	1.4443483	1.4443483	2.6666667	1	6.0	2.0	3.0	3.0	0.11853496	1.0
	0.0	52	1	2	2	2	2	3	1									2.0	2	2.0	1.0	3.5	1.0	-0.5900564	
4.5810957	0.0	32	0	4	3	2	4	3	2	3	4	3	1	2	4	0.31521416	0.31521416	3.0	1	4.0	2.0	1.5	3.0	0.4763668	1.0
	0.0	59	1	3	2	2	3	1	1	3	3	1	2	1	2	2.043716	2.043716	2.0	2	5.0	2.0	2.0	3.0	-0.61719865	1.0
0.7480316	0.0	66	0	3	1	1	2	1	1	2	1	1	2	1	1	5.9928102	0.55565166	1.5	1	10.0	3.0	4.0	1.0	-1.1139709	1.0
	0.0	49	0	1	1	3	4	3	4	2	1	2	4	2	2	0.95628405	0.95628405	2.6666667	2	5.0	2.0	2.5	3.0	0.34220466	1.0
5.3075833	0.0	52	0	2	1	2	1	1	2	2	1	2	1	2	1	0.7428818	0.7428818	1.5	0	10.0	3.0	2.0	3.0	-1.0267317	1.0
2.3585825	0.0	44	0	2	2	4	4	1	2	2	2	5	4	2	5			2.5	2	4.0	0.0	1.5	1.0	-0.03468401	
1.034755	0.0	42	0	2	2	1	1	1	5	3	2	1	5	2	3	0.95628405	0.95628405	2.0	2	7.0	4.0	3.0	2.5	-0.25073254	1.0
	0.0	46	1	2	4	4	2	1	3									2.6666667	2	6.0	2.0	3.0	1.0	0.22141469	
	0.0	18	0	1	2	2	4	1	1									1.8333334	2	2.0	2.0	1.5	3.0	-0.7484038	
2.9747825	0.0	43	1	4	5	3	3	3	3	4	5	1	4	3		3.2571182	2.6005177	3.5	1	0.0	2.0	1.0	3.0	1.0575869	1.0
	0.0	26	1	3	2	4	3	1											2	4.0	2.0	1.0	1.0		
	0.0	64	1	1	1	1	2	1	1	1	1	1	1	1	1	1.956284	1.956284	1.1666666	1	10.0	2.0	2.5	1.0	-1.41533	1.0
1.1238878	0.0	33	0	1	1	2	3	1	1	3	2	2	3	1	1	1.4443483	1.4443483	1.5	2	9.0	2.0		2.5	-1.0902085	
	0.0	52	0		4	2	5	3	3	1	2	3		1	2	7.5556517	7.5556517		2	1.0	1.0	2.0			
	0.0	32	1	4	2	2	2	2	2	3	2	3	4	2	2	2.5556517	2.5556517	2.3333333	2	6.0	3.0	1.5	2.5	-0.20957991	1.0
	0.0	33	0	3	2	4	5	1	3									3.0	2	9.0	4.0	4.5	2.5	0.5392549	
	0.0	28	1	2	2	4	5	3	3									3.1666667	2	5.0	3.0	2.0	4.0	0.7365511	
	0.0	27	1	5	2	5	5	1	4	5	2	4	3	2	2	2.3994823	1.7428818	3.6666667	2	3.0	2.0	2.0	2.0	1.2486868	1.0
	0.0	27	0	4	2	3	5	1	2	2	2	3	5	1	3	0.60051775		2.8333333	2	6.0	2.0	1.5	2.5	0.28186172	1.0
	0.0	53	1	5	4	5		4	4	4	2	5	3		4	1.4443483	1.4443483		1	1.0	2.0		1.0		
	0.0	26	1	2	2	4	4	1	1									2.3333333	2	6.0	1.0	4.0	3.0	-0.28778931	
	0.0	22	1	2	2	2	4	1	1	2	2	1	2	1	1	0.99281	0.39948225	2.0	2	5.0	0.0	3.0	4.0	-0.5977242	1.0
1.0071448	0.0	57	1	1	1	1	1	1	1	1	1	1	1	1	1	0.043715954	3.7428818	1.0	1	2.0	1.0	1.0	1.0	-1.585484	1.0
1.7961857	0.0	30	1	4	5		4	3		3	5	2	2	2	3	2.043716	2.043716		2	1.0	0.0	2.0			
	0.0	47	1		5		1		5	5	5			5	5	3.5556517	3.5556517		1	0.0	0.0				
	0.0	41	0	4	3	3	3	3	3	4	3	4	4	3	4	0.44434834	0.44434834	3.1666667	1	4.0	2.0	3.5	3.0	0.7142855	1.0
	0.0	46	1	2	1	1	1	4	1	1	2	2	2	2	2	0.60051775	0.60051775	1.6666666	1	6.0	2.0	5.0	5.0	-0.9128407	1.0
	0.0	30	1						3	3	4		3	3	3	2.99281	2.99281		2	4.0	0.0				
	0.0	34	0	4	2	2	4	2	3	4	3	3	2	2	4	1.7428818	1.7428818	2.8333333	2	2.0	3.0	1.5	1.0	0.38383347	1.0
	0.0	32	1	4	3	4	2	2	4									3.1666667	1	0.0	1.0	1.0		0.7782163	
	0.0	22	1	4	2	2	3	2	3	4	2	4	4	3	2			2.6666667	2	4.0	2.0	2.5	3.5	0.21367942	
	0.0	63	1	2	2	1	2	1	3	5	3	5	4	1	5	2.5556517	1.043716	1.8333334	2	7.0	2.0	4.0	3.0	-0.58678913	1.0
	0.0	29	1	5	5	5	4	4	3									4.3333335	1	0.0	1.0		1.0	1.8623433	
3.2099814	0.0	33	1	4	2	4	2	2	2	4	2	4	5	4	5	1.4443483	1.4443483	2.6666667	1	6.0	1.0	3.0	3.5	0.10035498	1.0
	0.0	24	1	4	2	2	4	2	2									2.6666667	2	4.0	1.0	2.0	3.0	0.13072816	
2.7046537	1.0	64	0	2	2	2	2	2	1	3	3	4	4	4	3			1.8333334	1	6.0	0.0	3.0	3.0	-0.76404434	
	0.0	26	1	4	2	4	4	3	4	2	4	4	4	3	2	0.25711823	0.25711823	3.5	2	5.0	1.0	2.5	2.5	1.1208615	1.0
	0.0	21	1	4	2	4	4	1	1									2.6666667	2	4.0	2.0	3.5	5.0	0.013569836	
	0.0	44	0	4	4	5	4	2	3									3.6666667	2	0.0	4.0	1.0	1.0	1.1920372	
	0.0	22	1	4	4	3	2	3	4									3.3333333	2	0.0	1.0	2.0	3.0	0.9688875	
3.7503939	0.0	57	0	5	4		5	3	5	5	3	3	4	3	5	1.4443483	1.4443483		1	0.0	1.0	4.0	1.0		
	0.0	36	0	2	2	4	4	1	2	2	2	4	4	3	2	1.0480299	1.0480299	2.5	2	8.0	4.0	3.5	4.0	-0.03468401	1.0
	0.0	24	1	4	2	3	4	1	2									2.6666667	2	5.0	3.0	2.5	2.0	0.11170769	
	0.0	23	1								4					0.0480299	2.043716		2	5.0	3.0		1.0		
1.6036059	0.0	53	0	1	1	4	2	1	2	1	1	1	1	1	2	2.7428818	2.7428818	1.8333334	1	8.0	2.0	2.5	2.0	-0.69732237	1.0
	1.0	58	1	2	1	4	2	3	3									2.5	2	10.0	2.0	3.5	2.0	0.054438304	
	0.0	37	1	2	3	4	3	2	2	4	3	4	2	1	3	3.043716	3.043716	2.6666667	2	3.0	1.0	1.5	1.0	0.1408006	1.0
	0.0	41	1	4	3	5	3	4	4									3.8333333	2	2.0	1.0	1.5	1.0	1.4513136	
	0.0	69	1	4	1	3	2	1		3	2	1	3	1	1				2	0.0	1.0	1.0	1.0		
	0.0	33	1	3	3	4	4	2	2									3.0	1	3.0	2.0	1.5	2.0	0.4616342	
4.1380343	0.0	36	1	4	3	3	4	4	3	5	3	5	4	4	3	2.5556517	2.5556517	3.5	0	0.0	1.0	1.0	1.0	1.0584275	1.0
	0.0	44	1	3	2	5	3	1	2									2.6666667	1	5.0	2.0	2.0	3.0	0.10080897	
	0.0	38	0	2	4	2	2	2	2									2.3333333	1	4.0	0.0	1.0	1.0	-0.16763759	
0.9961695	1.0	38	1	3	3	5	3	2	2	4	5	4	4	1	2			3.0	2	0.0	3.0	1.0	1.0	0.4464476	
	0.0	44	1	3	2	4	2	1	2									2.3333333	2	4.0	2.0	2.5	2.0	-0.2243125	
2.133868	0.0	48	0	2	2	4	3	1	2	4	3	3	3	2	2	2.99281	2.99281	2.3333333	2	0.0	0.0	1.0	1.0	-0.20483804	1.0
	0.0	54	0	4	5	4	2	1	3									3.1666667	1	2.0	2.0	3.0	1.0	0.69442457	
	0.0	20	1	3	3	3	3	3	3									3.0	1	4.0	2.0	3.0	3.0	0.5636059	
1.0258461	0.0	53	1	1	2	1	1	1	1	3	1	1	3	1	4	3.5556517	3.5556517	1.1666666	1	3.0	3.0	2.0	1.0	-1.4138333	1.0
0.53107166	0.0	50	1	2	2	4	2	1	1	2	3	5	4	1	2	3.5556517	3.5556517	2.0	2	7.0	3.0	4.5	1.0	-0.62809736	1.0
0.7267285	0.0	76	0	1	1	1	1	1	1	1	1	1	1	1	1	1.956284	1.956284	1.0	1	9.0	2.0	2.5	2.0	-1.585484	1.0
	0.0	40	0	1	1	1	1	1	1	2	1	3	2	1	1	1.956284	3.6847858	1.0	1	10.0	3.0	3.0	4.0	-1.585484	1.0
1.7113664	0.0	46	1	1	1	1	3	1	1	1	1	5	5	1	1		1.7428818	1.3333334	2	10.0	2.0	1.5	1.0	-1.245176	
	0.0	67	1	1	1	1	2	1	1	1	1	1	2	1	1	0.043715954	2.04803	1.1666666	2	8.0	1.0	2.5	1.0	-1.41533	1.0
	0.0	65	1	4	4	5	5	3	5	4	5	4	5	4	5	2.956284	2.956284	4.3333335	2	6.0	2.0	1.5	1.0	2.0423899	1.0
0.25207916	0.0	65	1	1	2	2	4	2	3	2	3	4	3	2	3	1.7428818	1.7428818	2.3333333	2	6.0	1.0			-0.06820526	
	0.0	52	0	2	1	1	3	1											2	10.0	3.0	3.5	1.5		
0.70944077	0.0	72	0	1	1	2	2	1	3	1	1	1	1	5	1	0.95628405	0.95628405	1.6666666	1	8.0	4.0	3.5	3.0	-0.75415194	1.0
0.7216628	1.0	53	0	2	5	1		5			5	5	1	5	5				2	0.0	1.0	1.0	1.0		
5.7823834	0.0	76	0	4	2	4	4	4	4	3	3	3	3	3	3			3.6666667	0	0.0	2.0			1.2948494	
	0.0	23	1	1	4	4	4	1	2									2.6666667	2	3.0	2.0	2.5	4.0	0.15793787	
	0.0	20	1	4	3	4	4	3	3									3.5	1	6.0	1.0	2.0	3.5	1.039407	
0.7018796	0.0	71	0	2	1	2	2	1	2	2	1	2	3	1	2	1.043716	1.043716	1.6666666	1	7.0	3.0	4.0	2.0	-0.8565777	1.0
	0.0	31	1	2	3	4	2	2	3	4	4	4	2	2	3	0.043715954	4.3994823	2.6666667	2	2.0	1.0	2.5	1.0	0.22375186	1.0
	0.0	23	0	3	3	5	2	3	1									2.8333333	2	6.0	1.0	2.5	3.0	0.19717619	
	0.0	23	1	3	1	5	3	1	3	5	4				4	4.5556517	4.5556517	2.6666667	1	0.0	1.0	1.0		0.18226354	
	0.0	54	0	4	3			4			5			4		2.5556517	2.5556517		2	0.0	4.0		1.0		
	0.0	21	1	3	3	4	4	1	2		5	5	4	2	2	1.0480299	1.0480299	2.8333333	1	0.0	1.0	1.0		0.2876463	
0.5560983	0.0	59	1	3	2	2	3	2	2	3	1	3	4	3	2	1.7428818	1.7428818	2.3333333	2	5.0	3.0	1.5	2.0	-0.19010545	1.0
	0.0	55	1	1	2	2	4	1	3	2	2	2	2	2	2	4.742882	4.742882	2.1666667	2	1.0	4.0	2.5	2.5	-0.24219316	1.0
	0.0	36	1	5	5	3		3	5										1	5.0	2.0	1.0	1.0		
1.1070837	0.0	51	1	5	3	1	4	1	3	4	2	1	1	1	3	3.5556517	3.5556517	2.8333333	1	5.0	1.0	3.0	1.0	0.3772084	1.0
2.9297862	0.0	39	1	4	5	5	5	5	5	5	5	5	5	4	5			4.8333335	1	0.0	0.0	1.0	1.0	2.5620162	
	0.0	53	0		5	5	5	5	5										2	3.0	0.0	1.0	1.0		
1.3856474	0.0	51	0	1	1	1	2	1	2	1	1	1	1	1	1	1.3994823	1.3994823	1.3333334	1	4.0	2.0	1.0	1.0	-1.1622247	1.0
	0.0	21	1	5	5	5	5	2	5									4.5	1	4.0	2.0	3.5	3.0	2.1907322	
5.7823834	0.0	48	0	2	4	2	2	1	2	3	2	3	4	1	1	1.043716	1.0480299	2.1666667	0	6.0	1.0	3.5	2.0	-0.3416255	1.0
	0.0	44	1	3	2	4	1	1	2									2.1666667	2	0.0	1.0	1.0	3.0	-0.39446655	
	0.0	40	1	4	1	3	3	2	3									2.6666667	1	6.0	2.0	3.0	1.5	0.19699614	
	0.0	43	0	5	5	4	4	4	5	5	5	4	5	5	5	1.4443483	1.4443483	4.5	1	9.0	4.0	5.0	1.5	2.2135866	1.0
	0.0	70	1	2	1	1	2	1	2	3	2	1	2	1	1	1.043716	2.7428818	1.5	1	8.0	1.0	2.0	2.5	-1.0115452	1.0
0.8141095	0.0	48	0	2	2	2	2	1	2	2	2	2	2	2	2	0.043715954	2.04803	1.8333334	2	8.0	2.0	4.0	4.0	-0.684927	1.0
	0.0	51	0	1	1	2	1	1	2	1	2	4	1	1	2	1.2571182	0.007189989	1.3333334	2	8.0	3.0	4.0	3.5	-1.1774113	1.0
	0.0	69	1	3	1	4	3	1	2	2	2	3	4	1	5	0.55565166	0.55565166	2.3333333	2	9.0	4.0	3.5	2.0	-0.2258092	1.0
	0.0	48	0	2	3	3	3	3	3	3	4	1	2	3	3	3.5556517	3.5556517	2.8333333	1	4.0	1.0	1.5	3.0	0.41292635	1.0
	0.0	20	1	3	4	5	3	5	3	4	3	4	2	1	3	7.3994823	7.3994823	3.8333333	0	6.0	1.0	3.5	3.0	1.3931674	1.0
0.37640154	0.0	70	0	2	4	2	3	1	2	2	2	2	2	1	2	0.043715954	0.043715954	2.3333333	2	7.0	4.0	3.5	2.5	-0.17147146	1.0
	0.0	38	1	5	3	5	4	1	3	5	3	5	2	2	5	1.4443483	1.4443483	3.5	2	5.0	2.0	2.0	1.0	0.9970782	1.0
	0.0	29	0	2	4	1	3	2	1	1	3	1	1	2	1	1.7428818	3.5556517	2.1666667	2	5.0	2.0	2.5	1.5	-0.4055563	1.0
0.2805301	0.0	68	1	4	2	3	4	1	2	3	3	2	4	2	3	2.6005177	2.6005177	2.6666667	2	7.0	1.0	2.0	2.0	0.11170769	1.0
0.6772883	0.0	45	1	1	5	1	2	1	1	3	1	2	2	2	2	1.5556517	1.5556517	1.8333334	2	8.0	3.0	4.0	1.5	-0.7287271	1.0
0.52056104	0.0	57	1	2	2	3	4	2	2	2	1	2	3	2	2	1.0480299	1.0480299	2.5	2	4.0	1.0	2.5	1.5	-0.015663546	1.0
	0.0	39	1	3	3	3	3	3	3									3.0	2	8.0	1.0	4.0	2.0	0.5636059	
0.9497507	0.0	26	0	2	4	2	3	2	2	3	3	3	2	4	3	0.9519701	0.9519701	2.5	2	5.0	2.0	3.0	4.0	0.0025164406	1.0
0.5571784	0.0	34	1	4	5	4	4	2	3	2	3	2	3	2	4	0.44434834	0.44434834	3.6666667	2	6.0	2.0	2.5	2.5	1.2087206	1.0
	0.0	50	1	3	2	2	4	2	3									2.6666667	2	6.0	3.0	2.0	2.0	0.23315388	
3.3477259	0.0	42	1	1	3	2	4		3	5	3	4	2		3				1	0.0	2.0		2.0		
0.31232256	0.0	65	1	1	2	3	4	2	2	1	2	2	4	3	3			2.3333333	2	0.0	3.0	1.5	1.0	-0.16634312	
1.2773805	2.0	25	1	4	3	4	5	3	4	4	3	4	5	3	4			3.8333333	2	5.0	1.0	2.0		1.4626663	
1.592746	0.0	52	0	2	1	1	2	1	1	3	1	2	3	1	1	1.7428818	1.7428818	1.3333334	1	8.0	4.0	3.0	3.5	-1.2646505	1.0
0.25422975	0.0	72	1	2	2	1	3	1	4	2	2	1	3	1	1	2.043716	2.043716	2.1666667	2	5.0	2.0	1.0	2.0	-0.16352977	1.0
	0.0	20	1	2	3	4	4	1	2									2.6666667	1	4.0	2.0	4.0	3.0	0.13696672	
	0.0	51	1	4	5		2	1	4										1	5.0	3.0	3.0	1.0		
	0.0	43	1	5	4	5	4	3	3									4.0	1	5.0	1.0	1.5	2.5	1.5167047	
1.4105756	0.0	21	1	3	2	1	4	2	2	4	2	4	1	3	1	4.742882	4.742882	2.3333333	1	2.0	2.0	3.0	3.0	-0.17491886	1.0
1.512124	0.0	51	0	1	1	4	2	1	2	1	1	2	2	1	1	0.99281	0.25711823	1.8333334	1	9.0	4.0	3.5	3.5	-0.69732237	1.0
	0.0	23	1	3	4	1	5	4	4	4	5	5	5	3	2	1.043716	1.043716	3.5	2	0.0	2.0	1.0	1.0	1.192723	1.0
1.8158137	0.0	65	1	1	1	1	1	1	1	1	1	1	1	1	1	8.555652	8.555652	1.0	0	10.0	2.0	2.5	1.0	-1.585484	1.0
	0.0	51	1	5	1	3	4	4	4	2	1	1	3	1	1	0.55565166	0.55565166	3.5	1	0.0	1.0	2.0	3.0	1.1189108	1.0
	0.0	43	1	4	3	2	4	3	4									3.3333333	2	3.0	3.0	3.0	1.5	0.9825774	
1.2369082	0.0	33	0	1	4	2	1	1	1	1	1	1	2	1	2	0.043715954	0.043715954	1.6666666	2	1.0	1.0	3.0	3.0	-0.9155644	1.0
	0.0	55	1	3	2	4	2	2	2	4	2	4	1	1	1	0.25711823	0.25711823	2.5	2	6.0	2.0	2.0	2.0	-0.050324596	1.0
3.920804	0.0	71	1	3	2	3	3	3	3	3	2	4	3	3	3		2.2571182	2.8333333	0	6.0	2.0	2.0	3.0	0.3919552	
1.4426813	0.0	66	1	2	2	2	2	2	2	2	2	2	2	2	2			2.0	1	7.0	0.0	4.0	2.5	-0.51093906	
	0.0	22	0	4	3	2	4	2	2	3	5		4	3	3	1.5556517		2.8333333	2	7.0	0.0	2.5		0.3023789	
	0.0	51	1	4	1	3	4	1	1	2	2	2	2	1	2	2.043716	2.043716	2.3333333	1	5.0	1.0	1.0	1.0	-0.31304833	1.0
	0.0	46	1	4	4	2	3	2	4	4	2	2	3	2	4	3.5556517	3.5556517	3.1666667	2	0.0	1.0			0.8100862	
	0.0	26	1	4	3	5	4	3	3	4	3	4	3	4	3	2.99281	2.99281	3.6666667	2	5.0	1.0	2.5	1.0	1.1943744	1.0
	0.0	25	1	2	2	4	4	2	4									3.0	2	1.0	1.0	2.0	3.0	0.6455145	
2.6767688	0.0	58	1	2	3	1	4	4	3	3	2	2	4	3	3			2.8333333	1	1.0	2.0	1.0	1.5	0.44713342	
	0.0	21	1	4	3	3	4	2	3									3.1666667	1	3.0	1.0	2.0	3.0	0.7104516	
0.4220373	0.0	81	0	4	2	2	2	2	2	1	1	1	2	1	2	2.7428818	1.0480299	2.3333333	2	8.0	3.0	1.0	1.0	-0.20957991	1.0
3.4550533	0.0	36	1	4	2	1	2	1	4	2	2	1	2	2	3	3.7428818	3.7428818	2.3333333	1	3.0	1.0	3.5	4.0	-0.032324664	1.0
	0.0	25	1	2	5	4	4	4	4									3.8333333	1	1.0	2.0	1.0	1.0	1.5084425	
1.8156587	0.0	30	1	2	3	4	5	4	3	4	4	4	3	3	4	1.043716	1.043716	3.5	2	0.0	1.0	4.0		1.0821898	
0.49047485	0.0	74	1	4	2	1	1	1	1	2	1	1	1	1	1	1.5556517	1.5556517	1.6666666	1	6.0	1.0	1.0	2.0	-0.96179456	1.0
	0.0	60	1	2	2	2	3	2	2	4	2	2	4	2	2	1.7428818	2.043716	2.1666667	1	5.0	2.0			-0.34078503	
	0.0	57	1	1	1	1	1	1	1	1	1	1	1	1	1	1.00719	2.2571182	1.0	1	8.0	2.0	5.0	5.0	-1.585484	1.0
0.7499033	0.0	66	0	1	2	1	1	1	1	2	2	2	2	1	2	1.9519701	1.9519701	1.1666666	1	3.0	1.0	2.0	1.0	-1.4138333	1.0
0.81215686	0.0	29	1	2	2	2	2	1	3	2	2	2	2	1	1	0.25711823	0.39948225	2.0	2	8.0	1.0	5.0	5.0	-0.43182167	1.0
	0.0	25	0	3	4	5	2	4	2	4	2	4	1	1	4	3.2571182	3.2571182	3.3333333	2	2.0	1.0	1.0	2.0	0.79592013	1.0
	0.0	39	1	1	2	4	3	1	2									2.1666667	2	8.0	3.0	2.5	1.0	-0.35551763	
	0.0	42	1	2	3	1	2	2	3	4	2	2	3	2	3	3.5556517	3.5556517	2.1666667	1	1.0	0.0	1.0	2.0	-0.24115047	1.0
	0.0	54	0	2	2	4	2	2	2	4		4	1	1	1	0.043715954	0.043715954	2.3333333	1	7.0	3.0	3.0	2.0	-0.20100416	1.0
	0.0	23	0	4	1	3	4	1	3									2.6666667	2	1.0	1.0	1.0	2.5	0.19316226	
2.4725504	0.0	68	0	2	2	2	4	4	4	2	2	3	4	2	3	1.2571182	0.007189989	3.0	0	7.0	2.0	2.0	1.0	0.6835554	1.0
1.0333649	0.0	41	0	1	2	4	4	3	2	2	2	4	2	3	2	1.043716	1.043716	2.6666667	2	3.0	0.0	1.5	1.5	0.16261223	1.0
0.595689	0.0	40	1	4	2	5	4	2	2	4	3	3	2	2	3	0.007189989	1.2571182	3.1666667	2	6.0	2.0	3.0	2.0	0.59563047	1.0
	0.0	46	1	5	3	2	4	1	4									3.1666667	1	5.0	1.0	2.0	3.0	0.7852811	
0.49355575	0.0	53	1	4	2	5	5	4	5	4	4	5	4	3	4			4.1666665	2	2.0	2.0	3.0	3.0	1.8730762	
4.304276	0.0	51	0	3	2	4	2	1	2	2	2	2	3	2	2	3.043716	3.043716	2.3333333	1	6.0	1.0	4.5	2.0	-0.2243125	1.0
0.5059832	0.0	59	1		2	3	2	2	2	1	3	3	4	3	3	0.043715954	0.043715954		2	1.0	3.0	1.0	1.5		
0.9800716	0.0	37	0	1	1	3	3	1	1	1	1	1	1	1	1	1.2571182	0.60051775	1.6666666	2	8.0	3.0	3.5	3.5	-0.9352411	1.0
2.3596933	0.0	49	0	1	2	2	3	2	2	2	2	2	2	2	4	2.5556517	2.5556517	2.0	2	0.0	1.0	4.0	2.0	-0.49146459	1.0
	0.0	39	0	4	4	5	4	3	3									3.8333333	1	7.0	2.0	1.0	1.0	1.3660251	
	0.0	60	1	1	2	3	3	1	1	2	2	1	1	2	1	3.2571182	3.2571182	1.8333334	0	8.0	3.0	4.0	3.5	-0.76359034	1.0
1.0342414	0.0	51	0	1	1	2	1	2	2	3	1	3	1	1	1	1.956284	1.956284	1.5	2	10.0	3.0	4.0	2.5	-1.0034233	1.0
4.9315953	0.0	63	0	3	2	3	3	3	3	4	2		3	2	4	1.4443483	1.4443483	2.8333333	0	5.0	2.0	3.0	1.0	0.3919552	1.0
0.72827715	0.0	47	1	4	1	5	5	1	5	4	1	4	5	1	4	1.956284	1.956284	3.5	2	9.0	4.0	4.0	1.0	1.1794617	1.0
	0.0	66	0	1	1	1	2	1	1									1.1666666	1	0.0	4.0	2.0	2.0	-1.41533	
	0.0	60	1	4	1	2	3	2	2	3	1	2	2	1	2	0.95628405	0.55565166	2.3333333	1	8.0	2.0	2.0	1.5	-0.2110766	1.0
	0.0	59	0	3	1	2	3	2	2	3	4	2	2	2	2			2.1666667	0	0.0	0.0	1.0	3.0	-0.36175618	
1.0620104	0.0	47	1	2	1	3	3	2	3	1	2	3	3	1	1	0.25711823	0.25711823	2.3333333	1	6.0	2.0	3.5	3.0	-0.10436301	1.0
0.99528915	0.0	61	1	2	2	2	2	1	2	4	1	1	1	1	1	2.04803	2.04803	1.8333334	1	2.0	2.0	1.0	1.0	-0.684927	1.0
2.6729946	0.0	61	1	3	1	1	2	1	2	1	1	3	1	1	2			1.6666666	1	5.0	1.0	2.0	3.0	-0.86086553	
0.8755927	0.0	53	0	4	1	2	2	2	2	3	1	2	1	2	2	0.55565166	0.55565166	2.1666667	2	9.0	1.0	4.0	3.0	-0.38123065	1.0
	0.0	50	1	2	2	2	3	1	2									2.0	0	6.0	3.0	1.5	2.5	-0.51477295	
	0.0	67	1	1	2	1	2	1	1									1.3333334	2	7.0	1.0	2.5	5.0	-1.2436793	
1.4553035	0.0	21	1	4	3	4	3	2	3	3	2	4	3	2	2	1.2571182	1.2571182	3.1666667	1	8.0	2.0	2.5	2.0	0.69526505	1.0
	0.0	59	1	3	1	2	3	1	1	2	1	2	4	1	1	0.95628405	0.95628405	1.8333334	1	7.0	2.0	2.0	1.0	-0.78884935	1.0
	0.0	27	1	4	3	4	3	2	2	2	2	3	4	3	4	0.95628405	0.95628405	3.0	2	8.0	3.0	2.0	2.5	0.44215974	1.0
	0.0	59	1	1	1	1	2	1	1	1	1	1	1	1	2	2.2571182	2.2571182	1.1666666	2	10.0	3.0	4.0	4.0	-1.41533	1.0
1.7477553	0.0	47	0	1	1	2	2	1	1	1	1	2	4	1	2	1.6847858	1.6847858	1.3333334	1	10.0	2.0	3.0	2.5	-1.2603625	1.0
	0.0	62	1	1	2	1	2	2	1	1	1	1	1	1	1	1.4443483	1.4443483	1.5	2	9.0	1.0	4.0	2.0	-1.0696914	1.0
0.67464906	0.0	34	1	2	2	4	2	2	4	1	4	1	4	2	4	1.4443483	1.4443483	2.6666667	2	5.0	1.0	1.0	1.0	0.30520642	1.0
	0.0	32	1	3	4		2	2	3										2	1.0	0.0	1.5	1.0		
1.0078205	0.0	31	0	3	2	3	2	1	4	2	2	3	3	2	2	2.5556517	2.5556517	2.5	2	9.0	3.0	3.5	3.0	0.12693065	1.0
	0.0	32	0	2	2	4	3	2	3									2.6666667	2	8.0	2.0	3.5	1.0	0.22225516	
	0.0	50	1	1	1	1	1	1	2	2	1	1	1	1	1	0.043715954	0.043715954	1.1666666	2	10.0	2.0	4.5	1.0	-1.3323787	1.0
3.0539794	0.0	21	0	4	2	3	3		2		4	3	3	4	4	1.5556517	3.7428818		2	6.0	0.0	1.5	4.5		
	0.0	27	1	2	2	4	4	2	2									2.6666667	2	7.0	2.0	3.0	3.0	0.1393039	
	0.0	31	1	3	4	4	4	3	4									3.6666667	2	2.0	1.0	1.0	1.0	1.3134835	
0.5890718	0.0	38	1	2	2	4	5	1	3	2	1	2	3	1	2	1.5556517	1.5556517	2.8333333	2	7.0	3.0	2.0	1.0	0.38857532	1.0
	0.0	46	1	4	2	4	4	1	1									2.6666667	2	8.0	4.0	4.0	4.5	0.013569836	
	0.0	20	1	4	4	4	4	4	4									4.0	2	2.0	1.0	2.5	3.0	1.6381509	
	0.0	22	1	4	3	4	5	3	3									3.6666667	1	4.0	1.0	2.0	1.5	1.209561	
	0.0	69	1	5	2	4	2	2	2	4	1	2	4	1	3	0.95628405	0.95628405	2.8333333	0	4.0	1.0	1.0	1.5	0.25103456	1.0
	0.0	31	1	3	2	1	2	1	3	4	2	1		2		0.55565166	0.55565166	2.0	1	6.0	2.0	2.0		-0.43610954	
	0.0	35	1	3	4	4		3	3										2	2.0	1.0	2.5	1.0		
1.0066609	0.0	57	1	4	3	4	2	1	2	4	3	4	1	1	2	0.55565166	0.55565166	2.6666667	1	6.0	3.0	3.5	1.5	0.0980178	1.0
	0.0	51	0	1	2	4	2	1	1									1.8333334	2	6.0	3.0	4.0	1.0	-0.77877694	
0.9548478	0.0	57	1	2	5	1	1	3	5	1	5	1	1	3	5	2.00719	2.6005177	2.8333333	1	0.0	3.0	5.0	1.0	0.61219543	1.0
	0.0	73	1	3	2	4	1	1	1									2.0	2	7.0	2.0	4.0	4.0	-0.64757186	
1.0219218	0.0	56	1	3	3	3	3	3	3	3	3	4	4	2	3			3.0	1	0.0	4.0	3.0	2.0	0.5636059	
	0.0	48	1	3	1	1	1	1	1	3	1	2	2	1	1	0.0480299	2.3994823	1.3333334	2	8.0	4.0	4.0	2.5	-1.2841249	1.0
1.5087987	0.0	49	0	2	2	2	4	1	2	2	2	2	2	2	2	1.00719	2.2571182	2.1666667	1	9.0	4.0	4.0	4.0	-0.3446189	1.0
	0.0	34	0	4	5	5	4	3	5									4.3333335	0	0.0	2.0	1.0	1.0	2.0438864	
	0.0	62	1	3	3	3	3	1	3	4	2	4	4	4	4	2.3994823	2.3994823	2.6666667	1	2.0	1.0	2.0	3.0	0.21563011	1.0
0.60426974	0.0	45	1	4	2	5	3	3	4	3	3	4	2	3	2			3.5	2	4.0	0.0	4.0	3.5	1.105675	
	0.0	37	1	1	2	2	1	1	2	1	2	3	2	1	1	0.95628405	0.95628405	1.5	2	9.0	2.0	5.0	1.5	-1.0057606	1.0
	0.0	21	1	3	2	4	4	1	1	1	2	5	4	2	1	1.7428818	1.7428818	2.5	1	0.0	1.0	1.0	1.5	-0.13710974	1.0
	0.0	51	1	3	4	4	4	3	3									3.5	2	6.0	1.0	1.0	3.0	1.0603781	
	0.0	32	1	3	3	4	3	3	3	3	3	3	3	1	3	2.6005177	2.6005177	3.1666667	2	5.0	1.0	3.0	2.5	0.7185734	1.0
	0.0	46	1	2	2	4	2	1	3									2.3333333	2	3.0	3.0	3.5	1.0	-0.12188678	
	0.0	30	1	2	3	3	4	3	3									3.0	2	5.0	2.0	2.0	3.0	0.5830804	
0.7931012	2.0	35	0	4	3	4	4		4	4	3	4	4	3	3				2	5.0	1.0	3.5	4.5		
1.0112492	0.0	45	1	3	3	3	4	3	3	2	3	3	3	2	3	0.0480299	0.0480299	3.1666667	1	5.0	4.0	3.0	3.0	0.73375994	1.0
	0.0	23	0	2	2	2	2	2	3									2.1666667	2	0.0	1.0	2.0	3.0	-0.25783375	
	0.0	20	1	2	2	4	4	2	1									2.5	1	7.0	3.0	4.0	4.0	-0.1138014	
	0.0	33	1	1	5	4	2	2	1	1	1	3	1	1	2	1.043716	1.0480299	2.5	2	7.0	4.0	4.0	1.5	-0.08983685	1.0
	0.0	29	1	4	2	3	4	2	2	4	2	2	3	2	3	0.25711823	0.25711823	2.8333333	1	7.0	3.0	4.0	4.0	0.2856956	1.0
	0.0	46	1	4	2	3	2	2	3									2.6666667	2	3.0	2.0	3.0	1.5	0.19849283	
1.0457356	0.0	57	1	1	2	1	1	1	1	3	1	2	2	1	2	3.5556517	3.5556517	1.1666666	1	6.0	1.0	1.5	2.0	-1.4138333	1.0
1.0755311	0.0	49	1	4	2	4	4	4	3	4	2	4	4	4	4	0.7428818	0.7428818	3.5	1	4.0	2.0	4.0	3.5	1.0417441	1.0
	0.0	24	0	3	3	2	2	2	3									2.5	2	6.0	1.0	3.0	3.0	0.06449655	
5.7823834	0.0	60	1	2	2	2	2	2	2	2	2	2	3	3	2	1.043716	1.043716	2.0	0	0.0	1.0	1.5	1.5	-0.51093906	1.0
0.8106466	2.0	35	0	4	4	4	4		4	4	4	4	4	3	4	0.39948225	0.39948225		2	3.0	0.0	3.5	3.0		
	0.0	23	1	3	2	1	2	3	1									2.0	2	7.0	2.0	2.5	3.5	-0.5943443	
	0.0	31	0	4	2	4	2	2	4	4	3	4	4	3	4	0.007189989	0.007189989	3.0	2	5.0	1.0		3.5	0.6065656	
	0.0	62	1	1	3	1	2	3	2	3	2	2	4	3	4	3.5556517	3.5556517	2.0	2	0.0	2.0	2.5	1.0	-0.4709474	1.0
	0.0	39	1	4	5	4	2	2	4	4	5	2	2	3	5	0.25711823	0.39948225	3.5	1	0.0	2.0		2.0	1.1215178	
0.6820309	0.0	45	1	3	2	5	5	3	4	2	4	4	4	3	5		0.7428818	3.6666667	2	1.0	1.0	1.0	2.0	1.2953035	
1.0620868	0.0	21	0	3	2	4	4	4	4	2	2	3	2	4	3	1.5556517	1.5556517	3.5	2	7.0	2.0	4.0	4.0	1.1441699	1.0
0.5642243	0.0	49	1	1	2	4	3	2	2	2	2	4	4	1	2	1.043716	3.3994823	2.3333333	2	6.0	4.0	3.0	4.0	-0.18152972	1.0
	0.0	39	1	2	2	2	3	1	1	1	2	3	2	1	2	0.44434834	0.44434834	1.8333334	1	4.0	1.0	1.5	1.5	-0.76787823	1.0
	0.0	47	0	1	1	1	1	1	1	1	1	1	1	1	1	2.2571182	2.2571182	1.0	1	9.0	4.0	4.5	5.0	-1.585484	1.0
1.8413899	0.0	38	0	4	1	3	2	2	2	4	1	2	3	1	2	0.55565166	0.55565166	2.3333333	1	7.0	4.0	4.5	4.0	-0.2262632	1.0
	0.0	48	0	3	1	3	3	1	4	3	4	2	3	1	3	1.7428818	1.7428818	2.5	2	6.0	1.0	1.0	3.5	0.12543395	1.0
	0.0	47	1	2	2	4	2	2	2									2.3333333	2	7.0	3.0	2.0	2.5	-0.20100416	
	0.0	24	1	4	1	3	3	1	1									2.1666667	2	2.0	2.0	4.0	3.5	-0.48320237	
0.68220425	0.0	27	1	4	2	5	4	2	3	5	2	3	5	3	4	1.2571182	0.60051775	3.3333333	2	3.0	3.0	3.5	2.5	0.84873575	1.0
	0.0	28	0	4	2	4	4	4	4	3	2	3	4	2	3	2.2571182	1.6005177	3.6666667	2	7.0	2.0	4.0	4.0	1.2948494	1.0
	0.0	51	0	4	2	4	5	3	4									3.6666667	1	6.0	1.0	3.0	2.0	1.2910156	
	0.0	62	0	1	1	1	2	1	1									1.1666666	2	6.0	3.0	2.0	1.0	-1.41533	
	0.0	50	1		3	5	5	3	4										2	0.0	1.0		1.0		
1.4943678	0.0	53	0	3	3	3	3	2	3	3	3	3	3	3	3	0.043715954	0.043715954	2.8333333	1	7.0	2.0	3.0	3.0	0.389618	1.0
	0.0	29	1	5			5	5	5										2	0.0	0.0	4.5	2.5		
	0.0	33	1	4	5	1	3	3	5	2	2	3	3	4	4	3.5556517	3.5556517	3.5	2	0.0	1.0	2.5	1.5	1.2538626	1.0
	0.0	74	0	3	3	2	3	3	2	3	3	2	2	3	2	0.0480299	0.0480299	2.6666667	0	5.0	2.0	2.0	3.0	0.1555332	1.0
	0.0	49	1	2	2	3	4	2	3									2.6666667	2	3.0	1.0	1.0	1.5	0.23744175	
	0.0	43	1		3	4	3	2	2										1	5.0	2.0	2.0	1.5		
	0.0	20	1	2	2	3	4	2	2									2.5	1	4.0	2.0	2.5	4.0	-0.015663546	
	0.0	28	1	5	3	4	3	3	4									3.6666667	0	5.0	0.0	2.5	1.5	1.2730378	
	0.0	38	0	1	4	4	2	3	4	1	5	5	3	4	4	0.60051775	0.60051775	3.0	2	6.0	2.0	3.5	1.5	0.67181623	1.0
	0.0	32	0	4	1	1	1	1	1	1	1	1	1	1	1	6.043716	6.043716	1.5	2	10.0	4.0	5.0	4.5	-1.1334453	1.0
	0.0	67	1	1	2	2	2	1	2									1.6666666	1	8.0	2.0	3.0	4.0	-0.8356065	
1.6633207	0.0	44	0	1	1	1	2	1	1	1	1	2	1	3	1	4.742882	4.742882	1.1666666	1	8.0	3.0	4.0	4.0	-1.41533	1.0
	0.0	54	0	1	1	3	2	2	1	1	1	1	1	1	1	1.956284	1.956284	1.6666666	2	10.0	4.0	5.0	1.0	-0.9314072	1.0
	0.0	57	1	1	2	3	2	1	1	1	2	2	3	1	1	1.3994823	1.3994823	1.6666666	2	5.0	3.0	1.0	3.5	-0.9337444	1.0
	0.0	53	0	1	4	2	2	1	2	1	1	2	2	1	1	4.043716	0.25711823	2.0	1	8.0	3.0	4.0	3.5	-0.49230507	1.0
1.7374142	0.0	40	0	2	2	2	2	1	4	1	2	2	2	1	3	0.55565166		2.1666667	1	7.0	2.0	1.5	1.0	-0.17871636	1.0
	0.0	86	0		3	2	4	3	3	1	4	2	4	2	4	0.55565166	0.55565166		1	6.0	4.0	1.5	1.5		
2.3754406	0.0	18	0	2	1	2	2	1	2	2	2	2	2	1	1	3.04803	3.04803	1.6666666	1	8.0	4.0	1.0	3.0	-0.8565777	1.0
0.93499064	0.0	40	0	4	4	4	3	2	4	4	3	3	3	3	4	2.043716	0.0480299	3.5	2	5.0	3.0	2.0	2.0	1.1200211	1.0
	0.0	61	1	1	1	1	1	1	1	3	2	1	1	1	1	2.956284	1.4443483	1.0	1	9.0	3.0	4.0	1.0	-1.585484	1.0
	0.0	18	1	4	4	5	5	4	3	1	4	5	4	2	4	2.3994823	2.3994823	4.1666665	1	3.0	1.0	3.5	4.0	1.710167	1.0
2.0752342	0.0	69	0	1	1	1	4	1	1	1	1	1	1	1	1	0.043715954	1.6847858	1.5	1	10.0	4.0	3.0	4.0	-1.075022	1.0
	0.0	25	1	4	1	5	4	4	1	3	2	4	1	3	2	3.04803	0.95628405	3.1666667	2	9.0	3.0	2.5	3.5	0.51885027	1.0
	0.0	51	0	2	2	4	4	2	1									2.5	2	6.0	3.0	2.0	2.0	-0.1138014	
	0.0	76	0	2	2	2	3	3	3	3	2	3	3	2	1	2.04803	2.04803	2.5	1	7.0	3.0	3.0	3.0	0.08630818	1.0
	0.0	20	0	3	3	3	3	3	3	3	3		3	3	3	0.39948225	0.99281	3.0	1	0.0	1.0	3.0	3.0	0.5636059	1.0
0.9921808	0.0	53	1	3	2	4	2	3	3	3	2	4	4	2	3	5.04803	5.04803	2.8333333	1	10.0	2.0	1.5	1.0	0.37676862	1.0
	0.0	38	0	1	1	1	2	1	2	2	1	1	2	1	1	0.44434834	0.44434834	1.3333334	1	8.0	1.0	1.5	1.5	-1.1622247	1.0
	0.0	39	1	4	4	4	3	2	4									3.5	1	3.0	2.0	2.5	1.0	1.1200211	
	0.0	29	0	4		3	2	2	1	1	3	1	2	4	3	0.043715954	0.043715954		2	8.0	1.0	1.5	2.5		
	0.0	44	0							3	3	4	3	3	3	0.043715954	0.043715954		1	5.0	2.0				
0.58632106	0.0	44	1	1	3	4	4	2	2	3	4	4	3	1	3	0.44434834	0.44434834	2.6666667	2	3.0	2.0	1.0	1.0	0.16027506	1.0
1.4417388	0.0	29	1	5	3	4	4	1	2	4	2	5	4	1	2	0.25711823	0.39948225	3.1666667	1	7.0	3.0	1.0	1.0	0.5890054	1.0
0.48288515	0.0	72	1	3	2	4	4	3	3	2	2	2	3	2	3	0.95628405	0.95628405	3.1666667	1	7.0	3.0	3.5	1.0	0.71707666	1.0
	0.0	52	0	1	1	1	1	1	3									1.3333334	1	9.0	2.0	4.0	2.0	-1.0792735	
1.8496451	0.0	26	1	4	2	5	4	1	2	4	3	4	4	3	3	0.55565166	0.55565166	3.0	2	4.0	1.0	2.5	2.0	0.42164257	1.0
2.0613005	0.0	52	0	1	1	4	2	1	1	1	1	2	1	1	2	2.00719	2.00719	1.6666666	2	10.0	1.0	4.5	1.0	-0.95042765	1.0
	0.0	73	0		2	2	4	4	3	1		3	3	4	4				1	0.0	1.0	1.0			
	0.0	39	1	3	3	5	5	1	3	4	2	4	4	1	3	2.043716	2.043716	3.3333333	2	2.0	1.0	1.0	3.5	0.86587304	1.0
4.4366217	0.0	58	0	1	1	2	2	1	2	5	1	3	1	1	5	2.043716	2.043716	1.5	1	4.0	4.0	5.0	2.0	-1.0072572	1.0
1.4083035	0.0	63	0	1	1	2	2	1	1	1	1	1	2	1	2	2.956284	2.956284	1.3333334	1	10.0	3.0	4.0	4.0	-1.2603625	1.0
1.2524035	0.0	33	1	2	2	5	4		2	1	2	4	5	1	3	1.2571182	0.60051775		1	5.0	1.0	2.0	2.0		
1.4153154	0.0	60	1	3	2	2	2	1	3		2	2	2	1	2	0.043715954	0.043715954	2.1666667	2	0.0	1.0	3.5	1.0	-0.2811421	1.0
	0.0	30	0	4	1	2	3	1	3	3	2	2	2	1	1	0.95628405	0.95628405	2.3333333	2	9.0	2.0	5.0	2.0	-0.13195921	1.0
	0.0	42	1	4	4	4	3	1	4									3.3333333	2	2.0	3.0	2.0	1.0	0.9460332	
2.0554953	0.0	31	1	5	1		4		3	4	1	1		1	1	1.4443483	1.4443483		2	6.0	2.0	1.5	1.0		
	0.0	29	0	2	3	2	2	2	3									2.3333333	2	5.0	3.0	2.0	1.5	-0.08618303	
	0.0	28	1	4	4	4	4	2	2	5	2	4	4	2	2	0.95628405	0.95628405	3.3333333	2	7.0	3.0	1.0	2.0	0.7839645	1.0
	0.0	41	0	2	2	2	2	1	2	1	1	1	2	1	5	0.043715954	0.043715954	1.8333334	2	8.0	3.0	4.0	2.0	-0.684927	1.0
0.60062003	0.0	41	1	4	3	4	4	2	4	4	3	3	4	2	4	2.5556517	2.5556517	3.5	2	1.0	0.0	3.0	1.0	1.1185243	1.0
1.600285	0.0	19	1	4	2	3	4	1	1	5	3	4	4	1	3	0.60051775	0.60051775	2.5	1	7.0	1.0	4.5	2.5	-0.14139761	1.0
	0.0	55	1	4		5		1	2										0	0.0	0.0	1.0	1.0		
	0.0	30	0	1	2	2	4	1	3	2	2	2	4	1	2	1.6847858	4.3994823	2.1666667	2	9.0	3.0	4.5	3.5	-0.24219316	1.0
	0.0	45	1	3	3	3	2	3	2	4	4	4	2	2	3	0.7428818	0.7428818	2.6666667	2	4.0	0.0	2.0	2.0	0.1403466	1.0
	0.0	46	0	4	2	3	2	1	2									2.3333333	1	8.0	3.0	4.0	2.0	-0.22860037	
	0.0	22	1	4	2	4	4	2	3	3	2	4	4	1	3	1.2571182	1.2571182	3.1666667	2	4.0	1.0	3.5	1.0	0.6937683	1.0
1.1915208	0.0	39	1	4	4	4	4	1	4	5	4	4	3	1	4	1.5556517	1.5556517	3.5	1	4.0	1.0	1.5	2.0	1.1161872	1.0
2.7952697	0.0	43	0	1	1	1	1	1	1	1	1	1	1	1	1	1.956284	1.956284	1.0	2	10.0	3.0	5.0	4.5	-1.585484	1.0
	0.0	42	1	4	1	2	4	2	1									2.3333333	2	8.0	3.0	2.5	4.0	-0.29402786	
	0.0	64	1	3	1	5	3	2	1	3	1	3	2	1	3	3.7428818	3.7428818	2.5	1	6.0	1.0	4.0	3.0	-0.14995915	1.0
	0.0	37	1	4	4	4	4	2	2	4	2	4	4	2	2	0.043715954	0.043715954	3.3333333	2	2.0	2.0	1.0	1.5	0.7839645	1.0
	0.0	36	1	4	2	3	3	2	4									3.0	2	2.0	4.0	1.5	3.5	0.62175214	
	0.0	24	0	3	4	3	3	2	4									3.1666667	2	2.0	3.0	1.0	2.0	0.814374	
1.0243402	0.0	27	0	1	5	3	3	2	4	2	2	3	4	3	4	0.55565166	0.55565166	3.0	2	7.0	2.0	2.0	2.0	0.6846656	1.0
	0.0	28	1	2	3	4	3	3	2									2.8333333	2	5.0	1.0	3.0	3.0	0.3147885	
	0.0	48	0	4	2	4	4	4	3									3.5	2	5.0	2.0	2.0	3.5	1.0417441	
	0.0	34	1	4	4	4	5	4	4									4.1666665	2	0.0	2.0	4.0	1.0	1.8083049	
	0.0	77	1	2	2	2	2	2	2	3	2	4	2	1	2	0.95628405	0.95628405	2.0	1	9.0	3.0	3.0	3.5	-0.51093906	1.0
0.47904783	0.0	61	1	3	2	3	1	2	2	4	2	4	2	3	2	1.4443483	1.4443483	2.1666667	2	7.0	3.0	3.5	4.0	-0.37544608	1.0
	0.0	20	0	3	2	2	2	2	1									2.0	1	10.0	4.0	3.5	4.0	-0.61336476	
	0.0	54	1	5	5	1	3	3	4	5	5	3	5	3	3	3.5556517	3.5556517	3.5	0	0.0	0.0	1.0	3.0	1.1514369	1.0
	0.0	22	1	2	2	4	3	2	3	5	2	4	4	2	2	0.68478584	0.68478584	2.6666667	2	4.0	2.0	2.0	2.0	0.22225516	1.0
	0.0	35	0	4	2	3	4	2	4	4	3	3	4	2	4	1.4443483	1.4443483	3.1666667	1	8.0	1.0	3.5	3.0	0.7919062	1.0
4.0888405	0.0	35	1			5										1.4443483	1.4443483		0	0.0	0.0				
0.5493658	0.0	47	1	4	2	2	3	2	2	3	2	2	2	2	2	2.043716	2.043716	2.5	2	2.0	2.0	1.5	2.5	-0.039425876	1.0
	0.0	55	1	4	3	4	4	2	4									3.5	1	6.0	1.0	1.0	1.5	1.1185243	
2.7476737	0.0	57	1	5		1	5	5	5	2	3	3	2	3	3	8.555652	8.555652		1	0.0	1.0	1.0			
	0.0	32	1	2	2	4	4	2	3	4	2	4	3	2	2	2.95197	5.043716	2.8333333	0	6.0	1.0	1.0	2.0	0.3924092	1.0
0.55964464	0.0	45	1	5	5	1		4	5	5	5	1		5	5	2.99281	2.99281		2	0.0	1.0	2.5	1.0		
	0.0	62	1	1	3	2		2	3	1	5	3	1	3	1	2.043716	2.043716		1	0.0	2.0	1.0	2.0		
	0.0	54	1	5	3	1	5	4	1									3.1666667	2	4.0	2.0	2.5	1.5	0.5631156	
	0.0	41	1	4	3	4	3	2	2	4	4	4	2	2	2	0.7428818	0.7428818	3.0	2	6.0	2.0	3.0	2.0	0.44215974	1.0
	0.0	39	0	2	4	2	4	2	3	3	4	5	2	3	4	0.0480299	0.31521416	2.8333333	2	5.0	2.0	3.0	1.0	0.42577577	1.0
	0.0	31	1	4	3	4	2	2	3	5	3	4	2	1	3	2.5556517	2.5556517	3.0	2	3.0	2.0	2.0	2.5	0.525111	1.0
	0.0	18	1	2	4	4	4	2	3									3.1666667	1	6.0	0.0	3.5	4.0	0.7357107	
1.2332886	0.0	21	0	2	1	4	2	1	1	3	1	2	2	1	1	0.007189989	1.2571182	1.8333334	2	9.0	4.0	4.5	4.0	-0.7997481	1.0
	0.0	54	0	4	3	2	3	1	3									2.6666667	2	6.0	3.0	2.0	1.0	0.21134225	
	0.0	36	1	2	2	4	4	4	2									3.0	1	4.0	1.0	2.5	2.0	0.4872797	
1.6451204	0.0	50	0	3	1	2	5	1	1	2	2	2	2	1	2			2.1666667	1	4.0	1.0	2.5	2.0	-0.4485413	
	0.0	48	0	2	2	2	2	1	2	2	1	4	2	1	2	0.043715954	0.043715954	1.8333334	2	9.0	4.0	5.0	4.0	-0.684927	1.0
	0.0	19	1	3	3	5	5	4	3									3.8333333	2	6.0	2.0	2.5	2.5	1.3878368	
	0.0	30	1	5	4	5	3	3	4	5	4	5	4	2	4			4.0	2	1.0	0.0	3.0	3.0	1.599656	
	0.0	51	0	3	2	4	2	2	4	4	4	4	2	2	5	0.44434834	0.44434834	2.8333333	1	7.0	1.0	2.0	1.5	0.455886	1.0
	0.0	22	0	3	4	5	4	4	4									4.0	1	3.0	2.0	1.5	2.0	1.6424388	
0.59884465	0.0	52	1	1	1	1	1	1	2	1	2	4	2	1	1			1.1666666	2	6.0	2.0	2.0	3.0	-1.3323787	
	0.0	47	1	2	2	2	3	1	4									2.3333333	2	6.0	3.0	3.5	2.0	-0.008562333	
	0.0	19	1	4	4	5	2	2	4	2	4	4	2	4	4	1.9519701	1.9519701	3.5	1	3.0	0.0	1.5		1.1048344	
	0.0	53	1	3	3	4	2	2	2	4	2	4	4	3	2	1.7428818	1.7428818	2.6666667	2	6.0	1.0	2.5	2.5	0.12132613	1.0
	0.0	34	1	4	2	3	3	3	3									3.0	2	4.0	0.0	2.0	2.5	0.5426348	
	0.0	49	1	4	2	3	1	2	4									2.6666667	1	1.0	3.0			0.2814441	
1.2135777	0.0	43	1	2	1	1	1	1	1	4	4	4	4	1	2	1.4443483	1.4443483	1.1666666	1	10.0	2.0	4.0	3.0	-1.4348044	1.0
	0.0	21	1	3	4	3	3	2	4	2	2	4	3	1	3	4.742882	4.742882	3.1666667	2	2.0	1.0	2.0	3.5	0.814374	1.0
	0.0	24	1	1	2	3	2	3	2	1	2	2	2	2	2	0.60051775	0.60051775	2.1666667	2	6.0	2.0	4.0	3.0	-0.33266327	1.0
	0.0	19	1	1	3	3	2	1	1	3	3	5	3	2	2			1.8333334	1	1.0	2.0	1.0	3.5	-0.76209366	
	0.0	18	1	4	4	3	4	1	4	4	3	4	5	3	3	1.7428818	1.7428818	3.3333333	2	5.0	1.0	1.5	1.0	0.9612197	1.0
0.35225385	0.0	83	0	1	1	3	1	1	1	1	1	2	1	2	1	0.0480299	0.0480299	1.3333334	2	7.0	0.0	2.0	2.0	-1.2755492	1.0
2.2266002	0.0	29	1	1	2	2	2	2	2	2	2	3	3	2	2	1.00719	1.00719	1.8333334	2	5.0	1.0	4.0	4.0	-0.66161865	1.0
1.950365	0.0	24	1	4	2	4	4	2	3	4	2	4	2	2	1	1.2571182	0.60051775	3.1666667	2	5.0	1.0	3.5	4.0	0.6937683	1.0
	2.0	27	1	3	5		3	4	5	3		5	3	5	5				1	0.0	0.0	1.0	1.0		
	0.0	22	1	4	1	5	5	4	3									3.6666667	2	4.0	1.0	2.5	1.0	1.1952149	
	0.0	43	1	3	3	4			3			4				3.5556517	3.5556517		0	5.0	0.0	1.0	3.0		
	0.0	22	0	3	3	5	4	3	4									3.6666667	2	0.0	1.0			1.2968001	
0.9602083	0.0	49	0	1	1	2	1	1	2	4	1	5	1	1	2	1.6847858	4.3994823	1.3333334	2	8.0	3.0	4.0	4.0	-1.1774113	1.0
	0.0	26	1	2	1	2	5	1	1									2.0	2	5.0	1.0	2.0	2.5	-0.5992209	
	0.0	25	0	3	2	3	3	2	3	2	2	4	3	1	2	0.55565166	0.55565166	2.6666667	2	7.0	4.0	3.0	1.0	0.21796729	1.0
4.112284	0.0	68	1	4	5		3	2	2	3	4	2	2	1	2	0.7428818	0.7428818		0	4.0	2.0	3.0	2.0		
	0.0	44	1	5	5	1	4	4	5									4.0	2	7.0	3.0	2.0	3.0	1.7486842	
	0.0	19	1	3	2	4	4	1	2	4	3	4	3	1	2	1.956284	1.956284	2.6666667	1	8.0	2.0	1.5	2.0	0.11599556	1.0
	0.0	24	0	4	1	3	5	2	2	5	2	4	4	2	3	1.7428818	1.7428818	2.8333333	2	7.0	4.0	3.0	1.5	0.2841989	1.0
2.8445632	0.0	45	0	5	3	4		3	2	4	4	5	3	3	3	1.7428818	1.7428818		2	5.0	1.0	3.5	3.0		
	0.0	21	1	5	4	5	4	4	3	4	4	5	4	2	4	4.043716	4.043716	4.1666665	2	0.0	1.0	1.5	2.0	1.6906927	1.0
1.0425388	0.0	25	0	2	1	4	2	1	2	3	1	4	4	2	2	0.31521416	0.31521416	2.0	2	8.0	1.0	4.0	2.5	-0.5466428	1.0
3.414991	0.0	62	1	3	1	3	3	1	1	4	2	2	2	1	1	0.55565166	0.55565166	2.0	0	7.0	3.0	3.5	2.0	-0.6338819	1.0
	0.0	43	0	1	3	4	3	1	4	3	2	3	4	1	3	0.043715954	0.043715954	2.6666667	2	7.0	4.0	4.0	2.5	0.3223437	1.0
	0.0	21	1	2	3	4	4	3	2									3.0	1	6.0	1.0	4.0	4.0	0.48494253	
	0.0	61	1	4	2	3	4	2	4	4	1	3	2	2	5			3.1666667	1	7.0	1.0	4.0	2.0	0.7919062	
1.7579786	0.0	33	1	4	3	4	4	4	4	4	4	4	4	4	4	0.0480299	0.0480299	3.8333333	2	0.0	1.0	1.0	1.0	1.4665002	1.0
	0.0	44	0	4	1	2	3	3	3	3	1	2	2	1	3	2.6005177	2.6005177	2.6666667	2	10.0	4.0	5.0	3.0	0.2160166	1.0
	0.0	61	1	4	2	3	3	3	2									2.8333333	1	7.0	2.0	4.0	1.5	0.28952947	
	0.0	33	1	3	5	5	5	3	5	4	5	5	5	5	5	3.5556517		4.3333335	2	0.0	1.0	1.0	1.0	2.063361	1.0
1.6617379	0.0	18	1	5	5	5	5	4	4	4	4	5	4	3	4	1.7428818	1.7428818	4.6666665	1	0.0	0.0	1.5	2.0	2.2856026	1.0
	0.0	34	1	2	1	2	2	2	2	2	2	3	3	3	4	1.7428818	1.7428818	1.8333334	2	4.0	2.0	1.5	2.5	-0.68258977	1.0
	0.0	23	0	2	2	4	1	1	1	1	2	4	4	1	1	1.6005177	1.6005177	1.8333334	2	7.0	3.0	3.5	5.0	-0.7982514	1.0
1.5338653	0.0	51	0	1	1	1	1	1	1	1	5	2	3	1	1	0.0480299	0.0480299	1.0	1	10.0	2.0	2.0	3.0	-1.585484	1.0
	0.0	56	1	1	1	1	1	1	1	1	1	1	3	1	1	0.0480299	0.0480299	1.0	2	5.0	3.0	2.5	2.5	-1.585484	1.0
	0.0	37	0	2	2	4	4	1	2									2.5	2	8.0	4.0	4.0	4.0	-0.03468401	
	0.0	35	0	4	2	4	4	1	2									2.8333333	2	8.0	4.0	3.0	1.5	0.26667514	
	0.0	18	1	4	3	4	3	3	2	2	5	3	2	2	2	0.043715954	0.043715954	3.1666667	1	3.0	2.0	3.5	4.0	0.61614764	1.0
	0.0	19	1	1	2	3	2	2	3	2	2	5	3	1	2	0.7428818	0.7428818	2.1666667	1	7.0	1.0		1.5	-0.25354588	
	0.0	18	1	4	5	5	5	3	4	5	5	5	5	4	5	0.7428818	0.7428818	4.3333335	1	0.0	1.0	2.5	3.0	1.9609352	1.0
	0.0	52	1	1	1	1	4	1	1	2	1	1	1	1	1	0.0480299	0.0480299	1.5	2	5.0	3.0	3.5	2.5	-1.075022	1.0
5.7823834	0.0	64	1	2	1		2		3	5	5	4	1	4	4	0.55565166	0.55565166		0	2.0	2.0				
	2.0	25	1	4	2	4	4	3	3	4	2	4	4	2	3	0.25711823	0.39948225	3.3333333	2	8.0	3.0	2.0	3.0	0.86775625	1.0
	0.0	40	1	4	2	5	4	1	2									3.0	2	2.0	1.0	1.0	2.0	0.42164257	
	0.0	26	1	5	4	1	3	3	2									3.0	2	0.0	1.0	1.0	1.5	0.47357562	
	0.0	32	0	4	3	5		4											0	4.0	0.0		5.0		
1.6458179	0.0	37	1	4	2	4	4	2	2	4	3	4	4	2	2	0.007189989	0.007189989	3.0	2	7.0	0.0	4.0	2.0	0.44066304	1.0
	0.0	22	0	2	1	3	2	1	1	2	2	3	2	1	2	0.043715954	1.6847858	1.6666666	2	9.0	3.0	4.0	2.5	-0.95471555	1.0
	0.0	19	1	5	5	5	4	2	5									4.3333335	1	3.0	2.0	2.5	2.5	2.0205781	
1.147677	0.0	32	0	1	2	5	4	2	2	2	2	5	4	1	2	0.043715954	0.043715954	2.6666667	2	9.0	2.0	4.5	1.5	0.14359176	1.0
	0.0	29	0	2	4	4	4	1	4	5	3	5	2		4	1.4443483	1.4443483	3.1666667	1	7.0	2.0	3.0	1.0	0.81482804	1.0
	2.0	47	0	2	2	2	2	2	2									2.0	2	8.0	4.0	4.0	4.0	-0.51093906	
	0.0	38	0	3	2	5	1	2	4									2.8333333	1	2.0	3.0	2.5	1.0	0.4406994	
	0.0	21	1	4	2	3	2	3	2									2.6666667	2	3.0	1.0	2.0	2.0	0.11937544	
	0.0	36	0	2	2	1	1	1	1									1.3333334	1	8.0	0.0	4.0	2.0	-1.2631537	
	0.0	46	1	1	2	3	3	2	1									2.0	2	4.0	3.0	3.0	3.0	-0.5896025	
	0.0	28	0	4	1	4	4	2	3	4	2	4	3	2	2	0.007189989	0.007189989	3.0	1	7.0	0.0	4.5	1.5	0.5221176	1.0
	0.0	21	1	1	3	2	3	2	2	3	2	2	2	1	2	2.043716	2.3994823	2.1666667	1	4.0	2.0	3.0	1.5	-0.31981385	1.0
	0.0	23	1	5	2	5	3	2	2	3	2	5	4	3	3			3.1666667	1	4.0	2.0	3.0	4.0	0.576156	
	0.0	25	1	4	4	4	4	4	4									4.0	1	1.0	0.0	1.0	1.0	1.6381509	
	0.0	18	1	1	2	3	2	4	4	5	5	1	2	3		0.39948225	0.39948225	2.6666667	2	6.0	1.0	4.5	4.0	0.34753522	1.0
	0.0	24	1	4	4	2	2	3	4									3.1666667	2	1.0	1.0	1.0	1.0	0.8139201	
	0.0	30	1	3	3	5	3	3	3									3.3333333	1	0.0	2.0	3.0	3.0	0.8735408	
	0.0	35	0	3	2	1	2	1	3	3	2	2	2	2	2	0.55565166	0.55565166	2.0	2	3.0	3.0	3.0	2.0	-0.43610954	1.0
	2.0	35	0	4	3	5	5		5										2	3.0	1.0	3.5	4.0		
	0.0	22	0	5	3	5	5	3	5									4.3333335	2	9.0	0.0	5.0	1.0	2.0214186	
	0.0	46	1	4	4	3	4	2	2	4	4	2	4	2	2	1.0480299	2.7428818	3.1666667	1	2.0	2.0	1.0	2.0	0.628997	1.0
	0.0	27	1	4	4	4	4	2	4	4	2	5	4	2	4	3.5556517	2.99281	3.6666667	2	3.0	3.0		2.0	1.2901751	
	0.0	37	1	5	4	5	3												0	0.0	2.0	4.0			
	0.0	24	1	5	4	1	3	4	5									3.6666667	1	1.0	1.0	1.5	2.0	1.4068794	
	1.0	76	0	2	3	3	4	4	3									3.1666667	1	4.0	3.0	2.0	3.5	0.7570683	
	1.0	78	0	2	2	2	3	3	3									2.5	2	8.0	2.0	2.5	2.5	0.08630818	
	1.0	48	1	2	1	2	1	2	2	3	5	2	2	2	1	5.334237	5.334237	1.6666666	2	0.0	2.0	4.0	3.5	-0.8527438	1.0
	1.0	74	0	1	1	1	3	1	2									1.5	2	8.0	3.0	4.0	2.0	-0.9920707	
	1.0	53	1	4	3	3	3	3	3									3.1666667	2	7.0	1.0	3.0	3.0	0.7142855	
0.9978226	2.0	63	0	1	1	1	1	1	1	1	1	1	1	1	1	1.8319135	1.8319135	1.0	2	7.0	1.0	5.0	3.0	-1.585484	1.0
	1.0	70	0	1	2	3	3	3	2	3	2	3	3	3	3	0.8319135	0.8319135	2.3333333	2	6.0	2.0	1.5	2.5	-0.16250925	1.0
	1.0	80	0	1	2	1	2	1	2	1	2	1	2	2	4	2.1680865	2.1680865	1.5	2	5.0	2.0	4.0	1.5	-0.99057394	1.0
	1.0	62	0		1	3	2	2	1	1	1	3	3	2	3	0.8319135	0.8319135		1	9.0	2.0	2.0	1.5		
1.7609111	1.0	68	0	1	1	1	1	1	1	1	1	1	1	1	1	2.8319135	2.8319135	1.0	0	10.0	4.0	4.0	5.0	-1.585484	1.0
1.7167907	1.0	63	0	1	2	1	2	1	1	1	1	1	1	1	1	5.334237	5.334237	1.3333334	1	10.0	1.0	3.0	3.0	-1.2436793	1.0
	1.0	55	1	3	3	4	4	4	3									3.5	2	2.0	3.0	4.0	2.5	1.0627153	
0.9702057	1.0	39	1	2	3	4	4	4	4	1	3	5	4	4	1	1.828815	1.828815	3.5	2	4.0	1.0	2.0	1.0	1.165141	1.0
1.1507754	1.0	30	0	1	2	3	4	2	2	1	2	4	5	2	2	0.7811775	2.3985283	2.3333333	2	8.0	3.0			-0.16634312	
	1.0	35	1	3	2	3	4	4	3	2	2	4	4	4	3	0.21882248	0.21882248	3.1666667	2	4.0	2.0	3.5	3.5	0.73609716	1.0
	1.0	65	1	2	1	1	2	1	2	1	2	2	2	4	1	2.7811775	2.7811775	1.5	1	7.0	2.0	4.0	2.0	-1.0115452	1.0
0.840183	1.0	55	1	1	2	2	4	2	2	1	3	2	3	1	1	1.6014717	1.6014717	2.1666667	2	8.0	4.0	3.5	3.5	-0.32131055	1.0
	1.0	59	1	3		3	3	5	5							2.665763	2.665763		2	5.0	3.0	3.0	1.0		
1.3137436	1.0	30	1	1	1	4	4	4	1	2	2	1	4	4	2	0.16808653	0.16808653	2.5	2	8.0	3.0	4.0	4.0	-0.08815589	1.0
2.1562276	1.0	42	1	4	2	4	4	3	3	4	2	4	4	2	3	0.8319135	0.8319135	3.3333333	1	5.0	2.0	3.0	3.0	0.86775625	1.0
0.81355405	1.0	56	1	3	3	3	3	3	3	1	3	1	3	3	1			3.0	2	0.0	1.0	3.0	3.0	0.5636059	
	1.0	85	0	3	5	1		3	3	1	2				4	2.257165	2.257165		0	1.0	0.0	1.0			
	1.0	62	0	1	1	1	1	2	1		1	1	1	1	2	2.8319135	2.8319135	1.1666666	2	10.0	2.0	4.0	4.0	-1.4114962	1.0
0.7584259	1.0	62	0	2	2	3	4	2	2	4	2	2	2	3	2	1.3342371	1.3342371	2.5	2	7.0	3.0	2.0	3.5	-0.015663546	1.0
	1.0	73	0	3	2	3	3	2	2	3	2	2	2	3	4	0.7811775	0.7811775	2.5	1	5.0	2.0	1.5	1.0	-0.035138007	1.0
	1.0	55	0	2	1	3		3	1										1	10.0	2.0	5.0	5.0		
0.3603028	1.0	83	0	1	1	1	2	4	2	1	1	1	2		1	1.1680865	1.1680865	1.8333334	2	5.0	1.0	1.0	1.0	-0.640261	1.0
	1.0	35	1	2	2	2	2	3	3	3	2	2	3	3	5	1.6014717	1.6014717	2.3333333	2	4.0	4.0	3.0	1.0	-0.08384585	1.0
	1.0	35	1	3	3	3	3	3	3									3.0	2	0.0	1.0	3.0	3.0	0.5636059	
1.0741795	1.0	40	1	3	3	4	4	4	3	2	3	4	3	4	3			3.5	2	0.0	2.0	1.5	2.0	1.0627153	
	1.0	58	1	3	2	4	4	3	4		3	4	4	3	4	2.1680865	0.21882248	3.3333333	2	3.0	2.0	3.0	3.0	0.97018194	1.0
0.31999406	1.0	77	0	1	1	1	2	1	1	3	3	3	4	2	3	0.16808653	0.16808653	1.1666666	2	10.0	3.0	3.5	4.0	-1.41533	1.0
	1.0	65	0	2	3	2	2	3	2									2.3333333	0	6.0	2.0	2.5	2.0	-0.16530041	
0.31058177	1.0	75	0	4	2	3	2	2	3	3	1	3	2	1	3	1.8319135	1.8319135	2.6666667	2	5.0	2.0	3.0	1.0	0.19849283	1.0
0.3239276	1.0	81	0	3	3	2	3	3	4	4		4	5	4	4	0.60147166	0.60147166	3.0	2	7.0	2.0	5.0	2.0	0.66174376	1.0
1.7161753	1.0	60	0	4	2	4	3	1	1	1	2	2	2	2	3	5.2188225		2.5	1	10.0	3.0	4.0	1.0	-0.1565842	1.0
1.2624822	1.0	57	0	1	1	1	1	1	1	2	2	1	1	2	1	0.8319135	0.8319135	1.0	2	5.0	2.0	4.0	1.0	-1.585484	1.0
0.37347513	1.0	69	0	2	2	4	4	2	3	1	1	2	4	3	2	0.8319135	0.8319135	2.8333333	2	9.0	2.0	4.5	3.0	0.3924092	1.0
0.8482835	1.0	62	0	2	2	2	4	3	1	1	3	2	4	2	1	0.6657629	1.6014717	2.3333333	2	7.0	3.0	4.5	2.0	-0.24974838	1.0
0.36297703	1.0	66	1	3	3	2	2	3	2	4	3	2	3	2	2	0.21882248	0.21882248	2.5	2	1.0	2.0	1.0	3.0	-0.014620842	1.0
	1.0	70	0	3	2	1	1	3	2	2	2	1	2	2	2	1.2188225	1.2188225	2.0	0	5.0	2.0		3.0	-0.5113931	
	1.0	53	1	3	5	5		3	5	3	5	5	4	3	5	2.665763	2.171185		2	1.0	2.0	2.0	1.0		
0.77690667	1.0	64	1	2	2	4	3	3	3	2	2	4	3	2	2	0.8319135	0.8319135	2.8333333	2	5.0	2.0	1.0	1.5	0.39624307	1.0
	1.0	78	1	5	3	2	2	2	3									2.8333333	1	0.0	0.0	2.0	1.0	0.3658557	
0.73943204	1.0	69	0	1	2	1	3	2	2	1	2	2	3	2	1	0.39852834	0.39852834	1.8333334	1	4.0	0.0	3.5	3.5	-0.64643204	1.0
4.82692	1.0	52	1	1	1	1	1	1	1	1	1	1	1	2	1	2.8319135	2.8319135	1.0	0	9.0	3.0	4.5	5.0	-1.585484	1.0
	2.0	69	0	1	2	2	3	2	2	1	2	2	3	3	2	0.25716496	0.25716496	2.0	2	9.0	3.0	3.0	3.0	-0.49146459	1.0
	1.0	35	1	3	3	4	5	2	4	4	3	4	5	2	2		1.171185	3.5	1	5.0	2.0	1.5	1.0	1.1379988	
0.35587528	1.0	67	1	1	3	3	4	1	3	1	4	2	4	1	2			2.5	2	5.0	1.0	2.0	1.0	0.084425	
1.8480247	1.0	62	1	4	3	3	3	4	2	5	4	4	3	3	5	2.665763	2.665763	3.1666667	1	0.0	1.0		1.0	0.63516814	
	2.0	70	0	1	2	2	3	3	1	2	2	2	3	3	1	1.3342371	1.3342371	2.0	2	8.0	2.0	3.0	3.0	-0.570582	1.0
	1.0	37	1	4	4	2	1	1	1	2	4	4	2	2	1	0.21882248	0.21882248	2.1666667	2	7.0	2.0	3.5	3.0	-0.46352568	1.0
0.34177864	1.0	67	0	1	1	2	4	2	2	2	2	2	5	2	1	1.7811775	0.16808653	2.0	2	8.0	2.0	4.0	1.0	-0.4929613	1.0
0.38552544	1.0	70	0	3	2	3	4	3	4	2	2	2	3	3	3			3.1666667	2	0.0	2.0	1.0	1.0	0.8152145	
	1.0	52	1	2	2	4	3	3	4	1	2	3	2	3	3	0.21882248	1.3985283	3.0	2	6.0	2.0	4.0	3.0	0.6493484	1.0
0.94728625	1.0	60	1	1	2	4	4	1	4	1	2	5	2	2	2	0.16808653	0.16808653	2.6666667	2	3.0	2.0	2.0	2.0	0.320847	1.0
0.83299524	1.0	58	1	3	5	4	4	3	4	3	4	4	3	3	4	0.8319135	0.8319135	3.8333333	2	4.0	1.0	3.0	1.0	1.4851341	1.0
	1.0	68	0	1	2	1	3		3	1	2	2	2	2	4	2.334237	2.334237		0	0.0	2.0	1.0	1.5		
	1.0	53	1	4	2	4	2	4	5									3.5	2	3.0	4.0	1.5	2.0	1.2076467	
1.3037364	2.0	61	1	1	1	1	2	3	2	1	1	1	1	3	3	2.1680865	2.1680865	1.6666666	2	0.0	2.0	1.5	2.5	-0.81424886	1.0
	1.0	42	1	3	3	4	3	3	3	3	2	4	4	2	2			3.1666667	1	4.0	1.0	1.0	1.5	0.7185734	
0.82812726	1.0	51	1	1	3	3	4	3	3	2	3	1	3	3	3	1.8319135	1.8319135	2.8333333	2	5.0	2.0	2.5	1.0	0.43240082	1.0
	1.0	47	1	2	2	4	3	2	2									2.5	2	1.0	2.0	1.5	1.0	-0.030850137	
0.895193	1.0	54	1	1	1	2	3	2	2		1	3	3	3	2	2.6014717	2.6014717	1.8333334	2	10.0	2.0	4.5	3.0	-0.6631153	1.0
0.08844154	2.0	77	1	1	1	1	1	3	1	1	2	3	2	2	4	0.3342371	0.3342371	1.3333334	2	0.0	1.0	1.0	1.0	-1.2375082	1.0
0.70099187	1.0	75	0	2	2	3	4	3	2	2	2	3	4	2	4	3.2188225	5.1680865	2.6666667	1	7.0	2.0	3.0	4.0	0.15832436	1.0
0.87986475	1.0	63	0	2	2	3	1	1	1	1	2	5	4	2	1	1.6014717	1.6014717	1.6666666	2	8.0	2.0	4.0	3.5	-0.9532188	1.0
	1.0	68	1	3	2	1	3	1	1									1.8333334	0	6.0	2.0	2.0	1.5	-0.7721661	
0.34027678	1.0	69	0	2	2	4	4	3	3	2	3	4	4		4	0.8319135	0.8319135	3.0	2	8.0	3.0	2.5	2.0	0.5663971	1.0
	2.0	75	0	1	1	1	1	1	1	1	1	4	1	1	1	1.2188225	0.39852834	1.0	2	10.0	3.0	5.0	4.5	-1.585484	1.0
	1.0	73	0	1	1	1	1	1	1	1	1	1	1	1	1	0.8319135	0.8319135	1.0	2	9.0	3.0	5.0	1.0	-1.585484	1.0
0.3168067	1.0	78	0	1	2	2	3	2	4	1	2	2	4	2	3	1.1680865	1.1680865	2.3333333	2	5.0	3.0	2.0	1.0	0.014746002	1.0
0.10119139	2.0	80	1	1	1	1	1	1	1	1	1	1	1	1	1	0.16808653	0.16808653	1.0	2	10.0	3.0	5.0	4.0	-1.585484	1.0
	1.0	63	1	1	1	3	4	2	2	2	1	2	3	3	1	2.1680865	2.1680865	2.1666667	2	8.0	3.0	5.0	2.0	-0.33799386	1.0
0.8315718	2.0	64	0	1	2	4	2	2	1	1	1	1	2	3	1	1.6657629	2.6014717	2.0	2	10.0	1.0	4.5	1.0	-0.604789	1.0
	1.0	48	1	3	2	3	3	3	3	2	3	3	2	3	3	0.8319135	0.8319135	2.8333333	1	0.0	2.0	3.0	2.0	0.3919552	1.0
0.09369063	2.0	67	1	2	1	2	2	2	1	1	2	2	1	1	1	2.7811775	0.8319135	1.6666666	2	6.0	1.0	3.5	4.0	-0.93569505	1.0
	1.0	73	0		2	2	3	1	2										1	4.0	3.0		3.0		
0.3681375	1.0	77	0	3	1	1	3	1	1	2	1	3	1	1	2	0.8319135	0.8319135	1.6666666	2	8.0	2.0	3.5	1.0	-0.94381684	1.0
0.36590305	1.0	79	0	2	2	3	3	2	2	2	2	2	2	3	2			2.3333333	2	10.0	3.0	4.0	3.0	-0.18581758	
	1.0	62	0	1	1	1	1	1	1									1.0	2	10.0	2.0	4.5	2.5	-1.585484	
1.7392433	1.0	68	0	1	2	4	4	2	2	1	3	4	3	1	2	0.3342371	4.1680865	2.5	0	5.0	2.0	1.5	2.0	-0.011375676	1.0
	1.0	40	1	5	3	5	5	4	5									4.5	2	2.0	2.0	1.5	2.0	2.1954064	
1.7935396	1.0	69	0	4	3	4	5	3	4	4	3	3	4	3	4			3.8333333	0	1.0	3.0	2.5	2.0	1.4626663	
1.874336	1.0	56	1	1	1	4	4	2	1	1	1	3	4	2	2	2.6014717	2.6014717	2.1666667	1	7.0	3.0	3.0	3.0	-0.43613172	1.0
0.32428044	1.0	81	0	2	3	1	1	1	4	3	2	1	1	1	4			2.0	2	4.0	1.0	4.5	1.0	-0.33218712	
1.3724549	1.0	50	1	3	3	3	3	3	3	3	3	3	3	3	3	0.8319135	0.8319135	3.0	2	6.0	1.0	3.0	3.0	0.5636059	1.0
0.77484596	1.0	65	0	3	3	3	1	3	2	4	3	3	3		4	0.17118502	0.17118502	2.5	1	5.0	2.0	2.0	1.0	-0.029807433	1.0
2.0360305	1.0	48	1	5	4	5	4		5	5	5	5	4	2	5				1	0.0	2.0	1.0	1.0		
1.1036439	1.0	43	1	1	2	2	1	2	1	1	2	1	2	2	1	0.16808653	0.16808653	1.5	2	7.0	2.0	3.5	4.0	-1.084878	1.0
0.37066922	1.0	71	1	1	2	2	1	2	1	1	2	4	4	1	1	3.6014717	3.6014717	1.5	2	7.0	2.0	2.5	2.0	-1.084878	1.0
1.7992412	1.0	77	1	1	2	4	3	3	3	1	3	3	3	3	3	1.1680865	1.1680865	2.6666667	0	4.0	2.0	1.5	2.5	0.24556349	1.0
0.57541734	1.0	72	1	1	1	5	5	5	5	1	5	5	5		5			3.6666667	2	0.0	3.0	1.0	1.0	1.4233747	
0.7909046	1.0	62	1	1	3	1	2		3	1	3		2		3	0.7811775	1.1680865		2	3.0	2.0	1.5			
5.7823834	2.0	63	0	1	1	1	3	3	1	1	4	3	4	3	3	2.8319135	2.8319135	1.6666666	0	10.0	1.0		2.0	-0.89720017	
	1.0	64	0	3	4	4	4	3	3		2	3	3	3	3	0.21882248	2.1680865	3.5	2	0.0	3.0			1.0603781	
0.6719861	1.0	62	0	1	3	1	3	2	2	1	3	1	1	2	2		0.21882248	2.0	2	0.0	1.0	1.5	1.0	-0.4747813	
	1.0	49	1	4	4	5	1	2	5	3	5	1	1		4	1.2188225	1.2188225	3.5	2	3.0	2.0	2.5	1.0	1.1877857	1.0
	1.0	79	0	1	1	1	3	2	3	2	2	2	4	4	1	3.334237	3.334237	1.8333334	1	8.0	3.0	3.5	1.0	-0.56497747	1.0
1.7358843	1.0	62	1	4	1	5	5	2	5	1	1	2	4	2	2	0.21882248	2.1680865	3.6666667	1	0.0	0.0	1.0		1.3534497	
	1.0	50	0	3	3	3	3	3	3									3.0	2	5.0	4.0	4.5	1.0	0.5636059	
	1.0	73	0	2	2	2	2	2	2	1	2	3	2		1	1.3342371	0.39852834	2.0	2	8.0	2.0	4.0	4.0	-0.51093906	1.0
	1.0	37	1		5	3	1	5	5										2	0.0	1.0	1.0	1.0		
	1.0	59	0	2	2	2	3	3	2	1	2	2	4	1	4	3.6014717	3.6014717	2.3333333	2	6.0	3.0	2.5	1.0	-0.16679712	1.0
	1.0	51	1	2	1	2	2	2	2	1	2	2	1	2	2		1.7811775	1.8333334	2	9.0	3.0	4.0	4.0	-0.68258977	
1.3107157	1.0	29	1	2	4	4	2	4	5	4	5	2	2	4	5	1.2188225	1.2188225	3.5	2	6.0	4.0	4.0	3.0	1.249589	1.0
0.32104573	1.0	75	0	1	2	1		3		1	2	2		3			2.665763		2	9.0	3.0	4.0	2.0		
	1.0	58	1	4	3	2	3	2	5									3.1666667	2	7.0	2.0	4.0	1.0	0.89154077	
	1.0	34	0	1	3	2	3	1	2	1	1	1	2	2	2			2.0	2	3.0	2.0	2.0	1.0	-0.49380177	
	1.0	63	0	1	1	1	1	4	2	1	1	1	1		1	0.8319135	0.8319135	1.6666666	2	8.0	2.0	4.0	2.5	-0.810415	1.0
0.3671002	1.0	70	1	2	3	3	3	3	2	2	2	2	4	2	3	0.21882248	0.21882248	2.6666667	2	6.0	2.0	3.0	1.5	0.15982106	1.0
1.4846197	2.0	47	1	2	2	2	2	3	2	2	1	3	3	2	2	0.16808653	0.16808653	2.1666667	2	9.0	3.0	2.5	2.0	-0.33695114	1.0
	1.0	52	0	2	4	4	4	4	4	1	5	4	4	4	4	1.8319135	1.8319135	3.6666667	2	5.0	0.0	1.5	1.0	1.3367918	1.0
1.0790573	1.0	37	0	2	4	5	4	3	2	3	2	5	2		3	0.828815	4.1680865	3.3333333	2	6.0	2.0	4.5	1.5	0.8115607	1.0
1.3719425	0.0	53	1	3	3	3	3	3	3	3	3	3	3	3	3	0.8319135	0.8319135	3.0	2	8.0	1.0	3.0	3.0	0.5636059	1.0
0.9784355	1.0	48	1	2	2	4	4	3	3	1	2	5	4	4	3			3.0	2	0.0	2.0	1.5	1.0	0.5663971	
	1.0	60	1	1	2	1	1	1	1	2	1	1	3	1	1	0.16808653	0.16808653	1.1666666	2	8.0	2.0	4.0	2.0	-1.4138333	1.0
0.71750563	1.0	60	0	1	4	3	4	3	4	1	5	3	4	5	5			3.1666667	2	0.0	2.0		1.0	0.8571568	
	2.0	78	1	2	2	2	3	2	3	4	3	3	4	2	3	0.8319135	0.8319135	2.3333333	1	6.0	2.0	2.0	2.5	-0.08767972	1.0
	2.0	61	1	3	4	1	2	3	3	3	4	2	2		3	1.742835	0.16808653	2.6666667	2	0.0	1.0	5.0	3.0	0.25516775	1.0
0.33263478	1.0	70	0	1	1	2	1	2	1	1	2	1	2	2	1	0.8319135	0.8319135	1.3333334	2	8.0	3.0	4.5	1.0	-1.2565287	1.0
	1.0	86	0	2	2	2	2	2	2									2.0	2	5.0	1.0	1.5	2.0	-0.51093906	
	1.0	53	1	1	2	1	2	1	1	3	2	2	1	3	2	0.16808653	0.16808653	1.3333334	2	3.0	2.0	2.0	3.0	-1.2436793	1.0
	1.0	62	0	3	2	2	3	1	2									2.1666667	1	10.0	3.0	3.0	2.5	-0.36409336	
	1.0	72	1	1	1	1	3	3	1	2	1	1	3	3	1	2.7811775	2.7811775	1.6666666	2	8.0	2.0	1.0	2.0	-0.89720017	1.0
	1.0	88	0	1	1	1	3	1	1									1.3333334	2	7.0	3.0	1.5	1.5	-1.245176	
0.31423777	1.0	81	0	1	1	2	4	2	2	1	1	4	2	1	1	0.7811775	0.7811775	2.0	2	9.0	3.0	5.0	5.0	-0.4929613	1.0
	1.0	40	1	4	3	5	3	1	4	5	3	3	2	3	5	1.828815	1.828815	3.3333333	2	6.0	1.0		1.0	0.92934984	
0.9544675	1.0	49	1	4	1	2	2	2	1	2	2	4	4	2	2	0.6657629	0.6657629	2.0	2	8.0	1.0	2.5	4.0	-0.63433594	1.0
1.1957189	1.0	75	0	1	3	4	4	2	3	1	2	3	3	1	1			2.8333333	1	5.0	3.0	1.0	1.0	0.41338035	
	1.0	29	1	2	4	5	4	3	4	1	2	4	3	2	2	0.7811775	0.7811775	3.6666667	2	7.0	3.0	4.0	4.5	1.3177713	1.0
1.7656937	1.0	65	0	1	2	1	3	2	1	1	2	3	1	3	1	0.8319135	0.8319135	1.6666666	0	7.0	3.0	2.5	1.5	-0.8995373	1.0
	1.0	65	0	4	1	2	2	2	3	1	1	1	2	3	2	0.8319135	0.8319135	2.3333333	2	5.0	2.0	4.0	2.0	-0.12812534	1.0
	1.0	55	0	1	2	4	3	1	3	1	3	3	3	4	3	0.21882248	0.21882248	2.3333333	1	8.0	3.0	3.5	4.0	-0.10241232	1.0
	1.0	74	0	1	3	2	3	3	3	1	3	2	2	3	3	0.3342371	0.3342371	2.5	2	2.0	2.0	2.0	1.5	0.107279345	1.0
3.9882863	1.0	62	0		2	2	2	2	2	1	2	3	2	3	2	0.6657629	0.6657629		0	7.0	2.0	3.0	2.0		
	1.0	66	0	1	2	2	4	3	2									2.3333333	1	8.0	3.0	1.5	3.0	-0.14732265	
	1.0	66	0	5	2	4	3	3	3	1	3	3	3	4	4			3.3333333	0	2.0	1.0	2.5	2.0	0.8482818	
2.0741315	1.0	42	1	4	2	3	2	2	1	3	2	1	1	2	2	0.17118502	0.17118502	2.3333333	1	6.0	2.0	2.0	1.5	-0.30771777	1.0
1.2496921	2.0	34	0	1	2	4	4	1	1	1	2	1	4	4	1	1.6014717	1.6014717	2.1666667	2	7.0	3.0	4.0	2.5	-0.43846887	1.0
	1.0	77	1	1	1	1	1	2	1									1.1666666	2	9.0	2.0	3.5	4.0	-1.4114962	
	1.0	66	1	3	2	2	3	3	1									2.3333333	1	3.0	3.0	1.5	1.5	-0.26922283	
0.73145515	1.0	72	0	3	2	1	2	3	1	1	2	1	1	3	2		2.2188225	2.0	1	5.0	3.0	2.5	1.0	-0.5943443	
1.0920378	1.0	32	1	1	1	1	1	2	1	1	1	1	1	1	1	0.21882248	0.21882248	1.1666666	2	8.0	1.0	4.0	4.0	-1.4114962	1.0
	1.0	55	1		2	4	4	3		4	1	3	4	2	4	0.21882248	0.21882248		1	6.0	2.0				
	1.0	69	0		4	3		3	4										2	0.0	1.0	1.0	1.0		
	1.0	72	0	2	2	1	3	3	3	3	2	1	2	3	2	0.16808653	1.7811775	2.3333333	2	6.0	2.0	3.0	4.0	-0.06865925	1.0
1.8167976	1.0	58	1	1	5	1	1	2	4	4	5	1	3	2	4	2.8319135	2.8319135	2.3333333	1	0.0	1.0	2.5	1.0	0.034422684	1.0
	1.0	47	1	1	2	1	3	1	1									1.5	2	7.0	2.0	2.0	2.5	-1.0735252	
0.75557446	1.0	69	0	3	1	1	4	2	1	3	1	1	1	4	1	3.7811775	3.7811775	2.0	1	9.0	1.0	3.0	3.5	-0.5996749	1.0
5.7823834	1.0	62	0	2	5	5	5	4	5	2	4	5	5	3	5			4.3333335	0	5.0	2.0	3.0	1.0	2.0866692	
0.7627375	1.0	63	0	2	2	2	2	3	2	3	3	3	3	3	3	2.2188225	2.2188225	2.1666667	2	7.0	3.0	1.0	2.0	-0.33695114	1.0
0.56873107	1.0	74	1	1	2	2	3	1	2	1	1	2	3	1	1	0.8319135	0.8319135	1.8333334	2	3.0	2.0		2.5	-0.6654525	
0.28976682	2.0	73	1	3	2		1	1	1	3	2	2	1	2	3	1.6657629	1.6657629		1	7.0	0.0	2.5	4.5		
	1.0	72	0	1	2	2	3	2	1	1	1	1	2	3	2	2.665763	2.665763	1.8333334	1	6.0	3.0	3.0	4.0	-0.7445699	1.0
1.825505	1.0	52	1	4	2	2	2	2	2	4	2	3	2	2	1	1.7811775	1.7811775	2.3333333	1	6.0	2.0	2.5	1.0	-0.20957991	1.0
0.32786542	1.0	73	0	1	1	1	1	1	1	1	1	1	1	2	1	0.21882248	2.1680865	1.0	2	10.0	2.0	2.5	2.0	-1.585484	1.0
5.7823834	1.0	30	1	1	3	4	1	1	5	3	3	1	3	3	5	0.21882248	0.21882248	2.5	0	0.0	1.0	1.0	1.0	0.23514093	1.0
	1.0	75	0	1	2	3	3	2	2	2	2	2	3	2	2	1.2188225	0.39852834	2.1666667	2	5.0	2.0	3.0	2.5	-0.33649716	1.0
1.2166448	1.0	57	0	1	3		4		4	2	2	3	3	2	4	1.742835			2	8.0	3.0	3.5	2.0		
0.388879	1.0	68	0	1	1	1	3	2	1	1	1	1	2	1	1	2.665763	2.665763	1.5	2	9.0	2.0	5.0	3.5	-1.0711881	1.0
0.060623247	2.0	69	0	4	2	3	2	2	2	1	3	5	3	4	2			2.5	2	5.0	2.0	1.5	1.0	-0.054612465	
	1.0	72	0	4	1	1	1	2	4									2.1666667	2	10.0	1.0	1.5	2.0	-0.20014152	
	1.0	55	1	2	2	4	4	3	3	2	3	5	3	1	3			3.0	2	2.0	1.0	2.5	1.5	0.5663971	
	1.0	57	1	1	4	4	3	2	4									3.0	2	4.0	1.0	1.0	1.0	0.66798234	
	1.0	75	0	4	2	1	3	2	2									2.3333333	0	0.0	2.0	1.0	1.0	-0.19439332	
0.7378829	1.0	73	0	1	1	1	1	2	1	2	1	2	2	1	2	0.21882248	0.21882248	1.1666666	1	10.0	3.0	2.5	3.0	-1.4114962	1.0
	1.0	64	0	1	1	1	1	4	2	2	2	2	2	2	1	0.60147166	0.60147166	1.6666666	2	9.0	3.0	4.5	4.0	-0.810415	1.0
0.33482346	1.0	71	0	2	2	3	2	2	2	1	1	1	1	1	1	1.8319135	1.8319135	2.1666667	2	9.0	1.0	4.0	4.0	-0.3559716	1.0
	1.0	75	0	3	5	3	4	5	4	3	5	4	3	4	4	2.665763	2.665763	4.0	2	10.0	1.0	4.5	3.0	1.6781425	1.0
	1.0	78	0	3	2	2	4	3	3	2	3	2	4	3	3		0.6657629	2.8333333	2	5.0	2.0	1.5	2.0	0.40714177	
0.87345	1.0	55	1	1	2	4	4	3	3	1	3	4	3	3	4	1.7811775	0.16808653	2.8333333	2	8.0	2.0	3.5	1.0	0.41571754	1.0
	1.0	79	0	3	2	3	3	4	2									2.8333333	1	7.0	2.0	2.5	2.0	0.3128378	
1.6721425	1.0	78	0	4	1	1	3	2	3	3	2	3	2	3	2	2.665763	2.665763	2.3333333	0	7.0	3.0		1.5	-0.11293875	
0.37552974	1.0	70	0	1	1	1	2	1	1	1	1	3	1	1	1	2.7811775	0.8319135	1.1666666	2	9.0	2.0	5.0	4.5	-1.41533	1.0
0.32037398	1.0	80	0	1	2	1	3	1	2		1	3	1	1	1	1.8319135	1.8319135	1.6666666	2	7.0	4.0	2.0		-0.82041997	
0.3363732	1.0	70	0	2	1	1	2	1	1	1	1	1	1	1	1	2.1680865	2.1680865	1.3333334	2	8.0	2.0	3.5	4.0	-1.2646505	1.0
1.8497994	1.0	66	0	4	2	5	4	2	4	3	3	5	5	3	4	2.828815	2.828815	3.5	0	3.0	2.0	2.0	1.0	1.1018411	1.0
0.3657494	1.0	76	0	3	1	1	2	2	2	3	1	1	2	3	2	0.7811775	1.1680865	1.8333334	2	10.0	3.0	5.0	4.0	-0.68687767	1.0
	2.0	66	0	4	4	4	5	3	5									4.1666665	2	0.0	1.0	1.0	1.0	1.8874223	
0.97901493	1.0	44	0	1	4	2	3	3	3	1	1	4	3	3	2	2.1680865	2.1680865	2.6666667	2	6.0	2.0	3.0	2.5	0.27893007	1.0
	1.0	82	0	2	1	2	2	2	1									1.6666666	2	9.0	3.0	5.0	5.0	-0.93569505	
	1.0	70	0	1	1	1	3	1	1	1	1	1	1	1	1	2.8319135	2.8319135	1.3333334	2	4.0	2.0	3.0	1.0	-1.245176	1.0
0.33023274	1.0	66	0	1	3	1		3	1		2	1	3	3	3				2	1.0	2.0	2.0	1.0		
	1.0	45	0	3	1	2	2	2	1									1.8333334	2	10.0	3.0	5.0	3.5	-0.7850155	
	1.0	59	1	2	2	3	2	1	2									2.0	2	8.0	2.0	3.0	1.5	-0.5299595	
5.7823834	1.0	67	0	4	2	4	3	3	4	4	2	4	3	3		2.828815	2.828815	3.3333333	0	0.0	2.0		1.0	0.9507075	
0.9196087	2.0	60	0	4	4	3	2	2	3	1	2	2	2	2	1	0.8319135	0.8319135	3.0	2	6.0	2.0	3.0	3.0	0.5417943	1.0
0.76002944	1.0	65	0	1	2	2	3	3	4	1	2	3	3	2	3	0.16808653	0.16808653	2.5	1	7.0	2.0	3.0	2.0	0.1887339	1.0
0.35909486	1.0	74	0	1	1	1	1		1	5	1	5	1	1	1				2	10.0	2.0		3.0		
	1.0	38	1	2	1	3	1		1	2	1	3	1	1	1	0.3342371	0.3342371		2	6.0	3.0		3.5		
1.9133373	1.0	72	1	2	4	2	3	3	1	4	2	1	4	3	2		2.1680865	2.5	0	3.0	2.0	1.0	2.5	-0.07660095	
0.3720531	1.0	77	0	3	2	1	1	1	1	2	4	2	2	1	3	0.8319135	0.8319135	1.5	2	6.0	2.0		2.0	-1.1124742	
0.3812217	1.0	67	1	1	1	1	1	3	1	1	1	1	1	1	1	0.8319135	0.8319135	1.3333334	2	6.0	3.0	2.5	2.0	-1.2375082	1.0
0.76288766	1.0	69	0	2	5	1	2	1	1	2	1	2	3	2	1	0.8319135	0.8319135	2.0	1	9.0	1.0	3.5	3.0	-0.5780475	1.0
0.8061676	1.0	59	1	3	2	4	4	3	2	3	3	2	2	4	2	0.60147166	0.60147166	3.0	2	4.0	1.0	1.5	2.0	0.46397138	1.0
	1.0	65	0	1	2		3	2	2	1	3	3	3	3	2				2	0.0	3.0		1.0		
0.68760955	1.0	77	0	3	3	4	3	2	2		2	3	3	2	2	1.7811775	1.7811775	2.8333333	1	6.0	2.0	2.0	2.5	0.29148015	1.0
	1.0	47	1	2	4	2	2	3	4	1	5	1	1	2	3	2.665763	2.665763	2.8333333	1	3.0	1.0	2.0	2.5	0.5125609	1.0
0.32266185	1.0	79	0	1	3	2	4	4	4	1	2	4	3	1	4	0.8319135	0.8319135	3.0	2	6.0	4.0	3.5	1.0	0.7045266	1.0
0.9598772	1.0	44	1	1	2	2	3	2	1	1	2	1	2	2	1			1.8333334	2	3.0	1.0		1.0	-0.7445699	
	1.0	29	1	4	4	4	4	3	2									3.5	2	0.0	1.0	1.0	1.0	0.9579524	
0.31679866	1.0	75	0	1	1	1	1	3	1	1	1	5	5	3	3	0.21882248	0.21882248	1.3333334	2	9.0	3.0	5.0	4.0	-1.2375082	1.0
	1.0	59	0	1	3	3	3	3	3	2	3	3	3	3	3			2.6666667	1	4.0	2.0	1.0	1.0	0.2622468	
0.36970922	1.0	70	1	2	2	2	3	2	2	1	2	1		1	1	2.334237	2.334237	2.1666667	2	8.0	3.0	4.0	4.0	-0.34078503	1.0
1.2423337	1.0	70	0		3	4	5	2	4	1	2	3	5	3	5				1	5.0	3.0		1.0		
	1.0	69	0	3	2	2	4	3	2									2.6666667	0	10.0	3.0	4.5	5.0	0.15403649	
	1.0	57	0	1	1	5	1	3	1	1	1	5	2	2	2	1.1680865	1.1680865	2.0	2	10.0	2.0	2.5	2.0	-0.61763847	1.0
0.34112373	1.0	65	0	1	2	2	2	1	2	2	3	4	4	3	3	1.1680865	1.1680865	1.6666666	2	3.0	4.0	1.5	2.5	-0.8356065	1.0
	1.0	72	0	1	2	1	1	1	2	4	2	4	1	1	4	3.2188225	3.2188225	1.3333334	2	7.0	3.0	4.0	4.0	-1.160728	1.0
0.8713462	1.0	55	1	1	2	3		2	4	1	2	2	3	2	2	2.171185	2.171185		2	2.0	1.0	4.0	2.0		
	2.0	71	0	2	1	1	2	3	2									1.8333334	2	10.0	1.0	4.0	3.0	-0.66356933	
0.38541076	1.0	68	0	2	2	1	2	2	2	2	2	2	2	3	2	1.8319135	1.8319135	1.8333334	2	7.0	3.0	4.0	4.0	-0.6659065	1.0
	1.0	45	1	3	2	3	5	1	3	2	2	3	3	3	3	3.334237	3.334237	2.8333333	2	8.0	1.0	3.5	4.0	0.38428745	1.0
1.5423983	1.0	62	0	2	2	2	2	2	2	1	2	2	3	5	2		0.25716496	2.0	1	8.0	2.0	1.5	4.0	-0.51093906	
0.7859163	1.0	68	0	4	4	4	5	4	4	2	2	1	3	2	2	2.665763	2.665763	4.1666665	1	5.0	2.0	3.5	4.0	1.8083049	1.0
	1.0	76	0	3	2	3	3	3	2	2	3	3	3	3	2	2.665763	2.665763	2.6666667	2	4.0	2.0	3.0	3.0	0.1388499	1.0
	1.0	32	0	1	1	3	5	3	1	3	1	1	5	3	1	0.8319135	0.8319135	2.3333333	2	9.0	4.0	5.0	3.0	-0.2469572	1.0
0.9804649	2.0	62	0	2	3	4	3	3	4	2	3	2	2	3	4			3.1666667	2	7.0	3.0	3.0	1.0	0.8209991	
0.8504086	1.0	60	1	1	1	1	1	1	1	1	1	2	2	2	1	0.6657629	0.6657629	1.0	2	3.0	3.0	1.0	1.5	-1.585484	1.0
0.3583372	1.0	76	1	3	1	2	3	2	2	1	1	3	2	2	1	2.665763	2.665763	2.1666667	2	9.0	2.0	4.5	3.5	-0.36175618	1.0
0.094403885	2.0	71	1	3	1	2	2	3	2	2	2	2	3	3	3	0.8319135	0.8319135	2.1666667	2	7.0	3.0	3.5	3.5	-0.35792232	1.0
1.0040135	1.0	41	1	2	2	2	2	2	2	3	2	5	5	3	2	0.8319135	0.8319135	2.0	2	3.0	3.0	1.5	1.0	-0.51093906	1.0
1.772333	2.0	33	1	1	2	2	2	2	1	1	1	4	2	2	4	1.1680865		1.6666666	2	8.0	3.0	4.5	2.0	-0.91472393	1.0
0.3394326	1.0	69	0	2	2	2	4	2	2	1	2	1	4		2	0.6657629	0.6657629	2.3333333	2	9.0	2.0	1.5	3.0	-0.17063099	1.0
	1.0	70	0	1	2	3	3	3	3	1	2	2	2	3	1			2.5	2	5.0	2.0	3.5	2.5	0.09059606	
0.0671091	2.0	74	0	1	1	1	2	3	2	1	1	2	4	3	2	1.8319135	1.8319135	1.6666666	2	9.0	2.0	3.0	4.0	-0.81424886	1.0
	1.0	66	0	1	1	1	4	2	1	1	1	4	3	1	1	0.7811775	2.3985283	1.6666666	2	10.0	2.0	5.0	2.5	-0.901034	1.0
0.8509119	1.0	56	1	2	1	1	1	2	2	1	2	3	1	1	5			1.5	2	2.0	1.0	1.0	1.0	-1.0077113	
0.3216954	1.0	84	0	3	1	1	1	1	1	1	1	1	2	1	1	0.8319135	0.8319135	1.3333334	2	10.0	2.0	3.5	4.0	-1.2841249	1.0
	1.0	59	1	1	5	4	3	3	2									3.0	2	0.0	3.0	1.0	1.0	0.5074104	
0.36723366	1.0	74	0	1	1	4	4	3	1		2	3	4	2	1	1.3342371	1.2188225	2.3333333	2	8.0	2.0	3.5	2.0	-0.2621438	1.0
2.3700764	1.0	39	1	3	1	1	1	1	3	3	1	1	1	3	1			1.6666666	1	0.0	1.0	1.0	1.0	-0.7779143	
	1.0	65	1	1	1	1	2	1	2	1	5	1	4	2	2	0.828815	0.828815	1.3333334	2	7.0	3.0	5.0	1.0	-1.1622247	1.0
	1.0	78	0	3	1	3	2	3	2	2	1	4	4	2	2	1.1680865	1.1680865	2.3333333	2	8.0	3.0	3.5	2.0	-0.20295486	1.0
0.35772893	1.0	70	1	1	5		1	3	1	2	5	1	1	1	4	1.3985283	1.3985283		2	5.0	2.0	2.0	1.0		
4.007864	1.0	55	0	2	3	3	4	3	3	4	3	2	2	3	3	2.828815	2.828815	3.0	0	7.0	2.0	3.0	2.0	0.5830804	1.0
	1.0	57	0	3	3	3	4	3	4	3	3	4	4	3	3			3.3333333	0	0.0	3.0		1.0	0.9868653	
0.09113674	2.0	72	1	1	2	4	1		2	1	1	3	3	2	1	2.1680865	2.1680865		2	5.0	3.0	1.0	1.0		
0.7061243	1.0	71	0	2	3	3	3	2	2	3	2	2	3	2	3	3.6014717	2.171185	2.5	1	7.0	3.0	3.0	2.0	-0.014166848	1.0
0.37307945	1.0	68	0	1	3	1		2		1	3	4	2	2		0.39852834	0.39852834		2	4.0	2.0		1.0		
	2.0	62	0	2	2	2	2	2	1									1.8333334	2	6.0	2.0	2.5	1.0	-0.76404434	
0.37974653	1.0	75	0	1	2	2	2	2	2	2	2	2	2	2	3	0.8319135	0.8319135	1.8333334	2	8.0	2.0	2.5	2.0	-0.66161865	1.0
0.36259204	1.0	71	0	2	2	2	2	2	3	2	2	3	3	3	2	0.21882248	1.3985283	2.1666667	2	8.0	3.0	2.0	1.0	-0.25783375	1.0
0.3687845	1.0	72	0	1	2	2	4	2	3	2	2	2	3	3	3	0.16808653	0.16808653	2.3333333	2	7.0	2.0	2.0	2.0	-0.06820526	1.0
	1.0	63	0	5	3	4	3	3	4	4	3	4	3	3	5	2.828815	2.828815	3.6666667	0	5.0	1.0	1.5	1.0	1.2730378	1.0
	1.0	67	0	1	2	1	1	3	2	1	2	1	1	3	2	0.21882248	0.21882248	1.6666666	2	9.0	3.0	4.5	3.0	-0.8127522	1.0
	0.0	72	1	3	3	3	3	3	3									3.0	2	7.0	1.0	3.0	3.0	0.5636059	
0.61253786	1.0	72	0	1	1	1	1	2	1	1	1	2	2	1	1	2.7811775	2.7811775	1.1666666	2	7.0	3.0	4.0	3.0	-1.4114962	1.0
2.2757204	0.0	38	0	3	3	2	3	3	3	3	3	3	3	3	4	0.8319135	0.8319135	2.8333333	2	8.0	1.0	3.0	3.0	0.40863848	1.0
	1.0	45	1	1	2	5	5	3	4	1	2	1	5	5	3	0.3342371	4.1680865	3.3333333	2	0.0	1.0	1.0	2.0	0.9939443	1.0
	1.0	49	1	4	3	4	4	4	4									3.8333333	2	2.0	2.0	2.5	3.5	1.4665002	
1.4374645	2.0	54	1	2	3	3	1	2	1	2	2	1	1	1	1	1.8319135	1.8319135	2.0	2	6.0	3.0	2.5	1.0	-0.6075802	1.0
	1.0	65	1	3	3	3	3	3	3	3	3	3	3	3	3	0.8319135	0.8319135	3.0	2	8.0	1.0	3.0	3.0	0.5636059	1.0
	2.0	73	1	2	1	1	2	1	1									1.3333334	2	9.0	1.0	5.0	2.0	-1.2646505	
0.8139374	1.0	69	1	1	1	1	2	2	1	2	1	2	2	2	2			1.3333334	1	5.0	1.0	3.0	3.5	-1.2413421	
0.9094154	1.0	54	1	1	2	3	5	2	4	1	2	4	4	1	3		2.3985283	2.8333333	2	6.0	3.0	3.0	1.0	0.5100215	
0.40789592	1.0	75	1	3	5	5	3	3	5	3	3	3	3	3	3		2.1680865	4.0	2	8.0	1.0	3.5	2.0	1.7230529	
0.36876217	1.0	69	1	1	2	3	4	1	3	2	2	1	3	2	2	2.1680865	2.1680865	2.3333333	2	5.0	2.0	1.0	1.0	-0.08722573	1.0
0.36437535	1.0	66	1	1	1	5	3	2	1	1	1	5	5	4	3	0.8319135	0.8319135	2.1666667	2	9.0	3.0	4.0	3.5	-0.4513183	1.0
0.7903276	1.0	72	1	1	1	2	1	1	1	1	2	2	2	3	2	0.3342371	0.3342371	1.1666666	1	7.0	1.0	2.0	2.0	-1.4305166	1.0
0.06880087	2.0	72	1	1	1	2	3	1	2	1	1	2	3	2	2	1.2188225	1.828815	1.6666666	2	8.0	2.0	2.5	4.0	-0.83710325	1.0
4.877349	1.0	45	1	3	4	4	5	3			2	4	4	3	2	2.828815	2.828815		0	1.0	1.0	1.0	2.0		
	1.0	42	1	3	2	2	3	3	2									2.5	1	3.0	1.0			-0.01611754	
0.907212	1.0	48	1	2	4	1	4	2	3	2	5	2	3	2	2		3.334237	2.6666667	2	3.0	2.0	2.0	3.0	0.27080834	
	2.0	68	0	3	1	2	3	3	1									2.1666667	2	7.0	3.0	3.0	3.0	-0.44087356	
0.9173647	1.0	45	1	4	5	4	3		4	4	5	4	4	4	4				2	0.0	1.0	1.0	1.0		
	1.0	65	0	1	2	1	3	2	2	1	2	2	2	3	1		1.3985283	1.8333334	0	8.0	2.0	3.5	1.0	-0.64643204	
	1.0	60	1	2	2	2	2	2	3	1	2	1	3	3	3	4.334237	4.334237	2.1666667	2	5.0	2.0	4.0	3.0	-0.25783375	1.0
	1.0	52	1	2	2	2	2	2	1	1	2	3	3	3	1	1.171185	1.171185	1.8333334	2	8.0	2.0	3.0	3.0	-0.76404434	1.0
1.8735702	0.0	22	1	3	3	3	3	3	3	3	3	3	3	3	3	0.16808653	0.16808653	3.0	2	8.0	1.0	3.0	3.0	0.5636059	1.0
	1.0	48	1	3	2	4	4	3	4	4	2	1	4	1	5			3.3333333	2	0.0	0.0	1.0	1.0	0.97018194	
	2.0	80	1	1	1	1	1	2	2									1.3333334	2	7.0	3.0	2.0	1.0	-1.1583909	
	1.0	62	0	1	1	2	1	2	2	1	1	2	2	3	2	0.8319135	0.8319135	1.5	2	8.0	2.0	3.5	2.5	-1.0034233	1.0
	1.0	41	1	1	2	1	1	3	4									2.0	2	1.0	1.0	1.5	2.0	-0.3065416	
1.703728	1.0	77	0	3	2	3	3	3	3	2	3	3	3	3	3	2.1680865	0.21882248	2.8333333	0	6.0	2.0	2.0	2.0	0.3919552	1.0
0.9189912	1.0	63	1	1	2	3	2		2	1	2	2	3	3	1	2.8319135	2.8319135		2	8.0	2.0		3.5		
	1.0	44	1	5	3	5	3	3	5	3	3	3	3	2	3	6.828815	6.828815	4.0	1	0.0	1.0		1.5	1.6811105	
5.7823834	1.0	71	0	1	2	1	1	3	2	1	2	1	3	3	3			1.6666666	0	0.0	1.0	1.0	3.0	-0.8127522	
0.37033156	1.0	68	1	1	3	3	4	2	4		2	3	5	3	4			2.8333333	2	7.0	2.0		1.0	0.5115182	
	2.0	56	0	1	2	2	1	2	2									1.6666666	2	9.0	3.0	4.5	2.5	-0.8317727	
0.38708216	1.0	66	0	1	2	2	2	2	2	3	3	3	3	3	3	0.3342371	0.3342371	1.8333334	2	8.0	3.0	4.0	3.5	-0.66161865	1.0
1.2670249	1.0	63	1	3	3	3	3	3	3	3	3	3	3	3	3	0.8319135	0.8319135	3.0	2	8.0	1.0	3.0	3.0	0.5636059	1.0
0.8388328	1.0	61	0	1	2	5	2	2	2	1	1	4	1	3	1	0.8319135	0.8319135	2.3333333	2	8.0	4.0	4.0	3.0	-0.1967163	1.0
1.6752946	1.0	55	0	3	3	3	3	3	3	3	4	4	3	3	4	2.1680865	2.1680865	3.0	1	1.0	4.0	1.5	1.0	0.5636059	1.0
1.6811023	1.0	67	0	2	2	2	2	2	3		1	1	2	4	3	2.8319135	2.8319135	2.1666667	0	7.0	3.0	1.5	3.0	-0.25783375	1.0
	1.0	75	0	1	1	1	4	3	2	1	1	1	1	1	2			2.0	2	8.0	2.0	4.5	4.0	-0.47394082	
0.06934823	2.0	66	0	1	1	1	1	1	1	1	1	1	1	1	1	0.8319135	0.8319135	1.0	2	9.0	2.0	3.0	1.0	-1.585484	1.0
0.3579471	1.0	79	0	1	3	1	3	1	3	1	3	1	1	4	3	0.8319135	0.8319135	2.0	2	5.0	2.0	3.0	3.0	-0.39566392	1.0
0.37707078	1.0	72	0	1	1	2	3	3	3	1	1	2	2	2	1	0.7811775	0.7811775	2.1666667	2	6.0	3.0	3.5	2.0	-0.23602211	1.0
	1.0	62	0	1	2	1	4	2	3	4	2	2	3	2	2	0.3342371	0.60147166	2.1666667	2	7.0	3.0	4.5	3.5	-0.22317271	1.0
4.181883	1.0	60	0	2	1	3	4	3	2	2	2	1	3	3	2	4.334237	4.334237	2.5	0	1.0	1.0	1.0	1.0	-0.013326368	1.0
0.059616536	2.0	75	0	1	1	1	4	1	2	1	2	1	4	1	2	1.1680865	1.1680865	1.6666666	2	9.0	2.0	4.0	4.0	-0.82191664	1.0
	1.0	40	0	1	2	2	3	2	3									2.1666667	2	7.0	3.0	3.5	3.0	-0.23835929	
0.3789797	1.0	71	0	1	1	1	1	2	2	1	2	1	2	2	2	0.8319135	0.8319135	1.3333334	2	9.0	4.0	2.5	3.0	-1.1583909	1.0
0.3024821	1.0	66	0	2	4	4	4	2	4	2	5	4	4	2	5	0.6657629	0.6657629	3.3333333	2	1.0	2.0	1.0	1.0	0.98881596	1.0
0.78138745	1.0	59	0	3	2	3	3	3	2	4	2	2	3	3	3			2.6666667	2	6.0	1.0	3.0	2.0	0.1388499	
	2.0	77	1	1	5	2		3	4										2	2.0	2.0	1.0	1.0		
1.6597265	1.0	56	0	3	3	3	3	3	3	3	4	3	3	3	3	0.8319135	5.828815	3.0	1	6.0	2.0	3.0	3.0	0.5636059	1.0
0.31919986	1.0	84	0	5	2	2	5	4	2	4	2	2	2	2	2		1.1680865	3.3333333	2	9.0	2.0	4.5	1.0	0.7995376	
	1.0	63	0	3	2	3	4	3	4	3	3	3	3	3	4			3.1666667	1	1.0	2.0	2.0	2.0	0.8152145	
0.3215108	1.0	75	0	2	1	1	3	2	1	1	1	1	4	1	2	0.8319135	0.8319135	1.6666666	2	7.0	2.0		1.5	-0.9205085	
0.82181716	1.0	65	1	1	3	2		3	1	1	3	3	3	3	1	2.334237	2.334237		1	7.0	2.0	3.5	3.5		
	1.0	54	1	3	3	2	2	3	2	4	3	3	3	2	2	0.21882248	0.21882248	2.5	0	0.0	1.0	2.0	2.0	-0.014620842	1.0
	1.0	77	0	1	1	3	2	3	2	2	1	3	4	3	2	1.8319135	1.8319135	2.0	2	9.0	4.0	4.5	4.0	-0.504314	1.0
	1.0	59	1	1	2	4	3	2	2	1	2	4	4		2	0.6657629	0.6657629	2.3333333	2	5.0	4.0	3.5	4.0	-0.18152972	1.0
	1.0	56	0	2	2	4	4	2	3	1	2	2	1	3	2	2.8319135		2.8333333	2	1.0	1.0	2.5	1.0	0.3924092	1.0
	1.0	52	1	4	3	4	5	3	4	4	3	3	3	3	3	2.828815	2.828815	3.8333333	1	6.0	3.0	3.0	1.0	1.4626663	1.0
0.9636258	1.0	40	0	1	1	4	2	3	1	1	1	3	3	4	1	1.3342371	1.3342371	2.0	2	9.0	2.0	4.0	4.0	-0.60245186	1.0
0.84909344	1.0	43	0	3	4	3	4	2	4	3	5	4	3	4	5			3.3333333	2	3.0	0.0	2.5	1.0	0.98452806	
0.72442627	1.0	64	0	1	1	1	1	1	1	1	1	1		2	1	0.6657629	0.6657629	1.0	2	9.0	3.0	4.5	5.0	-1.585484	1.0
	1.0	33	1	3	2	2	3	3	3	4	4	4	4	4	4	2.1680865	2.1680865	2.6666667	2	0.0	2.0	1.0	3.0	0.23698775	1.0
	1.0	54	1	4	2	3	3	3	2	4	2	3	3	3	3		7.334237	2.8333333	0	7.0	2.0	3.5	3.0	0.28952947	
	2.0	69	0	2	1	1	2	2	1	1	1	1	1	1	1	1.257165		1.5	2	10.0	3.0	3.5	3.0	-1.0906625	1.0
	2.0	35	0	4	2	2	2	3	3	1	2	4	2	3	2	3.334237	1.1680865	2.6666667	2	3.0	2.0	3.5	4.0	0.2175133	1.0
	2.0	78	0	2	5	2	4	2	4	3	3	4	4	4	3	0.60147166	0.60147166	3.1666667	1	6.0	2.0	2.5	4.0	0.8505318	1.0
	1.0	57	1	1	3	3	3	1	4	1	3	4	3	3	3	1.8319135	1.8319135	2.5	2	6.0	1.0	2.5	2.0	0.16737626	1.0
0.06712654	2.0	76	0	1	1	1	2	3	2	1	2	1	2	2	1	0.8319135	2.7811775	1.6666666	2	7.0	3.0	2.5	2.0	-0.81424886	1.0
	1.0	75	0	1	1		1	1	1	2	5	1	3	2	3	2.8319135	2.8319135		0	8.0	3.0	3.5			
0.90228754	1.0	58	0	1	1	1	1		2	2	1	1	2	3	2	1.3342371	1.2188225		2	6.0	3.0	1.5	2.0		
4.160493	2.0	62	1	1	1	3	3	1	3	1	1	1	2	1	3	1.1680865	1.1680865	2.0	1	5.0	1.0	3.0	2.0	-0.42903048	1.0
	1.0	46	1	4	4	1	4		4	4	5	2	3		5	4.334237	4.334237		2	2.0	3.0	2.0	3.0		
5.0131803	1.0	46	1	2	2	3	3	3	3	2	2	4	2	2	2	2.334237	2.334237	2.6666667	0	3.0	1.0	1.0	1.0	0.24127562	1.0
3.9063306	1.0	61	0	1	2	4	3		1	1	1	5	4	3	2	0.7811775	0.7811775		0	8.0	3.0	2.0	4.0		
0.18487701	2.0	79	0	1	2	1	1	3	2	1	2	1	3	2	2	0.25716496	0.25716496	1.6666666	1	8.0	2.0		1.0	-0.8127522	
0.3216363	1.0	74	0	2	3	2	3	2	3	3	4	2	4	2	3	0.21882248	0.21882248	2.5	2	6.0	3.0	1.5	3.5	0.08397101	1.0
1.3747396	2.0	61	1	1	2	2	2	2	1	1	1	1	2	1	1	0.16808653	0.16808653	1.6666666	2	9.0	3.0	4.0	2.0	-0.91472393	1.0
	1.0	45	1	2	1	4	2	2	3	3	1	4	2	2	1	0.8319135	0.8319135	2.3333333	2	6.0	2.0	2.5	2.0	-0.1195496	1.0
0.8842976	1.0	52	1	1	1	1	2	2	1	1	1	2	2	2	1	0.21882248	2.1680865	1.3333334	2	9.0	2.0	1.0	3.0	-1.2413421	1.0
	1.0	59	0	1	1	1	2	2	1									1.3333334	2	5.0	2.0	3.5	2.0	-1.2413421	
0.34243885	1.0	67	0	2	4	4	3	3	4	3	4	2	3	3	3			3.3333333	2	7.0	2.0	4.0	1.0	0.9926498	
0.35968444	1.0	71	1	1	1	1	1	1	1	3	4	2	3	3	3	0.16808653	0.16808653	1.0	2	7.0	1.0	3.0	1.0	-1.585484	1.0
	2.0	75	0	1	2	1	1	3	1	2	3	1	1	2	2	0.16808653	0.16808653	1.5	2	7.0	2.0	3.5	2.0	-1.0658575	1.0
0.36966464	1.0	71	1	4	3	4	4	3	3	4	3	4	3	2	3	0.16808653	0.16808653	3.5	2	5.0	1.0	2.0	2.0	1.039407	1.0
1.0740987	2.0	57	0	1	2	1	3	1	4	2	2	2	2	2	2			2.0	2	6.0	3.0	1.0	1.0	-0.31420934	
	1.0	58	1	1	2	1	2	3	4	1	2	2	2	3	2	0.16808653	0.16808653	2.1666667	2	6.0	2.0	3.5	3.0	-0.13638756	1.0
	2.0	55	0	1	1	1	4	1	1									1.5	1	8.0	2.0	4.5	4.0	-1.075022	
	1.0	83	0	2	4	1	2	2	2	1	4	1	3	3	2	0.6657629	0.6657629	2.1666667	2	5.0	3.0		1.0	-0.32260504	
0.049949758	2.0	76	0	2	2	2	5	1	3	1	2	2	4	1	4		2.828815	2.5	2	9.0	2.0	3.5	1.0	0.07864044	
	1.0	82	0	4	2	3	4	1	3	4	2	3	4	3	3	0.21882248	0.21882248	2.8333333	1	8.0	3.0	3.0	2.5	0.364813	1.0
	1.0	49	1	3	3	4	4	4	3	4	4	1	2	4	4	1.3985283	1.3985283	3.5	2	1.0	3.0	2.0	2.0	1.0627153	1.0
1.8774174	1.0	52	1	4	5	4	2	2	5	1	5	2	4	1	5		2.828815	3.6666667	1	2.0	3.0	3.5	1.0	1.3746231	
1.3421216	1.0	43	1	5	5	5	5	2	5	5	5	5	5	4	5			4.5	2	0.0	0.0	5.0	3.0	2.1907322	
	1.0	46	1	3	3	4	3	2	3									3.0	2	1.0	2.0	1.5	2.0	0.54458547	
	2.0	48	0	2	3	2	3	3	4									2.8333333	2	4.0	2.0	4.0	2.5	0.51106423	
	1.0	64	0	4	1	3	2	1	1	3	1	3	3	1	1	1.1680865	1.1680865	2.0	1	9.0	2.0	3.0	2.0	-0.6533564	1.0
	1.0	43	1	2	2	2	4	3	4									2.8333333	1	7.0	2.0	3.0	2.0	0.5095675	
	2.0	84	1	1	5	1		2		1	4	5		1	3		0.25716496		2	6.0	2.0	3.0	2.0		
0.3861021	1.0	65	1	1	2	2	2	2	1	1	2	2	4	2	1	1.3342371	1.3342371	1.6666666	2	4.0	2.0	1.5	2.5	-0.91472393	1.0
0.32588795	1.0	77	0	2	1	1	2	2	4	2	2	3	3	1	3	2.7811775	0.8319135	2.0	2	6.0	2.0	3.0	3.0	-0.33134663	1.0
	2.0	64	0	3	4	4	4	3	4	4	3	3	4	4	4			3.6666667	2	3.0	2.0	4.5	3.0	1.3134835	
0.80616766	1.0	61	0	4	4	2	4	4	4	4	2	4	2	2	2	0.3342371	0.3342371	3.6666667	2	5.0	1.0	2.0	2.0	1.3282161	1.0
5.7823834	1.0	59	1	1	5	5	5	1	5	4	5	1	4	2	4	2.828815	2.828815	3.6666667	0	0.0	0.0	1.0	1.0	1.414026	1.0
2.1397898	1.0	39	1	4	2	3	4	3	3	2	3	2	1	3	4			3.1666667	1	5.0	2.0	3.0	3.5	0.7127888	
0.36881232	1.0	70	0		5	5	5		5	2	5	5	4	3	4				2	5.0	3.0	5.0	1.0		
0.06780252	2.0	72	0	3	2	1	1	2	1	2	4	1	1	3	2	0.16808653	0.16808653	1.6666666	2	6.0	2.0	4.0	1.0	-0.9384863	1.0
1.7800308	1.0	66	0		4	4	5	2	4	3	5	2	4	2	3	0.17118502	0.17118502		0	6.0	3.0	1.0	1.5		
	2.0	46	0	1	1	2	2	2	1	1	1	1	2	3	1	0.17118502	0.17118502	1.5	2	8.0	2.0	2.5	2.0	-1.0863746	1.0
0.92742515	1.0	55	1	1	1	1	1	3	1	1	1	1	1	2	1	0.21882248	0.21882248	1.3333334	2	8.0	3.0	4.5	2.0	-1.2375082	1.0
	1.0	59	0	1	2	1	2	2	2	2	2	2	2	1	2	1.3342371	1.3342371	1.6666666	2	4.0	3.0	4.0	3.0	-0.8165861	1.0
	2.0	66	1	1	2	3	4	2	3									2.5	2	8.0	3.0	2.0	1.5	0.08676218	
	1.0	65	0	1	1	1	4	1	1	1	1	1	1	1	1	1.6657629	1.6657629	1.5	1	10.0	2.0	2.5	1.0	-1.075022	1.0
	1.0	34	1	1	5	5	5	5	1									3.6666667	2	0.0	2.0	1.0	1.0	1.0975564	
	1.0	67	0	2	3	1	4	3	3	2	3	1	3	2	3	1.6014717	0.17118502	2.6666667	2	7.0	2.0	3.0	1.5	0.2731455	1.0
	1.0	73	0	1	1	2	1	1	1	1	2	3	3	1	1	0.16808653	0.16808653	1.1666666	2	9.0	2.0	4.5	4.0	-1.4305166	1.0
	1.0	63	0	1	2		4		4		3		4	5					2	9.0	1.0	1.0	1.0		
0.758702	1.0	66	0	1	2	1	3	2	2	1	2	1	4	2	2	1.3342371	0.39852834	1.8333334	1	8.0	3.0	3.0	3.0	-0.64643204	1.0
	2.0	58	0	1	2	3	4	2	1	1	3	1	2	1	1	1.3342371	1.3342371	2.1666667	2	9.0	3.0	3.5	4.0	-0.4194484	1.0
	1.0	79	0	2	2	2	2	2	2	3	1	2	2	2	2			2.0	2	10.0	3.0	3.5	4.0	-0.51093906	
0.3377336	1.0	69	0	1	1	2	1	2	2	2	3	3	4	3	3	0.8319135	0.8319135	1.5	2	8.0	3.0	1.0	1.5	-1.0034233	1.0
0.8206315	1.0	67	1	1	2	4	2	2	2	1	2	2	2	2	4	2.2188225	2.2188225	2.1666667	1	7.0	3.0	3.0	2.5	-0.35168374	1.0
	1.0	71	0	3	2	2	3	2	2	1	1	2	2	2	2	1.1680865	1.1680865	2.3333333	1	8.0	4.0	3.5	3.5	-0.19010545	1.0
1.6448201	1.0	62	0	1	2	1	4	1	1	1	1	1	1	1	1	1.6014717	3.2188225	1.6666666	1	10.0	1.0	5.0	5.0	-0.9033712	1.0
	1.0	69	0	1	2	2	3	3	1	2	2	2	4	2	1	0.6657629	0.17118502	2.0	1	8.0	3.0	2.5	3.0	-0.570582	1.0
3.8884652	1.0	62	0	2	1	1	3	1	1	1	1	5	1	2	1	0.21882248	0.21882248	1.5	0	0.0	3.0	1.0	1.5	-1.0944964	1.0
0.32411274	1.0	71	0	1	1	1	2	2	1	1	1	4	1	1	1	0.8319135	0.8319135	1.3333334	2	10.0	2.0	3.0	4.0	-1.2413421	1.0
0.75817835	1.0	61	0	2	2	2	2	2	2	2	1		4	3	4	0.3342371	0.3342371	2.0	2	8.0	2.0	4.0	4.0	-0.51093906	1.0
0.36132336	1.0	76	0	2	1	2	2	1	2	2	2	2	2	3	3	2.8319135	2.8319135	1.6666666	2	10.0	4.0	4.5	4.0	-0.8565777	1.0
	1.0	56	1	2	2	2	2	2	2	3	2	2	3	2	2	0.7811775	0.7811775	2.0	2	7.0	3.0	4.0	2.0	-0.51093906	1.0
0.057233993	2.0	77	0	5	2	1	4	3	4	3	1	2	4	2	4			3.1666667	2	7.0	1.0	2.5	1.0	0.8066388	
0.058018815	2.0	79	0	2	4	3	4	5	4	1	3	2	2	1	4	0.16808653	0.16808653	3.6666667	2	4.0	3.0	3.0	1.0	1.3558122	1.0
	1.0	61	1	3	2	3	3	3	3									2.8333333	2	6.0	1.0	2.0	2.5	0.3919552	
0.750069	1.0	64	0	2	2	2	3	3	3	2	2	4	3	2	2	0.16808653	0.16808653	2.5	2	8.0	3.0	2.5	2.0	0.08630818	1.0
0.84461564	1.0	62	1	1	2	4	5	1	1	1	2	4	5		2	4.334237	4.334237	2.3333333	2	9.0	2.0	3.5	4.5	-0.26831484	1.0
0.35399947	1.0	78	1	1	2	4	4	4	4	4	2	4	4	3	4	1.3342371	1.3342371	3.1666667	2	5.0	2.0	1.5	1.0	0.84281075	1.0
0.77222973	1.0	55	0	1	1	1	1	1	2	1	1	1	1	1	1	1.2188225	1.2188225	1.1666666	2	7.0	3.0	2.5	3.0	-1.3323787	1.0
5.7823834	1.0	61	0	3	2	3	4	3	2	4	3	3	4	3	4	0.6657629	0.6657629	2.8333333	0	5.0	3.0	2.0	3.0	0.30900392	1.0
1.0168071	1.0	49	1	1	1	3	2	3		1	2	1	2	3	2	1.8319135	1.8319135		2	3.0	2.0	3.0	3.0		
	2.0	56	0	1	2	5	4	3	2	1	2	4	5	4	4	1.171185	1.171185	2.8333333	2	10.0	3.0	5.0	4.5	0.3175797	1.0
1.2093538	1.0	63	0	1	1	1	2	3	2	1	2	2	1	3	4			1.6666666	2	0.0	1.0	1.0	1.0	-0.81424886	
	1.0	29	1	2	1	3	2	3	2	2	2	2	2	3	1	2.171185	2.171185	2.1666667	2	6.0	2.0	1.5	2.5	-0.35363445	1.0
	1.0	58	1	1	1	2	4	2	2									2.0	2	8.0	1.0	2.0	3.0	-0.4929613	
	1.0	52	1	1	1	4	1	1	2	2	1	2	2	2	2	0.16808653	0.16808653	1.6666666	2	6.0	1.0	3.0	2.5	-0.8674764	1.0
	1.0	49	1	5	5	5		5	5	3	5	1		4	4				1	2.0	0.0	2.0	1.0		
	1.0	70	0	1	1	1	2	1	1	1	1	1	2	2	4	0.8319135	0.8319135	1.1666666	2	10.0	3.0	4.0	2.0	-1.41533	1.0
1.6920271	1.0	62	0	1	2	3	2	2	2	2	1	2	2	2	2	0.16808653	0.16808653	2.0	1	7.0	1.0	3.0	3.0	-0.50665116	1.0
0.85368663	2.0	33	0	2	3	3	4	3	2	1	5	1	1	1	1	1.7811775	1.7811775	2.8333333	2	2.0	0.0	5.0	5.0	0.3299751	1.0
	1.0	29	1	1	4	1	2		2	2	3	4	4	3	2	2.6014717	2.6014717		2	2.0	3.0	3.5	3.5		
	1.0	56	0	2	2	2	3	2	3	2	2	1	4	3	3		1.8319135	2.3333333	1	3.0	3.0	3.0	1.5	-0.08767972	
	1.0	23	1	5	2	1	4	1	1									2.3333333	2	7.0	1.0	1.0	2.5	-0.30065292	
0.8131851	1.0	65	1								5				5				1	0.0	1.0		1.0		
	1.0	33	1	4	3	3	4	3	3									3.3333333	2	5.0	1.0	2.5	3.5	0.8844395	
	1.0	37	1	1	3	5	4	2	3	2	3	4	4	2	4	2.6014717	2.6014717	3.0	2	6.0	1.0	4.0	2.5	0.5683478	1.0
0.9754438	1.0	31	1	1		1	2	4	2	5	3	1	2	3	4	2.1680865	2.1680865		2	3.0	1.0	2.0	3.0		
	0.0	34	1	2	4	4	4	5	2									3.5	2	5.0	2.0	2.0	1.0	1.004569	
1.1854638	1.0	30	1	2	1	2	3	2	2	2	1	2	2	3	2	0.21882248	0.21882248	2.0	2	6.0	3.0	3.5	1.5	-0.51243573	1.0
	2.0	31	0	3	1	1	1	1	1	1	1	1	1	1	1	1.6014717	1.6014717	1.3333334	2	7.0	3.0	2.5		-1.2841249	
	1.0	73	1	2	2	4	3	1	1	2	2	2	1	1	2	2.1680865	2.1680865	2.1666667	2	6.0	1.0	2.5	2.5	-0.45794335	1.0
	1.0	41	1	1	2	4	3	3	1									2.3333333	2	3.0	3.0	1.5	3.0	-0.2606471	
1.7558408	1.0	61	0	2	1	1	1	2	2	2	2	1	2	2	2	1.2188225	1.2188225	1.5	1	9.0	1.0	3.5	3.0	-1.0077113	1.0
	1.0	55	1	4	2	4	4	2	2	4	2	4	4	3	2	0.16808653	0.16808653	3.0	2	7.0	3.0	4.0	4.0	0.44066304	1.0
	1.0	41	1	1	2	4	3	2	2	1	2	4	4	3	3		2.1680865	2.3333333	2	3.0	3.0	2.0	2.0	-0.18152972	
	1.0	54	1	3	3	4	4		3	3	2	4	4	3	4	0.3342371	0.3342371		0	4.0	2.0	3.0			
	1.0	59	1	1	4	4	4	3	2									3.0	1	4.0	3.0	2.0	1.5	0.5059137	
	1.0	67	0	1	1	1	1	1	1	1	1	1	1	1	1	0.8319135	0.8319135	1.0	2	8.0	2.0	1.0	4.0	-1.585484	1.0
0.3189637	1.0	67	0	1	1	1	1	1	1	1	1	1	1	1	1	0.16808653	0.16808653	1.0	2	10.0	3.0	5.0	4.0	-1.585484	1.0
1.1745018	1.0	26	0	4	4	4	1	1	1	2	5	1	2	2	2	1.6014717		2.5	2	7.0	1.0	3.5	3.0	-0.1535908	1.0
	1.0	26	1	2	2	4	3	5	3									3.1666667	2	6.0	1.0	4.0	4.0	0.7442189	
	1.0	64	1	1	4	3	2	1	4									2.5	2	0.0	2.0	1.0	1.0	0.16887297	
0.365244	1.0	77	0	1	2	3	4	2	3		1	1	4	2	4	0.6657629	0.6657629	2.5	2	5.0	3.0	2.5	2.5	0.08676218	1.0
0.056570005	2.0	82	0	3	2	1	1	1	1	1	1	1	1	1	1	0.7811775	1.1680865	1.5	2	9.0	2.0	3.5	3.5	-1.1124742	1.0
	1.0	58	0	1	2	4	3	3	1	1	3	3	3	2	2	0.21882248	2.1680865	2.3333333	2	5.0	2.0	3.0	1.0	-0.2606471	1.0
	1.0	66	0	1	3	4	4	3	3	1	3	4	4	3	2	0.8319135	0.8319135	3.0	2	5.0	3.0	1.0	1.0	0.58736825	1.0
	1.0	67	0	1	2	1	3		2	1	2	3	4	3	3	2.7811775	2.7811775		2	6.0	2.0	2.0	2.5		
0.05858148	2.0	67	0	1	1	3	1	2	1	1	1	1	1	1	1	6.334237	5.398528	1.5	2	10.0	2.0	4.5	2.0	-1.1015612	1.0
0.36197236	1.0	71	1	1	3	2	3	2	2		3	3	3	2	3	0.8319135	2.7811775	2.1666667	2	5.0	0.0	2.5	3.0	-0.31981385	1.0
	1.0	70	0	3	4	4	4	3	3	4	3	4	5	4	5			3.5	0	2.0	1.0	3.0	2.0	1.0603781	
5.7823834	1.0	68	0	3	3	3	3	3	3	2	3	3	3	3	3			3.0	0	0.0	2.0	1.0	1.0	0.5636059	
	1.0	65	0	2	2	2	2	3	2									2.1666667	1	8.0	3.0	3.0	2.5	-0.33695114	
0.8382508	1.0	54	1	2	2	5	4	2	4	2	2	5	2	2	2		0.16808653	3.1666667	2	2.0	2.0	1.0	3.0	0.8004819	
1.14202	1.0	31	1	1	5	4	5	2	3	5	5	5	5	5				3.3333333	2	5.0	2.0	2.0	2.0	0.92683583	
	1.0	30	1		3	1	5	4	2	4	4	5	5	4	4	5.828815	5.828815		2	0.0	2.0	1.0	1.5		
1.0622792	1.0	38	1	4	4	4	4	3	3	2	2	4	3	2	2	2.1680865	2.1680865	3.6666667	2	5.0	1.0	2.0	2.5	1.2110577	1.0
1.0415279	1.0	36	1	3	5	4	3	4	4	4	4	4	4	3	4	1.7811775	1.742835	3.8333333	2	0.0	0.0	1.0	1.0	1.488968	1.0
0.7931604	1.0	69	1	1	1	3	3	3	2	1	2	3	4	2	2	0.21882248	0.21882248	2.1666667	1	5.0	1.0	2.0	3.0	-0.33415997	1.0
	1.0	35	1	3	3	2	3	3	3	3	3	4	4	3	4			2.8333333	2	0.0	2.0	2.5	2.0	0.40863848	
	1.0	34	1	1	1	1	2	1	3									1.5	2	0.0	2.0	2.0	1.0	-0.9091194	
	1.0	23	1	4	5	3	4	4	4									4.0	2	3.0	1.0	3.0	1.0	1.6548342	
2.9809823	1.0	66	0	1	1	1	2	1	1	5	2	1	3	1	2	0.60147166	0.60147166	1.1666666	0	8.0	2.0	4.0	3.0	-1.41533	1.0
	1.0	49	1	4	5	1		2	4										2	2.0	1.0				
	1.0	53	1	2	2	3	3	2	3	3	3	2	4	3	2	2.828815	2.828815	2.5	2	0.0	1.0		1.5	0.06728772	
	1.0	39	1	1	1	5	2	3	4									2.6666667	2	7.0	2.0	3.0	3.0	0.31183147	
	1.0	25	0	3	1	4	2		2										2	8.0	2.0	2.0	1.0		
	1.0	65	1	2	1	3	3	2	2	2	2	2	3	4	2	3.2188225	3.2188225	2.1666667	2	8.0	2.0	2.5	2.0	-0.3574683	1.0
	1.0	43	1	3	2	4	3	2	3	2	2	4	3	2	2	3.1680865	3.1680865	2.8333333	2	5.0	2.0	3.0	1.0	0.37293473	1.0
	1.0	72	1	3	2	3	2	3	2	1	2	2	3	2	1	2.8319135	2.8319135	2.5	2	7.0	2.0	1.5	2.5	-0.031304132	1.0
	1.0	43	1	4	4	5	5	2	4									4.0	1	1.0	3.0	4.0	1.0	1.6152966	
0.8466974	1.0	59	1	1	1	1	4	2	1	1	1	1	1	3	1	2.334237	2.334237	1.6666666	2	7.0	2.0		1.0	-0.901034	
3.8633294	1.0	62	0	3	2	2	4	3	2	3	2	3	4	3	3	0.3342371	0.3342371	2.6666667	0	2.0	1.0	2.0	2.0	0.15403649	1.0
0.37330866	1.0	69	1	3	2	2	3	2	4	3	2	1	2	2	2	0.828815	0.828815	2.6666667	2	7.0	2.0		1.0	0.31610516	
0.090854794	2.0	72	1	4	2	3	4	3	4	3	4	4	5	3	3			3.3333333	2	8.0	1.0	4.0	1.5	0.9658941	
0.72486204	1.0	63	0	4	2	3	4	2	2	4	2	3	2	3	2	2.8319135	2.8319135	2.8333333	2	2.0	1.0	1.0	1.0	0.2856956	1.0
0.7942449	1.0	55	0	3	4	2	2	2	4	2	2	3	5	4	4	2.828815	2.828815	2.8333333	2	2.0	1.0	2.0	2.0	0.48925257	1.0
	1.0	52	1	1	2	3	3	3	2	2	2	2	2	3	3	0.3342371	0.3342371	2.3333333	2	7.0	2.0	3.0	3.0	-0.16250925	1.0
	1.0	48	1	2	2	4	4	2	3	4	3	4	4	3	4	1.1680865	1.1680865	2.8333333	2	1.0	2.0	1.0	1.0	0.3924092	1.0
1.0173953	1.0	42	1	4	3	4	3	3	3	4	2	4	4	4	4	1.2188225	1.2188225	3.3333333	2	3.0	2.0	2.5	2.5	0.8692529	1.0
	1.0	36	1	4	4	4	4	4	3	4		4	4	4		2.1680865	2.1680865	3.8333333	2	0.0	2.0	1.0	1.5	1.3850456	1.0
	1.0	52	1	1		1	3		2										1	7.0	2.0	3.0	1.5		
	1.0	65	1	3	2	2	3	3	3									2.6666667	2	5.0	2.0	2.5	3.0	0.23698775	
	1.0	31	0	1	1	1	3	1	1	1	1	3	3		1	0.25716496	0.21882248	1.3333334	2	9.0	2.0	4.0	3.5	-1.245176	1.0
0.3926256	1.0	66	0	1	1	1	1	1	1	1	1	1	1	1	1	1.2188225	0.39852834	1.0	2	10.0	3.0	4.5	4.5	-1.585484	1.0
0.7459597	1.0	61	0	1	2	1	2	3	2	2	2	1	3	3	2	0.7811775	0.7811775	1.8333334	2	7.0	1.0	1.5	1.5	-0.64259815	1.0
0.8965823	1.0	61	1	1	3	4	4	3	3	1	3	4	4	3	3			3.0	2	7.0	1.0	2.0	2.0	0.58736825	
0.79268694	1.0	51	0	1	5	5	5	5	5	3	4	5	4	2	4			4.3333335	2	0.0	3.0	1.0	1.0	2.1099775	
0.8010739	1.0	63	1	1	1	1	1	2	1	1	1	1	1	1	1	0.21882248	0.21882248	1.1666666	2	8.0	2.0	4.5	4.0	-1.4114962	1.0
	2.0	58	0	2	2	3	3	2	3	3	3	3	4	3	2	0.39852834	0.39852834	2.5	2	6.0	2.0	3.5	3.0	0.06728772	1.0
	1.0	36	1	2	2	4	4	2	2									2.6666667	2	8.0	2.0	2.5	4.0	0.1393039	
	1.0	68	1	4	2	4	4	1	4									3.1666667	1	6.0	2.0	1.0	1.0	0.77288574	
0.05954809	2.0	71	0	2	2	3	3	2	3	1	2	1	2	2	1	0.74283504	3.334237	2.5	2	6.0	3.0	2.5	3.0	0.06728772	1.0
	1.0	63	1	2	1	2	3	2	3	1	1	3	3	2	1	0.8319135	0.8319135	2.1666667	2	8.0	3.0	4.0	2.5	-0.25933045	1.0
	2.0	75	0	2	2	3	3	3	2	2	3	2		3	2	1.7811775	0.16808653	2.5	2	7.0	2.0	4.0	2.5	-0.0118296705	1.0
	1.0	28	1	2	4	3	1	3	4	4	3	4	4	3	2	0.21882248	2.1680865	2.8333333	2	3.0	1.0	2.5	3.0	0.49737433	1.0
0.8638365	1.0	48	1	2	3	3	2	3	3	2	2	3	3	3	3			2.6666667	2	3.0	2.0	4.5	1.0	0.24277233	
	1.0	37	1	4	3	5	4	1	3									3.3333333	1	6.0	2.0	1.0	1.0	0.8463986	
	1.0	69	0	2	3	4	4	4	3		3	5			5	1.2188225	1.2188225	3.3333333	2	2.0	1.0	2.0	1.5	0.91203576	1.0
	1.0	39	1	4	5	4	5	3	4	3	4	2	2	3	2		0.21882248	4.1666665	2	0.0	0.0	2.0	3.0	1.8059678	
	1.0	21	1	4	3	2	4	4	3	4	4	4	4	3	3	1.3342371	1.3342371	3.3333333	1	4.0	2.0	1.5	3.5	0.90346	1.0
	1.0	47	1	5	5	1			5										1	0.0	1.0		1.0		
0.79244	1.0	57	0	1	2	4	3	2	2	1	2	4	3	1	2	2.7811775	0.8319135	2.3333333	2	7.0	2.0	1.5	1.0	-0.18152972	1.0
0.8083949	1.0	64	1	2	1	2	2	2	1	2	1	4	3	1	2	1.6657629	1.171185	1.6666666	2	7.0	1.0	2.5	3.5	-0.93569505	1.0
0.781358	1.0	56	0	4	2	2	2	4	3	4	2	2	2	2	2	1.828815	1.828815	2.8333333	2	6.0	4.0	4.0	3.0	0.3915012	1.0
0.93091905	1.0	39	1	2	2	4	4	3	2	3	3	3	3	2	2	0.25716496	1.3985283	2.8333333	2	7.0	2.0	4.0	4.0	0.3132918	1.0
1.7809334	1.0	66	0	3	4	2	4	3	4	3	3	3	4	4	3	2.1680865	2.1680865	3.3333333	0	4.0	3.0	1.5	1.5	1.0035485	1.0
0.36757302	1.0	66	1	1	3	2	5	2	2	2	2	2	2	3	2	1.2188225	3.1680865	2.5	2	2.0	1.0	1.0	3.5	0.020494204	1.0
	1.0	36	1	4	4	2	2	3	4	5	1	5	5	3	5	0.21882248	0.21882248	3.1666667	2	0.0	1.0	2.5	2.0	0.8139201	1.0
	1.0	57	1							4	3					2.828815	2.828815		1	0.0	0.0				
0.33213317	1.0	73	0	1	1	2	3	1	1	2	1	2	3	4	1	0.16808653	0.16808653	1.5	2	8.0	3.0	3.5	3.0	-1.0902085	1.0
1.041974	1.0	50	1	4	1	1	3	3	2	2	1	3	4	1	1	0.6657629	0.6657629	2.3333333	2	6.0	1.0		3.0	-0.19205613	
0.9320073	1.0	42	1	3	3	2	4	2	3	3	1	4	4	2	4	0.3342371	0.3342371	2.8333333	2	0.0	3.0	1.5	1.0	0.40480462	1.0
5.3390074	2.0	36	1	5	1	5	5	4	4	5	1	1	5	5	5	2.7811775	4.398528	4.0	1	6.0	2.0	2.5	3.0	1.5989997	1.0
	1.0	47	1	2	5	3	2	4	4	4	3	4	2	3	3	0.16808653	0.16808653	3.3333333	2	1.0	1.0	1.5	2.5	1.013167	1.0
1.0889121	1.0	30	1	4	5	2	3	2	4	4	5	2	3	2	4	2.1680865	2.1680865	3.3333333	2	1.0	0.0	1.0	1.0	0.9817369	1.0
	2.0	72	1	1	2	3	2	2	4	1	1	1	1	2	2	0.6657629	5.1680865	2.3333333	2	8.0	2.0	3.0	2.5	-4.405888E-4	1.0
1.4032234	1.0	18	1	2	2	2	4	2	2	2	2	2	4	3	2	0.8319135	0.8319135	2.3333333	2	6.0	1.0	2.0	3.0	-0.17063099	1.0
0.3401104	1.0	66	0	2	2	2	4	1	1		2	2	2	1	2	0.7811775	0.7811775	2.0	2	7.0	3.0	4.5	3.0	-0.5977242	1.0
	1.0	47	1	2	2	4	4	2	3	4	2	5	4	2	3	0.8319135	0.8319135	2.8333333	2	6.0	3.0	2.5	1.0	0.3924092	1.0
	1.0	39	1	5		5		3	5										2	0.0	1.0	1.0	1.0		
1.0420619	1.0	43	1	3	2	4	4	2	2	4	5	5	5	4	4	2.2188225	2.2188225	2.8333333	2	5.0	1.0	4.0	2.0	0.28998348	1.0
	1.0	49	1	2	4	5	2	2	4	1	4	5	2	3	3	0.8319135	0.8319135	3.1666667	2	6.0	0.0	1.5	2.0	0.8034753	1.0
	1.0	84	0	1	1	2	2	2	2	1	1	1	1	1	1	1.8319135	1.8319135	1.6666666	2	10.0	3.0	3.5	2.0	-0.83326936	1.0
1.701235	1.0	26	0	3	3	3	3	3	3	3	3	3	3	3	3	0.8319135	0.8319135	3.0	2	6.0	1.0	3.0	3.0	0.5636059	1.0
0.3317411	1.0	74	0	1	2	1	1	3	2	2	1	2	3	1	1	0.16808653	0.16808653	1.6666666	2	6.0	2.0	1.0	1.0	-0.8127522	1.0
1.2019728	1.0	59	0	4	5	4	4	3	4	4	5	4	3	3	4			4.0	2	2.0	1.0	1.0	2.0	1.6358137	
0.06795294	2.0	70	0	1	2	1	3	2	3	1	2	2	1	2	2			2.0	2	7.0	3.0	4.0	3.0	-0.39332673	
	1.0	51	1	3	3	3	3	3	3	3	3	3	3	3	3	0.8319135	0.8319135	3.0	2	7.0	1.0	2.5	3.0	0.5636059	1.0
	1.0	61	0	2	2	2	2	2	2	2	2	2	2	2	2	2.1680865	2.1680865	2.0	1	8.0	2.0	3.0	2.0	-0.51093906	1.0
1.0210572	1.0	34	0	2	2	5	4	2	3	4	3	5	5	3	2	0.21882248	0.21882248	3.0	2	3.0	2.0	3.5	4.0	0.54737663	1.0
0.8250581	1.0	58	0	1	1	1	1	1	1	1	2	1	2	1	2	1.2188225	1.2188225	1.0	2	10.0	1.0	4.0	2.0	-1.585484	1.0
	1.0	36	1	4	4	1	2	4	3	4	5	5	1	4	4			3.0	2	2.0	1.0	1.0	1.0	0.57983524	
	1.0	42	1	1	1	3	3	3	3	1	1	2	3		3	2.334237	2.334237	2.3333333	0	4.0	1.0	2.0	1.0	-0.08105467	1.0
0.41147986	1.0	73	1	1	2	3	3	3	2	2	2	2	2	2	2	0.6657629	0.6657629	2.3333333	2	8.0	2.0	3.0	3.0	-0.16250925	1.0
	1.0	57	0	2	2	2	3	3	2	1	2	3	4	3	2	0.21882248	0.21882248	2.3333333	2	0.0	2.0	1.0	1.0	-0.16679712	1.0
1.6402065	1.0	61	0	3	1	2	2	2	4	1	1	2	4	2	2	4.2188225	4.2188225	2.3333333	1	9.0	2.0	4.0	2.0	-0.025699615	1.0
	1.0	24	1	4	2	4	5	3		4	3	4	4	3	3		1.171185		2	6.0	1.0	2.0	2.0		
1.3820798	0.0	51	1	3	3	3	3	3	3	3	3	3	3	3	3	0.16808653	0.16808653	3.0	2	9.0	1.0	3.0	3.0	0.5636059	1.0
0.8392277	1.0	51	1	1	3	4	4	3	2	2	3	4	4	3	3	0.21882248	0.21882248	2.8333333	2	6.0	0.0	2.0	2.0	0.33426297	1.0
	1.0	49	1	1	3			3		3	3	3	2	2	3	0.21882248	0.21882248		2	4.0	3.0				
0.82987225	1.0	58	0	1	1	2	2	2	1	1	5	3	3	3	2	1.8319135	1.8319135	1.5	2	7.0	2.0	3.0	1.5	-1.0863746	1.0
	1.0	48	0	1	2	3	5	3	4	1	3	4	4	3	3	0.16808653	0.16808653	3.0	2	0.0	1.0	1.0	1.0	0.68400943	1.0
0.32609725	1.0	70	0	2	3	2	4	3	2	2	2	2	2	3	2	0.3342371	0.3342371	2.6666667	2	6.0	2.0	2.0	3.0	0.17500766	1.0
	1.0	60	1	5	3	1	4	2	3	4	3	1	5	3	3	0.21882248	0.21882248	3.0	1	5.0	2.0	1.0	2.5	0.55119634	1.0
	1.0	64	1	3	4	4	4	2	3	2	3	3	4	2	3	0.16808653	0.16808653	3.3333333	2	1.0	1.0			0.8863902	
	1.0	40	1	2	3	3	4	3	4									3.1666667	2	2.0	0.0	3.0	1.0	0.8361857	
0.85671884	1.0	60	1	3	1	3	2	3	2	3	1	1	1	3	1	1.7811775	0.16808653	2.3333333	2	8.0	3.0	1.5	1.5	-0.20295486	1.0
1.0017663	1.0	48	1	5	5	4	4	2	4	2	4	5	2	1	2	2.1680865	2.1680865	4.0	2	2.0	1.0	2.0	2.0	1.6125054	1.0
	0.0	62	1	4	5	4	1	1	4									3.1666667	2	0.0	0.0	1.0	1.0	0.7773758	
0.9075106	1.0	41	1	4	3	4	1	3	4	3	3	4	3	3	4			3.1666667	2	2.0	3.0	5.0	5.0	0.7820502	
	1.0	44	1	3	3	1	1	1	2	3		3	5	3	5	6.828815	6.828815	1.8333334	0	2.0	1.0	2.5	2.5	-0.68771815	1.0
1.6151766	1.0	63	0	2	3	2	3	2	2	2	3	3	3	2	2	1.6657629	1.6657629	2.3333333	1	5.0	3.0	2.0	1.0	-0.16913429	1.0
	1.0	60	0	4	3	3	3	3	2	3	3	4	4	2	3	0.6657629	0.6657629	3.0	1	6.0	2.0	4.0	1.0	0.4611802	1.0
0.68869764	1.0	79	0	3	2	2	3	3	2	3	3	4	3	3	3	1.828815	1.828815	2.5	1	8.0	2.0	3.5	1.0	-0.01611754	1.0
	1.0	55	1	2	3	4	4	3	3									3.1666667	2	5.0	3.0			0.73804784	
	1.0	43	1	4	3	4	4	3	3									3.5	1	3.0	1.0	1.5	1.0	1.039407	
1.0182215	2.0	58	0	1	2	2	2	1	2	1	2	2	2	1	1	0.7811775	1.1680865	1.6666666	2	7.0	2.0	4.0	3.5	-0.8356065	1.0
0.9050989	1.0	44	0	3	4	3	4	3	4	4	3	4	4	2	4	1.828815	1.828815	3.5	2	0.0	1.0	1.0	1.0	1.1585159	1.0
0.9930473	1.0	44	1	2	1	2	2	4	3	5	2	4	3	5	4	2.171185	2.171185	2.3333333	2	8.0	2.0	3.5	4.0	-0.081508674	1.0
	1.0	51	1	2	2	3	2	4	2		3	4	4		2	2.828815	2.828815	2.5	2	5.0	1.0		1.0	-0.007995796	
	1.0	43	1	2	3	4	2	2	1									2.3333333	2	4.0	3.0		1.5	-0.28245872	
1.8687199	1.0	58	1	4	3	3	3	1	4	1	4	4	2	1	3			3.0	1	0.0	1.0	2.0	1.0	0.619415	
1.773168	1.0	61	1	2	5	3	5	3	3	2	4	4	4	3	4	4.828815	4.828815	3.5	1	6.0	1.0	3.0	2.0	1.0965359	1.0
0.9775855	1.0	39	1	1	1	1	1	2	1	1	1	1	1	1	1	0.16808653	0.16808653	1.1666666	2	8.0	2.0	1.5	4.0	-1.4114962	1.0
1.298518	1.0	34	1	1	1	4	4	3	1	1	1	2	2	3	1	0.6657629	0.6657629	2.3333333	2	8.0	1.0	4.0	5.0	-0.2621438	1.0
1.8046939	1.0	25	1	3	3	3	3	3	3	5	5	3	1	3	4	0.8319135	0.8319135	3.0	2	6.0	1.0	3.0	3.0	0.5636059	1.0
0.89330894	2.0	29	0	3	3	3	3	3	3	3	3	3	3	3	3	0.8319135	0.8319135	3.0	2	9.0	1.0	3.0	3.0	0.5636059	1.0
	1.0	42	1	1	2	2	2	3	2	1	2	2	2	2	3	5.828815	5.828815	2.0	2	4.0	1.0	3.0	1.0	-0.48763072	1.0
	1.0	27	1	4	4	3	3	3	4									3.5	1	0.0	1.0	2.5	1.0	1.1390415	
4.5220766	2.0	56	1				4		5	3	4		4	3	4				1	1.0	1.0	1.0	1.0		
	1.0	55	1	4	3	3	3	3	4	4	4	4	4	3	4	0.21882248	0.21882248	3.3333333	1	3.0	1.0	2.5	2.0	0.9673908	1.0
	1.0	60	1	3	2	1	2	2	1	1	2	1	1	1	1	1.8319135	1.8319135	1.8333334	1	7.0	1.0	3.5	2.5	-0.76833224	1.0
	1.0	20	1	3	4	3	3	2	2									2.8333333	1	6.0	1.0	3.0	1.5	0.30816346	
	1.0	44	1	2	2	5	4	3	3	3	2	4	3	3	2	0.16808653	0.16808653	3.1666667	1	2.0	1.0	1.0	1.5	0.72136456	1.0
0.36986092	1.0	67	1	2	1	2	2	3	2	2	1	2	2	2	1	0.8319135	0.8319135	2.0	2	9.0	3.0	3.0	2.0	-0.50860184	1.0
	1.0	35	1	3	4	4	4	4	3	2	5	5	3	4	5			3.6666667	2	5.0	1.0			1.234366	
	1.0	44	1	4	2	2		2	4	4	3	3	4	1	2	2.1680865	2.1680865		2	0.0	2.0	1.0	1.0		
	1.0	24	1	4	5	4	3	3	4	5	5	5	5	4	3	0.17118502	0.17118502	3.8333333	2	0.0	1.0	2.5	4.0	1.4656597	1.0
	1.0	44	1	4	3	4	4	3	2									3.3333333	2	0.0	2.0	1.5	1.0	0.7863017	
	1.0	47	1	2	2	4	2	2	1									2.1666667	2	6.0	3.0	4.0	3.0	-0.45410946	
1.1174347	1.0	46	1	2	2	4	4	2	1	2	2	4	5	3	2	1.3985283	1.3985283	2.5	2	9.0	2.0	4.5	3.5	-0.1138014	1.0
	1.0	51	1	4	3	4	5	3	3									3.6666667	2	0.0	1.0	1.0	1.5	1.209561	
	1.0	64	1	1	2	4	4	1	2									2.3333333	2	8.0	3.0	4.0	1.0	-0.18536359	
0.10834604	2.0	71	1	1	1	1	1	1	1	1	1	1	1	1	1		0.25716496	1.0	2	8.0	3.0		3.0	-1.585484	
	1.0	25	1	4	2	4	4	3	3									3.3333333	2	5.0	1.0	2.0	3.5	0.86775625	
	1.0	30	1	4	1	3	4	4	4	5	1	5	5	5	5	0.21882248	2.1680865	3.3333333	2	0.0	3.0	1.0	1.0	0.96823126	1.0
	1.0	33	1	5	3	1	5	3	5									3.6666667	2	0.0	2.0	2.0	1.0	1.4015489	
	1.0	52	1	1	2	4	4	2	1	1	2	4	4	2	2	0.3342371	0.3342371	2.3333333	1	5.0	1.0	3.0	2.0	-0.26448098	1.0
1.2070001	1.0	29	1	1	1	1	1	1	1	1	1	1	1	1	1	1.1680865	1.1680865	1.0	2	10.0	3.0	2.5	3.5	-1.585484	1.0
1.958862	1.0	51	1	4	5	5	5	2	5	4	5	2	5	5	5	0.7811775	0.7811775	4.3333335	1	0.0	0.0	1.0	1.0	2.0400527	1.0
1.3390077	1.0	28	1	2	2	5	3		2	2	2	4	4	4	2	3.334237	3.334237		2	4.0	1.0	1.5			
	1.0	38	1	2	5	4	1	4	3	1		4	4	3	2	0.828815	0.828815	3.1666667	2	6.0	1.0	1.0	3.5	0.7448751	1.0
	1.0	46	1	4	3	4	5	3	2									3.5	2	3.0	1.0	2.5	2.5	0.9564557	
5.4517946	2.0	57	1	1	1	1	1	1	1	1	1	2	1	1	1			1.0	0	5.0	1.0	1.0	1.5	-1.585484	
1.04089	1.0	45	1	4	2	4	4	3	4	2	2	2	3	3	2	0.8319135	0.8319135	3.5	2	5.0	2.0	2.5	3.5	1.1208615	1.0
1.2881001	1.0	26	1	4	3	4	5	4	4	3	2	3	5	3	4		3.334237	4.0	2	0.0	1.0			1.6366543	
	1.0	59	0	4	3	4	4	3	4	4	2	3	2	3	4	0.74283504	3.334237	3.6666667	2	3.0	0.0	2.5	2.5	1.2925123	1.0
	1.0	42	1	3	3	5	3	1	2	2	2	4	4	1	1	2.8319135	7.334237	2.8333333	1	8.0	3.0	3.0	4.0	0.2724597	1.0
	1.0	42	1	3	5	4	3	3	4									3.6666667	2	0.0	2.0	1.0	1.0	1.3149801	
	1.0	39	1	1	1	1	1	2	1	1	1	2	1	2	2	0.7811775	1.1680865	1.1666666	2	7.0	2.0	2.0	3.5	-1.4114962	1.0
1.2317038	1.0	62	0	1	2	2	3	3	2	2	2	3	3	3	4			2.1666667	2	5.0	2.0	1.0	1.5	-0.3174767	
0.5510595	1.0	70	0	1	5	1	3	4	5		5		3		4			3.1666667	2	0.0	1.0	1.0	2.0	0.97581184	
1.044634	1.0	46	1	2	2	2	2	3	3	2	2	4	2	2	2	0.21882248	0.21882248	2.3333333	2	7.0	2.0	1.5	3.0	-0.08384585	1.0
0.89231795	1.0	48	1	2	2	4	5	2	3	2	2	3	3	3	1	1.1680865	1.1680865	3.0	2	7.0	3.0	3.5	2.5	0.56256324	1.0
0.81071705	1.0	62	1	4	3	4	3	2	4	4	3		4	3	4	2.1680865	2.1680865	3.3333333	2	0.0	1.0	1.0	1.0	0.94837034	1.0
0.3637658	1.0	66	1	1	2	4	4	2	2	2	2	4	4	3	3	0.16808653	0.16808653	2.5	2	4.0	0.0	1.5	2.0	-0.011375676	1.0
	1.0	49	1	2	2	2	3	2	2									2.1666667	2	7.0	2.0	4.0	1.0	-0.34078503	
1.6747931	2.0	38	1	3	5	5	5		4	3	3	5	4	4	4	0.8319135	0.8319135		2	0.0	3.0	1.0	2.0		
2.436477	1.0	23	1	4	4	4	4	3	3	3	4	3	4	3	3	1.3985283	1.3985283	3.6666667	1	5.0	0.0	3.0	3.0	1.2110577	1.0
1.1226048	1.0	36	1	1	2	3	4	2	2	1	1	3	5	1	1	2.665763	2.665763	2.3333333	2	7.0	1.0	4.0	3.5	-0.16634312	1.0
	1.0	54	1	2	3	1	2	1	2	4	4	1	1	1	4	0.25716496	1.3985283	1.8333334	2	0.0	0.0	1.0	4.0	-0.66824365	1.0
	1.0	38	0	3	2	4	4	3	4	4	2	4	4	3	4	1.3342371		3.3333333	1	4.0	1.0	4.0	2.0	0.97018194	1.0
	1.0	56	1	3	2	4	4	3	1	1	2	4	3		2	0.60147166	0.60147166	2.8333333	2	3.0	3.0	3.0	4.0	0.21086608	1.0
	1.0	33	1	4	1	2	4	2	2									2.5	2	3.0	2.0	2.0	1.5	-0.040922575	
0.89567024	1.0	56	0	1	1	2	2	1	1	4	1	2	4	2	2	1.3342371	1.3342371	1.3333334	2	8.0	3.0	4.0	4.0	-1.2603625	1.0
0.8968988	1.0	59	0	1	1	4	2	1	1	2	1	4	1	1	1	0.16808653	1.7811775	1.6666666	2	8.0	3.0	4.0	2.0	-0.95042765	1.0
0.33486497	1.0	71	0	4	2	2	4	3	2	2	2	2	2	2	2	1.7811775	1.7811775	2.8333333	2	6.0	2.0		3.0	0.30471605	
0.38002652	1.0	76	0	1	1	1	1	2	1	1	1	2	1	3	2		1.1680865	1.1666666	2	10.0	3.0	5.0	1.5	-1.4114962	
	2.0	41	0	4	2	4	4	3	4	4	4	4	4	4	4	2.8319135	2.8319135	3.5	2	6.0	2.0	4.5	3.5	1.1208615	1.0
	1.0	68	0	4	5	4	4	4	4	4	5	3		3				4.1666665	2	7.0	3.0	2.0	1.0	1.8098016	
	2.0	41	0	1	2	4	3	2	3									2.5	2	8.0	1.0	2.5	1.0	0.07157559	
0.06913584	2.0	67	0	1	2	2	3	1	4	1	4	2	2	2	2	0.16808653	0.16808653	2.1666667	2	8.0	2.0	3.0	1.5	-0.1592419	1.0
	1.0	26	1	5	5	5	5	4	2									4.3333335	2	2.0	2.0	1.0	3.5	1.7793921	
	1.0	72	1	1	1	1	1	1	1	1	1	1	1	1	1	1.8319135	1.8319135	1.0	2	8.0	2.0	2.5	3.0	-1.585484	1.0
2.1141758	1.0	46	1	2	2	5	4	3	2	1	3	4	4	3	3	1.2188225	1.2188225	3.0	1	7.0	2.0	3.0	2.5	0.46825925	1.0
	1.0	72	1	2	1	1	2	2	2	1	1	1	2	1	1	0.8319135	0.8319135	1.6666666	2	7.0	2.0	2.0	2.0	-0.8375572	1.0
1.7854978	1.0	62	1	2	2	4	4	2	4	3	2	4	4	4	5	1.1680865	1.1680865	3.0	1	7.0	2.0	1.5	2.0	0.6455145	1.0
	1.0	40	1	3	5	1	1	3	4	4	5	2	2	2	4		1.828815	2.8333333	1	0.0	2.0	2.0	1.0	0.50976974	
	1.0	58	0	1	5	5	5	5	5	1	5	1	5		5			4.3333335	1	0.0	1.0	1.0	1.0	2.1099775	
0.42066327	1.0	68	1	4	2	1	3	4	2	4	2	4	2	4	2	1.6014717	1.6014717	2.6666667	2	8.0	2.0	2.5	2.0	0.1535825	1.0
0.35169804	1.0	67	0	2	2	1	2	2	1	2	2	1	2	2	1			1.6666666	2	8.0	3.0	2.0	2.0	-0.9190118	
0.34887007	1.0	66	0	2	2	3	2	2	2	2	2	2	2	2	1			2.1666667	2	6.0	3.0	2.0	2.0	-0.3559716	
0.76960343	1.0	57	0	1	2	4	5	1	5	1	1	4	3	1	1	0.60147166		3.0	2	0.0	3.0	1.0	1.0	0.74410635	1.0
	1.0	65	0	1	1	2	1	2	1	1	1	2	1	3	1	0.21882248	0.21882248	1.3333334	2	7.0	3.0	3.5	5.0	-1.2565287	1.0
	2.0	73	0	2	3	3	4	2	2	3	3	4	4	4	3	0.16808653	0.16808653	2.6666667	2	4.0	1.0	2.5	1.0	0.15598719	1.0
3.853531	1.0	61	0	1	2	2	4	3	3	1	1	2	4	1	3	1.8319135	1.8319135	2.5	0	8.0	3.0	1.0	2.5	0.10578264	1.0
1.162654	1.0	40	1	2	2	3	2	3	3	3	4	1	1	2	2	0.39852834	0.39852834	2.5	2	6.0	2.0	4.0	4.0	0.071121596	1.0
0.37791952	1.0	66	1	2	2	2	3	2	2	3	2	2	3	1	1	2.171185	2.171185	2.1666667	2	9.0	1.0	3.5	1.0	-0.34078503	1.0
0.33651504	1.0	70	0	1	2	3	3	1	1	1	1	1	3	1	1	2.1680865	2.1680865	1.8333334	2	8.0	2.0	3.0	3.5	-0.76359034	1.0
	1.0	67	1	2	1	1	3	1	1	3	1	3	3	2	2	0.6657629	0.6657629	1.5	2	10.0	2.0	3.0	1.0	-1.0944964	1.0
	2.0	56	0	2	4	2	2	2	1	1	2	2	2	1	1	2.334237	2.334237	2.1666667	2	10.0	1.0	3.5	4.0	-0.4207429	1.0
	1.0	56	1	1	1	1	1	1	1									1.0	2	6.0	2.0	2.0	3.5	-1.585484	
	1.0	56	1	1	2	2	1	2	2									1.6666666	1	9.0	3.0	2.5	4.0	-0.8317727	
1.5473865	2.0	61	1	1	2	3	3	1	2	1	2	3	2	2	2	1.1680865	1.1680865	2.0	2	6.0	2.0	1.0	3.0	-0.51048505	1.0
0.87691456	2.0	60	0	4	1	2	2	1	1	1	1	1	1	1	1	2.665763	5.2188225	1.8333334	2	10.0	1.0	3.5	4.5	-0.80832386	1.0
0.3833061	1.0	67	0	1	1	1	2	1	1	1	2	4	2	1	2	1.7811775	1.7811775	1.1666666	2	7.0	3.0	5.0	4.5	-1.41533	1.0
	1.0	69	0	1	1	1	1	3	1	1	1	1	1	2	1	2.8319135	2.8319135	1.3333334	1	10.0	3.0	2.5	1.0	-1.2375082	1.0
	1.0	61	1	3	4	4	3	3	3	3	5	4	2	3	4	1.742835	1.742835	3.3333333	2	4.0	2.0	3.0	2.5	0.8902241	1.0
	1.0	41	1	2	1	4	4	3	2	1	1	2	4	3	1	0.3342371	0.60147166	2.6666667	2	6.0	2.0	3.5	3.0	0.14164107	1.0
	1.0	63	1	2	1	3	2	2	3									2.1666667	2	5.0	2.0	1.0	1.0	-0.27451703	
	1.0	34	1	4	2	4	4	3	4									3.5	2	7.0	3.0	3.0	2.5	1.1208615	
0.7761175	1.0	66	0	4	2	3	3	2	1	2	1	1	1	3	1	4.334237	4.334237	2.5	1	5.0	2.0	1.5	1.0	-0.13756374	1.0
0.35350713	1.0	67	0	3	3	1	1	2	1	3	1	1	2	3	1	2.665763	2.665763	1.8333334	2	8.0	2.0	2.5	3.0	-0.7668355	1.0
0.81054085	1.0	54	0	5	1	1	1	3	1	1	1	1	1	2	1	0.8319135	0.8319135	2.0	2	7.0	2.0	3.0	1.0	-0.63478994	1.0
0.72784394	1.0	69	0	2	1	1	1	2	2	2	1	1	1	2	1	0.8319135	0.8319135	1.5	1	8.0	2.0	2.5	3.0	-1.0077113	1.0
	1.0	36	1	3	3	3	3	3	3									3.0	0	0.0	1.0			0.5636059	
0.7969265	1.0	58	0	1	5	1	2	4	2	2	2	1	2	2	1			2.5	2	9.0	2.0	2.0	4.0	0.04634194	
1.5690337	2.0	56	1	2	3	4	4	2	3	3	2	4	3	2	2	0.8319135	0.8319135	3.0	2	5.0	1.0	1.5		0.5640599	
	2.0	36	0	2	1	1	2	1	2									1.5	2	9.0	1.0	4.5	3.5	-1.0115452	
	1.0	40	1	3	5	1	3	5	5	3	1	5	4	3	5	0.21882248	0.21882248	3.6666667	2	0.0	0.0	1.0	1.0	1.4511589	1.0
	2.0	46	0	5	5	5	5	3	5									4.6666665	2	5.0	1.0	3.0	1.0	2.36472	
1.4774989	2.0	34	0	1	1	4	1	1	1	1	1	3	3	2	1	0.16808653	0.16808653	1.5	2	10.0	2.0	5.0	5.0	-1.1205817	1.0
1.8301613	1.0	59	1	4	2	2	3	4	3	2	3	2	3	4	3	0.8319135	0.8319135	3.0	1	0.0	1.0	1.0	1.0	0.5616552	1.0
	0.0	33	1	2	5	4	2	3	4									3.3333333	0	5.0	0.0	3.5	3.5	0.9941465	
	1.0	44	1	3	3	4	4	3	4									3.5	1	2.0	2.0	2.0	3.0	1.1418327	
	1.0	79	0	3	3	2	4	1	3	3	3	2	2	1	2	3.7811775	1.8319135	2.6666667	2	9.0	2.0	3.0	1.0	0.2308167	1.0
1.7547555	1.0	61	1	1	2	4	4	3	2	2	4	2	4	3	3	0.7811775	0.7811775	2.6666667	1	2.0	1.0	1.0	1.0	0.16261223	1.0
	2.0	66	1	2	1	1	1	3	4	2	1	1	2	1	3			2.0	2	5.0	2.0	1.0	1.0	-0.32751274	
1.0252868	1.0	35	1	1	5	1	1	1	1	5	1	1	2	1	5	1.8319135	3.742835	1.6666666	2	10.0	1.0	1.0	1.0	-0.89888114	1.0
	1.0	76	0	2	2	2	3	2	2	2	2	2	3	2	2	1.1680865	1.1680865	2.1666667	1	6.0	2.0	1.0	1.5	-0.34078503	1.0
	1.0	46	0	5	5	4	4	2	5	2	5	1	1	3	2	1.3985283	2.334237	4.1666665	2	0.0	0.0	3.0	1.0	1.8656107	1.0
	0.0	23	1	3	1	4	4	2	2									2.6666667	2	7.0	2.0	2.5	1.0	0.118332736	
	1.0	56	1	3	4	3	3	3	3	3	2	3						3.1666667	2	0.0	1.0	1.0	2.0	0.7352567	
	1.0	55	0	4	1	2	3	2	3	4	4	1	2	2	4	2.828815	2.828815	2.5	2	8.0	1.0	4.5	1.0	0.04202869	1.0
	1.0	66	0	1	1	2	4	2	1									1.8333334	2	7.0	3.0	1.5	4.0	-0.7460666	
	1.0	67	0	3	5	1	1	1	2	1	1	1	1	1	1	3.334237	3.334237	2.1666667	2	8.0	3.0	4.0	2.0	-0.34441668	1.0
	1.0	41	0	4	2	4	4	5	3	1	3	4	4	3	3	1.7811775	1.7811775	3.6666667	2	7.0	2.0	3.5	4.0	1.2157321	1.0
	1.0	61	1	5	2	4	2	1	1									2.5	2	10.0	1.0	4.0	1.0	-0.17605865	
	1.0	67	1	3	2	2	2	2	4	4	2	2	3	3	3	1.7811775	0.16808653	2.5	1	3.0	4.0	1.5	2.0	0.1459511	1.0
	1.0	77	0	2	1	3	3	3	4	4	2	3	3	3	3	0.8319135	0.8319135	2.6666667	2	0.0	2.0	1.5	1.0	0.32273018	1.0
	1.0	69	0	2	2	4	3	1	1	1	1	1	1	2	1	2.7811775	0.8319135	2.1666667	2	10.0	3.0	3.0	3.5	-0.45794335	1.0
	1.0	32	1	3	5	5	4	2	3									3.6666667	2	0.0	2.0	1.0	2.0	1.2130084	
0.97830534	1.0	47	1	2	2	4	3	3	3	2	2	2	3	4	3			2.8333333	2	4.0	2.0	4.0	3.0	0.39624307	
0.90639365	1.0	49	1	3	5	1	4	3	3	4	4	2	1		1	0.60147166	0.60147166	3.1666667	2	4.0	3.0	2.5	2.0	0.76712656	1.0
	1.0	47	1	2	1	2	1	2	1									1.5	2	9.0	3.0	3.5	2.0	-1.1058491	
2.0696142	1.0	45	1		5		3	3	3	4	3	4	4	3	4	0.21882248	0.21882248		1	0.0	3.0	2.0	1.5		
0.060598046	2.0	75	0	1	2	1	1	1	1	3	1	1	2	2	1	2.665763	2.665763	1.1666666	2	9.0	3.0	4.0	2.0	-1.4138333	1.0
	1.0	60	0	2	1	5	4	1	1	2	1	4	4	1	1	1.1680865		2.3333333	2	7.0	1.0	3.5	1.5	-0.3044726	1.0
	1.0	66	1	4	5	4	1	1	1	2	1	1	2	3	2	0.25716496	2.334237	2.6666667	2	7.0	1.0	2.0	3.5	0.018059928	1.0
	2.0	67	1	1	2	1	1	2	1	2	4	2	2	2	2		0.60147166	1.3333334	2	9.0	2.0	3.0	2.0	-1.2398454	
	1.0	33	1	3	4	4	4	2	2									3.1666667	2	5.0	2.0	1.5	2.0	0.6332849	
	1.0	49	1	3	5	3	3	3	3									3.3333333	1	0.0	0.0	3.0	1.0	0.9069074	
1.88336	1.0	57	1	1	1	1	1	2	1	1	1	1	2	1	1	1.6657629	2.6014717	1.1666666	1	6.0	2.0		3.5	-1.4114962	
1.1313673	2.0	36	0	3	2	2	5	4	3	2	2	2	5	4	2	0.7811775	0.7811775	3.1666667	2	6.0	1.0	4.5	4.5	0.7512837	1.0
	1.0	41	1	4	4	1	3	3	2	3	5	2	2	3	3			2.8333333	1	0.0	2.0	1.5	1.0	0.32289606	
	1.0	47	1	3	3	4	4	2	4	3	2	4	3	3	3			3.3333333	2	3.0	1.0	1.5	1.0	0.9678448	
	1.0	47	1	1	2	4	2	4	1	1	1	3	2	3	3	0.16808653	0.16808653	2.3333333	2	7.0	2.0	3.0	2.0	-0.25681323	1.0
	1.0	26	1	4	3	4	3	4	4									3.6666667	2	0.0	1.0	1.0	2.0	1.2963462	
0.8875683	1.0	48	1	4	3	4	4	3	5	4	4	4	4	3	4	1.8319135	1.8319135	3.8333333	2	5.0	2.0	1.0	1.0	1.5456176	1.0
	1.0	58	0	2	3	2	2	2	2	3	3	3	3	3	3	0.8319135	0.8319135	2.1666667	1	5.0	3.0	2.0	2.0	-0.33928832	1.0
	1.0	20	1	3	5	5	4												2	0.0	2.0	2.0	3.5		
	1.0	67	0	3	3	3	3	3	3	3	3	3	3	3	3	7.1680865	7.1680865	3.0	2	9.0	2.0	4.0	1.0	0.5636059	1.0
	1.0	54	1	3	5	5	3	2	3			5						3.5	1	1.0	1.0	2.0	1.0	1.0428543	
1.2848518	1.0	23	1	4	3	4	2	3	3	4	3	4	3	2	2	2.6014717	2.6014717	3.1666667	2	7.0	1.0	3.0	4.0	0.6990989	1.0
	1.0	61	1	4	3	3	2	3	2	4	4	5	3	3	4	0.8319135	0.8319135	2.8333333	2	5.0	2.0	2.0	2.0	0.29102618	1.0
0.818698	1.0	56	1	3	3	3	4	4	2	3	4	4	4	4	4	0.25716496	0.25716496	3.1666667	2	0.0	2.0	2.5	4.0	0.6546426	1.0
0.3744093	1.0	69	1	1	1	2	4	3	3	2	2	1	4	3	3	0.7811775	1.1680865	2.3333333	2	8.0	3.0	3.0	1.0	-0.06586809	1.0
0.35238022	1.0	78	0	1	3	4	3	1	2	1	1	3	4		1	0.7811775	0.7811775	2.3333333	2	6.0	3.0		2.0	-0.18386689	
0.7490315	1.0	69	0	2	1	1	1	1	1	1	1	1	1	1	1	0.16808653	0.16808653	1.1666666	1	6.0	2.0	3.0	4.0	-1.4348044	1.0
	1.0	57	0	2	2	3	3	2	1									2.1666667	2	8.0	2.0	4.0	3.5	-0.43892288	
	1.0	61	1	3	3	1	3	1	1	3	3	3	3	3	3			2.0	1	5.0	2.0	1.5	1.0	-0.60051537	
0.8378564	1.0	55	1	3	2	4	2	2	4	4	1	4	3	5	5	0.16808653	0.16808653	2.8333333	2	7.0	1.0	1.5		0.455886	
0.37801936	1.0	68	0	3	2	3	3	1	1	3	1	4	1	1	1	1.1680865	1.1680865	2.1666667	2	8.0	4.0	3.0	3.0	-0.46223122	1.0
0.06675138	2.0	71	0	2	3	4	3	1	2	3	2	2	3	1	1	0.21882248	0.21882248	2.5	2	6.0	3.0	2.5	3.0	-0.033187315	1.0
	1.0	55	0	1	3	3		2		1	3	2	3	3	3	2.8319135	2.8319135		2	0.0	2.0	1.5	2.5		
	1.0	39	1	5	5	1	3	2	4									3.3333333	2	2.0	2.0	1.0	1.0	0.97744906	
	1.0	57	0	1	3	4	3	3	3	1	4	3	3	3	4			2.8333333	1	2.0	0.0	2.0	1.5	0.4172142	
1.3320967	1.0	59	1	5	4	1	4		4	4	4	2	4	4	4				2	2.0	1.0		1.0		
1.7549009	1.0	71	0	2	2	2	4	2	1	4	2	2	4	3	2			2.1666667	0	0.0	2.0	3.0	1.5	-0.42373627	
0.8628224	1.0	64	0	1	4	4	4	4	4	4	1	2	4	1	1	2.6014717	2.6014717	3.5	2	6.0	2.0	2.0	3.0	1.1861122	1.0
	1.0	37	1	4	2											0.828815	0.828815		2	0.0	1.0	2.5			
0.37388816	1.0	66	1	1	1	1	3	1	1	1	1	1	2	1	2	0.7811775	3.334237	1.3333334	2	8.0	2.0	4.0	1.5	-1.245176	1.0
	1.0	60	1	4	3	2	4	2	2									2.8333333	1	5.0	3.0	2.5	2.5	0.3023789	
	1.0	41	1	4	2	3	4	3	3	1	2	2	2		1	0.8319135	0.8319135	3.1666667	2	6.0	2.0	3.0	2.5	0.7127888	1.0
	1.0	34	0	4	4	4	3	3	5	4	5		5	3	4			3.8333333	2	1.0	1.0		1.0	1.5471143	
	2.0	31	0	4	1	2	5	2	2									2.6666667	2	7.0	2.0	5.0	5.0	0.12923145	
	1.0	54	1	1	1	3	2	1	2	1	4	3	4	1	3	0.8319135	0.8319135	1.6666666	2	0.0	2.0	1.0	2.5	-0.8522898	1.0
	2.0	35	1	2	3	4	4	3	2	3	4	4	4	2	2	0.16808653	0.16808653	3.0	2	4.0	2.0	2.0	1.5	0.48494253	1.0
	1.0	76	0	3	2	4	3	3	3	3	4	3	4	3	3			3.0	2	1.0	1.0	3.0	3.0	0.5469226	
	1.0	30	1	4	2	3	1	1	4	4	4	2	4	2	4	0.21882248	0.21882248	2.5	2	0.0	0.0	1.0	1.0	0.107456185	1.0
	1.0	51	1	4	2	3	4	3	3									3.1666667	2	7.0	2.0	3.0	2.5	0.7127888	
	1.0	35	1	4	3	4	5	4	4	3	3	4	2	4	3	4.1680865	2.2188225	4.0	2	4.0	1.0	3.0	2.5	1.6366543	1.0
2.196642	0.0	21	1	1	2	2	3	3	1	1	1	2	2	3	2	3.6014717	3.6014717	2.0	2	8.0	2.0		4.0	-0.570582	
	1.0	48	1	1	3	4	3	2	1									2.3333333	2	6.0	1.0	2.0	2.0	-0.26298428	
0.89717454	1.0	60	1	3	5	4	3	3	5	4	5	1	3	4	4	2.8319135	2.8319135	3.8333333	2	4.0	3.0	2.5	1.0	1.5680854	1.0
	1.0	23	1	4	2	2	1	2	1									2.0	2	10.0	3.0	3.0	3.5	-0.63283926	
1.0914625	1.0	36	1	4	5	4	3		5	4	5	3	3	3	5				2	0.0	2.0	1.0	2.5		
0.8680291	1.0	58	0	2	2	5	5	3	5	1	2	5	5	2	4	1.257165	1.3342371	3.6666667	2	7.0	2.0	2.0	2.0	1.3977292	1.0
0.9276811	1.0	46	1	1	2	3	1	2	1	4	2	4	3	2	2	0.8319135	0.8319135	1.6666666	2	5.0	2.0	2.0	3.0	-0.9299105	1.0
	1.0	55	0	2	1	4	2	2	2	3	1	2	4	2	2			2.1666667	2	4.0	1.0	2.0	1.0	-0.37265489	
1.1715057	2.0	36	0	4	1	1	1	3	4	2	2	2	4	3	3	2.7811775	2.7811775	2.3333333	2	10.0	0.0	5.0	4.0	-0.026153611	1.0
	1.0	28	1	4	2	4	4	2	3									3.1666667	2	1.0	2.0	2.5	2.5	0.6937683	
1.3016115	2.0	20	0	2	4	1	2	5	1	2	4	2	1	1	3	6.398528	2.8319135	2.5	2	10.0	1.0	3.5	3.5	-0.053746607	1.0
	1.0	43	1	4	3	4	3	4	3	4	4	4	3	1	3	0.21882248	0.21882248	3.5	2	3.0	2.0	1.5	1.0	1.0432409	1.0
	1.0	61	1			3	3	3	3	3									1	1.0	2.0	1.0	1.0		
	2.0	64	1	2	2	2	2	1	2	2	2	2	2	3	2	3.2188225	0.17118502	1.8333334	2	3.0	2.0	2.0	3.5	-0.684927	1.0
	1.0	52	1	2	1	1	1	1	1									1.1666666	2	5.0	3.0	2.0	3.5	-1.4348044	
	1.0	44	1	3	2	4	4	3	3									3.1666667	2	1.0	2.0	3.0	3.0	0.71707666	
1.8251896	1.0	34	1	4	2	4	4	4	4	3	3	3	4	3	3			3.6666667	2	5.0	1.0	4.0	4.0	1.2948494	
4.2139277	1.0	60	0	3	3	3	3	3	3	3	3	3	3	3	4	1.171185	1.171185	3.0	0	4.0	1.0	3.5	3.0	0.5636059	1.0
	1.0	51	1	4	3	4	3	2	3	4	3	3	3	2	3	2.742835	2.742835	3.1666667	1	2.0	2.0	1.5	1.0	0.69526505	1.0
	2.0	57	1	3	1	2	3	2	2	3	2	5	3	1	3			2.1666667	2	5.0	1.0	2.5	2.0	-0.36175618	
	1.0	65	1				5			5			5			0.8319135	0.8319135		2	0.0	2.0	1.0	1.0		
0.651557	2.0	57	0	1		1			5		5	1		4	5				2	0.0	2.0	3.0	1.0		
	1.0	22	1	2	4	4		3	4										2	2.0	2.0	2.5	2.0		
1.3843124	2.0	21	0	2	3	4	2	2	2	2	3	2	2	2	2	0.3342371	0.3342371	2.5	2	6.0	2.0	4.0	3.5	-0.02935344	1.0
1.1802368	2.0	33	0	5	2	4	3	5	4	5	2	5	5	4	4	3.742835	5.398528	3.8333333	2	8.0	3.0	4.0	4.0	1.4493629	1.0
0.90429723	1.0	45	1	3	3	3	4	3	2	4	4	3	3	3	3	0.21882248	2.1680865	3.0	2	2.0	3.0	2.5	3.0	0.48065466	1.0
	1.0	65	0	1	2	1	1	2	1	1	2	2	4	2	1	0.8319135	5.334237	1.3333334	2	9.0	2.0	4.0	4.0	-1.2398454	1.0
	1.0	68	0	1	2	3	2	3	2	3	3	4	2	2	2	2.171185	2.171185	2.1666667	2	7.0	1.0	3.0	1.0	-0.33266327	1.0
	1.0	23	1		2	4	3	2	3	3	2	5	4	3	4	1.171185	1.6657629		2	0.0	1.0	1.5	1.0		
0.84141743	1.0	56	1	4	3	4	5	3	3	4	3	5	4	2	3		0.16808653	3.6666667	2	3.0	2.0	1.0	1.0	1.209561	
	1.0	58	1	3	2	2	1	3	2	2	2	1	1	1	1	3.3985283	3.3985283	2.1666667	2	8.0	2.0	3.0	2.0	-0.3564256	1.0
1.3075261	2.0	19	0	5	2	2	3	4	1	4	3	5	4	5	5	7.334237	6.398528	2.8333333	2	10.0	0.0	4.0	4.0	0.20612422	1.0
	2.0	60	0	3	3	4	3	1	1									2.5	2	7.0	2.0	3.0	2.0	-0.13561304	
	1.0	29	1							5	2	3	4	2	1	0.25716496	2.1680865		1	0.0	2.0				
1.9517099	1.0	56	1	1	2	2	1	2	4	2	4	2	3	1	1	1.1680865		2.0	1	0.0	2.0	2.0	1.0	-0.32556206	1.0
5.7823834	1.0	67	0	4	4	4	3	2	4	4	2	5	4	4	4	2.171185	2.171185	3.5	0	9.0	2.0	5.0	1.0	1.1200211	1.0
	1.0	53	1	3	1	3	3	3	4	1	1	3	3	3	2	2.665763	2.665763	2.8333333	1	6.0	2.0		3.0	0.47340977	
	1.0	64	0	3	2	2	3	2	2	2	2	2	2	2	3	0.7811775	0.7811775	2.3333333	2	7.0	2.0	2.0	2.0	-0.19010545	1.0
0.31303394	1.0	79	0	1	1	2	1	1	3	1	2	1	3	1	3	2.2188225	0.60147166	1.5	2	1.0	2.0	2.0	3.0	-0.924306	1.0
1.7752572	1.0	67	0	1	2	3	4	3	1	2	3	2	2	2	2	0.6657629	3.2188225	2.3333333	0	6.0	2.0	2.0	3.5	-0.24546051	1.0
	1.0	64	0	4	3	4	4	4	4	3	5	5	4	5	5			3.8333333	0	0.0	0.0	1.0	1.0	1.4665002	
	2.0	34	0	4	5	1	3	2	2	1	4	1	5	3	4	0.8319135	4.398528	2.8333333	2	9.0	1.0	1.5	4.0	0.32055888	1.0
	1.0	55	1	3	2	3	2	3	3									2.6666667	1	1.0	3.0		1.0	0.22180116	
1.4655325	2.0	27	0	2	1	1	2	3	2	5	1	3	3	3	2	5.2188225	5.2188225	1.8333334	2	10.0	0.0	4.5	4.5	-0.66356933	1.0
5.7823834	1.0	60	1	3	3	3	3	3	3	2		4	1	5	3	2.1680865	2.1680865	3.0	0	5.0	0.0	3.0	3.0	0.5636059	1.0
0.87452596	2.0	44	0	5	3	2	2	3	1	3	1	4	5	5	2	0.16808653	4.334237	2.6666667	2	9.0	3.0	3.5	3.5	0.033633005	1.0
	1.0	26	1	5	4	2	3	1	2									2.8333333	2	6.0	1.0	3.0	1.0	0.28056726	
	1.0	69	0	3	3	1	3	3	4	3	5		3	3	1			2.8333333	2	5.0	2.0	3.0	1.0	0.50677633	
	1.0	40	1	2	5	4			4										2	3.0	2.0	2.0	1.0		
0.06977272	2.0	74	0	1	1	1	3	1	2	1	2	2	3	3	1	0.6657629	0.6657629	1.5	2	10.0	2.0	4.0	3.5	-0.9920707	1.0
	1.0	60	0	1	2	1	3	3	1	1	1	1	1	1	3		2.828815	1.8333334	2	6.0	2.0	2.0	1.0	-0.7255494	
0.32370996	1.0	78	0	1	1	1	1	1	1	1	2	2	2	2	2	1.2188225	1.3342371	1.0	2	3.0	4.0	2.0	3.0	-1.585484	1.0
	1.0	75	0	4	2	4	1	1	4	4	3	4	4	3	3	1.6657629	1.6657629	2.6666667	2	2.0	3.0	3.5	1.0	0.26242363	1.0
0.32967195	1.0	73	0	2	1	2	3	3	2	3	3	1	4	3	3	1.6657629	1.171185	2.1666667	2	9.0	4.0	3.5	2.5	-0.33844784	1.0
	1.0	58	1	4	3	2	2	2	4									2.8333333	1	0.0	2.0	1.0	1.0	0.46828142	
0.06620137	2.0	76	0	4	3	3	3	3	3	3	3	2	2	2	2	0.21882248	0.21882248	3.1666667	2	7.0	2.0	4.0	4.0	0.7142855	1.0
1.6627054	1.0	59	0	1	3	3	4	1	2	1	3	3	4	1	3	1.7811775	0.16808653	2.3333333	1	8.0	3.0	2.0	2.0	-0.1686803	1.0
	1.0	78	0	1	2	2	1	1	5									2.0	2	7.0	2.0	3.5	2.5	-0.24644467	
1.6119279	1.0	62	0	1	1	1	1	1	1	3	1	2	3	2	2	2.665763	2.665763	1.0	1	9.0	3.0	3.0	2.5	-1.585484	1.0
	1.0	70	0	2	1	3	4	2	4	1	5	1	2	2	2		1.1680865	2.6666667	2	5.0	3.0	2.0	1.5	0.31889632	
0.7545171	1.0	65	0	1	3	4	3	3	3	4	2	2	4	2	3	0.60147166	0.60147166	2.8333333	1	5.0	2.0	1.5	2.5	0.4172142	1.0
0.7037919	1.0	64	0	1	2	1	4	2	3	1	3	2	4	3	3			2.1666667	2	6.0	3.0		1.0	-0.22317271	
	1.0	28	1	2	3	5	4	3	4	3	2	4	4	4	3	0.21882248	0.21882248	3.5	2	5.0	1.0	1.5	2.0	1.1461205	1.0
1.1841403	1.0	28	1	3	2	4	5	1	4	2	3	4	4	2	4	0.25716496	0.25716496	3.1666667	2	5.0	3.0		1.0	0.7923602	
0.9411658	1.0	44	1	4	4	4	4	3	3	4	5	3	4	3				3.6666667	2	0.0	1.0	2.0	3.0	1.2110577	
	1.0	68	0	3	2	3	2	2	1	1	2	3	3	2	2	0.21882248	0.21882248	2.1666667	0	5.0	3.0	2.0	1.0	-0.45839733	1.0
	1.0	58	0	4	1	1	3	1	3									2.1666667	1	5.0	2.0	4.0	3.5	-0.28692666	
5.7823834	1.0	69	0	2	2	2	2	4	2	4	2	2	3	4	3	0.3342371	4.1680865	2.3333333	0	8.0	3.0	1.5	1.5	-0.16296324	1.0
0.35648754	1.0	70	1	1	5	2	1	2	1	1	2	2	1	2	3	0.21882248	2.1680865	2.0	2	8.0	2.0	3.0	3.0	-0.5699258	1.0
0.7717019	1.0	65	0	2	2	4	3	3	2	1	2	1	2	3	1	0.8319135	0.8319135	2.6666667	1	7.0	2.0	2.0	4.0	0.14313777	1.0
	1.0	65	1	2	3	1	4	2	1	5	4	5	3	1	2	0.21882248	0.21882248	2.1666667	2	5.0	0.0	5.0	1.0	-0.407053	1.0
	1.0	59	1	3	3	3	2			3	3	3	2	2	3	2.334237	1.3985283		2	0.0	1.0	2.0	1.0		
	1.0	37	1	3	4	4	4	3	4									3.6666667	1	5.0	0.0	3.0	1.0	1.3134835	
	1.0	25	1	2		3	2	3	4	2	3	2	4	3	2	2.828815	2.828815		2	2.0	1.0	1.5			
0.8754494	1.0	55	1	1	4	1		1	2	1	4	2	1	2	4	4.7811775	2.8319135		2	7.0	3.0	1.0	1.0		
	1.0	48	1	5	2	2	4	3	2	2	1	2	4	1	3	2.8319135	2.8319135	3.0	1	6.0	0.0	3.0	1.5	0.45539564	1.0
0.08786365	2.0	81	1	4	2	2	4	1	2	2	1	2	4	1	2	1.1680865	1.1680865	2.5	2	7.0	2.0	3.0	3.0	-0.04325975	1.0
0.82638353	2.0	61	0	1	5	1	5	3	4	1	5	1	4	3	4	2.6014717	2.6014717	3.1666667	2	6.0	2.0	1.5	4.0	0.8890267	1.0
0.84528327	1.0	58	1	2	1	1	1	1	1	2	1	2	1	1	1		2.8319135	1.1666666	2	9.0	2.0	2.5	1.0	-1.4348044	
1.1687543	2.0	34	0	3	4	4	2	2	2	3	1	3	3	4	4	6.334237	6.334237	2.8333333	2	7.0	0.0	4.0	3.0	0.29297686	1.0
0.5640695	1.0	76	1	1	1	2	4	2	2	1	2	2	2	1	2			2.0	2	6.0	3.0	2.0	2.5	-0.4929613	
	1.0	60	1	1	3	4	4	3	4	1	3	5	1	3	3			3.1666667	1	3.0	1.0		1.0	0.84047353	
	1.0	41	1	4	3	3	4	4	4									3.6666667	1	0.0	1.0	1.0	1.5	1.3115327	
1.1925175	1.0	29	1	3	2	4	3	3	3	3	2	4	2	4	2	2.1680865	2.1680865	3.0	2	5.0	2.0	2.5	3.0	0.5469226	1.0
	2.0	61	0	2	1	1	2	3	2									1.8333334	2	10.0	2.0	3.0	2.5	-0.66356933	
1.7677066	1.0	45	1	2	2	4	3	1	1	1	2	1	3	1	2	3.334237	3.334237	2.1666667	2	9.0	2.0	3.0	3.5	-0.45794335	1.0
	1.0	51	1	3	2	2	3	3	2									2.5	2	8.0	2.0	3.0	2.5	-0.01611754	
	2.0	36	0	3	3	4	4	2	4	4	2	5	4	3	2	4.1680865		3.3333333	2	2.0	2.0	4.0	2.0	0.9678448	1.0
	1.0	23	1	4	4	1	3	4	1	2	3	4	1	2	1	5.828815	4.398528	2.8333333	2	3.0	2.0	2.0	1.5	0.24377866	1.0
0.06873777	2.0	76	0	1	1	1	1	1	2	1	2		1	1	1	0.8319135	0.8319135	1.1666666	2	10.0	3.0	4.5	1.5	-1.3323787	1.0
0.092109896	2.0	74	1	1	1	1	1	1	1	1	2	1	3	2	2	1.8319135	1.8319135	1.0	2	8.0	2.0	1.0	1.0	-1.585484	1.0
	1.0	20	0	4	5	5	4	3	3									4.0	1	3.0	1.0	4.0	3.5	1.5376759	
	1.0	69	1	4	3	4	4	2	4	3	1	1	3	1	3	0.8319135	0.8319135	3.5	2	3.0	2.0	4.0	2.5	1.1185243	1.0
	1.0	57	1	5	2	3	3	3	2	4	2	3	3	3	4	1.3342371	1.3342371	3.0	2	1.0	1.0	1.5	2.0	0.44020903	1.0
1.3891008	1.0	25	1	2	4	2	4	2	4	4	4	4	2	2	4	0.60147166	0.60147166	3.0	2	7.0	2.0	4.0	2.0	0.67888105	1.0
	1.0	39	1	4	3	3		2	3										1	5.0	2.0	1.5	1.0		
	1.0	56	1	3	2	2	3	3	3	4	2	2	2	2	2	0.16808653	4.334237	2.6666667	1	6.0	3.0	2.0	1.5	0.23698775	1.0
	1.0	48	1	2	3	2	4	2	2	5	4	5	5	3	5	3.2188225	3.2188225	2.5	2	6.0	2.0	3.0	2.0	0.001019743	1.0
	1.0	52	1	2	4	3	2	1	1	4	5	1	3	3	3	2.1680865	0.21882248	2.1666667	2	0.0	1.0	1.0	1.0	-0.43976337	1.0
1.3568852	2.0	30	0	3	3	4	4	4	2	2	2	3	1	4	4	3.3985283	0.16808653	3.3333333	2	7.0	0.0	4.0	4.0	0.80961	1.0
	1.0	31	0	1	1	1	1	1	1	2	1	1	1	1	1	2.2188225	0.60147166	1.0	2	10.0	1.0	5.0	4.5	-1.585484	1.0
	1.0	54	1	5	5	5	2	5	5									4.5	0	1.0	0.0	1.5	2.0	2.2022338	
	2.0	35	0	4	2	2	2	2	2									2.3333333	2	8.0	3.0	4.0	3.5	-0.20957991	
	1.0	25	1	4	3	4	4	4	2									3.5	2	7.0	2.0	3.0	3.0	0.9602896	
	0.0	55	1	4	5	1	4	2	2	5	5	5	5	4	4	1.6014717	1.6014717	3.0	2	6.0	1.0	3.5	4.0	0.4907129	1.0
0.85239094	1.0	64	0	2	1	1	2	2	2	1	2	2	2	3	2	0.3342371		1.6666666	2	7.0	2.0	5.0	3.0	-0.8375572	1.0
0.32106847	1.0	65	0	1	2	2	2	1	1	1	2	2	5	4	1	4.828815	1.7811775	1.5	2	8.0	2.0	4.0	3.0	-1.0887119	1.0
	1.0	19	1	4	4	4	2	4	4									3.6666667	1	3.0	2.0	2.5	2.5	1.2978429	
0.80255646	1.0	59	0	2	2	2	2	3	2	2	2	2	1	3	2	0.21882248	0.21882248	2.1666667	2	8.0	2.0	4.0	2.5	-0.33695114	1.0
1.6368303	1.0	32	0	3	2	3	3	3	3	4	2	3	4	2	3			2.8333333	2	5.0	3.0	3.5	2.0	0.3919552	
	1.0	59	1	4	2	4	4	3	3	4	3	3	4	3	3			3.3333333	0	3.0	1.0	3.0	2.5	0.86775625	
1.2126874	2.0	34	0	5	1	2	5	5	2	4	1	2	2	5	2	0.74283504	2.3985283	3.3333333	2	10.0	2.0	5.0	5.0	0.80187476	1.0
0.7533618	1.0	60	0	4	2	3	4	2	3	4	2	4	2	2	4	0.8319135	0.8319135	3.0	2	7.0	3.0	2.0	1.0	0.5388009	1.0
	1.0	47	1	2	3	4	2	2	2									2.5	2	7.0	3.0	3.0	2.5	-0.02935344	
	2.0	69	0	4	2	4	4	2	4	2	2	4	4	2	5			3.3333333	2	5.0	2.0	3.0	1.0	0.9468736	
	1.0	24	1	4	4	1	4	2	3	4	1	3	4	2	1	1.1680865	1.1680865	3.0	2	3.0	0.0	1.0	3.0	0.57216746	1.0
	1.0	22	0	1	1	3	3	4	3	3	3	4	3	3	3	1.6014717	1.6014717	2.5	1	6.0	3.0	4.5	4.5	0.09293323	1.0
3.4412882	1.0	45	1	4					5	4	5	3	5	3	2				1	0.0	2.0	1.0	1.0		
	1.0	45	1	2	2	3	3	2	3									2.5	2	0.0	3.0	3.0	1.0	0.06728772	
	1.0	38	1	3	4	4	2	2	3	4	2	2	4	3	3	0.21882248	0.21882248	3.0	2	5.0	2.0	2.5	3.5	0.54608214	1.0
	1.0	37	1	4		5	5	5	5	5	3	5	5	5	5				1	0.0	1.0		1.0		
	1.0	51	1	4	5	2	2	3	4	4	5	3	5		5	0.74283504	1.1680865	3.3333333	1	4.0	1.0	3.5	3.5	0.9855708	1.0
0.06800543	2.0	72	1	5	2	2	3	3	5	4	2	2	2	1	3	2.334237	2.1680865	3.3333333	2	6.0	2.0	1.0	2.0	1.0445575	1.0
1.1361746	2.0	26	0	3	1	4	5	2	4	5	2	3	2	3	3	4.742835	6.398528	3.1666667	2	10.0	2.0	4.5	4.0	0.79469734	1.0
	2.0	67	1	1	2	2	1	1	1	2	2	2	1	1	2	3.1680865	3.1680865	1.3333334	2	7.0	4.0	4.0	3.0	-1.2588658	1.0
	1.0	29	1	4	3	3	4	2	3	4	2	2	2	2	2	0.17118502	0.17118502	3.1666667	2	6.0	0.0	2.0	1.5	0.7104516	1.0
	1.0	44	1		5	5	4	3	4	3	5	5	3	3	4				1	0.0	1.0		2.5		
	1.0	64	0	2	2	2	3	2	2									2.1666667	2	7.0	2.0	3.5	3.5	-0.34078503	
	1.0	30	1	3	4	2	4	4	4	3	3	3	4	2	2	1.6014717	1.6014717	3.5	2	4.0	2.0	4.0	2.0	1.1775365	1.0
0.93275017	1.0	45	1	4	4	2	4	2	3	2	4	2	2	4	2	1.2188225	0.39852834	3.1666667	2	7.0	4.0	4.0	2.0	0.7271349	1.0
	1.0	33	1	4	5	3	3		4	5	5	5	3	4	5	2.171185	2.171185		2	8.0	2.0	3.5	2.0		
	1.0	44	1	1	4	4	4	3	3	2	4	4	4	2	3	1.2188225	1.2188225	3.1666667	2	7.0	3.0	3.5	2.0	0.75901896	1.0
	1.0	39	1	4	3	4	4	2	4	4	3	4	3	2	3		1.6014717	3.5	2	0.0	2.0	2.5	1.0	1.1185243	
	1.0	61	0	3	1	3	3	2	2									2.3333333	2	7.0	3.0	3.0	2.5	-0.20678873	
	1.0	59	1	5	4	4	5	4	4									4.3333335	1	5.0	1.0	1.0	1.0	1.9589845	
1.9496025	1.0	60	1	1	2	1	2	3	3	2	2	4	4	4	2	2.2188225	0.3342371	2.0	1	5.0	2.0	1.0	2.0	-0.38949287	1.0
	1.0	33	1	2	4	5	4	2	3									3.3333333	2	0.0	1.0	2.5	1.0	0.8906781	
	1.0	25	0	2		3	4		2	5	5	4	4	5	4	1.6014717	3.257165		2	0.0	2.0	1.5	1.0		
	1.0	24	1	4	3	1	2	2	1									2.1666667	2	6.0	2.0	2.5	1.0	-0.44600192	
0.34596896	1.0	66	0	3	2	3	2	2	2	3	2	2	3	1	3	0.8319135	0.8319135	2.3333333	2	8.0	2.0	4.0	2.0	-0.20529203	1.0
	1.0	62	0	1	2	2	3	2	4									2.3333333	1	7.0	2.0	4.0	2.0	0.014746002	
	1.0	48	1	5	1			1	1										2	10.0	0.0	5.0	5.0		
	1.0	28	1	4	1	5	4	3	3									3.3333333	2	1.0	0.0	1.0	1.5	0.85107297	
	1.0	35	1	1	2	4	4	3	4	2	2	3	3	2	3	1.8319135	3.7811775	3.0	2	2.0	2.0	1.5	1.5	0.6688228	1.0
0.8895521	1.0	56	1	4	3	3	4	3	4	2	2	2	3	2	1	0.7811775	0.7811775	3.5	2	6.0	2.0	4.0	3.0	1.1375449	1.0
	2.0	18	1	4	1	2	3	3	3									2.6666667	2	2.0	2.0	3.5	2.0	0.2160166	
	1.0	52	1	4	3	3	3	3	4									3.3333333	1	5.0	1.0	3.0	1.0	0.9673908	
	2.0	30	0	2	1	4	4	2	2	4	2	1	3	2	2	1.7811775	1.7811775	2.5	2	10.0	3.0	3.5	2.0	-0.032346833	1.0
1.2726551	2.0	31	0	5	5	4	5	5	1	1	1	1	1	5	1	7.828815	7.828815	4.1666665	2	10.0	2.0	5.0	5.0	1.5453073	1.0
	1.0	47	0	2	2	4	5	1	4	4	2	2	2	2	4	2.1680865	2.1680865	3.0	2	0.0	1.0	2.0	1.0	0.6416806	1.0
	1.0	38	0	1	2	2	4	4	1	1	2	1	4	3	1	0.17118502	0.17118502	2.3333333	1	8.0	4.0	3.5	1.0	-0.22644004	1.0
	1.0	48	1	4	2	4	4	1	4	3	2	4	4	1	4	1.7811775	1.742835	3.1666667	2	6.0	1.0	3.0	2.0	0.77288574	1.0
	1.0	38	0	2	5	2		3	2										2	3.0	2.0	5.0	1.0		
	1.0	59	0	4	1	1	1	5	1									2.1666667	2	10.0	2.0	5.0	5.0	-0.43749368	
	2.0	30	0	5	1	5	5	5	5									4.3333335	2	10.0	0.0	5.0	5.0	2.026093	
	1.0	45	0	1	1	4	2	2	1	1	2	4	2	1	1	0.16808653	0.16808653	1.8333334	2	6.0	2.0	3.0	2.0	-0.7764398	1.0
	1.0	27	1	4	3	5	4	4	3									3.8333333	1	7.0	1.0	2.0	2.0	1.3683623	
	2.0	30	0	5	1	5	5	5	5									4.3333335	2	10.0	1.0	5.0	5.0	2.026093	
	1.0	62	0	2	1	1	1	2	4	4	2	2	2	2	3	1.8319135	1.8319135	1.8333334	1	6.0	2.0	3.5	1.0	-0.50150067	1.0
	1.0	28	1	3	2	4	4	2	3									3.0	2	4.0	1.0	4.0	3.0	0.54308873	
	1.0	34	1	4	5	4	4		4										2	0.0	1.0	1.5	1.0		
	1.0	55	0	2	2	3	4	2	1	4	2	1	4	2	1	1.1680865	1.1680865	2.3333333	2	7.0	3.0	3.5	3.5	-0.26876885	1.0
	1.0	32	1	5	2	4	4	2	3									3.3333333	1	8.0	2.0	4.0	4.0	0.8444479	
	2.0	35	1	2	1	3	4	2	2	1	2	4	2	1	2			2.3333333	2	8.0	2.0	3.0	3.0	-0.18731427	
	1.0	20	1	4	2	5	3	2	3	4	5	2	3	1	4	2.334237	2.334237	3.1666667	1	4.0	1.0	1.5	1.0	0.6785818	1.0
	2.0	30	0	5	1	5	5	5	5									4.3333335	2	10.0	2.0	5.0	5.0	2.026093	
	2.0	32	0	5	1	5	5	5	5									4.3333335	2	10.0	0.0	5.0	5.0	2.026093	
	2.0	32	0	5	1	5	5	5	5									4.3333335	2	10.0	3.0	5.0	5.0	2.026093	
	1.0	31	1	4	1	4	1	1	1									2.0	2	0.0	3.0	1.0	1.0	-0.668543	
	2.0	32	0	5	1	5	5	5	5									4.3333335	2	10.0	1.0	5.0	5.0	2.026093	
	2.0	39	0	2	1	4	5	4	4									3.3333333	2	10.0	3.0	3.5	4.0	0.9919936	
	2.0	35	1	3	1	3	3	4	2									2.6666667	2	10.0	0.0	4.0	4.5	0.14118707	
1.5647876	2.0	44	1	3	2	3	4	3	3	3	2	4	4	2	2	0.8319135	0.8319135	3.0	2	7.0	4.0	3.5	2.0	0.56210923	1.0
	2.0	37	1	5	1	1	4	2	1	5	1	2	2	2	2	1.171185	1.171185	2.3333333	2	4.0	2.0	2.0	2.0	-0.29831573	1.0
1.0277519	1.0	38	0	1	2	4	3	2	1	1	2	4	3	1	2	0.16808653	0.16808653	2.1666667	2	8.0	2.0	2.5	1.0	-0.434635	1.0
	2.0	37	1	2	1	2	2	4	2	2	2	3	2	2	2	0.3342371	0.3342371	2.1666667	2	8.0	2.0	5.0	2.0	-0.33461398	1.0
	1.0	34	1	4	3	5	4	3	4	5	5	5	4	3	4	0.16808653	3.3985283	3.8333333	2	0.0	2.0	1.5	1.0	1.4474797	1.0
1.6151093	2.0	32	1	3	4	2	4	1	1	4	2	4	4	4	2			2.5	2	8.0	0.0	3.5	1.5	-0.10374316	
	1.0	23	1	4	2	2	2	2	2									2.3333333	1	2.0	1.0			-0.20957991	
	1.0	40	1	4	3	3	3	2	2									2.8333333	1	7.0	2.0	2.0	1.5	0.28719229	
	1.0	21	1	2	3	5	5	2	2									3.1666667	1	0.0	3.0	1.0	1.0	0.6360761	
	1.0	34	1	2	3	4	2	2	3									2.6666667	2	6.0	2.0	3.0	1.0	0.22375186	
	1.0	54	0	2	2	5	2	1	1									2.1666667	2	0.0	0.0	1.5	1.5	-0.47312993	
	1.0	26	1	5	4	5	4	2	3									3.8333333	1	0.0	0.0	1.0	1.5	1.3427168	
	1.0	33	1	5	4	3	4	3	4									3.8333333	1	2.0	1.0	2.0	1.0	1.4598751	
2.0030088	0.0	33	1	4	4	4	3	2	4	5	3	3	3	2	3	1.5556517	1.5556517	3.5	2	0.0	0.0	2.0	2.5	1.1200211	1.0
0.6143457	0.0	33	1		3	2	4	2		4	3		4	2	2	0.007189989	0.60051775		2	4.0	1.0		2.0		
	0.0	32	1	3	2	4	4	1	2	2	2	4	4	1	2	0.7428818		2.6666667	2	7.0	3.0	3.0	4.0	0.11599556	1.0
0.60385007	0.0	31	1	3	3	4	4	3	3	4	3	4	4	2	3	1.043716	1.0480299	3.3333333	2	2.0	1.0	2.5	3.0	0.8887274	1.0
	0.0	33	1	2	2	2	2	1	2	3	1	2	2	2	2	0.25711823	2.3152142	1.8333334	2	7.0	2.0	3.0	4.0	-0.684927	1.0
0.9787982	0.0	31	0	1	2	2	3	2	2	1	3	2	2	1	2	1.0480299	1.0480299	2.0	2	7.0	4.0	3.0	2.5	-0.49146459	1.0
0.7219559	0.0	31	1	2	5	4	5	4	4		5	4	5	4	5	0.68478584	0.68478584	4.0	2	3.0	4.0	2.5	4.0	1.6785965	1.0
	0.0	33	1	1	2	2	5	1	2									2.1666667	2	6.0	3.0	1.5	2.0	-0.32514444	
0.6392562	0.0	33	1	2	3	4	4	2	2	2	4	4	2	2	2	1.7428818	1.7428818	2.8333333	2	0.0	0.0	3.0	2.5	0.31095463	1.0
1.8288168	0.0	34	1	4	2	5	2	2	2	4	2	5	4	2	3	0.95628405	0.55565166	2.8333333	2	0.0	1.0	2.0	1.5	0.25532243	1.0
	0.0	34	1	4	4	2	3	3	4	3	3	3	3	3	3	1.0480299	1.0480299	3.3333333	2	1.0	1.0	3.0	2.5	0.98407406	1.0
	0.0	27	1	4	2	4	4	2	4	2	2	4	5	2	2	1.0480299	1.0480299	3.3333333	2	6.0	2.0	2.0	1.0	0.9468736	1.0
	0.0	32	1	4	4	4	4	2	4									3.6666667	2	2.0	2.0	1.0	3.0	1.2901751	
	0.0	31	1	2	2	4	4	2	2	2	2	4	4	1	2	1.6005177	1.6005177	2.6666667	2	8.0	2.0	2.5	4.0	0.1393039	1.0
	0.0	34	1	4	4	5	5	5	3									4.3333335	2	5.0	1.0	2.5	1.5	1.884155	
	0.0	31	1	1	2	3	3	2	1									2.0	2	6.0	3.0	3.5	4.0	-0.5896025	
	0.0	31	1	2	2	4	2	4	3	2	1	2	1	2	1	2.95197	2.95197	2.8333333	2	6.0	1.0	2.0	4.0	0.40007696	1.0
0.61185277	0.0	34	1	1	2	3	4	2	3	1	3	2	2	2	2	1.7428818	1.7428818	2.5	2	6.0	4.0	2.0		0.08676218	
	0.0	31	1	1	2	3	4	1	1									2.0	1	6.0	2.0	2.0	3.0	-0.5934363	
0.7983067	0.0	26	1	2	3	5	5	2	4	2	2	5	5	2	4	0.39948225	0.39948225	3.5	2	2.0	1.0	3.0	2.0	1.1422867	1.0
	0.0	33	1	2	2	3	4	1	2									2.3333333	1	3.0	2.0	3.0	2.0	-0.18965146	
	0.0	24	1	4	2	5	5	3	4	4	3	4	4	2	4	1.043716	1.043716	3.8333333	2	6.0	2.0	4.0	2.0	1.445983	1.0
2.1214428	0.0	30	1	4	3	4	3	3	3	4	3	4	2	3	2	1.7428818	1.7428818	3.3333333	2	2.0	0.0	2.0		0.8692529	
0.79446596	0.0	33	1	1	1	4	4	2	1	4	5	2	1	3	1			2.1666667	2	6.0	1.0	1.5	1.5	-0.43613172	
	0.0	32	1	2	2	5	4	1	2									2.6666667	2	6.0	3.0	2.0	4.0	0.12028343	
	0.0	30	1	1	2	4	2	1	2	2	2	2	1	2	2	0.0480299	0.0480299	2.0	2	6.0	2.0	3.0	3.0	-0.52567166	1.0
	0.0	32	1	2	2	4	3	2	2									2.5	2	5.0	2.0	2.0	3.0	-0.030850137	
	0.0	34	1	3	3	2	2	1	2	3	3	4	2	2	2	0.0480299	0.0480299	2.1666667	2	4.0	1.0	1.5	3.0	-0.36259666	1.0
	0.0	29	1	4	2	4	4	2	2	2	2	4	3	2	1	2.2571182	2.2571182	3.0	2	6.0	3.0	2.5	2.0	0.44066304	1.0
1.3537599	0.0	30	1	5	5	5	1	1	5	5	1	5	5	5	5	1.4443483	1.4443483	3.6666667	1	0.0	0.0	1.0	1.5	1.3361281	1.0
1.5472144	0.0	34	1	1	4	1	1	2	2	5		4	5	4	3	4.9928102	4.9928102	1.8333334	2	4.0	0.0	2.5	2.0	-0.64343864	1.0
	0.0	27	1	3	2	2	4	3	3									2.8333333	1	4.0	3.0	3.0	3.5	0.40714177	
	0.0	34	1	4	4	3	4	1	3	3	4	4	4	2	3	0.043715954	1.6847858	3.1666667	2	3.0	3.0	1.5	2.0	0.70811445	1.0
	0.0	30	1	2	3	4	3	2	4	3	3	4	4	2	4	0.043715954	0.043715954	3.0	2	6.0	1.0	2.0	2.5	0.64701116	1.0
	0.0	26	1	5	3	4	4		2										2	7.0	1.0	2.5	2.0		
	0.0	29	1	5	4	5	5	2	3	5	4	5	4		1	2.3152142	4.043716	4.0	2	0.0	1.0	1.0	1.5	1.5128708	1.0
	0.0	34	0	3	3	1	5	4	4									3.3333333	2	5.0	4.0		3.0	1.0210723	
	0.0	34	0	1	1	2	2	1	2									1.5	2	0.0	4.0	1.0		-1.0072572	
0.78729016	0.0	33	1	1	1	4	5	1	1	2	1	2	4	1	1	0.60051775	0.60051775	2.1666667	2	5.0	3.0	3.5	3.0	-0.43996558	1.0
0.92791206	0.0	25	1	2	2	4	5	2	2	2	2	4	4	2	2	0.043715954	0.043715954	2.8333333	2	8.0	3.0	4.0	4.0	0.30945793	1.0
	0.0	33	1	3	4	3	2	2	3									2.8333333	2	1.0	2.0		2.0	0.3911147	
0.8000699	0.0	32	1	3	5	4	4	3	3	4	4	4	2	3	2	3.3152142	0.60051775	3.6666667	2	2.0	2.0	1.0	1.5	1.2320288	1.0
	0.0	33	1	4	4	4	4	2	4									3.6666667	0	5.0	1.0	4.0	4.0	1.2901751	
	0.0	32	1	4	2	5	1	1	2	4	2	4	2	1	3	1.0480299	1.0480299	2.5	2	5.0	4.0	4.0	3.0	-0.088819526	1.0
	0.0	31	1	3	5	5	5	3	5									4.3333335	2	0.0	1.0	1.0	2.0	2.063361	
1.7219453	0.0	31	1	4	4	4	3	3	3		4	4	3	3		0.7428818	0.7428818	3.5	2	3.0	2.0	1.5	2.0	1.0409037	1.0
0.6996286	0.0	28	1	2	2	4	2	2	2	4	1	2	2	1	2	2.5556517	1.043716	2.3333333	2	7.0	4.0	4.0	1.0	-0.20100416	1.0
	0.0	28	1	5	5	5		5	5	1	5	1	1	1	1	0.55565166	0.55565166		2	3.0	1.0	4.0	1.0		
	0.0	34	1	2	2	4	4	1	2	2	2	5	3	1	3	0.39948225	0.39948225	2.5	2	10.0	4.0	4.5	4.0	-0.03468401	1.0
	0.0	33	0	2	5	3	2	1	2									2.5	2	10.0	2.0	4.5	2.0	-0.015007328	
	0.0	33	0	2	1	4	2	1	2									2.0	2	7.0	3.0	4.5	5.0	-0.5466428	
1.2235063	0.0	32	1	4	3	3	3	2	3	4	3		3	2	3	0.7428818	0.9519701	3.0	1	3.0	1.0	1.0	2.0	0.54029757	1.0
4.6121893	0.0	20	1	2	3	4	4	1	4	3	3	4	4	4	4	1.4443483	1.4443483	3.0	1	2.0	1.0			0.64317733	
	0.0	27	1	1	1	4	2	2	2	2	2	4	2	1	2	0.25711823	0.39948225	2.0	2	4.0	3.0	3.5	1.5	-0.52333444	1.0
0.72453153	0.0	32	1	3	4	4	5	3	4	4	4	4	4	1	4	2.043716	2.043716	3.8333333	2	7.0	2.0	1.5	1.0	1.4836375	1.0
0.8293675	0.0	26	1	1	1	4	4	1	1	2	1	2	2	1	2	1.043716	1.043716	2.0	2	3.0	2.0	2.0	2.0	-0.6101196	1.0
	0.0	26	1	4	4	2	3	2	2	2	2	4	2	2	2	1.043716	1.043716	2.8333333	2	7.0	0.0	4.0	2.0	0.3038756	1.0
0.81341404	0.0	32	1	4	3	3	5	1	2	4	2	5	4	2	2	1.7428818	1.7428818	3.0	2	5.0	3.0	1.5	3.0	0.45351246	1.0
1.2340341	0.0	27	0	3	2	4	3	2	2	2	2	5	4	3	3	1.7428818	1.7428818	2.6666667	2	8.0	4.0	2.5	4.0	0.11982944	1.0
	0.0	28	1	4	3	2	4	2	4	4	2	2	3	2	4	1.6847858	1.6847858	3.1666667	2	0.0	1.0	1.0		0.80858946	
	0.0	24	1	4	3	3	4	1	2									2.8333333	2	6.0	3.0	2.0	2.0	0.28335842	
	0.0	30	1	3	4	4	2	1	2	3	3	4	1	1	3	2.043716	0.0480299	2.6666667	2	3.0	3.0	1.5	1.0	0.11898895	1.0
	0.0	29	1	3	4	3	5	3	3	3	1	4	4	2	2	2.043716	2.043716	3.5	2	4.0	2.0	2.5	1.0	1.0755647	1.0
	0.0	29	0	3	2	4	4	1	1	2	4	4	3	2	2	0.043715954	0.043715954	2.5	2	5.0	1.0	2.0	3.0	-0.13710974	1.0
	0.0	27	1	4	2	4	4	1	3	4	2	3	4	4	2	0.043715954	1.5556517	3.0	0	6.0	1.0	2.5		0.51978046	
	0.0	21	1	3	3	3	3	3	3									3.0	1	0.0	2.0	3.0	3.0	0.5636059	
	0.0	29	1	5	4	3	2	2	1	4	3	4	2	2	4	0.043715954	0.043715954	2.8333333	2	3.0	1.0		2.0	0.18626326	
0.9392298	0.0	24	0	2	3	5	3	3	5	4	5	5	2	3	5	1.956284	1.956284	3.5	2	7.0	2.0	2.5	1.0	1.2290719	1.0
1.3316945	2.0	33	0	1	1	3	1	1	1	1	1	4	1	1	1	3.3994823	0.68478584	1.3333334	2	10.0	4.0	5.0	4.0	-1.2755492	1.0
	0.0	32	1	1	5	5		2	2	5	5	5		3	4	0.44434834	0.44434834		2	1.0	0.0	3.0	2.0		
	0.0	21	1	1	3	4	5	1	2									2.6666667	1	7.0	1.0	5.0	4.0	0.15644118	
	0.0	18	1	3	2	5	5	2	2	4	2	4	4	2	3	3.043716	3.043716	3.1666667	1	7.0	3.0	3.0	2.0	0.6151049	1.0
	0.0	25	1	3	5	3	1	2	3									2.8333333	2	5.0	2.0	2.5	3.0	0.3926114	
0.94051564	0.0	32	0	1	2	5	2	1	1	3	2	5	3	1	1	0.007189989	0.007189989	2.0	2	4.0	3.0	3.0	4.0	-0.6238095	1.0
0.66861516	0.0	31	1	4	2	4	5		3	3	2	4	5	4	3	0.39948225	0.25711823		2	7.0	1.0	2.5			
	0.0	33	1	4	2	3	4	1	2									2.6666667	2	8.0	2.0	2.5	2.0	0.11170769	
1.7471035	0.0	32	1		3	4	2	1	1	2	3	5	1	1	3	1.7428818	1.7428818		2	0.0	1.0	1.0			
	0.0	22	1	3	3		1	1	2	3	2		1	1	3	0.0480299	0.0480299		2	5.0	1.0				
	0.0	32	1	4	3	2	3	1	2	2	3	2	2	1	1	0.39948225	0.39948225	2.5	2	7.0	3.0	1.5	2.0	-0.041763052	1.0
1.7742697	0.0	33	1	2	2	2	2	2	1	4	2	2	2	3	3	2.3994823	2.3994823	1.8333334	2	0.0	1.0	1.5	1.0	-0.76404434	1.0
1.3791509	0.0	34	1	4	2	4	4	1	4	4	2	1	3	2	4			3.1666667	1	0.0	1.0	1.0		0.77288574	
0.75539094	0.0	22	1	2	2	3	4	2	2	4	2	3	4	2	2	0.25711823	0.25711823	2.5	2	6.0	3.0	3.0	2.0	-0.015663546	1.0
	0.0	30	1	1	2	4	2	1	1	2	1	2	1	2	2	0.39948225	0.39948225	1.8333334	2	7.0	4.0	2.5	2.0	-0.77877694	1.0
	0.0	31	1	3	3	2	4	2	2	3	3	2	4	2	2	1.6005177	1.6005177	2.6666667	2	6.0	1.0	3.0	3.0	0.15169932	1.0
	0.0	29	1	2	2	4	4	2	3	5	2	4	3	2	2	4.742882	4.742882	2.8333333	2	3.0	0.0	1.0	2.5	0.3924092	1.0
	0.0	31	1	4	4	5	5	3	4	4	4	5	3	3	2	3.04803	3.04803	4.1666665	2	3.0	1.0	1.0	1.5	1.7892845	1.0
	0.0	25	1	1		4	4	4	5	3	5	3	4	4	4	3.5556517	3.5556517		2	2.0	0.0	3.0	3.0		
	0.0	25	1	3	3	2	2	2	2									2.3333333	2	4.0	1.0	2.0	2.0	-0.18860875	
2.1352994	0.0	33	1	2	2	3	2	1	3	4	1	4	3	4	2			2.1666667	2	7.0	2.0	2.0	1.5	-0.27685422	
	0.0	34	1	3	3	4	3	2	2	5	2	4	4	3	4	2.00719	2.00719	2.8333333	2	5.0	1.0	2.5	2.0	0.29148015	1.0
	0.0	22	1	4	4	4	5	1	2									3.3333333	1	5.0	1.0	2.0	4.0	0.7801306	
	0.0	28	1	4	2	1	4	3	3	3	4	3	4	3	3	0.0480299	0.0480299	2.8333333	2	2.0	4.0	3.0	2.0	0.4028539	1.0
0.8015725	0.0	30	1	4	3	5	4	4	5	5	4	5	5	4	5			4.1666665	2	0.0	1.0		1.0	1.8745729	
4.657743	0.0	26	1	5	3	1	2	4	3	4	3	2	2	2	3	2.99281	2.99281	3.0	0	3.0	0.0	2.0		0.55886406	
0.5496652	0.0	34	1	5	1	5	5	4	5	1	1	5	5	4	4	0.95628405	0.95628405	4.1666665	2	7.0	2.0	5.0	5.0	1.852105	1.0
	0.0	26	1	5	3	4	3	1	4									3.3333333	1	5.0	1.0	3.5	1.0	0.925062	
0.75300264	0.0	26	1	3	2	2	1	2	2	3	2	2	2	2	2	1.7428818	1.7428818	2.0	2	5.0	1.0	3.0	2.0	-0.5304135	1.0
	0.0	25	1	4	3	4	4	2	3									3.3333333	2	5.0	1.0	2.5	3.0	0.8654191	
	0.0	23	1	3	3	2	3	2	2									2.5	1	6.0	1.0	3.5		-0.018454717	
	0.0	32	1	4		4	4	2	3										2	3.0	3.0	2.0	1.5		
	0.0	23	1	2	2	1	2	1	2									1.6666666	2	4.0	4.0	3.0	2.5	-0.8398944	
	0.0	30	1	4	3	4	2	1	4	4	4	4	2	2	4			3.0	2	6.0	1.0	4.0	2.0	0.6042284	
	0.0	25	1	3	4	4	2	3	4									3.3333333	2	5.0	3.0		2.0	0.97317535	
0.71465737	0.0	27	1	4	4	2	4		3		3	4	4	4	4	3.3152142			2	1.0	2.0	1.0	2.0		
	0.0	23	1	3	4	4	1	3	4	4	5	3	4	3	4	1.7428818	1.7428818	3.1666667	2	6.0	1.0	1.0	1.0	0.8030213	1.0
1.7028437	0.0	29	1	3	3	3	3	3	3	3	4	3	3	3	3	2.5556517	2.5556517	3.0	2	4.0	1.0	2.5	3.0	0.5636059	1.0
	0.0	30	1	2	3	4	5	2											2	3.0	4.0	1.5	1.0		
1.4115213	0.0	28	1	2	2	4	4	2	4	4	2	4	3	4	4	3.5556517	3.5556517	3.0	1	3.0	2.0	3.0	4.0	0.6455145	1.0
	0.0	26	1	4	3	3	4	4	4							3.5556517	3.5556517	3.6666667	1	2.0	1.0			1.3115327	
2.0230021	0.0	25	1	4	4	4	4	2	4	4	3	4	4	4	4			3.6666667	2	2.0	0.0	3.0	2.0	1.2901751	
	0.0	26	1	3	2	5	4	2	2									3.0	2	6.0	3.0	3.0	3.5	0.4449509	
	0.0	21	1	4	4	2	3	2	4	4	3	2	4	4	3	3.043716	3.043716	3.1666667	2	5.0	1.0	3.5	1.5	0.8100862	1.0
	0.0	21	1	3	4	4	2	4	1	2	5	2	2	2	1	0.043715954	0.043715954	3.0	2	4.0	1.0	3.0	3.0	0.3878474	1.0
	0.0	24	1	3	2	2	3	4	3									2.8333333	2	5.0	2.0	3.5	4.0	0.41097566	
	0.0	32	1	3	5	3	3	3	5									3.6666667	1	0.0	1.0	3.0	1.0	1.413118	
0.73951924	0.0	31	1	1	2	3	4	1	1	1	2	2	3	1	1	3.3994823	3.3994823	2.0	2	5.0	3.0	1.0	2.0	-0.5934363	1.0
	0.0	24	1	4	3	4	4	1	3	2	3	2	2	3	3	0.043715954		3.1666667	2	6.0	2.0	1.0	3.5	0.69143116	1.0
0.6917595	0.0	22	1	3	1	3		1	3	3	3	3	3	3	3	0.0480299	0.0480299		2	6.0	3.0				
	0.0	24	1	3	4	4	3	2	2	2	3	3	4	2	2	1.7428818	1.7428818	3.0	2	3.0	0.0	3.0	3.5	0.4631309	1.0
0.70138246	0.0	32	1	5	3	4		3	4	2	2	5	3	2	4	2.99281	2.99281		2	5.0	2.0	4.0	1.5		
0.5947095	0.0	34	1	3	2	4	4	2	2	4	2	4	4	3	3			2.8333333	2	4.0	2.0	2.5	2.0	0.28998348	
	0.0	25	1	4	2	3	2	2	1	2	2	2	2	2	2	0.043715954	0.043715954	2.3333333	2	8.0	2.0	4.0	2.0	-0.30771777	1.0
	0.0	26	1	4	2	2	3	1	2	3	1	1	1	1	1	2.7428818	1.043716	2.3333333	2	8.0	1.0			-0.21341379	
	0.0	25	1	4	2	2	3	3	4	3	2	3	4	3	3	1.3152142	1.3152142	3.0	2	4.0	1.0	2.5	3.0	0.64077264	1.0
	0.0	21	1	4	1	5	5	2	4									3.5	1	2.0	1.0	1.5	2.0	1.1003444	
	0.0	28	1	2	4	3	3	3	4	4	5	3	4	2	4	4.742882	4.742882	3.1666667	2	4.0	1.0	1.5		0.83768237	
	0.0	31	1	1	1	2	2	2	1	1	1	3	4	1	1	0.25711823	0.25711823	1.5	2	8.0	2.0	4.5	4.0	-1.0863746	1.0
3.5226886	0.0	34	1	5	1	2	3	4	2	2	2	1	2	1	1	1.2571182	1.2571182	2.8333333	1	8.0	3.0	3.5	3.5	0.2875788	1.0
0.7417451	0.0	22	1	1	1	2	1	1	1	3	1	1	1	1	1	2.6005177	2.6005177	1.1666666	2	7.0	3.0	4.5	5.0	-1.4305166	1.0
3.3432188	0.0	31	1	2	3	1	3	2	2	2	5	1	3	2	4	0.55565166	0.55565166	2.1666667	1	4.0	0.0	1.0	2.5	-0.32410172	1.0
	0.0	26	1	5	2	4	5	1	5									3.6666667	2	2.0	3.0	1.0	1.5	1.3468246	
2.4987772	0.0	27	1	4	3	5	4	2	2	3	2	4	3	2	2	0.95628405	2.6847858	3.3333333	2	5.0	2.0	3.5	2.0	0.76728123	1.0
	0.0	29	0	1	1	3	2	1	1	1	1	4	2	1	1	0.0480299	0.0480299	1.5	2	6.0	1.0	2.5	4.0	-1.1053951	1.0
2.443524	0.0	29	1	3	2	4	4	2	2	2	2	4	3	1	2	1.956284	0.44434834	2.8333333	2	3.0	2.0	4.0	2.0	0.28998348	1.0
	0.0	27	1	3	2	2	3	2	2									2.3333333	2	0.0	3.0	1.0	1.0	-0.19010545	
4.252798	0.0	24	1	4	3	3	2	3	2	4	3	3	2	1	2	0.25711823	0.25711823	2.8333333	1	2.0	2.0		2.0	0.29102618	
	0.0	19	1	4	2	4	4	5											1	8.0	4.0	3.0	2.0		
	0.0	34	1	2	4	2	3	2	3									2.6666667	2	6.0	1.0	3.5	1.5	0.25562173	
0.62997353	0.0	32	1	2	2	4	4	2	2	4	2	4	4	2	4	3.043716	3.043716	2.6666667	2	5.0	2.0	2.0	3.0	0.1393039	1.0
	0.0	27	1	4	4	3	4	2	3	3	4	2	2	1	2	3.7428818	3.7428818	3.3333333	2	0.0	1.0	2.5	3.5	0.8821024	1.0
2.1949313	0.0	22	1	3	4	4	4	3	3	3	3	3	3	3	2	0.60051775	0.60051775	3.5	2	2.0	3.0	2.0	2.0	1.0603781	1.0
	0.0	29	1	2	2	5	2	1	2	2	2	4	2	2	2	1.2571182	0.007189989	2.3333333	2	6.0	3.0	3.0	3.0	-0.22002463	1.0
	0.0	26	1	4	3	2	4	4	2	4	3	3	2	2	2	0.25711823	0.25711823	3.1666667	2	2.0	1.0	2.5	2.0	0.6503547	1.0
	0.0	33	1	4	4	3	4	3	4	4	4	2	3	2	3			3.6666667	2	2.0	2.0	2.0	1.0	1.3091955	
	0.0	28	1	3	1	2	2	1	2	4	2	2	2	1	2	2.99281	2.043716	1.8333334	2	6.0	4.0	5.0	2.0	-0.7058981	1.0
5.7823834	0.0	18	1	4	4	4		2		4	4	5	5	4	5	1.2571182	0.60051775		0	3.0	1.0				
0.6205305	0.0	27	1	4	2	2	4	2	2	3	2	4	4	2	2	0.25711823	0.25711823	2.6666667	2	3.0	3.0	3.0	1.0	0.13072816	1.0
	0.0	26	0	5	1	2	1	1	2									2.0	2	9.0	4.0	3.5	4.5	-0.574693	
	0.0	23	1	4	2	4	3	2	2	4	2	4	4	2	3	0.99281	0.25711823	2.8333333	1	3.0	1.0	2.0	2.0	0.270509	1.0
	0.0	20	1	5	2	4	1	1	1	4	2	2	1	1	2	0.55565166	0.55565166	2.3333333	1	5.0	2.0	1.0	1.5	-0.3462127	1.0
	0.0	31	1	3	2	3	2	1	4	3	2	3	2	1	4	3.04803	0.95628405	2.5	1	3.0	2.0	3.0	3.5	0.12693065	1.0
	0.0	26	1	5	2	1	5	1	4	5	1	1	2	2	4	0.39948225	0.39948225	3.0	2	3.0	2.0	4.0	2.0	0.628817	1.0
4.258789	0.0	26	1	2	1	2	2	1	2	2	2	2	2	1	2			1.6666666	1	2.0	0.0	2.0	2.0	-0.8565777	
2.0135226	0.0	28	1	4	5	3	4	3	2	3	4	2	4	3	2			3.5	2	1.0	0.0	3.0	3.5	0.9746357	
	0.0	30	1	3	4	3	2	2	3									2.8333333	2	0.0	0.0	1.5	2.0	0.3911147	
1.4209416	0.0	29	1	2	4	5	4	2	2	3	4	2	3	1	2	1.00719	1.6005177	3.1666667	1	7.0	2.0	1.5	3.0	0.6375728	1.0
	0.0	30	1	2	3	2	5	2	3	2	5	1	1	2	2	0.44434834	0.44434834	2.8333333	2	10.0	2.0	5.0	5.0	0.42427906	1.0
1.5925745	0.0	20	1	4	3	4	3	3	5	4	3	4	2	4	3	2.043716	2.043716	3.6666667	1	0.0	0.0	1.0		1.3754635	
	0.0	23	1	3	2	4	3	1	2									2.5	2	6.0	0.0	1.5	2.5	-0.05415847	
0.688714	0.0	24	1	2	2	4	4	1	3	1	3	4	4	1	2	2.04803	2.04803	2.6666667	2	1.0	4.0	3.0	3.0	0.21842128	1.0
	0.0	30	1	5	2	5	4	1	3									3.3333333	2	0.0	3.0	4.5	1.0	0.8254274	
1.4436224	0.0	32	1	4	2	2	3	2	2	4	2	4	4	2	2	0.043715954	0.043715954	2.5	1	3.0	2.0	1.5	1.5	-0.039425876	1.0
	0.0	33	1	5	3	5	5	1	5									4.0	2	8.0	2.0	3.0	1.0	1.6734428	
2.1177208	0.0	30	1	2	3	3	3	2	3	4	4	3	2	3	3			2.6666667	2	3.0	2.0	1.5	2.5	0.23893845	
	0.0	33	1	2	2	4	3	2	3	3	2	2	2	1	2	1.00719	1.00719	2.6666667	2	8.0	3.0	4.0	2.0	0.22225516	1.0
	0.0	18	1	4	3	4	4		3										0	3.0	1.0	1.5			
	0.0	26	1	4	2	4	2	1	2	4	2	3	3	2	2	2.043716	1.7428818	2.5	2	4.0	2.0		2.5	-0.07363293	
0.78325087	0.0	23	1	3	2	4	4	2	3	4	3	5	4	1	2	0.39948225	1.9519701	3.0	2	4.0	2.0	4.0	3.0	0.54308873	1.0
4.2816133	0.0	24	1	3	4	5	4	4	5	4	5	4	4	1	3	3.6847858	6.9928102	4.1666665	0	5.0	0.0	4.5	1.5	1.895544	1.0
0.64733267	0.0	33	1	2	2	4	1	2	2	1	2	4	4	5	2	0.043715954	0.043715954	2.1666667	2	4.0	2.0		3.0	-0.3711582	
	0.0	21	1	3	2	5	5	1	3	4	2	4	4	3	2	0.25711823	0.39948225	3.1666667	2	4.0	3.0	3.0	1.0	0.69422233	1.0
1.4934937	0.0	24	1	4	3	4	4	3	3	4	3	4	3	2	3	1.6005177	1.6005177	3.5	1	7.0	2.0	2.0	2.0	1.039407	1.0
0.9290101	0.0	30	0	3	3	3	3	4	3	1	4	4	3	3	3	1.0480299	3.99281	3.1666667	2	7.0	1.0	3.5	3.5	0.7375938	1.0
	0.0	31	1	3	4	4	4	2	4	3	4	4	4	3	3	0.31521416	0.31521416	3.5	2	5.0	1.0	2.5	2.0	1.1394955	1.0
	0.0	34	1	2	3	5	2	3	2	1	5	5	5	3				2.8333333	2	0.0	2.0	1.5	1.0	0.2996019	
	0.0	23	1	4	2	2	1	1	1	4	2	2	3		3	0.39948225	0.39948225	1.8333334	2	8.0	2.0	5.0	3.5	-0.8068271	1.0
	0.0	24	1	2	2	4	4	1	4									2.8333333	2	2.0	3.0	3.5	4.0	0.4715266	
	0.0	24	1	4	3	4	4	2	3	4	2	4	4	2	2	1.2571182	1.2571182	3.3333333	2	3.0	2.0	2.0		0.8654191	
	0.0	19	1	5	3	5	5	5											1	0.0	0.0		3.0		
	0.0	27	1	2	4	3	3	3	2	4	5	4	3	3	4	0.44434834	0.44434834	2.8333333	1	0.0	1.0	3.0	2.0	0.3314718	1.0
0.64693785	0.0	28	1	4	4	3	4	2	2	4	4	4	4	4	2	4.3994823	4.3994823	3.1666667	2	5.0	2.0	3.0	3.5	0.628997	1.0
0.9273356	0.0	23	1	4	3	5	4	2	4	3	3	4	4	3	3	1.043716	1.043716	3.6666667	2	5.0	4.0	4.0	3.5	1.2734919	1.0
	0.0	27	1	2	2	2	4	1	2	3	2	4	2	1	1	0.043715954	2.04803	2.1666667	2	5.0	1.0	3.0	1.0	-0.3446189	1.0
	0.0	25	1	2	2	2	3	2	2									2.1666667	2	4.0	3.0	2.0	2.0	-0.34078503	
	0.0	23	1	4	3	4	4	2	2	5	3	4	4	2	2	2.2571182	2.2571182	3.1666667	2	2.0	2.0	2.0	3.0	0.61231375	1.0
	0.0	31	1	4	4	4	4	2	4									3.6666667	2	1.0	2.0	1.5	2.0	1.2901751	
0.7852508	0.0	23	1	1	1		2	3	1	1	2	4	2	3	1				2	5.0	1.0				
	0.0	24	1	4	4	4	4	3	4									3.8333333	2	8.0	2.0	2.5	2.0	1.464163	
0.70407254	0.0	23	1	3	3	5	3	3	3	3	3	5	3	3	3	3.5556517	3.5556517	3.3333333	2	0.0	0.0	3.0	2.0	0.8735408	1.0
	0.0	32	1	2	3	5	4	1	4									3.1666667	2	0.0	2.0	2.0	2.5	0.79814476	
0.80294305	0.0	32	1	4	4	3	3	1	4	4	5	3	4	2	4	0.55565166	0.55565166	3.1666667	2	1.0	2.0	1.0	1.0	0.7910657	1.0
	0.0	18	1	4	4	5	5		5										1	4.0	2.0				
	0.0	18	1	2		3	4	1	3										2	6.0	1.0	2.5	2.5		
0.9053345	0.0	21	1	2	2	4	2	2	2	2	3	4	2	1	1	0.60051775	0.60051775	2.3333333	2	6.0	3.0	2.0	3.0	-0.20100416	1.0
	0.0	18	1	4	2	1	4	2	1	5	3	5	4	2	4	1.7428818	1.7428818	2.3333333	1	0.0	1.0	4.5	4.0	-0.27734458	1.0
	0.0	22	1	2	2	4	4	2	2	4	1	4	4	1	2	0.39948225	0.39948225	2.6666667	1	7.0	4.0	2.0	2.0	0.1393039	1.0
	0.0	33	1	4	2	4	4	2	2	4	3	4	4	2	2	0.95628405	0.95628405	3.0	2	7.0	3.0	4.0	3.5	0.44066304	1.0
1.3099616	0.0	28	1	3	3	3	3	3	3	4	2	4	2	3	3	2.043716	2.043716	3.0	1	2.0	1.0	3.0	3.0	0.5636059	1.0
	0.0	22	1	4	5	4	4	1	4	3	4	5	4	1	3	0.043715954	0.043715954	3.6666667	2	1.0	1.0	1.5	3.0	1.2878379	1.0
0.7515435	0.0	25	1	4	2	3	1	1	2	1	2	1	2	1	1	1.4443483	1.4443483	2.1666667	2	6.0	2.0	3.0	1.5	-0.39875442	1.0
	0.0	32	1	3	1	5	3	1	4									2.8333333	2	5.0	3.0		1.0	0.43536884	
	0.0	26	1	3	2	2	4	2	4	4	4	3	5	2	3	1.0480299	1.0480299	2.8333333	2	6.0	2.0	2.0	3.0	0.4862592	1.0
	2.0	23	1	4	4	3	4	3											2	2.0	2.0	3.0	2.0		
	0.0	19	1	4	1	3	1	1	1									1.8333334	1	9.0	3.0	4.0	4.0	-0.8235104	
	0.0	20	1	3	3	2	2	2	3	3	1	5	5	1	1	0.44434834	0.44434834	2.5	2	6.0	0.0	3.0	3.0	0.06449655	1.0
0.68462694	0.0	25	1	4	5	4	4	2	4	3	4	2	3	4	3	3.7428818	3.7428818	3.8333333	2	4.0	2.0	4.0	3.5	1.4618258	1.0
	0.0	22	1	1	1	5	5	1	1									2.3333333	2	8.0	2.0	5.0	1.5	-0.28499815	
	0.0	30	1	4	2	3	4	2	3	3	2	4	4	3	3	1.2571182	1.2571182	3.0	2	6.0	2.0	2.0	4.0	0.5388009	1.0
2.2621078	0.0	23	1	4	4	4	5	2	4	3	4	4	4	2	4	0.99281	0.39948225	3.8333333	2	5.0	0.0	2.5	4.0	1.4603292	1.0
	0.0	21	1	4	2	4	3	3	3									3.1666667	2	7.0	2.0	4.0	2.0	0.6976022	
	0.0	27	1	1	2	3	4	1	1									2.0	2	4.0	3.0	1.5	2.0	-0.5934363	
2.2849367	0.0	27	1	4	4	4	3	3	4	4	3	4	4	3	4	0.0480299	0.0480299	3.6666667	2	2.0	2.0	2.5	2.5	1.294009	1.0
1.4114813	0.0	25	0	2	1	2	2	1	1	3	1	4	2	2	2	0.043715954	0.043715954	1.5	2	9.0	4.0	4.5	4.0	-1.109683	1.0
1.7365158	0.0	29	1	5	2	5	4	4	4	5	2	5	5	4	5	1.4443483	1.4443483	4.0	2	7.0	0.0	4.5	4.0	1.6004964	1.0
	0.0	29	1	4	3	5	4	3	5	1	4	2	4	4	2	1.99281	1.99281	4.0	2	1.0	0.0	3.0	1.0	1.700585	1.0
	0.0	23	1	3	2	5	4	2	2	4	2	5	4	1	2	1.9519701	1.9519701	3.0	2	5.0	1.0	1.5	3.5	0.4449509	1.0
0.7911474	0.0	23	1	3	3	3	3	3	3	2	3	3	3	4	2	3.5556517	3.5556517	3.0	2	6.0	1.0	3.0	3.0	0.5636059	1.0
	0.0	26	0	3	2	2	2	4	4									2.8333333	0	5.0	1.0	3.0	3.5	0.49392694	
	0.0	23	1	3	5	4	2	2	3	4	1	4	1	2	4	1.0480299	1.0480299	3.1666667	2	1.0	1.0	1.5	3.0	0.7177329	1.0
	0.0	29	1	4	1	3	5	4	5	5	1	5	5	5	5	1.4443483	1.4443483	3.6666667	2	8.0	1.0	4.5	4.5	1.3914906	1.0
	0.0	20	1	3	3	2	2	2	3									2.5	2	5.0	1.0	2.5	2.5	0.06449655	
0.7383052	0.0	25	1	4	3	3	3	1	2	3	2	2	1	1	1	1.5556517	1.5556517	2.6666667	2	5.0	2.0	2.0	4.0	0.11320439	1.0
	0.0	30	1	5	3	4	4	2	4	2	5	2	3	3	1	3.5556517	3.5556517	3.6666667	0	6.0	1.0	2.0	2.0	1.2692039	1.0
	0.0	27	1	5	4	5	5	2	4									4.1666665	2	3.0	1.0	2.0	2.0	1.7659762	
	0.0	28	1	2	2	4	4	2	3									2.8333333	2	5.0	2.0	3.0	1.5	0.3924092	
	0.0	29	1	4	5	3	2	4	3	2	4	2	2	4	4	1.4443483	1.4443483	3.5	2	9.0	2.0	3.5	3.0	1.0614208	1.0
	0.0	21	1	4	3	1	3	1	2									2.3333333	0	8.0	1.0	3.5	1.0	-0.1967305	
	0.0	31	1	2	3	4	3	2	3									2.8333333	2	0.0	1.0	2.5	1.0	0.39390588	
	0.0	23	1	4	5	5	2	2	3	5	5	4	3	2	4	2.00719	2.00719	3.5	1	3.0	1.0	3.0	2.0	1.0233799	1.0
4.4629507	0.0	21	1	4	2	4	5	2	2	4	2	4	4	2	2	1.9519701	0.39948225	3.1666667	1	7.0	1.0	3.0	2.0	0.6108171	1.0
	0.0	21	1	5	3	4	4	2	2									3.3333333	2	7.0	2.0	3.0	2.5	0.76299334	
	0.0	18	1	2	2	3	2	4	2	2	2	4	3	1	2	0.55565166	0.55565166	2.5	1	3.0	2.0	2.5	4.0	-0.007995796	1.0
	0.0	31	1	4	3	4	4	3	2	5	3	2	4	3	4	2.043716	2.043716	3.3333333	2	0.0	1.0			0.7863017	
1.6521637	0.0	20	1	4	3	4	4	4	2	4	4	4	4	3	4	1.6847858	1.6847858	3.5	1	8.0	3.0	4.0	4.0	0.9602896	1.0
	0.0	20	1	4	2	5	4	2	2									3.1666667	1	7.0	2.0	2.5	1.5	0.59563047	
	0.0	22	1	2	3	4	4	2	3									3.0	2	5.0	2.0	2.0	1.0	0.5640599	
	0.0	29	1	4	2	2	1	2	4	4	3	3	2	2	2	1.00719	1.00719	2.5	1	5.0	3.0	3.5	3.0	0.12647666	1.0
	0.0	24	1	3	1	2	2	1	2	2	2	2	2	2	2	1.7428818	0.31521416	1.8333334	2	5.0	1.0	2.0	1.5	-0.7058981	1.0
0.8461034	0.0	31	1	1	1	2	3	1	1	2	1	2	1	1	2	0.043715954	1.5556517	1.5	2	9.0	3.0	4.5	1.0	-1.0902085	1.0
0.8324335	0.0	27	1	2	2	5	4	1	1	2	1	3	4	2	1	2.2571182	2.2571182	2.5	2	7.0	4.0	4.0	4.0	-0.13282187	1.0
1.7915808	0.0	23	1	3	3	3	3	3	3	3	3	3	3	3	3	2.5556517	2.5556517	3.0	2	6.0	1.0	3.0	3.0	0.5636059	1.0
	0.0	26	1	4	3	4	4	1	3	3	2	3	2	1	2	2.95197	2.95197	3.1666667	2	5.0	1.0	3.0	3.0	0.69143116	1.0
	0.0	24	0	4	4	4	4	3	1	1	2	2	3	3	1	4.04803	6.3994823	3.3333333	2	6.0	1.0	3.5	2.5	0.7048471	1.0
	0.0	34	1	3	5	3	3	4	4	2	5	2	2	4	3	0.55565166	0.55565166	3.6666667	1	5.0	0.0	3.0	2.0	1.3340006	1.0
0.6192295	0.0	23	1	4	4	4	4	2	4	4	5	4	2	2	4	1.0480299	1.0480299	3.6666667	2	5.0	2.0	1.5	2.0	1.2901751	1.0
4.6121893	0.0	18	1	3	2	4	2	2	2	5	2	4	4	1	2	0.9519701	0.9519701	2.5	1	5.0	0.0	2.5	4.0	-0.050324596	1.0
	0.0	18	1	2	3	2	4	1	2									2.3333333	1	2.0	1.0	1.0	2.0	-0.17296816	
	0.0	23	1	4	4	2	4	4	4	4	4	4	4	5	4			3.6666667	2	5.0	1.0	2.5	2.0	1.3282161	
	0.0	25	1	4	2	5	2	3	3	4	2	5	4	1	4			3.1666667	2	7.0	3.0	3.5		0.6824156	
0.71905756	0.0	22	1	2	3	4	3	2	2	2	2	1	2	1	2	2.6847858	2.6847858	2.6666667	2	5.0	2.0	2.5	2.0	0.1408006	1.0
	0.0	34	1	4	3	3	5	5	4	4	3	4	5	4	4	0.44434834	0.44434834	4.0	2	2.0	4.0	1.5	1.0	1.6556747	1.0
	0.0	31	1	4	1	3	4	1	2	2	2	1	3	1	3	0.043715954	0.043715954	2.5	2	2.0	2.0	2.0	2.5	-0.05994304	1.0
	0.0	30	1	2	2	2	2	1	2	2	1	4	3	1	1	0.043715954	0.043715954	1.8333334	2	1.0	2.0	3.0	1.0	-0.684927	1.0
	0.0	20	1	2	2	4	2	4	2	3	2	4	2	2	3	3.95197	1.6005177	2.6666667	2	7.0	3.0	2.0	2.5	0.14697164	1.0
	0.0	27	1	4	3	4	2	1	3	3	4	4	3	2	4	3.5556517	0.31521416	2.8333333	2	2.0	1.0	1.5	1.0	0.3511231	1.0
	0.0	24	0	4	4	3	4	2	4	3	4	4	4	2	4	1.2571182	1.2571182	3.5	2	6.0	3.0	3.0	3.0	1.1352077	1.0
	0.0	34	1	4	3	5	4	2	3									3.5	1	6.0	1.0	2.0	1.0	1.0203865	
	0.0	18	1	1	4	3	4	2	3									2.8333333	1	2.0	1.0	2.0	3.5	0.43006364	
	0.0	34	1	2	1	1	1	1	1	2	1	1	1	1	1	1.7428818	1.7428818	1.1666666	2	6.0	1.0	2.5	1.0	-1.4348044	1.0
	0.0	23	1	2	2	3	4	1	2									2.3333333	2	7.0	1.0	4.0	3.5	-0.18965146	
	0.0	21	1	4	3	2	3	2	2									2.6666667	2	2.0	1.0	2.0	2.0	0.13222486	
	0.0	20	1	5	5		2	2	3										1	2.0	0.0	3.5	2.0		
	0.0	26	1	3	4	4	3	2	3									3.1666667	1	3.0	1.0	2.5		0.7162362	
	0.0	18	1	2	2	4	3	2	3	2	2	4	4	2	2	0.60051775	0.60051775	2.6666667	0	5.0	1.0			0.22225516	
	0.0	18	1	5	5	3	5	1	4									3.8333333	1	7.0	1.0	4.5	4.0	1.4537041	
	0.0	34	1	4	4	5	3	2	4									3.6666667	2	1.0	2.0	2.0	1.5	1.2749885	
	0.0	24	0	3	3	2	3	3	3	3	3	3	4	3	3	3.5556517	3.5556517	2.8333333	2	3.0	1.0	3.5	4.0	0.40863848	1.0
	0.0	18	1		3		3	3	3	1		2	3		3	1.4443483	1.4443483		0	7.0	2.0	3.5	2.5		
	0.0	27	1	2	1	2	4	1	2									2.0	2	6.0	3.0	3.5	2.5	-0.5162696	
3.8561118	0.0	31	1	4	2	4	3	2	3	4	4	2	3	3	3	1.043716	1.043716	3.0	1	5.0	3.0	2.0	2.0	0.5236143	1.0
1.3031489	0.0	32	1	3	4	3	4	2	2	4	4	3	4	3	4	5.043716	5.043716	3.0	1	3.0	2.0	3.0	2.5	0.4783175	1.0
	0.0	19	0	1	1	1	1	1	1									1.0	1	9.0	2.0	5.0	1.5	-1.585484	
5.7823834	0.0	27	1	4	3	3	4	3	3	4	3	3	3	2	3	1.4443483	1.4443483	3.3333333	0	8.0	0.0	3.5	3.0	0.8844395	1.0
	0.0	21	1	4	4	4	3	4	4	5	4	4	3	4	4	3.99281	3.99281	3.8333333	2	1.0	1.0	1.0	2.0	1.4679968	1.0
	2.0	34	1	4	3	3	3	3	3									3.1666667	2	5.0	0.0		3.0	0.7142855	
	0.0	23	1	2	2	4	2	2	2	4	3	4	2	1	4	3.3152142	0.60051775	2.3333333	2	5.0	1.0	3.0	3.5	-0.20100416	1.0
	0.0	33	1	4	3	4	4	2	2									3.1666667	2	5.0	3.0	2.0	2.0	0.61231375	
	0.0	21	1	3	3	4	3	1	3									2.8333333	2	5.0	1.0		2.5	0.37059754	
	0.0	26	1	3	5	5	3	4	5	5	5	5	1	3	5			4.1666665	1	0.0	0.0	1.0	1.0	1.8970407	
	0.0	28	0	4	5	3	2	4	3	2	3	4	2	1	3	5.9928102	0.55565166	3.5	0	6.0	1.0	2.5	2.5	1.0614208	1.0
	0.0	19	0	5	1	1	2		1										1	7.0	2.0	4.0	5.0		
	0.0	21	1	2	1	4	3	2	2									2.3333333	2	2.0	2.0	1.0	1.0	-0.20250086	
	0.0	18	1	2	5	2	2	2	2	3	1	2	3	1	2	0.99281	0.99281	2.5	2	9.0	3.0	4.0	1.5	0.004013138	1.0
2.3065538	0.0	31	1	4	4	4	2	2	3	4	5	4	2	2	2	0.31521416	0.31521416	3.1666667	2	3.0	1.0	2.5	3.0	0.6967617	1.0
	0.0	23	1	5	2	3	4	1	2									2.8333333	2	7.0	2.0	2.0	1.0	0.26238728	
	0.0	21	1	2	5	2	5	1	3									3.0	1	1.0	2.0	1.5	2.0	0.59359264	
	0.0	23	1	3	3	4	4	1	2	4	3	4	3	2	2	0.043715954	0.043715954	2.8333333	2	7.0	1.0	2.5		0.2876463	
	0.0	22	0	4	4	4	3	2	3	3	4	3	2	3	2	0.55565166	0.55565166	3.3333333	2	3.0	2.0	2.5	4.0	0.86691576	1.0
	0.0	21	1	3	5	3		3	3										2	5.0	1.0				
	0.0	29	1	4	4	4	3	1	2	4	3	5	3	1	2			3.0	0	0.0	0.0	1.5	3.0	0.43982255	
0.7682104	0.0	21	1	4	2	4	2	2	4	4	2	3	3	2	4	0.44434834	0.44434834	3.0	2	7.0	1.0	3.5	1.0	0.6065656	1.0
	0.0	19	0	4	2	4	5	2	3	4	3	4	5	2	4			3.3333333	1	6.0	3.0		3.0	0.86392236	
0.37026733	0.0	68	0	1	2	2	3	1	5	1	1	5	4	1	4	1.171185	1.171185	2.3333333	2	0.0	0.0	1.0	1.0	0.09386339	1.0
	0.0	71	0		2			2	3	1	3	3	2	5	3	0.8319135	0.8319135		1	0.0	2.0	2.0	1.5		
0.7529148	0.0	68	0	2	2	1	3	1	4	2	2	1	1	2	1			2.1666667	1	10.0	2.0	2.0	1.0	-0.16352977	
	0.0	64	1	1	3	3	1	1	3									2.0	2	7.0	2.0	1.0	1.5	-0.4260371	
	0.0	66	1	1	2	1	2	1	1	1	2	1	4	2	2			1.3333334	2	8.0	1.0	2.0	2.0	-1.2436793	
0.25137287	0.0	67	1		2	2	1	2	3	2	2	1	4	2	4				2	6.0	2.0	3.0	3.0		
0.994769	0.0	61	1	1	1	1	1	1	2	1	1	1	3	1	1			1.1666666	1	6.0	2.0	4.0	4.0	-1.3323787	
	0.0	63	1	3	5	1	4	5	1	1	1	2	3	2	1		0.8319135	3.1666667	2	8.0	2.0	2.0	2.5	0.6088918	
0.51825285	0.0	66	1		5	1	1	3	5		1	1	1	3	1				1	0.0	1.0	1.0	1.0		
0.99436396	0.0	70	0	1	2	1	1	3	2	1	2	4	2	3	2			1.6666666	2	8.0	2.0	4.0	1.0	-0.8127522	
1.6948559	1.0	62	0	3	2	1	3	2	3	2	2	2	2	2	2	1.8319135	1.8319135	2.3333333	1	7.0	1.0	4.0	3.5	-0.09196759	1.0
1.460269	0.0	61	0	1	2		3	2	3	1	2	2	2	3	1	1.257165	0.39852834		1	5.0	2.0	1.0	2.0		
0.96814835	0.0	47	0	1	1	2	2	2	2	1	1	2	1	2	2			1.6666666	2	6.0	3.0	1.0	2.0	-0.83326936	
	0.0	68	0	2	2	1	1	1	4									1.8333334	2	7.0	3.0	2.5	2.0	-0.5038378	
0.48362172	0.0	70	1	3	3	4	5	2	3	1	2	5	4	2	1			3.3333333	1	7.0	4.0	2.5	1.5	0.88489354	
0.2544349	0.0	67	1	1	1	1	1	1	2	2	1	1	3	2	1	0.8319135	0.8319135	1.1666666	2	7.0	3.0	3.0	3.0	-1.3323787	1.0
4.977837	2.0	57	0	1	1	1	1	2	1	1	1	1	1	3	1			1.1666666	0	9.0	2.0	2.5	1.0	-1.4114962	
	0.0	63	0	2	3	1	3	2	4	1	2		1	1	4	2.8319135	2.8319135	2.5	2	5.0	2.0	3.0	1.0	0.18210886	1.0
0.3908377	0.0	66	0	2	1	2	2	5	1	1	1	1	1	3	1			2.1666667	2	10.0	2.0	5.0	5.0	-0.41373137	
	0.0	60	1	2	2	2	2	2	2									2.0	0	8.0	2.0	4.0	2.5	-0.51093906	
0.4463427	0.0	84	0	1	1	1	4	1	1	1	3		1	1	4	2.8319135	2.8319135	1.5	2	10.0	2.0	4.0	4.5	-1.075022	1.0
	1.0	70	0	4	4	3	3	3	4	4	4	3	3	2	3	0.8319135	0.8319135	3.5	1	7.0	1.0	2.5	1.5	1.1390415	1.0
	1.0	59	1	2	2	3	2	3	2	3	1	2	2	3	2	0.8319135	0.8319135	2.3333333	2	7.0	1.0	1.5	2.0	-0.18198371	1.0
	0.0	66	1	1	4	2	3	2	4									2.6666667	2	4.0	1.0	1.0	1.0	0.35804746	
	0.0	74	1	1	1	1	1	1	1	1	1	1	1	1	3			1.0	2	7.0	2.0	2.5	3.5	-1.585484	
1.9013572	0.0	63	0	2	2	2	3	3	2	1	2	2	4	2	2	1.7811775	1.7811775	2.3333333	2	9.0	3.0	3.5	4.5	-0.16679712	1.0
	0.0	61	1	1	2	5	2	2	2									2.3333333	1	7.0	2.0	4.0	2.5	-0.1967163	
0.6922163	0.0	73	1	2	2	2	1	2	3	2	1	1	1	2	1			2.0	2	6.0	2.0	3.0	2.0	-0.42798778	
	0.0	80	0	1	2	1	3	1	3	1	1	1	2	1	4			1.8333334	2	4.0	3.0	1.0	1.0	-0.5673146	
	0.0	81	0	1	2	2	3	3	2	1	2	3	2	2	2	1.2188225	1.2188225	2.1666667	0	5.0	1.0		1.5	-0.3174767	
	0.0	71	1	1	2	3	1	2	4									2.1666667	0	5.0	1.0	1.0	1.5	-0.17059462	
	1.0	38	0	5	5	4	5	4	5									4.6666665	2	5.0	3.0	4.0	1.0	2.3837404	
0.3852203	0.0	65	0	1	1	1	2	1	2	1	2	1	2	1	2	1.8319135	1.8319135	1.3333334	2	7.0	2.0	4.0	1.0	-1.1622247	1.0
	0.0	78	0	1	1	1	1	1	1	1	1	1	1	1	1			1.0	2	10.0	3.0	4.0	3.5	-1.585484	
0.3489406	0.0	81	0	1	2	1		2	1	2	3	3	3	3	3				2	5.0	2.0				
0.50619096	0.0	56	1	1	1	1	4	3	2	2	2	1	3	2	1	0.16808653	0.16808653	2.0	2	5.0	2.0	1.0	1.5	-0.47394082	1.0
	0.0	68	0	3	1	1	4	1	1	1	1	1	3	1	1			1.8333334	2	5.0	1.0	2.5	3.0	-0.7736628	
0.24429192	0.0	67	1	2	2	3	3	3	3	3	2	2	3	2	1	2.1680865	2.1680865	2.6666667	2	7.0	2.0	3.0	3.5	0.24127562	1.0
	0.0	67	1	2	2	2	4	3	3	2	2	3	4	3	3			2.6666667	2	5.0	1.0			0.25646222	
	0.0	74	0	1	2	1	3	4	3	1	2	1	3	5	4	1.8319135	3.7811775	2.3333333	2	5.0	2.0	2.5	2.5	-0.04535092	1.0
	0.0	62	0	1	2	4	4	2	2	2	1	2	2	4	1			2.5	2	9.0	2.0	4.0	4.0	-0.011375676	
0.4466589	0.0	70	0	2	2	2	2	4	5	2	1	1	2	2	1			2.8333333	2	2.0	1.0	1.5	1.0	0.59635264	
0.39282733	0.0	72	0	1	2	1	2	3	1	2	2	2	3	3	2			1.6666666	2	4.0	2.0	2.0	3.5	-0.89570343	
2.4624681	2.0	46	0	3	2	3	4	3	3	3	3	3	3	3	3	0.17118502	0.17118502	3.0	1	5.0	1.0	3.0	3.0	0.56210923	1.0
	0.0	40	1	1	5	3	5	3	3	1	3	3	3	3	3			3.3333333	2	1.0	2.0	2.0	3.0	0.94585633	
	0.0	77	1	2	1	2	3	2	1	2	4	1	2	2	2			1.8333334	1	6.0	2.0	1.5	3.0	-0.765541	
	0.0	77	0	4	2	3	3	1	2									2.5	0	7.0	1.0	3.0	1.0	-0.05844634	
	0.0	77	0	1	1	1	3	1	1	1	1	1	4	1	4			1.3333334	2	8.0	3.0	3.0	1.0	-1.245176	
	0.0	55	1	3	1		3	3	2		2	4	2	3	3	1.6014717	1.6014717		2	10.0	1.0	3.5	1.0		
0.72860813	0.0	71	0	4	5	1	3	2	2	4	3		2	2	4			2.8333333	1	3.0	2.0	4.5	1.0	0.32055888	
	0.0	58	0	5	1	1	1	1	1									1.6666666	0	8.0	1.0	3.0	3.5	-0.98276573	
3.127764	0.0	43	1	4	5	4	3	4	2	4	4	4		4	4	1.3342371	1.828815	3.6666667	1	2.0	1.0	1.5	1.0	1.133437	1.0
	0.0	66	0	2	2	1	1	1	1	2	2	1	4	2	1	2.1680865	2.1680865	1.3333334	2	5.0	2.0	2.5	1.5	-1.2631537	1.0
	0.0	83	0	1	2	2	2	1	1									1.5	2	8.0	2.0	4.0	4.0	-1.0887119	
	0.0	68	1	1	3	4	5	2	4	1	3	1	3	2	3			3.1666667	2	1.0	1.0	1.0	1.0	0.8366397	
	0.0	59	1	4	2	3	3	3	1	5	1	2	2	3	1			2.6666667	2	2.0	2.0	1.0	2.0	0.036424175	
0.73804444	0.0	65	0	3	2	3	3	3	3	2	2	1	3	2	2		2.1680865	2.8333333	1	3.0	2.0	1.0	1.5	0.3919552	
0.3650713	1.0	65	1	1	2	1	1	3	4		2	1	3	2	3			2.0	2	7.0	0.0	1.5	1.0	-0.3065416	
	1.0	72	1	2	2	2	2	2	2	2	2	1	1	2	3	0.21882248	2.1680865	2.0	2	1.0	2.0		1.0	-0.51093906	
0.6766946	0.0	80	0	1	2	2	2	2	3	1	2	2	3	1	1			2.0	1	8.0	3.0	1.0	3.0	-0.40851334	
	0.0	57	0	3	2	3	2	4	2	4	2	2	3	2	3			2.6666667	0	9.0	1.0	3.5	3.0	0.14268377	
	0.0	70	0	1	1	2	4	2	2	3	1	1	1	2	2	1.1680865	1.1680865	2.0	1	7.0	1.0	2.5	3.5	-0.4929613	1.0
1.4189004	0.0	61	1	3	2	3	3	3	3	4	2	3	3	3	4			2.8333333	2	0.0	0.0	2.0	1.5	0.3919552	
	0.0	40	0	5	5	5	1	5	4	4	5	4	5		5	0.21882248	0.21882248	4.1666665	1	0.0	1.0	2.0	1.5	1.7789744	1.0
0.9904679	0.0	44	0	4	1	5	4	2	2	2	1	2	4	2	3	7.828815	4.7811775	3.0	2	8.0	1.0	4.5	5.0	0.42397976	1.0
	0.0	59	0	1	1	1	1	1	1	1	1	1	1	1	1		0.16808653	1.0	2	10.0	1.0	3.5	3.5	-1.585484	
	0.0	43	0	1	1	1	1	1	1	1	1	1	2	2	1	0.7811775	0.7811775	1.0	2	10.0	2.0	5.0	5.0	-1.585484	1.0
1.4906417	0.0	57	1	4	3	3	3	2	3	4	1	2	4	2	5	2.8319135		3.0	2	6.0	0.0	3.0	4.0	0.54029757	1.0
1.0394278	0.0	65	0	3	1	1	1	4	2	2	4	2	2	3	2			2.0	2	4.0	2.0	1.5	1.0	-0.50905585	
	0.0	59	1	2	2	2	4	3	3		2	1	4		1			2.6666667	2	8.0	1.0		1.0	0.25646222	
1.8083009	1.0	66	1	2	1	1	4	3	1	3	2	2	2	4	1			2.0	0	8.0	1.0	3.5	4.0	-0.57636654	
	0.0	40	0	4	2	2	2	3	2									2.5	2	8.0	2.0	4.5	3.0	-0.035592	
	0.0	38	0	3	2	3	3	3	1	3	2	4	2		4	4.7811775	6.398528	2.5	2	8.0	1.0			-0.1142554	
	0.0	68	0	1	2	1	2	3	1	1	2	3	2	3	2	1.8319135	1.8319135	1.6666666	2	6.0	2.0	3.5	3.5	-0.89570343	1.0
0.35677782	0.0	71	0	3	2	2	3	2	2	3	2	2	3	3	3	1.8319135	1.8319135	2.3333333	2	5.0	3.0	4.0	3.0	-0.19010545	1.0
	0.0	65	0	2	1	2	5	2	5									2.8333333	2	0.0	2.0		2.0	0.5871882	
	1.0	67	1	1	2	3	3	1	4									2.3333333	2	5.0	1.0	1.0	1.0	-0.0042744637	
	2.0	55	1	3	4	3	3	3	3									3.1666667	1	2.0	1.0		1.0	0.7352567	
	1.0	62	1	2	2	4	3	3	3	3	2	4	3	3	2	2.1680865	2.1680865	2.8333333	2	4.0	3.0	2.0	2.0	0.39624307	1.0
	1.0	72	1	4	4	4	5	4	5	5	5	4	5	5	5	2.828815	2.828815	4.3333335	0	1.0	1.0		1.0	2.0614102	
	1.0	56	0	1	1	3	2	3	2									2.0	0	7.0	1.0	4.0	1.0	-0.504314	
	1.0	51	1	3	5	5	4	3	3									3.8333333	2	4.0	2.0	1.0	3.0	1.3869963	
0.4153412	1.0	72	1	2	2	1	2	2	2	2	1	2	2	2	2	2.2188225	0.60147166	1.8333334	2	8.0	3.0	3.5	3.5	-0.6659065	1.0
1.6010251	0.0	58	1	2	1	2	2	2	2	1	1	4	2	2	1	1.3985283	1.3985283	1.8333334	2	10.0	4.0		1.0	-0.68258977	
	1.0	39	1	2	1	4	4	3	3									2.8333333	1	0.0	1.0	2.0	2.0	0.39474636	
	1.0	55	1	2	3	2	3	3	2	4	3	2	2	3	3	2.828815	2.828815	2.5	0	0.0	2.0	2.0	1.0	0.004853618	1.0
	0.0	78	1		2	1	1	1	4	1	1	1	1	1	1	0.21882248	0.21882248		1	8.0	2.0	1.5	1.0		
5.7823834	0.0	66	0	3	4	2	3	2	4	3	4	3	4	2	3			3.0	0	0.0	1.0	1.0	1.5	0.6594066	
	2.0	64	0	2	4	1	3	2	2	3	1	1	2	4	2	0.7811775	0.7811775	2.3333333	2	6.0	3.0	2.5	1.0	-0.152451	1.0
	0.0	57	1	3	2	2	2	3	2									2.3333333	1	3.0	0.0	2.0	2.0	-0.18627158	
	1.0	42	0	3	2	2	3	1	3									2.3333333	2	2.0	1.0			-0.11098806	
	1.0	70	1	1	1	1	1	1	1									1.0	2	10.0	3.0	2.5	2.5	-1.585484	
	1.0	76	0	1	1	1	1	1	1	1	1	2	2	1	1	1.6014717	1.6014717	1.0	2	8.0	3.0	4.0	3.5	-1.585484	1.0
	2.0	42	0	4	4	3	4	4	3	5	4	4	4	3	4	2.171185	2.171185	3.6666667	1	4.0	2.0	1.5	1.5	1.2300782	1.0
	1.0	66	0	3	2	2	2	1	2	4	2	1	2	3	4		4.7811775	2.0	0	7.0	1.0	4.0	1.0	-0.5342474	
0.3175832	1.0	73	0	3	3	3	3	3	3	3	2	1	4	2	3			3.0	2	7.0	2.0		1.0	0.5636059	
	1.0	59	0	4	3	4	2	1	2									2.6666667	1	0.0	2.0	1.0	1.0	0.0980178	
	1.0	51	0	1	1	2	1	4	4									2.1666667	1	10.0	4.0	4.0	1.5	-0.14923698	
	1.0	61	0	3	1	3	4	3	4									3.0	1	8.0	3.0	3.0	1.0	0.6435638	
	1.0	65	0	1	1	2	2	3	3									2.0	1	1.0	2.0	3.5	3.5	-0.40617615	
	1.0	61	0	4	2	1	4	1	2									2.3333333	2	8.0	2.0	4.0	2.0	-0.1982272	
	1.0	64	1	3	4	3	3	3	3	3	2	3	1	3	3	2.334237	2.334237	3.1666667	0	2.0	2.0	2.0	1.0	0.7352567	1.0
	2.0	50	1	1	2	4	1	2	1	2	1	2	2	2	2	0.16808653	0.16808653	1.8333334	1	4.0	3.0	2.5	1.5	-0.77494305	1.0
	1.0	49	1	4	4	4	2	3	3	4	4	4	3	2	3	2.828815	2.828815	3.3333333	1	5.0	1.0	2.0	1.0	0.87074965	1.0
	1.0	62	1	4	2	1	2	1	1	2	2	1	1	2	1	0.6657629	3.2188225	1.8333334	0	2.0	2.0	2.0	1.0	-0.7916406	1.0
	1.0	59	1	3	1	4	4	4	3									3.1666667	0	0.0	0.0		1.0	0.7194139	
	2.0	43	1	5	5	5	5	5	5	4	3	3	3	4	2	0.21882248	0.21882248	5.0	2	3.0	3.0	2.5	1.0	2.7126958	1.0
	1.0	45	1	4	4	4	3	1	1									2.8333333	1	0.0	2.0		1.5	0.18671726	
	1.0	28	1	4	4	4	4	4	4									4.0	1	0.0	2.0			1.6381509	
	1.0	36	0	5	3	4	4	3	3									3.6666667	1	7.0	2.0	3.5	1.0	1.1900866	
	1.0	39	1	2	4	2	1	3	4	2	4	1	2	2	3	1.828815	1.828815	2.6666667	1	3.0	1.0	1.0	1.0	0.34240687	1.0
	1.0	27	1	4	3	4	3	4	4									3.6666667	0	4.0	1.0	3.0		1.2963462	
	2.0	50	0	4	2	2	3	3	4									3.0	2	5.0	0.0	1.0	1.0	0.64077264	
	1.0	37	0	2	2	3	1	3	4									2.5	2	2.0	3.0	1.0	1.0	0.15407285	
	2.0	28	0	4	3	5	4	3	2									3.5	2	7.0	1.0	4.0	4.0	0.9412691	
	1.0	59	0	2		3	4												0	1.0	0.0		1.0		
0.7814786	2.0	40	0	3	2	3	4	2	3	3	2	2	4	2	2	0.3342371	0.3342371	2.8333333	2	6.0	2.0	3.5	1.5	0.38812134	1.0
	1.0	56	1	3	2	4	4	2	3									3.0	2	6.0	1.0	3.0	2.0	0.54308873	
	1.0	48	0	4	3	5	4	2	4									3.6666667	1	2.0	1.0	2.5	2.0	1.2734919	
	1.0	22	1	5	4	5	4	4	5									4.5	2	6.0	1.0	1.5	2.0	2.1969032	
	1.0	45	0	3	5	2	1	1	4									2.6666667	2	6.0	2.0	3.0	1.0	0.31676137	
0.804341	0.0	55	0	3	1	1	1	1	1	3	1	1	1	1	3	1.4443483	1.4443483	1.3333334	2	10.0	2.0	5.0	3.0	-1.2841249	1.0
1.4034395	0.0	55	0	1	1	3	4	1	2	1	1	2	4	1	2	1.6847858	1.6847858	2.0	1	6.0	2.0	1.5	1.5	-0.5119817	1.0
0.57335633	0.0	44	1	2	2	3	3	4	2	2	2	3	3	2	1	0.9519701	0.9519701	2.6666667	2	6.0	2.0	2.5	3.0	0.16215824	1.0
0.5888202	0.0	50	1	3	2	2	1	1	2	3	2	2	2	2	2	1.7428818	1.7428818	1.8333334	2	3.0	2.0	1.0	1.0	-0.70440143	1.0
	0.0	51	0	2	2	2	2	2	2									2.0	2	7.0	2.0	3.5	1.5	-0.51093906	
0.64944136	0.0	51	1	2	2	3	3	3	2	2	2	2	3	3	4	1.3994823	1.3994823	2.5	2	9.0	4.0	4.0	4.0	-0.0118296705	1.0
	0.0	45	1	4	4	3	4	2	2									3.1666667	1	5.0	3.0	1.5	1.0	0.628997	
	0.0	48	1	2	3	3	1	1	1	2	2	2	2	1	2	0.0480299	0.0480299	1.8333334	2	9.0	3.0	4.0	2.0	-0.7815681	1.0
	0.0	46	1	3	2	4	3	2	4	3	3	2	2	2	2	2.043716	2.043716	3.0	1	7.0	2.0			0.62604004	
	0.0	51	1	2	2	3	5	1	2	3	3	2	4	4	4	0.95628405	0.95628405	2.5	1	5.0	1.0	1.5	1.0	-0.01949742	1.0
	0.0	50	1	1	1	1	1	1	1	2	1	1	1	1	1	0.31521416	0.31521416	1.0	2	8.0	3.0	5.0	3.0	-1.585484	1.0
0.51418495	0.0	54	1	2	2	2	5	2	1	1	2	2	3	2	2	2.043716	2.043716	2.3333333	2	5.0	2.0	2.5	3.0	-0.25358224	1.0
2.8055315	0.0	49	1	2	2	2	2	2	2	3	2	4	3	2	2	0.9519701	0.9519701	2.0	1	7.0	3.0	3.0	4.0	-0.51093906	1.0
	0.0	55	1	1	1	1	3	1	2	1	2	2	3	2	3	0.0480299	0.0480299	1.5	2	7.0	4.0	2.5	2.0	-0.9920707	1.0
0.52317315	0.0	51	1	2	1	2	3	1	1	1	1		1	1	2	0.95628405	0.55565166	1.6666666	2	8.0	2.0	3.0	2.0	-0.93952894	1.0
	0.0	46	1	4	3	4	5	3	3	3	3	3	3	3	3			3.6666667	2	0.0	2.0	2.0	1.0	1.209561	
	0.0	55	1	1	1	3	3	1	2									1.8333334	2	7.0	3.0	3.5	2.0	-0.68213576	
	0.0	44	1	1	2	4	3	1	2	2	2	4	3	1	2	0.39948225	1.9519701	2.1666667	2	1.0	3.0		2.5	-0.35551763	
	0.0	53	1	1	1	2	3	1	1	1	1	4	3	4	1	0.95628405	3.04803	1.5	1	8.0	4.0	2.0	2.0	-1.0902085	1.0
	0.0	50	1	2	2	4	2	1	1	2	1	1	3	1	1	0.043715954	0.043715954	2.0	2	3.0	1.0	2.0	1.0	-0.62809736	1.0
	0.0	34	1	4	3	2	4	2	4									3.1666667	1	3.0	2.0	3.5	1.5	0.80858946	
0.7343777	0.0	40	1	2	3	4	4	2	2	2	3	4	3	1	2	1.7428818	1.7428818	2.8333333	2	6.0	2.0	1.0	1.0	0.31095463	1.0
0.6223287	0.0	51	1	3	3	3	2	2	3	3	2	2	1	1	1	1.2571182	1.2571182	2.6666667	2	5.0	4.0	3.0	3.0	0.21946399	1.0
0.68089724	0.0	40	1	3	3	3	4	1	3	4	3	3	4	2	2	1.5556517	1.5556517	2.8333333	2	4.0	2.0	1.0	1.0	0.38578415	1.0
0.6709777	0.0	50	1	1	3	4	3	1	2	1	2	5	1	1	2	1.9519701	1.9519701	2.3333333	2	4.0	4.0	2.0	2.0	-0.18386689	1.0
0.51658154	0.0	53	1	3	1	3	2	1	1	3	1	3	1	1	1	0.95628405	0.95628405	1.8333334	2	9.0	1.0	4.0	2.5	-0.80403596	1.0
	0.0	38	0	1	3	1	3	2	1									1.8333334	1	5.0	4.0	2.0	3.0	-0.7278866	
	0.0	35	1	4	4	2	4	4	4									3.6666667	2	1.0	1.0	1.5	4.0	1.3282161	
0.5457001	0.0	51	1	4	3	1	3	1	1	4	2	4	5	1	3	0.95628405	0.95628405	2.1666667	2	2.0	1.0	1.0	1.0	-0.44983578	1.0
2.3050466	0.0	43	0	4	2	3	3	5	3	3	2	4	3	2	3	1.2571182	1.2571182	3.3333333	2	9.0	3.0	3.0	2.5	0.8906106	1.0
	0.0	52	0	1	1	2	1	1	5									1.8333334	2	7.0	3.0	4.0	3.5	-0.4180954	
	0.0	48	0	1	1	2	2	1	1	3	1	2	1	1	1	0.68478584	0.68478584	1.3333334	2	9.0	4.0	4.0	4.0	-1.2603625	1.0
0.83469117	0.0	36	0	1	2	1	1	1	2	4	2	4	4	4	2	0.68478584	1.0480299	1.3333334	2	6.0	2.0	4.5	1.0	-1.160728	1.0
0.8213196	0.0	46	0	3	2	4	3	1	3	2	2	4	4	1	3	0.95628405	0.95628405	2.6666667	2	8.0	2.0	4.0	3.0	0.19894682	1.0
	0.0	35	0	4	2	5	4	2	2	3	2	4	2	1	1	1.5556517	1.5556517	3.1666667	2	7.0	4.0	1.5	1.5	0.59563047	1.0
0.74415255	0.0	53	0	2	2	5	4	2	2	1	2	4	2	1	1	0.60051775	0.60051775	2.8333333	2	7.0	4.0	3.5	2.0	0.29427135	1.0
0.53600144	0.0	53	1	2	1	1	1	1	1	2	1	1	3	3	1	0.043715954	1.5556517	1.1666666	2	7.0	2.0	2.5	2.0	-1.4348044	1.0
	0.0	49	0	2	1	2	4	1	1	3	2	2	4	2	2	0.95628405	3.04803	1.8333334	2	8.0	3.0	4.0	3.0	-0.7693749	1.0
	0.0	43	0	2	3	2	4	3	4	4	5	4	2	2	4	1.5556517	1.5556517	3.0	2	5.0	2.0	3.5	3.0	0.68121827	1.0
0.76988715	0.0	45	0	1	2	3	4	1	2	1	2	4	4	1	2	0.0480299	0.0480299	2.1666667	2	7.0	4.0	2.5	3.0	-0.34033102	1.0
0.8734504	0.0	40	0	4	3	3	4	1	3	4	3	4	4	2	3	0.043715954	0.043715954	3.0	2	6.0	4.0	4.5	3.0	0.53646374	1.0
	0.0	37	1	3	3	5	4	1	2	4		5	4	2	3	0.39948225	0.39948225	3.0	2	4.0	2.0	1.0	1.0	0.44261372	1.0
0.5614869	0.0	51	1	2	1	1	2	1	1	2	1	2	2	1	2	0.95628405	0.95628405	1.3333334	2	9.0	3.0	4.0	2.0	-1.2646505	1.0
	0.0	44	0	4	2	2	3	1	2									2.3333333	1	6.0	0.0	2.5	3.5	-0.21341379	
0.8154152	0.0	45	0	1	2	2	2	1	2	2	1	2	4	2	1	1.956284	1.956284	1.6666666	2	8.0	2.0	3.5	4.0	-0.8356065	1.0
0.5514623	0.0	48	1	2	2	4	3	1	5	1	2	3	4	2	2	0.55565166	0.55565166	2.8333333	2	4.0	4.0	2.0	2.0	0.5544779	1.0
	0.0	40	0	2	1	4	3	2	1									2.1666667	1	9.0	2.0		1.0	-0.45560616	
1.9197047	0.0	38	1	2	2	3	4	2	3	2	2	4	3	2	2			2.6666667	2	5.0	2.0	3.5	2.0	0.23744175	
1.4573826	0.0	55	1	2	2	2	3	1	4	1	1	4	1	1	1	0.44434834	0.44434834	2.3333333	2	4.0	1.0	1.0	3.0	-0.008562333	1.0
	0.0	53	0	1	1	3	1	1	1									1.3333334	2	10.0	4.0	5.0	3.5	-1.2755492	
1.6137176	0.0	54	0	1	1	3	2	1	1	1	1	1	1	1	1	0.7428818	0.7428818	1.5	1	8.0	3.0	3.0	3.0	-1.1053951	1.0
1.0138897	0.0	36	0	2	2	2	3	1	3	2	2	4	3	1	2			2.1666667	2	1.0	4.0	2.0	4.0	-0.26166764	
	0.0	54	1	2	2	3	3	2	4	1	2	3	3	2	2	1.5556517	0.043715954	2.6666667	2	2.0	2.0	1.5	2.5	0.32039303	1.0
1.4145317	2.0	51	1	1	2	2	2	1	2	1	1	2	3	1	2	1.5556517	1.5556517	1.6666666	2	8.0	3.0	4.0	1.0	-0.8356065	1.0
0.48801303	0.0	53	1	4	2	3	3	2	2	4	2	3	2	2	3	1.043716	2.5556517	2.6666667	2	3.0	3.0	1.0	1.0	0.11554156	1.0
	0.0	48	1	3	2	4	3	1	2									2.5	2	5.0	3.0	2.5	1.5	-0.05415847	
	0.0	51	1	3	2	1	5	4	5	1	2	3	4	3	5	0.55565166	0.55565166	3.3333333	1	0.0	3.0	5.0	1.0	1.1025269	1.0
	0.0	55	0	1	2	1	1	1	2									1.3333334	2	7.0	4.0	3.0	4.0	-1.160728	
2.169938	0.0	52	0	1	1	2	2	1	2	3	1	4	2	1	2	0.95628405	0.95628405	1.5	2	8.0	4.0	4.0	2.0	-1.0072572	1.0
	0.0	47	1	4	4	4	3	4	4									3.8333333	1	5.0	0.0	3.0	2.0	1.4679968	
	0.0	46	1	5	2	4	4	2	3	5	3	4	4	1	4	0.7428818	0.7428818	3.3333333	2	5.0	4.0	3.5	3.5	0.8444479	1.0
0.57659364	0.0	49	1	2	1	2	1	1	1	3	1	2	2	1	1	0.043715954	1.6847858	1.3333334	2	3.0	4.0	1.0	1.0	-1.279837	1.0
0.6085616	0.0	55	1	1	1	1	1	1	1	1	1	1	1	1	2			1.0	2	4.0	3.0		1.0	-1.585484	
1.4634582	0.0	52	0	1	1	4	4	2	2	1	2	2	2	2	2	1.043716	2.7428818	2.3333333	1	5.0	4.0	1.0	1.5	-0.1830264	1.0
	0.0	44	1	1	2	5	5	4	1	1	2	5	5	1	1			3.0	2	5.0	2.0	1.0	1.0	0.4086163	
0.6037737	0.0	39	1	4	2	4	4	2	2	4	2	5	2	1	2	0.95628405	0.95628405	3.0	2	6.0	3.0	3.0	1.0	0.44066304	1.0
0.8006435	0.0	44	0	2	1	3	1	1	2	1	1	2	4	1	2	0.25711823	0.25711823	1.6666666	2	7.0	4.0	3.0	2.0	-0.8717643	1.0
	0.0	54	0	2	4	4	2	2	2									2.6666667	2	3.0	2.0	2.0	2.0	0.1422973	
	0.0	54	0	2	1	2	2	1	3	2	1	2	1	1	2	0.95628405	0.95628405	1.8333334	2	9.0	3.0	4.0	3.0	-0.6034724	1.0
	0.0	35	0	2	1	2	5	1	2	3	1	2	2	1	2	0.68478584	0.68478584	2.1666667	2	10.0	3.0	5.0	5.0	-0.3461156	1.0
5.7823834	0.0	37	1	3	3	2	4	2	2	4	2	2	4	1	1	1.5556517	1.5556517	2.6666667	0	6.0	1.0	1.5	1.5	0.15169932	1.0
	0.0	42	1	1	2	5	4	1	2									2.5	2	4.0	2.0	3.5	3.5	-0.030396143	
	0.0	41	0	2	1	5	2	1	1	2	2	4	2	1	1	0.043715954	0.043715954	2.0	1	7.0	3.0	3.5	3.5	-0.64478064	1.0
0.51441103	0.0	55	1	1	2	5	4	2	2	5	1	1	2	1	1	2.99281	2.99281	2.6666667	2	6.0	1.0	1.0	1.0	0.14359176	1.0
1.471908	0.0	37	1	1	2	3	3	3	3	3	3	2	2	3	5	2.99281	2.99281	2.5	2	3.0	2.0	2.5	2.5	0.09059606	1.0
0.77800757	0.0	49	0	2	2	1	3	1	2	2	2	1	4	1	3			1.8333334	2	9.0	4.0	4.0	1.5	-0.6697404	
	0.0	51	1	1	1	1	3	1	1	1	1	2	1	1	1	0.95628405	0.95628405	1.3333334	2	9.0	3.0	3.5	2.0	-1.245176	1.0
	0.0	38	1	4	2	4	4	2	3	4	3	4	3	3	3	0.44434834	0.44434834	3.1666667	2	7.0	3.0	4.0	2.0	0.6937683	1.0
0.63168687	0.0	55	1	3	1	4	3	1	2	1	1	3	3	1	2	0.95628405	0.95628405	2.3333333	2	8.0	3.0	1.0	1.5	-0.2258092	1.0
	0.0	42	0	3	2	5	3	1	3	1	2	4	4	1	2	0.043715954	1.6847858	2.8333333	2	7.0	4.0	3.0	2.0	0.35391426	1.0
	0.0	45	0	2	2	2	2	1	1	2	1	1	1	1	3	0.0480299	0.0480299	1.6666666	2	9.0	3.0	5.0	1.5	-0.93803227	1.0
0.69222695	0.0	38	1	1	4		4	2	3			1	4	2	4				2	2.0	3.0				
0.56254977	0.0	44	1	5	2	4	4	2	4	5	1	4	2	1	1	0.55565166	0.55565166	3.5	2	7.0	3.0	3.5	3.5	1.0975533	1.0
	0.0	42	0	2	2	4	3	1	3	3	1	4	3	1	2	0.7428818	0.7428818	2.5	2	6.0	4.0	4.0	2.0	0.048267253	1.0
0.5262244	0.0	52	1	2	1	2	2	2	1	2	1	4	2	1	1	0.0480299	3.5556517	1.6666666	2	1.0	1.0	3.5	4.0	-0.93569505	1.0
	0.0	46	1	3	1	3	2	1	3									2.1666667	1	6.0	2.0	1.0	1.0	-0.29782537	
1.1162534	0.0	42	1	4	2	2	3	2	3	4	2	3	4	2	3	0.60051775	0.60051775	2.6666667	1	3.0	2.0	1.5	3.0	0.21367942	1.0
	0.0	55	1	2	2	1	1	2	2									1.6666666	2	8.0	3.0	4.5	4.0	-0.8360605	
	0.0	41	1	1	5	2	3	1	1	1	1	4	2	3	2	1.4443483	1.4443483	2.1666667	2	6.0	2.0	1.0	1.0	-0.4036056	1.0
	0.0	44	1	2	2	4	4	2	2	2	2	3	3	2	2	1.7428818	0.31521416	2.6666667	2	5.0	1.0	4.0	4.0	0.1393039	1.0
0.7782692	0.0	35	1	4	2	4	3	1	2	3	2	4	4	2	2	1.2571182	0.60051775	2.6666667	2	7.0	1.0		3.0	0.0965211	
	0.0	36	1	5	4	2	4	2	4	4	4	3	4	2	4	0.0480299		3.5	2	3.0	2.0	1.0	2.0	1.1309198	1.0
	0.0	39	1	3	2	2	2	2	2	2	2	4	1	1	2	0.95628405	0.95628405	2.1666667	2	7.0	4.0	4.0	1.0	-0.36025947	1.0
	0.0	55	1	2	1	3	4	1	2									2.1666667	2	10.0	4.0	4.0	4.0	-0.3613022	
	0.0	49	1	5	2	3	4	3	5	5	2	1	3	2	4	2.99281	2.99281	3.6666667	1	0.0	0.0	1.0	1.0	1.369679	1.0
	0.0	49	1	2	1	1	1	1	1									1.1666666	2	10.0	3.0	3.5	3.5	-1.4348044	
1.6089486	0.0	41	1	1	2	3	3	1	2	1	2	3	2	1	2	2.3994823	2.3994823	2.0	2	5.0	4.0	4.0	4.0	-0.51048505	1.0
1.5780413	0.0	38	1	5	5	3	4		3	5	5	1	5	3	4				2	0.0	1.0	1.0			
0.6065194	0.0	55	1	2	2	2	2	2	2	2	2	4	2	2	2			2.0	2	6.0	2.0	2.5	2.5	-0.51093906	
0.51899016	0.0	52	1	3	1	2	2	2	2	3	1	1	5	3	1	2.043716	2.043716	2.0	2	4.0	4.0	2.0	4.0	-0.5319102	1.0
0.57182986	0.0	42	1	2	2	2	2	1	1	2	2	2	4	2	1	2.95197	2.95197	1.6666666	2	7.0	3.0	4.0	3.0	-0.93803227	1.0
	0.0	55	0	1	2	2	2	1	2	1	1	2	3	1	1	0.043715954	0.043715954	1.6666666	2	9.0	3.0	3.5	2.0	-0.8356065	1.0
	0.0	36	1	4	4	4	3	2	2	4	4	5	4	2	3	2.00719	2.00719	3.1666667	2	6.0	1.0	4.0	1.5	0.6138105	1.0
	0.0	45	1	3	3	1	4	1	2									2.3333333	2	3.0	3.0	5.0	3.0	-0.17725603	
0.5341918	0.0	47	1	3	3	4	4	2	3	3	3	4	4	3	3	0.44434834	0.44434834	3.1666667	2	5.0	0.0	1.0	1.0	0.7147395	1.0
0.6123291	0.0	51	1	3	2	4	4	1	2	2	2	3	4	1	3	0.60051775	0.60051775	2.6666667	2	7.0	3.0	3.5	2.5	0.11599556	1.0
	0.0	46	1	2	2	2	2	2	2	2	1	2	2	1	2	2.3994823		2.0	2	4.0	3.0	2.5	4.0	-0.51093906	1.0
	0.0	36	1	3	5	2	4	2	2									3.0	2	0.0	1.0	1.5	1.5	0.49500078	
	0.0	39	1	2	3	2	4	2	3	3	2	3	4	2	4	1.7428818	2.043716	2.6666667	1	2.0	3.0	1.0	2.0	0.25412503	1.0
0.6711661	0.0	41	1	1	1	1	1	1	1	1	1	1	1		1	0.60051775	0.60051775	1.0	2	10.0	3.0	5.0		-1.585484	
	0.0	51	0	2	1	5	5	3	3									3.1666667	2	6.0	3.0	2.0	1.5	0.7198678	
0.74625975	0.0	51	0	2	1	1	2	1	2	1	1	2	2	1	1	0.043715954	0.043715954	1.5	2	9.0	4.0	4.0	3.0	-1.0115452	1.0
	0.0	47	0	2	1	4	3	1	3	2	1	4	4	2	3	0.68478584	2.7428818	2.3333333	2	5.0	3.0	2.0	2.0	-0.12338348	1.0
0.7156096	0.0	41	1	4	3	4	1	2	3	4	4	3	1	3	2	2.3994823		2.8333333	2	0.0	4.0	5.0	1.0	0.35495695	1.0
0.5065955	0.0	48	1	1	2	3	3	1		2	2	3	3	2	3				2	7.0	4.0	5.0	2.5		
	0.0	48	0	1	1	4	1		4										2	8.0	2.0	2.5	1.5		
0.7805197	0.0	48	0	2	4	2	5	3	5	1	3	3	4	4	5	0.55565166	0.55565166	3.5	2	4.0	3.0	4.0	1.0	1.2761283	1.0
1.0463063	0.0	48	0	4	2	3	4	2	2	2	1	2	4	2	2	3.3994823	2.7428818	2.8333333	2	8.0	4.0	4.0	4.0	0.2856956	1.0
0.89953244	0.0	55	0		2	4	2	2	3	1	2	1	1	1	2	0.95628405	0.95628405		2	6.0	4.0	4.0	4.0		
0.9311567	0.0	55	0	1	1	3	1	1	1	1	2	2	2	1	1	1.00719	1.00719	1.3333334	2	10.0	3.0	5.0	4.0	-1.2755492	1.0
0.8834096	0.0	43	0	2	3	5	4	2	3	3	3	4	2	3	4	1.043716	1.043716	3.1666667	2	6.0	3.0	3.5	1.5	0.71902734	1.0
1.6137283	0.0	44	0	1	2	2	1		2	1	2	3	1	2	2	0.55565166	0.55565166		1	8.0	3.0	5.0	4.0		
0.87250906	0.0	48	0	4	4		2	2	4	4	5	2	2	2	1	2.5556517	2.5556517		2	1.0	2.0	5.0	2.0		
	0.0	55	0	1	4	5	5	3	2									3.3333333	2	7.0	3.0	4.5	2.0	0.83103514	
1.949906	0.0	38	0	2	2	2	1	1	1	1	2	4	2	1	1	0.043715954		1.5	1	7.0	3.0	4.0	4.0	-1.1081862	1.0
	0.0	45	1	4	2	4	2	2	2									2.6666667	2	4.0	3.0	5.0	2.0	0.10035498	
	0.0	48	1	3	2	3	2	1	1	4	2	2	1	1	1	1.6005177	1.6005177	2.0	2	8.0	3.0	3.0	3.0	-0.63238525	1.0
	0.0	45	0	2	2	4	4	2	2	1	2	4	2	1	2	0.043715954	0.043715954	2.6666667	2	7.0	2.0	4.0	3.0	0.1393039	1.0
0.675283	0.0	44	1	2	2	4	4	1	3	2	2	4	2	2	3	0.25711823	0.25711823	2.6666667	2	7.0	2.0	4.0	4.0	0.21842128	1.0
1.0368273	0.0	51	1	4	4	2	4	4	4	3	3	2	4	2	4	1.7428818	1.7428818	3.6666667	1	0.0	2.0	1.0	1.0	1.3282161	1.0
	0.0	46	1	4	5	2	4	3	3	2	4	3	4	2	2	0.60051775	0.60051775	3.5	2	6.0	2.0	1.0	3.0	1.0727736	1.0
	0.0	47	0	2	1	4	2	1	1									1.8333334	2	10.0	4.0	3.0	4.0	-0.7997481	
0.9123259	2.0	43	0	2	2	4	2	1	1	2	1	1	4	2	1	0.39948225	0.39948225	2.0	2	8.0	4.0	1.0	3.0	-0.62809736	1.0
0.7984572	0.0	48	0	2	2	3	4	2	4	2	2	3	4	2	3	1.7428818	1.7428818	2.8333333	2	7.0	2.0	3.5	2.0	0.49054706	1.0
	0.0	55	0	2	2	4	3	1	2	1	2	1	2	1	1	0.043715954	2.04803	2.3333333	2	3.0	3.0	4.0	1.0	-0.20483804	1.0
0.6985697	0.0	43	1	4	4	4	4	1	3	2	4	4	4	1	2	0.60051775	0.60051775	3.3333333	2	4.0	2.0	1.0	2.0	0.8630819	1.0
	0.0	55	0	2	3	4	4	1		1	2	4	3	2	2	2.04803	2.04803		2	6.0	4.0	2.5	3.0		
0.79522884	0.0	51	0	4	3	2	4	4	4	2	4	2	2	2	2	0.95628405		3.5	2	3.0	2.0	1.0	2.5	1.1565653	1.0
0.5111838	0.0	49	1	1	2	3	3	2	2	1	2	4	3	2	2	0.60051775	0.60051775	2.1666667	2	7.0	2.0	4.0	3.0	-0.33649716	1.0
	0.0	53	0	3	1	1	1	1	4	2	2	1	4	1	1	0.44434834	0.44434834	1.8333334	2	10.0	4.0	5.0	2.0	-0.524809	1.0
0.93113554	0.0	47	0	1	2	4	2	1	3	2	2	3	2	1	3	2.043716	0.0480299	2.1666667	2	9.0	3.0	3.0	4.0	-0.27256635	1.0
0.77912575	0.0	55	0	3	1	2	1	1	2	2	1	1	1	1	1	0.55565166	0.55565166	1.6666666	2	9.0	3.0	3.5	1.0	-0.87605214	1.0
1.0210384	0.0	53	1	1	3	2	2	1	2	2	2	2	2	1	2	1.5556517	1.5556517	1.8333334	1	1.0	2.0	1.0		-0.6639558	
	0.0	45	0	4	3	3	3	2	4									3.1666667	2	7.0	2.0	3.5	1.0	0.7934029	
0.53596115	0.0	46	1	1	2	3	4	2	1	1	1	4	3	3	1	1.2571182	1.2571182	2.1666667	2	8.0	2.0	3.5	2.5	-0.4194484	1.0
	0.0	45	1	1	2	1	2	1	2	1	2	4	2	1	3	0.44434834	0.44434834	1.5	2	6.0	1.0	2.0	2.0	-0.99057394	1.0
	0.0	38	1	4	3	5	2	3	4	4	3	5	4	3	4	1.7428818	1.7428818	3.5	2	3.0	2.0	4.0	3.0	1.1071717	1.0
0.5835334	0.0	54	1	5	4	2	3	2	2	5	4	2	5	3	4	0.55565166	0.55565166	3.0	2	8.0	2.0	1.5	1.5	0.45455515	1.0
1.0429472	0.0	39	0	2	2	4	3	1	2	3	2	3	2	1	1	0.60051775	0.60051775	2.3333333	2	9.0	4.0	4.0	3.0	-0.20483804	1.0
	0.0	48	1	3	3	3	2	3	4	4	3	3	2	3	3	0.44434834	0.44434834	3.0	0	4.0	0.0	1.0	1.0	0.6465572	1.0
	0.0	52	1	3	2	3	3	2	2	1	1	5	2	1	5	1.4443483	1.4443483	2.5	2	0.0	2.0	1.0	2.5	-0.035138007	1.0
	0.0	55	1	1	1	1	4	1	1	4	1	4	4	1	2	0.9519701	1.3152142	1.5	2	6.0	3.0	3.0	2.0	-1.075022	1.0
	0.0	52	0	2	1	3	1	1	3									1.8333334	2	10.0	3.0	5.0	5.0	-0.61865896	
	0.0	54	1	1	2	2	3	1	2	4	1	3	2	3	3			1.8333334	1	7.0	2.0	3.5		-0.6654525	
1.0402013	0.0	53	1	1	2	2	3	1	2	2	2	2	2	1	2	2.043716	2.043716	1.8333334	1	5.0	2.0	2.5	3.0	-0.6654525	1.0
	0.0	49	1	2	1	3	5	1	1	1	1	2	2	1	1	0.25711823	0.39948225	2.1666667	2	8.0	4.0	4.0	2.0	-0.44425344	1.0
0.6632395	0.0	50	1	2	1	4	4	1	3	1	1	3	4	1	3	0.95628405	0.95628405	2.5	2	10.0	4.0	5.0	3.0	0.046770554	1.0
	0.0	41	1	1	2	5	4	1	2									2.5	2	2.0	3.0	4.5	1.5	-0.030396143	
	0.0	45	1	2	2	4	5	1	2	2	2	4	4	2	2	0.95628405	0.95628405	2.6666667	2	7.0	4.0	4.0	2.0	0.13547002	1.0
	0.0	43	1	3	2	4	2	3	4	2	2	3	2	2	3	1.043716	1.043716	3.0	2	8.0	3.0	3.5	1.5	0.62987393	1.0
	0.0	53	1	2	1	4	1	1	1	4	1	5	1	1	1	0.043715954	0.043715954	1.6666666	2	10.0	4.0	4.5	2.5	-0.96990216	1.0
0.5669577	0.0	46	1	3	2	2	3	1	1	4	2	3	3	1	2	1.7428818	1.7428818	2.0	2	4.0	2.0	3.0	2.0	-0.61719865	1.0
1.5886714	0.0	41	1	2	2	2	2	3	2	3	2	3	3	2	2	2.043716	2.043716	2.1666667	2	3.0	1.0	2.5	3.0	-0.33695114	1.0
0.83401984	0.0	48	0	4	2	4	3	1	3	5	2	5	4	2	4	3.5556517	3.5556517	2.8333333	2	7.0	4.0	5.0	4.0	0.3496264	1.0
	0.0	41	1	2	1	4	1	1	1	1	2	4	1	1	1	0.007189989	0.60051775	1.6666666	2	7.0	4.0	2.0	3.0	-0.96990216	1.0
	2.0	49	0	4	2	1	2	1	3									2.1666667	2	8.0	4.0	4.0	4.0	-0.28542995	
	0.0	47	0	2	1	3	2	1	1	2	1	2	3	1	2	2.3152142	1.9519701	1.6666666	2	9.0	3.0	4.0	4.0	-0.95471555	1.0
	0.0	48	1	3	2	1	3	1	1	3	2	1	2	1	1	0.25711823	0.39948225	1.8333334	2	4.0	2.0	1.0	3.0	-0.7721661	1.0
0.54753286	0.0	51	1	2	2	1	1	1	3	3	1	1	1	3	1	3.6847858	3.6847858	1.6666666	2	8.0	2.0	3.0	2.5	-0.7569431	1.0
0.8164956	0.0	54	0	2	1	2	2	1	1	2	1	2	3	2	2	1.043716	1.043716	1.5	2	10.0	3.0	4.5	3.0	-1.109683	1.0
1.4471239	0.0	50	1	2	1	1	1	3	1	1	1	1	2	1	2	1.956284	1.956284	1.5	2	8.0	1.0	4.0	4.0	-1.0868286	1.0
	0.0	40	1	4	1	1	2	1	1	5	1	1	2	1	1	0.60051775	0.60051775	1.6666666	2	8.0	4.0	5.0	4.0	-0.9632913	1.0
1.5386708	0.0	44	0	2	2	4	2	2	2	2	2	4	2	1	2			2.3333333	1	5.0	0.0	3.0	1.0	-0.20100416	
5.025169	0.0	55	0	3	2	3	3	3	3	3	3	3	4	2	3	3.5556517	3.5556517	2.8333333	0	0.0	2.0	2.5	1.0	0.3919552	1.0
	0.0	50	1	4	5	3	4	1	2									3.1666667	2	6.0	1.0	1.5	1.5	0.62665987	
	0.0	51	0	1	1	1	2	2	1									1.3333334	2	6.0	3.0	2.5	4.0	-1.2413421	
	0.0	55	0	2	1	2	2	2	2	2	1	2	2	1	2	1.99281	0.9519701	1.8333334	2	7.0	3.0	3.0	3.0	-0.68258977	1.0
	0.0	35	0	3	2	4	2	1	1									2.1666667	2	8.0	2.0	4.0	4.0	-0.4774178	
0.9740698	0.0	48	0	2	1	4	4	2	3	3	2	3	3	1	3	0.043715954	1.6847858	2.6666667	2	8.0	4.0	4.0	3.0	0.22075847	1.0
0.7596065	0.0	55	0	1	2	1	3	1	1	2	2	3	2	1	2	1.6847858	1.6847858	1.5	2	8.0	3.0	4.0	1.0	-1.0735252	1.0
1.4410555	0.0	55	0	1	2	4	2	2	2	1	1	4	2	1	2	1.7428818	2.3994823	2.1666667	1	8.0	3.0	4.0	2.0	-0.35168374	1.0
	0.0	46	0	1	2	3	2	2	1	1	1	3	3	1	2	0.9519701	1.3994823	1.8333334	2	8.0	3.0	2.0	2.0	-0.7597565	1.0
1.0762613	0.0	35	0	2	4	5	2	2	4	2	2	3	3	2	4	1.3994823	1.3994823	3.1666667	2	7.0	4.0	5.0	1.0	0.8034753	1.0
	0.0	48	1	2	1	2	2	1	1	2	2	4	4	4	2	2.3994823	2.3994823	1.5	2	7.0	3.0	3.0		-1.109683	
0.7044728	0.0	43	1	2	2	4	3	2	2	3	2	5	4	2	3	0.25711823	0.25711823	2.5	2	4.0	2.0	2.5	2.0	-0.030850137	1.0
0.7194905	0.0	54	0	1	1	4	1	1	1	1	2	2	2	1	2	0.25711823	0.25711823	1.5	2	9.0	3.0	4.5	4.0	-1.1205817	1.0
	0.0	51	0	1	1	4	3	1	1									1.8333334	2	8.0	2.0	2.0	2.0	-0.7802736	
	0.0	45	0	2	1	3	2	1	1	1	1	4	2	1	1	1.6005177	1.6005177	1.6666666	2	10.0	4.0	5.0	3.5	-0.95471555	1.0
0.5466263	0.0	44	1	2	3	4	3	2	2	3	2	3	3	1	3	1.5556517	1.5556517	2.6666667	2	2.0	2.0	1.0	1.0	0.1408006	1.0
	0.0	50	0	1	1	1	1	1	1	3	2	3	2	1	2	0.043715954	0.043715954	1.0	2	9.0	3.0	5.0	4.5	-1.585484	1.0
1.0838315	0.0	47	1	4	2	4	4	3	4	4	2	4	4	4	3		2.3994823	3.5	1	1.0	2.0	2.0	1.0	1.1208615	
0.75693995	0.0	42	1	2	3	5	2	2	3	2	2	1	3	1	4	0.043715954	0.043715954	2.8333333	2	6.0	3.0	2.0	1.0	0.3787193	1.0
3.8548539	0.0	47	1	3	3	3	3	3	3	4	1	2	3	3	2	2.043716	2.043716	3.0	0	2.0	1.0	2.0	2.0	0.5636059	1.0
	0.0	46	1	4	2	4	4	3	2									3.1666667	1	8.0	3.0	1.5	2.0	0.61465096	
1.0531546	0.0	51	1	3	3	4	2	2	3	4	3	3	1	2	3	1.7428818	1.7428818	2.8333333	1	3.0	2.0	2.5	2.5	0.37443143	1.0
0.56527513	0.0	40	1	3	1	4	2	1	1	1	1	3	2	1	1	0.0480299	0.31521416	2.0	2	8.0	3.0	3.0	4.0	-0.64906853	1.0
	0.0	47	1	1	2	3	4	1	2									2.1666667	2	6.0	3.0	3.0	3.0	-0.34033102	
	0.0	41	1	1	2	1	1	2	1									1.3333334	2	6.0	3.0	2.5	2.5	-1.2398454	
1.1400867	0.0	42	1	4	3	4	4	4	4	3	3	3	3	3	3	0.0480299	0.0480299	3.8333333	1	1.0	1.0	1.0	1.0	1.4665002	1.0
	0.0	46	0	4	1	2	2	2	2									2.1666667	2	9.0	4.0	4.0	1.5	-0.38123065	
	0.0	35	0	5	2	3	3	2	4									3.1666667	2	9.0	4.0	4.0	2.0	0.77243173	
	0.0	41	0	4	1	3	2	1	4	4	1	5	2	2	4	0.55565166	0.55565166	2.5	2	8.0	3.0	3.0	1.0	0.10595949	1.0
0.9365874	0.0	46	0	3	2	3	2	2	2	3	2	3	1	1	2	1.3994823	0.7428818	2.3333333	2	8.0	3.0	4.0	3.0	-0.20529203	1.0
0.5120282	0.0	53	1	2	1	2	3	2	1	2	2	3	4	2	2	2.043716	2.043716	1.8333334	2	7.0	2.0	2.0	4.0	-0.765541	1.0
	0.0	55	0	5	4	1	5	1	5	5	5		3	1	4	1.956284	3.6847858	3.5	2	1.0	3.0	1.0	1.0	1.2252238	1.0
0.5907104	0.0	39	1	4	2	3	4	4	3	4	2	4	4	4	4	1.7428818	2.043716	3.3333333	2	5.0	1.0	1.0	1.5	0.8867767	1.0
	0.0	47	0	4	1	2	3	1	3									2.3333333	2	10.0	3.0	5.0	4.0	-0.13195921	
	0.0	52	0	2	1	1	1	1	2									1.3333334	2	5.0	2.0	1.0	1.0	-1.1816992	
1.0145652	0.0	47	0	3	1	4	3	1	1	1	1	2	4	1	2	1.043716	1.043716	2.1666667	2	8.0	4.0	3.5	2.5	-0.4789145	1.0
2.3911364	0.0	55	0	1	2	4	3	1	2	1	1	4	3	1	3	0.043715954	0.043715954	2.1666667	2	4.0	2.0	4.0	2.0	-0.35551763	1.0
	0.0	45	0	2	1	2	2	1	2	1	1	2	3	2	2	0.043715954	0.043715954	1.6666666	2	8.0	4.0	3.5	2.5	-0.8565777	1.0
0.72182935	0.0	40	1	3	3	4	3	2	3	3	3	3	4	2	2	0.7428818		3.0	2	5.0	3.0	2.0	3.0	0.54458547	1.0
2.6274917	0.0	55	1	1	2		3	1	2	2	1	2	3	1	2	0.7428818	0.7428818		1	6.0	2.0	4.0	3.0		
0.5141475	0.0	51	1	3	2	3	5	3	3	2	2	2	3	2	2	2.00719	2.00719	3.1666667	2	8.0	3.0	2.5	1.0	0.73226327	1.0
	0.0	50	0	2	2	2	2	2	2									2.0	2	8.0	3.0	3.0	4.0	-0.51093906	
	0.0	36	0	2	2	2	2	1	2									1.8333334	2	8.0	4.0	4.0	2.0	-0.684927	
0.9634003	0.0	55	0	2	2	2	4	1	4	2	1	4	4	1	2	0.25711823	0.25711823	2.5	2	9.0	3.0	5.0	2.0	0.1615917	1.0
	0.0	41	0	1	2	5	2	2	3									2.5	2	10.0	4.0	4.5	3.0	0.056388997	
	0.0	55	0	1	1	3	1	4	1	2	3	1	3	2	2	0.95628405	0.95628405	1.8333334	2	9.0	2.0	1.0	3.0	-0.7535854	1.0
	0.0	42	0	4	1	3	4	1	4									2.8333333	1	9.0	3.0	3.5	1.0	0.44626755	
0.49673665	0.0	55	1	1	1	3	2	1	2	1	1	2	3	1	3	0.39948225	0.25711823	1.6666666	2	8.0	4.0		3.5	-0.8522898	
1.5684974	0.0	54	0	3	2	3	3	2	3	3	1	3	3	2	3	0.043715954	0.043715954	2.6666667	1	7.0	2.0	3.5	2.0	0.21796729	1.0
	0.0	40	0	4	2	4	5	1	2									3.0	1	7.0	1.0	3.0	2.0	0.43682915	
1.027525	1.0	45	1	1	1	1	2	1	3	1	1	4	4	1	2	0.60051775	0.60051775	1.5	2	7.0	3.0	3.0	4.0	-0.9091194	1.0
1.1918156	0.0	42	1	2	1	1	1	4	1	2	2	2	1	2	2	3.5556517	3.5556517	1.6666666	1	5.0	2.0	3.5	3.0	-0.9128407	1.0
1.1862866	0.0	43	1	3	3	1	1	1	3	4	2	4	2	3	4	2.5556517	2.5556517	2.0	1	2.0	2.0	3.0	1.5	-0.43461284	1.0
0.6024583	0.0	38	1	4	3	3	4	1	2	4	3	2	4	2	2	4.043716	4.043716	2.8333333	2	2.0	3.0	1.0	2.5	0.28335842	1.0
0.6294842	0.0	39	1	4	2	4	2	2	2	4	2	4	3	1	2	0.043715954	0.043715954	2.6666667	2	6.0	4.0	2.5	3.0	0.10035498	1.0
	0.0	38	1	2	5	4	4	2	3									3.3333333	2	0.0	2.0	1.0	1.5	0.9073614	
	0.0	40	0	4	2	4	2	1	2	4	2	4	2	1	1	0.043715954		2.5	2	5.0	3.0	5.0	1.0	-0.07363293	1.0
0.9341393	0.0	54	0	1	1	2	3	1	1	1	1	2	3	1	1	1.7428818	1.7428818	1.5	2	6.0	4.0	1.0	2.0	-1.0902085	1.0
0.62226003	0.0	55	1	2	2	4	4	2	3	2	2	2	1	2	3	0.39948225	0.39948225	2.8333333	2	8.0	2.0	3.5	3.0	0.3924092	1.0
	0.0	53	1	2	2	2	2	1	1	1	1	2	2	1	1	0.25711823	0.25711823	1.6666666	2	6.0	4.0	3.0	3.0	-0.93803227	1.0
	0.0	35	0	5	4	1	1	3	3	3	4	2	4	3	2			2.8333333	1	0.0	2.0	1.0	1.0	0.38637286	
1.4391878	0.0	53	0	4	3	3	3	4	4	5	3	3	3	3	4			3.5	1	2.0	3.0	1.0	1.5	1.1413788	
	0.0	54	1	1	1	4	1	1	1	1	1	4	3	1	1	0.0480299	0.0480299	1.5	2	4.0	3.0		2.0	-1.1205817	
0.8155655	0.0	55	0	5	5	5	5	5	5	5	5	5	5	3	5	2.3994823	2.3994823	5.0	2	5.0	1.0	1.0	1.0	2.7126958	1.0
	0.0	45	0	1	2	4	4	2	2	1	3	4	4	2	2	1.2571182	0.007189989	2.5	2	7.0	3.0	2.0	2.5	-0.011375676	1.0
1.0441381	0.0	43	0	3	1	2	1	1	3	3	3	2	3	4	3	0.043715954	0.043715954	1.8333334	2	8.0	4.0	4.0	3.5	-0.62294686	1.0
	0.0	53	0	4	2	2	2	1	3									2.3333333	2	10.0	3.0	4.5	4.0	-0.13046251	
	0.0	53	1	1	2	2	2	2	1									1.6666666	2	8.0	4.0	3.0	4.0	-0.91472393	
1.0500029	0.0	36	0	1	1	4	4	1	5	1	1	5	3	1	1	0.39948225	0.39948225	2.6666667	2	10.0	4.0	5.0	3.0	0.40230158	1.0
0.5254851	0.0	46	1	2	1	1	1	5	1	4	4	1	1	5	5		2.99281	1.8333334	2	6.0	3.0	5.0	1.0	-0.73885286	
1.4751135	0.0	53	1	1	2	2	2	2	1	1	2	2	2	1	3			1.6666666	2	0.0	2.0	1.0	2.0	-0.91472393	
0.5070935	0.0	52	1	2	1	1	2	1	2	1	1	1	2	1	2	0.043715954	0.043715954	1.5	2	9.0	4.0	4.0	3.5	-1.0115452	1.0
0.7461186	0.0	49	0	2	3	3	2	1	3	1	2	4	4	1	2	2.6847858	0.55565166	2.3333333	2	7.0	3.0	4.0	2.0	-0.105203494	1.0
0.7649158	0.0	54	0	2	2	2	2	1	1	2	2	2	3	1	1	0.043715954	0.043715954	1.6666666	2	9.0	2.0	2.5	3.0	-0.93803227	1.0
0.646847	0.0	54	1	1	2	2	2	1	1	2	1	2	2	1	1	0.39948225	0.25711823	1.5	2	8.0	4.0	3.5	4.0	-1.0887119	1.0
	0.0	48	1	5	4	4	2	2	4	5	5	1	4	3	5	0.31521416	0.31521416	3.5	2	3.0	2.0	1.0	2.0	1.1005466	1.0
0.78007776	0.0	50	0	2	3	4	3	2	4	4	4	5	4	3	4	0.55565166	0.55565166	3.0	2	2.0	1.0	2.5	1.0	0.64701116	1.0
	0.0	55	0	1	1	1	1	1	1	1	1	1	1	1	1		1.5556517	1.0	2	7.0	3.0	5.0	1.0	-1.585484	
0.5353013	0.0	52	1	1	1	1	3	1	1	1	1	1	3	1	2	0.60051775	0.60051775	1.3333334	2	9.0	3.0	2.0	1.0	-1.245176	1.0
	0.0	55	1	2	2	1	2	1	2	1	3	2	4	2	2			1.6666666	2	3.0	3.0	1.0	1.0	-0.8398944	
1.6360443	0.0	46	0	4	2	4	2	2	5	5	2	5	1		5	1.4443483	1.4443483	3.1666667	1	8.0	2.0	4.0	1.0	0.8596709	1.0
	0.0	38	1	2	2	4	4	3	2									2.8333333	2	9.0	4.0	5.0	4.5	0.3132918	
	0.0	53	1	3	3	3	4	5	3		3	3	3	4	4	3.5556517	3.5556517	3.5	1	1.0	1.0		1.0	1.0817357	
0.55781686	0.0	43	1	4	2	3	3	3	2	3	2	3	2	2	3	1.9519701	1.9519701	2.8333333	2	0.0	3.0	1.0		0.28952947	
0.51089954	0.0	54	1	2	1	4	2	2	2	1	1	1	1	1	1			2.1666667	2	9.0	2.0	4.0	4.0	-0.37265489	
0.9789944	0.0	54	1	3	2	3	2		2	4	2	3	3	2	3	3.5556517	3.5556517		1	0.0	2.0	3.0	1.0		
0.6669963	0.0	50	1	1	1	5	3	1	1	4	2	4	3	1	3	4.043716	0.99281	2.0	2	8.0	2.0	3.0	3.0	-0.6253062	1.0
	0.0	52	1	2	2	2	3	1	2	2	1	1	2	1	2	2.043716	2.043716	2.0	1	5.0	1.0	1.0	1.5	-0.51477295	1.0
0.7390897	0.0	52	0	1	4	2	3	1	3	1	2	2	2	1	3	1.043716	1.043716	2.3333333	2	9.0	4.0	3.0	2.0	-0.069045745	1.0
0.6212766	0.0	43	1	3	1	3	3	1	3	3	1	3	3	2	2	2.043716	2.043716	2.3333333	2	7.0	1.0	3.0	2.5	-0.12767135	1.0
	0.0	40	1	4	4	2	2	1	2									2.5	2	2.0	2.0	1.0	1.0	-0.040266354	
	0.0	35	1	2	2	4	5	4	3	4	2	4	4	3	2	1.6847858	1.6847858	3.3333333	2	6.0	1.0	2.5	3.0	0.91053903	1.0
1.464335	0.0	48	1	2	3	4	4	3	4	4	2	4	4	3	2	2.043716	2.043716	3.3333333	2	4.0	1.0	2.0	3.0	0.9911531	1.0
	0.0	54	1	3	2	2	2	1	2									2.0	1	2.0	2.0	2.5	1.0	-0.5342474	
3.970918	0.0	51	1	5	5	5	5	5	5	5	5	5	5	3	5	1.4443483	1.4443483	5.0	0	0.0	1.0	1.0	1.0	2.7126958	1.0
0.58703333	0.0	43	1	3	2	4	4	2	2	2	3	4	4	3	2	2.2571182	2.2571182	2.8333333	2	1.0	2.0	1.0	1.5	0.28998348	1.0
1.7320096	0.0	37	1	5	2	3	5	2	2	4	1	4	3	1	3	1.6847858	1.6847858	3.1666667	2	7.0	2.0	4.0	4.0	0.6065292	1.0
	0.0	53	1	4	5	4	4	3	5	2	4	5	4	2	5	0.31521416	0.31521416	4.1666665	1	2.0	1.0	1.0	2.5	1.888919	1.0
0.56472826	0.0	41	1	3	4	4	4	2	3	4	3	4	4	2	2	0.043715954	0.043715954	3.3333333	2	6.0	3.0	3.5	2.0	0.8863902	1.0
	0.0	50	0	1	1	1	1	1	1									1.0	2	8.0	4.0	5.0	5.0	-1.585484	
	0.0	50	1	1	1	4	2	2	1	2	1	1	1	1	1	0.55565166	0.55565166	1.8333334	2	5.0	1.0	2.0	1.0	-0.7764398	1.0
	0.0	55	0	3	2	3	3	1	4									2.6666667	2	6.0	2.0	2.0	2.0	0.2970847	
1.703478	0.0	55	1	2	2	3	2	1	3	2	1	3	3	1	2		0.7428818	2.1666667	2	7.0	4.0	4.5	3.0	-0.27685422	
	0.0	49	1	3	3	5	4	2	4	3	3	4	3	2	3	0.60051775	0.60051775	3.5	1	7.0	3.0	2.5	2.0	1.1228123	1.0
1.7147237	0.0	41	0	4	3	4	4	2	4	4	3	4	5	2	3	0.44434834	0.44434834	3.5	1	7.0	1.0	3.0	1.0	1.1185243	1.0
	0.0	53	1	3	2	3	3	2	3									2.6666667	2	8.0	2.0	3.5	1.0	0.21796729	
1.8554184	0.0	46	0	4	1	1	1	1	2	1	1	1	1	2	4	0.55565166	0.55565166	1.6666666	1	9.0	4.0	2.0	1.5	-0.88034004	1.0
1.139659	0.0	43	1	1	1	4	4	1	1	1	1	2	1	5	3	0.043715954	1.5556517	2.0	1	10.0	3.0	4.5	3.5	-0.6101196	1.0
1.4781609	0.0	55	0	1	2	4	3	2	2	2	5	2	2	3	1	0.55565166	0.55565166	2.3333333	1	8.0	1.0	1.0	3.0	-0.18152972	1.0
	0.0	55	0	1	1	1	1	1	2									1.1666666	2	9.0	4.0	4.5	2.5	-1.3323787	
1.7223037	0.0	39	1	2	2	2	2	1	2	2	2	2	2	4	4	1.5556517	1.5556517	1.8333334	2	1.0	2.0	2.5		-0.684927	
0.7261801	0.0	54	0	1	1	3	3	1	1	1	1	1	1	1	1	2.2571182	2.2571182	1.6666666	2	10.0	3.0	3.0	5.0	-0.9352411	1.0
1.001038	0.0	48	0	4	2	3	3	4	3	3	2	4	2	1	3	0.25711823	0.25711823	3.1666667	2	7.0	2.0	4.0	4.0	0.71662265	1.0
	0.0	54	0	2	2	2	2	2	4									2.3333333	2	7.0	3.0	4.0	2.0	-0.0047284584	
	0.0	37	0	4	1	4	1	1	1									2.0	2	9.0	4.0	4.0	4.0	-0.668543	
1.491365	0.0	52	0		5	1	4	5	3	2	4	1	3	4	3	0.7428818	0.7428818		1	7.0	3.0	3.0	2.5		
1.2278678	0.0	41	1	2	2	5	2	1	3	3	3	2	4	2	4	0.44434834	0.44434834	2.5	1	2.0	3.0	1.5	1.0	0.03308066	1.0
0.9490603	0.0	54	0	1	1	2	4	1	1	1	1	3	4	1	1	1.043716	2.7428818	1.6666666	2	8.0	2.0	3.5	3.0	-0.9200545	1.0
0.96469694	0.0	52	0	1	1	1	4	1	2	1	1	5	4	1	1	0.0480299	0.0480299	1.6666666	2	9.0	3.0	4.5	2.0	-0.82191664	1.0
1.9370424	0.0	37	1	1	2	4	4	1	3	1	1		4	1		0.043715954	4.3994823	2.5	2	9.0	4.0		1.0	0.067741714	
0.57329446	0.0	45	1	1	1	1	1	1	1	1	1	1	1	1	1	0.25711823	0.25711823	1.0	2	7.0	4.0	1.5	1.0	-1.585484	1.0
1.0507195	0.0	51	0	3	1	4	1	1	1	3	1	3	2	2	2	0.7428818	0.7428818	1.8333334	2	9.0	4.0	4.0	1.0	-0.81922257	1.0
	0.0	50	1	2	2	4	3	1	2	2	2	4	3	1	2	1.2571182	1.2571182	2.3333333	2	8.0	4.0	4.0	3.5	-0.20483804	1.0
0.5518633	0.0	52	1	1	1	1	1	1	1	1	1	2	3	1	1	0.043715954	0.043715954	1.0	2	8.0	3.0	3.0	3.0	-1.585484	1.0
2.2350879	0.0	51	0	2	4	5	3	2	3	3	5	5	4	2				3.1666667	2	0.0	1.0	1.0	1.0	0.7205241	
	0.0	53	0	1	2	3	1	1	2									1.6666666	2	7.0	3.0	4.0	2.5	-0.8507931	
0.54794246	0.0	41	1	1	5	3	4	1	4	5	5	5	2	2	4	0.55565166	0.55565166	3.0	2	6.0	1.0	2.5	1.0	0.68083173	1.0
1.4241996	0.0	54	0	1	3	1	2	2	3	1	3	1	4	2	3	0.60051775	0.60051775	2.0	1	8.0	1.0	2.0	2.0	-0.39183003	1.0
0.83399075	0.0	43	0	2	2	3	2	1	2	2	1	2	4	1	2	2.04803	2.04803	2.0	2	9.0	3.0	3.5	5.0	-0.5299595	1.0
1.1089369	0.0	49	1	3	3	3	3	1	1	3	3	3	3	3	3	0.0480299	0.0480299	2.3333333	1	6.0	1.0	3.5	3.0	-0.29058048	1.0
0.5051775	0.0	53	1	1	2	2	3	2	2	2	2	2	2	1	1	3.043716	3.043716	2.0	2	6.0	3.0	2.0	3.5	-0.49146459	1.0
0.51828253	0.0	51	1	3	1	3	3	1	3	3	1	2	3	2	3	0.44434834	0.44434834	2.3333333	2	8.0	1.0		3.0	-0.12767135	
	0.0	50	0	4	1	3	2	1	3	1	1	4	4	1	3	0.95628405	0.95628405	2.3333333	0	9.0	3.0	5.0	3.0	-0.14714581	1.0
0.54371905	0.0	40	1	3	3	4	4	3	4	2	2	2	3	2	3	1.5556517	1.5556517	3.5	2	6.0	2.0	2.5	3.0	1.1418327	1.0
3.1115494	0.0	42	1	4	5	4	4	4	4	4	4	4	5	4	4	1.5556517	0.043715954	4.1666665	1	0.0	0.0	1.0	1.0	1.8098016	1.0
1.517424	0.0	51	0	3	2	3	3	2	4	3	2	3	2	3	4	0.25711823	2.3152142	2.8333333	1	7.0	3.0	4.5	4.0	0.47107258	1.0
	0.0	43	0	2	2	3	2	2	1									2.0	2	8.0	4.0	3.5	2.0	-0.6090769	
	0.0	42	0	2	1	1	4	1	1									1.6666666	2	10.0	4.0	3.0	2.5	-0.92434233	
	0.0	52	1	1	1	2	1	1	1									1.1666666	2	10.0	3.0	5.0	2.0	-1.4305166	
1.0589582	0.0	54	1	2	1	2	1	1	1	2	2	2	2	1	2			1.3333334	1	8.0	3.0	4.0	3.0	-1.279837	
	0.0	51	1	2	1	1	1	1	1									1.1666666	2	9.0	1.0	4.0	4.0	-1.4348044	
4.216918	0.0	48	0	1	2	2	1	1	2	1	2	2	2	1	2	0.39948225		1.5	1	6.0	2.0	1.0	1.0	-1.0057606	1.0
2.1770263	0.0	53	0	2	3	4	4	3	3	2	3	4	4	2	3	0.043715954	0.043715954	3.1666667	2	5.0	3.0	1.5	2.5	0.73804784	1.0
0.8864094	0.0	48	0	1	2	4	1	1	2	1	2	3	1	1	1	0.043715954	2.04803	1.8333334	2	8.0	3.0	2.0	3.5	-0.6958257	1.0
0.57844716	0.0	43	1	2	2	3	2	1	2	3	3	2	4	2	4	1.043716	1.043716	2.0	2	6.0	3.0	2.0	3.0	-0.5299595	1.0
	0.0	53	0	2	1	2	2	1	2	3	2	4	4	2	2	0.043715954	0.043715954	1.6666666	2	9.0	3.0	4.0	4.0	-0.8565777	1.0
	0.0	43	0	2	2	3	2	3	4	2	3	3	2	2	5	1.956284	1.956284	2.6666667	2	4.0	4.0	1.0	2.0	0.3242269	1.0
0.7548919	0.0	55	0	3	2	3	3	1	2	2	2	2	2	2	2	0.95628405	5.3994823	2.3333333	2	7.0	4.0	4.5	3.0	-0.2091259	1.0
0.98523104	0.0	47	0	1	2	1	1	1	2	1	2	4	4	1	3	0.68478584	0.68478584	1.3333334	2	5.0	3.0	2.0	2.0	-1.160728	1.0
0.8148749	0.0	45	0	3	2	2	2	1	1	1	1	3	3	1	1	0.0480299	0.0480299	1.8333334	2	9.0	3.0	4.0	3.0	-0.7873527	1.0
0.7955498	1.0	49	1	1	2	1	2	1	2	1	1	2	3	2	3			1.5	2	7.0	2.0	3.0	2.5	-0.99057394	
0.7654756	0.0	50	0	1	2	4	1	1	2	1	2	5	1	1	1	0.7428818	0.7428818	1.8333334	2	5.0	4.0	3.5	4.0	-0.6958257	1.0
	0.0	49	0	1	2	1	1	1	1									1.1666666	2	9.0	3.0	4.0	4.0	-1.4138333	
0.9157567	0.0	51	0	1	3	4	3	3	3	1	3	3	2	3	4	0.043715954	0.043715954	2.8333333	2	3.0	2.0	4.0	2.0	0.4172142	1.0
0.8626981	0.0	42	0	1	2	2	2	2	2	1	1	2	2	1	2	0.60051775	0.60051775	1.8333334	2	8.0	2.0	2.5	2.0	-0.66161865	1.0
	0.0	44	1	1	1	2	4	1	1	1	1	5	4	1	3	0.25711823	0.25711823	1.6666666	1	7.0	3.0	3.5	3.0	-0.9200545	1.0
	0.0	51	1	5	1	5	2	1	2									2.6666667	0	0.0	1.0	1.5	3.0	0.060363352	
	0.0	55	1	3	5	2	2	2	4	4	2	3	2	2	3	3.5556517	3.5556517	3.0	0	6.0	2.0	2.0	2.0	0.6609033	1.0
0.48465458	0.0	55	1	1	3		2	1	4	1	2	4	3	1	4	0.7428818	1.3994823		2	0.0	1.0				
0.8183264	0.0	55	0	1	2	3	2	1	2	1	2	3	2	1	3	0.99281	0.99281	1.8333334	2	6.0	1.0	4.5	4.0	-0.6806391	1.0
0.9716698	0.0	39	0	1	1	1	1	1	1	1	1	2	1	1	1	0.55565166	0.55565166	1.0	2	9.0	3.0	4.0	4.5	-1.585484	1.0
	0.0	40	0	2	2	3	3	1	3									2.3333333	1	5.0	2.0	2.5	1.5	-0.10670019	
	0.0	44	0	2	1	4	5	2	4	1	2	4	2	2	2	2.04803	2.04803	3.0	2	2.0	2.0	1.0	1.0	0.6440178	1.0
	0.0	54	0	2	3	2	2	2	2									2.1666667	1	5.0	3.0	3.0	2.0	-0.33928832	
0.6690575	0.0	45	1	2	2	3	3	1	2	2	1	2	3	1	1	2.043716	0.0480299	2.1666667	2	5.0	3.0	3.0	2.0	-0.3598055	1.0
1.889227	0.0	51	1	1	1	3	4	1	1	1	1	5	5	1	1	0.95628405	0.95628405	1.8333334	2	7.0	3.0	5.0	5.0	-0.76508707	1.0
	0.0	40	1	4	4	5	5	2	4									4.0	2	7.0	2.0	4.0	2.0	1.6152966	
0.5143228	0.0	51	1	1	1	1	1	1	2	1	1	2	2	1	2	1.2571182	1.2571182	1.1666666	2	7.0	3.0	4.0	4.0	-1.3323787	1.0
	0.0	52	0	1	4	5	1	2	4	1	3	5	3	2	3			2.8333333	2	3.0	4.0		1.0	0.48264173	
	0.0	54	0	1	1	2	4	1	1	1	1	3	4	1	2		1.7428818	1.6666666	2	6.0	3.0	2.0	2.0	-0.9200545	
	0.0	53	0	4	2	4	4	2	3	2	2	3	3	1	2	0.043715954	0.043715954	3.1666667	1	4.0	3.0	2.5	1.0	0.6937683	1.0
	0.0	52	1	1	1	1	1	1	1									1.0	2	9.0	4.0	2.5	2.0	-1.585484	
	0.0	52	1	1	2	4	1	2	4									2.3333333	2	0.0	3.0		1.0	-0.01562718	
0.64875525	0.0	46	1	1	2	1	1	1	1	1	1	3	3	1	2	0.25711823	0.39948225	1.1666666	2	7.0	3.0	4.0	3.5	-1.4138333	1.0
	0.0	39	1							3	3	3	3	3	3	2.5556517	2.5556517		2	4.0	0.0				
0.7277236	0.0	55	0	3	1	5	2	5	1	1	1	4	4	1	1	0.39948225	0.39948225	2.8333333	2	9.0	4.0	4.0	4.0	0.20185053	1.0
	0.0	54	0	1	1	1	1	1	1	1	2	1	1	1	1			1.0	2	2.0	1.0	2.0	2.0	-1.585484	
1.8828421	0.0	40	1	4	4	1	5	2	3	3	3	1	4	4	4	0.25711823	0.25711823	3.1666667	2	3.0	2.0	1.0	1.0	0.7423215	1.0
0.7717149	0.0	37	1		4	2	4	2		3	3	3	4	4	3	2.3994823	2.3994823		2	5.0	3.0	2.5	2.0		
	0.0	36	0	1	2	4	1	1	3	3	2	4	2	2	3	0.7428818	0.7428818	2.0	2	8.0	4.0	4.0	2.0	-0.44272038	1.0
0.56120956	0.0	42	1	3	1	2	2	2	1	2	1	3		1	1	0.0480299	0.0480299	1.8333334	2	6.0	3.0	3.0	2.0	-0.7850155	1.0
0.7152226	0.0	41	1	2	2	4	4	2	2	2	2	4	4	1	3	0.39948225	0.39948225	2.6666667	2	6.0	3.0	3.0	2.5	0.1393039	1.0
	0.0	45	1	4	1	4	4	3	2	4	1	5	4	1	2	2.95197	2.95197	3.0	2	8.0	3.0	4.0	3.0	0.44300023	1.0
0.51341385	0.0	50	1	1	2	4	4	1	3	3	2	2	4	2	2	2.043716	2.043716	2.5	2	5.0	4.0	2.0	3.5	0.067741714	1.0
	0.0	53	1	3	3	3	2	2	2	2	3	3	2	2	2			2.5	1	3.0	1.0	3.0	2.0	-0.03364131	
	0.0	52	1	4	2	2	3	1	2	3	2	2	2	1	2	0.043715954	0.043715954	2.3333333	2	1.0	3.0	1.0	2.0	-0.21341379	1.0
0.55867004	0.0	40	1	2	3	4	4	2	2	2	3	4	4	1	2	1.043716	1.043716	2.8333333	2	6.0	1.0	4.0	3.0	0.31095463	1.0
	0.0	43	1	1	2	4	4	2	4	3	2	4	3	2	4	0.55565166	0.55565166	2.8333333	2	7.0	2.0	5.0	1.0	0.49483493	1.0
	0.0	55	1	1	1	2	2	1	1	1	1	1	1	1	2	4.5556517	4.5556517	1.3333334	2	5.0	2.0	1.5	3.0	-1.2603625	1.0
1.1618458	0.0	37	0	1	1	4	5	2	1	1	3	5	5	2	2	0.95628405	0.95628405	2.3333333	2	8.0	2.0	5.0	1.0	-0.26597768	1.0
	0.0	41	0	2	1	4	4	4	2									2.8333333	2	7.0	4.0	4.5	4.0	0.31562898	
1.2376616	0.0	40	1	2	1	2	1	2	1	1	1	1	3	1	2	1.4443483	1.4443483	1.5	1	9.0	1.0	4.0	2.0	-1.1058491	1.0
	0.0	41	1	2	3	4	4	1	5									3.1666667	1	5.0	4.0			0.8962826	
0.94281876	0.0	52	0		2	1	1	1	1	2	2			2	3	1.4443483	1.4443483		2	7.0	3.0	1.0	1.0		
	0.0	37	0	1	1	1	2	1	1									1.1666666	2	8.0	4.0	3.5	2.5	-1.41533	
	0.0	37	0	3	2	5	4	2	4	4	3	3	2	3	2	0.60051775	0.60051775	3.3333333	2	0.0	1.0	1.0	1.0	0.9511615	1.0
1.397721	0.0	55	0	1	1	1	1	1	1	1	1	1	1	1	1	0.68478584	0.68478584	1.0	1	7.0	3.0	3.5	4.0	-1.585484	1.0
0.8846807	0.0	46	0	1	1	2	2	1	1	1	1	2	1	1	1	0.7428818	0.7428818	1.3333334	2	7.0	3.0	3.5	1.5	-1.2603625	1.0
	0.0	44	0	1	2	2	1	1	3	2	2	2	2	2	2	0.043715954	0.043715954	1.6666666	2	6.0	2.0	3.5	3.0	-0.75265527	1.0
0.97439194	0.0	52	0	2	2	2	2	1	3	2	2	4	4	1	5	1.6847858	1.6847858	2.0	2	8.0	4.0	4.5	3.0	-0.43182167	1.0
	0.0	54	0	1	2	2	2	2	2	1	2	1	5	2	4	0.95628405	0.95628405	1.8333334	2	2.0	3.0	1.0	1.0	-0.66161865	1.0
	0.0	48	0	3	2	2	1	2	2	3	1	3	2	1	3	0.043715954	0.043715954	2.0	2	8.0	1.0	5.0	3.0	-0.5304135	1.0
	0.0	52	0	1	1	1	1	1	1	1	1	1	1	1	1	2.2571182	1.6005177	1.0	2	10.0	3.0	5.0	4.5	-1.585484	1.0
0.7332408	0.0	55	0	1	1	1	1	1	1	1	1	2	1	1	1	1.2571182	1.2571182	1.0	2	10.0	3.0	5.0	2.0	-1.585484	1.0
0.5069826	0.0	55	1	1	1	3	4	3	2	1	2	3	2	1	2	2.04803	2.04803	2.3333333	2	1.0	3.0	1.0	3.0	-0.16400594	1.0
	0.0	35	1	4	1	2	4	2	1	4	2	2	3	1	2	0.60051775	0.60051775	2.3333333	2	10.0	3.0	5.0	4.0	-0.29402786	1.0
0.7541529	0.0	53	0	2	1	5	3	1	1	1	2	2	1	1	1	0.60051775	0.60051775	2.1666667	2	8.0	4.0	4.5	3.0	-0.47462663	1.0
2.214271	0.0	55	0	2	2	3	3	1	2	2	2	2	2	1	2	0.44434834	0.44434834	2.1666667	2	7.0	2.0	3.0	3.0	-0.3598055	1.0
	0.0	42	0	1	1	2	1	1	1	1	1	4	2	1	1	1.043716	1.043716	1.1666666	2	10.0	4.0	5.0		-1.4305166	
1.1643543	0.0	37	1	1	1	1	1	1	1	5	1	5	5	5	5	3.5556517	3.5556517	1.0	1	8.0	1.0	2.0	2.5	-1.585484	1.0
	0.0	52	1	2	2	2	2	1	2	1	2	2	4	1	2	4.043716	4.043716	1.8333334	1	4.0	2.0	3.5	3.5	-0.684927	1.0
	0.0	37	1	3	3	4	4	1	1									2.6666667	2	10.0	3.0	3.5	4.0	0.034540992	
0.6904459	0.0	39	1	4	3	4	4	3	3	4	3	5	3	3	2	1.956284	1.956284	3.5	2	6.0	2.0	4.0	3.0	1.039407	1.0
	0.0	36	1	2	4	4	4	3											2	1.0	2.0	3.5	4.0		
0.5988512	0.0	39	1	1	1	2	1	2	1	1	2	1	1	1	1	1.956284	4.04803	1.3333334	2	8.0	3.0	4.0	4.0	-1.2565287	1.0
	0.0	55	1	1	2	3	1	1	1									1.5	2	6.0	1.0	1.5	2.0	-1.1038984	
0.9098462	0.0	55	0	1	2	1	1	1	2	1	1	1	3	1	1	1.7428818	0.31521416	1.3333334	2	5.0	1.0	4.0	2.0	-1.160728	1.0
1.0270425	0.0	44	1	3	3	3	4	3	3	1	3	4	2	2	3	0.31521416	2.3994823	3.1666667	1	0.0	0.0	3.0	3.0	0.73375994	1.0
2.1142836	0.0	39	1	4	4	2	2	2	4	5	2	5	5	2	4	2.5556517	2.5556517	3.0	2	7.0	2.0	4.0	2.0	0.63993216	1.0
0.99036735	0.0	54	1	1	2	1	2	1	2	1	2	2	1	1	1	2.2571182	6.043716	1.5	1	8.0	2.0	3.0	2.0	-0.99057394	1.0
0.824371	0.0	45	0	1	1	5	2	1	1	1	1	4	1	1	1	1.6847858	1.6847858	1.8333334	2	10.0	3.0	5.0	4.0	-0.7954602	1.0
	0.0	53	1							2	1				4				0	2.0	1.0				
	0.0	38	1	1	3	4	3	2	1									2.3333333	2	6.0	1.0	2.5	3.0	-0.26298428	
	0.0	41	1	2	2	4	1	1	1	2	2	4	3	1	2	5.742882	5.742882	1.8333334	0	7.0	1.0	1.5	1.0	-0.7982514	1.0
0.5814752	0.0	43	1	2	2	2	4	2	2	2	2	2	4	4	2	0.95628405	0.95628405	2.3333333	2	7.0	2.0	3.0	1.5	-0.17063099	1.0
	0.0	46	0	1	1	3	3	2	2									2.0	2	8.0	3.0	3.5	1.5	-0.5081479	
0.9640282	0.0	49	0	2	1	4	4	1	1	1	1	4	2	1	1	0.043715954	0.043715954	2.1666667	2	9.0	1.0	4.0	3.0	-0.45944005	1.0
	0.0	42	0	2	3	3	3	3	2									2.6666667	2	3.0	4.0	2.5	3.0	0.15982106	
0.73896354	0.0	55	0	1	1	3	4	1	1	1	1	4	2	1	1	1.7428818	1.7428818	1.8333334	2	3.0	2.0	2.5	2.5	-0.76508707	1.0
1.6464846	0.0	45	0	1	1	3	1	1	2	1	1	4	3	1	1	0.0480299	0.31521416	1.5	1	7.0	3.0	3.0		-1.0224439	
0.7709099	0.0	38	1	4	1	1	2	1		2	2	2	2	1	2	1.3994823	1.3994823		2	7.0	4.0	2.5	4.5		
0.57531434	0.0	35	1	1	5	3	2	1	3	1	4	3	2	3	4	0.31521416	0.0480299	2.5	2	0.0	2.0	1.5	2.0	0.0874184	1.0
0.7427946	0.0	55	0	2	2	2	2	2	3	2	2	2	2	2	2	0.0480299	0.0480299	2.1666667	2	7.0	3.0	3.0	1.5	-0.25783375	1.0
0.5663529	0.0	41	1	3	2	3	2	1	2	4	2	3	2	1	2	1.7428818		2.1666667	2	9.0	1.0	4.0	4.0	-0.37927994	1.0
0.98402077	0.0	51	0	3	1	5	4	1	4	2	1	5	5	1	4	0.55565166	0.55565166	3.0	2	8.0	3.0	5.0	1.0	0.6055229	1.0
1.1108365	0.0	53	1	1	1	1	1	1	1	1	1	1	2	1	1	1.4443483	1.4443483	1.0	1	8.0	4.0	3.0	1.5	-1.585484	1.0
0.6502787	0.0	42	1	1	3	5	3	2	4	1	1	4	2	1	2	0.0480299	0.0480299	3.0	2	5.0	2.0	3.0	2.0	0.65129906	1.0
0.92698383	1.0	48	0	1	5	2	2	1	2	1	1	2	2	1	2			2.1666667	2	9.0	4.0	4.0	2.0	-0.32065433	
0.80631423	0.0	47	0	2	2	2	1	3	2	4	2	2	2	2	2	1.7428818		2.0	2	9.0	1.0	4.0	3.5	-0.5071052	1.0
0.8272554	0.0	52	0	2	1	2	3	1	2	3	2	2	5	2	3	1.4443483	1.4443483	1.8333334	2	8.0	3.0	4.5	1.0	-0.68642366	1.0
2.607628	0.0	45	0	5	4	4	2	2	1	5	3	5	2	2	1	0.043715954	0.043715954	3.0	2	5.0	0.0	2.0	1.5	0.34123072	1.0
	0.0	37	1	1	2	2	4	1	2									2.0	2	7.0	4.0	2.0	4.0	-0.49529848	
1.1533885	0.0	36	0	4	2	2	3	1	3	4	3	3	2	2	3	0.55565166	0.55565166	2.5	2	7.0	2.0		1.0	0.039691515	
1.6027482	0.0	40	1	2	2	4	2	1	3	4	2	4	3	2	3	1.99281	1.99281	2.3333333	2	5.0	1.0	2.5	1.5	-0.12188678	1.0
2.3420315	0.0	44	0	3	5	5	4	2	5	4	5	4	4	2	5	1.5556517	1.5556517	4.0	2	0.0	1.0	1.0	1.0	1.719219	1.0
0.71329015	0.0	37	1	4	4	4	4	3	3	4	4	4	4			0.7428818	0.7428818	3.6666667	2	6.0	1.0	1.5	2.0	1.2110577	1.0
0.59769446	0.0	41	1	1	1	1	5	2	2	2	4	2	2	5	1	3.7428818	3.7428818	2.0	2	9.0	1.0	5.0	5.0	-0.4777747	1.0
	0.0	32	1	5	3	4	4	4	4									4.0	0	6.0	0.0	4.0	3.5	1.6171798	
0.66007155	0.0	35	1	4	3	2	5	4	5	4	4	5	5	4	5	0.68478584	0.68478584	3.8333333	2	6.0	1.0	4.0	3.0	1.5798246	1.0
0.91707873	0.0	44	0	1	2	3	2	2	3	3	3	2	4	2	2	0.0480299	0.0480299	2.1666667	2	1.0	2.0	1.0		-0.25354588	
	0.0	38	1	4	3	4	4	1	1	2	3	4	2	3	1	0.60051775	1.2571182	2.8333333	2	6.0	3.0		3.0	0.18522057	
	0.0	46	1	4	2	3	4	1	2	3	2	4	2	2	2	4.3994823	4.3994823	2.6666667	1	8.0	3.0	4.0	3.0	0.11170769	1.0
	0.0	40	1	4	3	5	3	3	3	5	4	4	3	3	3	1.4443483	1.4443483	3.5	2	4.0	1.0	1.0	1.0	1.0242203	1.0
0.94054586	0.0	53	0	1	1	4	3	1	3	3	1	4	2	1	2	2.6847858	2.6847858	2.1666667	2	8.0	4.0	5.0	3.0	-0.27406305	1.0
0.6565318	0.0	55	1	1	1	4	3	1	1	1	1	5	3	1	3	2.04803	2.04803	1.8333334	2	7.0	3.0	4.0	3.0	-0.7802736	1.0
1.6477548	0.0	37	1	5	4	4	2	2	4	5	5	5	5	2	5			3.5	2	0.0	3.0	4.0	1.0	1.1005466	
	0.0	42	0	3	1	2	1	2	1	2	3	3	2	3	3	0.95628405	0.95628405	1.6666666	2	4.0	3.0	2.5	2.5	-0.95516956	1.0
0.63704795	0.0	55	1	5	1	2	3	4	2	5	2	2	4	2	3	2.5556517	2.5556517	2.8333333	2	5.0	3.0	2.5	2.5	0.2875788	1.0
	0.0	43	1	5	4	5	3	2	4	3	2	4	3	3	3	0.043715954	0.043715954	3.8333333	2	4.0	2.0	1.0	1.0	1.4256681	1.0
3.3838325	0.0	36	1	2	2	4	3	2	3	2	2	4	3	2	3	2.043716	2.043716	2.6666667	1	6.0	1.0	3.0	2.0	0.22225516	1.0
	0.0	39	0	3	3	4	4	2	3									3.1666667	2	2.0	3.0	2.0	3.0	0.7147395	
2.3787835	0.0	37	0	3	2	3	3	1	3	3	2	4		1		2.5556517	2.5556517	2.5	2	9.0	2.0	4.0	1.0	0.043979384	1.0
	0.0	42	1	1	1	2	2	1	1	1	1	1	2	1	1	0.95628405	0.95628405	1.3333334	2	8.0	3.0	2.0	4.0	-1.2603625	1.0
0.8784464	0.0	44	0	1	1	1	1	1	1	1	1	1	1	1	1	0.95628405	0.95628405	1.0	2	8.0	4.0	4.5	4.0	-1.585484	1.0
	0.0	42	0	4	2	4	2	3	4	4	3	4	2	2	4	1.5556517	1.5556517	3.1666667	2	5.0	3.0	4.5	2.0	0.78055346	1.0
1.6577877	0.0	37	1	4	2	4	4	2	3	4	3	2	3	4	2	2.04803	2.04803	3.1666667	2	1.0	1.0	2.5	3.0	0.6937683	1.0
0.5856431	0.0	46	1	2	2	2	4	2	2	1	4	2	4	2	4	0.60051775	0.60051775	2.3333333	2	4.0	3.0	1.0	2.0	-0.17063099	1.0
0.6988068	0.0	37	1	1	1	2	1	1	1	1	1	1	1	1	1	1.2571182	1.2571182	1.1666666	2	6.0	3.0	2.0	3.0	-1.4305166	1.0
0.5395279	0.0	46	1	3	1	5	4	1	4	3	1	4	5	1	3	0.9519701	0.9519701	3.0	2	3.0	3.0	1.5	1.0	0.6055229	1.0
0.8006616	0.0	48	0	2	3	4	3	2	2	2	2	2	2	2	2	1.043716		2.6666667	2	5.0	3.0	2.5	2.5	0.1408006	1.0
	0.0	43	0	3	1	3	1	2	2	2	1	3	2	3	1	0.7428818	0.7428818	2.0	2	4.0	3.0	4.0	2.0	-0.5470968	1.0
	0.0	39	1	2	3	4	4	2	3	2	4	5	4	3	4	1.0480299	1.043716	3.0	2	4.0	2.0	2.5	1.5	0.5640599	1.0
2.8135886	0.0	51	1	4	5	2	4	3	3	4	5	4	2	3	4	2.00719	2.00719	3.5	1	2.0	1.0	2.5	1.0	1.0727736	1.0
0.77937937	0.0	35	1	1	1	3	1	1	1		2	4	3	1		1.2571182	1.2571182	1.3333334	2	5.0	3.0		1.5	-1.2755492	
0.51731706	0.0	54	1	1	1	1	2	1	1	1	1	1	2	1	1	2.6005177	2.6005177	1.1666666	2	9.0	3.0	3.0	3.5	-1.41533	1.0
0.6177244	0.0	37	1	1	1	4	2	1	4	2	2	3	1	2	2	0.99281	0.99281	2.1666667	2	4.0	3.0	2.5	1.5	-0.19111179	1.0
2.0342607	0.0	36	1	4	3	2	4	2	4	4	4	2	4	2	5	0.31521416	0.31521416	3.1666667	2	0.0	1.0	3.0	3.5	0.80858946	1.0
	0.0	43	1	2	2	4	2	1	4									2.5	2	8.0	3.0	4.0	2.0	0.13121852	
2.935544	0.0	44	1	5	4	4	4	5	3	5	4	5	5	5	2			4.1666665	1	0.0	0.0	1.5	3.0	1.7097131	
3.1879745	0.0	39	1	4	5	5	4	5	4	4	5	5	4	4	5	0.043715954	0.043715954	4.5	1	1.0	0.0	1.0	1.0	2.138757	1.0
1.6964666	0.0	44	1	4	2	4	4	4	4	4	2	4	4	4	4	3.7428818	3.7428818	3.6666667	2	7.0	1.0	4.0	4.0	1.2948494	1.0
1.1070926	0.0	36	0	3	2	4	2	1	2	2	2	3	1	1	1	0.55565166	0.55565166	2.3333333	2	7.0	4.0	2.0	3.0	-0.2243125	1.0
	0.0	48	1	4	4	2	2	2	4									3.0	2	6.0	3.0	3.0	2.0	0.63993216	
	0.0	51	0	4	2	2	1	1	1									1.8333334	2	2.0	1.0	3.0	2.0	-0.8068271	
0.68580574	0.0	42	1	1	2	4	4	1	4	1	2	2	2	1	2	0.95628405	0.95628405	2.6666667	2	8.0	1.0	4.0	4.0	0.320847	1.0
1.7602624	0.0	37	1	5	5	1	5	3	5	5	5	3	5	2	5	2.99281	2.99281	4.0	2	5.0	2.0	4.5	1.0	1.7448503	1.0
	0.0	46	1	4	2	3	3	2	2	3	1	3	2	1	1	0.0480299	0.0480299	2.6666667	2	7.0	2.0	3.0	1.0	0.11554156	1.0
0.7869403	0.0	35	1	4	1	4	4	2	2	2	2	4	2	1	2	0.0480299	0.0480299	2.8333333	2	8.0	4.0	4.0	4.0	0.2690123	1.0
0.56969136	0.0	49	1	4	2	2	4	2	2	2	2	2	1	2	1	0.55565166	0.55565166	2.6666667	2	7.0	1.0	4.5	1.0	0.13072816	1.0
0.5370787	0.0	45	1	4	2	4	4	4	5	4	2	4	4	3	3	4.742882	4.742882	3.8333333	2	2.0	1.0	2.5	3.0	1.5479548	1.0
0.5127703	0.0	51	1	1	1	1	2	1	1	1	1	1	1	1	1	1.043716	1.043716	1.1666666	2	10.0	2.0	1.0	2.0	-1.41533	1.0
3.406761	0.0	38	1	4	1	2	2	3	5	2	2	3	2	3	1	3.99281	3.99281	2.8333333	1	6.0	1.0	2.0	2.0	0.5520732	1.0
1.0913372	0.0	52	1	1	2	1	4	1	2	2	1	1	2	1	1	2.5556517	2.5556517	1.8333334	1	8.0	1.0	1.0	1.0	-0.65026593	1.0
	0.0	41	1	2	2	2	4	2	3	4	2	4	4	3	2	2.043716	2.043716	2.5	2	3.0	1.0	3.0	3.5	0.082474306	1.0
	0.0	32	1	4	3	5	4	1	4	4	4	2	4	2	2	1.7428818	1.7428818	3.5	2	4.0	3.0	4.0	2.0	1.0995039	1.0
0.6146028	0.0	39	1	2	1	4	4	2	2	4	2	4	2	2	2	0.7428818	0.7428818	2.5	2	7.0	2.0	4.0	2.0	-0.032346833	1.0
	0.0	39	1	1	5	4	5	4	4	2	2	5	4	4	4	1.4443483	1.4443483	3.8333333	2	2.0	1.0	1.0	1.0	1.5279169	1.0
0.5710358	0.0	42	1	1	2		4	2	3	1	3			1		0.9519701	0.9519701		2	2.0	3.0	1.0			
1.0698649	0.0	43	1	2	2	3	3	1	2	2	2	2	2	1	1	0.55565166	0.55565166	2.1666667	1	6.0	3.0	2.5	1.5	-0.3598055	1.0
	0.0	39	1	3	4	4	3	3	5									3.6666667	1	0.0	0.0	3.0	2.0	1.3964347	
	0.0	47	1	5	5	4	5	2	4	5	5	3	3	5	5	3.2571182	3.2571182	4.1666665	2	5.0	0.0	1.0	1.0	1.7826594	1.0
	0.0	42	1	2	1	2	1	1	1									1.3333334	2	6.0	3.0	3.0	2.0	-1.279837	
	0.0	51	1	1	2	4	4	1	1	1	2	2	4	1	4	0.9519701	0.9519701	2.1666667	2	8.0	3.0	3.0	3.0	-0.43846887	1.0
	0.0	37	0	3	5	3	2	1	5	3	5	1	4	2	4	0.68478584	0.68478584	3.1666667	2	7.0	3.0	3.0	2.0	0.8949881	1.0
0.5766371	0.0	45	1	2	2	2	2	2	2	1	1	2	2	1	2	0.68478584	2.5556517	2.0	2	7.0	2.0	2.5	2.0	-0.51093906	1.0
	0.0	40	1	4	1	5	4	4	4	2	2	5	4	2	2	0.95628405	0.95628405	3.6666667	2	7.0	2.0	4.0	2.5	1.2781662	1.0
1.0121348	0.0	47	0	3	1	4	4	1	1	2	1	3	3	1	2	0.95628405	0.95628405	2.3333333	2	10.0	3.0	4.5	3.0	-0.30876046	1.0
	0.0	53	0	4	5	2	3	2	4									3.3333333	2	6.0	1.0	3.5	1.5	0.9817369	
4.140322	0.0	55	0	2	2	1	2	1	3	1	2	1	2	1	2			1.8333334	1	6.0	3.0	3.5	4.0	-0.58678913	
	0.0	54	1	3	3	4	3	2	2									2.8333333	1	5.0	2.0	3.0	1.0	0.29148015	
0.9090785	0.0	54	0	3	2	3	3	3	3	3	3	3	3	3	3	0.0480299	0.0480299	2.8333333	2	5.0	3.0			0.3919552	
	0.0	54	1	2	1	2	2	2	2									1.8333334	2	9.0	3.0	4.0	4.0	-0.68258977	
	0.0	35	1	4	4	5	5	2	3									3.8333333	2	5.0	3.0	2.5	2.0	1.3621913	
1.0341243	0.0	53	1	4	2	2	2	1	2	4	2	2	2	1	1	0.55565166	0.55565166	2.1666667	1	5.0	3.0	3.0	1.0	-0.3835678	1.0
0.5231835	0.0	50	1	3	4	5	2	2	2	3	2	4	3	2	3			3.0	2	3.0	3.0		2.0	0.4479443	
	0.0	36	1	3	3	2	4	2	3									2.8333333	2	2.0	2.0	1.5	1.5	0.40480462	
	0.0	37	1	4	5	3		5	3										0	0.0	0.0	1.0	1.0		
	0.0	51	0	4	5	1	2	1	5	4	5	3	2	2	4	2.5556517	2.5556517	3.0	1	0.0	1.0	1.0	1.0	0.7357328	1.0
1.0914501	0.0	41	0	4	1	5	1	1	3	4	2	5	5	2	4	1.4443483	1.4443483	2.5	2	10.0	3.0	5.0	1.0	-0.0073649567	1.0
	0.0	43	1	4	3	4	3	1	4									3.1666667	2	3.0	3.0	1.0	4.0	0.7743824	
2.1969373	0.0	51	0	1	2	4	2	4	4	3	4	4	4	1	5			2.8333333	2	5.0	0.0	1.0	1.5	0.5025027	
0.5267176	0.0	51	1	2	4	4	5	2	2	3	4	4	5	3	4	0.99281	0.99281	3.1666667	2	3.0	1.0	2.0	2.0	0.6527594	1.0
	0.0	51	1	2	2	4	4	2	3	4	3	4	4	2	2	3.5556517	3.5556517	2.8333333	1	6.0	4.0	2.5	2.5	0.3924092	1.0
1.5047882	0.0	48	1	1	1	3	1	1	1	1	1	1	1	1	1	3.5556517	2.043716	1.3333334	2	0.0	1.0		3.0	-1.2755492	
	0.0	37	1	3	4	4	1	2	2	2	3	5	4	3	2	3.043716	3.043716	2.6666667	2	2.0	3.0	1.5	2.0	0.12282283	1.0
	0.0	41	1	3	5	2	1	4	3	4	3	2	3	3	3	1.4443483	1.4443483	3.0	1	3.0	1.0	1.0	1.0	0.5856198	1.0
0.65842664	0.0	53	1	1	1	2	1	1	1	1	1	1	3	1	1	1.3994823	1.3994823	1.1666666	2	8.0	3.0	2.5	3.5	-1.4305166	1.0
0.62601066	0.0	53	1	1	1	1	4	1	1	1	1	1	1	1	1	0.95628405	0.95628405	1.5	2	8.0	1.0	5.0	1.0	-1.075022	1.0
	0.0	41	1	4	4	4	4	4	4	5	5	3	5	3	3	0.99281	0.99281	4.0	1	0.0	1.0	2.0	1.0	1.6381509	1.0
5.7327905	0.0	38	0	3	2	2	3	3	2	1	3	3	4	3	1	2.043716	2.043716	2.5	0	4.0	2.0	2.5	1.5	-0.01611754	1.0
0.592529	0.0	45	1	4	1	2	2	1	4	5	4	4	4	4	5	0.0480299	0.31521416	2.3333333	2	2.0	4.0	1.0	1.0	-0.049007952	1.0
0.61421496	0.0	45	1	4	3	1	4	1	2	5	4	4	3	1	2	1.5556517	0.043715954	2.5	2	5.0	1.0	1.0	1.5	-0.026576461	1.0
0.5588463	0.0	49	1	2	2	2	1	1	1	3	2	2	3	1	2	0.44434834	0.44434834	1.5	2	7.0	3.0	3.5	2.0	-1.1081862	1.0
	0.0	55	1	4	3	2	4	2	3									3.0	2	5.0	3.0	1.5	1.0	0.5554842	
	0.0	53	1	5	4	4	2	2	3									3.3333333	2	2.0	1.0	4.0	4.5	0.8474413	
0.76044726	0.0	55	0	2	1	2	2	1	1	2	1	2	2	1	1	0.39948225	0.39948225	1.5	2	9.0	3.0	4.0	4.0	-1.109683	1.0
	0.0	45	0	3	4	4	4	3	4									3.6666667	2	4.0	0.0	3.0	4.0	1.3134835	
	0.0	55	0	2	1	2	1	2											1	10.0	3.0	5.0	4.5		
0.620185	0.0	35	1	5	2	4	3	1		5	2	5		1		5.5556517	5.5556517		2	4.0	0.0	2.0	2.0		
0.8395119	0.0	49	0	2	1	4	3	1	2	2	2	2	5	1	2	0.043715954	0.043715954	2.1666667	2	4.0	3.0	1.5	1.5	-0.37648878	1.0
	0.0	55	1	2	2	2	2	2	2									2.0	1	0.0	1.0	1.0	2.0	-0.51093906	
0.72187185	0.0	43	1	4	4	3	4	3	3	4	3	3	3	3	3	2.00719	2.00719	3.5	2	7.0	1.0	2.0	3.0	1.0560902	1.0
	0.0	37	0	1	2	4	1	1	1	3	2	4	2	2	4	0.60051775	0.60051775	1.6666666	2	8.0	2.0	4.5	4.0	-0.948931	1.0
5.7823834	0.0	44	1	2	4	4	3	3	3	2	2	2	3	3	3	1.5556517	1.5556517	3.1666667	0	6.0	0.0	2.0	3.0	0.7395445	1.0
0.84188294	0.0	41	0	4	1	4	5	3	4	3	3	5	4	4	2	4.04803	0.44434834	3.5	2	9.0	2.0	4.5	4.5	1.1193649	1.0
0.7588638	0.0	38	1	4	2	4	5	2	2	4	2	2	3	1	2	0.25711823	0.39948225	3.1666667	2	9.0	4.0	3.5	4.0	0.6108171	1.0
	0.0	50	1	2	2	2	2	2	2	4	2	4	3	2	2			2.0	2	6.0	1.0	1.5	1.0	-0.51093906	
	0.0	38	1	4	2	3	3	2	3	3	2	4	3	3	3	1.7428818	0.31521416	2.8333333	2	3.0	3.0	1.0	1.0	0.36864686	1.0
	0.0	52	1	1	1	2	3	3	4	1	2	3	4	1	4			2.3333333	2	5.0	4.0	3.5	1.5	0.01708318	
	0.0	36	1	2	3	3	4	2	4	1		2	1	1	1	2.5556517	2.5556517	3.0	1	0.0	0.0	2.5	3.0	0.66219777	1.0
0.8727449	0.0	44	0	2	2	2	2	1	3	1	2	4	3	2	2	2.99281	0.0480299	2.0	2	6.0	3.0	3.0	2.0	-0.43182167	1.0
0.64043474	0.0	43	1	5	3	5	1	3	5	2	4		3	3	4	0.043715954	1.5556517	3.6666667	2	0.0	1.0	1.0	1.0	1.3408024	1.0
	0.0	39	1	4	5	4	3	3	4									3.8333333	0	2.0	2.0	2.0	1.0	1.4656597	
	0.0	39	1	5	2	4	1	1	1									2.3333333	1	3.0	3.0	1.0		-0.3462127	
1.1189722	0.0	47	1	3	2	1	1	1	1	4	1	1	3	1	1	1.043716	1.043716	1.5	1	8.0	2.0	3.0	3.0	-1.1124742	1.0
0.60923135	0.0	43	1	1	2	2	3	1	3	1	1	4	3	1	2	0.95628405	0.95628405	2.0	2	5.0	2.0	3.0	2.0	-0.4123472	1.0
	0.0	35	1	4	2	5	2	1	4	4	2	5	2	2	4	0.44434834	0.44434834	3.0	2	7.0	1.0	1.5	1.0	0.5875451	1.0
0.5376248	0.0	47	1	3	3	3	4	3	2	2	3	3	2	1	3	1.3994823	1.3994823	3.0	2	6.0	2.0	2.0	2.0	0.48065466	1.0
1.55412	0.0	38	1							3	3	3	3	3	3				2	5.0	2.0	1.0	1.0		
1.4867494	0.0	54	1	1	4	4	3	1	3	4	3	4	2	1	3	1.043716	1.043716	2.6666667	2	1.0	3.0	1.5	1.0	0.24088915	1.0
0.54988205	0.0	39	1	5	4	5	5	5	5	4	3	2	4	2	4	2.3152142	2.3152142	4.8333335	2	3.0	2.0	1.0	1.0	2.5410452	1.0
	0.0	42	1	2	2	4	2	3	2	1	2	4	2	2	4	1.0480299	1.0480299	2.5	2	6.0	4.0	3.0	3.0	-0.027016262	1.0
	0.0	44	1		2	2		1	2	2	1	3	2	2	2	3.5556517	3.5556517		2	3.0	1.0	1.0	1.5		
	0.0	44	1	3	3	3	3	3	3									3.0	1	6.0	2.0	3.0	3.0	0.5636059	
	0.0	39	1	5	4	4	3	2	5	5	5	5		2	5	1.4443483	1.4443483	3.8333333	2	0.0	2.0	4.0	1.0	1.523806	1.0
	0.0	49	1	2	3	4	3	3	3									3.0	1	2.0	2.0	1.0	1.0	0.5678938	
	0.0	49	1	3	3	4	4	2	4	4	2	4	4	1	3	0.043715954	3.7428818	3.3333333	2	6.0	2.0	1.0	1.5	0.9678448	1.0
0.57506967	0.0	39	1	4	3	5	4	3	1	4	3	4	5	4	4	0.60051775	0.60051775	3.3333333	2	4.0	1.0	1.0	1.0	0.6881638	1.0
4.069296	0.0	55	0	1	2	3	1	1	1	2	5	1	2	5	5			1.5	1	6.0	1.0	4.0	3.5	-1.1038984	
3.0312643	0.0	42	1	3	5	4	4	3	4	3	3	5	4	3	5	5.5556517	5.5556517	3.8333333	1	4.0	1.0	1.0	1.0	1.4851341	1.0
1.6901245	0.0	42	0	2	2	2	2	2	4	1	1	3	1	1	4	2.5556517	2.5556517	2.3333333	1	3.0	1.0	2.0	2.0	-0.0047284584	1.0
1.3033816	0.0	35	1	4	2	4	4	3	3	3	2	4	4	1	2	2.043716	2.043716	3.3333333	1	5.0	2.0	2.5	1.0	0.86775625	1.0
	0.0	38	0	1	2	2	1	1	3	2	1	1	2	1	4	2.04803		1.6666666	2	10.0	3.0	5.0	1.0	-0.75265527	1.0
0.80672616	0.0	49	0	2	2	4	3	1	1	2	2	3	2	1	1	0.007189989	0.007189989	2.1666667	2	9.0	2.0	4.0	3.0	-0.45794335	1.0
	0.0	54	1	4	3	4	4	3	3	4	3	4	3	2	3	2.2571182	2.2571182	3.5	0	0.0	1.0	1.0	2.0	1.039407	1.0
0.98738945	0.0	43	0	1	1	1	1	1	1	1	1	2	1	1	1	0.55565166	0.55565166	1.0	2	8.0	4.0	4.0	3.0	-1.585484	1.0
	0.0	42	1	1	1	4	4	3	1									2.3333333	2	7.0	4.0	3.0	3.0	-0.2621438	
0.48846927	0.0	50	1	3	1	2	2	2	2	4	1	3	2	1	3	1.043716	2.5556517	2.0	2	7.0	3.0	4.0	4.0	-0.5319102	1.0
	0.0	42	0	3	2	2	3	2	4									2.6666667	2	8.0	4.0	4.5	2.0	0.31610516	
0.5622414	0.0	44	1	4	2	3	3	2	2	3	1	2	3	1	1	1.5556517	1.5556517	2.6666667	2	7.0	2.0	1.0	1.0	0.11554156	1.0
	0.0	37	1	4	4	2	4	2	4	5	4	5	5	1	5	3.5556517	3.5556517	3.3333333	2	2.0	2.0	1.0	1.0	0.9802402	1.0
0.65543026	0.0	45	1	2	1	2	2	2	2	3	3	3	3	3	5	1.0480299	1.0480299	1.8333334	2	10.0	1.0	3.0	2.0	-0.68258977	1.0
0.647907	0.0	36	1	2	3	5	5	2	4	2	2	5	4	2	3	0.043715954	0.043715954	3.5	2	4.0	2.0	1.5	4.0	1.1422867	1.0
	0.0	44	1	1	2	1	3	1	3	2	2	1	1	2	2	1.043716	1.043716	1.8333334	2	7.0	4.0	4.0	1.0	-0.5673146	1.0
	0.0	35	1	1	3	4	2	2	2	2	4	5	3	3	2	3.04803	3.04803	2.3333333	2	6.0	4.0	2.0	1.0	-0.18003301	1.0
	0.0	36	1	4	2	4	4	1	4	2	2	4	4	3	3	2.043716	2.3994823	3.1666667	2	6.0	3.0	3.5	2.0	0.77288574	1.0
	0.0	48	1	1	2	5	3	3	4	2	3	3	1	1	4	1.3152142	1.3152142	3.0	2	2.0	1.0	1.0	1.0	0.6536362	1.0
1.6959932	0.0	45	0	1	1	1	2	1	1	1	1	1	1	1	1	2.6847858	2.6847858	1.1666666	1	7.0	4.0	2.5	4.0	-1.41533	1.0
	0.0	36	0	2	2	2	4	1	3	4	2	3	2	1	3			2.3333333	2	7.0	2.0	4.0	1.5	-0.0915136	
1.4448695	0.0	46	0	1	2	2	1	2	4	1	3	4	1	1	4	1.7428818	1.7428818	2.0	1	3.0	4.0	3.5	1.0	-0.32556206	1.0
1.6992337	0.0	37	0	4	3	1	4	3	2	4	3	4	3	2	3	0.007189989	0.007189989	2.8333333	1	7.0	1.0	3.0	3.0	0.32139936	1.0
3.340078	0.0	35	1	4	1	4	4	5	5	5	1	5	1	5	1	1.7428818	1.7428818	3.8333333	1	0.0	2.0	4.0	4.0	1.5502919	1.0
	0.0	42	1	2	2	2	4	2	2	3	2	2	4	1	3			2.3333333	1	5.0	3.0	1.0	2.0	-0.17063099	
	0.0	41	1	1	2	1	3	3	1	1	1	3	3	2	2	4.043716	0.25711823	1.8333334	2	7.0	3.0	2.5	4.0	-0.7255494	1.0
1.6325896	0.0	51	1	3	3	3	3	3	3	3	2	3	3	4	3	1.4443483	1.4443483	3.0	2	5.0	2.0	2.0	1.5	0.5636059	1.0
	0.0	42	1	2	1	1	1	1	1									1.1666666	1	8.0	2.0	3.5	3.5	-1.4348044	
	0.0	54	1	1	1	3	2	1	1	1	5	3	1	1	1	0.55565166	0.55565166	1.5	2	8.0	2.0	2.5	1.0	-1.1053951	1.0
2.8082821	0.0	51	1	1	1	2	2	1	1	1	1	2	2	1	2	3.5556517	3.5556517	1.3333334	1	7.0	1.0	3.0	3.0	-1.2603625	1.0
3.6025245	0.0	35	1	5	5	3	4	3	2	5	5	5	5	3		1.2571182	1.2571182	3.6666667	1	0.0	2.0	2.5	3.5	1.1253153	1.0
	0.0	43	1	3	1	2	2	3	2	2	1	1	1	1	1	2.043716	2.043716	2.1666667	0	3.0	3.0	1.5	1.0	-0.35792232	1.0
0.51471215	0.0	47	1	1	1	3	4	3	1	1	1	1	2	1	1	0.043715954	0.043715954	2.1666667	2	6.0	3.0	3.0	3.0	-0.41711125	1.0
	0.0	55	1	2	2	4	2	1	1	3	2	1	2	1	2	2.5556517	2.5556517	2.0	1	0.0	1.0	1.0	2.5	-0.62809736	1.0
	0.0	47	1		2	4	4	1	3										2	7.0	2.0	4.0	2.5		
	0.0	38	1	2	1	2	2	1	2	1	1	1	1	1	1	3.2571182	3.2571182	1.6666666	2	8.0	2.0	5.0	4.5	-0.8565777	1.0
	0.0	44	1	3	4	3	5	3	3	3	3	5	4	3	2	4.9928102	4.9928102	3.5	0	5.0	1.0	1.5	1.0	1.0755647	1.0
3.1456015	0.0	46	1	5	3	3	1		4	5	3	5	3	2	4	1.4443483	1.4443483		1	0.0	1.0	1.0	1.0		
	0.0	47	1	2	2	4	4	2	3	1	1	3	3	1	2	0.043715954	0.043715954	2.8333333	2	7.0	3.0	1.5	2.5	0.3924092	1.0
	0.0	45	1	3	4	5	1	1	2	4	4	5	3	2	3	2.99281	2.99281	2.6666667	2	5.0	1.0	2.0	2.0	0.10380236	1.0
	0.0	38	0	3	1	4	4	2	1	2	1	3	1	1	1	0.95628405	0.95628405	2.5	2	10.0	2.0	4.0	2.5	-0.13477255	1.0
1.5667118	0.0	45	1	3	1	1	1	2	1	2	1	4	3	1	1	5.5556517	5.5556517	1.5	2	3.0	4.0	3.0	2.5	-1.110137	1.0
2.50867	0.0	37	0	2	3	4	4		3	3	2	4	4			2.95197	0.007189989		2	7.0	3.0	4.0	1.0		
	0.0	44	1	1	1	1	1	1	1	1	1	2	2	1	1	0.39948225	0.39948225	1.0	2	7.0	4.0	3.0	2.5	-1.585484	1.0
1.4539806	0.0	47	1	4	3	4	3	3	4	4	4	3		3	4	0.9519701	0.9519701	3.5	2	3.0	3.0		2.0	1.1223582	
1.1951452	0.0	45	1	2	2	2	2	2	2	2	2	2	2	2	3	0.55565166	0.55565166	2.0	1	5.0	1.0	3.5	2.5	-0.51093906	1.0
1.1497356	0.0	39	1	4	3	4	1	3	2	3	4	3		3	3	2.956284	2.956284	2.8333333	1	0.0	1.0		2.0	0.27583957	
1.643159	0.0	42	1	2	1	1	1	1	1	1	5	1	1	1	1	1.7428818	1.7428818	1.1666666	2	4.0	3.0	2.0	2.0	-1.4348044	1.0
	0.0	50	1	1	1	1	1	1	1	1	1	3	2	1	1	3.04803	3.04803	1.0	2	5.0	3.0	2.0	3.0	-1.585484	1.0
0.60071903	0.0	43	1	3	3	4	3	2	4	2	2	4	2	4	3	2.99281	2.99281	3.1666667	2	0.0	2.0	2.5	2.5	0.79769075	1.0
5.7823834	0.0	48	1	5	1	1	5	4	2	5	1	4	3	4	4	2.6847858	2.6847858	3.0	0	6.0	3.0	2.0	3.5	0.4729194	1.0
	0.0	36	1	3	2	5	4	2	3									3.1666667	2	6.0	2.0	2.0	2.0	0.6980562	
	0.0	54	1	4	3	2	3	3	3									3.0	2	3.0	1.0	2.5	2.0	0.55931807	
	0.0	44	1	4	1	2	2	1	1	4	2	4	2	1	3	0.043715954	0.043715954	1.8333334	1	5.0	2.0	1.0	1.0	-0.80832386	1.0
1.742775	0.0	38	0	1	3	4	1	1	4	1	2	4	2	1	3	0.95628405	0.95628405	2.3333333	1	8.0	3.0	4.5	1.5	-0.017964358	1.0
0.6103598	0.0	38	1	3	4	4	4	2	4	2	2	4	4	2	2	1.3994823	1.3994823	3.5	2	5.0	3.0	4.0	2.0	1.1394955	1.0
1.7243986	0.0	43	0	2	1	4	4	1	2	3	2	4	3	3	3	0.44434834	0.44434834	2.3333333	1	6.0	1.0	2.5	2.0	-0.20633474	1.0
	0.0	35	1	2	2	3	2	1	1	2	2	3	2	1	3	0.60051775	1.2571182	1.8333334	2	6.0	2.0	2.5	2.0	-0.78306484	1.0
	0.0	52	1	3	2	3	2	1	2	3	2	4	4	2	2	0.44434834	1.956284	2.1666667	2	5.0	2.0	2.0	2.0	-0.37927994	1.0
1.537228	0.0	50	1	2	5	1	2	1	3	3	5	1	2	4	2	2.99281	2.99281	2.3333333	2	4.0	1.0	2.5	2.5	-0.07183691	1.0
0.5343238	0.0	47	1	4	4	2	3	1	2	1	4		4	1	4	0.99281		2.6666667	2	3.0	2.0	1.5	2.0	0.12988767	1.0
	0.0	50	1	3	3	3	3	2	3	3	3	5	3	2	2	1.00719	1.00719	2.8333333	2	5.0	3.0	2.0	2.0	0.389618	1.0
0.9583823	0.0	48	0	1	2	1	2	1	1	1	2	1	1	1	2	0.95628405	0.95628405	1.3333334	2	7.0	3.0	3.5	2.0	-1.2436793	1.0
	0.0	43	1	2	2	4	4	1	3	3	2	5	5	2	4	2.2571182	2.2571182	2.6666667	1	7.0	3.0	2.5	1.0	0.21842128	1.0
0.6722846	0.0	51	1	1	1	4	1	1	1	1	1	4	3	1	1	0.95628405	0.55565166	1.5	2	10.0	3.0	4.5	2.0	-1.1205817	1.0
0.82558733	0.0	46	0	2	2	3	4	4	2	2	2	2	4	1	1	0.95628405	0.95628405	2.8333333	2	9.0	3.0	4.0	3.0	0.33231226	1.0
0.51678026	0.0	52	1		1	3	2	1	4	1	2	2	2	1	3	0.25711823	0.25711823		2	8.0	2.0	4.0	1.5		
	0.0	55	0	3	2	3	4	3	3	3	4	3	4	2	3	0.44434834	0.44434834	3.0	1	7.0	2.0		1.0	0.56210923	
	0.0	47	1	4	2	4	4	2	3	3	2	2	4	1	3	0.043715954	0.043715954	3.1666667	2	4.0	0.0	1.0	2.5	0.6937683	1.0
1.9586328	0.0	55	0	3	2	2	3	2	3	3	3	3	3	3	3	2.043716	2.043716	2.5	2	2.0	1.0	2.5	2.0	0.06299985	1.0
	0.0	55	1	2	1	2	2	1	1	1	1	4	3	1	1	1.2571182	1.2571182	1.5	2	7.0	3.0	2.0	3.5	-1.109683	1.0
0.5114877	0.0	51	1	2	1	4	5	1	2	5	1	4	4	1	2	1.043716	1.043716	2.5	2	3.0	3.0	1.5	1.5	-0.03618071	1.0
	0.0	53	1	2	1	1	1	1	1									1.1666666	2	9.0	3.0	5.0	2.0	-1.4348044	
	0.0	46	1	2	2	2	4	3	2									2.5	2	4.0	1.0	3.0	3.0	0.0033569203	
0.87599045	0.0	35	0	2	2	4	2	1	1	3	2	3	2	3	2	0.0480299	2.043716	2.0	2	9.0	4.0	4.0	1.0	-0.62809736	1.0
1.6753428	0.0	49	0	3	1	2	1	1	1	2	1	3		1	1	3.5556517	3.5556517	1.5	1	10.0	2.0	4.0	1.0	-1.1291574	1.0
	0.0	55	0	4	2	3	1	2	2	2	1	1	1	1	1	0.55565166	0.55565166	2.3333333	2	8.0	3.0	4.0	3.5	-0.2247665	1.0
	0.0	42	0	2	4	3	3	2	3									2.8333333	2	2.0	2.0	2.5	2.0	0.4105892	
	0.0	36	0	1	1	4	2	1	2	4	1	2	4	1	1	0.95628405	0.95628405	1.8333334	2	9.0	3.0	5.0	5.0	-0.69732237	1.0
	0.0	54	1	4	3	3	3	2	3	4	4	2	3	2	4	0.55565166	0.55565166	3.0	1	3.0	3.0	4.0	2.0	0.54029757	1.0
	0.0	37	1	3	4	3	4	2	2	3	2	4	4	2	2	1.6005177	1.6005177	3.0	2	2.0	2.0	3.0	2.5	0.4783175	1.0
1.0697303	0.0	53	1	1	3	3	3	1	2	1	2	3	3	1	3	0.95628405	0.95628405	2.1666667	1	6.0	1.0	3.0	1.0	-0.33883432	1.0
	0.0	42	1	4	3	4	2	1	4	4	2	4	3	4	4	0.0480299	2.3994823	3.0	2	0.0	1.0	1.0	1.0	0.6042284	1.0
1.5338156	0.0	50	0	1	1	1	1	1	1	1	1	1		1	1	4.742882	4.742882	1.0	1	10.0	2.0	3.0	3.0	-1.585484	1.0
0.79010874	0.0	47	0	4	4	4	2	2	2	4	5	1	1	1	4	1.4443483	1.4443483	3.0	2	7.0	3.0	3.0	2.0	0.44365644	1.0
	0.0	39	1	2	2	2	3	1	2									2.0	2	4.0	3.0	2.5	2.5	-0.51477295	
	0.0	40	1	4	2	3	4	2	3	4	2	4	4	2	3	0.68478584	0.68478584	3.0	2	3.0	2.0	1.5	2.0	0.5388009	1.0
	0.0	40	1	4	3	5	4	2	2	4	3	5	4	2	3	0.0480299	1.7428818	3.3333333	1	3.0	2.0	2.0	2.0	0.76728123	1.0
	0.0	55	1	3	3	4	4	2	4									3.3333333	2	5.0	2.0	2.5	2.0	0.9678448	
	0.0	37	1	5	5	3	1	1	3									3.0	0	0.0	1.0	1.0	1.0	0.51998264	
0.5548756	0.0	51	1	2	1	1	1	1	1	2	1	1	1	1	1	0.95628405	0.95628405	1.1666666	2	9.0	2.0	3.0	2.0	-1.4348044	1.0
0.49422768	0.0	55	1	2	1	2	2	1	1	1	1	2	2	2	1	0.25711823	0.25711823	1.5	2	9.0	3.0	4.0	3.5	-1.109683	1.0
	0.0	36	1	2	2	4	4	2	4	4	2	2	2	3	2			3.0	2	3.0	2.0	1.0	1.0	0.6455145	
0.6851063	0.0	36	1	4	4	4	4	4	3	3	5	4	4	3	1	1.00719	1.00719	3.8333333	2	3.0	0.0	3.5	2.5	1.3850456	1.0
	0.0	38	1	4	3	4	4	2	4	4	3	4	2	2	3	5.5556517	5.5556517	3.5	1	2.0	3.0	1.0	1.0	1.1185243	1.0
	0.0	45	0	3	2	3	3	2	3	3	2	4	2	2	4	0.44434834	0.44434834	2.6666667	2	8.0	3.0	4.0	2.0	0.21796729	1.0
	0.0	44	1	2	2	1	2	1	2	2	2	1	2	1	1	0.9519701	3.043716	1.6666666	1	6.0	2.0	2.0	1.0	-0.8398944	1.0
	0.0	37	1	2	2	4	3	1	1	4	3	4	2	1	2	1.6005177	1.6005177	2.1666667	2	6.0	1.0	1.0	2.0	-0.45794335	1.0
2.969873	0.0	48	1	3	2	2	3	3	3	3	2	3	3	3	3	0.25711823	0.25711823	2.6666667	1	5.0	1.0	2.0	2.0	0.23698775	1.0
0.53399116	0.0	55	1	1	2	4	4	2	2	2	1	5	4	1	1	0.25711823	0.25711823	2.5	2	8.0	4.0	3.5	3.5	-0.011375676	1.0
	0.0	38	1	2	1	5	4	2	1	4	2	4	3	2	3	8.555652	8.555652	2.5	2	0.0	3.0	1.5	1.0	-0.13048469	1.0
	0.0	46	1	2	2	2	2	2	2									2.0	1	6.0	2.0	1.5	1.0	-0.51093906	
	0.0	52	1	1	2	1	1	1	1									1.1666666	2	7.0	3.0	4.0	3.0	-1.4138333	
0.5555901	0.0	46	1	4	2	5	4	2	3	4	3	4	5	1	4	0.60051775	0.60051775	3.3333333	2	0.0	3.0	2.5	3.0	0.84873575	1.0
0.5452306	0.0	53	1	3	1	3	2	1	4	3	2	2	4	1	3	1.0480299	0.68478584	2.3333333	2	3.0	4.0	4.0	1.0	-0.044720083	1.0
	0.0	37	1	2	3	4	4	1	1									2.5	2	8.0	2.0	2.0	2.0	-0.11613858	
	0.0	43	1	5	2	4	1	2	4									3.0	2	7.0	4.0	5.0	2.0	0.5870911	
	0.0	42	1	2	2	2	1	1	2	2	1	2	1	1	2	0.60051775	0.60051775	1.6666666	2	7.0	2.0	4.0	2.0	-0.85508096	1.0
0.5502479	0.0	44	1	2	3	2	3	2	3	2	2	4	2	2	2	1.3152142	1.99281	2.5	2	4.0	2.0	3.0	3.5	0.08397101	1.0
1.6417075	0.0	39	1	2	2	4	2	1	2	4	4	4	3	1	3	0.043715954	0.043715954	2.1666667	2	0.0	1.0	1.0	1.0	-0.37499207	1.0
	0.0	43	1	2	2	4	4	1	2	4	1	2	2	1	1	0.99281	0.99281	2.5	1	8.0	2.0	3.0	1.0	-0.03468401	1.0
	0.0	41	1	4	2	3	3	2	3	5	1	1	2	1	1	0.55565166	0.55565166	2.8333333	2	8.0	2.0	3.5	3.5	0.36864686	1.0
2.976384	0.0	49	1	4	4	4	4	1	3	4	3	4	3	1	3	3.5556517	3.5556517	3.3333333	1	3.0	1.0	2.0	1.0	0.8630819	1.0
	0.0	47	1	1	1	1	1	1	1	1	1	2	1	1	1	4.5556517	4.5556517	1.0	2	8.0	3.0	4.0	2.5	-1.585484	1.0
	0.0	41	1	4	3	3	4	2	3	4	4	4	4	2	3	2.5556517	2.5556517	3.1666667	2	1.0	1.0	1.0		0.7104516	
	0.0	42	0	5	5	1	5	5	5		5	1	5	5	5	2.043716	0.31521416	4.3333335	2	3.0	3.0	3.0	3.0	2.0928261	1.0
	0.0	49	1	2	3	1	2	1	2	1	1	3	3	1	1	1.4443483	1.4443483	1.8333334	0	7.0	1.0	3.0	3.0	-0.66824365	1.0
	0.0	44	0	1	5	3	4	1	2									2.6666667	2	8.0	3.0	3.0	3.0	0.17462116	
0.81462556	0.0	48	0	3	1	1	2	1	1	2	1	1	1	1	2	1.6005177	1.6005177	1.5	2	10.0	2.0	4.0	3.0	-1.1139709	1.0
	0.0	38	1	4	2	5	4	2	3	4	2	5	4	3	3	1.4443483	1.4443483	3.3333333	2	6.0	2.0	4.5	1.5	0.84873575	1.0
1.7972295	0.0	43	0	2	2	2	3	2	4	2	2	3	2	3	3	0.55565166	0.55565166	2.5	1	5.0	2.0	2.5	2.0	0.16542557	1.0
	0.0	37	1	5		1	5	3	5										1	0.0	0.0	1.0	1.0		
	0.0	40	1	2	2	4	3	2	2	2	2	3	3	3	3	2.2571182	2.2571182	2.5	1	4.0	3.0	1.0	2.0	-0.030850137	1.0
	0.0	54	1	4	4	2	3	1	2									2.6666667	1	3.0	2.0	2.5	2.0	0.12988767	
0.8218358	0.0	46	0	1	2	3	2	1	2	2	2	3	3	1	2	1.99281	1.99281	1.8333334	2	8.0	4.0	4.0	3.5	-0.6806391	1.0
3.0515103	0.0	50	1	3	2	3	4	3	3	2	2	2	3	2	2		0.043715954	3.0	1	7.0	3.0	3.0	3.0	0.56210923	
	0.0	44	1	2	2	4	4	2	3	1	2	4	2	1	2	0.39948225	0.39948225	2.8333333	2	6.0	4.0	2.0	3.5	0.3924092	1.0
1.7332122	0.0	36	1	3	5	2	5	4	5	4	4	4	5	4	3	1.6005177	1.6005177	4.0	2	0.0	0.0	2.0	2.0	1.7724465	1.0
1.1246709	0.0	50	1	4	2	3	2	1	4	4	3	4	1	1	2	0.55565166	0.55565166	2.6666667	1	4.0	4.0	2.5	2.5	0.2776102	1.0
	0.0	47	1	4	4	4	3	2	3									3.3333333	1	2.0	1.0	1.5	2.0	0.86691576	
	0.0	44	1	4	5	1	2	5	4	3	5	1	4	5	5			3.5	2	1.0	1.0	4.0	1.0	1.1785792	
	0.0	36	1	2	2	4	4	1	4									2.8333333	1	3.0	1.0		1.0	0.4715266	
	0.0	38	0	4	4	4	5	2	4									3.8333333	2	4.0	2.0	2.5	1.0	1.4603292	
	0.0	38	0	2	1	3	2	1	1									1.6666666	2	8.0	4.0	4.0	1.0	-0.95471555	
	0.0	48	0	4	1	2	2	1	2	4	2	2	2	1	1	1.0480299	3.3994823	2.0	2	8.0	4.0	4.0	4.0	-0.5552185	1.0
0.7743601	2.0	55	0	4	2	2	3	1	4	3	1	1	1	1	1			2.6666667	2	5.0	2.0	3.0	2.0	0.29279682	
	0.0	47	0	5	4	4	4	3	5									4.1666665	1	7.0	2.0	1.5	1.5	1.8679478	
	0.0	35	1	4	1	3	2	2	2	3	3	4	1	1	2			2.3333333	2	10.0	2.0	4.0	4.0	-0.2262632	
	0.0	48	0	1	1	2	2	1	2	1	1	1	1	1	1	1.4443483	1.4443483	1.5	2	10.0	2.0		3.0	-1.0072572	
3.5183768	0.0	54	1	1	1	1	1	2	1	1	2	1	2	2	1	2.99281	2.99281	1.1666666	0	4.0	1.0	3.0	2.0	-1.4114962	1.0
	0.0	48	1	5	1	1	3	1	3									2.3333333	2	7.0	0.0	3.5	1.0	-0.13624708	
	0.0	43	1	2	2	4	2	2	2	1	2	3	2	2	2	2.7428818	2.7428818	2.3333333	2	3.0	3.0	4.0	2.0	-0.20100416	1.0
0.69077307	0.0	44	1	2	2	2	2	1	2	4	2	4	2	2	2	0.39948225	0.39948225	1.8333334	2	5.0	3.0	2.0	2.0	-0.684927	1.0
0.7143884	0.0	37	1	3	2	3	5	1		3	1	3	4		1	2.043716	2.043716		2	4.0	1.0	1.5	1.0		
	0.0	47	1		3	2	2	2	2	4	4	1	2	1		0.44434834	0.44434834		1	3.0	1.0	1.0	1.0		
0.85951537	2.0	35	0	3	3	4	3	3	3	4	3	5	4		4			3.1666667	2	5.0	0.0	2.5	5.0	0.7185734	
	0.0	39	1	4	2	4	4	2	2									3.0	2	6.0	2.0	3.0	1.0	0.44066304	
	0.0	50	1	5	3	5	4	3	4									4.0	2	2.0	2.0	1.0	1.5	1.5981593	
	0.0	37	1	4	2	3	3	1	2									2.5	1	4.0	1.0	2.0	1.5	-0.05844634	
0.6568565	0.0	46	1	2	1	4	2	1	1	2	1	3	2	1	1	0.9519701	0.9519701	1.8333334	2	8.0	3.0	4.0	3.0	-0.7997481	1.0
	0.0	35	1	1	1	2	1	1	1									1.1666666	2	7.0	2.0	3.0	2.0	-1.4305166	
	0.0	37	1	5	4	2	4	2	2	4	3	4	2	2	2	1.3994823	1.3994823	3.1666667	2	5.0	2.0	2.5	3.0	0.6247092	1.0
	0.0	42	1	5	3	3	4	3	4									3.6666667	1	8.0	1.0	4.0	3.0	1.2882245	
	0.0	44	1	5	1	2	1	2	3	4	1	3	2	2	2	0.95628405	0.95628405	2.3333333	2	8.0	3.0	4.0	1.5	-0.1475998	1.0
	0.0	42	1	4	4	4	3	2	4									3.5	2	4.0	2.0	2.0	1.0	1.1200211	
	1.0	39	1	5	3	5	3	3	3									3.6666667	1	1.0	2.0	3.0	3.0	1.1748999	
	0.0	42	0	4	4	2	3	2	4									3.1666667	2	7.0	4.0	3.5	1.5	0.8100862	
	0.0	49	1	4	4	2	2	2	3									2.8333333	2	6.0	2.0	2.0	2.5	0.38682684	
	0.0	35	1	5	3	3	1	4	3	4	2	4	5	3	3	1.4443483	1.4443483	3.1666667	2	0.0	2.0	1.0	1.0	0.69864494	1.0
	0.0	48	1	2	2	2	2	1	1	1	2	2	2	1	2	2.95197	3.3152142	1.6666666	2	5.0	3.0	1.0	1.0	-0.93803227	1.0
	0.0	37	0	4	2	4	2	2	3									2.8333333	1	6.0	3.0	2.5	2.5	0.35346028	
	0.0	24	1	2	1	2	3	1	2	1	1	3	3	2	2	0.95628405	0.95628405	1.8333334	1	7.0	4.0		3.0	-0.68642366	
	0.0	20	0	1	3	5	4	3	2									3.0	2	7.0	2.0	4.0	2.5	0.4892304	
	0.0	36	1	5	3	5	5	3	4									4.1666665	2	0.0	1.0	3.0	3.0	1.7683133	
0.8526272	0.0	54	0	1	1	2	2	1	1	1	1	2	2	1	2	1.6847858	1.6847858	1.3333334	2	9.0	2.0	4.0	2.5	-1.2603625	1.0
	2.0	34	1	4	4	5	5	3	4									4.1666665	2	7.0	1.0		3.0	1.7892845	
	0.0	20	1	3	2	5	4	1	1	4	3	5	4	1	1	3.3152142	3.3152142	2.6666667	1	7.0	2.0	3.5	1.5	0.017857704	1.0
	0.0	19	1	4	1	1	3	2	2									2.1666667	1	8.0	1.0	3.5	4.0	-0.36604404	
	0.0	21	1	4	3	2	4	1	1									2.5	1	5.0	2.0	2.0	3.0	-0.124714315	
	0.0	44	1	3	2	2	2	1	2	4	2	2	2	1	4	0.043715954	0.043715954	2.0	1	3.0	3.0	2.0	1.0	-0.5342474	1.0
	0.0	20	1	2	2	3	2	2	3									2.3333333	2	6.0	1.0	3.5	3.0	-0.102866314	
0.68634635	0.0	31	1	3	1	2	2	2	2	3	1	2	2	1	2	2.99281	2.99281	2.0	2	6.0	2.0	3.5	2.5	-0.5319102	1.0
	2.0	32	1	4	4	5	5	1											2	5.0	0.0				
	1.0	25	0	3	2	4	4	4	2									3.1666667	1	0.0	1.0	2.0	1.5	0.6379593	
	0.0	28	0	5	2	5	3	3	4									3.6666667	1	0.0	0.0	1.0	1.5	1.2563546	
	0.0	32	0	2	1	1	1	1	1									1.1666666	2	4.0	1.0	2.0	2.5	-1.4348044	
	0.0	31	0	4	3	3	1	3	4	1	3	4	4	2	4	1.4443483	1.4443483	3.0	1	5.0	0.0	1.0	5.0	0.6270827	1.0
0.6892233	0.0	29	1	4	3	3	1	3	2	3	2	2	3	3	2	0.0480299	0.0480299	2.6666667	2	6.0	1.0	2.5	4.0	0.12087214	1.0
1.9248468	2.0	34	1	3	4	4	3		2	4	4	5	4		3		2.6005177		2	7.0	1.0	2.0	3.5		
	0.0	30	1	3	5	4	4	3	2	4	4	3	2	3	4			3.5	2	2.0	3.0	1.0	1.0	0.97892356	
1.0004605	0.0	32	0	2	1	2	4	1	1	2	5	2	2	4	2	0.55565166	0.55565166	1.8333334	2	9.0	3.0	4.0	4.0	-0.7693749	1.0
	1.0	29	0		3		5												0	5.0	0.0	4.5	4.0		
	0.0	25	1	4	3	4	1	2	3									2.8333333	2	5.0	1.0	1.5	3.5	0.35495695	
1.709388	0.0	31	1	4	3	3	3	2	3	4	2	2	3	2	3			3.0	2	5.0	1.0	2.0	2.0	0.54029757	
	0.0	26	0	2	1	3	2	4	1									2.1666667	2	8.0	3.0	3.0	2.5	-0.43275183	
0.695233	0.0	24	1	4	2	4	4	2	2	2	2	3	2	1	1	1.7428818	2.3994823	3.0	2	6.0	2.0	4.0	5.0	0.44066304	1.0
1.0952365	0.0	28	0	3	2	2	2	3	2	1	1	1	2	1	2	1.043716	1.043716	2.3333333	2	6.0	3.0	3.0	4.0	-0.18627158	1.0
	0.0	26	1	2	2	4	4	1	3									2.6666667	1	5.0	2.0	2.5	1.5	0.21842128	
	1.0	23	1	1	2	2	2	1	1	2	2	2	4	2	2	0.3342371	0.3342371	1.5	2	5.0	1.0	2.5	1.5	-1.0887119	1.0
	0.0	25	1	5	4	4	3	3	4									3.8333333	2	4.0	2.0	2.0	3.0	1.4446886	
	1.0	30	1	4	2	2	3	3	3									2.8333333	1	1.0	1.0	1.0	2.5	0.38766733	
	1.0	29	1	5	1	4	5	4	2	5	2	2	4	2	2	0.21882248	2.1680865	3.5	2	6.0	2.0	1.5	1.5	0.93782175	1.0
	1.0	31	1	1	3	3	3	2	3									2.5	0	5.0	2.0	2.5	2.0	0.08825888	
	0.0	34	0	1	2	2	2	1	1									1.5	1	6.0	4.0	4.5	4.0	-1.0887119	
	1.0	23	0	1	2	2	2	1	1									1.5	2	6.0	1.0	2.5	1.5	-1.0887119	
5.7823834	1.0	29	1	3	5	5	3	1	5	5	5	5		3	5			3.6666667	0	0.0	0.0	4.0	2.0	1.375077	
	0.0	34	0	1	1	2	3	1	1									1.5	2	10.0	2.0		2.0	-1.0902085	
	1.0	26	1	2	2	2	2	3	2	2	3	4	3	2	3	0.8319135	0.8319135	2.1666667	2	2.0	1.0	4.0	3.5	-0.33695114	1.0
	1.0	34	1	2	2	2	3	2	3									2.3333333	1	5.0	2.0	3.5	3.5	-0.08767972	
	0.0	22	0	2	2	2	3	3	2	2	2	2	2	3	2			2.3333333	1	5.0	2.0	3.0	3.0	-0.16679712	
	1.0	28	1	5	5	5	3		5	5	3	3	3		5				1	0.0	0.0	2.0	1.0		
	1.0	34	1	4	3	4	4	2	4									3.5	1	1.0	2.0	4.0	3.5	1.1185243	
1.063449	1.0	21	1	4	2	4	4	4	3	5	2	3	4	5	3	1.7811775	1.7811775	3.5	2	4.0	1.0	2.5	3.5	1.0417441	1.0
	1.0	24	0	5	1	3	2	2	1									2.3333333	2	9.0	1.0	4.5	4.5	-0.32868892	
	1.0	20	1	4	3	3	4	4	4									3.6666667	1	3.0	1.0	3.5	4.0	1.3115327	
	1.0	29	0	2	4	2	2	4	3									2.8333333	2	8.0	3.0	4.0	3.0	0.43344352	
	0.0	33	1	1	1	4	4	2	1									2.1666667	2	2.0	1.0	2.0	2.0	-0.43613172	
	1.0	33	1	4	5	4	4	3	3									3.8333333	1	0.0	0.0	2.0	3.0	1.3827084	
	0.0	32	1	4	2	4	2	2	4									3.0	2	0.0	2.0	1.0	1.0	0.6065656	
2.1860342	0.0	32	1	5	5	5	1	1	1	5	5	5	3	1	5	2.5556517	2.5556517	3.0	2	3.0	3.0	2.0	1.0	0.32370695	1.0
2.79793	0.0	27	0	4	5	3		4	4	4	4	3	3	4	4				2	2.0	1.0	3.0			
	0.0	26	0	2	1	4	4	1	2									2.3333333	2	9.0	4.0	4.5		-0.20633474	
3.518457	0.0	33	0	2	1	2	2	1	5	3	1	1	1	1	1	0.0480299	0.0480299	2.1666667	2	9.0	3.0	4.0	3.5	-0.0972618	1.0
	1.0	33	0	5	2	3	1	5	4									3.3333333	1	0.0	1.0	5.0	3.0	0.9540874	
	0.0	29	0	2	5	5	1	1	1	5	1	5	5	5	5	1.5556517	1.5556517	2.5	0	7.0	0.0	2.0	2.5	-0.12833178	1.0
	0.0	24	0	5	3	2	3	2	3									3.0	2	10.0	0.0	4.0	4.0	0.5360097	
	1.0	33	0	4	1	2	4	3	1									2.5	2	7.0	2.0	3.0	2.5	-0.12003996	
	2.0	34	0	3	1	1	1	1	1									1.3333334	1	10.0	0.0	4.0	5.0	-1.2841249	
	0.0	33	0	4	2	2	2	1	2									2.1666667	2	7.0	1.0	4.0	1.5	-0.3835678	
	2.0	23	0	3	3	3	4	3	3									3.1666667	2	7.0	2.0	3.0	3.0	0.73375994	
	2.0	22	0	4	1	4	4	1	5									3.1666667	2	2.0	1.0	3.5	1.5	0.8543403	
	0.0	21	0	4	5	5	4	2	4									4.0	2	4.0	2.0	2.0	1.0	1.6167933	
	0.0	34	0	3	3	3	4	2	3									3.0	2	6.0	1.0	2.5	3.0	0.5597721	
	0.0	29	0	2	3	3	4	2	2									2.6666667	2	6.0	2.0			0.15598719	
	2.0	21	0	3	2	2	3	4	3									2.8333333	2	9.0	2.0	3.0	3.0	0.41097566	
	0.0	33	0	1	2	2	2	1	1									1.5	2	10.0	3.0	3.0	2.0	-1.0887119	
	1.0	24	0	2	2	4	3	3	1									2.5	2	7.0	1.0	4.0	3.0	-0.10996753	
	2.0	30	0	4	1	2	4	1	2									2.3333333	2	10.0	1.0	3.0	3.0	-0.21491048	
	0.0	31	0	4	1	3	4	1	2	1	2	4	3	1	2	0.68478584	1.043716	2.5	2	9.0	1.0	2.5	1.5	-0.05994304	1.0
	0.0	34	0	3	3	3	3	3	4									3.1666667	2	0.0	1.0	4.0	4.5	0.81671125	
	1.0	20	0	4	3	4	4	4	4									3.8333333	1	5.0	2.0	1.5	4.0	1.4665002	
	0.0	26	0	2	2	4	5	1	1									2.5	2	8.0	2.0	1.0	5.0	-0.11763527	
	0.0	32	0	3	3	4	3	3	3									3.1666667	1	6.0	1.0	2.5	3.0	0.7185734	
	1.0	25	0	4	4	2	2	4	2									3.0	2	6.0	3.0	2.0	4.0	0.48169738	
	0.0	34	0	2	2	3	3	3	3									2.6666667	2	7.0	3.0	3.5	2.5	0.24127562	
	0.0	34	0	3	2	1	3	1	2	3	2	2	4	1	2			2.0	2	3.0	1.0	2.0	1.5	-0.5190608	
	0.0	26	0	4	3	4	4	3	4	4	3	4	4	4	4	0.043715954	0.043715954	3.6666667	2	7.0	3.0	4.0	3.5	1.2925123	1.0
3.1437182	0.0	26	0	2	3	3	3	3	3	3	3	3	3	3	3			2.8333333	2	1.0	0.0	3.0	3.0	0.41292635	
	2.0	34	0	2	1	2	5	3	1									2.3333333	2	6.0	1.0	3.0	3.0	-0.25124508	
	0.0	32	0	2	3	5	4	2	3									3.1666667	1	4.0	2.0	3.0	4.0	0.71902734	
	0.0	24	0	2	1	3	4	4	2									2.6666667	2	8.0	0.0	3.5	5.0	0.16066153	
	1.0	33	0																0	0.0	0.0				
	0.0	26	0	3	2	2	3	3	3									2.6666667	2	4.0	1.0	2.5	4.0	0.23698775	
	1.0	24	0	4	4	5	5	2	3									3.8333333	2	2.0	1.0	3.0	1.5	1.3621913	
	0.0	34	0	2	2	3	3	3	3									2.6666667	2	6.0	2.0	4.0	3.0	0.24127562	
	0.0	22	0	4	4	4	4	3	4									3.8333333	1	1.0	1.0	3.0	1.5	1.464163	
	0.0	30	0	1	2	3	3	1	4	5	2	5	5	2	4	3.043716	3.043716	2.3333333	2	3.0	2.0	1.0	1.0	-0.0042744637	1.0
	1.0	24	0	1	1	3	3	2	2									2.0	1	9.0	3.0	3.0	4.0	-0.5081479	
	1.0	26	0	3	3	5	3	1	3									3.0	2	0.0	1.0	3.0	2.5	0.52556497	
	1.0	32	0	5	5	5	5	5	5									5.0	1	0.0	2.0	1.0	1.0	2.7126958	
	0.0	28	0	5	5	5	4	3	4									4.3333335	1	0.0	1.0			1.9414607	
	0.0	27	0	4	3	5	3	3	5									3.8333333	0	5.0	0.0	2.5	3.5	1.530431	
	0.0	30	0	4	5	4	4	4	5									4.3333335	2	2.0	0.0	2.5	1.5	2.062907	
	0.0	23	0	2	4	3	5	3	2									3.1666667	2	7.0	2.0	2.5	1.5	0.6717799	
	1.0	19	0	5	2	5	1	4	1									3.0	0	0.0	1.0		1.5	0.3307185	
	1.0	24	0		2			1	5										0	5.0	3.0	5.0	5.0		
	2.0	24	0	5	2	4	4	4	3									3.6666667	2	4.0	1.0	3.0	3.5	1.1924237	
	0.0	23	0	3	1	1	3	1	1									1.6666666	0	10.0	1.0	2.5	1.0	-0.94381684	
	0.0	27	0	5	3	4	5	2	4									3.8333333	1	0.0	3.0	4.0	4.5	1.439358	
0.94860363	1.0	34	0	4	2	3	4	4	2	4	2	2	4	4	4	0.3342371	0.828815	3.1666667	2	8.0	3.0	4.0	3.5	0.6336714	1.0
	0.0	20	0	3	4	4	3	3	2									3.1666667	1	3.0	0.0	2.5	3.0	0.6371188	
	1.0	32	0	3	2	5	4	4	5									3.8333333	2	5.0	1.0	4.0	4.0	1.5522426	
	1.0	25	0	4	2	4	5	3	3									3.5	2	5.0	1.0	3.0	2.0	1.0379102	
	1.0	32	0	5	1	5	5	5	5									4.3333335	1	10.0	1.0	5.0	5.0	2.026093	
	1.0	28	0	3	2	3	3	4	2									2.8333333	2	9.0	0.0		1.0	0.3128378	
	1.0	33	0	4	2	3	5	4	2									3.3333333	1	7.0	1.0	1.0	2.0	0.80382544	
	1.0	31	0	3	2	3	4	3	3									3.0	2	6.0	3.0	3.0	1.5	0.56210923	
	1.0	33	0	2	2	4	4	3	2	3	2	1	3	2	3	1.6014717	1.6014717	2.8333333	2	8.0	0.0	3.5	2.5	0.3132918	1.0
	1.0	19	0	5	2	5	4	3	4	3	4	4	4	2	3			3.8333333	2	6.0	0.0	5.0	2.0	1.4265085	
	0.0	28	0	5	2	3	1	1	5	2	1	4	3	4	2	2.6847858	0.55565166	2.8333333	1	7.0	3.0	4.0		0.5112411	
	0.0	20	0	4	5	4	4	3	3	2	5	4	3	3	3	1.043716	0.68478584	3.8333333	1	7.0	2.0	2.5	3.5	1.3827084	1.0
	0.0	24	0	4	3	1	4	2	4									3.0	1	2.0	1.0	1.0	3.5	0.65362203	
	1.0	19	0	2	1	2	1	3	3									2.0	0	8.0	3.0	4.0	4.0	-0.4256506	
5.3944244	1.0	26	0	3	4	2	3	3	4	2	5	2	1	3	4			3.1666667	0	0.0	0.0	3.0	3.0	0.8333945	
0.9787982	0.0	31	0	1	2	2	2	2	2	1	2	2	2	2	2	0.0480299	0.0480299	1.8333334	2	6.0	3.0	2.5	2.5	-0.66161865	1.0
2.3754406	0.0	21	0	5	2	4	4	4	2	5	2	5	1	2	3	2.5556517	2.5556517	3.5	1	7.0	3.0	3.0	3.5	0.9393184	1.0
1.3201929	2.0	34	0	4	2	4	4	4	1	1	1	1	4	2	1	2.6014717	2.6014717	3.1666667	2	9.0	3.0	4.0	3.0	0.53553355	1.0
	0.0	30	0	3	1	1	4	3	1									2.1666667	2	9.0	0.0	4.0	4.5	-0.425687	
	0.0	33	0	2	2	2	3	4	3									2.6666667	2	6.0	2.0	1.5		0.2602961	
	1.0	34	0	3	4	4	2	3	4	5	4	5	4	3	3			3.3333333	2	3.0	1.0	1.5	2.0	0.97317535	
0.9708965	1.0	23	0	5	2	3	2	5	4	3	2	5	3	5	4	2.7811775	2.7811775	3.5	2	8.0	0.0	4.5	4.0	1.1242415	1.0
	1.0	28	0	4	3	5	5	4	2									3.8333333	2	9.0	1.0	4.0	4.0	1.285411	
	0.0	19	0	5		4	4	5	2										2	0.0	1.0				
2.9829237	0.0	34	0	1	1	4	4	2	2	1	1	4	4	2	2	1.2571182	1.2571182	2.3333333	2	8.0	4.0	4.0	3.0	-0.1830264	1.0
	1.0	32	0	4	1	5	4	2	3									3.1666667	2	6.0	1.0	3.5	4.5	0.67708504	
	2.0	19	0	3	1	3	4	3	1									2.5	1	10.0	3.0	2.5	2.0	-0.11575209	
	0.0	25	0	4	2	3	3	3		3	2	3	2	2	3	1.9519701	1.9519701		2	6.0	0.0	2.0	3.0		
	2.0	23	0	4	2	4	4	3	2									3.1666667	2	5.0	0.0	3.0	3.0	0.61465096	
2.0235102	0.0	34	0	3	2	2	4	2	3	3	2	2	5	2	3	1.7428818	2.043716	2.6666667	1	8.0	1.0	2.0	3.0	0.23315388	1.0
	1.0	33	0	5	4	5	1	3	3	4	2	2	5	3	1	3.334237	3.334237	3.5	1	5.0	1.0	1.0	2.0	1.0062426	1.0
	1.0	20	0	4	5	2	4	2	2									3.1666667	1	5.0	2.0	4.5	3.0	0.64568037	
1.0584483	0.0	22	0	3	2	4	4	4	3	3	3	4	4	4	4	1.5556517	1.5556517	3.3333333	2	7.0	2.0	2.5	4.0	0.8910646	1.0
	0.0	34	0	2	4	4	2	1	3									2.6666667	2	4.0	1.0	3.5	4.0	0.22141469	
	0.0	33	0	1	1	1	3	1	1									1.3333334	2	7.0	1.0	4.0	3.5	-1.245176	
	1.0	24	0	4	3	3	4	3	2	4	3	4	2	3	3	1.1680865	1.1680865	3.1666667	1	5.0	1.0	3.5	3.0	0.63133425	1.0
	1.0	23	0	3	3	2	3		2										1	3.0	0.0	2.0	3.0		
	1.0	29	0	3	1	2	2	2	1									1.8333334	2	7.0	0.0	4.0	3.5	-0.7850155	
	1.0	28	0	3	2	3	3	3	3									2.8333333	1	6.0	0.0	3.0	2.0	0.3919552	
	0.0	20	0	4	1	5	3	4	3									3.3333333	2	7.0	1.0	4.5	4.0	0.85490686	
0.9439982	0.0	30	0	2	1	1	3	3	1	4	1	4	4	4	5	5.9928102	0.95628405	1.8333334	2	9.0	1.0	4.0	4.0	-0.7465206	1.0
0.97360647	0.0	30	0	3	5	4	4	3	5	3	2	4	2	2	3	3.5556517		4.0	2	4.0	2.0	1.5	1.0	1.7382394	1.0
	2.0	31	0	4	1	3	3	1	4									2.6666667	2	9.0	2.0	4.0	1.0	0.2761135	
	0.0	29	0	4	2	4	3	3	3									3.1666667	1	3.0	0.0	1.0	1.0	0.6976022	
	1.0	24	0	5	4	5	3	3	4									4.0	2	5.0	1.0	4.0	2.5	1.599656	
	0.0	23	0	5	4	3	3	3	4									3.6666667	2	9.0	1.0	4.0	4.0	1.2897211	
	1.0	24	0	5	3	4	2	3	1									3.0	2	7.0	0.0	4.0	3.5	0.34356788	
	1.0	34	0	4	1	4	4	2	1									2.6666667	2	7.0	2.0	5.0	5.0	0.015907012	
	0.0	20	0	5	1	2	3	3	2									2.6666667	2	7.0	3.0	2.0	4.0	0.113590874	
	0.0	26	0	5	1	1	2	3	4									2.6666667	1	3.0	0.0	4.0	3.0	0.29468	
	0.0	20	0	1	4	5	4	1	1									2.6666667	0	2.0	0.0	4.0	3.5	0.05980002	
	0.0	34	0	4	4	4	1	2	2									2.8333333	2	3.0	1.0	2.5	1.0	0.2735024	
	1.0	34	0	2	4	5	4	3	3									3.5	2	3.0	1.0	1.5	2.0	1.064666	
0.9719843	0.0	26	0	3	3	4	2	1	1	1	2	2	3	1	1	2.99281	2.99281	2.3333333	2	9.0	2.0	3.0	2.0	-0.30576706	1.0
2.6013305	2.0	28	0	3	4	4	5	4		4	4	4	5	4	2				1	6.0	3.0	2.0	1.0		
	2.0	32	0	2	2	5	5	2	2									3.0	2	3.0	1.0	5.0	4.5	0.46442536	
	1.0	21	0	4	4	4	4	2	4									3.6666667	2	4.0	2.0	1.0	3.0	1.2901751	
	0.0	25	0	3	2	4	4	2	3									3.0	1	3.0	0.0	1.5	2.0	0.54308873	
	1.0	22	0	2	5	5	3	2	5									3.6666667	1	0.0	2.0	3.5	1.5	1.3983854	
	2.0	32	0	4	1	4	4	5	4									3.6666667	2	10.0	1.0	4.0	4.5	1.2971866	
0.9179437	2.0	28	0	4	2	3	4	3	4	3	2	4	4	3	2			3.3333333	2	7.0	0.0	2.0	4.0	0.9658941	
	1.0	26	0	4	2	4	2	1	4									2.8333333	2	7.0	2.0	3.0	1.5	0.43257767	
	0.0	23	0	4	3	4	2	2	2									2.8333333	2	3.0	1.0	2.0	1.0	0.2720057	
	1.0	30	0	4	4	4	4	2	2									3.3333333	0	4.0	2.0	2.0	2.0	0.7839645	
	1.0	29	0	5	2	3	2	3	3									3.0	1	0.0	1.0		1.0	0.52316034	
	0.0	32	0	3	2	4	4	4	4									3.5	2	8.0	1.0	3.5	3.0	1.1441699	
1.046287	1.0	31	0	1		5	1	1	5	3		4		4	4				2	0.0	2.0	5.0	1.0		
1.2904891	0.0	29	0	4	2	3	2	2	2	3	3	2	2	1	2	0.68478584	1.0480299	2.5	2	3.0	2.0	3.5	3.0	-0.054612465	1.0
	0.0	21	0	4	5	2	3	2	4									3.3333333	1	4.0	2.0		1.5	0.9817369	
1.1399688	1.0	34	0	4	3	3	4	4	4	5	2	3	3	4	4	0.7811775	1.1680865	3.6666667	2	6.0	1.0	3.5	4.0	1.3115327	1.0
	2.0	29	0	3	2	2	4	4	3									3.0	2	3.0	0.0	2.5	4.0	0.58112967	
	0.0	34	0	3	3	2	4	2	3									2.8333333	2	8.0	2.0	3.0	3.5	0.40480462	
	0.0	34	0	4	1	4	2	1	1									2.1666667	2	3.0	1.0	4.0	4.0	-0.49838895	
	0.0	25	0	3	2	3	3	1	1									2.1666667	2	7.0	2.0	3.0	4.0	-0.46223122	
	0.0	33	0	4	2	4		1	2										2	8.0	4.0	3.5	2.0		
	0.0	34	0	4	4	2	4	2	4									3.3333333	1	0.0	1.0	2.0	2.5	0.9802402	
	0.0	28	0	4	2	1	4	1	4									2.6666667	0	10.0	2.0	1.0	5.0	0.3079834	
	0.0	25	0	4	3	5	4	4	3									3.8333333	2	6.0	3.0	2.0	4.0	1.3683623	
	0.0	24	0	1	5	1	1	1	1									1.6666666	1	0.0	1.0	1.0	1.0	-0.89888114	
	0.0	24	0	1	1	1	1	2	1									1.1666666	2	9.0	2.0	2.5	3.0	-1.4114962	
	0.0	26	0	3	4	4	3	2	3									3.1666667	1	5.0	1.0		2.5	0.7162362	
2.3754406	0.0	21	0	4	2	2	2	1	2	3	2	2	2	2	2	1.043716	0.68478584	2.1666667	1	6.0	2.0	3.0	3.5	-0.3835678	1.0
	1.0	24	0	2	2	4	4	3	2									2.8333333	2	7.0	0.0	2.5	2.0	0.3132918	
	0.0	25	0	3	4	2	4	2	4									3.1666667	2	5.0	2.0	2.5	2.0	0.82956064	
1.3129321	0.0	25	0	5	3	3	5	5	5	4	1	4	5	4	3	0.16808653	0.16808653	4.3333335	2	8.0	2.0	4.0	2.0	2.0594594	1.0
	1.0	24	0	2	2	4	2	2	1									2.1666667	2	5.0	2.0	3.0	4.0	-0.45410946	
	1.0	23	0	1	2	3	1	2	2									1.8333334	1	3.0	1.0	3.5	3.0	-0.6768052	
	0.0	21	0	2	3	4	4	3	4									3.3333333	1	7.0	0.0	3.0	4.0	0.9911531	
	0.0	21	0	3	2	4	3	1	2									2.5	1	2.0	0.0	2.0	2.5	-0.05415847	
	1.0	21	0	1	1	2	4	3	1									2.0	1	6.0	1.0	4.0	3.5	-0.5720787	
	0.0	19	0	2	4	4	2	2	1									2.5	1	4.0	2.0	3.0	3.0	-0.11080801	
	0.0	29	0	3	3	4	2	2	2									2.6666667	1	3.0	0.0	3.0	1.5	0.12132613	
5.7823834	0.0	24	0	3	3	2	3	3	3	4	2	1	5	1	3	0.0480299	0.0480299	2.8333333	0	8.0	0.0	3.0	3.0	0.40863848	1.0
	0.0	30	0	4	2	3	4	2	2									2.8333333	1	7.0	1.0		1.0	0.2856956	
	0.0	20	0	5	2	3	4	2	2									3.0	1	8.0	2.0	1.5	3.5	0.43637517	
	0.0	32	0	3	1	4	2	2	2									2.3333333	2	6.0	2.0	5.0	4.5	-0.22197533	
	0.0	20	0	3	2	4	2	2	3									2.6666667	1	8.0	3.0	4.0	1.5	0.2027807	
	0.0	23	0	5	5	2	1	5	5									3.8333333	1	6.0	2.0	4.0	4.0	1.5671774	
	1.0	24	0	4	5	4	3	3	2									3.5	1	5.0	2.0	2.5	3.0	0.9594491	
	0.0	24	0	5	4	5	3	5	4									4.3333335	0	7.0	1.0	3.0	3.5	1.9476318	
	0.0	34	0	5	2	1	5	4	2									3.1666667	1	8.0	2.0	4.0	3.5	0.6445701	
	0.0	24	0	5	2	3	4	4	3									3.5	2	5.0	1.0	3.0	3.5	1.0374563	
	1.0	26	0	4	3	2	3	2	2									2.6666667	2	7.0	1.0	4.5	4.0	0.13222486	
	2.0	33	0	3	3	2	3	2	3									2.6666667	2	6.0	0.0	2.5	2.5	0.23465058	
	1.0	22	0	4	3	3	4	3	3									3.3333333	1	7.0	3.0	3.5	3.0	0.8844395	
	0.0	24	0	3	1	3	2	3	2									2.3333333	2	7.0	1.0	3.5	2.5	-0.20295486	
	0.0	19	0	4	2	5	4	3	5									3.8333333	1	8.0	1.0	4.0	2.5	1.5289342	
	1.0	30	0	5	2	4	4	4	2									3.5	2	8.0	1.0	4.0	3.5	0.9393184	
	2.0	27	0	4	3	4	4	3	3	4	4	4	3	2	1	1.1680865	1.1680865	3.5	2	7.0	1.0	3.5	1.5	1.039407	1.0
	1.0	25	0	4	4	4		4	4										1	5.0	2.0	3.0	3.0		
	1.0	34	0	4	4		4	3	4										1	0.0	0.0	1.0	1.5		
	2.0	32	0	3	2	4	4	4	4									3.5	2	9.0	4.0	3.5	3.5	1.1441699	
	2.0	34	0	3	2	1	2	4	2									2.3333333	2	6.0	1.0	4.5	4.0	-0.16725111	
	1.0	34	0	1	1	2	4	1	3									2.0	2	10.0	3.0	4.0	1.0	-0.4138439	
	0.0	20	0	5	4	3	4	3	2	4	4	4	3	2	4	0.55565166	0.55565166	3.5	2	6.0	1.0	1.5	4.0	0.95366454	1.0
	0.0	32	0	2	3	3	3	1	1									2.1666667	2	6.0	1.0	2.5	3.5	-0.44126004	
	0.0	28	0	4	2	4	4	4	3									3.5	2	6.0	2.0	4.0	4.0	1.0417441	
	0.0	24	0	4	4	4	4	5	4									4.1666665	1	4.0	1.0		2.5	1.8121388	
	0.0	29	0	4	4	5	5	3	5	4	3	4	3	3	3	1.4443483	1.4443483	4.3333335	1	8.0	3.0	4.0	1.0	2.0423899	1.0
	0.0	19	0	3	4	3	4	3	2									3.1666667	1	2.0	0.0	2.5	2.5	0.65230536	
	2.0	22	0	5	4	4	1	1	2	2	3	4	3	3	1			2.8333333	2	7.0	0.0	1.0		0.25019407	
	0.0	19	0	3	4	4	4	2	1									3.0	1	4.0	1.0	4.0	3.0	0.38017964	
	2.0	34	0	4	1	3	3	5	2									3.0	2	9.0	2.0	3.5	2.5	0.46585456	
	1.0	33	0	4	5	4	3	2	4	4	3	4	3	3	3	0.8319135	0.8319135	3.6666667	2	6.0	1.0	3.0	2.0	1.2916718	1.0
	0.0	24	0	1	1	2	4	1	2	1	1	2	1	1	1	1.0480299	1.0480299	1.8333334	1	7.0	3.0	4.0	3.5	-0.6669492	1.0
	0.0	22	0	2	2	4	4	4	2									3.0	2	6.0	4.0	4.0	4.0	0.4872797	
1.2070404	1.0	32	0	4	2	4	4	4	1	5	2	4	5	3	4	0.6657629	3.2188225	3.1666667	2	2.0	3.0	4.5	4.0	0.53553355	1.0
5.7823834	0.0	20	0	3	1	4	3	2	3	3	2	3	3	1	4	5.04803	5.04803	2.6666667	0	8.0	2.0	4.0	1.0	0.201284	1.0
	1.0	34	0	4	4	5	4	2	3									3.6666667	2	5.0	1.0	2.5	2.5	1.1920372	
	1.0	24	0	4	1	3	1	1	2									2.0	0	5.0	1.0	1.0	1.0	-0.5704051	
	0.0	29	0						5										2	0.0	0.0	3.0	1.0		
	2.0	21	0	3	2	3	3	4	2									2.8333333	2	6.0	1.0	2.5	3.5	0.3128378	
	1.0	26	0	5	2		4	3	2										0	10.0	2.0	4.0	3.0		
	0.0	19	0	2	3	2	4	1	1									2.1666667	1	8.0	1.0	4.0	4.0	-0.42607346	
	2.0	31	0		2	4	1	5	1										2	10.0	1.0	3.5	3.5		
	0.0	21	0	4	5	3	2	3	5									3.6666667	1	4.0	0.0	2.5	2.5	1.3936435	
	0.0	33	0	4	3	5	4	4	5									4.1666665	2	6.0	1.0	1.0	2.0	1.8745729	
	1.0	34	0	4	3	3	4	3	4									3.5	2	6.0	1.0	3.5	2.0	1.1375449	
	0.0	34	0	2	2	2	4	4	2	4	4	5	2	2	3	1.2571182	0.60051775	2.6666667	1	5.0	2.0	3.0	4.5	0.17734483	1.0
	2.0	30	0	2	2	4	4	3	2									2.8333333	1	6.0	2.0	3.0	2.0	0.3132918	
	1.0	25	0	1	5		5	2	5										1	5.0	1.0		2.0		
	0.0	29	0	2	3	1	3	2	3									2.3333333	2	8.0	2.0	1.0	1.5	-0.07099643	
	0.0	33	0	4	2	3	3	1	2									2.5	2	8.0	2.0	4.0	2.0	-0.05844634	
	0.0	22	0	4	2	5	5	1											2	7.0	2.0	3.0	4.0		
	0.0	24	0	2	2	4	4	3	2									2.8333333	2	7.0	1.0	4.5	4.5	0.3132918	
	1.0	21	0	5	2	3	4	2	2									3.0	2	8.0	2.0	2.0	4.0	0.43637517	
	1.0	21	0	2	5	2	1	4	2									2.6666667	1	2.0	2.0		4.5	0.18183492	
	1.0	33	0	1	2	3	4	2	1									2.1666667	2	10.0	3.0	3.5	2.0	-0.4194484	
	0.0	27	0		3	2	4	5	4										0	4.0	1.0	4.0	5.0		
2.7401452	1.0	23	0	3	3	4	4	4	4	3	4	4	5	3	3	2.257165	2.2188225	3.6666667	1	8.0	1.0	3.5	3.5	1.3158206	1.0
	0.0	19	0	5	5	4	3	3	3									3.8333333	2	4.0	1.0	2.0	2.0	1.3632339	
	0.0	34	0	4	4	3	4	4	2									3.5	2	5.0	2.0	4.5	2.5	0.9769729	
	0.0	22	0	2	2	5	5	4	4	4	5	4	4	2	3	2.956284	2.956284	3.6666667	2	5.0	2.0	1.0	2.5	1.3186117	1.0
	0.0	33	0	3	2	4	4	4	2	2	2	4	2	1	2	2.7428818	2.7428818	3.1666667	1	5.0	1.0	1.0	2.0	0.6379593	1.0
	0.0	24	0	2	3	4	2	1	1									2.1666667	2	6.0	1.0	4.0	2.5	-0.45644665	
	0.0	33	0	4	4	3	4	1	3									3.1666667	2	5.0	1.0	2.5	2.5	0.70811445	
	1.0	22	0	4	2	1	1	1	2									1.8333334	1	10.0	0.0	2.5	3.5	-0.7086893	
	0.0	33	0	2	1	2	3	1	2									1.8333334	2	10.0	3.0	3.5	2.0	-0.68642366	
	0.0	34	0	2	2	1	2	1	1									1.5	2	6.0	1.0	4.0	2.5	-1.0929997	
	0.0	19	0	4	4	4	3	3	2									3.3333333	1	4.0	1.0	2.5	2.0	0.78779835	
	0.0	29	0	3	2	3	3	1	2	3	2	3	4	1	2	0.043715954	1.5556517	2.3333333	1	8.0	2.0	3.5	3.0	-0.2091259	1.0
	1.0	26	0	5	2	4	1		1										2	8.0	1.0	3.5	2.0		
	0.0	24	0	4	2	4	4	4	4									3.6666667	1	6.0	0.0	3.0	4.0	1.2948494	
	0.0	24	0	4	1	1	2	2	1									1.8333334	2	6.0	0.0	3.5	3.0	-0.78930336	
5.6277065	0.0	26	0	3	2	2		2	4	3	1	2	3	2	3				1	0.0	0.0	1.5	1.0		
1.0842472	0.0	24	0	5	2	4	2	4	3	3	3	4	3	4	5	1.99281	0.9519701	3.3333333	2	6.0	2.0	3.5	3.0	0.85211563	1.0
	2.0	28	0	4	3	4	3	2	1									2.8333333	2	8.0	1.0	3.0	2.5	0.18905444	
	0.0	21	0	2	2	2	4	2	4									2.6666667	2	4.0	2.0	1.0	2.0	0.3355796	
	0.0	34	0	5	2	2	5	2	3									3.1666667	1	7.0	2.0	4.0	2.0	0.70466703	
	0.0	32	0	1	3	5	4	1	1									2.5	2	8.0	2.0	4.5	2.0	-0.11185071	
	2.0	33	0	2	2	3	2	3	3									2.5	2	5.0	1.0	4.0	2.5	0.071121596	
	0.0	26	0	3	3	3	2	3	3									2.8333333	2	7.0	2.0	3.5	2.5	0.3934519	
	1.0	29	0	4	5	4	4	2	4									3.8333333	2	5.0	2.0	4.0	2.0	1.4618258	
	0.0	30	0	2	2	1	3	3	2									2.1666667	2	7.0	2.0	1.0		-0.32176456	
	1.0	23	0	4	3	3	4	2	4									3.3333333	1	2.0	1.0	2.0	1.0	0.96355695	
	0.0	33	0	2	2	2	2	4	1									2.1666667	2	8.0	2.0	3.0	4.0	-0.41606852	
	0.0	29	0	4	2	4	4	3	4									3.5	2	4.0	1.0	2.5	2.0	1.1208615	
	2.0	32	0	4	1	5	4	4	5									3.8333333	2	10.0	0.0	4.5	4.5	1.5312715	
	1.0	33	0	4	4	2	4	2	1									2.8333333	0	9.0	2.0	4.5	4.0	0.22092432	
	0.0	32	0	4	2	4	4	4	3									3.5	1	6.0	1.0	2.5	3.0	1.0417441	
	1.0	22	0	3	2	2	5	2	2	2	2	1	5	3	2	3.828815	1.1680865	2.6666667	1	4.0	1.0		1.0	0.15020262	
	0.0	24	0	3	2	4	4	5	3									3.5	2	10.0	1.0	3.0	4.5	1.0650525	
2.3754406	0.0	21	0	2	2	3	3	2	3	2	2	2	2	1	2	2.6847858	2.6847858	2.5	1	7.0	2.0	3.5	4.0	0.06728772	1.0
	2.0	25	0	4	4	4	4	3	4									3.8333333	1	0.0	0.0	1.0	1.0	1.464163	
	1.0	34	0	1	1	2	3	2	2									1.8333334	2	9.0	1.0	3.5	2.5	-0.6631153	
	0.0	26	0	3	3	4	5	5	5									4.1666665	2	2.0	0.0	3.0	2.5	1.9130678	
	1.0	21	0	2	2	4	3	2	2									2.5	1	5.0	0.0	3.5	2.0	-0.030850137	
	0.0	31	0	3	3	3	3	3	3									3.0	1	8.0	1.0		1.0	0.5636059	
	0.0	28	0	1	5	2	5	5	4									3.6666667	2	9.0	1.0	3.0	1.5	1.3919699	
3.3444033	2.0	29	0	5	4	4	4	2	2	4	4	4	4	3	4	1.3985283	1.3985283	3.5	1	4.0	2.0	2.0	2.5	0.93464404	1.0
	1.0	34	0	4	2	1	2	1	4									2.3333333	0	10.0	3.0	3.5	3.0	-0.032324664	
	1.0	30	0	2	3	2	2	3	3									2.5	2	5.0	3.0	1.5	2.0	0.08780488	
	1.0	31	0	1	2	1	1	1	1									1.1666666	2	7.0	0.0	2.0	3.0	-1.4138333	
	1.0	26	0	3	3	3	3	3	3	3	3	3	3	3	3	0.16808653	0.16808653	3.0	2	7.0	1.0	3.0	3.0	0.5636059	1.0
	1.0	30	0	4	3	1	4	5	3									3.3333333	0	0.0	0.0	3.0	3.0	0.92248046	
	0.0	26	0	2	3	2	2	3	1	2	4	2	3	3	2	1.956284	1.956284	2.1666667	2	6.0	2.0	3.0	2.5	-0.4184057	1.0
	0.0	34	0	4	2	2	2	3	3									2.6666667	2	6.0	4.0	4.0	2.0	0.2175133	
	0.0	23	0	4	3	4	3	3	3									3.3333333	1	2.0	1.0	1.0	2.0	0.8692529	
	1.0	31	0	5	1	4	5	4	4									3.8333333	0	6.0	0.0	4.0	5.0	1.4440323	
	1.0	31	0	5	3	2	5	3											0	0.0	0.0	4.0	1.0		
	0.0	20	0	3	3	4	4	1	2									2.8333333	2	5.0	3.0	2.0		0.2876463	
	1.0	24	0	4	4	3	2	1	3	4	4	4	2	2	4	1.7811775	1.7811775	2.8333333	2	7.0	1.0	3.0	2.5	0.36780638	1.0
	2.0	19	0	2	2	5	1	3	2									2.5	0	3.0	1.0	3.0	2.0	-0.042202853	
	2.0	26	0	1	2	3	4	2	3	2	2	1	2	2	1	5.334237	5.334237	2.5	0	7.0	2.0	3.5	2.0	0.08676218	1.0
	0.0	25	0	2	2	2	2	2	2									2.0	2	9.0	3.0	4.0	3.5	-0.51093906	
	2.0	34	0	4	2	5	4	5	4									4.0	2	9.0	2.0	5.0	4.0	1.6238048	
	0.0	28	0	4	4	3	4	2	2									3.1666667	2	6.0	1.0	4.0	4.0	0.628997	
	1.0	24	0	3	5	5	4	3	3									3.8333333	2	10.0	1.0	3.0	3.5	1.3869963	
	1.0	31	0	2	1	1	3	2	1	4	2		3	3	3			1.6666666	2	10.0	0.0	3.5	1.0	-0.9205085	
	2.0	30	0	3	1	3	3	2	3									2.5	1	8.0	1.0	3.5	3.0	0.04631656	
5.7823834	0.0	34	0	2	2	4	1	1	1	1	2	1	2	1	1	0.55565166	0.55565166	1.8333334	0	9.0	2.0	4.0	3.0	-0.7982514	1.0
	0.0	25	0	5	4	3	4	2	5									3.8333333	2	0.0	1.0	1.5	3.0	1.5389925	
1.0007855	0.0	33	0	4	2	4	4	4	5	3	4	5	4	5	4	0.44434834		3.8333333	2	5.0	1.0	3.0	3.5	1.5479548	1.0
	1.0	21	0	3	2	2	3	3	3	3	2	5	3	4	4	0.8319135	0.8319135	2.6666667	2	5.0	1.0	3.5		0.23698775	
	0.0	31	0	1	1	1	1	1	1									1.0	0	10.0	3.0			-1.585484	
