Country,COW id,V-Dem id,ID,IDN,YEAR,freexp,freass,frerel,fremov,fairtrial,ctot_index,ctot_pct_change,ctot_cum3,bust,bust_onset,recovery,recovery_onset,bust_event_time,recovery_event_time,country_id
Afghanistan,700,36.0,AFG,1,1975,1,1,3,2,2.0,99.4197845459,,,0,0,0,0,,,0
Afghanistan,700,36.0,AFG,1,1975,1,1,3,2,2.0,99.5233001709,0.10411974384456624,0.10411974384456624,0,0,0,0,,,0
Afghanistan,700,36.0,AFG,1,1976,1,1,3,2,2.0,99.5677947998,0.04470775067104693,0.14882749451561317,0,0,0,0,,,0
Afghanistan,700,36.0,AFG,1,1976,1,1,3,2,2.0,99.7451400757,0.17811509861855868,0.32694259313417184,0,0,0,0,,,0
Afghanistan,700,36.0,AFG,1,1977,1,1,3,2,2.0,99.5793609619,-0.1662026978699771,0.056620151419628506,0,0,0,0,,,0
Afghanistan,700,36.0,AFG,1,1977,1,1,3,2,2.0,99.7387924194,0.1601049213009187,0.17201732204950027,0,0,0,0,,,0
Afghanistan,700,36.0,AFG,1,1978,1,1,2,2,1.0,99.5906829834,-0.1484973222627417,-0.15459509883180012,0,0,0,0,,,0
Afghanistan,700,36.0,AFG,1,1978,1,1,2,2,1.0,99.6619873047,0.07159738156619078,0.08320498060436776,0,0,0,0,,,0
Afghanistan,700,36.0,AFG,1,1979,1,1,2,1,1.0,99.6468429565,-0.015195711634474751,-0.09209565233102568,0,0,0,0,,,0
Afghanistan,700,36.0,AFG,1,1979,1,1,2,1,1.0,99.7560882568,0.1096324751078015,0.16603414503951752,0,0,0,0,,,0
Afghanistan,700,36.0,AFG,1,1980,1,1,2,1,1.0,99.4739151001,-0.28286309300100676,-0.18842632952768001,0,0,0,0,,,0
Afghanistan,700,36.0,AFG,1,1980,1,1,2,1,1.0,99.6613693237,0.188445607485499,0.015214989592293726,0,0,0,0,,,0
Afghanistan,700,36.0,AFG,1,1981,1,1,2,1,1.0,99.3906478882,-0.2716412962586401,-0.36605878177414786,0,0,0,0,,,0
Afghanistan,700,36.0,AFG,1,1981,1,1,2,1,1.0,99.5717468262,0.18220923381415677,0.09901354504101567,0,0,0,0,,,0
Afghanistan,700,36.0,AFG,1,1982,1,1,2,1,1.0,99.3846359253,-0.1879156556594208,-0.27734771810390413,0,0,0,0,,,0
Afghanistan,700,36.0,AFG,1,1982,1,1,2,1,1.0,99.5793304443,0.1959000173289649,0.19019359548370085,0,0,0,0,,,0
Afghanistan,700,36.0,AFG,1,1983,1,1,2,1,1.0,99.4214553833,-0.1585419989224679,-0.15055763725292381,0,0,0,0,,,0
Afghanistan,700,36.0,AFG,1,1983,1,1,2,1,1.0,99.5639953613,0.14336943414323677,0.18072745254973377,0,0,0,0,,,0
Afghanistan,700,36.0,AFG,1,1984,1,1,2,1,1.0,99.4607009888,-0.10374671298110094,-0.11891927776033206,0,0,0,0,,,0
Afghanistan,700,36.0,AFG,1,1984,1,1,2,1,1.0,99.54712677,0.08689440184996844,0.12651712301210427,0,0,0,0,,,0
Afghanistan,700,36.0,AFG,1,1985,1,1,2,1,1.0,99.3922729492,-0.1555583027100127,-0.1724106138411452,0,0,0,0,,,0
Afghanistan,700,36.0,AFG,1,1985,1,1,2,1,1.0,99.4529037476,0.06100152114538737,-0.007662379714656886,0,0,0,0,,,0
Afghanistan,700,36.0,AFG,1,1986,1,1,2,1,1.0,99.3867111206,-0.06655675652065263,-0.16111353808527795,0,0,0,0,,,0
Afghanistan,700,36.0,AFG,1,1986,1,1,2,1,1.0,99.2987365723,-0.08851741576723082,-0.09407265114249608,0,0,0,0,,,0
Afghanistan,700,36.0,AFG,1,1987,1,1,2,1,1.0,99.4717559814,0.1742412996101006,0.019167127322217148,0,0,0,0,,,0
Afghanistan,700,36.0,AFG,1,1987,1,1,2,1,1.0,99.3901290894,-0.0820603710014467,0.0036635128414230778,0,0,0,0,,,0
Afghanistan,700,36.0,AFG,1,1988,1,1,2,2,1.0,99.4755477905,0.08594284148999431,0.17812377009864822,0,0,0,0,,,0
Afghanistan,700,36.0,AFG,1,1988,1,1,2,2,1.0,99.3036346436,-0.17281950259983025,-0.16893703211128264,0,0,0,0,,,0
Afghanistan,700,36.0,AFG,1,1989,1,1,3,2,1.0,99.475440979,0.17301112493677273,0.08613446382693679,0,0,0,0,,,0
Afghanistan,700,36.0,AFG,1,1989,1,1,3,2,1.0,99.3687286377,-0.10727506231665851,-0.10708343997971603,0,0,0,0,,,0
Afghanistan,700,36.0,AFG,1,1990,1,1,3,2,1.0,99.4702453613,0.10216164078151735,0.16789770340163157,0,0,0,0,,,0
Afghanistan,700,36.0,AFG,1,1990,1,1,3,2,1.0,99.4228897095,-0.047607856628884004,-0.052721278164025165,0,0,0,0,,,0
Afghanistan,700,36.0,AFG,1,1991,1,1,3,2,1.0,99.3708877563,-0.052303803834252705,0.00224998031838064,0,0,0,0,,,0
Afghanistan,700,36.0,AFG,1,1991,1,1,3,2,1.0,99.3076477051,-0.0636404208796959,-0.1635520813428326,0,0,0,0,,,0
Afghanistan,700,36.0,AFG,1,1992,1,1,2,2,1.0,99.344039917,0.03664593084318213,-0.07929829387076648,0,0,0,0,,,0
Afghanistan,700,36.0,AFG,1,1992,1,1,2,2,1.0,99.226524353,-0.1182915090811476,-0.14528599911766138,0,0,0,0,,,0
Afghanistan,700,36.0,AFG,1,1993,1,2,3,2,1.0,99.3511810303,0.12562838224237094,0.04398280400440546,0,0,0,0,,,0
Afghanistan,700,36.0,AFG,1,1993,1,2,3,2,1.0,99.1723480225,-0.1800008877050563,-0.17266401454383296,0,0,0,0,,,0
Afghanistan,700,36.0,AFG,1,1994,1,1,3,2,1.0,99.424156189,0.25390965477882776,0.19953714931614241,0,0,0,0,,,0
Afghanistan,700,36.0,AFG,1,1994,1,1,3,2,1.0,99.2597579956,-0.16535035317523095,-0.09144158610145947,0,0,0,0,,,0
Afghanistan,700,36.0,AFG,1,1995,1,1,3,2,1.0,99.4351119995,0.176661728217975,0.2652210298215718,0,0,0,0,,,0
Afghanistan,700,36.0,AFG,1,1995,1,1,3,2,1.0,99.3293991089,-0.1063134424794776,-0.09500206743673356,0,0,0,0,,,0
Afghanistan,700,36.0,AFG,1,1996,1,1,2,2,1.0,99.3735580444,0.044457064973868476,0.11480535071236586,0,0,0,0,,,0
Afghanistan,700,36.0,AFG,1,1996,1,1,2,2,1.0,99.2656402588,-0.10859808959620132,-0.17045446710181045,0,0,0,0,,,0
Afghanistan,700,36.0,AFG,1,1997,1,1,2,2,1.0,99.402961731,0.13833736612385295,0.0741963415015201,0,0,0,0,,,0
Afghanistan,700,36.0,AFG,1,1997,1,1,2,2,1.0,99.2890930176,-0.11455263647792702,-0.08481335995027539,0,0,0,0,,,0
Afghanistan,700,36.0,AFG,1,1998,1,1,2,2,1.0,99.3340835571,0.04531267043805798,0.0690974000839839,0,0,0,0,,,0
Afghanistan,700,36.0,AFG,1,1998,1,1,2,2,1.0,99.1779327393,-0.15719762261685588,-0.22643758865672492,0,0,0,0,,,0
Afghanistan,700,36.0,AFG,1,1999,1,1,2,2,1.0,99.2725830078,0.09543480680203054,-0.016450145376767367,0,0,0,0,,,0
Afghanistan,700,36.0,AFG,1,1999,1,1,2,2,1.0,99.0917816162,-0.1821262085885178,-0.24388902440334315,0,0,0,0,,,0
Afghanistan,700,36.0,AFG,1,2000,1,1,2,2,1.0,99.3209228516,0.231241412418548,0.14455001063206074,0,0,0,0,,,0
Afghanistan,700,36.0,AFG,1,2000,1,1,2,2,1.0,99.1917800903,-0.13002573636268222,-0.08091053253265201,0,0,0,0,,,0
Afghanistan,700,36.0,AFG,1,2001,1,2,2,2,1.0,99.3309020996,0.14025558284500583,0.24147125890087162,0,0,0,0,,,0
Afghanistan,700,36.0,AFG,1,2001,1,2,2,2,1.0,99.1922454834,-0.13959061406787487,-0.12936076758555126,0,0,0,0,,,0
Afghanistan,700,36.0,AFG,1,2002,1,2,2,2,1.0,99.3481521606,0.1571762756657158,0.15784124444284675,0,0,0,0,,,0
Afghanistan,700,36.0,AFG,1,2002,1,2,2,2,1.0,99.1933746338,-0.15579306049878783,-0.1382073989009469,0,0,0,0,,,0
Afghanistan,700,36.0,AFG,1,2003,1,1,2,2,1.0,99.3843231201,0.19250125021448294,0.1938844653814109,0,0,0,0,,,0
Afghanistan,700,36.0,AFG,1,2003,1,1,2,2,1.0,99.2992248535,-0.08562544265374727,-0.04891725293805216,0,0,0,0,,,0
Afghanistan,700,36.0,AFG,1,2004,1,2,2,2,1.0,99.4710159302,0.1730034418228943,0.27987924938362996,0,0,0,0,,,0
Afghanistan,700,36.0,AFG,1,2004,1,2,2,2,1.0,99.3788528442,-0.09265320670361898,-0.005275207534471971,0,0,0,0,,,0
Afghanistan,700,36.0,AFG,1,2005,1,2,2,2,1.0,99.6040725708,0.22662741635093298,0.3069776514702083,0,0,0,0,,,0
Afghanistan,700,36.0,AFG,1,2005,1,2,2,2,1.0,99.4469680786,-0.15772898451349437,-0.023754774866180384,0,0,0,0,,,0
Afghanistan,700,36.0,AFG,1,2006,1,2,2,2,1.0,99.738243103,0.2928948262854947,0.3617932581229333,0,0,0,0,,,0
Afghanistan,700,36.0,AFG,1,2006,1,2,2,2,1.0,99.5335693359,-0.2052109208386943,-0.070045079066694,0,0,0,0,,,0
Afghanistan,700,36.0,AFG,1,2007,2,2,2,2,1.0,99.8214035034,0.2891830057140332,0.3768669111608336,0,0,0,0,,,0
Afghanistan,700,36.0,AFG,1,2007,2,2,2,2,1.0,99.6261825562,-0.1955702287769867,-0.1115981439016478,0,0,0,0,,,0
Afghanistan,700,36.0,AFG,1,2008,2,2,2,2,1.0,99.8793945313,0.2541620772803954,0.3477748542174419,0,0,0,0,,,0
Afghanistan,700,36.0,AFG,1,2008,2,2,2,2,1.0,99.8023452759,-0.07714229322430821,-0.018550444720899506,0,0,0,0,,,0
Afghanistan,700,36.0,AFG,1,2009,2,2,2,2,1.0,99.7564620972,-0.04597404857886733,0.13104573547721987,0,0,0,0,,,0
Afghanistan,700,36.0,AFG,1,2009,2,2,2,2,1.0,99.6255264282,-0.13125532546695018,-0.2543716672701257,0,0,0,0,,,0
Afghanistan,700,36.0,AFG,1,2010,2,2,2,2,1.0,100.1203231812,0.49665660071227524,0.31942722666645773,0,0,0,0,,,0
Afghanistan,700,36.0,AFG,1,2010,2,2,2,2,1.0,100.0506134033,-0.06962600167983446,0.2957752735654906,0,0,0,0,,,0
Afghanistan,700,36.0,AFG,1,2011,2,2,2,2,1.0,100.299949646,0.2492101089824672,0.676240708014908,0,0,0,0,,,0
Afghanistan,700,36.0,AFG,1,2011,2,2,2,2,1.0,100.2667999268,-0.03305058409002193,0.14653352321261082,0,0,0,0,,,0
Afghanistan,700,36.0,AFG,1,2012,2,3,2,2,1.0,100.0,-0.26608999887777207,-0.049930473985326795,0,0,0,0,,,0
Afghanistan,700,36.0,AFG,1,2012,2,3,2,2,1.0,100.0,0.0,-0.299140582967794,0,0,0,0,,,0
Afghanistan,700,36.0,AFG,1,2013,2,3,2,2,1.0,100.0335540771,0.033554077100017565,-0.2325359217777545,0,0,0,0,,,0
Afghanistan,700,36.0,AFG,1,2013,2,3,2,2,1.0,100.0461349487,0.012576651620621604,0.04613072872063917,0,0,0,0,,,0
Afghanistan,700,36.0,AFG,1,2014,2,3,2,2,1.0,99.8805236816,-0.16553489765989138,-0.11940416893925221,0,0,0,0,,,0
Afghanistan,700,36.0,AFG,1,2014,2,3,2,2,1.0,99.9378738403,0.05741876052114403,-0.09553948551812574,0,0,0,0,,,0
Afghanistan,700,36.0,AFG,1,2015,2,3,2,2,1.0,99.5950088501,-0.3430781314678555,-0.45119426860660283,0,0,0,0,,,0
Afghanistan,700,36.0,AFG,1,2015,2,3,2,2,1.0,99.6708526611,0.07615222075449957,-0.2095071501922119,0,0,0,0,,,0
Afghanistan,700,36.0,AFG,1,2016,2,3,2,2,1.0,99.7117156982,0.04099798086301121,-0.2259279298503447,0,0,0,0,,,0
Afghanistan,700,36.0,AFG,1,2016,2,3,2,2,1.0,99.7267379761,0.01506570997682477,0.13221591159433554,0,0,0,0,,,0
Afghanistan,700,36.0,AFG,1,2017,2,3,2,2,1.0,99.9172210693,0.1910050374310357,0.24706872827087167,0,0,0,0,,,0
Afghanistan,700,36.0,AFG,1,2017,2,3,2,2,1.0,99.8606719971,-0.05659592169879879,0.14947482570906168,0,0,0,0,,,0
Afghanistan,700,36.0,AFG,1,2018,2,3,2,2,1.0,99.9852676392,0.12476948092601248,0.2591785966582494,0,0,0,0,,,0
Afghanistan,700,36.0,AFG,1,2018,2,3,2,2,1.0,99.9039916992,-0.08128791562901361,-0.01311435640179992,0,0,0,0,,,0
Afghanistan,700,36.0,AFG,1,2019,2,3,2,2,1.0,99.8173675537,-0.08670739179353903,-0.043225826496540165,0,0,0,0,,,0
Afghanistan,700,36.0,AFG,1,2019,2,3,2,2,1.0,99.7928619385,-0.024550452291594027,-0.19254575971414667,0,0,0,0,,,0
Afghanistan,700,36.0,AFG,1,2020,2,3,2,2,1.0,99.7228088379,-0.07019850842955311,-0.18145635251468617,0,0,0,0,,,0
Afghanistan,700,36.0,AFG,1,2020,2,3,2,2,1.0,99.701499939,-0.02136812946639255,-0.11611709018753968,0,0,0,0,,,0
Afghanistan,700,36.0,AFG,1,2021,1,1,1,1,1.0,100.2393798828,0.5394903227424752,0.44792368484652956,0,0,0,0,,,0
Afghanistan,700,36.0,AFG,1,2021,1,1,1,1,1.0,100.0392227173,-0.1996791737279402,0.31844301954814247,0,0,0,0,,,0
Afghanistan,700,36.0,AFG,1,2022,1,1,1,1,1.0,100.5235519409,0.4841393309988673,0.8239504800134023,0,0,0,0,,,0
Afghanistan,700,36.0,AFG,1,2022,1,1,1,1,1.0,100.1240844727,-0.3973869411566966,-0.11292678388576949,0,0,0,0,,,0
Afghanistan,700,36.0,AFG,1,2023,1,1,1,1,1.0,100.1533279419,0.029207227565675176,0.11595961740784588,0,0,0,0,,,0
Afghanistan,700,36.0,AFG,1,2023,1,1,1,1,1.0,99.9529266357,-0.20009450541300655,-0.568274219004028,0,0,0,0,,,0
Afghanistan,700,36.0,AFG,1,2024,1,1,1,1,1.0,99.9818496704,0.028936656157574348,-0.14195062168975703,0,0,0,0,,,0
Afghanistan,700,36.0,AFG,1,2024,1,1,1,1,1.0,99.8631744385,-0.118696775756022,-0.2898546250114542,0,0,0,0,,,0
Albania,339,12.0,ALB,2,1975,1,1,1,1,1.0,100.7342147827,,,0,0,0,0,,,1
Albania,339,12.0,ALB,2,1975,1,1,1,1,1.0,98.2005691528,-2.515178815227259,-2.515178815227259,0,0,0,0,,,1
Albania,339,12.0,ALB,2,1976,1,1,1,1,1.0,100.8655090332,2.7137723369539346,0.19859352172667544,0,0,0,0,,,1
Albania,339,12.0,ALB,2,1976,1,1,1,1,1.0,98.4867401123,-2.3583571269312986,-2.159763605204623,0,0,0,0,,,1
Albania,339,12.0,ALB,2,1977,1,1,1,1,1.0,100.9155654907,2.466144554719274,2.82155976474191,0,0,0,0,,,1
Albania,339,12.0,ALB,2,1977,1,1,1,1,1.0,98.5676879883,-2.3265761738375024,-2.218788746049527,0,0,0,0,,,1
Albania,339,12.0,ALB,2,1978,1,1,1,1,1.0,100.8086547852,2.2735308523884834,2.413099233270255,0,0,0,0,,,1
Albania,339,12.0,ALB,2,1978,1,1,1,1,1.0,98.380607605,-2.4085701623274502,-2.461615483776469,0,0,0,0,,,1
Albania,339,12.0,ALB,2,1979,1,1,1,1,1.0,101.4496078491,3.1195174728154695,2.9844781628765027,0,0,0,0,,,1
Albania,339,12.0,ALB,2,1979,1,1,1,1,1.0,99.2098999023,-2.207704883523487,-1.4967575730354676,0,0,0,0,,,1
Albania,339,12.0,ALB,2,1980,1,1,1,1,1.0,101.525680542,2.334223340594588,3.2460359298865704,0,0,0,0,,,1
Albania,339,12.0,ALB,2,1980,1,1,1,1,1.0,99.2025680542,-2.288201837602022,-2.161683380530921,0,0,0,0,,,1
Albania,339,12.0,ALB,2,1981,1,1,1,1,1.0,101.3072814941,2.1216320113306653,2.167653514323231,0,0,0,0,,,1
Albania,339,12.0,ALB,2,1981,1,1,1,1,1.0,98.9026870728,-2.3735652421391196,-2.540135068410476,0,0,0,0,,,1
Albania,339,12.0,ALB,2,1982,1,1,1,1,1.0,101.1261444092,2.2481263170972765,1.9961930862888222,0,0,0,0,,,1
Albania,339,12.0,ALB,2,1982,1,1,1,1,1.0,98.7769622803,-2.3230215515724573,-2.4484604766143003,0,0,0,0,,,1
Albania,339,12.0,ALB,2,1983,1,1,1,1,1.0,100.9344329834,2.184184098492259,2.109288864017078,0,0,0,0,,,1
Albania,339,12.0,ALB,2,1983,1,1,1,1,1.0,98.7104110718,-2.2034323132976597,-2.342269766377858,0,0,0,0,,,1
Albania,339,12.0,ALB,2,1984,1,1,1,1,1.0,100.8159942627,2.1330913001349483,2.1138430853295476,0,0,0,0,,,1
Albania,339,12.0,ALB,2,1984,1,1,1,1,1.0,98.6099777222,-2.188161270077549,-2.25850228324026,0,0,0,0,,,1
Albania,339,12.0,ALB,2,1985,1,1,1,1,1.0,100.7543029785,2.174552013733244,2.1194820437906436,0,0,0,0,,,1
Albania,339,12.0,ALB,2,1985,1,1,1,1,1.0,98.5516891479,-2.186123833410869,-2.1997330897551737,0,0,0,0,,,1
Albania,339,12.0,ALB,2,1986,1,1,1,1,1.0,99.85887146,1.326392600068238,1.3148207803906131,0,0,0,0,,,1
Albania,339,12.0,ALB,2,1986,1,1,1,1,1.0,97.6714096069,-2.190553349059454,-3.050284582402085,0,0,0,0,,,1
Albania,339,12.0,ALB,2,1987,1,1,1,1,1.0,99.9459686279,2.3287869297212493,1.4646261807300331,0,0,0,0,,,1
Albania,339,12.0,ALB,2,1987,1,1,1,1,1.0,97.9192123413,-2.0278519628396885,-1.8896183821778934,0,0,0,0,,,1
Albania,339,12.0,ALB,2,1988,1,1,1,1,1.0,99.8340530396,1.955531149112777,2.2564661159943378,0,0,0,0,,,1
Albania,339,12.0,ALB,2,1988,1,1,1,1,1.0,97.6770782471,-2.160560176440407,-2.2328809901673186,0,0,0,0,,,1
Albania,339,12.0,ALB,2,1989,1,1,1,1,1.0,99.9590988159,2.3362907754335582,2.131261748105928,0,0,0,0,,,1
Albania,339,12.0,ALB,2,1989,1,1,1,1,1.0,97.8432006836,-2.116763913805353,-1.9410333148122016,0,0,0,0,,,1
Albania,339,12.0,ALB,2,1990,1,2,2,2,1.0,100.0193252563,2.2240938128516685,2.443620674479874,0,0,0,0,,,1
Albania,339,12.0,ALB,2,1990,1,2,2,2,1.0,98.0683135986,-1.9506346925461826,-1.843304793499867,0,0,0,0,,,1
Albania,339,12.0,ALB,2,1991,2,2,3,4,2.0,99.7451324463,1.7098477440565807,1.9833068643620666,0,0,0,0,,,1
Albania,339,12.0,ALB,2,1991,2,2,3,4,2.0,97.6802368164,-2.070171826190803,-2.310958774680405,0,0,0,0,,,1
Albania,339,12.0,ALB,2,1992,2,3,3,4,2.0,99.6441574097,2.01056084353215,1.6502367613979274,0,0,0,0,,,1
Albania,339,12.0,ALB,2,1992,2,3,3,4,2.0,97.6713104248,-1.9798922848917155,-2.039503267550369,0,0,0,0,,,1
Albania,339,12.0,ALB,2,1993,2,3,3,4,2.0,99.2460098267,1.6122435493608034,1.6429121080012377,0,0,0,0,,,1
Albania,339,12.0,ALB,2,1993,2,3,3,4,2.0,97.4439086914,-1.8157920287644513,-2.1834407642953635,0,0,0,0,,,1
Albania,339,12.0,ALB,2,1994,2,3,4,4,2.0,99.2342605591,1.837315325034794,1.633766845631146,0,0,0,0,,,1
Albania,339,12.0,ALB,2,1994,2,3,4,4,2.0,97.458694458,-1.7892672259522069,-1.7677439296818642,0,0,0,0,,,1
Albania,339,12.0,ALB,2,1995,2,3,3,4,2.0,99.2874679565,1.876460082571807,1.924508181654394,0,0,0,0,,,1
Albania,339,12.0,ALB,2,1995,2,3,3,4,2.0,97.5738220215,-1.7259438378978254,-1.6387509812782253,0,0,0,0,,,1
Albania,339,12.0,ALB,2,1996,2,3,3,4,2.0,99.1695022583,1.6353569059213369,1.7858731505953185,0,0,0,0,,,1
Albania,339,12.0,ALB,2,1996,2,3,3,4,2.0,97.6459960938,-1.536264809045662,-1.6268517410221506,0,0,0,0,,,1
Albania,339,12.0,ALB,2,1997,3,3,4,4,2.0,99.2049255371,1.5965113836336586,1.6956034805093334,0,0,0,0,,,1
Albania,339,12.0,ALB,2,1997,3,3,4,4,2.0,97.6274337769,-1.5901345136437262,-1.5298879390557296,0,0,0,0,,,1
Albania,339,12.0,ALB,2,1998,3,3,4,4,2.0,98.9206314087,1.3246252428956051,1.3310021128855376,0,0,0,0,,,1
Albania,339,12.0,ALB,2,1998,3,3,4,4,2.0,97.0864257813,-1.8542194901908893,-2.1197287609390103,0,0,0,0,,,1
Albania,339,12.0,ALB,2,1999,3,3,3,4,2.0,98.9336929321,1.902703839320674,1.37310959202539,0,0,0,0,,,1
Albania,339,12.0,ALB,2,1999,3,3,3,4,2.0,97.4427947998,-1.506967028232975,-1.4584826791031902,0,0,0,0,,,1
Albania,339,12.0,ALB,2,2000,3,3,3,4,2.0,99.0685195923,1.6683889207407487,2.064125731828448,0,0,0,0,,,1
Albania,339,12.0,ALB,2,2000,3,3,3,4,2.0,98.0749893188,-1.0028718280930438,-0.84144993558527,0,0,0,0,,,1
Albania,339,12.0,ALB,2,2001,2,3,3,4,2.0,99.0082778931,0.9516071128657266,1.6171242055134316,0,0,0,0,,,1
Albania,339,12.0,ALB,2,2001,2,3,3,4,2.0,97.8767089844,-1.1429033337210126,-1.1941680489483297,0,0,0,0,,,1
Albania,339,12.0,ALB,2,2002,2,3,3,4,2.0,99.0151977539,1.1631866062042029,0.9718903853489169,0,0,0,0,,,1
Albania,339,12.0,ALB,2,2002,2,3,3,4,2.0,97.9415435791,-1.0843327076602294,-1.064049435177039,0,0,0,0,,,1
Albania,339,12.0,ALB,2,2003,2,3,3,4,2.0,99.0572052002,1.1391096978157877,1.2179635963597613,0,0,0,0,,,1
Albania,339,12.0,ALB,2,2003,2,3,3,4,2.0,98.1533508301,-0.9124569669346827,-0.8576799767791243,0,0,0,0,,,1
Albania,339,12.0,ALB,2,2004,2,3,3,4,2.0,99.1254806519,0.9904193933049976,1.2170721241861027,0,0,0,0,,,1
Albania,339,12.0,ALB,2,2004,2,3,3,4,2.0,98.5599212646,-0.5705489482427661,-0.4925865218724512,0,0,0,0,,,1
Albania,339,12.0,ALB,2,2005,2,3,3,4,2.0,99.2845840454,0.7352509737244217,1.1551214187866532,0,0,0,0,,,1
Albania,339,12.0,ALB,2,2005,2,3,3,4,2.0,99.0548629761,-0.23137637278608514,-0.06667434730442956,0,0,0,0,,,1
Albania,339,12.0,ALB,2,2006,2,3,3,4,2.0,99.5419998169,0.49178488179579816,0.9956594827341347,0,0,0,0,,,1
Albania,339,12.0,ALB,2,2006,2,3,3,4,2.0,99.5459747314,0.003993203378782617,0.26440171238849564,0,0,0,0,,,1
Albania,339,12.0,ALB,2,2007,2,4,4,4,2.0,99.586517334,0.0407275158130771,0.5365056009876579,0,0,0,0,,,1
Albania,339,12.0,ALB,2,2007,2,4,4,4,2.0,99.6807403564,0.09461423586485385,0.13933495505671356,0,0,0,0,,,1
Albania,339,12.0,ALB,2,2008,2,4,4,4,2.0,99.7269973755,0.046405172087027324,0.18174692376495827,0,0,0,0,,,1
Albania,339,12.0,ALB,2,2008,2,4,4,4,2.0,99.9545669556,0.22819255175519082,0.369211959707072,0,0,0,0,,,1
Albania,339,12.0,ALB,2,2009,2,3,4,4,2.0,99.1032714844,-0.8516824164504166,-0.5770846926081985,0,0,0,0,,,1
Albania,339,12.0,ALB,2,2009,2,3,4,4,2.0,99.1989593506,0.09655369067718134,-0.5269361740180445,0,0,0,0,,,1
Albania,339,12.0,ALB,2,2010,2,4,4,4,2.0,99.8359451294,0.6421294970935021,-0.11299922867973322,0,0,0,0,,,1
Albania,339,12.0,ALB,2,2010,2,4,4,4,2.0,99.818862915,-0.017110284655352803,0.7215729031153306,0,0,0,0,,,1
Albania,339,12.0,ALB,2,2011,2,4,4,4,2.0,100.3032226563,0.48523868851566565,1.110257900953815,0,0,0,0,,,1
Albania,339,12.0,ALB,2,2011,2,4,4,4,2.0,100.1882705688,-0.11460458044693089,0.35352382341338195,0,0,0,0,,,1
Albania,339,12.0,ALB,2,2012,2,3,4,4,2.0,100.0,-0.18791677681541108,0.18271733125332368,0,0,0,0,,,1
Albania,339,12.0,ALB,2,2012,2,3,4,4,2.0,100.0,0.0,-0.30252135726234197,0,0,0,0,,,1
Albania,339,12.0,ALB,2,2013,2,4,4,4,2.0,100.1586990356,0.1586990355999962,-0.029217741215414872,0,0,0,0,,,1
Albania,339,12.0,ALB,2,2013,2,4,4,4,2.0,100.0947113037,-0.06388634488678768,0.09481269071320853,0,0,0,0,,,1
Albania,339,12.0,ALB,2,2014,2,4,4,4,2.0,99.7648010254,-0.32959811163149055,-0.23478542091828203,0,0,0,0,,,1
Albania,339,12.0,ALB,2,2014,2,4,4,4,2.0,99.9804077148,0.21611498963958198,-0.17736946687869626,0,0,0,0,,,1
Albania,339,12.0,ALB,2,2015,2,4,4,4,2.0,96.728302002,-3.2527429994852697,-3.3662261214771783,0,0,0,0,,,1
Albania,339,12.0,ALB,2,2015,2,4,4,4,2.0,99.0199584961,2.3691685335824664,-0.6674594762632213,0,0,0,0,,,1
Albania,339,12.0,ALB,2,2016,2,4,4,4,2.0,96.3425827026,-2.70387488963193,-3.587449355534733,0,0,0,0,,,1
Albania,339,12.0,ALB,2,2016,2,4,4,4,2.0,98.8965530396,2.650925754070599,2.3162193980211354,0,0,0,0,,,1
Albania,339,12.0,ALB,2,2017,2,4,4,4,2.0,97.2475280762,-1.6674241039924764,-1.7203732395538074,0,0,0,0,,,1
Albania,339,12.0,ALB,2,2017,2,4,4,4,2.0,99.2547531128,2.0640370776594086,3.047538727737531,0,0,0,0,,,1
Albania,339,12.0,ALB,2,2018,2,4,4,4,2.0,98.146194458,-1.11688218451379,-0.7202692108468578,0,0,0,0,,,1
Albania,339,12.0,ALB,2,2018,2,4,4,4,2.0,99.5534286499,1.433814321249316,2.3809692143949346,0,0,0,0,,,1
Albania,339,12.0,ALB,2,2019,2,4,4,4,2.0,97.5925979614,-1.9696264760460047,-1.6526943393104787,0,0,0,0,,,1
Albania,339,12.0,ALB,2,2019,2,4,4,4,2.0,99.3108673096,1.7606554022463916,1.2248432474497029,0,0,0,0,,,1
Albania,339,12.0,ALB,2,2020,2,4,4,2,2.0,96.2572174072,-3.074839627450132,-3.2838107012497453,0,0,0,0,,,1
Albania,339,12.0,ALB,2,2020,2,4,4,2,2.0,98.8758163452,2.7204182798287624,1.4062340546250218,0,0,0,0,,,1
Albania,339,12.0,ALB,2,2021,2,4,4,2,2.0,98.2422866821,-0.6407326751044828,-0.9951540227258526,0,0,0,0,,,1
Albania,339,12.0,ALB,2,2021,2,4,4,2,2.0,99.6873168945,1.470884138798545,3.5505697435228245,0,0,0,0,,,1
Albania,339,12.0,ALB,2,2022,2,4,4,4,2.0,99.0928497314,-0.5963317918659006,0.23381967182816155,0,0,0,0,,,1
Albania,339,12.0,ALB,2,2022,2,4,4,4,2.0,99.9575119019,0.8725777620118391,1.7471301089444835,0,0,0,0,,,1
Albania,339,12.0,ALB,2,2023,2,4,4,4,3.0,98.4003753662,-1.5577984146186163,-1.2815524444726778,0,0,0,0,,,1
Albania,339,12.0,ALB,2,2023,2,4,4,4,3.0,99.6922225952,1.3128478668829713,0.6276272142761941,0,0,0,0,,,1
Albania,339,12.0,ALB,2,2024,2,4,4,4,3.0,98.2852783203,-1.411287900173408,-1.656238447909053,0,0,0,0,,,1
Albania,339,12.0,ALB,2,2024,2,4,4,4,3.0,99.6219482422,1.3599899646658864,1.2615499313754497,0,0,0,0,,,1
Argentina,160,37.0,ARG,7,1975,2,2,3,3,2.0,96.3401489258,,,0,0,0,0,,,2
Argentina,160,37.0,ARG,7,1975,2,2,3,3,2.0,98.9768753052,2.7368925715806958,2.7368925715806958,0,0,0,0,,,2
Argentina,160,37.0,ARG,7,1976,2,2,3,3,2.0,96.2798156738,-2.724939156831818,0.011953414748877567,0,0,0,0,,,2
Argentina,160,37.0,ARG,7,1976,2,2,3,3,2.0,99.2654266357,3.1009728685141624,3.11292628326304,0,0,0,0,,,2
Argentina,160,37.0,ARG,7,1977,2,2,3,3,2.0,96.0001907349,-3.2893989493273157,-2.9133652376449715,0,0,0,0,,,2
Argentina,160,37.0,ARG,7,1977,2,2,3,3,2.0,99.5015258789,3.6472168619630763,3.458790781149923,0,0,0,0,,,2
Argentina,160,37.0,ARG,7,1978,2,2,3,3,2.0,95.9932403564,-3.5258610272668744,-3.168043114631114,0,0,0,0,,,2
Argentina,160,37.0,ARG,7,1978,2,2,3,3,2.0,99.0531234741,3.1876026961267234,3.3089585308229252,0,0,0,0,,,2
Argentina,160,37.0,ARG,7,1979,2,2,3,3,2.0,96.1970977783,-2.883327244644418,-3.221585575784569,0,0,0,0,,,2
Argentina,160,37.0,ARG,7,1979,2,2,3,3,2.0,99.7762451172,3.720639625894595,4.0249150773769005,0,0,0,0,,,2
Argentina,160,37.0,ARG,7,1980,2,2,3,3,2.0,95.8105163574,-3.974622170980424,-3.137309789730247,0,0,0,0,,,2
Argentina,160,37.0,ARG,7,1980,2,2,3,3,2.0,99.1349029541,3.469751258096876,3.215768713011047,0,0,0,0,,,2
Argentina,160,37.0,ARG,7,1981,2,2,3,3,2.0,95.560874939,-3.605216637731312,-4.11008755061486,0,0,0,0,,,2
Argentina,160,37.0,ARG,7,1981,2,2,3,3,2.0,98.6322402954,3.2140406399172816,3.0785752602828453,0,0,0,0,,,2
Argentina,160,37.0,ARG,7,1982,2,2,3,3,2.0,95.2793884277,-3.399346762943156,-3.7905227607571867,0,0,0,0,,,2
Argentina,160,37.0,ARG,7,1982,2,2,3,3,2.0,98.0854263306,2.9450628821251046,2.75975675909923,0,0,0,0,,,2
Argentina,160,37.0,ARG,7,1983,2,3,3,3,2.0,95.5265579224,-2.6088161146134548,-3.0630999954315064,0,0,0,0,,,2
Argentina,160,37.0,ARG,7,1983,2,3,3,3,2.0,98.6089019775,3.2266880772610973,3.562934844772747,0,0,0,0,,,2
Argentina,160,37.0,ARG,7,1984,3,3,3,4,3.0,95.4356918335,-3.2179753352532425,-2.6001033726056,0,0,0,0,,,2
Argentina,160,37.0,ARG,7,1984,3,3,3,4,3.0,98.5217285156,3.233629497320556,3.2423422393284107,0,0,0,0,,,2
Argentina,160,37.0,ARG,7,1985,3,3,3,4,3.0,94.8525695801,-3.7242129130113932,-3.70855875094408,0,0,0,0,,,2
Argentina,160,37.0,ARG,7,1985,3,3,3,4,3.0,97.7291107178,3.0326443979684203,2.542060982277583,0,0,0,0,,,2
Argentina,160,37.0,ARG,7,1986,3,4,4,4,3.0,93.9710006714,-3.8454356320214655,-4.537004147064438,0,0,0,0,,,2
Argentina,160,37.0,ARG,7,1986,3,4,4,4,3.0,96.4634399414,2.6523493973588774,1.8395581633058322,0,0,0,0,,,2
Argentina,160,37.0,ARG,7,1987,3,3,4,4,3.0,93.7389373779,-2.824388768589514,-4.017475003252102,0,0,0,0,,,2
Argentina,160,37.0,ARG,7,1987,3,3,4,4,3.0,96.3260803223,2.759944817776394,2.5879054465457574,0,0,0,0,,,2
Argentina,160,37.0,ARG,7,1988,3,4,4,4,3.0,94.2441482544,-2.1613378857875287,-2.2257818366006488,0,0,0,0,,,2
Argentina,160,37.0,ARG,7,1988,3,4,4,4,3.0,96.8877029419,2.805006715498193,3.403613647487058,0,0,0,0,,,2
Argentina,160,37.0,ARG,7,1989,3,4,4,4,3.0,94.0416412354,-2.9374849646365164,-2.2938161349258523,0,0,0,0,,,2
Argentina,160,37.0,ARG,7,1989,3,4,4,4,3.0,96.7070541382,2.8342900738281163,2.7018118246897926,0,0,0,0,,,2
Argentina,160,37.0,ARG,7,1990,3,4,4,3,3.0,93.7085189819,-3.100637469542722,-3.203832360351122,0,0,0,0,,,2
Argentina,160,37.0,ARG,7,1990,3,4,4,3,3.0,96.4574966431,2.9335408253874595,2.667193429672854,0,0,0,0,,,2
Argentina,160,37.0,ARG,7,1991,3,3,4,4,3.0,93.2301483154,-3.345876100891809,-3.5129727450470716,0,0,0,0,,,2
Argentina,160,37.0,ARG,7,1991,3,3,4,4,3.0,95.8062744141,2.7631899608106414,2.3508546853062917,0,0,0,0,,,2
Argentina,160,37.0,ARG,7,1992,3,4,3,4,3.0,93.2482299805,-2.670017646801981,-3.2527037868831488,0,0,0,0,,,2
Argentina,160,37.0,ARG,7,1992,3,4,3,4,3.0,95.8174438477,2.7552414321829755,2.848413746191636,0,0,0,0,,,2
Argentina,160,37.0,ARG,7,1993,2,3,3,4,3.0,93.3469238281,-2.5783614344031647,-2.49313764902217,0,0,0,0,,,2
Argentina,160,37.0,ARG,7,1993,2,3,3,4,3.0,95.9565963745,2.795670643850845,2.9725506416306557,0,0,0,0,,,2
Argentina,160,37.0,ARG,7,1994,3,3,4,4,3.0,93.3749465942,-2.6904349235401415,-2.473125714092461,0,0,0,0,,,2
Argentina,160,37.0,ARG,7,1994,3,3,4,4,3.0,96.0101318359,2.8221544834208023,2.927390203731506,0,0,0,0,,,2
Argentina,160,37.0,ARG,7,1995,3,4,4,4,3.0,93.3271255493,-2.794503283451133,-2.662783723570472,0,0,0,0,,,2
Argentina,160,37.0,ARG,7,1995,3,4,4,4,3.0,95.9758911133,2.8381518753631596,2.865803075332829,0,0,0,0,,,2
Argentina,160,37.0,ARG,7,1996,3,4,4,4,3.0,93.4984664917,-2.581298900028328,-2.5376503081163015,0,0,0,0,,,2
Argentina,160,37.0,ARG,7,1996,3,4,4,4,3.0,96.5125274658,3.2236474962587414,3.480500471593573,0,0,0,0,,,2
Argentina,160,37.0,ARG,7,1997,3,4,4,4,3.0,93.4509963989,-3.172159249466222,-2.529810653235809,0,0,0,0,,,2
Argentina,160,37.0,ARG,7,1997,3,4,4,4,3.0,96.4241790771,3.1815419768333353,3.2330302236258546,0,0,0,0,,,2
Argentina,160,37.0,ARG,7,1998,3,3,4,4,3.0,92.8261566162,-3.7314525208693383,-3.722069793502225,0,0,0,0,,,2
Argentina,160,37.0,ARG,7,1998,3,3,4,4,3.0,95.393951416,2.766240565594913,2.21633002155891,0,0,0,0,,,2
Argentina,160,37.0,ARG,7,1999,3,4,4,4,3.0,92.5687408447,-2.9616244314900397,-3.926836386764465,0,0,0,0,,,2
Argentina,160,37.0,ARG,7,1999,3,4,4,4,3.0,94.9434356689,2.565331236582291,2.3699473706871643,0,0,0,0,,,2
Argentina,160,37.0,ARG,7,2000,3,4,4,4,3.0,93.0051422119,-2.0415244543703803,-2.437817649278129,0,0,0,0,,,2
Argentina,160,37.0,ARG,7,2000,3,4,4,4,3.0,95.6509552002,2.844802905920907,3.3686096881328176,0,0,0,0,,,2
Argentina,160,37.0,ARG,7,2001,3,4,4,4,2.0,92.9851074219,-2.787058187469549,-1.9837797359190223,0,0,0,0,,,2
Argentina,160,37.0,ARG,7,2001,3,4,4,4,2.0,95.653213501,2.8693907584512957,2.9271354769026536,0,0,0,0,,,2
Argentina,160,37.0,ARG,7,2002,3,3,4,4,2.0,93.30052948,-2.459597471835495,-2.3772649008537483,0,0,0,0,,,2
Argentina,160,37.0,ARG,7,2002,3,3,4,4,2.0,96.1380386353,3.041257290944177,3.4510505775599776,0,0,0,0,,,2
Argentina,160,37.0,ARG,7,2003,3,4,4,4,2.0,94.0066604614,-2.2169977712832245,-1.6353379521745426,0,0,0,0,,,2
Argentina,160,37.0,ARG,7,2003,3,4,4,4,2.0,96.6644897461,2.827277632941061,3.6515371526020135,0,0,0,0,,,2
Argentina,160,37.0,ARG,7,2004,3,4,4,4,3.0,95.0108947754,-1.7106540106334278,-1.1003741489755914,0,0,0,0,,,2
Argentina,160,37.0,ARG,7,2004,3,4,4,4,3.0,97.170501709,2.2730097834623875,3.3896334057700206,0,0,0,0,,,2
Argentina,160,37.0,ARG,7,2005,3,4,4,4,3.0,95.0415802002,-2.1909133650205526,-1.628557592191593,0,0,0,0,,,2
Argentina,160,37.0,ARG,7,2005,3,4,4,4,3.0,96.9735870361,2.032801676729634,2.114898095171469,0,0,0,0,,,2
Argentina,160,37.0,ARG,7,2006,3,4,4,4,3.0,95.9065475464,-1.1003403321594885,-1.2584520204504068,0,0,0,0,,,2
Argentina,160,37.0,ARG,7,2006,3,4,4,4,3.0,97.3596115112,1.51508317416702,2.447544518737166,0,0,0,0,,,2
Argentina,160,37.0,ARG,7,2007,3,3,4,4,3.0,97.6409454346,0.2889636873372625,0.7037065293447942,0,0,0,0,,,2
Argentina,160,37.0,ARG,7,2007,3,3,4,4,3.0,98.3566665649,0.7330133143573336,2.5370601758616163,0,0,0,0,,,2
Argentina,160,37.0,ARG,7,2008,3,4,4,4,3.0,99.9393310547,1.6091074912097492,2.6310844929043453,0,0,0,0,,,2
Argentina,160,37.0,ARG,7,2008,3,4,4,4,3.0,99.6362075806,-0.3033074875537167,2.038813318013366,0,0,0,0,,,2
Argentina,160,37.0,ARG,7,2009,3,4,4,4,3.0,97.2024993896,-2.4425941634031667,-1.1367941597471343,0,0,0,0,,,2
Argentina,160,37.0,ARG,7,2009,3,4,4,4,3.0,98.1350708008,0.9594109380481219,-1.7864907129087615,0,0,0,0,,,2
Argentina,160,37.0,ARG,7,2010,3,4,4,4,3.0,98.1519241333,0.017173608132625695,-1.466009617222419,0,0,0,0,,,2
Argentina,160,37.0,ARG,7,2010,3,4,4,4,3.0,98.8048019409,0.6651706661535473,1.6417552123342949,0,0,0,0,,,2
Argentina,160,37.0,ARG,7,2011,3,4,4,4,3.0,99.8233642578,1.0308834154733049,1.7132276897594778,0,0,0,0,,,2
Argentina,160,37.0,ARG,7,2011,3,4,4,4,3.0,99.996635437,0.17357777959929876,1.8696318612261509,0,0,0,0,,,2
Argentina,160,37.0,ARG,7,2012,3,4,4,4,3.0,100.0,0.0033646762066519287,1.2078258712792556,0,0,0,0,,,2
Argentina,160,37.0,ARG,7,2012,3,4,4,4,3.0,100.0,0.0,0.1769424558059507,0,0,0,0,,,2
Argentina,160,37.0,ARG,7,2013,4,4,4,4,3.0,99.9652175903,-0.03478240969999602,-0.03141773349334409,0,0,0,0,,,2
Argentina,160,37.0,ARG,7,2013,4,4,4,4,3.0,100.0364074707,0.0712146505715161,0.03643224087152008,0,0,0,0,,,2
Argentina,160,37.0,ARG,7,2014,4,4,3,4,3.0,99.3054122925,-0.7307291382031122,-0.6942968973315922,0,0,0,0,,,2
Argentina,160,37.0,ARG,7,2014,4,4,3,4,3.0,99.5940475464,0.2906541015607944,-0.36886038607080174,0,0,0,0,,,2
Argentina,160,37.0,ARG,7,2015,3,4,3,4,3.0,97.8908004761,-1.7101896270522388,-2.1502646636945566,0,0,0,0,,,2
Argentina,160,37.0,ARG,7,2015,3,4,3,4,3.0,98.1103973389,0.22432839626602696,-1.1952071292254174,0,0,0,0,,,2
Argentina,160,37.0,ARG,7,2016,3,4,3,4,3.0,98.0367965698,-0.07501831721846708,-1.5608795480046789,0,0,0,0,,,2
Argentina,160,37.0,ARG,7,2016,3,4,3,4,3.0,98.083366394,0.0475023928049767,0.19681247185253659,0,0,0,0,,,2
Argentina,160,37.0,ARG,7,2017,3,3,4,4,3.0,98.1790161133,0.09751879734203328,0.0700028729285429,0,0,0,0,,,2
Argentina,160,37.0,ARG,7,2017,3,3,4,4,3.0,98.3654632568,0.18990528819808894,0.3349264783450989,0,0,0,0,,,2
Argentina,160,37.0,ARG,7,2018,3,3,4,4,3.0,98.2566299438,-0.1106417937725479,0.17678229176757432,0,0,0,0,,,2
Argentina,160,37.0,ARG,7,2018,3,3,4,4,3.0,98.6175231934,0.3672965883385393,0.4465600827640803,0,0,0,0,,,2
Argentina,160,37.0,ARG,7,2019,3,3,4,4,3.0,97.8129959106,-0.8158056060911578,-0.5591508115251664,0,0,0,0,,,2
Argentina,160,37.0,ARG,7,2019,3,3,4,4,3.0,98.0380249023,0.23006042254924974,-0.2184485952033688,0,0,0,0,,,2
Argentina,160,37.0,ARG,7,2020,3,3,4,3,3.0,97.950050354,-0.08973512918856175,-0.6754803127304698,0,0,0,0,,,2
Argentina,160,37.0,ARG,7,2020,3,3,4,3,3.0,97.9483566284,-0.0017291727710921911,0.1385961205895958,0,0,0,0,,,2
Argentina,160,37.0,ARG,7,2021,3,3,4,3,3.0,99.4988021851,1.5829214599098806,1.4914571579502267,0,0,0,0,,,2
Argentina,160,37.0,ARG,7,2021,3,3,4,3,3.0,99.8477630615,0.3507186707140564,1.9319109578528448,0,0,0,0,,,2
Argentina,160,37.0,ARG,7,2022,3,3,4,4,3.0,99.9107513428,0.06308431893582434,1.9967244495597614,0,0,0,0,,,2
Argentina,160,37.0,ARG,7,2022,3,3,4,4,3.0,100.4585189819,0.5482569510668389,0.9620599407167196,0,0,0,0,,,2
Argentina,160,37.0,ARG,7,2023,3,3,4,4,3.0,99.3426513672,-1.110774502758738,-0.49943323275607465,0,0,0,0,,,2
Argentina,160,37.0,ARG,7,2023,3,3,4,4,3.0,99.6227493286,0.28195136484194805,-0.28056618684995094,0,0,0,0,,,2
Argentina,160,37.0,ARG,7,2024,3,3,4,4,3.0,98.2643051147,-1.3635883601437748,-2.1924114980605647,0,0,0,0,,,2
Argentina,160,37.0,ARG,7,2024,3,3,4,4,3.0,98.7036132813,0.4470679012966272,-0.6345690940051996,0,0,0,0,,,2
Armenia,371,105.0,ARM,8,1992,3,3,4,3,2.0,97.2802886963,,,0,0,0,0,,,3
Armenia,371,105.0,ARM,8,1992,3,3,4,3,2.0,96.4358215332,-0.8680763332604369,-0.8680763332604369,0,0,0,0,,,3
Armenia,371,105.0,ARM,8,1993,3,3,3,3,2.0,95.7771453857,-0.6830202066285485,-1.5510965398889853,0,0,0,0,,,3
Armenia,371,105.0,ARM,8,1993,3,3,3,3,2.0,95.9096221924,0.1383177648138334,-1.412778775075152,0,0,0,0,,,3
Armenia,371,105.0,ARM,8,1994,2,3,3,3,2.0,97.1398162842,1.282659720348156,0.737957278533441,0,0,0,0,,,3
Armenia,371,105.0,ARM,8,1994,2,3,3,3,2.0,96.5322875977,-0.625416754673036,0.7955607304889534,0,0,0,0,,,3
Armenia,371,105.0,ARM,8,1995,2,3,3,3,2.0,98.8174057007,2.3672059990158534,3.0244489646909734,0,0,0,0,,,3
Armenia,371,105.0,ARM,8,1995,2,3,3,3,2.0,97.1864395142,-1.6504847247658883,0.09130451957692909,0,0,0,0,,,3
Armenia,371,105.0,ARM,8,1996,2,3,3,2,2.0,98.2213439941,1.0648651036843315,1.7815863779342966,0,0,0,0,,,3
Armenia,371,105.0,ARM,8,1996,2,3,3,2,2.0,96.4071807861,-1.8470152557767627,-2.4326348768583195,0,0,0,0,,,3
Armenia,371,105.0,ARM,8,1997,3,3,2,3,2.0,98.2671356201,1.929270017890805,1.1471198657983739,0,0,0,0,,,3
Armenia,371,105.0,ARM,8,1997,3,3,2,3,2.0,96.5251922607,-1.7726611734510622,-1.6904064113370199,0,0,0,0,,,3
Armenia,371,105.0,ARM,8,1998,3,3,3,3,2.0,97.5658416748,1.0781117237139037,1.2347205681536466,0,0,0,0,,,3
Armenia,371,105.0,ARM,8,1998,3,3,3,3,2.0,95.6182556152,-1.9961761474795336,-2.690725597216692,0,0,0,0,,,3
Armenia,371,105.0,ARM,8,1999,3,3,3,3,2.0,97.4726791382,1.939403214447677,1.021338790682047,0,0,0,0,,,3
Armenia,371,105.0,ARM,8,1999,3,3,3,3,2.0,95.5419998169,-1.9807389500011707,-2.0375118830330274,0,0,0,0,,,3
Armenia,371,105.0,ARM,8,2000,3,3,3,3,2.0,97.9038238525,2.47202700396294,2.430691268409446,0,0,0,0,,,3
Armenia,371,105.0,ARM,8,2000,3,3,3,3,2.0,96.1037216187,-1.8386434390060047,-1.3473553850442355,0,0,0,0,,,3
Armenia,371,105.0,ARM,8,2001,3,3,3,3,2.0,97.7519073486,1.715007184049866,2.3483907490068012,0,0,0,0,,,3
Armenia,371,105.0,ARM,8,2001,3,3,3,3,2.0,95.7609939575,-2.0367003008954665,-2.1603365558516052,0,0,0,0,,,3
Armenia,371,105.0,ARM,8,2002,3,3,3,3,2.0,97.8197860718,2.149927678501018,1.8282345616554174,0,0,0,0,,,3
Armenia,371,105.0,ARM,8,2002,3,3,3,3,2.0,95.7892608643,-2.0757816890026537,-1.9625543113971022,0,0,0,0,,,3
Armenia,371,105.0,ARM,8,2003,3,3,3,3,2.0,98.0604934692,2.3710722730364786,2.445218262534843,0,0,0,0,,,3
Armenia,371,105.0,ARM,8,2003,3,3,3,3,2.0,96.1826095581,-1.9150259647529033,-1.6197353807190784,0,0,0,0,,,3
Armenia,371,105.0,ARM,8,2004,2,2,3,3,2.0,98.6629104614,2.578741536225171,3.034787844508746,0,0,0,0,,,3
Armenia,371,105.0,ARM,8,2004,2,2,3,3,2.0,97.4050292969,-1.274928094678629,-0.6112125232063614,0,0,0,0,,,3
Armenia,371,105.0,ARM,8,2005,2,2,3,3,2.0,99.111076355,1.7514979158825605,3.0553113574291024,0,0,0,0,,,3
Armenia,371,105.0,ARM,8,2005,2,2,3,3,2.0,98.1508102417,-0.9688787052019032,-0.4923088839979717,0,0,0,0,,,3
Armenia,371,105.0,ARM,8,2006,2,2,3,3,2.0,100.2005233765,2.0883303252948293,2.8709495359754866,0,0,0,0,,,3
Armenia,371,105.0,ARM,8,2006,2,2,3,3,2.0,100.0061035156,-0.19403078382083105,0.925420836272095,0,0,0,0,,,3
Armenia,371,105.0,ARM,8,2007,2,2,3,3,2.0,100.2665939331,0.2604745193970581,2.1547740608710564,0,0,0,0,,,3
Armenia,371,105.0,ARM,8,2007,2,2,3,3,2.0,100.1019439697,-0.16421218368088963,-0.09776844810466256,0,0,0,0,,,3
Armenia,371,105.0,ARM,8,2008,2,2,3,3,2.0,100.1488265991,0.04683488405998748,0.14309721977615597,0,0,0,0,,,3
Armenia,371,105.0,ARM,8,2008,2,2,3,3,2.0,99.9361801147,-0.21233048016752187,-0.329707779788424,0,0,0,0,,,3
Armenia,371,105.0,ARM,8,2009,2,2,3,2,2.0,99.4637756348,-0.4727061604293814,-0.6382017565369158,0,0,0,0,,,3
Armenia,371,105.0,ARM,8,2009,2,2,3,2,2.0,98.7989578247,-0.6684019441821842,-1.3534385847790875,0,0,0,0,,,3
Armenia,371,105.0,ARM,8,2010,2,2,3,3,2.0,100.333732605,1.5534321556540664,0.4123240510425008,0,0,0,0,,,3
Armenia,371,105.0,ARM,8,2010,2,2,3,3,2.0,100.1225280762,-0.21050201494194898,0.6745281965299332,0,0,0,0,,,3
Armenia,371,105.0,ARM,8,2011,2,2,3,3,2.0,100.6905593872,0.567336164911536,1.9102663056236535,0,0,0,0,,,3
Armenia,371,105.0,ARM,8,2011,2,2,3,3,2.0,100.5835037231,-0.10632145133718796,0.2505126986323991,0,0,0,0,,,3
Armenia,371,105.0,ARM,8,2012,2,3,3,3,2.0,100.0,-0.580118708835542,-0.11910399526119386,0,0,0,0,,,3
Armenia,371,105.0,ARM,8,2012,2,3,3,3,2.0,100.0,0.0,-0.6864401601727299,0,0,0,0,,,3
Armenia,371,105.0,ARM,8,2013,2,3,3,3,2.0,99.8121643066,-0.18783569340000694,-0.7679544022355489,0,0,0,0,,,3
Armenia,371,105.0,ARM,8,2013,2,3,3,3,2.0,99.8322982788,0.020171862157147835,-0.1676638312428591,0,0,0,0,,,3
Armenia,371,105.0,ARM,8,2014,2,2,3,3,2.0,99.6674804688,-0.1650946766142969,-0.332758507857156,0,0,0,0,,,3
Armenia,371,105.0,ARM,8,2014,2,2,3,3,2.0,99.6114807129,-0.056186587276596534,-0.20110940173374559,0,0,0,0,,,3
Armenia,371,105.0,ARM,8,2015,2,2,3,3,2.0,98.9426956177,-0.6713935887847855,-0.8926748526756789,0,0,0,0,,,3
Armenia,371,105.0,ARM,8,2015,2,2,3,3,2.0,98.8060150146,-0.13814117580553953,-0.8657213518669216,0,0,0,0,,,3
Armenia,371,105.0,ARM,8,2016,2,2,3,4,2.0,98.7838363647,-0.022446659645913858,-0.8319814242362389,0,0,0,0,,,3
Armenia,371,105.0,ARM,8,2016,2,2,3,4,2.0,98.6217269897,-0.16410516230763728,-0.32469299775909066,0,0,0,0,,,3
Armenia,371,105.0,ARM,8,2017,2,2,3,4,2.0,99.7430114746,1.1369548264117402,0.950403004458189,0,0,0,0,,,3
Armenia,371,105.0,ARM,8,2017,2,2,3,4,2.0,99.4748306274,-0.26887181691751527,0.7039778471865876,0,0,0,0,,,3
Armenia,371,105.0,ARM,8,2018,2,2,3,4,2.0,99.8839035034,0.41123254336794535,1.2793155528621702,0,0,0,0,,,3
Armenia,371,105.0,ARM,8,2018,2,2,3,4,2.0,99.6101455688,-0.274076127381917,-0.13171540093148693,0,0,0,0,,,3
Armenia,371,105.0,ARM,8,2019,3,3,3,4,3.0,99.4322509766,-0.17859083648976704,-0.04143442050373869,0,0,0,0,,,3
Armenia,371,105.0,ARM,8,2019,3,3,3,4,3.0,99.2433013916,-0.190028469781367,-0.642695433653051,0,0,0,0,,,3
Armenia,371,105.0,ARM,8,2020,3,3,3,3,3.0,99.5872879028,0.34660929894168024,-0.022010007329453796,0,0,0,0,,,3
Armenia,371,105.0,ARM,8,2020,3,3,3,3,3.0,99.3395309448,-0.24878371850212133,-0.09220288934180809,0,0,0,0,,,3
Armenia,371,105.0,ARM,8,2021,3,3,3,3,3.0,101.0061035156,1.677652949384334,1.7754785298238929,0,0,0,0,,,3
Armenia,371,105.0,ARM,8,2021,3,3,3,3,3.0,100.6909866333,-0.3119780600697397,1.116891170812473,0,0,0,0,,,3
Armenia,371,105.0,ARM,8,2022,3,3,3,3,3.0,100.5133209229,-0.17644648874782787,1.1892284005667664,0,0,0,0,,,3
Armenia,371,105.0,ARM,8,2022,3,3,3,3,3.0,100.2970046997,-0.21521149755455715,-0.7036360463721247,0,0,0,0,,,3
Armenia,371,105.0,ARM,8,2023,3,3,3,3,3.0,100.2775192261,-0.019427772203506333,-0.41108575850589135,0,0,0,0,,,3
Armenia,371,105.0,ARM,8,2023,3,3,3,3,3.0,100.0109405518,-0.26584091465099435,-0.5004801844090578,0,0,0,0,,,3
Armenia,371,105.0,ARM,8,2024,3,3,3,3,3.0,100.5472412109,0.5362419912671612,0.2509733044126605,0,0,0,0,,,3
Armenia,371,105.0,ARM,8,2024,3,3,3,3,3.0,100.243270874,-0.30231593949197055,-0.031914862875803696,0,0,0,0,,,3
Austria,305,144.0,AUS,10,1975,4,4,4,4,4.0,99.7160339355,,,0,0,0,0,,,4
Austria,305,144.0,AUS,10,1975,4,4,4,4,4.0,95.9455184937,-3.7812529168968934,-3.7812529168968934,0,0,0,0,,,4
Austria,305,144.0,AUS,10,1976,4,4,4,4,4.0,99.893951416,4.115286450361144,0.3340335334642508,0,0,0,0,,,4
Austria,305,144.0,AUS,10,1976,4,4,4,4,4.0,96.4882507324,-3.409316215170255,-3.075282681706004,0,0,0,0,,,4
Austria,305,144.0,AUS,10,1977,4,4,4,4,4.0,99.1926956177,2.8028748213090537,3.508845056499943,0,0,0,0,,,4
Austria,305,144.0,AUS,10,1977,4,4,4,4,4.0,96.3900299072,-2.82547590127179,-3.4319172951329913,0,0,0,0,,,4
Austria,305,144.0,AUS,10,1978,4,4,4,4,4.0,98.8521575928,2.554338543073831,2.5317374631110945,0,0,0,0,,,4
Austria,305,144.0,AUS,10,1978,4,4,4,4,4.0,95.9461517334,-2.939749551416626,-3.2108869096145853,0,0,0,0,,,4
Austria,305,144.0,AUS,10,1979,4,4,4,4,4.0,99.5372619629,3.7428392537080635,3.357428245365268,0,0,0,0,,,4
Austria,305,144.0,AUS,10,1979,4,4,4,4,4.0,96.8260345459,-2.723831621981465,-1.9207419196900277,0,0,0,0,,,4
Austria,305,144.0,AUS,10,1980,4,4,4,4,4.0,99.2650604248,2.518977349778573,3.537984981505171,0,0,0,0,,,4
Austria,305,144.0,AUS,10,1980,4,4,4,4,4.0,96.6832733154,-2.600902168750374,-2.8057564409532665,0,0,0,0,,,4
Austria,305,144.0,AUS,10,1981,4,4,4,4,4.0,98.5129394531,1.8924329669013806,1.8105081479295793,0,0,0,0,,,4
Austria,305,144.0,AUS,10,1981,4,4,4,4,4.0,96.2076644897,-2.34007326976321,-3.0485424716122034,0,0,0,0,,,4
Austria,305,144.0,AUS,10,1982,4,3,4,4,4.0,98.0878601074,1.9543095944308142,1.506669291568985,0,0,0,0,,,4
Austria,305,144.0,AUS,10,1982,4,3,4,4,4.0,96.2714233398,-1.851846666459156,-2.2376103417915516,0,0,0,0,,,4
Austria,305,144.0,AUS,10,1983,4,3,4,4,4.0,97.4546737671,1.2290775250342056,1.3315404530058639,0,0,0,0,,,4
Austria,305,144.0,AUS,10,1983,4,3,4,4,4.0,95.5655441284,-1.938470024757044,-2.5612391661819944,0,0,0,0,,,4
Austria,305,144.0,AUS,10,1984,4,3,4,4,4.0,96.7509536743,1.2404152110590205,0.5310227113361821,0,0,0,0,,,4
Austria,305,144.0,AUS,10,1984,4,3,4,4,4.0,94.7972946167,-2.019265943544857,-2.7173207572428804,0,0,0,0,,,4
Austria,305,144.0,AUS,10,1985,4,3,4,4,4.0,96.4976882935,1.7937154047225956,1.0148646722367594,0,0,0,0,,,4
Austria,305,144.0,AUS,10,1985,4,3,4,4,4.0,94.6599578857,-1.9044294638546289,-2.12998000267689,0,0,0,0,,,4
Austria,305,144.0,AUS,10,1986,4,3,4,4,4.0,95.2078323364,0.5787816336888296,0.4680675745567964,0,0,0,0,,,4
Austria,305,144.0,AUS,10,1986,4,3,4,4,4.0,93.4578094482,-1.8381081107031294,-3.1637559408689286,0,0,0,0,,,4
Austria,305,144.0,AUS,10,1987,4,3,4,4,4.0,95.0436401367,1.6968412782871534,0.4375148012728536,0,0,0,0,,,4
Austria,305,144.0,AUS,10,1987,4,3,4,4,4.0,93.145149231,-1.9974938911950568,-2.138760723611033,0,0,0,0,,,4
Austria,305,144.0,AUS,10,1988,4,3,4,4,4.0,95.7862014771,2.835415765506122,2.5347631525982184,0,0,0,0,,,4
Austria,305,144.0,AUS,10,1988,4,3,4,4,4.0,93.5947494507,-2.287857742144539,-1.449935867833474,0,0,0,0,,,4
Austria,305,144.0,AUS,10,1989,4,3,4,4,4.0,95.7719650269,2.3262155077906854,2.8737735311522683,0,0,0,0,,,4
Austria,305,144.0,AUS,10,1989,4,3,4,4,4.0,93.8641738892,-1.9920141945131364,-1.95365642886699,0,0,0,0,,,4
Austria,305,144.0,AUS,10,1990,4,3,4,4,4.0,95.4098739624,1.6467412529775016,1.9809425662550506,0,0,0,0,,,4
Austria,305,144.0,AUS,10,1990,4,3,4,4,4.0,93.8710021973,-1.612906192189767,-1.9581791337254018,0,0,0,0,,,4
Austria,305,144.0,AUS,10,1991,4,3,4,4,4.0,94.2743606567,0.4296944210228082,0.4635294818105429,0,0,0,0,,,4
Austria,305,144.0,AUS,10,1991,4,3,4,4,4.0,92.9719848633,-1.3814740130061454,-2.564685784173104,0,0,0,0,,,4
Austria,305,144.0,AUS,10,1992,4,3,4,4,4.0,94.1453323364,1.2620441252547465,0.31026453327140935,0,0,0,0,,,4
Austria,305,144.0,AUS,10,1992,4,3,4,4,4.0,92.8147354126,-1.4133434879655127,-1.5327733757169115,0,0,0,0,,,4
Austria,305,144.0,AUS,10,1993,3,3,4,4,4.0,93.4159240723,0.6477297565170792,0.49643039380631304,0,0,0,0,,,4
Austria,305,144.0,AUS,10,1993,3,3,4,4,4.0,91.9649429321,-1.5532481796968645,-2.318861911145298,0,0,0,0,,,4
Austria,305,144.0,AUS,10,1994,3,3,4,4,4.0,93.8018035889,1.9973487703419668,1.0918303471621815,0,0,0,0,,,4
Austria,305,144.0,AUS,10,1994,3,3,4,4,4.0,92.2335128784,-1.6719195692369127,-1.2278189785918103,0,0,0,0,,,4
Austria,305,144.0,AUS,10,1995,3,3,4,4,4.0,94.2108459473,2.1438336318241547,2.469262832929209,0,0,0,0,,,4
Austria,305,144.0,AUS,10,1995,3,3,4,4,4.0,92.7576904297,-1.5424503442128756,-1.0705362816256336,0,0,0,0,,,4
Austria,305,144.0,AUS,10,1996,3,3,4,4,4.0,93.9673919678,1.3041522837578645,1.9055355713691435,0,0,0,0,,,4
Austria,305,144.0,AUS,10,1996,3,3,4,4,4.0,92.6472091675,-1.404937151764729,-1.6432352122197402,0,0,0,0,,,4
Austria,305,144.0,AUS,10,1997,3,3,4,4,4.0,94.0368881226,1.4999685015741449,1.3991836335672803,0,0,0,0,,,4
Austria,305,144.0,AUS,10,1997,3,3,4,4,4.0,92.6985473633,-1.4232082600980522,-1.3281769102886365,0,0,0,0,,,4
Austria,305,144.0,AUS,10,1998,3,3,4,4,4.0,92.9992980957,0.32443953109784207,0.4011997725739347,0,0,0,0,,,4
Austria,305,144.0,AUS,10,1998,3,3,4,4,4.0,91.6573638916,-1.442950894875672,-2.541719623875882,0,0,0,0,,,4
Austria,305,144.0,AUS,10,1999,3,3,4,4,4.0,92.7991638184,1.2457263424577425,0.1272149786799126,0,0,0,0,,,4
Austria,305,144.0,AUS,10,1999,3,3,4,4,4.0,91.4545898438,-1.4489074246738065,-1.646131977091736,0,0,0,0,,,4
Austria,305,144.0,AUS,10,2000,3,3,4,4,4.0,93.5675430298,2.3103850660845193,2.1072039838684553,0,0,0,0,,,4
Austria,305,144.0,AUS,10,2000,3,3,4,4,4.0,92.3694000244,-1.2805113467801776,-0.4190337053694648,0,0,0,0,,,4
Austria,305,144.0,AUS,10,2001,3,3,4,4,4.0,93.8110580444,1.5607528246575075,2.590626543961849,0,0,0,0,,,4
Austria,305,144.0,AUS,10,2001,3,3,4,4,4.0,92.8274230957,-1.0485277207239796,-0.7682862428466497,0,0,0,0,,,4
Austria,305,144.0,AUS,10,2002,3,3,4,4,4.0,93.8162994385,1.0652847077102567,1.5775098116437847,0,0,0,0,,,4
Austria,305,144.0,AUS,10,2002,3,3,4,4,4.0,92.7587814331,-1.127222041083853,-1.1104650540975758,0,0,0,0,,,4
Austria,305,144.0,AUS,10,2003,3,3,4,4,4.0,94.3406295776,1.7053351931330285,1.6433978597594323,0,0,0,0,,,4
Austria,305,144.0,AUS,10,2003,3,3,4,4,4.0,93.211807251,-1.1965388949111144,-0.6184257428619389,0,0,0,0,,,4
Austria,305,144.0,AUS,10,2004,3,3,4,4,4.0,95.8985137939,2.8823671830171316,3.3911634812390457,0,0,0,0,,,4
Austria,305,144.0,AUS,10,2004,3,3,4,4,4.0,94.9263916016,-1.0136989134046703,0.6721293747013468,0,0,0,0,,,4
Austria,305,144.0,AUS,10,2005,3,3,4,4,4.0,96.4709014893,1.6270605693959217,3.495728839008383,0,0,0,0,,,4
Austria,305,144.0,AUS,10,2005,3,3,4,4,4.0,95.720123291,-0.7782431662912148,-0.16488151029996345,0,0,0,0,,,4
Austria,305,144.0,AUS,10,2006,3,4,4,4,4.0,97.4170074463,1.772755923162883,2.62157332626759,0,0,0,0,,,4
Austria,305,144.0,AUS,10,2006,3,4,4,4,4.0,96.8371734619,-0.5952081670335008,0.3993045898381675,0,0,0,0,,,4
Austria,305,144.0,AUS,10,2007,3,4,4,4,4.0,98.3783798218,1.591544140336132,2.7690918964655142,0,0,0,0,,,4
Austria,305,144.0,AUS,10,2007,3,4,4,4,4.0,97.8772354126,-0.5094050238556025,0.48693094944702864,0,0,0,0,,,4
Austria,305,144.0,AUS,10,2008,3,4,4,4,4.0,100.2562179565,2.430577992800287,3.5127171092808163,0,0,0,0,,,4
Austria,305,144.0,AUS,10,2008,3,4,4,4,4.0,99.7186431885,-0.5362009249473609,1.3849720439973234,0,0,0,0,,,4
Austria,305,144.0,AUS,10,2009,3,4,4,4,4.0,97.6743621826,-2.0500489582832016,-0.15567189043027563,0,0,0,0,,,4
Austria,305,144.0,AUS,10,2009,3,4,4,4,4.0,97.664894104,-0.009693514642361567,-2.595943397872924,0,0,0,0,,,4
Austria,305,144.0,AUS,10,2010,3,4,3,4,4.0,100.7228317261,3.1310509780962947,1.0713085051707316,0,0,0,0,,,4
Austria,305,144.0,AUS,10,2010,3,4,3,4,4.0,100.048286438,-0.6697044518509054,2.4516530116030277,0,0,0,0,,,4
Austria,305,144.0,AUS,10,2011,3,4,4,4,4.0,102.2904968262,2.2411282272080557,4.702474753453445,0,0,0,0,,,4
Austria,305,144.0,AUS,10,2011,3,4,4,4,4.0,101.4512176514,-0.8204859697044986,0.7509378056526517,0,0,0,0,,,4
Austria,305,144.0,AUS,10,2012,3,4,4,4,4.0,100.0,-1.43045858393398,-0.009816326430422961,0,0,0,0,,,4
Austria,305,144.0,AUS,10,2012,3,4,4,4,4.0,100.0,0.0,-2.2509445536384787,0,0,0,0,,,4
Austria,305,144.0,AUS,10,2013,3,4,4,4,4.0,100.0678634644,0.06786346439999758,-1.3625951195339825,0,0,0,0,,,4
Austria,305,144.0,AUS,10,2013,3,4,4,4,4.0,99.9167785645,-0.15098243798694622,-0.08311897358694864,0,0,0,0,,,4
Austria,305,144.0,AUS,10,2014,3,4,4,4,4.0,98.2172088623,-1.7009852865731423,-1.784104260160091,0,0,0,0,,,4
Austria,305,144.0,AUS,10,2014,3,4,4,4,4.0,99.1561737061,0.9560084782254785,-0.89595924633461,0,0,0,0,,,4
Austria,305,144.0,AUS,10,2015,3,4,4,4,4.0,94.4477615356,-4.7484811026046625,-5.493457910952326,0,0,0,0,,,4
Austria,305,144.0,AUS,10,2015,3,4,4,4,4.0,96.9849243164,2.6863133011825635,-1.1061593231966205,0,0,0,0,,,4
Austria,305,144.0,AUS,10,2016,4,4,4,4,4.0,94.714012146,-2.341510483620579,-4.4036782850426786,0,0,0,0,,,4
Austria,305,144.0,AUS,10,2016,4,4,4,4,4.0,97.2138671875,2.639371920647293,2.9841747382092776,0,0,0,0,,,4
Austria,305,144.0,AUS,10,2017,4,4,4,4,4.0,96.778678894,-0.44766071558560716,-0.14979927855889308,0,0,0,0,,,4
Austria,305,144.0,AUS,10,2017,4,4,4,4,4.0,98.6680145264,1.952223004066167,4.143934209127853,0,0,0,0,,,4
Austria,305,144.0,AUS,10,2018,4,4,4,4,4.0,97.5337753296,-1.1495510497948835,0.3550112386856763,0,0,0,0,,,4
Austria,305,144.0,AUS,10,2018,4,4,4,4,4.0,99.4182739258,1.9321497500036422,2.7348217042749257,0,0,0,0,,,4
Austria,305,144.0,AUS,10,2019,4,4,4,4,4.0,97.1035079956,-2.328310318410476,-1.5457116182017172,0,0,0,0,,,4
Austria,305,144.0,AUS,10,2019,4,4,4,4,4.0,98.6171722412,1.558815203327768,1.1626546349209343,0,0,0,0,,,4
Austria,305,144.0,AUS,10,2020,4,4,4,2,4.0,96.7143783569,-1.9294752030063256,-2.6989703180890334,0,0,0,0,,,4
Austria,305,144.0,AUS,10,2020,4,4,4,2,4.0,97.8650283813,1.1897403922235927,0.8190803925450352,0,0,0,0,,,4
Austria,305,144.0,AUS,10,2021,4,4,4,2,4.0,102.0616378784,4.28816050688634,3.5484256961036076,0,0,0,0,,,4
Austria,305,144.0,AUS,10,2021,4,4,4,2,4.0,101.4192276001,-0.629433636040011,4.848467263069923,0,0,0,0,,,4
Austria,305,144.0,AUS,10,2022,4,4,4,4,4.0,103.5989761353,2.1492458449741347,5.807972715820464,0,0,0,0,,,4
Austria,305,144.0,AUS,10,2022,4,4,4,4,4.0,103.0506820679,-0.5292466082714387,0.9905656006626851,0,0,0,0,,,4
Austria,305,144.0,AUS,10,2023,4,4,4,4,4.0,100.3514556885,-2.619319275947618,-0.999320039244922,0,0,0,0,,,4
Austria,305,144.0,AUS,10,2023,4,4,4,4,4.0,100.7031402588,0.3504528837047216,-2.798113000514335,0,0,0,0,,,4
Austria,305,144.0,AUS,10,2024,4,4,4,4,4.0,99.0940933228,-1.5978120760334447,-3.866678468276341,0,0,0,0,,,4
Austria,305,144.0,AUS,10,2024,4,4,4,4,4.0,99.7909011841,0.7031779977340724,-0.5441811945946506,0,0,0,0,,,4
Azerbaijan,373,106.0,AZE,11,1992,2,3,3,3,2.0,67.7242050171,,,0,0,0,0,,,5
Azerbaijan,373,106.0,AZE,11,1992,2,3,3,3,2.0,64.6938552856,-4.474544560153737,-4.474544560153737,0,0,0,0,,,5
Azerbaijan,373,106.0,AZE,11,1993,2,2,3,2,2.0,65.5478668213,1.3200813770177344,-3.154463183136002,0,0,0,0,,,5
Azerbaijan,373,106.0,AZE,11,1993,2,2,3,2,2.0,62.5008010864,-4.648611591292617,-7.8030747744286195,0,0,0,0,,,5
Azerbaijan,373,106.0,AZE,11,1994,2,2,3,2,2.0,64.9717559814,3.9534771587714346,0.6249469444965516,0,0,0,0,,,5
Azerbaijan,373,106.0,AZE,11,1994,2,2,3,2,2.0,61.4592666626,-5.406178832238339,-6.101313264759522,0,0,0,0,,,5
Azerbaijan,373,106.0,AZE,11,1995,2,2,3,3,2.0,65.9804458618,7.356383251398757,5.903681577931852,0,0,0,0,,,5
Azerbaijan,373,106.0,AZE,11,1995,2,2,3,3,2.0,62.22498703,-5.691775468850335,-3.7415710496899175,0,0,0,0,,,5
Azerbaijan,373,106.0,AZE,11,1996,2,2,2,3,2.0,67.9235076904,9.157929848426672,10.822537630975095,0,0,0,0,,,5
Azerbaijan,373,106.0,AZE,11,1996,2,2,2,3,2.0,65.0356369019,-4.251651433643722,-0.7854970540673838,0,0,0,0,,,5
Azerbaijan,373,106.0,AZE,11,1997,2,2,2,3,2.0,67.7777404785,4.216309253242478,9.12258766802543,0,0,0,0,,,5
Azerbaijan,373,106.0,AZE,11,1997,2,2,2,3,2.0,64.7330169678,-4.492217487931482,-4.527559668332724,0,0,0,0,,,5
Azerbaijan,373,106.0,AZE,11,1998,2,2,2,3,2.0,64.6261291504,-0.16512101923684686,-0.4410292539258496,0,0,0,0,,,5
Azerbaijan,373,106.0,AZE,11,1998,2,2,2,3,2.0,58.6269035339,-9.282972220939323,-13.94031072810765,0,0,0,0,,,5
Azerbaijan,373,106.0,AZE,11,1999,2,2,2,3,2.0,66.7021789551,13.774009771009998,4.32591653083383,0,0,0,0,,,5
Azerbaijan,373,106.0,AZE,11,1999,2,2,2,3,2.0,64.3349761963,-3.548913687502553,0.9421238625681236,0,0,0,0,,,5
Azerbaijan,373,106.0,AZE,11,2000,2,2,3,3,2.0,70.4218215942,9.461176109442704,19.68627219295015,0,0,0,0,,,5
Azerbaijan,373,106.0,AZE,11,2000,2,2,3,3,2.0,73.4483795166,4.297755800524872,10.210018222465024,0,0,0,0,,,5
Azerbaijan,373,106.0,AZE,11,2001,2,2,3,3,2.0,68.9024047852,-6.189346533333062,7.569585376634516,0,0,0,0,,,5
Azerbaijan,373,106.0,AZE,11,2001,2,2,3,3,2.0,70.9135742188,2.918866823109756,1.0272760903015676,0,0,0,0,,,5
Azerbaijan,373,106.0,AZE,11,2002,2,2,3,3,2.0,69.6598129272,-1.7680131137257082,-5.038492823949012,0,0,0,0,,,5
Azerbaijan,373,106.0,AZE,11,2002,2,2,3,3,2.0,71.6954345703,2.9222324286563683,4.073086138040418,0,0,0,0,,,5
Azerbaijan,373,106.0,AZE,11,2003,2,2,3,3,2.0,72.4521331787,1.055434858488824,2.209654173419486,0,0,0,0,,,5
Azerbaijan,373,106.0,AZE,11,2003,2,2,3,3,2.0,74.4256210327,2.7238505857825945,6.701517872927789,0,0,0,0,,,5
Azerbaijan,373,106.0,AZE,11,2004,2,2,2,3,2.0,77.5547332764,4.20434818048101,7.98363362475243,0,0,0,0,,,5
Azerbaijan,373,106.0,AZE,11,2004,2,2,2,3,2.0,78.9649734497,1.8183805342660397,8.746579300529646,0,0,0,0,,,5
Azerbaijan,373,106.0,AZE,11,2005,2,2,2,3,2.0,85.5266647339,8.30962260549577,14.332351320242822,0,0,0,0,,,5
Azerbaijan,373,106.0,AZE,11,2005,2,2,2,3,2.0,86.3670578003,0.9826094224704374,11.11061256223225,0,0,0,0,,,5
Azerbaijan,373,106.0,AZE,11,2006,2,2,2,2,2.0,89.9340515137,4.130039628822013,13.422271656788222,0,0,0,0,,,5
Azerbaijan,373,106.0,AZE,11,2006,2,2,2,2,2.0,90.6907348633,0.8413758046747377,5.95402485596719,0,0,0,0,,,5
Azerbaijan,373,106.0,AZE,11,2007,2,2,2,2,2.0,91.6304016113,1.0361221015756206,6.007537535072373,0,0,0,0,,,5
Azerbaijan,373,106.0,AZE,11,2007,2,2,2,2,2.0,92.4697952271,0.9160645386677935,2.7935624449181535,0,0,0,0,,,5
Azerbaijan,373,106.0,AZE,11,2008,2,2,2,2,2.0,96.7958221436,4.678313503209952,6.630500143453368,0,0,0,0,,,5
Azerbaijan,373,106.0,AZE,11,2008,2,2,2,2,2.0,99.5455245972,2.840724312998466,8.435102354876214,0,0,0,0,,,5
Azerbaijan,373,106.0,AZE,11,2009,2,2,2,2,2.0,79.495262146,-20.14180198691119,-12.62276417070277,0,0,0,0,,,5
Azerbaijan,373,106.0,AZE,11,2009,2,2,2,2,2.0,87.4818954468,10.046678361952988,-7.254399311959734,0,0,0,0,,,5
Azerbaijan,373,106.0,AZE,11,2010,2,1,2,2,2.0,88.6948394775,1.3865086307344843,-8.708614994223714,0,0,0,0,,,5
Azerbaijan,373,106.0,AZE,11,2010,2,1,2,2,2.0,94.0830841064,6.075037353516932,17.508224346204408,0,0,0,0,,,5
Azerbaijan,373,106.0,AZE,11,2011,2,1,2,2,2.0,100.5776138306,6.902972820124864,14.364518804376285,0,0,0,0,,,5
Azerbaijan,373,106.0,AZE,11,2011,2,1,2,2,2.0,100.9689331055,0.38907194155459734,13.367082115196396,0,0,0,0,,,5
Azerbaijan,373,106.0,AZE,11,2012,2,1,2,2,2.0,100.0,-0.9596348854034042,6.332409876276061,0,0,0,0,,,5
Azerbaijan,373,106.0,AZE,11,2012,2,1,2,2,2.0,100.0,0.0,-0.5705629438488034,0,0,0,0,,,5
Azerbaijan,373,106.0,AZE,11,2013,2,1,2,2,2.0,100.6886291504,0.6886291503999997,-0.27100573500340097,0,0,0,0,,,5
Azerbaijan,373,106.0,AZE,11,2013,2,1,2,2,2.0,100.6132507324,-0.07486289031446436,0.6137662600855389,0,0,0,0,,,5
Azerbaijan,373,106.0,AZE,11,2014,2,1,2,2,1.0,98.3218765259,-2.2774079853501106,-1.6636417252645717,0,0,0,0,,,5
Azerbaijan,373,106.0,AZE,11,2014,2,1,2,2,1.0,98.4282531738,0.1081922474007957,-2.2440786282637757,0,0,0,0,,,5
Azerbaijan,373,106.0,AZE,11,2015,2,1,2,3,1.0,82.2791137695,-16.40701616007002,-18.576231898019333,0,0,0,0,,,5
Azerbaijan,373,106.0,AZE,11,2015,2,1,2,3,1.0,82.3257064819,0.05662763034921525,-16.24219628232001,0,0,0,0,,,5
Azerbaijan,373,106.0,AZE,11,2016,2,2,2,3,1.0,79.4442901611,-3.500020156442274,-19.850408686163078,0,0,0,0,,,5
Azerbaijan,373,106.0,AZE,11,2016,2,2,2,3,1.0,79.7544326782,0.3903899405118816,-3.0530025855811735,0,0,0,0,,,5
Azerbaijan,373,106.0,AZE,11,2017,2,2,2,3,1.0,84.612701416,6.091534444740576,2.9819042288101874,0,0,0,0,,,5
Azerbaijan,373,106.0,AZE,11,2017,2,2,2,3,1.0,84.6965408325,0.0990860888459455,6.581010474098407,0,0,0,0,,,5
Azerbaijan,373,106.0,AZE,11,2018,2,2,2,3,1.0,91.0666427612,7.521088660867292,13.711709194453817,0,0,0,0,,,5
Azerbaijan,373,106.0,AZE,11,2018,2,2,2,3,1.0,90.7785339355,-0.3163714143448848,7.3038033353683565,0,0,0,0,,,5
Azerbaijan,373,106.0,AZE,11,2019,2,2,2,3,1.0,87.6240844727,-3.4748847839306207,3.7298324625917902,0,0,0,0,,,5
Azerbaijan,373,106.0,AZE,11,2019,2,2,2,3,1.0,87.5619735718,-0.07088336645544313,-3.862139564730945,0,0,0,0,,,5
Azerbaijan,373,106.0,AZE,11,2020,2,2,2,2,1.0,78.4749755859,-10.377790284099465,-13.923558434485525,0,0,0,0,,,5
Azerbaijan,373,106.0,AZE,11,2020,2,2,2,2,1.0,78.9502105713,0.6055879366025474,-9.843085713952355,0,0,0,0,,,5
Azerbaijan,373,106.0,AZE,11,2021,2,2,2,2,1.0,90.8072891235,15.018425494244703,5.24622314674779,0,0,0,0,,,5
Azerbaijan,373,106.0,AZE,11,2021,2,2,2,2,1.0,90.3187179565,-0.538030781136456,15.085982649710798,0,0,0,0,,,5
Azerbaijan,373,106.0,AZE,11,2022,2,2,2,3,1.0,97.9399261475,8.438127072032398,22.918521785140648,0,0,1,0,,,5
Azerbaijan,373,106.0,AZE,11,2022,2,2,2,3,1.0,96.8564758301,-1.1062396716210565,6.793856619274889,0,0,0,0,,,5
Azerbaijan,373,106.0,AZE,11,2023,2,2,2,3,1.0,92.6089401245,-4.385391548883922,2.9464958515274233,0,0,0,0,,,5
Azerbaijan,373,106.0,AZE,11,2023,2,2,2,3,1.0,91.9859008789,-0.6727636065831266,-6.164394827088101,0,0,0,0,,,5
Azerbaijan,373,106.0,AZE,11,2024,2,2,2,3,1.0,91.6100463867,-0.4086001100264358,-5.466755265493481,0,0,0,0,,,5
Azerbaijan,373,106.0,AZE,11,2024,2,2,2,3,1.0,91.0669555664,-0.592828889101904,-1.6741926057114629,0,0,0,0,,,5
Belgium,211,148.0,BEL,17,1999,4,4,4,4,4.0,92.9749450684,,,0,0,0,0,,,6
Belgium,211,148.0,BEL,17,1999,4,4,4,4,4.0,88.7953033447,-4.495449522046091,-4.495449522046091,0,0,0,0,,,6
Belgium,211,148.0,BEL,17,2000,4,4,4,4,4.0,94.3478164673,6.25316082433478,1.7577113022886897,0,0,0,0,,,6
Belgium,211,148.0,BEL,17,2000,4,4,4,4,4.0,91.7362976074,-2.767969580732299,-1.0102582784436094,0,0,0,0,,,6
Belgium,211,148.0,BEL,17,2001,4,4,4,4,4.0,94.031463623,2.501916989742181,5.987108233344662,0,0,0,0,,,6
Belgium,211,148.0,BEL,17,2001,4,4,4,4,4.0,91.1351699829,-3.0801324668433328,-3.3461850578334507,0,0,0,0,,,6
Belgium,211,148.0,BEL,17,2002,4,4,4,4,4.0,94.1548843384,3.3134456830075543,2.7352302059064026,0,0,0,0,,,6
Belgium,211,148.0,BEL,17,2002,4,4,4,4,4.0,91.1832733154,-3.1560880180361073,-2.9227748018718858,0,0,0,0,,,6
Belgium,211,148.0,BEL,17,2003,4,4,4,4,4.0,94.6616210938,3.8146774643289083,3.9720351293003553,0,0,0,0,,,6
Belgium,211,148.0,BEL,17,2003,4,4,4,4,4.0,92.2732086182,-2.5231054021706667,-1.8645159558778657,0,0,0,0,,,6
Belgium,211,148.0,BEL,17,2004,4,4,4,4,4.0,95.7820129395,3.8026252406789363,5.094197302837178,0,0,0,0,,,6
Belgium,211,148.0,BEL,17,2004,4,4,4,4,4.0,93.9807815552,-1.8805528606271271,-0.6010330221188576,0,0,0,0,,,6
Belgium,211,148.0,BEL,17,2005,4,4,4,4,4.0,97.2594985962,3.488710124286687,5.410782504338496,0,0,0,0,,,6
Belgium,211,148.0,BEL,17,2005,4,4,4,4,4.0,96.2679138184,-1.0195248712075333,0.5886323924520265,0,0,0,0,,,6
Belgium,211,148.0,BEL,17,2006,3,4,4,4,4.0,98.556640625,2.377455494587166,4.84664074766632,0,0,0,0,,,6
Belgium,211,148.0,BEL,17,2006,3,4,4,4,4.0,98.0425033569,-0.521666794687381,0.8362638286922519,0,0,0,0,,,6
Belgium,211,148.0,BEL,17,2007,3,4,4,4,4.0,98.9511260986,0.9267641182032937,2.782552818103079,0,0,0,0,,,6
Belgium,211,148.0,BEL,17,2007,3,4,4,4,4.0,98.5555038452,-0.39981581715986536,0.005281506356047405,0,0,0,0,,,6
Belgium,211,148.0,BEL,17,2008,3,4,4,4,4.0,100.6248474121,2.0996732664979367,2.626621567541365,0,0,0,0,,,6
Belgium,211,148.0,BEL,17,2008,3,4,4,4,4.0,100.2639083862,-0.3586977125260127,1.3411597368120587,0,0,0,0,,,6
Belgium,211,148.0,BEL,17,2009,3,4,4,4,4.0,96.6071243286,-3.647158899406433,-1.906183345434509,0,0,0,0,,,6
Belgium,211,148.0,BEL,17,2009,3,4,4,4,4.0,96.7124252319,0.1089991075004404,-3.8968575044320053,0,0,0,0,,,6
Belgium,211,148.0,BEL,17,2010,3,4,3,4,4.0,98.8535461426,2.213904682429324,-1.3242551094766686,0,0,0,0,,,6
Belgium,211,148.0,BEL,17,2010,3,4,3,4,4.0,98.8990783691,0.04606028643050486,2.3689640763602693,0,0,0,0,,,6
Belgium,211,148.0,BEL,17,2011,3,4,4,4,4.0,100.8036575317,1.925780496651286,4.185745465511115,0,0,0,0,,,6
Belgium,211,148.0,BEL,17,2011,3,4,4,4,4.0,100.7153625488,-0.08759105082296603,1.8842497322588247,0,0,0,0,,,6
Belgium,211,148.0,BEL,17,2012,3,4,3,4,4.0,100.0,-0.7102814612352515,1.1279079845930684,0,0,0,0,,,6
Belgium,211,148.0,BEL,17,2012,3,4,3,4,4.0,100.0,0.0,-0.7978725120582175,0,0,0,0,,,6
Belgium,211,148.0,BEL,17,2013,3,4,3,4,4.0,100.1383056641,0.13830566410000245,-0.571975797135249,0,0,0,0,,,6
Belgium,211,148.0,BEL,17,2013,3,4,3,4,4.0,100.1105880737,-0.027679308348771414,0.11062635575123103,0,0,0,0,,,6
Belgium,211,148.0,BEL,17,2014,3,4,3,4,4.0,99.3705749512,-0.7391956602584515,-0.6285693045072205,0,0,0,0,,,6
Belgium,211,148.0,BEL,17,2014,3,4,3,4,4.0,99.6693191528,0.30063648292939504,-0.4662384856778279,0,0,0,0,,,6
Belgium,211,148.0,BEL,17,2015,3,4,3,4,4.0,92.8754348755,-6.816424888871264,-7.25498406620032,0,0,0,0,,,6
Belgium,211,148.0,BEL,17,2015,3,4,3,4,4.0,95.6094665527,2.9437619117099967,-3.5720264942318725,0,0,0,0,,,6
Belgium,211,148.0,BEL,17,2016,3,4,3,4,4.0,91.7926559448,-3.9920844091271723,-7.864747386288439,0,0,0,0,,,6
Belgium,211,148.0,BEL,17,2016,3,4,3,4,4.0,94.9177703857,3.4045364618050744,2.356213964387899,0,0,0,0,,,6
Belgium,211,148.0,BEL,17,2017,3,4,3,4,4.0,94.0698242188,-0.8933481722699144,-1.4808961195920118,0,0,0,0,,,6
Belgium,211,148.0,BEL,17,2017,3,4,3,4,4.0,96.5970993042,2.6865948845846033,5.197783174119763,0,0,0,0,,,6
Belgium,211,148.0,BEL,17,2018,3,4,3,4,4.0,96.1574020386,-0.4551868211024934,1.338059891212196,0,0,0,0,,,6
Belgium,211,148.0,BEL,17,2018,3,4,3,4,4.0,97.9938430786,1.9098280538640156,4.141236117346126,0,0,0,0,,,6
Belgium,211,148.0,BEL,17,2019,3,4,3,4,4.0,94.2957687378,-3.7737823363390266,-2.319141103577504,0,0,0,0,,,6
Belgium,211,148.0,BEL,17,2019,3,4,3,4,4.0,96.5968170166,2.4402455270271073,0.5762912445520967,0,0,0,0,,,6
Belgium,211,148.0,BEL,17,2020,3,4,3,3,4.0,91.4331359863,-5.345601635520381,-6.679138444832299,0,0,0,0,,,6
Belgium,211,148.0,BEL,17,2020,3,4,3,3,4.0,94.7329483032,3.6089895433472075,0.7036334348539341,0,0,0,0,,,6
Belgium,211,148.0,BEL,17,2021,3,4,3,3,4.0,97.6226119995,3.0503259405074257,1.3137138483342525,0,0,0,0,,,6
Belgium,211,148.0,BEL,17,2021,3,4,3,3,4.0,99.3096389771,1.7281108782549737,8.387426362109608,0,0,0,0,,,6
Belgium,211,148.0,BEL,17,2022,3,4,3,4,4.0,100.4375915527,1.135793652275896,5.914230471038295,0,0,0,0,,,6
Belgium,211,148.0,BEL,17,2022,3,4,3,4,4.0,101.2713088989,0.8300849645150432,3.693989495045913,0,0,0,0,,,6
Belgium,211,148.0,BEL,17,2023,3,4,3,4,4.0,97.1194000244,-4.099787906014818,-2.1339092892238787,0,0,0,0,,,6
Belgium,211,148.0,BEL,17,2023,3,4,3,4,4.0,98.8208999634,1.751967102939811,-1.5177358385599637,0,0,0,0,,,6
Belgium,211,148.0,BEL,17,2024,3,4,3,4,4.0,96.7846603394,-2.060535397627572,-4.408356200702579,0,0,0,0,,,6
Belgium,211,148.0,BEL,17,2024,3,4,3,4,4.0,98.5414123535,1.815114097564119,1.5065458028763579,0,0,0,0,,,6
Benin,434,52.0,BEN,19,1975,1,1,2,3,1.0,105.7949066162,,,0,0,0,0,,,7
Benin,434,52.0,BEN,19,1975,1,1,2,3,1.0,100.0533905029,-5.427025077992564,-5.427025077992564,0,0,0,0,,,7
Benin,434,52.0,BEN,19,1976,1,1,2,3,1.0,106.3750839233,6.318320037557101,0.8912949595645374,0,0,0,0,,,7
Benin,434,52.0,BEN,19,1976,1,1,2,3,1.0,101.1014633179,-4.957571275997729,-4.066276316433192,0,0,0,0,,,7
Benin,434,52.0,BEN,19,1977,1,1,2,3,1.0,106.6773147583,5.515104586436581,6.875853347995953,0,0,0,0,,,7
Benin,434,52.0,BEN,19,1977,1,1,2,3,1.0,100.9849395752,-5.3360690564786655,-4.778535746039814,0,0,0,0,,,7
Benin,434,52.0,BEN,19,1978,1,1,2,3,1.0,106.4022674561,5.364490887144524,5.54352641710244,0,0,0,0,,,7
Benin,434,52.0,BEN,19,1978,1,1,2,3,1.0,100.5434799194,-5.50626192164303,-5.477840090977171,0,0,0,0,,,7
Benin,434,52.0,BEN,19,1979,1,1,2,3,1.0,106.2779998779,5.703522459235577,5.561751424737071,0,0,0,0,,,7
Benin,434,52.0,BEN,19,1979,1,1,2,3,1.0,100.6717529297,-5.2750775839222275,-5.07781704632968,0,0,0,0,,,7
Benin,434,52.0,BEN,19,1980,1,1,3,3,1.0,105.8300476074,5.123874897958802,5.552319773272152,0,0,0,0,,,7
Benin,434,52.0,BEN,19,1980,1,1,3,3,1.0,100.7040252686,-4.843636051092137,-4.994838737055562,0,0,0,0,,,7
Benin,434,52.0,BEN,19,1981,1,1,3,3,1.0,105.5707626343,4.8327138391135005,5.112952685980166,0,0,0,0,,,7
Benin,434,52.0,BEN,19,1981,1,1,3,3,1.0,100.1741943359,-5.111801945671135,-5.122724157649771,0,0,0,0,,,7
Benin,434,52.0,BEN,19,1982,1,1,3,3,1.0,105.3378219604,5.154648518744809,4.875560412187174,0,0,0,0,,,7
Benin,434,52.0,BEN,19,1982,1,1,3,3,1.0,99.8711471558,-5.1896599937818255,-5.146813420708152,0,0,0,0,,,7
Benin,434,52.0,BEN,19,1983,1,1,3,3,1.0,105.4970245361,5.633135836042391,5.598124361005374,0,0,0,0,,,7
Benin,434,52.0,BEN,19,1983,1,1,3,3,1.0,100.2141113281,-5.007641903864535,-4.564166061603969,0,0,0,0,,,7
Benin,434,52.0,BEN,19,1984,1,1,3,3,1.0,105.6003341675,5.374714965805127,6.000208897982984,0,0,0,0,,,7
Benin,434,52.0,BEN,19,1984,1,1,3,3,1.0,100.0784301758,-5.229059202541276,-4.861986140600683,0,0,0,0,,,7
Benin,434,52.0,BEN,19,1985,1,1,3,3,1.0,105.0780105591,4.995662276594093,5.1413180398579446,0,0,0,0,,,7
Benin,434,52.0,BEN,19,1985,1,1,3,3,1.0,99.3308029175,-5.469467504209691,-5.702864430156874,0,0,0,0,,,7
Benin,434,52.0,BEN,19,1986,1,1,3,3,1.0,101.9262084961,2.6128909687316737,2.1390857411160757,0,0,0,0,,,7
Benin,434,52.0,BEN,19,1986,1,1,3,3,1.0,98.2202606201,-3.6359126182367474,-6.492489153714764,0,0,0,0,,,7
Benin,434,52.0,BEN,19,1987,1,1,4,3,1.0,102.5843048096,4.443120148478741,3.420098498973667,0,0,0,0,,,7
Benin,434,52.0,BEN,19,1987,1,1,4,3,1.0,98.9879302979,-3.50577460984407,-2.6985670796020766,0,0,0,0,,,7
Benin,434,52.0,BEN,19,1988,1,1,4,3,1.0,100.8460693359,1.8771369725662623,2.814482511200933,0,0,0,0,,,7
Benin,434,52.0,BEN,19,1988,1,1,4,3,1.0,98.1516723633,-2.6717917617844478,-4.3004293990622555,0,0,0,0,,,7
Benin,434,52.0,BEN,19,1989,2,1,4,3,1.0,100.9362106323,2.836974859372021,2.0423200701538358,0,0,0,0,,,7
Benin,434,52.0,BEN,19,1989,2,1,4,3,1.0,98.5565109253,-2.357627349087832,-2.1924442515002585,0,0,0,0,,,7
Benin,434,52.0,BEN,19,1990,3,4,4,3,2.0,101.1515731812,2.633070338566368,3.112417848850557,0,0,0,0,,,7
Benin,434,52.0,BEN,19,1990,3,4,4,3,2.0,98.8110427856,-2.3138843242776375,-2.0384413347991015,0,0,0,0,,,7
Benin,434,52.0,BEN,19,1991,3,3,4,3,2.0,100.848777771,2.0622543067595034,2.3814403210482338,0,0,0,0,,,7
Benin,434,52.0,BEN,19,1991,3,3,4,3,2.0,98.4406661987,-2.3878440825214176,-2.6394741000395516,0,0,0,0,,,7
Benin,434,52.0,BEN,19,1992,3,4,4,3,2.0,100.3127059937,1.9016935452482064,1.5761037694862923,0,0,0,0,,,7
Benin,434,52.0,BEN,19,1992,3,4,4,3,2.0,97.7761535645,-2.5286452040874097,-3.014795741360621,0,0,0,0,,,7
Benin,434,52.0,BEN,19,1993,3,4,4,3,2.0,100.2273101807,2.5069063640175138,1.8799547051783105,0,0,0,0,,,7
Benin,434,52.0,BEN,19,1993,3,4,4,3,2.0,97.7087478638,-2.512850352223639,-2.534589192293535,0,0,0,0,,,7
Benin,434,52.0,BEN,19,1994,3,3,4,3,2.0,100.9453430176,3.312492713867976,3.306548725661851,0,0,0,0,,,7
Benin,434,52.0,BEN,19,1994,3,3,4,3,2.0,98.4440002441,-2.4779179491855152,-1.6782755875411781,0,0,0,0,,,7
Benin,434,52.0,BEN,19,1995,3,3,4,3,2.0,101.5204162598,3.1250416562429217,3.9596164209253826,0,0,0,0,,,7
Benin,434,52.0,BEN,19,1995,3,3,4,3,2.0,98.8740463257,-2.606736685680744,-1.9596129786233374,0,0,0,0,,,7
Benin,434,52.0,BEN,19,1996,3,4,4,3,2.0,100.7519226074,1.8992610816332078,2.4175660521953857,0,0,0,0,,,7
Benin,434,52.0,BEN,19,1996,3,4,4,3,2.0,98.4636917114,-2.2711535787922843,-2.9786291828398204,0,0,0,0,,,7
Benin,434,52.0,BEN,19,1997,3,4,4,3,2.0,101.017364502,2.5935172104707416,2.221624713311665,0,0,0,0,,,7
Benin,434,52.0,BEN,19,1997,3,4,4,3,2.0,98.5734939575,-2.419257873681324,-2.096894242002867,0,0,0,0,,,7
Benin,434,52.0,BEN,19,1998,3,4,4,3,2.0,100.472442627,1.926429299867105,2.1006886366565225,0,0,0,0,,,7
Benin,434,52.0,BEN,19,1998,3,4,4,3,2.0,98.0954971313,-2.3657685963944686,-2.8585971702086876,0,0,0,0,,,7
Benin,434,52.0,BEN,19,1999,3,4,4,3,2.0,99.1623764038,1.0875925029178335,0.64825320639047,0,0,0,0,,,7
Benin,434,52.0,BEN,19,1999,3,4,4,3,2.0,97.604637146,-1.5708974656443386,-2.8490735591209737,0,0,0,0,,,7
Benin,434,52.0,BEN,19,2000,3,3,4,3,2.0,99.7373504639,2.185053272325388,1.7017483095988828,0,0,0,0,,,7
Benin,434,52.0,BEN,19,2000,3,3,4,3,2.0,97.9963378906,-1.7455973767121047,-1.1314415700310554,0,0,0,0,,,7
Benin,434,52.0,BEN,19,2001,3,3,4,3,2.0,98.9845199585,1.008386730740063,1.4478426263533462,0,0,0,0,,,7
Benin,434,52.0,BEN,19,2001,3,3,4,3,2.0,97.5989227295,-1.3998120408937886,-2.1370226868658304,0,0,0,0,,,7
Benin,434,52.0,BEN,19,2002,3,3,4,3,2.0,98.9250259399,1.3587273028364821,0.9673019926827564,0,0,0,0,,,7
Benin,434,52.0,BEN,19,2002,3,3,4,3,2.0,97.7198410034,-1.2182811427637885,-1.259365880821095,0,0,0,0,,,7
Benin,434,52.0,BEN,19,2003,2,3,4,3,2.0,99.895942688,2.226878044679048,2.3673242047517418,0,0,0,0,,,7
Benin,434,52.0,BEN,19,2003,2,3,4,3,2.0,98.4666366577,-1.4307948769892387,-0.42219797507397905,0,0,0,0,,,7
Benin,434,52.0,BEN,19,2004,3,2,4,3,2.0,99.6240997314,1.17548756917909,1.9715707368688995,0,0,0,0,,,7
Benin,434,52.0,BEN,19,2004,3,2,4,3,2.0,98.39478302,-1.2339551521312497,-1.4892624599413984,0,0,0,0,,,7
Benin,434,52.0,BEN,19,2005,3,2,4,3,2.0,99.0894546509,0.7060045355847588,0.6475369526325991,0,0,0,0,,,7
Benin,434,52.0,BEN,19,2005,3,2,4,3,2.0,98.337348938,-0.7590169060367913,-1.2869675225832822,0,0,0,0,,,7
Benin,434,52.0,BEN,19,2006,2,3,4,3,2.0,99.1979446411,0.8751463328979803,0.8221339624459478,0,0,0,0,,,7
Benin,434,52.0,BEN,19,2006,2,3,4,3,2.0,98.5777206421,-0.6252387599803289,-0.5091093331191399,0,0,0,0,,,7
Benin,434,52.0,BEN,19,2007,2,3,4,3,2.0,99.3652191162,0.7988605021200579,1.0487680750377093,0,0,0,0,,,7
Benin,434,52.0,BEN,19,2007,2,3,4,3,2.0,98.8603439331,-0.5081005079952461,-0.33447876585551706,0,0,0,0,,,7
Benin,434,52.0,BEN,19,2008,2,3,4,3,2.0,99.552116394,0.6997471719986326,0.9905071661234444,0,0,0,0,,,7
Benin,434,52.0,BEN,19,2008,2,3,4,3,2.0,99.4112930298,-0.14145692658370512,0.05018973741968136,0,0,0,0,,,7
Benin,434,52.0,BEN,19,2009,2,3,4,3,2.0,99.3633422852,-0.04823470567436594,0.5100555397405615,0,0,0,0,,,7
Benin,434,52.0,BEN,19,2009,2,3,4,3,2.0,99.0142364502,-0.35134268531142876,-0.5410343175694998,0,0,0,0,,,7
Benin,434,52.0,BEN,19,2010,3,3,4,3,2.0,100.1359024048,1.1328330094876327,0.733255618501838,0,0,0,0,,,7
Benin,434,52.0,BEN,19,2010,3,3,4,3,2.0,100.5041122437,0.36771011201508497,1.1492004361912889,0,0,0,0,,,7
Benin,434,52.0,BEN,19,2011,3,3,4,3,2.0,100.7079772949,0.2028424973355092,1.7033856188382268,0,0,0,0,,,7
Benin,434,52.0,BEN,19,2011,3,3,4,3,2.0,101.5403060913,0.8264775231883625,1.3970301325389567,0,0,0,0,,,7
Benin,434,52.0,BEN,19,2012,3,3,4,3,2.0,100.0,-1.5169405634005373,-0.48762054287666556,0,0,0,0,,,7
Benin,434,52.0,BEN,19,2012,3,3,4,3,2.0,100.0,0.0,-0.6904630402121748,0,0,0,0,,,7
Benin,434,52.0,BEN,19,2013,3,3,4,3,2.0,99.9991455078,-0.0008544922000086608,-1.517795055600546,0,0,0,0,,,7
Benin,434,52.0,BEN,19,2013,3,3,4,3,2.0,100.1212463379,0.122101873450986,0.12124738125097734,0,0,0,0,,,7
Benin,434,52.0,BEN,19,2014,3,3,4,3,3.0,99.833946228,-0.2869521908770434,-0.16570480962606604,0,0,0,0,,,7
Benin,434,52.0,BEN,19,2014,3,3,4,3,3.0,99.827911377,-0.006044888765799339,-0.17089520619185672,0,0,0,0,,,7
Benin,434,52.0,BEN,19,2015,3,3,4,3,3.0,99.4733734131,-0.3551491351562852,-0.6481462147991279,0,0,0,0,,,7
Benin,434,52.0,BEN,19,2015,3,3,4,3,3.0,98.9756851196,-0.500323128113056,-0.8615171520351406,0,0,0,0,,,7
Benin,434,52.0,BEN,19,2016,3,3,4,3,3.0,99.7344894409,0.7666573061687609,-0.0888149571005803,0,0,0,0,,,7
Benin,434,52.0,BEN,19,2016,3,3,4,3,3.0,99.2265548706,-0.5092867804782797,-0.24295260242257477,0,0,0,0,,,7
Benin,434,52.0,BEN,19,2017,3,4,4,3,3.0,100.0045394897,0.7840488064052575,1.0414193320957388,0,0,0,0,,,7
Benin,434,52.0,BEN,19,2017,3,4,4,3,3.0,99.6014328003,-0.40308839124398865,-0.1283263653170108,0,0,0,0,,,7
Benin,434,52.0,BEN,19,2018,3,4,4,3,3.0,100.1472473145,0.5479986571020001,0.928959072263269,0,0,0,0,,,7
Benin,434,52.0,BEN,19,2018,3,4,4,3,3.0,99.860534668,-0.2862910905575111,-0.14138082469949964,0,0,0,0,,,7
Benin,434,52.0,BEN,19,2019,2,4,4,3,2.0,99.7868804932,-0.07375704030112562,0.1879505262433634,0,0,0,0,,,7
Benin,434,52.0,BEN,19,2019,2,4,4,3,2.0,99.4965209961,-0.2909796314554458,-0.6510277623140825,0,0,0,0,,,7
Benin,434,52.0,BEN,19,2020,2,3,4,2,2.0,99.7229995728,0.22762461886369767,-0.13711205289287376,0,0,0,0,,,7
Benin,434,52.0,BEN,19,2020,2,3,4,2,2.0,99.3344192505,-0.3896596812817732,-0.45301469387352133,0,0,0,0,,,7
Benin,434,52.0,BEN,19,2021,2,3,4,2,2.0,100.4406356812,1.1136285278019908,0.9515934653839153,0,0,0,0,,,7
Benin,434,52.0,BEN,19,2021,2,3,4,2,2.0,100.3744506836,-0.06589464229406206,0.6580742042261556,0,0,0,0,,,7
Benin,434,52.0,BEN,19,2022,2,3,4,3,2.0,100.7357559204,0.35995737395255745,1.4076912594604862,0,0,0,0,,,7
Benin,434,52.0,BEN,19,2022,2,3,4,3,2.0,100.6936416626,-0.04180666280330092,0.25225606885519447,0,0,0,0,,,7
Benin,434,52.0,BEN,19,2023,2,3,4,3,2.0,100.0710449219,-0.6183078995058877,-0.3001571883566312,0,0,0,0,,,7
Benin,434,52.0,BEN,19,2023,2,3,4,3,2.0,99.9600143433,-0.11095175301372162,-0.7710663153229103,0,0,0,0,,,7
Benin,434,52.0,BEN,19,2024,2,3,4,3,2.0,99.797088623,-0.16299089327904692,-0.8922505457986563,0,0,0,0,,,7
Benin,434,52.0,BEN,19,2024,2,3,4,3,2.0,99.8098907471,0.012828153883703841,-0.2611144924090647,0,0,0,0,,,7
Bahamas,31,,BHS,12,1978,4,4,4,4,,89.3475418091,,,0,0,0,0,-3.0,-4.0,8
Bahamas,31,,BHS,12,1978,4,4,4,4,,89.1517791748,-0.21910242893784515,-0.21910242893784515,0,0,0,0,-3.0,-4.0,8
Bahamas,31,,BHS,12,1979,4,4,4,4,,145.8489532471,63.59623396986145,63.37713154092361,0,0,1,0,-2.0,-3.0,8
Bahamas,31,,BHS,12,1979,4,4,4,4,,94.7072525024,-35.06483907227966,28.312292468643946,0,0,1,0,-2.0,-3.0,8
Bahamas,31,,BHS,12,1980,4,4,4,4,,162.9347839355,72.04045057834514,100.57184547592693,0,0,1,0,-1.0,-2.0,8
Bahamas,31,,BHS,12,1980,4,4,4,4,,95.5567703247,-41.35274984466947,-4.377138338603984,0,0,0,0,-1.0,-2.0,8
Bahamas,31,,BHS,12,1981,4,4,4,4,,148.7115478516,55.626385599137684,86.31408633281336,0,0,1,0,0.0,-1.0,8
Bahamas,31,,BHS,12,1981,4,4,4,4,,94.6468200684,-36.355433430866746,-22.08179767639853,1,1,0,0,0.0,-1.0,8
Bahamas,31,,BHS,12,1982,4,4,4,4,,140.6593170166,48.614942282210194,67.88589445048113,0,0,1,1,1.0,0.0,8
Bahamas,31,,BHS,12,1982,4,4,4,4,,94.2945709229,-32.962442216485556,-20.70293336514211,1,1,0,0,1.0,0.0,8
Bahamas,31,,BHS,12,1983,4,4,4,4,,131.7634124756,39.735947876931775,55.38844794265641,0,0,1,1,2.0,1.0,8
Bahamas,31,,BHS,12,1983,4,4,4,4,,93.4740142822,-29.05920351788889,-22.28569785744267,1,1,0,0,2.0,1.0,8
Bahamas,31,,BHS,12,1984,4,4,4,4,,128.609161377,37.5881440040932,48.26488836313609,0,0,1,1,3.0,2.0,8
Bahamas,31,,BHS,12,1984,4,4,4,4,,92.960899353,-27.718291327242262,-19.18935084103795,0,0,0,0,3.0,2.0,8
Bahamas,31,,BHS,12,1985,3,4,4,4,,127.1688461304,36.79820980163102,46.66806247848196,0,0,1,0,4.0,3.0,8
Bahamas,31,,BHS,12,1985,3,4,4,4,,92.7191162109,-27.089755838607644,-18.00983736421889,0,0,0,0,4.0,3.0,8
Bahamas,31,,BHS,12,1986,3,4,4,4,,99.5331192017,7.349081040959016,17.057535003982387,0,0,0,0,5.0,4.0,8
Bahamas,31,,BHS,12,1986,3,4,4,4,,86.3321762085,-13.26286476207864,-33.00353955972727,1,1,0,0,5.0,4.0,8
Bahamas,31,,BHS,12,1987,3,4,4,4,,102.1468887329,18.31844535715865,12.404661636039027,0,0,0,0,6.0,5.0,8
Bahamas,31,,BHS,12,1987,3,4,4,4,,87.4664154053,-14.371924108219691,-9.31634351313968,0,0,0,0,6.0,5.0,8
Bahamas,31,,BHS,12,1988,3,4,4,4,,99.3845214844,13.62592261712583,17.57244386606479,0,0,0,0,7.0,6.0,8
Bahamas,31,,BHS,12,1988,3,4,4,4,,84.7296447754,-14.745632911559891,-15.491634402653752,0,0,0,0,7.0,6.0,8
Bahamas,31,,BHS,12,1989,3,4,4,4,,100.3465423584,18.43144465481594,17.31173436038188,0,0,0,0,8.0,7.0,8
Bahamas,31,,BHS,12,1989,3,4,4,4,,86.1219329834,-14.175485313878644,-10.489673570622594,0,0,0,0,8.0,7.0,8
Bahamas,31,,BHS,12,1990,3,4,4,4,,101.4761581421,17.828472523555106,22.0844318644924,0,0,1,1,9.0,8.0,8
Bahamas,31,,BHS,12,1990,3,4,4,4,,88.0234527588,-13.25701093695505,-9.604023727278589,0,0,0,0,9.0,8.0,8
Bahamas,31,,BHS,12,1991,3,4,4,4,,100.4513244629,14.118818695006885,18.690280281606938,0,0,0,0,10.0,9.0,8
Bahamas,31,,BHS,12,1991,3,4,4,4,,86.2297439575,-14.157683416760225,-13.295875658708391,0,0,0,0,10.0,9.0,8
Bahamas,31,,BHS,12,1992,3,4,4,4,,100.3915252686,16.42331365158629,16.38444892983295,0,0,0,0,11.0,10.0,8
Bahamas,31,,BHS,12,1992,3,4,4,4,,86.1201477051,-14.215719429818986,-11.950089194992922,0,0,0,0,11.0,10.0,8
Bahamas,31,,BHS,12,1993,3,4,4,4,,100.0451583862,16.169283323553074,18.376877545320376,0,0,0,0,12.0,11.0,8
Bahamas,31,,BHS,12,1993,3,4,4,4,,85.1754455566,-14.863000938235405,-12.90943704450132,0,0,0,0,12.0,11.0,8
Bahamas,31,,BHS,12,1994,3,4,4,4,,99.9081726074,17.296918090096703,18.60320047541437,0,0,0,0,13.0,12.0,8
Bahamas,31,,BHS,12,1994,3,4,4,4,,84.6421890259,-15.280014820698751,-12.846097668837457,0,0,0,0,13.0,12.0,8
Bahamas,31,,BHS,12,1995,3,4,4,4,,100.0356369019,18.186495473657605,20.20339874305555,0,0,1,0,14.0,13.0,8
Bahamas,31,,BHS,12,1995,3,4,4,4,,84.9880981445,-15.04217819111442,-12.135697538155569,0,0,0,0,14.0,13.0,8
Bahamas,31,,BHS,12,1996,3,4,4,4,,100.0472564697,17.719137919283522,20.863455201826703,0,0,1,0,15.0,14.0,8
Bahamas,31,,BHS,12,1996,3,4,4,4,,86.2704238892,-13.770325210939106,-11.093365482770004,0,0,0,0,15.0,14.0,8
Bahamas,31,,BHS,12,1997,3,4,4,4,,100.2570266724,16.212511950982723,20.16132465932714,0,0,1,0,16.0,15.0,8
Bahamas,31,,BHS,12,1997,3,4,4,4,,86.2548675537,-13.966262099965798,-11.52407535992218,0,0,0,0,16.0,15.0,8
Bahamas,31,,BHS,12,1998,3,4,4,4,,100.2960357666,16.27869662446395,18.524946475480874,0,0,0,0,17.0,16.0,8
Bahamas,31,,BHS,12,1998,3,4,4,4,,83.4241104126,-16.822125844796943,-14.509691320298788,0,0,0,0,17.0,16.0,8
Bahamas,31,,BHS,12,1999,3,4,4,4,,100.2249145508,20.139027021212886,19.595597800879894,0,0,0,0,18.0,17.0,8
Bahamas,31,,BHS,12,1999,3,4,4,4,,86.1708221436,-14.022553643661661,-10.705652467245715,0,0,0,0,18.0,17.0,8
Bahamas,31,,BHS,12,2000,3,4,4,4,,100.2531433105,16.34233121674573,22.458804594296957,0,0,1,0,19.0,18.0,8
Bahamas,31,,BHS,12,2000,3,4,4,4,,90.1558609009,-10.071786356191447,-7.752008783107373,0,0,0,0,19.0,18.0,8
Bahamas,31,,BHS,12,2001,3,4,4,4,,100.2813568115,11.231101128001008,17.501645988555296,0,0,0,0,20.0,19.0,8
Bahamas,31,,BHS,12,2001,3,4,4,4,,89.1305999756,-11.119471445585049,-9.960156673775483,0,0,0,0,20.0,19.0,8
Bahamas,31,,BHS,12,2002,3,4,4,4,,100.1537246704,12.367385272642206,12.47901495505817,0,0,0,0,21.0,20.0,8
Bahamas,31,,BHS,12,2002,3,4,4,4,,89.4010543823,-10.736166152069126,-9.488252325011963,0,0,0,0,21.0,20.0,8
Bahamas,31,,BHS,12,2003,3,4,4,4,,100.2224807739,12.104361035077993,13.735580155651078,0,0,0,0,22.0,21.0,8
Bahamas,31,,BHS,12,2003,3,4,4,4,,90.5143737793,-9.686556269247914,-8.318361386239042,0,0,0,0,22.0,21.0,8
Bahamas,31,,BHS,12,2004,3,4,4,4,,100.0967178345,10.586544053836677,13.004348819666761,0,0,0,0,23.0,22.0,8
Bahamas,31,,BHS,12,2004,3,4,4,4,,92.3168258667,-7.772374695305473,-6.872386910716704,0,0,0,0,23.0,22.0,8
Bahamas,31,,BHS,12,2005,3,4,4,4,,100.0417098999,8.367796401876149,11.181965760407358,0,0,0,0,24.0,23.0,8
Bahamas,31,,BHS,12,2005,3,4,4,4,,95.1896362305,-4.850050718100385,-4.254629011529704,0,0,0,0,24.0,23.0,8
Bahamas,31,,BHS,12,2006,3,4,3,4,,100.0710754395,5.128120457546115,8.645866141321884,0,0,0,0,25.0,24.0,8
Bahamas,31,,BHS,12,2006,3,4,3,4,,96.8009643555,-3.2677884889695363,-2.989718749523801,0,0,0,0,25.0,24.0,8
Bahamas,31,,BHS,12,2007,3,4,3,4,,100.0153579712,3.3206214804794687,5.1809534490560525,0,0,0,0,26.0,25.0,8
Bahamas,31,,BHS,12,2007,3,4,3,4,,97.407623291,-2.6073342465573357,-2.554501255047398,0,0,0,0,26.0,25.0,8
Bahamas,31,,BHS,12,2008,4,4,3,4,,100.0145874023,2.6763450572157454,3.389632291137884,0,0,0,0,27.0,26.0,8
Bahamas,31,,BHS,12,2008,4,4,3,4,,99.8752975464,-0.13926954009189085,-0.07025872943347578,0,0,0,0,27.0,26.0,8
Bahamas,31,,BHS,12,2009,4,4,3,4,,99.9438934326,0.06868153375776398,2.605757050881624,0,0,0,0,28.0,27.0,8
Bahamas,31,,BHS,12,2009,4,4,3,4,,95.5414962769,-4.404868576256615,-4.475456582590737,0,0,0,0,28.0,27.0,8
Bahamas,31,,BHS,12,2010,4,4,3,4,,100.0091018677,4.676089201965072,0.3399021594662264,0,0,0,0,29.0,28.0,8
Bahamas,31,,BHS,12,2010,4,4,3,4,,97.859664917,-2.1492413295976176,-1.8780207038891552,0,0,0,0,29.0,28.0,8
Bahamas,31,,BHS,12,2011,4,4,4,4,,100.0698928833,2.2585689090337757,4.785416781401236,0,0,0,0,30.0,29.0,8
Bahamas,31,,BHS,12,2011,4,4,4,4,,100.2093963623,0.13940604409627966,0.2487336235324431,0,0,0,0,30.0,29.0,8
Bahamas,31,,BHS,12,2012,3,4,4,4,,100.0,-0.20895881015283724,2.1890161429772235,0,0,0,0,31.0,30.0,8
Bahamas,31,,BHS,12,2012,3,4,4,4,,100.0,0.0,-0.06955276605655225,0,0,0,0,31.0,30.0,8
Bahamas,31,,BHS,12,2013,4,4,4,4,,100.1241607666,0.12416076660000108,-0.08479804355283083,0,0,0,0,32.0,31.0,8
Bahamas,31,,BHS,12,2013,4,4,4,4,,100.3324661255,0.20804704609269642,0.33220781269270283,0,0,0,0,32.0,31.0,8
Bahamas,31,,BHS,12,2014,4,4,3,4,,100.2438049316,-0.08836740222163408,0.24384041047106875,0,0,0,0,33.0,32.0,8
Bahamas,31,,BHS,12,2014,4,4,3,4,,99.7399139404,-0.5026654679995635,-0.3829858241284958,0,0,0,0,33.0,32.0,8
Bahamas,31,,BHS,12,2015,3,3,3,4,,100.0970153809,0.3580326334684747,-0.23300023675271753,0,0,0,0,34.0,33.0,8
Bahamas,31,,BHS,12,2015,3,3,3,4,,93.7159881592,-6.374842643827328,-6.519475478358411,0,0,0,0,34.0,33.0,8
Bahamas,31,,BHS,12,2016,3,3,3,4,,100.1455154419,6.860651430978715,0.8438414206198663,0,0,0,0,35.0,34.0,8
Bahamas,31,,BHS,12,2016,3,3,3,4,,92.7297058105,-7.405034163214563,-6.919225376063171,0,0,0,0,35.0,34.0,8
Bahamas,31,,BHS,12,2017,4,4,4,4,,100.1884307861,8.043511958123183,7.49912922588734,0,0,0,0,36.0,35.0,8
Bahamas,31,,BHS,12,2017,4,4,4,4,,94.6645126343,-5.513528965827841,-4.875051170919216,0,0,0,0,36.0,35.0,8
Bahamas,31,,BHS,12,2018,4,4,4,4,,100.1315307617,5.775150555646702,8.305133547942049,0,0,0,0,37.0,36.0,8
Bahamas,31,,BHS,12,2018,4,4,4,4,,96.8861236572,-3.2411440031049232,-2.9795224132860567,0,0,0,0,37.0,36.0,8
Bahamas,31,,BHS,12,2019,4,4,4,4,,100.0814361572,3.298008403458863,5.832014956000647,0,0,0,0,38.0,37.0,8
Bahamas,31,,BHS,12,2019,4,4,4,4,,95.7181015015,-4.359784214973117,-4.302919814619171,0,0,0,0,38.0,37.0,8
Bahamas,31,,BHS,12,2020,4,4,4,4,,100.063079834,4.5393486334786015,3.4775728219643534,0,0,0,0,39.0,38.0,8
Bahamas,31,,BHS,12,2020,4,4,4,4,,92.3528289795,-7.705390307085247,-7.525825888579757,0,0,0,0,39.0,38.0,8
Bahamas,31,,BHS,12,2021,4,4,4,4,,100.0681838989,8.354216112981883,5.188174439375243,0,0,0,0,40.0,39.0,8
Bahamas,31,,BHS,12,2021,4,4,4,4,,96.5480804443,-3.5177049462158716,-2.86887914031923,0,0,0,0,40.0,39.0,8
Bahamas,31,,BHS,12,2022,4,4,4,4,,100.0168533325,3.5927932199555146,8.429304386721533,0,0,0,0,41.0,40.0,8
Bahamas,31,,BHS,12,2022,4,4,4,4,,98.7873077393,-1.2293384087104342,-1.1542501349707845,0,0,0,0,41.0,40.0,8
Bahamas,31,,BHS,12,2023,4,4,4,4,,99.927520752,1.154210028386471,3.517664839631558,0,0,0,0,42.0,41.0,8
Bahamas,31,,BHS,12,2023,4,4,4,4,,97.1000137329,-2.829557861359644,-2.9046862416836006,0,0,0,0,42.0,41.0,8
Bahamas,31,,BHS,12,2024,4,4,4,4,,99.9611358643,2.9465723241505426,1.2712244911773762,0,0,0,0,43.0,42.0,8
Bahamas,31,,BHS,12,2024,4,4,4,4,,96.8454742432,-3.1168729668394346,-2.9998585040485293,0,0,0,0,43.0,42.0,8
Belarus,370,107.0,BLR,16,1992,2,3,3,2,2.0,85.0900421143,,,0,0,0,0,,,9
Belarus,370,107.0,BLR,16,1992,2,3,3,2,2.0,83.3490447998,-2.0460646995113185,-2.0460646995113185,0,0,0,0,,,9
Belarus,370,107.0,BLR,16,1993,2,3,3,2,2.0,84.6917419434,1.610932850910407,-0.4351318486009115,0,0,0,0,,,9
Belarus,370,107.0,BLR,16,1993,2,3,3,2,2.0,82.2714996338,-2.8577075569156007,-3.292839405516512,0,0,0,0,,,9
Belarus,370,107.0,BLR,16,1994,2,3,3,2,2.0,84.5679244995,2.791276293639533,1.5445015876343393,0,0,0,0,,,9
Belarus,370,107.0,BLR,16,1994,2,3,3,2,2.0,81.6348114014,-3.468351760385624,-3.5347830236616917,0,0,0,0,,,9
Belarus,370,107.0,BLR,16,1995,2,2,3,2,2.0,84.7425613403,3.806893022168123,3.129817555422032,0,0,0,0,,,9
Belarus,370,107.0,BLR,16,1995,2,2,3,2,2.0,81.983039856,-3.2563583642682303,-2.9178171024857313,0,0,0,0,,,9
Belarus,370,107.0,BLR,16,1996,2,2,3,2,2.0,85.1421127319,3.8533248845721957,4.403859542472088,0,0,0,0,,,9
Belarus,370,107.0,BLR,16,1996,2,2,3,2,2.0,83.5245132446,-1.8998817804692925,-1.302915260165327,0,0,0,0,,,9
Belarus,370,107.0,BLR,16,1997,2,2,2,2,2.0,85.11693573,1.9065330925504664,3.8599761966533697,0,0,0,0,,,9
Belarus,370,107.0,BLR,16,1997,2,2,2,2,2.0,83.3421630859,-2.085099315287575,-2.078448003206401,0,0,0,0,,,9
Belarus,370,107.0,BLR,16,1998,2,2,2,2,2.0,83.5890350342,0.29621495190321756,0.1176487291661088,0,0,0,0,,,9
Belarus,370,107.0,BLR,16,1998,2,2,2,2,2.0,79.9525146484,-4.3504753755228,-6.1393597389071575,0,0,0,0,,,9
Belarus,370,107.0,BLR,16,1999,1,2,2,2,2.0,84.8281936646,6.098218470852768,2.0439580472331853,0,0,0,0,,,9
Belarus,370,107.0,BLR,16,1999,1,2,2,2,2.0,83.1423339844,-1.9873813261492623,-0.23963823081929458,0,0,0,0,,,9
Belarus,370,107.0,BLR,16,2000,1,2,2,2,2.0,86.6187057495,4.181229463382952,8.292066608086458,0,0,0,0,,,9
Belarus,370,107.0,BLR,16,2000,1,2,2,2,2.0,87.8625030518,1.435945378700354,3.6297935159340433,0,0,0,0,,,9
Belarus,370,107.0,BLR,16,2001,1,2,2,2,2.0,85.9078292847,-2.2246962005482707,3.392478641535035,0,0,0,0,,,9
Belarus,370,107.0,BLR,16,2001,1,2,2,2,2.0,86.6458511353,0.859085669775439,0.07033484792752231,0,0,0,0,,,9
Belarus,370,107.0,BLR,16,2002,1,2,2,2,2.0,86.1740493774,-0.5445174254948171,-1.9101279562676488,0,0,0,0,,,9
Belarus,370,107.0,BLR,16,2002,1,2,2,2,2.0,87.0123748779,0.9728282546275002,1.2873964989081221,0,0,0,0,,,9
Belarus,370,107.0,BLR,16,2003,1,2,2,2,2.0,87.388092041,0.431797389310673,0.8601082184433562,0,0,0,0,,,9
Belarus,370,107.0,BLR,16,2003,1,2,2,2,2.0,88.3282546997,1.0758475631426956,2.480473207080869,0,0,0,0,,,9
Belarus,370,107.0,BLR,16,2004,1,2,2,2,2.0,89.4256668091,1.2424247633229024,2.750069715776271,0,0,0,0,,,9
Belarus,370,107.0,BLR,16,2004,1,2,2,2,2.0,90.623008728,1.3389242279356006,3.6571965544011986,0,0,0,0,,,9
Belarus,370,107.0,BLR,16,2005,1,1,2,2,2.0,92.9713134766,2.5912897635613774,5.1726387548198804,0,0,0,0,,,9
Belarus,370,107.0,BLR,16,2005,1,1,2,2,2.0,94.1428146362,1.2600673431325093,5.190281334629487,0,0,0,0,,,9
Belarus,370,107.0,BLR,16,2006,1,1,2,2,2.0,95.2921066284,1.2207962940573358,5.072153400751223,0,0,0,0,,,9
Belarus,370,107.0,BLR,16,2006,1,1,2,2,2.0,96.1600341797,0.9108073921427318,3.391671029332577,0,0,0,0,,,9
Belarus,370,107.0,BLR,16,2007,1,1,2,2,2.0,96.3482437134,0.19572531905331925,2.327329005253387,0,0,0,0,,,9
Belarus,370,107.0,BLR,16,2007,1,1,2,2,2.0,96.8839645386,0.5560255221606081,1.662558233356659,0,0,0,0,,,9
Belarus,370,107.0,BLR,16,2008,1,1,2,2,2.0,100.8424377441,4.085787802297136,4.837538643511063,0,0,0,0,,,9
Belarus,370,107.0,BLR,16,2008,1,1,2,2,2.0,99.8510742188,-0.9830816742210313,3.658731650236713,0,0,0,0,,,9
Belarus,370,107.0,BLR,16,2009,1,1,2,2,2.0,92.8344955444,-7.027043754206208,-3.924337626130103,0,0,0,0,,,9
Belarus,370,107.0,BLR,16,2009,1,1,2,2,2.0,94.5984420776,1.9000981508606962,-6.110027277566543,0,0,0,0,,,9
Belarus,370,107.0,BLR,16,2010,1,1,2,2,2.0,96.719078064,2.2417240071040734,-2.885221596241438,0,0,0,0,,,9
Belarus,370,107.0,BLR,16,2010,1,1,2,2,2.0,97.4483413696,0.7540015064219752,4.895823664386745,0,0,0,0,,,9
Belarus,370,107.0,BLR,16,2011,1,1,2,2,2.0,100.3410797119,2.96848391839577,5.964209431921819,0,0,0,0,,,9
Belarus,370,107.0,BLR,16,2011,1,1,2,2,2.0,100.2753753662,-0.0654810032826525,3.6570044215350928,0,0,0,0,,,9
Belarus,370,107.0,BLR,16,2012,1,1,2,2,2.0,100.0,-0.27461913275751426,2.6283837823556033,0,0,0,0,,,9
Belarus,370,107.0,BLR,16,2012,1,1,2,2,2.0,100.0,0.0,-0.34010013604016676,0,0,0,0,,,9
Belarus,370,107.0,BLR,16,2013,1,1,2,2,2.0,100.4441375732,0.4441375731999875,0.16951844044247322,0,0,0,0,,,9
Belarus,370,107.0,BLR,16,2013,1,1,2,2,2.0,100.3000488281,-0.14345162254491006,0.3006859506550774,0,0,0,0,,,9
Belarus,370,107.0,BLR,16,2014,1,1,2,2,2.0,98.9114532471,-1.3844415802626964,-1.083755629607619,0,0,0,0,,,9
Belarus,370,107.0,BLR,16,2014,1,1,2,2,2.0,99.4341049194,0.5284035924477903,-0.9994896103598161,0,0,0,0,,,9
Belarus,370,107.0,BLR,16,2015,1,1,2,2,2.0,88.0087661743,-11.490362139188793,-12.3464001270037,0,0,0,0,,,9
Belarus,370,107.0,BLR,16,2015,1,1,2,2,2.0,92.2746505737,4.847113060250696,-6.114845486490306,0,0,0,0,,,9
Belarus,370,107.0,BLR,16,2016,1,1,2,2,2.0,86.6535491943,-6.091707033786509,-12.734956112724607,0,0,0,0,,,9
Belarus,370,107.0,BLR,16,2016,1,1,2,2,2.0,91.0752639771,5.10275092470287,3.8581569511670573,0,0,0,0,,,9
Belarus,370,107.0,BLR,16,2017,1,1,2,2,2.0,89.3300552368,-1.9162269359315864,-2.9051830450152254,0,0,0,0,,,9
Belarus,370,107.0,BLR,16,2017,1,1,2,2,2.0,93.3599243164,4.511213016624072,7.697737005395355,0,0,0,0,,,9
Belarus,370,107.0,BLR,16,2018,1,1,2,2,2.0,92.4567565918,-0.9674040882243329,1.6275819924681523,0,0,0,0,,,9
Belarus,370,107.0,BLR,16,2018,1,1,2,2,2.0,96.0745239258,3.912929100436191,7.45673802883593,0,0,0,0,,,9
Belarus,370,107.0,BLR,16,2019,1,1,2,2,2.0,90.7266464233,-5.566384598096219,-2.620859585884361,0,0,0,0,,,9
Belarus,370,107.0,BLR,16,2019,1,1,2,2,2.0,94.6294174194,4.301681093656851,2.6482255959968226,0,0,0,0,,,9
Belarus,370,107.0,BLR,16,2020,1,1,2,2,1.0,86.1320343018,-8.979642218380546,-10.244345722819915,0,0,0,0,,,9
Belarus,370,107.0,BLR,16,2020,1,1,2,2,1.0,90.6795196533,5.279667882411743,0.6017067576880484,0,0,0,0,,,9
Belarus,370,107.0,BLR,16,2021,1,1,2,2,1.0,92.5269775391,2.037348557715668,-1.6626257782531342,0,0,0,0,,,9
Belarus,370,107.0,BLR,16,2021,1,1,2,2,1.0,95.9794692993,3.7313352840700365,11.048351724197449,0,0,0,0,,,9
Belarus,370,107.0,BLR,16,2022,1,1,2,2,1.0,95.9347991943,-0.046541312768366705,5.722142529017338,0,0,0,0,,,9
Belarus,370,107.0,BLR,16,2022,1,1,2,2,1.0,98.7907409668,2.976961224170349,6.66175519547202,0,0,0,0,,,9
Belarus,370,107.0,BLR,16,2023,1,1,2,2,1.0,93.2407302856,-5.617946203141811,-2.687526291739827,0,0,0,0,,,9
Belarus,370,107.0,BLR,16,2023,1,1,2,2,1.0,96.6105880737,3.6141477847481562,0.9731628057766959,0,0,0,0,,,9
Belarus,370,107.0,BLR,16,2024,1,1,2,2,1.0,92.7616119385,-3.9840106679236764,-5.98780908631733,0,0,0,0,,,9
Belarus,370,107.0,BLR,16,2024,1,1,2,2,1.0,96.1986465454,3.705233808548636,3.335370925373117,0,0,0,0,,,9
Belize,80,,BLZ,18,1977,4,3,4,4,,110.9640960693,,,0,0,0,0,-4.0,,10
Belize,80,,BLZ,18,1977,4,3,4,4,,99.0486907959,-10.738072669882804,-10.738072669882804,0,0,0,0,-4.0,,10
Belize,80,,BLZ,18,1978,3,4,4,4,,107.284286499,8.314694153878621,-2.423378516004183,0,0,0,0,-3.0,,10
Belize,80,,BLZ,18,1978,3,4,4,4,,97.749168396,-8.887711718238322,-11.311090234242505,0,0,0,0,-3.0,,10
Belize,80,,BLZ,18,1979,3,4,4,4,,110.2437820435,12.782322195194551,12.20930463083485,0,0,0,0,-2.0,,10
Belize,80,,BLZ,18,1979,3,4,4,4,,99.4301681519,-9.808819773012834,-5.914209296056605,0,0,0,0,-2.0,,10
Belize,80,,BLZ,18,1980,3,4,4,4,,129.1245727539,29.86458250441224,32.83808492659396,0,0,1,0,-1.0,,10
Belize,80,,BLZ,18,1980,3,4,4,4,,104.4175109863,-19.134283460274805,0.9214792711245998,0,0,0,0,-1.0,,10
Belize,80,,BLZ,18,1981,3,4,4,4,,114.285987854,9.4509788391669,20.181277883304336,0,0,1,0,0.0,,10
Belize,80,,BLZ,18,1981,3,4,4,4,,100.5666732788,-12.0043715181658,-21.687676139273705,1,1,0,0,0.0,,10
Belize,80,,BLZ,18,1982,3,4,4,4,,102.1053924561,1.530048799600081,-1.0233438793988192,0,0,0,0,1.0,,10
Belize,80,,BLZ,18,1982,3,4,4,4,,97.1721420288,-4.8315278053713495,-15.30585052393707,0,0,0,0,1.0,,10
Belize,80,,BLZ,18,1983,3,4,4,4,,102.4928970337,5.475597114369513,2.174118108598244,0,0,0,0,2.0,,10
Belize,80,,BLZ,18,1983,3,4,4,4,,97.3692092896,-4.999066171790734,-4.354996862792571,0,0,0,0,2.0,,10
Belize,80,,BLZ,18,1984,3,4,4,4,,95.2508850098,-2.1755586753298695,-1.6990277327510905,0,0,0,0,3.0,,10
Belize,80,,BLZ,18,1984,3,4,4,4,,94.0907974243,-1.2179284059992024,-8.392553253119805,0,0,0,0,3.0,,10
Belize,80,,BLZ,18,1985,3,4,4,4,,92.3558044434,-1.8439560811415956,-5.237443162470668,0,0,0,0,4.0,,10
Belize,80,,BLZ,18,1985,3,4,4,4,,92.7589492798,0.4365127225404386,-2.62537176460036,0,0,0,0,4.0,,10
Belize,80,,BLZ,18,1986,3,4,4,4,,95.8116760254,3.291032045211817,1.8835886866106595,0,0,0,0,5.0,,10
Belize,80,,BLZ,18,1986,3,4,4,4,,93.7215576172,-2.181486114120268,1.5460586536319871,0,0,0,0,5.0,,10
Belize,80,,BLZ,18,1987,3,4,4,4,,95.7023849487,2.1135236992011697,3.223069630292718,0,0,0,0,6.0,,10
Belize,80,,BLZ,18,1987,3,4,4,4,,93.6277923584,-2.167754326511362,-2.2357167414304606,0,0,0,0,6.0,,10
Belize,80,,BLZ,18,1988,3,4,4,4,,98.403137207,5.100349723424369,5.046119096114176,0,0,0,0,7.0,,10
Belize,80,,BLZ,18,1988,3,4,4,4,,94.9511184692,-3.5080372798870885,-0.5754418829740819,0,0,0,0,7.0,,10
Belize,80,,BLZ,18,1989,3,4,4,4,,100.3235168457,5.65806750158786,7.25037994512514,0,0,0,0,8.0,,10
Belize,80,,BLZ,18,1989,3,4,4,4,,96.3276748657,-3.9829564449437083,-1.8329262232429375,0,0,0,0,8.0,,10
Belize,80,,BLZ,18,1990,3,4,4,4,,99.6453704834,3.4441769951631507,5.119288051807302,0,0,0,0,9.0,,10
Belize,80,,BLZ,18,1990,3,4,4,4,,96.0472640991,-3.610911743159617,-4.149691192940176,0,0,0,0,9.0,,10
Belize,80,,BLZ,18,1991,3,4,4,4,,96.8025360107,0.7863544252761923,0.6196196772797249,0,0,0,0,10.0,,10
Belize,80,,BLZ,18,1991,3,4,4,4,,93.7097702026,-3.1949222980668046,-6.01947961595023,0,0,0,0,10.0,,10
Belize,80,,BLZ,18,1992,3,4,4,4,,96.6875762939,3.1776901008955694,0.7691222281049561,0,0,0,0,11.0,,10
Belize,80,,BLZ,18,1992,3,4,4,4,,93.5915374756,-3.20210614121611,-3.219338338387346,0,0,0,0,11.0,,10
Belize,80,,BLZ,18,1993,3,4,4,4,,97.46118927,4.134617187380685,4.110201147060144,0,0,0,0,12.0,,10
Belize,80,,BLZ,18,1993,3,4,4,4,,94.2129669189,-3.3328367685944715,-2.400325722429898,0,0,0,0,12.0,,10
Belize,80,,BLZ,18,1994,3,4,4,4,,98.5510482788,4.604548080556992,5.4063284993432035,0,0,0,0,13.0,,10
Belize,80,,BLZ,18,1994,3,4,4,4,,95.2256317139,-3.374308668429815,-2.1025973564672964,0,0,0,0,13.0,,10
Belize,80,,BLZ,18,1995,3,4,4,4,,98.7679977417,3.719971150669643,4.950210562796818,0,0,0,0,14.0,,10
Belize,80,,BLZ,18,1995,3,4,4,4,,95.5377578735,-3.270532907478585,-2.9248704252387583,0,0,0,0,14.0,,10
Belize,80,,BLZ,18,1996,3,4,4,4,,98.0073242188,2.584911348421959,3.0343495916130157,0,0,0,0,15.0,,10
Belize,80,,BLZ,18,1996,3,4,4,4,,94.8951568604,-3.1754436550600396,-3.861065214116667,0,0,0,0,15.0,,10
Belize,80,,BLZ,18,1997,3,4,4,4,,98.6220855713,3.927417198311489,3.336884891673407,0,0,0,0,16.0,,10
Belize,80,,BLZ,18,1997,3,4,4,4,,95.3514328003,-3.3163492254840277,-2.5643756822325794,0,0,0,0,16.0,,10
Belize,80,,BLZ,18,1998,3,3,4,4,,97.4857559204,2.238375509857349,2.849443482684809,0,0,0,0,17.0,,10
Belize,80,,BLZ,18,1998,3,3,4,4,,93.7870559692,-3.794092702343199,-4.872066417969879,0,0,0,0,17.0,,10
Belize,80,,BLZ,18,1999,3,4,4,4,,95.0863037109,1.3853166924513216,-0.1704005000345301,0,0,0,0,18.0,,10
Belize,80,,BLZ,18,1999,3,4,4,4,,91.8813934326,-3.370527776580934,-5.779303786472813,0,0,0,0,18.0,,10
Belize,80,,BLZ,18,2000,3,4,4,4,,96.6877059937,5.230996594131643,3.245785510002029,0,0,0,0,19.0,,10
Belize,80,,BLZ,18,2000,3,4,4,4,,94.011100769,-2.7682994411662,-0.9078306236154923,0,0,0,0,19.0,,10
Belize,80,,BLZ,18,2001,3,4,4,4,,97.1149139404,3.301539016149335,5.764236169114777,0,0,0,0,20.0,,10
Belize,80,,BLZ,18,2001,3,4,4,4,,94.6630325317,-2.524721805555774,-1.99148223057264,0,0,0,0,20.0,,10
Belize,80,,BLZ,18,2002,3,4,4,4,,96.472694397,1.9116880337569864,2.688505244350546,0,0,0,0,21.0,,10
Belize,80,,BLZ,18,2002,3,4,4,4,,93.0143661499,-3.584774187884132,-4.197807959682921,0,0,0,0,21.0,,10
Belize,80,,BLZ,18,2003,3,4,4,4,,96.437461853,3.6801795731031595,2.0070934189760123,0,0,0,0,22.0,,10
Belize,80,,BLZ,18,2003,3,4,4,4,,93.1965637207,-3.3606215572534626,-3.2652161720344366,0,0,0,0,22.0,,10
Belize,80,,BLZ,18,2004,3,4,4,4,,96.5699157715,3.619609904190857,3.9391679200405525,0,0,0,0,23.0,,10
Belize,80,,BLZ,18,2004,3,4,4,4,,93.7401123047,-2.9303157657253998,-2.6713274187880067,0,0,0,0,23.0,,10
Belize,80,,BLZ,18,2005,3,4,4,4,,97.1712188721,3.6602330454301724,4.349527183895628,0,0,0,0,24.0,,10
Belize,80,,BLZ,18,2005,3,4,4,4,,95.5423736572,-1.6762630270635404,-0.9463457473587691,0,0,0,0,24.0,,10
Belize,80,,BLZ,18,2006,3,4,4,4,,98.5193023682,3.1158203392361195,5.09979035760275,0,0,0,0,25.0,,10
Belize,80,,BLZ,18,2006,3,4,4,4,,98.1725845337,-0.3519288364468909,1.0876284757256869,0,0,0,0,25.0,,10
Belize,80,,BLZ,18,2007,3,4,4,4,,97.1493835449,-1.0422471748706585,1.7216443279185687,0,0,0,0,26.0,,10
Belize,80,,BLZ,18,2007,3,4,4,4,,95.6684417725,-1.524396468985878,-2.9185724803034288,0,0,0,0,26.0,,10
Belize,80,,BLZ,18,2008,3,4,4,4,,98.3384246826,2.7908711176139356,0.2242274737573977,0,0,0,0,27.0,,10
Belize,80,,BLZ,18,2008,3,4,4,4,,97.1502532959,-1.2082473260426774,0.05822732258537888,0,0,0,0,27.0,,10
Belize,80,,BLZ,18,2009,3,4,4,4,,97.2642974854,0.11738949269914922,1.700013284270406,0,0,0,0,28.0,,10
Belize,80,,BLZ,18,2009,3,4,4,4,,98.6821594238,1.4577414067200145,0.36688357337648503,0,0,0,0,28.0,,10
Belize,80,,BLZ,18,2010,3,4,4,4,,98.8497161865,0.16979438196160768,1.74492528138077,0,0,0,0,29.0,,10
Belize,80,,BLZ,18,2010,3,4,4,4,,99.9392242432,1.102186327621224,2.729722116302845,0,0,0,0,29.0,,10
Belize,80,,BLZ,18,2011,3,4,4,4,,100.7661743164,0.8274529640010408,2.0994336735838712,0,0,0,0,30.0,,10
Belize,80,,BLZ,18,2011,3,4,4,4,,101.6274871826,0.8547638848484418,2.7844031764707053,0,0,0,0,30.0,,10
Belize,80,,BLZ,18,2012,4,4,4,4,,100.0,-1.6014242088617237,0.08079263998775765,0,0,0,0,31.0,,10
Belize,80,,BLZ,18,2012,4,4,4,4,,100.0,0.0,-0.7466603240132832,0,0,0,0,31.0,,10
Belize,80,,BLZ,18,2013,4,4,4,4,,99.9322738647,-0.06772613530000582,-1.6691503441617308,0,0,0,0,32.0,,10
Belize,80,,BLZ,18,2013,4,4,4,4,,99.3683319092,-0.5643241504376562,-0.6320502857376633,0,0,0,0,32.0,,10
Belize,80,,BLZ,18,2014,4,4,4,4,,99.7495040894,0.38359522885853536,-0.24845505687912794,0,0,0,0,33.0,,10
Belize,80,,BLZ,18,2014,4,4,4,4,,99.4782791138,-0.27190608923420845,-0.4526350108133306,0,0,0,0,33.0,,10
Belize,80,,BLZ,18,2015,4,4,4,4,,96.7227783203,-2.7699522127315857,-2.65826307310726,0,0,0,0,34.0,,10
Belize,80,,BLZ,18,2015,4,4,4,4,,97.1256790161,0.41655202920845014,-2.6253062727573453,0,0,0,0,34.0,,10
Belize,80,,BLZ,18,2016,3,4,4,4,,97.7068252563,0.5983445841378998,-1.755055599385237,0,0,0,0,35.0,,10
Belize,80,,BLZ,18,2016,3,4,4,4,,99.4068374634,1.7399114162604423,2.754808029606791,0,0,0,0,35.0,,10
Belize,80,,BLZ,18,2017,3,4,4,4,,97.9367752075,-1.4788341460327037,0.8594218543656371,0,0,0,0,36.0,,10
Belize,80,,BLZ,18,2017,3,4,4,4,,99.0508956909,1.137591554387507,1.3986688246152443,0,0,0,0,36.0,,10
Belize,80,,BLZ,18,2018,3,4,4,4,,97.5453338623,-1.519988101165981,-1.861230692811179,0,0,0,0,37.0,,10
Belize,80,,BLZ,18,2018,3,4,4,4,,97.6737442017,0.13164170372441664,-0.2507548430540587,0,0,0,0,37.0,,10
Belize,80,,BLZ,18,2019,3,4,4,4,,97.1008224487,-0.5865667971291177,-1.9749131945706835,0,0,0,0,38.0,,10
Belize,80,,BLZ,18,2019,3,4,4,4,,97.3354263306,0.24160854252697206,-0.21331655087773038,0,0,0,0,38.0,,10
Belize,80,,BLZ,18,2020,3,4,4,2,,96.545539856,-0.8115097497155332,-1.1564680043176803,0,0,0,0,39.0,,10
Belize,80,,BLZ,18,2020,3,4,4,2,,97.4080505371,0.8933718557961878,0.3234706486076253,0,0,0,0,39.0,,10
Belize,80,,BLZ,18,2021,3,4,4,2,,98.1619338989,0.7739435884848822,0.8558056945655355,0,0,0,0,40.0,,10
Belize,80,,BLZ,18,2021,3,4,4,2,,99.3855819702,1.2465606805997398,2.9138761248808085,0,0,0,0,40.0,,10
Belize,80,,BLZ,18,2022,3,4,4,4,,98.4441452026,-0.9472568846880414,1.0732473843965793,0,0,0,0,41.0,,10
Belize,80,,BLZ,18,2022,3,4,4,4,,99.4370727539,1.0086202173390069,1.307924013250704,0,0,0,0,41.0,,10
Belize,80,,BLZ,18,2023,3,4,4,4,,98.552772522,-0.8893063798132705,-0.8279430471623064,0,0,0,0,42.0,,10
Belize,80,,BLZ,18,2023,3,4,4,4,,100.6968688965,2.17558199493717,2.294895832462905,0,0,0,0,42.0,,10
Belize,80,,BLZ,18,2024,3,4,4,4,,97.9796218872,-2.6984424035000565,-1.4121667883761582,0,0,0,0,43.0,,10
Belize,80,,BLZ,18,2024,3,4,4,4,,99.4632568359,1.5142280814351983,0.9913676728723106,0,0,0,0,43.0,,10
Bolivia,145,25.0,BOL,21,1975,2,2,4,3,1.0,106.3925247192,,,0,0,0,0,,,11
Bolivia,145,25.0,BOL,21,1975,2,2,4,3,1.0,90.033744812,-15.375873399353434,-15.375873399353434,0,0,0,0,,,11
Bolivia,145,25.0,BOL,21,1976,2,2,4,3,1.0,108.2038650513,20.181455605607802,4.805582206254368,0,0,0,0,,,11
Bolivia,145,25.0,BOL,21,1976,2,2,4,3,1.0,91.1832275391,-15.730156685373874,-10.924574479119507,0,0,0,0,,,11
Bolivia,145,25.0,BOL,21,1977,2,2,4,3,2.0,111.2938766479,22.055206479915856,26.506505400149784,0,0,1,0,,,11
Bolivia,145,25.0,BOL,21,1977,2,2,4,3,2.0,93.4691238403,-16.015933081378865,-9.690883286836883,0,0,0,0,,,11
Bolivia,145,25.0,BOL,21,1978,3,3,4,4,2.0,110.8074874878,18.549830077710027,24.58910347624702,0,0,1,0,,,11
Bolivia,145,25.0,BOL,21,1978,3,3,4,4,2.0,93.3017654419,-15.798320531207244,-13.264423534876082,0,0,0,0,,,11
Bolivia,145,25.0,BOL,21,1979,3,3,4,3,2.0,114.5090332031,22.72976042924504,25.48126997574782,0,0,1,0,,,11
Bolivia,145,25.0,BOL,21,1979,3,3,4,3,2.0,95.7152862549,-16.412457971648674,-9.48101807361088,0,0,0,0,,,11
Bolivia,145,25.0,BOL,21,1980,1,2,3,2,1.0,114.1164169312,19.224860935269895,25.542163392866257,0,0,1,0,,,11
Bolivia,145,25.0,BOL,21,1980,1,2,3,2,1.0,95.9204711914,-15.945072785425973,-13.132669821804756,0,0,0,0,,,11
Bolivia,145,25.0,BOL,21,1981,1,2,3,2,1.0,110.5474243164,15.249042194354256,18.528830344198177,0,0,0,0,,,11
Bolivia,145,25.0,BOL,21,1981,1,2,3,2,1.0,95.625328064,-13.49836628458313,-14.19439687565485,0,0,0,0,,,11
Bolivia,145,25.0,BOL,21,1982,3,3,4,3,2.0,109.9027633667,14.9306000740143,16.681275983785426,0,0,0,0,,,11
Bolivia,145,25.0,BOL,21,1982,3,3,4,3,2.0,95.758644104,-12.869666630225607,-11.43743284079444,0,0,0,0,,,11
Bolivia,145,25.0,BOL,21,1983,3,3,4,4,2.0,110.052986145,14.927469133204774,16.988402576993465,0,0,0,0,,,11
Bolivia,145,25.0,BOL,21,1983,3,3,4,4,2.0,96.0647735596,-12.71043437837287,-10.652631875393707,0,0,0,0,,,11
Bolivia,145,25.0,BOL,21,1984,3,4,4,4,2.0,109.3190917969,13.797272138550177,16.014306893382077,0,0,0,0,,,11
Bolivia,145,25.0,BOL,21,1984,3,4,4,4,2.0,95.9970855713,-12.186349160630117,-11.099511400452814,0,0,0,0,,,11
Bolivia,145,25.0,BOL,21,1985,3,3,4,3,2.0,108.3794174194,12.89865392726246,14.509576905182517,0,0,0,0,,,11
Bolivia,145,25.0,BOL,21,1985,3,3,4,3,2.0,94.7168655396,-12.606223769343128,-11.893919002710788,0,0,0,0,,,11
Bolivia,145,25.0,BOL,21,1986,3,3,3,3,2.0,101.7053146362,7.378252074524383,7.670682232443712,0,0,0,0,,,11
Bolivia,145,25.0,BOL,21,1986,3,3,3,3,2.0,90.5477523804,-10.970481037014256,-16.198452731833004,0,0,0,0,,,11
Bolivia,145,25.0,BOL,21,1987,3,3,3,4,2.0,98.4283065796,8.703202445150726,5.1109734826608495,0,0,0,0,,,11
Bolivia,145,25.0,BOL,21,1987,3,3,3,4,2.0,88.1102600098,-10.482804112306543,-12.750082704170076,0,0,0,0,,,11
Bolivia,145,25.0,BOL,21,1988,3,4,3,4,2.0,97.5357208252,10.697347635055966,8.917745967900146,0,0,0,0,,,11
Bolivia,145,25.0,BOL,21,1988,3,4,3,4,2.0,88.0182266235,-9.757957516669114,-9.543413993919694,0,0,0,0,,,11
Bolivia,145,25.0,BOL,21,1989,3,3,3,4,2.0,97.7458114624,11.05178462696137,11.991174745348218,0,0,0,0,,,11
Bolivia,145,25.0,BOL,21,1989,3,3,3,4,2.0,88.4962387085,-9.462884000362559,-8.169056890070307,0,0,0,0,,,11
Bolivia,145,25.0,BOL,21,1990,3,4,3,3,2.0,97.2322463989,9.871614678648388,11.460515305247196,0,0,0,0,,,11
Bolivia,145,25.0,BOL,21,1990,3,4,3,3,2.0,88.0918121338,-9.40062027118136,-8.991889592895534,0,0,0,0,,,11
Bolivia,145,25.0,BOL,21,1991,3,4,4,4,2.0,95.4465026855,8.34889233579299,8.819886743260014,0,0,0,0,,,11
Bolivia,145,25.0,BOL,21,1991,3,4,4,4,2.0,86.112487793,-9.77931577362865,-10.831043709017024,0,0,0,0,,,11
Bolivia,145,25.0,BOL,21,1992,3,4,4,4,2.0,95.5281982422,10.934198616853097,9.503775179017433,0,0,0,0,,,11
Bolivia,145,25.0,BOL,21,1992,3,4,4,4,2.0,85.8795928955,-10.10026936992694,-8.945386526702496,0,0,0,0,,,11
Bolivia,145,25.0,BOL,21,1993,3,4,3,4,2.0,95.1996765137,10.852500930623732,11.686430177549886,0,0,0,0,,,11
Bolivia,145,25.0,BOL,21,1993,3,4,3,4,2.0,85.940574646,-9.725980388565226,-8.973748827868437,0,0,0,0,,,11
Bolivia,145,25.0,BOL,21,1994,3,4,4,4,2.0,95.2988204956,10.889205579725036,12.015726121783539,0,0,0,0,,,11
Bolivia,145,25.0,BOL,21,1994,3,4,4,4,2.0,85.5168838501,-10.26448868373102,-9.101263492571213,0,0,0,0,,,11
Bolivia,145,25.0,BOL,21,1995,3,3,4,4,2.0,95.3396911621,11.486395282150475,12.111112178144488,0,0,0,0,,,11
Bolivia,145,25.0,BOL,21,1995,3,3,4,4,2.0,85.4760894775,-10.345745370445503,-9.123838772026051,0,0,0,0,,,11
Bolivia,145,25.0,BOL,21,1996,3,4,4,4,2.0,95.7131576538,11.976528452433133,13.117178364138102,0,0,0,0,,,11
Bolivia,145,25.0,BOL,21,1996,3,4,4,4,2.0,87.1674194336,-8.928488443679205,-7.297705361691579,0,0,0,0,,,11
Bolivia,145,25.0,BOL,21,1997,3,4,4,4,2.0,96.2111053467,10.375075884848295,13.423115893602219,0,0,0,0,,,11
Bolivia,145,25.0,BOL,21,1997,3,4,4,4,2.0,87.5741424561,-8.977095585251204,-7.530508144082118,0,0,0,0,,,11
Bolivia,145,25.0,BOL,21,1998,3,4,4,4,2.0,94.5061798096,7.915621162919129,9.313601462516216,0,0,0,0,,,11
Bolivia,145,25.0,BOL,21,1998,3,4,4,4,2.0,85.2482833862,-9.79607517947686,-10.85754960180894,0,0,0,0,,,11
Bolivia,145,25.0,BOL,21,1999,3,3,3,4,2.0,94.1797485352,10.477002931000756,8.596548914443021,0,0,0,0,,,11
Bolivia,145,25.0,BOL,21,1999,3,3,3,4,2.0,85.3419876099,-9.383929202143559,-8.703001450619666,0,0,0,0,,,11
Bolivia,145,25.0,BOL,21,2000,3,3,3,4,2.0,95.0518264771,11.37756354068511,12.470637269542303,0,0,0,0,,,11
Bolivia,145,25.0,BOL,21,2000,3,3,3,4,2.0,90.1317901611,-5.176161782841005,-3.182527444299458,0,0,0,0,,,11
Bolivia,145,25.0,BOL,21,2001,3,3,3,4,2.0,94.3891983032,4.723536650598414,10.924938408442515,0,0,0,0,,,11
Bolivia,145,25.0,BOL,21,2001,3,3,3,4,2.0,89.1929321289,-5.505149177778157,-5.957774310020751,0,0,0,0,,,11
Bolivia,145,25.0,BOL,21,2002,3,4,4,4,2.0,94.1890869141,5.6015142298267095,4.8199017026469635,0,0,0,0,,,11
Bolivia,145,25.0,BOL,21,2002,3,4,4,4,2.0,87.7717132568,-6.813287895181119,-6.71692284313257,0,0,0,0,,,11
Bolivia,145,25.0,BOL,21,2003,3,3,4,4,2.0,95.7930450439,9.138857485476448,7.927083820122035,0,0,0,0,,,11
Bolivia,145,25.0,BOL,21,2003,3,3,4,4,2.0,91.0498504639,-4.951502040493949,-2.625932450198624,0,0,0,0,,,11
Bolivia,145,25.0,BOL,21,2004,4,4,4,4,2.0,97.1535415649,6.703680533138301,10.891035978120797,0,0,0,0,,,11
Bolivia,145,25.0,BOL,21,2004,4,4,4,4,2.0,93.289024353,-3.977741984133887,-2.2255634914895386,0,0,0,0,,,11
Bolivia,145,25.0,BOL,21,2005,4,4,4,4,2.0,98.6092681885,5.7029686743946595,8.42890722339907,0,0,0,0,,,11
Bolivia,145,25.0,BOL,21,2005,4,4,4,4,2.0,95.9197387695,-2.727461087997052,-1.0022343977362822,0,0,0,0,,,11
Bolivia,145,25.0,BOL,21,2006,4,3,4,4,2.0,100.3371124268,4.605281158985619,7.580788745383224,0,0,0,0,,,11
Bolivia,145,25.0,BOL,21,2006,4,3,4,4,2.0,98.0576553345,-2.271798576985129,-0.3939785059965648,0,0,0,0,,,11
Bolivia,145,25.0,BOL,21,2007,4,4,4,4,2.0,102.1926422119,4.216893483017192,6.550376065017679,0,0,0,0,,,11
Bolivia,145,25.0,BOL,21,2007,4,4,4,4,2.0,99.8624420166,-2.2802034910382685,-0.3351085850062083,0,0,0,0,,,11
Bolivia,145,25.0,BOL,21,2008,3,3,4,4,2.0,105.8198318481,5.965595985034811,7.902285977013731,0,0,0,0,,,11
Bolivia,145,25.0,BOL,21,2008,3,3,4,4,2.0,102.1239624023,-3.4926056687609064,0.19278682523563262,0,0,0,0,,,11
Bolivia,145,25.0,BOL,21,2009,3,4,4,4,2.0,94.1282272339,-7.82944078971608,-5.3564504734421785,0,0,0,0,,,11
Bolivia,145,25.0,BOL,21,2009,3,4,4,4,2.0,96.0272827148,2.01751965027559,-9.304526808201402,0,0,0,0,,,11
Bolivia,145,25.0,BOL,21,2010,3,4,4,4,2.0,97.0682144165,1.0839957898127306,-4.727925349627763,0,0,0,0,,,11
Bolivia,145,25.0,BOL,21,2010,3,4,4,4,2.0,98.3144607544,1.2838871564615495,4.385402596549866,0,0,0,0,,,11
Bolivia,145,25.0,BOL,21,2011,3,4,4,4,2.0,100.9698944092,2.700959385246038,5.068842331520314,0,0,0,0,,,11
Bolivia,145,25.0,BOL,21,2011,3,4,4,4,2.0,100.9737854004,0.0038536152016099834,3.9887001569091938,0,0,0,0,,,11
Bolivia,145,25.0,BOL,21,2012,3,4,4,3,2.0,100.0,-0.9643942697984076,1.7404187306492367,0,0,0,0,,,11
Bolivia,145,25.0,BOL,21,2012,3,4,4,3,2.0,100.0,0.0,-0.9605406545968012,0,0,0,0,,,11
Bolivia,145,25.0,BOL,21,2013,3,4,3,4,2.0,100.9184570313,0.9184570313000018,-0.04593723849840936,0,0,0,0,,,11
Bolivia,145,25.0,BOL,21,2013,3,4,3,4,2.0,100.5489196777,-0.36617420090497843,0.5522828303950198,0,0,0,0,,,11
Bolivia,145,25.0,BOL,21,2014,3,3,3,4,2.0,100.9215927124,0.37063852689274146,0.9229213572877613,0,0,0,0,,,11
Bolivia,145,25.0,BOL,21,2014,3,3,3,4,2.0,100.6429824829,-0.2760660251309832,-0.27160169914322374,0,0,0,0,,,11
Bolivia,145,25.0,BOL,21,2015,3,3,3,4,2.0,91.1726531982,-9.40982575343401,-9.315253251672255,0,0,0,0,,,11
Bolivia,145,25.0,BOL,21,2015,3,3,3,4,2.0,95.5178833008,4.765935782469688,-4.919955996095309,0,0,0,0,,,11
Bolivia,145,25.0,BOL,21,2016,3,2,3,3,2.0,87.6175079346,-8.271095519695027,-12.914985490659353,0,0,0,0,,,11
Bolivia,145,25.0,BOL,21,2016,3,2,3,3,2.0,94.2118911743,7.526330519035329,4.021170781809986,0,0,0,0,,,11
Bolivia,145,25.0,BOL,21,2017,3,3,3,3,2.0,91.0237731934,-3.3839868207312773,-4.1287518213909795,0,0,0,0,,,11
Bolivia,145,25.0,BOL,21,2017,3,3,3,3,2.0,96.4919891357,6.00745909607765,10.149802794381698,0,0,0,0,,,11
Bolivia,145,25.0,BOL,21,2018,3,3,3,3,2.0,94.2585678101,-2.3146183901951223,0.3088538851512461,0,0,0,0,,,11
Bolivia,145,25.0,BOL,21,2018,3,3,3,3,2.0,98.0272903442,3.9982811341805258,7.691121840063049,0,0,0,0,,,11
Bolivia,145,25.0,BOL,21,2019,3,3,3,3,2.0,86.4824295044,-11.777190616269106,-10.093527872283707,0,0,0,0,,,11
Bolivia,145,25.0,BOL,21,2019,3,3,3,3,2.0,93.5951461792,8.224464455451175,0.4455549733625901,0,0,0,0,,,11
Bolivia,145,25.0,BOL,21,2020,3,3,3,2,2.0,83.0958633423,-11.217764238326799,-14.770490399144734,0,0,0,0,,,11
Bolivia,145,25.0,BOL,21,2020,3,3,3,2,2.0,91.626991272,10.266609656075643,7.273309873200015,0,0,0,0,,,11
Bolivia,145,25.0,BOL,21,2021,3,3,3,2,2.0,104.2191696167,13.742870053780765,12.791715471529605,0,0,0,0,,,11
Bolivia,145,25.0,BOL,21,2021,3,3,3,2,2.0,104.1213760376,-0.09383454067007913,23.915645169186323,0,0,1,0,,,11
Bolivia,145,25.0,BOL,21,2022,3,3,3,3,2.0,115.9466247559,11.357176756893516,25.006212270004198,0,0,1,0,,,11
Bolivia,145,25.0,BOL,21,2022,3,3,3,3,2.0,109.4560852051,-5.597868471345679,5.665473744877755,0,0,0,0,,,11
Bolivia,145,25.0,BOL,21,2023,3,3,3,3,2.0,97.5232849121,-10.90190670590876,-5.142598420360926,0,0,0,0,,,11
Bolivia,145,25.0,BOL,21,2023,3,3,3,3,2.0,99.9463806152,2.484632983070645,-14.015142194183797,0,0,0,0,,,11
Bolivia,145,25.0,BOL,21,2024,3,3,3,3,2.0,94.3265609741,-5.622834570404967,-14.040108293243085,0,0,0,0,,,11
Bolivia,145,25.0,BOL,21,2024,3,3,3,3,2.0,98.5340270996,4.46053167003011,1.3223300826957844,0,0,0,0,,,11
Brazil,140,19.0,BRA,24,1975,2,2,4,3,1.0,101.7944793701,,,0,0,0,0,,,12
Brazil,140,19.0,BRA,24,1975,2,2,4,3,1.0,98.3314743042,-3.401957637908204,-3.401957637908204,0,0,0,0,,,12
Brazil,140,19.0,BRA,24,1976,2,2,4,3,1.0,102.8706512451,4.616199414296918,1.2142417763887137,0,0,0,0,,,12
Brazil,140,19.0,BRA,24,1976,2,2,4,3,1.0,99.0152435303,-3.747820848935912,-2.5335790725471985,0,0,0,0,,,12
Brazil,140,19.0,BRA,24,1977,2,2,4,3,2.0,103.6761932373,4.7073051995006,5.575683764861605,0,0,0,0,,,12
Brazil,140,19.0,BRA,24,1977,2,2,4,3,2.0,99.4189224243,-4.1063147479341815,-3.1468303973694933,0,0,0,0,,,12
Brazil,140,19.0,BRA,24,1978,2,2,4,3,2.0,101.8156356812,2.410721418475359,3.0117118700417778,0,0,0,0,,,12
Brazil,140,19.0,BRA,24,1978,2,2,4,3,2.0,98.6901550293,-3.069745261608303,-4.765338591067126,0,0,0,0,,,12
Brazil,140,19.0,BRA,24,1979,2,2,4,3,2.0,101.7678604126,3.118553600798646,2.459529757665702,0,0,0,0,,,12
Brazil,140,19.0,BRA,24,1979,2,2,4,3,2.0,98.9420700073,-2.77670218656787,-2.7278938473775267,0,0,0,0,,,12
Brazil,140,19.0,BRA,24,1980,2,2,4,3,2.0,100.9837112427,2.0634713173570685,2.405322731587845,0,0,0,0,,,12
Brazil,140,19.0,BRA,24,1980,2,2,4,3,2.0,98.8009719849,-2.1614765697747895,-2.8747074389855904,0,0,0,0,,,12
Brazil,140,19.0,BRA,24,1981,2,2,4,3,2.0,99.676612854,0.8862674642855062,0.7882622118677856,0,0,0,0,,,12
Brazil,140,19.0,BRA,24,1981,2,2,4,3,2.0,98.0636444092,-1.6182015004488348,-2.8934106059381177,0,0,0,0,,,12
Brazil,140,19.0,BRA,24,1982,2,2,4,3,2.0,99.4398422241,1.4033720888012358,0.6714380526379076,0,0,0,0,,,12
Brazil,140,19.0,BRA,24,1982,2,2,4,3,2.0,97.886756897,-1.5618340620452087,-1.7766634736928073,0,0,0,0,,,12
Brazil,140,19.0,BRA,24,1983,2,2,4,3,2.0,99.6910552979,1.8432507706824364,1.6847887974384639,0,0,0,0,,,12
Brazil,140,19.0,BRA,24,1983,2,2,4,3,2.0,98.0537643433,-1.6423649541148722,-1.360948245477644,0,0,0,0,,,12
Brazil,140,19.0,BRA,24,1984,2,2,4,3,2.0,99.3438415527,1.3156835110208043,1.516569327588369,0,0,0,0,,,12
Brazil,140,19.0,BRA,24,1984,2,2,4,3,2.0,97.7652130127,-1.5890552603228691,-1.9157367034169366,0,0,0,0,,,12
Brazil,140,19.0,BRA,24,1985,3,3,4,3,2.0,98.6931686401,0.9491674991588761,0.6757957498568117,0,0,0,0,,,12
Brazil,140,19.0,BRA,24,1985,3,3,4,3,2.0,97.3613128662,-1.349491350061749,-1.9893791112257415,0,0,0,0,,,12
Brazil,140,19.0,BRA,24,1986,3,3,3,4,2.0,98.0782928467,0.7364115780621461,0.3360877271592737,0,0,0,0,,,12
Brazil,140,19.0,BRA,24,1986,3,3,3,4,2.0,97.0155639648,-1.08355156992902,-1.6966313419286223,0,0,0,0,,,12
Brazil,140,19.0,BRA,24,1987,3,3,3,4,2.0,97.3001480103,0.29333854679571836,-0.05380144507115503,0,0,0,0,,,12
Brazil,140,19.0,BRA,24,1987,3,3,3,4,2.0,96.6875762939,-0.6295691516678525,-1.4197821748011537,0,0,0,0,,,12
Brazil,140,19.0,BRA,24,1988,3,3,3,4,2.0,97.2360458374,0.5672595844504746,0.2310289795783409,0,0,0,0,,,12
Brazil,140,19.0,BRA,24,1988,3,3,3,4,2.0,96.7865829468,-0.4622389636777302,-0.5245485308951077,0,0,0,0,,,12
Brazil,140,19.0,BRA,24,1989,3,4,3,4,2.0,96.9717407227,0.19130521014651958,0.29632583091926445,0,0,0,0,,,12
Brazil,140,19.0,BRA,24,1989,3,4,3,4,2.0,96.7210464478,-0.2585230223069668,-0.529456775838177,0,0,0,0,,,12
Brazil,140,19.0,BRA,24,1990,3,4,3,4,2.0,96.7275772095,0.00675216195424877,-0.060465650206197985,0,0,0,0,,,12
Brazil,140,19.0,BRA,24,1990,3,4,3,4,2.0,96.6007461548,-0.1311219182356771,-0.38289277858839466,0,0,0,0,,,12
Brazil,140,19.0,BRA,24,1991,4,4,3,4,2.0,96.4282531738,-0.17856278327663677,-0.30293253955806465,0,0,0,0,,,12
Brazil,140,19.0,BRA,24,1991,4,4,3,4,2.0,96.1525421143,-0.28592352388989717,-0.5956082254022106,0,0,0,0,,,12
Brazil,140,19.0,BRA,24,1992,4,4,3,4,2.0,96.3500671387,0.2054288114038405,-0.259057495762693,0,0,0,0,,,12
Brazil,140,19.0,BRA,24,1992,4,4,3,4,2.0,96.0318527222,-0.3302690137640618,-0.41076372625011803,0,0,0,0,,,12
Brazil,140,19.0,BRA,24,1993,3,4,4,3,2.0,96.4146270752,0.3985910321935515,0.27375082983333066,0,0,0,0,,,12
Brazil,140,19.0,BRA,24,1993,3,4,4,3,2.0,96.1712036133,-0.2524756557012342,-0.18415363727174405,0,0,0,0,,,12
Brazil,140,19.0,BRA,24,1994,3,4,4,3,2.0,96.6734313965,0.5222226241645478,0.6683380006568655,0,0,0,0,,,12
Brazil,140,19.0,BRA,24,1994,3,4,4,3,2.0,96.564414978,-0.11276771386430351,0.15697925459901052,0,0,0,0,,,12
Brazil,140,19.0,BRA,24,1995,3,4,4,4,2.0,96.692741394,0.13289203484454504,0.5423469451447898,0,0,0,0,,,12
Brazil,140,19.0,BRA,24,1995,3,4,4,4,2.0,96.5817337036,-0.1148045745726356,-0.09468025359239363,0,0,0,0,,,12
Brazil,140,19.0,BRA,24,1996,3,4,4,4,2.0,96.6333084106,0.05340006336838066,0.07148752364029054,0,0,0,0,,,12
Brazil,140,19.0,BRA,24,1996,3,4,4,4,2.0,96.5937423706,-0.04094451556173606,-0.10234902676599056,0,0,0,0,,,12
Brazil,140,19.0,BRA,24,1997,3,3,4,4,2.0,96.782989502,0.19592069502176734,0.20837624282841238,0,0,0,0,,,12
Brazil,140,19.0,BRA,24,1997,3,3,4,4,2.0,96.826133728,0.04457831507580501,0.19955449453583674,0,0,0,0,,,12
Brazil,140,19.0,BRA,24,1998,3,4,4,4,2.0,96.5207061768,-0.3154391685802449,-0.0749401584826721,0,0,0,0,,,12
Brazil,140,19.0,BRA,24,1998,3,4,4,4,2.0,96.2643966675,-0.2655487298554582,-0.5364095833598976,0,0,0,0,,,12
Brazil,140,19.0,BRA,24,1999,3,3,4,4,2.0,96.2435150146,-0.021691979197779876,-0.6026798776334825,0,0,0,0,,,12
Brazil,140,19.0,BRA,24,1999,3,3,4,4,2.0,95.8765106201,-0.38132895961283664,-0.6685696686660743,0,0,0,0,,,12
Brazil,140,19.0,BRA,24,2000,3,3,4,4,2.0,96.3195800781,0.4621251390297454,0.05910420021912932,0,0,0,0,,,12
Brazil,140,19.0,BRA,24,2000,3,3,4,4,2.0,96.1757125854,-0.14936474243694153,-0.06856856302003234,0,0,0,0,,,12
Brazil,140,19.0,BRA,24,2001,3,3,4,4,2.0,96.2251358032,0.05138846021661703,0.36414885680942133,0,0,0,0,,,12
Brazil,140,19.0,BRA,24,2001,3,3,4,4,2.0,96.0118789673,-0.2216227954576766,-0.31959907767800066,0,0,0,0,,,12
Brazil,140,19.0,BRA,24,2002,3,3,4,4,2.0,96.2375183105,0.2350119023051711,0.06477756706411197,0,0,0,0,,,12
Brazil,140,19.0,BRA,24,2002,3,3,4,4,2.0,96.1084976196,-0.1340648565809066,-0.12067574973341166,0,0,0,0,,,12
Brazil,140,19.0,BRA,24,2003,3,3,4,4,2.0,96.5245361328,0.4328842126392285,0.5338312583634934,0,0,0,0,,,12
Brazil,140,19.0,BRA,24,2003,3,3,4,4,2.0,96.4626693726,-0.06409433567737821,0.23472502038094412,0,0,0,0,,,12
Brazil,140,19.0,BRA,24,2004,3,4,4,4,2.0,96.9504089355,0.5056251978846182,0.874415074846469,0,0,0,0,,,12
Brazil,140,19.0,BRA,24,2004,3,4,4,4,2.0,96.8762359619,-0.07650609668841124,0.36502476551882923,0,0,0,0,,,12
Brazil,140,19.0,BRA,24,2005,3,4,4,4,3.0,97.3401184082,0.4788402869847719,0.9079593881809793,0,0,0,0,,,12
Brazil,140,19.0,BRA,24,2005,3,4,4,4,3.0,97.4295272827,0.09185202973049922,0.4941862200268603,0,0,0,0,,,12
Brazil,140,19.0,BRA,24,2006,3,4,4,4,3.0,97.856803894,0.43854940408385445,1.009241720799126,0,0,0,0,,,12
Brazil,140,19.0,BRA,24,2006,3,4,4,4,3.0,97.9006500244,0.04480641984536682,0.5752078536597209,0,0,0,0,,,12
Brazil,140,19.0,BRA,24,2007,3,4,4,4,3.0,98.2002105713,0.30598422668832725,0.789340050617549,0,0,0,0,,,12
Brazil,140,19.0,BRA,24,2007,3,4,4,4,3.0,98.2531814575,0.05394172363972771,0.40473237017342223,0,0,0,0,,,12
Brazil,140,19.0,BRA,24,2008,3,4,4,4,3.0,99.1492233276,0.9119723726071616,1.271898322935217,0,0,0,0,,,12
Brazil,140,19.0,BRA,24,2008,3,4,4,4,3.0,99.1455688477,-0.003685838151168408,0.9622282580957213,0,0,0,0,,,12
Brazil,140,19.0,BRA,24,2009,3,4,4,4,3.0,98.7093353271,-0.439992957496782,0.4682935769592116,0,0,0,0,,,12
Brazil,140,19.0,BRA,24,2009,3,4,4,4,3.0,98.8932266235,0.1862957498301565,-0.2573830458177935,0,0,0,0,,,12
Brazil,140,19.0,BRA,24,2010,3,4,4,4,3.0,99.8322982788,0.9495813690811872,0.6958841614145621,0,0,0,0,,,12
Brazil,140,19.0,BRA,24,2010,3,4,4,4,3.0,99.8230743408,-0.009239432687635496,1.1266376862237086,0,0,0,0,,,12
Brazil,140,19.0,BRA,24,2011,3,4,4,4,3.0,100.5930862427,0.7713766651497256,1.7117186015432777,0,0,0,0,,,12
Brazil,140,19.0,BRA,24,2011,3,4,4,4,3.0,100.483291626,-0.10914727920277034,0.6529899532593202,0,0,0,0,,,12
Brazil,140,19.0,BRA,24,2012,3,4,4,4,3.0,100.0,-0.4809671520304204,0.1812622339165353,0,0,0,0,,,12
Brazil,140,19.0,BRA,24,2012,3,4,4,4,3.0,100.0,0.0,-0.5901144312331903,0,0,0,0,,,12
Brazil,140,19.0,BRA,24,2013,3,4,4,4,3.0,100.0143661499,0.014366149900002512,-0.46660100213041744,0,0,0,0,,,12
Brazil,140,19.0,BRA,24,2013,3,4,4,4,3.0,99.9894790649,-0.024883510197626357,-0.010517360297623402,0,0,0,0,,,12
Brazil,140,19.0,BRA,24,2014,3,3,4,4,3.0,99.407913208,-0.5816270495043963,-0.5921444098020197,0,0,0,0,,,12
Brazil,140,19.0,BRA,24,2014,3,3,4,4,3.0,99.7666549683,0.36087847408021734,-0.24563208562180483,0,0,0,0,,,12
Brazil,140,19.0,BRA,24,2015,3,4,4,4,3.0,97.7132492065,-2.0582084890512387,-2.278957064475417,0,0,0,0,,,12
Brazil,140,19.0,BRA,24,2015,3,4,4,4,3.0,98.5560302734,0.8625043929497478,-0.8348256220212731,0,0,0,0,,,12
Brazil,140,19.0,BRA,24,2016,3,4,4,4,3.0,97.9951400757,-0.569107944124847,-1.7648120402263374,0,0,0,0,,,12
Brazil,140,19.0,BRA,24,2016,3,4,4,4,3.0,98.8105697632,0.8321123750321568,1.125508823857058,0,0,0,0,,,12
Brazil,140,19.0,BRA,24,2017,3,4,4,4,3.0,98.3587799072,-0.45722826726199983,-0.19422383635468954,0,0,0,0,,,12
Brazil,140,19.0,BRA,24,2017,3,4,4,4,3.0,99.0947723389,0.7482732425050376,1.123157350275195,0,0,0,0,,,12
Brazil,140,19.0,BRA,24,2018,3,4,4,4,3.0,98.2901229858,-0.8119997998967454,-0.5209548246537072,0,0,0,0,,,12
Brazil,140,19.0,BRA,24,2018,3,4,4,4,3.0,98.999168396,0.7213801231100714,0.657653565718364,0,0,0,0,,,12
Brazil,140,19.0,BRA,24,2019,3,4,3,4,3.0,98.3340301514,-0.6718624563990527,-0.7624821331857263,0,0,0,0,,,12
Brazil,140,19.0,BRA,24,2019,3,4,3,4,3.0,98.9487838745,0.6251688476039075,0.6746865143149265,0,0,0,0,,,12
Brazil,140,19.0,BRA,24,2020,3,4,3,2,3.0,98.4523010254,-0.5017574038400419,-0.5484510126351867,0,0,0,0,,,12
Brazil,140,19.0,BRA,24,2020,3,4,3,2,3.0,99.056602478,0.6138012482248545,0.7372126919887205,0,0,0,0,,,12
Brazil,140,19.0,BRA,24,2021,3,4,3,2,3.0,99.9400177002,0.8918287121711055,1.0038725565559186,0,0,0,0,,,12
Brazil,140,19.0,BRA,24,2021,3,4,3,2,3.0,100.2305374146,0.29069407939419367,1.796324039790154,0,0,0,0,,,12
Brazil,140,19.0,BRA,24,2022,3,4,3,4,3.0,99.7858428955,-0.44367168985688377,0.7388511017084158,0,0,0,0,,,12
Brazil,140,19.0,BRA,24,2022,3,4,3,4,3.0,100.1321411133,0.34704143168149404,0.1940638212188044,0,0,0,0,,,12
Brazil,140,19.0,BRA,24,2023,3,4,3,4,3.0,99.5378723145,-0.593484561692903,-0.6901148198682923,0,0,0,0,,,12
Brazil,140,19.0,BRA,24,2023,3,4,3,4,3.0,99.9747619629,0.4389180100410339,0.19247488002962543,0,0,0,0,,,12
Brazil,140,19.0,BRA,24,2024,3,4,3,4,3.0,99.0377426147,-0.9372558931900588,-1.0918224448419274,0,0,0,0,,,12
Brazil,140,19.0,BRA,24,2024,3,4,3,4,3.0,99.8387985229,0.8088390214187946,0.3105011382697702,0,0,0,0,,,12
Canada,20,66.0,CAN,32,1975,4,4,4,4,4.0,96.8867111206,,,0,0,0,0,,,13
Canada,20,66.0,CAN,32,1975,4,4,4,4,4.0,95.7508544922,-1.1723554399386438,-1.1723554399386438,0,0,0,0,,,13
Canada,20,66.0,CAN,32,1976,4,4,4,4,4.0,97.3175811768,1.6362534756571012,0.46389803571845745,0,0,0,0,,,13
Canada,20,66.0,CAN,32,1976,4,4,4,4,4.0,96.4122848511,-0.9302495137598288,-0.46635147804137134,0,0,0,0,,,13
Canada,20,66.0,CAN,32,1977,4,4,4,4,4.0,97.3369216919,0.959044630285466,1.6650485921827385,0,0,0,0,,,13
Canada,20,66.0,CAN,32,1977,4,4,4,4,4.0,96.920791626,-0.4275151285523249,-0.3987200120266876,0,0,0,0,,,13
Canada,20,66.0,CAN,32,1978,4,4,4,4,4.0,97.0537338257,0.13716582115115283,0.668695322884294,0,0,0,0,,,13
Canada,20,66.0,CAN,32,1978,4,4,4,4,4.0,96.5991973877,-0.46833482863863907,-0.7586841360398111,0,0,0,0,,,13
Canada,20,66.0,CAN,32,1979,4,4,4,4,4.0,97.6229705811,1.0598154240258228,0.7286464165383366,0,0,0,0,,,13
Canada,20,66.0,CAN,32,1979,4,4,4,4,4.0,97.8666915894,0.249655390375092,0.8411359857622758,0,0,0,0,,,13
Canada,20,66.0,CAN,32,1980,4,4,4,4,4.0,97.4079818726,-0.4687087193307016,0.8407620950702133,0,0,0,0,,,13
Canada,20,66.0,CAN,32,1980,4,4,4,4,4.0,97.7273864746,0.32790393134081164,0.10885060238520206,0,0,0,0,,,13
Canada,20,66.0,CAN,32,1981,4,4,4,4,4.0,96.8747177124,-0.8724972527753172,-1.0133020407652071,0,0,0,0,,,13
Canada,20,66.0,CAN,32,1981,4,4,4,4,4.0,97.0316925049,0.16203896765512038,-0.3825543537793852,0,0,0,0,,,13
Canada,20,66.0,CAN,32,1982,4,4,4,4,4.0,97.0733718872,0.04295440100450243,-0.6675038841156944,0,0,0,0,,,13
Canada,20,66.0,CAN,32,1982,4,4,4,4,4.0,97.2436065674,0.1753670207292446,0.3803603893888674,0,0,0,0,,,13
Canada,20,66.0,CAN,32,1983,4,4,4,4,4.0,96.8707122803,-0.38346406541548417,-0.16514264368173714,0,0,0,0,,,13
Canada,20,66.0,CAN,32,1983,4,4,4,4,4.0,97.0002441406,0.133716225731062,-0.07438081895517756,0,0,0,0,,,13
Canada,20,66.0,CAN,32,1984,4,4,4,4,4.0,96.5118637085,-0.5034837143214843,-0.7532315540059065,0,0,0,0,,,13
Canada,20,66.0,CAN,32,1984,4,4,4,4,4.0,96.5625305176,0.052498011283907964,-0.31726947730651434,0,0,0,0,,,13
Canada,20,66.0,CAN,32,1985,4,4,4,4,4.0,96.2389144897,-0.3351362336564079,-0.7861219366939842,0,0,0,0,,,13
Canada,20,66.0,CAN,32,1985,4,4,4,4,4.0,96.32787323,0.09243531140359362,-0.1902029109689063,0,0,0,0,,,13
Canada,20,66.0,CAN,32,1986,4,4,4,4,4.0,94.7527389526,-1.6351801660139276,-1.8778810882667418,0,0,0,0,,,13
Canada,20,66.0,CAN,32,1986,4,4,4,4,4.0,94.2377471924,-0.5435112123330033,-2.086256066943337,0,0,0,0,,,13
Canada,20,66.0,CAN,32,1987,4,4,4,4,4.0,94.6191329956,0.40470598519439793,-1.773985393152533,0,0,0,0,,,13
Canada,20,66.0,CAN,32,1987,4,4,4,4,4.0,94.2099456787,-0.43245726730452017,-0.5712624944431255,0,0,0,0,,,13
Canada,20,66.0,CAN,32,1988,4,4,4,4,4.0,94.6036148071,0.41786366138305553,0.3901123792729333,0,0,0,0,,,13
Canada,20,66.0,CAN,32,1988,4,4,4,4,4.0,93.9197311401,-0.7228938010397035,-0.7374874069611681,0,0,0,0,,,13
Canada,20,66.0,CAN,32,1989,4,4,4,4,4.0,94.7504272461,0.8844745357723172,0.5794443961156692,0,0,0,0,,,13
Canada,20,66.0,CAN,32,1989,4,4,4,4,4.0,94.2703094482,-0.5067183461378688,-0.3451376114052551,0,0,0,0,,,13
Canada,20,66.0,CAN,32,1990,4,4,4,4,4.0,94.8626480103,0.6283405300854472,1.0060967197198956,0,0,0,0,,,13
Canada,20,66.0,CAN,32,1990,4,4,4,4,4.0,94.6684417725,-0.20472361026535602,-0.08310142631777762,0,0,0,0,,,13
Canada,20,66.0,CAN,32,1991,4,4,4,4,4.0,94.2168197632,-0.477056557437916,-0.053439637617824776,0,0,0,0,,,13
Canada,20,66.0,CAN,32,1991,4,4,4,4,4.0,93.7687149048,-0.47561025677392843,-1.1573904244772004,0,0,0,0,,,13
Canada,20,66.0,CAN,32,1992,4,4,4,4,4.0,94.4967880249,0.7764563275066472,-0.17621048670519723,0,0,0,0,,,13
Canada,20,66.0,CAN,32,1992,4,4,4,4,4.0,93.8970794678,-0.6346338004017404,-0.3337877296690217,0,0,0,0,,,13
Canada,20,66.0,CAN,32,1993,4,4,4,4,4.0,94.4477539063,0.5864659919362358,0.7282885190411426,0,0,0,0,,,13
Canada,20,66.0,CAN,32,1993,4,4,4,4,4.0,93.759185791,-0.7290465752982533,-0.777214383763758,0,0,0,0,,,13
Canada,20,66.0,CAN,32,1994,4,4,4,4,4.0,94.5379867554,0.8306396411505101,0.6880590577884926,0,0,0,0,,,13
Canada,20,66.0,CAN,32,1994,4,4,4,4,4.0,93.7226409912,-0.8624530648294493,-0.7608599989771925,0,0,0,0,,,13
Canada,20,66.0,CAN,32,1995,4,4,4,4,4.0,94.7566070557,1.103219087260987,1.071405663582048,0,0,0,0,,,13
Canada,20,66.0,CAN,32,1995,4,4,4,4,4.0,94.021484375,-0.7758009742453997,-0.535034951813862,0,0,0,0,,,13
Canada,20,66.0,CAN,32,1996,4,4,4,4,4.0,94.8633041382,0.8953483012908325,1.2227664143064199,0,0,0,0,,,13
Canada,20,66.0,CAN,32,1996,4,4,4,4,4.0,94.3860778809,-0.5030672941823244,-0.3835199671368916,0,0,0,0,,,13
Canada,20,66.0,CAN,32,1997,4,4,4,4,4.0,94.7268676758,0.36105938773089985,0.753340394839408,0,0,0,0,,,13
Canada,20,66.0,CAN,32,1997,4,4,4,4,4.0,94.2344589233,-0.5198195238390602,-0.6618274302904847,0,0,0,0,,,13
Canada,20,66.0,CAN,32,1998,3,4,4,4,4.0,93.436340332,-0.8469498317485002,-1.0057099678566606,0,0,0,0,,,13
Canada,20,66.0,CAN,32,1998,3,4,4,4,4.0,92.8189468384,-0.6607637792814591,-2.0275331348690195,0,0,0,0,,,13
Canada,20,66.0,CAN,32,1999,4,4,4,4,4.0,94.0077438354,1.280769753905675,-0.22694385712428433,0,0,0,0,,,13
Canada,20,66.0,CAN,32,1999,4,4,4,4,4.0,93.5561599731,-0.4803687907782406,0.13963718384597534,0,0,0,0,,,13
Canada,20,66.0,CAN,32,2000,4,4,4,4,4.0,95.500617981,2.0783858684015,2.8787868315289344,0,0,0,0,,,13
Canada,20,66.0,CAN,32,2000,4,4,4,4,4.0,95.5104141235,0.010257674460234512,1.608274752083494,0,0,0,0,,,13
Canada,20,66.0,CAN,32,2001,4,4,4,4,4.0,95.2194595337,-0.3046312723801736,1.7840122704815609,0,0,0,0,,,13
Canada,20,66.0,CAN,32,2001,4,4,4,4,4.0,95.1715393066,-0.05032608600665789,-0.344699683926597,0,0,0,0,,,13
Canada,20,66.0,CAN,32,2002,4,4,4,4,4.0,94.9600143433,-0.22225653261586098,-0.5772138910026925,0,0,0,0,,,13
Canada,20,66.0,CAN,32,2002,4,4,4,4,4.0,95.0915985107,0.13856797338329674,-0.13401464523922213,0,0,0,0,,,13
Canada,20,66.0,CAN,32,2003,4,4,4,4,4.0,95.978012085,0.9321681286073469,0.8484795693747826,0,0,0,0,,,13
Canada,20,66.0,CAN,32,2003,4,4,4,4,4.0,95.8887786865,-0.09297275132242877,0.9777633506682148,0,0,0,0,,,13
Canada,20,66.0,CAN,32,2004,4,4,4,4,4.0,96.962348938,1.1195994632593465,1.9587948405442646,0,0,0,0,,,13
Canada,20,66.0,CAN,32,2004,4,4,4,4,4.0,96.9999313354,0.03875978440253114,1.0653864963394488,0,0,0,0,,,13
Canada,20,66.0,CAN,32,2005,4,4,4,4,4.0,98.4703140259,1.5158595168648148,2.6742187645266924,0,0,0,0,,,13
Canada,20,66.0,CAN,32,2005,4,4,4,4,4.0,98.269569397,-0.20386309405614478,1.3507562072112012,0,0,0,0,,,13
Canada,20,66.0,CAN,32,2006,4,4,4,4,4.0,99.4313201904,1.182208083874503,2.494204506683173,0,0,0,0,,,13
Canada,20,66.0,CAN,32,2006,4,4,4,4,4.0,99.4085083008,-0.022942358158706266,0.955402631659652,0,0,0,0,,,13
Canada,20,66.0,CAN,32,2007,4,4,4,4,4.0,99.739074707,0.3325333131443342,1.491799038860131,0,0,0,0,,,13
Canada,20,66.0,CAN,32,2007,4,4,4,4,4.0,99.7334518433,-0.0056375735553171324,0.3039533814303108,0,0,0,0,,,13
Canada,20,66.0,CAN,32,2008,4,4,4,4,4.0,100.9396591187,1.2094309914141732,1.5363267310031903,0,0,0,0,,,13
Canada,20,66.0,CAN,32,2008,4,4,4,4,4.0,100.6659469604,-0.27116413973433673,0.9326292781245193,0,0,0,0,,,13
Canada,20,66.0,CAN,32,2009,4,4,4,4,4.0,97.1508483887,-3.491844737806693,-2.5535778861268565,0,0,0,0,,,13
Canada,20,66.0,CAN,32,2009,4,4,4,4,4.0,98.1004257202,0.977425670747345,-2.7855832067936848,0,0,0,0,,,13
Canada,20,66.0,CAN,32,2010,4,4,4,4,4.0,98.9789962769,0.8955828175566172,-1.6188362495027309,0,0,0,0,,,13
Canada,20,66.0,CAN,32,2010,4,4,4,4,4.0,99.420135498,0.4456897298350748,2.318698218139037,0,0,0,0,,,13
Canada,20,66.0,CAN,32,2011,4,4,4,4,4.0,100.5723648071,1.1589496466972493,2.5002221940889413,0,0,0,0,,,13
Canada,20,66.0,CAN,32,2011,4,4,4,4,4.0,100.5448226929,-0.02738536997994867,1.5772540065523755,0,0,0,0,,,13
Canada,20,66.0,CAN,32,2012,4,4,4,4,4.0,100.0,-0.5418704596696022,0.5896938170476984,0,0,0,0,,,13
Canada,20,66.0,CAN,32,2012,4,4,4,4,4.0,100.0,0.0,-0.5692558296495509,0,0,0,0,,,13
Canada,20,66.0,CAN,32,2013,4,4,4,4,4.0,100.1699371338,0.1699371338000022,-0.37193332586960004,0,0,0,0,,,13
Canada,20,66.0,CAN,32,2013,4,4,4,4,4.0,100.2384262085,0.06837288378100936,0.23831001758101156,0,0,0,0,,,13
Canada,20,66.0,CAN,32,2014,4,4,4,4,4.0,99.6690292358,-0.5680426102417369,-0.3297325926607253,0,0,0,0,,,13
Canada,20,66.0,CAN,32,2014,4,4,4,4,4.0,100.0015258789,0.3336007640983185,-0.16606896236240898,0,0,0,0,,,13
Canada,20,66.0,CAN,32,2015,4,4,4,4,4.0,95.5208282471,-4.480629262823488,-4.715071108966907,0,0,0,0,,,13
Canada,20,66.0,CAN,32,2015,4,4,4,4,4.0,97.5132369995,2.0858369729017667,-2.0611915258234035,0,0,0,0,,,13
Canada,20,66.0,CAN,32,2016,4,4,4,4,4.0,94.8248062134,-2.7569906084789153,-5.151782898400636,0,0,0,0,,,13
Canada,20,66.0,CAN,32,2016,4,4,4,4,4.0,97.0134277344,2.3080685407092627,1.6369149051321137,0,0,0,0,,,13
Canada,20,66.0,CAN,32,2017,4,4,4,4,4.0,96.28490448,-0.7509509471147924,-1.1998730148844454,0,0,0,0,,,13
Canada,20,66.0,CAN,32,2017,4,4,4,4,4.0,98.0803222656,1.864692908297938,3.421810501892408,0,0,0,0,,,13
Canada,20,66.0,CAN,32,2018,4,4,4,4,4.0,97.8072280884,-0.27843931472867345,0.8353026464544717,0,0,0,0,,,13
Canada,20,66.0,CAN,32,2018,4,4,4,4,4.0,99.1597290039,1.3828230713967216,2.9690766649659857,0,0,0,0,,,13
Canada,20,66.0,CAN,32,2019,4,4,4,4,4.0,96.6854705811,-2.495225075395957,-1.3908413187279094,0,0,0,0,,,13
Canada,20,66.0,CAN,32,2019,4,4,4,4,4.0,97.9984893799,1.3580311404686407,0.24562913646940476,0,0,0,0,,,13
Canada,20,66.0,CAN,32,2020,4,4,4,2,4.0,94.9230880737,-3.1382129721182928,-4.2754069070456096,0,0,0,0,,,13
Canada,20,66.0,CAN,32,2020,4,4,4,2,4.0,97.0385971069,2.2286559320083166,0.4484741003586641,0,0,0,0,,,13
Canada,20,66.0,CAN,32,2021,4,4,4,2,4.0,98.8080673218,1.8234705237450077,0.9139134836350311,0,0,0,0,,,13
Canada,20,66.0,CAN,32,2021,4,4,4,2,4.0,100.4841308594,1.6962820780021648,5.748408533755489,0,0,0,0,,,13
Canada,20,66.0,CAN,32,2022,4,4,4,4,4.0,100.6656951904,0.18068955709440448,3.7004421588415766,0,0,0,0,,,13
Canada,20,66.0,CAN,32,2022,4,4,4,4,4.0,102.1722640991,1.4966060740458476,3.3735777091424164,0,0,0,0,,,13
Canada,20,66.0,CAN,32,2023,4,4,4,4,4.0,98.4873123169,-3.6066067583917394,-1.9293111272514878,0,0,0,0,,,13
Canada,20,66.0,CAN,32,2023,4,4,4,4,4.0,99.7161331177,1.2476945221594038,-0.8623061621864885,0,0,0,0,,,13
Canada,20,66.0,CAN,32,2024,4,4,4,4,4.0,97.9230804443,-1.7981570457446083,-4.157069281976945,0,0,0,0,,,13
Canada,20,66.0,CAN,32,2024,4,4,4,4,4.0,99.101852417,1.2037733773811343,0.6533108537959293,0,0,0,0,,,13
Chile,155,72.0,CHL,36,1975,2,2,4,2,1.0,91.6287307739,,,0,0,0,0,,,14
Chile,155,72.0,CHL,36,1975,2,2,4,2,1.0,91.0787277222,-0.6002517409710362,-0.6002517409710362,0,0,0,0,,,14
Chile,155,72.0,CHL,36,1976,2,2,4,2,1.0,93.100692749,2.2200189631186085,1.6197672221475723,0,0,0,0,,,14
Chile,155,72.0,CHL,36,1976,2,2,4,2,1.0,93.1794204712,0.08456190805394836,1.7043291302015207,0,0,0,0,,,14
Chile,155,72.0,CHL,36,1977,2,2,4,2,2.0,91.7987365723,-1.481747677671752,0.8228331935008049,0,0,0,0,,,14
Chile,155,72.0,CHL,36,1977,2,2,4,2,2.0,92.4835205078,0.745962266006428,-0.6512235036113756,0,0,0,0,,,14
Chile,155,72.0,CHL,36,1978,2,2,4,2,2.0,90.6718139648,-1.9589506682406221,-2.694736079905946,0,0,0,0,,,14
Chile,155,72.0,CHL,36,1978,2,2,4,2,2.0,91.1184997559,0.4926401839423056,-0.7203482182918886,0,0,0,0,,,14
Chile,155,72.0,CHL,36,1979,2,2,4,2,2.0,92.4443588257,1.4550931735617612,-0.011217310736555408,0,0,0,0,,,14
Chile,155,72.0,CHL,36,1979,2,2,4,2,2.0,93.0511703491,0.6564073039265983,2.604140661430665,0,0,0,0,,,14
Chile,155,72.0,CHL,36,1980,2,2,4,2,2.0,91.7864074707,-1.359212220174122,0.7522882573142375,0,0,0,0,,,14
Chile,155,72.0,CHL,36,1980,2,2,4,2,2.0,92.1484375,0.39442662511393056,-0.30837829113359305,0,0,0,0,,,14
Chile,155,72.0,CHL,36,1981,2,2,4,2,2.0,89.2969818115,-3.0944156687409907,-4.059201263801182,0,0,0,0,,,14
Chile,155,72.0,CHL,36,1981,2,2,4,2,2.0,88.6924972534,-0.676937278099754,-3.376926321726814,0,0,0,0,,,14
Chile,155,72.0,CHL,36,1982,2,2,4,2,2.0,88.6350326538,-0.06479082377828238,-3.836143770619027,0,0,0,0,,,14
Chile,155,72.0,CHL,36,1982,2,2,4,2,2.0,87.6065216064,-1.160388862739259,-1.9021169646172953,0,0,0,0,,,14
Chile,155,72.0,CHL,36,1983,2,2,4,2,2.0,89.0027542114,1.5937541856450244,0.3685744991274831,0,0,0,0,,,14
Chile,155,72.0,CHL,36,1983,2,2,4,2,2.0,88.2129745483,-0.8873654193038982,-0.45400009639813277,0,0,0,0,,,14
Chile,155,72.0,CHL,36,1984,2,2,3,2,2.0,87.7278747559,-0.5499188695132218,0.15646989682790435,0,0,0,0,,,14
Chile,155,72.0,CHL,36,1984,2,2,3,2,2.0,86.251083374,-1.6833775878067558,-3.120661876623876,0,0,0,0,,,14
Chile,155,72.0,CHL,36,1985,2,2,4,2,2.0,87.7252655029,1.7091752024814388,-0.5241212548385388,0,0,0,0,,,14
Chile,155,72.0,CHL,36,1985,2,2,4,2,2.0,86.5915374756,-1.2923620359547527,-1.2665644212800697,0,0,0,0,,,14
Chile,155,72.0,CHL,36,1986,2,2,4,2,2.0,86.8719177246,0.3237963629863838,0.7406095295130699,0,0,0,0,,,14
Chile,155,72.0,CHL,36,1986,2,2,4,2,2.0,85.5688171387,-1.5000251174736023,-2.4685907904419713,0,0,0,0,,,14
Chile,155,72.0,CHL,36,1987,2,2,4,2,2.0,88.2048873901,3.0806435563169643,1.9044148018297458,0,0,0,0,,,14
Chile,155,72.0,CHL,36,1987,2,2,4,2,2.0,87.3281326294,-0.9939979366703433,0.5866205021730186,0,0,0,0,,,14
Chile,155,72.0,CHL,36,1988,2,3,4,2,2.0,90.3908996582,3.5071940010416247,5.593839620688246,0,0,0,0,,,14
Chile,155,72.0,CHL,36,1988,2,3,4,2,2.0,89.8732376099,-0.5726926607185656,1.9405034036527158,0,0,0,0,,,14
Chile,155,72.0,CHL,36,1989,3,3,4,3,2.0,90.799118042,1.0302070524251583,3.9647083927482174,0,0,0,0,,,14
Chile,155,72.0,CHL,36,1989,3,3,4,3,2.0,90.3512649536,-0.4932350644560768,-0.035720672749484095,0,0,0,0,,,14
Chile,155,72.0,CHL,36,1990,3,3,4,3,3.0,90.0539169312,-0.32910222402828815,0.20786976394079337,0,0,0,0,,,14
Chile,155,72.0,CHL,36,1990,3,3,4,3,3.0,89.7202987671,-0.3704649119869896,-1.1928022004713545,0,0,0,0,,,14
Chile,155,72.0,CHL,36,1991,3,3,4,4,3.0,87.5297698975,-2.441508666044767,-3.141075802060045,0,0,0,0,,,14
Chile,155,72.0,CHL,36,1991,3,3,4,4,3.0,87.5480117798,0.02084077488306857,-2.791132803148688,0,0,0,0,,,14
Chile,155,72.0,CHL,36,1992,3,3,4,4,3.0,87.7301940918,0.20809417403815367,-2.212573717123545,0,0,0,0,,,14
Chile,155,72.0,CHL,36,1992,3,3,4,4,3.0,87.7565155029,0.030002681941465603,0.25893763086268784,0,0,0,0,,,14
Chile,155,72.0,CHL,36,1993,3,3,4,4,3.0,86.0814361572,-1.9087806028996734,-1.6706837469200542,0,0,0,0,,,14
Chile,155,72.0,CHL,36,1993,3,3,4,4,3.0,85.9623565674,-0.13833364673719872,-2.0171115676954066,0,0,0,0,,,14
Chile,155,72.0,CHL,36,1994,3,3,4,4,3.0,87.2917022705,1.5464277111315816,-0.5006865385052905,0,0,0,0,,,14
Chile,155,72.0,CHL,36,1994,3,3,4,4,3.0,87.6661071777,0.428912367913048,1.8370064323074309,0,0,0,0,,,14
Chile,155,72.0,CHL,36,1995,3,4,4,4,3.0,88.6936569214,1.1721174542598911,3.1474575333045207,0,0,0,0,,,14
Chile,155,72.0,CHL,36,1995,3,4,4,4,3.0,89.7805328369,1.2254268830782067,2.826456705251146,0,0,0,0,,,14
Chile,155,72.0,CHL,36,1996,3,4,4,4,3.0,86.7581710815,-3.3663887480937293,-0.9688444107556315,0,0,0,0,,,14
Chile,155,72.0,CHL,36,1996,3,4,4,4,3.0,86.9806060791,0.2563850699331294,-1.8845767950823933,0,0,0,0,,,14
Chile,155,72.0,CHL,36,1997,3,4,3,4,3.0,86.8811569214,-0.11433486403803483,-3.224338542198635,0,0,0,0,,,14
Chile,155,72.0,CHL,36,1997,3,4,3,4,3.0,87.2107925415,0.3794097958412346,0.5214600017363291,0,0,0,0,,,14
Chile,155,72.0,CHL,36,1998,3,4,3,4,3.0,84.8674240112,-2.687016666182551,-2.4219417343793515,0,0,0,0,,,14
Chile,155,72.0,CHL,36,1998,3,4,3,4,3.0,84.38256073,-0.5713184850950848,-2.8789253554364014,0,0,0,0,,,14
Chile,155,72.0,CHL,36,1999,3,4,3,4,3.0,84.3647537231,-0.021102709784992513,-3.2794378610626285,0,0,0,0,,,14
Chile,155,72.0,CHL,36,1999,3,4,3,4,3.0,83.7466125488,-0.7327007393737484,-1.3251219342538256,0,0,0,0,,,14
Chile,155,72.0,CHL,36,2000,3,3,4,4,3.0,85.4064178467,1.9819372358885756,1.2281337867298348,0,0,0,0,,,14
Chile,155,72.0,CHL,36,2000,3,3,4,4,3.0,85.3827972412,-0.027656710228030068,1.2215797862867972,0,0,0,0,,,14
Chile,155,72.0,CHL,36,2001,3,3,4,4,3.0,84.4004745483,-1.1504925168064117,0.8037880088541338,0,0,0,0,,,14
Chile,155,72.0,CHL,36,2001,3,3,4,4,3.0,84.1640472412,-0.2801255660768831,-1.458274793111325,0,0,0,0,,,14
Chile,155,72.0,CHL,36,2002,3,3,4,4,4.0,84.5028076172,0.402500102008152,-1.0281179808751428,0,0,0,0,,,14
Chile,155,72.0,CHL,36,2002,3,3,4,4,4.0,84.355140686,-0.174747958516297,-0.052373422585028084,0,0,0,0,,,14
Chile,155,72.0,CHL,36,2003,3,4,4,4,4.0,85.3588638306,1.1898778621402872,1.4176300056321423,0,0,0,0,,,14
Chile,155,72.0,CHL,36,2003,3,4,4,4,4.0,85.4142990112,0.06494367205966967,1.08007357568366,0,0,0,0,,,14
Chile,155,72.0,CHL,36,2004,3,4,4,4,4.0,89.2470626831,4.487262339292197,5.742083873492154,0,0,0,0,,,14
Chile,155,72.0,CHL,36,2004,3,4,4,4,4.0,89.9545898438,0.7927736100540317,5.344979621405899,0,0,0,0,,,14
Chile,155,72.0,CHL,36,2005,3,4,3,4,4.0,92.0189361572,2.2948760224293263,7.574911971775555,0,0,0,0,,,14
Chile,155,72.0,CHL,36,2005,3,4,3,4,4.0,92.6595306396,0.6961550623728607,3.7838046948562187,0,0,0,0,,,14
Chile,155,72.0,CHL,36,2006,3,4,3,4,3.0,100.8166885376,8.803366304247028,11.794397389049216,0,0,0,0,,,14
Chile,155,72.0,CHL,36,2006,3,4,3,4,3.0,99.9816818237,-0.8282425519149816,8.671278814704909,0,0,0,0,,,14
Chile,155,72.0,CHL,36,2007,3,4,3,4,3.0,100.8592681885,0.8777471520707847,8.852870904402831,0,0,0,0,,,14
Chile,155,72.0,CHL,36,2007,3,4,3,4,3.0,99.9692840576,-0.8824019318052767,-0.8328973316494728,0,0,0,0,,,14
Chile,155,72.0,CHL,36,2008,3,4,4,4,3.0,99.30103302,-0.6684563602705862,-0.6731111400050773,0,0,0,0,,,14
Chile,155,72.0,CHL,36,2008,3,4,4,4,3.0,99.0783081055,-0.22429264603435195,-1.775150938110214,0,0,0,0,,,14
Chile,155,72.0,CHL,36,2009,3,4,4,4,3.0,93.2103881836,-5.922507190627191,-6.815256196932128,0,0,0,0,,,14
Chile,155,72.0,CHL,36,2009,3,4,4,4,3.0,95.7621765137,2.7376651678283404,-3.409134668833201,0,0,0,0,,,14
Chile,155,72.0,CHL,36,2010,4,4,4,4,3.0,100.7916564941,5.252052703376542,2.067210680577692,0,0,0,0,,,14
Chile,155,72.0,CHL,36,2010,4,4,4,4,3.0,100.7490234375,-0.042298200151613674,7.94741967105327,0,0,0,0,,,14
Chile,155,72.0,CHL,36,2011,4,4,4,4,4.0,102.986831665,2.221171135111022,7.430925638335951,0,0,0,0,,,14
Chile,155,72.0,CHL,36,2011,4,4,4,4,4.0,102.0612716675,-0.8987168383922217,1.2801560965671874,0,0,0,0,,,14
Chile,155,72.0,CHL,36,2012,4,4,4,4,4.0,100.0,-2.019641372111547,-0.6971870753927458,0,0,0,0,,,14
Chile,155,72.0,CHL,36,2012,4,4,4,4,4.0,100.0,0.0,-2.9183582105037678,0,0,0,0,,,14
Chile,155,72.0,CHL,36,2013,4,4,4,4,4.0,99.7920837402,-0.2079162598000006,-2.2275576319115467,0,0,0,0,,,14
Chile,155,72.0,CHL,36,2013,4,4,4,4,4.0,100.152885437,0.361553425158756,0.15363716535875627,0,0,0,0,,,14
Chile,155,72.0,CHL,36,2014,4,4,4,4,4.0,98.6836166382,-1.4670259297963284,-1.3133887644375721,0,0,0,0,,,14
Chile,155,72.0,CHL,36,2014,4,4,4,4,4.0,99.4490356445,0.7756292608389392,-0.3298432437986323,0,0,0,0,,,14
Chile,155,72.0,CHL,36,2015,4,4,4,4,4.0,95.181350708,-4.291328627615531,-4.982725296572919,0,0,0,0,,,14
Chile,155,72.0,CHL,36,2015,4,4,4,4,4.0,96.5900192261,1.4799837443172592,-2.035715622459332,0,0,0,0,,,14
Chile,155,72.0,CHL,36,2016,4,4,4,4,4.0,94.897354126,-1.7524223658531124,-4.563767249151383,0,0,0,0,,,14
Chile,155,72.0,CHL,36,2016,4,4,4,4,4.0,96.2235183716,1.3974723087001761,1.1250336871643238,0,0,0,0,,,14
Chile,155,72.0,CHL,36,2017,4,4,4,4,4.0,98.3277587891,2.1868254799972675,1.8318754228443321,0,0,0,0,,,14
Chile,155,72.0,CHL,36,2017,4,4,4,4,4.0,99.0294799805,0.7136552282302144,4.297953016927659,0,0,0,0,,,14
Chile,155,72.0,CHL,36,2018,4,4,4,4,4.0,98.9778060913,-0.0521803095504314,2.8483003986770514,0,0,0,0,,,14
Chile,155,72.0,CHL,36,2018,4,4,4,4,4.0,99.7065429688,0.7362629121399067,1.3977378308196906,0,0,0,0,,,14
Chile,155,72.0,CHL,36,2019,4,3,4,3,4.0,97.525604248,-2.1873576756968216,-1.5032750731073454,0,0,0,0,,,14
Chile,155,72.0,CHL,36,2019,4,3,4,3,4.0,98.4124832153,0.9093806433075224,-0.5417141202493916,0,0,0,0,,,14
Chile,155,72.0,CHL,36,2020,4,4,4,2,4.0,98.3090896606,-0.10506142241508698,-1.3830384548043853,0,0,0,0,,,14
Chile,155,72.0,CHL,36,2020,4,4,4,2,4.0,99.1052627563,0.8098672243316285,1.6141864452240648,0,0,0,0,,,14
Chile,155,72.0,CHL,36,2021,4,4,4,2,4.0,103.7610015869,4.697771542212115,5.402577344128657,0,0,0,0,,,14
Chile,155,72.0,CHL,36,2021,4,4,4,2,4.0,103.7604446411,-0.0005367583113868868,5.507102008232357,0,0,0,0,,,14
Chile,155,72.0,CHL,36,2022,4,4,4,4,4.0,101.698348999,-1.9873619944793308,2.709872789421398,0,0,0,0,,,14
Chile,155,72.0,CHL,36,2022,4,4,4,4,4.0,101.9440002441,0.24154890174510335,-1.7463498510456135,0,0,0,0,,,14
Chile,155,72.0,CHL,36,2023,4,4,4,4,4.0,101.177192688,-0.7521850763790972,-2.4979981691133237,0,0,0,0,,,14
Chile,155,72.0,CHL,36,2023,4,4,4,4,4.0,101.4936141968,0.3127399568949585,-0.19789621773903443,0,0,0,0,,,14
Chile,155,72.0,CHL,36,2024,4,4,4,4,4.0,101.8133087158,0.3149897868255147,-0.12445533265862307,0,0,0,0,,,14
Chile,155,72.0,CHL,36,2024,4,4,4,4,4.0,101.8894729614,0.07480775014649943,0.7025374938669735,0,0,0,0,,,14
Cameroon,471,108.0,CMR,31,1975,2,1,3,3,1.0,96.2594909668,,,0,0,0,0,,,15
Cameroon,471,108.0,CMR,31,1975,2,1,3,3,1.0,94.0534210205,-2.2917947354000434,-2.2917947354000434,0,0,0,0,,,15
Cameroon,471,108.0,CMR,31,1976,2,1,3,3,1.0,102.0347213745,8.48592243365649,6.194127698256447,0,0,0,0,,,15
Cameroon,471,108.0,CMR,31,1976,2,1,3,3,1.0,96.3221664429,-5.598638242596943,0.5954894556595045,0,0,0,0,,,15
Cameroon,471,108.0,CMR,31,1977,2,1,3,3,1.0,106.9824829102,11.067355377247946,13.954639568307494,0,0,0,0,,,15
Cameroon,471,108.0,CMR,31,1977,2,1,3,3,1.0,97.9625167847,-8.431255173869234,-2.962538039218231,0,0,0,0,,,15
Cameroon,471,108.0,CMR,31,1978,2,1,3,3,1.0,103.5550994873,5.708900593980504,8.345000797359216,0,0,0,0,,,15
Cameroon,471,108.0,CMR,31,1978,2,1,3,3,1.0,96.551612854,-6.763053358042404,-9.485407937931134,0,0,0,0,,,15
Cameroon,471,108.0,CMR,31,1979,2,1,3,3,1.0,103.573348999,7.272520818080874,6.218368054018974,0,0,0,0,,,15
Cameroon,471,108.0,CMR,31,1979,2,1,3,3,1.0,99.6531906128,-3.7849103307819543,-3.275442870743484,0,0,0,0,,,15
Cameroon,471,108.0,CMR,31,1980,2,1,3,3,1.0,100.263633728,0.6125675569905731,4.100178044289493,0,0,0,0,,,15
Cameroon,471,108.0,CMR,31,1980,2,1,3,3,1.0,99.2193527222,-1.0415351678086715,-4.213877941600053,0,0,0,0,,,15
Cameroon,471,108.0,CMR,31,1981,2,1,3,3,1.0,96.670463562,-2.5689435480762857,-2.997911158894384,0,0,0,0,,,15
Cameroon,471,108.0,CMR,31,1981,2,1,3,3,1.0,97.2930145264,0.643992944133065,-2.966485771751892,0,0,0,0,,,15
Cameroon,471,108.0,CMR,31,1982,2,1,3,3,1.0,96.2494506836,-1.0725989403040148,-2.9975495442472355,0,0,0,0,,,15
Cameroon,471,108.0,CMR,31,1982,2,1,3,3,1.0,96.669960022,0.4368953125585495,0.008289316387599666,0,0,0,0,,,15
Cameroon,471,108.0,CMR,31,1983,2,1,3,2,1.0,96.4769897461,-0.1996176225334989,-0.8353212502789642,0,0,0,0,,,15
Cameroon,471,108.0,CMR,31,1983,2,1,3,2,1.0,96.8984909058,0.43689294287609926,0.6741706329011499,0,0,0,0,,,15
Cameroon,471,108.0,CMR,31,1984,2,1,3,2,1.0,96.7436141968,-0.15983397424689239,0.07744134609570796,0,0,0,0,,,15
Cameroon,471,108.0,CMR,31,1984,2,1,3,2,1.0,96.9669113159,0.23081329031782172,0.5078722589470286,0,0,0,0,,,15
Cameroon,471,108.0,CMR,31,1985,2,1,3,2,1.0,96.1318283081,-0.8612040916508801,-0.7902247755799507,0,0,0,0,,,15
Cameroon,471,108.0,CMR,31,1985,2,1,3,2,1.0,96.1324996948,0.0006984020920253187,-0.629692399241033,0,0,0,0,,,15
Cameroon,471,108.0,CMR,31,1986,2,1,3,2,1.0,94.2942657471,-1.9121878173729012,-2.772693506931756,0,0,0,0,,,15
Cameroon,471,108.0,CMR,31,1986,2,1,3,2,1.0,92.6098709106,-1.786317357852496,-3.697806773133372,0,0,0,0,,,15
Cameroon,471,108.0,CMR,31,1987,2,1,3,2,1.0,93.8402404785,1.3285512179233239,-2.3699539573020734,0,0,0,0,,,15
Cameroon,471,108.0,CMR,31,1987,2,1,3,2,1.0,93.216217041,-0.6649849087321691,-1.1227510486613412,0,0,0,0,,,15
Cameroon,471,108.0,CMR,31,1988,2,1,3,2,1.0,93.1348342896,-0.08730535735450573,0.576260951836649,0,0,0,0,,,15
Cameroon,471,108.0,CMR,31,1988,2,1,3,2,1.0,91.2347488403,-2.0401447683814355,-2.7924350344681104,0,0,0,0,,,15
Cameroon,471,108.0,CMR,31,1989,2,1,3,2,1.0,92.6008377075,1.4973339484840809,-0.6301161772518604,0,0,0,0,,,15
Cameroon,471,108.0,CMR,31,1989,2,1,3,2,1.0,91.3967132568,-1.3003386151899554,-1.84314943508731,0,0,0,0,,,15
Cameroon,471,108.0,CMR,31,1990,2,1,3,2,1.0,92.4185943604,1.1180720478741746,1.3150673811683,0,0,0,0,,,15
Cameroon,471,108.0,CMR,31,1990,2,1,3,2,1.0,92.1115112305,-0.3322741835939169,-0.5145407509096978,0,0,0,0,,,15
Cameroon,471,108.0,CMR,31,1991,2,2,3,2,1.0,91.3316802979,-0.8466161527287852,-0.06081828844852755,0,0,0,0,,,15
Cameroon,471,108.0,CMR,31,1991,2,2,3,2,1.0,90.7234725952,-0.6659328950438526,-1.8448232313665547,0,0,0,0,,,15
Cameroon,471,108.0,CMR,31,1992,2,2,3,2,2.0,90.9183044434,0.2147535170631487,-1.297795530709489,0,0,0,0,,,15
Cameroon,471,108.0,CMR,31,1992,2,2,3,2,2.0,90.3505783081,-0.6244354629968196,-1.0756148409775235,0,0,0,0,,,15
Cameroon,471,108.0,CMR,31,1993,2,2,3,2,2.0,91.0443344116,0.7678491012357069,0.358167155302036,0,0,0,0,,,15
Cameroon,471,108.0,CMR,31,1993,2,2,3,2,2.0,90.4746704102,-0.6256995617372696,-0.4822859234983823,0,0,0,0,,,15
Cameroon,471,108.0,CMR,31,1994,2,2,3,3,2.0,91.8929367065,1.5675838219357585,1.7097333614341959,0,0,0,0,,,15
Cameroon,471,108.0,CMR,31,1994,2,2,3,3,2.0,91.3841247559,-0.5537008271104704,0.3881834330880185,0,0,0,0,,,15
Cameroon,471,108.0,CMR,31,1995,2,2,4,3,2.0,92.0154266357,0.6908222642458828,1.7047052590711709,0,0,0,0,,,15
Cameroon,471,108.0,CMR,31,1995,2,2,4,3,2.0,91.5370407104,-0.5198975245683246,-0.38277608743291225,0,0,0,0,,,15
Cameroon,471,108.0,CMR,31,1996,2,2,4,3,2.0,91.8679733276,0.3615286387146588,0.532453378392217,0,0,0,0,,,15
Cameroon,471,108.0,CMR,31,1996,2,2,4,3,2.0,91.696647644,-0.18649119752436327,-0.3448600833780291,0,0,0,0,,,15
Cameroon,471,108.0,CMR,31,1997,2,2,4,3,2.0,92.279876709,0.6360418619275165,0.8110793031178121,0,0,0,0,,,15
Cameroon,471,108.0,CMR,31,1997,2,2,4,3,2.0,92.0272445679,-0.27376731537762655,0.17578334902552673,0,0,0,0,,,15
Cameroon,471,108.0,CMR,31,1998,2,2,4,3,2.0,89.535987854,-2.7070860652161466,-2.3448115186662566,0,0,0,0,,,15
Cameroon,471,108.0,CMR,31,1998,2,2,4,3,2.0,89.9495620728,0.4619083663592205,-2.5189450142345526,0,0,0,0,,,15
Cameroon,471,108.0,CMR,31,1999,2,2,4,3,1.0,90.6050186157,0.7286934230646969,-1.5164842757922292,0,0,0,0,,,15
Cameroon,471,108.0,CMR,31,1999,2,2,4,3,1.0,90.7457580566,0.15533294187259905,1.3459347312965164,0,0,0,0,,,15
Cameroon,471,108.0,CMR,31,2000,2,2,4,3,2.0,92.8994598389,2.3733360417317773,3.257362406669073,0,0,0,0,,,15
Cameroon,471,108.0,CMR,31,2000,2,2,4,3,2.0,92.3451156616,-0.5967141017410693,1.931954881863307,0,0,0,0,,,15
Cameroon,471,108.0,CMR,31,2001,2,2,4,3,2.0,91.7543792725,-0.6397050725073128,1.1369168674833952,0,0,0,0,,,15
Cameroon,471,108.0,CMR,31,2001,2,2,4,3,2.0,91.5970611572,-0.17145570222080186,-1.407874876469184,0,0,0,0,,,15
Cameroon,471,108.0,CMR,31,2002,2,2,4,3,2.0,92.7345733643,1.241865396912445,0.43070462218433025,0,0,0,0,,,15
Cameroon,471,108.0,CMR,31,2002,2,2,4,3,2.0,92.665725708,-0.07424162726187289,0.9961680674297702,0,0,0,0,,,15
Cameroon,471,108.0,CMR,31,2003,2,2,4,3,2.0,93.8451766968,1.2728017611566278,2.4404255308072,0,0,0,0,,,15
Cameroon,471,108.0,CMR,31,2003,2,2,4,3,2.0,93.4732818604,-0.39628550927187645,0.8022746246228785,0,0,0,0,,,15
Cameroon,471,108.0,CMR,31,2004,2,2,4,3,2.0,95.1735153198,1.8189512827197607,2.695467534604512,0,0,0,0,,,15
Cameroon,471,108.0,CMR,31,2004,2,2,4,3,2.0,94.3246307373,-0.8919336221296481,0.5307321513182361,0,0,0,0,,,15
Cameroon,471,108.0,CMR,31,2005,2,2,4,3,2.0,97.2403030396,3.091103860687583,4.0181215212776955,0,0,0,0,,,15
Cameroon,471,108.0,CMR,31,2005,2,2,4,3,2.0,96.0571594238,-1.2167214404074533,0.9824487981504815,0,0,0,0,,,15
Cameroon,471,108.0,CMR,31,2006,2,2,4,3,1.0,98.7277679443,2.780228497823245,4.654610918103375,0,0,0,0,,,15
Cameroon,471,108.0,CMR,31,2006,2,2,4,3,1.0,97.4642333984,-1.2798167852967723,0.2836902721190193,0,0,0,0,,,15
Cameroon,471,108.0,CMR,31,2007,2,2,4,3,1.0,99.6132278442,2.204905708349081,3.7053174208755535,0,0,0,0,,,15
Cameroon,471,108.0,CMR,31,2007,2,2,4,3,1.0,98.3237304688,-1.2945041570350924,-0.36941523398278386,0,0,0,0,,,15
Cameroon,471,108.0,CMR,31,2008,2,2,4,3,1.0,102.3137207031,4.058013477800371,4.968415029114359,0,0,0,0,,,15
Cameroon,471,108.0,CMR,31,2008,2,2,4,3,1.0,100.1092147827,-2.1546532618016867,0.6088560589635916,0,0,0,0,,,15
Cameroon,471,108.0,CMR,31,2009,2,2,4,3,1.0,98.8522415161,-1.2556019636438265,0.6477582523548575,0,0,0,0,,,15
Cameroon,471,108.0,CMR,31,2009,2,2,4,3,1.0,97.552444458,-1.3148888059238417,-4.725144031369355,0,0,0,0,,,15
Cameroon,471,108.0,CMR,31,2010,2,2,4,2,1.0,100.3300476074,2.847292207624652,0.2768014380569839,0,0,0,0,,,15
Cameroon,471,108.0,CMR,31,2010,2,2,4,2,1.0,99.5254898071,-0.8019111118618305,0.7304922898389798,0,0,0,0,,,15
Cameroon,471,108.0,CMR,31,2011,2,2,4,2,1.0,101.1633071899,1.645626046125881,3.6910071418887025,0,0,0,0,,,15
Cameroon,471,108.0,CMR,31,2011,2,2,4,2,1.0,101.3628234863,0.19722199870895185,1.0409369329730023,0,0,0,0,,,15
Cameroon,471,108.0,CMR,31,2012,2,2,4,2,1.0,100.0,-1.3445003201634331,0.49834772467139965,0,0,0,0,,,15
Cameroon,471,108.0,CMR,31,2012,2,2,4,2,1.0,100.0,0.0,-1.1472783214544813,0,0,0,0,,,15
Cameroon,471,108.0,CMR,31,2013,2,2,3,2,1.0,100.0155181885,0.015518188499985541,-1.3289821316634476,0,0,0,0,,,15
Cameroon,471,108.0,CMR,31,2013,2,2,3,2,1.0,99.869972229,-0.14552337690806327,-0.13000518840807773,0,0,0,0,,,15
Cameroon,471,108.0,CMR,31,2014,2,2,4,2,1.0,99.9802856445,0.11045704032746073,-0.019548148080617,0,0,0,0,,,15
Cameroon,471,108.0,CMR,31,2014,2,2,4,2,1.0,99.9435424805,-0.036750409106300896,-0.07181674568690344,0,0,0,0,,,15
Cameroon,471,108.0,CMR,31,2015,2,2,3,2,1.0,95.8913345337,-4.054497015243008,-3.9807903840218484,0,0,0,0,,,15
Cameroon,471,108.0,CMR,31,2015,2,2,3,2,1.0,96.5971679688,0.7360763498936773,-3.3551710744556313,0,0,0,0,,,15
Cameroon,471,108.0,CMR,31,2016,1,2,3,2,1.0,95.3379974365,-1.3035273795052538,-4.621948044854585,0,0,0,0,,,15
Cameroon,471,108.0,CMR,31,2016,1,2,3,2,1.0,96.2560195923,0.9629131935684487,0.3954621639568723,0,0,0,0,,,15
Cameroon,471,108.0,CMR,31,2017,1,2,3,2,1.0,95.8723983765,-0.3985425715969382,-0.7391567575337432,0,0,0,0,,,15
Cameroon,471,108.0,CMR,31,2017,1,2,3,2,1.0,96.9191589355,1.0918268205717174,1.656197442543228,0,0,0,0,,,15
Cameroon,471,108.0,CMR,31,2018,1,2,3,2,1.0,97.3913726807,0.48722435314803025,1.1805086021228095,0,0,0,0,,,15
Cameroon,471,108.0,CMR,31,2018,1,2,3,2,1.0,98.0860443115,0.713278406165907,2.2923295798856547,0,0,0,0,,,15
Cameroon,471,108.0,CMR,31,2019,1,2,3,2,1.0,96.6096572876,-1.505195804625703,-0.3046930453117658,0,0,0,0,,,15
Cameroon,471,108.0,CMR,31,2019,1,2,3,2,1.0,97.2608108521,0.6740046314019699,-0.11791276705782616,0,0,0,0,,,15
Cameroon,471,108.0,CMR,31,2020,1,2,3,2,1.0,94.8053359985,-2.5246292233096046,-3.3558203965333377,0,0,0,0,,,15
Cameroon,471,108.0,CMR,31,2020,1,2,3,2,1.0,95.7634735107,1.0106366926595278,-0.8399878992481069,0,0,0,0,,,15
Cameroon,471,108.0,CMR,31,2021,1,2,3,2,1.0,97.4464797974,1.7574616134949927,0.24346908284491597,0,0,0,0,,,15
Cameroon,471,108.0,CMR,31,2021,1,2,3,2,1.0,98.3776626587,0.955583888957312,3.7236821951118326,0,0,0,0,,,15
Cameroon,471,108.0,CMR,31,2022,1,2,3,2,1.0,98.2863845825,-0.09278333488839108,2.6202621675639137,0,0,0,0,,,15
Cameroon,471,108.0,CMR,31,2022,1,2,3,2,1.0,99.1533889771,0.8821205483168892,1.7449211023858102,0,0,0,0,,,15
Cameroon,471,108.0,CMR,31,2023,1,2,3,2,1.0,97.8415222168,-1.3230679998269879,-0.5337307863984897,0,0,0,0,,,15
Cameroon,471,108.0,CMR,31,2023,1,2,3,2,1.0,98.537109375,0.7109324777865744,0.2699850262764758,0,0,0,0,,,15
Cameroon,471,108.0,CMR,31,2024,1,2,3,2,1.0,99.4010543823,0.8767712111506176,0.2646356891102042,0,0,0,0,,,15
Cameroon,471,108.0,CMR,31,2024,1,2,3,2,1.0,99.9363861084,0.5385573919981734,2.1262610809353655,0,0,0,0,,,15
Colombia,100,15.0,COL,38,1975,3,2,4,2,2.0,99.3543930054,,,0,0,0,0,,,16
Colombia,100,15.0,COL,38,1975,3,2,4,2,2.0,96.488067627,-2.884950822702126,-2.884950822702126,0,0,0,0,,,16
Colombia,100,15.0,COL,38,1976,3,2,4,2,2.0,102.1101455688,5.826707985834689,2.9417571631325634,0,0,0,0,,,16
Colombia,100,15.0,COL,38,1976,3,2,4,2,2.0,98.1001358032,-3.9271413660830756,-0.9853842029505122,0,0,0,0,,,16
Colombia,100,15.0,COL,38,1977,3,2,4,2,2.0,103.9762573242,5.989921902644624,7.889488522396237,0,0,0,0,,,16
Colombia,100,15.0,COL,38,1977,3,2,4,2,2.0,99.1978530884,-4.595668625483274,-2.532888088921726,0,0,0,0,,,16
Colombia,100,15.0,COL,38,1978,3,2,4,2,2.0,101.4587173462,2.27914635993709,3.6733996370984396,0,0,0,0,,,16
Colombia,100,15.0,COL,38,1978,3,2,4,2,2.0,97.7610015869,-3.6445520464077674,-5.9610743119539515,0,0,0,0,,,16
Colombia,100,15.0,COL,38,1979,3,3,4,2,2.0,101.54637146,3.8720653549515704,2.506659668480893,0,0,0,0,,,16
Colombia,100,15.0,COL,38,1979,3,3,4,2,2.0,99.6389083862,-1.8784157881518881,-1.6509024796080851,0,0,0,0,,,16
Colombia,100,15.0,COL,38,1980,3,3,4,2,2.0,99.9261779785,0.28831065790739796,2.2819602247070803,0,0,0,0,,,16
Colombia,100,15.0,COL,38,1980,3,3,4,2,2.0,99.5477142334,-0.37874334109068153,-1.9688484713351717,0,0,0,0,,,16
Colombia,100,15.0,COL,38,1981,3,3,4,2,2.0,97.8067016602,-1.7489227016483921,-1.8393553848316757,0,0,0,0,,,16
Colombia,100,15.0,COL,38,1981,3,3,4,2,2.0,98.6025390625,0.8136839181684064,-1.3139821245706673,0,0,0,0,,,16
Colombia,100,15.0,COL,38,1982,3,3,4,3,2.0,98.1753311157,-0.43326262270914073,-1.3685014061891265,0,0,0,0,,,16
Colombia,100,15.0,COL,38,1982,3,3,4,3,2.0,98.6241607666,0.457171517324495,0.8375928127837606,0,0,0,0,,,16
Colombia,100,15.0,COL,38,1983,3,3,4,3,2.0,98.3863601685,-0.2411179940610686,-0.21720909944571432,0,0,0,0,,,16
Colombia,100,15.0,COL,38,1983,3,3,4,3,2.0,98.1464004517,-0.24389530864750153,-0.027841785384075113,0,0,0,0,,,16
Colombia,100,15.0,COL,38,1984,3,3,4,3,2.0,98.5101852417,0.37065525411603684,-0.11435804859253329,0,0,0,0,,,16
Colombia,100,15.0,COL,38,1984,3,3,4,3,2.0,97.8171844482,-0.70348136266285,-0.5767214171943147,0,0,0,0,,,16
Colombia,100,15.0,COL,38,1985,3,3,3,3,2.0,98.2813339233,0.47450708964722477,0.1416809811004116,0,0,0,0,,,16
Colombia,100,15.0,COL,38,1985,3,3,3,3,2.0,97.6740188599,-0.6179353079130423,-0.8469095809286675,0,0,0,0,,,16
Colombia,100,15.0,COL,38,1986,3,3,3,3,2.0,98.2130813599,0.5518995801464976,0.4084713618806801,0,0,0,0,,,16
Colombia,100,15.0,COL,38,1986,3,3,3,3,2.0,95.6225967407,-2.6376166833695147,-2.7036524111360594,0,0,0,0,,,16
Colombia,100,15.0,COL,38,1987,3,3,3,3,2.0,95.9362869263,0.3280502687566855,-1.7576668344663315,0,0,0,0,,,16
Colombia,100,15.0,COL,38,1987,3,3,3,3,2.0,94.8289108276,-1.1542828414348616,-3.463849256047691,0,0,0,0,,,16
Colombia,100,15.0,COL,38,1988,3,3,3,3,2.0,95.2339477539,0.42712388317562855,-0.3991086895025475,0,0,0,0,,,16
Colombia,100,15.0,COL,38,1988,3,3,3,3,2.0,93.9455795288,-1.3528455508631798,-2.080004509122413,0,0,0,0,,,16
Colombia,100,15.0,COL,38,1989,3,3,3,3,2.0,94.5875701904,0.6833644167400177,-0.24235725094753358,0,0,0,0,,,16
Colombia,100,15.0,COL,38,1989,3,3,3,3,2.0,94.1031188965,-0.5121722578609655,-1.1816533919841277,0,0,0,0,,,16
Colombia,100,15.0,COL,38,1990,3,3,3,3,2.0,94.2783432007,0.1862045660704581,0.35739672494951025,0,0,0,0,,,16
Colombia,100,15.0,COL,38,1990,3,3,3,3,2.0,94.2973632813,0.020174389954563665,-0.3057933018359438,0,0,0,0,,,16
Colombia,100,15.0,COL,38,1991,3,3,3,3,2.0,93.3510971069,-1.0034916581677655,-0.7971127021427438,0,0,0,0,,,16
Colombia,100,15.0,COL,38,1991,3,3,3,3,2.0,93.3371734619,-0.014915352289923689,-0.9982326205031256,0,0,0,0,,,16
Colombia,100,15.0,COL,38,1992,3,3,3,3,2.0,92.6211471558,-0.7671394788832719,-1.7855464893409612,0,0,0,0,,,16
Colombia,100,15.0,COL,38,1992,3,3,3,3,2.0,92.8004455566,0.19358257407284807,-0.5884722571003476,0,0,0,0,,,16
Colombia,100,15.0,COL,38,1993,3,3,3,2,2.0,92.5332107544,-0.2879671542492801,-0.861524059059704,0,0,0,0,,,16
Colombia,100,15.0,COL,38,1993,3,3,3,2,2.0,92.5675048828,0.03706142704915649,-0.05732315312727554,0,0,0,0,,,16
Colombia,100,15.0,COL,38,1994,3,3,3,3,2.0,93.8528137207,1.3885097578543837,1.13760403065426,0,0,0,0,,,16
Colombia,100,15.0,COL,38,1994,3,3,3,3,2.0,93.7950897217,-0.06150481451924206,1.3640663703842981,0,0,0,0,,,16
Colombia,100,15.0,COL,38,1995,3,3,3,2,2.0,94.0244827271,0.24456824560925572,1.5715731889443973,0,0,0,0,,,16
Colombia,100,15.0,COL,38,1995,3,3,3,2,2.0,94.0849914551,0.0643542258835117,0.24741765697352536,0,0,0,0,,,16
Colombia,100,15.0,COL,38,1996,3,3,3,2,2.0,93.6014328003,-0.5139593970529988,-0.20503692556023134,0,0,0,0,,,16
Colombia,100,15.0,COL,38,1996,3,3,3,2,2.0,93.8361587524,0.25077175111281047,-0.1988334200566766,0,0,0,0,,,16
Colombia,100,15.0,COL,38,1997,3,3,3,2,2.0,94.0307235718,0.20734525153931482,-0.05584239440087346,0,0,0,0,,,16
Colombia,100,15.0,COL,38,1997,3,3,3,2,2.0,94.250617981,0.2338537882589975,0.6919707909111228,0,0,0,0,,,16
Colombia,100,15.0,COL,38,1998,3,3,3,2,2.0,93.0487823486,-1.2751488087242913,-0.8339497689259789,0,0,0,0,,,16
Colombia,100,15.0,COL,38,1998,3,3,3,2,2.0,92.8624954224,-0.2002035077708908,-1.2414985282361846,0,0,0,0,,,16
Colombia,100,15.0,COL,38,1999,3,3,3,2,2.0,93.1050033569,0.26114733768127785,-1.2142049788139042,0,0,0,0,,,16
Colombia,100,15.0,COL,38,1999,3,3,3,2,2.0,93.1647644043,0.06418671955890076,0.1251305494692878,0,0,0,0,,,16
Colombia,100,15.0,COL,38,2000,3,3,3,2,2.0,93.7574996948,0.6362226044255959,0.9615566616657745,0,0,0,0,,,16
Colombia,100,15.0,COL,38,2000,3,3,3,2,2.0,94.027015686,0.28746072802423583,0.9878700520087325,0,0,0,0,,,16
Colombia,100,15.0,COL,38,2001,3,3,3,2,2.0,93.2782363892,-0.7963448497615988,0.1273384826882329,0,0,0,0,,,16
Colombia,100,15.0,COL,38,2001,3,3,3,2,2.0,93.4362640381,0.1694153481211158,-0.33946877361624717,0,0,0,0,,,16
Colombia,100,15.0,COL,38,2002,3,3,3,2,2.0,93.2596588135,-0.18901143621067318,-0.8159409378511562,0,0,0,0,,,16
Colombia,100,15.0,COL,38,2002,3,3,3,2,2.0,93.4396896362,0.1930425491476706,0.17344646105811323,0,0,0,0,,,16
Colombia,100,15.0,COL,38,2003,3,3,3,2,2.0,93.652053833,0.22727408195255538,0.2313051948895528,0,0,0,0,,,16
Colombia,100,15.0,COL,38,2003,3,3,3,2,2.0,93.8810195923,0.2444855717828709,0.6648022028830969,0,0,0,0,,,16
Colombia,100,15.0,COL,38,2004,3,3,3,3,2.0,95.2352600098,1.4425071472179418,1.914266800953368,0,0,0,0,,,16
Colombia,100,15.0,COL,38,2004,3,3,3,3,2.0,95.3549880981,0.1257182353339159,1.8127109543347286,0,0,0,0,,,16
Colombia,100,15.0,COL,38,2005,3,3,3,3,2.0,96.4230117798,1.1200501442056199,2.6882755267574776,0,0,0,0,,,16
Colombia,100,15.0,COL,38,2005,3,3,3,3,2.0,96.8022003174,0.3932552308840265,1.6390236104235623,0,0,0,0,,,16
Colombia,100,15.0,COL,38,2006,3,3,3,3,2.0,97.3466873169,0.5624737843920036,2.07577915948165,0,0,0,0,,,16
Colombia,100,15.0,COL,38,2006,3,3,3,3,2.0,97.718788147,0.38224293024853306,1.337971945524563,0,0,0,0,,,16
Colombia,100,15.0,COL,38,2007,3,3,3,3,2.0,98.1006851196,0.39081222745569466,1.3355289420962313,0,0,0,0,,,16
Colombia,100,15.0,COL,38,2007,3,3,3,3,2.0,98.3891067505,0.2940057253915995,1.0670608830958273,0,0,0,0,,,16
Colombia,100,15.0,COL,38,2008,3,3,3,3,2.0,100.2707901001,1.912491546825068,2.5973094996723622,0,0,0,0,,,16
Colombia,100,15.0,COL,38,2008,3,3,3,3,2.0,100.1390762329,-0.13135816230082087,2.0751391099158467,0,0,0,0,,,16
Colombia,100,15.0,COL,38,2009,3,3,4,3,2.0,97.1887130737,-2.946265603986742,-1.1651322194624947,0,0,0,0,,,16
Colombia,100,15.0,COL,38,2009,3,3,4,3,2.0,97.8437271118,0.6739610160320764,-2.4036627502554864,0,0,0,0,,,16
Colombia,100,15.0,COL,38,2010,3,3,3,3,2.0,99.1447067261,1.32965050770546,-0.9426540802492056,0,0,0,0,,,16
Colombia,100,15.0,COL,38,2010,3,3,3,3,2.0,99.3611450195,0.21830544518925965,2.221916968926796,0,0,0,0,,,16
Colombia,100,15.0,COL,38,2011,3,3,3,3,2.0,101.0090255737,1.658475809509441,3.2064317624041605,0,0,0,0,,,16
Colombia,100,15.0,COL,38,2011,3,3,3,3,2.0,100.9306716919,-0.07757116886829563,1.799210085830405,0,0,0,0,,,16
Colombia,100,15.0,COL,38,2012,3,3,3,3,2.0,100.0,-0.9220900607309512,0.6588145799101941,0,0,0,0,,,16
Colombia,100,15.0,COL,38,2012,3,3,3,3,2.0,100.0,0.0,-0.9996612295992469,0,0,0,0,,,16
Colombia,100,15.0,COL,38,2013,3,3,3,3,3.0,99.8194351196,-0.18056488040000263,-1.1026549411309539,0,0,0,0,,,16
Colombia,100,15.0,COL,38,2013,3,3,3,3,3.0,99.6726226807,-0.14707801013309485,-0.3276428905330975,0,0,0,0,,,16
Colombia,100,15.0,COL,38,2014,3,3,4,3,3.0,99.013885498,-0.6609008220946122,-0.9885437126277097,0,0,0,0,,,16
Colombia,100,15.0,COL,38,2014,3,3,4,3,3.0,99.6929626465,0.6858403193496843,-0.1221385128780228,0,0,0,0,,,16
Colombia,100,15.0,COL,38,2015,3,3,3,3,3.0,93.7841415405,-5.927019269105305,-5.902079771850232,0,0,0,0,,,16
Colombia,100,15.0,COL,38,2015,3,3,3,3,3.0,97.2216033936,3.6652911639816654,-1.5758877857739542,0,0,0,0,,,16
Colombia,100,15.0,COL,38,2016,3,3,3,3,3.0,93.422416687,-3.907759771476993,-6.169487876600632,0,0,0,0,,,16
Colombia,100,15.0,COL,38,2016,3,3,3,3,3.0,97.2740631104,4.122828931202305,3.8803603237069773,0,0,0,0,,,16
Colombia,100,15.0,COL,38,2017,3,4,3,3,3.0,95.2598876953,-2.070619187371703,-1.855550027646391,0,0,0,0,,,16
Colombia,100,15.0,COL,38,2017,3,4,3,3,3.0,98.3005599976,3.191975527019264,5.244185270849866,0,0,0,0,,,16
Colombia,100,15.0,COL,38,2018,3,4,3,3,3.0,96.9544830322,-1.3693482167679072,-0.24799187712034598,0,0,0,0,,,16
Colombia,100,15.0,COL,38,2018,3,4,3,3,3.0,98.8639602661,1.9694573929766923,3.792084703228049,0,0,0,0,,,16
Colombia,100,15.0,COL,38,2019,3,4,3,3,3.0,95.5407943726,-3.3613521899744203,-2.761243013765635,0,0,0,0,,,16
Colombia,100,15.0,COL,38,2019,3,4,3,3,3.0,97.9501724243,2.5218317133764323,1.1299369163787043,0,0,0,0,,,16
Colombia,100,15.0,COL,38,2020,3,4,3,2,3.0,92.9215774536,-5.133829626064534,-5.973350102662522,0,0,0,0,,,16
Colombia,100,15.0,COL,38,2020,3,4,3,2,3.0,96.7522354126,4.122463333032456,1.510465420344354,0,0,0,0,,,16
Colombia,100,15.0,COL,38,2021,3,4,3,2,3.0,97.4267654419,0.69717255257562,-0.3141937404564583,0,0,0,0,,,16
Colombia,100,15.0,COL,38,2021,3,4,3,2,3.0,99.5038452148,2.13193957890212,6.951575464510196,0,0,0,0,,,16
Colombia,100,15.0,COL,38,2022,3,4,3,3,3.0,100.6187362671,1.1204502196807464,3.9495623511584865,0,0,0,0,,,16
Colombia,100,15.0,COL,38,2022,3,4,3,3,3.0,101.4237976074,0.8001107648210715,4.052500563403938,0,0,0,0,,,16
Colombia,100,15.0,COL,38,2023,3,4,3,3,3.0,98.2539596558,-3.1253394433820025,-1.2047784588801846,0,0,0,0,,,16
Colombia,100,15.0,COL,38,2023,3,4,3,3,3.0,100.1132583618,1.8923397209775983,-0.4328889575833328,0,0,0,0,,,16
Colombia,100,15.0,COL,38,2024,3,4,3,3,3.0,97.7912750244,-2.3193564722552296,-3.552356194659634,0,0,0,0,,,16
Colombia,100,15.0,COL,38,2024,3,4,3,3,3.0,100.3268508911,2.5928446746065426,2.1658279233289113,0,0,0,0,,,16
Comoros,581,153.0,COM,39,1978,2,3,4,4,1.0,98.2119750977,,,0,0,0,0,,,17
Comoros,581,153.0,COM,39,1978,2,3,4,4,1.0,99.8750076294,1.693309324087644,1.693309324087644,0,0,0,0,,,17
Comoros,581,153.0,COM,39,1979,2,3,4,4,1.0,100.1457824707,0.2711137127565877,1.9644230368442317,0,0,0,0,,,17
Comoros,581,153.0,COM,39,1979,2,3,4,4,1.0,99.9553527832,-0.19015247851872363,1.774270558325508,0,0,0,0,,,17
Comoros,581,153.0,COM,39,1980,2,3,4,4,1.0,100.0897979736,0.1345052432475624,0.21546647748542647,0,0,0,0,,,17
Comoros,581,153.0,COM,39,1980,2,3,4,4,1.0,99.9610595703,-0.12862290253994324,-0.18427013781110446,0,0,0,0,,,17
Comoros,581,153.0,COM,39,1981,2,3,4,4,1.0,100.03565979,0.07462928066257479,0.08051162137019396,0,0,0,0,,,17
Comoros,581,153.0,COM,39,1981,2,3,4,4,1.0,99.916847229,-0.11877020779331726,-0.1727638296706857,0,0,0,0,,,17
Comoros,581,153.0,COM,39,1982,3,3,4,4,1.0,99.9808654785,0.06407152674992034,0.01993059961917787,0,0,0,0,,,17
Comoros,581,153.0,COM,39,1982,3,3,4,4,1.0,99.9113769531,-0.06950182424149132,-0.12420050528488824,0,0,0,0,,,17
Comoros,581,153.0,COM,39,1983,3,2,3,4,1.0,99.9348297119,0.023473561785669617,0.018043264294098638,0,0,0,0,,,17
Comoros,581,153.0,COM,39,1983,3,2,3,4,1.0,99.8910217285,-0.043836551807108215,-0.08986481426292992,0,0,0,0,,,17
Comoros,581,153.0,COM,39,1984,3,2,3,4,1.0,99.924911499,0.03392674327840073,0.01356375325696213,0,0,0,0,,,17
Comoros,581,153.0,COM,39,1984,3,2,3,4,1.0,99.8806991577,-0.04424556463125118,-0.054155373159958664,0,0,0,0,,,17
Comoros,581,153.0,COM,39,1985,2,2,3,4,1.0,99.9168624878,0.03620652478903974,0.02588770343618929,0,0,0,0,,,17
Comoros,581,153.0,COM,39,1985,2,2,3,4,1.0,99.8672790527,-0.04962469183422691,-0.057663731676438346,0,0,0,0,,,17
Comoros,581,153.0,COM,39,1986,2,2,3,4,1.0,99.9240112305,0.05680757334949327,0.0433894063043061,0,0,0,0,,,17
Comoros,581,153.0,COM,39,1986,2,2,3,4,1.0,99.769859314,-0.15426914372402845,-0.1470862622087621,0,0,0,0,,,17
Comoros,581,153.0,COM,39,1987,2,2,3,4,1.0,99.901802063,0.13224710339097,0.03478553301643483,0,0,0,0,,,17
Comoros,581,153.0,COM,39,1987,2,2,3,4,1.0,99.7911911011,-0.11071968634785989,-0.13274172668091833,0,0,0,0,,,17
Comoros,581,153.0,COM,39,1988,2,2,3,4,1.0,99.6103439331,-0.18122558314468407,-0.15969816610157395,0,0,0,0,,,17
Comoros,581,153.0,COM,39,1988,2,2,3,4,1.0,99.7256088257,0.11571578618121414,-0.17622948331132982,0,0,0,0,,,17
Comoros,581,153.0,COM,39,1989,2,2,3,4,1.0,99.7671585083,0.041664004952446376,-0.023845792011023548,0,0,0,0,,,17
Comoros,581,153.0,COM,39,1989,2,2,3,4,1.0,99.7285690308,-0.038679539516794925,0.11870025161686559,0,0,0,0,,,17
Comoros,581,153.0,COM,39,1990,3,3,3,4,1.0,99.9788742065,0.25098643060113,0.25397089603678147,0,0,0,0,,,17
Comoros,581,153.0,COM,39,1990,3,3,3,4,1.0,99.7628173828,-0.21610247706305152,-0.0037955859787164314,0,0,0,0,,,17
Comoros,581,153.0,COM,39,1991,3,4,3,4,1.0,99.9719085693,0.20958829349986274,0.24447224703794124,0,0,0,0,,,17
Comoros,581,153.0,COM,39,1991,3,4,3,4,1.0,99.7188873291,-0.2530923374585825,-0.2596065210217713,0,0,0,0,,,17
Comoros,581,153.0,COM,39,1992,3,3,3,4,1.0,99.9596252441,0.24141656756107022,0.19791252360235045,0,0,0,0,,,17
Comoros,581,153.0,COM,39,1992,3,3,3,4,1.0,99.7187576294,-0.240964903691665,-0.2526406735891773,0,0,0,0,,,17
Comoros,581,153.0,COM,39,1993,3,4,3,4,1.0,99.9585037231,0.2404222629718289,0.2408739268412341,0,0,0,0,,,17
Comoros,581,153.0,COM,39,1993,3,4,3,4,1.0,99.703956604,-0.2546527905270879,-0.255195431246924,0,0,0,0,,,17
Comoros,581,153.0,COM,39,1994,2,3,3,4,1.0,99.9729156494,0.26975764509349354,0.25552711753823454,0,0,0,0,,,17
Comoros,581,153.0,COM,39,1994,2,3,3,4,1.0,99.706451416,-0.2665364230592937,-0.25143156849288806,0,0,0,0,,,17
Comoros,581,153.0,COM,39,1995,2,4,3,4,1.0,99.935760498,0.22998419735476006,0.2332054193889599,0,0,0,0,,,17
Comoros,581,153.0,COM,39,1995,2,4,3,4,1.0,99.7027053833,-0.23320492438205775,-0.2697571500865914,0,0,0,0,,,17
Comoros,581,153.0,COM,39,1996,2,4,3,4,1.0,99.9247055054,0.2226620844906213,0.2194413574633236,0,0,0,0,,,17
Comoros,581,153.0,COM,39,1996,2,4,3,4,1.0,99.7061233521,-0.21874685764091684,-0.2292896975323533,0,0,0,0,,,17
Comoros,581,153.0,COM,39,1997,2,3,3,4,1.0,99.9115829468,0.20606517212031772,0.2099803989700222,0,0,0,0,,,17
Comoros,581,153.0,COM,39,1997,2,3,3,4,1.0,99.7078857422,-0.20387746704849663,-0.21655915256909575,0,0,0,0,,,17
Comoros,581,153.0,COM,39,1998,2,3,3,3,1.0,99.9214019775,0.21414177395362444,0.21632947902544553,0,0,0,0,,,17
Comoros,581,153.0,COM,39,1998,2,3,3,3,1.0,99.650680542,-0.270934384568533,-0.2606700776634052,0,0,0,0,,,17
Comoros,581,153.0,COM,39,1999,2,4,2,4,2.0,99.8953552246,0.24553237496143243,0.18873976434652384,0,0,0,0,,,17
Comoros,581,153.0,COM,39,1999,2,4,2,4,2.0,99.6874771118,-0.2080958742602279,-0.2334978838673285,0,0,0,0,,,17
Comoros,581,153.0,COM,39,2000,2,3,2,2,2.0,99.9207992554,0.234053614716645,0.2714901154178495,0,0,0,0,,,17
Comoros,581,153.0,COM,39,2000,2,3,2,2,2.0,99.7519989014,-0.16893415110555976,-0.14297641064914268,0,0,0,0,,,17
Comoros,581,153.0,COM,39,2001,3,4,2,4,2.0,99.9122467041,0.16064620705835697,0.2257656706694422,0,0,0,0,,,17
Comoros,581,153.0,COM,39,2001,3,4,2,4,2.0,99.7140197754,-0.19840103214480154,-0.20668897619200433,0,0,0,0,,,17
Comoros,581,153.0,COM,39,2002,4,3,2,4,2.0,99.9038238525,0.19034843598475515,0.15259361089831058,0,0,0,0,,,17
Comoros,581,153.0,COM,39,2002,4,3,2,4,2.0,99.7250366211,-0.17895934760611132,-0.1870119437661577,0,0,0,0,,,17
Comoros,581,153.0,COM,39,2003,4,3,2,4,2.0,99.9079208374,0.18338846742653736,0.1947775558051812,0,0,0,0,,,17
Comoros,581,153.0,COM,39,2003,4,3,2,4,2.0,99.7514419556,-0.1566230990380335,-0.15219397921760747,0,0,0,0,,,17
Comoros,581,153.0,COM,39,2004,3,3,3,4,2.0,99.9101791382,0.1591327197762782,0.18589808816478204,0,0,0,0,,,17
Comoros,581,153.0,COM,39,2004,3,3,3,4,2.0,99.7901916504,-0.12009535848596098,-0.1175857377477163,0,0,0,0,,,17
Comoros,581,153.0,COM,39,2005,2,2,3,4,2.0,99.9163970947,0.1264707905784368,0.165508151868754,0,0,0,0,,,17
Comoros,581,153.0,COM,39,2005,2,2,3,4,2.0,99.8639602661,-0.05248070399327398,-0.04610527190079816,0,0,0,0,,,17
Comoros,581,153.0,COM,39,2006,2,3,3,4,2.0,99.9687957764,0.10497832253062445,0.17896840911578726,0,0,0,0,,,17
Comoros,581,153.0,COM,39,2006,2,3,3,4,2.0,99.915222168,-0.053590330846664536,-0.00109271230931407,0,0,0,0,,,17
Comoros,581,153.0,COM,39,2007,2,3,3,3,2.0,99.9549179077,0.03972942144216951,0.09111741312612942,0,0,0,0,,,17
Comoros,581,153.0,COM,39,2007,2,3,3,3,2.0,99.9233169556,-0.03161520489584069,-0.04547611430033571,0,0,0,0,,,17
Comoros,581,153.0,COM,39,2008,3,3,3,3,2.0,99.9727859497,0.04950695754222245,0.057621174088551275,0,0,0,0,,,17
Comoros,581,153.0,COM,39,2008,3,3,3,3,2.0,99.9783630371,0.005578605564515726,0.02347035821089749,0,0,0,0,,,17
Comoros,581,153.0,COM,39,2009,3,3,3,4,2.0,99.9744033813,-0.003960512734668686,0.05112505037206949,0,0,0,0,,,17
Comoros,581,153.0,COM,39,2009,3,3,3,4,2.0,99.9152755737,-0.05914294619441263,-0.05752485336456559,0,0,0,0,,,17
Comoros,581,153.0,COM,39,2010,3,2,3,3,2.0,100.0238494873,0.10866598022833962,0.04556252129925831,0,0,0,0,,,17
Comoros,581,153.0,COM,39,2010,3,2,3,3,2.0,99.9915924072,-0.03224938878610972,0.01727364524781727,0,0,0,0,,,17
Comoros,581,153.0,COM,39,2011,3,3,3,4,2.0,100.0391540527,0.04756564462571333,0.12398223606794323,0,0,0,0,,,17
Comoros,581,153.0,COM,39,2011,3,3,3,4,2.0,100.0404586792,0.001304115885769619,0.01662037172537323,0,0,0,0,,,17
Comoros,581,153.0,COM,39,2012,3,3,3,4,2.0,100.0,-0.040442316772792974,0.008427443738689977,0,0,0,0,,,17
Comoros,581,153.0,COM,39,2012,3,3,3,4,2.0,100.0,0.0,-0.039138200887023356,0,0,0,0,,,17
Comoros,581,153.0,COM,39,2013,3,3,2,4,2.0,100.0157470703,0.015747070299987342,-0.024695246472805632,0,0,0,0,,,17
Comoros,581,153.0,COM,39,2013,3,3,2,4,2.0,100.024559021,0.00881056329440355,0.024557633594390893,0,0,0,0,,,17
Comoros,581,153.0,COM,39,2014,3,2,2,4,2.0,99.9864273071,-0.038122351423708345,-0.013564717829317452,0,0,0,0,,,17
Comoros,581,153.0,COM,39,2014,3,2,2,4,2.0,100.0072860718,0.020861596180377084,-0.00845019194892771,0,0,0,0,,,17
Comoros,581,153.0,COM,39,2015,3,2,2,4,2.0,99.915725708,-0.09155369313218475,-0.10881444837551602,0,0,0,0,,,17
Comoros,581,153.0,COM,39,2015,3,2,2,4,2.0,99.8845825195,-0.03116945633864221,-0.10186155329044988,0,0,0,0,,,17
Comoros,581,153.0,COM,39,2016,3,3,2,4,2.0,99.942817688,0.0583024597300863,-0.06442068974074067,0,0,0,0,,,17
Comoros,581,153.0,COM,39,2016,3,3,2,4,2.0,99.8964309692,-0.04641325897456472,-0.01928025558312063,0,0,0,0,,,17
Comoros,581,153.0,COM,39,2017,3,3,2,4,1.0,99.9544372559,0.05806642553414232,0.0699556262896639,0,0,0,0,,,17
Comoros,581,153.0,COM,39,2017,3,3,2,4,1.0,99.9376602173,-0.016784686163606732,-0.005131519604029133,0,0,0,0,,,17
Comoros,581,153.0,COM,39,2018,3,2,2,3,1.0,99.9554443359,0.017795212096549662,0.05907695146708525,0,0,0,0,,,17
Comoros,581,153.0,COM,39,2018,3,2,2,3,1.0,99.9666595459,0.011220209238738121,0.01223073517168105,0,0,0,0,,,17
Comoros,581,153.0,COM,39,2019,2,2,2,3,1.0,99.9700775146,0.003419108646363078,0.03243452998165086,0,0,0,0,,,17
Comoros,581,153.0,COM,39,2019,2,2,2,3,1.0,99.9444122314,-0.025672965189271757,-0.011033647304170557,0,0,0,0,,,17
Comoros,581,153.0,COM,39,2020,2,2,2,2,1.0,99.9816741943,0.03728268751406194,0.015028830971153262,0,0,0,0,,,17
Comoros,581,153.0,COM,39,2020,2,2,2,2,1.0,99.8944396973,-0.08725048635459531,-0.07564076402980513,0,0,0,0,,,17
Comoros,581,153.0,COM,39,2021,2,2,2,2,1.0,100.0076980591,0.11337804400644025,0.06341024516590688,0,0,0,0,,,17
Comoros,581,153.0,COM,39,2021,2,2,2,2,1.0,99.9850463867,-0.022649928795082097,0.0034776288567628377,0,0,0,0,,,17
Comoros,581,153.0,COM,39,2022,2,2,2,3,1.0,99.9861679077,0.0011216887329856817,0.09184980394434383,0,0,0,0,,,17
Comoros,581,153.0,COM,39,2022,2,2,2,3,1.0,100.0144805908,0.02831659987825308,0.006788359816156664,0,0,0,0,,,17
Comoros,581,153.0,COM,39,2023,2,2,2,3,1.0,99.9774398804,-0.03703534746288817,-0.0075970588516494075,0,0,0,0,,,17
Comoros,581,153.0,COM,39,2023,2,2,2,3,1.0,99.986946106,0.009508370699817803,0.0007896231151827138,0,0,0,0,,,17
Comoros,581,153.0,COM,39,2024,2,2,2,3,1.0,99.9858703613,-0.0010758851449077511,-0.028602861907978117,0,0,0,0,,,17
Comoros,581,153.0,COM,39,2024,2,2,2,3,1.0,99.9838867188,-0.0019839228211360194,0.0064485627337740326,0,0,0,0,,,17
Cape Verde,402,70.0,CPV,33,1975,2,1,4,3,2.0,102.1399993896,,,0,0,0,0,,,18
Cape Verde,402,70.0,CPV,33,1975,2,1,4,3,2.0,100.7981567383,-1.3137288616790865,-1.3137288616790865,0,0,0,0,,,18
Cape Verde,402,70.0,CPV,33,1976,2,1,4,3,2.0,102.4179763794,1.6069933156669824,0.2932644539878959,0,0,0,0,,,18
Cape Verde,402,70.0,CPV,33,1976,2,1,4,3,2.0,101.3154449463,-1.076501872108615,-0.7832374181207191,0,0,0,0,,,18
Cape Verde,402,70.0,CPV,33,1977,2,1,4,3,2.0,102.4917755127,1.161057494268003,1.6915489378263704,0,0,0,0,,,18
Cape Verde,402,70.0,CPV,33,1977,2,1,4,3,2.0,101.4917297363,-0.9757327077196343,-0.8911770855602463,0,0,0,0,,,18
Cape Verde,402,70.0,CPV,33,1978,1,1,4,3,2.0,102.3122940063,0.8085035816534081,0.9938283682017768,0,0,0,0,,,18
Cape Verde,402,70.0,CPV,33,1978,1,1,4,3,2.0,101.2075042725,-1.0798210953338216,-1.2470502214000478,0,0,0,0,,,18
Cape Verde,402,70.0,CPV,33,1979,1,1,4,2,2.0,102.1593399048,0.9404793045159954,0.6691617908355818,0,0,0,0,,,18
Cape Verde,402,70.0,CPV,33,1979,1,1,4,2,2.0,101.1162185669,-1.0210729032431698,-1.160414694060996,0,0,0,0,,,18
Cape Verde,402,70.0,CPV,33,1980,2,1,4,3,2.0,101.7382202148,0.6151353924380265,0.5345417937108521,0,0,0,0,,,18
Cape Verde,402,70.0,CPV,33,1980,2,1,4,3,2.0,101.1110076904,-0.6164964583376453,-1.0224339691427886,0,0,0,0,,,18
Cape Verde,402,70.0,CPV,33,1981,2,1,4,3,2.0,101.3981552124,0.28399234520462,0.2826312793050012,0,0,0,0,,,18
Cape Verde,402,70.0,CPV,33,1981,2,1,4,3,2.0,100.9117889404,-0.47965988235308954,-0.8121639954861148,0,0,0,0,,,18
Cape Verde,402,70.0,CPV,33,1982,2,1,4,3,2.0,101.3319168091,0.41633180137965464,0.22066426423118513,0,0,0,0,,,18
Cape Verde,402,70.0,CPV,33,1982,2,1,4,3,2.0,100.8764724731,-0.4494579302768087,-0.5127860112502436,0,0,0,0,,,18
Cape Verde,402,70.0,CPV,33,1983,2,1,4,3,2.0,101.2312088013,0.35165417614557715,0.3185280472484231,0,0,0,0,,,18
Cape Verde,402,70.0,CPV,33,1983,2,1,4,3,2.0,100.7569274902,-0.46851293856515763,-0.5663166926963892,0,0,0,0,,,18
Cape Verde,402,70.0,CPV,33,1984,2,1,4,3,2.0,101.0087738037,0.24995434038468378,0.1330955779651033,0,0,0,0,,,18
Cape Verde,402,70.0,CPV,33,1984,2,1,4,3,2.0,100.5878982544,-0.416672268606999,-0.6352308667874729,0,0,0,0,,,18
Cape Verde,402,70.0,CPV,33,1985,2,1,4,3,2.0,101.0990371704,0.5081515021889249,0.34143357396660967,0,0,0,0,,,18
Cape Verde,402,70.0,CPV,33,1985,2,1,4,3,2.0,100.6691589355,-0.42520507309624644,-0.33372583951432055,0,0,0,0,,,18
Cape Verde,402,70.0,CPV,33,1986,2,1,4,3,2.0,101.1055526733,0.4334929807843224,0.5164394098770009,0,0,0,0,,,18
Cape Verde,402,70.0,CPV,33,1986,2,1,4,3,2.0,100.7088088989,-0.39240552463224443,-0.38411761694416846,0,0,0,0,,,18
Cape Verde,402,70.0,CPV,33,1987,2,1,4,3,2.0,101.2375793457,0.5250488538006914,0.5661363099527694,0,0,0,0,,,18
Cape Verde,402,70.0,CPV,33,1987,2,1,4,3,2.0,100.8193054199,-0.4131607338927923,-0.2805174047243453,0,0,0,0,,,18
Cape Verde,402,70.0,CPV,33,1988,2,1,4,3,2.0,100.7980575562,-0.021075193497421818,0.09081292641047733,0,0,0,0,,,18
Cape Verde,402,70.0,CPV,33,1988,2,1,4,3,2.0,100.5827102661,-0.2136423015691058,-0.6478782289593199,0,0,0,0,,,18
Cape Verde,402,70.0,CPV,33,1989,2,1,4,3,2.0,100.2687988281,-0.31209284097586387,-0.5468103360423915,0,0,0,0,,,18
Cape Verde,402,70.0,CPV,33,1989,2,1,4,3,2.0,100.23072052,-0.037976228442981874,-0.5637113709879515,0,0,0,0,,,18
Cape Verde,402,70.0,CPV,33,1990,3,3,4,3,2.0,100.3126754761,0.08176630445715372,-0.26830276496169203,0,0,0,0,,,18
Cape Verde,402,70.0,CPV,33,1990,3,3,4,3,2.0,100.3020629883,-0.010579408583843986,0.033210667430327856,0,0,0,0,,,18
Cape Verde,402,70.0,CPV,33,1991,3,3,4,4,3.0,100.1080856323,-0.1933931867608929,-0.12220629088758317,0,0,0,0,,,18
Cape Verde,402,70.0,CPV,33,1991,3,3,4,4,3.0,100.1244125366,0.016309276315573662,-0.18766331902916322,0,0,0,0,,,18
Cape Verde,402,70.0,CPV,33,1992,3,4,4,4,3.0,100.1390609741,0.01463023565271282,-0.16245367479260642,0,0,0,0,,,18
Cape Verde,402,70.0,CPV,33,1992,3,4,4,4,3.0,100.2045135498,0.06536168310677937,0.09630119507506585,0,0,0,0,,,18
Cape Verde,402,70.0,CPV,33,1993,4,4,4,4,3.0,100.0219573975,-0.18218356222973187,-0.10219164347023968,0,0,0,0,,,18
Cape Verde,402,70.0,CPV,33,1993,4,4,4,4,3.0,100.0159835815,-0.005972504593432237,-0.12279438371638474,0,0,0,0,,,18
Cape Verde,402,70.0,CPV,33,1994,3,4,4,4,3.0,100.0388641357,0.022876897652412964,-0.16527916917075114,0,0,0,0,,,18
Cape Verde,402,70.0,CPV,33,1994,3,4,4,4,3.0,100.0155105591,-0.023344503960298635,-0.006440110901317908,0,0,0,0,,,18
Cape Verde,402,70.0,CPV,33,1995,3,4,4,4,3.0,100.0213851929,0.005873722752758326,0.005406116444872655,0,0,0,0,,,18
Cape Verde,402,70.0,CPV,33,1995,3,4,4,4,3.0,99.9273986816,-0.09396641640059267,-0.11143719760813298,0,0,0,0,,,18
Cape Verde,402,70.0,CPV,33,1996,3,4,4,4,3.0,99.9602737427,0.03289894616866906,-0.05519374747916528,0,0,0,0,,,18
Cape Verde,402,70.0,CPV,33,1996,3,4,4,4,3.0,99.7387313843,-0.2216304038644923,-0.2826978740964159,0,0,0,0,,,18
Cape Verde,402,70.0,CPV,33,1997,3,4,4,4,3.0,99.9962310791,0.2581742230185702,0.06944276532274696,0,0,0,0,,,18
Cape Verde,402,70.0,CPV,33,1997,3,4,4,4,3.0,99.7241363525,-0.2721049820215371,-0.2355611628674592,0,0,0,0,,,18
Cape Verde,402,70.0,CPV,33,1998,2,4,4,4,3.0,99.9633331299,0.23985845969574093,0.22592770069277401,0,0,0,0,,,18
Cape Verde,402,70.0,CPV,33,1998,2,4,4,4,3.0,99.7349777222,-0.22843916919341734,-0.2606856915192135,0,0,0,0,,,18
Cape Verde,402,70.0,CPV,33,1999,3,4,4,4,3.0,100.0127487183,0.27850910728000056,0.28992839778232415,0,0,0,0,,,18
Cape Verde,402,70.0,CPV,33,1999,3,4,4,4,3.0,99.6619873047,-0.3507167017156698,-0.3006467636290866,0,0,0,0,,,18
Cape Verde,402,70.0,CPV,33,2000,3,4,4,4,3.0,100.1309432983,0.4705465005089948,0.39833890607332556,0,0,0,0,,,18
Cape Verde,402,70.0,CPV,33,2000,3,4,4,4,3.0,99.7491455078,-0.3812985056603213,-0.2614687068669963,0,0,0,0,,,18
Cape Verde,402,70.0,CPV,33,2001,3,4,4,4,3.0,100.0783996582,0.33008217636736337,0.4193301712160369,0,0,0,0,,,18
Cape Verde,402,70.0,CPV,33,2001,3,4,4,4,3.0,99.5750274658,-0.5029778594773382,-0.5541941887702961,0,0,0,0,,,18
Cape Verde,402,70.0,CPV,33,2002,3,4,4,4,3.0,100.0512771606,0.47828226305390853,0.3053865799439337,0,0,0,0,,,18
Cape Verde,402,70.0,CPV,33,2002,3,4,4,4,3.0,99.5949249268,-0.45611834926151396,-0.4808139456849436,0,0,0,0,,,18
Cape Verde,402,70.0,CPV,33,2003,3,4,4,4,3.0,100.1251144409,0.532345914703658,0.5545098284960526,0,0,0,0,,,18
Cape Verde,402,70.0,CPV,33,2003,3,4,4,4,3.0,99.5601577759,-0.5642507058840729,-0.48802314044192885,0,0,0,0,,,18
Cape Verde,402,70.0,CPV,33,2004,3,4,4,4,3.0,100.166633606,0.6091551516673288,0.5772503604869139,0,0,0,0,,,18
Cape Verde,402,70.0,CPV,33,2004,3,4,4,4,3.0,99.6691894531,-0.4966166227135749,-0.45171217693031895,0,0,0,0,,,18
Cape Verde,402,70.0,CPV,33,2005,3,4,4,4,3.0,100.2332687378,0.5659515119920133,0.6784900409457673,0,0,0,0,,,18
Cape Verde,402,70.0,CPV,33,2005,3,4,4,4,3.0,99.8843231201,-0.348133531006356,-0.2787986417279176,0,0,0,0,,,18
Cape Verde,402,70.0,CPV,33,2006,3,4,4,4,3.0,100.3035964966,0.41975894054551155,0.6375769215311688,0,0,0,0,,,18
Cape Verde,402,70.0,CPV,33,2006,3,4,4,4,3.0,100.1683807373,-0.1348064915145719,-0.06318108197541639,0,0,0,0,,,18
Cape Verde,402,70.0,CPV,33,2007,4,4,4,4,3.0,100.2013702393,0.03293404740816186,0.3178864964391015,0,0,0,0,,,18
Cape Verde,402,70.0,CPV,33,2007,4,4,4,4,3.0,100.0125350952,-0.18845565050561452,-0.2903280946120246,0,0,0,0,,,18
Cape Verde,402,70.0,CPV,33,2008,4,4,4,4,3.0,100.2393341064,0.22677058529125826,0.0712489821938056,0,0,0,0,,,18
Cape Verde,402,70.0,CPV,33,2008,4,4,4,4,3.0,100.075668335,-0.16327499864101647,-0.12496006385537273,0,0,0,0,,,18
Cape Verde,402,70.0,CPV,33,2009,4,4,4,4,3.0,100.270111084,0.19429572865714562,0.2577913153073874,0,0,0,0,,,18
Cape Verde,402,70.0,CPV,33,2009,4,4,4,4,3.0,100.0549163818,-0.21461500328819882,-0.18359427327206967,0,0,0,0,,,18
Cape Verde,402,70.0,CPV,33,2010,4,4,4,4,3.0,100.5975875854,0.5423733517793572,0.522054077148304,0,0,0,0,,,18
Cape Verde,402,70.0,CPV,33,2010,4,4,4,4,3.0,100.35105896,-0.24506415244870405,0.08269419604245432,0,0,0,0,,,18
Cape Verde,402,70.0,CPV,33,2011,4,4,4,4,3.0,100.4994659424,0.14788780899577247,0.4451970083264256,0,0,0,0,,,18
Cape Verde,402,70.0,CPV,33,2011,4,4,4,4,3.0,100.3167877197,-0.1817703417495653,-0.2789466852024969,0,0,0,0,,,18
Cape Verde,402,70.0,CPV,33,2012,4,4,4,4,3.0,100.0,-0.3157873441732906,-0.3496698769270834,0,0,0,0,,,18
Cape Verde,402,70.0,CPV,33,2012,4,4,4,4,3.0,100.0,0.0,-0.4975576859228559,0,0,0,0,,,18
Cape Verde,402,70.0,CPV,33,2013,4,4,4,4,3.0,100.8918762207,0.8918762206999942,0.5760888765267036,0,0,0,0,,,18
Cape Verde,402,70.0,CPV,33,2013,4,4,4,4,3.0,100.442527771,-0.44537624487926974,0.4464999758207244,0,0,0,0,,,18
Cape Verde,402,70.0,CPV,33,2014,4,4,4,4,3.0,100.8037185669,0.3595994683880166,0.806099444208741,0,0,0,0,,,18
Cape Verde,402,70.0,CPV,33,2014,4,4,4,4,3.0,100.4415512085,-0.35927976025967867,-0.4450565367509318,0,0,0,0,,,18
Cape Verde,402,70.0,CPV,33,2015,4,4,4,4,3.0,100.0727310181,-0.3671988195745768,-0.36687911144623886,0,0,0,0,,,18
Cape Verde,402,70.0,CPV,33,2015,4,4,4,4,3.0,100.146736145,0.07395134133654224,-0.6525272384977132,0,0,0,0,,,18
Cape Verde,402,70.0,CPV,33,2016,4,4,4,4,3.0,101.1419754028,0.9937810218388021,0.7005335436007676,0,0,0,0,,,18
Cape Verde,402,70.0,CPV,33,2016,4,4,4,4,3.0,100.550453186,-0.5848434484735487,0.4828889147017956,0,0,0,0,,,18
Cape Verde,402,70.0,CPV,33,2017,4,4,4,4,3.0,101.3038482666,0.7492706961811146,1.158208269546368,0,0,0,0,,,18
Cape Verde,402,70.0,CPV,33,2017,4,4,4,4,3.0,100.6387634277,-0.6565247522973716,-0.4920975045898057,0,0,0,0,,,18
Cape Verde,402,70.0,CPV,33,2018,4,4,4,4,3.0,101.2722396851,0.6294555257081447,0.7222014695918877,0,0,0,0,,,18
Cape Verde,402,70.0,CPV,33,2018,4,4,4,4,3.0,100.6440811157,-0.6202672828735878,-0.6473365094628147,0,0,0,0,,,18
Cape Verde,402,70.0,CPV,33,2019,4,4,4,4,3.0,101.0285873413,0.3820455424079716,0.3912337852425285,0,0,0,0,,,18
Cape Verde,402,70.0,CPV,33,2019,4,4,4,4,3.0,100.5140151978,-0.5093332066117395,-0.7475549470773557,0,0,0,0,,,18
Cape Verde,402,70.0,CPV,33,2020,4,4,4,2,3.0,100.7641906738,0.2488961121567712,0.1216084479530033,0,0,0,0,,,18
Cape Verde,402,70.0,CPV,33,2020,4,4,4,2,3.0,100.3965606689,-0.36484191699620583,-0.6252790114511741,0,0,0,0,,,18
Cape Verde,402,70.0,CPV,33,2021,4,4,4,2,3.0,100.9920883179,0.5931753488687797,0.47722954402934503,0,0,0,0,,,18
Cape Verde,402,70.0,CPV,33,2021,4,4,4,2,3.0,100.5203704834,-0.4670839492051493,-0.23875051733257546,0,0,0,0,,,18
Cape Verde,402,70.0,CPV,33,2022,4,4,4,4,3.0,101.262802124,0.738588245377203,0.8646796450408334,0,0,0,0,,,18
Cape Verde,402,70.0,CPV,33,2022,4,4,4,4,3.0,100.6656112671,-0.5897435626645131,-0.31823926649245937,0,0,0,0,,,18
Cape Verde,402,70.0,CPV,33,2023,4,4,4,4,3.0,101.5016555786,0.8305163014226125,0.9793609841353024,0,0,0,0,,,18
Cape Verde,402,70.0,CPV,33,2023,4,4,4,4,3.0,100.72631073,-0.7638740907034758,-0.5231013519453764,0,0,0,0,,,18
Cape Verde,402,70.0,CPV,33,2024,4,4,4,4,3.0,101.4067153931,0.6754984454100166,0.7421406561291533,0,0,0,0,,,18
Cape Verde,402,70.0,CPV,33,2024,4,4,4,4,3.0,100.6544647217,-0.7418154394252197,-0.8301910847186789,0,0,0,0,,,18
Djibouti,522,113.0,DJI,51,1977,2,2,4,3,1.0,98.9236907959,,,0,0,0,0,,,19
Djibouti,522,113.0,DJI,51,1977,2,2,4,3,1.0,100.2624206543,1.353295502451557,1.353295502451557,0,0,0,0,,,19
Djibouti,522,113.0,DJI,51,1978,2,2,4,3,1.0,98.952331543,-1.306660165145146,0.04663533730641101,0,0,0,0,,,19
Djibouti,522,113.0,DJI,51,1978,2,2,4,3,1.0,100.2175216675,1.2785854610714242,1.3252207983778352,0,0,0,0,,,19
Djibouti,522,113.0,DJI,51,1979,2,2,4,3,1.0,99.0942230225,-1.120860530483736,-1.1489352345574577,0,0,0,0,,,19
Djibouti,522,113.0,DJI,51,1979,2,2,4,3,1.0,100.7491378784,1.6700417092167408,1.827766639804429,0,0,0,0,,,19
Djibouti,522,113.0,DJI,51,1980,2,2,4,3,1.0,98.882484436,-1.8527736134605788,-1.303592434727574,0,0,0,0,,,19
Djibouti,522,113.0,DJI,51,1980,2,2,4,3,1.0,100.6002731323,1.7372022012774213,1.5544702970335833,0,0,0,0,,,19
Djibouti,522,113.0,DJI,51,1981,2,2,4,3,1.0,98.7728500366,-1.8165190200793435,-1.932090432262501,0,0,0,0,,,19
Djibouti,522,113.0,DJI,51,1981,2,2,4,3,1.0,100.1011505127,1.3448032284254285,1.2654864096235063,0,0,0,0,,,19
Djibouti,522,113.0,DJI,51,1982,2,2,4,3,1.0,98.7108535767,-1.3888920645558467,-1.8606078562097617,0,0,0,0,,,19
Djibouti,522,113.0,DJI,51,1982,2,2,4,3,1.0,99.9194030762,1.2243329438549777,1.1802441077245596,0,0,0,0,,,19
Djibouti,522,113.0,DJI,51,1983,2,1,4,3,1.0,98.7689666748,-1.1513643656604566,-1.3159234863613256,0,0,0,0,,,19
Djibouti,522,113.0,DJI,51,1983,2,1,4,3,1.0,99.7388000488,0.9819211505909697,1.0548897287854908,0,0,0,0,,,19
Djibouti,522,113.0,DJI,51,1984,2,1,4,3,1.0,98.8320236206,-0.9091511305092337,-1.0785943455787206,0,0,0,0,,,19
Djibouti,522,113.0,DJI,51,1984,2,1,4,3,1.0,99.722984314,0.9014898822877981,0.9742599023695342,0,0,0,0,,,19
Djibouti,522,113.0,DJI,51,1985,2,1,4,3,1.0,98.7667999268,-0.9588405258603494,-0.966501774081785,0,0,0,0,,,19
Djibouti,522,113.0,DJI,51,1985,2,1,4,3,1.0,99.4816970825,0.7238233457293797,0.6664727021568284,0,0,0,0,,,19
Djibouti,522,113.0,DJI,51,1986,2,1,4,3,1.0,98.8232345581,-0.6618931358337687,-0.8969103159647385,0,0,0,0,,,19
Djibouti,522,113.0,DJI,51,1986,2,1,4,3,1.0,98.9726104736,0.15115465119914795,0.21308486109475888,0,0,0,0,,,19
Djibouti,522,113.0,DJI,51,1987,1,1,4,3,1.0,98.8856735229,-0.08783940353193076,-0.5985778881665516,0,0,0,0,,,19
Djibouti,522,113.0,DJI,51,1987,1,1,4,3,1.0,98.8938293457,0.008247729432819817,0.071562977100037,0,0,0,0,,,19
Djibouti,522,113.0,DJI,51,1988,1,1,4,3,1.0,98.8887405396,-0.005145726617805657,-0.0847374007169166,0,0,0,0,,,19
Djibouti,522,113.0,DJI,51,1988,1,1,4,3,1.0,98.6488952637,-0.24254053049037605,-0.2394385276753619,0,0,0,0,,,19
Djibouti,522,113.0,DJI,51,1989,1,1,3,3,1.0,98.8749694824,0.2291705528943755,-0.018515704213806217,0,0,0,0,,,19
Djibouti,522,113.0,DJI,51,1989,1,1,3,3,1.0,98.7061843872,-0.17070558512793932,-0.18407556272393988,0,0,0,0,,,19
Djibouti,522,113.0,DJI,51,1990,1,1,3,3,1.0,98.8755340576,0.1715694628977804,0.23003443066421658,0,0,0,0,,,19
Djibouti,522,113.0,DJI,51,1990,1,1,3,3,1.0,98.8965148926,0.02121944038022683,0.02208331815006792,0,0,0,0,,,19
Djibouti,522,113.0,DJI,51,1991,1,1,3,3,1.0,98.756652832,-0.1414226383527062,0.05136626492530105,0,0,0,0,,,19
Djibouti,522,113.0,DJI,51,1991,1,1,3,3,1.0,98.39503479,-0.36617081647670746,-0.4863740144491868,0,0,0,0,,,19
Djibouti,522,113.0,DJI,51,1992,1,1,3,3,1.0,98.7214889526,0.3317791017572569,-0.17581435307215676,0,0,0,0,,,19
Djibouti,522,113.0,DJI,51,1992,1,1,3,3,1.0,98.4092178345,-0.3163152434318861,-0.3507069581513367,0,0,0,0,,,19
Djibouti,522,113.0,DJI,51,1993,1,2,3,3,1.0,98.7142333984,0.3099461316855123,0.3254099900108831,0,0,0,0,,,19
Djibouti,522,113.0,DJI,51,1993,1,2,3,3,1.0,98.4770126343,-0.24031059750280193,-0.2466797092491757,0,0,0,0,,,19
Djibouti,522,113.0,DJI,51,1994,2,2,3,3,1.0,98.8947677612,0.4242158811735619,0.4938514153562723,0,0,0,0,,,19
Djibouti,522,113.0,DJI,51,1994,2,2,3,3,1.0,98.6605911255,-0.23679375663782087,-0.052888472967060896,0,0,0,0,,,19
Djibouti,522,113.0,DJI,51,1995,2,2,3,3,1.0,98.9012756348,0.2439520243638471,0.43137414889958814,0,0,0,0,,,19
Djibouti,522,113.0,DJI,51,1995,2,2,3,3,1.0,98.4843978882,-0.42150896833662577,-0.41435070061059953,0,0,0,0,,,19
Djibouti,522,113.0,DJI,51,1996,2,2,3,3,1.0,98.9637145996,0.4866930414136439,0.30913609744086523,0,0,0,0,,,19
Djibouti,522,113.0,DJI,51,1996,2,2,3,3,1.0,98.6705551147,-0.2962292655304011,-0.23104519245338295,0,0,0,0,,,19
Djibouti,522,113.0,DJI,51,1997,2,2,3,3,1.0,99.0821228027,0.41711297511357603,0.6075767509968188,0,0,0,0,,,19
Djibouti,522,113.0,DJI,51,1997,2,2,3,3,1.0,98.8480987549,-0.23619200031271825,-0.1153082907295433,0,0,0,0,,,19
Djibouti,522,113.0,DJI,51,1998,2,2,3,3,1.0,98.7711791992,-0.07781591823097234,0.10310505656988544,0,0,0,0,,,19
Djibouti,522,113.0,DJI,51,1998,2,2,3,3,1.0,98.2718811035,-0.5055099065822022,-0.8195178251258928,0,0,0,0,,,19
Djibouti,522,113.0,DJI,51,1999,2,2,3,3,1.0,98.8534469604,0.5917927390516775,0.008466914238502987,0,0,0,0,,,19
Djibouti,522,113.0,DJI,51,1999,2,2,3,3,1.0,98.3908920288,-0.4679198812210461,-0.3816370487515708,0,0,0,0,,,19
Djibouti,522,113.0,DJI,51,2000,2,2,3,3,1.0,98.9097824097,0.5273764371890532,0.6512492950196846,0,0,0,0,,,19
Djibouti,522,113.0,DJI,51,2000,2,2,3,3,1.0,98.7042160034,-0.20783222982788674,-0.1483756738598796,0,0,0,0,,,19
Djibouti,522,113.0,DJI,51,2001,2,2,3,3,1.0,98.8333358765,0.1308149523172819,0.4503591596784484,0,0,0,0,,,19
Djibouti,522,113.0,DJI,51,2001,2,2,3,3,1.0,98.7319335938,-0.10259927159265159,-0.17961654910325642,0,0,0,0,,,19
Djibouti,522,113.0,DJI,51,2002,2,2,3,3,1.0,98.8417358398,0.11121249427945568,0.139428175004086,0,0,0,0,,,19
Djibouti,522,113.0,DJI,51,2002,2,2,3,3,1.0,98.8871078491,0.04590369535146799,0.05451691803827208,0,0,0,0,,,19
Djibouti,522,113.0,DJI,51,2003,2,2,3,3,1.0,98.984336853,0.09832323547005473,0.2554394251009784,0,0,0,0,,,19
Djibouti,522,113.0,DJI,51,2003,2,2,3,3,1.0,99.069984436,0.0865263997547272,0.23075333057624992,0,0,0,0,,,19
Djibouti,522,113.0,DJI,51,2004,2,2,3,3,1.0,99.2238616943,0.15532177498160937,0.3401714102063913,0,0,0,0,,,19
Djibouti,522,113.0,DJI,51,2004,2,2,3,3,1.0,99.3170318604,0.09389895183382624,0.3357471265701628,0,0,0,0,,,19
Djibouti,522,113.0,DJI,51,2005,2,2,3,3,1.0,99.565284729,0.24996001587014316,0.49918074268557877,0,0,0,0,,,19
Djibouti,522,113.0,DJI,51,2005,2,2,3,3,1.0,99.6504821777,0.08556943208859469,0.4294283997925641,0,0,0,0,,,19
Djibouti,522,113.0,DJI,51,2006,2,2,3,3,1.0,99.9091796875,0.25960487510605645,0.5951343230647943,0,0,0,0,,,19
Djibouti,522,113.0,DJI,51,2006,2,2,3,3,1.0,99.8799972534,-0.029208961770355035,0.3159653454242961,0,0,0,0,,,19
Djibouti,522,113.0,DJI,51,2007,2,2,4,3,1.0,99.8552474976,-0.024779491870841053,0.20561642146486037,0,0,0,0,,,19
Djibouti,522,113.0,DJI,51,2007,2,2,4,3,1.0,99.9657363892,0.1106490588816067,0.05666060524041061,0,0,0,0,,,19
Djibouti,522,113.0,DJI,51,2008,3,3,4,3,1.0,100.3669052124,0.40130632523738274,0.4871758922481484,0,0,0,0,,,19
Djibouti,522,113.0,DJI,51,2008,3,3,4,3,1.0,100.2677536011,-0.09878914876390033,0.4131662353550891,0,0,0,0,,,19
Djibouti,522,113.0,DJI,51,2009,2,2,4,3,1.0,98.9310455322,-1.333138542444945,-1.0306213659714625,0,0,0,0,,,19
Djibouti,522,113.0,DJI,51,2009,2,2,4,3,1.0,99.6137237549,0.690054592092415,-0.7418730991164302,0,0,0,0,,,19
Djibouti,522,113.0,DJI,51,2010,2,3,4,3,1.0,100.1555557251,0.5439330543783205,-0.09915089597420934,0,0,0,0,,,19
Djibouti,522,113.0,DJI,51,2010,2,3,4,3,1.0,100.1328887939,-0.02263172625412979,1.2113559202166058,0,0,0,0,,,19
Djibouti,522,113.0,DJI,51,2011,2,1,4,3,1.0,100.8344726563,0.7006527733800283,1.221954101504219,0,0,0,0,,,19
Djibouti,522,113.0,DJI,51,2011,2,1,4,3,1.0,100.5545196533,-0.2776362047870462,0.4003848423388523,0,0,0,0,,,19
Djibouti,522,113.0,DJI,51,2012,2,1,3,3,1.0,100.0,-0.5514616898493752,-0.12844512125639307,0,0,0,0,,,19
Djibouti,522,113.0,DJI,51,2012,2,1,3,3,1.0,100.0,0.0,-0.8290978946364214,0,0,0,0,,,19
Djibouti,522,113.0,DJI,51,2013,2,1,3,3,1.0,100.0520019531,0.05200195310000044,-0.4994597367493747,0,0,0,0,,,19
Djibouti,522,113.0,DJI,51,2013,2,1,3,3,1.0,100.0527267456,0.000724415789643551,0.05272636888964399,0,0,0,0,,,19
Djibouti,522,113.0,DJI,51,2014,2,1,2,3,1.0,100.264831543,0.211993020379464,0.264719389269108,0,0,0,0,,,19
Djibouti,522,113.0,DJI,51,2014,2,1,2,3,1.0,100.3366775513,0.07165623997402726,0.2843736761431348,0,0,0,0,,,19
Djibouti,522,113.0,DJI,51,2015,2,2,2,3,1.0,98.6315383911,-1.6994176026291163,-1.415768342275625,0,0,0,0,,,19
Djibouti,522,113.0,DJI,51,2015,2,2,2,3,1.0,99.426612854,0.8061057100694491,-0.82165565258564,0,0,0,0,,,19
Djibouti,522,113.0,DJI,51,2016,1,2,2,3,1.0,98.4221801758,-1.0102251795250594,-1.9035370720847267,0,0,0,0,,,19
Djibouti,522,113.0,DJI,51,2016,1,2,2,3,1.0,99.264831543,0.8561600298782945,0.6520405604226842,0,0,0,0,,,19
Djibouti,522,113.0,DJI,51,2017,1,2,2,3,1.0,98.9474716187,-0.31971033382807157,-0.47377548347483645,0,0,0,0,,,19
Djibouti,522,113.0,DJI,51,2017,1,2,2,3,1.0,99.6612243652,0.7213451084940203,1.2577948045442433,0,0,0,0,,,19
Djibouti,522,113.0,DJI,51,2018,1,2,2,3,1.0,99.3842010498,-0.2779649930697903,0.12366978159615849,0,0,0,0,,,19
Djibouti,522,113.0,DJI,51,2018,1,2,2,3,1.0,99.7549362183,0.3730322974717426,0.8164124128959727,0,0,0,0,,,19
Djibouti,522,113.0,DJI,51,2019,1,2,2,3,1.0,99.1411056519,-0.6153385382921983,-0.520271233890246,0,0,0,0,,,19
Djibouti,522,113.0,DJI,51,2019,1,2,2,3,1.0,99.5491943359,0.4116241001314469,0.1693178593109912,0,0,0,0,,,19
Djibouti,522,113.0,DJI,51,2020,1,2,2,3,1.0,98.5621109009,-0.9915534139526727,-1.1952678521134241,0,0,0,0,,,19
Djibouti,522,113.0,DJI,51,2020,1,2,2,3,1.0,99.3071212769,0.7558790788775749,0.17594976505634907,0,0,0,0,,,19
Djibouti,522,113.0,DJI,51,2021,1,2,2,3,1.0,99.6226119995,0.31769194247439625,0.08201760739929842,0,0,0,0,,,19
Djibouti,522,113.0,DJI,51,2021,1,2,2,3,1.0,100.1299285889,0.5092383939928835,1.5828094153448546,0,0,0,0,,,19
Djibouti,522,113.0,DJI,51,2022,1,2,2,3,1.0,99.9533157349,-0.17638368117199876,0.650546655295281,0,0,0,0,,,19
Djibouti,522,113.0,DJI,51,2022,1,2,2,3,1.0,100.216835022,0.26364236660134654,0.5964970794222313,0,0,0,0,,,19
Djibouti,522,113.0,DJI,51,2023,1,2,2,3,1.0,99.121383667,-1.0930811721997724,-1.0058224867704246,0,0,0,0,,,19
Djibouti,522,113.0,DJI,51,2023,1,2,2,3,1.0,99.6710891724,0.5545781193357247,-0.2748606862627012,0,0,0,0,,,19
Djibouti,522,113.0,DJI,51,2024,1,2,2,3,1.0,99.3207778931,-0.3514672932830809,-0.8899703461471287,0,0,0,0,,,19
Djibouti,522,113.0,DJI,51,2024,1,2,2,3,1.0,99.9108734131,0.5941309890213908,0.7972418150740346,0,0,0,0,,,19
Dominica,54,,DOM,52,1979,4,4,4,4,,105.7728347778,,,0,0,0,0,,,20
Dominica,54,,DOM,52,1979,4,4,4,4,,100.4781723022,-5.005692138934026,-5.005692138934026,0,0,0,0,,,20
Dominica,54,,DOM,52,1980,3,4,4,4,,107.5323791504,7.02063611087953,2.0149439719455042,0,0,0,0,,,20
Dominica,54,,DOM,52,1980,3,4,4,4,,101.1692352295,-5.917421311770843,-3.9024773398253387,0,0,0,0,,,20
Dominica,54,,DOM,52,1981,3,4,4,4,,104.7386016846,3.528114497458623,4.63132929656731,0,0,0,0,,,20
Dominica,54,,DOM,52,1981,3,4,4,4,,100.2419281006,-4.293234310632532,-6.682541124944752,0,0,0,0,,,20
Dominica,54,,DOM,52,1982,4,4,4,4,,102.1649551392,1.9183859239719547,1.1532661107980458,0,0,0,0,,,20
Dominica,54,,DOM,52,1982,4,4,4,4,,99.5064468384,-2.602172434938954,-4.977020821599531,0,0,0,0,,,20
Dominica,54,,DOM,52,1983,4,4,4,4,,102.4379882813,2.9460819233761537,2.2622954124091543,0,0,0,0,,,20
Dominica,54,,DOM,52,1983,4,4,4,4,,99.623260498,-2.7477382468412137,-2.403828758404014,0,0,0,0,,,20
Dominica,54,,DOM,52,1984,4,4,4,4,,100.7302703857,1.1111962027404498,1.3095398792753898,0,0,0,0,,,20
Dominica,54,,DOM,52,1984,4,4,4,4,,99.1463851929,-1.5724024037017337,-3.2089444478024975,0,0,0,0,,,20
Dominica,54,,DOM,52,1985,4,4,4,4,,100.0952758789,0.9570602943857587,0.49585409342447484,0,0,0,0,,,20
Dominica,54,,DOM,52,1985,4,4,4,4,,98.8414230347,-1.2526593619832438,-1.8680014712992188,0,0,0,0,,,20
Dominica,54,,DOM,52,1986,4,4,4,4,,100.9699249268,2.1534512826193897,1.8578522150219046,0,0,0,0,,,20
Dominica,54,,DOM,52,1986,4,4,4,4,,98.9475784302,-2.0029196793660553,-1.1021277587299094,0,0,0,0,,,20
Dominica,54,,DOM,52,1987,4,4,4,3,,100.1947097778,1.260396027255739,1.4109276305090734,0,0,0,0,,,20
Dominica,54,,DOM,52,1987,4,4,4,3,,98.728477478,-1.463382950109482,-2.205906602219798,0,0,0,0,,,20
Dominica,54,,DOM,52,1988,4,4,4,3,,100.4108505249,1.7040403031383544,1.5010533802846115,0,0,0,0,,,20
Dominica,54,,DOM,52,1988,4,4,4,3,,98.8347396851,-1.5696618757443437,-1.3290045227154712,0,0,0,0,,,20
Dominica,54,,DOM,52,1989,4,4,4,4,,100.1887207031,1.3699444368588942,1.504322864252905,0,0,0,0,,,20
Dominica,54,,DOM,52,1989,4,4,4,4,,98.9091033936,-1.2772069555534338,-1.4769243944388832,0,0,0,0,,,20
Dominica,54,,DOM,52,1990,4,4,4,4,,99.8155136108,0.9164072730424078,1.0091447543478682,0,0,0,0,,,20
Dominica,54,,DOM,52,1990,4,4,4,4,,98.8076324463,-1.0097440047545314,-1.3705436872655574,0,0,0,0,,,20
Dominica,54,,DOM,52,1991,4,4,4,4,,98.9805221558,0.1749760673538603,0.08163933564173664,0,0,0,0,,,20
Dominica,54,,DOM,52,1991,4,4,4,4,,98.2384109497,-0.7497547900706003,-1.5845227274712714,0,0,0,0,,,20
Dominica,54,,DOM,52,1992,4,4,4,4,,98.7531585693,0.5239779579329307,-0.05080076478380935,0,0,0,0,,,20
Dominica,54,,DOM,52,1992,4,4,4,4,,98.1008300781,-0.6605646853738101,-0.8863415175114797,0,0,0,0,,,20
Dominica,54,,DOM,52,1993,3,4,3,4,,98.971572876,0.887599826838148,0.7510130993972686,0,0,0,0,,,20
Dominica,54,,DOM,52,1993,3,4,3,4,,98.2240142822,-0.7553265771946482,-0.5282914357303103,0,0,0,0,,,20
Dominica,54,,DOM,52,1994,4,4,4,4,,99.4358673096,1.2337645088687843,1.366037758512284,0,0,0,0,,,20
Dominica,54,,DOM,52,1994,4,4,4,4,,98.7813491821,-0.6582314261534106,-0.1797934944792745,0,0,0,0,,,20
Dominica,54,,DOM,52,1995,4,4,4,4,,99.4684753418,0.695603132969258,1.2711362156846318,0,0,0,0,,,20
Dominica,54,,DOM,52,1995,4,4,4,4,,98.8420791626,-0.6297434207647612,-0.5923717139489137,0,0,0,0,,,20
Dominica,54,,DOM,52,1996,4,3,4,4,,99.2548904419,0.4176473044652518,0.4835070166697486,0,0,0,0,,,20
Dominica,54,,DOM,52,1996,4,3,4,4,,98.6089630127,-0.6507764265561322,-0.8628725428556416,0,0,0,0,,,20
Dominica,54,,DOM,52,1997,4,4,4,4,,99.4279327393,0.8305226031983803,0.5973934811074999,0,0,0,0,,,20
Dominica,54,,DOM,52,1997,4,4,4,4,,98.7705459595,-0.6611691118266316,-0.4814229351843835,0,0,0,0,,,20
Dominica,54,,DOM,52,1998,4,4,4,4,,99.1246261597,0.3584876409868043,0.527841132358553,0,0,0,0,,,20
Dominica,54,,DOM,52,1998,4,4,4,4,,98.4189910889,-0.7118665644833322,-1.0145480353231595,0,0,0,0,,,20
Dominica,54,,DOM,52,1999,4,4,4,4,,98.7401351929,0.3263029832422326,-0.027075940254295272,0,0,0,0,,,20
Dominica,54,,DOM,52,1999,4,4,4,4,,97.8911590576,-0.859808560765507,-1.2453721420066066,0,0,0,0,,,20
Dominica,54,,DOM,52,2000,4,4,4,4,,98.9158706665,1.0467866748794297,0.5132810973561552,0,0,0,0,,,20
Dominica,54,,DOM,52,2000,4,4,4,4,,98.105140686,-0.8196156744486593,-0.6326375603347367,0,0,0,0,,,20
Dominica,54,,DOM,52,2001,4,4,4,4,,98.8867340088,0.7966894673762326,1.023860467807003,0,0,0,0,,,20
Dominica,54,,DOM,52,2001,4,4,4,4,,98.1210174561,-0.7743369829888991,-0.7972631900613258,0,0,0,0,,,20
Dominica,54,,DOM,52,2002,4,4,4,4,,98.8910827637,0.7848117840242752,0.8071642684116087,0,0,0,0,,,20
Dominica,54,,DOM,52,2002,4,4,4,4,,98.0858917236,-0.8142200667617283,-0.8037452657263522,0,0,0,0,,,20
Dominica,54,,DOM,52,2003,4,4,4,4,,98.9223251343,0.8527560855102534,0.8233478027728003,0,0,0,0,,,20
Dominica,54,,DOM,52,2003,4,4,4,4,,98.1818618774,-0.7485299763170028,-0.7099939575684777,0,0,0,0,,,20
Dominica,54,,DOM,52,2004,4,4,3,4,,99.035774231,0.8697251582642451,0.9739512674574957,0,0,0,0,,,20
Dominica,54,,DOM,52,2004,4,4,3,4,,98.2948608398,-0.7481270247575722,-0.6269318428103299,0,0,0,0,,,20
Dominica,54,,DOM,52,2005,4,4,3,4,,99.3471298218,1.0705228869645422,1.1921210204712152,0,0,0,0,,,20
Dominica,54,,DOM,52,2005,4,4,3,4,,98.8004150391,-0.5503075767570142,-0.22791171455004422,0,0,0,0,,,20
Dominica,54,,DOM,52,2006,3,4,4,4,,99.678237915,0.8884809598751264,1.4086962700826544,0,0,0,0,,,20
Dominica,54,,DOM,52,2006,3,4,4,4,,99.3696899414,-0.3095439687277657,0.028629414390346497,0,0,0,0,,,20
Dominica,54,,DOM,52,2007,4,4,4,4,,99.6519851685,0.2840858487799247,0.8630228399272855,0,0,0,0,,,20
Dominica,54,,DOM,52,2007,4,4,4,4,,99.0813522339,-0.5726257571639137,-0.5980838771117547,0,0,0,0,,,20
Dominica,54,,DOM,52,2008,4,4,4,4,,99.9353713989,0.8619373330552849,0.5733974246712958,0,0,0,0,,,20
Dominica,54,,DOM,52,2008,4,4,4,4,,99.4836349487,-0.45202858995425643,-0.1627170140628853,0,0,0,0,,,20
Dominica,54,,DOM,52,2009,3,4,4,4,,99.7334899902,0.25115190214837213,0.6610606452494006,0,0,0,0,,,20
Dominica,54,,DOM,52,2009,3,4,4,4,,99.6924209595,-0.04117877626065303,-0.24205546406653733,0,0,0,0,,,20
Dominica,54,,DOM,52,2010,4,4,4,4,,100.0481033325,0.35677975274017726,0.5667528786278964,0,0,0,0,,,20
Dominica,54,,DOM,52,2010,4,4,4,4,,100.0908813477,0.04275744744288712,0.35835842392241135,0,0,0,0,,,20
Dominica,54,,DOM,52,2011,4,4,4,4,,100.2206497192,0.12965054333891057,0.529187743521975,0,0,0,0,,,20
Dominica,54,,DOM,52,2011,4,4,4,4,,100.4867324829,0.26549694543540614,0.43790493621720383,0,0,0,0,,,20
Dominica,54,,DOM,52,2012,4,4,4,4,,100.0,-0.48437487305383886,-0.08922738427952215,0,0,0,0,,,20
Dominica,54,,DOM,52,2012,4,4,4,4,,100.0,0.0,-0.21887792761843272,0,0,0,0,,,20
Dominica,54,,DOM,52,2013,4,4,4,4,,99.9738006592,-0.026199340800003856,-0.5105742138538427,0,0,0,0,,,20
Dominica,54,,DOM,52,2013,4,4,4,4,,99.7988586426,-0.17498786226639584,-0.2011872030663997,0,0,0,0,,,20
Dominica,54,,DOM,52,2014,4,4,4,4,,99.9459609985,0.14739883591936564,-0.053788367147034055,0,0,0,0,,,20
Dominica,54,,DOM,52,2014,4,4,4,4,,99.9306106567,-0.015358641456486577,-0.042947667803516776,0,0,0,0,,,20
Dominica,54,,DOM,52,2015,3,4,3,4,,99.4287796021,-0.5021795136667229,-0.3701393192038438,0,0,0,0,,,20
Dominica,54,,DOM,52,2015,3,4,3,4,,99.3994522095,-0.02949587907782325,-0.5470340342010327,0,0,0,0,,,20
Dominica,54,,DOM,52,2016,4,4,4,4,,99.4269943237,0.027708517087154938,-0.5039668756573912,0,0,0,0,,,20
Dominica,54,,DOM,52,2016,4,4,4,4,,99.7720184326,0.347012510281397,0.3452251482907287,0,0,0,0,,,20
Dominica,54,,DOM,52,2017,3,3,4,4,,99.5349807739,-0.23757929570216163,0.13714173166639032,0,0,0,0,,,20
Dominica,54,,DOM,52,2017,3,3,4,4,,99.6107559204,0.07612916173873607,0.18556237631797146,0,0,0,0,,,20
Dominica,54,,DOM,52,2018,3,4,4,4,,99.717086792,0.10674637554701771,-0.054703758416407844,0,0,0,0,,,20
Dominica,54,,DOM,52,2018,3,4,4,4,,99.3732147217,-0.3448476899623909,-0.16197215267663712,0,0,0,0,,,20
Dominica,54,,DOM,52,2019,3,4,4,4,,99.5984115601,0.22661724191039845,-0.01148407250497474,0,0,0,0,,,20
Dominica,54,,DOM,52,2019,3,4,4,4,,99.2984542847,-0.30116672615707607,-0.4193971742090685,0,0,0,0,,,20
Dominica,54,,DOM,52,2020,3,4,4,2,,99.4897537231,0.19265097304688172,0.1181014888002041,0,0,0,0,,,20
Dominica,54,,DOM,52,2020,3,4,4,2,,99.3319091797,-0.15865406988472275,-0.2671698229949171,0,0,0,0,,,20
Dominica,54,,DOM,52,2021,3,4,4,2,,99.9398498535,0.612029587290186,0.646026490452345,0,0,0,0,,,20
Dominica,54,,DOM,52,2021,3,4,4,2,,99.8884048462,-0.05147597017145511,0.4018995472340081,0,0,0,0,,,20
Dominica,54,,DOM,52,2022,3,4,4,4,,100.0581283569,0.16991312551373206,0.7304667426324629,0,0,0,0,,,20
Dominica,54,,DOM,52,2022,3,4,4,4,,99.9125823975,-0.1454614050752978,-0.027024249733020866,0,0,0,0,,,20
Dominica,54,,DOM,52,2023,3,4,4,4,,100.0860290527,0.17359841076867166,0.1980501312071059,0,0,0,0,,,20
Dominica,54,,DOM,52,2023,3,4,4,4,,100.2451400757,0.1589742589509724,0.18711126464434624,0,0,0,0,,,20
Dominica,54,,DOM,52,2024,3,4,4,4,,100.1568145752,-0.08810950878346269,0.24446316093618137,0,0,0,0,,,20
Dominica,54,,DOM,52,2024,3,4,4,4,,100.5069732666,0.34961045125601053,0.42047520142352024,0,0,0,0,,,20
Ecuador,130,75.0,ECU,55,1975,2,2,4,3,1.0,94.5539398193,,,0,0,0,0,,,21
Ecuador,130,75.0,ECU,55,1975,2,2,4,3,1.0,88.8467712402,-6.035886595531448,-6.035886595531448,0,0,0,0,,,21
Ecuador,130,75.0,ECU,55,1976,2,2,4,3,1.0,97.652557373,9.911205561981863,3.875318966450415,0,0,0,0,,,21
Ecuador,130,75.0,ECU,55,1976,2,2,4,3,1.0,91.2687683105,-6.537247189662498,-2.661928223212083,0,0,0,0,,,21
Ecuador,130,75.0,ECU,55,1977,2,2,4,3,1.0,100.3783798218,9.981082992496116,13.35504136481548,0,0,0,0,,,21
Ecuador,130,75.0,ECU,55,1977,2,2,4,3,1.0,92.5672531128,-7.781682393028211,-4.337846590194593,0,0,0,0,,,21
Ecuador,130,75.0,ECU,55,1978,2,2,4,3,1.0,97.4596176147,5.285200043624805,7.48460064309271,0,0,0,0,,,21
Ecuador,130,75.0,ECU,55,1978,2,2,4,3,1.0,90.6187438965,-7.019187932016024,-9.51567028141943,0,0,0,0,,,21
Ecuador,130,75.0,ECU,55,1979,3,2,4,4,1.0,102.6743774414,13.303686441150964,11.569698552759744,0,0,0,0,,,21
Ecuador,130,75.0,ECU,55,1979,3,2,4,4,1.0,96.4057006836,-6.105395439458839,0.1791030696761009,0,0,0,0,,,21
Ecuador,130,75.0,ECU,55,1980,3,3,4,4,2.0,101.9613952637,5.762827862569653,12.961118864261778,0,0,0,0,,,21
Ecuador,130,75.0,ECU,55,1980,3,3,4,4,2.0,96.5535430908,-5.303823235170347,-5.646390812059533,0,0,0,0,,,21
Ecuador,130,75.0,ECU,55,1981,3,3,4,3,2.0,99.6818695068,3.239991320730806,3.6989959481301122,0,0,0,0,,,21
Ecuador,130,75.0,ECU,55,1981,3,3,4,3,2.0,94.9225387573,-4.7745199533756,-6.838351867815141,0,0,0,0,,,21
Ecuador,130,75.0,ECU,55,1982,3,3,4,3,2.0,98.9616928101,4.255210728325953,2.720682095681159,0,0,0,0,,,21
Ecuador,130,75.0,ECU,55,1982,3,3,4,3,2.0,94.622505188,-4.384714427254766,-4.904023652304413,0,0,0,0,,,21
Ecuador,130,75.0,ECU,55,1983,4,4,4,4,2.0,98.5938796997,4.197071831705879,4.067568132777066,0,0,0,0,,,21
Ecuador,130,75.0,ECU,55,1983,4,4,4,4,2.0,94.2532196045,-4.402565461893682,-4.5902080574425685,0,0,0,0,,,21
Ecuador,130,75.0,ECU,55,1984,3,3,4,4,2.0,97.9596710205,3.93244011350784,3.726946483320037,0,0,0,0,,,21
Ecuador,130,75.0,ECU,55,1984,3,3,4,4,2.0,93.1402740479,-4.919776600302638,-5.38990194868848,0,0,0,0,,,21
Ecuador,130,75.0,ECU,55,1985,3,3,4,4,2.0,97.5951919556,4.783019969867097,3.795683483072299,0,0,0,0,,,21
Ecuador,130,75.0,ECU,55,1985,3,3,4,4,2.0,92.9049758911,-4.805785992647849,-4.94254262308339,0,0,0,0,,,21
Ecuador,130,75.0,ECU,55,1986,3,3,4,4,2.0,90.3568344116,-2.7427395089008266,-2.765505531681578,0,0,0,0,,,21
Ecuador,130,75.0,ECU,55,1986,3,3,4,4,2.0,86.2790222168,-4.513009139103364,-12.061534640652038,0,0,0,0,,,21
Ecuador,130,75.0,ECU,55,1987,3,3,4,4,2.0,90.7192382813,5.146344905651246,-2.109403742352945,0,0,0,0,,,21
Ecuador,130,75.0,ECU,55,1987,3,3,4,4,2.0,86.8648681641,-4.248679982572668,-3.615344216024786,0,0,0,0,,,21
Ecuador,130,75.0,ECU,55,1988,3,4,4,4,2.0,87.9763259888,1.2795251385177897,2.1771900615963675,0,0,0,0,,,21
Ecuador,130,75.0,ECU,55,1988,3,4,4,4,2.0,83.8816070557,-4.654341821027264,-7.623496665082142,0,0,0,0,,,21
Ecuador,130,75.0,ECU,55,1989,3,4,4,4,2.0,88.0989608765,5.027745615316537,1.6529289328070629,0,0,0,0,,,21
Ecuador,130,75.0,ECU,55,1989,3,4,4,4,2.0,84.9032363892,-3.627425857814448,-3.254022063525175,0,0,0,0,,,21
Ecuador,130,75.0,ECU,55,1990,3,4,4,3,2.0,88.8958969116,4.70260109296361,6.102920850465699,0,0,0,0,,,21
Ecuador,130,75.0,ECU,55,1990,3,4,4,3,2.0,86.4816207886,-2.7158465203414472,-1.6406712851922851,0,0,0,0,,,21
Ecuador,130,75.0,ECU,55,1991,3,3,4,4,2.0,86.7621307373,0.3243578764390742,2.311112449061237,0,0,0,0,,,21
Ecuador,130,75.0,ECU,55,1991,3,3,4,4,2.0,84.3868865967,-2.737650770463229,-5.129139414365602,0,0,0,0,,,21
Ecuador,130,75.0,ECU,55,1992,3,3,4,4,2.0,85.8160095215,1.6935367359031117,-0.7197561581210428,0,0,0,0,,,21
Ecuador,130,75.0,ECU,55,1992,3,3,4,4,2.0,83.8101959229,-2.3373419595996037,-3.3814559941597206,0,0,0,0,,,21
Ecuador,130,75.0,ECU,55,1993,3,3,4,4,2.0,84.9765396118,1.3916489229699236,0.7478436992734321,0,0,0,0,,,21
Ecuador,130,75.0,ECU,55,1993,3,3,4,4,2.0,82.7859191895,-2.5779120123124,-3.5236050489420796,0,0,0,0,,,21
Ecuador,130,75.0,ECU,55,1994,3,3,4,4,2.0,85.1595535278,2.8671957278950444,1.6809326385525685,0,0,0,0,,,21
Ecuador,130,75.0,ECU,55,1994,3,3,4,4,2.0,82.8428344727,-2.7204452808030632,-2.4311615652204184,0,0,0,0,,,21
Ecuador,130,75.0,ECU,55,1995,3,3,4,4,2.0,85.3740844727,3.0554845402279707,3.2022349873199523,0,0,0,0,,,21
Ecuador,130,75.0,ECU,55,1995,3,3,4,4,2.0,83.107925415,-2.654387536565217,-2.319348277140309,0,0,0,0,,,21
Ecuador,130,75.0,ECU,55,1996,3,3,4,4,2.0,85.6363525391,3.0423417640065953,3.4434387676693494,0,0,0,0,,,21
Ecuador,130,75.0,ECU,55,1996,3,3,4,4,2.0,84.0301513672,-1.875606707054267,-1.4876524796128883,0,0,0,0,,,21
Ecuador,130,75.0,ECU,55,1997,3,3,4,4,2.0,86.828666687,3.33037043759552,4.497105494547849,0,0,0,0,,,21
Ecuador,130,75.0,ECU,55,1997,3,3,4,4,2.0,84.7424240112,-2.4027118639521228,-0.9479481334108693,0,0,0,0,,,21
Ecuador,130,75.0,ECU,55,1998,3,3,4,4,2.0,84.8782653809,0.1602991314976432,1.087957705141041,0,0,0,0,,,21
Ecuador,130,75.0,ECU,55,1998,3,3,4,4,2.0,81.8740768433,-3.5394084977095064,-5.7818212301639855,0,0,0,0,,,21
Ecuador,130,75.0,ECU,55,1999,3,3,4,3,2.0,84.9008331299,3.6968432540533502,0.3177338878414875,0,0,0,0,,,21
Ecuador,130,75.0,ECU,55,1999,3,3,4,3,2.0,83.5020370483,-1.6475646115978737,-1.4901298552540294,0,0,0,0,,,21
Ecuador,130,75.0,ECU,55,2000,3,3,4,3,2.0,87.4551239014,4.734120259621233,6.78339890207671,0,0,0,0,,,21
Ecuador,130,75.0,ECU,55,2000,3,3,4,3,2.0,87.4998703003,0.05116498256918511,3.1377206305925442,0,0,0,0,,,21
Ecuador,130,75.0,ECU,55,2001,3,3,4,3,2.0,87.82371521,0.37010901683460773,5.155394259025026,0,0,0,0,,,21
Ecuador,130,75.0,ECU,55,2001,3,3,4,3,2.0,87.1475906372,-0.7698656008610971,-0.3485916014573043,0,0,0,0,,,21
Ecuador,130,75.0,ECU,55,2002,3,3,4,3,2.0,87.9243545532,0.8913200127743215,0.4915634287478321,0,0,0,0,,,21
Ecuador,130,75.0,ECU,55,2002,3,3,4,3,2.0,87.4837875366,-0.5010750648541062,-0.3796206529408819,0,0,0,0,,,21
Ecuador,130,75.0,ECU,55,2003,3,3,4,3,2.0,87.7263793945,0.27729921706751703,0.6675441649877323,0,0,0,0,,,21
Ecuador,130,75.0,ECU,55,2003,3,3,4,3,2.0,87.7612609863,0.03976180487643699,-0.18401404291015222,0,0,0,0,,,21
Ecuador,130,75.0,ECU,55,2004,3,3,4,3,2.0,89.9511260986,2.4952525609697407,2.8123135829136947,0,0,0,0,,,21
Ecuador,130,75.0,ECU,55,2004,3,3,4,3,2.0,90.1748199463,0.24868376573163875,2.7836981315778164,0,0,0,0,,,21
Ecuador,130,75.0,ECU,55,2005,2,3,4,3,2.0,92.8632278442,2.9813288227256374,5.725265149427017,0,0,0,0,,,21
Ecuador,130,75.0,ECU,55,2005,2,3,4,3,2.0,93.4927062988,0.6778554538897863,3.9078680423470624,0,0,0,0,,,21
Ecuador,130,75.0,ECU,55,2006,3,3,4,3,2.0,95.4282302856,2.070240624561781,5.729424901177205,0,0,0,0,,,21
Ecuador,130,75.0,ECU,55,2006,3,3,4,3,2.0,95.9517745972,0.5486262398801012,3.2967223183316685,0,0,0,0,,,21
Ecuador,130,75.0,ECU,55,2007,3,3,4,4,2.0,96.1432800293,0.19958508626227722,2.8184519507041594,0,0,0,0,,,21
Ecuador,130,75.0,ECU,55,2007,3,3,4,4,2.0,96.4945678711,0.3653795061838494,1.1135908323262278,0,0,0,0,,,21
Ecuador,130,75.0,ECU,55,2008,3,3,4,4,2.0,100.6001358032,4.254714045234476,4.819678637680602,0,0,0,0,,,21
Ecuador,130,75.0,ECU,55,2008,3,3,4,4,2.0,99.750579834,-0.8444878949884771,3.775605656429848,0,0,0,0,,,21
Ecuador,130,75.0,ECU,55,2009,2,3,4,4,2.0,93.2775421143,-6.489223150854972,-3.0789970006089735,0,0,0,0,,,21
Ecuador,130,75.0,ECU,55,2009,2,3,4,4,2.0,95.2482376099,2.1127223669606954,-5.220988678882754,0,0,0,0,,,21
Ecuador,130,75.0,ECU,55,2010,2,3,4,4,2.0,97.3942260742,2.25304794939003,-2.1234528345042465,0,0,0,0,,,21
Ecuador,130,75.0,ECU,55,2010,2,3,4,4,2.0,98.2030181885,0.8304312759606525,5.196201592311378,0,0,0,0,,,21
Ecuador,130,75.0,ECU,55,2011,2,3,4,4,2.0,100.9954986572,2.8435790673356554,5.927058292686338,0,0,0,0,,,21
Ecuador,130,75.0,ECU,55,2011,2,3,4,4,2.0,100.9736175537,-0.021665424490135976,3.652344918806172,0,0,0,0,,,21
Ecuador,130,75.0,ECU,55,2012,2,3,4,4,2.0,100.0,-0.9642296446219722,1.8576839982235471,0,0,0,0,,,21
Ecuador,130,75.0,ECU,55,2012,2,3,4,4,2.0,100.0,0.0,-0.9858950691121082,0,0,0,0,,,21
Ecuador,130,75.0,ECU,55,2013,2,2,4,4,2.0,100.9274368286,0.9274368285999923,-0.036792816021979924,0,0,0,0,,,21
Ecuador,130,75.0,ECU,55,2013,2,2,4,4,2.0,100.7325057983,-0.19313978084178896,0.7342970477582034,0,0,0,0,,,21
Ecuador,130,75.0,ECU,55,2014,2,2,4,4,2.0,100.297744751,-0.43159955553030427,0.3026974922278991,0,0,0,0,,,21
Ecuador,130,75.0,ECU,55,2014,2,2,4,4,2.0,100.6204299927,0.3217273155055489,-0.30301202086654433,0,0,0,0,,,21
Ecuador,130,75.0,ECU,55,2015,2,2,4,4,2.0,91.4639511108,-9.100019630769118,-9.209891870793873,0,0,0,0,,,21
Ecuador,130,75.0,ECU,55,2015,2,2,4,4,2.0,94.0579681396,2.836108649688218,-5.94218366557535,0,0,0,0,,,21
Ecuador,130,75.0,ECU,55,2016,2,2,4,4,2.0,91.1503295898,-3.091326133565331,-9.35523711464623,0,0,0,0,,,21
Ecuador,130,75.0,ECU,55,2016,2,2,4,4,2.0,93.7613601685,2.8645322408051843,2.6093147569280726,0,0,0,0,,,21
Ecuador,130,75.0,ECU,55,2017,2,2,4,4,2.0,93.375831604,-0.41118064393175224,-0.6379745366918979,0,0,0,0,,,21
Ecuador,130,75.0,ECU,55,2017,2,2,4,4,2.0,95.8608627319,2.661321548855211,5.114673145728644,0,0,0,0,,,21
Ecuador,130,75.0,ECU,55,2018,3,3,4,4,2.0,95.872795105,0.01244759619301039,2.26258850111647,0,0,0,0,,,21
Ecuador,130,75.0,ECU,55,2018,3,3,4,4,2.0,98.1546859741,2.380123440232329,5.053892585280551,0,0,0,0,,,21
Ecuador,130,75.0,ECU,55,2019,3,3,4,4,3.0,94.2672576904,-3.9605121702755763,-1.567941133850236,0,0,0,0,,,21
Ecuador,130,75.0,ECU,55,2019,3,3,4,4,3.0,96.6612701416,2.539601246344314,0.9592125163010676,0,0,0,0,,,21
Ecuador,130,75.0,ECU,55,2020,3,3,4,2,3.0,90.6934356689,-6.173966536915632,-7.594877460846893,0,0,0,0,,,21
Ecuador,130,75.0,ECU,55,2020,3,3,4,2,3.0,93.4088287354,2.994034845491189,-0.6403304450801279,0,0,0,0,,,21
Ecuador,130,75.0,ECU,55,2021,3,3,4,2,3.0,95.3871688843,2.1179370041177314,-1.0619946873067105,0,0,0,0,,,21
Ecuador,130,75.0,ECU,55,2021,3,3,4,2,3.0,97.8185653687,2.548976463856656,7.660948313465577,0,0,0,0,,,21
Ecuador,130,75.0,ECU,55,2022,3,3,4,4,3.0,98.1289215088,0.3172773378245619,4.98419080579895,0,0,0,0,,,21
Ecuador,130,75.0,ECU,55,2022,3,3,4,4,3.0,100.4869613647,2.403001907738811,5.26925570942003,0,0,0,0,,,21
Ecuador,130,75.0,ECU,55,2023,3,3,4,4,3.0,96.5505905151,-3.9172951357476338,-1.19701589018426,0,0,0,0,,,21
Ecuador,130,75.0,ECU,55,2023,3,3,4,4,3.0,99.1017303467,2.64228299173479,1.1279897637259682,0,0,0,0,,,21
Ecuador,130,75.0,ECU,55,2024,3,3,4,4,3.0,96.1906204224,-2.9374965645056816,-4.212508708518524,0,0,0,0,,,21
Ecuador,130,75.0,ECU,55,2024,3,3,4,4,3.0,98.7757568359,2.687514023870463,2.3923004510995725,0,0,0,0,,,21
Egypt,651,13.0,EGY,56,1975,2,2,3,3,2.0,100.6024017334,,,0,0,0,0,,,22
Egypt,651,13.0,EGY,56,1975,2,2,3,3,2.0,96.3879776001,-4.189188389824306,-4.189188389824306,0,0,0,0,,,22
Egypt,651,13.0,EGY,56,1976,2,2,3,3,2.0,102.0632095337,5.887904357891749,1.698715968067443,0,0,0,0,,,22
Egypt,651,13.0,EGY,56,1976,2,2,3,3,2.0,96.7582931519,-5.197677406027856,-3.4989614379604133,0,0,0,0,,,22
Egypt,651,13.0,EGY,56,1977,2,2,3,3,2.0,101.7662658691,5.175755538946958,5.86598249081085,0,0,0,0,,,22
Egypt,651,13.0,EGY,56,1977,2,2,3,3,2.0,97.0525970459,-4.63185789804167,-4.653779765122568,0,0,0,0,,,22
Egypt,651,13.0,EGY,56,1978,2,2,3,3,2.0,101.399597168,4.479014734705267,5.022912375610555,0,0,0,0,,,22
Egypt,651,13.0,EGY,56,1978,2,2,3,3,2.0,96.7978363037,-4.538243733528602,-4.691086896865005,0,0,0,0,,,22
Egypt,651,13.0,EGY,56,1979,2,2,3,3,2.0,102.3427429199,5.728337355396085,5.66910835657275,0,0,0,0,,,22
Egypt,651,13.0,EGY,56,1979,2,2,3,3,2.0,98.4749298096,-3.779274426255319,-2.589180804387836,0,0,0,0,,,22
Egypt,651,13.0,EGY,56,1980,2,2,3,3,2.0,102.717880249,4.308660536853082,6.257723465993847,0,0,0,0,,,22
Egypt,651,13.0,EGY,56,1980,2,2,3,3,2.0,98.825012207,-3.7898640748458168,-3.260477964248054,0,0,0,0,,,22
Egypt,651,13.0,EGY,56,1981,2,2,3,3,2.0,101.8900222778,3.101451750271478,3.6202482122787427,0,0,0,0,,,22
Egypt,651,13.0,EGY,56,1981,2,2,3,3,2.0,98.4853286743,-3.341537794757965,-4.0299501193323035,0,0,0,0,,,22
Egypt,651,13.0,EGY,56,1982,2,2,3,3,2.0,101.0482635498,2.6023519543462603,2.362265909859773,0,0,0,0,,,22
Egypt,651,13.0,EGY,56,1982,2,2,3,3,2.0,98.2109832764,-2.807846640533007,-3.547032480944712,0,0,0,0,,,22
Egypt,651,13.0,EGY,56,1983,2,2,3,3,2.0,100.7429580688,2.578097385782341,2.372602699595594,0,0,0,0,,,22
Egypt,651,13.0,EGY,56,1983,2,2,3,3,2.0,98.0782775879,-2.6450290243415386,-2.874778279092205,0,0,0,0,,,22
Egypt,651,13.0,EGY,56,1984,2,2,3,2,2.0,100.3633422852,2.329837710753102,2.2629060721939043,0,0,0,0,,,22
Egypt,651,13.0,EGY,56,1984,2,2,3,2,2.0,97.9057846069,-2.44866065870587,-2.7638519722943067,0,0,0,0,,,22
Egypt,651,13.0,EGY,56,1985,2,2,2,3,2.0,99.7721176147,1.906254074050362,1.787431126097594,0,0,0,0,,,22
Egypt,651,13.0,EGY,56,1985,2,2,2,3,2.0,97.6420593262,-2.1349234028748,-2.677329987530308,0,0,0,0,,,22
Egypt,651,13.0,EGY,56,1986,3,3,2,3,2.0,96.6048583984,-1.0622481079950896,-1.2909174368195275,0,0,0,0,,,22
Egypt,651,13.0,EGY,56,1986,3,3,2,3,2.0,95.4235305786,-1.2228451440073451,-4.420016654877235,0,0,0,0,,,22
Egypt,651,13.0,EGY,56,1987,2,3,2,3,2.0,97.3194885254,1.9868872334778187,-0.29820601852461603,0,0,0,0,,,22
Egypt,651,13.0,EGY,56,1987,2,3,2,3,2.0,95.8637695313,-1.4958144726788913,-0.7317723832084178,0,0,0,0,,,22
Egypt,651,13.0,EGY,56,1988,2,2,2,3,2.0,96.7351226807,0.9089493910580115,1.400022151856939,0,0,0,0,,,22
Egypt,651,13.0,EGY,56,1988,2,2,2,3,2.0,94.998664856,-1.7950644776992042,-2.381929559320084,0,0,0,0,,,22
Egypt,651,13.0,EGY,56,1989,2,2,2,3,2.0,96.9126663208,2.0147666998280966,1.128651613186904,0,0,0,0,,,22
Egypt,651,13.0,EGY,56,1989,2,2,2,3,2.0,95.4359054565,-1.5238058350511507,-1.3041036129222583,0,0,0,0,,,22
Egypt,651,13.0,EGY,56,1990,2,2,2,3,2.0,97.0625457764,1.7044322177478977,2.1953930825248436,0,0,0,0,,,22
Egypt,651,13.0,EGY,56,1990,2,2,2,3,2.0,96.0821380615,-1.010078302663242,-0.8294519199664951,0,0,0,0,,,22
Egypt,651,13.0,EGY,56,1991,2,2,2,2,2.0,96.8086547852,0.7561412957265423,1.450495210811198,0,0,0,0,,,22
Egypt,651,13.0,EGY,56,1991,2,2,2,2,2.0,95.3378448486,-1.5192959140517437,-1.7732329209884434,0,0,0,0,,,22
Egypt,651,13.0,EGY,56,1992,2,2,2,3,2.0,96.7145614624,1.4440399990017339,0.6808853806765325,0,0,0,0,,,22
Egypt,651,13.0,EGY,56,1992,2,2,2,3,2.0,95.1452407837,-1.6226312304689516,-1.6978871455189615,0,0,0,0,,,22
Egypt,651,13.0,EGY,56,1993,2,2,2,2,2.0,96.3762130737,1.2937823057260989,1.115191074258881,0,0,0,0,,,22
Egypt,651,13.0,EGY,56,1993,2,2,2,2,2.0,94.7985992432,-1.6369327868211436,-1.9657817115639964,0,0,0,0,,,22
Egypt,651,13.0,EGY,56,1994,2,2,2,2,2.0,96.272895813,1.5551881373455645,1.2120376562505197,0,0,0,0,,,22
Egypt,651,13.0,EGY,56,1994,2,2,2,2,2.0,94.7591552734,-1.5723434169262807,-1.6540880664018598,0,0,0,0,,,22
Egypt,651,13.0,EGY,56,1995,2,2,2,2,2.0,96.4735794067,1.8092437911181536,1.7920885115374374,0,0,0,0,,,22
Egypt,651,13.0,EGY,56,1995,2,2,2,2,2.0,94.9777450562,-1.5505119222269714,-1.3136115480350985,0,0,0,0,,,22
Egypt,651,13.0,EGY,56,1996,2,2,2,2,2.0,96.7507400513,1.866747830295279,2.125479699186461,0,0,0,0,,,22
Egypt,651,13.0,EGY,56,1996,2,2,2,2,2.0,95.3655853271,-1.4316735184304985,-1.115437610362191,0,0,0,0,,,22
Egypt,651,13.0,EGY,56,1997,2,2,2,3,2.0,96.7284317017,1.429075666998214,1.8641499788629945,0,0,0,0,,,22
Egypt,651,13.0,EGY,56,1997,2,2,2,3,2.0,95.2975158691,-1.4793125531206708,-1.4819104045529552,0,0,0,0,,,22
Egypt,651,13.0,EGY,56,1998,2,2,2,3,2.0,95.9994812012,0.7366040192109624,0.6863671330885057,0,0,0,0,,,22
Egypt,651,13.0,EGY,56,1998,2,2,2,3,2.0,94.263168335,-1.8086690099511582,-2.5513775438608666,0,0,0,0,,,22
Egypt,651,13.0,EGY,56,1999,2,2,2,3,2.0,96.4996261597,2.3725680604665067,1.300503069726311,0,0,0,0,,,22
Egypt,651,13.0,EGY,56,1999,2,2,2,3,2.0,95.0418548584,-1.5106496877899778,-0.9467506372746293,0,0,0,0,,,22
Egypt,651,13.0,EGY,56,2000,2,2,2,3,2.0,97.1507263184,2.2188871030999424,3.0808054757764713,0,0,0,0,,,22
Egypt,651,13.0,EGY,56,2000,2,2,2,3,2.0,96.5434951782,-0.6250402474705874,0.08319716783937725,0,0,0,0,,,22
Egypt,651,13.0,EGY,56,2001,2,2,2,3,2.0,96.9527435303,0.42390049308305144,2.0177473487124065,0,0,0,0,,,22
Egypt,651,13.0,EGY,56,2001,2,2,2,3,2.0,96.1517562866,-0.826162534997954,-1.02730228938549,0,0,0,0,,,22
Egypt,651,13.0,EGY,56,2002,2,2,2,3,2.0,97.0130157471,0.8957293072555439,0.49346726534064134,0,0,0,0,,,22
Egypt,651,13.0,EGY,56,2002,2,2,2,3,2.0,96.2054443359,-0.8324361478517783,-0.7628693755941884,0,0,0,0,,,22
Egypt,651,13.0,EGY,56,2003,2,2,2,2,2.0,97.28099823,1.1179761202959826,1.1812692796997482,0,0,0,0,,,22
Egypt,651,13.0,EGY,56,2003,2,2,2,2,2.0,96.7652587891,-0.5301543469780623,-0.24461437453385804,0,0,0,0,,,22
Egypt,651,13.0,EGY,56,2004,2,2,2,2,2.0,97.7253799438,0.9922168004454779,1.5800385737633982,0,0,0,0,,,22
Egypt,651,13.0,EGY,56,2004,2,2,2,2,2.0,97.3809890747,-0.352406784499637,0.10965566896777856,0,0,0,0,,,22
Egypt,651,13.0,EGY,56,2005,2,2,2,2,2.0,98.5660476685,1.2169301267734633,1.8567401427193042,0,0,0,0,,,22
Egypt,651,13.0,EGY,56,2005,2,2,2,2,2.0,98.3888015747,-0.1798246941950299,0.6846986480787964,0,0,0,0,,,22
Egypt,651,13.0,EGY,56,2006,2,2,2,2,2.0,99.2083892822,0.8330091376077542,1.8701145701861877,0,0,0,0,,,22
Egypt,651,13.0,EGY,56,2006,2,2,2,2,2.0,99.0008010864,-0.20924459846788368,0.4439398449448406,0,0,0,0,,,22
Egypt,651,13.0,EGY,56,2007,2,2,2,2,2.0,99.4978713989,0.5020871619677125,1.125851701107583,0,0,0,0,,,22
Egypt,651,13.0,EGY,56,2007,2,2,2,2,2.0,99.2191009521,-0.2801772971427363,0.01266526635709253,0,0,0,0,,,22
Egypt,651,13.0,EGY,56,2008,2,2,2,2,2.0,101.3293609619,2.1268687072852677,2.348778572110244,0,0,0,0,,,22
Egypt,651,13.0,EGY,56,2008,2,2,2,2,2.0,100.1086502075,-1.2046959961180215,0.6419954140245099,0,0,0,0,,,22
Egypt,651,13.0,EGY,56,2009,2,2,2,2,2.0,98.0469360352,-2.059476546758532,-1.1373038355912857,0,0,0,0,,,22
Egypt,651,13.0,EGY,56,2009,2,2,2,2,2.0,98.4384155273,0.39927763980247555,-2.864894903074078,0,0,0,0,,,22
Egypt,651,13.0,EGY,56,2010,2,2,2,2,2.0,99.181930542,0.7553098154996274,-0.9048890914564289,0,0,0,0,,,22
Egypt,651,13.0,EGY,56,2010,2,2,2,2,2.0,99.4359283447,0.2560928198432677,1.4106802751453706,0,0,0,0,,,22
Egypt,651,13.0,EGY,56,2011,2,2,2,2,2.0,100.2790756226,0.8479302118819421,1.8593328472248372,0,0,0,0,,,22
Egypt,651,13.0,EGY,56,2011,2,2,2,2,2.0,100.3654174805,0.08610156940909164,1.1901246011343014,0,0,0,0,,,22
Egypt,651,13.0,EGY,56,2012,2,2,2,2,2.0,100.0,-0.3640870428013643,0.5699447384896694,0,0,0,0,,,22
Egypt,651,13.0,EGY,56,2012,2,2,2,2,2.0,100.0,0.0,-0.27798547339227264,0,0,0,0,,,22
Egypt,651,13.0,EGY,56,2013,2,2,2,2,2.0,100.0445175171,0.04451751709999563,-0.31956952570136865,0,0,0,0,,,22
Egypt,651,13.0,EGY,56,2013,2,2,2,2,2.0,100.06665802,0.022130650883700476,0.0666481679836961,0,0,0,0,,,22
Egypt,651,13.0,EGY,56,2014,2,2,2,2,2.0,99.8636856079,-0.20283720483544876,-0.13618903685175265,0,0,0,0,,,22
Egypt,651,13.0,EGY,56,2014,2,2,2,2,2.0,99.8128128052,-0.050942244310647755,-0.23164879826239604,0,0,0,0,,,22
Egypt,651,13.0,EGY,56,2015,2,2,2,2,2.0,98.4104232788,-1.4050195430690637,-1.6587989922151603,0,0,0,0,,,22
Egypt,651,13.0,EGY,56,2015,2,2,2,2,2.0,97.8104324341,-0.6096822112025779,-2.0656439985822894,0,0,0,0,,,22
Egypt,651,13.0,EGY,56,2016,2,2,2,2,2.0,98.2193145752,0.418035306587039,-1.5966664476846026,0,0,0,0,,,22
Egypt,651,13.0,EGY,56,2016,2,2,2,2,2.0,97.4853286743,-0.7472928355023556,-0.9389397401178945,0,0,0,0,,,22
Egypt,651,13.0,EGY,56,2017,2,2,2,2,2.0,98.6540908813,1.1989108749941524,0.8696533460788358,0,0,0,0,,,22
Egypt,651,13.0,EGY,56,2017,2,2,2,2,2.0,98.2169952393,-0.44305881093760213,0.008559228554194664,0,0,0,0,,,22
Egypt,651,13.0,EGY,56,2018,2,2,2,2,2.0,99.1064682007,0.9056202129100299,1.6614722769665802,0,0,0,0,,,22
Egypt,651,13.0,EGY,56,2018,2,2,2,2,2.0,98.9984512329,-0.10899083557417422,0.35357056639825357,0,0,0,0,,,22
Egypt,651,13.0,EGY,56,2019,2,2,2,2,2.0,98.665977478,-0.33583732953339496,0.46079204780246075,0,0,0,0,,,22
Egypt,651,13.0,EGY,56,2019,2,2,2,2,2.0,98.3303604126,-0.3401548071368721,-0.7849829722444412,0,0,0,0,,,22
Egypt,651,13.0,EGY,56,2020,2,2,2,2,2.0,98.0129013062,-0.3228495299599454,-0.9988416666302125,0,0,0,0,,,22
Egypt,651,13.0,EGY,56,2020,2,2,2,2,2.0,97.2589187622,-0.7692686717277297,-1.4322730088245472,0,0,0,0,,,22
Egypt,651,13.0,EGY,56,2021,2,2,2,2,2.0,99.2374725342,2.0343160269317817,0.9421978252441066,0,0,0,0,,,22
Egypt,651,13.0,EGY,56,2021,2,2,2,2,2.0,99.2038192749,-0.033911846443290816,1.2311355087607612,0,0,0,0,,,22
Egypt,651,13.0,EGY,56,2022,2,2,2,2,2.0,99.854927063,0.6563333880278854,2.6567375685163763,0,0,0,0,,,22
Egypt,651,13.0,EGY,56,2022,2,2,2,2,2.0,100.2128982544,0.358491265207328,0.9809128067919226,0,0,0,0,,,22
Egypt,651,13.0,EGY,56,2023,2,2,2,2,2.0,99.365196228,-0.8459011176864983,0.1689235355487151,0,0,0,0,,,22
Egypt,651,13.0,EGY,56,2023,2,2,2,2,2.0,99.2666397095,-0.099186155959341,-0.5865960084385113,0,0,0,0,,,22
Egypt,651,13.0,EGY,56,2024,2,2,2,2,2.0,99.3126373291,0.04633743998447848,-0.8987498336613609,0,0,0,0,,,22
Egypt,651,13.0,EGY,56,2024,2,2,2,2,2.0,99.119392395,-0.194582421026257,-0.24743113700111952,0,0,0,0,,,22
Eritrea,531,115.0,ERI,59,1993,2,3,3,3,2.0,100.0813369751,,,0,0,0,0,,,23
Eritrea,531,115.0,ERI,59,1993,2,3,3,3,2.0,97.6567077637,-2.4226586941012207,-2.4226586941012207,0,0,0,0,,,23
Eritrea,531,115.0,ERI,59,1994,2,3,3,3,2.0,100.1255340576,2.5280662746422156,0.10540758054099486,0,0,0,0,,,23
Eritrea,531,115.0,ERI,59,1994,2,3,3,3,2.0,98.0317687988,-2.0911401656999007,-1.9857325851589058,0,0,0,0,,,23
Eritrea,531,115.0,ERI,59,1995,2,3,3,3,2.0,100.1262588501,2.136542140332809,2.5734682492751237,0,0,0,0,,,23
Eritrea,531,115.0,ERI,59,1995,2,3,3,3,2.0,98.393913269,-1.730161099590788,-1.6847591249578797,0,0,0,0,,,23
Eritrea,531,115.0,ERI,59,1996,2,3,3,2,2.0,100.1572418213,1.7921114159564322,2.198492456698453,0,0,0,0,,,23
Eritrea,531,115.0,ERI,59,1996,2,3,3,2,2.0,97.8785705566,-2.275093865669342,-2.2131435493036977,0,0,0,0,,,23
Eritrea,531,115.0,ERI,59,1997,2,3,2,2,2.0,100.1812362671,2.3525739060200612,1.8695914563071514,0,0,0,0,,,23
Eritrea,531,115.0,ERI,59,1997,2,3,2,2,2.0,97.9690704346,-2.208163838787136,-2.130683798436417,0,0,0,0,,,23
Eritrea,531,115.0,ERI,59,1998,2,3,2,2,2.0,100.1186676025,2.1941589915717152,2.3385690588046404,0,0,0,0,,,23
Eritrea,531,115.0,ERI,59,1998,2,3,2,2,2.0,97.400680542,-2.7147655133518023,-2.728770360567223,0,0,0,0,,,23
Eritrea,531,115.0,ERI,59,1999,2,3,2,2,1.0,100.017364502,2.686515068928763,2.165908547148676,0,0,0,0,,,23
Eritrea,531,115.0,ERI,59,1999,2,3,2,2,1.0,97.2744979858,-2.7423903137791306,-2.7706407582021697,0,0,0,0,,,23
Eritrea,531,115.0,ERI,59,2000,2,2,2,2,1.0,100.0467300415,2.8499063095701382,2.794031064719771,0,0,0,0,,,23
Eritrea,531,115.0,ERI,59,2000,2,2,2,2,1.0,97.5667800903,-2.4787916108515495,-2.371275615060542,0,0,0,0,,,23
Eritrea,531,115.0,ERI,59,2001,1,1,2,2,1.0,100.0271072388,2.5216852972117287,2.8927999959303174,0,0,0,0,,,23
Eritrea,531,115.0,ERI,59,2001,1,1,2,2,1.0,97.3817443848,-2.644645963503256,-2.6017522771430768,0,0,0,0,,,23
Eritrea,531,115.0,ERI,59,2002,1,1,2,2,1.0,100.0241775513,2.713478982321904,2.590518316030377,0,0,0,0,,,23
Eritrea,531,115.0,ERI,59,2002,1,1,2,2,1.0,97.3945541382,-2.6289877882288315,-2.5601547694101834,0,0,0,0,,,23
Eritrea,531,115.0,ERI,59,2003,1,1,2,2,1.0,100.0341262817,2.7101845342959674,2.79467572838904,0,0,0,0,,,23
Eritrea,531,115.0,ERI,59,2003,1,1,2,2,1.0,97.6104354858,-2.4228639625189397,-2.3416672164518038,0,0,0,0,,,23
Eritrea,531,115.0,ERI,59,2004,1,1,2,2,1.0,100.014831543,2.4632571765851763,2.750577748362204,0,0,0,0,,,23
Eritrea,531,115.0,ERI,59,2004,1,1,2,2,1.0,98.3843536377,-1.6302361161294354,-1.5898429020631988,0,0,0,0,,,23
Eritrea,531,115.0,ERI,59,2005,1,1,2,2,1.0,99.9945220947,1.636610291641949,2.46963135209769,0,0,0,0,,,23
Eritrea,531,115.0,ERI,59,2005,1,1,2,2,1.0,98.807220459,-1.187366678522206,-1.1809925030096924,0,0,0,0,,,23
Eritrea,531,115.0,ERI,59,2006,1,1,2,2,1.0,100.0295181274,1.237052983296083,1.686296596415826,0,0,0,0,,,23
Eritrea,531,115.0,ERI,59,2006,1,1,2,2,1.0,99.9609832764,-0.0685146267651815,-0.018828321991304353,0,0,0,0,,,23
Eritrea,531,115.0,ERI,59,2007,1,1,2,2,1.0,100.0441589355,0.08320812418380896,1.2517464807147105,0,0,0,0,,,23
Eritrea,531,115.0,ERI,59,2007,1,1,2,2,1.0,100.0164413452,-0.027705355909757312,-0.013011858491129846,0,0,0,0,,,23
Eritrea,531,115.0,ERI,59,2008,1,1,2,1,1.0,100.0335083008,0.017064150024181934,0.07256691829823358,0,0,0,0,,,23
Eritrea,531,115.0,ERI,59,2008,1,1,2,1,1.0,99.8526535034,-0.18079421633014903,-0.1914354222157244,0,0,0,0,,,23
Eritrea,531,115.0,ERI,59,2009,1,1,2,1,1.0,99.904258728,0.05168137529589778,-0.11204869101006931,0,0,0,0,,,23
Eritrea,531,115.0,ERI,59,2009,1,1,2,1,1.0,99.1721801758,-0.7327801252128507,-0.861892966247102,0,0,0,0,,,23
Eritrea,531,115.0,ERI,59,2010,1,1,2,1,1.0,100.0544891357,0.8896738564544648,0.20857510653751188,0,0,0,0,,,23
Eritrea,531,115.0,ERI,59,2010,1,1,2,1,1.0,100.0464248657,-0.008059878241994944,0.14883385299961915,0,0,0,0,,,23
Eritrea,531,115.0,ERI,59,2011,1,1,2,1,1.0,100.0835800171,0.03713791017507795,0.9187518883875478,0,0,0,0,,,23
Eritrea,531,115.0,ERI,59,2011,1,1,2,1,1.0,100.3294906616,0.24570528398162317,0.27478331591470617,0,0,0,0,,,23
Eritrea,531,115.0,ERI,59,2012,1,1,2,1,1.0,100.0,-0.32840858597731337,-0.045565391820612255,0,0,0,0,,,23
Eritrea,531,115.0,ERI,59,2012,1,1,2,1,1.0,100.0,0.0,-0.0827033019956902,0,0,0,0,,,23
Eritrea,531,115.0,ERI,59,2013,1,1,2,1,1.0,100.036567688,0.036567687999999876,-0.2918408979773135,0,0,0,0,,,23
Eritrea,531,115.0,ERI,59,2013,1,1,2,1,1.0,99.9761810303,-0.060364583767358315,-0.02379689576735844,0,0,0,0,,,23
Eritrea,531,115.0,ERI,59,2014,1,1,2,1,1.0,99.9586791992,-0.01750600084903242,-0.04130289661639086,0,0,0,0,,,23
Eritrea,531,115.0,ERI,59,2014,1,1,2,1,1.0,99.9071655273,-0.05153496656088441,-0.12940555117727515,0,0,0,0,,,23
Eritrea,531,115.0,ERI,59,2015,1,1,1,1,1.0,98.3572235107,-1.551382234116605,-1.6204232015265219,0,0,0,0,,,23
Eritrea,531,115.0,ERI,59,2015,1,1,1,1,1.0,99.4139633179,1.07438962740245,-0.5285275732750394,0,0,0,0,,,23
Eritrea,531,115.0,ERI,59,2016,1,1,2,1,1.0,97.3217315674,-2.104565275010306,-2.581557881724461,0,0,0,0,,,23
Eritrea,531,115.0,ERI,59,2016,1,1,2,1,1.0,99.2668151855,1.9986118072230719,0.9684361596152158,0,0,0,0,,,23
Eritrea,531,115.0,ERI,59,2017,1,1,2,1,1.0,100.7429656982,1.4870533621346826,1.3810998943474484,0,0,0,0,,,23
Eritrea,531,115.0,ERI,59,2017,1,1,2,1,1.0,99.7408447266,-0.9947304654521427,2.490934703905612,0,0,0,0,,,23
Eritrea,531,115.0,ERI,59,2018,1,1,2,1,1.0,101.2459182739,1.5089841593236564,2.0013070560061963,0,0,0,0,,,23
Eritrea,531,115.0,ERI,59,2018,1,1,2,1,1.0,99.7725753784,-1.455212141504969,-0.9409584476334554,0,0,0,0,,,23
Eritrea,531,115.0,ERI,59,2019,1,1,2,1,1.0,99.9318847656,0.15967252182855773,0.21344453964724508,0,0,0,0,,,23
Eritrea,531,115.0,ERI,59,2019,1,1,2,1,1.0,99.5001907349,-0.43198828052986027,-1.7275279002062716,0,0,0,0,,,23
Eritrea,531,115.0,ERI,59,2020,1,1,2,1,1.0,100.8053817749,1.3117472744122116,1.039431515710909,0,0,0,0,,,23
Eritrea,531,115.0,ERI,59,2020,1,1,2,1,1.0,99.5623016357,-1.233148585237065,-0.3533895913547136,0,0,0,0,,,23
Eritrea,531,115.0,ERI,59,2021,1,1,2,1,1.0,106.1085281372,6.5750051916766195,6.653603880851766,0,0,0,0,,,23
Eritrea,531,115.0,ERI,59,2021,1,1,2,1,1.0,100.3658218384,-5.412106264799554,-0.07024965835999986,0,0,0,0,,,23
Eritrea,531,115.0,ERI,59,2022,1,1,2,1,1.0,103.7861328125,3.40784433530279,4.570743262179855,0,0,0,0,,,23
Eritrea,531,115.0,ERI,59,2022,1,1,2,1,1.0,100.0953674316,-3.5561257374988053,-5.56038766699557,0,0,0,0,,,23
Eritrea,531,115.0,ERI,59,2023,1,1,2,1,1.0,103.4467391968,3.3481786931749413,3.199897290978926,0,0,0,0,,,23
Eritrea,531,115.0,ERI,59,2023,1,1,2,1,1.0,100.0189590454,-3.313570034217217,-3.521517078541081,0,0,0,0,,,23
Eritrea,531,115.0,ERI,59,2024,1,1,2,1,1.0,104.446685791,4.426887449998551,4.4614961089562755,0,0,0,0,,,23
Eritrea,531,115.0,ERI,59,2024,1,1,2,1,1.0,100.1548309326,-4.109134555966742,-2.995817140185408,0,0,0,0,,,23
Spain,230,96.0,ESP,164,1975,2,2,3,3,2.0,100.2473754883,,,0,0,0,0,,,24
Spain,230,96.0,ESP,164,1975,2,2,3,3,2.0,99.2854156494,-0.9595860582028659,-0.9595860582028659,0,0,0,0,,,24
Spain,230,96.0,ESP,164,1976,2,2,3,4,2.0,100.3531188965,1.075387800027272,0.11580174182440617,0,0,0,0,,,24
Spain,230,96.0,ESP,164,1976,2,2,3,4,2.0,99.4559249878,-0.8940368954803768,-0.7782351536559706,0,0,0,0,,,24
Spain,230,96.0,ESP,164,1977,3,3,3,4,2.0,100.5809631348,1.1311926837320074,1.3125435882789027,0,0,0,0,,,24
Spain,230,96.0,ESP,164,1977,3,3,3,4,2.0,99.7011871338,-0.8746943492884518,-0.6375385610368212,0,0,0,0,,,24
Spain,230,96.0,ESP,164,1978,3,3,4,4,3.0,100.5327072144,0.8340122164083086,1.0905105508518642,0,0,0,0,,,24
Spain,230,96.0,ESP,164,1978,3,3,4,4,3.0,99.6072540283,-0.9205493532829512,-0.9612314861630944,0,0,0,0,,,24
Spain,230,96.0,ESP,164,1979,3,3,4,4,3.0,100.6202545166,1.0169946939930563,0.9304575571184137,0,0,0,0,,,24
Spain,230,96.0,ESP,164,1979,3,3,4,4,3.0,99.9556808472,-0.6604770307854446,-0.5640316900753395,0,0,0,0,,,24
Spain,230,96.0,ESP,164,1980,3,4,4,4,3.0,100.4474868774,0.4920240911087559,0.8485417543163676,0,0,0,0,,,24
Spain,230,96.0,ESP,164,1980,3,4,4,4,3.0,99.8226089478,-0.6220941399585955,-0.7905470796352843,0,0,0,0,,,24
Spain,230,96.0,ESP,164,1981,4,4,4,4,3.0,100.4297180176,0.6081879407874968,0.4781178919376572,0,0,0,0,,,24
Spain,230,96.0,ESP,164,1981,4,4,4,4,3.0,99.6906051636,-0.7359503427765035,-0.7498565419476022,0,0,0,0,,,24
Spain,230,96.0,ESP,164,1982,4,4,4,4,3.0,100.3763504028,0.6878734842412193,0.5601110822522126,0,0,0,0,,,24
Spain,230,96.0,ESP,164,1982,4,4,4,4,3.0,99.6064147949,-0.7670488165890887,-0.815125675124373,0,0,0,0,,,24
Spain,230,96.0,ESP,164,1983,4,4,4,4,3.0,100.3805465698,0.7771906824415087,0.6980153500936392,0,0,0,0,,,24
Spain,230,96.0,ESP,164,1983,4,4,4,4,3.0,99.5910263062,-0.7865271614664882,-0.7763852956140682,0,0,0,0,,,24
Spain,230,96.0,ESP,164,1984,4,4,4,4,3.0,100.4446563721,0.8571355247162904,0.8477990456913109,0,0,0,0,,,24
Spain,230,96.0,ESP,164,1984,4,4,4,4,3.0,99.6230163574,-0.818002713510424,-0.7473943502606217,0,0,0,0,,,24
Spain,230,96.0,ESP,164,1985,4,4,4,4,3.0,100.2876434326,0.6671420917588433,0.7062749029647097,0,0,0,0,,,24
Spain,230,96.0,ESP,164,1985,4,4,4,4,3.0,99.5073776245,-0.7780278620510228,-0.9288884838026035,0,0,0,0,,,24
Spain,230,96.0,ESP,164,1986,4,4,4,4,3.0,99.3032608032,-0.20512732439823544,-0.31601309469041494,0,0,0,0,,,24
Spain,230,96.0,ESP,164,1986,4,4,4,4,3.0,98.905632019,-0.4004186579411817,-1.38357384439044,0,0,0,0,,,24
Spain,230,96.0,ESP,164,1987,4,4,4,4,3.0,99.5552215576,0.6567770968545217,0.05123111451510454,0,0,0,0,,,24
Spain,230,96.0,ESP,164,1987,4,4,4,4,3.0,99.0880432129,-0.4692655366446141,-0.21290709773127414,0,0,0,0,,,24
Spain,230,96.0,ESP,164,1988,3,4,4,4,3.0,99.4409103394,0.3561147390324759,0.5436262992423835,0,0,0,0,,,24
Spain,230,96.0,ESP,164,1988,3,4,4,4,3.0,99.0170898438,-0.4262033544880861,-0.5393541521002243,0,0,0,0,,,24
Spain,230,96.0,ESP,164,1989,4,4,4,4,3.0,99.4415588379,0.42868255850541104,0.35859394304980086,0,0,0,0,,,24
Spain,230,96.0,ESP,164,1989,4,4,4,4,3.0,99.0097122192,-0.43427177102478565,-0.4317925670074607,0,0,0,0,,,24
Spain,230,96.0,ESP,164,1990,4,4,4,4,3.0,99.5520401001,0.5477522040457261,0.5421629915263515,0,0,0,0,,,24
Spain,230,96.0,ESP,164,1990,4,4,4,4,3.0,99.1296463013,-0.42429446787356495,-0.3108140348526245,0,0,0,0,,,24
Spain,230,96.0,ESP,164,1991,4,4,4,4,3.0,99.2608718872,0.13237774046035433,0.2558354766325155,0,0,0,0,,,24
Spain,230,96.0,ESP,164,1991,4,4,4,4,3.0,98.778793335,-0.48566826286577935,-0.77758499027899,0,0,0,0,,,24
Spain,230,96.0,ESP,164,1992,4,4,4,4,3.0,99.2712860107,0.49858138480163294,0.14529086239620792,0,0,0,0,,,24
Spain,230,96.0,ESP,164,1992,4,4,4,4,3.0,98.7809524536,-0.4939329153519245,-0.48101979341607093,0,0,0,0,,,24
Spain,230,96.0,ESP,164,1993,4,4,4,4,3.0,99.1623535156,0.3861079008922852,0.3907563703419936,0,0,0,0,,,24
Spain,230,96.0,ESP,164,1993,4,4,4,4,3.0,98.6245803833,-0.5423158217149449,-0.6501408361745842,0,0,0,0,,,24
Spain,230,96.0,ESP,164,1994,4,4,4,4,3.0,99.1869888306,0.570251802455557,0.4140438816328973,0,0,0,0,,,24
Spain,230,96.0,ESP,164,1994,4,4,4,4,3.0,98.6624526978,-0.528835625503099,-0.5008996447624869,0,0,0,0,,,24
Spain,230,96.0,ESP,164,1995,4,4,4,4,3.0,99.2283630371,0.5735822735254192,0.6149984504778772,0,0,0,0,,,24
Spain,230,96.0,ESP,164,1995,4,4,4,4,3.0,98.7271575928,-0.5051030057934169,-0.46035635777109674,0,0,0,0,,,24
Spain,230,96.0,ESP,164,1996,4,4,4,4,3.0,99.2081451416,0.4871886930887248,0.5556679608207271,0,0,0,0,,,24
Spain,230,96.0,ESP,164,1996,4,4,4,4,3.0,98.7494049072,-0.4624017854030438,-0.4803160981077359,0,0,0,0,,,24
Spain,230,96.0,ESP,164,1997,4,4,4,4,3.0,99.1043624878,0.3594528806867947,0.38423978837247574,0,0,0,0,,,24
Spain,230,96.0,ESP,164,1997,4,4,4,4,3.0,98.6576919556,-0.4507072352692765,-0.5536561399855255,0,0,0,0,,,24
Spain,230,96.0,ESP,164,1998,4,4,4,4,3.0,99.0303192139,0.37769711708610654,0.28644276250362477,0,0,0,0,,,24
Spain,230,96.0,ESP,164,1998,4,4,4,4,3.0,98.4564590454,-0.579479267617522,-0.6524893858006919,0,0,0,0,,,24
Spain,230,96.0,ESP,164,1999,4,4,4,4,3.0,99.0382995605,0.5909622596032005,0.389180109071785,0,0,0,0,,,24
Spain,230,96.0,ESP,164,1999,4,4,4,4,3.0,98.565284729,-0.47760798963540907,-0.4661249976497306,0,0,0,0,,,24
Spain,230,96.0,ESP,164,2000,3,4,4,4,3.0,99.2055892944,0.6496248320699172,0.7629791020377086,0,0,0,0,,,24
Spain,230,96.0,ESP,164,2000,3,4,4,4,3.0,98.8734130859,-0.3348361829838442,-0.1628193405493361,0,0,0,0,,,24
Spain,230,96.0,ESP,164,2001,3,4,4,4,3.0,99.1243591309,0.2538053832348064,0.5685940323208794,0,0,0,0,,,24
Spain,230,96.0,ESP,164,2001,3,4,4,4,3.0,98.7677307129,-0.35977878810701247,-0.4408095878560503,0,0,0,0,,,24
Spain,230,96.0,ESP,164,2002,4,4,4,4,3.0,99.2004013062,0.4380687803364536,0.3320953754642475,0,0,0,0,,,24
Spain,230,96.0,ESP,164,2002,4,4,4,4,3.0,98.8561630249,-0.34701299265660346,-0.26872300042716235,0,0,0,0,,,24
Spain,230,96.0,ESP,164,2003,3,4,4,4,3.0,99.2323455811,0.38053525919801157,0.4715910468778617,0,0,0,0,,,24
Spain,230,96.0,ESP,164,2003,3,4,4,4,3.0,98.9203720093,-0.3143869773238883,-0.2808647107824802,0,0,0,0,,,24
Spain,230,96.0,ESP,164,2004,3,4,4,4,3.0,99.3237991333,0.40783017269898636,0.4739784545731096,0,0,0,0,,,24
Spain,230,96.0,ESP,164,2004,3,4,4,4,3.0,99.0870132446,-0.23839793762038264,-0.1449547422452846,0,0,0,0,,,24
Spain,230,96.0,ESP,164,2005,3,4,4,4,3.0,99.618309021,0.5361911304042177,0.7056233654828215,0,0,0,0,,,24
Spain,230,96.0,ESP,164,2005,3,4,4,4,3.0,99.4533615112,-0.16557951185983688,0.1322136809239982,0,0,0,0,,,24
Spain,230,96.0,ESP,164,2006,3,4,4,4,3.0,99.9930801392,0.5426851539243494,0.9132967724687302,0,0,0,0,,,24
Spain,230,96.0,ESP,164,2006,3,4,4,4,3.0,99.9082794189,-0.08480658879790326,0.2922990532666092,0,0,0,0,,,24
Spain,230,96.0,ESP,164,2007,3,4,4,4,4.0,100.0079040527,0.09971609398085057,0.5575946591072967,0,0,0,0,,,24
Spain,230,96.0,ESP,164,2007,3,4,4,4,4.0,99.943031311,-0.06486761452956236,-0.04995810934661504,0,0,0,0,,,24
Spain,230,96.0,ESP,164,2008,4,4,4,4,4.0,100.0369873047,0.09400954970801845,0.12885802915930666,0,0,0,0,,,24
Spain,230,96.0,ESP,164,2008,4,4,4,4,4.0,99.9724960327,-0.06446742723626997,-0.03532549205781388,0,0,0,0,,,24
Spain,230,96.0,ESP,164,2009,4,4,3,4,4.0,99.4698410034,-0.5027933174095889,-0.4732511949378404,0,0,0,0,,,24
Spain,230,96.0,ESP,164,2009,4,4,3,4,4.0,99.4625549316,-0.007324905445216245,-0.5745856500910751,0,0,0,0,,,24
Spain,230,96.0,ESP,164,2010,4,4,3,4,4.0,99.9528808594,0.492975399774509,-0.017142823080296132,0,0,0,0,,,24
Spain,230,96.0,ESP,164,2010,4,4,3,4,4.0,99.941078186,-0.011808237339949734,0.473842256989343,0,0,0,0,,,24
Spain,230,96.0,ESP,164,2011,4,4,4,4,4.0,100.2364044189,0.29550034706486983,0.7766675094994291,0,0,0,0,,,24
Spain,230,96.0,ESP,164,2011,4,4,4,4,4.0,100.214302063,-0.022050228186176746,0.26164188153874335,0,0,0,0,,,24
Spain,230,96.0,ESP,164,2012,4,4,3,4,4.0,100.0,-0.2138437913435598,0.059606327535133286,0,0,0,0,,,24
Spain,230,96.0,ESP,164,2012,4,4,3,4,4.0,100.0,0.0,-0.23589401952973654,0,0,0,0,,,24
Spain,230,96.0,ESP,164,2013,4,4,3,4,4.0,100.0881881714,0.08818817140001656,-0.12565561994354324,0,0,0,0,,,24
Spain,230,96.0,ESP,164,2013,4,4,3,4,4.0,100.0712432861,-0.016929955082201076,0.07125821631781548,0,0,0,0,,,24
Spain,230,96.0,ESP,164,2014,4,4,3,4,4.0,100.0186157227,-0.0525900964870929,0.018668119830722585,0,0,0,0,,,24
Spain,230,96.0,ESP,164,2014,4,4,3,4,4.0,100.059463501,0.04084017560614939,-0.028679875963144585,0,0,0,0,,,24
Spain,230,96.0,ESP,164,2015,4,4,3,4,4.0,98.9256896973,-1.133100022756628,-1.1448499436375714,0,0,0,0,,,24
Spain,230,96.0,ESP,164,2015,4,4,3,4,4.0,99.4920425415,0.5725033062018214,-0.5197565409486571,0,0,0,0,,,24
Spain,230,96.0,ESP,164,2016,4,4,3,4,4.0,98.9200973511,-0.57486526137146,-1.1354619779262665,0,0,0,0,,,24
Spain,230,96.0,ESP,164,2016,4,4,3,4,4.0,99.5692138672,0.6562028682564724,0.6538409130868339,0,0,0,0,,,24
Spain,230,96.0,ESP,164,2017,3,3,3,4,3.0,99.3149795532,-0.25533425857824366,-0.1739966516932312,0,0,0,0,,,24
Spain,230,96.0,ESP,164,2017,3,3,3,4,3.0,99.7675628662,0.455704985326566,0.8565735950047948,0,0,0,0,,,24
Spain,230,96.0,ESP,164,2018,3,3,3,4,3.0,99.6026229858,-0.1653241551276552,0.035046571620667155,0,0,0,0,,,24
Spain,230,96.0,ESP,164,2018,3,3,3,4,3.0,99.9090881348,0.3076878297107566,0.5980686599096674,0,0,0,0,,,24
Spain,230,96.0,ESP,164,2019,3,3,3,4,3.0,99.1704483032,-0.7393119538869231,-0.5969482793038217,0,0,0,0,,,24
Spain,230,96.0,ESP,164,2019,3,3,3,4,3.0,99.6249542236,0.45830782070319653,0.026683696527030065,0,0,0,0,,,24
Spain,230,96.0,ESP,164,2020,3,3,3,2,3.0,98.7652053833,-0.8629854307088181,-1.1439895638925446,0,0,0,0,,,24
Spain,230,96.0,ESP,164,2020,3,3,3,2,3.0,99.4183959961,0.6613570136011271,0.25667940359550556,0,0,0,0,,,24
Spain,230,96.0,ESP,164,2021,3,3,3,2,3.0,99.7630081177,0.34662812465160453,0.14499970754391356,0,0,0,0,,,24
Spain,230,96.0,ESP,164,2021,3,3,3,2,3.0,99.9339447021,0.1713426525775441,1.1793277908302757,0,0,0,0,,,24
Spain,230,96.0,ESP,164,2022,3,3,3,4,3.0,100.183265686,0.24948578247683262,0.7674565597059813,0,0,0,0,,,24
Spain,230,96.0,ESP,164,2022,3,3,3,4,3.0,100.186378479,0.003107098754151494,0.4239355338085282,0,0,0,0,,,24
Spain,230,96.0,ESP,164,2023,3,3,3,4,3.0,99.9048080444,-0.281046624176573,-0.02845374294558889,0,0,0,0,,,24
Spain,230,96.0,ESP,164,2023,3,3,3,4,3.0,100.1432266235,0.23864575065699611,-0.03929377476542539,0,0,0,0,,,24
Spain,230,96.0,ESP,164,2024,3,3,3,4,3.0,99.9794616699,-0.16353073405123153,-0.20593160757080842,0,0,0,0,,,24
Spain,230,96.0,ESP,164,2024,3,3,3,4,3.0,100.2208175659,0.24140547665367773,0.3165204932594423,0,0,0,0,,,24
Estonia,366,161.0,EST,60,1992,3,3,4,3,3.0,95.091545105,,,0,0,0,0,,,25
Estonia,366,161.0,EST,60,1992,3,3,4,3,3.0,91.0120620728,-4.290058624765669,-4.290058624765669,0,0,0,0,,,25
Estonia,366,161.0,EST,60,1993,3,3,4,3,3.0,96.4872360229,6.015877264400893,1.7258186396352242,0,0,0,0,,,25
Estonia,366,161.0,EST,60,1993,3,3,4,3,3.0,91.2241210938,-5.4547266001597094,-3.7289079605244853,0,0,0,0,,,25
Estonia,366,161.0,EST,60,1994,3,3,4,3,3.0,96.1349868774,5.383297448873714,5.944448113114897,0,0,0,0,,,25
Estonia,366,161.0,EST,60,1994,3,3,4,3,3.0,91.2719116211,-5.058590440649691,-5.130019591935686,0,0,0,0,,,25
Estonia,366,161.0,EST,60,1995,4,3,4,3,3.0,95.3674316406,4.487163626529345,4.811870634753368,0,0,0,0,,,25
Estonia,366,161.0,EST,60,1995,4,3,4,3,3.0,91.2193984985,-4.349528000011793,-4.920954814132139,0,0,0,0,,,25
Estonia,366,161.0,EST,60,1996,4,3,4,3,3.0,94.6415710449,3.7515842054760773,3.8892198319936293,0,0,0,0,,,25
Estonia,366,161.0,EST,60,1996,4,3,4,3,3.0,91.4185562134,-3.4054959104291904,-4.003439704964906,0,0,0,0,,,25
Estonia,366,161.0,EST,60,1997,4,3,4,3,3.0,94.4235687256,3.2870925079864,3.633180803033287,0,0,0,0,,,25
Estonia,366,161.0,EST,60,1997,4,3,4,3,3.0,91.340057373,-3.265616195423482,-3.3840195978662724,0,0,0,0,,,25
Estonia,366,161.0,EST,60,1998,4,3,4,3,3.0,93.2509613037,2.0920765605571656,2.1135528731200837,0,0,0,0,,,25
Estonia,366,161.0,EST,60,1998,4,3,4,3,3.0,89.5175094604,-4.003660435350231,-5.177200070216548,0,0,0,0,,,25
Estonia,366,161.0,EST,60,1999,4,3,4,3,3.0,93.2509765625,4.17065569027204,2.259071815478975,0,0,0,0,,,25
Estonia,366,161.0,EST,60,1999,4,3,4,3,3.0,90.5233688354,-2.9250178686030748,-2.7580226136812653,0,0,0,0,,,25
Estonia,366,161.0,EST,60,2000,4,3,4,4,3.0,93.7838516235,3.601813354989658,4.847451176658624,0,0,0,0,,,25
Estonia,366,161.0,EST,60,2000,4,3,4,4,3.0,92.2498626709,-1.6356642706020108,-0.9588687842154271,0,0,0,0,,,25
Estonia,366,161.0,EST,60,2001,4,3,4,4,3.0,93.4680175781,1.3204950901073431,3.286644174494991,0,0,0,0,,,25
Estonia,366,161.0,EST,60,2001,4,3,4,4,3.0,91.6248931885,-1.9719305462533532,-2.2870997267480204,0,0,0,0,,,25
Estonia,366,161.0,EST,60,2002,4,3,4,4,3.0,94.0970611572,2.6981400825363266,2.046704626390317,0,0,0,0,,,25
Estonia,366,161.0,EST,60,2002,4,3,4,4,3.0,92.2327346802,-1.98128023773817,-1.255070701455196,0,0,0,0,,,25
Estonia,366,161.0,EST,60,2003,4,3,4,4,3.0,94.6131210327,2.5808476358784693,3.2977074806766264,0,0,0,0,,,25
Estonia,366,161.0,EST,60,2003,4,3,4,4,3.0,92.9191360474,-1.7904334692801394,-1.1908660711398396,0,0,0,0,,,25
Estonia,366,161.0,EST,60,2004,4,3,4,4,4.0,95.4819793701,2.7581437276737564,3.548557894272087,0,0,0,0,,,25
Estonia,366,161.0,EST,60,2004,4,3,4,4,4.0,94.3798065186,-1.1543255164703337,-0.1866152580767162,0,0,0,0,,,25
Estonia,366,161.0,EST,60,2005,4,3,4,4,4.0,96.4560165405,2.199845600966377,3.8036638121698,0,0,0,0,,,25
Estonia,366,161.0,EST,60,2005,4,3,4,4,4.0,96.2509536743,-0.21259727858852218,0.8329228059075215,0,0,0,0,,,25
Estonia,366,161.0,EST,60,2006,4,3,4,4,4.0,97.5972824097,1.3987692422828157,3.386017564660671,0,0,0,0,,,25
Estonia,366,161.0,EST,60,2006,4,3,4,4,4.0,97.988494873,0.4008436030603191,1.587015566754613,0,0,0,0,,,25
Estonia,366,161.0,EST,60,2007,4,3,4,4,4.0,97.9093780518,-0.08074092912900843,1.7188719162141268,0,0,0,0,,,25
Estonia,366,161.0,EST,60,2007,4,3,4,4,4.0,98.2879257202,0.3866306537048114,0.7067333276361225,0,0,0,0,,,25
Estonia,366,161.0,EST,60,2008,4,3,4,4,4.0,99.8342514038,1.57326108193796,1.8791508065137634,0,0,0,0,,,25
Estonia,366,161.0,EST,60,2008,4,3,4,4,4.0,99.9660797119,0.13204717443795477,2.0919389100807266,0,0,0,0,,,25
Estonia,366,161.0,EST,60,2009,4,3,4,4,4.0,96.7565536499,-3.2106151118957316,-1.5053068555198164,0,0,0,0,,,25
Estonia,366,161.0,EST,60,2009,4,3,4,4,4.0,97.7235488892,0.9994105854565172,-2.079157352001259,0,0,0,0,,,25
Estonia,366,161.0,EST,60,2010,4,3,4,4,4.0,99.1918945313,1.5025504689405222,-0.7086540574986917,0,0,0,0,,,25
Estonia,366,161.0,EST,60,2010,4,3,4,4,4.0,100.0628204346,0.8780212409645882,3.379982295361628,0,0,0,0,,,25
Estonia,366,161.0,EST,60,2011,4,3,4,4,4.0,101.1148452759,1.051364369633756,3.431936079538867,0,0,0,0,,,25
Estonia,366,161.0,EST,60,2011,4,3,4,4,4.0,101.403755188,0.28572452572290796,2.2151101363212526,0,0,0,0,,,25
Estonia,366,161.0,EST,60,2012,4,3,4,4,4.0,100.0,-1.3843226864700187,-0.04723379111335424,0,0,0,0,,,25
Estonia,366,161.0,EST,60,2012,4,3,4,4,4.0,100.0,0.0,-1.0985981607471103,0,0,0,0,,,25
Estonia,366,161.0,EST,60,2013,4,3,4,4,4.0,100.7716903687,0.7716903687000176,-0.6126323177700006,0,0,0,0,,,25
Estonia,366,161.0,EST,60,2013,4,3,4,4,4.0,100.8640823364,0.09168444764791062,0.8633748163479287,0,0,0,0,,,25
Estonia,366,161.0,EST,60,2014,4,3,4,4,4.0,99.9346160889,-0.9215036968264534,-0.058128880478524714,0,0,0,0,,,25
Estonia,366,161.0,EST,60,2014,4,3,4,4,4.0,100.4360656738,0.5017776667635587,-0.3280415824149836,0,0,0,0,,,25
Estonia,366,161.0,EST,60,2015,4,3,4,4,4.0,94.7829437256,-5.628577653131506,-6.0483036831944,0,0,0,0,,,25
Estonia,366,161.0,EST,60,2015,4,3,4,4,4.0,96.6957244873,2.0180643125387254,-3.108735673829222,0,0,0,0,,,25
Estonia,366,161.0,EST,60,2016,4,4,4,4,4.0,94.7141494751,-2.0492891725117146,-5.659802513104495,0,0,0,0,,,25
Estonia,366,161.0,EST,60,2016,4,4,4,4,4.0,97.141960144,2.563303035876663,2.532078175903674,0,0,0,0,,,25
Estonia,366,161.0,EST,60,2017,4,4,4,4,4.0,95.6895370483,-1.495155228026046,-0.9811413646610974,0,0,0,0,,,25
Estonia,366,161.0,EST,60,2017,4,4,4,4,4.0,98.1256103516,2.545809477655192,3.6139572855058093,0,0,0,0,,,25
Estonia,366,161.0,EST,60,2018,4,4,4,4,4.0,97.1806793213,-0.9629810473679168,0.08767320226122965,0,0,0,0,,,25
Estonia,366,161.0,EST,60,2018,4,4,4,4,4.0,99.4305877686,2.3151808188758727,3.8980092491631484,0,0,0,0,,,25
Estonia,366,161.0,EST,60,2019,4,4,4,4,4.0,96.4200668335,-3.027761378728089,-1.6755616072201325,0,0,0,0,,,25
Estonia,366,161.0,EST,60,2019,4,4,4,4,4.0,98.6475296021,2.3101651365233122,1.5975845766710965,0,0,0,0,,,25
Estonia,366,161.0,EST,60,2020,4,4,4,3,4.0,94.8227996826,-3.87716746169644,-4.594763703901217,0,0,0,0,,,25
Estonia,366,161.0,EST,60,2020,4,4,4,3,4.0,97.2506027222,2.5603578967575036,0.993355571584376,0,0,0,0,,,25
Estonia,366,161.0,EST,60,2021,4,4,4,3,4.0,97.7662277222,0.5302023695142655,-0.7866071954246707,0,0,0,0,,,25
Estonia,366,161.0,EST,60,2021,4,4,4,3,4.0,100.1563949585,2.4447780097352156,5.535338276006986,0,0,0,0,,,25
Estonia,366,161.0,EST,60,2022,4,4,4,4,4.0,98.9750061035,-1.1795441074826218,1.7954362717668597,0,0,0,0,,,25
Estonia,366,161.0,EST,60,2022,4,4,4,4,4.0,101.122833252,2.1700702359684465,3.4353041382210407,0,0,0,0,,,25
Estonia,366,161.0,EST,60,2023,4,4,4,4,4.0,97.5770721436,-3.5063901933640396,-2.5158640648782145,0,0,0,0,,,25
Estonia,366,161.0,EST,60,2023,4,4,4,4,4.0,99.7685241699,2.2458677824181095,0.9095478250225169,0,0,0,0,,,25
Estonia,366,161.0,EST,60,2024,4,4,4,4,4.0,97.7636566162,-2.0095191047286964,-3.270041515674626,0,0,0,0,,,25
Estonia,366,161.0,EST,60,2024,4,4,4,4,4.0,100.0021133423,2.289661417726774,2.5260100954161873,0,0,0,0,,,25
Ethiopia,530,38.0,ETH,61,1975,1,1,3,2,2.0,105.4565124512,,,0,0,0,0,,,26
Ethiopia,530,38.0,ETH,61,1975,1,1,3,2,2.0,100.5602264404,-4.642943235075936,-4.642943235075936,0,0,0,0,,,26
Ethiopia,530,38.0,ETH,61,1976,1,1,3,2,2.0,106.9859771729,6.389952528904064,1.7470092938281274,0,0,0,0,,,26
Ethiopia,530,38.0,ETH,61,1976,1,1,3,2,2.0,102.5679626465,-4.129526731582811,-2.382517437754683,0,0,0,0,,,26
Ethiopia,530,38.0,ETH,61,1977,1,1,3,2,2.0,108.0146713257,5.310341103266358,7.5707669005876115,0,0,0,0,,,26
Ethiopia,530,38.0,ETH,61,1977,1,1,3,2,2.0,103.8502578735,-3.855414640519439,-2.674600268835891,0,0,0,0,,,26
Ethiopia,530,38.0,ETH,61,1978,1,1,3,2,2.0,106.7395706177,2.782191208152285,4.237117670899204,0,0,0,0,,,26
Ethiopia,530,38.0,ETH,61,1978,1,1,3,2,2.0,102.6091384888,-3.8696353236173375,-4.942858755984492,0,0,0,0,,,26
Ethiopia,530,38.0,ETH,61,1979,1,1,3,2,2.0,106.9188995361,4.200172724157913,3.112728608692861,0,0,0,0,,,26
Ethiopia,530,38.0,ETH,61,1979,1,1,3,2,2.0,102.7805099487,-3.8705875250827027,-3.5400501245421263,0,0,0,0,,,26
Ethiopia,530,38.0,ETH,61,1980,1,1,3,2,2.0,105.5463943481,2.6910592297902713,3.0206444288654826,0,0,0,0,,,26
Ethiopia,530,38.0,ETH,61,1980,1,1,3,2,2.0,101.8117752075,-3.5383673347314293,-4.71789563002386,0,0,0,0,,,26
Ethiopia,530,38.0,ETH,61,1981,1,1,3,2,2.0,104.1731414795,2.319344955126601,1.4720368501854435,0,0,0,0,,,26
Ethiopia,530,38.0,ETH,61,1981,1,1,3,2,2.0,100.818977356,-3.2197974217375913,-4.438819801342419,0,0,0,0,,,26
Ethiopia,530,38.0,ETH,61,1982,1,1,2,2,1.0,104.4785232544,3.629818506765692,2.729366040154702,0,0,0,0,,,26
Ethiopia,530,38.0,ETH,61,1982,1,1,2,2,1.0,101.0400695801,-3.2910626674226062,-2.8810415823945053,0,0,0,0,,,26
Ethiopia,530,38.0,ETH,61,1983,1,1,2,2,1.0,104.7206878662,3.6427313454907795,3.9814871848338655,0,0,0,0,,,26
Ethiopia,530,38.0,ETH,61,1983,1,1,2,2,1.0,101.2307357788,-3.332629071209936,-2.9809603931417623,0,0,0,0,,,26
Ethiopia,530,38.0,ETH,61,1984,1,1,2,2,1.0,105.0999603271,3.822183567602111,4.132285841882955,0,0,0,0,,,26
Ethiopia,530,38.0,ETH,61,1984,1,1,2,2,1.0,101.5503463745,-3.377369450523704,-2.8878149541315286,0,0,0,0,,,26
Ethiopia,530,38.0,ETH,61,1985,1,1,2,2,1.0,104.7764129639,3.1768149539370683,3.6216290710154757,0,0,0,0,,,26
Ethiopia,530,38.0,ETH,61,1985,1,1,2,2,1.0,101.2939376831,-3.323720656480067,-3.5242751530667022,0,0,0,0,,,26
Ethiopia,530,38.0,ETH,61,1986,1,1,2,2,1.0,105.104888916,3.762269806138474,3.6153641035954758,0,0,0,0,,,26
Ethiopia,530,38.0,ETH,61,1986,1,1,2,2,1.0,101.7185745239,-3.221842891443749,-2.7832937417853416,0,0,0,0,,,26
Ethiopia,530,38.0,ETH,61,1987,1,1,2,2,1.0,103.5621185303,1.812396619819756,2.3528235345144815,0,0,0,0,,,26
Ethiopia,530,38.0,ETH,61,1987,1,1,2,2,1.0,100.436050415,-3.0185440001262442,-4.427990271750237,0,0,0,0,,,26
Ethiopia,530,38.0,ETH,61,1988,1,1,2,2,1.0,103.3147277832,2.86617938111402,1.6600320008075324,0,0,0,0,,,26
Ethiopia,530,38.0,ETH,61,1988,1,1,2,2,1.0,100.2143630981,-3.0008932430291457,-3.1532578620413694,0,0,0,0,,,26
Ethiopia,530,38.0,ETH,61,1989,1,1,3,2,1.0,102.6750335693,2.4554069847166016,2.3206931228014764,0,0,0,0,,,26
Ethiopia,530,38.0,ETH,61,1989,1,1,3,2,1.0,99.6187438965,-2.9766629399124223,-3.522149198224966,0,0,0,0,,,26
Ethiopia,530,38.0,ETH,61,1990,1,1,3,3,1.0,102.0845108032,2.4752037721553988,1.9539478169595785,0,0,0,0,,,26
Ethiopia,530,38.0,ETH,61,1990,1,1,3,3,1.0,98.976234436,-3.0448070356062007,-3.5462662033632237,0,0,0,0,,,26
Ethiopia,530,38.0,ETH,61,1991,2,2,3,3,2.0,101.6847686768,2.7365500983485003,2.166946834897699,0,0,0,0,,,26
Ethiopia,530,38.0,ETH,61,1991,2,2,3,3,2.0,98.5431137085,-3.089602316238327,-3.397859253496027,0,0,0,0,,,26
Ethiopia,530,38.0,ETH,61,1992,2,2,4,3,2.0,101.3300476074,2.828136633823064,2.475084415933238,0,0,0,0,,,26
Ethiopia,530,38.0,ETH,61,1992,2,2,4,3,2.0,97.9540328979,-3.3317014934999944,-3.593167175915257,0,0,0,0,,,26
Ethiopia,530,38.0,ETH,61,1993,2,2,4,3,2.0,101.5073013306,3.6274855945989115,3.1239207349219815,0,0,0,0,,,26
Ethiopia,530,38.0,ETH,61,1993,2,2,4,3,2.0,98.4412994385,-3.0204742436352627,-2.7246901425363452,0,0,0,0,,,26
Ethiopia,530,38.0,ETH,61,1994,2,2,4,3,2.0,102.292640686,3.91232264249628,4.519333993459929,0,0,0,0,,,26
Ethiopia,530,38.0,ETH,61,1994,2,2,4,3,2.0,100.3516311646,-1.8975065150172221,-1.0056581161562046,0,0,0,0,,,26
Ethiopia,530,38.0,ETH,61,1995,2,3,4,3,2.0,102.3112335205,1.9527359278154632,3.9675520552945214,0,0,0,0,,,26
Ethiopia,530,38.0,ETH,61,1995,2,3,4,3,2.0,100.3456344604,-1.9211957401590207,-1.8659663273607792,0,0,0,0,,,26
Ethiopia,530,38.0,ETH,61,1996,2,3,4,3,1.0,101.3976974487,1.0484392210556859,1.0799794087121288,0,0,0,0,,,26
Ethiopia,530,38.0,ETH,61,1996,2,3,4,3,1.0,99.4683074951,-1.9027946414425512,-2.7755511605458856,0,0,0,0,,,26
Ethiopia,530,38.0,ETH,61,1997,2,3,4,3,1.0,102.1944351196,2.740699719490336,1.8863442991034711,0,0,0,0,,,26
Ethiopia,530,38.0,ETH,61,1997,2,3,4,3,1.0,100.0939102173,-2.0554200430206504,-1.2175149649728652,0,0,0,0,,,26
Ethiopia,530,38.0,ETH,61,1998,2,3,3,3,1.0,101.6931686401,1.5977579648232876,2.2830376412929736,0,0,0,0,,,26
Ethiopia,530,38.0,ETH,61,1998,2,3,3,3,1.0,99.7153091431,-1.9449285762741741,-2.4025906544715365,0,0,0,0,,,26
Ethiopia,530,38.0,ETH,61,1999,2,3,3,3,1.0,100.6462631226,0.9336118871817511,0.586441275730865,0,0,0,0,,,26
Ethiopia,530,38.0,ETH,61,1999,2,3,3,3,1.0,99.0991363525,-1.5371924620941058,-2.5485091511865283,0,0,0,0,,,26
Ethiopia,530,38.0,ETH,61,2000,2,3,3,3,1.0,99.2819976807,0.18452363454466436,-0.4190569403676898,0,0,0,0,,,26
Ethiopia,530,38.0,ETH,61,2000,2,3,3,3,1.0,98.3789978027,-0.9095303268414567,-2.2621991543908977,0,0,0,0,,,26
Ethiopia,530,38.0,ETH,61,2001,2,3,3,3,1.0,98.0555801392,-0.3287466539846351,-1.053753346281427,0,0,0,0,,,26
Ethiopia,530,38.0,ETH,61,2001,2,3,3,3,1.0,97.6181488037,-0.4461054994310709,-1.6843824802571623,0,0,0,0,,,26
Ethiopia,530,38.0,ETH,61,2002,2,2,3,3,1.0,98.1715545654,0.5669086829467096,-0.20794347046899597,0,0,0,0,,,26
Ethiopia,530,38.0,ETH,61,2002,2,2,3,3,1.0,97.7356109619,-0.4440630541401758,-0.32325987062453665,0,0,0,0,,,26
Ethiopia,530,38.0,ETH,61,2003,2,2,3,3,1.0,98.4261474609,0.7065352047261442,0.8293808335326784,0,0,0,0,,,26
Ethiopia,530,38.0,ETH,61,2003,2,2,3,3,1.0,98.0028305054,-0.4300858729314405,-0.16761372234547167,0,0,0,0,,,26
Ethiopia,530,38.0,ETH,61,2004,2,2,3,3,1.0,98.4418258667,0.4479415125421493,0.7243908443368534,0,0,0,0,,,26
Ethiopia,530,38.0,ETH,61,2004,2,2,3,3,1.0,98.1083526611,-0.3387515445432254,-0.3208959049325162,0,0,0,0,,,26
Ethiopia,530,38.0,ETH,61,2005,2,2,3,3,2.0,99.080619812,0.9910136339344566,1.100203601933381,0,0,0,0,,,26
Ethiopia,530,38.0,ETH,61,2005,2,2,3,3,2.0,98.8596420288,-0.2230282608438383,0.42923382854739334,0,0,0,0,,,26
Ethiopia,530,38.0,ETH,61,2006,2,2,3,3,2.0,99.4112548828,0.5579757752302017,1.3259611483208205,0,0,0,0,,,26
Ethiopia,530,38.0,ETH,61,2006,2,2,3,3,2.0,99.1993408203,-0.2131690850797896,0.12177842930657423,0,0,0,0,,,26
Ethiopia,530,38.0,ETH,61,2007,2,1,3,3,2.0,99.7820358276,0.5873980638193554,0.932204753969768,0,0,0,0,,,26
Ethiopia,530,38.0,ETH,61,2007,2,1,3,3,2.0,99.5540771484,-0.2284566328089932,0.1457723459305731,0,0,0,0,,,26
Ethiopia,530,38.0,ETH,61,2008,2,2,3,3,2.0,99.9810714722,0.4289069177583871,0.7878483487687498,0,0,0,0,,,26
Ethiopia,530,38.0,ETH,61,2008,2,2,3,3,2.0,99.7807693481,-0.20034004552121898,0.00011023942817534049,0,0,0,0,,,26
Ethiopia,530,38.0,ETH,61,2009,2,2,3,3,1.0,99.4149475098,-0.36662559397970806,-0.13805872174253953,0,0,0,0,,,26
Ethiopia,530,38.0,ETH,61,2009,2,2,3,3,1.0,99.1317443848,-0.28486976264014974,-0.8518354021410763,0,0,0,0,,,26
Ethiopia,530,38.0,ETH,61,2010,2,2,3,3,1.0,100.0090713501,0.8850111240799707,0.23351576746011338,0,0,0,0,,,26
Ethiopia,530,38.0,ETH,61,2010,2,2,3,3,1.0,99.8815002441,-0.12755953462803005,0.4725818268117914,0,0,0,0,,,26
Ethiopia,530,38.0,ETH,61,2011,2,2,3,3,1.0,100.7350921631,0.8546046233926408,1.612056212844582,0,0,0,0,,,26
Ethiopia,530,38.0,ETH,61,2011,2,2,3,3,1.0,100.7157211304,-0.019229676852472455,0.7078154119121387,0,0,0,0,,,26
Ethiopia,530,38.0,ETH,61,2012,2,2,2,3,1.0,100.0,-0.7106349657898248,0.12473998075034398,0,0,0,0,,,26
Ethiopia,530,38.0,ETH,61,2012,2,2,2,3,1.0,100.0,0.0,-0.7298646426422968,0,0,0,0,,,26
Ethiopia,530,38.0,ETH,61,2013,2,2,2,3,1.0,99.6827926636,-0.317207336400005,-1.0278423021898293,0,0,0,0,,,26
Ethiopia,530,38.0,ETH,61,2013,2,2,2,3,1.0,99.7119750977,0.02927529749139346,-0.2879320389086111,0,0,0,0,,,26
Ethiopia,530,38.0,ETH,61,2014,2,1,2,3,1.0,100.2985687256,0.5882880439638694,0.3003560050552583,0,0,0,0,,,26
Ethiopia,530,38.0,ETH,61,2014,2,1,2,3,1.0,100.3189697266,0.020340271311147795,0.637903612766411,0,0,0,0,,,26
Ethiopia,530,38.0,ETH,61,2015,1,1,2,3,1.0,99.7644119263,-0.5527945530255596,0.05583376224945802,0,0,0,0,,,26
Ethiopia,530,38.0,ETH,61,2015,1,1,2,3,1.0,99.7451934814,-0.019263828181736997,-0.5517181098961483,0,0,0,0,,,26
Ethiopia,530,38.0,ETH,61,2016,1,1,2,3,1.0,99.7916870117,0.04661230148266249,-0.5254460797246336,0,0,0,0,,,26
Ethiopia,530,38.0,ETH,61,2016,1,1,2,3,1.0,99.8445587158,0.05298207263877419,0.08033054593970013,0,0,0,0,,,26
Ethiopia,530,38.0,ETH,61,2017,1,1,3,3,1.0,99.9403381348,0.09592853154134495,0.19552290566278208,0,0,0,0,,,26
Ethiopia,530,38.0,ETH,61,2017,1,1,3,3,1.0,99.9360046387,-0.004336083088052334,0.14457452109206725,0,0,0,0,,,26
Ethiopia,530,38.0,ETH,61,2018,2,2,3,3,2.0,99.6432266235,-0.2929654995299069,-0.20137305107661385,0,0,0,0,,,26
Ethiopia,530,38.0,ETH,61,2018,2,2,3,3,2.0,99.4480895996,-0.1958357135877664,-0.4931372962057252,0,0,0,0,,,26
Ethiopia,530,38.0,ETH,61,2019,2,2,3,3,2.0,99.4436340332,-0.004480293606379249,-0.49328150672405213,0,0,0,0,,,26
Ethiopia,530,38.0,ETH,61,2019,2,2,3,3,2.0,99.0419998169,-0.40388127425623477,-0.60419728145038,0,0,0,0,,,26
Ethiopia,530,38.0,ETH,61,2020,2,3,3,2,2.0,99.4853286743,0.44761702936086945,0.03925546149825587,0,0,0,0,,,26
Ethiopia,530,38.0,ETH,61,2020,2,3,3,2,2.0,99.1101150513,-0.3771547302501288,-0.3334189751454937,0,0,0,0,,,26
Ethiopia,530,38.0,ETH,61,2021,2,3,3,2,2.0,100.1003875732,0.9991639313378098,1.0696262304485509,0,0,0,0,,,26
Ethiopia,530,38.0,ETH,61,2021,2,3,3,2,2.0,99.9088821411,-0.19131337724338504,0.4306958238442964,0,0,0,0,,,26
Ethiopia,530,38.0,ETH,61,2022,2,3,3,2,2.0,100.2656021118,0.35704530273517054,1.1648958568295957,0,0,0,0,,,26
Ethiopia,530,38.0,ETH,61,2022,2,3,3,2,2.0,100.1953048706,-0.07011102483743814,0.0956209006543478,0,0,0,0,,,26
Ethiopia,530,38.0,ETH,61,2023,1,2,3,2,2.0,100.0517120361,-0.1433129373531461,0.14362134054458675,0,0,0,0,,,26
Ethiopia,530,38.0,ETH,61,2023,1,2,3,2,2.0,100.0695419312,0.01782067966371592,-0.19560328252686787,0,0,0,0,,,26
Ethiopia,530,38.0,ETH,61,2024,1,2,3,2,2.0,100.7687530518,0.698725213592688,0.5732329559032583,0,0,0,0,,,26
Ethiopia,530,38.0,ETH,61,2024,1,2,3,2,2.0,101.0035171509,0.2329731111977873,0.9495190044541917,0,0,0,0,,,26
Finland,375,163.0,FIN,63,1975,3,4,4,4,4.0,100.3940658569,,,0,0,0,0,,,27
Finland,375,163.0,FIN,63,1975,3,4,4,4,4.0,98.4269485474,-1.9593959988669973,-1.9593959988669973,0,0,0,0,,,27
Finland,375,163.0,FIN,63,1976,3,4,4,4,4.0,100.8778533936,2.4900750072727407,0.5306790084057433,0,0,0,0,,,27
Finland,375,163.0,FIN,63,1976,3,4,4,4,4.0,98.8761444092,-1.9842898287990351,-1.4536108203932918,0,0,0,0,,,27
Finland,375,163.0,FIN,63,1977,3,4,4,4,4.0,101.3046798706,2.456138915924444,2.9619240943981495,0,0,0,0,,,27
Finland,375,163.0,FIN,63,1977,3,4,4,4,4.0,99.170753479,-2.1064440402217777,-1.6345949530963688,0,0,0,0,,,27
Finland,375,163.0,FIN,63,1978,3,4,4,4,4.0,101.0443725586,1.889285917341299,2.2389807930439654,0,0,0,0,,,27
Finland,375,163.0,FIN,63,1978,3,4,4,4,4.0,98.906211853,-2.116061143692083,-2.3332192665725615,0,0,0,0,,,27
Finland,375,163.0,FIN,63,1979,3,4,4,4,4.0,100.1552047729,1.2628053349736268,1.036030108622843,0,0,0,0,,,27
Finland,375,163.0,FIN,63,1979,3,4,4,4,4.0,99.099105835,-1.054462361985764,-1.9077181707042201,0,0,0,0,,,27
Finland,375,163.0,FIN,63,1980,3,4,4,4,4.0,98.9670333862,-0.1332730983667041,0.07506987462115866,0,0,0,0,,,27
Finland,375,163.0,FIN,63,1980,3,4,4,4,4.0,98.5675048828,-0.4036985748991029,-1.591434035251571,0,0,0,0,,,27
Finland,375,163.0,FIN,63,1981,3,4,4,4,4.0,98.071182251,-0.5035357569313947,-1.0405074301972017,0,0,0,0,,,27
Finland,375,163.0,FIN,63,1981,3,4,4,4,4.0,97.9626846313,-0.11063149970224062,-1.0178658315327382,0,0,0,0,,,27
Finland,375,163.0,FIN,63,1982,3,3,4,4,4.0,98.8846588135,0.9411483420141309,0.32698108538049553,0,0,0,0,,,27
Finland,375,163.0,FIN,63,1982,3,3,4,4,4.0,98.2485351563,-0.6432986317925771,0.1872182105193132,0,0,0,0,,,27
Finland,375,163.0,FIN,63,1983,3,3,4,4,4.0,98.5908508301,0.34841809422951897,0.6462678044510728,0,0,0,0,,,27
Finland,375,163.0,FIN,63,1983,3,3,4,4,4.0,98.0685882568,-0.5297272200236902,-0.8246077575867483,0,0,0,0,,,27
Finland,375,163.0,FIN,63,1984,3,3,4,4,4.0,98.4825439453,0.4221083385191893,0.24079921272501803,0,0,0,0,,,27
Finland,375,163.0,FIN,63,1984,3,3,4,4,4.0,97.9498519897,-0.540899873479983,-0.648518754984484,0,0,0,0,,,27
Finland,375,163.0,FIN,63,1985,3,3,4,4,4.0,98.34815979,0.4066446168207394,0.2878530818599456,0,0,0,0,,,27
Finland,375,163.0,FIN,63,1985,3,3,4,4,4.0,97.8609619141,-0.4953807747295924,-0.6296360313888361,0,0,0,0,,,27
Finland,375,163.0,FIN,63,1986,3,3,4,4,4.0,97.5279693604,-0.34027108173358966,-0.4290072396424427,0,0,0,0,,,27
Finland,375,163.0,FIN,63,1986,3,3,4,4,4.0,96.9695663452,-0.5725567945914056,-1.4082086510545877,0,0,0,0,,,27
Finland,375,163.0,FIN,63,1987,3,3,4,4,4.0,97.8199386597,0.8769476306337065,-0.03588024569128878,0,0,0,0,,,27
Finland,375,163.0,FIN,63,1987,3,3,4,4,4.0,97.2690124512,-0.5632044101117173,-0.2588135740694164,0,0,0,0,,,27
Finland,375,163.0,FIN,63,1988,3,3,4,4,4.0,97.8024139404,0.5483776135463581,0.8621208340683473,0,0,0,0,,,27
Finland,375,163.0,FIN,63,1988,3,3,4,4,4.0,97.2055892944,-0.6102350872072559,-0.6250618837726152,0,0,0,0,,,27
Finland,375,163.0,FIN,63,1989,4,3,4,4,4.0,98.1006469727,0.9207882847036775,0.8589308110427796,0,0,0,0,,,27
Finland,375,163.0,FIN,63,1989,4,3,4,4,4.0,97.6351394653,-0.4745203235301254,-0.1639671260337039,0,0,0,0,,,27
Finland,375,163.0,FIN,63,1990,4,3,4,4,4.0,98.248336792,0.628049829250199,1.074317790423751,0,0,0,0,,,27
Finland,375,163.0,FIN,63,1990,4,3,4,4,4.0,97.929649353,-0.3243692966270695,-0.17083979090699586,0,0,0,0,,,27
Finland,375,163.0,FIN,63,1991,4,4,4,4,4.0,98.0142745972,0.08641432371003788,0.39009485633316743,0,0,0,0,,,27
Finland,375,163.0,FIN,63,1991,4,4,4,4,4.0,97.451171875,-0.5745109317128905,-0.8124659046299221,0,0,0,0,,,27
Finland,375,163.0,FIN,63,1992,4,4,4,4,4.0,98.2763366699,0.846746918506458,0.3586503105036054,0,0,0,0,,,27
Finland,375,163.0,FIN,63,1992,4,4,4,4,4.0,97.7098770142,-0.5763947608290243,-0.30415877403545677,0,0,0,0,,,27
Finland,375,163.0,FIN,63,1993,4,4,4,4,4.0,98.4509811401,0.7584741159711861,1.0288262736486198,0,0,0,0,,,27
Finland,375,163.0,FIN,63,1993,4,4,4,4,4.0,97.8524856567,-0.6079121573692725,-0.42583280222711073,0,0,0,0,,,27
Finland,375,163.0,FIN,63,1994,4,4,4,4,4.0,98.5571212769,0.720099868154711,0.8706618267566246,0,0,0,0,,,27
Finland,375,163.0,FIN,63,1994,4,4,4,4,4.0,97.9509658813,-0.6150295257681071,-0.5028418149826686,0,0,0,0,,,27
Finland,375,163.0,FIN,63,1995,4,4,4,4,4.0,98.6369857788,0.7003707327718933,0.8054410751584973,0,0,0,0,,,27
Finland,375,163.0,FIN,63,1995,4,4,4,4,4.0,98.0721893311,-0.5726010818767113,-0.4872598748729251,0,0,0,0,,,27
Finland,375,163.0,FIN,63,1996,4,4,4,4,4.0,98.5417556763,0.47879663786714044,0.6065662887623224,0,0,0,0,,,27
Finland,375,163.0,FIN,63,1996,4,4,4,4,4.0,98.0660552979,-0.4827399056727133,-0.5765443496822842,0,0,0,0,,,27
Finland,375,163.0,FIN,63,1997,4,4,4,4,4.0,98.5200500488,0.4629479074292231,0.45900463962365023,0,0,0,0,,,27
Finland,375,163.0,FIN,63,1997,4,4,4,4,4.0,98.0370025635,-0.49030373518967885,-0.510095733433169,0,0,0,0,,,27
Finland,375,163.0,FIN,63,1998,4,4,4,4,4.0,97.9661865234,-0.07223399150145804,-0.09958981926191379,0,0,0,0,,,27
Finland,375,163.0,FIN,63,1998,4,4,4,4,4.0,97.2750854492,-0.705448582542223,-1.2679863092333599,0,0,0,0,,,27
Finland,375,163.0,FIN,63,1999,4,4,4,4,4.0,98.2635498047,1.0161536748443112,0.23847110080063016,0,0,0,0,,,27
Finland,375,163.0,FIN,63,1999,4,4,4,4,4.0,97.7647323608,-0.5076322246564624,-0.1969271323543742,0,0,0,0,,,27
Finland,375,163.0,FIN,63,2000,4,4,4,4,4.0,98.6746139526,0.9306848899683917,1.4392063401562405,0,0,0,0,,,27
Finland,375,163.0,FIN,63,2000,4,4,4,4,4.0,98.4757919312,-0.20149257588735203,0.22156008942457728,0,0,0,0,,,27
Finland,375,163.0,FIN,63,2001,4,4,4,4,4.0,98.4410400391,-0.03528978180168396,0.6939025322793557,0,0,0,0,,,27
Finland,375,163.0,FIN,63,2001,4,4,4,4,4.0,98.1727523804,-0.2725363919290569,-0.5093187496180929,0,0,0,0,,,27
Finland,375,163.0,FIN,63,2002,4,4,4,4,4.0,98.4236984253,0.2556167967336265,-0.052209376997114365,0,0,0,0,,,27
Finland,375,163.0,FIN,63,2002,4,4,4,4,4.0,98.1542892456,-0.2737238937474795,-0.2906434889429099,0,0,0,0,,,27
Finland,375,163.0,FIN,63,2003,4,4,4,4,4.0,98.6711807251,0.5266111990344546,0.5085041020206016,0,0,0,0,,,27
Finland,375,163.0,FIN,63,2003,4,4,4,4,4.0,98.4124679565,-0.262196891431532,-0.009309586144556903,0,0,0,0,,,27
Finland,375,163.0,FIN,63,2004,4,4,4,4,4.0,99.2440414429,0.8449879407226968,1.1094022483256194,0,0,0,0,,,27
Finland,375,163.0,FIN,63,2004,4,4,4,4,4.0,99.0701293945,-0.1752367657256837,0.40755428356548107,0,0,0,0,,,27
Finland,375,163.0,FIN,63,2005,4,4,4,4,4.0,99.6637191772,0.5991612066400975,1.2689123816371106,0,0,0,0,,,27
Finland,375,163.0,FIN,63,2005,4,4,4,4,4.0,99.5453872681,-0.11873117928661303,0.3051932616278008,0,0,0,0,,,27
Finland,375,163.0,FIN,63,2006,4,4,4,4,4.0,100.3776321411,0.8360456429372887,1.3164756702907732,0,0,0,0,,,27
Finland,375,163.0,FIN,63,2006,4,4,4,4,4.0,100.3215103149,-0.05591068946626532,0.6614037741844103,0,0,0,0,,,27
Finland,375,163.0,FIN,63,2007,4,4,4,4,4.0,100.4266815186,0.10483415109070471,0.8849691045617281,0,0,0,0,,,27
Finland,375,163.0,FIN,63,2007,4,4,4,4,4.0,100.2701263428,-0.15589002188727275,-0.10696656026283335,0,0,0,0,,,27
Finland,375,163.0,FIN,63,2008,4,4,4,4,4.0,100.2159576416,-0.05402277146316914,-0.10507864225973718,0,0,0,0,,,27
Finland,375,163.0,FIN,63,2008,4,4,4,4,4.0,100.1440200806,-0.0717825411171269,-0.2816953344675688,0,0,0,0,,,27
Finland,375,163.0,FIN,63,2009,4,4,4,4,4.0,98.8178024292,-1.3243103785254506,-1.4501156911057467,0,0,0,0,,,27
Finland,375,163.0,FIN,63,2009,4,4,4,4,4.0,99.1622161865,0.34853411919049115,-1.0475588004520864,0,0,0,0,,,27
Finland,375,163.0,FIN,63,2010,4,4,4,4,4.0,99.7521743774,0.5949425230578065,-0.380833736277153,0,0,0,0,,,27
Finland,375,163.0,FIN,63,2010,4,4,4,4,4.0,99.8788070679,0.12694729843272246,1.07042394068102,0,0,0,0,,,27
Finland,375,163.0,FIN,63,2011,4,4,4,4,4.0,100.2910842896,0.4127774788296401,1.134667300320169,0,0,0,0,,,27
Finland,375,163.0,FIN,63,2011,4,4,4,4,4.0,100.2323913574,-0.05852258215746087,0.4812021951049017,0,0,0,0,,,27
Finland,375,163.0,FIN,63,2012,4,4,4,4,4.0,100.0,-0.23185255210699252,0.12240234456518673,0,0,0,0,,,27
Finland,375,163.0,FIN,63,2012,4,4,4,4,4.0,100.0,0.0,-0.2903751342644534,0,0,0,0,,,27
Finland,375,163.0,FIN,63,2013,4,4,4,4,4.0,100.1691131592,0.16911315919998504,-0.06273939290700747,0,0,0,0,,,27
Finland,375,163.0,FIN,63,2013,4,4,4,4,4.0,100.20337677,0.034205764351291634,0.20331892355127668,0,0,0,0,,,27
Finland,375,163.0,FIN,63,2014,4,4,4,4,4.0,100.030128479,-0.17289665935876775,0.03042226419250893,0,0,0,0,,,27
Finland,375,163.0,FIN,63,2014,4,4,4,4,4.0,100.2017059326,0.1715257754927535,0.032834880485277385,0,0,0,0,,,27
Finland,375,163.0,FIN,63,2015,4,4,4,4,4.0,97.8179321289,-2.3789752694464483,-2.3803461533124626,0,0,0,0,,,27
Finland,375,163.0,FIN,63,2015,4,4,4,4,4.0,99.2115783691,1.424734923207649,-0.7827145707460459,0,0,0,0,,,27
Finland,375,163.0,FIN,63,2016,4,4,4,4,4.0,97.563659668,-1.6610144987001307,-2.61525484493893,0,0,0,0,,,27
Finland,375,163.0,FIN,63,2016,4,4,4,4,4.0,99.1514205933,1.6274101757795867,1.391130600287105,0,0,0,0,,,27
Finland,375,163.0,FIN,63,2017,4,4,4,4,4.0,98.3316040039,-0.8268329233150684,-0.8604372462356125,0,0,0,0,,,27
Finland,375,163.0,FIN,63,2017,4,4,4,4,4.0,99.5889434814,1.278672803354386,2.079250055818904,0,0,0,0,,,27
Finland,375,163.0,FIN,63,2018,4,4,4,4,4.0,99.0731735229,-0.5178988153402009,-0.06605893530088336,0,0,0,0,,,27
Finland,375,163.0,FIN,63,2018,4,4,4,4,4.0,100.0107498169,0.9463472912607296,1.7071212792749146,0,0,0,0,,,27
Finland,375,163.0,FIN,63,2019,4,4,4,4,4.0,98.4919433594,-1.5186432061359834,-1.0901947302154547,0,0,0,0,,,27
Finland,375,163.0,FIN,63,2019,4,4,4,4,4.0,99.6149749756,1.1402268834335372,0.5679309685582834,0,0,0,0,,,27
Finland,375,163.0,FIN,63,2020,4,4,4,3,4.0,97.6480178833,-1.9745596410397082,-2.3529759637421543,0,0,0,0,,,27
Finland,375,163.0,FIN,63,2020,4,4,4,3,4.0,99.2524185181,1.6430447535734194,0.8087119959672484,0,0,0,0,,,27
Finland,375,163.0,FIN,63,2021,4,4,4,3,4.0,99.2976074219,0.045529272207867066,-0.2859856152584217,0,0,0,0,,,27
Finland,375,163.0,FIN,63,2021,4,4,4,3,4.0,100.1881942749,0.8968865173317297,2.585460543113016,0,0,0,0,,,27
Finland,375,163.0,FIN,63,2022,4,4,4,4,4.0,99.9808959961,-0.20690888811829566,0.7355069014213012,0,0,0,0,,,27
Finland,375,163.0,FIN,63,2022,4,4,4,4,4.0,100.5554122925,0.5746260729873942,1.2646037022008283,0,0,0,0,,,27
Finland,375,163.0,FIN,63,2023,4,4,4,4,4.0,99.0837478638,-1.4635357711220487,-1.0958185862529501,0,0,0,0,,,27
Finland,375,163.0,FIN,63,2023,4,4,4,4,4.0,99.8500061035,0.77334402081084,-0.11556567732381451,0,0,0,0,,,27
Finland,375,163.0,FIN,63,2024,4,4,4,4,4.0,98.8700332642,-0.9814449468177222,-1.671636697128931,0,0,0,0,,,27
Finland,375,163.0,FIN,63,2024,4,4,4,4,4.0,99.688621521,0.8279437457177519,0.6198428197108696,0,0,0,0,,,27
France,220,76.0,FRA,64,1975,4,4,4,4,3.0,100.4757461548,,,0,0,0,0,,,28
France,220,76.0,FRA,64,1975,4,4,4,4,3.0,99.4356231689,-1.0351980708832254,-1.0351980708832254,0,0,0,0,,,28
France,220,76.0,FRA,64,1976,4,4,4,4,3.0,100.5198287964,1.0903593631212072,0.05516129223798183,0,0,0,0,,,28
France,220,76.0,FRA,64,1976,4,4,4,4,3.0,99.5139923096,-1.000634898451036,-0.9454736062130542,0,0,0,0,,,28
France,220,76.0,FRA,64,1977,4,4,4,4,3.0,100.3193511963,0.8092921085855354,0.8990165732557065,0,0,0,0,,,28
France,220,76.0,FRA,64,1977,4,4,4,4,3.0,99.4401931763,-0.8763593559130145,-1.0677021457785152,0,0,0,0,,,28
France,220,76.0,FRA,64,1978,4,4,4,4,3.0,100.2865447998,0.851116230234461,0.7840489829069819,0,0,0,0,,,28
France,220,76.0,FRA,64,1978,4,4,4,4,3.0,99.3926696777,-0.8913210878731759,-0.9165642135517293,0,0,0,0,,,28
France,220,76.0,FRA,64,1979,4,4,4,4,3.0,100.6713256836,1.2864691229708347,1.2462642653321199,0,0,0,0,,,28
France,220,76.0,FRA,64,1979,4,4,4,4,3.0,99.7385101318,-0.9265950810380175,-0.5314470459403586,0,0,0,0,,,28
France,220,76.0,FRA,64,1980,4,4,4,4,3.0,100.6267242432,0.8905427905693264,1.2504168325021436,0,0,0,0,,,28
France,220,76.0,FRA,64,1980,4,4,4,4,3.0,99.712928772,-0.9081041622616026,-0.9441564527302937,0,0,0,0,,,28
France,220,76.0,FRA,64,1981,4,4,4,4,3.0,100.2783279419,0.5670269411029105,0.5494655694106343,0,0,0,0,,,28
France,220,76.0,FRA,64,1981,4,4,4,4,3.0,99.4410858154,-0.8349183155358264,-1.1759955366945185,0,0,0,0,,,28
France,220,76.0,FRA,64,1982,4,4,4,4,3.0,100.0162658691,0.5784128853618453,0.31052151092892943,0,0,0,0,,,28
France,220,76.0,FRA,64,1982,4,4,4,4,3.0,99.2844314575,-0.7317153917321906,-0.9882208219061717,0,0,0,0,,,28
France,220,76.0,FRA,64,1983,4,4,4,4,3.0,100.0778274536,0.7991142059766032,0.645811699606258,0,0,0,0,,,28
France,220,76.0,FRA,64,1983,4,4,4,4,3.0,99.3461837769,-0.7310746998771656,-0.6636758856327529,0,0,0,0,,,28
France,220,76.0,FRA,64,1984,4,4,4,4,3.0,99.9102935791,0.5678223166244667,0.6358618227239043,0,0,0,0,,,28
France,220,76.0,FRA,64,1984,4,4,4,4,3.0,99.2361831665,-0.6747156758840855,-0.8379680591367844,0,0,0,0,,,28
France,220,76.0,FRA,64,1985,4,3,4,4,3.0,99.6856994629,0.45297620490480917,0.3460828456451903,0,0,0,0,,,28
France,220,76.0,FRA,64,1985,4,3,4,4,3.0,99.0903167725,-0.5972598814151686,-0.818999352394445,0,0,0,0,,,28
France,220,76.0,FRA,64,1986,4,4,4,4,3.0,99.1703186035,0.08073627535540862,-0.06354740115495083,0,0,0,0,,,28
France,220,76.0,FRA,64,1986,4,4,4,4,3.0,98.7191543579,-0.45493878809024224,-0.9714623941500022,0,0,0,0,,,28
France,220,76.0,FRA,64,1987,4,4,4,4,3.0,99.1991500854,0.48622350001077397,0.11202098727594034,0,0,0,0,,,28
France,220,76.0,FRA,64,1987,4,4,4,4,3.0,98.750038147,-0.452737687786009,-0.42145297586547725,0,0,0,0,,,28
France,220,76.0,FRA,64,1988,4,4,4,4,3.0,99.3208618164,0.5780490621687395,0.6115348743935045,0,0,0,0,,,28
France,220,76.0,FRA,64,1988,4,4,4,4,3.0,98.8103485107,-0.514004103834409,-0.38869272945167843,0,0,0,0,,,28
France,220,76.0,FRA,64,1989,4,4,4,4,3.0,99.3488464355,0.5449813029873907,0.6090262613217212,0,0,0,0,,,28
France,220,76.0,FRA,64,1989,4,4,4,4,3.0,98.8717269897,-0.4802465885799245,-0.44926938942694283,0,0,0,0,,,28
France,220,76.0,FRA,64,1990,4,3,4,4,3.0,99.2506027222,0.3831992663984485,0.4479339808059146,0,0,0,0,,,28
France,220,76.0,FRA,64,1990,4,3,4,4,3.0,98.8472824097,-0.4063656052839093,-0.5034129274653854,0,0,0,0,,,28
France,220,76.0,FRA,64,1991,4,3,4,4,4.0,98.9873428345,0.1416937536223628,0.11852741473690198,0,0,0,0,,,28
France,220,76.0,FRA,64,1991,4,3,4,4,4.0,98.5922546387,-0.39913001449141117,-0.6638018661529577,0,0,0,0,,,28
France,220,76.0,FRA,64,1992,4,3,4,4,4.0,99.0163269043,0.4301273636088787,0.17269110273983035,0,0,0,0,,,28
France,220,76.0,FRA,64,1992,4,3,4,4,4.0,98.6075592041,-0.4128285839112955,-0.38183123479382797,0,0,0,0,,,28
France,220,76.0,FRA,64,1993,4,4,4,4,4.0,98.9808959961,0.3786086939108424,0.3959074736084256,0,0,0,0,,,28
France,220,76.0,FRA,64,1993,4,4,4,4,4.0,98.5421905518,-0.4432223409225222,-0.47744223092297533,0,0,0,0,,,28
France,220,76.0,FRA,64,1994,3,4,4,4,4.0,99.0592041016,0.5246621238120586,0.46004847680037875,0,0,0,0,,,28
France,220,76.0,FRA,64,1994,3,4,4,4,4.0,98.6171875,-0.44621456997236963,-0.3647747870828333,0,0,0,0,,,28
France,220,76.0,FRA,64,1995,4,4,4,4,4.0,99.1131134033,0.5028797878666058,0.5813273417062947,0,0,0,0,,,28
France,220,76.0,FRA,64,1995,4,4,4,4,4.0,98.7026138306,-0.4141728158913227,-0.35750759799708653,0,0,0,0,,,28
France,220,76.0,FRA,64,1996,4,4,4,4,4.0,99.0996856689,0.4022911074892832,0.4909980794645663,0,0,0,0,,,28
France,220,76.0,FRA,64,1996,4,4,4,4,4.0,98.7245101929,-0.3785839212986919,-0.3904656297007314,0,0,0,0,,,28
France,220,76.0,FRA,64,1997,4,3,4,4,4.0,99.0476226807,0.32728700012658596,0.35099418631717727,0,0,0,0,,,28
France,220,76.0,FRA,64,1997,4,3,4,4,4.0,98.6542205811,-0.39718479752735014,-0.4484817186994561,0,0,0,0,,,28
France,220,76.0,FRA,64,1998,4,4,3,4,4.0,98.8162994385,0.16428983620295767,0.09439203880219349,0,0,0,0,,,28
France,220,76.0,FRA,64,1998,4,4,3,4,4.0,98.3432540894,-0.47871186412359323,-0.7116068254479857,0,0,0,0,,,28
France,220,76.0,FRA,64,1999,4,4,3,4,4.0,98.7872924805,0.4515189122136887,0.1370968842930531,0,0,0,0,,,28
France,220,76.0,FRA,64,1999,4,4,3,4,4.0,98.3592605591,-0.43328641837663273,-0.4604793702865373,0,0,0,0,,,28
France,220,76.0,FRA,64,2000,4,4,3,4,4.0,98.9648742676,0.6157160038185783,0.6339484976556342,0,0,0,0,,,28
France,220,76.0,FRA,64,2000,4,4,3,4,4.0,98.6399841309,-0.32828833371878474,-0.1458587482768392,0,0,0,0,,,28
France,220,76.0,FRA,64,2001,4,4,3,4,4.0,98.9671554565,0.33168225692921105,0.6191099270290046,0,0,0,0,,,28
France,220,76.0,FRA,64,2001,4,4,3,4,4.0,98.6375045776,-0.33309119311294433,-0.329697269902518,0,0,0,0,,,28
France,220,76.0,FRA,64,2002,4,4,3,4,3.0,99.0290374756,0.39694120373046093,0.39553226754672766,0,0,0,0,,,28
France,220,76.0,FRA,64,2002,4,4,3,4,3.0,98.7271881104,-0.3048089458350889,-0.24095893521757228,0,0,0,0,,,28
France,220,76.0,FRA,64,2003,4,4,3,4,3.0,99.102722168,0.380375522475207,0.47250778037057906,0,0,0,0,,,28
France,220,76.0,FRA,64,2003,4,4,3,4,3.0,98.8228988647,-0.2823568285295397,-0.20679025188942157,0,0,0,0,,,28
France,220,76.0,FRA,64,2004,4,4,3,4,3.0,99.2486114502,0.4307833410987616,0.5288020350444289,0,0,0,0,,,28
France,220,76.0,FRA,64,2004,4,4,3,4,3.0,99.0143508911,-0.23603409224274285,-0.08760757967352095,0,0,0,0,,,28
France,220,76.0,FRA,64,2005,4,4,3,4,3.0,99.4095993042,0.39918295635217316,0.5939322052081919,0,0,0,0,,,28
France,220,76.0,FRA,64,2005,4,4,3,4,3.0,99.2116622925,-0.19911257372068336,-0.03596370961125306,0,0,0,0,,,28
France,220,76.0,FRA,64,2006,3,4,3,4,3.0,99.6801681519,0.47222861564273355,0.6722989982742233,0,0,0,0,,,28
France,220,76.0,FRA,64,2006,3,4,3,4,3.0,99.5545120239,-0.12605930580746882,0.14705673611458137,0,0,0,0,,,28
France,220,76.0,FRA,64,2007,3,4,4,4,3.0,99.768409729,0.21485485765693202,0.5610241674921967,0,0,0,0,,,28
France,220,76.0,FRA,64,2007,3,4,4,4,3.0,99.6860427856,-0.08255814002020578,0.006237411829257411,0,0,0,0,,,28
France,220,76.0,FRA,64,2008,3,4,4,4,4.0,99.9894714355,0.3043842863264201,0.43668100396314635,0,0,0,0,,,28
France,220,76.0,FRA,64,2008,3,4,4,4,4.0,99.8869018555,-0.10258038024149041,0.11924576606472392,0,0,0,0,,,28
France,220,76.0,FRA,64,2009,3,4,3,4,4.0,99.440322876,-0.44708462391399584,-0.24528071782906613,0,0,0,0,,,28
France,220,76.0,FRA,64,2009,3,4,3,4,4.0,99.4352340698,-0.005117447382319007,-0.5547824515378053,0,0,0,0,,,28
France,220,76.0,FRA,64,2010,3,4,3,4,4.0,99.8269577026,0.3939485198224846,-0.05825355147383027,0,0,0,0,,,28
France,220,76.0,FRA,64,2010,3,4,3,4,4.0,99.8101348877,-0.016851975946330366,0.3719790964938352,0,0,0,0,,,28
France,220,76.0,FRA,64,2011,3,4,3,4,4.0,100.1469421387,0.337447946923386,0.7145444907995402,0,0,0,0,,,28
France,220,76.0,FRA,64,2011,3,4,3,4,4.0,100.1543502808,0.007397272389741971,0.3279932433667976,0,0,0,0,,,28
France,220,76.0,FRA,64,2012,3,4,3,4,4.0,100.0,-0.15411240786571412,0.19073281144741383,0,0,0,0,,,28
France,220,76.0,FRA,64,2012,3,4,3,4,4.0,100.0,0.0,-0.14671513547597215,0,0,0,0,,,28
France,220,76.0,FRA,64,2013,3,4,3,4,4.0,100.0050354004,0.005035400399999723,-0.1490770074657144,0,0,0,0,,,28
France,220,76.0,FRA,64,2013,3,4,3,4,4.0,99.9896697998,-0.015364826919450625,-0.010329426519450902,0,0,0,0,,,28
France,220,76.0,FRA,64,2014,3,4,3,4,4.0,99.8843078613,-0.10537282372364842,-0.11570225024309932,0,0,0,0,,,28
France,220,76.0,FRA,64,2014,3,4,3,4,4.0,99.8972244263,0.012931525758719253,-0.1078061248843798,0,0,0,0,,,28
France,220,76.0,FRA,64,2015,3,4,3,4,4.0,99.2666473389,-0.6312258333715848,-0.723667131336514,0,0,0,0,,,28
France,220,76.0,FRA,64,2015,3,4,3,4,4.0,99.4161300659,0.1505870612207305,-0.467707246392135,0,0,0,0,,,28
France,220,76.0,FRA,64,2016,3,4,3,4,4.0,99.1685562134,-0.24902785125100468,-0.729666623401859,0,0,0,0,,,28
France,220,76.0,FRA,64,2016,3,4,3,4,4.0,99.361656189,0.19471895424643115,0.09627816421615698,0,0,0,0,,,28
France,220,76.0,FRA,64,2017,3,4,3,4,4.0,99.3801803589,0.018643177469557237,-0.035665719535016294,0,0,0,0,,,28
France,220,76.0,FRA,64,2017,3,4,3,4,4.0,99.545211792,0.16606070999671818,0.37942284171270657,0,0,0,0,,,28
France,220,76.0,FRA,64,2018,3,3,3,4,4.0,99.5575485229,0.012393093226603646,0.19709698069287906,0,0,0,0,,,28
France,220,76.0,FRA,64,2018,3,3,3,4,4.0,99.6682739258,0.11121748631095496,0.2896712895342768,0,0,0,0,,,28
France,220,76.0,FRA,64,2019,3,3,3,4,4.0,99.3922424316,-0.27695021025998523,-0.15333963072242662,0,0,0,0,,,28
France,220,76.0,FRA,64,2019,3,3,3,4,4.0,99.5329437256,0.1415616456151847,-0.024171078333845575,0,0,0,0,,,28
France,220,76.0,FRA,64,2020,3,3,3,2,4.0,99.2300796509,-0.30428525808999796,-0.4396738227347985,0,0,0,0,,,28
France,220,76.0,FRA,64,2020,3,3,3,2,4.0,99.421257019,0.19266070204979613,0.029937089574982867,0,0,0,0,,,28
France,220,76.0,FRA,64,2021,3,3,3,2,4.0,99.9180450439,0.49967988717449785,0.388055331134296,0,0,0,0,,,28
France,220,76.0,FRA,64,2021,3,3,3,2,4.0,100.0178375244,0.09987433246532174,0.7922149216896157,0,0,0,0,,,28
France,220,76.0,FRA,64,2022,3,3,3,4,4.0,100.1374130249,0.11955417499487364,0.7191083946346932,0,0,0,0,,,28
France,220,76.0,FRA,64,2022,3,3,3,4,4.0,100.1764984131,0.03903175348687338,0.25846026094706875,0,0,0,0,,,28
France,220,76.0,FRA,64,2023,3,3,3,4,4.0,99.7995452881,-0.3762889809200032,-0.21770305243825616,0,0,0,0,,,28
France,220,76.0,FRA,64,2023,3,3,3,4,4.0,99.9006652832,0.10132310203225803,-0.23593412540087177,0,0,0,0,,,28
France,220,76.0,FRA,64,2024,3,3,3,4,4.0,99.7122879028,-0.18856469060138936,-0.4635305694891345,0,0,0,0,,,28
France,220,76.0,FRA,64,2024,3,3,3,4,4.0,99.8010559082,0.08902413861622271,0.0017825500470913802,0,0,0,0,,,28
Gabon,481,116.0,GAB,65,1975,1,1,4,3,1.0,67.478767395,,,0,0,0,0,-11.0,-15.0,29
Gabon,481,116.0,GAB,65,1975,1,1,4,3,1.0,60.0279121399,-11.041777351214765,-11.041777351214765,0,0,0,0,-11.0,-15.0,29
Gabon,481,116.0,GAB,65,1976,1,1,4,3,1.0,70.2151412964,16.970820395614993,5.929043044400228,0,0,0,0,-10.0,-14.0,29
Gabon,481,116.0,GAB,65,1976,1,1,4,3,1.0,62.6787643433,-10.73326466906419,-4.804221624663963,0,0,0,0,-10.0,-14.0,29
Gabon,481,116.0,GAB,65,1977,1,1,4,3,1.0,71.584526062,14.20857895334684,20.446134679897643,0,0,1,0,-9.0,-13.0,29
Gabon,481,116.0,GAB,65,1977,1,1,4,3,1.0,63.9914093018,-10.607204067571152,-7.131889783288502,0,0,0,0,-9.0,-13.0,29
Gabon,481,116.0,GAB,65,1978,1,1,4,3,1.0,68.9662017822,7.774156773040586,11.375531658816275,0,0,0,0,-8.0,-12.0,29
Gabon,481,116.0,GAB,65,1978,1,1,4,3,1.0,61.4950942993,-10.832998323576337,-13.666045618106903,0,0,0,0,-8.0,-12.0,29
Gabon,481,116.0,GAB,65,1979,2,1,4,3,1.0,88.1666030884,43.37176663115321,40.312925080617454,0,0,1,0,-7.0,-11.0,29
Gabon,481,116.0,GAB,65,1979,2,1,4,3,1.0,78.5394973755,-10.919220402817832,21.619547904759035,0,0,1,0,-7.0,-11.0,29
Gabon,481,116.0,GAB,65,1980,2,1,4,3,1.0,92.7849655151,18.13796703013253,50.5905132584679,0,0,1,0,-6.0,-10.0,29
Gabon,481,116.0,GAB,65,1980,2,1,4,3,1.0,82.0129470825,-11.609659358925917,-4.390912731611223,0,0,0,0,-6.0,-10.0,29
Gabon,481,116.0,GAB,65,1981,2,1,4,3,1.0,88.1505889893,7.483747536380947,14.012055207587554,0,0,0,0,-5.0,-9.0,29
Gabon,481,116.0,GAB,65,1981,2,1,4,3,1.0,78.3851928711,-11.078083799741101,-15.203995622286076,0,0,0,0,-5.0,-9.0,29
Gabon,481,116.0,GAB,65,1982,2,1,4,3,1.0,85.9059753418,9.594646890857938,6.000310627497779,0,0,0,0,-4.0,-8.0,29
Gabon,481,116.0,GAB,65,1982,2,1,4,3,1.0,76.6104507446,-10.820579779480132,-12.304016688363301,0,0,0,0,-4.0,-8.0,29
Gabon,481,116.0,GAB,65,1983,2,1,4,3,1.0,82.9943084717,8.332881043060514,7.1069481544383155,0,0,0,0,-3.0,-7.0,29
Gabon,481,116.0,GAB,65,1983,2,1,4,3,1.0,73.7688064575,-11.115824909060802,-13.603523645480424,0,0,0,0,-3.0,-7.0,29
Gabon,481,116.0,GAB,65,1984,2,1,4,3,1.0,82.2406082153,11.484260305446048,8.701316439445757,0,0,0,0,-2.0,-6.0,29
Gabon,481,116.0,GAB,65,1984,2,1,4,3,1.0,72.9307327271,-11.320290170796676,-10.951854774411434,0,0,0,0,-2.0,-6.0,29
Gabon,481,116.0,GAB,65,1985,2,1,3,3,1.0,80.8280563354,10.828526346843459,10.992496481492827,0,0,0,0,-1.0,-5.0,29
Gabon,481,116.0,GAB,65,1985,2,1,3,3,1.0,71.5702972412,-11.453645570523785,-11.945409394477005,0,0,0,0,-1.0,-5.0,29
Gabon,481,116.0,GAB,65,1986,2,1,3,3,1.0,62.1581192017,-13.150955637056928,-13.776074860737257,0,0,0,0,0.0,-4.0,29
Gabon,481,116.0,GAB,65,1986,2,1,3,3,1.0,54.1627616882,-12.862933460961823,-37.46753466854254,1,1,0,0,0.0,-4.0,29
Gabon,481,116.0,GAB,65,1987,2,1,3,3,1.0,65.624710083,21.162045725776046,-4.851843372242708,0,0,0,0,1.0,-3.0,29
Gabon,481,116.0,GAB,65,1987,2,1,3,3,1.0,57.9559402466,-11.685796137919368,-3.3866838731051487,0,0,0,0,1.0,-3.0,29
Gabon,481,116.0,GAB,65,1988,2,1,3,3,1.0,60.150226593,3.7861284573477816,13.262378045204457,0,0,0,0,2.0,-2.0,29
Gabon,481,116.0,GAB,65,1988,2,1,3,3,1.0,51.0546684265,-15.121402996607324,-23.021070677178916,1,1,0,0,2.0,-2.0,29
Gabon,481,116.0,GAB,65,1989,2,1,3,3,1.0,62.3285255432,22.081931905855434,10.746657366595887,0,0,0,0,3.0,-1.0,29
Gabon,481,116.0,GAB,65,1989,2,1,3,3,1.0,54.5821762085,-12.428256993390596,-5.4677280841424905,0,0,0,0,3.0,-1.0,29
Gabon,481,116.0,GAB,65,1990,3,3,3,3,2.0,66.0123977661,20.941307861997593,30.594982774462427,0,0,1,1,4.0,0.0,29
Gabon,481,116.0,GAB,65,1990,3,3,3,3,2.0,59.7009315491,-9.561031610097315,-1.0479807414903224,0,0,0,0,4.0,0.0,29
Gabon,481,116.0,GAB,65,1991,3,3,3,3,2.0,62.1262130737,4.0623847261166635,15.442660978016937,0,0,0,0,5.0,1.0,29
Gabon,481,116.0,GAB,65,1991,3,3,3,3,2.0,55.1351890564,-11.252937643256288,-16.751584527236943,0,0,0,0,5.0,1.0,29
Gabon,481,116.0,GAB,65,1992,3,3,3,4,2.0,61.9409866333,12.343836474267045,5.1532835571274145,0,0,0,0,6.0,2.0,29
Gabon,481,116.0,GAB,65,1992,3,3,3,4,2.0,55.0539855957,-11.118649236848754,-10.027750405838002,0,0,0,0,6.0,2.0,29
Gabon,481,116.0,GAB,65,1993,2,3,3,2,2.0,59.4435997009,7.973290321678106,9.198477559096393,0,0,0,0,7.0,3.0,29
Gabon,481,116.0,GAB,65,1993,2,3,3,2,2.0,53.5391387939,-9.932879126952676,-13.07823804212333,0,0,0,0,7.0,3.0,29
Gabon,481,116.0,GAB,65,1994,2,2,3,2,2.0,57.6394538879,7.658537635026663,5.698948829752087,0,0,0,0,8.0,4.0,29
Gabon,481,116.0,GAB,65,1994,2,2,3,2,2.0,51.8546295166,-10.036223421808621,-12.310564913734641,0,0,0,0,8.0,4.0,29
Gabon,481,116.0,GAB,65,1995,3,3,3,3,2.0,58.2364273071,12.30709359992057,9.929407813138605,0,0,0,0,9.0,5.0,29
Gabon,481,116.0,GAB,65,1995,3,3,3,3,2.0,52.2699050903,-10.24534383837894,-7.974473660266998,0,0,0,0,9.0,5.0,29
Gabon,481,116.0,GAB,65,1996,3,3,3,3,2.0,62.3377037048,19.26117638267595,21.322926144217572,0,0,1,0,10.0,6.0,29
Gabon,481,116.0,GAB,65,1996,3,3,3,3,2.0,55.5778160095,-10.84397931516924,-1.8281467708722374,0,0,0,0,10.0,6.0,29
Gabon,481,116.0,GAB,65,1997,2,3,3,3,2.0,61.758026123,11.11992258285861,19.537119650365312,0,0,0,0,11.0,7.0,29
Gabon,481,116.0,GAB,65,1997,2,3,3,3,2.0,55.1380691528,-10.719184834397721,-10.443241566708357,0,0,0,0,11.0,7.0,29
Gabon,481,116.0,GAB,65,1998,2,3,3,3,2.0,52.7296676636,-4.367946731188177,-3.9672089827272945,0,0,0,0,12.0,8.0,29
Gabon,481,116.0,GAB,65,1998,2,3,3,3,2.0,47.8129997253,-9.324291534828,-24.411423100413906,1,1,0,0,12.0,8.0,29
Gabon,481,116.0,GAB,65,1999,2,3,3,3,2.0,60.9191741943,27.411320235707628,13.719081969691443,0,0,0,0,13.0,9.0,29
Gabon,481,116.0,GAB,65,1999,2,3,3,3,2.0,54.6856918335,-10.232381583043914,7.854647117835707,0,0,0,0,13.0,9.0,29
Gabon,481,116.0,GAB,65,2000,2,3,3,3,2.0,72.2427520752,32.10540024830533,49.28433890096903,0,0,1,1,14.0,10.0,29
Gabon,481,116.0,GAB,65,2000,2,3,3,3,2.0,65.2767028809,-9.64255789570253,12.230460769558874,0,0,0,0,14.0,10.0,29
Gabon,481,116.0,GAB,65,2001,2,3,3,3,2.0,68.4887771606,4.920705455299346,27.383547807902133,0,0,1,0,15.0,11.0,29
Gabon,481,116.0,GAB,65,2001,2,3,3,3,2.0,62.064201355,-9.380479652213591,-14.102332092616788,0,0,0,0,15.0,11.0,29
Gabon,481,116.0,GAB,65,2002,2,3,3,2,2.0,69.6926727295,12.291258419432548,7.8314842225182915,0,0,0,0,16.0,12.0,29
Gabon,481,116.0,GAB,65,2002,2,3,3,2,2.0,63.1601104736,-9.3733846042252,-6.462605837006254,0,0,0,0,16.0,12.0,29
Gabon,481,116.0,GAB,65,2003,2,3,3,2,2.0,73.4493942261,16.29079441968482,19.208668234892155,0,0,0,0,17.0,13.0,29
Gabon,481,116.0,GAB,65,2003,2,3,3,2,2.0,66.394317627,-9.605357094412891,-2.687947278953285,0,0,0,0,17.0,13.0,29
Gabon,481,116.0,GAB,65,2004,2,2,3,2,2.0,77.560760498,16.818371315648584,23.503808640920496,0,0,1,0,18.0,14.0,29
Gabon,481,116.0,GAB,65,2004,2,2,3,2,2.0,71.9857559204,-7.187918919056702,0.025095302178976375,0,0,0,0,18.0,14.0,29
Gabon,481,116.0,GAB,65,2005,2,2,3,2,2.0,83.0135879517,15.319464094388756,24.949916490980623,0,0,1,0,19.0,15.0,29
Gabon,481,116.0,GAB,65,2005,2,2,3,2,2.0,81.3260955811,-2.0327905493999765,6.098754625932063,0,0,0,0,19.0,15.0,29
Gabon,481,116.0,GAB,65,2006,2,3,3,2,2.0,86.8181304932,6.753102891338525,20.03977643632729,0,0,1,0,20.0,16.0,29
Gabon,481,116.0,GAB,65,2006,2,3,3,2,2.0,87.1935195923,0.43238560536547066,5.152697947304005,0,0,0,0,20.0,16.0,29
Gabon,481,116.0,GAB,65,2007,2,3,3,2,2.0,89.47706604,2.6189405570246738,9.804429053728654,0,0,0,0,21.0,17.0,29
Gabon,481,116.0,GAB,65,2007,2,3,3,2,2.0,89.7564468384,0.3122373260150191,3.3635634884051493,0,0,0,0,21.0,17.0,29
Gabon,481,116.0,GAB,65,2008,2,3,3,2,2.0,100.4514465332,11.915578291613492,14.846756174653171,0,0,0,0,22.0,18.0,29
Gabon,481,116.0,GAB,65,2008,2,3,3,2,2.0,99.1373291016,-1.3082115558840313,10.919604061744465,0,0,0,0,22.0,18.0,29
Gabon,481,116.0,GAB,65,2009,2,3,4,2,2.0,81.0002670288,-18.294886736571648,-7.687520000842202,0,0,0,0,23.0,19.0,29
Gabon,481,116.0,GAB,65,2009,2,3,4,2,2.0,83.4259567261,2.9946687662616434,-16.60842952619405,0,0,0,0,23.0,19.0,29
Gabon,481,116.0,GAB,65,2010,3,3,4,3,2.0,89.8521575928,7.702879438108434,-7.597338532201585,0,0,0,0,24.0,20.0,29
Gabon,481,116.0,GAB,65,2010,3,3,4,3,2.0,91.4036026001,1.7266641657409876,12.42421237011105,0,0,0,0,24.0,20.0,29
Gabon,481,116.0,GAB,65,2011,3,3,4,3,2.0,101.1190719604,10.62919741009134,20.058741013940747,0,0,1,0,25.0,21.0,29
Gabon,481,116.0,GAB,65,2011,3,3,4,3,2.0,100.9436340332,-0.17349637788280914,12.182365197949503,0,0,0,0,25.0,21.0,29
Gabon,481,116.0,GAB,65,2012,2,3,4,3,2.0,100.0,-0.9348128212717577,9.520888210936759,0,0,0,0,26.0,22.0,29
Gabon,481,116.0,GAB,65,2012,2,3,4,3,2.0,100.0,0.0,-1.108309199154581,0,0,0,0,26.0,22.0,29
Gabon,481,116.0,GAB,65,2013,2,2,4,3,2.0,101.0266494751,1.0266494751000055,0.09183665382823358,0,0,0,0,27.0,23.0,29
Gabon,481,116.0,GAB,65,2013,2,2,4,3,2.0,100.4403762817,-0.5803153885099444,0.4463340865900469,0,0,0,0,27.0,23.0,29
Gabon,481,116.0,GAB,65,2014,3,2,4,3,2.0,96.4884490967,-3.9346001392072005,-3.4882660526171536,0,0,0,0,28.0,24.0,29
Gabon,481,116.0,GAB,65,2014,3,2,4,3,2.0,97.401802063,0.9465930635745412,-3.568322464142618,0,0,0,0,28.0,24.0,29
Gabon,481,116.0,GAB,65,2015,2,2,3,3,2.0,67.4095916748,-30.792254098954853,-33.78026117458753,1,1,0,0,29.0,25.0,29
Gabon,481,116.0,GAB,65,2015,2,2,3,3,2.0,76.355758667,13.27135615263546,-16.574304882744862,0,0,0,0,29.0,25.0,29
Gabon,481,116.0,GAB,65,2016,2,2,4,4,2.0,64.0417480469,-16.12715377998328,-33.64805172630268,1,1,0,0,30.0,26.0,29
Gabon,481,116.0,GAB,65,2016,2,2,4,4,2.0,73.3859939575,14.590866420068505,11.735068792720671,0,0,0,0,30.0,26.0,29
Gabon,481,116.0,GAB,65,2017,2,2,4,3,2.0,70.2175445557,-4.317512417471581,-5.85379977738637,0,0,0,0,31.0,27.0,29
Gabon,481,116.0,GAB,65,2017,2,2,4,3,2.0,79.3945999146,13.069462079552352,23.342816082149263,0,0,1,1,31.0,27.0,29
Gabon,481,116.0,GAB,65,2018,2,2,4,3,2.0,78.2731781006,-1.412466106266963,7.3394835558137945,0,0,0,0,32.0,28.0,29
Gabon,481,116.0,GAB,65,2018,2,2,4,3,2.0,87.1574401855,11.350327532991633,23.00732350627701,0,0,1,0,32.0,28.0,29
Gabon,481,116.0,GAB,65,2019,2,2,4,3,2.0,74.2546463013,-14.804007387939066,-4.866145961214409,0,0,0,0,33.0,29.0,29
Gabon,481,116.0,GAB,65,2019,2,2,4,3,2.0,83.3358917236,12.229868263665832,8.776188408718387,0,0,0,0,33.0,29.0,29
Gabon,481,116.0,GAB,65,2020,2,2,4,2,2.0,63.187210083,-24.1776756975579,-26.751814821831147,1,1,0,0,34.0,30.0,29
Gabon,481,116.0,GAB,65,2020,2,2,4,2,2.0,72.586479187,14.875271580520044,2.927464146627967,0,0,0,0,34.0,30.0,29
Gabon,481,116.0,GAB,65,2021,2,2,4,2,2.0,77.3808135986,6.604996502514826,-2.697407614523039,0,0,0,0,35.0,31.0,29
Gabon,481,116.0,GAB,65,2021,2,2,4,2,2.0,86.2244186401,11.428679320140933,32.90894740317579,0,0,1,1,35.0,31.0,29
Gabon,481,116.0,GAB,65,2022,2,2,4,3,2.0,85.6608963013,-0.65355307427718,17.380122748378568,0,0,0,0,36.0,32.0,29
Gabon,481,116.0,GAB,65,2022,2,2,4,3,2.0,93.7090301514,9.3953416291511,20.170467875014843,0,0,1,0,36.0,32.0,29
Gabon,481,116.0,GAB,65,2023,2,2,4,3,2.0,79.5238113403,-15.137515336762963,-6.395726781889053,0,0,0,0,37.0,33.0,29
Gabon,481,116.0,GAB,65,2023,2,2,4,3,2.0,87.7792739868,10.381120456077063,4.638946748465191,0,0,0,0,37.0,33.0,29
Gabon,481,116.0,GAB,65,2024,2,2,4,3,2.0,78.4839019775,-10.589483812201294,-15.345878692887203,0,0,0,0,38.0,34.0,29
Gabon,481,116.0,GAB,65,2024,2,2,4,3,2.0,86.5798568726,10.31543372731516,10.10707037119092,0,0,0,0,38.0,34.0,29
Georgia,372,118.0,GEO,67,1992,2,2,3,3,1.0,96.1576843262,,,0,0,0,0,,,30
Georgia,372,118.0,GEO,67,1992,2,2,3,3,1.0,96.7872848511,0.6547584099094728,0.6547584099094728,0,0,0,0,,,30
Georgia,372,118.0,GEO,67,1993,2,2,3,3,1.0,95.4019088745,-1.4313615458180329,-0.7766031359085601,0,0,0,0,,,30
Georgia,372,118.0,GEO,67,1993,2,2,3,3,1.0,96.5110855103,1.1626356840082952,0.3860325480997351,0,0,0,0,,,30
Georgia,372,118.0,GEO,67,1994,2,2,4,3,2.0,95.5263061523,-1.0203795271734983,-1.289105388983236,0,0,0,0,,,30
Georgia,372,118.0,GEO,67,1994,2,2,4,3,2.0,96.614944458,1.1396214818192085,1.2818776386540054,0,0,0,0,,,30
Georgia,372,118.0,GEO,67,1995,2,3,4,2,2.0,95.7027893066,-0.9441139323911996,-0.8248719777454894,0,0,0,0,,,30
Georgia,372,118.0,GEO,67,1995,2,3,4,2,2.0,96.7934112549,1.1395926453157124,1.3351001947437213,0,0,0,0,,,30
Georgia,372,118.0,GEO,67,1996,2,3,4,2,1.0,95.8352584839,-0.9898946204889403,-0.7944159075644275,0,0,0,0,,,30
Georgia,372,118.0,GEO,67,1996,2,3,4,2,1.0,96.6948699951,0.8969679059658509,1.046665930792623,0,0,0,0,,,30
Georgia,372,118.0,GEO,67,1997,2,3,4,3,2.0,95.9387054443,-0.7820110320623241,-0.8749377465854136,0,0,0,0,,,30
Georgia,372,118.0,GEO,67,1997,2,3,4,3,2.0,96.74634552,0.8418292408259642,0.9567861147294909,0,0,0,0,,,30
Georgia,372,118.0,GEO,67,1998,2,3,3,3,2.0,95.5693511963,-1.216577553781284,-1.1567593450176439,0,0,0,0,,,30
Georgia,372,118.0,GEO,67,1998,2,3,3,3,2.0,96.3204116821,0.7858800717997161,0.41113175884439634,0,0,0,0,,,30
Georgia,372,118.0,GEO,67,1999,3,3,3,3,1.0,95.7098617554,-0.6338738757835527,-1.0645713577651206,0,0,0,0,,,30
Georgia,372,118.0,GEO,67,1999,3,3,3,3,1.0,96.3017120361,0.6183796213315551,0.7703858173477185,0,0,0,0,,,30
Georgia,372,118.0,GEO,67,2000,2,3,3,3,1.0,96.0096664429,-0.30326106049965995,-0.31875531495165754,0,0,0,0,,,30
Georgia,372,118.0,GEO,67,2000,2,3,3,3,1.0,96.7434158325,0.7642453273560612,1.0793638881879564,0,0,0,0,,,30
Georgia,372,118.0,GEO,67,2001,2,3,3,3,1.0,95.9231567383,-0.8478707177552947,-0.3868864508988934,0,0,0,0,,,30
Georgia,372,118.0,GEO,67,2001,2,3,3,3,1.0,96.6249771118,0.7316485376046789,0.6480231472054454,0,0,0,0,,,30
Georgia,372,118.0,GEO,67,2002,2,3,3,3,1.0,95.9090881348,-0.7408943302223858,-0.8571165103730016,0,0,0,0,,,30
Georgia,372,118.0,GEO,67,2002,2,3,3,3,1.0,96.6581192017,0.7809802819178424,0.7717344893001354,0,0,0,0,,,30
Georgia,372,118.0,GEO,67,2003,2,3,3,3,1.0,96.1146774292,-0.5622308575712998,-0.5221449058758432,0,0,0,0,,,30
Georgia,372,118.0,GEO,67,2003,2,3,3,3,1.0,96.8526687622,0.7678237629664908,0.9865731873130335,0,0,0,0,,,30
Georgia,372,118.0,GEO,67,2004,2,2,3,3,1.0,96.5880966187,-0.2731696987613108,-0.06757679336611977,0,0,0,0,,,30
Georgia,372,118.0,GEO,67,2004,2,2,3,3,1.0,97.3485946655,0.7873620802387293,1.2820161444439093,0,0,0,0,,,30
Georgia,372,118.0,GEO,67,2005,2,2,3,3,2.0,97.7397689819,0.40182841646980716,0.9160207979472257,0,0,0,0,,,30
Georgia,372,118.0,GEO,67,2005,2,2,3,3,2.0,98.0933303833,0.3617375046850002,1.5509280013935367,0,0,0,0,,,30
Georgia,372,118.0,GEO,67,2006,2,3,3,3,2.0,98.8823013306,0.8043064133077094,1.5678723344625167,0,0,0,0,,,30
Georgia,372,118.0,GEO,67,2006,2,3,3,3,2.0,98.9965515137,0.11554158991304853,1.281585507905758,0,0,0,0,,,30
Georgia,372,118.0,GEO,67,2007,2,3,3,3,1.0,98.8796691895,-0.11806706639050368,0.8017809368302542,0,0,0,0,,,30
Georgia,372,118.0,GEO,67,2007,2,3,3,3,1.0,99.0470199585,0.1692468941004055,0.16672141762295034,0,0,0,0,,,30
Georgia,372,118.0,GEO,67,2008,2,2,3,3,1.0,99.3906021118,0.34688792600117146,0.3980677537110733,0,0,0,0,,,30
Georgia,372,118.0,GEO,67,2008,2,2,3,3,1.0,99.4390869141,0.0487820792608229,0.5649168993623999,0,0,0,0,,,30
Georgia,372,118.0,GEO,67,2009,2,2,3,2,1.0,99.1331787109,-0.30763376122335817,0.08803624403863619,0,0,0,0,,,30
Georgia,372,118.0,GEO,67,2009,2,2,3,2,1.0,99.0565109253,-0.07733816931623227,-0.33618985127876755,0,0,0,0,,,30
Georgia,372,118.0,GEO,67,2010,2,2,3,2,2.0,100.1313095093,1.0850357780222142,0.7000638474826237,0,0,0,0,,,30
Georgia,372,118.0,GEO,67,2010,2,2,3,2,2.0,100.0126647949,-0.1184891269088717,0.8892084817971102,0,0,0,0,,,30
Georgia,372,118.0,GEO,67,2011,2,2,3,2,2.0,100.4292602539,0.41654270472077926,1.3830893558341217,0,0,0,0,,,30
Georgia,372,118.0,GEO,67,2011,2,2,3,2,2.0,100.4467849731,0.017449814083758675,0.31550339189566623,0,0,0,0,,,30
Georgia,372,118.0,GEO,67,2012,2,2,3,2,2.0,100.0,-0.4447976838876877,-0.01080516508314977,0,0,0,0,,,30
Georgia,372,118.0,GEO,67,2012,2,2,3,2,2.0,100.0,0.0,-0.427347869803929,0,0,0,0,,,30
Georgia,372,118.0,GEO,67,2013,3,3,3,2,2.0,100.0268554688,0.026855468799991122,-0.4179422150876966,0,0,0,0,,,30
Georgia,372,118.0,GEO,67,2013,3,3,3,2,2.0,99.9381256104,-0.08870603597818105,-0.06185056717818993,0,0,0,0,,,30
Georgia,372,118.0,GEO,67,2014,3,3,3,2,2.0,99.8838043213,-0.05435492087549898,-0.11620548805368891,0,0,0,0,,,30
Georgia,372,118.0,GEO,67,2014,3,3,3,2,2.0,99.6398010254,-0.24428714700844845,-0.3873481038621285,0,0,0,0,,,30
Georgia,372,118.0,GEO,67,2015,3,3,3,2,2.0,99.3457260132,-0.2951380965976136,-0.593780164481561,0,0,0,0,,,30
Georgia,372,118.0,GEO,67,2015,3,3,3,2,2.0,98.7726211548,-0.576879229131444,-1.116304472737506,0,0,0,0,,,30
Georgia,372,118.0,GEO,67,2016,3,3,3,3,2.0,99.1698074341,0.40212183766745735,-0.4698954880616002,0,0,0,0,,,30
Georgia,372,118.0,GEO,67,2016,3,3,3,3,2.0,98.7515411377,-0.4217677811645837,-0.5965251726285703,0,0,0,0,,,30
Georgia,372,118.0,GEO,67,2017,3,3,3,3,2.0,99.6387786865,0.8984543821577651,0.8788084386606387,0,0,0,0,,,30
Georgia,372,118.0,GEO,67,2017,3,3,3,3,2.0,99.2375869751,-0.4026461551303262,0.07404044586285519,0,0,0,0,,,30
Georgia,372,118.0,GEO,67,2018,3,3,3,3,2.0,99.8128814697,0.5797143120220616,1.0755225390495005,0,0,0,0,,,30
Georgia,372,118.0,GEO,67,2018,3,3,3,3,2.0,99.3131103516,-0.5007080356173366,-0.3236398787256012,0,0,0,0,,,30
Georgia,372,118.0,GEO,67,2019,3,3,3,3,2.0,99.5534667969,0.24201884771211102,0.32102512411683604,0,0,0,0,,,30
Georgia,372,118.0,GEO,67,2019,3,3,3,3,2.0,99.2084503174,-0.3465640028426864,-0.605253190747912,0,0,0,0,,,30
Georgia,372,118.0,GEO,67,2020,3,3,3,3,2.0,99.550743103,0.3450238205565226,0.2404786654259472,0,0,0,0,,,30
Georgia,372,118.0,GEO,67,2020,3,3,3,3,2.0,99.2217788696,-0.3304487974134296,-0.3319889796995934,0,0,0,0,,,30
Georgia,372,118.0,GEO,67,2021,3,3,3,3,2.0,100.4464950562,1.2343219407601635,1.2488969639032566,0,0,0,0,,,30
Georgia,372,118.0,GEO,67,2021,3,3,3,3,2.0,100.145324707,-0.29983161585827034,0.6040415274884636,0,0,0,0,,,30
Georgia,372,118.0,GEO,67,2022,3,3,3,3,2.0,100.3314361572,0.18584137676374013,1.1203317016656333,0,0,0,0,,,30
Georgia,372,118.0,GEO,67,2022,3,3,3,3,2.0,99.9390945435,-0.39104554736490993,-0.5050357864594401,0,0,0,0,,,30
Georgia,372,118.0,GEO,67,2023,3,3,3,3,2.0,100.1453933716,0.20642455191566267,0.0012203813144928688,0,0,0,0,,,30
Georgia,372,118.0,GEO,67,2023,3,3,3,3,2.0,99.8587036133,-0.28627353555465973,-0.470894531003907,0,0,0,0,,,30
Georgia,372,118.0,GEO,67,2024,2,2,3,3,1.0,100.2171173096,0.35892083847588463,0.27907185483688757,0,0,0,0,,,30
Georgia,372,118.0,GEO,67,2024,2,2,3,3,1.0,99.839225769,-0.3770728501724774,-0.3044255472512525,0,0,0,0,,,30
Ghana,452,7.0,GHA,71,1975,2,2,4,3,1.0,99.7288131714,,,0,0,0,0,,,31
Ghana,452,7.0,GHA,71,1975,2,2,4,3,1.0,99.5558166504,-0.1734669404945932,-0.1734669404945932,0,0,0,0,,,31
Ghana,452,7.0,GHA,71,1976,2,2,4,3,1.0,101.9605712891,2.4154838156212666,2.2420168751266734,0,0,0,0,,,31
Ghana,452,7.0,GHA,71,1976,2,2,4,3,1.0,101.1612930298,-0.7839091613499494,1.458107713776724,0,0,0,0,,,31
Ghana,452,7.0,GHA,71,1977,2,2,4,3,1.0,104.6648712158,3.4633584457722577,5.0949331000435745,0,0,0,0,,,31
Ghana,452,7.0,GHA,71,1977,2,2,4,3,1.0,103.0329818726,-1.5591566914894828,1.1202925929328256,0,0,0,0,,,31
Ghana,452,7.0,GHA,71,1978,3,2,4,3,1.0,103.7792663574,0.7243161085280336,2.6285178628108086,0,0,0,0,,,31
Ghana,452,7.0,GHA,71,1978,3,2,4,3,1.0,102.2382659912,-1.4848826940952131,-2.3197232770566623,0,0,0,0,,,31
Ghana,452,7.0,GHA,71,1979,3,3,4,3,2.0,103.3652496338,1.1023109905805795,0.3417444050134,0,0,0,0,,,31
Ghana,452,7.0,GHA,71,1979,3,3,4,3,2.0,102.5300598145,-0.8079986477649737,-1.1905703512796073,0,0,0,0,,,31
Ghana,452,7.0,GHA,71,1980,3,3,4,3,2.0,102.2278442383,-0.2947580219369694,-0.000445679121363618,0,0,0,0,,,31
Ghana,452,7.0,GHA,71,1980,3,3,4,3,2.0,101.4766769409,-0.7347971611814108,-1.837553830883354,0,0,0,0,,,31
Ghana,452,7.0,GHA,71,1981,3,3,4,3,1.0,101.4104156494,-0.0652970648010065,-1.0948522479193867,0,0,0,0,,,31
Ghana,452,7.0,GHA,71,1981,3,3,4,3,1.0,100.328666687,-1.0667040022199092,-1.8667982282023265,0,0,0,0,,,31
Ghana,452,7.0,GHA,71,1982,2,2,4,1,1.0,101.0791854858,0.7480601742086535,-0.3839408928122623,0,0,0,0,,,31
Ghana,452,7.0,GHA,71,1982,2,2,4,1,1.0,99.8111801147,-1.2544673416250873,-1.5731111696363431,0,0,0,0,,,31
Ghana,452,7.0,GHA,71,1983,1,2,4,2,1.0,101.4070281982,1.598867062453424,1.0924598950369901,0,0,0,0,,,31
Ghana,452,7.0,GHA,71,1983,1,2,4,2,1.0,100.4146499634,-0.9786089311880852,-0.6342092103597485,0,0,0,0,,,31
Ghana,452,7.0,GHA,71,1984,2,1,4,3,1.0,101.4356079102,1.0167420263598403,1.6370001576251791,0,0,0,0,,,31
Ghana,452,7.0,GHA,71,1984,2,1,4,3,1.0,100.6564025879,-0.7681773081005483,-0.7300442129287932,0,0,0,0,,,31
Ghana,452,7.0,GHA,71,1985,2,1,4,3,1.0,101.3719100952,0.7108415251331435,0.9594062433924355,0,0,0,0,,,31
Ghana,452,7.0,GHA,71,1985,2,1,4,3,1.0,100.3378753662,-1.0200406878285273,-1.0773764707959321,0,0,0,0,,,31
Ghana,452,7.0,GHA,71,1986,2,1,4,3,1.0,101.0757141113,0.7353541645237494,0.4261550018283655,0,0,0,0,,,31
Ghana,452,7.0,GHA,71,1986,2,1,4,3,1.0,99.1983032227,-1.8574302493007178,-2.1421167726054957,0,0,0,0,,,31
Ghana,452,7.0,GHA,71,1987,2,1,3,3,1.0,100.8258743286,1.6407247432913108,0.5186486585143424,0,0,0,0,,,31
Ghana,452,7.0,GHA,71,1987,2,1,3,3,1.0,99.0471801758,-1.764124699780023,-1.98083020578943,0,0,0,0,,,31
Ghana,452,7.0,GHA,71,1988,2,1,3,3,1.0,99.9319000244,0.8932307280527407,0.7698307715640285,0,0,0,0,,,31
Ghana,452,7.0,GHA,71,1988,2,1,3,3,1.0,97.8693389893,-2.0639665958481546,-2.934860567575437,0,0,0,0,,,31
Ghana,452,7.0,GHA,71,1989,2,1,3,3,1.0,98.9662322998,1.120773187831503,-0.049962679963910794,0,0,0,0,,,31
Ghana,452,7.0,GHA,71,1989,2,1,3,3,1.0,97.1710662842,-1.8139177110045757,-2.757111119021227,0,0,0,0,,,31
Ghana,452,7.0,GHA,71,1990,2,2,3,3,2.0,98.8481445313,1.7259028960276979,1.0327583728546252,0,0,0,0,,,31
Ghana,452,7.0,GHA,71,1990,2,2,3,3,2.0,97.3642959595,-1.5011395295640995,-1.5891543445409773,0,0,0,0,,,31
Ghana,452,7.0,GHA,71,1991,2,2,3,3,2.0,98.3690261841,1.031928814046923,1.2566921805105213,0,0,0,0,,,31
Ghana,452,7.0,GHA,71,1991,2,2,3,3,2.0,96.7391891479,-1.6568599887831659,-2.1260707043003424,0,0,0,0,,,31
Ghana,452,7.0,GHA,71,1992,3,3,3,3,2.0,98.2822875977,1.5951120361788806,0.9701808614426377,0,0,0,0,,,31
Ghana,452,7.0,GHA,71,1992,3,3,3,3,2.0,96.5752944946,-1.7368267923181246,-1.7985747449224099,0,0,0,0,,,31
Ghana,452,7.0,GHA,71,1993,3,3,3,3,2.0,98.4300689697,1.9205475735864397,1.7788328174471957,0,0,0,0,,,31
Ghana,452,7.0,GHA,71,1993,3,3,3,3,2.0,96.5980682373,-1.8612206123354014,-1.6774998310670863,0,0,0,0,,,31
Ghana,452,7.0,GHA,71,1994,2,3,4,3,2.0,98.985534668,2.471546765133037,2.5308737263840753,0,0,0,0,,,31
Ghana,452,7.0,GHA,71,1994,2,3,4,3,2.0,97.2402572632,-1.763164093272529,-1.1528379404748934,0,0,0,0,,,31
Ghana,452,7.0,GHA,71,1995,2,3,4,3,2.0,98.9015884399,1.7084808529488793,2.4168635248093873,0,0,0,0,,,31
Ghana,452,7.0,GHA,71,1995,2,3,4,3,2.0,97.2266998291,-1.6934901018478388,-1.7481733421714885,0,0,0,0,,,31
Ghana,452,7.0,GHA,71,1996,2,3,4,4,2.0,98.758140564,1.5751236415427972,1.5901143926438377,0,0,0,0,,,31
Ghana,452,7.0,GHA,71,1996,2,3,4,4,2.0,97.2936553955,-1.4829007109048886,-1.6012671712099302,0,0,0,0,,,31
Ghana,452,7.0,GHA,71,1997,2,3,4,3,2.0,99.3625717163,2.1264658136132653,2.218688744251174,0,0,0,0,,,31
Ghana,452,7.0,GHA,71,1997,2,3,4,3,2.0,97.6635437012,-1.709927577107262,-1.0663624743988853,0,0,0,0,,,31
Ghana,452,7.0,GHA,71,1998,2,3,4,3,2.0,99.213722229,1.587264263667043,2.0038025001730464,0,0,0,0,,,31
Ghana,452,7.0,GHA,71,1998,2,3,4,3,2.0,97.3422012329,-1.8863529701871884,-2.0090162836274073,0,0,0,0,,,31
Ghana,452,7.0,GHA,71,1999,2,4,4,3,2.0,98.087890625,0.766049444799255,0.46696073827910967,0,0,0,0,,,31
Ghana,452,7.0,GHA,71,1999,2,4,4,3,2.0,96.6949234009,-1.4201215004464363,-2.5404250258343697,0,0,0,0,,,31
Ghana,452,7.0,GHA,71,2000,3,4,3,3,2.0,97.6277313232,0.9646917226797447,0.3106196670325634,0,0,0,0,,,31
Ghana,452,7.0,GHA,71,2000,3,4,3,3,2.0,96.6843185425,-0.966336888006547,-1.4217666657732386,0,0,0,0,,,31
Ghana,452,7.0,GHA,71,2001,3,4,3,3,2.0,97.9234008789,1.281575290676873,1.2799301253500706,0,0,0,0,,,31
Ghana,452,7.0,GHA,71,2001,3,4,3,3,2.0,97.0273742676,-0.9150280762900587,-0.5997896736197328,0,0,0,0,,,31
Ghana,452,7.0,GHA,71,2002,3,4,3,3,2.0,99.200012207,2.239201004664837,2.605748219051651,0,0,0,0,,,31
Ghana,452,7.0,GHA,71,2002,3,4,3,3,2.0,98.4703140259,-0.7355827533340964,0.5885901750406819,0,0,0,0,,,31
Ghana,452,7.0,GHA,71,2003,3,4,4,3,2.0,99.2123336792,0.7535465491709914,2.257164800501732,0,0,0,0,,,31
Ghana,452,7.0,GHA,71,2003,3,4,4,3,2.0,98.6055297852,-0.6116214300150191,-0.5936576341781241,0,0,0,0,,,31
Ghana,452,7.0,GHA,71,2004,3,4,4,3,2.0,98.7501296997,0.1466448330179615,0.2885699521739338,0,0,0,0,,,31
Ghana,452,7.0,GHA,71,2004,3,4,4,3,2.0,98.3694534302,-0.3854944501416213,-0.8504710471386789,0,0,0,0,,,31
Ghana,452,7.0,GHA,71,2005,3,4,4,3,2.0,98.7483520508,0.3851791459519083,0.14632952882824846,0,0,0,0,,,31
Ghana,452,7.0,GHA,71,2005,3,4,4,3,2.0,98.7086639404,-0.04019116225815189,-0.04050646644786493,0,0,0,0,,,31
Ghana,452,7.0,GHA,71,2006,3,4,3,3,3.0,99.0551757813,0.3510450117217845,0.6960329954155409,0,0,0,0,,,31
Ghana,452,7.0,GHA,71,2006,3,4,3,3,3.0,99.1301879883,0.07572770065606971,0.3865815501197023,0,0,0,0,,,31
Ghana,452,7.0,GHA,71,2007,3,4,4,3,3.0,99.7058944702,0.5807579846090372,1.0075306969868913,0,0,0,0,,,31
Ghana,452,7.0,GHA,71,2007,3,4,4,3,3.0,99.7001342773,-0.0057771839173659245,0.6507085013477409,0,0,0,0,,,31
Ghana,452,7.0,GHA,71,2008,3,4,4,4,3.0,100.5151824951,0.8174996189404204,1.3924804196320917,0,0,0,0,,,31
Ghana,452,7.0,GHA,71,2008,3,4,4,4,3.0,100.6280593872,0.11229835065513782,0.9240207856781923,0,0,0,0,,,31
Ghana,452,7.0,GHA,71,2009,3,4,4,4,3.0,100.7910842896,0.1620073997181004,1.0918053693136587,0,0,0,0,,,31
Ghana,452,7.0,GHA,71,2009,3,4,4,4,3.0,100.1974182129,-0.5890065385091292,-0.314700788135891,0,0,0,0,,,31
Ghana,452,7.0,GHA,71,2010,3,4,4,4,3.0,101.0968704224,0.8976800256358164,0.4706808868447876,0,0,0,0,,,31
Ghana,452,7.0,GHA,71,2010,3,4,4,4,3.0,100.8149261475,-0.2788852649166951,0.02978822220999211,0,0,0,0,,,31
Ghana,452,7.0,GHA,71,2011,3,4,4,4,3.0,100.9082489014,0.09256838988649374,0.7113631506056151,0,0,0,0,,,31
Ghana,452,7.0,GHA,71,2011,3,4,4,4,3.0,100.9169464111,0.008619225677475306,-0.17769764935272603,0,0,0,0,,,31
Ghana,452,7.0,GHA,71,2012,3,4,4,4,3.0,100.0,-0.9086148993893262,-0.8074272838253571,0,0,0,0,,,31
Ghana,452,7.0,GHA,71,2012,3,4,4,4,3.0,100.0,0.0,-0.8999956737118509,0,0,0,0,,,31
Ghana,452,7.0,GHA,71,2013,3,4,4,4,3.0,100.3057022095,0.3057022094999917,-0.6029126898893344,0,0,0,0,,,31
Ghana,452,7.0,GHA,71,2013,3,4,4,4,3.0,100.1901245117,-0.11522545105022708,0.19047675844976464,0,0,0,0,,,31
Ghana,452,7.0,GHA,71,2014,3,4,4,4,2.0,100.6460113525,0.4550217329520878,0.6454984914018524,0,0,0,0,,,31
Ghana,452,7.0,GHA,71,2014,3,4,4,4,2.0,100.7785415649,0.13167954757375977,0.4714758294756205,0,0,0,0,,,31
Ghana,452,7.0,GHA,71,2015,3,4,4,4,2.0,96.9916610718,-3.757625814282395,-3.1709245337565473,0,0,0,0,,,31
Ghana,452,7.0,GHA,71,2015,3,4,4,4,2.0,100.1042938232,3.209175631187322,-0.416770635521313,0,0,0,0,,,31
Ghana,452,7.0,GHA,71,2016,3,4,4,4,2.0,96.3470993042,-3.7532800797094645,-4.301730262804537,0,0,0,0,,,31
Ghana,452,7.0,GHA,71,2016,3,4,4,4,2.0,99.9219512939,3.710388808295084,3.1662843597729418,0,0,0,0,,,31
Ghana,452,7.0,GHA,71,2017,3,4,4,4,2.0,96.5846557617,-3.339902282716656,-3.382793554131036,0,0,0,0,,,31
Ghana,452,7.0,GHA,71,2017,3,4,4,4,2.0,99.2537155151,2.7634407684645756,3.133927294043004,0,0,0,0,,,31
Ghana,452,7.0,GHA,71,2018,3,4,4,4,2.0,98.1034927368,-1.158871254673588,-1.7353327689256681,0,0,0,0,,,31
Ghana,452,7.0,GHA,71,2018,3,4,4,4,2.0,99.8227081299,1.7524507488356544,3.357020262626642,0,0,0,0,,,31
Ghana,452,7.0,GHA,71,2019,3,4,4,4,2.0,97.4347763062,-2.3921729518623702,-1.7985934577003038,0,0,0,0,,,31
Ghana,452,7.0,GHA,71,2019,3,4,4,4,2.0,99.5246276855,2.1448721478380506,1.5051499448113348,0,0,0,0,,,31
Ghana,452,7.0,GHA,71,2020,3,4,4,3,2.0,95.7149124146,-3.827912105271858,-4.0752129092961775,0,0,0,0,,,31
Ghana,452,7.0,GHA,71,2020,3,4,4,3,2.0,99.2687683105,3.71295946080592,2.029919503372113,0,0,0,0,,,31
Ghana,452,7.0,GHA,71,2021,3,4,4,3,2.0,98.2453918457,-1.0309148408077395,-1.1458674852736772,0,0,0,0,,,31
Ghana,452,7.0,GHA,71,2021,3,4,4,3,2.0,100.0628585815,1.849925682676723,4.531970302674903,0,0,0,0,,,31
Ghana,452,7.0,GHA,71,2022,3,4,4,4,2.0,99.1306762695,-0.9315967235142941,-0.11258588164531069,0,0,0,0,,,31
Ghana,452,7.0,GHA,71,2022,3,4,4,4,2.0,100.0185852051,0.8956954285130658,1.8140243876754947,0,0,0,0,,,31
Ghana,452,7.0,GHA,71,2023,3,4,4,4,2.0,98.9470901489,-1.0712959536497757,-1.107197248651004,0,0,0,0,,,31
Ghana,452,7.0,GHA,71,2023,3,4,4,4,2.0,100.465057373,1.5341201260347104,1.3585196008980005,0,0,0,0,,,31
Ghana,452,7.0,GHA,71,2024,3,4,4,4,2.0,100.9591293335,0.4917848786624823,0.954609051047417,0,0,0,0,,,31
Ghana,452,7.0,GHA,71,2024,3,4,4,4,2.0,102.7121047974,1.7363218913164058,3.7622268960135985,0,0,0,0,,,31
Guyana,110,166.0,GUY,77,1977,2,3,4,3,2.0,113.1483764648,,,0,0,0,0,,,32
Guyana,110,166.0,GUY,77,1977,2,3,4,3,2.0,104.3484420776,-7.777340393335308,-7.777340393335308,0,0,0,0,,,32
Guyana,110,166.0,GUY,77,1978,2,3,4,3,2.0,111.724357605,7.0685439864208055,-0.7087964069145025,0,0,0,0,,,32
Guyana,110,166.0,GUY,77,1978,2,3,4,3,2.0,103.5991592407,-7.272539792107391,-7.981336199021894,0,0,0,0,,,32
Guyana,110,166.0,GUY,77,1979,2,2,4,3,2.0,112.9469680786,9.023054729799007,8.819058924112422,0,0,0,0,,,32
Guyana,110,166.0,GUY,77,1979,2,2,4,3,2.0,104.0494537354,-7.877603528948384,-6.127088591256768,0,0,0,0,,,32
Guyana,110,166.0,GUY,77,1980,2,3,4,3,2.0,124.4351959229,19.592358686804246,20.73780988765487,0,0,1,0,,,32
Guyana,110,166.0,GUY,77,1980,2,3,4,3,2.0,111.7486190796,-10.195328378926316,1.519426778929546,0,0,0,0,,,32
Guyana,110,166.0,GUY,77,1981,2,2,4,3,2.0,110.1608200073,-1.4208668396778923,7.976163468200038,0,0,0,0,,,32
Guyana,110,166.0,GUY,77,1981,2,2,4,3,2.0,104.0354614258,-5.560378527587306,-17.176573746191515,0,0,0,0,,,32
Guyana,110,166.0,GUY,77,1982,2,2,4,3,2.0,96.7159881592,-7.0355561135472815,-14.01680148081248,0,0,0,0,,,32
Guyana,110,166.0,GUY,77,1982,2,2,4,3,2.0,96.2574615479,-0.4740959794002686,-13.070030620534858,0,0,0,0,,,32
Guyana,110,166.0,GUY,77,1983,2,2,4,3,2.0,100.6150665283,4.527030850726899,-2.9826212422206515,0,0,0,0,,,32
Guyana,110,166.0,GUY,77,1983,2,2,4,3,2.0,98.1227493286,-2.4770815005116575,1.5758533708149725,0,0,0,0,,,32
Guyana,110,166.0,GUY,77,1984,2,2,4,3,2.0,92.8126983643,-5.41164103190519,-3.361691681689949,0,0,0,0,,,32
Guyana,110,166.0,GUY,77,1984,2,2,4,3,2.0,92.9154815674,0.11074260840531203,-7.777979924011536,0,0,0,0,,,32
Guyana,110,166.0,GUY,77,1985,2,3,4,3,2.0,88.5734329224,-4.673116440612013,-9.974014864111892,0,0,0,0,,,32
Guyana,110,166.0,GUY,77,1985,2,3,4,3,2.0,89.8199386597,1.4073133400983595,-3.1550604921083414,0,0,0,0,,,32
Guyana,110,166.0,GUY,77,1986,2,3,4,3,2.0,91.5072555542,1.8785549396695966,-1.3872481608440568,0,0,0,0,,,32
Guyana,110,166.0,GUY,77,1986,2,3,4,3,2.0,92.1995162964,0.7565091292569548,4.042377409024911,0,0,0,0,,,32
Guyana,110,166.0,GUY,77,1987,2,3,4,3,2.0,92.9825973511,0.8493331485412314,3.484397217467783,0,0,0,0,,,32
Guyana,110,166.0,GUY,77,1987,2,3,4,3,2.0,93.2477340698,0.2851466040455497,1.890988881843736,0,0,0,0,,,32
Guyana,110,166.0,GUY,77,1988,3,3,4,3,2.0,99.0213470459,6.191692520676373,7.326172273263154,0,0,0,0,,,32
Guyana,110,166.0,GUY,77,1988,3,3,4,3,2.0,97.9738082886,-1.0578918471129573,5.418947277608965,0,0,0,0,,,32
Guyana,110,166.0,GUY,77,1989,3,3,4,3,2.0,99.0052947998,1.0528186351209001,6.186619308684316,0,0,0,0,,,32
Guyana,110,166.0,GUY,77,1989,3,3,4,3,2.0,98.0552597046,-0.959580088237777,-0.9646533002298341,0,0,0,0,,,32
Guyana,110,166.0,GUY,77,1990,3,3,4,3,2.0,96.954864502,-1.1222194565748245,-1.0289809096917013,0,0,0,0,,,32
Guyana,110,166.0,GUY,77,1990,3,3,4,3,2.0,96.1728744507,-0.8065506102418185,-2.88835015505442,0,0,0,0,,,32
Guyana,110,166.0,GUY,77,1991,3,3,4,3,2.0,92.2037277222,-4.127095868944474,-6.055865935761117,0,0,0,0,,,32
Guyana,110,166.0,GUY,77,1991,3,3,4,3,2.0,91.9546203613,-0.27017059619381945,-5.203817075380112,0,0,0,0,,,32
Guyana,110,166.0,GUY,77,1992,3,3,4,3,2.0,92.0345916748,0.08696823844824841,-4.310298226690046,0,0,0,0,,,32
Guyana,110,166.0,GUY,77,1992,3,3,4,3,2.0,91.7997741699,-0.25514048644852405,-0.4383428441940951,0,0,0,0,,,32
Guyana,110,166.0,GUY,77,1993,3,4,4,3,3.0,92.3220443726,0.5689231889976165,0.4007509409973409,0,0,0,0,,,32
Guyana,110,166.0,GUY,77,1993,3,4,4,3,3.0,91.989440918,-0.3602643949885409,-0.04648169243944844,0,0,0,0,,,32
Guyana,110,166.0,GUY,77,1994,3,4,4,4,3.0,96.9583206177,5.4015761484291325,5.610234942438208,0,0,0,0,,,32
Guyana,110,166.0,GUY,77,1994,3,4,4,4,3.0,95.1320495605,-1.8835630047686847,3.1577487486719065,0,0,0,0,,,32
Guyana,110,166.0,GUY,77,1995,3,4,4,4,3.0,99.144317627,4.217577656569227,7.735590800229675,0,0,0,0,,,32
Guyana,110,166.0,GUY,77,1995,3,4,4,4,3.0,96.7343902588,-2.43072666783245,-0.09671201603190882,0,0,0,0,,,32
Guyana,110,166.0,GUY,77,1996,3,4,4,4,3.0,96.8018264771,0.06971276514957658,1.8565637538863524,0,0,0,0,,,32
Guyana,110,166.0,GUY,77,1996,3,4,4,4,3.0,94.6265716553,-2.247121672145913,-4.608135574828788,0,0,0,0,,,32
Guyana,110,166.0,GUY,77,1997,3,4,4,4,2.0,97.1023406982,2.616357117870205,0.4389482108738676,0,0,0,0,,,32
Guyana,110,166.0,GUY,77,1997,3,4,4,4,2.0,95.0098571777,-2.1549259322219294,-1.7856904864976384,0,0,0,0,,,32
Guyana,110,166.0,GUY,77,1998,3,4,4,4,2.0,94.8277587891,-0.19166262744655382,0.26976855820172085,0,0,0,0,,,32
Guyana,110,166.0,GUY,77,1998,3,4,4,4,2.0,92.8975448608,-2.0354946198748225,-4.382083179543306,0,0,0,0,,,32
Guyana,110,166.0,GUY,77,1999,3,4,4,4,2.0,91.7419052124,-1.2439937461551143,-3.4711509934764915,0,0,0,0,,,32
Guyana,110,166.0,GUY,77,1999,3,4,4,4,2.0,89.8131408691,-2.102380955392791,-5.3818693214227284,0,0,0,0,,,32
Guyana,110,166.0,GUY,77,2000,3,4,4,4,2.0,93.8472747803,4.491696729635186,1.1453220280872802,0,0,0,0,,,32
Guyana,110,166.0,GUY,77,2000,3,4,4,4,2.0,91.7201843262,-2.266544722880448,0.12277105136194644,0,0,0,0,,,32
Guyana,110,166.0,GUY,77,2001,3,3,4,4,2.0,93.5194473267,1.9616870743532022,4.186839081107939,0,0,0,0,,,32
Guyana,110,166.0,GUY,77,2001,3,3,4,4,2.0,91.327583313,-2.3437521032849573,-2.648609751812204,0,0,0,0,,,32
Guyana,110,166.0,GUY,77,2002,3,3,4,4,2.0,91.6436462402,0.34607608756795916,-0.03598894136379682,0,0,0,0,,,32
Guyana,110,166.0,GUY,77,2002,3,3,4,4,2.0,89.4989776611,-2.3402261554268278,-4.337902171143827,0,0,0,0,,,32
Guyana,110,166.0,GUY,77,2003,3,4,4,4,2.0,92.4484176636,3.2955013337341743,1.3013512658753048,0,0,0,0,,,32
Guyana,110,166.0,GUY,77,2003,3,4,4,4,2.0,90.3640823364,-2.254592755480622,-1.2993175771732766,0,0,0,0,,,32
Guyana,110,166.0,GUY,77,2004,3,4,4,4,2.0,93.0408096313,2.9621584435896686,4.00306702184322,0,0,0,0,,,32
Guyana,110,166.0,GUY,77,2004,3,4,4,4,2.0,91.5589447021,-1.5927042499654598,-0.8851385618564143,0,0,0,0,,,32
Guyana,110,166.0,GUY,77,2005,2,4,4,4,2.0,95.1887054443,3.9643977483684756,5.333851941992684,0,0,0,0,,,32
Guyana,110,166.0,GUY,77,2005,2,4,4,4,2.0,94.2696990967,-0.965457344241083,1.406236154161932,0,0,0,0,,,32
Guyana,110,166.0,GUY,77,2006,3,4,4,4,2.0,98.9934310913,5.010869918821403,8.009810322948795,0,0,0,0,,,32
Guyana,110,166.0,GUY,77,2006,3,4,4,4,2.0,99.0563583374,0.06356709269119687,4.108979667271517,0,0,0,0,,,32
Guyana,110,166.0,GUY,77,2007,3,4,4,4,2.0,95.7742614746,-3.3133631378015282,1.761073873711072,0,0,0,0,,,32
Guyana,110,166.0,GUY,77,2007,3,4,4,4,2.0,95.6464157104,-0.13348655706825197,-3.3832826021785842,0,0,0,0,,,32
Guyana,110,166.0,GUY,77,2008,2,4,4,4,2.0,98.8553924561,3.3550412964937326,-0.09180839837604848,0,0,0,0,,,32
Guyana,110,166.0,GUY,77,2008,2,4,4,4,2.0,98.9338531494,0.07936915867774452,3.3009238981032243,0,0,0,0,,,32
Guyana,110,166.0,GUY,77,2009,2,4,3,4,2.0,99.1143188477,0.18241046169251707,3.6168209168639933,0,0,0,0,,,32
Guyana,110,166.0,GUY,77,2009,2,4,3,4,2.0,99.1360931396,0.021968866005583898,0.2837484863758446,0,0,0,0,,,32
Guyana,110,166.0,GUY,77,2010,2,4,3,4,2.0,100.7104187012,1.5880447894825567,1.7924241171806568,0,0,0,0,,,32
Guyana,110,166.0,GUY,77,2010,2,4,3,4,2.0,101.2524032593,0.5381613591618706,2.1481750146500103,0,0,0,0,,,32
Guyana,110,166.0,GUY,77,2011,2,4,4,4,2.0,102.0562057495,0.7938601596858108,2.920066308330237,0,0,0,0,,,32
Guyana,110,166.0,GUY,77,2011,2,4,4,4,2.0,103.2618637085,1.1813666304225867,2.513388149270267,0,0,0,0,,,32
Guyana,110,166.0,GUY,77,2012,2,3,4,4,2.0,100.0,-3.1588270745412705,-1.183600284432874,0,0,0,0,,,32
Guyana,110,166.0,GUY,77,2012,2,3,4,4,2.0,100.0,0.0,-1.9774604441186847,0,0,0,0,,,32
Guyana,110,166.0,GUY,77,2013,2,3,3,4,2.0,99.2578582764,-0.7421417235999983,-3.9009687981412697,0,0,0,0,,,32
Guyana,110,166.0,GUY,77,2013,2,3,3,4,2.0,98.5342788696,-0.7289895423544968,-1.471131265954496,0,0,0,0,,,32
Guyana,110,166.0,GUY,77,2014,2,4,4,4,3.0,98.4727020264,-0.062492813573533645,-1.5336240795280296,0,0,0,0,,,32
Guyana,110,166.0,GUY,77,2014,2,4,4,4,3.0,97.9393463135,-0.5416279861570339,-1.3331103420850652,0,0,0,0,,,32
Guyana,110,166.0,GUY,77,2015,3,4,4,4,3.0,96.8371734619,-1.1253626791340787,-1.7294834788646472,0,0,0,0,,,32
Guyana,110,166.0,GUY,77,2015,3,4,4,4,3.0,95.0018310547,-1.8952870489575946,-3.562277714248708,0,0,0,0,,,32
Guyana,110,166.0,GUY,77,2016,3,4,4,3,3.0,98.5506973267,3.73557670689173,0.7149269788000558,0,0,0,0,,,32
Guyana,110,166.0,GUY,77,2016,3,4,4,3,3.0,98.5754852295,0.02515243775274012,1.8654420956868747,0,0,0,0,,,32
Guyana,110,166.0,GUY,77,2017,3,4,4,3,3.0,99.0688934326,0.500538447212584,4.261267591857053,0,0,0,0,,,32
Guyana,110,166.0,GUY,77,2017,3,4,4,3,3.0,98.7472305298,-0.32468607617873735,0.2010048087865859,0,0,0,0,,,32
Guyana,110,166.0,GUY,77,2018,3,4,4,3,3.0,98.4051437378,-0.34642672018712073,-0.17057434915327496,0,0,0,0,,,32
Guyana,110,166.0,GUY,77,2018,3,4,4,3,3.0,96.6879425049,-1.7450319847867712,-2.41614478115263,0,0,0,0,,,32
Guyana,110,166.0,GUY,77,2019,3,4,4,3,3.0,97.6103210449,0.9539747315993052,-1.1374839733745876,0,0,0,0,,,32
Guyana,110,166.0,GUY,77,2019,3,4,4,3,3.0,95.5747528076,-2.085402665936986,-2.876459919124453,0,0,0,0,,,32
Guyana,110,166.0,GUY,77,2020,3,4,4,2,3.0,98.8509597778,3.4279000195744924,2.2964720852368106,0,0,0,0,,,32
Guyana,110,166.0,GUY,77,2020,3,4,4,2,3.0,96.7546081543,-2.1207195440613225,-0.7782221904238171,0,0,0,0,,,32
Guyana,110,166.0,GUY,77,2021,3,4,4,2,3.0,99.7420883179,3.0876877293903204,4.3948682049034895,0,0,0,0,,,32
Guyana,110,166.0,GUY,77,2021,3,4,4,2,3.0,100.0979766846,0.3568086178080687,1.3237768031370658,0,0,0,0,,,32
Guyana,110,166.0,GUY,77,2022,3,4,4,3,3.0,98.6514129639,-1.4451478127854633,1.999348534412925,0,0,0,0,,,32
Guyana,110,166.0,GUY,77,2022,3,4,4,3,3.0,98.9970550537,0.3503670950222304,-0.7379720999551651,0,0,0,0,,,32
Guyana,110,166.0,GUY,77,2023,3,4,4,3,3.0,100.1005096436,1.1146337527934147,0.019853035030180877,0,0,0,0,,,32
Guyana,110,166.0,GUY,77,2023,3,4,4,3,3.0,100.9341125488,0.8327658951667427,2.297766742982387,0,0,0,0,,,32
Guyana,110,166.0,GUY,77,2024,3,4,4,3,3.0,100.199256897,-0.728054800545963,1.2193448474141935,0,0,0,0,,,32
Guyana,110,166.0,GUY,77,2024,3,4,4,3,3.0,100.1761322021,-0.023078708980606155,0.08163238564017261,0,0,0,0,,,32
Hungary,310,210.0,HUN,80,1975,1,1,2,2,2.0,99.2762985229,,,0,0,0,0,,,33
Hungary,310,210.0,HUN,80,1975,1,1,2,2,2.0,98.4898605347,-0.7921709410011912,-0.7921709410011912,0,0,0,0,,,33
Hungary,310,210.0,HUN,80,1976,1,1,2,2,2.0,99.5607299805,1.0872890264909119,0.2951180854897206,0,0,0,0,,,33
Hungary,310,210.0,HUN,80,1976,1,1,2,2,2.0,98.6575546265,-0.9071602369497445,-0.6120421514600238,0,0,0,0,,,33
Hungary,310,210.0,HUN,80,1977,1,1,2,2,2.0,99.5775756836,0.9325398957870323,1.1126686853281997,0,0,0,0,,,33
Hungary,310,210.0,HUN,80,1977,1,1,2,2,2.0,98.7478179932,-0.8332776578498846,-0.8078979990125967,0,0,0,0,,,33
Hungary,310,210.0,HUN,80,1978,1,1,2,2,2.0,99.6059646606,0.8690284857322927,0.9682907236694405,0,0,0,0,,,33
Hungary,310,210.0,HUN,80,1978,1,1,2,2,2.0,98.621635437,-0.9882231721303314,-0.9524723442479233,0,0,0,0,,,33
Hungary,310,210.0,HUN,80,1979,1,1,2,2,2.0,99.9699172974,1.3671258384893692,1.2479311520913305,0,0,0,0,,,33
Hungary,310,210.0,HUN,80,1979,1,1,2,2,2.0,99.309387207,-0.6607288554965951,-0.2818261891375573,0,0,0,0,,,33
Hungary,310,210.0,HUN,80,1980,1,1,2,2,2.0,99.7112197876,0.4046269863315466,1.1110239693243207,0,0,0,0,,,33
Hungary,310,210.0,HUN,80,1980,1,1,2,2,2.0,99.1317825317,-0.5811154021927445,-0.837217271357793,0,0,0,0,,,33
Hungary,310,210.0,HUN,80,1981,1,1,2,2,2.0,99.2703475952,0.13977864612257918,-0.036709769738618725,0,0,0,0,,,33
Hungary,310,210.0,HUN,80,1981,1,1,2,2,2.0,98.6175994873,-0.6575459074261936,-1.0988826634963589,0,0,0,0,,,33
Hungary,310,210.0,HUN,80,1982,2,2,2,2,2.0,99.1187973022,0.5082234991580226,-0.009543762145591828,0,0,0,0,,,33
Hungary,310,210.0,HUN,80,1982,2,2,2,2,2.0,98.3758392334,-0.7495632402951924,-0.8988856485633634,0,0,0,0,,,33
Hungary,310,210.0,HUN,80,1983,2,2,2,2,2.0,99.2013549805,0.8391448078439723,0.5978050667068024,0,0,0,0,,,33
Hungary,310,210.0,HUN,80,1983,2,2,2,2,2.0,98.5703735352,-0.6360613173318264,-0.5464797497830465,0,0,0,0,,,33
Hungary,310,210.0,HUN,80,1984,2,2,2,2,2.0,99.1585235596,0.5966803242253738,0.7997638147375197,0,0,0,0,,,33
Hungary,310,210.0,HUN,80,1984,2,2,2,2,2.0,98.4908752441,-0.6733140949791494,-0.712695088085602,0,0,0,0,,,33
Hungary,310,210.0,HUN,80,1985,2,2,2,2,2.0,98.9481430054,0.46427423877257734,0.3876404680188017,0,0,0,0,,,33
Hungary,310,210.0,HUN,80,1985,2,2,2,2,2.0,98.1884613037,-0.7677574117369135,-0.9767972679434855,0,0,0,0,,,33
Hungary,310,210.0,HUN,80,1986,2,2,2,2,2.0,97.9550857544,-0.23768123687991638,-0.5411644098442525,0,0,0,0,,,33
Hungary,310,210.0,HUN,80,1986,2,2,2,2,2.0,97.3542404175,-0.6133886079243367,-1.6188272565411665,0,0,0,0,,,33
Hungary,310,210.0,HUN,80,1987,2,2,2,2,2.0,98.1014556885,0.7675220594353105,-0.08354778536894258,0,0,0,0,,,33
Hungary,310,210.0,HUN,80,1987,2,2,2,2,2.0,97.4134216309,-0.7013494884160476,-0.5472160369050738,0,0,0,0,,,33
Hungary,310,210.0,HUN,80,1988,2,2,2,3,2.0,97.9590835571,0.560150662059189,0.6263232330784518,0,0,0,0,,,33
Hungary,310,210.0,HUN,80,1988,2,2,2,3,2.0,97.4900512695,-0.47880428293982646,-0.6200031092966851,0,0,0,0,,,33
Hungary,310,210.0,HUN,80,1989,3,3,3,3,2.0,98.0488891602,0.5732255583240642,0.6545719374434267,0,0,0,0,,,33
Hungary,310,210.0,HUN,80,1989,3,3,3,3,2.0,97.5618362427,-0.4967449623057174,-0.4023236869214797,0,0,0,0,,,33
Hungary,310,210.0,HUN,80,1990,4,4,4,4,3.0,98.1179199219,0.5699807431019055,0.6464613391202523,0,0,0,0,,,33
Hungary,310,210.0,HUN,80,1990,4,4,4,4,3.0,97.6038208008,-0.5239604768519479,-0.4507246960557598,0,0,0,0,,,33
Hungary,310,210.0,HUN,80,1991,4,4,4,4,3.0,97.6184997559,0.015039324259613629,0.061059590509571215,0,0,0,0,,,33
Hungary,310,210.0,HUN,80,1991,4,4,4,4,3.0,97.0861587524,-0.5453279909352737,-1.054249143527608,0,0,0,0,,,33
Hungary,310,210.0,HUN,80,1992,3,4,4,4,3.0,97.6197662354,0.5496226134158455,0.019333946740185404,0,0,0,0,,,33
Hungary,310,210.0,HUN,80,1992,3,4,4,4,3.0,97.0886535645,-0.5440626334007659,-0.5397680109201941,0,0,0,0,,,33
Hungary,310,210.0,HUN,80,1993,3,4,4,4,3.0,97.6977462769,0.6273572554957196,0.6329172355107993,0,0,0,0,,,33
Hungary,310,210.0,HUN,80,1993,3,4,4,4,3.0,97.0723800659,-0.6401030062940793,-0.5568083841991256,0,0,0,0,,,33
Hungary,310,210.0,HUN,80,1994,3,4,4,4,3.0,97.7713699341,0.7200708046155357,0.707325053817176,0,0,0,0,,,33
Hungary,310,210.0,HUN,80,1994,3,4,4,4,3.0,97.1960830688,-0.5884001274481077,-0.5084323291266513,0,0,0,0,,,33
Hungary,310,210.0,HUN,80,1995,3,4,4,4,3.0,97.7819595337,0.6027778552406327,0.7344485324080607,0,0,0,0,,,33
Hungary,310,210.0,HUN,80,1995,3,4,4,4,3.0,97.2967147827,-0.4962518171184427,-0.4818740893259177,0,0,0,0,,,33
Hungary,310,210.0,HUN,80,1996,4,4,4,4,3.0,97.8178024292,0.5355655097541545,0.6420915478763445,0,0,0,0,,,33
Hungary,310,210.0,HUN,80,1996,4,4,4,4,3.0,97.4498672485,-0.37614337223156324,-0.3368296795958514,0,0,0,0,,,33
Hungary,310,210.0,HUN,80,1997,4,4,4,3,3.0,97.8357772827,0.3960087838969617,0.555430921419553,0,0,0,0,,,33
Hungary,310,210.0,HUN,80,1997,4,4,4,3,3.0,97.3882141113,-0.45746370482318,-0.43759829315778154,0,0,0,0,,,33
Hungary,310,210.0,HUN,80,1998,4,4,4,3,3.0,97.3175354004,-0.07257419344318672,-0.134029114369405,0,0,0,0,,,33
Hungary,310,210.0,HUN,80,1998,4,4,4,3,3.0,96.8391418457,-0.49158001456953704,-1.0216179128359038,0,0,0,0,,,33
Hungary,310,210.0,HUN,80,1999,3,4,4,3,3.0,97.3863220215,0.5650402981388192,0.0008860901260954179,0,0,0,0,,,33
Hungary,310,210.0,HUN,80,1999,3,4,4,3,3.0,96.9977798462,-0.3989699654271983,-0.3255096818579162,0,0,0,0,,,33
Hungary,310,210.0,HUN,80,2000,3,4,3,3,3.0,97.7573776245,0.7831084170219382,0.9491787497335591,0,0,0,0,,,33
Hungary,310,210.0,HUN,80,2000,3,4,3,3,3.0,97.5543212891,-0.2077145892558252,0.17642386233891472,0,0,0,0,,,33
Hungary,310,210.0,HUN,80,2001,3,4,4,3,3.0,97.7559967041,0.2067314008595611,0.7821252286256741,0,0,0,0,,,33
Hungary,310,210.0,HUN,80,2001,3,4,4,3,3.0,97.5578308105,-0.202714820861416,-0.2036980092576801,0,0,0,0,,,33
Hungary,310,210.0,HUN,80,2002,3,4,4,3,3.0,97.8798599243,0.33009048184511336,0.33410706184325845,0,0,0,0,,,33
Hungary,310,210.0,HUN,80,2002,3,4,4,3,3.0,97.7209243774,-0.16237819202329362,-0.035002531039596274,0,0,0,0,,,33
Hungary,310,210.0,HUN,80,2003,3,3,4,4,3.0,98.0542678833,0.3411178394226333,0.508830129244453,0,0,0,0,,,33
Hungary,310,210.0,HUN,80,2003,3,3,4,4,3.0,97.94972229,-0.10662013551967497,0.0721195118796647,0,0,0,0,,,33
Hungary,310,210.0,HUN,80,2004,4,3,4,4,3.0,98.381729126,0.4410495771707712,0.6755472810737295,0,0,0,0,,,33
Hungary,310,210.0,HUN,80,2004,4,3,4,4,3.0,98.3799514771,-0.0018068892626676991,0.3326225523884285,0,0,0,0,,,33
Hungary,310,210.0,HUN,80,2005,4,3,4,4,3.0,98.6630706787,0.287781399918563,0.7270240878266665,0,0,0,0,,,33
Hungary,310,210.0,HUN,80,2005,4,3,4,4,3.0,98.7916564941,0.13032821147311857,0.41630272212901387,0,0,0,0,,,33
Hungary,310,210.0,HUN,80,2006,4,3,4,4,3.0,99.1194152832,0.3317676823442861,0.7498772937359677,0,0,0,0,,,33
Hungary,310,210.0,HUN,80,2006,4,3,4,4,3.0,99.2414703369,0.12313940044064164,0.5852352942580463,0,0,0,0,,,33
Hungary,310,210.0,HUN,80,2007,4,3,4,4,4.0,99.3620834351,0.12153497705198468,0.5764420598369124,0,0,0,0,,,33
Hungary,310,210.0,HUN,80,2007,4,3,4,4,4.0,99.5140075684,0.1528995045672943,0.3975738820599206,0,0,0,0,,,33
Hungary,310,210.0,HUN,80,2008,4,3,4,4,4.0,99.9695358276,0.4577529036672523,0.7321873852865313,0,0,0,0,,,33
Hungary,310,210.0,HUN,80,2008,4,3,4,4,4.0,100.0671920776,0.09768600923425463,0.7083384174688012,0,0,0,0,,,33
Hungary,310,210.0,HUN,80,2009,4,3,4,4,4.0,98.7220611572,-1.3442277058767438,-0.7887887929752369,0,0,0,0,,,33
Hungary,310,210.0,HUN,80,2009,4,3,4,4,4.0,99.0177383423,0.2995046716348204,-0.9470370250076687,0,0,0,0,,,33
Hungary,310,210.0,HUN,80,2010,4,4,4,4,3.0,99.4769287109,0.4637455634591392,-0.5809774707827842,0,0,0,0,,,33
Hungary,310,210.0,HUN,80,2010,4,4,4,4,3.0,99.6800231934,0.20416239738385578,0.9674126324778154,0,0,0,0,,,33
Hungary,310,210.0,HUN,80,2011,3,4,4,4,3.0,100.3411560059,0.6632550749082977,1.3311630357512927,0,0,0,0,,,33
Hungary,310,210.0,HUN,80,2011,3,4,4,4,3.0,100.3017044067,-0.03931746530574376,0.8281000069864097,0,0,0,0,,,33
Hungary,310,210.0,HUN,80,2012,3,4,3,4,3.0,100.0,-0.3007968892299706,0.32314072037258335,0,0,0,0,,,33
Hungary,310,210.0,HUN,80,2012,3,4,3,4,3.0,100.0,0.0,-0.34011435453571437,0,0,0,0,,,33
Hungary,310,210.0,HUN,80,2013,3,4,3,4,3.0,99.9135971069,-0.0864028931000016,-0.3871997823299722,0,0,0,0,,,33
Hungary,310,210.0,HUN,80,2013,3,4,3,4,3.0,100.0116195679,0.09810722848375697,0.011704335383755371,0,0,0,0,,,33
Hungary,310,210.0,HUN,80,2014,3,3,3,4,3.0,99.3384170532,-0.6731243005648424,-0.661419965181087,0,0,0,0,,,33
Hungary,310,210.0,HUN,80,2014,3,3,3,4,3.0,99.8447723389,0.5097275562875314,-0.06528951579355402,0,0,0,0,,,33
Hungary,310,210.0,HUN,80,2015,3,3,3,4,3.0,97.6302185059,-2.217996777521014,-2.381393521798325,0,0,0,0,,,33
Hungary,310,210.0,HUN,80,2015,3,3,3,4,3.0,98.9256286621,1.3268536893848104,-0.3814155318486723,0,0,0,0,,,33
Hungary,310,210.0,HUN,80,2016,3,3,3,4,3.0,97.3279342651,-1.6150459881910217,-2.5061890763272254,0,0,0,0,,,33
Hungary,310,210.0,HUN,80,2016,3,3,3,4,3.0,98.7885284424,1.5006936994282238,1.2125014006220125,0,0,0,0,,,33
Hungary,310,210.0,HUN,80,2017,3,3,3,4,3.0,97.9285888672,-0.8704852564955345,-0.9848375452583324,0,0,0,0,,,33
Hungary,310,210.0,HUN,80,2017,3,3,3,4,3.0,99.2608413696,1.3604326558883217,1.990641098821011,0,0,0,0,,,33
Hungary,310,210.0,HUN,80,2018,2,3,3,4,3.0,98.4366531372,-0.8303256561478456,-0.3403782567550584,0,0,0,0,,,33
Hungary,310,210.0,HUN,80,2018,2,3,3,4,3.0,99.5791778564,1.160670017506149,1.6907770172466252,0,0,0,0,,,33
Hungary,310,210.0,HUN,80,2019,2,3,3,4,3.0,97.8285980225,-1.757977793735599,-1.4276334323772955,0,0,0,0,,,33
Hungary,310,210.0,HUN,80,2019,2,3,3,4,3.0,99.2427902222,1.4455815868635202,0.8482738106340704,0,0,0,0,,,33
Hungary,310,210.0,HUN,80,2020,2,3,3,2,3.0,97.3535461426,-1.9036587699419516,-2.2160549768140303,0,0,0,0,,,33
Hungary,310,210.0,HUN,80,2020,2,3,3,2,3.0,98.8885498047,1.5767311237451898,1.1186539406667584,0,0,0,0,,,33
Hungary,310,210.0,HUN,80,2021,2,3,3,2,3.0,99.7283096313,0.8491982421205302,0.5222705959237683,0,0,0,0,,,33
Hungary,310,210.0,HUN,80,2021,2,3,3,2,3.0,100.2196960449,0.49272510024154226,2.918654466107262,0,0,0,0,,,33
Hungary,310,210.0,HUN,80,2022,2,3,3,4,3.0,100.5929260254,0.3724118064903914,1.7143351488524639,0,0,0,0,,,33
Hungary,310,210.0,HUN,80,2022,2,3,3,4,3.0,100.6125259399,0.019484386501544826,0.8846212932334785,0,0,0,0,,,33
Hungary,310,210.0,HUN,80,2023,2,3,3,4,3.0,99.1535339355,-1.4501097062919577,-1.0582135133000214,0,0,0,0,,,33
Hungary,310,210.0,HUN,80,2023,2,3,3,4,3.0,99.8747329712,0.7273558561908144,-0.7032694635995984,0,0,0,0,,,33
Hungary,310,210.0,HUN,80,2024,2,3,3,4,3.0,98.7640457153,-1.1120803258821033,-1.8348341759832465,0,0,0,0,,,33
Hungary,310,210.0,HUN,80,2024,2,3,3,4,3.0,99.7382202148,0.9863655264874094,0.6016410567961206,0,0,0,0,,,33
India,750,39.0,IND,82,1975,2,2,4,3,2.0,99.3756561279,,,0,0,0,0,,,34
India,750,39.0,IND,82,1975,2,2,4,3,2.0,98.745300293,-0.6343161489054339,-0.6343161489054339,0,0,0,0,,,34
India,750,39.0,IND,82,1976,2,2,4,3,2.0,99.4151535034,0.6783646496718365,0.044048500766402654,0,0,0,0,,,34
India,750,39.0,IND,82,1976,2,2,4,3,2.0,98.9885482788,-0.4291148879888018,-0.38506638722239916,0,0,0,0,,,34
India,750,39.0,IND,82,1977,3,3,4,3,2.0,99.4666671753,0.4830042513133792,0.7322540129964139,0,0,0,0,,,34
India,750,39.0,IND,82,1977,3,3,4,3,2.0,99.112991333,-0.35557222569515545,-0.30168286237057806,0,0,0,0,,,34
India,750,39.0,IND,82,1978,3,3,4,3,3.0,99.1479492188,0.03527074032358968,0.16270276594181343,0,0,0,0,,,34
India,750,39.0,IND,82,1978,3,3,4,3,3.0,98.9143371582,-0.23561965975157362,-0.5559211451231394,0,0,0,0,,,34
India,750,39.0,IND,82,1979,3,3,3,3,3.0,99.1428375244,0.23100833788587405,0.03065941845789011,0,0,0,0,,,34
India,750,39.0,IND,82,1979,3,3,3,3,3.0,99.4534225464,0.31327025709100287,0.3086589352253033,0,0,0,0,,,34
India,750,39.0,IND,82,1980,2,3,3,3,3.0,99.0300598145,-0.42568945448053785,0.11858914049633906,0,0,0,0,,,34
India,750,39.0,IND,82,1980,2,3,3,3,3.0,99.4368362427,0.4107605599370068,0.2983413625474718,0,0,0,0,,,34
India,750,39.0,IND,82,1981,3,3,4,3,3.0,98.8502655029,-0.5898928022692984,-0.6048216968128295,0,0,0,0,,,34
India,750,39.0,IND,82,1981,3,3,4,3,3.0,99.2004547119,0.35426228469737087,0.17513004236507923,0,0,0,0,,,34
India,750,39.0,IND,82,1982,3,3,4,3,3.0,98.8571090698,-0.3461129720595979,-0.5817434896315254,0,0,0,0,,,34
India,750,39.0,IND,82,1982,3,3,4,3,3.0,99.0824356079,0.22793154707860808,0.23608085971638104,0,0,0,0,,,34
India,750,39.0,IND,82,1983,3,3,3,3,3.0,98.906539917,-0.17752459335584891,-0.29570601833683874,0,0,0,0,,,34
India,750,39.0,IND,82,1983,3,3,3,3,3.0,99.0645294189,0.1597361529708463,0.21014310669360547,0,0,0,0,,,34
India,750,39.0,IND,82,1984,3,3,3,3,3.0,98.9233627319,-0.14249973005278083,-0.16028817043778343,0,0,0,0,,,34
India,750,39.0,IND,82,1984,3,3,3,3,3.0,98.9685668945,0.04569614431984004,0.06293256723790552,0,0,0,0,,,34
India,750,39.0,IND,82,1985,3,3,3,3,3.0,98.7035827637,-0.2677457490947388,-0.3645493348276796,0,0,0,0,,,34
India,750,39.0,IND,82,1985,3,3,3,3,3.0,98.7794647217,0.07687862575531668,-0.1451709790195821,0,0,0,0,,,34
India,750,39.0,IND,82,1986,3,3,3,3,3.0,98.3177642822,-0.4674052859071298,-0.658272409246552,0,0,0,0,,,34
India,750,39.0,IND,82,1986,3,3,3,3,3.0,98.1187362671,-0.20243342243699836,-0.5929600825888115,0,0,0,0,,,34
India,750,39.0,IND,82,1987,3,3,3,3,3.0,98.2478561401,0.13159553201795848,-0.5382431763261697,0,0,0,0,,,34
India,750,39.0,IND,82,1987,3,3,3,3,3.0,98.1693267822,-0.0799298437494822,-0.15076773416852207,0,0,0,0,,,34
India,750,39.0,IND,82,1988,3,3,3,3,3.0,98.1619491577,-0.00751520331434552,0.044150484954130764,0,0,0,0,,,34
India,750,39.0,IND,82,1988,3,3,3,3,3.0,97.9329147339,-0.23332301952565526,-0.320768066589483,0,0,0,0,,,34
India,750,39.0,IND,82,1989,3,3,3,3,3.0,98.1848602295,0.2572633483692188,0.016425125529218043,0,0,0,0,,,34
India,750,39.0,IND,82,1989,3,3,3,3,3.0,98.0836105347,-0.10312149405045101,-0.07918116520688745,0,0,0,0,,,34
India,750,39.0,IND,82,1990,3,3,3,3,3.0,98.16796875,0.08600643353167126,0.24014828785043907,0,0,0,0,,,34
India,750,39.0,IND,82,1990,3,3,3,3,3.0,98.2080993652,0.04087954116906989,0.023764480650290132,0,0,0,0,,,34
India,750,39.0,IND,82,1991,3,3,3,3,3.0,98.0694122314,-0.14121761310569303,-0.014331638404951885,0,0,0,0,,,34
India,750,39.0,IND,82,1991,3,3,3,3,3.0,97.9389953613,-0.13298424772064665,-0.2333223196572698,0,0,0,0,,,34
India,750,39.0,IND,82,1992,3,3,3,3,3.0,98.0312347412,0.09418044320315122,-0.18002141762318846,0,0,0,0,,,34
India,750,39.0,IND,82,1992,3,3,3,3,3.0,97.8741378784,-0.16025184545999105,-0.19905564997748648,0,0,0,0,,,34
India,750,39.0,IND,82,1993,3,3,3,3,3.0,98.0123443604,0.141208377407831,0.07513697515099116,0,0,0,0,,,34
India,750,39.0,IND,82,1993,3,3,3,3,3.0,97.7508468628,-0.26680057426077264,-0.2858440423129327,0,0,0,0,,,34
India,750,39.0,IND,82,1994,3,4,3,3,3.0,98.0659103394,0.32231278470888913,0.19672058785594748,0,0,0,0,,,34
India,750,39.0,IND,82,1994,3,4,3,3,3.0,97.788520813,-0.2828602981810646,-0.22734808773294812,0,0,0,0,,,34
India,750,39.0,IND,82,1995,3,3,3,3,3.0,98.0824584961,0.3005850591217163,0.3400375456495408,0,0,0,0,,,34
India,750,39.0,IND,82,1995,3,3,3,3,3.0,97.8532791138,-0.23365990801414993,-0.21593514707349826,0,0,0,0,,,34
India,750,39.0,IND,82,1996,3,4,3,3,3.0,98.0864257813,0.2382614763771551,0.3051866274847215,0,0,0,0,,,34
India,750,39.0,IND,82,1996,3,4,3,3,3.0,97.9497299194,-0.139362670024068,-0.1347611016610628,0,0,0,0,,,34
India,750,39.0,IND,82,1997,3,4,3,3,3.0,98.1950073242,0.25041151721585386,0.349310323568941,0,0,0,0,,,34
India,750,39.0,IND,82,1997,3,4,3,3,3.0,98.0362014771,-0.16172497098115857,-0.050676123789372696,0,0,0,0,,,34
India,750,39.0,IND,82,1998,3,4,3,3,3.0,98.0480117798,0.012046879134519628,0.10073342536921492,0,0,0,0,,,34
India,750,39.0,IND,82,1998,3,4,3,3,3.0,97.6606750488,-0.39504802185066357,-0.5447261136973025,0,0,0,0,,,34
India,750,39.0,IND,82,1999,3,3,3,3,3.0,97.9102706909,0.2555743567974389,-0.12742678591870504,0,0,0,0,,,34
India,750,39.0,IND,82,1999,3,3,3,3,3.0,97.8023910522,-0.11018214732607667,-0.24965581237930135,0,0,0,0,,,34
India,750,39.0,IND,82,2000,3,3,3,3,3.0,97.9125976563,0.11268293434787413,0.25807514381923635,0,0,0,0,,,34
India,750,39.0,IND,82,2000,3,3,3,3,3.0,98.2249069214,0.31896739804238017,0.3214681850641776,0,0,0,0,,,34
India,750,39.0,IND,82,2001,3,3,2,3,3.0,97.8426971436,-0.3891169661334959,0.04253336625675841,0,0,0,0,,,34
India,750,39.0,IND,82,2001,3,3,2,3,3.0,98.0711669922,0.23350730843476608,0.16335774034365036,0,0,0,0,,,34
India,750,39.0,IND,82,2002,3,3,2,3,3.0,97.8365402222,-0.23924133585426777,-0.3948509935529976,0,0,0,0,,,34
India,750,39.0,IND,82,2002,3,3,2,3,3.0,98.0964126587,0.26561899665482613,0.25988496923532445,0,0,0,0,,,34
India,750,39.0,IND,82,2003,3,3,2,3,3.0,97.9326705933,-0.16691952433540713,-0.14054186353484877,0,0,0,0,,,34
India,750,39.0,IND,82,2003,3,3,2,3,3.0,98.2861633301,0.36095486282405886,0.45965433514347787,0,0,0,0,,,34
India,750,39.0,IND,82,2004,3,3,3,3,3.0,98.0904922485,-0.1990830397385901,-0.005047701249938363,0,0,0,0,,,34
India,750,39.0,IND,82,2004,3,3,3,3,3.0,98.5453491211,0.46371147924069156,0.6255833023261603,0,0,0,0,,,34
India,750,39.0,IND,82,2005,3,3,3,3,3.0,98.400138855,-0.14735374870057383,0.11727469080152764,0,0,0,0,,,34
India,750,39.0,IND,82,2005,3,3,3,3,3.0,98.9320602417,0.5405697521258856,0.8569274826660034,0,0,0,0,,,34
India,750,39.0,IND,82,2006,3,3,3,3,3.0,98.7279281616,-0.2063356202238964,0.18688038320141542,0,0,0,0,,,34
India,750,39.0,IND,82,2006,3,3,3,3,3.0,99.2221679688,0.5006078993078811,0.8348420312098703,0,0,0,0,,,34
India,750,39.0,IND,82,2007,3,3,3,3,3.0,98.8882751465,-0.336510307258131,-0.04223802817414635,0,0,0,0,,,34
India,750,39.0,IND,82,2007,3,3,3,3,3.0,99.3244018555,0.44102974630095826,0.6051273383507083,0,0,0,0,,,34
India,750,39.0,IND,82,2008,3,3,3,3,3.0,99.6346511841,0.31235962442679455,0.4168790634696218,0,0,0,0,,,34
India,750,39.0,IND,82,2008,3,3,3,3,3.0,99.8092193604,0.17520829774115843,0.9285976684689112,0,0,0,0,,,34
India,750,39.0,IND,82,2009,3,3,3,3,3.0,98.6422805786,-1.169169330526787,-0.681601408358834,0,0,0,0,,,34
India,750,39.0,IND,82,2009,3,3,3,3,3.0,99.3461227417,0.7135298970903037,-0.28043113569532485,0,0,0,0,,,34
India,750,39.0,IND,82,2010,3,3,3,3,3.0,99.5806427002,0.23606352419989207,-0.2195759092365912,0,0,0,0,,,34
India,750,39.0,IND,82,2010,3,3,3,3,3.0,99.8124160767,0.23274942821747135,1.182342849507667,0,0,0,0,,,34
India,750,39.0,IND,82,2011,3,3,3,3,3.0,100.2939605713,0.4824494922855749,0.9512624447029383,0,0,0,0,,,34
India,750,39.0,IND,82,2011,3,3,3,3,3.0,100.1649093628,-0.1286729607295367,0.5865259597735095,0,0,0,0,,,34
India,750,39.0,IND,82,2012,3,3,3,3,3.0,100.0,-0.16463785955488364,0.18913867200115453,0,0,0,0,,,34
India,750,39.0,IND,82,2012,3,3,3,3,3.0,100.0,0.0,-0.29331082028442035,0,0,0,0,,,34
India,750,39.0,IND,82,2013,3,3,3,3,3.0,100.0816345215,0.08163452150000694,-0.0830033380548767,0,0,0,0,,,34
India,750,39.0,IND,82,2013,3,3,3,3,3.0,100.0398101807,-0.041790225549342974,0.039844295950663966,0,0,0,0,,,34
India,750,39.0,IND,82,2014,3,3,2,3,3.0,99.7482833862,-0.29141078334057324,-0.2515664873899093,0,0,0,0,,,34
India,750,39.0,IND,82,2014,3,3,2,3,3.0,99.91015625,0.16228135292641888,-0.17091965596349734,0,0,0,0,,,34
India,750,39.0,IND,82,2015,3,3,2,3,3.0,97.540473938,-2.3718132379559664,-2.500942668370121,0,0,0,0,,,34
India,750,39.0,IND,82,2015,3,3,2,3,3.0,99.1546401978,1.6548681738270288,-0.5546637112025188,0,0,0,0,,,34
India,750,39.0,IND,82,2016,3,3,3,3,3.0,97.3065872192,-1.8638088695732247,-2.5807539337021623,0,0,0,0,,,34
India,750,39.0,IND,82,2016,3,3,3,3,3.0,99.1064147949,1.849646182375686,1.6407054866294901,0,0,0,0,,,34
India,750,39.0,IND,82,2017,3,3,2,3,3.0,97.9736557007,-1.1429725276050462,-1.1571352148025849,0,0,0,0,,,34
India,750,39.0,IND,82,2017,3,3,2,3,3.0,99.4029083252,1.4588132026697398,2.1654868574403796,0,0,0,0,,,34
India,750,39.0,IND,82,2018,2,2,2,3,3.0,98.5762329102,-0.8316410746207703,-0.5158003995560767,0,0,0,0,,,34
India,750,39.0,IND,82,2018,2,2,2,3,3.0,99.5492095947,0.9870296883695673,1.6142018164185368,0,0,0,0,,,34
India,750,39.0,IND,82,2019,2,2,2,3,3.0,98.1765365601,-1.3788889336124655,-1.2235003198636685,0,0,0,0,,,34
India,750,39.0,IND,82,2019,2,2,2,3,3.0,99.3907394409,1.23675464967814,0.8448954044352419,0,0,0,0,,,34
India,750,39.0,IND,82,2020,2,2,2,2,2.0,97.3262252808,-2.0771695348213104,-2.2193038187556358,0,0,0,0,,,34
India,750,39.0,IND,82,2020,2,2,2,2,2.0,99.1419372559,1.8655937491271368,1.0251788639839665,0,0,0,0,,,34
India,750,39.0,IND,82,2021,2,2,2,2,2.0,98.7268600464,-0.4186696578548976,-0.6302454435490712,0,0,0,0,,,34
India,750,39.0,IND,82,2021,2,2,2,2,2.0,99.7274398804,1.013482889590267,2.460406980862506,0,0,0,0,,,34
India,750,39.0,IND,82,2022,2,2,2,3,2.0,99.3057022095,-0.4228903012107543,0.17192293052461505,0,0,0,0,,,34
India,750,39.0,IND,82,2022,2,2,2,3,2.0,99.8538131714,0.5519430905827516,1.1425356789622643,0,0,0,0,,,34
India,750,39.0,IND,82,2023,2,2,2,3,2.0,98.8212432861,-1.034081576361623,-0.9050287869896256,0,0,0,0,,,34
India,750,39.0,IND,82,2023,2,2,2,3,2.0,99.6957015991,0.8848890015159316,0.40275051573706033,0,0,0,0,,,34
India,750,39.0,IND,82,2024,2,2,2,3,2.0,98.7341156006,-0.9645210205418531,-1.1137135953875443,0,0,0,0,,,34
India,750,39.0,IND,82,2024,2,2,2,3,2.0,99.6585998535,0.9363371994334013,0.8567051804074799,0,0,0,0,,,34
Iraq,645,80.0,IRQ,85,1975,1,1,2,2,1.0,56.0858612061,,,0,0,0,0,-11.0,-14.0,35
Iraq,645,80.0,IRQ,85,1975,1,1,2,2,1.0,59.2381477356,5.6204655892083455,5.6204655892083455,0,0,0,0,-11.0,-14.0,35
Iraq,645,80.0,IRQ,85,1976,1,1,2,2,1.0,59.2934608459,0.09337413881824741,5.713839728026593,0,0,0,0,-10.0,-13.0,35
Iraq,645,80.0,IRQ,85,1976,1,1,2,2,1.0,61.5049362183,3.729712080978853,9.443551809005445,0,0,0,0,-10.0,-13.0,35
Iraq,645,80.0,IRQ,85,1977,1,1,2,2,1.0,61.4290733337,-0.12334438382430868,3.699741835972792,0,0,0,0,-9.0,-12.0,35
Iraq,645,80.0,IRQ,85,1977,1,1,2,2,1.0,62.9686508179,2.50626845017925,6.112636147333794,0,0,0,0,-9.0,-12.0,35
Iraq,645,80.0,IRQ,85,1978,1,1,2,2,1.0,57.8445396423,-8.137559101303438,-5.754635034948497,0,0,0,0,-8.0,-11.0,35
Iraq,645,80.0,IRQ,85,1978,1,1,2,2,1.0,60.4578132629,4.517753338102448,-1.11353731302174,0,0,0,0,-8.0,-11.0,35
Iraq,645,80.0,IRQ,85,1979,1,1,2,2,1.0,83.9674987793,38.88609965790268,35.26629389470169,0,0,1,0,-7.0,-10.0,35
Iraq,645,80.0,IRQ,85,1979,1,1,2,2,1.0,77.7329788208,-7.424920414608039,35.978932581397096,0,0,1,0,-7.0,-10.0,35
Iraq,645,80.0,IRQ,85,1980,1,1,2,2,1.0,90.2090530396,16.049911386467564,47.51109062976221,0,0,1,0,-6.0,-9.0,35
Iraq,645,80.0,IRQ,85,1980,1,1,2,2,1.0,81.5681686401,-9.578733074281153,-0.953742102421625,0,0,0,0,-6.0,-9.0,35
Iraq,645,80.0,IRQ,85,1981,1,1,2,2,1.0,85.4556121826,4.765883073398913,11.237061385585328,0,0,0,0,-5.0,-8.0,35
Iraq,645,80.0,IRQ,85,1981,1,1,2,2,1.0,78.6274261475,-7.99033072340487,-12.803180724287106,0,0,0,0,-5.0,-8.0,35
Iraq,645,80.0,IRQ,85,1982,1,1,2,1,1.0,82.2373199463,4.591138201609279,1.3666905516033259,0,0,0,0,-4.0,-7.0,35
Iraq,645,80.0,IRQ,85,1982,1,1,2,1,1.0,76.6094894409,-6.843402130656628,-10.242594652452215,0,0,0,0,-4.0,-7.0,35
Iraq,645,80.0,IRQ,85,1983,1,1,2,2,1.0,77.7333374023,1.4669827061919882,-0.7852812228553567,0,0,0,0,-3.0,-6.0,35
Iraq,645,80.0,IRQ,85,1983,1,1,2,2,1.0,73.7613830566,-5.10971801602137,-10.486137440486006,0,0,0,0,-3.0,-6.0,35
Iraq,645,80.0,IRQ,85,1984,1,1,2,2,1.0,75.6504211426,2.561012290876463,-1.081723018952915,0,0,0,0,-2.0,-5.0,35
Iraq,645,80.0,IRQ,85,1984,1,1,2,2,1.0,72.4213409424,-4.268423296829016,-6.817129021973919,0,0,0,0,-2.0,-5.0,35
Iraq,645,80.0,IRQ,85,1985,1,1,2,2,1.0,74.4519348145,2.8038611901912036,1.0964501842386545,0,0,0,0,-1.0,-4.0,35
Iraq,645,80.0,IRQ,85,1985,1,1,2,2,1.0,71.6383743286,-3.7790293736625014,-5.24359148030031,0,0,0,0,-1.0,-4.0,35
Iraq,645,80.0,IRQ,85,1986,1,1,2,2,1.0,47.3448829651,-33.91128231367664,-34.88645049714793,1,1,0,0,0.0,-3.0,35
Iraq,645,80.0,IRQ,85,1986,1,1,2,2,1.0,52.7913818359,11.50388073578057,-26.18643095155857,1,0,0,0,0.0,-3.0,35
Iraq,645,80.0,IRQ,85,1987,1,1,2,2,1.0,51.7617454529,-1.9503872548753964,-24.357788832771462,1,0,0,0,1.0,-2.0,35
Iraq,645,80.0,IRQ,85,1987,1,1,2,2,1.0,56.0746841431,8.332289903408508,17.885783384313683,0,0,0,0,1.0,-2.0,35
Iraq,645,80.0,IRQ,85,1988,1,1,2,1,1.0,42.4418869019,-24.31185739077858,-17.92995474224547,0,0,0,0,2.0,-1.0,35
Iraq,645,80.0,IRQ,85,1988,1,1,2,1,1.0,49.0609893799,15.59568379534908,-0.38388369202099426,0,0,0,0,2.0,-1.0,35
Iraq,645,80.0,IRQ,85,1989,1,1,2,1,1.0,47.2524528503,-3.6863026051018544,-12.402476200531357,0,0,0,0,3.0,0.0,35
Iraq,645,80.0,IRQ,85,1989,1,1,2,1,1.0,52.7504615784,11.635393289567798,23.544774479815022,0,0,1,1,3.0,0.0,35
Iraq,645,80.0,IRQ,85,1990,1,1,2,1,1.0,54.714717865,3.723676016902022,11.672766701367964,0,0,0,0,4.0,1.0,35
Iraq,645,80.0,IRQ,85,1990,1,1,2,1,1.0,58.226776123,6.4188547342334035,21.777924040703223,0,0,1,0,4.0,1.0,35
Iraq,645,80.0,IRQ,85,1991,1,1,2,1,1.0,48.0149917603,-17.53795254116134,-7.395421790025914,0,0,0,0,5.0,2.0,35
Iraq,645,80.0,IRQ,85,1991,1,1,2,1,1.0,53.3128166199,11.033688990404823,-0.08540881652311327,0,0,0,0,5.0,2.0,35
Iraq,645,80.0,IRQ,85,1992,1,1,2,1,1.0,47.6439208984,-10.63326997317936,-17.137533523935875,0,0,0,0,6.0,3.0,35
Iraq,645,80.0,IRQ,85,1992,1,1,2,1,1.0,53.0390472412,11.323850432681715,11.724269449907178,0,0,0,0,6.0,3.0,35
Iraq,645,80.0,IRQ,85,1993,1,1,2,1,1.0,44.1672668457,-16.72688492150841,-16.036304462006058,0,0,0,0,7.0,4.0,35
Iraq,645,80.0,IRQ,85,1993,1,1,2,1,1.0,50.3888206482,14.086345492545949,8.683311003719254,0,0,0,0,7.0,4.0,35
Iraq,645,80.0,IRQ,85,1994,1,1,2,1,1.0,42.2940979004,-16.064521145106745,-18.705060574069208,0,0,0,0,8.0,5.0,35
Iraq,645,80.0,IRQ,85,1994,1,1,2,1,1.0,48.9438972473,15.722759621353966,13.744583968793169,0,0,0,0,8.0,5.0,35
Iraq,645,80.0,IRQ,85,1995,1,1,2,1,1.0,43.3103408813,-11.510232496474881,-11.85199402022766,0,0,0,0,9.0,6.0,35
Iraq,645,80.0,IRQ,85,1995,1,1,2,1,1.0,49.7451019287,14.85733179758537,19.069858922464455,0,0,0,0,9.0,6.0,35
Iraq,645,80.0,IRQ,85,1996,1,1,2,1,1.0,47.9118347168,-3.685322053470985,-0.3382227523604957,0,0,0,0,10.0,7.0,35
Iraq,645,80.0,IRQ,85,1996,1,1,2,1,1.0,53.2423553467,11.12568671479175,22.297696458906135,0,0,1,0,10.0,7.0,35
Iraq,645,80.0,IRQ,85,1997,1,1,2,1,1.0,47.3685951233,-11.032119419119702,-3.591754757798938,0,0,0,0,11.0,8.0,35
Iraq,645,80.0,IRQ,85,1997,1,1,2,1,1.0,52.830242157,11.530101366703803,11.62366866237585,0,0,0,0,11.0,8.0,35
Iraq,645,80.0,IRQ,85,1998,1,1,2,1,1.0,38.2994117737,-27.504758240777182,-27.00677629319308,1,1,0,0,12.0,9.0,35
Iraq,645,80.0,IRQ,85,1998,1,1,2,1,1.0,45.7719116211,19.510743119379526,3.536086245306148,0,0,0,0,12.0,9.0,35
Iraq,645,80.0,IRQ,85,1999,1,1,2,1,1.0,47.1748428345,3.0650483314165644,-4.928966789981091,0,0,0,0,13.0,10.0,35
Iraq,645,80.0,IRQ,85,1999,1,1,2,1,1.0,52.6705322266,11.649618868641753,34.22541031943784,0,0,1,1,13.0,10.0,35
Iraq,645,80.0,IRQ,85,2000,1,1,2,1,1.0,62.6854400635,19.014252208072826,33.72891940813115,0,0,1,0,14.0,11.0,35
Iraq,645,80.0,IRQ,85,2000,1,1,2,1,1.0,63.7847633362,1.753713895262421,32.417584971977,0,0,1,0,14.0,11.0,35
Iraq,645,80.0,IRQ,85,2001,1,1,2,1,1.0,58.2264633179,-8.714150100397845,12.053816002937406,0,0,0,0,15.0,12.0,35
Iraq,645,80.0,IRQ,85,2001,1,1,2,1,1.0,60.696598053,4.242288805373207,-2.7181473997622128,0,0,0,0,15.0,12.0,35
Iraq,645,80.0,IRQ,85,2002,1,1,2,1,1.0,59.6538009644,-1.718048658492255,-6.189909953516889,0,0,0,0,16.0,13.0,35
Iraq,645,80.0,IRQ,85,2002,1,1,2,1,1.0,61.7627296448,3.535279640703126,6.059519787584082,0,0,0,0,16.0,13.0,35
Iraq,645,80.0,IRQ,85,2003,1,1,2,1,1.0,63.6629486084,3.076643429667447,4.893874411878323,0,0,0,0,17.0,14.0,35
Iraq,645,80.0,IRQ,85,2003,1,1,2,1,1.0,64.9446105957,2.013199223906015,8.625122294276593,0,0,0,0,17.0,14.0,35
Iraq,645,80.0,IRQ,85,2004,2,3,2,3,2.0,70.9432983398,9.236621313265946,14.326463966839412,0,0,0,0,18.0,15.0,35
Iraq,645,80.0,IRQ,85,2004,2,3,2,3,2.0,70.9186782837,-0.03470385036521417,11.215116686806752,0,0,0,0,18.0,15.0,35
Iraq,645,80.0,IRQ,85,2005,3,2,2,3,2.0,82.5506973267,16.40191177346506,25.603829236365797,0,0,1,0,19.0,16.0,35
Iraq,645,80.0,IRQ,85,2005,3,2,2,3,2.0,80.9213104248,-1.9738014997639497,14.393406423335902,0,0,0,0,19.0,16.0,35
Iraq,645,80.0,IRQ,85,2006,2,2,2,3,2.0,89.1669540405,10.189705990194842,24.617816263895957,0,0,1,0,20.0,17.0,35
Iraq,645,80.0,IRQ,85,2006,2,2,2,3,2.0,86.8435974121,-2.6056252043158534,5.610279286115045,0,0,0,0,20.0,17.0,35
Iraq,645,80.0,IRQ,85,2007,2,3,2,3,2.0,91.7710418701,5.673929460358207,13.2580102462372,0,0,0,0,21.0,18.0,35
Iraq,645,80.0,IRQ,85,2007,2,3,2,3,2.0,89.4140472412,-2.568342454078587,0.49996180196377127,0,0,0,0,21.0,18.0,35
Iraq,645,80.0,IRQ,85,2008,2,2,2,3,2.0,101.437538147,13.446982075831858,16.552569082111482,0,0,0,0,22.0,19.0,35
Iraq,645,80.0,IRQ,85,2008,2,2,2,3,2.0,99.4694671631,-1.9401801540647856,8.93845946768849,0,0,0,0,22.0,19.0,35
Iraq,645,80.0,IRQ,85,2009,2,3,2,3,2.0,84.125289917,-15.426017333480003,-3.9192154117129263,0,0,0,0,23.0,20.0,35
Iraq,645,80.0,IRQ,85,2009,2,3,2,3,2.0,82.5259170532,-1.90117961599654,-19.267377103541325,0,0,0,0,23.0,20.0,35
Iraq,645,80.0,IRQ,85,2010,2,2,2,3,2.0,92.1768569946,11.694435258657654,-5.632761690818883,0,0,0,0,24.0,21.0,35
Iraq,645,80.0,IRQ,85,2010,2,2,2,3,2.0,91.1734085083,-1.0886121733992171,8.7046434692619,0,0,0,0,24.0,21.0,35
Iraq,645,80.0,IRQ,85,2011,2,2,2,3,2.0,100.5156402588,10.24666281907134,20.85248590432978,0,0,1,0,25.0,22.0,35
Iraq,645,80.0,IRQ,85,2011,2,2,2,3,2.0,100.6162185669,0.10006234635826505,9.25811299203039,0,0,0,0,25.0,22.0,35
Iraq,645,80.0,IRQ,85,2012,2,2,2,3,1.0,100.0,-0.6124445697492376,9.734280595680369,0,0,0,0,26.0,23.0,35
Iraq,645,80.0,IRQ,85,2012,2,2,2,3,1.0,100.0,0.0,-0.5123822233909707,0,0,0,0,26.0,23.0,35
Iraq,645,80.0,IRQ,85,2013,2,2,2,3,1.0,100.8057098389,0.8057098389000039,0.19326526915076814,0,0,0,0,27.0,24.0,35
Iraq,645,80.0,IRQ,85,2013,2,2,2,3,1.0,100.8701477051,0.06392283364005102,0.8696326725400567,0,0,0,0,27.0,24.0,35
Iraq,645,80.0,IRQ,85,2014,2,3,2,3,1.0,97.8925094604,-2.9519519029607255,-2.082319230420669,0,0,0,0,28.0,25.0,35
Iraq,645,80.0,IRQ,85,2014,2,3,2,3,1.0,97.7485809326,-0.14702711023892867,-3.0350561795596014,0,0,0,0,28.0,25.0,35
Iraq,645,80.0,IRQ,85,2015,2,2,2,2,1.0,77.4224014282,-20.794347406859437,-23.89332642005909,1,1,0,0,29.0,26.0,35
Iraq,645,80.0,IRQ,85,2015,2,2,2,2,1.0,75.3594436646,-2.664548923237875,-23.605923440336237,1,0,0,0,29.0,26.0,35
Iraq,645,80.0,IRQ,85,2016,2,2,2,2,1.0,74.5749588013,-1.0409907838378918,-24.499887113935202,1,0,0,0,30.0,27.0,35
Iraq,645,80.0,IRQ,85,2016,2,2,2,2,1.0,71.8424301147,-3.6641370381184424,-7.369676745194209,0,0,0,0,30.0,27.0,35
Iraq,645,80.0,IRQ,85,2017,2,3,2,2,1.0,79.7962493896,11.071200211631682,6.366072389675349,0,0,0,0,31.0,28.0,35
Iraq,645,80.0,IRQ,85,2017,2,3,2,2,1.0,78.3264312744,-1.8419639098871898,5.565099263626051,0,0,0,0,31.0,28.0,35
Iraq,645,80.0,IRQ,85,2018,2,2,3,3,2.0,86.4225845337,10.33642555593637,19.565661857680862,0,0,0,0,32.0,29.0,35
Iraq,645,80.0,IRQ,85,2018,2,2,3,3,2.0,86.7134780884,0.33659437086905886,8.83105601691824,0,0,0,0,32.0,29.0,35
Iraq,645,80.0,IRQ,85,2019,2,2,3,3,2.0,83.1839981079,-4.070278413814599,6.602741512990829,0,0,0,0,33.0,30.0,35
Iraq,645,80.0,IRQ,85,2019,2,2,3,3,2.0,82.5902709961,-0.7137515932209126,-4.447435636166452,0,0,0,0,33.0,30.0,35
Iraq,645,80.0,IRQ,85,2020,2,2,2,2,2.0,73.8551330566,-10.576473274815246,-15.360503281850757,0,0,0,0,34.0,31.0,35
Iraq,645,80.0,IRQ,85,2020,2,2,2,2,2.0,70.9880981445,-3.8819710877818103,-15.172195955817969,0,0,0,0,34.0,31.0,35
Iraq,645,80.0,IRQ,85,2021,2,2,2,2,2.0,85.6615600586,20.670312767404187,6.211868404807131,0,0,0,0,35.0,32.0,35
Iraq,645,80.0,IRQ,85,2021,2,2,2,2,2.0,85.806602478,0.16932031041785311,16.95766199004023,0,0,0,0,35.0,32.0,35
Iraq,645,80.0,IRQ,85,2022,2,2,2,2,2.0,92.6121063232,7.93121234108396,28.770845418906,0,0,1,1,36.0,33.0,35
Iraq,645,80.0,IRQ,85,2022,2,2,2,2,2.0,94.7775497437,2.338186125411079,10.438718776912893,0,0,0,0,36.0,33.0,35
Iraq,645,80.0,IRQ,85,2023,2,2,2,2,2.0,87.7190170288,-7.447473303527985,2.8219251629670543,0,0,0,0,37.0,34.0,35
Iraq,645,80.0,IRQ,85,2023,2,2,2,2,2.0,88.4075241089,0.7849005876045867,-4.3243865905123196,0,0,0,0,37.0,34.0,35
Iraq,645,80.0,IRQ,85,2024,2,2,2,2,2.0,86.8294525146,-1.7849969334693072,-8.447569649392706,0,0,0,0,38.0,35.0,35
Iraq,645,80.0,IRQ,85,2024,2,2,2,2,2.0,87.2508621216,0.48533025925636686,-0.5147660866083537,0,0,0,0,38.0,35.0,35
Israel,666,169.0,ISR,87,1975,3,3,4,3,3.0,100.0586700439,,,0,0,0,0,,,36
Israel,666,169.0,ISR,87,1975,3,3,4,3,3.0,99.9252243042,-0.13336749293334504,-0.13336749293334504,0,0,0,0,,,36
Israel,666,169.0,ISR,87,1976,3,3,4,3,3.0,100.1014099121,0.17631745050041836,0.042949957567073316,0,0,0,0,,,36
Israel,666,169.0,ISR,87,1976,3,3,4,3,3.0,99.9855194092,-0.11577309750359088,-0.07282313993651757,0,0,0,0,,,36
Israel,666,169.0,ISR,87,1977,3,3,4,3,3.0,100.6596832275,0.6742614553422621,0.7348058083390896,0,0,0,0,,,36
Israel,666,169.0,ISR,87,1977,3,3,4,3,3.0,100.1242523193,-0.5319219085856641,0.026566449253007107,0,0,0,0,,,36
Israel,666,169.0,ISR,87,1978,3,3,4,3,3.0,100.706161499,0.5811870413216846,0.7235265880782826,0,0,0,0,,,36
Israel,666,169.0,ISR,87,1978,3,3,4,3,3.0,100.109588623,-0.5923896483790991,-0.5431245156430786,0,0,0,0,,,36
Israel,666,169.0,ISR,87,1979,3,3,4,3,3.0,100.4058914185,0.29597843680673197,0.2847758297493175,0,0,0,0,,,36
Israel,666,169.0,ISR,87,1979,3,3,4,3,3.0,100.1085281372,-0.2961611884511606,-0.5925724000235277,0,0,0,0,,,36
Israel,666,169.0,ISR,87,1980,3,3,4,3,3.0,100.0137252808,-0.09470008016706499,-0.0948828318114936,0,0,0,0,,,36
Israel,666,169.0,ISR,87,1980,3,3,4,3,3.0,100.0336380005,0.01990998699838986,-0.3709512816198357,0,0,0,0,,,36
Israel,666,169.0,ISR,87,1981,3,3,4,3,3.0,100.2140045166,0.18030586481228017,0.10551577164360504,0,0,0,0,,,36
Israel,666,169.0,ISR,87,1981,3,3,4,3,3.0,100.0230941772,-0.19050265511382225,0.009713196696847781,0,0,0,0,,,36
Israel,666,169.0,ISR,87,1982,3,3,4,3,3.0,100.1200942993,0.09697772589214448,0.0867809355906024,0,0,0,0,,,36
Israel,666,169.0,ISR,87,1982,3,3,4,3,3.0,99.979598999,-0.14032677584182585,-0.2338517050635036,0,0,0,0,,,36
Israel,666,169.0,ISR,87,1983,3,3,4,3,3.0,100.2083129883,0.22876065876427099,0.18541160881458962,0,0,0,0,,,36
Israel,666,169.0,ISR,87,1983,3,3,4,3,3.0,100.0150909424,-0.1928203760126812,-0.10438649309023607,0,0,0,0,,,36
Israel,666,169.0,ISR,87,1984,3,3,4,3,3.0,100.4192047119,0.4040527941255645,0.4399930768771543,0,0,0,0,,,36
Israel,666,169.0,ISR,87,1984,3,3,4,3,3.0,100.0674819946,-0.3502544342081526,-0.13902201609526932,0,0,0,0,,,36
Israel,666,169.0,ISR,87,1985,3,3,4,3,3.0,100.1645965576,0.09704907235024152,0.1508474322676534,0,0,0,0,,,36
Israel,666,169.0,ISR,87,1985,3,3,4,3,3.0,99.9727401733,-0.19154111421961773,-0.4447464760775288,0,0,0,0,,,36
Israel,666,169.0,ISR,87,1986,3,3,4,3,3.0,99.8458709717,-0.12690379535469365,-0.22139583722406986,0,0,0,0,,,36
Israel,666,169.0,ISR,87,1986,3,3,4,3,3.0,99.787689209,-0.058271576114032886,-0.37671648568834426,0,0,0,0,,,36
Israel,666,169.0,ISR,87,1987,2,3,4,3,3.0,100.0831985474,0.29613807148201055,0.11096270001328401,0,0,0,0,,,36
Israel,666,169.0,ISR,87,1987,2,3,4,3,3.0,99.8948364258,-0.18820553732682432,0.049660958041153336,0,0,0,0,,,36
Israel,666,169.0,ISR,87,1988,3,3,4,2,2.0,100.1477661133,0.2531959574185505,0.3611284915737367,0,0,0,0,,,36
Israel,666,169.0,ISR,87,1988,3,3,4,2,2.0,99.9128875732,-0.23453198130677366,-0.1695415612150475,0,0,0,0,,,36
Israel,666,169.0,ISR,87,1989,3,3,4,3,2.0,100.0841903687,0.17145215163010263,0.19011612774187947,0,0,0,0,,,36
Israel,666,169.0,ISR,87,1989,3,3,4,3,2.0,99.8903274536,-0.19369983849181205,-0.2567796681684831,0,0,0,0,,,36
Israel,666,169.0,ISR,87,1990,3,3,4,3,2.0,100.1065826416,0.21649262097018784,0.19424493410847843,0,0,0,0,,,36
Israel,666,169.0,ISR,87,1990,3,3,4,3,2.0,99.9150695801,-0.19130915914455926,-0.16851637666618347,0,0,0,0,,,36
Israel,666,169.0,ISR,87,1991,3,3,4,3,3.0,99.9135742188,-0.001496632396180697,0.023686829429447886,0,0,0,0,,,36
Israel,666,169.0,ISR,87,1991,3,3,4,3,3.0,99.7714767456,-0.14222038828159977,-0.33502617982233973,0,0,0,0,,,36
Israel,666,169.0,ISR,87,1992,3,3,4,3,3.0,99.8486709595,0.07737102468357016,-0.06634599599421032,0,0,0,0,,,36
Israel,666,169.0,ISR,87,1992,3,3,4,3,3.0,99.7145614624,-0.13431275129780484,-0.19916211489583446,0,0,0,0,,,36
Israel,666,169.0,ISR,87,1993,3,3,4,3,3.0,99.7853775024,0.07101875489539111,0.014077028281156423,0,0,0,0,,,36
Israel,666,169.0,ISR,87,1993,3,3,4,3,3.0,99.6531829834,-0.1324788484132533,-0.19577284481566704,0,0,0,0,,,36
Israel,666,169.0,ISR,87,1994,3,3,4,3,3.0,99.8349609375,0.18241058504901986,0.12095049153115767,0,0,0,0,,,36
Israel,666,169.0,ISR,87,1994,3,3,4,3,3.0,99.7157211304,-0.11943692468077138,-0.06950518804500483,0,0,0,0,,,36
Israel,666,169.0,ISR,87,1995,3,3,4,3,3.0,99.8650894165,0.14979411912858787,0.21276777949683634,0,0,0,0,,,36
Israel,666,169.0,ISR,87,1995,3,3,4,3,3.0,99.7648620605,-0.10036275597971045,-0.07000556153189397,0,0,0,0,,,36
Israel,666,169.0,ISR,87,1996,3,3,4,3,3.0,99.8448562622,0.08018274174677043,0.12961410489564784,0,0,0,0,,,36
Israel,666,169.0,ISR,87,1996,3,3,4,3,3.0,99.7395324707,-0.10548744867077131,-0.12566746290371134,0,0,0,0,,,36
Israel,666,169.0,ISR,87,1997,3,3,4,3,3.0,99.8015136719,0.06214306370264655,0.036838356778645664,0,0,0,0,,,36
Israel,666,169.0,ISR,87,1997,3,3,4,3,3.0,99.671295166,-0.13047748587070584,-0.1738218708388306,0,0,0,0,,,36
Israel,666,169.0,ISR,87,1998,3,3,4,3,3.0,99.8080062866,0.1371619786542544,0.0688275564861951,0,0,0,0,,,36
Israel,666,169.0,ISR,87,1998,3,3,4,3,3.0,99.6800460815,-0.12820635323840257,-0.12152186045485402,0,0,0,0,,,36
Israel,666,169.0,ISR,87,1999,3,3,4,3,3.0,99.7994232178,0.11976031411782273,0.12871593953367455,0,0,0,0,,,36
Israel,666,169.0,ISR,87,1999,3,3,4,3,3.0,99.6412658691,-0.15847521318318458,-0.16692125230376442,0,0,0,0,,,36
Israel,666,169.0,ISR,87,2000,3,2,4,3,3.0,99.8467712402,0.2062452431806472,0.16753034411528533,0,0,0,0,,,36
Israel,666,169.0,ISR,87,2000,3,2,4,3,3.0,99.6849517822,-0.1620677924684344,-0.11429776247097179,0,0,0,0,,,36
Israel,666,169.0,ISR,87,2001,3,3,4,3,3.0,99.8287963867,0.14429921661023304,0.18847666732244583,0,0,0,0,,,36
Israel,666,169.0,ISR,87,2001,3,3,4,3,3.0,99.6579818726,-0.17110745624772106,-0.1888760321059224,0,0,0,0,,,36
Israel,666,169.0,ISR,87,2002,3,3,4,3,3.0,99.840057373,0.18270036878005325,0.15589212914256523,0,0,0,0,,,36
Israel,666,169.0,ISR,87,2002,3,3,4,3,3.0,99.6992950439,-0.14098782873702698,-0.1293949162046948,0,0,0,0,,,36
Israel,666,169.0,ISR,87,2003,3,3,4,2,3.0,99.8452911377,0.14643643541885076,0.18814897546187703,0,0,0,0,,,36
Israel,666,169.0,ISR,87,2003,3,3,4,2,3.0,99.7178115845,-0.12767708095937635,-0.12222847427755257,0,0,0,0,,,36
Israel,666,169.0,ISR,87,2004,3,3,4,2,3.0,99.8532333374,0.13580497881788833,0.15456433327736274,0,0,0,0,,,36
Israel,666,169.0,ISR,87,2004,3,3,4,2,3.0,99.7050170898,-0.14843409937381757,-0.1403062015153056,0,0,0,0,,,36
Israel,666,169.0,ISR,87,2005,3,3,4,3,3.0,99.8867797852,0.18230045057441302,0.16967133001848378,0,0,0,0,,,36
Israel,666,169.0,ISR,87,2005,3,3,4,3,3.0,99.8101425171,-0.07672413533083011,-0.042857784130234666,0,0,0,0,,,36
Israel,666,169.0,ISR,87,2006,3,3,4,3,3.0,99.9690475464,0.15920729626528463,0.26478361150886753,0,0,0,0,,,36
Israel,666,169.0,ISR,87,2006,3,3,4,3,3.0,99.992225647,0.023185277012105487,0.10566843794656,0,0,0,0,,,36
Israel,666,169.0,ISR,87,2007,3,3,4,2,3.0,99.9782104492,-0.014016287475659972,0.16837628580173014,0,0,0,0,,,36
Israel,666,169.0,ISR,87,2007,3,3,4,2,3.0,100.0072402954,0.029036173051677494,0.03820516258812301,0,0,0,0,,,36
Israel,666,169.0,ISR,87,2008,3,3,4,2,3.0,99.9711380005,-0.036099681176438025,-0.021079795600420503,0,0,0,0,,,36
Israel,666,169.0,ISR,87,2008,3,3,4,2,3.0,99.9371109009,-0.034036923336655533,-0.041100431461416065,0,0,0,0,,,36
Israel,666,169.0,ISR,87,2009,3,2,4,3,3.0,99.8613433838,-0.07581519659410896,-0.14595180110720252,0,0,0,0,,,36
Israel,666,169.0,ISR,87,2009,3,2,4,3,3.0,99.8003616333,-0.061066423135958114,-0.1709185430667226,0,0,0,0,,,36
Israel,666,169.0,ISR,87,2010,3,3,4,3,3.0,99.9977340698,0.19776725581939214,0.06088563608932507,0,0,0,0,,,36
Israel,666,169.0,ISR,87,2010,3,3,4,3,3.0,100.0407104492,0.04297735323683938,0.1796781859202734,0,0,0,0,,,36
Israel,666,169.0,ISR,87,2011,3,3,4,3,3.0,100.0702590942,0.029536620509107436,0.27028122956533895,0,0,0,0,,,36
Israel,666,169.0,ISR,87,2011,3,3,4,3,3.0,100.1653747559,0.09504888121700805,0.16756285496295487,0,0,0,0,,,36
Israel,666,169.0,ISR,87,2012,3,3,4,3,3.0,100.0,-0.16510171933467044,-0.04051621760855495,0,0,0,0,,,36
Israel,666,169.0,ISR,87,2012,3,3,4,3,3.0,100.0,0.0,-0.07005283811766239,0,0,0,0,,,36
Israel,666,169.0,ISR,87,2013,3,3,4,3,3.0,100.0096511841,0.009651184099990218,-0.15545053523468022,0,0,0,0,,,36
Israel,666,169.0,ISR,87,2013,3,3,4,3,3.0,100.0109863281,0.0013350151552460332,0.01098619925523625,0,0,0,0,,,36
Israel,666,169.0,ISR,87,2014,3,3,4,3,3.0,99.9692993164,-0.04168243233122482,-0.030696233075988566,0,0,0,0,,,36
Israel,666,169.0,ISR,87,2014,3,3,4,3,3.0,100.0115432739,0.042256930666595416,0.0019095134906166322,0,0,0,0,,,36
Israel,666,169.0,ISR,87,2015,3,3,4,3,3.0,99.7102584839,-0.3012500158855347,-0.3006755175501641,0,0,0,0,,,36
Israel,666,169.0,ISR,87,2015,3,3,4,3,3.0,99.8826599121,0.17290239823000153,-0.08609068698893774,0,0,0,0,,,36
Israel,666,169.0,ISR,87,2016,3,3,4,3,3.0,99.7077941895,-0.17507115124274497,-0.3034187688982781,0,0,0,0,,,36
Israel,666,169.0,ISR,87,2016,3,3,4,3,3.0,99.9675598145,0.2605268997389443,0.25835814672620083,0,0,0,0,,,36
Israel,666,169.0,ISR,87,2017,3,3,4,3,3.0,99.783782959,-0.18383649239914757,-0.09838074390294826,0,0,0,0,,,36
Israel,666,169.0,ISR,87,2017,3,3,4,3,3.0,100.0191497803,0.23587682719616865,0.31256723453596535,0,0,0,0,,,36
Israel,666,169.0,ISR,87,2018,3,3,4,3,3.0,99.8435440063,-0.17557215231857048,-0.1235318175215494,0,0,0,0,,,36
Israel,666,169.0,ISR,87,2018,3,3,4,3,3.0,100.045463562,0.2022359659902051,0.26254064086780327,0,0,0,0,,,36
Israel,666,169.0,ISR,87,2019,3,3,4,3,3.0,99.7815322876,-0.2638113363695238,-0.2371475226978892,0,0,0,0,,,36
Israel,666,169.0,ISR,87,2019,3,3,4,3,3.0,99.9110412598,0.12979252696452281,0.06821715658520411,0,0,0,0,,,36
Israel,666,169.0,ISR,87,2020,3,3,4,2,3.0,99.7030563354,-0.20817010990724638,-0.3421889193122474,0,0,0,0,,,36
Israel,666,169.0,ISR,87,2020,3,3,4,2,3.0,99.8944854736,0.1919992678619975,0.11362168491927394,0,0,0,0,,,36
Israel,666,169.0,ISR,87,2021,3,3,4,2,3.0,99.8686828613,-0.025829866561366543,-0.04200070860661542,0,0,0,0,,,36
Israel,666,169.0,ISR,87,2021,3,3,4,2,3.0,100.0335693359,0.1651032835078059,0.33127268480843686,0,0,0,0,,,36
Israel,666,169.0,ISR,87,2022,3,3,4,3,3.0,99.9303436279,-0.1031910674439529,0.036082349502486455,0,0,0,0,,,36
Israel,666,169.0,ISR,87,2022,3,3,4,3,3.0,100.1257781982,0.19557079782264175,0.25748301388649475,0,0,0,0,,,36
Israel,666,169.0,ISR,87,2023,3,3,4,3,2.0,99.9091949463,-0.21631117959578505,-0.1239314492170962,0,0,0,0,,,36
Israel,666,169.0,ISR,87,2023,3,3,4,3,2.0,100.183380127,0.2744343809870209,0.2536939992138776,0,0,0,0,,,36
Israel,666,169.0,ISR,87,2024,3,3,3,2,2.0,99.9217147827,-0.2611863803839598,-0.20306317899272397,0,0,0,0,,,36
Israel,666,169.0,ISR,87,2024,3,3,3,2,2.0,100.2517547607,0.3302985529399116,0.3435465535429727,0,0,0,0,,,36
Italy,325,82.0,ITA,88,1975,3,3,4,3,3.0,99.6802368164,,,0,0,0,0,,,37
Italy,325,82.0,ITA,88,1975,3,3,4,3,3.0,99.2111587524,-0.4705828145894042,-0.4705828145894042,0,0,0,0,,,37
Italy,325,82.0,ITA,88,1976,3,3,4,3,3.0,99.7826690674,0.5760544702701376,0.10547165568073336,0,0,0,0,,,37
Italy,325,82.0,ITA,88,1976,3,3,4,3,3.0,99.359954834,-0.4236349231292458,-0.3181632674485124,0,0,0,0,,,37
Italy,325,82.0,ITA,88,1977,3,3,4,3,3.0,99.8727798462,0.5161284675066158,0.6685480146475076,0,0,0,0,,,37
Italy,325,82.0,ITA,88,1977,3,3,4,3,3.0,99.4310073853,-0.4423352004222836,-0.3498416560449136,0,0,0,0,,,37
Italy,325,82.0,ITA,88,1978,3,3,4,3,3.0,99.8055725098,0.376708568433326,0.4505018355176582,0,0,0,0,,,37
Italy,325,82.0,ITA,88,1978,3,3,4,3,3.0,99.3909225464,-0.41545772743228904,-0.4810843594212466,0,0,0,0,,,37
Italy,325,82.0,ITA,88,1979,3,3,4,3,3.0,100.4145736694,1.0299241588406671,0.9911749998417041,0,0,0,0,,,37
Italy,325,82.0,ITA,88,1979,3,3,4,3,3.0,99.8172302246,-0.5948772403960634,0.01958919101231471,0,0,0,0,,,37
Italy,325,82.0,ITA,88,1980,4,4,4,4,3.0,100.4328765869,0.6167736380930711,1.0518205565376748,0,0,0,0,,,37
Italy,325,82.0,ITA,88,1980,4,4,4,4,3.0,99.7233810425,-0.7064375416809932,-0.6845411439839855,0,0,0,0,,,37
Italy,325,82.0,ITA,88,1981,4,4,4,4,3.0,100.2709503174,0.5490881568351869,0.45942425324726477,0,0,0,0,,,37
Italy,325,82.0,ITA,88,1981,4,4,4,4,3.0,99.5523300171,-0.7166784577439911,-0.8740278425897974,0,0,0,0,,,37
Italy,325,82.0,ITA,88,1982,4,4,4,4,3.0,100.1268005371,0.5770538167226391,0.4094635158138349,0,0,0,0,,,37
Italy,325,82.0,ITA,88,1982,4,4,4,4,3.0,99.4541702271,-0.6717784912649516,-0.8114031322863036,0,0,0,0,,,37
Italy,325,82.0,ITA,88,1983,4,4,4,4,3.0,100.0785293579,0.627785772456102,0.5330610979137895,0,0,0,0,,,37
Italy,325,82.0,ITA,88,1983,4,4,4,4,3.0,99.4839172363,-0.5941455429201437,-0.6381382617289932,0,0,0,0,,,37
Italy,325,82.0,ITA,88,1984,4,4,4,4,3.0,100.0216064453,0.5404785255116673,0.5741187550476257,0,0,0,0,,,37
Italy,325,82.0,ITA,88,1984,4,4,4,4,3.0,99.4739837646,-0.5475043844646477,-0.601171401873124,0,0,0,0,,,37
Italy,325,82.0,ITA,88,1985,4,4,4,4,3.0,99.9400787354,0.4685596707406203,0.46153381178763997,0,0,0,0,,,37
Italy,325,82.0,ITA,88,1985,4,4,4,4,3.0,99.3978729248,-0.5425309019773006,-0.6214756157013279,0,0,0,0,,,37
Italy,325,82.0,ITA,88,1986,4,4,4,4,3.0,99.3642578125,-0.033818744114810784,-0.10778997535149104,0,0,0,0,,,37
Italy,325,82.0,ITA,88,1986,4,4,4,4,3.0,99.0002365112,-0.36635034499720165,-0.942699991089313,0,0,0,0,,,37
Italy,325,82.0,ITA,88,1987,4,4,4,4,3.0,99.4895172119,0.49422174930322527,0.09405266019121283,0,0,0,0,,,37
Italy,325,82.0,ITA,88,1987,4,4,4,4,3.0,99.122756958,-0.36864210841313083,-0.24077070410710721,0,0,0,0,,,37
Italy,325,82.0,ITA,88,1988,4,4,4,4,3.0,99.398147583,0.27782785048713343,0.40340749137722787,0,0,0,0,,,37
Italy,325,82.0,ITA,88,1988,4,4,4,4,3.0,99.0257644653,-0.3746378848650589,-0.4654521427910563,0,0,0,0,,,37
Italy,325,82.0,ITA,88,1989,4,4,4,4,3.0,99.4322357178,0.410470199038393,0.31366016466046753,0,0,0,0,,,37
Italy,325,82.0,ITA,88,1989,4,4,4,4,3.0,99.089263916,-0.34493019223000854,-0.30909787805667444,0,0,0,0,,,37
Italy,325,82.0,ITA,88,1990,4,4,4,4,3.0,99.4631652832,0.3773379197941962,0.44287792660258063,0,0,0,0,,,37
Italy,325,82.0,ITA,88,1990,4,4,4,4,3.0,99.17162323,-0.29311559949847243,-0.2607078719342848,0,0,0,0,,,37
Italy,325,82.0,ITA,88,1991,4,4,4,4,3.0,99.3146972656,0.14426912753882082,0.22849144783454456,0,0,0,0,,,37
Italy,325,82.0,ITA,88,1991,4,4,4,4,3.0,98.9477157593,-0.3695137944372706,-0.5183602663969222,0,0,0,0,,,37
Italy,325,82.0,ITA,88,1992,4,4,4,4,3.0,99.3063583374,0.3624566523318551,0.1372119854334053,0,0,0,0,,,37
Italy,325,82.0,ITA,88,1992,4,4,4,4,3.0,98.9277420044,-0.38126091756746083,-0.38831805967287636,0,0,0,0,,,37
Italy,325,82.0,ITA,88,1993,4,3,4,4,3.0,99.2562789917,0.332097933949993,0.31329366871438724,0,0,0,0,,,37
Italy,325,82.0,ITA,88,1993,4,3,4,4,3.0,98.8404083252,-0.4189867590490448,-0.46814974266651266,0,0,0,0,,,37
Italy,325,82.0,ITA,88,1994,4,3,4,4,3.0,99.2898712158,0.45473597106275854,0.3678471459637067,0,0,0,0,,,37
Italy,325,82.0,ITA,88,1994,4,3,4,4,3.0,98.8908538818,-0.4018711366165162,-0.36612192460280246,0,0,0,0,,,37
Italy,325,82.0,ITA,88,1995,4,3,4,4,3.0,99.3285522461,0.4426075285214548,0.49547236296769714,0,0,0,0,,,37
Italy,325,82.0,ITA,88,1995,4,3,4,4,3.0,98.9534759521,-0.37761175967881977,-0.33687536777388116,0,0,0,0,,,37
Italy,325,82.0,ITA,88,1996,4,3,4,4,3.0,99.3142547607,0.36459437642657466,0.4295901452692097,0,0,0,0,,,37
Italy,325,82.0,ITA,88,1996,4,3,4,4,3.0,98.9762039185,-0.3403850162441713,-0.3534023994964164,0,0,0,0,,,37
Italy,325,82.0,ITA,88,1997,4,3,4,4,3.0,99.3253555298,0.3527631869853387,0.3769725471677421,0,0,0,0,,,37
Italy,325,82.0,ITA,88,1997,4,3,4,4,3.0,98.9797897339,-0.34791297152348966,-0.33553480078232223,0,0,0,0,,,37
Italy,325,82.0,ITA,88,1998,4,3,4,4,3.0,99.1775894165,0.19983845503386277,0.20468867049571182,0,0,0,0,,,37
Italy,325,82.0,ITA,88,1998,4,3,4,4,3.0,98.7163162231,-0.4650982103052259,-0.6131727267948528,0,0,0,0,,,37
Italy,325,82.0,ITA,88,1999,4,3,4,4,3.0,99.18334198,0.47309885008726127,0.20783909481589813,0,0,0,0,,,37
Italy,325,82.0,ITA,88,1999,4,3,4,4,3.0,98.8338165283,-0.35240338218334166,-0.3444027424013063,0,0,0,0,,,37
Italy,325,82.0,ITA,88,2000,3,3,4,4,3.0,99.3173370361,0.48922577796188804,0.6099212458658076,0,0,0,0,,,37
Italy,325,82.0,ITA,88,2000,3,3,4,4,3.0,99.1252593994,-0.19339789248495887,-0.05657549670641249,0,0,0,0,,,37
Italy,325,82.0,ITA,88,2001,3,3,4,4,3.0,99.2921447754,0.16835807241379896,0.46418595789072814,0,0,0,0,,,37
Italy,325,82.0,ITA,88,2001,3,3,4,4,3.0,99.0558700562,-0.23795912530085728,-0.2629989453720172,0,0,0,0,,,37
Italy,325,82.0,ITA,88,2002,3,4,4,4,3.0,99.3044586182,0.2509579309726506,0.1813568780855923,0,0,0,0,,,37
Italy,325,82.0,ITA,88,2002,3,4,4,4,3.0,99.0881576538,-0.21781596456975638,-0.20481715889796304,0,0,0,0,,,37
Italy,325,82.0,ITA,88,2003,3,4,4,4,3.0,99.3709259033,0.2853703774450711,0.31851234384796534,0,0,0,0,,,37
Italy,325,82.0,ITA,88,2003,3,4,4,4,3.0,99.1812438965,-0.19088280105650224,-0.12332838818118752,0,0,0,0,,,37
Italy,325,82.0,ITA,88,2004,3,4,4,4,3.0,99.4798583984,0.30107960957981295,0.3955671859683818,0,0,0,0,,,37
Italy,325,82.0,ITA,88,2004,3,4,4,4,3.0,99.3535461426,-0.12697269360210095,-0.016775885078790242,0,0,0,0,,,37
Italy,325,82.0,ITA,88,2005,3,4,4,4,3.0,99.6239624023,0.27217575033695596,0.44628266631466795,0,0,0,0,,,37
Italy,325,82.0,ITA,88,2005,3,4,4,4,3.0,99.5655517578,-0.05863111955347611,0.0865719371813789,0,0,0,0,,,37
Italy,325,82.0,ITA,88,2006,3,4,3,4,3.0,99.8171234131,0.25266937294936564,0.4662140037328455,0,0,0,0,,,37
Italy,325,82.0,ITA,88,2006,3,4,3,4,3.0,99.7902069092,-0.02696581806772569,0.16707243532816385,0,0,0,0,,,37
Italy,325,82.0,ITA,88,2007,3,4,3,4,3.0,99.8792800903,0.08926044334296446,0.3149639982246044,0,0,0,0,,,37
Italy,325,82.0,ITA,88,2007,3,4,3,4,3.0,99.8548583984,-0.02445120937788481,0.03784341589735396,0,0,0,0,,,37
Italy,325,82.0,ITA,88,2008,3,4,3,4,3.0,100.029548645,0.17494416336061303,0.23975339732569267,0,0,0,0,,,37
Italy,325,82.0,ITA,88,2008,3,4,3,4,3.0,99.9849853516,-0.0445501294404127,0.10594282454231552,0,0,0,0,,,37
Italy,325,82.0,ITA,88,2009,3,4,3,4,3.0,99.4150772095,-0.5699937246536613,-0.43959969073346095,0,0,0,0,,,37
Italy,325,82.0,ITA,88,2009,3,4,3,4,3.0,99.5309371948,0.11654166405348221,-0.49800219004059176,0,0,0,0,,,37
Italy,325,82.0,ITA,88,2010,3,4,3,4,3.0,99.8319625854,0.3024440431127928,-0.15100801748738624,0,0,0,0,,,37
Italy,325,82.0,ITA,88,2010,3,4,3,4,3.0,99.8687973022,0.03689671708946296,0.455882424255738,0,0,0,0,,,37
Italy,325,82.0,ITA,88,2011,3,4,4,4,3.0,100.1065826416,0.23809773004521695,0.5774384902474727,0,0,0,0,,,37
Italy,325,82.0,ITA,88,2011,3,4,4,4,3.0,100.0781097412,-0.028442585540999765,0.24655186159368014,0,0,0,0,,,37
Italy,325,82.0,ITA,88,2012,3,4,4,4,3.0,100.0,-0.07804877750188233,0.13160636700233486,0,0,0,0,,,37
Italy,325,82.0,ITA,88,2012,3,4,4,4,3.0,100.0,0.0,-0.10649136304288209,0,0,0,0,,,37
Italy,325,82.0,ITA,88,2013,3,4,4,4,3.0,100.0399246216,0.03992462159998489,-0.03812415590189744,0,0,0,0,,,37
Italy,325,82.0,ITA,88,2013,3,4,4,4,3.0,100.0389480591,-0.0009761727667201292,0.03894844883326476,0,0,0,0,,,37
Italy,325,82.0,ITA,88,2014,3,4,3,4,3.0,99.987991333,-0.05093688717108247,-0.011988438337817708,0,0,0,0,,,37
Italy,325,82.0,ITA,88,2014,3,4,3,4,3.0,100.010093689,0.022105010517114998,-0.0298080494206876,0,0,0,0,,,37
Italy,325,82.0,ITA,88,2015,3,4,3,4,3.0,99.2810821533,-0.7289379589694112,-0.7577698356233786,0,0,0,0,,,37
Italy,325,82.0,ITA,88,2015,3,4,3,4,3.0,99.5609893799,0.28193410116923445,-0.4248988472830617,0,0,0,0,,,37
Italy,325,82.0,ITA,88,2016,3,4,3,4,3.0,99.164855957,-0.3978801590535097,-0.8448840168536864,0,0,0,0,,,37
Italy,325,82.0,ITA,88,2016,3,4,3,4,3.0,99.4777450562,0.3155241805985032,0.19957812271422792,0,0,0,0,,,37
Italy,325,82.0,ITA,88,2017,3,4,3,4,3.0,99.4192123413,-0.05884000975991954,-0.14119598821492607,0,0,0,0,,,37
Italy,325,82.0,ITA,88,2017,3,4,3,4,3.0,99.6401824951,0.22226101836477774,0.4789451892033614,0,0,0,0,,,37
Italy,325,82.0,ITA,88,2018,3,4,3,4,3.0,99.5903167725,-0.050045796134967624,0.11337521246989057,0,0,0,0,,,37
Italy,325,82.0,ITA,88,2018,3,4,3,4,3.0,99.7515258789,0.1618722699399111,0.3340874921697212,0,0,0,0,,,37
Italy,325,82.0,ITA,88,2019,3,4,3,4,3.0,99.3360519409,-0.4165088547160467,-0.3046823809111032,0,0,0,0,,,37
Italy,325,82.0,ITA,88,2019,3,4,3,4,3.0,99.5604095459,0.22585717935867944,-0.02877940541745616,0,0,0,0,,,37
Italy,325,82.0,ITA,88,2020,3,4,3,2,3.0,99.0161514282,-0.5466611880991512,-0.7373128634565185,0,0,0,0,,,37
Italy,325,82.0,ITA,88,2020,3,4,3,2,3.0,99.3394622803,0.3265233473898732,0.00571933864940144,0,0,0,0,,,37
Italy,325,82.0,ITA,88,2021,3,4,3,2,3.0,99.6373596191,0.2998781470745726,0.07974030636529461,0,0,0,0,,,37
Italy,325,82.0,ITA,88,2021,3,4,3,2,3.0,99.7667770386,0.12988844746062433,0.7562899419250702,0,0,0,0,,,37
Italy,325,82.0,ITA,88,2022,3,4,3,4,3.0,99.848274231,0.08168770688912197,0.5114543014243189,0,0,0,0,,,37
Italy,325,82.0,ITA,88,2022,3,4,3,4,3.0,99.918296814,0.07012898674443324,0.28170514109417955,0,0,0,0,,,37
Italy,325,82.0,ITA,88,2023,3,4,3,4,3.0,99.6585388184,-0.2599703996992053,-0.10815370606565011,0,0,0,0,,,37
Italy,325,82.0,ITA,88,2023,3,4,3,4,3.0,99.7928161621,0.13473741968530462,-0.055103993269467466,0,0,0,0,,,37
Italy,325,82.0,ITA,88,2024,3,4,3,4,3.0,99.6764755249,-0.11658217662784409,-0.2418151566417448,0,0,0,0,,,37
Italy,325,82.0,ITA,88,2024,3,4,3,4,3.0,99.7904281616,0.11432249796146099,0.1324777410189215,0,0,0,0,,,37
Jamaica,51,120.0,JAM,89,1975,3,3,4,3,2.0,105.6211929321,,,0,0,0,0,,,38
Jamaica,51,120.0,JAM,89,1975,3,3,4,3,2.0,100.4020614624,-4.941367660044504,-4.941367660044504,0,0,0,0,,,38
Jamaica,51,120.0,JAM,89,1976,3,3,4,3,2.0,103.6773300171,3.2621526958652947,-1.6792149641792093,0,0,0,0,,,38
Jamaica,51,120.0,JAM,89,1976,3,3,4,3,2.0,99.9908905029,-3.555685233784456,-5.234900197963665,0,0,0,0,,,38
Jamaica,51,120.0,JAM,89,1977,3,3,4,3,2.0,103.4340820313,3.4435052144076383,3.1499726764884772,0,0,0,0,,,38
Jamaica,51,120.0,JAM,89,1977,3,3,4,3,2.0,100.1949081421,-3.131631108032451,-3.2438111274092685,0,0,0,0,,,38
Jamaica,51,120.0,JAM,89,1978,3,3,4,3,2.0,102.9215545654,2.7213423055720165,3.033216411947204,0,0,0,0,,,38
Jamaica,51,120.0,JAM,89,1978,3,3,4,3,2.0,99.7839889526,-3.048501964480421,-3.4587907669408557,0,0,0,0,,,38
Jamaica,51,120.0,JAM,89,1979,3,3,4,3,2.0,103.7559432983,3.9805527794511963,3.6533931205427916,0,0,0,0,,,38
Jamaica,51,120.0,JAM,89,1979,3,3,4,3,2.0,100.575553894,-3.065259977596013,-2.133209162625238,0,0,0,0,,,38
Jamaica,51,120.0,JAM,89,1980,3,3,4,4,2.0,105.5473175049,4.9433121851259365,5.85860498698112,0,0,0,0,,,38
Jamaica,51,120.0,JAM,89,1980,3,3,4,4,2.0,101.5890960693,-3.7501866737790213,-1.872134466249098,0,0,0,0,,,38
Jamaica,51,120.0,JAM,89,1981,3,3,4,4,2.0,101.142539978,-0.4395708876033022,0.753554623743613,0,0,0,0,,,38
Jamaica,51,120.0,JAM,89,1981,3,3,4,4,2.0,99.8330917358,-1.2946562766614655,-5.484413838043789,0,0,0,0,,,38
Jamaica,51,120.0,JAM,89,1982,3,3,4,4,2.0,98.2141952515,-1.621603073842759,-3.355830238107527,0,0,0,0,,,38
Jamaica,51,120.0,JAM,89,1982,3,3,4,4,2.0,98.5679931641,0.3602309337199294,-2.5560284167842955,0,0,0,0,,,38
Jamaica,51,120.0,JAM,89,1983,3,3,4,4,2.0,100.4325408936,1.8916360875845584,0.6302639474617284,0,0,0,0,,,38
Jamaica,51,120.0,JAM,89,1983,3,3,4,4,2.0,99.3545608521,-1.073337418239817,1.1785296030646704,0,0,0,0,,,38
Jamaica,51,120.0,JAM,89,1984,3,3,4,4,2.0,98.9400787354,-0.41717472569478,0.40112394364996096,0,0,0,0,,,38
Jamaica,51,120.0,JAM,89,1984,3,3,4,4,2.0,98.3688278198,-0.5773705892510028,-2.0678827331856002,0,0,0,0,,,38
Jamaica,51,120.0,JAM,89,1985,3,3,4,4,2.0,97.5355987549,-0.8470458410121395,-1.8415911559579228,0,0,0,0,,,38
Jamaica,51,120.0,JAM,89,1985,3,3,4,4,2.0,97.6934356689,0.16182492957943495,-1.2625915006837078,0,0,0,0,,,38
Jamaica,51,120.0,JAM,89,1986,4,4,4,4,2.0,97.820930481,0.13050499373583602,-0.554715917696869,0,0,0,0,,,38
Jamaica,51,120.0,JAM,89,1986,4,4,4,4,2.0,97.5501174927,-0.27684564741756734,0.015484275897703181,0,0,0,0,,,38
Jamaica,51,120.0,JAM,89,1987,4,4,4,4,2.0,98.7852020264,1.2661025588128316,1.1197619051310999,0,0,0,0,,,38
Jamaica,51,120.0,JAM,89,1987,4,4,4,4,2.0,97.9186935425,-0.8771642575255645,0.11209265386969935,0,0,0,0,,,38
Jamaica,51,120.0,JAM,89,1988,4,4,4,4,2.0,100.73777771,2.879005086272346,3.2679433875596127,0,0,0,0,,,38
Jamaica,51,120.0,JAM,89,1988,4,4,4,4,2.0,98.7893829346,-1.9341252305654089,0.06771559818137218,0,0,0,0,,,38
Jamaica,51,120.0,JAM,89,1989,4,4,4,4,2.0,100.2024078369,1.4303408527568617,2.3752207084637984,0,0,0,0,,,38
Jamaica,51,120.0,JAM,89,1989,4,4,4,4,2.0,98.5335922241,-1.6654446223650976,-2.169229000173645,0,0,0,0,,,38
Jamaica,51,120.0,JAM,89,1990,3,4,4,4,2.0,99.4513015747,0.9313669885421483,0.696263218933912,0,0,0,0,,,38
Jamaica,51,120.0,JAM,89,1990,3,4,4,4,2.0,98.2095413208,-1.248611364796759,-1.9826889986197087,0,0,0,0,,,38
Jamaica,51,120.0,JAM,89,1991,4,4,4,4,2.0,97.7976303101,-0.4194205625647873,-0.7366649388193984,0,0,0,0,,,38
Jamaica,51,120.0,JAM,89,1991,4,4,4,4,2.0,96.9521865845,-0.8644828334993804,-2.532514760860927,0,0,0,0,,,38
Jamaica,51,120.0,JAM,89,1992,4,4,4,4,2.0,97.5595016479,0.6264067730650913,-0.6574966229990769,0,0,0,0,,,38
Jamaica,51,120.0,JAM,89,1992,4,4,4,4,2.0,96.7807540894,-0.7982283071827911,-1.0363043676170807,0,0,0,0,,,38
Jamaica,51,120.0,JAM,89,1993,4,4,4,4,3.0,97.490020752,0.7328592025071634,0.5610376683894631,0,0,0,0,,,38
Jamaica,51,120.0,JAM,89,1993,4,4,4,4,3.0,96.6248703003,-0.8874246256453389,-0.952793730320967,0,0,0,0,,,38
Jamaica,51,120.0,JAM,89,1994,4,4,4,4,3.0,98.5440597534,1.986227197133994,1.831661773995818,0,0,0,0,,,38
Jamaica,51,120.0,JAM,89,1994,4,4,4,4,3.0,97.4917068481,-1.067900904360397,0.030901667128257593,0,0,0,0,,,38
Jamaica,51,120.0,JAM,89,1995,4,4,4,4,3.0,98.8761291504,1.4200410958616683,2.3383673886352647,0,0,0,0,,,38
Jamaica,51,120.0,JAM,89,1995,4,4,4,4,3.0,97.9210357666,-0.965949407614064,-0.6138092161127933,0,0,0,0,,,38
Jamaica,51,120.0,JAM,89,1996,3,4,4,4,3.0,98.3427429199,0.4306604295987615,0.8847521178463653,0,0,0,0,,,38
Jamaica,51,120.0,JAM,89,1996,3,4,4,4,3.0,97.4269180298,-0.9312582331020947,-1.4665472111173976,0,0,0,0,,,38
Jamaica,51,120.0,JAM,89,1997,4,4,4,4,3.0,98.6655960083,1.2713919351540204,0.7707941316506868,0,0,0,0,,,38
Jamaica,51,120.0,JAM,89,1997,4,4,4,4,3.0,97.7267684937,-0.9515246981541714,-0.6113909961022461,0,0,0,0,,,38
Jamaica,51,120.0,JAM,89,1998,4,4,4,4,3.0,98.2340774536,0.5191095210855146,0.8389767580853631,0,0,0,0,,,38
Jamaica,51,120.0,JAM,89,1998,4,4,4,4,3.0,96.9236602783,-1.3339741251389592,-1.7663893022076165,0,0,0,0,,,38
Jamaica,51,120.0,JAM,89,1999,4,4,4,4,2.0,97.6119918823,0.7101791265657686,-0.10468547748767643,0,0,0,0,,,38
Jamaica,51,120.0,JAM,89,1999,4,4,4,4,2.0,96.6419219971,-0.9938019565974066,-1.6175969551705975,0,0,0,0,,,38
Jamaica,51,120.0,JAM,89,2000,3,4,4,4,2.0,97.9369735718,1.3400515510637812,1.0564287210321428,0,0,0,0,,,38
Jamaica,51,120.0,JAM,89,2000,3,4,4,4,2.0,97.5600738525,-0.38483905062033363,-0.03858945615395948,0,0,0,0,,,38
Jamaica,51,120.0,JAM,89,2001,4,4,4,4,2.0,97.9813766479,0.43183935678130503,1.387051857224752,0,0,0,0,,,38
Jamaica,51,120.0,JAM,89,2001,4,4,4,4,2.0,97.4862289429,-0.5053487937604073,-0.45834848759943636,0,0,0,0,,,38
Jamaica,51,120.0,JAM,89,2002,4,4,4,4,2.0,97.7331924438,0.25333167933354606,0.17982224235444333,0,0,0,0,,,38
Jamaica,51,120.0,JAM,89,2002,4,4,4,4,2.0,97.133354187,-0.613750806457003,-0.8657679208838647,0,0,0,0,,,38
Jamaica,51,120.0,JAM,89,2003,4,4,4,4,2.0,97.7887039185,0.6746907249165268,0.31427159779306946,0,0,0,0,,,38
Jamaica,51,120.0,JAM,89,2003,4,4,4,4,2.0,97.3117523193,-0.4877369062969761,-0.4267969878374527,0,0,0,0,,,38
Jamaica,51,120.0,JAM,89,2004,3,4,4,4,2.0,98.0172729492,0.7250107135929884,0.9119645322125387,0,0,0,0,,,38
Jamaica,51,120.0,JAM,89,2004,3,4,4,4,2.0,97.8486175537,-0.17206701474690167,0.06520679254911022,0,0,0,0,,,38
Jamaica,51,120.0,JAM,89,2005,3,4,4,4,2.0,98.494102478,0.659677101667544,1.2126208005136303,0,0,0,0,,,38
Jamaica,51,120.0,JAM,89,2005,3,4,4,4,2.0,98.7187347412,0.2280667141975945,0.7156768011182364,0,0,0,0,,,38
Jamaica,51,120.0,JAM,89,2006,3,4,4,4,2.0,99.1784133911,0.4656447948862885,1.3533886107514266,0,0,0,0,,,38
Jamaica,51,120.0,JAM,89,2006,3,4,4,4,2.0,100.0487670898,0.8775636440843781,1.5712751531682607,0,0,0,0,,,38
Jamaica,51,120.0,JAM,89,2007,3,4,4,4,2.0,98.9707183838,-1.0775232292791537,0.26568520969151255,0,0,0,0,,,38
Jamaica,51,120.0,JAM,89,2007,3,4,4,4,2.0,99.5926132202,0.6283624556389755,0.42840287044419956,0,0,0,0,,,38
Jamaica,51,120.0,JAM,89,2008,3,4,4,4,2.0,99.7198867798,0.12779417617911903,-0.32136659746105956,0,0,0,0,,,38
Jamaica,51,120.0,JAM,89,2008,3,4,4,4,2.0,99.9732971191,0.25412216909106444,1.0102788009091586,0,0,0,0,,,38
Jamaica,51,120.0,JAM,89,2009,3,4,4,4,2.0,98.5413513184,-1.4323282736129928,-1.0504119283428097,0,0,0,0,,,38
Jamaica,51,120.0,JAM,89,2009,3,4,4,4,2.0,99.1567459106,0.6245039102534378,-0.553702194268491,0,0,0,0,,,38
Jamaica,51,120.0,JAM,89,2010,3,4,4,4,2.0,99.6435623169,0.4909564163581237,-0.3168679470014317,0,0,0,0,,,38
Jamaica,51,120.0,JAM,89,2010,3,4,4,4,2.0,100.1801605225,0.5385176855615015,1.6539780121730625,0,0,0,0,,,38
Jamaica,51,120.0,JAM,89,2011,3,4,4,4,2.0,100.4012527466,0.220694619520323,1.2501687214399477,0,0,0,0,,,38
Jamaica,51,120.0,JAM,89,2011,3,4,4,4,2.0,100.8607711792,0.45768197112019404,1.216894276202018,0,0,0,0,,,38
Jamaica,51,120.0,JAM,89,2012,3,4,4,4,2.0,100.0,-0.8534251415455274,-0.1750485509050108,0,0,0,0,,,38
Jamaica,51,120.0,JAM,89,2012,3,4,4,4,2.0,100.0,0.0,-0.3957431704253338,0,0,0,0,,,38
Jamaica,51,120.0,JAM,89,2013,4,4,4,4,2.0,99.9139862061,-0.08601379389999719,-0.939438935445525,0,0,0,0,,,38
Jamaica,51,120.0,JAM,89,2013,4,4,4,4,2.0,99.6657333374,-0.2484665842356848,-0.33448037813568243,0,0,0,0,,,38
Jamaica,51,120.0,JAM,89,2014,4,4,3,4,2.0,99.7572174072,0.0917908961651781,-0.24268948197050433,0,0,0,0,,,38
Jamaica,51,120.0,JAM,89,2014,4,4,3,4,2.0,99.6692428589,-0.08818865500317408,-0.2448643430736812,0,0,0,0,,,38
Jamaica,51,120.0,JAM,89,2015,4,4,4,4,2.0,98.1640396118,-1.5101983359408933,-1.5065960947788897,0,0,0,0,,,38
Jamaica,51,120.0,JAM,89,2015,4,4,4,4,2.0,98.5574951172,0.40081429712546246,-1.1975726938186053,0,0,0,0,,,38
Jamaica,51,120.0,JAM,89,2016,4,4,4,4,3.0,98.0109405518,-0.5545540344243371,-1.6639380732397684,0,0,0,0,,,38
Jamaica,51,120.0,JAM,89,2016,4,4,4,4,3.0,99.021270752,1.030834103327516,0.8770943660286408,0,0,0,0,,,38
Jamaica,51,120.0,JAM,89,2017,4,4,4,4,3.0,98.633934021,-0.39116517901501835,0.08511488988815996,0,0,0,0,,,38
Jamaica,51,120.0,JAM,89,2017,4,4,4,4,3.0,99.4868774414,0.8647565656444423,1.5044254899569394,0,0,0,0,,,38
Jamaica,51,120.0,JAM,89,2018,4,4,4,4,3.0,99.1205978394,-0.3681687589559113,0.10542262767351218,0,0,0,0,,,38
Jamaica,51,120.0,JAM,89,2018,4,4,4,4,3.0,99.4302749634,0.3124245926177105,0.809012399306241,0,0,0,0,,,38
Jamaica,51,120.0,JAM,89,2019,4,4,4,4,3.0,98.7397003174,-0.694531566219847,-0.7502757325580482,0,0,0,0,,,38
Jamaica,51,120.0,JAM,89,2019,4,4,4,4,3.0,98.9489364624,0.21190680580092103,-0.17020016780121594,0,0,0,0,,,38
Jamaica,51,120.0,JAM,89,2020,4,4,4,2,3.0,98.0221939087,-0.9365866747361729,-1.4192114351550993,0,0,0,0,,,38
Jamaica,51,120.0,JAM,89,2020,4,4,4,2,3.0,98.7406616211,0.7329643254763152,0.008284456541062912,0,0,0,0,,,38
Jamaica,51,120.0,JAM,89,2021,4,4,4,2,3.0,99.3394470215,0.6064223092789645,0.40279996001910634,0,0,0,0,,,38
Jamaica,51,120.0,JAM,89,2021,4,4,4,2,3.0,100.2016677856,0.8679540604986213,2.2073406952539005,0,0,0,0,,,38
Jamaica,51,120.0,JAM,89,2022,4,4,4,4,3.0,99.7871170044,-0.4137164483998368,1.0606599213777486,0,0,0,0,,,38
Jamaica,51,120.0,JAM,89,2022,4,4,4,4,3.0,100.3772964478,0.5914385154287771,1.0456761275275612,0,0,0,0,,,38
Jamaica,51,120.0,JAM,89,2023,4,4,4,4,3.0,99.3167114258,-1.0565985133416667,-0.8788764463127268,0,0,0,0,,,38
Jamaica,51,120.0,JAM,89,2023,4,4,4,4,3.0,100.2630310059,0.9528301597128586,0.4876701617999686,0,0,0,0,,,38
Jamaica,51,120.0,JAM,89,2024,4,4,4,4,3.0,99.3245162964,-0.9360526009280279,-1.0398209545568364,0,0,0,0,,,38
Jamaica,51,120.0,JAM,89,2024,4,4,4,4,3.0,100.2453384399,0.9270844478639129,0.9438620066487431,0,0,0,0,,,38
Jordan,663,83.0,JOR,91,1975,2,2,3,2,1.0,99.9889297485,,,0,0,0,0,,,39
Jordan,663,83.0,JOR,91,1975,2,2,3,2,1.0,100.1236114502,0.13469661295382185,0.13469661295382185,0,0,0,0,,,39
Jordan,663,83.0,JOR,91,1976,2,2,3,2,1.0,100.0295639038,-0.09393143638929402,0.04076517656452783,0,0,0,0,,,39
Jordan,663,83.0,JOR,91,1976,2,2,3,2,1.0,100.1767578125,0.1471504052957373,0.18791558186026514,0,0,0,0,,,39
Jordan,663,83.0,JOR,91,1977,2,2,3,2,1.0,100.7941818237,0.6163345916581076,0.6695535605645508,0,0,0,0,,,39
Jordan,663,83.0,JOR,91,1977,2,2,3,2,1.0,100.3211593628,-0.46929540211692045,0.2941895948369244,0,0,0,0,,,39
Jordan,663,83.0,JOR,91,1978,2,2,3,2,1.0,100.8516998291,0.528842040572286,0.6758812301134731,0,0,0,0,,,39
Jordan,663,83.0,JOR,91,1978,2,2,3,2,1.0,100.3648452759,-0.48274303162466614,-0.4231963931693006,0,0,0,0,,,39
Jordan,663,83.0,JOR,91,1979,2,2,3,2,1.0,100.6004104614,0.23470886130740887,0.28080787025502874,0,0,0,0,,,39
Jordan,663,83.0,JOR,91,1979,2,2,3,2,1.0,100.3824691772,-0.21664055166418228,-0.46467472198143955,0,0,0,0,,,39
Jordan,663,83.0,JOR,91,1980,2,2,3,2,2.0,100.196762085,-0.18499952603494574,-0.16693121639171915,0,0,0,0,,,39
Jordan,663,83.0,JOR,91,1980,2,2,3,2,2.0,100.263999939,0.0671058151988646,-0.3345342625002634,0,0,0,0,,,39
Jordan,663,83.0,JOR,91,1981,2,2,3,2,2.0,100.2979660034,0.0338766301171578,-0.08401708071892333,0,0,0,0,,,39
Jordan,663,83.0,JOR,91,1981,2,2,3,2,2.0,100.1625823975,-0.13498140719564455,-0.03399896187962215,0,0,0,0,,,39
Jordan,663,83.0,JOR,91,1982,2,2,3,2,2.0,100.2635803223,0.10083398648728092,-0.00027079059120582727,0,0,0,0,,,39
Jordan,663,83.0,JOR,91,1982,2,2,3,2,2.0,100.0699310303,-0.19314021240565138,-0.227287633114015,0,0,0,0,,,39
Jordan,663,83.0,JOR,91,1983,2,2,3,2,2.0,100.2349624634,0.16491610556823577,0.07260987964986532,0,0,0,0,,,39
Jordan,663,83.0,JOR,91,1983,2,2,3,2,2.0,100.0697631836,-0.1648120333863634,-0.19303614022377902,0,0,0,0,,,39
Jordan,663,83.0,JOR,91,1984,2,2,3,2,2.0,100.4028320313,0.33283665025658493,0.3329407224384573,0,0,0,0,,,39
Jordan,663,83.0,JOR,91,1984,2,2,3,2,2.0,100.107421875,-0.29422492406180334,-0.12620030719158182,0,0,0,0,,,39
Jordan,663,83.0,JOR,91,1985,2,2,3,2,2.0,100.2821044922,0.17449517121530533,0.21310689741008693,0,0,0,0,,,39
Jordan,663,83.0,JOR,91,1985,2,2,3,2,2.0,100.0062332153,-0.2750952209239488,-0.3948249737704468,0,0,0,0,,,39
Jordan,663,83.0,JOR,91,1986,2,2,3,2,2.0,100.1423110962,0.13606939940138396,0.035469349692740515,0,0,0,0,,,39
Jordan,663,83.0,JOR,91,1986,2,2,3,2,2.0,99.9019470215,-0.24002249605473702,-0.37904831757730184,0,0,0,0,,,39
Jordan,663,83.0,JOR,91,1987,2,2,3,2,2.0,100.1794281006,0.27775342460572006,0.173800327952367,0,0,0,0,,,39
Jordan,663,83.0,JOR,91,1987,2,2,3,2,2.0,99.9535751343,-0.22544844843115364,-0.1877175198801706,0,0,0,0,,,39
Jordan,663,83.0,JOR,91,1988,2,2,3,2,2.0,100.2573699951,0.3039359626624938,0.3562409388370602,0,0,0,0,,,39
Jordan,663,83.0,JOR,91,1988,2,2,3,2,2.0,100.0704116821,-0.18647837361895903,-0.10799085938761888,0,0,0,0,,,39
Jordan,663,83.0,JOR,91,1989,2,2,3,2,2.0,100.2197570801,0.14924031538356974,0.2666979044271045,0,0,0,0,,,39
Jordan,663,83.0,JOR,91,1989,2,2,3,2,2.0,99.9903106689,-0.22894329210618736,-0.26618135034157664,0,0,0,0,,,39
Jordan,663,83.0,JOR,91,1990,2,3,3,3,2.0,100.1853027344,0.19501096075766888,0.11530798403505127,0,0,0,0,,,39
Jordan,663,83.0,JOR,91,1990,2,3,3,3,2.0,99.9828643799,-0.2020639245226219,-0.23599625587114037,0,0,0,0,,,39
Jordan,663,83.0,JOR,91,1991,2,3,3,3,2.0,100.0715103149,0.08866112763401546,0.08160816386906244,0,0,0,0,,,39
Jordan,663,83.0,JOR,91,1991,2,3,3,3,2.0,99.7738189697,-0.2974786173040034,-0.4108814141926098,0,0,0,0,,,39
Jordan,663,83.0,JOR,91,1992,2,3,3,3,2.0,100.0765914917,0.303458888440411,0.0946413987704231,0,0,0,0,,,39
Jordan,663,83.0,JOR,91,1992,2,3,3,3,2.0,99.7919158936,-0.2844577276831073,-0.27847745654669964,0,0,0,0,,,39
Jordan,663,83.0,JOR,91,1993,2,3,3,3,2.0,100.0429000854,0.2515075390150834,0.2705086997723871,0,0,0,0,,,39
Jordan,663,83.0,JOR,91,1993,2,3,3,3,2.0,99.7537994385,-0.28897667565936924,-0.32192686432739315,0,0,0,0,,,39
Jordan,663,83.0,JOR,91,1994,2,3,3,3,2.0,100.0740356445,0.32102657523078726,0.2835574385865014,0,0,0,0,,,39
Jordan,663,83.0,JOR,91,1994,2,3,3,3,2.0,99.8377914429,-0.2360694260789331,-0.2040195265075151,0,0,0,0,,,39
Jordan,663,83.0,JOR,91,1995,2,3,3,3,2.0,100.0342025757,0.19673024609356826,0.2816873952454224,0,0,0,0,,,39
Jordan,663,83.0,JOR,91,1995,2,3,3,3,2.0,99.8391647339,-0.19497115664254272,-0.23431033662790757,0,0,0,0,,,39
Jordan,663,83.0,JOR,91,1996,2,3,3,3,2.0,100.0609436035,0.2221361428564439,0.22389523230746944,0,0,0,0,,,39
Jordan,663,83.0,JOR,91,1996,2,3,3,3,2.0,99.8648223877,-0.19600176526132218,-0.168836779047421,0,0,0,0,,,39
Jordan,663,83.0,JOR,91,1997,2,2,3,3,2.0,100.0459899902,0.18141283203474412,0.20754720962986584,0,0,0,0,,,39
Jordan,663,83.0,JOR,91,1997,2,2,3,3,2.0,99.8317565918,-0.21413491777230176,-0.22872385099887982,0,0,0,0,,,39
Jordan,663,83.0,JOR,91,1998,2,2,3,3,2.0,99.8728027344,0.041115316409623404,0.008393230672065766,0,0,0,0,,,39
Jordan,663,83.0,JOR,91,1998,2,2,3,3,2.0,99.7499771118,-0.12298205240782734,-0.2960016537705057,0,0,0,0,,,39
Jordan,663,83.0,JOR,91,1999,2,2,3,3,2.0,99.7603149414,0.01036374132536988,-0.07150299467283405,0,0,0,0,,,39
Jordan,663,83.0,JOR,91,1999,2,2,3,3,2.0,99.6929244995,-0.06755235480119248,-0.18017066588364994,0,0,0,0,,,39
Jordan,663,83.0,JOR,91,2000,2,2,3,3,2.0,99.7315750122,0.03876956453434666,-0.018419048941475946,0,0,0,0,,,39
Jordan,663,83.0,JOR,91,2000,2,2,3,3,2.0,99.7019577026,-0.029697023832597758,-0.05847981409944358,0,0,0,0,,,39
Jordan,663,83.0,JOR,91,2001,2,2,3,3,2.0,99.781211853,0.0794910674035254,0.0885636081052743,0,0,0,0,,,39
Jordan,663,83.0,JOR,91,2001,2,2,3,3,2.0,99.7475509644,-0.03373469611652746,0.016059347454400186,0,0,0,0,,,39
Jordan,663,83.0,JOR,91,2002,2,2,3,3,2.0,99.8246688843,0.07731309606540115,0.1230694673523991,0,0,0,0,,,39
Jordan,663,83.0,JOR,91,2002,2,2,3,3,2.0,99.8429946899,0.018357992873729856,0.06193639282260355,0,0,0,0,,,39
Jordan,663,83.0,JOR,91,2003,2,2,3,3,2.0,99.8349380493,-0.008069309844938033,0.08760177909419298,0,0,0,0,,,39
Jordan,663,83.0,JOR,91,2003,2,2,3,3,2.0,99.8501281738,0.015215239070398567,0.02550392209919039,0,0,0,0,,,39
Jordan,663,83.0,JOR,91,2004,2,2,3,3,2.0,99.8903961182,0.04032838528751359,0.047474314512974125,0,0,0,0,,,39
Jordan,663,83.0,JOR,91,2004,2,2,3,3,2.0,99.8732833862,-0.017131508798651218,0.03841211555926094,0,0,0,0,,,39
Jordan,663,83.0,JOR,91,2005,2,2,3,3,2.0,99.965637207,0.09247099691604976,0.11566787340491214,0,0,0,0,,,39
Jordan,663,83.0,JOR,91,2005,2,2,3,3,2.0,99.9643630981,-0.0012745468699115747,0.07406494124748697,0,0,0,0,,,39
Jordan,663,83.0,JOR,91,2006,2,2,3,3,2.0,100.1720581055,0.2077690498524687,0.2989654998986069,0,0,0,0,,,39
Jordan,663,83.0,JOR,91,2006,2,2,3,3,2.0,100.1713180542,-0.0007387801688407691,0.20575572281371635,0,0,0,0,,,39
Jordan,663,83.0,JOR,91,2007,2,2,3,3,2.0,100.2147293091,0.04333701077638974,0.25036728046001766,0,0,0,0,,,39
Jordan,663,83.0,JOR,91,2007,2,2,3,3,2.0,100.2089385986,-0.005778302790337975,0.036819927817210996,0,0,0,0,,,39
Jordan,663,83.0,JOR,91,2008,2,2,3,3,2.0,100.2118911743,0.0029464194924111453,0.04050512747846291,0,0,0,0,,,39
Jordan,663,83.0,JOR,91,2008,2,2,3,3,2.0,100.1413269043,-0.07041506668831188,-0.07324694998623871,0,0,0,0,,,39
Jordan,663,83.0,JOR,91,2009,2,2,3,3,2.0,99.8843917847,-0.2565725136092323,-0.324041160805133,0,0,0,0,,,39
Jordan,663,83.0,JOR,91,2009,2,2,3,3,2.0,99.9151992798,0.03084315231793866,-0.2961444279796055,0,0,0,0,,,39
Jordan,663,83.0,JOR,91,2010,2,2,3,3,2.0,100.1207809448,0.20575614769509087,-0.019973213596202744,0,0,0,0,,,39
Jordan,663,83.0,JOR,91,2010,2,2,3,3,2.0,100.130859375,0.010066272061504122,0.24666557207453366,0,0,0,0,,,39
Jordan,663,83.0,JOR,91,2011,2,2,3,3,2.0,100.2223968506,0.09141784677706433,0.3072402665336593,0,0,0,0,,,39
Jordan,663,83.0,JOR,91,2011,2,2,3,3,2.0,100.2422332764,0.019792408107699444,0.12127652694626789,0,0,0,0,,,39
Jordan,663,83.0,JOR,91,2012,2,2,3,3,2.0,100.0,-0.24164792471461638,-0.1304376698298526,0,0,0,0,,,39
Jordan,663,83.0,JOR,91,2012,2,2,3,3,2.0,100.0,0.0,-0.22185551660691694,0,0,0,0,,,39
Jordan,663,83.0,JOR,91,2013,2,2,2,3,2.0,100.0119094849,0.01190948489999677,-0.2297384398146196,0,0,0,0,,,39
Jordan,663,83.0,JOR,91,2013,2,2,2,3,2.0,100.0095672607,-0.002341945286388203,0.009567539613608567,0,0,0,0,,,39
Jordan,663,83.0,JOR,91,2014,2,2,2,3,2.0,100.1770019531,0.1674186750189044,0.17698621463251296,0,0,0,0,,,39
Jordan,663,83.0,JOR,91,2014,2,2,2,3,2.0,100.1049728394,-0.07190184602821059,0.0931748837043056,0,0,0,0,,,39
Jordan,663,83.0,JOR,91,2015,2,2,2,3,2.0,99.9430084229,-0.16179457613944015,-0.06627774714874635,0,0,0,0,,,39
Jordan,663,83.0,JOR,91,2015,2,2,2,3,2.0,99.9084091187,-0.03461903413352063,-0.2683154563011714,0,0,0,0,,,39
Jordan,663,83.0,JOR,91,2016,2,2,2,3,2.0,99.9118423462,0.0034363749060517534,-0.19297723536690903,0,0,0,0,,,39
Jordan,663,83.0,JOR,91,2016,2,2,2,3,2.0,99.9346313477,0.0228091094757632,-0.008373549751705678,0,0,0,0,,,39
Jordan,663,83.0,JOR,91,2017,2,2,2,3,2.0,100.0781097412,0.14357224474146335,0.1698177291232783,0,0,0,0,,,39
Jordan,663,83.0,JOR,91,2017,2,2,2,3,2.0,100.0379943848,-0.0400840468547381,0.12629730736248845,0,0,0,0,,,39
Jordan,663,83.0,JOR,91,2018,2,2,2,3,2.0,100.0992355347,0.06121789053910032,0.16470608842582557,0,0,0,0,,,39
Jordan,663,83.0,JOR,91,2018,2,2,2,3,2.0,100.0525360107,-0.04665322742032352,-0.0255193837359613,0,0,0,0,,,39
Jordan,663,83.0,JOR,91,2019,2,2,2,3,2.0,100.030456543,-0.022067874119291453,-0.0075032110005146535,0,0,0,0,,,39
Jordan,663,83.0,JOR,91,2019,2,2,2,3,2.0,99.9201202393,-0.11030270930790786,-0.17902381084752284,0,0,0,0,,,39
Jordan,663,83.0,JOR,91,2020,2,2,2,2,2.0,100.0717773438,0.15177834467852147,0.019407761251322153,0,0,0,0,,,39
Jordan,663,83.0,JOR,91,2020,2,2,2,2,2.0,99.952545166,-0.1191466574940292,-0.07767102212341559,0,0,0,0,,,39
Jordan,663,83.0,JOR,91,2021,2,2,2,2,2.0,100.3101196289,0.35774422983041454,0.3903759170149068,0,0,0,0,,,39
Jordan,663,83.0,JOR,91,2021,2,2,2,2,2.0,100.1698226929,-0.13986319278556092,0.09873437955082442,0,0,0,0,,,39
Jordan,663,83.0,JOR,91,2022,2,2,2,3,2.0,100.2189483643,0.04904238629892532,0.26692342334377894,0,0,0,0,,,39
Jordan,663,83.0,JOR,91,2022,2,2,2,3,2.0,100.1753921509,-0.04346105612851314,-0.13428186261514874,0,0,0,0,,,39
Jordan,663,83.0,JOR,91,2023,2,2,2,3,2.0,100.0084991455,-0.16660080067227856,-0.16101947050186638,0,0,0,0,,,39
Jordan,663,83.0,JOR,91,2023,2,2,2,3,2.0,100.1147689819,0.10626080513955749,-0.10380105166123421,0,0,0,0,,,39
Jordan,663,83.0,JOR,91,2024,2,2,2,3,2.0,100.1634521484,0.04862735737700685,-0.011712638155714217,0,0,0,0,,,39
Jordan,663,83.0,JOR,91,2024,2,2,2,3,2.0,100.2327041626,0.06913900501093195,0.2240271675274963,0,0,0,0,,,39
Kazakhstan,705,121.0,KAZ,92,1992,2,3,3,2,1.0,69.4605712891,,,0,0,0,0,,,40
Kazakhstan,705,121.0,KAZ,92,1992,2,3,3,2,1.0,65.3794631958,-5.875431223152672,-5.875431223152672,0,0,0,0,,,40
Kazakhstan,705,121.0,KAZ,92,1993,2,3,3,3,2.0,63.3756637573,-3.0648759420048632,-8.940307165157535,0,0,0,0,,,40
Kazakhstan,705,121.0,KAZ,92,1993,2,3,3,3,2.0,62.621219635,-1.1904319064636182,-10.130739071621154,0,0,0,0,,,40
Kazakhstan,705,121.0,KAZ,92,1994,3,3,3,3,2.0,64.8716278076,3.5936830769457195,-0.6616247715227619,0,0,0,0,,,40
Kazakhstan,705,121.0,KAZ,92,1994,3,3,3,3,2.0,62.2921867371,-3.9762237478459084,-1.572972577363807,0,0,0,0,,,40
Kazakhstan,705,121.0,KAZ,92,1995,2,2,3,3,2.0,69.1879272461,11.069992675169704,10.687452004269515,0,0,0,0,,,40
Kazakhstan,705,121.0,KAZ,92,1995,2,2,3,3,2.0,63.7722244263,-7.827525748150343,-0.7337568208265477,0,0,0,0,,,40
Kazakhstan,705,121.0,KAZ,92,1996,2,2,3,3,2.0,68.9903335571,8.182416683348471,11.424883610367832,0,0,0,0,,,40
Kazakhstan,705,121.0,KAZ,92,1996,2,2,3,3,2.0,65.4393920898,-5.147013044024584,-4.792122108826456,0,0,0,0,,,40
Kazakhstan,705,121.0,KAZ,92,1997,2,2,3,3,2.0,68.8009872437,5.136959630198001,8.172363269521888,0,0,0,0,,,40
Kazakhstan,705,121.0,KAZ,92,1997,2,2,3,3,2.0,65.1241760254,-5.344125666796562,-5.354179080623145,0,0,0,0,,,40
Kazakhstan,705,121.0,KAZ,92,1998,2,2,3,3,2.0,65.8642501831,1.1364046393636418,0.9292386027650812,0,0,0,0,,,40
Kazakhstan,705,121.0,KAZ,92,1998,2,2,3,3,2.0,59.2204933167,-10.087045472969958,-14.29476650040288,0,0,0,0,,,40
Kazakhstan,705,121.0,KAZ,92,1999,2,2,3,3,2.0,67.0385665894,13.20163483085226,4.250993997245942,0,0,0,0,,,40
Kazakhstan,705,121.0,KAZ,92,1999,2,2,3,3,2.0,63.1113052368,-5.858212000047414,-2.7436226421651124,0,0,0,0,,,40
Kazakhstan,705,121.0,KAZ,92,2000,2,2,3,3,2.0,70.4514007568,11.630397267905046,18.973820098709894,0,0,0,0,,,40
Kazakhstan,705,121.0,KAZ,92,2000,2,2,3,3,2.0,70.4926071167,0.058489056934796224,5.830674324792428,0,0,0,0,,,40
Kazakhstan,705,121.0,KAZ,92,2001,2,2,3,3,2.0,69.1711120605,-1.874657655961398,9.814228668878444,0,0,0,0,,,40
Kazakhstan,705,121.0,KAZ,92,2001,2,2,3,3,2.0,68.7242050171,-0.6460891405202562,-2.462257739546858,0,0,0,0,,,40
Kazakhstan,705,121.0,KAZ,92,2002,2,2,3,3,1.0,69.8566055298,1.6477462524568054,-0.873000544024849,0,0,0,0,,,40
Kazakhstan,705,121.0,KAZ,92,2002,2,2,3,3,1.0,69.385269165,-0.674719822449632,0.32693728948691714,0,0,0,0,,,40
Kazakhstan,705,121.0,KAZ,92,2003,2,2,3,3,1.0,72.1786499023,4.025898826820518,4.998925256827691,0,0,0,0,,,40
Kazakhstan,705,121.0,KAZ,92,2003,2,2,3,3,1.0,71.8694000244,-0.42845062676927226,2.9227283776016137,0,0,0,0,,,40
Kazakhstan,705,121.0,KAZ,92,2004,2,2,3,3,1.0,76.9712295532,7.098750688148114,10.69619888819936,0,0,0,0,,,40
Kazakhstan,705,121.0,KAZ,92,2004,2,2,3,3,1.0,77.5136871338,0.7047536901110263,7.375053751489869,0,0,0,0,,,40
Kazakhstan,705,121.0,KAZ,92,2005,2,2,3,3,1.0,84.0803909302,8.471670022695331,16.275174400954473,0,0,0,0,,,40
Kazakhstan,705,121.0,KAZ,92,2005,2,2,3,3,1.0,84.1437149048,0.07531360629922101,9.25173731910558,0,0,0,0,,,40
Kazakhstan,705,121.0,KAZ,92,2006,2,2,3,3,1.0,90.4184951782,7.457218023353573,16.004201652348126,0,0,0,0,,,40
Kazakhstan,705,121.0,KAZ,92,2006,2,2,3,3,1.0,90.8962631226,0.5283962572683709,8.060927886921165,0,0,0,0,,,40
Kazakhstan,705,121.0,KAZ,92,2007,2,2,3,3,1.0,92.8759994507,2.178017291458656,10.1636315720806,0,0,0,0,,,40
Kazakhstan,705,121.0,KAZ,92,2007,2,2,3,3,1.0,93.6698532104,0.8547458594202251,3.561159408147252,0,0,0,0,,,40
Kazakhstan,705,121.0,KAZ,92,2008,2,2,3,3,1.0,100.7398452759,7.54777745793993,10.580540608818811,0,0,0,0,,,40
Kazakhstan,705,121.0,KAZ,92,2008,2,2,3,3,1.0,99.7635040283,-0.9691708826096046,7.433352434750551,0,0,0,0,,,40
Kazakhstan,705,121.0,KAZ,92,2009,2,2,3,3,1.0,85.8713912964,-13.925044902151008,-7.3464383268206825,0,0,0,0,,,40
Kazakhstan,705,121.0,KAZ,92,2009,2,2,3,3,1.0,87.6678848267,2.092074558451129,-12.802141226309484,0,0,0,0,,,40
Kazakhstan,705,121.0,KAZ,92,2010,2,2,3,3,1.0,93.8969955444,7.1053507564526885,-4.72761958724719,0,0,0,0,,,40
Kazakhstan,705,121.0,KAZ,92,2010,2,2,3,3,1.0,95.5565948486,1.767467952065882,10.9648932669697,0,0,0,0,,,40
Kazakhstan,705,121.0,KAZ,92,2011,2,2,2,3,1.0,101.3259048462,6.0375843307737265,14.910403039292298,0,0,0,0,,,40
Kazakhstan,705,121.0,KAZ,92,2011,2,2,2,3,1.0,102.2959747314,0.9573759905449952,8.762428273384604,0,0,0,0,,,40
Kazakhstan,705,121.0,KAZ,92,2012,2,2,2,3,1.0,100.0,-2.2444428897897217,4.7505174315289995,0,0,0,0,,,40
Kazakhstan,705,121.0,KAZ,92,2012,2,2,2,3,1.0,100.0,0.0,-1.2870668992447265,0,0,0,0,,,40
Kazakhstan,705,121.0,KAZ,92,2013,2,2,2,3,1.0,100.5913009644,0.59130096440001,-1.6531419253897117,0,0,0,0,,,40
Kazakhstan,705,121.0,KAZ,92,2013,2,2,2,3,1.0,100.2103881836,-0.37867367968013044,0.21262728471987957,0,0,0,0,,,40
Kazakhstan,705,121.0,KAZ,92,2014,2,2,2,3,1.0,97.9436645508,-2.261964726298671,-2.0493374415787913,0,0,0,0,,,40
Kazakhstan,705,121.0,KAZ,92,2014,2,2,2,3,1.0,97.6517944336,-0.2979979547820699,-2.938636360760871,0,0,0,0,,,40
Kazakhstan,705,121.0,KAZ,92,2015,2,1,2,3,1.0,81.9310073853,-16.098820446141016,-18.658783127221756,0,0,0,0,,,40
Kazakhstan,705,121.0,KAZ,92,2015,2,1,2,3,1.0,83.2169036865,1.5694867452962669,-14.827331655626818,0,0,0,0,,,40
Kazakhstan,705,121.0,KAZ,92,2016,2,2,2,3,1.0,79.5474700928,-4.409481044288466,-18.938814745133215,0,0,0,0,,,40
Kazakhstan,705,121.0,KAZ,92,2016,2,2,2,3,1.0,80.9552688599,1.7697593216448926,-1.0702349773473063,0,0,0,0,,,40
Kazakhstan,705,121.0,KAZ,92,2017,2,2,2,3,1.0,83.841506958,3.5652257583072,0.9255040356636268,0,0,0,0,,,40
Kazakhstan,705,121.0,KAZ,92,2017,2,2,2,3,1.0,86.5423812866,3.2214047988820216,8.556389878834114,0,0,0,0,,,40
Kazakhstan,705,121.0,KAZ,92,2018,2,2,2,3,1.0,88.805229187,2.6147280289251285,9.40135858611435,0,0,0,0,,,40
Kazakhstan,705,121.0,KAZ,92,2018,2,2,2,3,1.0,92.0336990356,3.6354501622891,9.47158299009625,0,0,0,0,,,40
Kazakhstan,705,121.0,KAZ,92,2019,2,2,2,3,1.0,85.8427581787,-6.726819547376062,-0.47664135616183323,0,0,0,0,,,40
Kazakhstan,705,121.0,KAZ,92,2019,2,2,2,3,1.0,88.5104980469,3.107705209851863,0.016335824764901474,0,0,0,0,,,40
Kazakhstan,705,121.0,KAZ,92,2020,2,2,2,2,1.0,79.3303070068,-10.371866888869608,-13.990981226393806,0,0,0,0,,,40
Kazakhstan,705,121.0,KAZ,92,2020,2,2,2,2,1.0,81.9924087524,3.3557184461315837,-3.908443232886161,0,0,0,0,,,40
Kazakhstan,705,121.0,KAZ,92,2021,2,2,2,2,1.0,89.909614563,9.656022955135168,2.639874512397143,0,0,0,0,,,40
Kazakhstan,705,121.0,KAZ,92,2021,2,2,2,2,1.0,95.1141433716,5.788623201085086,18.800364602351834,0,0,0,0,,,40
Kazakhstan,705,121.0,KAZ,92,2022,2,2,2,2,1.0,95.4508056641,0.3539560790498886,15.798602235270142,0,0,0,0,,,40
Kazakhstan,705,121.0,KAZ,92,2022,2,2,2,2,1.0,101.4628829956,6.2986135000861365,12.441192780221112,0,0,0,0,,,40
Kazakhstan,705,121.0,KAZ,92,2023,2,2,2,2,1.0,90.4315490723,-10.87228511314663,-4.219715534010605,0,0,0,0,,,40
Kazakhstan,705,121.0,KAZ,92,2023,2,2,2,2,1.0,95.0532913208,5.110763108574989,0.5370914955144954,0,0,0,0,,,40
Kazakhstan,705,121.0,KAZ,92,2024,2,2,2,2,1.0,89.3852920532,-5.962970023279668,-11.724492027851309,0,0,0,0,,,40
Kazakhstan,705,121.0,KAZ,92,2024,2,2,2,2,1.0,93.2674484253,4.343171323744666,3.490964409039986,0,0,0,0,,,40
Kenya,501,40.0,KEN,93,1975,2,2,4,3,1.0,105.6794281006,,,0,0,0,0,,,41
Kenya,501,40.0,KEN,93,1975,2,2,4,3,1.0,99.4325714111,-5.911137864555249,-5.911137864555249,0,0,0,0,,,41
Kenya,501,40.0,KEN,93,1976,2,2,4,3,1.0,105.6794281006,6.282505421359996,0.3713675568047474,0,0,0,0,,,41
Kenya,501,40.0,KEN,93,1976,2,2,4,3,1.0,100.5811004639,-4.824333106578438,-4.45296554977369,0,0,0,0,,,41
Kenya,501,40.0,KEN,93,1977,2,2,4,3,1.0,106.5201797485,5.904766658157223,7.362938972938782,0,0,0,0,,,41
Kenya,501,40.0,KEN,93,1977,2,2,4,3,1.0,102.2938308716,-3.9676509060336262,-2.8872173544548407,0,0,0,0,,,41
Kenya,501,40.0,KEN,93,1978,2,2,4,3,1.0,104.3552856445,2.01522883182228,3.952344583945877,0,0,0,0,,,41
Kenya,501,40.0,KEN,93,1978,2,2,4,3,1.0,100.9255523682,-3.2865927730616695,-5.239014847273015,0,0,0,0,,,41
Kenya,501,40.0,KEN,93,1979,2,2,4,3,1.0,105.4844589233,4.517098443482426,3.2457345022430357,0,0,0,0,,,41
Kenya,501,40.0,KEN,93,1979,2,2,4,3,1.0,101.2532501221,-4.01121534336788,-2.780709672947124,0,0,0,0,,,41
Kenya,501,40.0,KEN,93,1980,2,2,4,3,1.0,104.1215362549,2.832784260595256,3.338667360709801,0,0,0,0,,,41
Kenya,501,40.0,KEN,93,1980,2,2,4,3,1.0,100.7012786865,-3.2848704421982955,-4.46330152497092,0,0,0,0,,,41
Kenya,501,40.0,KEN,93,1981,2,2,3,3,1.0,102.6192932129,1.904657568819057,1.4525713872160169,0,0,0,0,,,41
Kenya,501,40.0,KEN,93,1981,2,2,3,3,1.0,99.8401641846,-2.7081934997683743,-4.088406373147613,0,0,0,0,,,41
Kenya,501,40.0,KEN,93,1982,2,2,3,3,1.0,102.5660629272,2.7302626802174768,1.926726749268159,0,0,0,0,,,41
Kenya,501,40.0,KEN,93,1982,2,2,3,3,1.0,99.8354110718,-2.6623346723742114,-2.6402654919251094,0,0,0,0,,,41
Kenya,501,40.0,KEN,93,1983,2,2,3,3,1.0,102.6988372803,2.868146860677201,2.936074868520466,0,0,0,0,,,41
Kenya,501,40.0,KEN,93,1983,2,2,3,3,1.0,100.2263412476,-2.4075209595136093,-2.2017087712106203,0,0,0,0,,,41
Kenya,501,40.0,KEN,93,1984,2,2,3,3,1.0,103.3133392334,3.0800266151328914,3.5406525162964826,0,0,0,0,,,41
Kenya,501,40.0,KEN,93,1984,2,2,3,3,1.0,101.096321106,-2.145916629789135,-1.4734109741698536,0,0,0,0,,,41
Kenya,501,40.0,KEN,93,1985,2,2,3,3,1.0,102.1130371094,1.0056904072047956,1.9398003925485514,0,0,0,0,,,41
Kenya,501,40.0,KEN,93,1985,2,2,3,3,1.0,99.8549880981,-2.2113229370318455,-3.3515491596161855,0,0,0,0,,,41
Kenya,501,40.0,KEN,93,1986,2,2,3,3,1.0,101.1923141479,1.3392681480129953,0.13363561818594505,0,0,0,0,,,41
Kenya,501,40.0,KEN,93,1986,2,2,3,3,1.0,99.1518249512,-2.0164468160276283,-2.888501605046479,0,0,0,0,,,41
Kenya,501,40.0,KEN,93,1987,2,2,3,3,1.0,99.4049835205,0.2553241651624738,-0.42185450285215964,0,0,0,0,,,41
Kenya,501,40.0,KEN,93,1987,2,2,3,3,1.0,98.2617645264,-1.1500620528388628,-2.9111847037040177,0,0,0,0,,,41
Kenya,501,40.0,KEN,93,1988,2,2,3,3,1.0,98.8351135254,0.5834914544466274,-0.311246433229762,0,0,0,0,,,41
Kenya,501,40.0,KEN,93,1988,2,2,3,3,1.0,97.7905502319,-1.0568746837444132,-1.623445282136649,0,0,0,0,,,41
Kenya,501,40.0,KEN,93,1989,2,2,3,3,1.0,98.5467834473,0.7733193172619224,0.2999360879641362,0,0,0,0,,,41
Kenya,501,40.0,KEN,93,1989,2,2,3,3,1.0,97.8000640869,-0.757730830250114,-1.0412861967326053,0,0,0,0,,,41
Kenya,501,40.0,KEN,93,1990,2,2,3,3,1.0,98.296546936,0.5076508422927617,0.5232393293045696,0,0,0,0,,,41
Kenya,501,40.0,KEN,93,1990,2,2,3,3,1.0,97.678314209,-0.6289465360390656,-0.8790265239964183,0,0,0,0,,,41
Kenya,501,40.0,KEN,93,1991,2,3,4,3,2.0,97.7299880981,0.052902109867924985,-0.06839358387837935,0,0,0,0,,,41
Kenya,501,40.0,KEN,93,1991,2,3,4,3,2.0,97.0082702637,-0.7384814512363835,-1.3145258774075246,0,0,0,0,,,41
Kenya,501,40.0,KEN,93,1992,2,3,4,3,2.0,97.6056671143,0.6158205367192693,-0.06975880464918971,0,0,0,0,,,41
Kenya,501,40.0,KEN,93,1992,2,3,4,3,2.0,96.9242706299,-0.6981116000181364,-0.8207725145352511,0,0,0,0,,,41
Kenya,501,40.0,KEN,93,1993,2,3,4,3,2.0,97.5214309692,0.6161102223613657,0.5338191590624981,0,0,0,0,,,41
Kenya,501,40.0,KEN,93,1993,2,3,4,3,2.0,96.8645858765,-0.6735392274006324,-0.7555406050574036,0,0,0,0,,,41
Kenya,501,40.0,KEN,93,1994,2,3,4,3,2.0,98.3319320679,1.514842786063042,1.4574137810237748,0,0,0,0,,,41
Kenya,501,40.0,KEN,93,1994,2,3,4,3,2.0,97.6541671753,-0.6892622552478578,0.15204130341455135,0,0,0,0,,,41
Kenya,501,40.0,KEN,93,1995,2,3,3,3,2.0,97.9638442993,0.3171161384686316,1.1426966692838154,0,0,0,0,,,41
Kenya,501,40.0,KEN,93,1995,2,3,3,3,2.0,97.4174499512,-0.5577510274409558,-0.9298971442201824,0,0,0,0,,,41
Kenya,501,40.0,KEN,93,1996,2,3,4,3,2.0,97.5419692993,0.1278203732107297,-0.11281451576159496,0,0,0,0,,,41
Kenya,501,40.0,KEN,93,1996,2,3,4,3,2.0,97.2558288574,-0.2933511020492108,-0.7232817562794374,0,0,0,0,,,41
Kenya,501,40.0,KEN,93,1997,2,3,4,3,2.0,98.7278900146,1.513596845036802,1.3480661161983205,0,0,0,0,,,41
Kenya,501,40.0,KEN,93,1997,2,3,4,3,2.0,98.1547088623,-0.5805665979646157,0.6396791450229751,0,0,0,0,,,41
Kenya,501,40.0,KEN,93,1998,2,3,4,3,2.0,98.3625640869,0.211762865999221,1.1447931130714069,0,0,0,0,,,41
Kenya,501,40.0,KEN,93,1998,2,3,4,3,2.0,97.7888259888,-0.5832890830225979,-0.952092814987993,0,0,0,0,,,41
Kenya,501,40.0,KEN,93,1999,2,3,4,3,2.0,98.1689529419,0.3887222791114642,0.017196062088086883,0,0,0,0,,,41
Kenya,501,40.0,KEN,93,1999,2,3,4,3,2.0,97.7490844727,-0.42769985480897166,-0.6222666587201058,0,0,0,0,,,41
Kenya,501,40.0,KEN,93,2000,2,3,3,3,2.0,98.2899246216,0.5532943370441856,0.5143167613466777,0,0,0,0,,,41
Kenya,501,40.0,KEN,93,2000,2,3,3,3,2.0,97.9414825439,-0.35450436964057364,-0.2289098874053601,0,0,0,0,,,41
Kenya,501,40.0,KEN,93,2001,2,3,3,3,2.0,97.3910675049,-0.5619835688655095,-0.36319360146189794,0,0,0,0,,,41
Kenya,501,40.0,KEN,93,2001,2,3,3,3,2.0,97.0659942627,-0.33378137290017706,-1.2502693114062606,0,0,0,0,,,41
Kenya,501,40.0,KEN,93,2002,3,3,3,3,2.0,97.2757263184,0.21607160910790402,-0.679693332657783,0,0,0,0,,,41
Kenya,501,40.0,KEN,93,2002,3,3,3,3,2.0,97.0336303711,-0.24887601096658107,-0.36658577475885457,0,0,0,0,,,41
Kenya,501,40.0,KEN,93,2003,3,3,3,3,2.0,97.5471572876,0.5292257071450868,0.49642130528640926,0,0,0,0,,,41
Kenya,501,40.0,KEN,93,2003,3,3,3,3,2.0,97.3787078857,-0.1726850956849102,0.10766460049359505,0,0,0,0,,,41
Kenya,501,40.0,KEN,93,2004,3,3,3,3,2.0,97.8038711548,0.4366080412558482,0.7931486527160243,0,0,0,0,,,41
Kenya,501,40.0,KEN,93,2004,3,3,3,3,2.0,97.5509490967,-0.25860127530095145,0.00532167026998609,0,0,0,0,,,41
Kenya,501,40.0,KEN,93,2005,3,3,3,3,2.0,98.4660644531,0.9380896494332269,1.1160964153881232,0,0,0,0,,,41
Kenya,501,40.0,KEN,93,2005,3,3,3,3,2.0,98.3020782471,-0.1665408350692399,0.5129475390630351,0,0,0,0,,,41
Kenya,501,40.0,KEN,93,2006,3,3,3,3,2.0,99.0769577026,0.7882635538510208,1.5598123682150073,0,0,0,0,,,41
Kenya,501,40.0,KEN,93,2006,3,3,3,3,2.0,98.8651351929,-0.21379593662517182,0.4079267821566086,0,0,0,0,,,41
Kenya,501,40.0,KEN,93,2007,3,3,3,3,2.0,98.8959121704,0.031130263909462386,0.6055978811353109,0,0,0,0,,,41
Kenya,501,40.0,KEN,93,2007,3,3,3,3,2.0,98.790145874,-0.10694708616242332,-0.2896127588781332,0,0,0,0,,,41
Kenya,501,40.0,KEN,93,2008,3,3,3,3,2.0,99.6216049194,0.8416416820159922,0.7658248597630308,0,0,0,0,,,41
Kenya,501,40.0,KEN,93,2008,3,3,3,3,2.0,99.5229797363,-0.09899979344820675,0.6356948024053617,0,0,0,0,,,41
Kenya,501,40.0,KEN,93,2009,3,3,3,3,2.0,99.5585861206,0.03577704806903004,0.778418936636815,0,0,0,0,,,41
Kenya,501,40.0,KEN,93,2009,3,3,3,3,2.0,99.1408996582,-0.419538362963523,-0.48276110834270014,0,0,0,0,,,41
Kenya,501,40.0,KEN,93,2010,3,3,3,3,2.0,99.8717193604,0.737152582556333,0.3533912676618396,0,0,0,0,,,41
Kenya,501,40.0,KEN,93,2010,3,3,3,3,2.0,99.7005004883,-0.17143879488259461,0.14617542471021494,0,0,0,0,,,41
Kenya,501,40.0,KEN,93,2011,3,3,3,3,2.0,100.2451019287,0.5462374188020425,1.1119512064757804,0,0,0,0,,,41
Kenya,501,40.0,KEN,93,2011,3,3,3,3,2.0,100.4115982056,0.16608918909417625,0.5408878130136237,0,0,0,0,,,41
Kenya,501,40.0,KEN,93,2012,3,3,3,3,2.0,100.0,-0.40991101920041517,0.3024155886958031,0,0,0,0,,,41
Kenya,501,40.0,KEN,93,2012,3,3,3,3,2.0,100.0,0.0,-0.24382183010623937,0,0,0,0,,,41
Kenya,501,40.0,KEN,93,2013,3,3,2,3,2.0,99.3915176392,-0.6084823608000001,-1.0183933800004157,0,0,0,0,,,41
Kenya,501,40.0,KEN,93,2013,3,3,2,3,2.0,99.4074630737,0.016043053651593198,-0.5924393071484073,0,0,0,0,,,41
Kenya,501,40.0,KEN,93,2014,3,3,2,3,2.0,99.2325592041,-0.17594641709177683,-0.7683857242401841,0,0,0,0,,,41
Kenya,501,40.0,KEN,93,2014,3,3,2,3,2.0,99.368522644,0.1370149485113492,-0.022888414928834866,0,0,0,0,,,41
Kenya,501,40.0,KEN,93,2015,3,3,2,3,2.0,99.7920608521,0.4262297524713965,0.38729828389096843,0,0,0,0,,,41
Kenya,501,40.0,KEN,93,2015,3,3,2,3,2.0,99.271987915,-0.5211566257467992,0.04208807523594604,0,0,0,0,,,41
Kenya,501,40.0,KEN,93,2016,3,3,2,3,2.0,99.5989303589,0.3293400794793566,0.23441320620395345,0,0,0,0,,,41
Kenya,501,40.0,KEN,93,2016,3,3,2,3,2.0,99.0528030396,-0.5483264903870633,-0.7401430366545063,0,0,0,0,,,41
Kenya,501,40.0,KEN,93,2017,3,2,2,3,2.0,100.0587768555,1.015593486534483,0.7966070756267758,0,0,0,0,,,41
Kenya,501,40.0,KEN,93,2017,3,2,2,3,2.0,99.7555389404,-0.3030597860874562,0.16420721005996297,0,0,0,0,,,41
Kenya,501,40.0,KEN,93,2018,2,2,2,3,2.0,99.6015625,-0.15435377527457383,0.5581799251724524,0,0,0,0,,,41
Kenya,501,40.0,KEN,93,2018,2,2,2,3,2.0,99.329788208,-0.27286147443721376,-0.7302750357992442,0,0,0,0,,,41
Kenya,501,40.0,KEN,93,2019,2,2,2,2,2.0,99.2839736938,-0.04612364027603011,-0.47333888998781815,0,0,0,0,,,41
Kenya,501,40.0,KEN,93,2019,2,2,2,2,2.0,98.815826416,-0.4715235101727555,-0.7905086248859998,0,0,0,0,,,41
Kenya,501,40.0,KEN,93,2020,2,2,2,3,2.0,99.2355422974,0.42474560667342676,-0.09290154377535931,0,0,0,0,,,41
Kenya,501,40.0,KEN,93,2020,2,2,2,3,2.0,98.4892883301,-0.7520027099399029,-0.7987806134392321,0,0,0,0,,,41
Kenya,501,40.0,KEN,93,2021,2,2,2,3,2.0,99.438041687,0.9633061350998062,0.6360490318333296,0,0,0,0,,,41
Kenya,501,40.0,KEN,93,2021,2,2,2,3,2.0,99.2946853638,-0.14416647871167143,0.06713694644823143,0,0,0,0,,,41
Kenya,501,40.0,KEN,93,2022,2,2,2,3,2.0,99.3900604248,0.09605253357776178,0.9151921899658961,0,0,0,0,,,41
Kenya,501,40.0,KEN,93,2022,2,2,2,3,2.0,99.5419540405,0.15282576049435725,0.10471181536044716,0,0,0,0,,,41
Kenya,501,40.0,KEN,93,2023,2,2,2,3,2.0,99.433303833,-0.10915016542251132,0.13972812864960726,0,0,0,0,,,41
Kenya,501,40.0,KEN,93,2023,2,2,2,3,2.0,99.4347076416,0.0014118092690251771,0.04508740434087066,0,0,0,0,,,41
Kenya,501,40.0,KEN,93,2024,2,2,2,3,2.0,99.7444381714,0.31149136669299526,0.20375301053950867,0,0,0,0,,,41
Kenya,501,40.0,KEN,93,2024,2,2,2,3,2.0,100.0319671631,0.28826568876543224,0.6011688647274522,0,0,0,0,,,41
Kiribati,946,,KIR,94,1986,3,4,4,4,,96.4175415039,,,0,0,0,0,,,42
Kiribati,946,,KIR,94,1986,3,4,4,4,,103.3884353638,7.229902102013286,7.229902102013286,0,0,0,0,,,42
Kiribati,946,,KIR,94,1987,3,4,4,4,,96.6992492676,-6.469955825003348,0.7599462770099379,0,0,0,0,,,42
Kiribati,946,,KIR,94,1987,3,4,4,4,,103.8645324707,7.409864355069806,8.169810632079745,0,0,0,0,,,42
Kiribati,946,,KIR,94,1988,3,4,4,4,,96.0739364624,-7.500727941463281,-6.560819411396823,0,0,0,0,,,42
Kiribati,946,,KIR,94,1988,3,4,4,4,,102.9675140381,7.175283775738617,7.084420189345142,0,0,0,0,,,42
Kiribati,946,,KIR,94,1989,3,4,4,4,,95.3681411743,-7.38035965497631,-7.705803820700974,0,0,0,0,,,42
Kiribati,946,,KIR,94,1989,3,4,4,4,,101.5498886108,6.481983774017253,6.276907894779559,0,0,0,0,,,42
Kiribati,946,,KIR,94,1990,3,4,4,4,,95.5586395264,-5.899808622500857,-6.798184503459915,0,0,0,0,,,42
Kiribati,946,,KIR,94,1990,3,4,4,4,,101.8444671631,6.577979414371438,7.160154565887833,0,0,0,0,,,42
Kiribati,946,,KIR,94,1991,3,4,4,4,,95.3178253174,-6.408440269266514,-5.730269477395933,0,0,0,0,,,42
Kiribati,946,,KIR,94,1991,3,4,4,4,,101.2509460449,6.224565770088897,6.394104915193821,0,0,0,0,,,42
Kiribati,946,,KIR,94,1992,3,4,4,4,,95.5036392212,-5.6762993810955065,-5.860173880273123,0,0,0,0,,,42
Kiribati,946,,KIR,94,1992,3,4,4,4,,101.6804199219,6.467586733939723,7.015853122933113,0,0,0,0,,,42
Kiribati,946,,KIR,94,1993,3,4,4,4,,95.4861068726,-6.091942828381114,-5.300655475536898,0,0,0,0,,,42
Kiribati,946,,KIR,94,1993,3,4,4,4,,101.0171432495,5.792503808202842,6.168147713761451,0,0,0,0,,,42
Kiribati,946,,KIR,94,1994,3,4,4,4,,95.4985809326,-5.462995823659167,-5.762434843837439,0,0,0,0,,,42
Kiribati,946,,KIR,94,1994,3,4,4,4,,100.9670257568,5.726205322421962,6.055713306965638,0,0,0,0,,,42
Kiribati,946,,KIR,94,1995,3,4,4,4,,95.4490890503,-5.465087898886011,-5.201878400123216,0,0,0,0,,,42
Kiribati,946,,KIR,94,1995,3,4,4,4,,100.5970840454,5.393445915850581,5.654563339386532,0,0,0,0,,,42
Kiribati,946,,KIR,94,1996,3,4,4,4,,95.1427612305,-5.421949221150813,-5.493591204186243,0,0,0,0,,,42
Kiribati,946,,KIR,94,1996,3,4,4,4,,99.9103775024,5.011013145129994,4.9825098398297625,0,0,0,0,,,42
Kiribati,946,,KIR,94,1997,3,4,4,4,,95.2165679932,-4.6980199920546255,-5.108956068075444,0,0,0,0,,,42
Kiribati,946,,KIR,94,1997,3,4,4,4,,99.7078552246,4.716917786535579,5.029910939610948,0,0,0,0,,,42
Kiribati,946,,KIR,94,1998,3,4,4,4,,95.2816619873,-4.439162017204801,-4.420264222723847,0,0,0,0,,,42
Kiribati,946,,KIR,94,1998,3,4,4,4,,99.847366333,4.791797551042465,5.0695533203732435,0,0,0,0,,,42
Kiribati,946,,KIR,94,1999,2,4,4,4,,95.2102127075,-4.64424230283117,-4.291606768993506,0,0,0,0,,,42
Kiribati,946,,KIR,94,1999,2,4,4,4,,99.7240829468,4.7409517434513715,4.888506991662666,0,0,0,0,,,42
Kiribati,946,,KIR,94,2000,3,4,4,4,,95.2528762817,-4.483577620348001,-4.3868681797277995,0,0,0,0,,,42
Kiribati,946,,KIR,94,2000,3,4,4,4,,99.8575439453,4.834150781948243,5.091524905051614,0,0,0,0,,,42
Kiribati,946,,KIR,94,2001,3,4,4,4,,93.8823471069,-5.98372101127691,-5.633147849676668,0,0,0,0,,,42
Kiribati,946,,KIR,94,2001,3,4,4,4,,99.0299835205,5.483071708612686,4.333501479284019,0,0,0,0,,,42
Kiribati,946,,KIR,94,2002,3,4,4,4,,94.5244369507,-4.54967920788083,-5.050328510545055,0,0,0,0,,,42
Kiribati,946,,KIR,94,2002,3,4,4,4,,99.1662979126,4.91075230029776,5.844144801029616,0,0,0,0,,,42
Kiribati,946,,KIR,94,2003,3,4,4,3,,94.2854232788,-4.921908689282473,-4.560835596865543,0,0,0,0,,,42
Kiribati,946,,KIR,94,2003,3,4,4,3,,99.1593322754,5.169313375396278,5.158156986411566,0,0,0,0,,,42
Kiribati,946,,KIR,94,2004,3,4,4,3,,95.6756973267,-3.5131690268191074,-3.265764340705302,0,0,0,0,,,42
Kiribati,946,,KIR,94,2004,3,4,4,3,,99.3646392822,3.855672922773179,5.51181727135035,0,0,0,0,,,42
Kiribati,946,,KIR,94,2005,2,4,4,3,,98.497756958,-0.8724253723077724,-0.5299214763537008,0,0,0,0,,,42
Kiribati,946,,KIR,94,2005,2,4,4,3,,100.0310134888,1.5566410628556682,4.539888613321075,0,0,0,0,,,42
Kiribati,946,,KIR,94,2006,3,4,4,3,,100.0741195679,0.043092714545789335,0.7273084050936851,0,0,0,0,,,42
Kiribati,946,,KIR,94,2006,3,4,4,3,,100.8774795532,0.8027649793660441,2.4024987567675016,0,0,0,0,,,42
Kiribati,946,,KIR,94,2007,3,4,4,4,,99.8073043823,-1.0608662861522178,-0.21500859224038438,0,0,0,0,,,42
Kiribati,946,,KIR,94,2007,3,4,4,4,,100.2920303345,0.4856618012077707,0.22756049442159698,0,0,0,0,,,42
Kiribati,946,,KIR,94,2008,3,4,4,4,,100.0722198486,-0.21917044172590217,-0.7943749266703493,0,0,0,0,,,42
Kiribati,946,,KIR,94,2008,3,4,4,4,,100.3803329468,0.3078907399737263,0.5743820994555948,0,0,0,0,,,42
Kiribati,946,,KIR,94,2009,4,4,4,4,,100.0445480347,-0.3345126502797724,-0.24579235203194827,0,0,0,0,,,42
Kiribati,946,,KIR,94,2009,4,4,4,4,,100.4566574097,0.41192587012044424,0.38530395981439813,0,0,0,0,,,42
Kiribati,946,,KIR,94,2010,4,4,4,4,,100.2458648682,-0.2098343175408579,-0.13242109770018606,0,0,0,0,,,42
Kiribati,946,,KIR,94,2010,4,4,4,4,,101.3432540894,1.094697744034434,1.2967892966140204,0,0,0,0,,,42
Kiribati,946,,KIR,94,2011,4,4,4,4,,100.1832351685,-1.1446434509362446,-0.25978002444266846,0,0,0,0,,,42
Kiribati,946,,KIR,94,2011,4,4,4,4,,101.071105957,0.8862468725497452,0.8363011656479347,0,0,0,0,,,42
Kiribati,946,,KIR,94,2012,3,4,4,4,,100.0,-1.0597548595695505,-1.31815143795605,0,0,0,0,,,42
Kiribati,946,,KIR,94,2012,3,4,4,4,,100.0,0.0,-0.1735079870198053,0,0,0,0,,,42
Kiribati,946,,KIR,94,2013,3,4,4,4,,100.1742858887,0.17428588869998762,-0.8854689708695629,0,0,0,0,,,42
Kiribati,946,,KIR,94,2013,3,4,4,4,,101.6266555786,1.4498428184591017,1.6241287071590893,0,0,0,0,,,42
Kiribati,946,,KIR,94,2014,3,4,4,4,,100.1440582275,-1.4588666159079944,0.16526209125109492,0,0,0,0,,,42
Kiribati,946,,KIR,94,2014,3,4,4,4,,101.5955505371,1.4494043234223764,1.4403805259734836,0,0,0,0,,,42
Kiribati,946,,KIR,94,2015,3,4,4,4,,99.6234283447,-1.9411501605868353,-1.9506124530724533,0,0,0,0,,,42
Kiribati,946,,KIR,94,2015,3,4,4,4,,100.6958084106,1.0764336097624838,0.5846877725980248,0,0,0,0,,,42
Kiribati,946,,KIR,94,2016,4,4,4,4,,99.6105422974,-1.0777669203217322,-1.9424834711460837,0,0,0,0,,,42
Kiribati,946,,KIR,94,2016,4,4,4,4,,102.1858444214,2.585371050697738,2.5840377401384895,0,0,0,0,,,42
Kiribati,946,,KIR,94,2017,4,4,4,4,,99.842300415,-2.2934135541666234,-0.7858094237906177,0,0,0,0,,,42
Kiribati,946,,KIR,94,2017,4,4,4,4,,102.3905715942,2.552296139620158,2.8442536361512727,0,0,0,0,,,42
Kiribati,946,,KIR,94,2018,4,4,4,4,,100.1011276245,-2.2359910039116193,-1.9771084184580845,0,0,0,0,,,42
Kiribati,946,,KIR,94,2018,4,4,4,4,,102.357635498,2.254228226044197,2.570533361752736,0,0,0,0,,,42
Kiribati,946,,KIR,94,2019,4,4,4,4,,99.9429092407,-2.35910711062407,-2.3408698884914925,0,0,0,0,,,42
Kiribati,946,,KIR,94,2019,4,4,4,4,,101.9499130249,2.008150252426999,1.9032713678471258,0,0,0,0,,,42
Kiribati,946,,KIR,94,2020,4,4,4,3,,99.5335617065,-2.3701357330337736,-2.721092591230845,0,0,0,0,,,42
Kiribati,946,,KIR,94,2020,4,4,4,3,,101.5196304321,1.9953759230041834,1.6333904423974088,0,0,0,0,,,42
Kiribati,946,,KIR,94,2021,4,4,4,3,,100.0377883911,-1.4596605944021013,-1.8344204044316914,0,0,0,0,,,42
Kiribati,946,,KIR,94,2021,4,4,4,3,,101.8021316528,1.7636767966143552,2.2993921252164373,0,0,0,0,,,42
Kiribati,946,,KIR,94,2022,4,4,4,4,,100.3264923096,-1.4495171360779824,-1.1455009338657285,0,0,0,0,,,42
Kiribati,946,,KIR,94,2022,4,4,4,4,,102.2662658691,1.9334609581624695,2.2476206186988423,0,0,0,0,,,42
Kiribati,946,,KIR,94,2023,4,4,4,4,,100.1728897095,-2.0469860142146024,-1.5630421921301152,0,0,0,0,,,42
Kiribati,946,,KIR,94,2023,4,4,4,4,,102.5587615967,2.3817540794909497,2.268229023438817,0,0,0,0,,,42
Kiribati,946,,KIR,94,2024,4,4,4,4,,100.1127471924,-2.384988241100905,-2.0502201758245575,0,0,0,0,,,42
Kiribati,946,,KIR,94,2024,4,4,4,4,,102.4102783203,2.294943643374925,2.2917094817649697,0,0,0,0,,,42
Laos,812,123.0,LAO,97,1975,2,2,3,3,2.0,98.5772705078,,,0,0,0,0,,,43
Laos,812,123.0,LAO,97,1975,2,2,3,3,2.0,95.6438674927,-2.9757397420208442,-2.9757397420208442,0,0,0,0,,,43
Laos,812,123.0,LAO,97,1976,1,1,2,1,1.0,98.6134338379,3.104816255393117,0.12907651337227266,0,0,0,0,,,43
Laos,812,123.0,LAO,97,1976,1,1,2,1,1.0,96.9344558716,-1.7025854398903695,-1.5735089265180968,0,0,0,0,,,43
Laos,812,123.0,LAO,97,1977,1,1,2,1,1.0,98.6704864502,1.7909324016834205,3.193163217186168,0,0,0,0,,,43
Laos,812,123.0,LAO,97,1977,1,1,2,1,1.0,96.8113479614,-1.8841890373554881,-1.7958420755624371,0,0,0,0,,,43
Laos,812,123.0,LAO,97,1978,1,1,2,1,1.0,98.6039352417,1.8516292955808478,1.7583726599087801,0,0,0,0,,,43
Laos,812,123.0,LAO,97,1978,1,1,2,1,1.0,96.0948944092,-2.5445646021629797,-2.57712434393762,0,0,0,0,,,43
Laos,812,123.0,LAO,97,1979,1,1,2,1,1.0,98.6649703979,2.674518770743295,1.981583464161163,0,0,0,0,,,43
Laos,812,123.0,LAO,97,1979,1,1,2,1,1.0,97.5529632568,-1.1270536408367282,-0.997099472256413,0,0,0,0,,,43
Laos,812,123.0,LAO,97,1980,1,1,2,1,1.0,98.5836791992,1.0565706135309716,2.6040357434375383,0,0,0,0,,,43
Laos,812,123.0,LAO,97,1980,1,1,2,1,1.0,96.9814682007,-1.6252294614228724,-1.695712488728629,0,0,0,0,,,43
Laos,812,123.0,LAO,97,1981,1,1,2,1,1.0,98.3434295654,1.4043521818843496,0.8356933339924488,0,0,0,0,,,43
Laos,812,123.0,LAO,97,1981,1,1,2,1,1.0,95.1037597656,-3.294241225994221,-3.515118505532744,0,0,0,0,,,43
Laos,812,123.0,LAO,97,1982,1,1,2,1,1.0,98.3702850342,3.434696248235536,1.5448072041256644,0,0,0,0,,,43
Laos,812,123.0,LAO,97,1982,1,1,2,1,1.0,94.8855743408,-3.5424424074693595,-3.4019873852280447,0,0,0,0,,,43
Laos,812,123.0,LAO,97,1983,1,1,2,1,1.0,98.3595123291,3.661186658177007,3.5534404989431834,0,0,0,0,,,43
Laos,812,123.0,LAO,97,1983,1,1,2,1,1.0,94.9408874512,-3.475642362338749,-3.3568981116311014,0,0,0,0,,,43
Laos,812,123.0,LAO,97,1984,1,1,2,1,1.0,98.3702163696,3.6120674774213546,3.7976117732596126,0,0,0,0,,,43
Laos,812,123.0,LAO,97,1984,1,1,2,1,1.0,94.8451385498,-3.583480803331218,-3.4470556882486125,0,0,0,0,,,43
Laos,812,123.0,LAO,97,1985,1,1,2,1,1.0,98.3117141724,3.654985037298264,3.6835717113884003,0,0,0,0,,,43
Laos,812,123.0,LAO,97,1985,1,1,2,1,1.0,94.2776794434,-4.10331033586282,-4.031806101895774,0,0,0,0,,,43
Laos,812,123.0,LAO,97,1986,1,1,2,1,1.0,98.1987228394,4.159036814598327,3.710711516033771,0,0,0,0,,,43
Laos,812,123.0,LAO,97,1986,1,1,2,1,1.0,94.1419067383,-4.131231021950022,-4.075504543214515,0,0,0,0,,,43
Laos,812,123.0,LAO,97,1987,1,1,2,1,1.0,98.1652145386,4.273662962323654,4.3014687549719595,0,0,0,0,,,43
Laos,812,123.0,LAO,97,1987,1,1,2,1,1.0,94.9782867432,-3.2464939952296934,-3.104062054856061,0,0,0,0,,,43
Laos,812,123.0,LAO,97,1988,1,1,2,1,1.0,98.134185791,3.322758449342045,4.349927416436006,0,0,0,0,,,43
Laos,812,123.0,LAO,97,1988,1,1,2,1,1.0,95.408164978,-2.7778503393360743,-2.701585885223723,0,0,0,0,,,43
Laos,812,123.0,LAO,97,1989,1,1,2,1,1.0,98.1289215088,2.851701981090793,3.3966100910967634,0,0,0,0,,,43
Laos,812,123.0,LAO,97,1989,1,1,2,1,1.0,95.8816986084,-2.290071943976757,-2.2162203022220384,0,0,0,0,,,43
Laos,812,123.0,LAO,97,1990,1,1,2,2,1.0,98.0823898315,2.2952150984392405,2.8568451355532765,0,0,0,0,,,43
Laos,812,123.0,LAO,97,1990,1,1,2,2,1.0,95.5863800049,-2.544809349454069,-2.5396661949915855,0,0,0,0,,,43
Laos,812,123.0,LAO,97,1991,1,1,2,2,1.0,98.0276794434,2.5540243687174558,2.304430117702627,0,0,0,0,,,43
Laos,812,123.0,LAO,97,1991,1,1,2,2,1.0,95.0361633301,-3.051705528770854,-3.0424905095074672,0,0,0,0,,,43
Laos,812,123.0,LAO,97,1992,1,1,2,2,1.0,98.3461837769,3.4829062230794516,2.9852250630260535,0,0,0,0,,,43
Laos,812,123.0,LAO,97,1992,1,1,2,2,1.0,95.3419342041,-3.0547698521939615,-2.6235691578853637,0,0,0,0,,,43
Laos,812,123.0,LAO,97,1993,1,1,2,2,1.0,98.9480361938,3.782283231196426,4.210419602081917,0,0,0,0,,,43
Laos,812,123.0,LAO,97,1993,1,1,2,2,1.0,96.256942749,-2.719703743820856,-1.9921903648183914,0,0,0,0,,,43
Laos,812,123.0,LAO,97,1994,1,1,2,2,1.0,99.1363525391,2.9913788116129547,4.053958298988524,0,0,0,0,,,43
Laos,812,123.0,LAO,97,1994,1,1,2,2,1.0,97.0270462036,-2.1276820071306157,-1.856006939338517,0,0,0,0,,,43
Laos,812,123.0,LAO,97,1995,1,1,2,2,1.0,98.7798233032,1.8064830046686353,2.6701798091509743,0,0,0,0,,,43
Laos,812,123.0,LAO,97,1995,1,1,2,2,1.0,97.0605545044,-1.7405060480041423,-2.0617050504661227,0,0,0,0,,,43
Laos,812,123.0,LAO,97,1996,1,1,2,2,1.0,98.5481033325,1.53259873250835,1.598575689172843,0,0,0,0,,,43
Laos,812,123.0,LAO,97,1996,1,1,2,2,1.0,96.0955276489,-2.4887091690897867,-2.696616484585579,0,0,0,0,,,43
Laos,812,123.0,LAO,97,1997,1,1,2,2,1.0,98.477394104,2.478644442020772,1.5225340054393355,0,0,0,0,,,43
Laos,812,123.0,LAO,97,1997,1,1,2,2,1.0,96.0535202026,-2.461350570304688,-2.4714152973737025,0,0,0,0,,,43
Laos,812,123.0,LAO,97,1998,1,1,2,2,1.0,97.8710479736,1.8922031875212797,1.909497059237364,0,0,0,0,,,43
Laos,812,123.0,LAO,97,1998,1,1,2,2,1.0,94.2352294922,-3.7149070707618526,-4.284054453545261,0,0,0,0,,,43
Laos,812,123.0,LAO,97,1999,1,1,2,2,1.0,98.0559387207,4.054438291378326,2.2317344081377537,0,0,0,0,,,43
Laos,812,123.0,LAO,97,1999,1,1,2,2,1.0,94.6002502441,-3.524201105700586,-3.184669885084112,0,0,0,0,,,43
Laos,812,123.0,LAO,97,2000,1,1,2,2,1.0,97.6618881226,3.236395115869106,3.7666323015468466,0,0,0,0,,,43
Laos,812,123.0,LAO,97,2000,1,1,2,2,1.0,94.8804550171,-2.848023071198791,-3.1358290610302704,0,0,0,0,,,43
Laos,812,123.0,LAO,97,2001,1,1,2,2,1.0,96.5804824829,1.7917572860433717,2.1801293307136875,0,0,0,0,,,43
Laos,812,123.0,LAO,97,2001,1,1,2,2,1.0,93.9325180054,-2.741718004948701,-3.79798379010412,0,0,0,0,,,43
Laos,812,123.0,LAO,97,2002,1,1,2,2,1.0,96.8688964844,3.126051064479274,2.176090345573945,0,0,0,0,,,43
Laos,812,123.0,LAO,97,2002,1,1,2,2,1.0,94.1740341187,-2.781968684998881,-2.397635625468308,0,0,0,0,,,43
Laos,812,123.0,LAO,97,2003,1,1,2,2,1.0,97.3565444946,3.379392637984102,3.7234750174644953,0,0,0,0,,,43
Laos,812,123.0,LAO,97,2003,1,1,2,2,1.0,94.7754364014,-2.651191151657162,-2.0537671986719404,0,0,0,0,,,43
Laos,812,123.0,LAO,97,2004,1,1,2,2,1.0,97.5170135498,2.8927085461138535,3.6209100324407943,0,0,0,0,,,43
Laos,812,123.0,LAO,97,2004,1,1,2,2,1.0,96.0765914917,-1.4770982064215898,-1.2355808119648977,0,0,0,0,,,43
Laos,812,123.0,LAO,97,2005,1,1,2,2,1.0,98.0963821411,2.1022713421036343,3.5178816817958984,0,0,0,0,,,43
Laos,812,123.0,LAO,97,2005,1,1,2,2,1.0,97.0050354004,-1.1125249646110502,-0.4873518289290053,0,0,0,0,,,43
Laos,812,123.0,LAO,97,2006,1,1,2,2,1.0,99.3800125122,2.4483029174691584,3.438049294961743,0,0,0,0,,,43
Laos,812,123.0,LAO,97,2006,1,1,2,2,1.0,99.2484970093,-0.13233596935183778,1.2034419835062709,0,0,0,0,,,43
Laos,812,123.0,LAO,97,2007,1,1,2,2,1.0,99.8736190796,0.6298554528653799,2.945822400982701,0,0,0,0,,,43
Laos,812,123.0,LAO,97,2007,1,1,2,2,1.0,99.6272888184,-0.24664196959126583,0.25087751392227675,0,0,0,0,,,43
Laos,812,123.0,LAO,97,2008,1,1,2,2,1.0,99.6189575195,-0.008362466748634834,0.3748510165254797,0,0,0,0,,,43
Laos,812,123.0,LAO,97,2008,1,1,2,2,1.0,99.6983413696,0.07968749330111713,-0.1753169430387831,0,0,0,0,,,43
Laos,812,123.0,LAO,97,2009,1,1,2,2,1.0,96.2786102295,-3.430078267222547,-3.3587532406700644,0,0,0,0,,,43
Laos,812,123.0,LAO,97,2009,1,1,2,2,1.0,98.491569519,2.2984952568643635,-1.051895517057066,0,0,0,0,,,43
Laos,812,123.0,LAO,97,2010,1,1,2,2,1.0,100.2230834961,1.7580326778790845,0.6264496675209013,0,0,0,0,,,43
Laos,812,123.0,LAO,97,2010,1,1,2,2,1.0,99.8594818115,-0.3627923547314782,3.6937355800119698,0,0,0,0,,,43
Laos,812,123.0,LAO,97,2011,1,1,2,2,1.0,102.4050750732,2.549175316676666,3.944415639824273,0,0,0,0,,,43
Laos,812,123.0,LAO,97,2011,1,1,2,2,1.0,100.9710464478,-1.400349176420146,0.7860337855250425,0,0,0,0,,,43
Laos,812,123.0,LAO,97,2012,1,1,2,2,1.0,100.0,-0.9617078181932248,0.18711832206329593,0,0,0,0,,,43
Laos,812,123.0,LAO,97,2012,1,1,2,2,1.0,100.0,0.0,-2.3620569946133703,0,0,0,0,,,43
Laos,812,123.0,LAO,97,2013,1,1,2,2,1.0,98.8085861206,-1.191413879400005,-2.1531216975932295,0,0,0,0,,,43
Laos,812,123.0,LAO,97,2013,1,1,2,2,1.0,99.6177139282,0.818884106501061,-0.3725297728989436,0,0,0,0,,,43
Laos,812,123.0,LAO,97,2014,1,1,2,2,1.0,97.8469696045,-1.7775396100499496,-2.1500693829488933,0,0,0,0,,,43
Laos,812,123.0,LAO,97,2014,1,1,2,2,1.0,99.4673080444,1.6559924609310217,0.6973369573821335,0,0,0,0,,,43
Laos,812,123.0,LAO,97,2015,1,2,2,2,1.0,94.6312255859,-4.861981844669283,-4.983528993788211,0,0,0,0,,,43
Laos,812,123.0,LAO,97,2015,1,2,2,2,1.0,98.4536361694,4.039269870842221,0.8332804871039605,0,0,0,0,,,43
Laos,812,123.0,LAO,97,2016,1,2,2,2,1.0,94.7746276855,-3.7367928976943854,-4.559504871521447,0,0,0,0,,,43
Laos,812,123.0,LAO,97,2016,1,2,2,2,1.0,98.4262313843,3.852933836804384,4.155410809952221,0,0,0,0,,,43
Laos,812,123.0,LAO,97,2017,1,2,2,2,1.0,96.5398788452,-1.9165140355062893,-1.80037309639629,0,0,0,0,,,43
Laos,812,123.0,LAO,97,2017,1,2,2,2,1.0,99.0538482666,2.604073520157524,4.540493321455619,0,0,0,0,,,43
Laos,812,123.0,LAO,97,2018,1,2,2,2,1.0,96.602394104,-2.4748701898001935,-1.7873107051489585,0,0,0,0,,,43
Laos,812,123.0,LAO,97,2018,1,2,2,2,1.0,99.0836486816,2.568522861792366,2.697726192149697,0,0,0,0,,,43
Laos,812,123.0,LAO,97,2019,1,2,2,2,1.0,95.8326721191,-3.281042438139148,-3.187389766146975,0,0,0,0,,,43
Laos,812,123.0,LAO,97,2019,1,2,2,2,1.0,98.6698760986,2.960581101165527,2.2480615248187457,0,0,0,0,,,43
Laos,812,123.0,LAO,97,2020,1,2,2,2,1.0,96.7344055176,-1.9615617831179821,-2.2820231200916026,0,0,0,0,,,43
Laos,812,123.0,LAO,97,2020,1,2,2,2,1.0,99.0431594849,2.3866937052504644,3.3857130232980097,0,0,0,0,,,43
Laos,812,123.0,LAO,97,2021,1,2,2,2,1.0,99.8184661865,0.7827968187123613,1.207928740844844,0,0,0,0,,,43
Laos,812,123.0,LAO,97,2021,1,2,2,2,1.0,100.2987060547,0.48111325143258554,3.6506037753954117,0,0,0,0,,,43
Laos,812,123.0,LAO,97,2022,1,2,2,2,1.0,96.5932769775,-3.694393699535037,-2.4304836293900896,0,0,0,0,,,43
Laos,812,123.0,LAO,97,2022,1,2,2,2,1.0,99.156539917,2.653665989711773,-0.5596144583906777,0,0,0,0,,,43
Laos,812,123.0,LAO,97,2023,1,2,2,2,1.0,95.9861679077,-3.197340298434981,-4.238068008258244,0,0,0,0,,,43
Laos,812,123.0,LAO,97,2023,1,2,2,2,1.0,98.8775405884,3.0122805647167183,2.468606255993511,0,0,0,0,,,43
Laos,812,123.0,LAO,97,2024,1,2,2,2,1.0,96.4368209839,-2.468426692225323,-2.653486425943585,0,0,0,0,,,43
Laos,812,123.0,LAO,97,2024,1,2,2,2,1.0,99.144859314,2.8080958107817633,3.3519496832731592,0,0,0,0,,,43
Libya,620,124.0,LBY,102,1975,1,1,2,3,1.0,64.6282730103,,,0,0,0,0,-11.0,-25.0,44
Libya,620,124.0,LBY,102,1975,1,1,2,3,1.0,67.1592712402,3.916239924122089,3.916239924122089,0,0,0,0,-11.0,-25.0,44
Libya,620,124.0,LBY,102,1976,1,1,2,3,1.0,67.6707611084,0.7616072341979807,4.67784715832007,0,0,0,0,-10.0,-24.0,44
Libya,620,124.0,LBY,102,1976,1,1,2,3,1.0,69.1427154541,2.1751703713545067,6.853017529674577,0,0,0,0,-10.0,-24.0,44
Libya,620,124.0,LBY,102,1977,1,1,2,3,1.0,69.8958282471,1.0892149491871672,4.025992554739655,0,0,0,0,-9.0,-23.0,44
Libya,620,124.0,LBY,102,1977,1,1,2,3,1.0,70.552734375,0.9398359592759586,4.204221279817633,0,0,0,0,-9.0,-23.0,44
Libya,620,124.0,LBY,102,1978,1,1,2,3,1.0,66.7094573975,-5.447382034936188,-3.4183311264730625,0,0,0,0,-8.0,-22.0,44
Libya,620,124.0,LBY,102,1978,1,1,2,3,1.0,68.5314407349,2.7312219413559102,-1.7763241343043195,0,0,0,0,-8.0,-22.0,44
Libya,620,124.0,LBY,102,1979,1,1,2,3,1.0,89.5506973267,30.670968487454896,27.954808393874618,0,0,1,0,-7.0,-21.0,44
Libya,620,124.0,LBY,102,1979,1,1,2,3,1.0,82.5894317627,-7.773547020637728,25.628643408173076,0,0,1,0,-7.0,-21.0,44
Libya,620,124.0,LBY,102,1980,1,1,2,3,1.0,94.9682846069,14.988422344117257,37.885843810934425,0,0,1,0,-6.0,-20.0,44
Libya,620,124.0,LBY,102,1980,1,1,2,3,1.0,85.7015914917,-9.757671367401654,-2.5427960439221255,0,0,0,0,-6.0,-20.0,44
Libya,620,124.0,LBY,102,1981,1,1,2,3,1.0,90.9388275146,6.111013730015991,11.341764706731592,0,0,0,0,-5.0,-19.0,44
Libya,620,124.0,LBY,102,1981,1,1,2,3,1.0,83.529006958,-8.148137334858841,-11.794794972244507,0,0,0,0,-5.0,-19.0,44
Libya,620,124.0,LBY,102,1982,1,1,2,3,1.0,88.2113189697,5.605611969090396,3.5684883642475436,0,0,0,0,-4.0,-18.0,44
Libya,620,124.0,LBY,102,1982,1,1,2,3,1.0,82.0917892456,-6.937352026446886,-9.479877392215332,0,0,0,0,-4.0,-18.0,44
Libya,620,124.0,LBY,102,1983,1,1,2,3,1.0,84.6564483643,3.1241359729986318,1.7923959156421398,0,0,0,0,-3.0,-17.0,44
Libya,620,124.0,LBY,102,1983,1,1,2,3,1.0,79.8217086792,-5.711011716785929,-9.524227770234186,0,0,0,0,-3.0,-17.0,44
Libya,620,124.0,LBY,102,1984,1,1,2,3,1.0,83.2160873413,4.25245051536276,1.6655747715754607,0,0,0,0,-2.0,-16.0,44
Libya,620,124.0,LBY,102,1984,1,1,2,3,1.0,78.7340393066,-5.386035534592559,-6.84459673601573,0,0,0,0,-2.0,-16.0,44
Libya,620,124.0,LBY,102,1985,1,1,2,3,1.0,82.4443969727,4.712520402581433,3.5789353833516317,0,0,0,0,-1.0,-15.0,44
Libya,620,124.0,LBY,102,1985,1,1,2,3,1.0,78.0925674438,-5.278502467961577,-5.952017599972705,0,0,0,0,-1.0,-15.0,44
Libya,620,124.0,LBY,102,1986,1,1,2,3,1.0,63.3482398987,-18.880577278639066,-19.446559344019214,0,0,0,0,0.0,-14.0,44
Libya,620,124.0,LBY,102,1986,1,1,2,3,1.0,62.2512207031,-1.731727980689346,-25.890807727289992,1,1,0,0,0.0,-14.0,44
Libya,620,124.0,LBY,102,1987,1,1,2,3,1.0,66.4348831177,6.720611045610636,-13.89169421371778,0,0,0,0,1.0,-13.0,44
Libya,620,124.0,LBY,102,1987,1,1,2,3,1.0,64.8102874756,-2.4453954998637673,2.5434875650575193,0,0,0,0,1.0,-13.0,44
Libya,620,124.0,LBY,102,1988,1,1,2,3,1.0,59.4249458313,-8.309393236880025,-4.034177691133159,0,0,0,0,2.0,-12.0,44
Libya,620,124.0,LBY,102,1988,1,1,2,3,1.0,58.6466331482,-1.309740669027326,-12.064529405771122,0,0,0,0,2.0,-12.0,44
Libya,620,124.0,LBY,102,1989,1,1,2,3,1.0,62.5490760803,6.654163628180543,-2.9649702777268114,0,0,0,0,3.0,-11.0,44
Libya,620,124.0,LBY,102,1989,1,1,2,3,1.0,61.8056335449,-1.1885747671885216,4.155848191964692,0,0,0,0,3.0,-11.0,44
Libya,620,124.0,LBY,102,1990,1,1,2,3,1.0,66.9925003052,8.392223269634291,13.857812130626309,0,0,0,0,4.0,-10.0,44
Libya,620,124.0,LBY,102,1990,1,1,2,3,1.0,66.5358047485,-0.6817114671335056,6.521937035312261,0,0,0,0,4.0,-10.0,44
Libya,620,124.0,LBY,102,1991,1,1,2,3,1.0,63.3552207947,-4.780259239100437,2.9302525634003445,0,0,0,0,5.0,-9.0,44
Libya,620,124.0,LBY,102,1991,1,1,2,3,1.0,62.3185005188,-1.6363612388937132,-7.09833194512766,0,0,0,0,5.0,-9.0,44
Libya,620,124.0,LBY,102,1992,1,1,2,3,1.0,63.109046936,1.2685581498571352,-5.148062328137019,0,0,0,0,6.0,-8.0,44
Libya,620,124.0,LBY,102,1992,1,1,2,3,1.0,62.0143356323,-1.734634504637922,-2.1024375936745034,0,0,0,0,6.0,-8.0,44
Libya,620,124.0,LBY,102,1993,1,1,2,3,1.0,60.9943237305,-1.6448001762817133,-2.1108765310625035,0,0,0,0,7.0,-7.0,44
Libya,620,124.0,LBY,102,1993,1,1,2,3,1.0,59.7986030579,-1.9603802443703189,-5.339814925289957,0,0,0,0,7.0,-7.0,44
Libya,620,124.0,LBY,102,1994,1,1,2,3,1.0,59.8761558533,0.12968997841789065,-3.475490442234145,0,0,0,0,8.0,-6.0,44
Libya,620,124.0,LBY,102,1994,1,1,2,3,1.0,58.4469299316,-2.386970074033612,-4.217660339986043,0,0,0,0,8.0,-6.0,44
Libya,620,124.0,LBY,102,1995,1,1,2,3,1.0,60.4182891846,3.372904710832647,1.1156246152169222,0,0,0,0,9.0,-5.0,44
Libya,620,124.0,LBY,102,1995,1,1,2,3,1.0,59.1233329773,-2.1433182315762522,-1.1573835947772206,0,0,0,0,9.0,-5.0,44
Libya,620,124.0,LBY,102,1996,1,1,2,3,1.0,62.6861534119,6.026081844824138,7.2556683240805295,0,0,0,0,10.0,-4.0,44
Libya,620,124.0,LBY,102,1996,1,1,2,3,1.0,62.3060913086,-0.6062935474803743,3.276470065767508,0,0,0,0,10.0,-4.0,44
Libya,620,124.0,LBY,102,1997,1,1,2,3,1.0,62.411907196,0.1698323312818495,5.58962062862561,0,0,0,0,11.0,-3.0,44
Libya,620,124.0,LBY,102,1997,1,1,2,3,1.0,61.9404907227,-0.7553309848704948,-1.1917922010690236,0,0,0,0,11.0,-3.0,44
Libya,620,124.0,LBY,102,1998,1,1,2,3,1.0,57.7091407776,-6.831314856776382,-7.4168135103650314,0,0,0,0,12.0,-2.0,44
Libya,620,124.0,LBY,102,1998,1,1,2,3,1.0,55.6529312134,-3.5630569724200756,-11.149702814066956,0,0,0,0,12.0,-2.0,44
Libya,620,124.0,LBY,102,1999,1,1,2,3,1.0,61.994556427,11.394952746124321,1.000580916927861,0,0,0,0,13.0,-1.0,44
Libya,620,124.0,LBY,102,1999,1,1,2,3,1.0,61.7301902771,-0.4264344567273315,7.405461316976911,0,0,0,0,13.0,-1.0,44
Libya,620,124.0,LBY,102,2000,1,1,2,3,1.0,67.7441711426,9.74236566986737,20.710883959264358,0,0,1,1,14.0,0.0,44
Libya,620,124.0,LBY,102,2000,1,1,2,3,1.0,71.5604782104,5.633410230626001,14.949341443766036,0,0,0,0,14.0,0.0,44
Libya,620,124.0,LBY,102,2001,1,1,2,3,1.0,66.1397018433,-7.575098018716419,7.800677881776949,0,0,0,0,15.0,1.0,44
Libya,620,124.0,LBY,102,2001,1,1,2,3,1.0,68.9895248413,4.308793233982011,2.36710544589159,0,0,0,0,15.0,1.0,44
Libya,620,124.0,LBY,102,2002,1,1,2,3,1.0,66.6952209473,-3.3255829769485934,-6.5918877616830045,0,0,0,0,16.0,2.0,44
Libya,620,124.0,LBY,102,2002,1,1,2,3,1.0,69.724029541,4.5412678010216645,5.524478058055079,0,0,0,0,16.0,2.0,44
Libya,620,124.0,LBY,102,2003,1,1,2,3,1.0,68.939994812,-1.1244828134021723,0.09120201067089573,0,0,0,0,17.0,3.0,44
Libya,620,124.0,LBY,102,2003,1,1,2,3,1.0,72.6366424561,5.362123473001135,8.778908460620624,0,0,0,0,17.0,3.0,44
Libya,620,124.0,LBY,102,2004,1,1,2,3,1.0,73.2617874146,0.8606468269479972,5.0982874865469565,0,0,0,0,18.0,4.0,44
Libya,620,124.0,LBY,102,2004,1,1,2,3,1.0,77.5057830811,5.792918540852088,12.015688840801218,0,0,0,0,18.0,4.0,44
Libya,620,124.0,LBY,102,2005,1,1,2,3,1.0,81.7214279175,5.4391358538870005,12.092701221687083,0,0,0,0,19.0,5.0,44
Libya,620,124.0,LBY,102,2005,1,1,2,3,1.0,85.7440414429,4.922348553993627,16.154402948732713,0,0,0,0,19.0,5.0,44
Libya,620,124.0,LBY,102,2006,1,1,2,3,1.0,86.944732666,1.4003203055218405,11.761804713402464,0,0,0,0,20.0,6.0,44
Libya,620,124.0,LBY,102,2006,1,1,2,3,1.0,90.2328262329,3.7818203197326206,10.104489179248084,0,0,0,0,20.0,6.0,44
Libya,620,124.0,LBY,102,2007,1,1,2,3,1.0,89.413772583,-0.9077113996029951,4.274429225651462,0,0,0,0,21.0,7.0,44
Libya,620,124.0,LBY,102,2007,1,1,2,3,1.0,92.1577301025,3.068830942070888,5.94293986220051,0,0,0,0,21.0,7.0,44
Libya,620,124.0,LBY,102,2008,1,1,2,3,1.0,99.9929199219,8.501934466794614,10.663054009262503,0,0,0,0,22.0,8.0,44
Libya,620,124.0,LBY,102,2008,1,1,2,3,1.0,99.9927749634,-0.00014496876390435176,11.570620440101596,0,0,0,0,22.0,8.0,44
Libya,620,124.0,LBY,102,2009,1,1,2,3,1.0,81.2696456909,-18.724482123186547,-10.22269262515584,0,0,0,0,23.0,9.0,44
Libya,620,124.0,LBY,102,2009,1,1,2,3,1.0,86.6341705322,6.600896061123929,-12.123731030826523,0,0,0,0,23.0,9.0,44
Libya,620,124.0,LBY,102,2010,1,1,2,3,1.0,90.3194351196,4.2538233641081336,-7.869762697954485,0,0,0,0,24.0,10.0,44
Libya,620,124.0,LBY,102,2010,1,1,2,3,1.0,93.2486495972,3.2431718308702395,14.0978912561023,0,0,0,0,24.0,10.0,44
Libya,620,124.0,LBY,102,2011,2,2,3,3,2.0,100.4634933472,7.737209901875763,15.234205096854136,0,0,0,0,25.0,11.0,44
Libya,620,124.0,LBY,102,2011,2,2,3,3,2.0,100.4483566284,-0.015066884791359314,10.965314847954645,0,0,0,0,25.0,11.0,44
Libya,620,124.0,LBY,102,2012,2,3,3,3,2.0,100.0,-0.44635536453688784,7.275787652547516,0,0,0,0,26.0,12.0,44
Libya,620,124.0,LBY,102,2012,2,3,3,3,2.0,100.0,0.0,-0.46142224932824716,0,0,0,0,26.0,12.0,44
Libya,620,124.0,LBY,102,2013,2,2,3,2,2.0,100.9135971069,0.9135971068999993,0.46724174236311145,0,0,0,0,27.0,13.0,44
Libya,620,124.0,LBY,102,2013,2,2,3,2,2.0,100.7098083496,-0.20194380454412464,0.7116533023558747,0,0,0,0,27.0,13.0,44
Libya,620,124.0,LBY,102,2014,2,2,2,2,2.0,98.6170272827,-2.078031029147831,-1.3663777267919563,0,0,0,0,28.0,14.0,44
Libya,620,124.0,LBY,102,2014,2,2,2,2,2.0,98.4320220947,-0.1875996398366886,-2.4675744735286442,0,0,0,0,28.0,14.0,44
Libya,620,124.0,LBY,102,2015,2,2,2,2,1.0,80.1761398315,-18.54669026877889,-20.81232093776341,1,1,0,0,29.0,15.0,44
Libya,620,124.0,LBY,102,2015,2,2,2,2,1.0,80.9413299561,0.9543863376412887,-17.77990357097429,0,0,0,0,29.0,15.0,44
Libya,620,124.0,LBY,102,2016,2,2,2,2,1.0,77.7977371216,-3.8837919221305084,-21.47609585326811,1,1,0,0,30.0,16.0,44
Libya,620,124.0,LBY,102,2016,2,2,2,2,1.0,77.8962173462,0.1265849473823133,-2.8028206371069064,0,0,0,0,30.0,16.0,44
Libya,620,124.0,LBY,102,2017,2,2,2,2,1.0,80.9271240234,3.8909548890281975,0.13374791428000243,0,0,0,0,31.0,17.0,44
Libya,620,124.0,LBY,102,2017,2,2,2,2,1.0,83.1393737793,2.733631996189967,6.751171832600478,0,0,0,0,31.0,17.0,44
Libya,620,124.0,LBY,102,2018,2,2,2,2,1.0,84.8547744751,2.063283156731077,8.687870041949243,0,0,0,0,32.0,18.0,44
Libya,620,124.0,LBY,102,2018,2,2,2,2,1.0,89.8002471924,5.82816081698645,10.625075969907494,0,0,0,0,32.0,18.0,44
Libya,620,124.0,LBY,102,2019,2,2,2,2,1.0,81.6670837402,-9.056949960031202,-1.1655059863136756,0,0,0,0,33.0,19.0,44
Libya,620,124.0,LBY,102,2019,2,2,2,2,1.0,86.1650772095,5.507718977218601,2.278929834173848,0,0,0,0,33.0,19.0,44
Libya,620,124.0,LBY,102,2020,2,2,2,2,1.0,76.3921356201,-11.342114352939369,-14.891345335751971,0,0,0,0,34.0,20.0,44
Libya,620,124.0,LBY,102,2020,2,2,2,2,1.0,76.8955078125,0.6589319545970973,-5.175463421123672,0,0,0,0,34.0,20.0,44
Libya,620,124.0,LBY,102,2021,2,2,2,2,1.0,86.4421310425,12.415059737011202,1.7318773386689301,0,0,0,0,35.0,21.0,44
Libya,620,124.0,LBY,102,2021,2,2,2,2,1.0,89.6440505981,3.704119180062504,16.778110871670805,0,0,0,0,35.0,21.0,44
Libya,620,124.0,LBY,102,2022,2,2,2,2,1.0,92.1802825928,2.829225116199474,18.948404033273178,0,0,0,0,36.0,22.0,44
Libya,620,124.0,LBY,102,2022,2,2,2,2,1.0,97.161239624,5.403495076276821,11.936839372538799,0,0,0,0,36.0,22.0,44
Libya,620,124.0,LBY,102,2023,1,2,2,2,1.0,86.120513916,-11.363302640771188,-3.130582448294893,0,0,0,0,37.0,23.0,44
Libya,620,124.0,LBY,102,2023,1,2,2,2,1.0,91.2632904053,5.971604505653727,0.011796941159359697,0,0,0,0,37.0,23.0,44
Libya,620,124.0,LBY,102,2024,1,2,2,2,1.0,85.1201248169,-6.7312558654396675,-12.12295400055713,0,0,0,0,38.0,24.0,44
Libya,620,124.0,LBY,102,2024,1,2,2,2,1.0,90.2210922241,5.992669087566038,5.233017727780098,0,0,0,0,38.0,24.0,44
Luxembourg,212,174.0,LUX,105,1999,4,4,4,4,4.0,99.1357192993,,,0,0,0,0,,,45
Luxembourg,212,174.0,LUX,105,1999,4,4,4,4,4.0,98.8197479248,-0.31872606234495393,-0.31872606234495393,0,0,0,0,,,45
Luxembourg,212,174.0,LUX,105,2000,4,4,4,4,4.0,99.3311462402,0.5175061929819647,0.19878013063701072,0,0,0,0,,,45
Luxembourg,212,174.0,LUX,105,2000,4,4,4,4,4.0,99.0060577393,-0.327277508822732,-0.12849737818572127,0,0,0,0,,,45
Luxembourg,212,174.0,LUX,105,2001,4,4,4,4,4.0,99.2056884766,0.2016348715001559,0.3918635556593886,0,0,0,0,,,45
Luxembourg,212,174.0,LUX,105,2001,4,4,4,4,4.0,98.8906936646,-0.31751688520795796,-0.44315952253053403,0,0,0,0,,,45
Luxembourg,212,174.0,LUX,105,2002,4,4,4,4,4.0,99.1796035767,0.29215075897828235,0.1762687452704803,0,0,0,0,,,45
Luxembourg,212,174.0,LUX,105,2002,4,4,4,4,4.0,98.9125595093,-0.269253009459236,-0.2946191356889116,0,0,0,0,,,45
Luxembourg,212,174.0,LUX,105,2003,4,4,4,4,4.0,99.2685775757,0.35993211394607094,0.38282986346511727,0,0,0,0,,,45
Luxembourg,212,174.0,LUX,105,2003,4,4,4,4,4.0,99.0415725708,-0.22867760417628613,-0.13799849968945122,0,0,0,0,,,45
Luxembourg,212,174.0,LUX,105,2004,4,4,4,4,4.0,99.5638198853,0.5273011130014993,0.6585556227712841,0,0,0,0,,,45
Luxembourg,212,174.0,LUX,105,2004,4,4,4,4,4.0,99.3507766724,-0.21397653600015998,0.08464697282505318,0,0,0,0,,,45
Luxembourg,212,174.0,LUX,105,2005,4,4,4,4,4.0,99.8051452637,0.45733773455867155,0.7706623115600109,0,0,0,0,,,45
Luxembourg,212,174.0,LUX,105,2005,4,4,4,4,4.0,99.5899124146,-0.21565305930002499,0.027708139258486586,0,0,0,0,,,45
Luxembourg,212,174.0,LUX,105,2006,4,4,4,4,4.0,100.365234375,0.778514551927989,1.0201992271866356,0,0,0,0,,,45
Luxembourg,212,174.0,LUX,105,2006,4,4,4,4,4.0,100.1733398438,-0.19119621689221988,0.37166527573574415,0,0,0,0,,,45
Luxembourg,212,174.0,LUX,105,2007,4,4,4,4,4.0,100.3933105469,0.21959006602256803,0.8069084010583372,0,0,0,0,,,45
Luxembourg,212,174.0,LUX,105,2007,4,4,4,4,4.0,100.2068634033,-0.18571670023063147,-0.15732285110028332,0,0,0,0,,,45
Luxembourg,212,174.0,LUX,105,2008,4,4,4,4,4.0,100.3595657349,0.15238709846192577,0.18626046425386233,0,0,0,0,,,45
Luxembourg,212,174.0,LUX,105,2008,4,4,4,4,4.0,100.1819000244,-0.17702917424863296,-0.21035877601733866,0,0,0,0,,,45
Luxembourg,212,174.0,LUX,105,2009,4,4,4,4,4.0,99.6861038208,-0.4948959876776571,-0.5195380634643643,0,0,0,0,,,45
Luxembourg,212,174.0,LUX,105,2009,4,4,4,4,4.0,99.5844650269,-0.10195883879934309,-0.7738840007256331,0,0,0,0,,,45
Luxembourg,212,174.0,LUX,105,2010,4,4,4,4,4.0,100.2419891357,0.6602677522265843,0.06341292574958413,0,0,0,0,,,45
Luxembourg,212,174.0,LUX,105,2010,4,4,4,4,4.0,100.1720046997,-0.0698154900989234,0.4884934233283178,0,0,0,0,,,45
Luxembourg,212,174.0,LUX,105,2011,4,4,4,4,4.0,100.4479293823,0.2754508941167577,0.8659031562444186,0,0,0,0,,,45
Luxembourg,212,174.0,LUX,105,2011,4,4,4,4,4.0,100.382019043,-0.0656164240570356,0.1400189799607987,0,0,0,0,,,45
Luxembourg,212,174.0,LUX,105,2012,4,4,4,4,4.0,100.0,-0.38056521142133537,-0.17073074136161326,0,0,0,0,,,45
Luxembourg,212,174.0,LUX,105,2012,4,4,4,4,4.0,100.0,0.0,-0.446181635478371,0,0,0,0,,,45
Luxembourg,212,174.0,LUX,105,2013,4,4,4,4,4.0,99.8421173096,-0.1578826904000019,-0.5384479018213373,0,0,0,0,,,45
Luxembourg,212,174.0,LUX,105,2013,4,4,4,4,4.0,99.9139556885,0.07195197861964431,-0.0859307117803576,0,0,0,0,,,45
Luxembourg,212,174.0,LUX,105,2014,4,4,4,4,4.0,99.6510620117,-0.2631200766583741,-0.3490507884387317,0,0,0,0,,,45
Luxembourg,212,174.0,LUX,105,2014,4,4,4,4,4.0,99.8507385254,0.20037570063884402,0.009207602600114217,0,0,0,0,,,45
Luxembourg,212,174.0,LUX,105,2015,4,4,4,4,4.0,99.3878936768,-0.46353673035904874,-0.5262811063785788,0,0,0,0,,,45
Luxembourg,212,174.0,LUX,105,2015,4,4,4,4,4.0,99.5517959595,0.1649117177520587,-0.09824931196814601,0,0,0,0,,,45
Luxembourg,212,174.0,LUX,105,2016,4,4,4,4,4.0,99.4156723022,-0.13673651588905766,-0.4353615284960477,0,0,0,0,,,45
Luxembourg,212,174.0,LUX,105,2016,4,4,4,4,4.0,99.5735702515,0.15882601368930604,0.1870012155523071,0,0,0,0,,,45
Luxembourg,212,174.0,LUX,105,2017,4,4,4,4,4.0,99.6899337769,0.11686185913200031,0.1389513569322487,0,0,0,0,,,45
Luxembourg,212,174.0,LUX,105,2017,4,4,4,4,4.0,99.9265518188,0.23735399647222266,0.513041869293529,0,0,0,0,,,45
Luxembourg,212,174.0,LUX,105,2018,4,4,4,4,4.0,99.657951355,-0.2687978909620137,0.0854179646422093,0,0,0,0,,,45
Luxembourg,212,174.0,LUX,105,2018,4,4,4,4,4.0,99.9427032471,0.2857292250426413,0.2542853305528503,0,0,0,0,,,45
Luxembourg,212,174.0,LUX,105,2019,4,4,4,4,4.0,99.5258178711,-0.4171243747222664,-0.40019304064163874,0,0,0,0,,,45
Luxembourg,212,174.0,LUX,105,2019,4,4,4,4,4.0,99.7634735107,0.2387879292866435,0.10739277960701843,0,0,0,0,,,45
Luxembourg,212,174.0,LUX,105,2020,4,4,4,3,4.0,99.5708465576,-0.19308364707182335,-0.37142009250744623,0,0,0,0,,,45
Luxembourg,212,174.0,LUX,105,2020,4,4,4,3,4.0,99.8048858643,0.23504802338363273,0.2807523055984529,0,0,0,0,,,45
Luxembourg,212,174.0,LUX,105,2021,4,4,4,3,4.0,99.9744796753,0.1699253593963279,0.2118897357081373,0,0,0,0,,,45
Luxembourg,212,174.0,LUX,105,2021,4,4,4,3,4.0,100.3531494141,0.3787664012154357,0.7837397839953963,0,0,0,0,,,45
Luxembourg,212,174.0,LUX,105,2022,4,4,4,4,4.0,99.8770217896,-0.47445209968977053,0.07423966092199308,0,0,0,0,,,45
Luxembourg,212,174.0,LUX,105,2022,4,4,4,4,4.0,100.232131958,0.3555474142471704,0.25986171577283557,0,0,0,0,,,45
Luxembourg,212,174.0,LUX,105,2023,4,4,4,4,4.0,99.6678924561,-0.5629327550734198,-0.6818374405160199,0,0,0,0,,,45
Luxembourg,212,174.0,LUX,105,2023,4,4,4,4,4.0,99.9821548462,0.3153095569251807,0.10792421609893132,0,0,0,0,,,45
Luxembourg,212,174.0,LUX,105,2024,4,4,4,4,4.0,99.8345031738,-0.14767802577082545,-0.3953012239190645,0,0,0,0,,,45
Luxembourg,212,174.0,LUX,105,2024,4,4,4,4,4.0,100.1286773682,0.29466185041044923,0.4622933815648045,0,0,0,0,,,45
Mexico,70,3.0,MEX,116,1975,2,3,3,3,2.0,103.5252304077,,,0,0,0,0,,,46
Mexico,70,3.0,MEX,116,1975,2,3,3,3,2.0,95.8438491821,-7.419815628856274,-7.419815628856274,0,0,0,0,,,46
Mexico,70,3.0,MEX,116,1976,2,3,3,3,2.0,103.7181854248,8.21579716371681,0.7959815348605348,0,0,0,0,,,46
Mexico,70,3.0,MEX,116,1976,2,3,3,3,2.0,96.2889633179,-7.1628924826172335,-6.366910947756699,0,0,0,0,,,46
Mexico,70,3.0,MEX,116,1977,2,3,3,3,2.0,103.7756729126,7.775252050416692,8.828156731516268,0,0,0,0,,,46
Mexico,70,3.0,MEX,116,1977,2,3,3,3,2.0,96.5129852295,-6.99844913481471,-6.386089567015252,0,0,0,0,,,46
Mexico,70,3.0,MEX,116,1978,2,3,3,3,2.0,103.50340271,7.242981308553831,8.019784224155813,0,0,0,0,,,46
Mexico,70,3.0,MEX,116,1978,2,3,3,3,2.0,96.1251983643,-7.128465492455883,-6.883933318716762,0,0,0,0,,,46
Mexico,70,3.0,MEX,116,1979,2,3,3,3,2.0,104.147819519,8.346012586934236,8.460528403032185,0,0,0,0,,,46
Mexico,70,3.0,MEX,116,1979,2,3,3,3,2.0,98.1377563477,-5.770704753164379,-4.5531576586860245,0,0,0,0,,,46
Mexico,70,3.0,MEX,116,1980,2,3,3,3,2.0,104.0830078125,6.058067441175341,8.633375274945198,0,0,0,0,,,46
Mexico,70,3.0,MEX,116,1980,2,3,3,3,2.0,98.4075088501,-5.452858330750887,-5.165495642739924,0,0,0,0,,,46
Mexico,70,3.0,MEX,116,1981,2,3,3,3,2.0,103.6643981934,5.341959576791644,5.947168687216099,0,0,0,0,,,46
Mexico,70,3.0,MEX,116,1981,2,3,3,3,2.0,97.9702377319,-5.492879484890056,-5.603778238849299,0,0,0,0,,,46
Mexico,70,3.0,MEX,116,1982,2,3,3,3,2.0,103.5021209717,5.646493637116867,5.495573729018456,0,0,0,0,,,46
Mexico,70,3.0,MEX,116,1982,2,3,3,3,2.0,97.7616271973,-5.546257139957145,-5.3926429877303335,0,0,0,0,,,46
Mexico,70,3.0,MEX,116,1983,2,3,3,3,2.0,103.0621261597,5.4218604112456825,5.5220969084054055,0,0,0,0,,,46
Mexico,70,3.0,MEX,116,1983,2,3,3,3,2.0,97.5039978027,-5.392988252917852,-5.517384981629314,0,0,0,0,,,46
Mexico,70,3.0,MEX,116,1984,2,3,3,3,2.0,102.7355651855,5.365490134451822,5.394362292779654,0,0,0,0,,,46
Mexico,70,3.0,MEX,116,1984,2,3,3,3,2.0,97.3218383789,-5.26957417017655,-5.297072288642578,0,0,0,0,,,46
Mexico,70,3.0,MEX,116,1985,2,3,3,3,2.0,102.4853057861,5.305558848053438,5.401474812328711,0,0,0,0,,,46
Mexico,70,3.0,MEX,116,1985,2,3,3,3,2.0,97.1959838867,-5.161053927515702,-5.1250692496388135,0,0,0,0,,,46
Mexico,70,3.0,MEX,116,1986,2,3,3,3,2.0,97.2154083252,0.01998481595972823,0.16448973649746446,0,0,0,0,,,46
Mexico,70,3.0,MEX,116,1986,2,3,3,3,2.0,94.872795105,-2.4097139132138623,-7.550783024769835,0,0,0,0,,,46
Mexico,70,3.0,MEX,116,1987,2,3,3,3,2.0,97.8333511353,3.1205531860038827,0.7308240887497495,0,0,0,0,,,46
Mexico,70,3.0,MEX,116,1987,2,3,3,3,2.0,95.2797164917,-2.6101882578553615,-1.8993489850653402,0,0,0,0,,,46
Mexico,70,3.0,MEX,116,1988,2,3,3,4,2.0,96.312538147,1.0839890097594562,1.5943539379079783,0,0,0,0,,,46
Mexico,70,3.0,MEX,116,1988,2,3,3,4,2.0,94.3238449097,-2.0648331728779667,-3.591032420973871,0,0,0,0,,,46
Mexico,70,3.0,MEX,116,1989,2,3,3,4,2.0,96.8529663086,2.681317116919102,1.7004729538005923,0,0,0,0,,,46
Mexico,70,3.0,MEX,116,1989,2,3,3,4,2.0,94.8399047852,-2.078471728977127,-1.461987784935991,0,0,0,0,,,46
Mexico,70,3.0,MEX,116,1990,3,3,3,4,2.0,97.5349121094,2.841638580620498,3.4444839685624737,0,0,0,0,,,46
Mexico,70,3.0,MEX,116,1990,3,3,3,4,2.0,95.5172958374,-2.068609309594638,-1.305442457951266,0,0,0,0,,,46
Mexico,70,3.0,MEX,116,1991,3,3,3,4,2.0,96.8135147095,1.3570514750611995,2.1300807460870606,0,0,0,0,,,46
Mexico,70,3.0,MEX,116,1991,3,3,3,4,2.0,94.7545318604,-2.1267514719181646,-2.838309306451602,0,0,0,0,,,46
Mexico,70,3.0,MEX,116,1992,3,3,3,4,2.0,96.7361907959,2.0913605888735143,1.32166059201655,0,0,0,0,,,46
Mexico,70,3.0,MEX,116,1992,3,3,3,4,2.0,94.6767730713,-2.1289009910934853,-2.1642918741381347,0,0,0,0,,,46
Mexico,70,3.0,MEX,116,1993,3,4,3,4,2.0,96.4630508423,1.8867117171967651,1.849171314976795,0,0,0,0,,,46
Mexico,70,3.0,MEX,116,1993,3,4,3,4,2.0,94.288482666,-2.254301680604154,-2.496490954500873,0,0,0,0,,,46
Mexico,70,3.0,MEX,116,1994,3,4,3,4,2.0,96.4302825928,2.2715392869211204,1.9039493235137326,0,0,0,0,,,46
Mexico,70,3.0,MEX,116,1994,3,4,3,4,2.0,94.2145385742,-2.2977678370564414,-2.280530230739474,0,0,0,0,,,46
Mexico,70,3.0,MEX,116,1995,3,4,3,4,2.0,96.4926681519,2.418023388084456,2.391794837949136,0,0,0,0,,,46
Mexico,70,3.0,MEX,116,1995,3,4,3,4,2.0,94.3665161133,-2.2034337730748588,-2.0831782220468433,0,0,0,0,,,46
Mexico,70,3.0,MEX,116,1996,3,4,3,4,2.0,96.627784729,2.3962616284202376,2.6108512434298357,0,0,0,0,,,46
Mexico,70,3.0,MEX,116,1996,3,4,3,4,2.0,94.771156311,-1.9214229356567136,-1.728595080311334,0,0,0,0,,,46
Mexico,70,3.0,MEX,116,1997,3,4,3,4,2.0,96.6676483154,2.001127851786988,2.475966544550513,0,0,0,0,,,46
Mexico,70,3.0,MEX,116,1997,3,4,3,4,2.0,94.7708740234,-1.962160376356059,-1.882455460225784,0,0,0,0,,,46
Mexico,70,3.0,MEX,116,1998,3,4,3,4,2.0,95.8321838379,1.1198691849543918,1.1588366603853215,0,0,0,0,,,46
Mexico,70,3.0,MEX,116,1998,3,4,3,4,2.0,93.6197052002,-2.3087010533354935,-3.15099224473716,0,0,0,0,,,46
Mexico,70,3.0,MEX,116,1999,3,4,3,3,2.0,96.3723220825,2.9402110126427905,1.7513791442616897,0,0,0,0,,,46
Mexico,70,3.0,MEX,116,1999,3,4,3,3,2.0,94.6008148193,-1.8381909088830528,-1.206680949575755,0,0,0,0,,,46
Mexico,70,3.0,MEX,116,2000,3,4,3,3,3.0,97.0720291138,2.612254766748401,3.7142748705081394,0,0,0,0,,,46
Mexico,70,3.0,MEX,116,2000,3,4,3,3,3.0,96.0654296875,-1.0369613528114607,-0.2628974949461118,0,0,0,0,,,46
Mexico,70,3.0,MEX,116,2001,3,4,3,4,3.0,96.843421936,0.8098566269164609,2.385150040853402,0,0,0,0,,,46
Mexico,70,3.0,MEX,116,2001,3,4,3,4,3.0,95.6372451782,-1.2454916747955402,-1.4725964006905392,0,0,0,0,,,46
Mexico,70,3.0,MEX,116,2002,3,4,3,4,3.0,96.9087905884,1.3295504359527754,0.893915388073697,0,0,0,0,,,46
Mexico,70,3.0,MEX,116,2002,3,4,3,4,3.0,95.7552947998,-1.1902901497339191,-1.106231388576683,0,0,0,0,,,46
Mexico,70,3.0,MEX,116,2003,3,4,3,4,3.0,97.1415176392,1.4476722590622826,1.5869325452811398,0,0,0,0,,,46
Mexico,70,3.0,MEX,116,2003,3,4,3,4,3.0,96.1955490112,-0.9738046625063945,-0.7164225531780302,0,0,0,0,,,46
Mexico,70,3.0,MEX,116,2004,3,4,3,4,2.0,97.5686721802,1.4274290059305361,1.901296602486425,0,0,0,0,,,46
Mexico,70,3.0,MEX,116,2004,3,4,3,4,2.0,96.9658508301,-0.6178431423014996,-0.16421879887735713,0,0,0,0,,,46
Mexico,70,3.0,MEX,116,2005,3,4,3,4,2.0,98.3228988647,1.3995112949380273,2.2090971585670647,0,0,0,0,,,46
Mexico,70,3.0,MEX,116,2005,3,4,3,4,2.0,98.0941619873,-0.23263845964789365,0.5490296929886349,0,0,0,0,,,46
Mexico,70,3.0,MEX,116,2006,3,4,3,4,2.0,98.9200286865,0.8419121815903097,2.008785016880444,0,0,0,0,,,46
Mexico,70,3.0,MEX,116,2006,3,4,3,4,2.0,98.8362884521,-0.08465447848320373,0.5246192434592132,0,0,0,0,,,46
Mexico,70,3.0,MEX,116,2007,3,3,3,4,2.0,99.1423034668,0.30961807600484725,1.066875779111954,0,0,0,0,,,46
Mexico,70,3.0,MEX,116,2007,3,3,3,4,2.0,99.0863876343,-0.05639956965366455,0.16856402786797986,0,0,0,0,,,46
Mexico,70,3.0,MEX,116,2008,3,3,3,4,2.0,100.0040206909,0.9260939655876266,1.1793124719388102,0,0,0,0,,,46
Mexico,70,3.0,MEX,116,2008,3,3,3,4,2.0,99.905166626,-0.0988500904434142,0.7708443054905487,0,0,0,0,,,46
Mexico,70,3.0,MEX,116,2009,3,4,3,3,2.0,98.1787490845,-1.7280563156087059,-0.9008124404644926,0,0,0,0,,,46
Mexico,70,3.0,MEX,116,2009,3,4,3,3,2.0,98.3225097656,0.1464274931597176,-1.6804789128924016,0,0,0,0,,,46
Mexico,70,3.0,MEX,116,2010,3,4,3,3,2.0,99.2499694824,0.9432832003689162,-0.6383456220800712,0,0,0,0,,,46
Mexico,70,3.0,MEX,116,2010,3,4,3,3,2.0,99.2889251709,0.03925007604854702,1.1289607695771817,0,0,0,0,,,46
Mexico,70,3.0,MEX,116,2011,3,4,3,3,2.0,100.1994628906,0.9170586932356839,1.899591969653148,0,0,0,0,,,46
Mexico,70,3.0,MEX,116,2011,3,4,3,3,2.0,100.1738204956,-0.025591349754039427,0.9307174195301924,0,0,0,0,,,46
Mexico,70,3.0,MEX,116,2012,3,4,3,3,2.0,100.0,-0.17351888421549555,0.7179484592661498,0,0,0,0,,,46
Mexico,70,3.0,MEX,116,2012,3,4,3,3,2.0,100.0,0.0,-0.1991102339695341,0,0,0,0,,,46
Mexico,70,3.0,MEX,116,2013,3,4,3,3,2.0,100.0706939697,0.07069396970000863,-0.10282491451548603,0,0,0,0,,,46
Mexico,70,3.0,MEX,116,2013,3,4,3,3,2.0,100.0693664551,-0.0013265767902170822,0.06936739290979244,0,0,0,0,,,46
Mexico,70,3.0,MEX,116,2014,3,4,3,3,2.0,99.7704391479,-0.2987200956589553,-0.22935270274916286,0,0,0,0,,,46
Mexico,70,3.0,MEX,116,2014,3,4,3,3,2.0,99.8665161133,0.09629802797355147,-0.20374864447562002,0,0,0,0,,,46
Mexico,70,3.0,MEX,116,2015,3,4,3,3,2.0,97.443611145,-2.426143478912557,-2.62856554659796,0,0,0,0,,,46
Mexico,70,3.0,MEX,116,2015,3,4,3,3,2.0,97.7102279663,0.27361139244239663,-2.056234058496608,0,0,0,0,,,46
Mexico,70,3.0,MEX,116,2016,3,4,3,3,2.0,97.1774368286,-0.545276731811295,-2.6978088182814544,0,0,0,0,,,46
Mexico,70,3.0,MEX,116,2016,3,4,3,3,2.0,97.3653717041,0.1933935300552081,-0.07827180931368938,0,0,0,0,,,46
Mexico,70,3.0,MEX,116,2017,3,4,3,3,2.0,97.8604431152,0.5084676435114455,0.15658444175535946,0,0,0,0,,,46
Mexico,70,3.0,MEX,116,2017,3,4,3,3,2.0,98.1191940308,0.26440807681138434,0.9662692503780388,0,0,0,0,,,46
Mexico,70,3.0,MEX,116,2018,3,4,3,3,2.0,98.4862518311,0.37409377841484126,1.146969498737672,0,0,0,0,,,46
Mexico,70,3.0,MEX,116,2018,3,4,3,3,2.0,98.8764724731,0.39621839063304076,1.0347202458592673,0,0,0,0,,,46
Mexico,70,3.0,MEX,116,2019,3,4,3,3,2.0,98.1056137085,-0.7796179872918807,-0.009305818243997788,0,0,0,0,,,46
Mexico,70,3.0,MEX,116,2019,3,4,3,3,2.0,98.4256973267,0.32626432484390566,-0.057135271814933386,0,0,0,0,,,46
Mexico,70,3.0,MEX,116,2020,3,4,3,2,2.0,97.1390151978,-1.307262395743225,-1.7606160581911992,0,0,0,0,,,46
Mexico,70,3.0,MEX,116,2020,3,4,3,2,2.0,97.2627716064,0.12740134162156913,-0.8535967292777493,0,0,0,0,,,46
Mexico,70,3.0,MEX,116,2021,3,4,4,2,2.0,98.5870513916,1.3615484766967834,0.18168742257512838,0,0,0,0,,,46
Mexico,70,3.0,MEX,116,2021,3,4,4,2,2.0,98.9273147583,0.3451400177782338,1.8340898360965872,0,0,0,0,,,46
Mexico,70,3.0,MEX,116,2022,3,4,4,3,2.0,99.1932373047,0.26880598856817706,1.975494483043195,0,0,0,0,,,46
Mexico,70,3.0,MEX,116,2022,3,4,4,3,2.0,99.7141113281,0.5251104183644939,1.1390564247109056,0,0,0,0,,,46
Mexico,70,3.0,MEX,116,2023,3,4,4,3,2.0,98.707572937,-1.0094242205981097,-0.2155078136654378,0,0,0,0,,,46
Mexico,70,3.0,MEX,116,2023,3,4,4,3,2.0,99.0791549683,0.3764473385817757,-0.10786646365183916,0,0,0,0,,,46
Mexico,70,3.0,MEX,116,2024,3,4,4,3,2.0,98.6555252075,-0.42756699018631217,-1.0605438722026452,0,0,0,0,,,46
Mexico,70,3.0,MEX,116,2024,3,4,4,3,2.0,99.0419082642,0.3916486744024894,0.34052902279795383,0,0,0,0,,,46
Mali,432,28.0,MLI,111,1975,1,1,3,2,1.0,107.5581054688,,,0,0,0,0,,,47
Mali,432,28.0,MLI,111,1975,1,1,3,2,1.0,102.8943405151,-4.336042303248677,-4.336042303248677,0,0,0,0,,,47
Mali,432,28.0,MLI,111,1976,1,1,3,2,1.0,108.4337921143,5.3836309863777965,1.0475886831291197,0,0,0,0,,,47
Mali,432,28.0,MLI,111,1976,1,1,3,2,1.0,104.9928970337,-3.173268234475246,-2.1256795513461264,0,0,0,0,,,47
Mali,432,28.0,MLI,111,1977,1,1,3,2,1.0,108.2015686035,3.0560844213776583,5.266447173280209,0,0,0,0,,,47
Mali,432,28.0,MLI,111,1977,1,1,3,2,1.0,104.2786407471,-3.625573923771286,-3.7427577368688736,0,0,0,0,,,47
Mali,432,28.0,MLI,111,1978,1,1,3,2,1.0,108.0169525146,3.5849256767416904,3.015436174348063,0,0,0,0,,,47
Mali,432,28.0,MLI,111,1978,1,1,3,2,1.0,104.041343689,-3.68054155671782,-3.7211898037474156,0,0,0,0,,,47
Mali,432,28.0,MLI,111,1979,1,1,3,2,1.0,107.6106033325,3.430616634642103,3.3350007546659732,0,0,0,0,,,47
Mali,432,28.0,MLI,111,1979,1,1,3,2,1.0,103.9509048462,-3.4008716362198044,-3.6507965582955215,0,0,0,0,,,47
Mali,432,28.0,MLI,111,1980,1,1,3,2,1.0,107.6921691895,3.5990685687973256,3.6288135672196242,0,0,0,0,,,47
Mali,432,28.0,MLI,111,1980,1,1,3,2,1.0,103.8964080811,-3.5246398479733543,-3.326442915395833,0,0,0,0,,,47
Mali,432,28.0,MLI,111,1981,1,1,3,2,1.0,106.6411590576,2.6418150802263396,2.716243801050311,0,0,0,0,,,47
Mali,432,28.0,MLI,111,1981,1,1,3,2,1.0,102.7947311401,-3.606888701783939,-4.489713469530954,0,0,0,0,,,47
Mali,432,28.0,MLI,111,1982,1,1,3,2,1.0,105.7861785889,2.9101174891181136,1.9450438675605142,0,0,0,0,,,47
Mali,432,28.0,MLI,111,1982,1,1,3,2,1.0,102.1200942993,-3.465560755197439,-4.162331967863264,0,0,0,0,,,47
Mali,432,28.0,MLI,111,1983,1,1,3,2,1.0,106.9170761108,4.6973926575515135,4.141949391472188,0,0,0,0,,,47
Mali,432,28.0,MLI,111,1983,1,1,3,2,1.0,102.8727264404,-3.782697598472262,-2.5508656961181875,0,0,0,0,,,47
Mali,432,28.0,MLI,111,1984,1,1,3,2,1.0,106.2678222656,3.300287590965101,4.214982650044352,0,0,0,0,,,47
Mali,432,28.0,MLI,111,1984,1,1,3,2,1.0,102.5387649536,-3.5091123846311745,-3.991522392138336,0,0,0,0,,,47
Mali,432,28.0,MLI,111,1985,1,1,3,2,1.0,103.4727172852,0.910828535942132,0.7020037422760583,0,0,0,0,,,47
Mali,432,28.0,MLI,111,1985,1,1,3,2,1.0,100.9334487915,-2.4540464001743256,-5.052330248863369,0,0,0,0,,,47
Mali,432,28.0,MLI,111,1986,1,1,3,2,1.0,101.0379104614,0.10349559155140575,-1.439722272680788,0,0,0,0,,,47
Mali,432,28.0,MLI,111,1986,1,1,3,2,1.0,99.3897628784,-1.6312170109947455,-3.9817678196176653,0,0,0,0,,,47
Mali,432,28.0,MLI,111,1987,1,1,3,2,1.0,103.5248947144,4.160520878854679,2.632799459411339,0,0,0,0,,,47
Mali,432,28.0,MLI,111,1987,1,1,3,2,1.0,101.1602554321,-2.284126237291495,0.24517763056843833,0,0,0,0,,,47
Mali,432,28.0,MLI,111,1988,1,1,3,2,1.0,101.8756027222,0.7071426293304928,2.5835372708936766,0,0,0,0,,,47
Mali,432,28.0,MLI,111,1988,1,1,3,2,1.0,99.7023391724,-2.133252213217496,-3.710235821178498,0,0,0,0,,,47
Mali,432,28.0,MLI,111,1989,1,1,3,2,1.0,102.6574249268,2.9639081479224227,1.5377985640354197,0,0,0,0,,,47
Mali,432,28.0,MLI,111,1989,1,1,3,2,1.0,100.488861084,-2.1124276635092865,-1.2817717288043595,0,0,0,0,,,47
Mali,432,28.0,MLI,111,1990,2,1,3,3,1.0,103.0173187256,2.5161571285860607,3.367637612999197,0,0,0,0,,,47
Mali,432,28.0,MLI,111,1990,2,1,3,3,1.0,100.8982391357,-2.057012952884607,-1.6532834878078329,0,0,0,0,,,47
Mali,432,28.0,MLI,111,1991,4,3,3,3,1.0,102.2566986084,1.3463658873897666,1.8055100630912202,0,0,0,0,,,47
Mali,432,28.0,MLI,111,1991,4,3,3,3,1.0,100.1813583374,-2.0295396773444385,-2.740186742839279,0,0,0,0,,,47
Mali,432,28.0,MLI,111,1992,3,3,4,3,2.0,100.382774353,0.20105139213790757,-0.48212239781676436,0,0,0,0,,,47
Mali,432,28.0,MLI,111,1992,3,3,4,3,2.0,98.6912994385,-1.6850250706877956,-3.5135133558943266,0,0,0,0,,,47
Mali,432,28.0,MLI,111,1993,3,3,3,3,2.0,100.7015228271,2.0368800492415184,0.5529063706916304,0,0,0,0,,,47
Mali,432,28.0,MLI,111,1993,3,3,3,3,2.0,98.8430404663,-1.845535507929652,-1.4936805293759292,0,0,0,0,,,47
Mali,432,28.0,MLI,111,1994,3,3,4,3,2.0,102.2289276123,3.425519014820666,3.6168635561325324,0,0,0,0,,,47
Mali,432,28.0,MLI,111,1994,3,3,4,3,2.0,100.2911148071,-1.895562098185255,-0.31557859129424104,0,0,0,0,,,47
Mali,432,28.0,MLI,111,1995,3,3,4,3,2.0,102.5327606201,2.2351389924337717,3.7650959090691827,0,0,0,0,,,47
Mali,432,28.0,MLI,111,1995,3,3,4,3,2.0,100.8268432617,-1.6637778482534893,-1.3242009540049726,0,0,0,0,,,47
Mali,432,28.0,MLI,111,1996,3,3,4,3,2.0,101.3387985229,0.5077569074251498,1.0791180516054322,0,0,0,0,,,47
Mali,432,28.0,MLI,111,1996,3,3,4,3,2.0,99.7652893066,-1.5527214050642613,-2.7087423458926008,0,0,0,0,,,47
Mali,432,28.0,MLI,111,1997,3,3,4,3,2.0,101.6626815796,1.901856132716584,0.8568916350774725,0,0,0,0,,,47
Mali,432,28.0,MLI,111,1997,3,3,4,3,2.0,100.0194549561,-1.6163518392079634,-1.2672171115556408,0,0,0,0,,,47
Mali,432,28.0,MLI,111,1998,3,3,4,3,2.0,100.514251709,0.4947005091331169,0.7802048026417374,0,0,0,0,,,47
Mali,432,28.0,MLI,111,1998,3,3,4,3,2.0,99.0796585083,-1.4272535250556495,-2.548904855130496,0,0,0,0,,,47
Mali,432,28.0,MLI,111,1999,3,3,4,3,2.0,99.1064834595,0.027074125611514788,-0.9054788903110178,0,0,0,0,,,47
Mali,432,28.0,MLI,111,1999,3,3,4,3,2.0,98.1125106812,-1.002934160918123,-2.4031135603622578,0,0,0,0,,,47
Mali,432,28.0,MLI,111,2000,3,3,4,3,2.0,99.8321228027,1.7526940341864972,0.7768339988798889,0,0,0,0,,,47
Mali,432,28.0,MLI,111,2000,3,3,4,3,2.0,98.7182998657,-1.115695936067851,-0.36593606279947677,0,0,0,0,,,47
Mali,432,28.0,MLI,111,2001,3,4,4,3,2.0,98.8225479126,0.1056015420057177,0.742599640124364,0,0,0,0,,,47
Mali,432,28.0,MLI,111,2001,3,4,4,3,2.0,98.0616531372,-0.7699606936596548,-1.780055087721788,0,0,0,0,,,47
Mali,432,28.0,MLI,111,2002,3,4,4,3,2.0,98.7583694458,0.710488031060641,0.04612887940670385,0,0,0,0,,,47
Mali,432,28.0,MLI,111,2002,3,4,4,3,2.0,98.0557098389,-0.7114937304484648,-0.7709663930474786,0,0,0,0,,,47
Mali,432,28.0,MLI,111,2003,3,4,4,3,2.0,99.9074707031,1.8884783632103996,1.8874726638225758,0,0,0,0,,,47
Mali,432,28.0,MLI,111,2003,3,4,4,3,2.0,99.5092544556,-0.39858505544936307,0.7783995773125718,0,0,0,0,,,47
Mali,432,28.0,MLI,111,2004,3,4,4,3,2.0,99.6787643433,0.17034585238062672,1.6602391601416633,0,0,0,0,,,47
Mali,432,28.0,MLI,111,2004,3,4,4,3,2.0,99.2421112061,-0.4380603432202812,-0.6662995462890176,0,0,0,0,,,47
Mali,432,28.0,MLI,111,2005,3,4,4,3,2.0,98.7715301514,-0.47417477216171733,-0.7418892630013718,0,0,0,0,,,47
Mali,432,28.0,MLI,111,2005,3,4,4,3,2.0,98.3922729492,-0.3839742095912202,-1.2962093249732187,0,0,0,0,,,47
Mali,432,28.0,MLI,111,2006,3,3,4,3,2.0,98.9361877441,0.5528023477827437,-0.3053466339701938,0,0,0,0,,,47
Mali,432,28.0,MLI,111,2006,3,3,4,3,2.0,98.4813232422,-0.4597554365815104,-0.2909272983899869,0,0,0,0,,,47
Mali,432,28.0,MLI,111,2007,2,3,4,3,2.0,99.2166366577,0.7466526558458142,0.8396995670470475,0,0,0,0,,,47
Mali,432,28.0,MLI,111,2007,2,3,4,3,2.0,98.7932052612,-0.4267745922096111,-0.13987737294530733,0,0,0,0,,,47
Mali,432,28.0,MLI,111,2008,3,3,4,3,2.0,99.4485473633,0.6633473429344949,0.983225406570698,0,0,0,0,,,47
Mali,432,28.0,MLI,111,2008,3,3,4,3,2.0,99.1110534668,-0.33936533559115745,-0.10279258486627363,0,0,0,0,,,47
Mali,432,28.0,MLI,111,2009,3,3,4,3,2.0,99.0299758911,-0.08180477642402151,0.24217723091931598,0,0,0,0,,,47
Mali,432,28.0,MLI,111,2009,3,3,4,3,2.0,98.3897857666,-0.6464609515849928,-1.0676310636001718,0,0,0,0,,,47
Mali,432,28.0,MLI,111,2010,3,3,4,3,2.0,100.2660675049,1.9069883359141615,1.1787226079051472,0,0,0,0,,,47
Mali,432,28.0,MLI,111,2010,3,3,4,3,2.0,101.1996536255,0.9311087428001352,2.191636127129304,0,0,0,0,,,47
Mali,432,28.0,MLI,111,2011,3,3,4,3,2.0,101.0548400879,-0.14309687080145128,2.6950002079128454,0,0,0,0,,,47
Mali,432,28.0,MLI,111,2011,3,3,4,3,2.0,103.3050460815,2.226717682837065,3.014729554835749,0,0,0,0,,,47
Mali,432,28.0,MLI,111,2012,2,3,3,2,1.0,100.0,-3.1993074945173117,-1.115686682481698,0,0,0,0,,,47
Mali,432,28.0,MLI,111,2012,2,3,3,2,1.0,100.0,0.0,-0.9725898116802467,0,0,0,0,,,47
Mali,432,28.0,MLI,111,2013,2,2,3,2,2.0,100.1299743652,0.12997436519999184,-3.06933312931732,0,0,0,0,,,47
Mali,432,28.0,MLI,111,2013,2,2,3,2,2.0,100.3171463013,0.1869289763496207,0.3169033415496125,0,0,0,0,,,47
Mali,432,28.0,MLI,111,2014,2,2,3,2,2.0,100.0700378418,-0.24632724176365528,0.07057609978595725,0,0,0,0,,,47
Mali,432,28.0,MLI,111,2014,2,2,3,2,2.0,100.2594299316,0.1892595365052152,0.12986127109118062,0,0,0,0,,,47
Mali,432,28.0,MLI,111,2015,2,3,3,2,2.0,99.4840240479,-0.7733994540254252,-0.8304671592838653,0,0,0,0,,,47
Mali,432,28.0,MLI,111,2015,2,3,3,2,2.0,99.2672805786,-0.21786761379459785,-0.8020075313148078,0,0,0,0,,,47
Mali,432,28.0,MLI,111,2016,3,3,3,3,2.0,99.7105255127,0.44651664830190896,-0.5447504195181141,0,0,0,0,,,47
Mali,432,28.0,MLI,111,2016,3,3,3,3,2.0,99.6879425049,-0.02264856963082318,0.20600046487648793,0,0,0,0,,,47
Mali,432,28.0,MLI,111,2017,3,3,4,3,2.0,100.1430282593,0.45651032909785894,0.8803784077689447,0,0,0,0,,,47
Mali,432,28.0,MLI,111,2017,3,3,4,3,2.0,100.4888458252,0.3453236554866068,0.7791854149536426,0,0,0,0,,,47
Mali,432,28.0,MLI,111,2018,3,3,4,3,2.0,100.2856063843,-0.20225074656896602,0.5995832380154997,0,0,0,0,,,47
Mali,432,28.0,MLI,111,2018,3,3,4,3,2.0,100.8066177368,0.5195275486528539,0.6626004575704947,0,0,0,0,,,47
Mali,432,28.0,MLI,111,2019,3,3,4,3,2.0,99.873085022,-0.9260629269770781,-0.6087861248931903,0,0,0,0,,,47
Mali,432,28.0,MLI,111,2019,3,3,4,3,2.0,100.030456543,0.1575715028381719,-0.24896387548605237,0,0,0,0,,,47
Mali,432,28.0,MLI,111,2020,3,3,4,2,2.0,99.7302246094,-0.30014052117310897,-1.0686319453120152,0,0,0,0,,,47
Mali,432,28.0,MLI,111,2020,3,3,4,2,2.0,99.7718887329,0.041776827098494174,-0.1007921912364429,0,0,0,0,,,47
Mali,432,28.0,MLI,111,2021,2,2,4,2,2.0,100.7014160156,0.9316524869930509,0.6732887929184361,0,0,0,0,,,47
Mali,432,28.0,MLI,111,2021,2,2,4,2,2.0,101.4913101196,0.7843922511254764,1.7578215652170215,0,0,0,0,,,47
Mali,432,28.0,MLI,111,2022,2,2,4,2,2.0,101.0696563721,-0.4154579805927372,1.3005867575257901,0,0,0,0,,,47
Mali,432,28.0,MLI,111,2022,2,2,4,2,2.0,102.2140808105,1.1323125846858018,1.501246855218541,0,0,0,0,,,47
Mali,432,28.0,MLI,111,2023,2,2,4,2,2.0,100.08253479,-2.085374151582675,-1.3685195474896106,0,0,0,0,,,47
Mali,432,28.0,MLI,111,2023,2,2,4,2,2.0,100.3242874146,0.24155325912484926,-0.7115083077720241,0,0,0,0,,,47
Mali,432,28.0,MLI,111,2024,2,2,4,2,2.0,99.8910064697,-0.4318804110807317,-2.2757013035385576,0,0,0,0,,,47
Mali,432,28.0,MLI,111,2024,2,2,4,2,2.0,99.9912796021,0.10038254287727533,-0.08994460907860713,0,0,0,0,,,47
Malta,338,178.0,MLT,112,1976,4,4,4,4,3.0,98.9410095215,,,0,0,0,0,,,48
Malta,338,178.0,MLT,112,1976,4,4,4,4,3.0,95.2928848267,-3.6871714898029873,-3.6871714898029873,0,0,0,0,,,48
Malta,338,178.0,MLT,112,1977,4,4,4,4,3.0,98.9872283936,3.876830440823098,0.18965895102011077,0,0,0,0,,,48
Malta,338,178.0,MLT,112,1977,4,4,4,4,3.0,95.66796875,-3.353220104720711,-3.1635611537006003,0,0,0,0,,,48
Malta,338,178.0,MLT,112,1978,4,4,4,4,3.0,98.9376449585,3.4177334913886748,3.9413438274910617,0,0,0,0,,,48
Malta,338,178.0,MLT,112,1978,4,4,4,4,3.0,95.0416793823,-3.93779898221166,-3.8732855955436962,0,0,0,0,,,48
Malta,338,178.0,MLT,112,1979,4,4,4,4,3.0,98.9487533569,4.11090586781826,3.5908403769952746,0,0,0,0,,,48
Malta,338,178.0,MLT,112,1979,4,4,4,4,3.0,97.7855834961,-1.1755275547581046,-1.0024206691515047,0,0,0,0,,,48
Malta,338,178.0,MLT,112,1980,4,4,4,4,3.0,98.9191360474,1.1592225671437584,4.094600880203913,0,0,0,0,,,48
Malta,338,178.0,MLT,112,1980,4,4,4,4,3.0,98.351600647,-0.5737367137214511,-0.5900417013357973,0,0,0,0,,,48
Malta,338,178.0,MLT,112,1981,4,4,4,4,3.0,98.818107605,0.47432574043646536,1.0598115938587727,0,0,0,0,,,48
Malta,338,178.0,MLT,112,1981,4,4,4,4,3.0,97.7777252197,-1.0528256516089685,-1.1522366248939542,0,0,0,0,,,48
Malta,338,178.0,MLT,112,1982,2,4,4,4,3.0,98.7813034058,1.0263873329483086,0.44788742177580554,0,0,0,0,,,48
Malta,338,178.0,MLT,112,1982,2,4,4,4,3.0,97.4368667603,-1.3610233912149994,-1.3874617098756592,0,0,0,0,,,48
Malta,338,178.0,MLT,112,1983,2,3,3,4,3.0,98.8026275635,1.4016879325151388,1.067051874248448,0,0,0,0,,,48
Malta,338,178.0,MLT,112,1983,2,3,3,4,3.0,96.9289627075,-1.8963714854605462,-1.8557069441604068,0,0,0,0,,,48
Malta,338,178.0,MLT,112,1984,2,3,3,3,3.0,98.763381958,1.8925398552295247,1.3978563022841173,0,0,0,0,,,48
Malta,338,178.0,MLT,112,1984,2,3,3,3,3.0,96.6193237305,-2.1709040182643524,-2.174735648495374,0,0,0,0,,,48
Malta,338,178.0,MLT,112,1985,2,3,3,4,3.0,98.7475357056,2.2026773661097288,1.924313203074901,0,0,0,0,,,48
Malta,338,178.0,MLT,112,1985,2,3,3,4,3.0,96.5403594971,-2.2351709262703467,-2.2033975784249704,0,0,0,0,,,48
Malta,338,178.0,MLT,112,1986,2,3,4,4,3.0,98.7670059204,2.306440989964287,2.273947429803669,0,0,0,0,,,48
Malta,338,178.0,MLT,112,1986,2,3,4,4,3.0,93.2016220093,-5.634861418787307,-5.563591355093367,0,0,0,0,,,48
Malta,338,178.0,MLT,112,1987,3,3,4,4,3.0,98.815612793,6.023490431464618,2.6950700026415975,0,0,0,0,,,48
Malta,338,178.0,MLT,112,1987,3,3,4,4,3.0,93.9476699829,-4.926289148555318,-4.537660135878007,0,0,0,0,,,48
Malta,338,178.0,MLT,112,1988,3,4,4,4,3.0,98.8386459351,5.206064134523225,6.303265417432525,0,0,0,0,,,48
Malta,338,178.0,MLT,112,1988,3,4,4,4,3.0,92.3689575195,-6.545707252857513,-6.265932266889606,0,0,0,0,,,48
Malta,338,178.0,MLT,112,1989,3,4,4,4,3.0,98.7495498657,6.907723674214905,5.568080555880617,0,0,0,0,,,48
Malta,338,178.0,MLT,112,1989,3,4,4,4,3.0,92.9159164429,-5.907503812152848,-5.545487390795456,0,0,0,0,,,48
Malta,338,178.0,MLT,112,1990,3,4,4,4,3.0,98.7326583862,6.260221247319442,7.260441109381499,0,0,0,0,,,48
Malta,338,178.0,MLT,112,1990,3,4,4,4,3.0,94.0412597656,-4.751617850953882,-4.398900415787288,0,0,0,0,,,48
Malta,338,178.0,MLT,112,1991,3,4,4,4,3.0,98.6451034546,4.895557227194947,6.404160623560506,0,0,0,0,,,48
Malta,338,178.0,MLT,112,1991,3,4,4,4,3.0,92.9512329102,-5.77207620550626,-5.628136829265196,0,0,0,0,,,48
Malta,338,178.0,MLT,112,1992,3,4,4,4,3.0,98.650894165,6.131883436453633,5.25536445814232,0,0,0,0,,,48
Malta,338,178.0,MLT,112,1992,3,4,4,4,3.0,92.967376709,-5.761242717672621,-5.401435486725248,0,0,0,0,,,48
Malta,338,178.0,MLT,112,1993,3,4,4,4,3.0,98.599105835,6.057747701785798,6.428388420566811,0,0,0,0,,,48
Malta,338,178.0,MLT,112,1993,3,4,4,4,3.0,92.2793197632,-6.409577468558192,-6.113072484445015,0,0,0,0,,,48
Malta,338,178.0,MLT,112,1994,3,4,4,4,3.0,98.6499786377,6.903669089507702,6.551839322735309,0,0,0,0,,,48
Malta,338,178.0,MLT,112,1994,3,4,4,4,3.0,91.9725418091,-6.768817308236253,-6.274725687286742,0,0,0,0,,,48
Malta,338,178.0,MLT,112,1995,3,4,4,4,3.0,98.6610870361,7.272328344347478,7.407180125618928,0,0,0,0,,,48
Malta,338,178.0,MLT,112,1995,3,4,4,4,3.0,92.1019897461,-6.648109692527537,-6.144598656416312,0,0,0,0,,,48
Malta,338,178.0,MLT,112,1996,3,4,4,4,3.0,98.5908203125,7.045266431580832,7.669485083400773,0,0,0,0,,,48
Malta,338,178.0,MLT,112,1996,3,4,4,4,3.0,92.7077560425,-5.967152166249001,-5.569995427195706,0,0,0,0,,,48
Malta,338,178.0,MLT,112,1997,3,4,4,4,3.0,98.6039352417,6.359963233817267,7.438077499149099,0,0,0,0,,,48
Malta,338,178.0,MLT,112,1997,3,4,4,4,3.0,92.5846710205,-6.104486810232734,-5.711675742664467,0,0,0,0,,,48
Malta,338,178.0,MLT,112,1998,3,4,4,4,3.0,98.5825424194,6.47825534485289,6.733731768437424,0,0,0,0,,,48
Malta,338,178.0,MLT,112,1998,3,4,4,4,3.0,91.053817749,-7.636975559395209,-7.263207024775053,0,0,0,0,,,48
Malta,338,178.0,MLT,112,1999,3,4,4,4,3.0,98.5615539551,8.24538321588657,7.086663001344251,0,0,0,0,,,48
Malta,338,178.0,MLT,112,1999,3,4,4,4,3.0,92.5286178589,-6.120983136029201,-5.5125754795378406,0,0,0,0,,,48
Malta,338,178.0,MLT,112,2000,3,4,4,4,3.0,98.592124939,6.553115371664187,8.677515451521554,0,0,0,0,,,48
Malta,338,178.0,MLT,112,2000,3,4,4,4,3.0,94.6593856812,-3.988897957350268,-3.5567657217152826,0,0,0,0,,,48
Malta,338,178.0,MLT,112,2001,3,4,4,4,3.0,98.5548782349,4.115273436085332,6.67949085039925,0,0,0,0,,,48
Malta,338,178.0,MLT,112,2001,3,4,4,4,3.0,93.969871521,-4.652237206332799,-4.525861727597736,0,0,0,0,,,48
Malta,338,178.0,MLT,112,2002,3,4,4,4,3.0,98.5564117432,4.880862501950989,4.343898731703521,0,0,0,0,,,48
Malta,338,178.0,MLT,112,2002,3,4,4,4,3.0,94.1906890869,-4.429668835423306,-4.2010435398051165,0,0,0,0,,,48
Malta,338,178.0,MLT,112,2003,3,4,4,4,3.0,98.560508728,4.639332914390759,5.090526580918442,0,0,0,0,,,48
Malta,338,178.0,MLT,112,2003,3,4,4,4,3.0,94.7466506958,-3.869560010820572,-3.659895931853119,0,0,0,0,,,48
Malta,338,178.0,MLT,112,2004,3,4,4,4,3.0,98.6093444824,4.076865787057571,4.846638690627758,0,0,0,0,,,48
Malta,338,178.0,MLT,112,2004,3,4,4,4,3.0,95.7902450562,-2.8588562686400976,-2.6515504924030986,0,0,0,0,,,48
Malta,338,178.0,MLT,112,2005,3,4,4,4,3.0,98.9236526489,3.271113453005192,4.489122971422665,0,0,0,0,,,48
Malta,338,178.0,MLT,112,2005,3,4,4,4,3.0,97.4421310425,-1.4976414302636298,-1.0853842458985352,0,0,0,0,,,48
Malta,338,178.0,MLT,112,2006,3,4,4,4,3.0,99.2311325073,1.835962992249951,3.6094350149915133,0,0,0,0,,,48
Malta,338,178.0,MLT,112,2006,3,4,4,4,3.0,98.4572296143,-0.7798992850787667,-0.4415777230924456,0,0,0,0,,,48
Malta,338,178.0,MLT,112,2007,3,4,4,4,3.0,99.1332168579,0.6865795901917382,1.7426432973629224,0,0,0,0,,,48
Malta,338,178.0,MLT,112,2007,3,4,4,4,3.0,98.6992034912,-0.43780821449800333,-0.5311279093850318,0,0,0,0,,,48
Malta,338,178.0,MLT,112,2008,3,4,4,4,3.0,99.3402862549,0.6495318513458415,0.8983032270395763,0,0,0,0,,,48
Malta,338,178.0,MLT,112,2008,3,4,4,4,3.0,99.9760971069,0.6400332392525687,0.8517568761004068,0,0,0,0,,,48
Malta,338,178.0,MLT,112,2009,3,4,4,4,3.0,99.0403366089,-0.9359842253088058,0.3535808652896044,0,0,0,0,,,48
Malta,338,178.0,MLT,112,2009,3,4,4,4,3.0,97.8044815063,-1.2478300709742873,-1.5437810570305244,0,0,0,0,,,48
Malta,338,178.0,MLT,112,2010,3,4,4,4,3.0,99.5120620728,1.7459123960388512,-0.4379019002442419,0,0,0,0,,,48
Malta,338,178.0,MLT,112,2010,3,4,4,4,3.0,99.1851501465,-0.328514874971475,0.16956745009308882,0,0,0,0,,,48
Malta,338,178.0,MLT,112,2011,3,4,4,4,3.0,100.374961853,1.199586535628172,2.6169840566955482,0,0,0,0,,,48
Malta,338,178.0,MLT,112,2011,3,4,4,4,3.0,100.3092727661,-0.06544369799732497,0.8056279626593721,0,0,0,0,,,48
Malta,338,178.0,MLT,112,2012,3,4,4,4,3.0,100.0,-0.3083192187238293,0.8258236189070178,0,0,0,0,,,48
Malta,338,178.0,MLT,112,2012,3,4,4,4,3.0,100.0,0.0,-0.37376291672115425,0,0,0,0,,,48
Malta,338,178.0,MLT,112,2013,3,4,4,4,3.0,100.7785949707,0.7785949707000084,0.4702757519761791,0,0,0,0,,,48
Malta,338,178.0,MLT,112,2013,3,4,4,4,3.0,100.3967208862,-0.37892380282839033,0.39967116787161805,0,0,0,0,,,48
Malta,338,178.0,MLT,112,2014,3,4,4,4,3.0,99.022102356,-1.369186680666723,-0.969515512795105,0,0,0,0,,,48
Malta,338,178.0,MLT,112,2014,3,4,4,4,3.0,99.993927002,0.9814219481082409,-0.7666885353868724,0,0,0,0,,,48
Malta,338,178.0,MLT,112,2015,3,4,4,4,3.0,86.5782623291,-13.416479455429009,-13.804244187987491,0,0,0,0,,,48
Malta,338,178.0,MLT,112,2015,3,4,4,4,3.0,96.7926635742,11.797882020631434,-0.6371754866893333,0,0,0,0,,,48
Malta,338,178.0,MLT,112,2016,3,4,4,4,3.0,85.6105194092,-11.55267739525313,-13.171274830050706,0,0,0,0,,,48
Malta,338,178.0,MLT,112,2016,3,4,4,4,3.0,96.5140533447,12.736208132768635,12.981412758146938,0,0,0,0,,,48
Malta,338,178.0,MLT,112,2017,3,4,4,4,3.0,88.0806350708,-8.738021025580645,-7.554490288065141,0,0,0,0,,,48
Malta,338,178.0,MLT,112,2017,3,4,4,4,3.0,97.5601119995,10.762271322272255,14.760458429460245,0,0,0,0,,,48
Malta,338,178.0,MLT,112,2018,3,4,4,4,3.0,91.0054855347,-6.718551599073185,-4.694301302381575,0,0,0,0,,,48
Malta,338,178.0,MLT,112,2018,3,4,4,4,3.0,98.7286987305,8.486535894427117,12.530255617626187,0,0,0,0,,,48
Malta,338,178.0,MLT,112,2019,3,4,4,4,3.0,89.5053253174,-9.342140159546798,-7.574155864192866,0,0,0,0,,,48
Malta,338,178.0,MLT,112,2019,3,4,4,4,3.0,98.0986328125,9.600889628216859,8.745285363097178,0,0,0,0,,,48
Malta,338,178.0,MLT,112,2020,3,4,4,3,3.0,85.1823043823,-13.166675273535677,-12.907925804865616,0,0,0,0,,,48
Malta,338,178.0,MLT,112,2020,3,4,4,3,3.0,96.3172912598,13.07194840318704,9.506162757868221,0,0,0,0,,,48
Malta,338,178.0,MLT,112,2021,3,4,4,3,3.0,90.622505188,-5.912527228822551,-6.007254099171188,0,0,0,0,,,48
Malta,338,178.0,MLT,112,2021,3,4,4,3,3.0,98.5873794556,8.789068731962924,15.948489906327413,0,0,0,0,,,48
Malta,338,178.0,MLT,112,2022,3,4,4,4,3.0,93.6627731323,-4.995169108352105,-2.1186276052117314,0,0,0,0,,,48
Malta,338,178.0,MLT,112,2022,3,4,4,4,3.0,99.8020019531,6.5546092812437395,10.348508904854558,0,0,0,0,,,48
Malta,338,178.0,MLT,112,2023,3,4,4,4,3.0,91.6660690308,-8.152073869343146,-6.592633696451511,0,0,0,0,,,48
Malta,338,178.0,MLT,112,2023,3,4,4,4,3.0,99.0338439941,8.037625089851307,6.440160501751901,0,0,0,0,,,48
Malta,338,178.0,MLT,112,2024,3,4,4,4,3.0,91.2273101807,-7.882692924516865,-7.997141704008704,0,0,0,0,,,48
Malta,338,178.0,MLT,112,2024,3,4,4,4,3.0,98.8436126709,8.348708818788886,8.50364098412333,0,0,0,0,,,48
Mongolia,712,,MNG,120,1975,1,1,1,1,1.0,85.5206375122,,,0,0,0,0,,,49
Mongolia,712,,MNG,120,1975,1,1,1,1,1.0,89.5176849365,4.673781137014799,4.673781137014799,0,0,0,0,,,49
Mongolia,712,89.0,MNG,120,1976,1,1,1,1,1.0,85.5561599731,-4.425410427235854,0.2483707097789445,0,0,0,0,,,49
Mongolia,712,89.0,MNG,120,1976,1,1,1,1,1.0,90.9544372559,6.309630170986291,6.558000880765236,0,0,0,0,,,49
Mongolia,712,89.0,MNG,120,1977,1,1,1,1,1.0,85.5636825562,-5.926873786853437,-4.042654043103,0,0,0,0,,,49
Mongolia,712,89.0,MNG,120,1977,1,1,1,1,1.0,90.1238937378,5.3296107009007665,5.712367085033621,0,0,0,0,,,49
Mongolia,712,89.0,MNG,120,1978,1,1,1,1,1.0,85.5393295288,-5.086957541290893,-5.684220627243564,0,0,0,0,,,49
Mongolia,712,89.0,MNG,120,1978,1,1,1,1,1.0,89.0268325806,4.07707550551446,4.319728665124334,0,0,0,0,,,49
Mongolia,712,89.0,MNG,120,1979,1,1,1,1,1.0,85.5829315186,-3.868385476796643,-4.878267512573076,0,0,0,0,,,49
Mongolia,712,89.0,MNG,120,1979,1,1,1,1,1.0,91.6482315063,7.087043970189066,7.295733998906884,0,0,0,0,,,49
Mongolia,712,89.0,MNG,120,1980,1,1,1,1,1.0,85.5680160522,-6.634296542516527,-3.4156380491241034,0,0,0,0,,,49
Mongolia,712,89.0,MNG,120,1980,1,1,1,1,1.0,90.7007980347,5.9984819320443306,6.45122935971687,0,0,0,0,,,49
Mongolia,712,89.0,MNG,120,1981,1,1,1,1,1.0,85.519821167,-5.7121623844124,-6.347976994884596,0,0,0,0,,,49
Mongolia,712,89.0,MNG,120,1981,1,1,1,1,1.0,88.3876647949,3.3534256605843193,3.63974520821625,0,0,0,0,,,49
Mongolia,712,89.0,MNG,120,1982,1,1,1,1,1.0,85.4903335571,-3.2779814293353526,-5.636718153163433,0,0,0,0,,,49
Mongolia,712,89.0,MNG,120,1982,1,1,1,1,1.0,87.6408538818,2.5155128483194344,2.590957079568401,0,0,0,0,,,49
Mongolia,712,89.0,MNG,120,1983,1,1,1,1,1.0,85.4841156006,-2.4608823233383315,-3.2233509043542496,0,0,0,0,,,49
Mongolia,712,89.0,MNG,120,1983,1,1,1,1,1.0,87.3440093994,2.175718594890541,2.230349119871644,0,0,0,0,,,49
Mongolia,712,89.0,MNG,120,1984,1,1,1,1,1.0,85.514465332,-2.0946417275556906,-2.379805456003481,0,0,0,0,,,49
Mongolia,712,89.0,MNG,120,1984,1,1,1,1,1.0,85.7437210083,0.2680899370766543,0.3491668044115048,0,0,0,0,,,49
Mongolia,712,89.0,MNG,120,1985,1,1,1,1,1.0,85.4688949585,-0.320520320984663,-2.1470721114636993,0,0,0,0,,,49
Mongolia,712,89.0,MNG,120,1985,1,1,1,1,1.0,86.052406311,0.6827177919912497,0.630287408083241,0,0,0,0,,,49
Mongolia,712,89.0,MNG,120,1986,1,1,1,1,1.0,85.4484710693,-0.7018226073973288,-0.3396251363907421,0,0,0,0,,,49
Mongolia,712,89.0,MNG,120,1986,1,1,1,1,1.0,84.473449707,-1.141063555729671,-1.1601683711357502,0,0,0,0,,,49
Mongolia,712,89.0,MNG,120,1987,1,1,1,1,1.0,85.6043167114,1.3387247807713054,-0.5041613823556945,0,0,0,0,,,49
Mongolia,712,89.0,MNG,120,1987,1,1,1,1,1.0,85.6527099609,0.05653131916600884,0.25419254420764315,0,0,0,0,,,49
Mongolia,712,89.0,MNG,120,1988,1,1,1,1,1.0,85.7820510864,0.15100646034322818,1.5462625602805424,0,0,0,0,,,49
Mongolia,712,89.0,MNG,120,1988,1,1,1,1,1.0,88.282081604,2.9143981589831114,3.1219359384923484,0,0,0,0,,,49
Mongolia,712,89.0,MNG,120,1989,1,2,2,2,1.0,85.6502838135,-2.9811233975035267,0.08428122182281284,0,0,0,0,,,49
Mongolia,712,89.0,MNG,120,1989,1,2,2,2,1.0,88.8731384277,3.7628066956761463,3.696081457155731,0,0,0,0,,,49
Mongolia,712,89.0,MNG,120,1990,2,3,3,3,1.0,85.5018615723,-3.793358617736442,-3.0116753195638224,0,0,0,0,,,49
Mongolia,712,89.0,MNG,120,1990,2,3,3,3,1.0,88.1800308228,3.1322934977682904,3.1017415757079947,0,0,0,0,,,49
Mongolia,712,89.0,MNG,120,1991,3,3,3,3,2.0,85.1129837036,-3.478165170256431,-4.1392302902245826,0,0,0,0,,,49
Mongolia,712,89.0,MNG,120,1991,3,3,3,3,2.0,85.782043457,0.786084242716667,0.44021257022852645,0,0,0,0,,,49
Mongolia,712,89.0,MNG,120,1992,3,4,3,3,2.0,85.0705795288,-0.8293856144341416,-3.5214665419739055,0,0,0,0,,,49
Mongolia,712,89.0,MNG,120,1992,3,4,3,3,2.0,85.4926986694,0.49619873631765454,0.45289736460017993,0,0,0,0,,,49
Mongolia,712,89.0,MNG,120,1993,3,4,3,3,2.0,84.7423553467,-0.8776694786552186,-1.2108563567717057,0,0,0,0,,,49
Mongolia,712,89.0,MNG,120,1993,3,4,3,3,2.0,83.2762069702,-1.7301246472341436,-2.1115953895717077,0,0,0,0,,,49
Mongolia,712,89.0,MNG,120,1994,3,3,3,3,3.0,85.8587493896,3.101176810711559,0.4933826848221967,0,0,0,0,,,49
Mongolia,712,89.0,MNG,120,1994,3,3,3,3,3.0,85.123008728,-0.8569198443148074,0.5141323191626079,0,0,0,0,,,49
Mongolia,712,89.0,MNG,120,1995,3,4,3,3,3.0,86.7156982422,1.8710446658308788,4.115301632227631,0,0,0,0,,,49
Mongolia,712,89.0,MNG,120,1995,3,4,3,3,3.0,87.0620498657,0.39941052257068677,1.4135353440867582,0,0,0,0,,,49
Mongolia,712,89.0,MNG,120,1996,3,4,3,3,3.0,84.6688308716,-2.7488658925349685,-0.4784107041334029,0,0,0,0,,,49
Mongolia,712,89.0,MNG,120,1996,3,4,3,3,3.0,84.755317688,0.10214717211718405,-2.2473081978470977,0,0,0,0,,,49
Mongolia,712,89.0,MNG,120,1997,3,4,3,3,3.0,85.5377502441,0.9231663303773674,-1.723552390040417,0,0,0,0,,,49
Mongolia,712,89.0,MNG,120,1997,3,4,3,3,3.0,85.3155593872,-0.2597576581870986,0.7655558443074528,0,0,0,0,,,49
Mongolia,712,89.0,MNG,120,1998,3,4,3,3,3.0,81.7340698242,-4.197932462407705,-3.534523790217436,0,0,0,0,,,49
Mongolia,712,89.0,MNG,120,1998,3,4,3,3,3.0,82.2861328125,0.6754380266239313,-3.7822520939708717,0,0,0,0,,,49
Mongolia,712,89.0,MNG,120,1999,3,4,3,3,3.0,81.2830276489,-1.2190452137126329,-4.741539649496406,0,0,0,0,,,49
Mongolia,712,89.0,MNG,120,1999,3,4,3,3,3.0,81.8968658447,0.75518618530237,0.21157899821366843,0,0,0,0,,,49
Mongolia,712,89.0,MNG,120,2000,3,4,3,3,3.0,83.4542160034,1.9015992158395667,1.4377401874293039,0,0,0,0,,,49
Mongolia,712,89.0,MNG,120,2000,3,4,3,3,3.0,83.5391616821,0.10178716279178879,2.7585725639337255,0,0,0,0,,,49
Mongolia,712,89.0,MNG,120,2001,3,4,3,3,3.0,82.4096755981,-1.3520438334037377,0.6513425452276178,0,0,0,0,,,49
Mongolia,712,89.0,MNG,120,2001,3,4,3,3,3.0,83.2192230225,0.9823451172748854,-0.2679115533370635,0,0,0,0,,,49
Mongolia,712,89.0,MNG,120,2002,3,4,3,3,3.0,83.4098358154,0.2290489937023965,-0.1406497224264558,0,0,0,0,,,49
Mongolia,712,89.0,MNG,120,2002,3,4,3,3,3.0,83.397026062,-0.015357605340882152,1.1960365056363997,0,0,0,0,,,49
Mongolia,712,89.0,MNG,120,2003,3,4,3,3,3.0,84.8626785278,1.7574397253810936,1.971131113742608,0,0,0,0,,,49
Mongolia,712,89.0,MNG,120,2003,3,4,3,3,3.0,84.4527664185,-0.48302989772555094,1.2590522223146605,0,0,0,0,,,49
Mongolia,712,89.0,MNG,120,2004,3,4,3,3,2.0,89.4816436768,5.954662554663681,7.229072382319224,0,0,0,0,,,49
Mongolia,712,89.0,MNG,120,2004,3,4,3,3,2.0,89.0366363525,-0.4973168864748745,4.974315770463256,0,0,0,0,,,49
Mongolia,712,89.0,MNG,120,2005,3,3,3,3,2.0,92.1152496338,3.45769270652998,8.915038374718787,0,0,0,0,,,49
Mongolia,712,89.0,MNG,120,2005,3,3,3,3,2.0,90.9507675171,-1.2641578037614232,1.6962180162936824,0,0,0,0,,,49
Mongolia,712,89.0,MNG,120,2006,3,3,3,4,2.0,100.4358520508,10.428811974474716,12.622346877243272,0,0,0,0,,,49
Mongolia,712,89.0,MNG,120,2006,3,3,3,4,2.0,96.470375061,-3.9482683810899255,5.216385789623366,0,0,0,0,,,49
Mongolia,712,89.0,MNG,120,2007,3,4,3,4,2.0,101.8718566895,5.599109182569828,12.079652775954617,0,0,0,0,,,49
Mongolia,712,89.0,MNG,120,2007,3,4,3,4,2.0,97.9542312622,-3.8456405474582844,-2.194799745978383,0,0,0,0,,,49
Mongolia,712,89.0,MNG,120,2008,3,3,3,4,2.0,100.1525802612,2.2442613970554692,3.997730032167012,0,0,0,0,,,49
Mongolia,712,89.0,MNG,120,2008,3,3,3,4,2.0,98.7717971802,-1.3786794882357456,-2.9800586386385617,0,0,0,0,,,49
Mongolia,712,89.0,MNG,120,2009,3,4,3,4,2.0,92.069984436,-6.7851481247963585,-5.919566215976635,0,0,0,0,,,49
Mongolia,712,89.0,MNG,120,2009,3,4,3,4,2.0,94.3753433228,2.503920143923244,-5.6599074691088616,0,0,0,0,,,49
Mongolia,712,89.0,MNG,120,2010,3,4,3,4,2.0,101.9116134644,7.9854227558389335,3.704194774965818,0,0,0,0,,,49
Mongolia,712,89.0,MNG,120,2010,3,4,3,4,2.0,99.8358459473,-2.0368311780532444,8.45251172170893,0,0,0,0,,,49
Mongolia,712,89.0,MNG,120,2011,3,4,3,4,2.0,106.5931930542,6.7684578046916855,12.717049382477374,0,0,0,0,,,49
Mongolia,712,89.0,MNG,120,2011,3,4,3,4,2.0,102.4362182617,-3.899850143701278,0.8317764829371614,0,0,0,0,,,49
Mongolia,712,89.0,MNG,120,2012,3,4,3,4,2.0,100.0,-2.3782782135475244,0.4903294474428814,0,0,0,0,,,49
Mongolia,712,89.0,MNG,120,2012,3,4,3,4,2.0,100.0,0.0,-6.278128357248804,0,0,0,0,,,49
Mongolia,712,89.0,MNG,120,2013,3,4,3,4,2.0,98.5244598389,-1.4755401610999974,-3.853818374647523,0,0,0,0,,,49
Mongolia,712,89.0,MNG,120,2013,3,4,3,4,2.0,99.4036026001,0.8923091409356765,-0.5832310201643223,0,0,0,0,,,49
Mongolia,712,89.0,MNG,120,2014,3,4,3,4,3.0,94.089881897,-5.345601732843697,-5.928832753008019,0,0,0,0,,,49
Mongolia,712,89.0,MNG,120,2014,3,4,3,4,3.0,98.0862045288,4.247345783869472,-0.2059468080385507,0,0,0,0,,,49
Mongolia,712,89.0,MNG,120,2015,3,3,3,4,3.0,85.8295059204,-12.495843495301317,-13.594099444275544,0,0,0,0,,,49
Mongolia,712,89.0,MNG,120,2015,3,3,3,4,3.0,94.8942489624,10.561336622870488,2.312838911438641,0,0,0,0,,,49
Mongolia,712,89.0,MNG,120,2016,3,4,3,4,3.0,85.9062576294,-9.47158698369731,-11.406093856128141,0,0,0,0,,,49
Mongolia,712,89.0,MNG,120,2016,3,4,3,4,3.0,94.9166030884,10.48857872248452,11.578328361657697,0,0,0,0,,,49
Mongolia,712,89.0,MNG,120,2017,3,4,3,4,3.0,93.0993728638,-1.9145546358286025,-0.8975628970413942,0,0,0,0,,,49
Mongolia,712,89.0,MNG,120,2017,3,4,3,4,3.0,98.4040145874,5.6978275582591165,14.271851644915031,0,0,0,0,,,49
Mongolia,712,89.0,MNG,120,2018,3,4,3,4,3.0,95.8586654663,-2.5866313806123142,1.1966415418181975,0,0,0,0,,,49
Mongolia,712,89.0,MNG,120,2018,3,4,3,4,3.0,99.6091079712,3.912471018301944,7.023667195948744,0,0,0,0,,,49
Mongolia,712,89.0,MNG,120,2019,3,4,3,4,3.0,92.5098800659,-7.127087120740605,-5.801247483050977,0,0,0,0,,,49
Mongolia,712,89.0,MNG,120,2019,3,4,3,4,3.0,97.8224411011,5.742695841152923,2.52807973871426,0,0,0,0,,,49
Mongolia,712,89.0,MNG,120,2020,3,4,3,2,3.0,90.458152771,-7.528219749176945,-8.91261102876463,0,0,0,0,,,49
Mongolia,712,89.0,MNG,120,2020,3,4,3,2,3.0,96.7616348267,6.968395730628751,5.182871822604727,0,0,0,0,,,49
Mongolia,712,89.0,MNG,120,2021,3,4,3,2,3.0,104.8678207397,8.377479284551326,7.81765526600313,0,0,0,0,,,49
Mongolia,712,89.0,MNG,120,2021,3,4,3,2,3.0,102.7531204224,-2.016538822284719,13.329336192895356,0,0,0,0,,,49
Mongolia,712,89.0,MNG,120,2022,3,4,3,4,3.0,108.4890365601,5.58223060683769,11.943171069104295,0,0,0,0,,,49
Mongolia,712,89.0,MNG,120,2022,3,4,3,4,3.0,103.0408782959,-5.021851457941439,-1.4561596733884699,0,0,0,0,,,49
Mongolia,712,89.0,MNG,120,2023,3,4,3,4,3.0,101.8581771851,-1.1477979714067055,-0.5874188225104562,0,0,0,0,,,49
Mongolia,712,89.0,MNG,120,2023,3,4,3,4,3.0,100.7935714722,-1.0451843360257396,-7.214833765373886,0,0,0,0,,,49
Mongolia,712,89.0,MNG,120,2024,3,4,3,4,3.0,100.2792205811,-0.5103012856746081,-2.7032835931070545,0,0,0,0,,,49
Mongolia,712,89.0,MNG,120,2024,3,4,3,4,3.0,100.4834976196,0.20370824315969482,-1.3517773785406542,0,0,0,0,,,49
Mozambique,541,57.0,MOZ,123,1975,1,1,1,2,1.0,103.2453384399,,,0,0,0,0,,,50
Mozambique,541,57.0,MOZ,123,1975,1,1,1,2,1.0,99.4524078369,-3.6737063971250428,-3.6737063971250428,0,0,0,0,,,50
Mozambique,541,57.0,MOZ,123,1976,1,1,1,2,1.0,103.3466033936,3.915637279578399,0.24193088245335614,0,0,0,0,,,50
Mozambique,541,57.0,MOZ,123,1976,1,1,1,2,1.0,99.879989624,-3.35435675268132,-3.112425870227964,0,0,0,0,,,50
Mozambique,541,57.0,MOZ,123,1977,1,1,1,2,1.0,102.8464431763,2.970017881927367,3.531298408824446,0,0,0,0,,,50
Mozambique,541,57.0,MOZ,123,1977,1,1,1,2,1.0,100.7382202148,-2.049874450092626,-2.434213320846579,0,0,0,0,,,50
Mozambique,541,57.0,MOZ,123,1978,1,1,1,2,1.0,102.2461547852,1.4968842681404304,2.4170276999751716,0,0,0,0,,,50
Mozambique,541,57.0,MOZ,123,1978,1,1,1,2,1.0,100.3954849243,-1.8100141416446447,-2.36300432359684,0,0,0,0,,,50
Mozambique,541,57.0,MOZ,123,1979,1,1,1,2,1.0,102.4104614258,2.0070389649686993,1.693909091464485,0,0,0,0,,,50
Mozambique,541,57.0,MOZ,123,1979,1,1,1,2,1.0,101.8218231201,-0.5747833741833852,-0.37775855085933063,0,0,0,0,,,50
Mozambique,541,57.0,MOZ,123,1980,1,1,1,2,1.0,102.2589111328,0.4292675178133809,1.861523108598695,0,0,0,0,,,50
Mozambique,541,57.0,MOZ,123,1980,1,1,1,2,1.0,101.6955032349,-0.5509621524996677,-0.696478008869672,0,0,0,0,,,50
Mozambique,541,57.0,MOZ,123,1981,1,1,1,2,1.0,101.5492935181,-0.1437720569239742,-0.26546669161026104,0,0,0,0,,,50
Mozambique,541,57.0,MOZ,123,1981,1,1,1,2,1.0,99.2014007568,-2.312071979980357,-3.006806189403999,0,0,0,0,,,50
Mozambique,541,57.0,MOZ,123,1982,1,1,1,1,1.0,100.7538986206,1.564995909287692,-0.8908481276166391,0,0,0,0,,,50
Mozambique,541,57.0,MOZ,123,1982,1,1,1,1,1.0,98.3087463379,-2.426856246930442,-3.173932317623107,0,0,0,0,,,50
Mozambique,541,57.0,MOZ,123,1983,1,1,2,1,1.0,101.2420883179,2.9838057032257392,2.121945365582989,0,0,0,0,,,50
Mozambique,541,57.0,MOZ,123,1983,1,1,2,1,1.0,99.8410110474,-1.3838881573645656,-0.8269387010692686,0,0,0,0,,,50
Mozambique,541,57.0,MOZ,123,1984,1,1,2,1,1.0,101.0528182983,1.2137369585777602,2.813654504438934,0,0,0,0,,,50
Mozambique,541,57.0,MOZ,123,1984,1,1,2,1,1.0,98.6786422729,-2.3494406839714377,-2.519591882758243,0,0,0,0,,,50
Mozambique,541,57.0,MOZ,123,1985,1,1,2,1,1.0,100.4312286377,1.7760543968097453,0.6403506714160678,0,0,0,0,,,50
Mozambique,541,57.0,MOZ,123,1985,1,1,2,1,1.0,97.4670715332,-2.951429694436014,-3.5248159815977065,0,0,0,0,,,50
Mozambique,541,57.0,MOZ,123,1986,1,1,2,2,1.0,100.0514144897,2.651503647177589,1.47612834955132,0,0,0,0,,,50
Mozambique,541,57.0,MOZ,123,1986,1,1,2,2,1.0,96.744682312,-3.3050329118939348,-3.60495895915236,0,0,0,0,,,50
Mozambique,541,57.0,MOZ,123,1987,1,1,2,2,1.0,100.0148391724,3.3801928770139655,2.7266636122976196,0,0,0,0,,,50
Mozambique,541,57.0,MOZ,123,1987,1,1,2,2,1.0,97.6315765381,-2.3829090303208567,-2.307749065200826,0,0,0,0,,,50
Mozambique,541,57.0,MOZ,123,1988,1,1,2,2,1.0,99.9294662476,2.353633722797932,3.350917569491041,0,0,0,0,,,50
Mozambique,541,57.0,MOZ,123,1988,1,1,2,2,1.0,99.0904083252,-0.8396501591642958,-0.8689254666872204,0,0,0,0,,,50
Mozambique,541,57.0,MOZ,123,1989,1,1,2,2,1.0,99.9113693237,0.8284969376710194,2.3424805013046557,0,0,0,0,,,50
Mozambique,541,57.0,MOZ,123,1989,1,1,2,2,1.0,98.0687942505,-1.8442096086485282,-1.8553628301418046,0,0,0,0,,,50
Mozambique,541,57.0,MOZ,123,1990,2,2,3,2,1.0,99.5835494995,1.5445843507882806,0.5288716798107718,0,0,0,0,,,50
Mozambique,541,57.0,MOZ,123,1990,2,2,3,2,1.0,97.2534637451,-2.3398299880962647,-2.6394552459565124,0,0,0,0,,,50
Mozambique,541,57.0,MOZ,123,1991,2,2,3,3,1.0,98.9585800171,1.7532704814186229,0.9580248441106387,0,0,0,0,,,50
Mozambique,541,57.0,MOZ,123,1991,2,2,3,3,1.0,95.5444259644,-3.4500839160283348,-4.036643422705977,0,0,0,0,,,50
Mozambique,541,57.0,MOZ,123,1992,2,2,3,3,1.0,98.8740921021,3.484940229732114,1.7881267951224022,0,0,0,0,,,50
Mozambique,541,57.0,MOZ,123,1992,2,2,3,3,1.0,95.2998580933,-3.614934845732032,-3.5800785320282524,0,0,0,0,,,50
Mozambique,541,57.0,MOZ,123,1993,3,3,3,3,1.0,98.9591140747,3.8397286781030937,3.709734062103176,0,0,0,0,,,50
Mozambique,541,57.0,MOZ,123,1993,3,3,3,3,1.0,95.1267623901,-3.8726616749086062,-3.6478678425375444,0,0,0,0,,,50
Mozambique,541,57.0,MOZ,123,1994,2,2,3,3,1.0,99.2551727295,4.339904182242682,4.3069711854371695,0,0,0,0,,,50
Mozambique,541,57.0,MOZ,123,1994,2,2,3,3,1.0,96.3341064453,-2.942986449845575,-2.475743942511499,0,0,0,0,,,50
Mozambique,541,57.0,MOZ,123,1995,2,3,3,3,2.0,99.5105819702,3.297352975089507,4.694270707486615,0,0,0,0,,,50
Mozambique,541,57.0,MOZ,123,1995,2,3,3,3,2.0,97.2232589722,-2.298572626863915,-1.944206101619983,0,0,0,0,,,50
Mozambique,541,57.0,MOZ,123,1996,2,3,3,3,2.0,99.0024185181,1.8299731614723314,2.8287535096979233,0,0,0,0,,,50
Mozambique,541,57.0,MOZ,123,1996,2,3,3,3,2.0,96.3103713989,-2.719173086370441,-3.187772551762025,0,0,0,0,,,50
Mozambique,541,57.0,MOZ,123,1997,2,2,3,3,2.0,99.4287109375,3.237802422840219,2.3486024979421094,0,0,0,0,,,50
Mozambique,541,57.0,MOZ,123,1997,2,2,3,3,2.0,96.8684463501,-2.5749751387296516,-2.0563458022598735,0,0,0,0,,,50
Mozambique,541,57.0,MOZ,123,1998,2,2,3,3,2.0,99.1296386719,2.334291925801768,2.9971192099123356,0,0,0,0,,,50
Mozambique,541,57.0,MOZ,123,1998,2,2,3,3,2.0,95.587928772,-3.572806223598146,-3.8134894365260297,0,0,0,0,,,50
Mozambique,541,57.0,MOZ,123,1999,2,3,3,3,2.0,98.8460617065,3.408519230782181,2.170004932985803,0,0,0,0,,,50
Mozambique,541,57.0,MOZ,123,1999,2,3,3,3,2.0,95.5987319946,-3.285239346755331,-3.449526339571296,0,0,0,0,,,50
Mozambique,541,57.0,MOZ,123,2000,2,2,3,3,1.0,99.0521392822,3.6123986328553626,3.7356785168822126,0,0,0,0,,,50
Mozambique,541,57.0,MOZ,123,2000,2,2,3,3,1.0,97.0785980225,-1.9924266896218845,-1.6652674035218529,0,0,0,0,,,50
Mozambique,541,57.0,MOZ,123,2001,2,2,3,3,2.0,98.9874267578,1.9662714276709847,3.5862433709044628,0,0,0,0,,,50
Mozambique,541,57.0,MOZ,123,2001,2,2,3,3,2.0,96.8325424194,-2.1769273219643503,-2.20308258391525,0,0,0,0,,,50
Mozambique,541,57.0,MOZ,123,2002,2,2,3,3,2.0,98.6014175415,1.826736216879099,1.6160803225857334,0,0,0,0,,,50
Mozambique,541,57.0,MOZ,123,2002,2,2,3,3,2.0,96.3205413818,-2.313228568686665,-2.6634196737719162,0,0,0,0,,,50
Mozambique,541,57.0,MOZ,123,2003,2,2,3,3,2.0,99.1672744751,2.9554787093813983,2.4689863575738324,0,0,0,0,,,50
Mozambique,541,57.0,MOZ,123,2003,2,2,3,3,2.0,96.9980239868,-2.1874660766689424,-1.545215935974209,0,0,0,0,,,50
Mozambique,541,57.0,MOZ,123,2004,2,2,3,3,2.0,100.2091064453,3.3104617254233526,4.078474358135809,0,0,0,0,,,50
Mozambique,541,57.0,MOZ,123,2004,2,2,3,3,2.0,97.9454803467,-2.2589025876960767,-1.1359069389416665,0,0,0,0,,,50
Mozambique,541,57.0,MOZ,123,2005,2,2,3,3,2.0,101.0073852539,3.126131901504503,4.177691039231779,0,0,0,0,,,50
Mozambique,541,57.0,MOZ,123,2005,2,2,3,3,2.0,98.711807251,-2.2726833262039836,-1.4054540123955572,0,0,0,0,,,50
Mozambique,541,57.0,MOZ,123,2006,2,2,3,3,2.0,105.1965713501,6.569390511320328,7.422839086620847,0,0,0,0,,,50
Mozambique,541,57.0,MOZ,123,2006,2,2,3,3,2.0,100.6984329224,-4.275936344664643,0.020770840451700856,0,0,0,0,,,50
Mozambique,541,57.0,MOZ,123,2007,2,2,3,3,2.0,105.1434631348,4.414199986434175,6.70765415308986,0,0,0,0,,,50
Mozambique,541,57.0,MOZ,123,2007,2,2,3,3,2.0,100.6953735352,-4.230495617114382,-4.09223197534485,0,0,0,0,,,50
Mozambique,541,57.0,MOZ,123,2008,2,2,3,3,2.0,104.9696884155,4.244797680606283,4.428502049926076,0,0,0,0,,,50
Mozambique,541,57.0,MOZ,123,2008,2,2,3,3,2.0,101.219909668,-3.572249097908442,-3.5579470344165416,0,0,0,0,,,50
Mozambique,541,57.0,MOZ,123,2009,3,3,3,3,2.0,97.4248123169,-3.7493585634959192,-3.0768099807980787,0,0,0,0,,,50
Mozambique,541,57.0,MOZ,123,2009,3,3,3,3,2.0,98.3020706177,0.9004464878479723,-6.4211611735563885,0,0,0,0,,,50
Mozambique,541,57.0,MOZ,123,2010,3,2,3,3,2.0,101.1403808594,2.8873351536391256,0.038423077991179166,0,0,0,0,,,50
Mozambique,541,57.0,MOZ,123,2010,3,2,3,3,2.0,100.3733291626,-0.7584030139913267,3.0293786274957717,0,0,0,0,,,50
Mozambique,541,57.0,MOZ,123,2011,3,3,3,3,2.0,103.0975494385,2.7140877946639552,4.843019934311755,0,0,0,0,,,50
Mozambique,541,57.0,MOZ,123,2011,3,3,3,3,2.0,101.6689605713,-1.3856671424107625,0.5700176382618665,0,0,0,0,,,50
Mozambique,541,57.0,MOZ,123,2012,3,3,3,3,2.0,100.0,-1.6415635233425707,-0.31314287108937755,0,0,0,0,,,50
Mozambique,541,57.0,MOZ,123,2012,3,3,3,3,2.0,100.0,0.0,-3.0272306657533328,0,0,0,0,,,50
Mozambique,541,57.0,MOZ,123,2013,3,2,4,3,2.0,99.152381897,-0.847618103000003,-2.4891816263425732,0,0,0,0,,,50
Mozambique,541,57.0,MOZ,123,2013,3,2,4,3,2.0,99.7832717896,0.6362831437124461,-0.2113349592875564,0,0,0,0,,,50
Mozambique,541,57.0,MOZ,123,2014,2,2,4,3,2.0,98.4586410522,-1.3275078213441205,-1.538842780631677,0,0,0,0,,,50
Mozambique,541,57.0,MOZ,123,2014,2,2,4,3,2.0,99.7495422363,1.311110096893997,0.6198854192623231,0,0,0,0,,,50
Mozambique,541,57.0,MOZ,123,2015,3,2,4,4,2.0,93.2119903564,-6.55396679857736,-6.570364523027482,0,0,0,0,,,50
Mozambique,541,57.0,MOZ,123,2015,3,2,4,4,2.0,97.95677948,5.09032057512997,-0.15253612655339222,0,0,0,0,,,50
Mozambique,541,57.0,MOZ,123,2016,2,3,4,4,2.0,93.4103546143,-4.641255959857526,-6.104902183304915,0,0,0,0,,,50
Mozambique,541,57.0,MOZ,123,2016,2,3,4,4,2.0,98.2846374512,5.218139741601835,5.667204356874279,0,0,0,0,,,50
Mozambique,541,57.0,MOZ,123,2017,2,3,3,3,2.0,96.6410675049,-1.6722551854719603,-1.0953714037276505,0,0,0,0,,,50
Mozambique,541,57.0,MOZ,123,2017,2,3,3,3,2.0,99.6992721558,3.164498002616689,6.710382558746565,0,0,0,0,,,50
Mozambique,541,57.0,MOZ,123,2018,2,3,3,3,2.0,98.5907592773,-1.1118565407054692,0.3803862764392605,0,0,0,0,,,50
Mozambique,541,57.0,MOZ,123,2018,2,3,3,3,2.0,100.1194839478,1.5505760191989904,3.603217481110211,0,0,0,0,,,50
Mozambique,541,57.0,MOZ,123,2019,2,3,3,3,2.0,95.0632247925,-5.050224947160364,-4.611505468666842,0,0,0,0,,,50
Mozambique,541,57.0,MOZ,123,2019,2,3,3,3,2.0,98.6995010376,3.825113500028121,0.32546457206674795,0,0,0,0,,,50
Mozambique,541,57.0,MOZ,123,2020,2,3,3,3,2.0,92.7626647949,-6.015062062409349,-7.240173509541592,0,0,0,0,,,50
Mozambique,541,57.0,MOZ,123,2020,2,3,3,3,2.0,98.1179656982,5.773121023571992,3.583172461190765,0,0,0,0,,,50
Mozambique,541,57.0,MOZ,123,2021,2,3,3,3,2.0,101.4792633057,3.4257718080284993,3.183830769191143,0,0,0,0,,,50
Mozambique,541,57.0,MOZ,123,2021,2,3,3,3,2.0,101.2324752808,-0.24319059565555134,8.95570223594494,0,0,0,0,,,50
Mozambique,541,57.0,MOZ,123,2022,2,3,3,3,2.0,105.9895095825,4.699118823781467,7.881700036154417,0,0,0,0,,,50
Mozambique,541,57.0,MOZ,123,2022,2,3,3,3,2.0,101.9696655273,-3.792681059695868,0.6632471684300492,0,0,0,0,,,50
Mozambique,541,57.0,MOZ,123,2023,2,3,3,3,2.0,99.828338623,-2.0999646249959647,-1.1935268609103642,0,0,0,0,,,50
Mozambique,541,57.0,MOZ,123,2023,2,3,3,3,2.0,100.1545257568,0.3267480339744555,-5.5658976507173765,0,0,0,0,,,50
Mozambique,541,57.0,MOZ,123,2024,2,3,3,3,2.0,98.5341262817,-1.6178994038020145,-3.391115994823522,0,0,0,0,,,50
Mozambique,541,57.0,MOZ,123,2024,2,3,3,3,2.0,100.0457077026,1.5340689342274505,0.24291756439989332,0,0,0,0,,,50
Namibia,565,127.0,NAM,124,1990,3,4,4,4,2.0,99.4311141968,,,0,0,0,0,,,51
Namibia,565,127.0,NAM,124,1990,3,4,4,4,2.0,100.2566070557,0.8302158389436709,0.8302158389436709,0,0,0,0,,,51
Namibia,565,127.0,NAM,124,1991,3,4,4,4,2.0,99.4311141968,-0.8233800077050102,0.006835831238660717,0,0,0,0,,,51
Namibia,565,127.0,NAM,124,1991,3,4,4,4,2.0,98.6935195923,-0.7418146829171635,-0.7349788516785027,0,0,0,0,,,51
Namibia,565,127.0,NAM,124,1992,3,3,4,3,2.0,99.4311141968,0.7473586994839909,-0.8178359911381827,0,0,0,0,,,51
Namibia,565,127.0,NAM,124,1992,3,3,4,3,2.0,99.2155914307,-0.216755859411788,-0.21121184284496053,0,0,0,0,,,51
Namibia,565,127.0,NAM,124,1993,3,4,4,4,2.0,99.4311141968,0.21722671103616698,0.7478295511083699,0,0,0,0,,,51
Namibia,565,127.0,NAM,124,1993,3,4,4,4,2.0,98.006477356,-1.432787766996424,-1.432316915372045,0,0,0,0,,,51
Namibia,565,127.0,NAM,124,1994,3,4,4,3,2.0,99.4311141968,1.4536149846760882,0.2380539287158312,0,0,0,0,,,51
Namibia,565,127.0,NAM,124,1994,3,4,4,3,2.0,98.1235656738,-1.315029539357282,-1.2942023216776177,0,0,0,0,,,51
Namibia,565,127.0,NAM,124,1995,3,4,4,4,2.0,99.4311141968,1.3325530050006362,1.4711384503194425,0,0,0,0,,,51
Namibia,565,127.0,NAM,124,1995,3,4,4,4,2.0,97.8010177612,-1.6394228796165478,-1.6218994139731935,0,0,0,0,,,51
Namibia,565,127.0,NAM,124,1996,3,4,4,4,2.0,99.4311141968,1.6667479264686147,1.3598780518527032,0,0,0,0,,,51
Namibia,565,127.0,NAM,124,1996,3,4,4,4,2.0,96.9240036011,-2.5214547940574983,-2.4941297472054313,0,0,0,0,,,51
Namibia,565,127.0,NAM,124,1997,3,3,4,4,2.0,99.4311141968,2.5866766771400096,1.731969809551126,0,0,0,0,,,51
Namibia,565,127.0,NAM,124,1997,3,3,4,4,2.0,97.361328125,-2.0816281588712293,-2.016406275788718,0,0,0,0,,,51
Namibia,565,127.0,NAM,124,1998,3,3,4,4,2.0,99.4311141968,2.1258810984404963,2.6309296167092766,0,0,0,0,,,51
Namibia,565,127.0,NAM,124,1998,3,3,4,4,2.0,96.646812439,-2.800231879418691,-2.755978939849424,0,0,0,0,,,51
Namibia,565,127.0,NAM,124,1999,3,3,4,4,2.0,99.4311141968,2.8809038679442622,2.2065530869660677,0,0,0,0,,,51
Namibia,565,127.0,NAM,124,1999,3,3,4,4,2.0,96.5930709839,-2.854280811218479,-2.773608822692908,0,0,0,0,,,51
Namibia,565,127.0,NAM,124,2000,3,3,4,3,2.0,99.4311141968,2.938143682555694,2.964766739281477,0,0,0,0,,,51
Namibia,565,127.0,NAM,124,2000,3,3,4,3,2.0,97.0723342896,-2.372275445421812,-2.2884125740845973,0,0,0,0,,,51
Namibia,565,127.0,NAM,124,2001,2,4,4,3,2.0,99.07787323,2.066025253309345,2.6318934904432267,0,0,0,0,,,51
Namibia,565,127.0,NAM,124,2001,2,4,4,3,2.0,96.0871582031,-3.018549883441002,-3.324800075553469,0,0,0,0,,,51
Namibia,565,127.0,NAM,124,2002,3,4,4,3,2.0,99.3382110596,3.3834415725233713,2.4309169423917143,0,0,0,0,,,51
Namibia,565,127.0,NAM,124,2002,3,4,4,3,2.0,96.1238327026,-3.2357924737254073,-2.870900784643038,0,0,0,0,,,51
Namibia,565,127.0,NAM,124,2003,3,3,4,4,2.0,99.3495788574,3.3558234873761528,3.5034725861741167,0,0,0,0,,,51
Namibia,565,127.0,NAM,124,2003,3,3,4,4,2.0,96.2708892822,-3.098845119030602,-2.9788141053798567,0,0,0,0,,,51
Namibia,565,127.0,NAM,124,2004,3,4,4,4,2.0,99.9455184937,3.816968181033964,4.073946549379515,0,0,0,0,,,51
Namibia,565,127.0,NAM,124,2004,3,4,4,4,2.0,97.4453201294,-2.5015612525514097,-1.7834381905480479,0,0,0,0,,,51
Namibia,565,127.0,NAM,124,2005,3,4,4,4,2.0,101.299118042,3.9548311888990106,5.270238117381565,0,0,0,0,,,51
Namibia,565,127.0,NAM,124,2005,3,4,4,4,2.0,98.7694854736,-2.497191108170538,-1.0439211718229369,0,0,0,0,,,51
Namibia,565,127.0,NAM,124,2006,3,4,4,4,2.0,104.4462432861,5.74748140610426,7.2051214868327325,0,0,0,0,,,51
Namibia,565,127.0,NAM,124,2006,3,4,4,4,2.0,101.8184204102,-2.5159572936499397,0.7343330042837821,0,0,0,0,,,51
Namibia,565,127.0,NAM,124,2007,2,3,4,4,2.0,103.6223907471,1.7717524291108289,5.003276541565149,0,0,0,0,,,51
Namibia,565,127.0,NAM,124,2007,2,3,4,4,2.0,101.2870864868,-2.253667613208732,-2.997872477747843,0,0,0,0,,,51
Namibia,565,127.0,NAM,124,2008,3,3,4,4,2.0,100.0845870972,-1.1872188561339647,-1.6691340402318682,0,0,0,0,,,51
Namibia,565,127.0,NAM,124,2008,3,3,4,4,2.0,100.160697937,0.07604651426105224,-3.364839955081645,0,0,0,0,,,51
Namibia,565,127.0,NAM,124,2009,2,3,4,4,3.0,98.7804794312,-1.378004081668971,-2.489176423541884,0,0,0,0,,,51
Namibia,565,127.0,NAM,124,2009,2,3,4,4,3.0,99.5065689087,0.735053607434355,-0.5669039599735641,0,0,0,0,,,51
Namibia,565,127.0,NAM,124,2010,3,3,4,4,3.0,102.9913864136,3.502097945008442,2.859147470773826,0,0,0,0,,,51
Namibia,565,127.0,NAM,124,2010,3,3,4,4,3.0,101.6027679443,-1.3482860243510975,2.888865528091699,0,0,0,0,,,51
Namibia,565,127.0,NAM,124,2011,3,3,4,4,3.0,103.032409668,1.4070893467033718,3.560901267360716,0,0,0,0,,,51
Namibia,565,127.0,NAM,124,2011,3,3,4,4,3.0,101.6069946289,-1.3834627800059174,-1.3246594576536435,0,0,0,0,,,51
Namibia,565,127.0,NAM,124,2012,2,3,4,4,3.0,100.0,-1.58157874344107,-1.557952176743616,0,0,0,0,,,51
Namibia,565,127.0,NAM,124,2012,2,3,4,4,3.0,100.0,0.0,-2.965041523446988,0,0,0,0,,,51
Namibia,565,127.0,NAM,124,2013,3,4,4,4,3.0,102.3204421997,2.3204421997000013,0.7388634562589309,0,0,0,0,,,51
Namibia,565,127.0,NAM,124,2013,3,4,4,4,3.0,101.5090560913,-0.7929853418893629,1.527456857810638,0,0,0,0,,,51
Namibia,565,127.0,NAM,124,2014,3,4,4,4,3.0,102.9079742432,1.3781215250802559,2.905578382890894,0,0,0,0,,,51
Namibia,565,127.0,NAM,124,2014,3,4,4,4,3.0,101.9281921387,-0.9520954150593841,-0.36695923186849155,0,0,0,0,,,51
Namibia,565,127.0,NAM,124,2015,3,4,4,4,3.0,100.1954498291,-1.6999637423590785,-1.2739376323382072,0,0,0,0,,,51
Namibia,565,127.0,NAM,124,2015,3,4,4,4,3.0,100.3847808838,0.1889617293229895,-2.4630974280954736,0,0,0,0,,,51
Namibia,565,127.0,NAM,124,2016,3,4,4,4,3.0,102.145690918,1.7541603604617428,0.24315834742565334,0,0,0,0,,,51
Namibia,565,127.0,NAM,124,2016,3,4,4,4,3.0,101.7343444824,-0.4027056177340005,1.5404164720507314,0,0,0,0,,,51
Namibia,565,127.0,NAM,124,2017,4,4,4,4,3.0,104.7509231567,2.965152711847341,4.316607454575083,0,0,0,0,,,51
Namibia,565,127.0,NAM,124,2017,4,4,4,4,3.0,102.9533462524,-1.7160487469985886,0.8463983471147514,0,0,0,0,,,51
Namibia,565,127.0,NAM,124,2018,4,4,4,4,3.0,104.8930206299,1.8840323778740453,3.133136342722797,0,0,0,0,,,51
Namibia,565,127.0,NAM,124,2018,4,4,4,4,3.0,102.9427871704,-1.8592595082003727,-1.6912758773249164,0,0,0,0,,,51
Namibia,565,127.0,NAM,124,2019,4,4,4,4,3.0,103.4799499512,0.5218071081666498,0.546579977840322,0,0,0,0,,,51
Namibia,565,127.0,NAM,124,2019,4,4,4,4,3.0,102.2285766602,-1.209290583915168,-2.5467429839488913,0,0,0,0,,,51
Namibia,565,127.0,NAM,124,2020,4,4,4,3,3.0,102.6391372681,0.40161041199338054,-0.2858730637551381,0,0,0,0,,,51
Namibia,565,127.0,NAM,124,2020,4,4,4,3,3.0,101.6898574829,-0.9248711655870823,-1.7325513375088701,0,0,0,0,,,51
Namibia,565,127.0,NAM,124,2021,4,4,4,3,3.0,105.8253555298,4.066775339512518,3.543514585918816,0,0,0,0,,,51
Namibia,565,127.0,NAM,124,2021,4,4,4,3,3.0,103.1225357056,-2.5540380286640296,0.587866145261406,0,0,0,0,,,51
Namibia,565,127.0,NAM,124,2022,4,4,4,4,3.0,105.9555130005,2.747195145576864,4.259932456425352,0,0,0,0,,,51
Namibia,565,127.0,NAM,124,2022,4,4,4,4,3.0,103.3748931885,-2.4355691732508844,-2.2424120563380505,0,0,0,0,,,51
Namibia,565,127.0,NAM,124,2023,4,4,4,4,3.0,105.0819396973,1.651316345920928,1.962942318246907,0,0,0,0,,,51
Namibia,565,127.0,NAM,124,2023,4,4,4,4,3.0,102.8916549683,-2.0843588682406766,-2.8686116955706336,0,0,0,0,,,51
Namibia,565,127.0,NAM,124,2024,4,4,4,4,3.0,105.427406311,2.4644868852398583,2.031444362920109,0,0,0,0,,,51
Namibia,565,127.0,NAM,124,2024,4,4,4,4,3.0,103.0520095825,-2.2531112275425036,-1.8729832105433224,0,0,0,0,,,51
Nicaragua,93,59.0,NIC,129,1975,1,1,3,3,2.0,119.72215271,,,0,0,0,0,,,52
Nicaragua,93,59.0,NIC,129,1975,1,1,3,3,2.0,102.6223297119,-14.282923094041323,-14.282923094041323,0,0,0,0,,,52
Nicaragua,93,59.0,NIC,129,1976,1,1,3,3,2.0,124.8737792969,21.682853670802736,7.399930576761413,0,0,0,0,,,52
Nicaragua,93,59.0,NIC,129,1976,1,1,3,3,2.0,105.8257369995,-15.253836637803175,-7.853906061041762,0,0,0,0,,,52
Nicaragua,93,59.0,NIC,129,1977,1,1,3,3,2.0,125.200592041,18.30826374645662,24.73728077945618,0,0,1,0,,,52
Nicaragua,93,59.0,NIC,129,1977,1,1,3,3,2.0,107.0706253052,-14.480735626124597,-11.426308517471151,0,0,0,0,,,52
Nicaragua,93,59.0,NIC,129,1978,1,1,3,3,2.0,119.3745193481,11.49138151367688,15.318909634008904,0,0,0,0,,,52
Nicaragua,93,59.0,NIC,129,1978,1,1,3,3,2.0,105.1961975098,-11.877176063809348,-14.866530176257065,0,0,0,0,,,52
Nicaragua,93,59.0,NIC,129,1979,1,1,3,3,2.0,119.7967529297,13.879356636003726,13.493562085871257,0,0,0,0,,,52
Nicaragua,93,59.0,NIC,129,1979,1,1,3,3,2.0,105.7353134155,-11.737746783881231,-9.735566211686853,0,0,0,0,,,52
Nicaragua,93,59.0,NIC,129,1980,2,2,3,3,2.0,115.6904067993,9.415107462423865,11.55671731454636,0,0,0,0,,,52
Nicaragua,93,59.0,NIC,129,1980,2,2,3,3,2.0,104.8278579712,-9.389325466669318,-11.711964788126684,0,0,0,0,,,52
Nicaragua,93,59.0,NIC,129,1981,2,2,3,3,2.0,107.5320587158,2.57965849625863,2.6054404920131775,0,0,0,0,,,52
Nicaragua,93,59.0,NIC,129,1981,2,2,3,3,2.0,102.0941467285,-5.057014672872628,-11.866681643283316,0,0,0,0,,,52
Nicaragua,93,59.0,NIC,129,1982,2,2,3,2,2.0,107.1758041382,4.977422871473425,2.5000666948594263,0,0,0,0,,,52
Nicaragua,93,59.0,NIC,129,1982,2,2,3,2,2.0,101.818397522,-4.998709045645954,-5.078300847045158,0,0,0,0,,,52
Nicaragua,93,59.0,NIC,129,1983,2,2,2,3,2.0,108.3463516235,6.411369909931541,6.390083735759012,0,0,0,0,,,52
Nicaragua,93,59.0,NIC,129,1983,2,2,2,3,2.0,102.4348373413,-5.456126757957036,-4.043465893671449,0,0,0,0,,,52
Nicaragua,93,59.0,NIC,129,1984,2,2,2,3,1.0,107.4628753662,4.908523462723147,5.863766614697652,0,0,0,0,,,52
Nicaragua,93,59.0,NIC,129,1984,2,2,2,3,1.0,101.6974945068,-5.364997762951507,-5.9126010581853965,0,0,0,0,,,52
Nicaragua,93,59.0,NIC,129,1985,2,2,2,2,1.0,105.7214126587,3.956752495638871,3.5002781954105107,0,0,0,0,,,52
Nicaragua,93,59.0,NIC,129,1985,2,2,2,2,1.0,100.6947860718,-4.754596500831331,-6.162841768143967,0,0,0,0,,,52
Nicaragua,93,59.0,NIC,129,1986,2,2,2,2,1.0,105.6184692383,4.889710141485559,4.091866136293099,0,0,0,0,,,52
Nicaragua,93,59.0,NIC,129,1986,2,2,2,2,1.0,101.1415405273,-4.238774471251805,-4.103660830597577,0,0,0,0,,,52
Nicaragua,93,59.0,NIC,129,1987,2,2,2,2,1.0,104.9118347168,3.727740520703593,4.378676190937347,0,0,0,0,,,52
Nicaragua,93,59.0,NIC,129,1987,2,2,2,2,1.0,99.2225189209,-5.422949480635619,-5.933983431183831,0,0,0,0,,,52
Nicaragua,93,59.0,NIC,129,1988,2,2,3,3,1.0,104.4142456055,5.232407664170302,3.5371987042382758,0,0,0,0,,,52
Nicaragua,93,59.0,NIC,129,1988,2,2,3,3,1.0,98.857460022,-5.321865375051182,-5.512407191516499,0,0,0,0,,,52
Nicaragua,93,59.0,NIC,129,1989,2,2,3,3,2.0,103.8423080444,5.042460145436323,4.953002434555443,0,0,0,0,,,52
Nicaragua,93,59.0,NIC,129,1989,2,2,3,3,2.0,98.3019943237,-5.335314502380973,-5.614719731995832,0,0,0,0,,,52
Nicaragua,93,59.0,NIC,129,1990,3,3,4,3,2.0,102.6606292725,4.433923216702396,4.141068859757746,0,0,0,0,,,52
Nicaragua,93,59.0,NIC,129,1990,3,3,4,3,2.0,97.2154541016,-5.304053958647037,-6.205445244325614,0,0,0,0,,,52
Nicaragua,93,59.0,NIC,129,1991,3,4,4,4,2.0,99.9953842163,2.8595557572509867,1.9894250153063453,0,0,0,0,,,52
Nicaragua,93,59.0,NIC,129,1991,3,4,4,4,2.0,96.2124252319,-3.783133605664313,-6.227631807060363,0,0,0,0,,,52
Nicaragua,93,59.0,NIC,129,1992,3,4,4,4,2.0,96.7797470093,0.5896554172006185,-0.3339224312127076,0,0,0,0,,,52
Nicaragua,93,59.0,NIC,129,1992,3,4,4,4,2.0,94.7359390259,-2.1118137281383897,-5.3052919166020835,0,0,0,0,,,52
Nicaragua,93,59.0,NIC,129,1993,3,3,4,4,2.0,98.595664978,4.074194008933385,2.5520356979956134,0,0,0,0,,,52
Nicaragua,93,59.0,NIC,129,1993,3,3,4,4,2.0,95.8840789795,-2.750208134510823,-0.7878278537158283,0,0,0,0,,,52
Nicaragua,93,59.0,NIC,129,1994,3,4,4,4,2.0,99.5712356567,3.8454316049573833,5.169417479379945,0,0,0,0,,,52
Nicaragua,93,59.0,NIC,129,1994,3,4,4,4,2.0,98.8874206543,-0.6867595826144379,0.40846388783212184,0,0,0,0,,,52
Nicaragua,93,59.0,NIC,129,1995,4,4,4,3,2.0,99.2331237793,0.34959262028742,3.508264642630365,0,0,0,0,,,52
Nicaragua,93,59.0,NIC,129,1995,4,4,4,3,2.0,98.5566177368,-0.6817340991951304,-1.0189010615221488,0,0,0,0,,,52
Nicaragua,93,59.0,NIC,129,1996,4,4,4,3,2.0,98.1638946533,-0.39847459512946104,-0.7306160740371719,0,0,0,0,,,52
Nicaragua,93,59.0,NIC,129,1996,4,4,4,3,2.0,96.6563034058,-1.5357899692392873,-2.6159986635638792,0,0,0,0,,,52
Nicaragua,93,59.0,NIC,129,1997,4,4,4,3,2.0,99.2429962158,2.676176016312226,0.7419114519434773,0,0,0,0,,,52
Nicaragua,93,59.0,NIC,129,1997,4,4,4,3,2.0,98.0405960083,-1.211571852269988,-0.07118580519704976,0,0,0,0,,,52
Nicaragua,93,59.0,NIC,129,1998,4,4,4,3,2.0,98.6599807739,0.6317635661329257,2.0963677301751633,0,0,0,0,,,52
Nicaragua,93,59.0,NIC,129,1998,4,4,4,3,2.0,97.1652145386,-1.515068443734624,-2.094876729871687,0,0,0,0,,,52
Nicaragua,93,59.0,NIC,129,1999,3,4,4,4,2.0,97.5056838989,0.35040251999314265,-0.5329023576085561,0,0,0,0,,,52
Nicaragua,93,59.0,NIC,129,1999,3,4,4,4,2.0,95.7359848022,-1.8149701903890536,-2.9796361141305354,0,0,0,0,,,52
Nicaragua,93,59.0,NIC,129,2000,3,4,4,3,2.0,96.9244308472,1.2413786179308106,-0.2231890524651008,0,0,0,0,,,52
Nicaragua,93,59.0,NIC,129,2000,3,4,4,3,2.0,95.2017059326,-1.7773897659670967,-2.35098133842534,0,0,0,0,,,52
Nicaragua,93,59.0,NIC,129,2001,3,4,4,3,2.0,96.1424636841,0.988173207910803,0.4521620598745164,0,0,0,0,,,52
Nicaragua,93,59.0,NIC,129,2001,3,4,4,3,2.0,94.3561782837,-1.857956757036383,-2.6471733150926773,0,0,0,0,,,52
Nicaragua,93,59.0,NIC,129,2002,3,4,4,4,2.0,95.8678970337,1.60214071563467,0.7323571665090896,0,0,0,0,,,52
Nicaragua,93,59.0,NIC,129,2002,3,4,4,4,2.0,94.1153335571,-1.828102556566913,-2.0839185979686263,0,0,0,0,,,52
Nicaragua,93,59.0,NIC,129,2003,3,4,4,4,2.0,96.1474838257,2.15921273590034,1.9332508949680967,0,0,0,0,,,52
Nicaragua,93,59.0,NIC,129,2003,3,4,4,4,2.0,94.6612854004,-1.5457486417369215,-1.214638462403495,0,0,0,0,,,52
Nicaragua,93,59.0,NIC,129,2004,3,4,4,4,2.0,96.5650100708,2.011091083696548,2.624555177859966,0,0,0,0,,,52
Nicaragua,93,59.0,NIC,129,2004,3,4,4,4,2.0,95.19140625,-1.4224653627570638,-0.9571229207974379,0,0,0,0,,,52
Nicaragua,93,59.0,NIC,129,2005,3,4,4,4,2.0,97.1615905762,2.069708184608321,2.6583339055478046,0,0,0,0,,,52
Nicaragua,93,59.0,NIC,129,2005,3,4,4,4,2.0,96.3153915405,-0.8709192909273744,-0.2236764690761177,0,0,0,0,,,52
Nicaragua,93,59.0,NIC,129,2006,3,4,4,4,2.0,97.7842636108,1.5250647345210089,2.723853628201955,0,0,0,0,,,52
Nicaragua,93,59.0,NIC,129,2006,3,4,4,4,2.0,97.2770843506,-0.5186716568410854,0.13547378675254862,0,0,0,0,,,52
Nicaragua,93,59.0,NIC,129,2007,3,4,4,4,2.0,97.8995895386,0.6399299404949321,1.6463230181748552,0,0,0,0,,,52
Nicaragua,93,59.0,NIC,129,2007,3,4,4,4,2.0,97.4563674927,-0.4527312606609546,-0.3314729770071083,0,0,0,0,,,52
Nicaragua,93,59.0,NIC,129,2008,2,3,4,4,2.0,98.4795684814,1.0499067583004784,1.2371054381344555,0,0,0,0,,,52
Nicaragua,93,59.0,NIC,129,2008,2,3,4,4,2.0,98.255027771,-0.2280074068789273,0.3691680907605961,0,0,0,0,,,52
Nicaragua,93,59.0,NIC,129,2009,2,3,3,4,2.0,97.753944397,-0.509982425701272,0.31191692572027874,0,0,0,0,,,52
Nicaragua,93,59.0,NIC,129,2009,2,3,3,4,2.0,97.5954208374,-0.16216589578851304,-0.9001557283687127,0,0,0,0,,,52
Nicaragua,93,59.0,NIC,129,2010,2,3,3,4,2.0,99.5209503174,1.9729711327420185,1.300822811252233,0,0,0,0,,,52
Nicaragua,93,59.0,NIC,129,2010,2,3,3,4,2.0,99.7054290771,0.18536675856857254,1.9961719955220776,0,0,0,0,,,52
Nicaragua,93,59.0,NIC,129,2011,2,3,3,4,2.0,101.5893325806,1.8894693307454746,4.047807222056065,0,0,0,0,,,52
Nicaragua,93,59.0,NIC,129,2011,2,3,3,4,2.0,101.9672470093,0.37200207846641575,2.4468381677804625,0,0,0,0,,,52
Nicaragua,93,59.0,NIC,129,2012,2,3,3,4,2.0,100.0,-1.9292930494834049,0.3321783597284851,0,0,0,0,,,52
Nicaragua,93,59.0,NIC,129,2012,2,3,3,4,2.0,100.0,0.0,-1.5572909710169895,0,0,0,0,,,52
Nicaragua,93,59.0,NIC,129,2013,2,3,3,4,2.0,99.7222900391,-0.27770996089999667,-2.207003010383402,0,0,0,0,,,52
Nicaragua,93,59.0,NIC,129,2013,2,3,3,4,2.0,99.7170562744,-0.005248339862584661,-0.28295830076258177,0,0,0,0,,,52
Nicaragua,93,59.0,NIC,129,2014,2,2,3,4,2.0,101.6739273071,1.9624235871094298,1.679465286346848,0,0,0,0,,,52
Nicaragua,93,59.0,NIC,129,2014,2,2,3,4,2.0,101.0179138184,-0.6452130905876707,1.311962156659174,0,0,0,0,,,52
Nicaragua,93,59.0,NIC,129,2015,2,2,3,4,2.0,99.6174468994,-1.3863550196825836,-0.06914452316082498,0,0,0,0,,,52
Nicaragua,93,59.0,NIC,129,2015,2,2,3,4,2.0,99.5067825317,-0.11108934342771715,-2.142657453697972,0,0,0,0,,,52
Nicaragua,93,59.0,NIC,129,2016,2,2,3,3,2.0,100.3893203735,0.886912247935312,-0.6105321151749892,0,0,0,0,,,52
Nicaragua,93,59.0,NIC,129,2016,2,2,3,3,2.0,100.2548904419,-0.133908598145549,0.6419143063620454,0,0,0,0,,,52
Nicaragua,93,59.0,NIC,129,2017,2,2,3,3,2.0,100.7867507935,0.5305081370651221,1.2835117868548847,0,0,0,0,,,52
Nicaragua,93,59.0,NIC,129,2017,2,2,3,3,2.0,100.6540374756,-0.131677345340675,0.2649221935788977,0,0,0,0,,,52
Nicaragua,93,59.0,NIC,129,2018,2,2,2,3,1.0,99.3605880737,-1.285044727801954,-0.8862139360775072,0,0,0,0,,,52
Nicaragua,93,59.0,NIC,129,2018,2,2,2,3,1.0,99.603767395,0.24474424519269622,-1.171977827949933,0,0,0,0,,,52
Nicaragua,93,59.0,NIC,129,2019,2,2,2,3,1.0,99.1382446289,-0.46737465687806123,-1.5076751394873193,0,0,0,0,,,52
Nicaragua,93,59.0,NIC,129,2019,2,2,2,3,1.0,99.1790618896,0.041172063165739736,-0.18145834851962572,0,0,0,0,,,52
Nicaragua,93,59.0,NIC,129,2020,2,2,2,2,1.0,99.4904022217,0.3139173996690392,-0.11228519404328274,0,0,0,0,,,52
Nicaragua,93,59.0,NIC,129,2020,2,2,2,2,1.0,99.4580001831,-0.03256800442699159,0.3225214584077869,0,0,0,0,,,52
Nicaragua,93,59.0,NIC,129,2021,2,2,2,2,1.0,101.4450912476,1.9979197860823916,2.279269181324439,0,0,0,0,,,52
Nicaragua,93,59.0,NIC,129,2021,2,2,2,2,1.0,101.2433700562,-0.19884766125120024,1.7665041204041994,0,0,0,0,,,52
Nicaragua,93,59.0,NIC,129,2022,1,2,2,2,1.0,101.5799636841,0.33245992079593556,2.1315320456271265,0,0,0,0,,,52
Nicaragua,93,59.0,NIC,129,2022,1,2,2,2,1.0,101.6795806885,0.09806757237067476,0.23167983191540964,0,0,0,0,,,52
Nicaragua,93,59.0,NIC,129,2023,1,2,2,1,1.0,101.2062454224,-0.46551654018920363,-0.034989047022593756,0,0,0,0,,,52
Nicaragua,93,59.0,NIC,129,2023,1,2,2,1,1.0,101.1921234131,-0.013953693510770915,-0.38140266132930023,0,0,0,0,,,52
Nicaragua,93,59.0,NIC,129,2024,1,2,2,1,1.0,102.7284851074,1.5182621359056458,1.0387919022056709,0,0,0,0,,,52
Nicaragua,93,59.0,NIC,129,2024,1,2,2,1,1.0,102.4892807007,-0.23285109913762092,1.2714573432572536,0,0,0,0,,,52
Norway,385,186.0,NOR,133,1975,4,4,4,4,4.0,90.9764938354,,,0,0,0,0,,,53
Norway,385,186.0,NOR,133,1975,4,4,4,4,4.0,83.1794128418,-8.570434696798646,-8.570434696798646,0,0,0,0,,,53
Norway,385,186.0,NOR,133,1976,4,4,4,4,4.0,92.1346206665,10.766134935013326,2.1957002382146804,0,0,0,0,,,53
Norway,385,186.0,NOR,133,1976,4,4,4,4,4.0,85.1668319702,-7.562617228893076,-5.366916990678396,0,0,0,0,,,53
Norway,385,186.0,NOR,133,1977,4,4,4,4,4.0,92.9260025024,9.110554370409062,12.314072076529312,0,0,0,0,,,53
Norway,385,186.0,NOR,133,1977,4,4,4,4,4.0,87.1151123047,-6.25324456149926,-4.705307419983274,0,0,0,0,,,53
Norway,385,186.0,NOR,133,1978,4,4,4,4,4.0,92.0753707886,5.693912746792584,8.551222555702386,0,0,0,0,,,53
Norway,385,186.0,NOR,133,1978,4,4,4,4,4.0,86.0246810913,-6.571452979746395,-7.130784794453071,0,0,0,0,,,53
Norway,385,186.0,NOR,133,1979,4,4,4,4,4.0,93.8740463257,9.124550227706486,8.247009994752675,0,0,0,0,,,53
Norway,385,186.0,NOR,133,1979,4,4,4,4,4.0,92.8340301514,-1.1078846763370676,1.4452125716230233,0,0,0,0,,,53
Norway,385,186.0,NOR,133,1980,4,4,4,4,4.0,94.1931228638,1.4640027048093307,9.480668256178749,0,0,0,0,,,53
Norway,385,186.0,NOR,133,1980,4,4,4,4,4.0,94.4959564209,0.32150283151550774,0.67762085998777,0,0,0,0,,,53
Norway,385,186.0,NOR,133,1981,4,4,4,4,4.0,92.8662109375,-1.724672192470178,0.06083334385465955,0,0,0,0,,,53
Norway,385,186.0,NOR,133,1981,4,4,4,4,4.0,93.1377792358,0.29242960982092114,-1.11073975113375,0,0,0,0,,,53
Norway,385,186.0,NOR,133,1982,4,4,4,4,4.0,92.5064849854,-0.6778068530083114,-2.110049435657569,0,0,0,0,,,53
Norway,385,186.0,NOR,133,1982,4,4,4,4,4.0,92.7160873413,0.22658125636605408,-0.1587959868213371,0,0,0,0,,,53
Norway,385,186.0,NOR,133,1983,4,4,4,4,4.0,92.065032959,-0.702202175447042,-1.1534277720893003,0,0,0,0,,,53
Norway,385,186.0,NOR,133,1983,4,4,4,4,4.0,91.9711074829,-0.10202079234777894,-0.5776417114287677,0,0,0,0,,,53
Norway,385,186.0,NOR,133,1984,4,4,4,4,4.0,91.2217941284,-0.8147269017493408,-1.6189498695441626,0,0,0,0,,,53
Norway,385,186.0,NOR,133,1984,4,4,4,4,4.0,91.0473327637,-0.19124965296609675,-1.1079973470632174,0,0,0,0,,,53
Norway,385,186.0,NOR,133,1985,4,4,4,4,4.0,90.6456298828,-0.44120225019942394,-1.4471788049148624,0,0,0,0,,,53
Norway,385,186.0,NOR,133,1985,4,4,4,4,4.0,90.556602478,-0.09821477871034823,-0.7306666818758698,0,0,0,0,,,53
Norway,385,186.0,NOR,133,1986,4,4,4,4,4.0,83.0806045532,-8.255607785877606,-8.795024814787379,0,0,0,0,,,53
Norway,385,186.0,NOR,133,1986,4,4,4,4,4.0,82.4401473999,-0.770886486375888,-9.124709050963842,0,0,0,0,,,53
Norway,385,186.0,NOR,133,1987,4,4,4,4,4.0,83.3835372925,1.1443330978337718,-7.882161174419722,0,0,0,0,,,53
Norway,385,186.0,NOR,133,1987,4,4,4,4,4.0,82.9674987793,-0.49894562728920455,-0.12549901583132073,0,0,0,0,,,53
Norway,385,186.0,NOR,133,1988,4,4,4,4,4.0,81.3979415894,-1.8917735414383685,-1.2463860708938013,0,0,0,0,,,53
Norway,385,186.0,NOR,133,1988,4,4,4,4,4.0,79.931968689,-1.800995051932508,-4.1917142206600815,0,0,0,0,,,53
Norway,385,186.0,NOR,133,1989,4,4,4,4,4.0,81.4517593384,1.9013552078433138,-1.7914133855275627,0,0,0,0,,,53
Norway,385,186.0,NOR,133,1989,4,4,4,4,4.0,80.6050262451,-1.0395516317605158,-0.93919147584971,0,0,0,0,,,53
Norway,385,186.0,NOR,133,1990,4,4,4,4,4.0,82.5533828735,2.4171651808356565,3.2789687569184545,0,0,0,0,,,53
Norway,385,186.0,NOR,133,1990,4,4,4,4,4.0,82.9533691406,0.4845183239951867,1.8621318730703273,0,0,0,0,,,53
Norway,385,186.0,NOR,133,1991,4,4,4,4,4.0,80.2687759399,-3.2362678315691062,-0.3345843267382631,0,0,0,0,,,53
Norway,385,186.0,NOR,133,1991,4,4,4,4,4.0,80.1361694336,-0.16520310014355166,-2.9169526077174712,0,0,0,0,,,53
Norway,385,186.0,NOR,133,1992,4,4,4,4,4.0,80.1316452026,-0.005645679138377435,-3.4071166108510353,0,0,0,0,,,53
Norway,385,186.0,NOR,133,1992,4,4,4,4,4.0,79.7870559692,-0.4300289012271752,-0.6008776805091043,0,0,0,0,,,53
Norway,385,186.0,NOR,133,1993,4,4,4,4,4.0,78.8611450195,-1.160477646972491,-1.5961522273380435,0,0,0,0,,,53
Norway,385,186.0,NOR,133,1993,4,4,4,4,4.0,78.6612167358,-0.2535193771921129,-1.844025925391779,0,0,0,0,,,53
Norway,385,186.0,NOR,133,1994,4,4,4,4,4.0,78.348449707,-0.39761275222894854,-1.8116097763935524,0,0,0,0,,,53
Norway,385,186.0,NOR,133,1994,4,4,4,4,4.0,77.9045715332,-0.5665436590768236,-1.217675788497885,0,0,0,0,,,53
Norway,385,186.0,NOR,133,1995,4,4,4,4,4.0,78.7539978027,1.0903420078987258,0.1261855965929537,0,0,0,0,,,53
Norway,385,186.0,NOR,133,1995,4,4,4,4,4.0,78.323387146,-0.5467794254442659,-0.022981076622363705,0,0,0,0,,,53
Norway,385,186.0,NOR,133,1996,4,4,4,4,4.0,79.9900360107,2.12790703445096,2.6714696169054197,0,0,0,0,,,53
Norway,385,186.0,NOR,133,1996,4,4,4,4,4.0,80.1170654297,0.15880655308495584,1.7399341620916497,0,0,0,0,,,53
Norway,385,186.0,NOR,133,1997,4,4,4,4,4.0,79.8144454956,-0.37772218999402307,1.9089913975418926,0,0,0,0,,,53
Norway,385,186.0,NOR,133,1997,4,4,4,4,4.0,79.915725708,0.12689458878165638,-0.09202104812741085,0,0,0,0,,,53
Norway,385,186.0,NOR,133,1998,4,4,4,4,4.0,76.0081481934,-4.889622761955126,-5.140450363167492,0,0,0,0,,,53
Norway,385,186.0,NOR,133,1998,4,4,4,4,4.0,76.0253601074,0.02264482744167573,-4.740083345731794,0,0,0,0,,,53
Norway,385,186.0,NOR,133,1999,4,4,4,4,4.0,79.1360778809,4.09168436572418,-0.7752935687892704,0,0,0,0,,,53
Norway,385,186.0,NOR,133,1999,4,4,4,4,4.0,79.203414917,0.08509018630078469,4.19941937946664,0,0,0,0,,,53
Norway,385,186.0,NOR,133,2000,4,4,4,4,4.0,84.7760848999,7.035896102131178,11.212670654156142,0,0,0,0,,,53
Norway,385,186.0,NOR,133,2000,4,4,4,4,4.0,86.2126312256,1.6945183625738602,8.815504651005824,0,0,0,0,,,53
Norway,385,186.0,NOR,133,2001,4,4,4,4,4.0,83.013420105,-3.7108380467223645,5.019576417982673,0,0,0,0,,,53
Norway,385,186.0,NOR,133,2001,4,4,4,4,4.0,84.5790939331,1.8860490582361944,-0.13027062591230987,0,0,0,0,,,53
Norway,385,186.0,NOR,133,2002,4,4,4,4,4.0,83.0770492554,-1.775905377856235,-3.600694366342405,0,0,0,0,,,53
Norway,385,186.0,NOR,133,2002,4,4,4,4,4.0,84.3167419434,1.4922204135932482,1.6023640939732076,0,0,0,0,,,53
Norway,385,186.0,NOR,133,2003,4,4,4,4,4.0,85.9411315918,1.9265327513371178,1.642847787074131,0,0,0,0,,,53
Norway,385,186.0,NOR,133,2003,4,4,4,4,4.0,86.9911422729,1.2217789801597156,4.640532145090082,0,0,0,0,,,53
Norway,385,186.0,NOR,133,2004,4,4,4,4,4.0,89.0020065308,2.3115735756080946,5.459885307104928,0,0,0,0,,,53
Norway,385,186.0,NOR,133,2004,4,4,4,4,4.0,89.6414718628,0.7184841745997206,4.251836730367531,0,0,0,0,,,53
Norway,385,186.0,NOR,133,2005,4,4,4,4,4.0,94.7273178101,5.673541321459008,8.703599071666822,0,0,0,0,,,53
Norway,385,186.0,NOR,133,2005,4,4,4,4,4.0,94.8457107544,0.12498289515316952,6.517008391211898,0,0,0,0,,,53
Norway,385,186.0,NOR,133,2006,4,4,4,4,4.0,97.7635879517,3.0764461292885903,8.874970345900767,0,0,0,0,,,53
Norway,385,186.0,NOR,133,2006,4,4,4,4,4.0,97.5024719238,-0.26708924393098465,2.934339780510775,0,0,0,0,,,53
Norway,385,186.0,NOR,133,2007,4,4,4,4,4.0,98.71144104,1.23993688810764,4.049293773465246,0,0,0,0,,,53
Norway,385,186.0,NOR,133,2007,4,4,4,4,4.0,98.122467041,-0.5966623451088449,0.3761852990678105,0,0,0,0,,,53
Norway,385,186.0,NOR,133,2008,4,4,4,4,4.0,104.0654144287,6.05666323617482,6.699937779173615,0,0,0,0,,,53
Norway,385,186.0,NOR,133,2008,4,4,4,4,4.0,101.9946289063,-1.9898883156985736,3.470112575367401,0,0,0,0,,,53
Norway,385,186.0,NOR,133,2009,4,4,4,4,4.0,92.3813934326,-9.425236972558071,-5.358462052081825,0,0,0,0,,,53
Norway,385,186.0,NOR,133,2009,4,4,4,4,4.0,93.7569122314,1.4889565395044047,-9.92616874875224,0,0,0,0,,,53
Norway,385,186.0,NOR,133,2010,4,4,4,4,4.0,96.6274719238,3.0617045976463197,-4.874575835407347,0,0,0,0,,,53
Norway,385,186.0,NOR,133,2010,4,4,4,4,4.0,97.4794006348,0.8816630447206819,5.432324181871406,0,0,0,0,,,53
Norway,385,186.0,NOR,133,2011,4,4,4,4,4.0,100.9659118652,3.5766646160063864,7.520032258373388,0,0,0,0,,,53
Norway,385,186.0,NOR,133,2011,4,4,4,4,4.0,100.9971923828,0.030981265876905972,4.489308926603974,0,0,0,0,,,53
Norway,385,186.0,NOR,133,2012,4,4,4,4,4.0,100.0,-0.9873466373406026,2.62029924454269,0,0,0,0,,,53
Norway,385,186.0,NOR,133,2012,4,4,4,4,4.0,100.0,0.0,-0.9563653714636966,0,0,0,0,,,53
Norway,385,186.0,NOR,133,2013,4,4,4,4,4.0,101.2241134644,1.2241134644000118,0.2367668270594092,0,0,0,0,,,53
Norway,385,186.0,NOR,133,2013,4,4,4,4,4.0,101.0052947998,-0.21617246830910597,1.0079409960909058,0,0,0,0,,,53
Norway,385,186.0,NOR,133,2014,4,4,4,4,4.0,100.3821105957,-0.6169817189635385,0.39095927712736733,0,0,0,0,,,53
Norway,385,186.0,NOR,133,2014,4,4,4,4,4.0,100.2257843018,-0.1557312283755552,-0.9888854156481997,0,0,0,0,,,53
Norway,385,186.0,NOR,133,2015,4,4,4,4,4.0,90.0464859009,-10.156366918764226,-10.929079866103319,0,0,0,0,,,53
Norway,385,186.0,NOR,133,2015,4,4,4,4,4.0,91.0052871704,1.0647847718957104,-9.247313375244072,0,0,0,0,,,53
Norway,385,186.0,NOR,133,2016,4,4,4,4,4.0,87.6807632446,-3.653110746824073,-12.74469289369259,0,0,0,0,,,53
Norway,385,186.0,NOR,133,2016,4,4,4,4,4.0,89.1350708008,1.6586392526522165,-0.9296867222761462,0,0,0,0,,,53
Norway,385,186.0,NOR,133,2017,4,4,4,4,4.0,90.8109283447,1.8801326221473902,-0.11433887202446646,0,0,0,0,,,53
Norway,385,186.0,NOR,133,2017,4,4,4,4,4.0,92.3176956177,1.6592356233608996,5.198007498160506,0,0,0,0,,,53
Norway,385,186.0,NOR,133,2018,4,4,4,4,4.0,94.576499939,2.446772859944435,5.986141105452725,0,0,0,0,,,53
Norway,385,186.0,NOR,133,2018,4,4,4,4,4.0,95.9883422852,1.4928046048549248,5.598813088160259,0,0,0,0,,,53
Norway,385,186.0,NOR,133,2019,4,4,4,4,4.0,89.7954330444,-6.451730588699689,-2.5121531239003296,0,0,0,0,,,53
Norway,385,186.0,NOR,133,2019,4,4,4,4,4.0,92.2926712036,2.7810302534709175,-2.177895730373847,0,0,0,0,,,53
Norway,385,186.0,NOR,133,2020,4,4,4,3,4.0,85.080619812,-7.814327288989209,-11.485027624217981,0,0,0,0,,,53
Norway,385,186.0,NOR,133,2020,4,4,4,3,4.0,87.4920196533,2.834252790621883,-2.1990442448964087,0,0,0,0,,,53
Norway,385,186.0,NOR,133,2021,4,4,4,3,4.0,98.4632034302,12.539639409828363,7.559564911461036,0,0,0,0,,,53
Norway,385,186.0,NOR,133,2021,4,4,4,3,4.0,98.2173995972,-0.2496402965136535,15.124251903936592,0,0,0,0,,,53
Norway,385,186.0,NOR,133,2022,4,4,4,4,4.0,106.2287979126,8.156801491645682,20.44680060496039,0,0,1,0,,,53
Norway,385,186.0,NOR,133,2022,4,4,4,4,4.0,104.1870193481,-1.9220574878197172,5.985103707312311,0,0,0,0,,,53
Norway,385,186.0,NOR,133,2023,4,4,4,4,4.0,96.5493774414,-7.330703915409864,-1.0959599115838987,0,0,0,0,,,53
Norway,385,186.0,NOR,133,2023,4,4,4,4,4.0,97.4304046631,0.9125146583516264,-8.340246744877955,0,0,0,0,,,53
Norway,385,186.0,NOR,133,2024,4,4,4,4,4.0,94.9125061035,-2.5843047335239344,-9.00249399058217,0,0,0,0,,,53
Norway,385,186.0,NOR,133,2024,4,4,4,4,4.0,96.256690979,1.4162357846016604,-0.2555542905706476,0,0,0,0,,,53
New Zealand,920,185.0,NZL,128,1975,4,4,4,4,4.0,103.4958267212,,,0,0,0,0,,,54
New Zealand,920,185.0,NZL,128,1975,4,4,4,4,4.0,100.845085144,-2.561206244905556,-2.561206244905556,0,0,0,0,,,54
New Zealand,920,185.0,NZL,128,1976,4,4,4,4,4.0,104.8428268433,3.964240491831106,1.4030342469255497,0,0,0,0,,,54
New Zealand,920,185.0,NZL,128,1976,4,4,4,4,4.0,102.0557785034,-2.658310943929021,-1.2552766970034712,0,0,0,0,,,54
New Zealand,920,185.0,NZL,128,1977,4,4,4,4,4.0,105.098197937,2.9811339232482803,4.287063471150365,0,0,0,0,,,54
New Zealand,920,185.0,NZL,128,1977,4,4,4,4,4.0,102.5238647461,-2.4494551204799375,-2.126632141160678,0,0,0,0,,,54
New Zealand,920,185.0,NZL,128,1978,4,4,4,4,4.0,105.6311950684,3.0308361180055865,3.5625149207739293,0,0,0,0,,,54
New Zealand,920,185.0,NZL,128,1978,4,4,4,4,4.0,102.8129653931,-2.6679899564471476,-2.0866089589214987,0,0,0,0,,,54
New Zealand,920,185.0,NZL,128,1979,4,4,4,4,4.0,106.4830627441,3.569683392525036,3.932529554083475,0,0,0,0,,,54
New Zealand,920,185.0,NZL,128,1979,4,4,4,4,4.0,103.0511245728,-3.222989725180636,-2.3212962891027478,0,0,0,0,,,54
New Zealand,920,185.0,NZL,128,1980,4,4,4,4,4.0,104.6249237061,1.5272022889844417,1.8738959563288415,0,0,0,0,,,54
New Zealand,920,185.0,NZL,128,1980,4,4,4,4,4.0,101.948677063,-2.557943698594989,-4.253731134791183,0,0,0,0,,,54
New Zealand,920,185.0,NZL,128,1981,4,4,4,4,4.0,102.8144760132,0.8492498138695348,-0.18149159574101237,0,0,0,0,,,54
New Zealand,920,185.0,NZL,128,1981,4,4,4,4,4.0,100.6344604492,-2.120339127848203,-3.829033012573657,0,0,0,0,,,54
New Zealand,920,185.0,NZL,128,1982,4,4,4,4,4.0,102.3957138062,1.7501493515624134,0.47906003758374505,0,0,0,0,,,54
New Zealand,920,185.0,NZL,128,1982,4,4,4,4,4.0,100.5542984009,-1.7983325051917465,-2.1685222814775362,0,0,0,0,,,54
New Zealand,920,185.0,NZL,128,1983,4,4,4,4,4.0,101.8696136475,1.3080646650787342,1.259881511449401,0,0,0,0,,,54
New Zealand,920,185.0,NZL,128,1983,4,4,4,4,4.0,100.2843475342,-1.5561717145463172,-2.0464395546593295,0,0,0,0,,,54
New Zealand,920,185.0,NZL,128,1984,4,4,4,4,4.0,101.5308074951,1.2429257322284837,0.9948186827609007,0,0,0,0,,,54
New Zealand,920,185.0,NZL,128,1984,4,4,4,4,4.0,99.9382858276,-1.5685107868140036,-1.881756769131837,0,0,0,0,,,54
New Zealand,920,185.0,NZL,128,1985,4,4,4,4,4.0,100.8352508545,0.8975189232756309,0.571933868690111,0,0,0,0,,,54
New Zealand,920,185.0,NZL,128,1985,4,4,4,4,4.0,99.5385971069,-1.285913147051132,-1.9569050105895047,0,0,0,0,,,54
New Zealand,920,185.0,NZL,128,1986,4,4,4,4,4.0,100.727684021,1.194598827651716,0.806204603876215,0,0,0,0,,,54
New Zealand,920,185.0,NZL,128,1986,4,4,4,4,4.0,99.2635574341,-1.4535493406110267,-1.5448636600104426,0,0,0,0,,,54
New Zealand,920,185.0,NZL,128,1987,4,4,4,4,4.0,101.7958526611,2.5510824843056445,2.292131971346334,0,0,0,0,,,54
New Zealand,920,185.0,NZL,128,1987,4,4,4,4,4.0,99.8914031982,-1.8708517224570231,-0.7733185787624053,0,0,0,0,,,54
New Zealand,920,185.0,NZL,128,1988,4,4,4,4,4.0,102.6365432739,2.7481244509632408,3.428355212811862,0,0,0,0,,,54
New Zealand,920,185.0,NZL,128,1988,4,4,4,4,4.0,100.2037811279,-2.370268978669554,-1.4929962501633365,0,0,0,0,,,54
New Zealand,920,185.0,NZL,128,1989,4,4,4,4,4.0,101.5044250488,1.2979988442151313,1.675854316508818,0,0,0,0,,,54
New Zealand,920,185.0,NZL,128,1989,4,4,4,4,4.0,99.5719909668,-1.9037929440720913,-2.976063078526514,0,0,0,0,,,54
New Zealand,920,185.0,NZL,128,1990,4,4,4,4,4.0,101.1397247314,1.5744726497662453,0.9686785499092854,0,0,0,0,,,54
New Zealand,920,185.0,NZL,128,1990,4,4,4,4,4.0,99.5788345337,-1.5433008166131468,-1.8726211109189927,0,0,0,0,,,54
New Zealand,920,185.0,NZL,128,1991,4,4,4,4,4.0,99.4060516357,-0.17351367768974058,-0.142341844536642,0,0,0,0,,,54
New Zealand,920,185.0,NZL,128,1991,4,4,4,4,4.0,98.2323074341,-1.1807572902115648,-2.897571784514452,0,0,0,0,,,54
New Zealand,920,185.0,NZL,128,1992,4,4,4,4,4.0,99.5725021362,1.3643115356921642,0.010040567790858823,0,0,0,0,,,54
New Zealand,920,185.0,NZL,128,1992,4,4,4,4,4.0,98.4905929565,-1.0865541755896824,-0.902999930109083,0,0,0,0,,,54
New Zealand,920,185.0,NZL,128,1993,4,4,4,4,4.0,99.743888855,1.2725031506852114,1.5502605107876932,0,0,0,0,,,54
New Zealand,920,185.0,NZL,128,1993,4,4,4,4,4.0,98.6265106201,-1.1202473131204482,-0.9342983380249192,0,0,0,0,,,54
New Zealand,920,185.0,NZL,128,1994,4,4,4,4,4.0,100.1743774414,1.5694226750677887,1.7216785126325518,0,0,0,0,,,54
New Zealand,920,185.0,NZL,128,1994,4,4,4,4,4.0,99.1242218018,-1.0483275927662405,-0.5991522308189001,0,0,0,0,,,54
New Zealand,920,185.0,NZL,128,1995,4,4,4,4,4.0,99.6426315308,0.5229899610577071,1.0440850433592552,0,0,0,0,,,54
New Zealand,920,185.0,NZL,128,1995,4,4,4,4,4.0,98.7046356201,-0.9413600346454665,-1.466697666354,0,0,0,0,,,54
New Zealand,920,185.0,NZL,128,1996,4,4,4,4,4.0,99.2024536133,0.5043511787187205,0.08598110513096113,0,0,0,0,,,54
New Zealand,920,185.0,NZL,128,1996,4,4,4,4,4.0,98.4415664673,-0.7670043615715327,-1.2040132174982787,0,0,0,0,,,54
New Zealand,920,185.0,NZL,128,1997,4,4,4,4,4.0,99.6148681641,1.191876296675698,0.9292231138228857,0,0,0,0,,,54
New Zealand,920,185.0,NZL,128,1997,4,4,4,4,4.0,98.918586731,-0.6989734021963234,-0.2741014670921582,0,0,0,0,,,54
New Zealand,920,185.0,NZL,128,1998,4,4,4,4,4.0,98.6355133057,-0.2861680849422066,0.20673480953716794,0,0,0,0,,,54
New Zealand,920,185.0,NZL,128,1998,4,4,4,4,4.0,97.7948455811,-0.8522972065796663,-1.8374386937181963,0,0,0,0,,,54
New Zealand,920,185.0,NZL,128,1999,4,4,4,4,4.0,98.7192611694,0.9452600316582016,-0.19320525986367132,0,0,0,0,,,54
New Zealand,920,185.0,NZL,128,1999,4,4,4,4,4.0,97.9472503662,-0.7820265205138122,-0.6890636954352769,0,0,0,0,,,54
New Zealand,920,185.0,NZL,128,2000,4,4,4,4,4.0,99.206199646,1.2853339681237808,1.4485674792681702,0,0,0,0,,,54
New Zealand,920,185.0,NZL,128,2000,4,4,4,4,4.0,98.5624237061,-0.6489271257211771,-0.14561967811120846,0,0,0,0,,,54
New Zealand,920,185.0,NZL,128,2001,4,4,4,4,4.0,99.3975906372,0.8473482080659345,1.4837550504685382,0,0,0,0,,,54
New Zealand,920,185.0,NZL,128,2001,4,4,4,4,4.0,98.8635253906,-0.537302004179685,-0.3388809218349276,0,0,0,0,,,54
New Zealand,920,185.0,NZL,128,2002,4,4,4,4,4.0,99.6658401489,0.811537677955676,1.1215838818419255,0,0,0,0,,,54
New Zealand,920,185.0,NZL,128,2002,4,4,4,4,4.0,99.3430099487,-0.3239125860151293,-0.04967691223913828,0,0,0,0,,,54
New Zealand,920,185.0,NZL,128,2003,4,4,4,4,4.0,99.8164672852,0.4765884753688221,0.9642135673093688,0,0,0,0,,,54
New Zealand,920,185.0,NZL,128,2003,4,4,4,4,4.0,99.5370864868,-0.27989449636776076,-0.12721860701406795,0,0,0,0,,,54
New Zealand,920,185.0,NZL,128,2004,4,4,4,4,4.0,100.3156280518,0.782162299981759,0.9788562789828203,0,0,0,0,,,54
New Zealand,920,185.0,NZL,128,2004,4,4,4,4,4.0,99.9222106934,-0.3921795297905595,0.11008827382343878,0,0,0,0,,,54
New Zealand,920,185.0,NZL,128,2005,4,4,4,4,4.0,100.3395462036,0.4176604053332422,0.8076431755244418,0,0,0,0,,,54
New Zealand,920,185.0,NZL,128,2005,4,4,4,4,4.0,99.9331588745,-0.4050121258027173,-0.37953125026003454,0,0,0,0,,,54
New Zealand,920,185.0,NZL,128,2006,4,4,4,4,4.0,100.6217651367,0.6890668422327995,0.7017151217633244,0,0,0,0,,,54
New Zealand,920,185.0,NZL,128,2006,4,4,4,4,4.0,100.347946167,-0.27212697901691785,0.01192773741316433,0,0,0,0,,,54
New Zealand,920,185.0,NZL,128,2007,4,4,4,4,4.0,100.5974273682,0.24861615083262567,0.6655560140485073,0,0,0,0,,,54
New Zealand,920,185.0,NZL,128,2007,4,4,4,4,4.0,100.5372924805,-0.05977775900759541,-0.08328858719188759,0,0,0,0,,,54
New Zealand,920,185.0,NZL,128,2008,4,4,4,4,4.0,100.5657730103,0.02832832384613848,0.21716671567116874,0,0,0,0,,,54
New Zealand,920,185.0,NZL,128,2008,4,4,4,4,4.0,100.2844009399,-0.2797890991910301,-0.31123853435248705,0,0,0,0,,,54
New Zealand,920,185.0,NZL,128,2009,4,4,4,4,4.0,99.3741836548,-0.9076359598991668,-1.1590967352440584,0,0,0,0,,,54
New Zealand,920,185.0,NZL,128,2009,4,4,4,4,4.0,98.9008178711,-0.47634684008509565,-1.6637718991752926,0,0,0,0,,,54
New Zealand,920,185.0,NZL,128,2010,4,4,4,4,4.0,100.4041976929,1.5200883614121308,0.13610556142786834,0,0,0,0,,,54
New Zealand,920,185.0,NZL,128,2010,4,4,4,4,4.0,100.4006881714,-0.0034953932013137567,1.0402461281257214,0,0,0,0,,,54
New Zealand,920,185.0,NZL,128,2011,4,4,4,4,4.0,100.9772415161,0.5742523833260238,2.090845351536841,0,0,0,0,,,54
New Zealand,920,185.0,NZL,128,2011,4,4,4,4,4.0,101.3489456177,0.36810680903849313,0.9388637991632032,0,0,0,0,,,54
New Zealand,920,185.0,NZL,128,2012,4,4,4,4,4.0,100.0,-1.3309912693007964,-0.38863207693627944,0,0,0,0,,,54
New Zealand,920,185.0,NZL,128,2012,4,4,4,4,4.0,100.0,0.0,-0.9628844602623032,0,0,0,0,,,54
New Zealand,920,185.0,NZL,128,2013,4,4,4,4,4.0,100.4796218872,0.479621887199988,-0.8513693821008084,0,0,0,0,,,54
New Zealand,920,185.0,NZL,128,2013,4,4,4,4,4.0,100.5430374146,0.06311282448014932,0.5427347116801373,0,0,0,0,,,54
New Zealand,920,185.0,NZL,128,2014,4,4,4,4,4.0,101.0397338867,0.4940137923741261,1.0367485040542634,0,0,0,0,,,54
New Zealand,920,185.0,NZL,128,2014,4,4,4,4,4.0,101.2869873047,0.24470909461939971,0.8018357114736752,0,0,0,0,,,54
New Zealand,920,185.0,NZL,128,2015,4,4,4,4,4.0,99.9141159058,-1.3554272226204311,-0.6167043356269053,0,0,0,0,,,54
New Zealand,920,185.0,NZL,128,2015,4,4,4,4,4.0,99.9985961914,0.08455290309494767,-1.0261652249060838,0,0,0,0,,,54
New Zealand,920,185.0,NZL,128,2016,4,4,4,4,4.0,99.9280700684,-0.07052711306567705,-1.3414014325911605,0,0,0,0,,,54
New Zealand,920,185.0,NZL,128,2016,4,4,4,4,4.0,100.1731109619,0.24521727812041316,0.2592430681496838,0,0,0,0,,,54
New Zealand,920,185.0,NZL,128,2017,4,4,4,4,4.0,100.5372238159,0.36348362400215883,0.538173789056895,0,0,0,0,,,54
New Zealand,920,185.0,NZL,128,2017,4,4,4,4,4.0,101.126449585,0.5860772226802036,1.1947781248027756,0,0,0,0,,,54
New Zealand,920,185.0,NZL,128,2018,4,4,4,4,4.0,100.805229187,-0.31764231743349747,0.6319185292488649,0,0,0,0,,,54
New Zealand,920,185.0,NZL,128,2018,4,4,4,4,4.0,101.5322875977,0.7212506896356219,0.989685594882328,0,0,0,0,,,54
New Zealand,920,185.0,NZL,128,2019,4,4,4,4,4.0,100.4991073608,-1.0175878642602498,-0.6139794920581254,0,0,0,0,,,54
New Zealand,920,185.0,NZL,128,2019,4,4,4,4,4.0,100.9337615967,0.43249561843325957,0.13615844380863162,0,0,0,0,,,54
New Zealand,920,185.0,NZL,128,2020,4,4,4,3,4.0,100.2606430054,-0.6668914153715622,-1.2519836611985524,0,0,0,0,,,54
New Zealand,920,185.0,NZL,128,2020,4,4,4,3,4.0,100.1947555542,-0.06571616660832058,-0.3001119635466232,0,0,0,0,,,54
New Zealand,920,185.0,NZL,128,2021,4,4,4,3,4.0,101.2426452637,1.045852852980067,0.3132452710001843,0,0,0,0,,,54
New Zealand,920,185.0,NZL,128,2021,4,4,4,3,4.0,101.5844726563,0.3376318266967937,1.3177685130685401,0,0,0,0,,,54
New Zealand,920,185.0,NZL,128,2022,4,4,4,4,4.0,101.1740112305,-0.40405921797590505,0.9794254617009557,0,0,0,0,,,54
New Zealand,920,185.0,NZL,128,2022,4,4,4,4,4.0,101.3533935547,0.17730079297866297,0.11087340169955162,0,0,0,0,,,54
New Zealand,920,185.0,NZL,128,2023,4,4,4,4,4.0,100.1058197021,-1.2309147319538805,-1.4576731569511225,0,0,0,0,,,54
New Zealand,920,185.0,NZL,128,2023,4,4,4,4,4.0,100.0109710693,-0.09474837035675643,-1.148362309331974,0,0,0,0,,,54
New Zealand,920,185.0,NZL,128,2024,4,4,4,4,4.0,100.2968826294,0.28588019598558834,-1.0397829063250486,0,0,0,0,,,54
New Zealand,920,185.0,NZL,128,2024,4,4,4,4,4.0,100.2981491089,0.00126273067198035,0.19239455630081226,0,0,0,0,,,54
Pakistan,770,29.0,PAK,135,1975,3,3,3,3,2.0,100.9714126587,,,0,0,0,0,,,55
Pakistan,770,29.0,PAK,135,1975,3,3,3,3,2.0,100.3571853638,-0.6083180166808089,-0.6083180166808089,0,0,0,0,,,55
Pakistan,770,29.0,PAK,135,1976,2,2,3,2,1.0,100.7553863525,0.39678373527167743,-0.21153428140913144,0,0,0,0,,,55
Pakistan,770,29.0,PAK,135,1976,2,2,3,2,1.0,100.3619384766,-0.39049810649675054,-0.602032387905882,0,0,0,0,,,55
Pakistan,770,29.0,PAK,135,1977,2,2,3,2,1.0,100.754234314,0.39088108834353097,0.39716671711845786,0,0,0,0,,,55
Pakistan,770,29.0,PAK,135,1977,2,2,3,2,1.0,100.3487701416,-0.40242891543036396,-0.40204593358358354,0,0,0,0,,,55
Pakistan,770,29.0,PAK,135,1978,2,2,3,2,1.0,100.8884353638,0.5377895727456172,0.5262417456587842,0,0,0,0,,,55
Pakistan,770,29.0,PAK,135,1978,2,2,3,2,1.0,100.4244613647,-0.4598881897879936,-0.32452753247274035,0,0,0,0,,,55
Pakistan,770,29.0,PAK,135,1979,2,2,3,2,1.0,100.7719039917,0.34597410061103506,0.4238754835686587,0,0,0,0,,,55
Pakistan,770,29.0,PAK,135,1979,2,2,3,2,1.0,100.475112915,-0.2945176829490581,-0.40843177212601667,0,0,0,0,,,55
Pakistan,770,29.0,PAK,135,1980,2,2,3,2,1.0,100.7945404053,0.3179170254530961,0.36937344311507303,0,0,0,0,,,55
Pakistan,770,29.0,PAK,135,1980,2,2,3,2,1.0,100.4161834717,-0.3753744320660779,-0.35197508956203993,0,0,0,0,,,55
Pakistan,770,29.0,PAK,135,1981,2,2,3,2,1.0,100.6915740967,0.27424924497116976,0.21679183835818794,0,0,0,0,,,55
Pakistan,770,29.0,PAK,135,1981,2,2,3,2,1.0,100.3003005981,-0.38858613752947857,-0.4897113246243867,0,0,0,0,,,55
Pakistan,770,29.0,PAK,135,1982,2,2,3,2,1.0,100.1500549316,-0.14979582873039243,-0.26413272128870124,0,0,0,0,,,55
Pakistan,770,29.0,PAK,135,1982,2,2,3,2,1.0,99.9242782593,-0.22543839087677542,-0.7638203571366464,0,0,0,0,,,55
Pakistan,770,29.0,PAK,135,1983,2,2,3,2,1.0,100.2119140625,0.28785377108613286,-0.08738044852103499,0,0,0,0,,,55
Pakistan,770,29.0,PAK,135,1983,2,2,3,2,1.0,99.9609146118,-0.2504686723611038,-0.18805329215174638,0,0,0,0,,,55
Pakistan,770,29.0,PAK,135,1984,2,2,3,2,1.0,100.1058731079,0.1450151758444207,0.18240027456944974,0,0,0,0,,,55
Pakistan,770,29.0,PAK,135,1984,2,2,3,2,1.0,99.8971481323,-0.2085042256961489,-0.313957722212832,0,0,0,0,,,55
Pakistan,770,29.0,PAK,135,1985,2,2,3,2,2.0,99.8218688965,-0.07535674161618378,-0.13884579146791198,0,0,0,0,,,55
Pakistan,770,29.0,PAK,135,1985,2,2,3,2,2.0,99.6504135132,-0.17176134367689055,-0.45562231098922323,0,0,0,0,,,55
Pakistan,770,29.0,PAK,135,1986,2,3,3,3,2.0,99.516418457,-0.1344651281173448,-0.3815832134104191,0,0,0,0,,,55
Pakistan,770,29.0,PAK,135,1986,2,3,3,3,2.0,99.3215713501,-0.19579393020879854,-0.5020204020030339,0,0,0,0,,,55
Pakistan,770,29.0,PAK,135,1987,2,2,3,3,2.0,99.771812439,0.4533165180330645,0.12305745970692117,0,0,0,0,,,55
Pakistan,770,29.0,PAK,135,1987,2,2,3,3,2.0,99.4975967407,-0.27484285550856136,-0.0173202676842954,0,0,0,0,,,55
Pakistan,770,29.0,PAK,135,1988,3,3,3,3,2.0,99.5953445435,0.09824137064811111,0.27671503317261426,0,0,0,0,,,55
Pakistan,770,29.0,PAK,135,1988,3,3,3,3,2.0,99.4388427734,-0.15713763611877596,-0.3337391209792262,0,0,0,0,,,55
Pakistan,770,29.0,PAK,135,1989,3,3,2,3,2.0,99.7562866211,0.3192352594281411,0.2603389939574763,0,0,0,0,,,55
Pakistan,770,29.0,PAK,135,1989,3,3,2,3,2.0,99.5519485474,-0.2048372895796846,-0.04273966627031944,0,0,0,0,,,55
Pakistan,770,29.0,PAK,135,1990,3,3,2,3,1.0,99.7491378784,0.19807681705608093,0.31247478690453745,0,0,0,0,,,55
Pakistan,770,29.0,PAK,135,1990,3,3,2,3,1.0,99.5254974365,-0.22420288200649674,-0.23096335453010042,0,0,0,0,,,55
Pakistan,770,29.0,PAK,135,1991,2,3,2,3,1.0,99.5422058105,0.01678803365001702,-0.009338031300398786,0,0,0,0,,,55
Pakistan,770,29.0,PAK,135,1991,2,3,2,3,1.0,99.3813552856,-0.16159027579337737,-0.3690051241498571,0,0,0,0,,,55
Pakistan,770,29.0,PAK,135,1992,2,2,2,3,1.0,99.2648925781,-0.11718768290621684,-0.2619899250495772,0,0,0,0,,,55
Pakistan,770,29.0,PAK,135,1992,2,2,2,3,1.0,99.2224273682,-0.04277968655089781,-0.321557645250492,0,0,0,0,,,55
Pakistan,770,29.0,PAK,135,1993,2,2,2,3,2.0,99.2160720825,-0.00640508992630906,-0.1663724593834237,0,0,0,0,,,55
Pakistan,770,29.0,PAK,135,1993,2,2,2,3,2.0,99.1235580444,-0.09324501177901956,-0.14242978825622643,0,0,0,0,,,55
Pakistan,770,29.0,PAK,135,1994,2,3,2,3,2.0,99.46875,0.34824411311524806,0.24859401140991944,0,0,0,0,,,55
Pakistan,770,29.0,PAK,135,1994,2,3,2,3,2.0,99.3352432251,-0.13421981768143576,0.12077928365479274,0,0,0,0,,,55
Pakistan,770,29.0,PAK,135,1995,2,3,2,3,2.0,99.5973052979,0.26381580624526,0.4778401016790723,0,0,0,0,,,55
Pakistan,770,29.0,PAK,135,1995,2,3,2,3,2.0,99.4989700317,-0.09873285818915445,0.03086313037466981,0,0,0,0,,,55
Pakistan,770,29.0,PAK,135,1996,2,3,2,3,2.0,99.5148925781,0.01600272484723053,0.1810856729033361,0,0,0,0,,,55
Pakistan,770,29.0,PAK,135,1996,2,3,2,3,2.0,99.4405212402,-0.07473387748636595,-0.15746401082828987,0,0,0,0,,,55
Pakistan,770,29.0,PAK,135,1997,2,2,2,3,2.0,99.5148849487,0.07478209845699357,0.016050945817858153,0,0,0,0,,,55
Pakistan,770,29.0,PAK,135,1997,2,2,2,3,2.0,99.4058990479,-0.10951718514892184,-0.10946896417829421,0,0,0,0,,,55
Pakistan,770,29.0,PAK,135,1998,2,2,2,3,2.0,99.4523239136,0.04670232465544544,0.011967237963517174,0,0,0,0,,,55
Pakistan,770,29.0,PAK,135,1998,2,2,2,3,2.0,99.2817382813,-0.17152503389282758,-0.23433989438630398,0,0,0,0,,,55
Pakistan,770,29.0,PAK,135,1999,2,2,2,3,1.0,99.2506027222,-0.03136081180586947,-0.15618352104325162,0,0,0,0,,,55
Pakistan,770,29.0,PAK,135,1999,2,2,2,3,1.0,99.0690841675,-0.18288912079261754,-0.3857749664913146,0,0,0,0,,,55
Pakistan,770,29.0,PAK,135,2000,2,2,2,3,1.0,99.2186355591,0.15095667115196942,-0.06329326144651759,0,0,0,0,,,55
Pakistan,770,29.0,PAK,135,2000,2,2,2,3,1.0,99.1002731323,-0.11929455200931915,-0.15122700164996727,0,0,0,0,,,55
Pakistan,770,29.0,PAK,135,2001,2,2,2,3,1.0,99.1362991333,0.03635307942280175,0.06801519856545202,0,0,0,0,,,55
Pakistan,770,29.0,PAK,135,2001,2,2,2,3,1.0,98.9516601563,-0.1862475991278867,-0.2691890717144041,0,0,0,0,,,55
Pakistan,770,29.0,PAK,135,2002,2,2,2,3,2.0,99.1941375732,0.2450463352681398,0.09515181556305485,0,0,0,0,,,55
Pakistan,770,29.0,PAK,135,2002,2,2,2,3,2.0,99.0311737061,-0.16428780075811167,-0.10548906461785856,0,0,0,0,,,55
Pakistan,770,29.0,PAK,135,2003,2,2,2,3,2.0,99.2576980591,0.22874045063048243,0.30949898514051055,0,0,0,0,,,55
Pakistan,770,29.0,PAK,135,2003,2,2,2,3,2.0,99.1784973145,-0.07979304995853198,-0.015340400086161221,0,0,0,0,,,55
Pakistan,770,29.0,PAK,135,2004,2,2,2,3,2.0,99.3409042358,0.16375214960657747,0.3126995502785279,0,0,0,0,,,55
Pakistan,770,29.0,PAK,135,2004,2,2,2,3,2.0,99.2621154785,-0.07931149601073662,0.0046476036373088725,0,0,0,0,,,55
Pakistan,770,29.0,PAK,135,2005,2,2,2,3,2.0,99.4535598755,0.1928675367003141,0.27730819029615494,0,0,0,0,,,55
Pakistan,770,29.0,PAK,135,2005,2,2,2,3,2.0,99.346572876,-0.10757483154342218,0.005981209146155297,0,0,0,0,,,55
Pakistan,770,29.0,PAK,135,2006,2,2,2,3,2.0,99.5872802734,0.242290589832872,0.3275832949897639,0,0,0,0,,,55
Pakistan,770,29.0,PAK,135,2006,2,2,2,3,2.0,99.4809646606,-0.10675621676596858,0.027959541523481235,0,0,0,0,,,55
Pakistan,770,29.0,PAK,135,2007,2,2,2,2,1.0,99.6610031128,0.18097779089119026,0.3165121639580937,0,0,0,0,,,55
Pakistan,770,29.0,PAK,135,2007,2,2,2,2,1.0,99.5525436401,-0.10882839758019625,-0.03460682345497457,0,0,0,0,,,55
Pakistan,770,29.0,PAK,135,2008,2,2,2,3,1.0,100.2422103882,0.6927665762044732,0.7649159695154673,0,0,0,0,,,55
Pakistan,770,29.0,PAK,135,2008,2,2,2,3,1.0,100.050567627,-0.1911797040965335,0.3927584745277435,0,0,0,0,,,55
Pakistan,770,29.0,PAK,135,2009,2,2,2,2,2.0,99.7502212524,-0.30019457332789434,0.2013922987800454,0,0,0,0,,,55
Pakistan,770,29.0,PAK,135,2009,2,2,2,2,2.0,99.6819534302,-0.06843876769682122,-0.5598130451212491,0,0,0,0,,,55
Pakistan,770,29.0,PAK,135,2010,2,2,2,2,2.0,99.9177627563,0.23656170248018693,-0.13207163854452864,0,0,0,0,,,55
Pakistan,770,29.0,PAK,135,2010,2,2,2,2,2.0,99.9963302612,0.07863216982912924,0.24675510461249495,0,0,0,0,,,55
Pakistan,770,29.0,PAK,135,2011,2,2,2,2,2.0,100.1397857666,0.1434607700355306,0.45865464234484676,0,0,0,0,,,55
Pakistan,770,29.0,PAK,135,2011,2,2,2,2,2.0,100.2588119507,0.1188600346893276,0.34095297455398743,0,0,0,0,,,55
Pakistan,770,29.0,PAK,135,2012,2,2,2,2,2.0,100.0,-0.2581438435828032,0.0041769611420550135,0,0,0,0,,,55
Pakistan,770,29.0,PAK,135,2012,2,2,2,2,2.0,100.0,0.0,-0.13928380889347558,0,0,0,0,,,55
Pakistan,770,29.0,PAK,135,2013,2,2,2,2,2.0,100.010887146,0.010887145999993741,-0.24725669758280944,0,0,0,0,,,55
Pakistan,770,29.0,PAK,135,2013,2,2,2,2,2.0,100.0448684692,0.033977624006453766,0.04486477000644751,0,0,0,0,,,55
Pakistan,770,29.0,PAK,135,2014,2,2,2,2,2.0,99.8296737671,-0.215098190834484,-0.1702334208280365,0,0,0,0,,,55
Pakistan,770,29.0,PAK,135,2014,2,2,2,2,2.0,99.9070205688,0.07747876836745604,-0.1036417984605742,0,0,0,0,,,55
Pakistan,770,29.0,PAK,135,2015,2,2,2,2,2.0,99.4863891602,-0.42102287327278054,-0.5586422957398085,0,0,0,0,,,55
Pakistan,770,29.0,PAK,135,2015,2,2,2,2,2.0,99.5723190308,0.08637349422906393,-0.25717061067626057,0,0,0,0,,,55
Pakistan,770,29.0,PAK,135,2016,2,2,2,2,2.0,99.5825576782,0.010282624226953807,-0.3243667548167628,0,0,0,0,,,55
Pakistan,770,29.0,PAK,135,2016,2,2,2,2,2.0,99.6418685913,0.05955953982590412,0.15621565828192185,0,0,0,0,,,55
Pakistan,770,29.0,PAK,135,2017,2,2,2,2,2.0,99.6431350708,0.001271031462879435,0.07111319551573736,0,0,0,0,,,55
Pakistan,770,29.0,PAK,135,2017,2,2,2,2,2.0,99.7447280884,0.10195686589729025,0.1627874371860738,0,0,0,0,,,55
Pakistan,770,29.0,PAK,135,2018,2,2,2,2,2.0,99.6337738037,-0.11123824469365662,-0.008010347333486934,0,0,0,0,,,55
Pakistan,770,29.0,PAK,135,2018,2,2,2,2,2.0,99.7711791992,0.13791045973099436,0.128629080934628,0,0,0,0,,,55
Pakistan,770,29.0,PAK,135,2019,2,2,2,2,2.0,99.4687423706,-0.3031304541326274,-0.27645823909528966,0,0,0,0,,,55
Pakistan,770,29.0,PAK,135,2019,2,2,2,2,2.0,99.5497360229,0.08142623538784921,-0.08379375901378383,0,0,0,0,,,55
Pakistan,770,29.0,PAK,135,2020,2,2,2,2,2.0,99.5639572144,0.014285514023582024,-0.20741870472119617,0,0,0,0,,,55
Pakistan,770,29.0,PAK,135,2020,2,2,2,2,2.0,99.5612716675,-0.00269730831833348,0.09301444109309775,0,0,0,0,,,55
Pakistan,770,29.0,PAK,135,2021,2,2,2,2,2.0,99.7067260742,0.1460953684739863,0.15768357417923484,0,0,0,0,,,55
Pakistan,770,29.0,PAK,135,2021,2,2,2,2,2.0,99.7761535645,0.069631701925843,0.21302976208149582,0,0,0,0,,,55
Pakistan,770,29.0,PAK,135,2022,2,2,2,2,2.0,99.6872634888,-0.08908949936874411,0.1266375710310852,0,0,0,0,,,55
Pakistan,770,29.0,PAK,135,2022,2,2,2,2,2.0,99.8153076172,0.12844582539313087,0.10898802795022977,0,0,0,0,,,55
Pakistan,770,29.0,PAK,135,2023,2,2,2,2,2.0,99.8614883423,0.04626617520140375,0.08562250122579051,0,0,0,0,,,55
Pakistan,770,29.0,PAK,135,2023,2,2,2,2,2.0,99.8364181519,-0.025104963701383376,0.14960703689315125,0,0,0,0,,,55
Pakistan,770,29.0,PAK,135,2024,2,2,2,2,2.0,99.8640518188,0.027678944629139224,0.048840156129159595,0,0,0,0,,,55
Pakistan,770,29.0,PAK,135,2024,2,2,2,2,2.0,99.8118362427,-0.052286658861733226,-0.04971267793397738,0,0,0,0,,,55
Panama,95,92.0,PAN,137,1975,2,2,4,3,2.0,101.4796066284,,,0,0,0,0,,,56
Panama,95,92.0,PAN,137,1975,2,2,4,3,2.0,100.2109527588,-1.2501564715811209,-1.2501564715811209,0,0,0,0,,,56
Panama,95,92.0,PAN,137,1976,2,2,4,3,2.0,101.4320983887,1.2185750122935213,-0.03158145928759959,0,0,0,0,,,56
Panama,95,92.0,PAN,137,1976,2,2,4,3,2.0,100.7139434814,-0.7080154297389618,-0.7395968890265614,0,0,0,0,,,56
Panama,95,92.0,PAN,137,1977,2,2,4,3,2.0,101.1291046143,0.4122181284428539,0.9227777109974133,0,0,0,0,,,56
Panama,95,92.0,PAN,137,1977,2,2,4,3,2.0,100.791557312,-0.3337785928070769,-0.6295758941031848,0,0,0,0,,,56
Panama,95,92.0,PAN,137,1978,2,3,4,3,2.0,100.1519393921,-0.6345947388431084,-0.5561552032073314,0,0,0,0,,,56
Panama,95,92.0,PAN,137,1978,2,3,4,3,2.0,100.3795471191,0.2272624258516709,-0.7411109057985144,0,0,0,0,,,56
Panama,95,92.0,PAN,137,1979,2,3,4,3,2.0,101.9308395386,1.5454267966156454,1.138094483624208,0,0,0,0,,,56
Panama,95,92.0,PAN,137,1979,2,3,4,3,2.0,100.6508712769,-1.2557222794336798,0.5169669430336366,0,0,0,0,,,56
Panama,95,92.0,PAN,137,1980,2,3,4,3,2.0,102.3797988892,1.7177472885888445,2.00745180577081,0,0,0,0,,,56
Panama,95,92.0,PAN,137,1980,2,3,4,3,2.0,100.5846405029,-1.753430272160239,-1.2914052630050743,0,0,0,0,,,56
Panama,95,92.0,PAN,137,1981,2,3,4,3,2.0,101.3348083496,0.7458075536675768,0.7101245700961822,0,0,0,0,,,56
Panama,95,92.0,PAN,137,1981,2,3,4,3,2.0,100.1206130981,-1.1982015570711768,-2.205824275563839,0,0,0,0,,,56
Panama,95,92.0,PAN,137,1982,2,3,4,3,1.0,100.7369308472,0.615575284678016,0.163181281274416,0,0,0,0,,,56
Panama,95,92.0,PAN,137,1982,2,3,4,3,1.0,100.0735702515,-0.6585078482351236,-1.2411341206282844,0,0,0,0,,,56
Panama,95,92.0,PAN,137,1983,2,3,4,3,1.0,100.894744873,0.8205709254064386,0.777638361849331,0,0,0,0,,,56
Panama,95,92.0,PAN,137,1983,2,3,4,3,1.0,100.2136306763,-0.6750740066366556,-0.5130109294653407,0,0,0,0,,,56
Panama,95,92.0,PAN,137,1984,2,3,4,3,1.0,100.1012802124,-0.11211096049688063,0.03338595827290236,0,0,0,0,,,56
Panama,95,92.0,PAN,137,1984,2,3,4,3,1.0,99.7174072266,-0.38348459179090577,-1.170669558924442,0,0,0,0,,,56
Panama,95,92.0,PAN,137,1985,2,3,4,3,1.0,99.9412155151,0.22444254691802445,-0.27115300536976195,0,0,0,0,,,56
Panama,95,92.0,PAN,137,1985,2,3,4,3,1.0,99.6719818115,-0.2693920643373815,-0.4284341092102628,0,0,0,0,,,56
Panama,95,92.0,PAN,137,1986,2,3,4,3,1.0,99.9006958008,0.22946668175267693,0.18451716433331988,0,0,0,0,,,56
Panama,95,92.0,PAN,137,1986,2,3,4,3,1.0,99.6352844238,-0.2656752036334309,-0.30560058621813546,0,0,0,0,,,56
Panama,95,92.0,PAN,137,1987,2,2,4,3,1.0,99.5135040283,-0.12222617339254782,-0.15843469527330178,0,0,0,0,,,56
Panama,95,92.0,PAN,137,1987,2,2,4,3,1.0,99.483253479,-0.03039843646889251,-0.4182998134948712,0,0,0,0,,,56
Panama,95,92.0,PAN,137,1988,2,2,4,3,1.0,99.5791778564,0.0964226380274491,-0.05620197183399123,0,0,0,0,,,56
Panama,95,92.0,PAN,137,1988,2,2,4,3,1.0,99.4402160645,-0.13954904518329592,-0.07352484362473932,0,0,0,0,,,56
Panama,95,92.0,PAN,137,1989,2,2,4,3,2.0,99.5145263672,0.0747286215184717,0.03160221436262489,0,0,0,0,,,56
Panama,95,92.0,PAN,137,1989,2,2,4,3,2.0,99.3504867554,-0.1648398658852246,-0.2296602895500488,0,0,0,0,,,56
Panama,95,92.0,PAN,137,1990,3,3,4,3,2.0,99.1387329102,-0.21313820607776757,-0.30324945044452045,0,0,0,0,,,56
Panama,95,92.0,PAN,137,1990,3,3,4,3,2.0,99.2193145752,0.08128171768444492,-0.29669635427854724,0,0,0,0,,,56
Panama,95,92.0,PAN,137,1991,3,4,4,4,2.0,98.919342041,-0.302332802322125,-0.43418929071544765,0,0,0,0,,,56
Panama,95,92.0,PAN,137,1991,3,4,4,4,2.0,98.9340820313,0.014901019351598599,-0.20615006528608149,0,0,0,0,,,56
Panama,95,92.0,PAN,137,1992,3,4,4,4,2.0,98.5493392944,-0.3888879635819298,-0.6763197465524562,0,0,0,0,,,56
Panama,95,92.0,PAN,137,1992,3,4,4,4,2.0,98.7576751709,0.2114026111099898,-0.16258433312034137,0,0,0,0,,,56
Panama,95,92.0,PAN,137,1993,3,4,4,4,2.0,98.5447540283,-0.2155995898359686,-0.3930849423079086,0,0,0,0,,,56
Panama,95,92.0,PAN,137,1993,3,4,4,4,2.0,98.7092971802,0.1669730200480668,0.162776041322088,0,0,0,0,,,56
Panama,95,92.0,PAN,137,1994,3,4,4,4,2.0,98.7174377441,0.008247008268269518,-0.04037956151963229,0,0,0,0,,,56
Panama,95,92.0,PAN,137,1994,3,4,4,4,2.0,98.8926467896,0.1774854063313347,0.352705434647671,0,0,0,0,,,56
Panama,95,92.0,PAN,137,1995,3,4,4,4,2.0,98.6641769409,-0.2310281462949093,-0.0452957316953051,0,0,0,0,,,56
Panama,95,92.0,PAN,137,1995,3,4,4,4,2.0,98.8564376831,0.19486377747330863,0.14132103750973402,0,0,0,0,,,56
Panama,95,92.0,PAN,137,1996,3,4,4,4,2.0,98.5069198608,-0.3535610128097444,-0.38972538163134507,0,0,0,0,,,56
Panama,95,92.0,PAN,137,1996,3,4,4,4,2.0,98.6477050781,0.1429191142093833,-0.015778121127052458,0,0,0,0,,,56
Panama,95,92.0,PAN,137,1997,3,4,4,4,2.0,99.0695800781,0.42765820012335976,0.21701630152299867,0,0,0,0,,,56
Panama,95,92.0,PAN,137,1997,3,4,4,4,2.0,98.9944381714,-0.07584760795469325,0.4947297063780498,0,0,0,0,,,56
Panama,95,92.0,PAN,137,1998,3,4,4,4,2.0,98.924949646,-0.07019437322295374,0.28161621894571276,0,0,0,0,,,56
Panama,95,92.0,PAN,137,1998,3,4,4,4,2.0,98.8592758179,-0.06638752744885235,-0.21242950862649934,0,0,0,0,,,56
Panama,95,92.0,PAN,137,1999,3,4,4,4,2.0,98.3654022217,-0.4995723386743478,-0.6361542393461539,0,0,0,0,,,56
Panama,95,92.0,PAN,137,1999,3,4,4,4,2.0,98.3992919922,0.034452937450124566,-0.5315069286730756,0,0,0,0,,,56
Panama,95,92.0,PAN,137,2000,3,4,4,4,2.0,98.7061843872,0.3118847593174934,-0.15323464190672986,0,0,0,0,,,56
Panama,95,92.0,PAN,137,2000,3,4,4,4,2.0,98.7073135376,0.001143951016868705,0.34748164778448665,0,0,0,0,,,56
Panama,95,92.0,PAN,137,2001,3,4,4,4,2.0,98.9493560791,0.2452123685929397,0.5582410789273018,0,0,0,0,,,56
Panama,95,92.0,PAN,137,2001,3,4,4,4,2.0,98.9866333008,0.03767303111117393,0.28402935072098234,0,0,0,0,,,56
Panama,95,92.0,PAN,137,2002,3,4,4,4,2.0,98.8174514771,-0.1709138073075933,0.11197159239652033,0,0,0,0,,,56
Panama,95,92.0,PAN,137,2002,3,4,4,4,2.0,98.7852935791,-0.03254273159174481,-0.1657835077881642,0,0,0,0,,,56
Panama,95,92.0,PAN,137,2003,3,4,4,4,2.0,98.5460281372,-0.24220755259325433,-0.44566409149259245,0,0,0,0,,,56
Panama,95,92.0,PAN,137,2003,3,4,4,4,2.0,98.4787979126,-0.06822215554582733,-0.3429724397308265,0,0,0,0,,,56
Panama,95,92.0,PAN,137,2004,3,4,4,4,3.0,98.9039001465,0.43166878852165524,0.12123908038257358,0,0,0,0,,,56
Panama,95,92.0,PAN,137,2004,3,4,4,4,3.0,98.8293075562,-0.07541926070611105,0.28802737226971686,0,0,0,0,,,56
Panama,95,92.0,PAN,137,2005,3,3,4,4,3.0,99.3420715332,0.5188379739566651,0.8750875017722093,0,0,0,0,,,56
Panama,95,92.0,PAN,137,2005,3,3,4,4,3.0,99.1527557373,-0.19056960759745722,0.2528491056530968,0,0,0,0,,,56
Panama,95,92.0,PAN,137,2006,3,4,4,4,3.0,99.9770431519,0.8313308172532397,1.1595991836124475,0,0,0,0,,,56
Panama,95,92.0,PAN,137,2006,3,4,4,4,3.0,99.6658096313,-0.31130498641287474,0.3294562232429077,0,0,0,0,,,56
Panama,95,92.0,PAN,137,2007,3,4,4,4,3.0,99.6400375366,-0.025858511354426295,0.4941673194859386,0,0,0,0,,,56
Panama,95,92.0,PAN,137,2007,3,4,4,4,3.0,99.430519104,-0.21027534491147026,-0.5474388426787713,0,0,0,0,,,56
Panama,95,92.0,PAN,137,2008,3,4,4,4,3.0,99.7962417603,0.36781730558750336,0.1316834493216068,0,0,0,0,,,56
Panama,95,92.0,PAN,137,2008,3,4,4,4,3.0,99.7414627075,-0.05489089752656051,0.10265106314947259,0,0,0,0,,,56
Panama,95,92.0,PAN,137,2009,3,4,4,4,3.0,99.793586731,0.05225913284714334,0.3651855409080862,0,0,0,0,,,56
Panama,95,92.0,PAN,137,2009,3,4,4,4,3.0,99.6635818481,-0.13027378527885602,-0.1329055499582732,0,0,0,0,,,56
Panama,95,92.0,PAN,137,2010,3,4,4,4,3.0,100.2382507324,0.5766087006343845,0.49859404820267184,0,0,0,0,,,56
Panama,95,92.0,PAN,137,2010,3,4,4,4,3.0,100.0951004028,-0.14281008353005387,0.30352483182547463,0,0,0,0,,,56
Panama,95,92.0,PAN,137,2011,3,4,4,4,3.0,100.2524185181,0.15716864728336777,0.5909672643876984,0,0,0,0,,,56
Panama,95,92.0,PAN,137,2011,3,4,4,4,3.0,100.3564224243,0.10374204207475035,0.11810060582806425,0,0,0,0,,,56
Panama,95,92.0,PAN,137,2012,3,3,4,4,3.0,100.0,-0.35515656665507933,-0.09424587729696121,0,0,0,0,,,56
Panama,95,92.0,PAN,137,2012,3,3,4,4,3.0,100.0,0.0,-0.251414524580329,0,0,0,0,,,56
Panama,95,92.0,PAN,137,2013,3,3,4,4,3.0,100.1015930176,0.10159301759999906,-0.2535635490550803,0,0,0,0,,,56
Panama,95,92.0,PAN,137,2013,3,3,4,4,3.0,100.2505569458,0.14881274484195295,0.250405762441952,0,0,0,0,,,56
Panama,95,92.0,PAN,137,2014,3,3,4,4,3.0,100.1054992676,-0.14469513449030247,0.10571062795164954,0,0,0,0,,,56
Panama,95,92.0,PAN,137,2014,3,3,4,4,3.0,100.4277420044,0.321903131354051,0.3260207417057015,0,0,0,0,,,56
Panama,95,92.0,PAN,137,2015,3,3,4,4,3.0,99.9448623657,-0.48082295694633626,-0.3036149600825877,0,0,0,0,,,56
Panama,95,92.0,PAN,137,2015,3,3,4,4,3.0,99.9824676514,0.03762603180381685,-0.12129379378846838,0,0,0,0,,,56
Panama,95,92.0,PAN,137,2016,3,4,4,4,3.0,100.045791626,0.06333507872677835,-0.37986184641574106,0,0,0,0,,,56
Panama,95,92.0,PAN,137,2016,3,4,4,4,3.0,100.4122238159,0.3662644714430785,0.4672255819736737,0,0,0,0,,,56
Panama,95,92.0,PAN,137,2017,3,4,3,4,3.0,100.0858917236,-0.32499239624282916,0.10460715392702769,0,0,0,0,,,56
Panama,95,92.0,PAN,137,2017,3,4,3,4,3.0,100.5820159912,0.4956985036113748,0.5369705788116241,0,0,0,0,,,56
Panama,95,92.0,PAN,137,2018,3,4,3,4,3.0,100.0573348999,-0.5216450337860556,-0.35093892641751,0,0,0,0,,,56
Panama,95,92.0,PAN,137,2018,3,4,3,4,3.0,100.5108566284,0.4532618512713027,0.42731532109662185,0,0,0,0,,,56
Panama,95,92.0,PAN,137,2019,3,4,3,4,3.0,100.0211410522,-0.48722654708888147,-0.5556097296036344,0,0,0,0,,,56
Panama,95,92.0,PAN,137,2019,3,4,3,4,3.0,100.3300094604,0.30880312397036924,0.27483842815279047,0,0,0,0,,,56
Panama,95,92.0,PAN,137,2020,3,4,3,2,3.0,100.0491943359,-0.2798914562156418,-0.45831487933415405,0,0,0,0,,,56
Panama,95,92.0,PAN,137,2020,3,4,3,2,3.0,100.3090362549,0.25971415434653533,0.28862582210126275,0,0,0,0,,,56
Panama,95,92.0,PAN,137,2021,3,4,3,2,3.0,100.1423721313,-0.16615065782955574,-0.18632795969866223,0,0,0,0,,,56
Panama,95,92.0,PAN,137,2021,3,4,3,2,3.0,100.5395584106,0.3966216006739298,0.4901850971909094,0,0,0,0,,,56
Panama,95,92.0,PAN,137,2022,3,4,3,4,3.0,100.1135787964,-0.42369354006938087,-0.1932225972250068,0,0,0,0,,,56
Panama,95,92.0,PAN,137,2022,3,4,3,4,3.0,100.7210159302,0.6067479967281297,0.5796760573326787,0,0,0,0,,,56
Panama,95,92.0,PAN,137,2023,3,4,3,4,3.0,100.1234741211,-0.5932642791392162,-0.41020982248046733,0,0,0,0,,,56
Panama,95,92.0,PAN,137,2023,3,4,3,4,3.0,100.7910461426,0.6667487593294608,0.6802324769183743,0,0,0,0,,,56
Panama,95,92.0,PAN,137,2024,3,4,3,4,3.0,100.0772781372,-0.7081660849021731,-0.6346816047119286,0,0,0,0,,,56
Panama,95,92.0,PAN,137,2024,3,4,3,4,3.0,100.5234603882,0.4458377159181959,0.4044203903454835,0,0,0,0,,,56
Peru,135,30.0,PER,140,1975,2,2,4,2,2.0,102.5554275513,,,0,0,0,0,,,57
Peru,135,30.0,PER,140,1975,2,2,4,2,2.0,95.1511917114,-7.2197405994882775,-7.2197405994882775,0,0,0,0,,,57
Peru,135,30.0,PER,140,1976,2,2,4,2,2.0,103.1181259155,8.372921096211016,1.1531804967227384,0,0,0,0,,,57
Peru,135,30.0,PER,140,1976,2,2,4,2,2.0,96.4902648926,-6.42744518876458,-5.274264692041841,0,0,0,0,,,57
Peru,135,30.0,PER,140,1977,2,2,4,2,2.0,102.6745681763,6.40925101675649,8.354726924202925,0,0,0,0,,,57
Peru,135,30.0,PER,140,1977,2,2,4,2,2.0,96.6626281738,-5.855335073995194,-5.873529246003284,0,0,0,0,,,57
Peru,135,30.0,PER,140,1978,2,2,4,2,2.0,101.3634262085,4.86309768677915,5.417013629540445,0,0,0,0,,,57
Peru,135,30.0,PER,140,1978,2,2,4,2,2.0,95.5791625977,-5.706460236359834,-6.698697623575878,0,0,0,0,,,57
Peru,135,30.0,PER,140,1979,2,2,4,2,2.0,102.6792984009,7.4285394538190275,6.5851769042383435,0,0,0,0,,,57
Peru,135,30.0,PER,140,1979,2,2,4,2,2.0,97.4171066284,-5.124880919963381,-3.4028017025041875,0,0,0,0,,,57
Peru,135,30.0,PER,140,1980,2,2,4,3,2.0,102.0450744629,4.750672643310483,7.054331177166129,0,0,0,0,,,57
Peru,135,30.0,PER,140,1980,2,2,4,3,2.0,96.8959350586,-5.045946050215333,-5.420154326868231,0,0,0,0,,,57
Peru,135,30.0,PER,140,1981,3,3,4,3,2.0,99.4465408325,2.632314526256918,2.337041119352068,0,0,0,0,,,57
Peru,135,30.0,PER,140,1981,3,3,4,3,2.0,95.4042434692,-4.064794340215949,-6.478425864174364,0,0,0,0,,,57
Peru,135,30.0,PER,140,1982,3,3,4,3,2.0,98.1743927002,2.903591213837675,1.4711113998786445,0,0,0,0,,,57
Peru,135,30.0,PER,140,1982,3,3,4,3,2.0,94.5339431763,-3.7081457025326614,-4.869348828910935,0,0,0,0,,,57
Peru,135,30.0,PER,140,1983,3,3,4,3,2.0,97.9714279175,3.6362438989657964,2.83168941027081,0,0,0,0,,,57
Peru,135,30.0,PER,140,1983,3,3,4,3,2.0,94.77784729,-3.25970611573535,-3.3316079193022152,0,0,0,0,,,57
Peru,135,30.0,PER,140,1984,3,3,4,3,2.0,97.7491989136,3.1350697537034122,3.5116075369338584,0,0,0,0,,,57
Peru,135,30.0,PER,140,1984,3,3,4,3,2.0,94.218460083,-3.612038635447845,-3.736674997479783,0,0,0,0,,,57
Peru,135,30.0,PER,140,1985,3,3,4,3,2.0,97.2369232178,3.203685490232955,2.726716608488522,0,0,0,0,,,57
Peru,135,30.0,PER,140,1985,3,3,4,3,2.0,93.7281341553,-3.608494537245588,-4.016847682460478,0,0,0,0,,,57
Peru,135,30.0,PER,140,1986,3,3,4,3,2.0,94.7405395508,1.0801510182871343,0.6753419712745012,0,0,0,0,,,57
Peru,135,30.0,PER,140,1986,3,3,4,3,2.0,92.2887573242,-2.5878913485449795,-5.116234867503433,0,0,0,0,,,57
Peru,135,30.0,PER,140,1987,2,3,4,3,2.0,95.0995635986,3.045664884755084,1.5379245544972386,0,0,0,0,,,57
Peru,135,30.0,PER,140,1987,2,3,4,3,2.0,92.7892837524,-2.4293274950780264,-1.971553958867922,0,0,0,0,,,57
Peru,135,30.0,PER,140,1988,3,3,4,3,2.0,95.0615997314,2.448899147732919,3.0652365374099766,0,0,0,0,,,57
Peru,135,30.0,PER,140,1988,3,3,4,3,2.0,93.3514938354,-1.7989450007489416,-1.7793733480940488,0,0,0,0,,,57
Peru,135,30.0,PER,140,1989,3,3,4,3,2.0,95.206199646,1.9867982122174332,2.636752359201411,0,0,0,0,,,57
Peru,135,30.0,PER,140,1989,3,3,4,3,2.0,93.8225784302,-1.4532889884741218,-1.2654357770056301,0,0,0,0,,,57
Peru,135,30.0,PER,140,1990,3,3,4,3,2.0,95.0983276367,1.3597464787744151,1.8932557025177266,0,0,0,0,,,57
Peru,135,30.0,PER,140,1990,3,3,4,3,2.0,93.6972427368,-1.4733013026816844,-1.566843812381391,0,0,0,0,,,57
Peru,135,30.0,PER,140,1991,3,3,4,3,2.0,93.6882400513,-0.009608271531846846,-0.12316309543911608,0,0,0,0,,,57
Peru,135,30.0,PER,140,1991,3,3,4,3,2.0,91.9027252197,-1.9058046459430988,-3.38871422015663,0,0,0,0,,,57
Peru,135,30.0,PER,140,1992,2,3,4,3,2.0,93.6524810791,1.903921624975835,-0.011491292499110628,0,0,0,0,,,57
Peru,135,30.0,PER,140,1992,2,3,4,3,2.0,91.8263626099,-1.949887977508713,-1.9517709984759768,0,0,0,0,,,57
Peru,135,30.0,PER,140,1993,2,3,4,3,2.0,92.4898071289,0.7224989645059354,0.6765326119730575,0,0,0,0,,,57
Peru,135,30.0,PER,140,1993,2,3,4,3,2.0,90.5326385498,-2.1160911022036766,-3.343480115206454,0,0,0,0,,,57
Peru,135,30.0,PER,140,1994,2,2,4,3,2.0,93.1209793091,2.85901394321586,1.465421805518119,0,0,0,0,,,57
Peru,135,30.0,PER,140,1994,2,2,4,3,2.0,91.4890823364,-1.7524482504454486,-1.009525409433265,0,0,0,0,,,57
Peru,135,30.0,PER,140,1995,2,3,4,3,2.0,93.8908615112,2.6252085095452182,3.7317742023156297,0,0,0,0,,,57
Peru,135,30.0,PER,140,1995,2,3,4,3,2.0,92.3987121582,-1.5892381100603759,-0.7164778509606062,0,0,0,0,,,57
Peru,135,30.0,PER,140,1996,2,3,4,3,2.0,93.5607376099,1.2576208310246306,2.293591230509473,0,0,0,0,,,57
Peru,135,30.0,PER,140,1996,2,3,4,3,2.0,91.9264144897,-1.7468044416390716,-2.078421720674817,0,0,0,0,,,57
Peru,135,30.0,PER,140,1997,2,3,4,3,2.0,93.9953536987,2.2506471295383967,1.7614635189239558,0,0,0,0,,,57
Peru,135,30.0,PER,140,1997,2,3,4,3,2.0,92.3886566162,-1.7093367057804176,-1.2054940178810925,0,0,0,0,,,57
Peru,135,30.0,PER,140,1998,2,3,4,3,2.0,93.1589660645,0.8337705910153259,1.375081014773305,0,0,0,0,,,57
Peru,135,30.0,PER,140,1998,2,3,4,3,2.0,90.9359359741,-2.386276044391533,-3.261842159156625,0,0,0,0,,,57
Peru,135,30.0,PER,140,1999,2,3,4,3,2.0,92.5241775513,1.746549986192858,0.19404453281665068,0,0,0,0,,,57
Peru,135,30.0,PER,140,1999,2,3,4,3,2.0,90.6488647461,-2.0268354227306995,-2.6665614809293747,0,0,0,0,,,57
Peru,135,30.0,PER,140,2000,2,3,3,3,2.0,92.8840484619,2.4657602961278835,2.185474859590042,0,0,0,0,,,57
Peru,135,30.0,PER,140,2000,2,3,3,3,2.0,91.6182632446,-1.3627584480441768,-0.9238335746469928,0,0,0,0,,,57
Peru,135,30.0,PER,140,2001,3,3,3,3,2.0,92.4763870239,0.9366296073622493,2.039631455445956,0,0,0,0,,,57
Peru,135,30.0,PER,140,2001,3,3,3,3,2.0,90.9965896606,-1.600189422319842,-2.0263182630017695,0,0,0,0,,,57
Peru,135,30.0,PER,140,2002,3,3,3,3,2.0,92.7194213867,1.893292630554444,1.2297328155968512,0,0,0,0,,,57
Peru,135,30.0,PER,140,2002,3,3,3,3,2.0,91.1643676758,-1.6771607152447965,-1.3840575070101946,0,0,0,0,,,57
Peru,135,30.0,PER,140,2003,3,3,3,3,2.0,93.1353759766,2.1620380320185317,2.378169947328179,0,0,0,0,,,57
Peru,135,30.0,PER,140,2003,3,3,3,3,2.0,91.8376998901,-1.3933224329561344,-0.9084451161823992,0,0,0,0,,,57
Peru,135,30.0,PER,140,2004,2,3,3,3,2.0,94.5881958008,2.9949529593962465,3.763668558458644,0,0,0,0,,,57
Peru,135,30.0,PER,140,2004,2,3,3,3,2.0,93.895690918,-0.7321261146141178,0.8695044118259943,0,0,0,0,,,57
Peru,135,30.0,PER,140,2005,2,3,3,3,2.0,95.8933181763,2.1274962021894606,4.39032304697159,0,0,0,0,,,57
Peru,135,30.0,PER,140,2005,2,3,3,3,2.0,95.5476760864,-0.36044439432634245,1.0349256932490003,0,0,0,0,,,57
Peru,135,30.0,PER,140,2006,2,3,3,3,2.0,99.906829834,4.562281288409564,6.329333096272682,0,0,0,0,,,57
Peru,135,30.0,PER,140,2006,2,3,3,3,2.0,99.2157211304,-0.6917532112152069,3.510083682868015,0,0,0,0,,,57
Peru,135,30.0,PER,140,2007,2,3,3,3,2.0,100.8148117065,1.6117310420979525,5.48225911929231,0,0,0,0,,,57
Peru,135,30.0,PER,140,2007,2,3,3,3,2.0,100.0026168823,-0.8056304529581615,0.11434737792458405,0,0,0,0,,,57
Peru,135,30.0,PER,140,2008,2,3,3,3,2.0,99.4988632202,-0.5037404798045597,0.3023601093352313,0,0,0,0,,,57
Peru,135,30.0,PER,140,2008,2,3,3,3,2.0,99.4126815796,-0.08661570374856042,-1.3959866365112816,0,0,0,0,,,57
Peru,135,30.0,PER,140,2009,2,2,3,3,2.0,96.1480789185,-3.2838895493288,-3.87424573288192,0,0,0,0,,,57
Peru,135,30.0,PER,140,2009,2,2,3,3,2.0,97.6416091919,1.5533646539791945,-1.817140599098166,0,0,0,0,,,57
Peru,135,30.0,PER,140,2010,2,2,3,3,2.0,100.3055953979,2.7283309114297216,0.9978060160801161,0,0,0,0,,,57
Peru,135,30.0,PER,140,2010,2,2,3,3,2.0,100.2465820313,-0.058833573905736625,4.22286199150318,0,0,0,0,,,57
Peru,135,30.0,PER,140,2011,2,2,3,3,2.0,101.5735092163,1.3236632692231742,3.9931606067471592,0,0,0,0,,,57
Peru,135,30.0,PER,140,2011,2,2,3,3,2.0,101.0405349731,-0.5247177608731057,0.7401119344443319,0,0,0,0,,,57
Peru,135,30.0,PER,140,2012,2,2,3,3,2.0,100.0,-1.029819342679661,-0.2308738343295924,0,0,0,0,,,57
Peru,135,30.0,PER,140,2012,2,2,3,3,2.0,100.0,0.0,-1.5545371035527666,0,0,0,0,,,57
Peru,135,30.0,PER,140,2013,2,2,3,3,2.0,99.9991836548,-0.000816345199994295,-1.0306356878796552,0,0,0,0,,,57
Peru,135,30.0,PER,140,2013,2,2,3,3,2.0,100.0749206543,0.07573761778039145,0.07492127258039716,0,0,0,0,,,57
Peru,135,30.0,PER,140,2014,2,2,3,3,2.0,99.7427062988,-0.331965644666965,-0.25704437208656783,0,0,0,0,,,57
Peru,135,30.0,PER,140,2014,2,2,3,3,2.0,100.1069946289,0.3652280388389384,0.10900001195236486,0,0,0,0,,,57
Peru,135,30.0,PER,140,2015,2,2,3,3,2.0,96.8348922729,-3.268605124077273,-3.2353427299052995,0,0,0,0,,,57
Peru,135,30.0,PER,140,2015,2,2,3,3,2.0,98.0186843872,1.2224850841614288,-1.6808920010769057,0,0,0,0,,,57
Peru,135,30.0,PER,140,2016,2,2,3,3,2.0,96.4781265259,-1.5716981623772774,-3.6178182022931216,0,0,0,0,,,57
Peru,135,30.0,PER,140,2016,2,2,3,3,2.0,97.8401947021,1.4117896203491798,1.062576542133331,0,0,0,0,,,57
Peru,135,30.0,PER,140,2017,3,3,4,3,3.0,98.2518920898,0.4207855359992907,0.260876993971193,0,0,0,0,,,57
Peru,135,30.0,PER,140,2017,3,3,4,3,3.0,99.2438735962,1.0096309448100582,2.8422061011585287,0,0,0,0,,,57
Peru,135,30.0,PER,140,2018,3,3,4,3,3.0,98.8217315674,-0.4253582750282425,1.0050582057811064,0,0,0,0,,,57
Peru,135,30.0,PER,140,2018,3,3,4,3,3.0,99.7208862305,0.9098754381638763,1.494148107945692,0,0,0,0,,,57
Peru,135,30.0,PER,140,2019,3,3,4,3,3.0,97.75440979,-1.9719805096342524,-1.4874633464986187,0,0,0,0,,,57
Peru,135,30.0,PER,140,2019,3,3,4,3,3.0,98.8549575806,1.1258293032142985,0.06372423174392239,0,0,0,0,,,57
Peru,135,30.0,PER,140,2020,3,3,4,2,3.0,97.3944168091,-1.477458295714884,-2.323609502134838,0,0,0,0,,,57
Peru,135,30.0,PER,140,2020,3,3,4,2,3.0,98.4568710327,1.0908779562615933,0.7392489637610078,0,0,0,0,,,57
Peru,135,30.0,PER,140,2021,3,3,4,2,3.0,100.8492736816,2.4298991261924474,2.0433187867391567,0,0,0,0,,,57
Peru,135,30.0,PER,140,2021,3,3,4,2,3.0,101.0396194458,0.1887428210945341,3.709519903548575,0,0,0,0,,,57
Peru,135,30.0,PER,140,2022,3,3,4,3,3.0,100.5858840942,-0.44906676617423313,2.1695751811127484,0,0,0,0,,,57
Peru,135,30.0,PER,140,2022,3,3,4,3,3.0,100.7562484741,0.169372055964101,-0.09095188911559804,0,0,0,0,,,57
Peru,135,30.0,PER,140,2023,3,3,4,3,3.0,99.6512527466,-1.0967019358447572,-1.3763966460548893,0,0,0,0,,,57
Peru,135,30.0,PER,140,2023,3,3,4,3,3.0,100.2104263306,0.5611305112459775,-0.3661993686346787,0,0,0,0,,,57
Peru,135,30.0,PER,140,2024,3,3,4,3,3.0,99.9136123657,-0.29619070167488104,-0.8317621262736608,0,0,0,0,,,57
Peru,135,30.0,PER,140,2024,3,3,4,3,3.0,100.3977966309,0.4846029021829512,0.7495427117540476,0,0,0,0,,,57
Papua New Guinea,910,93.0,PNG,138,1975,3,3,4,4,2.0,94.4133758545,,,0,0,0,0,,,58
Papua New Guinea,910,93.0,PNG,138,1975,3,3,4,4,2.0,88.6902389526,-6.06178610827337,-6.06178610827337,0,0,0,0,,,58
Papua New Guinea,910,93.0,PNG,138,1976,3,3,4,4,2.0,96.9510421753,9.314219152250725,3.252433043977355,0,0,0,0,,,58
Papua New Guinea,910,93.0,PNG,138,1976,3,3,4,4,2.0,92.3755493164,-4.719384914529257,-1.4669518705519016,0,0,0,0,,,58
Papua New Guinea,910,93.0,PNG,138,1977,3,3,4,4,2.0,99.3365478516,7.535542236785564,12.130376474507033,0,0,0,0,,,58
Papua New Guinea,910,93.0,PNG,138,1977,3,3,4,4,2.0,94.0799865723,-5.291668970772811,-2.4755116485165036,0,0,0,0,,,58
Papua New Guinea,910,93.0,PNG,138,1978,3,3,4,4,2.0,97.4184646606,3.548552896246848,5.792426162259601,0,0,0,0,,,58
Papua New Guinea,910,93.0,PNG,138,1978,3,3,4,4,2.0,91.5216598511,-6.053066869863022,-7.796182944388985,0,0,0,0,,,58
Papua New Guinea,910,93.0,PNG,138,1979,3,3,4,4,2.0,97.9987869263,7.077152103379558,4.5726381297633845,0,0,0,0,,,58
Papua New Guinea,910,93.0,PNG,138,1979,3,3,4,4,2.0,96.1765365601,-1.8594621661698896,-0.8353769326533533,0,0,0,0,,,58
Papua New Guinea,910,93.0,PNG,138,1980,3,3,4,4,2.0,96.3293533325,0.15889194793836658,5.376581885148035,0,0,0,0,,,58
Papua New Guinea,910,93.0,PNG,138,1980,3,3,4,4,2.0,94.5465011597,-1.8507880631629892,-3.5513582813945126,0,0,0,0,,,58
Papua New Guinea,910,93.0,PNG,138,1981,3,3,4,4,2.0,92.921257019,-1.7189891966015503,-3.4108853118261733,0,0,0,0,,,58
Papua New Guinea,910,93.0,PNG,138,1981,3,3,4,4,2.0,90.255821228,-2.868488736064967,-6.438265995829507,0,0,0,0,,,58
Papua New Guinea,910,93.0,PNG,138,1982,3,3,4,4,2.0,92.0069580078,1.9401926169131611,-2.6472853157533565,0,0,0,0,,,58
Papua New Guinea,910,93.0,PNG,138,1982,3,3,4,4,2.0,89.0339813232,-3.2312520150356017,-4.159548134187408,0,0,0,0,,,58
Papua New Guinea,910,93.0,PNG,138,1983,3,3,4,4,2.0,93.0172576904,4.473883238738274,3.1828238406158333,0,0,0,0,,,58
Papua New Guinea,910,93.0,PNG,138,1983,3,3,4,4,2.0,89.4637832642,-3.820231336025226,-2.577600112322554,0,0,0,0,,,58
Papua New Guinea,910,93.0,PNG,138,1984,3,3,4,4,2.0,92.3849029541,3.2651421427970284,3.9187940455100763,0,0,0,0,,,58
Papua New Guinea,910,93.0,PNG,138,1984,3,3,4,4,2.0,89.7346343994,-2.8687247266111715,-3.4238139198393696,0,0,0,0,,,58
Papua New Guinea,910,93.0,PNG,138,1985,3,3,4,3,2.0,91.4650650024,1.928386530554116,2.3248039467399724,0,0,0,0,,,58
Papua New Guinea,910,93.0,PNG,138,1985,3,3,4,3,2.0,88.3389892578,-3.41778114356337,-4.358119339620426,0,0,0,0,,,58
Papua New Guinea,910,93.0,PNG,138,1986,3,3,4,3,2.0,90.0080413818,1.8893719953362975,0.39997738232704316,0,0,0,0,,,58
Papua New Guinea,910,93.0,PNG,138,1986,3,3,4,3,2.0,84.2214279175,-6.428996093531348,-7.957405241758421,0,0,0,0,,,58
Papua New Guinea,910,93.0,PNG,138,1987,3,3,4,4,2.0,89.9253997803,6.772589831161957,2.232965732966906,0,0,0,0,,,58
Papua New Guinea,910,93.0,PNG,138,1987,3,3,4,4,2.0,85.6480789185,-4.756521374661737,-4.412927637031129,0,0,0,0,,,58
Papua New Guinea,910,93.0,PNG,138,1988,3,3,4,4,2.0,91.9486618042,7.356362180283615,9.372430636783834,0,0,0,0,,,58
Papua New Guinea,910,93.0,PNG,138,1988,3,3,4,4,2.0,85.7386703491,-6.753759471044674,-4.153918665422797,0,0,0,0,,,58
Papua New Guinea,910,93.0,PNG,138,1989,3,3,4,4,2.0,91.3120498657,6.500426813136961,7.103029522375902,0,0,0,0,,,58
Papua New Guinea,910,93.0,PNG,138,1989,3,3,4,4,2.0,85.3777770996,-6.498893382448456,-6.752226040356169,0,0,0,0,,,58
Papua New Guinea,910,93.0,PNG,138,1990,3,3,4,3,2.0,89.0069580078,4.250732487408593,4.252265918097097,0,0,0,0,,,58
Papua New Guinea,910,93.0,PNG,138,1990,3,3,4,3,2.0,84.6035842896,-4.947224146020268,-7.195385041060132,0,0,0,0,,,58
Papua New Guinea,910,93.0,PNG,138,1991,3,3,4,3,2.0,86.6364746094,2.4028418380495298,1.7063501794378535,0,0,0,0,,,58
Papua New Guinea,910,93.0,PNG,138,1991,3,3,4,3,2.0,82.7989501953,-4.429455874562594,-6.973838182533333,0,0,0,0,,,58
Papua New Guinea,910,93.0,PNG,138,1992,3,3,4,3,2.0,86.2418136597,4.1581003820449824,2.1314863455319175,0,0,0,0,,,58
Papua New Guinea,910,93.0,PNG,138,1992,3,3,4,3,2.0,82.6681518555,-4.143769306964307,-4.415124799481919,0,0,0,0,,,58
Papua New Guinea,910,93.0,PNG,138,1993,3,3,4,3,2.0,86.1619873047,4.226337919477219,4.240668994557893,0,0,0,0,,,58
Papua New Guinea,910,93.0,PNG,138,1993,3,3,4,3,2.0,82.7886734009,-3.915083680545517,-3.832515068032606,0,0,0,0,,,58
Papua New Guinea,910,93.0,PNG,138,1994,3,3,4,3,2.0,87.8287811279,6.087919421771071,6.399173660702772,0,0,0,0,,,58
Papua New Guinea,910,93.0,PNG,138,1994,3,3,4,3,2.0,85.5748596191,-2.5662675490369713,-0.3934318078114183,0,0,0,0,,,58
Papua New Guinea,910,93.0,PNG,138,1995,3,3,4,3,2.0,88.3785705566,3.2763254885599835,6.797977361294082,0,0,0,0,,,58
Papua New Guinea,910,93.0,PNG,138,1995,3,3,4,3,2.0,86.7564620972,-1.8354092504371922,-1.1253513109141808,0,0,0,0,,,58
Papua New Guinea,910,93.0,PNG,138,1996,3,3,4,3,2.0,86.4326400757,-0.3732540650830174,1.067662173039773,0,0,0,0,,,58
Papua New Guinea,910,93.0,PNG,138,1996,3,3,4,3,2.0,84.5245437622,-2.2076108190480337,-4.416274134568244,0,0,0,0,,,58
Papua New Guinea,910,93.0,PNG,138,1997,3,3,4,3,2.0,87.470954895,3.4858645804577204,0.9049996963266684,0,0,0,0,,,58
Papua New Guinea,910,93.0,PNG,138,1997,3,3,4,3,2.0,85.4318695068,-2.331157114550453,-1.052903353140767,0,0,0,0,,,58
Papua New Guinea,910,93.0,PNG,138,1998,3,3,4,4,2.0,82.4083862305,-3.5390578407737405,-2.384350374866474,0,0,0,0,,,58
Papua New Guinea,910,93.0,PNG,138,1998,3,3,4,4,2.0,82.2213134766,-0.2270069375909678,-6.097221892915162,0,0,0,0,,,58
Papua New Guinea,910,93.0,PNG,138,1999,3,3,4,4,2.0,82.2287445068,0.009037839321446306,-3.757026939043263,0,0,0,0,,,58
Papua New Guinea,910,93.0,PNG,138,1999,3,3,4,4,2.0,81.8194351196,-0.4977692285769386,-0.715738326846461,0,0,0,0,,,58
Papua New Guinea,910,93.0,PNG,138,2000,3,3,4,4,2.0,82.6742477417,1.044754978875706,0.5560235896202128,0,0,0,0,,,58
Papua New Guinea,910,93.0,PNG,138,2000,3,3,4,4,2.0,82.7633209229,0.10773993550965422,0.6547256858084207,0,0,0,0,,,58
Papua New Guinea,910,93.0,PNG,138,2001,3,3,4,4,2.0,79.7565155029,-3.6330168805104424,-2.480521966125083,0,0,0,0,,,58
Papua New Guinea,910,93.0,PNG,138,2001,3,3,4,4,2.0,80.7183990479,1.2060250362429858,-2.319251908757803,0,0,0,0,,,58
Papua New Guinea,910,93.0,PNG,138,2002,3,3,4,4,2.0,81.5117721558,0.9828900439777133,-1.444101800289744,0,0,0,0,,,58
Papua New Guinea,910,93.0,PNG,138,2002,3,3,4,4,2.0,82.2339859009,0.8860238539772691,3.0749389341979674,0,0,0,0,,,58
Papua New Guinea,910,93.0,PNG,138,2003,3,3,4,4,2.0,83.48387146,1.5199136286622839,3.3888275266172654,0,0,0,0,,,58
Papua New Guinea,910,93.0,PNG,138,2003,3,3,4,4,2.0,83.9210891724,0.5237151856445577,2.9296526682841098,0,0,0,0,,,58
Papua New Guinea,910,93.0,PNG,138,2004,3,3,4,4,2.0,87.1918487549,3.897422703583886,5.941051517890727,0,0,0,0,,,58
Papua New Guinea,910,93.0,PNG,138,2004,3,3,4,4,2.0,87.1690139771,-0.026189119884578727,4.3949487693438645,0,0,0,0,,,58
Papua New Guinea,910,93.0,PNG,138,2005,3,3,4,4,2.0,90.8432693481,4.215093418362237,8.086327002061545,0,0,0,0,,,58
Papua New Guinea,910,93.0,PNG,138,2005,3,3,4,4,2.0,90.0376815796,-0.8867886132687297,3.302115685208928,0,0,0,0,,,58
Papua New Guinea,910,93.0,PNG,138,2006,3,3,4,4,2.0,97.13331604,7.880738748394944,11.209043553488451,0,0,0,0,,,58
Papua New Guinea,910,93.0,PNG,138,2006,3,3,4,4,2.0,95.5783462524,-1.6008614253009257,5.393088709825289,0,0,0,0,,,58
Papua New Guinea,910,93.0,PNG,138,2007,3,3,4,4,2.0,99.1234893799,3.709148846474175,9.989026169568193,0,0,0,0,,,58
Papua New Guinea,910,93.0,PNG,138,2007,3,3,4,4,2.0,97.7235641479,-1.4123042285513643,0.6959831926218851,0,0,0,0,,,58
Papua New Guinea,910,93.0,PNG,138,2008,3,3,4,4,2.0,101.5634994507,3.9293852371045546,6.226229855027365,0,0,0,0,,,58
Papua New Guinea,910,93.0,PNG,138,2008,3,3,4,4,2.0,99.0816497803,-2.4436433205068053,0.07343768804638495,0,0,0,0,,,58
Papua New Guinea,910,93.0,PNG,138,2009,3,3,4,4,2.0,95.3709106445,-3.74513256897524,-2.259390652377491,0,0,0,0,,,58
Papua New Guinea,910,93.0,PNG,138,2009,3,3,4,4,2.0,94.4488220215,-0.9668447294554294,-7.1556206189374745,0,0,0,0,,,58
Papua New Guinea,910,93.0,PNG,138,2010,3,3,4,4,2.0,99.8130493164,5.679506827177683,0.9675295287470131,0,0,0,0,,,58
Papua New Guinea,910,93.0,PNG,138,2010,3,3,4,4,2.0,99.1037597656,-0.7106180561136877,4.002044041608565,0,0,0,0,,,58
Papua New Guinea,910,93.0,PNG,138,2011,3,3,4,4,2.0,102.0233306885,2.945973926524448,7.914862697588443,0,0,0,0,,,58
Papua New Guinea,910,93.0,PNG,138,2011,3,3,4,4,2.0,102.6842498779,0.6478118141603595,2.8831676845711196,0,0,0,0,,,58
Papua New Guinea,910,93.0,PNG,138,2012,3,3,4,4,2.0,100.0,-2.6140814010832236,0.9797043396015837,0,0,0,0,,,58
Papua New Guinea,910,93.0,PNG,138,2012,3,3,4,4,2.0,100.0,0.0,-1.9662695869228641,0,0,0,0,,,58
Papua New Guinea,910,93.0,PNG,138,2013,3,3,4,4,2.0,99.3153991699,-0.6846008300999906,-3.2986822311832142,0,0,0,0,,,58
Papua New Guinea,910,93.0,PNG,138,2013,3,3,4,4,2.0,98.8505935669,-0.4680096006107304,-1.152610430710721,0,0,0,0,,,58
Papua New Guinea,910,93.0,PNG,138,2014,3,3,3,4,2.0,99.285697937,0.44016363928611746,-0.7124467914246035,0,0,0,0,,,58
Papua New Guinea,910,93.0,PNG,138,2014,3,3,3,4,2.0,98.5698013306,-0.7210470604278263,-0.7488930217524392,0,0,0,0,,,58
Papua New Guinea,910,93.0,PNG,138,2015,3,3,3,4,2.0,97.4251098633,-1.1613003697357072,-1.442183790877416,0,0,0,0,,,58
Papua New Guinea,910,93.0,PNG,138,2015,3,3,3,4,2.0,93.5086364746,-4.01998354858959,-5.902330978753123,0,0,0,0,,,58
Papua New Guinea,910,93.0,PNG,138,2016,3,3,3,4,2.0,98.3322753906,5.1584956190760645,-0.022788299249232757,0,0,0,0,,,58
Papua New Guinea,910,93.0,PNG,138,2016,3,3,3,4,2.0,93.6217269897,-4.790439743399155,-3.65192767291268,0,0,0,0,,,58
Papua New Guinea,910,93.0,PNG,138,2017,3,3,4,4,2.0,98.8682327271,5.603940352411141,5.9719962280880505,0,0,0,0,,,58
Papua New Guinea,910,93.0,PNG,138,2017,3,3,4,4,2.0,95.8686676025,-3.0339018326336564,-2.2204012236216704,0,0,0,0,,,58
Papua New Guinea,910,93.0,PNG,138,2018,3,3,4,4,2.0,98.384262085,2.6240006723890374,5.194039192166522,0,0,0,0,,,58
Papua New Guinea,910,93.0,PNG,138,2018,3,3,4,4,2.0,96.324760437,-2.093324282109965,-2.503225442354584,0,0,0,0,,,58
Papua New Guinea,910,93.0,PNG,138,2019,3,3,4,4,2.0,97.947883606,1.685052899832118,2.2157292901111902,0,0,0,0,,,58
Papua New Guinea,910,93.0,PNG,138,2019,3,3,4,4,2.0,94.85912323,-3.153473318958777,-3.5617447012366243,0,0,0,0,,,58
Papua New Guinea,910,93.0,PNG,138,2020,3,3,4,2,2.0,98.7682876587,4.121021042142314,2.652600623015655,0,0,0,0,,,58
Papua New Guinea,910,93.0,PNG,138,2020,3,3,4,2,2.0,94.6966934204,-4.122369978073992,-3.154822254890455,0,0,0,0,,,58
Papua New Guinea,910,93.0,PNG,138,2021,3,3,4,2,2.0,100.9705123901,6.6251721608142855,6.623823224882607,0,0,0,0,,,58
Papua New Guinea,910,93.0,PNG,138,2021,3,3,4,2,2.0,100.3134002686,-0.6507960650543598,1.8520061176859333,0,0,0,0,,,58
Papua New Guinea,910,93.0,PNG,138,2022,3,3,4,4,2.0,100.4244766235,0.11072932888585019,6.085105424645776,0,0,0,0,,,58
Papua New Guinea,910,93.0,PNG,138,2022,3,3,4,4,2.0,99.6877059937,-0.7336564297588555,-1.2737231659273651,0,0,0,0,,,58
Papua New Guinea,910,93.0,PNG,138,2023,3,3,4,4,2.0,99.6092224121,-0.07872944895027656,-0.7016565498232818,0,0,0,0,,,58
Papua New Guinea,910,93.0,PNG,138,2023,3,3,4,4,2.0,98.2126464844,-1.4020548437996383,-2.2144407225087703,0,0,0,0,,,58
Papua New Guinea,910,93.0,PNG,138,2024,3,3,4,4,2.0,100.518737793,2.3480594313954217,0.8672751386455069,0,0,0,0,,,58
Papua New Guinea,910,93.0,PNG,138,2024,3,3,4,4,2.0,100.1517944336,-0.365049708598264,0.5809548789975194,0,0,0,0,,,58
Poland,290,17.0,POL,142,1975,1,1,2,2,2.0,99.9676208496,,,0,0,0,0,,,59
Poland,290,17.0,POL,142,1975,1,1,2,2,2.0,98.9507751465,-1.0171750557411152,-1.0171750557411152,0,0,0,0,,,59
Poland,290,17.0,POL,142,1976,1,1,2,2,2.0,100.0509033203,1.1117933863289187,0.09461833058780345,0,0,0,0,,,59
Poland,290,17.0,POL,142,1976,1,1,2,2,2.0,99.2067565918,-0.8437172484066058,-0.7490989178188023,0,0,0,0,,,59
Poland,290,17.0,POL,142,1977,1,1,2,2,2.0,100.0353851318,0.8352541383945367,1.1033302763168495,0,0,0,0,,,59
Poland,290,17.0,POL,142,1977,1,1,2,2,2.0,99.2203521729,-0.8147446604280795,-0.8232077704401486,0,0,0,0,,,59
Poland,290,17.0,POL,142,1978,1,1,2,2,2.0,99.7339630127,0.5176466607425434,0.5381561387090006,0,0,0,0,,,59
Poland,290,17.0,POL,142,1978,1,1,2,2,2.0,99.0185928345,-0.7172784040567093,-1.0143764037422454,0,0,0,0,,,59
Poland,290,17.0,POL,142,1979,1,1,2,2,2.0,100.0637969971,1.0555635388062479,0.855931795492082,0,0,0,0,,,59
Poland,290,17.0,POL,142,1979,1,1,2,2,2.0,99.3338546753,-0.7294769374193821,-0.39119180266984355,0,0,0,0,,,59
Poland,290,17.0,POL,142,1980,2,2,2,2,2.0,100.0085983276,0.6792685681086041,1.0053551694954699,0,0,0,0,,,59
Poland,290,17.0,POL,142,1980,2,2,2,2,2.0,99.1956863403,-0.812842096473676,-0.863050465784454,0,0,0,0,,,59
Poland,290,17.0,POL,142,1981,2,2,3,2,2.0,99.8909301758,0.7008811180708951,0.5673075897058233,0,0,0,0,,,59
Poland,290,17.0,POL,142,1981,2,2,3,2,2.0,98.91796875,-0.9740237918374195,-1.0859847702402003,0,0,0,0,,,59
Poland,290,17.0,POL,142,1982,1,1,2,1,2.0,100.0009536743,1.094831341550373,0.8216886677838486,0,0,0,0,,,59
Poland,290,17.0,POL,142,1982,1,1,2,1,2.0,98.9189834595,-1.081959896426543,-0.9611523467135896,0,0,0,0,,,59
Poland,290,17.0,POL,142,1983,2,1,2,2,2.0,99.4902954102,0.5775554203242717,0.5904268654481015,0,0,0,0,,,59
Poland,290,17.0,POL,142,1983,2,1,2,2,2.0,98.6230545044,-0.871683918742383,-1.3760883948446545,0,0,0,0,,,59
Poland,290,17.0,POL,142,1984,2,1,1,2,2.0,99.1272583008,0.5112433385213055,0.21711484010319415,0,0,0,0,,,59
Poland,290,17.0,POL,142,1984,2,1,1,2,2.0,98.2612228394,-0.8736602587877673,-1.2341008390088448,0,0,0,0,,,59
Poland,290,17.0,POL,142,1985,2,2,2,2,2.0,99.2415542603,0.9976788325769981,0.6352619123105363,0,0,0,0,,,59
Poland,290,17.0,POL,142,1985,2,2,2,2,2.0,98.3062667847,-0.9424353362572746,-0.8184167624680438,0,0,0,0,,,59
Poland,290,17.0,POL,142,1986,2,2,2,3,2.0,98.9223632813,0.6267113142942371,0.6819548106139606,0,0,0,0,,,59
Poland,290,17.0,POL,142,1986,2,2,2,3,2.0,97.9410171509,-0.9920366819476389,-1.3077607039106764,0,0,0,0,,,59
Poland,290,17.0,POL,142,1987,2,2,2,3,2.0,98.6632614136,0.737427774093069,0.3721024064396672,0,0,0,0,,,59
Poland,290,17.0,POL,142,1987,2,2,2,3,2.0,97.8706359863,-0.8033643079943253,-1.0579732158488953,0,0,0,0,,,59
Poland,290,17.0,POL,142,1988,2,2,3,3,2.0,98.8795852661,1.030900912855226,0.9649643789539697,0,0,0,0,,,59
Poland,290,17.0,POL,142,1988,2,2,3,3,2.0,98.0813751221,-0.8072547451042467,-0.579718140243346,0,0,0,0,,,59
Poland,290,17.0,POL,142,1989,3,3,3,3,2.0,98.972114563,0.9081636954938022,1.1318098632447815,0,0,0,0,,,59
Poland,290,17.0,POL,142,1989,3,3,3,3,2.0,98.1778259277,-0.8025378045190767,-0.7016288541295213,0,0,0,0,,,59
Poland,290,17.0,POL,142,1990,3,3,4,3,3.0,99.0003128052,0.837752180523621,0.9433780714983464,0,0,0,0,,,59
Poland,290,17.0,POL,142,1990,3,3,4,3,3.0,98.197303772,-0.8111176727088276,-0.7759032967042834,0,0,0,0,,,59
Poland,290,17.0,POL,142,1991,3,4,4,4,3.0,98.6685028076,0.4798492601121307,0.5064837679269241,0,0,0,0,,,59
Poland,290,17.0,POL,142,1991,3,4,4,4,3.0,97.8792266846,-0.7999271302809419,-1.1311955428776388,0,0,0,0,,,59
Poland,290,17.0,POL,142,1992,3,4,3,4,3.0,98.6542739868,0.7918404430160342,0.471762572847223,0,0,0,0,,,59
Poland,290,17.0,POL,142,1992,3,4,3,4,3.0,97.8704223633,-0.7945440089142997,-0.8026306961792073,0,0,0,0,,,59
Poland,290,17.0,POL,142,1993,3,3,3,4,3.0,98.2394485474,0.3770558818374736,0.37435231593920815,0,0,0,0,,,59
Poland,290,17.0,POL,142,1993,3,3,3,4,3.0,97.5624847412,-0.6890956903869205,-1.1065838174637466,0,0,0,0,,,59
Poland,290,17.0,POL,142,1994,3,3,4,4,3.0,98.3879623413,0.8461014520998678,0.5340616435504209,0,0,0,0,,,59
Poland,290,17.0,POL,142,1994,3,3,4,4,3.0,97.7091217041,-0.6899631022392327,-0.5329573405262855,0,0,0,0,,,59
Poland,290,17.0,POL,142,1995,3,3,4,4,3.0,98.6545944214,0.9676401760761344,1.1237785259367694,0,0,0,0,,,59
Poland,290,17.0,POL,142,1995,3,3,4,4,3.0,97.9414367676,-0.7228833669456702,-0.4452062931087686,0,0,0,0,,,59
Poland,290,17.0,POL,142,1996,3,3,4,4,3.0,98.3759613037,0.44365750640462664,0.6884143155350908,0,0,0,0,,,59
Poland,290,17.0,POL,142,1996,3,3,4,4,3.0,97.7222747803,-0.6644779016511726,-0.9437037621922162,0,0,0,0,,,59
Poland,290,17.0,POL,142,1997,3,3,4,4,3.0,98.3699874878,0.662809690990307,0.441989295743761,0,0,0,0,,,59
Poland,290,17.0,POL,142,1997,3,3,4,4,3.0,97.7192459106,-0.6615245094757305,-0.6631927201365961,0,0,0,0,,,59
Poland,290,17.0,POL,142,1998,3,3,4,4,3.0,97.9811782837,0.2680458395469376,0.2693310210615141,0,0,0,0,,,59
Poland,290,17.0,POL,142,1998,3,3,4,4,3.0,97.2615509033,-0.7344547116144629,-1.1279333815432557,0,0,0,0,,,59
Poland,290,17.0,POL,142,1999,3,3,4,4,3.0,97.8856277466,0.6416480484877862,0.175239176420261,0,0,0,0,,,59
Poland,290,17.0,POL,142,1999,3,3,4,4,3.0,97.1935348511,-0.7070424039079981,-0.7998490670346747,0,0,0,0,,,59
Poland,290,17.0,POL,142,2000,3,4,4,4,3.0,98.0303726196,0.8610014748224204,0.7956071194022085,0,0,0,0,,,59
Poland,290,17.0,POL,142,2000,3,4,4,4,3.0,97.4523849487,-0.5896006058681902,-0.4356415349537679,0,0,0,0,,,59
Poland,290,17.0,POL,142,2001,3,4,4,4,3.0,98.1059112549,0.6706108901737062,0.9420117591279364,0,0,0,0,,,59
Poland,290,17.0,POL,142,2001,3,4,4,4,3.0,97.5838470459,-0.532143478738567,-0.451133194433051,0,0,0,0,,,59
Poland,290,17.0,POL,142,2002,3,4,4,4,3.0,98.0166015625,0.44346941599509027,0.5819368274302295,0,0,0,0,,,59
Poland,290,17.0,POL,142,2002,3,4,4,4,3.0,97.4610977173,-0.5667446497273021,-0.6554187124707789,0,0,0,0,,,59
Poland,290,17.0,POL,142,2003,3,4,4,4,3.0,98.1091918945,0.6649773010764637,0.5417020673442519,0,0,0,0,,,59
Poland,290,17.0,POL,142,2003,3,4,4,4,3.0,97.5816345215,-0.5377247155060605,-0.4394920641568989,0,0,0,0,,,59
Poland,290,17.0,POL,142,2004,3,3,4,4,3.0,98.8103256226,1.2591417505199543,1.3863943360903574,0,0,0,0,,,59
Poland,290,17.0,POL,142,2004,3,3,4,4,3.0,98.6033248901,-0.209493017248652,0.5119240177652418,0,0,0,0,,,59
Poland,290,17.0,POL,142,2005,3,3,4,4,3.0,98.984046936,0.3861148154226557,1.435763548693958,0,0,0,0,,,59
Poland,290,17.0,POL,142,2005,3,3,4,4,3.0,98.7607040405,-0.2256352436715403,-0.04901344549753661,0,0,0,0,,,59
Poland,290,17.0,POL,142,2006,3,4,4,4,3.0,99.4954147339,0.743930190188502,0.9044097619396174,0,0,0,0,,,59
Poland,290,17.0,POL,142,2006,3,4,4,4,3.0,99.3236083984,-0.17267764143654718,0.34561730508041455,0,0,0,0,,,59
Poland,290,17.0,POL,142,2007,3,4,4,4,3.0,99.7485275269,0.4278128184747487,0.9990653672267036,0,0,0,0,,,59
Poland,290,17.0,POL,142,2007,3,4,4,4,3.0,99.5960998535,-0.15281195339841291,0.10232322363978863,0,0,0,0,,,59
Poland,290,17.0,POL,142,2008,3,4,4,4,4.0,100.2410507202,0.6475663882909988,0.9225672533673346,0,0,0,0,,,59
Poland,290,17.0,POL,142,2008,3,4,4,4,4.0,100.2250747681,-0.015937534558163602,0.47881690033442226,0,0,0,0,,,59
Poland,290,17.0,POL,142,2009,3,4,4,4,4.0,99.363243103,-0.8598962555968148,-0.22826740186397965,0,0,0,0,,,59
Poland,290,17.0,POL,142,2009,3,4,4,4,4.0,99.286529541,-0.07720517125280324,-0.9530389614077817,0,0,0,0,,,59
Poland,290,17.0,POL,142,2010,3,4,4,4,4.0,100.1182632446,0.8377105206971214,-0.09939090615249668,0,0,0,0,,,59
Poland,290,17.0,POL,142,2010,3,4,4,4,4.0,100.1136627197,-0.004595090596770657,0.7559102588475475,0,0,0,0,,,59
Poland,290,17.0,POL,142,2011,3,4,4,4,4.0,100.4819641113,0.36788324549783535,1.200998675598186,0,0,0,0,,,59
Poland,290,17.0,POL,142,2011,3,4,4,4,4.0,100.4944152832,0.012391449560245071,0.37567960446130977,0,0,0,0,,,59
Poland,290,17.0,POL,142,2012,3,3,4,4,4.0,100.0,-0.49198284482446786,-0.11170814976638743,0,0,0,0,,,59
Poland,290,17.0,POL,142,2012,3,3,4,4,4.0,100.0,0.0,-0.4795913952642228,0,0,0,0,,,59
Poland,290,17.0,POL,142,2013,3,3,3,4,4.0,100.0171127319,0.017112731899993072,-0.4748701129244748,0,0,0,0,,,59
Poland,290,17.0,POL,142,2013,3,3,3,4,4.0,99.9803771973,-0.03672924922204501,-0.01961651732205194,0,0,0,0,,,59
Poland,290,17.0,POL,142,2014,3,3,3,4,4.0,99.7865142822,-0.19390096390358158,-0.21351748122563352,0,0,0,0,,,59
Poland,290,17.0,POL,142,2014,3,3,3,4,4.0,99.7910232544,0.004518618805793295,-0.2261115943198333,0,0,0,0,,,59
Poland,290,17.0,POL,142,2015,3,3,3,4,3.0,98.7766723633,-1.0164750876580309,-1.2058574327558191,0,0,0,0,,,59
Poland,290,17.0,POL,142,2015,3,3,3,4,3.0,99.1904220581,0.41887389491948035,-0.5930825739327572,0,0,0,0,,,59
Poland,290,17.0,POL,142,2016,3,3,3,4,3.0,98.8376541138,-0.3556471854645027,-0.9532483782030532,0,0,0,0,,,59
Poland,290,17.0,POL,142,2016,3,3,3,4,3.0,99.3552932739,0.5237266755684145,0.5869533850233921,0,0,0,0,,,59
Poland,290,17.0,POL,142,2017,3,3,3,4,3.0,99.4586791992,0.10405678640088567,0.27213627650479744,0,0,0,0,,,59
Poland,290,17.0,POL,142,2017,3,3,3,4,3.0,99.9351043701,0.4790181960347528,1.106801658004053,0,0,0,0,,,59
Poland,290,17.0,POL,142,2018,3,3,3,4,3.0,99.6823577881,-0.252910709998333,0.3301642724373055,0,0,0,0,,,59
Poland,290,17.0,POL,142,2018,3,3,3,4,3.0,100.1504211426,0.46955485894000226,0.6956623449764221,0,0,0,0,,,59
Poland,290,17.0,POL,142,2019,3,3,3,4,3.0,99.2330322266,-0.9160110417246847,-0.6993668927830154,0,0,0,0,,,59
Poland,290,17.0,POL,142,2019,3,3,3,4,3.0,99.7045059204,0.47511769339405596,0.028661510609373497,0,0,0,0,,,59
Poland,290,17.0,POL,142,2020,3,3,3,3,3.0,98.8778762817,-0.8290795195955769,-1.2699728679262057,0,0,0,0,,,59
Poland,290,17.0,POL,142,2020,3,3,3,3,3.0,99.3787612915,0.506569344565011,0.15260751836349007,0,0,0,0,,,59
Poland,290,17.0,POL,142,2021,3,3,3,3,3.0,100.2292251587,0.8557803057188451,0.5332701306882792,0,0,0,0,,,59
Poland,290,17.0,POL,142,2021,3,3,3,3,3.0,100.6727905273,0.44255093052716354,1.8049005808110197,0,0,0,0,,,59
Poland,290,17.0,POL,142,2022,3,3,3,4,3.0,100.7735519409,0.10008803080976403,1.3984192670557727,0,0,0,0,,,59
Poland,290,17.0,POL,142,2022,3,3,3,4,3.0,101.5214691162,0.7421760579984449,1.2848150193353725,0,0,0,0,,,59
Poland,290,17.0,POL,142,2023,3,3,3,4,3.0,100.1332931519,-1.367371824289798,-0.5251077354815892,0,0,0,0,,,59
Poland,290,17.0,POL,142,2023,3,3,3,4,3.0,100.67137146,0.5373620412980395,-0.08783372499331366,0,0,0,0,,,59
Poland,290,17.0,POL,142,2024,3,3,3,4,4.0,100.0532684326,-0.6139809346350167,-1.4439907176267752,0,0,0,0,,,59
Poland,290,17.0,POL,142,2024,3,3,3,4,4.0,100.456237793,0.4027548192205632,0.3261359258835861,0,0,0,0,,,59
Qatar,694,94.0,QAT,144,1975,1,1,2,3,2.0,65.9438552856,,,0,0,0,0,-6.0,-7.0,60
Qatar,694,94.0,QAT,144,1975,1,1,2,3,2.0,53.418888092,-18.993380261670932,-18.993380261670932,0,0,0,0,-6.0,-7.0,60
Qatar,694,94.0,QAT,144,1976,1,1,2,3,2.0,65.9438552856,23.446701421469164,4.453321159798232,0,0,0,0,-5.0,-6.0,60
Qatar,694,94.0,QAT,144,1976,1,1,2,3,2.0,56.1622123718,-14.833289426946783,-10.37996826714855,0,0,0,0,-5.0,-6.0,60
Qatar,694,94.0,QAT,144,1977,1,1,2,3,2.0,66.9334640503,19.178823667403154,27.792235661925538,0,0,1,0,-4.0,-5.0,60
Qatar,694,94.0,QAT,144,1977,1,1,2,3,2.0,59.3290863037,-11.36109994379697,-7.0155657033406005,0,0,0,0,-4.0,-5.0,60
Qatar,694,94.0,QAT,144,1978,1,1,2,3,2.0,63.7186813354,7.398723467996926,15.216447191603109,0,0,0,0,-3.0,-4.0,60
Qatar,694,94.0,QAT,144,1978,1,1,2,3,2.0,57.8841285706,-9.156738090809357,-13.119114566609404,0,0,0,0,-3.0,-4.0,60
Qatar,694,94.0,QAT,144,1979,1,1,2,3,2.0,98.7645874023,70.6246424386246,68.86662781581217,0,0,1,0,-2.0,-3.0,60
Qatar,694,94.0,QAT,144,1979,1,1,2,3,2.0,73.8781509399,-25.19773242308959,36.27017192472565,0,0,1,0,-2.0,-3.0,60
Qatar,694,94.0,QAT,144,1980,1,1,2,3,2.0,106.9500350952,44.76544652857384,90.19235654410885,0,0,1,0,-1.0,-2.0,60
Qatar,694,94.0,QAT,144,1980,1,1,2,3,2.0,78.5841903687,-26.52252026027906,-6.954806154794817,0,0,0,0,-1.0,-2.0,60
Qatar,694,94.0,QAT,144,1981,1,1,2,3,2.0,100.4977264404,27.885425769339143,46.12835203763392,0,0,1,0,0.0,-1.0,60
Qatar,694,94.0,QAT,144,1981,1,1,2,3,2.0,77.3031845093,-23.079668319517143,-21.716762810457066,1,1,0,0,0.0,-1.0,60
Qatar,694,94.0,QAT,144,1982,1,1,2,3,2.0,96.0684356689,24.274874675237257,29.08063212505925,0,0,1,1,1.0,0.0,60
Qatar,694,94.0,QAT,144,1982,1,1,2,3,2.0,77.1685028076,-19.673405452794746,-18.47819909707464,0,0,0,0,1.0,0.0,60
Qatar,694,94.0,QAT,144,1983,1,1,2,3,2.0,89.9360275269,16.544994725545692,21.146463947988195,0,0,1,0,2.0,1.0,60
Qatar,694,94.0,QAT,144,1983,1,1,2,3,2.0,74.5773925781,-17.077288569595993,-20.205699296845054,1,1,0,0,2.0,1.0,60
Qatar,694,94.0,QAT,144,1984,1,1,2,3,2.0,87.4198760986,17.220343962885142,16.688050118834834,0,0,0,0,3.0,2.0,60
Qatar,694,94.0,QAT,144,1984,1,1,2,3,2.0,73.1514587402,-16.32170851203998,-16.178653118750837,0,0,0,0,3.0,2.0,60
Qatar,694,94.0,QAT,144,1985,1,1,2,3,2.0,85.9711303711,17.52483388804251,18.423469338887667,0,0,0,0,4.0,3.0,60
Qatar,694,94.0,QAT,144,1985,1,1,2,3,2.0,72.1826705933,-16.038476775030418,-14.835351399027893,0,0,0,0,4.0,3.0,60
Qatar,694,94.0,QAT,144,1986,1,1,2,3,2.0,55.2021942139,-23.524311638555705,-22.03795452554362,1,1,0,0,5.0,4.0,60
Qatar,694,94.0,QAT,144,1986,1,1,2,3,2.0,53.6083641052,-2.887258616069044,-42.45004702965518,1,0,0,0,5.0,4.0,60
Qatar,694,94.0,QAT,144,1987,1,1,2,3,2.0,59.3880233765,10.781264020588477,-15.63030623403628,0,0,0,0,6.0,5.0,60
Qatar,694,94.0,QAT,144,1987,1,1,2,3,2.0,53.6919441223,-9.591292874135215,-1.6972874696157891,0,0,0,0,6.0,5.0,60
Qatar,694,94.0,QAT,144,1988,1,1,2,3,2.0,51.4697380066,-4.138807323940896,-2.9488361774876415,0,0,0,0,7.0,6.0,60
Qatar,694,94.0,QAT,144,1988,1,1,2,3,2.0,46.8938751221,-8.890394747906495,-22.620494945982614,1,1,0,0,7.0,6.0,60
Qatar,694,94.0,QAT,144,1989,1,1,2,3,2.0,55.0112457275,17.310087051377998,4.280884979530599,0,0,0,0,8.0,7.0,60
Qatar,694,94.0,QAT,144,1989,1,1,2,3,2.0,49.4999237061,-10.01853702550295,-1.598844722031453,0,0,0,0,8.0,7.0,60
Qatar,694,94.0,QAT,144,1990,1,1,2,3,2.0,60.617565155,22.45991633221436,29.751466358089402,0,0,1,1,9.0,8.0,60
Qatar,694,94.0,QAT,144,1990,1,1,2,3,2.0,54.6651725769,-9.819583750814875,2.621795555896526,0,0,0,0,9.0,8.0,60
Qatar,694,94.0,QAT,144,1991,1,1,2,3,2.0,55.2949752808,1.1521096050945978,13.792442186494073,0,0,0,0,10.0,9.0,60
Qatar,694,94.0,QAT,144,1991,1,1,2,3,2.0,50.155872345,-9.293978177406736,-17.96145232312702,0,0,0,0,10.0,9.0,60
Qatar,694,94.0,QAT,144,1992,1,1,2,3,2.0,54.9059562683,9.47064361801202,1.3287750456998726,0,0,0,0,11.0,10.0,60
Qatar,694,94.0,QAT,144,1992,1,1,2,3,2.0,49.2426109314,-10.314628360584145,-10.13796291997887,0,0,0,0,11.0,10.0,60
Qatar,694,94.0,QAT,144,1993,1,1,2,3,2.0,52.2131462097,6.032448771731991,5.1884640291598565,0,0,0,0,12.0,11.0,60
Qatar,694,94.0,QAT,144,1993,1,1,2,3,2.0,47.8369255066,-8.381453754049017,-12.66363334290118,0,0,0,0,12.0,11.0,60
Qatar,694,94.0,QAT,144,1994,1,1,2,3,3.0,50.4310417175,5.422832223074403,3.0738272407573675,0,0,0,0,13.0,12.0,60
Qatar,694,94.0,QAT,144,1994,1,1,2,3,3.0,45.8263816833,-9.130606621203597,-12.08922815217822,0,0,0,0,13.0,12.0,60
Qatar,694,94.0,QAT,144,1995,1,1,2,3,3.0,51.1487197876,11.614135589150298,7.9063611910210945,0,0,0,0,14.0,13.0,60
Qatar,694,94.0,QAT,144,1995,1,1,2,3,3.0,46.3417320251,-9.398060757847858,-6.914531789901167,0,0,0,0,14.0,13.0,60
Qatar,694,94.0,QAT,144,1996,2,1,2,3,2.0,54.8396110535,18.337422139934922,20.55349697123735,0,0,1,0,15.0,14.0,60
Qatar,694,94.0,QAT,144,1996,2,1,2,3,2.0,50.7559432983,-7.446565861337151,1.4927955207499028,0,0,0,0,15.0,14.0,60
Qatar,694,94.0,QAT,144,1997,2,1,2,3,2.0,54.4424781799,7.263257545887192,18.154113824484952,0,0,0,0,16.0,15.0,60
Qatar,694,94.0,QAT,144,1997,2,1,2,3,2.0,50.2693214417,-7.665258595338365,-7.8485669107883345,0,0,0,0,16.0,15.0,60
Qatar,694,94.0,QAT,144,1998,2,1,2,3,2.0,48.1087036133,-4.298084331426244,-4.700085380877428,0,0,0,0,17.0,16.0,60
Qatar,694,94.0,QAT,144,1998,2,1,2,3,2.0,43.3710403442,-9.847829837988487,-21.811172764753106,1,1,0,0,17.0,16.0,60
Qatar,694,94.0,QAT,144,1999,2,1,2,3,2.0,53.9899864197,24.483955171990868,10.338041002576126,0,0,0,0,18.0,17.0,60
Qatar,694,94.0,QAT,144,1999,2,1,2,3,2.0,49.2605323792,-8.759872624776776,5.876252709225595,0,0,0,0,18.0,17.0,60
Qatar,694,94.0,QAT,144,2000,2,1,2,3,2.0,68.1473007202,38.340568866801014,54.064651414015096,0,0,1,1,19.0,18.0,60
Qatar,694,94.0,QAT,144,2000,2,1,2,3,2.0,63.6581192017,-6.587467839601935,22.993228402422293,0,0,1,0,19.0,18.0,60
Qatar,694,94.0,QAT,144,2001,2,1,2,3,3.0,65.6320495605,3.1008304730864245,34.85393150028549,0,0,1,0,20.0,19.0,60
Qatar,694,94.0,QAT,144,2001,2,1,2,3,3.0,60.9545249939,-7.126890898459937,-10.613528264975457,0,0,0,0,20.0,19.0,60
Qatar,694,94.0,QAT,144,2002,2,1,2,3,3.0,64.0052947998,5.004993158761062,0.9789327333875386,0,0,0,0,21.0,20.0,60
Qatar,694,94.0,QAT,144,2002,2,1,2,3,3.0,60.2453536987,-5.874421972214316,-7.996319711913202,0,0,0,0,21.0,20.0,60
Qatar,694,94.0,QAT,144,2003,2,1,2,3,3.0,70.7437896729,17.42613385042926,16.556705036975995,0,0,0,0,22.0,21.0,60
Qatar,694,94.0,QAT,144,2003,2,1,2,3,3.0,66.2087478638,-6.410515792366778,5.141196085848155,0,0,0,0,22.0,21.0,60
Qatar,694,94.0,QAT,144,2004,2,1,2,3,3.0,75.2737045288,13.691478781093691,24.707096839156165,0,0,1,0,23.0,22.0,60
Qatar,694,94.0,QAT,144,2004,2,1,2,3,3.0,71.7312927246,-4.706041540501915,2.5749214482249885,0,0,0,0,23.0,22.0,60
Qatar,694,94.0,QAT,144,2005,2,1,2,3,3.0,87.5311584473,22.02646170529907,31.011898945890835,0,0,1,0,24.0,23.0,60
Qatar,694,94.0,QAT,144,2005,2,1,2,3,3.0,84.6436843872,-3.2987956646757577,14.021624500121384,0,0,0,0,24.0,23.0,60
Qatar,694,94.0,QAT,144,2006,2,1,2,3,3.0,91.0859985352,7.6110984471444265,26.338764487767726,0,0,1,0,25.0,24.0,60
Qatar,694,94.0,QAT,144,2006,2,1,2,3,3.0,89.2261199951,-2.04189290342055,2.2704098790481075,0,0,0,0,25.0,24.0,60
Qatar,694,94.0,QAT,144,2007,2,1,2,3,3.0,92.7593536377,3.95986471539278,9.529070259116645,0,0,0,0,26.0,25.0,60
Qatar,694,94.0,QAT,144,2007,2,1,2,3,3.0,91.3449249268,-1.5248367473801983,0.39313506459202063,0,0,0,0,26.0,25.0,60
Qatar,694,94.0,QAT,144,2008,2,1,2,3,3.0,105.7233505249,15.740804001560305,18.175831969572876,0,0,0,0,27.0,26.0,60
Qatar,694,94.0,QAT,144,2008,2,1,2,3,3.0,104.5199050903,-1.1382967231222563,13.07767053105784,0,0,0,0,27.0,26.0,60
Qatar,694,94.0,QAT,144,2009,2,1,2,3,3.0,82.0995101929,-21.450837405592637,-6.848330127154599,0,0,0,0,28.0,27.0,60
Qatar,694,94.0,QAT,144,2009,2,1,2,3,3.0,81.8933029175,-0.2511674855495527,-22.840301614264455,1,1,0,0,28.0,27.0,60
Qatar,694,94.0,QAT,144,2010,2,1,2,3,2.0,88.5668640137,8.1490926100795,-13.552912281062701,0,0,0,0,29.0,28.0,60
Qatar,694,94.0,QAT,144,2010,2,1,2,3,2.0,89.7745742798,1.3636141231253118,9.261539247655246,0,0,0,0,29.0,28.0,60
Qatar,694,94.0,QAT,144,2011,2,1,2,3,2.0,100.1377944946,11.543602738232984,21.056309471437785,0,0,1,1,30.0,29.0,60
Qatar,694,94.0,QAT,144,2011,2,1,2,3,2.0,100.4585723877,0.3203364870566494,13.227553348414933,0,0,0,0,30.0,29.0,60
Qatar,694,94.0,QAT,144,2012,2,1,2,3,2.0,100.0,-0.45647910058908003,11.407460124700542,0,0,0,0,31.0,30.0,60
Qatar,694,94.0,QAT,144,2012,2,1,2,3,2.0,100.0,0.0,-0.13614261353244306,0,0,0,0,31.0,30.0,60
Qatar,694,94.0,QAT,144,2013,2,1,2,3,2.0,101.9549636841,1.9549636840999973,1.4984845835109049,0,0,0,0,32.0,31.0,60
Qatar,694,94.0,QAT,144,2013,2,1,2,3,2.0,101.4332580566,-0.5117020384769688,1.443261645623016,0,0,0,0,32.0,31.0,60
Qatar,694,94.0,QAT,144,2014,2,1,2,3,2.0,100.9716644287,-0.45507128208622794,0.9881903635367881,0,0,0,0,33.0,32.0,60
Qatar,694,94.0,QAT,144,2014,2,1,2,3,2.0,98.82421875,-2.1267805090173453,-3.0935538295805545,0,0,0,0,33.0,32.0,60
Qatar,694,94.0,QAT,144,2015,2,1,2,3,2.0,78.3016281128,-20.766762334966593,-23.348614126070178,1,1,0,0,34.0,33.0,60
Qatar,694,94.0,QAT,144,2015,2,1,2,3,2.0,74.3872070313,-4.9991566916858465,-27.8926995356698,1,0,0,0,34.0,33.0,60
Qatar,694,94.0,QAT,144,2016,2,1,2,3,2.0,69.1867294312,-6.991091355146295,-32.75701038179874,1,0,0,0,35.0,34.0,60
Qatar,694,94.0,QAT,144,2016,2,1,2,3,2.0,68.3906326294,-1.1506495658125449,-13.140897612644697,0,0,0,0,35.0,34.0,60
Qatar,694,94.0,QAT,144,2017,2,1,2,3,2.0,75.1676635742,9.909297054647602,1.7675561336887533,0,0,0,0,36.0,35.0,60
Qatar,694,94.0,QAT,144,2017,2,1,2,3,2.0,75.3514480591,0.24449939796062914,9.003146886795678,0,0,0,0,36.0,35.0,60
Qatar,694,94.0,QAT,144,2018,2,1,2,3,2.0,83.8135299683,11.230151678787891,21.383948131396114,0,0,1,1,37.0,36.0,60
Qatar,694,94.0,QAT,144,2018,2,1,2,3,2.0,84.8364181519,1.220433245070196,12.695084321818708,0,0,0,0,37.0,36.0,60
Qatar,694,94.0,QAT,144,2019,2,1,2,3,2.0,69.0075912476,-18.658056585979864,-6.207471662121785,0,0,0,0,38.0,37.0,60
Qatar,694,94.0,QAT,144,2019,2,1,2,3,2.0,75.825050354,9.879288616144954,-7.55833472476472,0,0,0,0,38.0,37.0,60
Qatar,694,94.0,QAT,144,2020,2,1,2,2,2.0,60.7221908569,-19.918034246716832,-28.69680221655175,1,1,0,0,39.0,38.0,60
Qatar,694,94.0,QAT,144,2020,2,1,2,2,2.0,64.4034805298,6.062511284507943,-3.9762343460639418,0,0,0,0,39.0,38.0,60
Qatar,694,94.0,QAT,144,2021,2,1,2,2,2.0,102.560508728,59.246841761206426,45.39131879899753,0,0,1,1,40.0,39.0,60
Qatar,694,94.0,QAT,144,2021,2,1,2,2,2.0,91.0366821289,-11.236124646828994,54.07322839888536,0,0,1,0,40.0,39.0,60
Qatar,694,94.0,QAT,144,2022,2,1,2,2,2.0,134.6745300293,47.93435665703703,95.94507377141446,0,0,1,0,41.0,40.0,60
Qatar,694,94.0,QAT,144,2022,2,1,2,2,2.0,109.0684356689,-19.01331629286481,17.684915717343213,0,0,0,0,41.0,40.0,60
Qatar,694,94.0,QAT,144,2023,2,1,2,2,2.0,90.2737884521,-17.231976512301927,11.68906385187028,0,0,0,0,42.0,41.0,60
Qatar,694,94.0,QAT,144,2023,2,1,2,2,2.0,88.5779800415,-1.8785169423789272,-38.12380974754568,1,1,0,0,42.0,41.0,60
Qatar,694,94.0,QAT,144,2024,2,1,2,2,2.0,84.5178985596,-4.583623920976521,-23.694117375657385,1,0,0,0,43.0,42.0,60
Qatar,694,94.0,QAT,144,2024,2,1,2,2,2.0,85.4961013794,1.1573913176629702,-5.304749545692489,0,0,0,0,43.0,42.0,60
Russia,365,11.0,RUS,146,1992,2,3,2,2,2.0,80.736579895,,,0,0,0,0,,,61
Russia,365,11.0,RUS,146,1992,2,3,2,2,2.0,78.3498687744,-2.9561707019346017,-2.9561707019346017,0,0,0,0,,,61
Russia,365,11.0,RUS,146,1993,2,2,3,2,2.0,79.4968414307,1.4639113941627535,-1.4922593077718482,0,0,0,0,,,61
Russia,365,11.0,RUS,146,1993,2,2,3,2,2.0,77.4331283569,-2.59596864058933,-4.088227948361178,0,0,0,0,,,61
Russia,365,11.0,RUS,146,1994,3,3,3,2,2.0,78.5728149414,1.471833320806848,0.33977607438027135,0,0,0,0,,,61
Russia,365,11.0,RUS,146,1994,3,3,3,2,2.0,76.7500152588,-2.319885935052024,-3.444021254834506,0,0,0,0,,,61
Russia,365,11.0,RUS,146,1995,3,3,3,3,2.0,79.8418045044,4.028389095656237,3.1803364814110613,0,0,0,0,,,61
Russia,365,11.0,RUS,146,1995,3,3,3,3,2.0,77.3908004761,-3.0698254423407123,-1.361322281736499,0,0,0,0,,,61
Russia,365,11.0,RUS,146,1996,3,3,3,3,2.0,81.3653030396,5.1356266365631065,6.0941902898786315,0,0,0,0,,,61
Russia,365,11.0,RUS,146,1996,3,3,3,3,2.0,79.2511062622,-2.5984009134348507,-0.5325997192124565,0,0,0,0,,,61
Russia,365,11.0,RUS,146,1997,3,3,3,3,2.0,81.2539215088,2.52717639041371,5.064402113541966,0,0,0,0,,,61
Russia,365,11.0,RUS,146,1997,3,3,3,3,2.0,79.0190353394,-2.7504963796214477,-2.8217209026425882,0,0,0,0,,,61
Russia,365,11.0,RUS,146,1998,3,3,2,3,2.0,78.8236312866,-0.2472873174934498,-0.47060730670118733,0,0,0,0,,,61
Russia,365,11.0,RUS,146,1998,3,3,2,3,2.0,75.0197296143,-4.8258391680397805,-7.823622865154678,0,0,0,0,,,61
Russia,365,11.0,RUS,146,1999,3,3,2,3,2.0,80.2995605469,7.037923170005089,1.9647966844718594,0,0,0,0,,,61
Russia,365,11.0,RUS,146,1999,3,3,2,3,2.0,78.0309066772,-2.8252382133211906,-0.6131542113558819,0,0,0,0,,,61
Russia,365,11.0,RUS,146,2000,2,3,2,2,2.0,85.3265533447,9.349688448041249,13.562373404725147,0,0,0,0,,,61
Russia,365,11.0,RUS,146,2000,2,3,2,2,2.0,84.8530883789,-0.5548858441372984,5.969564390582759,0,0,0,0,,,61
Russia,365,11.0,RUS,146,2001,2,3,2,2,2.0,84.2242584229,-0.741080811569339,8.05372179233461,0,0,0,0,,,61
Russia,365,11.0,RUS,146,2001,2,3,2,2,2.0,83.6039962769,-0.7364412078116223,-2.0324078635182605,0,0,0,0,,,61
Russia,365,11.0,RUS,146,2002,2,3,2,2,2.0,83.7145462036,0.13223043349965824,-1.345291585881304,0,0,0,0,,,61
Russia,365,11.0,RUS,146,2002,2,3,2,2,2.0,83.2917556763,-0.5050383075263176,-1.1092490818382825,0,0,0,0,,,61
Russia,365,11.0,RUS,146,2003,2,3,2,2,2.0,86.5095901489,3.8633289050906683,3.490521031064008,0,0,0,0,,,61
Russia,365,11.0,RUS,146,2003,2,3,2,2,2.0,86.0312652588,-0.5529154505028888,2.805375147061461,0,0,0,0,,,61
Russia,365,11.0,RUS,146,2004,2,3,2,3,2.0,89.1594009399,3.636045188560111,6.946458643147889,0,0,0,0,,,61
Russia,365,11.0,RUS,146,2004,2,3,2,3,2.0,88.9992446899,-0.17962912302198486,2.9035006150352363,0,0,0,0,,,61
Russia,365,11.0,RUS,146,2005,2,3,2,3,2.0,93.7518463135,5.340047143275761,8.796463208813886,0,0,0,0,,,61
Russia,365,11.0,RUS,146,2005,2,3,2,3,2.0,93.9908828735,0.25496730933776135,5.415385329591537,0,0,0,0,,,61
Russia,365,11.0,RUS,146,2006,2,2,3,3,2.0,96.2492370605,2.4027374974650018,7.9977519500785235,0,0,0,0,,,61
Russia,365,11.0,RUS,146,2006,2,2,3,3,2.0,96.5225067139,0.28391877353608486,2.941623580338847,0,0,0,0,,,61
Russia,365,11.0,RUS,146,2007,2,2,3,3,2.0,97.3829727173,0.8914666979697117,3.5781229689707974,0,0,0,0,,,61
Russia,365,11.0,RUS,146,2007,2,2,3,3,2.0,97.5301589966,0.1511416987929337,1.3265271702987294,0,0,0,0,,,61
Russia,365,11.0,RUS,146,2008,2,2,3,3,2.0,101.7150039673,4.2908214379573595,5.333429834720004,0,0,0,0,,,61
Russia,365,11.0,RUS,146,2008,2,2,3,3,2.0,101.7815093994,0.06538409232266229,4.507347229072955,0,0,0,0,,,61
Russia,365,11.0,RUS,146,2009,2,2,2,3,2.0,93.571762085,-8.066049877669023,-3.7098443473890024,0,0,0,0,,,61
Russia,365,11.0,RUS,146,2009,2,2,2,3,2.0,93.3028640747,-0.28737089513793945,-8.288036680484302,0,0,0,0,,,61
Russia,365,11.0,RUS,146,2010,2,2,2,3,2.0,97.1032714844,4.073194802098823,-4.280225970708139,0,0,0,0,,,61
Russia,365,11.0,RUS,146,2010,2,2,2,3,2.0,97.1223983765,0.019697474459534625,3.8055213814204185,0,0,0,0,,,61
Russia,365,11.0,RUS,146,2011,2,2,2,3,2.0,100.6913528442,3.6746976262517217,7.767589902810079,0,0,0,0,,,61
Russia,365,11.0,RUS,146,2011,2,2,2,3,2.0,100.9402008057,0.24713935652949104,3.9415344572407482,0,0,0,0,,,61
Russia,365,11.0,RUS,146,2012,2,2,2,3,2.0,100.0,-0.9314433676526956,2.990393615128518,0,0,0,0,,,61
Russia,365,11.0,RUS,146,2012,2,2,2,3,2.0,100.0,0.0,-0.6843040111232037,0,0,0,0,,,61
Russia,365,11.0,RUS,146,2013,2,2,2,3,2.0,100.3464584351,0.3464584350999944,-0.5849849325527003,0,0,0,0,,,61
Russia,365,11.0,RUS,146,2013,2,2,2,3,2.0,100.3461990356,-0.0002585038914704185,0.3461999312085249,0,0,0,0,,,61
Russia,365,11.0,RUS,146,2014,2,2,2,2,2.0,99.1749420166,-1.16721612802142,-0.8210161968128951,0,0,0,0,,,61
Russia,365,11.0,RUS,146,2014,2,2,2,2,2.0,99.3164596558,0.1426949553207768,-1.0247796765921127,0,0,0,0,,,61
Russia,365,11.0,RUS,146,2015,2,2,2,2,2.0,90.1669540405,-9.212476609626785,-10.236997782327428,0,0,0,0,,,61
Russia,365,11.0,RUS,146,2015,2,2,2,2,2.0,90.2780761719,0.12324041837998845,-8.94654123592602,0,0,0,0,,,61
Russia,365,11.0,RUS,146,2016,2,2,2,2,2.0,88.2290420532,-2.269691829496223,-11.358928020743019,0,0,0,0,,,61
Russia,365,11.0,RUS,146,2016,2,2,2,2,2.0,88.0555038452,-0.19669057258422384,-2.343141983700457,0,0,0,0,,,61
Russia,365,11.0,RUS,146,2017,2,2,2,2,2.0,91.2786712646,3.6603815532828987,1.1939991512024535,0,0,0,0,,,61
Russia,365,11.0,RUS,146,2017,2,2,2,2,2.0,91.333694458,0.060280449570182526,3.523971430268859,0,0,0,0,,,61
Russia,365,11.0,RUS,146,2018,2,2,2,2,2.0,94.8070831299,3.802965261081437,7.52362726393452,0,0,0,0,,,61
Russia,365,11.0,RUS,146,2018,2,2,2,2,2.0,94.9899215698,0.19285314331365377,4.056098853965275,0,0,0,0,,,61
Russia,365,11.0,RUS,146,2019,2,2,2,2,2.0,91.840927124,-3.315082688520876,0.6807357158742162,0,0,0,0,,,61
Russia,365,11.0,RUS,146,2019,2,2,2,2,2.0,91.4164276123,-0.4622117012460736,-3.584441246453294,0,0,0,0,,,61
Russia,365,11.0,RUS,146,2020,2,2,2,2,2.0,87.2733917236,-4.5320474633626535,-8.309341853129602,0,0,0,0,,,61
Russia,365,11.0,RUS,146,2020,2,2,2,2,2.0,86.9261627197,-0.39786353783486383,-5.392122702443589,0,0,0,0,,,61
Russia,365,11.0,RUS,146,2021,2,2,2,2,2.0,96.8289794922,11.392216638427243,6.462305637229727,0,0,0,0,,,61
Russia,365,11.0,RUS,146,2021,2,2,2,2,2.0,98.0248718262,1.2350562200196702,12.229409320612051,0,0,0,0,,,61
Russia,365,11.0,RUS,146,2022,1,1,2,2,1.0,102.2117462158,4.271236790825306,16.89850964927222,0,0,0,0,,,61
Russia,365,11.0,RUS,146,2022,1,1,2,2,1.0,104.0294723511,1.778392604175072,7.28468561502005,0,0,0,0,,,61
Russia,365,11.0,RUS,146,2023,1,1,2,2,1.0,96.3523025513,-7.379802690808146,-1.330173295807767,0,0,0,0,,,61
Russia,365,11.0,RUS,146,2023,1,1,2,2,1.0,96.7233123779,0.3850554857290245,-5.216354600904048,0,0,0,0,,,61
Russia,365,11.0,RUS,146,2024,1,1,2,2,1.0,95.2042007446,-1.5705744519633469,-8.565321657042468,0,0,0,0,,,61
Russia,365,11.0,RUS,146,2024,1,1,2,2,1.0,95.4178390503,0.22440008322019978,-0.9611188830141209,0,0,0,0,,,61
Rwanda,517,129.0,RWA,147,1975,1,1,3,2,1.0,102.6963729858,,,0,0,0,0,,,62
Rwanda,517,129.0,RWA,147,1975,1,1,3,2,1.0,100.0497665405,-2.5771177387792887,-2.5771177387792887,0,0,0,0,,,62
Rwanda,517,129.0,RWA,147,1976,1,1,3,2,1.0,105.4257659912,5.373325332572154,2.7962075937928654,0,0,0,0,,,62
Rwanda,517,129.0,RWA,147,1976,1,1,3,2,1.0,101.9706954956,-3.2772543439602786,-0.48104675016741316,0,0,0,0,,,62
Rwanda,517,129.0,RWA,147,1977,1,1,3,2,1.0,109.0648880005,6.957089456358689,9.053160444970565,0,0,0,0,,,62
Rwanda,517,129.0,RWA,147,1977,1,1,3,2,1.0,103.5771179199,-5.031656091348891,-1.3518209789504798,0,0,0,0,,,62
Rwanda,517,129.0,RWA,147,1978,2,1,3,2,2.0,105.2767028809,1.6408884463403828,3.5663218113501816,0,0,0,0,,,62
Rwanda,517,129.0,RWA,147,1978,2,1,3,2,2.0,102.1328048706,-2.98631883813526,-6.377086483143768,0,0,0,0,,,62
Rwanda,517,129.0,RWA,147,1979,2,1,3,2,2.0,105.0464019775,2.852753442531486,1.507323050736609,0,0,0,0,,,62
Rwanda,517,129.0,RWA,147,1979,2,1,3,2,2.0,102.3613510132,-2.5560618105464616,-2.6896272061502353,0,0,0,0,,,62
Rwanda,517,129.0,RWA,147,1980,2,1,3,2,2.0,102.6210861206,0.25374333655141523,0.55043496853644,0,0,0,0,,,62
Rwanda,517,129.0,RWA,147,1980,2,1,3,2,2.0,101.5679016113,-1.026284703381819,-3.328603177376865,0,0,0,0,,,62
Rwanda,517,129.0,RWA,147,1981,2,1,3,2,2.0,99.7685470581,-1.7715779539151377,-2.544119320745541,0,0,0,0,,,62
Rwanda,517,129.0,RWA,147,1981,2,1,3,2,2.0,100.5404129028,0.7736564954188507,-2.0242061618781055,0,0,0,0,,,62
Rwanda,517,129.0,RWA,147,1982,2,1,3,2,2.0,100.4496612549,-0.09026385040584728,-1.0881853089021338,0,0,0,0,,,62
Rwanda,517,129.0,RWA,147,1982,2,1,3,2,2.0,100.7726821899,0.3215749371023868,1.0049675821153907,0,0,0,0,,,62
Rwanda,517,129.0,RWA,147,1983,2,1,3,2,2.0,100.8433532715,0.07012920571751735,0.30144029241405734,0,0,0,0,,,62
Rwanda,517,129.0,RWA,147,1983,2,1,3,2,2.0,100.9645767212,0.12020965761980751,0.5119138004397121,0,0,0,0,,,62
Rwanda,517,129.0,RWA,147,1984,2,1,3,2,2.0,101.416557312,0.4476625421290903,0.6380014054664156,0,0,0,0,,,62
Rwanda,517,129.0,RWA,147,1984,2,1,3,2,2.0,101.3584899902,-0.05725625414532143,0.5106159456035768,0,0,0,0,,,62
Rwanda,517,129.0,RWA,147,1985,2,1,3,2,2.0,100.8280181885,-0.5233619815678936,-0.1329556935841243,0,0,0,0,,,62
Rwanda,517,129.0,RWA,147,1985,2,1,3,2,2.0,100.9230575562,0.09425888697160989,-0.4863593487416047,0,0,0,0,,,62
Rwanda,517,129.0,RWA,147,1986,2,1,3,1,2.0,101.5188598633,0.5903530090417775,0.1612499144454942,0,0,0,0,,,62
Rwanda,517,129.0,RWA,147,1986,2,1,3,1,2.0,100.7747955322,-0.7329321193144889,-0.048320223301101084,0,0,0,0,,,62
Rwanda,517,129.0,RWA,147,1987,2,1,3,2,2.0,98.4529037476,-2.3040401841927793,-2.4466192944654903,0,0,0,0,,,62
Rwanda,517,129.0,RWA,147,1987,2,1,3,2,2.0,99.427696228,0.9901104419419049,-2.046861861565363,0,0,0,0,,,62
Rwanda,517,129.0,RWA,147,1988,2,1,3,2,2.0,98.0630264282,-1.3725248110653565,-2.6864545533162305,0,0,0,0,,,62
Rwanda,517,129.0,RWA,147,1988,2,1,3,2,2.0,99.0619125366,1.0186164396337238,0.6362020705102727,0,0,0,0,,,62
Rwanda,517,129.0,RWA,147,1989,2,1,3,2,2.0,96.9902114868,-2.09131945543104,-2.445227826862672,0,0,0,0,,,62
Rwanda,517,129.0,RWA,147,1989,2,1,3,2,2.0,98.6299133301,1.6905848726014527,0.6178818568041371,0,0,0,0,,,62
Rwanda,517,129.0,RWA,147,1990,2,1,3,2,2.0,96.0722961426,-2.5931455287200977,-2.9938801115496845,0,0,0,0,,,62
Rwanda,517,129.0,RWA,147,1990,2,1,3,2,2.0,97.9769821167,1.9825548577218077,1.0799942016031632,0,0,0,0,,,62
Rwanda,517,129.0,RWA,147,1991,2,3,3,2,2.0,95.5341720581,-2.4932489303358785,-3.103839601334168,0,0,0,0,,,62
Rwanda,517,129.0,RWA,147,1991,2,3,3,2,2.0,97.4861373901,2.043211648720722,1.5325175761066516,0,0,0,0,,,62
Rwanda,517,129.0,RWA,147,1992,2,3,3,2,2.0,94.8717727661,-2.6817809116165714,-3.1318181932317275,0,0,0,0,,,62
Rwanda,517,129.0,RWA,147,1992,2,3,3,2,2.0,96.9950790405,2.238080108015761,1.5995108451199118,0,0,0,0,,,62
Rwanda,517,129.0,RWA,147,1993,3,3,4,2,2.0,95.3706130981,-1.6747921218990047,-2.118492925499815,0,0,0,0,,,62
Rwanda,517,129.0,RWA,147,1993,3,3,4,2,2.0,97.3091125488,2.032596192609182,2.5958841787259384,0,0,0,0,,,62
Rwanda,517,129.0,RWA,147,1994,2,2,4,2,1.0,97.2611465454,-0.04929240658314571,0.3085116641270318,0,0,0,0,,,62
Rwanda,517,129.0,RWA,147,1994,2,2,4,2,1.0,99.0981903076,1.8887745286269242,3.8720783146529607,0,0,0,0,,,62
Rwanda,517,129.0,RWA,147,1995,3,3,4,3,1.0,97.2236099243,-1.8916393704883183,-0.052157248444539395,0,0,0,0,,,62
Rwanda,517,129.0,RWA,147,1995,3,3,4,3,1.0,99.0985794067,1.92851251240298,1.9256476705415864,0,0,0,0,,,62
Rwanda,517,129.0,RWA,147,1996,2,3,4,3,1.0,96.4743881226,-2.6480614553820447,-2.6111883134673826,0,0,0,0,,,62
Rwanda,517,129.0,RWA,147,1996,2,3,4,3,1.0,98.3488769531,1.9429911575265857,1.2234422145475214,0,0,0,0,,,62
Rwanda,517,129.0,RWA,147,1997,2,3,4,4,1.0,97.1627120972,-1.2060786992673544,-1.911148997122813,0,0,0,0,,,62
Rwanda,517,129.0,RWA,147,1997,2,3,4,4,1.0,99.052154541,1.9446168216360915,2.681529279895323,0,0,0,0,,,62
Rwanda,517,129.0,RWA,147,1998,2,3,4,4,1.0,96.9157104492,-2.1568880573068827,-1.4183499349381452,0,0,0,0,,,62
Rwanda,517,129.0,RWA,147,1998,2,3,4,4,1.0,98.6583862305,1.798135486210417,1.5858642505396263,0,0,0,0,,,62
Rwanda,517,129.0,RWA,147,1999,2,3,3,2,2.0,96.4032974243,-2.2857548074335265,-2.6445073785299917,0,0,0,0,,,62
Rwanda,517,129.0,RWA,147,1999,2,3,3,2,2.0,98.2525253296,1.9182205948423015,1.4306012736191924,0,0,0,0,,,62
Rwanda,517,129.0,RWA,147,2000,2,3,3,3,2.0,95.9125747681,-2.3815678565516363,-2.749102069142861,0,0,0,0,,,62
Rwanda,517,129.0,RWA,147,2000,2,3,3,3,2.0,97.7098312378,1.8738486314703318,1.4105013697609974,0,0,0,0,,,62
Rwanda,517,129.0,RWA,147,2001,2,2,3,2,2.0,95.3257904053,-2.439919097493759,-2.947638322575063,0,0,0,0,,,62
Rwanda,517,129.0,RWA,147,2001,2,2,3,2,2.0,96.7471694946,1.4910750629569147,0.9250045969334879,0,0,0,0,,,62
Rwanda,517,129.0,RWA,147,2002,2,2,3,2,2.0,95.3522109985,-1.4418597498894958,-2.3907037844263397,0,0,0,0,,,62
Rwanda,517,129.0,RWA,147,2002,2,2,3,2,2.0,96.8264923096,1.5461427644537729,1.5953580775211922,0,0,0,0,,,62
Rwanda,517,129.0,RWA,147,2003,2,2,3,2,2.0,95.6095657349,-1.256811587069484,-1.1525285725052066,0,0,0,0,,,62
Rwanda,517,129.0,RWA,147,2003,2,2,3,2,2.0,97.1808624268,1.6434513427838304,1.9327825201681197,0,0,0,0,,,62
Rwanda,517,129.0,RWA,147,2004,2,2,3,2,2.0,96.1004867554,-1.111716488638681,-0.7250767329243342,0,0,0,0,,,62
Rwanda,517,129.0,RWA,147,2004,2,2,3,2,2.0,97.4957733154,1.4519037385849698,1.9836385927301197,0,0,0,0,,,62
Rwanda,517,129.0,RWA,147,2005,2,2,3,3,2.0,98.1178741455,0.6380797945850336,0.9782670445313228,0,0,0,0,,,62
Rwanda,517,129.0,RWA,147,2005,2,2,3,3,2.0,98.3474655151,0.23399545862514692,2.3239789917951508,0,0,0,0,,,62
Rwanda,517,129.0,RWA,147,2006,2,2,3,3,1.0,99.1365966797,0.8023909517819172,1.6744662049920982,0,0,0,0,,,62
Rwanda,517,129.0,RWA,147,2006,2,2,3,3,1.0,98.8063201904,-0.3331529428704294,0.7032334675366352,0,0,0,0,,,62
Rwanda,517,129.0,RWA,147,2007,2,2,3,4,1.0,99.6874923706,0.8918176271537792,1.3610556360652675,0,0,0,0,,,62
Rwanda,517,129.0,RWA,147,2007,2,2,3,4,1.0,99.2442474365,-0.4446344506813138,0.11403023360203646,0,0,0,0,,,62
Rwanda,517,129.0,RWA,147,2008,2,2,3,3,2.0,99.9259796143,0.6869236206725304,1.1341067971449963,0,0,0,0,,,62
Rwanda,517,129.0,RWA,147,2008,2,2,3,3,2.0,99.7425384521,-0.1835770466379727,0.05871212335324438,0,0,0,0,,,62
Rwanda,517,129.0,RWA,147,2009,2,2,3,3,2.0,99.6345901489,-0.10822694597034666,0.3951196280642115,0,0,0,0,,,62
Rwanda,517,129.0,RWA,147,2009,2,2,3,3,2.0,99.0882720947,-0.5483216756184239,-0.8401256682267428,0,0,0,0,,,62
Rwanda,517,129.0,RWA,147,2010,2,2,3,3,2.0,100.0445861816,0.9651132941202567,0.30856467253148656,0,0,0,0,,,62
Rwanda,517,129.0,RWA,147,2010,2,2,3,3,2.0,99.8069152832,-0.23756497724782832,0.1792266412540049,0,0,0,0,,,62
Rwanda,517,129.0,RWA,147,2011,2,2,3,3,2.0,100.4758071899,0.6701859333113624,1.3977342501837913,0,0,0,0,,,62
Rwanda,517,129.0,RWA,147,2011,2,2,3,3,2.0,100.708656311,0.23174645480570355,0.6643674108692381,0,0,0,0,,,62
Rwanda,517,129.0,RWA,147,2012,2,2,3,3,2.0,100.0,-0.7036697111831081,0.19826267693395838,0,0,0,0,,,62
Rwanda,517,129.0,RWA,147,2012,2,2,3,3,2.0,100.0,0.0,-0.47192325637740407,0,0,0,0,,,62
Rwanda,517,129.0,RWA,147,2013,2,2,3,3,2.0,99.8002853394,-0.1997146605999922,-0.9033843717830998,0,0,0,0,,,62
Rwanda,517,129.0,RWA,147,2013,2,2,3,3,2.0,99.5765075684,-0.22422558236079304,-0.4239402429607848,0,0,0,0,,,62
Rwanda,517,129.0,RWA,147,2014,2,2,3,3,2.0,99.9346694946,0.35968516565412223,-0.06425507730666258,0,0,0,0,,,62
Rwanda,517,129.0,RWA,147,2014,2,2,3,3,2.0,100.0152206421,0.08060380637406883,0.21606338966739846,0,0,0,0,,,62
Rwanda,517,129.0,RWA,147,2015,2,2,3,3,2.0,99.6572723389,-0.35789382946112,0.08239514256707148,0,0,0,0,,,62
Rwanda,517,129.0,RWA,147,2015,2,2,3,3,2.0,99.4154129028,-0.24269120599399452,-0.5199812290810453,0,0,0,0,,,62
Rwanda,517,129.0,RWA,147,2016,2,2,3,3,2.0,99.7691726685,0.355839960193971,-0.24474507526114309,0,0,0,0,,,62
Rwanda,517,129.0,RWA,147,2016,2,2,3,3,2.0,99.5026016235,-0.2671877874398487,-0.15403903323987178,0,0,0,0,,,62
Rwanda,517,129.0,RWA,147,2017,2,2,3,3,2.0,99.9685821533,0.4683098956177911,0.5569620683719139,0,0,0,0,,,62
Rwanda,517,129.0,RWA,147,2017,2,2,3,3,2.0,99.8027801514,-0.16585410968993353,0.03526799848800932,0,0,0,0,,,62
Rwanda,517,129.0,RWA,147,2018,2,2,3,3,2.0,99.7280883789,-0.07483937059338253,0.22761641533447552,0,0,0,0,,,62
Rwanda,517,129.0,RWA,147,2018,2,2,3,3,2.0,99.3805923462,-0.34844349104511396,-0.5891369713284296,0,0,0,0,,,62
Rwanda,517,129.0,RWA,147,2019,2,2,3,3,2.0,99.5359191895,0.15629494615900796,-0.2669879154794881,0,0,0,0,,,62
Rwanda,517,129.0,RWA,147,2019,2,2,3,3,2.0,98.9960784912,-0.542357676199523,-0.7345062210856286,0,0,0,0,,,62
Rwanda,517,129.0,RWA,147,2020,2,2,3,2,2.0,99.5339508057,0.5433268900119304,0.15726415997141574,0,0,0,0,,,62
Rwanda,517,129.0,RWA,147,2020,2,2,3,2,2.0,98.9561386108,-0.5805176929306821,-0.5795484791182743,0,0,0,0,,,62
Rwanda,517,129.0,RWA,147,2021,2,2,3,2,2.0,100.159866333,1.2164255185161732,1.1792347155974219,0,0,0,0,,,62
Rwanda,517,129.0,RWA,147,2021,2,2,3,2,2.0,99.9252548218,-0.23423704502558707,0.40167078055990446,0,0,0,0,,,62
Rwanda,517,129.0,RWA,147,2022,2,2,3,3,2.0,100.0991592407,0.17403450129813702,1.1562229747887236,0,0,0,0,,,62
Rwanda,517,129.0,RWA,147,2022,2,2,3,3,2.0,100.2013397217,0.10207925998089173,0.04187671625344214,0,0,0,0,,,62
Rwanda,517,129.0,RWA,147,2023,2,2,3,3,2.0,99.974105835,-0.2267772939275159,0.04933646735151331,0,0,0,0,,,62
Rwanda,517,129.0,RWA,147,2023,2,2,3,3,2.0,100.022102356,0.04800895251737547,-0.07668908142924824,0,0,0,0,,,62
Rwanda,517,129.0,RWA,147,2024,2,2,3,3,2.0,100.3846588135,0.3624763416885335,0.1837080002783935,0,0,0,0,,,62
Rwanda,517,129.0,RWA,147,2024,2,2,3,3,2.0,101.0032196045,0.6161905597041439,1.0266758539100533,0,0,0,0,,,62
Saudi Arabia,670,197.0,SAU,151,1975,1,1,1,2,1.0,58.2534637451,,,0,0,0,0,-11.0,-25.0,63
Saudi Arabia,670,197.0,SAU,151,1975,1,1,1,2,1.0,63.444568634,8.9112381567811,8.9112381567811,0,0,0,0,-11.0,-25.0,63
Saudi Arabia,670,197.0,SAU,151,1976,1,1,1,2,1.0,64.212638855,1.2106161922714742,10.121854349052573,0,0,0,0,-10.0,-24.0,63
Saudi Arabia,670,197.0,SAU,151,1976,1,1,1,2,1.0,65.5742263794,2.1204353982004154,12.24228974725299,0,0,0,0,-10.0,-24.0,63
Saudi Arabia,670,197.0,SAU,151,1977,1,1,1,2,1.0,66.6568527222,1.6509936945898973,4.982045285061787,0,0,0,0,-9.0,-23.0,63
Saudi Arabia,670,197.0,SAU,151,1977,1,1,1,2,1.0,67.0676956177,0.6163550763673697,4.387784169157682,0,0,0,0,-9.0,-23.0,63
Saudi Arabia,670,197.0,SAU,151,1978,1,1,1,2,1.0,62.9978752136,-6.068227582022256,-3.8008788110649894,0,0,0,0,-8.0,-22.0,63
Saudi Arabia,670,197.0,SAU,151,1978,1,1,1,2,1.0,64.8539962769,2.9463232799624706,-2.505549225692416,0,0,0,0,-8.0,-22.0,63
Saudi Arabia,670,197.0,SAU,151,1979,1,1,1,2,1.0,87.2809371948,34.58066149408303,31.458757192023246,0,0,1,0,-7.0,-21.0,63
Saudi Arabia,670,197.0,SAU,151,1979,1,1,1,2,1.0,80.3652420044,-7.9234886937167515,29.60349608032875,0,0,1,0,-7.0,-21.0,63
Saudi Arabia,670,197.0,SAU,151,1980,1,1,1,2,1.0,92.8679733276,15.557386516070547,42.21455931643683,0,0,1,0,-6.0,-20.0,63
Saudi Arabia,670,197.0,SAU,151,1980,1,1,1,2,1.0,83.8237609863,-9.738785091600665,-2.10488726924687,0,0,0,0,-6.0,-20.0,63
Saudi Arabia,670,197.0,SAU,151,1981,1,1,1,2,1.0,88.605758667,5.704823577984719,11.523425002454601,0,0,0,0,-5.0,-19.0,63
Saudi Arabia,670,197.0,SAU,151,1981,1,1,1,2,1.0,81.3379058838,-8.202460982828663,-12.23642249644461,0,0,0,0,-5.0,-19.0,63
Saudi Arabia,670,197.0,SAU,151,1982,1,1,1,2,1.0,85.5566177368,5.186649210058203,2.689011805214257,0,0,0,0,-4.0,-18.0,63
Saudi Arabia,670,197.0,SAU,151,1982,1,1,1,2,1.0,79.6841964722,-6.86378379597179,-9.879595568742252,0,0,0,0,-4.0,-18.0,63
Saudi Arabia,670,197.0,SAU,151,1983,1,1,1,2,1.0,81.1831665039,1.8811384164775458,0.20400383056395732,0,0,0,0,-3.0,-17.0,63
Saudi Arabia,670,197.0,SAU,151,1983,1,1,1,2,1.0,77.1697769165,-4.9436228718760304,-9.926268251370276,0,0,0,0,-3.0,-17.0,63
Saudi Arabia,670,197.0,SAU,151,1984,1,1,1,2,1.0,79.3545761108,2.83115914234664,-0.23132531305184667,0,0,0,0,-2.0,-16.0,63
Saudi Arabia,670,197.0,SAU,151,1984,1,1,1,2,1.0,75.9599075317,-4.27784854443699,-6.390312273966383,0,0,0,0,-2.0,-16.0,63
Saudi Arabia,670,197.0,SAU,151,1985,1,1,1,2,1.0,78.4694595337,3.3037849617611803,1.857095559670828,0,0,0,0,-1.0,-15.0,63
Saudi Arabia,670,197.0,SAU,151,1985,1,1,1,2,1.0,75.2429885864,-4.111753752954472,-5.085817335630284,0,0,0,0,-1.0,-15.0,63
Saudi Arabia,670,197.0,SAU,151,1986,1,1,1,2,1.0,61.2005500793,-18.662786753845317,-19.47075554503861,0,0,0,0,0.0,-14.0,63
Saudi Arabia,670,197.0,SAU,151,1986,1,1,1,2,1.0,57.9971885681,-5.234203789098757,-28.00874429589855,1,1,0,0,0.0,-14.0,63
Saudi Arabia,670,197.0,SAU,151,1987,1,1,1,2,1.0,63.2914199829,9.12842767987545,-14.768562863068624,0,0,0,0,1.0,-13.0,63
Saudi Arabia,670,197.0,SAU,151,1987,1,1,1,2,1.0,60.8093833923,-3.9216004179880914,-0.02737652721139794,0,0,0,0,1.0,-13.0,63
Saudi Arabia,670,197.0,SAU,151,1988,1,1,1,2,1.0,58.5124740601,-3.7772284540067314,1.4295988078806272,0,0,0,0,2.0,-12.0,63
Saudi Arabia,670,197.0,SAU,151,1988,1,1,1,2,1.0,54.2425308228,-7.29749221151409,-14.996321083508914,0,0,0,0,2.0,-12.0,63
Saudi Arabia,670,197.0,SAU,151,1989,1,1,1,2,1.0,60.8713340759,12.2206747224886,1.1459540569677777,0,0,0,0,3.0,-11.0,63
Saudi Arabia,670,197.0,SAU,151,1989,1,1,1,2,1.0,57.6302757263,-5.324441132764979,-0.4012586217904701,0,0,0,0,3.0,-11.0,63
Saudi Arabia,670,197.0,SAU,151,1990,1,1,1,2,1.0,64.3166046143,11.602111570236072,18.49834515995969,0,0,0,0,4.0,-10.0,63
Saudi Arabia,670,197.0,SAU,151,1990,1,1,1,2,1.0,62.7070770264,-2.502507085926209,3.775163351544884,0,0,0,0,4.0,-10.0,63
Saudi Arabia,670,197.0,SAU,151,1991,1,1,1,2,1.0,60.8818473816,-2.910723528114012,6.188880956195851,0,0,0,0,5.0,-9.0,63
Saudi Arabia,670,197.0,SAU,151,1991,1,1,1,2,1.0,58.1537857056,-4.480911459372838,-9.894142073413061,0,0,0,0,5.0,-9.0,63
Saudi Arabia,670,197.0,SAU,151,1992,1,1,1,2,1.0,60.5962677002,4.200039541647249,-3.191595445839602,0,0,0,0,6.0,-8.0,63
Saudi Arabia,670,197.0,SAU,151,1992,1,1,1,2,1.0,57.8431549072,-4.543370239601263,-4.824242157326853,0,0,0,0,6.0,-8.0,63
Saudi Arabia,670,197.0,SAU,151,1993,1,1,1,2,1.0,58.3909759521,0.9470801614795965,0.603749463525582,0,0,0,0,7.0,-7.0,63
Saudi Arabia,670,197.0,SAU,151,1993,1,1,1,2,1.0,55.4555892944,-5.027123814659296,-8.623413892780963,0,0,0,0,7.0,-7.0,63
Saudi Arabia,670,197.0,SAU,151,1994,1,1,1,2,1.0,57.0988998413,2.96329110881155,-1.1167525443681505,0,0,0,0,8.0,-6.0,63
Saudi Arabia,670,197.0,SAU,151,1994,1,1,1,2,1.0,54.0438346863,-5.350479892767135,-7.414312598614882,0,0,0,0,8.0,-6.0,63
Saudi Arabia,670,197.0,SAU,151,1995,1,1,1,2,1.0,57.7370872498,6.833809230854282,4.446620446898696,0,0,0,0,9.0,-5.0,63
Saudi Arabia,670,197.0,SAU,151,1995,1,1,1,2,1.0,54.7752380371,-5.129890255609071,-3.646560917521925,0,0,0,0,9.0,-5.0,63
Saudi Arabia,670,197.0,SAU,151,1996,1,1,1,2,1.0,60.4795799255,10.414088724792702,12.11800770003791,0,0,0,0,10.0,-4.0,63
Saudi Arabia,670,197.0,SAU,151,1996,1,1,1,2,1.0,58.1426925659,-3.8639278951319134,1.4202705740517154,0,0,0,0,10.0,-4.0,63
Saudi Arabia,670,197.0,SAU,151,1997,1,1,1,2,1.0,60.1521759033,3.456123630880037,10.006284460540822,0,0,0,0,11.0,-3.0,63
Saudi Arabia,670,197.0,SAU,151,1997,1,1,1,2,1.0,57.7545509338,-3.985932235193612,-4.393736499445491,0,0,0,0,11.0,-3.0,63
Saudi Arabia,670,197.0,SAU,151,1998,2,1,1,2,1.0,54.6091651917,-5.446126220781,-5.975934825094578,0,0,0,0,12.0,-2.0,63
Saudi Arabia,670,197.0,SAU,151,1998,2,1,1,2,1.0,51.071346283,-6.478434336582229,-15.910492792556845,0,0,0,0,12.0,-2.0,63
Saudi Arabia,670,197.0,SAU,151,1999,2,1,1,2,1.0,59.5771865845,16.654819033684486,4.730258476321254,0,0,0,0,13.0,-1.0,63
Saudi Arabia,670,197.0,SAU,151,1999,2,1,1,2,1.0,57.5281600952,-3.439280380240528,6.737104316861726,0,0,0,0,13.0,-1.0,63
Saudi Arabia,670,197.0,SAU,151,2000,2,1,1,2,1.0,66.7032318115,15.94883566781331,29.164374321257263,0,0,1,1,14.0,0.0,63
Saudi Arabia,670,197.0,SAU,151,2000,2,1,1,2,1.0,68.0867614746,2.0741568669562893,14.583712154529067,0,0,0,0,14.0,0.0,63
Saudi Arabia,670,197.0,SAU,151,2001,2,1,1,2,1.0,64.4674911499,-5.315674069841281,12.707318464928317,0,0,0,0,15.0,1.0,63
Saudi Arabia,670,197.0,SAU,151,2001,2,1,1,2,1.0,65.283164978,1.2652482880144866,-1.9762689148705066,0,0,0,0,15.0,1.0,63
Saudi Arabia,670,197.0,SAU,151,2002,2,1,1,2,1.0,65.3161239624,0.05048619259053755,-3.9999395892362584,0,0,0,0,16.0,2.0,63
Saudi Arabia,670,197.0,SAU,151,2002,2,1,1,2,1.0,66.1160507202,1.2247002872682433,2.5404347678732657,0,0,0,0,16.0,2.0,63
Saudi Arabia,670,197.0,SAU,151,2003,2,1,1,2,1.0,67.993560791,2.8397190248787396,4.114905504737519,0,0,0,0,17.0,3.0,63
Saudi Arabia,670,197.0,SAU,151,2003,2,1,1,2,1.0,69.2442398071,1.8394080285696113,5.903827340716592,0,0,0,0,17.0,3.0,63
Saudi Arabia,670,197.0,SAU,151,2004,2,1,1,2,1.0,72.910774231,5.295074989795845,9.974202043244194,0,0,0,0,18.0,4.0,63
Saudi Arabia,670,197.0,SAU,151,2004,2,1,1,2,1.0,74.6183853149,2.3420558921646295,9.476538910530085,0,0,0,0,18.0,4.0,63
Saudi Arabia,670,197.0,SAU,151,2005,2,1,1,2,2.0,82.0345687866,9.938815267045364,17.575946149005837,0,0,0,0,19.0,5.0,63
Saudi Arabia,670,197.0,SAU,151,2005,2,1,1,2,2.0,83.7391281128,2.0778549231289745,14.358726082338967,0,0,0,0,19.0,5.0,63
Saudi Arabia,670,197.0,SAU,151,2006,2,1,1,2,2.0,87.7613754272,4.803306894934312,16.81997708510865,0,0,0,0,20.0,6.0,63
Saudi Arabia,670,197.0,SAU,151,2006,2,1,1,2,2.0,88.8443069458,1.2339500302138262,8.115111848277113,0,0,0,0,20.0,6.0,63
Saudi Arabia,670,197.0,SAU,151,2007,1,1,1,2,2.0,90.4729537964,1.8331471161045387,7.870404041252677,0,0,0,0,21.0,7.0,63
Saudi Arabia,670,197.0,SAU,151,2007,1,1,1,2,2.0,91.0363235474,0.6226941062052571,3.689791252523622,0,0,0,0,21.0,7.0,63
Saudi Arabia,670,197.0,SAU,151,2008,1,1,1,2,2.0,102.4270629883,12.512301680294847,14.968142902604644,0,0,0,0,22.0,8.0,63
Saudi Arabia,670,197.0,SAU,151,2008,1,1,1,2,2.0,99.915397644,-2.4521501164071258,10.68284567009298,0,0,0,0,22.0,8.0,63
Saudi Arabia,670,197.0,SAU,151,2009,1,1,1,2,2.0,81.7736282349,-18.157130769513007,-8.096979205625285,0,0,0,0,23.0,9.0,63
Saudi Arabia,670,197.0,SAU,151,2009,1,1,1,2,2.0,84.8125610352,3.7162748747927354,-16.893006011127397,0,0,0,0,23.0,9.0,63
Saudi Arabia,670,197.0,SAU,151,2010,1,1,1,2,2.0,90.9499740601,7.236443458360808,-7.204412436359463,0,0,0,0,24.0,10.0,63
Saudi Arabia,670,197.0,SAU,151,2010,1,1,1,2,2.0,92.3103790283,1.4957727940648313,12.448491127218375,0,0,0,0,24.0,10.0,63
Saudi Arabia,670,197.0,SAU,151,2011,1,1,1,2,2.0,100.5888977051,8.96813420543101,17.70035045785665,0,0,0,0,25.0,11.0,63
Saudi Arabia,670,197.0,SAU,151,2011,1,1,1,2,2.0,100.526260376,-0.062270618854609605,10.40163638064123,0,0,0,0,25.0,11.0,63
Saudi Arabia,670,197.0,SAU,151,2012,1,1,1,2,2.0,100.0,-0.5235053746470042,8.382358211929397,0,0,0,0,26.0,12.0,63
Saudi Arabia,670,197.0,SAU,151,2012,1,1,1,2,2.0,100.0,0.0,-0.5857759935016138,0,0,0,0,26.0,12.0,63
Saudi Arabia,670,197.0,SAU,151,2013,1,1,1,2,2.0,100.9234313965,0.9234313964999963,0.3999260218529921,0,0,0,0,27.0,13.0,63
Saudi Arabia,670,197.0,SAU,151,2013,1,1,1,2,2.0,100.7894287109,-0.13277658492758526,0.790654811572411,0,0,0,0,27.0,13.0,63
Saudi Arabia,670,197.0,SAU,151,2014,1,1,1,2,2.0,97.7983627319,-2.9676385879509715,-2.1769837763785604,0,0,0,0,28.0,14.0,63
Saudi Arabia,670,197.0,SAU,151,2014,1,1,1,2,2.0,98.1733093262,0.38338739404857325,-2.7170277788299835,0,0,0,0,28.0,14.0,63
Saudi Arabia,670,197.0,SAU,151,2015,1,1,1,2,2.0,76.4707260132,-22.106398838903285,-24.690650032805685,1,1,0,0,29.0,15.0,63
Saudi Arabia,670,197.0,SAU,151,2015,1,1,1,2,2.0,78.4589004517,2.5999157352799562,-19.123095709574752,0,0,0,0,29.0,15.0,63
Saudi Arabia,670,197.0,SAU,151,2016,1,1,1,2,2.0,73.5981826782,-6.195240750910469,-25.701723854533796,1,1,0,0,30.0,16.0,63
Saudi Arabia,670,197.0,SAU,151,2016,1,1,1,2,2.0,75.1206588745,2.068632866869624,-1.5266921487608887,0,0,0,0,30.0,16.0,63
Saudi Arabia,670,197.0,SAU,151,2017,1,1,1,2,2.0,78.6978530884,4.761931361486349,0.6353234774455041,0,0,0,0,31.0,17.0,63
Saudi Arabia,670,197.0,SAU,151,2017,1,1,1,2,2.0,80.9450683594,2.8554975552836703,9.686061783639644,0,0,0,0,31.0,17.0,63
Saudi Arabia,670,197.0,SAU,151,2018,1,1,1,2,2.0,85.1263656616,5.165598580551989,12.783027497322008,0,0,0,0,32.0,18.0,63
Saudi Arabia,670,197.0,SAU,151,2018,1,1,1,2,2.0,88.4039459229,3.8502527810587495,11.871348916894409,0,0,0,0,32.0,18.0,63
Saudi Arabia,670,197.0,SAU,151,2019,1,1,1,2,2.0,81.7074279785,-7.574908421214877,1.4409429403958622,0,0,0,0,33.0,19.0,63
Saudi Arabia,670,197.0,SAU,151,2019,1,1,1,2,2.0,84.3918991089,3.28546767021769,-0.43918796993843756,0,0,0,0,33.0,19.0,63
Saudi Arabia,670,197.0,SAU,151,2020,1,1,1,1,2.0,72.7391281128,-13.807926020319993,-18.09736677131718,0,0,0,0,34.0,20.0,63
Saudi Arabia,670,197.0,SAU,151,2020,1,1,1,1,2.0,74.0795593262,1.8427925219578256,-8.679665828144477,0,0,0,0,34.0,20.0,63
Saudi Arabia,670,197.0,SAU,151,2021,1,1,1,1,2.0,84.8323669434,14.515215418400885,2.5500819200387177,0,0,0,0,35.0,21.0,63
Saudi Arabia,670,197.0,SAU,151,2021,1,1,1,1,2.0,88.1204376221,3.8759624388339686,20.23397037919268,0,0,1,1,35.0,21.0,63
Saudi Arabia,670,197.0,SAU,151,2022,1,1,1,2,2.0,91.9120254517,4.302733771999678,22.69391162923453,0,0,1,0,36.0,22.0,63
Saudi Arabia,670,197.0,SAU,151,2022,1,1,1,2,2.0,96.5110244751,5.003696742399377,13.182392953233023,0,0,0,0,36.0,22.0,63
Saudi Arabia,670,197.0,SAU,151,2023,1,1,1,2,2.0,86.5014724731,-10.371407884684192,-1.0649773702851384,0,0,0,0,37.0,23.0,63
Saudi Arabia,670,197.0,SAU,151,2023,1,1,1,2,2.0,90.0261077881,4.0746535454597055,-1.2930575968251103,0,0,0,0,37.0,23.0,63
Saudi Arabia,670,197.0,SAU,151,2024,1,1,1,2,2.0,85.5543289185,-4.967202269952075,-11.263956609176564,0,0,0,0,38.0,24.0,63
Saudi Arabia,670,197.0,SAU,151,2024,1,1,1,2,2.0,88.8819961548,3.889536950806982,2.9969882263146115,0,0,0,0,38.0,24.0,63
Senegal,433,31.0,SEN,152,1975,2,2,4,3,2.0,102.0444259644,,,0,0,0,0,,,64
Senegal,433,31.0,SEN,152,1975,2,2,4,3,2.0,98.742149353,-3.2361166033234023,-3.2361166033234023,0,0,0,0,,,64
Senegal,433,31.0,SEN,152,1976,2,2,4,3,2.0,103.4564971924,4.774402694584201,1.5382860912607987,0,0,0,0,,,64
Senegal,433,31.0,SEN,152,1976,2,2,4,3,2.0,99.8211135864,-3.5139248908062304,-1.9756387995454316,0,0,0,0,,,64
Senegal,433,31.0,SEN,152,1977,2,3,4,3,2.0,103.9781341553,4.16447024035842,5.424948044136391,0,0,0,0,,,64
Senegal,433,31.0,SEN,152,1977,2,3,4,3,2.0,100.1549301147,-3.6769308005563217,-3.0263854510041326,0,0,0,0,,,64
Senegal,433,31.0,SEN,152,1978,2,3,4,3,2.0,102.9203491211,2.7611411672225916,3.2486806070246894,0,0,0,0,,,64
Senegal,433,31.0,SEN,152,1978,2,3,4,3,2.0,99.4949111938,-3.328241651482844,-4.244031284816574,0,0,0,0,,,64
Senegal,433,31.0,SEN,152,1979,2,3,4,3,2.0,103.6904296875,4.216817165179254,3.6497166809190014,0,0,0,0,,,64
Senegal,433,31.0,SEN,152,1979,2,3,4,3,2.0,100.7154159546,-2.869130489540861,-1.9805549758444512,0,0,0,0,,,64
Senegal,433,31.0,SEN,152,1980,2,3,4,3,2.0,103.6002883911,2.8643802035235755,4.212066879161968,0,0,0,0,,,64
Senegal,433,31.0,SEN,152,1980,2,3,4,3,2.0,100.7960281372,-2.706807381957932,-2.711557667975218,0,0,0,0,,,64
Senegal,433,31.0,SEN,152,1981,2,3,4,4,2.0,102.8941345215,2.0815367659568373,2.2391095875224805,0,0,0,0,,,64
Senegal,433,31.0,SEN,152,1981,2,3,4,4,2.0,100.2200546265,-2.5988652389522304,-3.2241358549533254,0,0,0,0,,,64
Senegal,433,31.0,SEN,152,1982,2,3,4,4,2.0,102.6394958496,2.4141288209398537,1.8968003479444602,0,0,0,0,,,64
Senegal,433,31.0,SEN,152,1982,2,3,4,4,2.0,100.0805130005,-2.493175583061835,-2.6779120010742123,0,0,0,0,,,64
Senegal,433,31.0,SEN,152,1983,2,3,4,4,2.0,102.1529464722,2.070766235670307,1.9917194735483252,0,0,0,0,,,64
Senegal,433,31.0,SEN,152,1983,2,3,4,4,2.0,99.7809448242,-2.3220100152916423,-2.7444193626831708,0,0,0,0,,,64
Senegal,433,31.0,SEN,152,1984,2,3,4,4,2.0,101.5155944824,1.7384578400778006,1.487214060456465,0,0,0,0,,,64
Senegal,433,31.0,SEN,152,1984,2,3,4,4,2.0,99.3703460693,-2.1132205589082464,-2.6967727341220886,0,0,0,0,,,64
Senegal,433,31.0,SEN,152,1985,2,3,4,4,2.0,101.3843002319,2.026715456133643,1.6519527373031968,0,0,0,0,,,64
Senegal,433,31.0,SEN,152,1985,2,3,4,4,2.0,99.2706832886,-2.0847576384760202,-2.171262741250624,0,0,0,0,,,64
Senegal,433,31.0,SEN,152,1986,2,3,4,4,2.0,98.4542922974,-0.8223888102256494,-0.8804309925680269,0,0,0,0,,,64
Senegal,433,31.0,SEN,152,1986,2,3,4,4,2.0,97.7802963257,-0.6845775394576759,-3.591723988159346,0,0,0,0,,,64
Senegal,433,31.0,SEN,152,1987,2,3,4,4,2.0,99.1794509888,1.4309167753383756,-0.07604957434495008,0,0,0,0,,,64
Senegal,433,31.0,SEN,152,1987,2,3,4,4,2.0,98.2221832275,-0.9651875985965064,-0.2188483627158071,0,0,0,0,,,64
Senegal,433,31.0,SEN,152,1988,2,2,4,3,2.0,97.9118270874,-0.31597357124628633,0.14975560549558242,0,0,0,0,,,64
Senegal,433,31.0,SEN,152,1988,2,2,4,3,2.0,97.2126998901,-0.7140375357064244,-1.9951987055492175,0,0,0,0,,,64
Senegal,433,31.0,SEN,152,1989,2,3,4,3,2.0,97.4661560059,0.26072325538386565,-0.7692878515688455,0,0,0,0,,,64
Senegal,433,31.0,SEN,152,1989,2,3,4,3,2.0,97.0730361938,-0.40333981374643946,-0.8566540940689986,0,0,0,0,,,64
Senegal,433,31.0,SEN,152,1990,2,3,4,4,2.0,97.7793731689,0.7276345757743163,0.5850180174117421,0,0,0,0,,,64
Senegal,433,31.0,SEN,152,1990,2,3,4,4,2.0,97.5576705933,-0.22673757093638613,0.0975571910914903,0,0,0,0,,,64
Senegal,433,31.0,SEN,152,1991,3,3,4,4,2.0,97.0892791748,-0.48011746862288707,0.020779536215042693,0,0,0,0,,,64
Senegal,433,31.0,SEN,152,1991,3,3,4,4,2.0,96.8540344238,-0.2422973504381032,-0.9491523899973768,0,0,0,0,,,64
Senegal,433,31.0,SEN,152,1992,3,2,3,4,2.0,97.2275314331,0.3856287572551631,-0.3367860618058276,0,0,0,0,,,64
Senegal,433,31.0,SEN,152,1992,3,2,3,4,2.0,96.8893966675,-0.3477767671522858,-0.2044453603352263,0,0,0,0,,,64
Senegal,433,31.0,SEN,152,1993,3,3,3,4,2.0,96.8101577759,-0.08178283106863304,-0.04393084096575617,0,0,0,0,,,64
Senegal,433,31.0,SEN,152,1993,3,3,3,4,2.0,96.4887084961,-0.3320408593322388,-0.7616004575531581,0,0,0,0,,,64
Senegal,433,31.0,SEN,152,1994,3,2,3,4,2.0,96.8040237427,0.32678978868572184,-0.08703390171515046,0,0,0,0,,,64
Senegal,433,31.0,SEN,152,1994,3,2,3,4,2.0,96.4332580566,-0.3830064823394874,-0.38825755298600484,0,0,0,0,,,64
Senegal,433,31.0,SEN,152,1995,3,3,4,3,2.0,96.7713317871,0.3505779409646914,0.2943612473109254,0,0,0,0,,,64
Senegal,433,31.0,SEN,152,1995,3,3,4,3,2.0,96.4478988647,-0.33422390332662477,-0.3666524447014212,0,0,0,0,,,64
Senegal,433,31.0,SEN,152,1996,3,3,4,3,2.0,96.7761611938,0.34035197548523133,0.3567060131232975,0,0,0,0,,,64
Senegal,433,31.0,SEN,152,1996,3,3,4,3,2.0,96.4806289673,-0.3053770916870424,-0.2992490195284363,0,0,0,0,,,64
Senegal,433,31.0,SEN,152,1997,3,2,4,3,2.0,96.794883728,0.3257179851164693,0.3606928689146578,0,0,0,0,,,64
Senegal,433,31.0,SEN,152,1997,3,2,4,3,2.0,96.5149078369,-0.2892465803117861,-0.2689056868823596,0,0,0,0,,,64
Senegal,433,31.0,SEN,152,1998,3,2,4,3,2.0,96.2602386475,-0.26386513245223453,-0.22739372764755172,0,0,0,0,,,64
Senegal,433,31.0,SEN,152,1998,3,2,4,3,2.0,95.7397994995,-0.5406584850738083,-1.0937701978378294,0,0,0,0,,,64
Senegal,433,31.0,SEN,152,1999,3,2,4,3,2.0,96.6092681885,0.9081580424706637,0.10363442494462038,0,0,0,0,,,64
Senegal,433,31.0,SEN,152,1999,3,2,4,3,2.0,96.253074646,-0.3686950011928536,-0.0011954437959986741,0,0,0,0,,,64
Senegal,433,31.0,SEN,152,2000,3,3,4,3,2.0,97.2673873901,1.0537977595317827,1.5932608008095923,0,0,0,0,,,64
Senegal,433,31.0,SEN,152,2000,3,3,4,3,2.0,97.3441543579,0.07892364528319096,0.7640264036221196,0,0,0,0,,,64
Senegal,433,31.0,SEN,152,2001,3,3,4,3,2.0,96.9711685181,-0.38316203192710896,0.7495593728878642,0,0,0,0,,,64
Senegal,433,31.0,SEN,152,2001,3,3,4,3,2.0,96.778427124,-0.19876154639100196,-0.5029999330349204,0,0,0,0,,,64
Senegal,433,31.0,SEN,152,2002,3,3,4,3,2.0,96.9279708862,0.1545217944164179,-0.4274017839016935,0,0,0,0,,,64
Senegal,433,31.0,SEN,152,2002,3,3,4,3,2.0,96.8527450562,-0.07761003280293277,-0.12184978477751729,0,0,0,0,,,64
Senegal,433,31.0,SEN,152,2003,3,3,4,3,2.0,97.2330551147,0.39266833199131934,0.469580093604804,0,0,0,0,,,64
Senegal,433,31.0,SEN,152,2003,3,3,4,3,2.0,97.2493896484,0.016799362810049345,0.33185766199843547,0,0,0,0,,,64
Senegal,433,31.0,SEN,152,2004,3,3,4,3,2.0,97.5185089111,0.27673105576599966,0.6861987505673679,0,0,0,0,,,64
Senegal,433,31.0,SEN,152,2004,3,3,4,3,2.0,97.7403869629,0.22752404059240838,0.5210544591684569,0,0,0,0,,,64
Senegal,433,31.0,SEN,152,2005,3,3,4,3,2.0,98.1391067505,0.4079375987649181,0.9121926951233257,0,0,0,0,,,64
Senegal,433,31.0,SEN,152,2005,3,3,4,3,2.0,98.5734863281,0.44261619244643224,1.0780778318037583,0,0,0,0,,,64
Senegal,433,31.0,SEN,152,2006,3,3,4,3,2.0,98.9674072266,0.3996215546123949,1.2501753458237448,0,0,0,0,,,64
Senegal,433,31.0,SEN,152,2006,3,3,4,3,2.0,99.2996902466,0.33574994971747874,1.1779876967763054,0,0,0,0,,,64
Senegal,433,31.0,SEN,152,2007,3,3,4,3,2.0,98.8614730835,-0.44130768385250985,0.29406382047736335,0,0,0,0,,,64
Senegal,433,31.0,SEN,152,2007,3,3,4,3,2.0,99.2969818115,0.4405242147587307,0.33496648062369916,0,0,0,0,,,64
Senegal,433,31.0,SEN,152,2008,3,3,4,3,2.0,99.5303115845,0.2349817373532348,0.23419826825945522,0,0,0,0,,,64
Senegal,433,31.0,SEN,152,2008,3,3,4,3,2.0,100.022064209,0.49407322922174757,1.1695791813337126,0,0,0,0,,,64
Senegal,433,31.0,SEN,152,2009,3,3,4,3,2.0,98.4847946167,-1.5369304807465456,-0.8078755141715637,0,0,0,0,,,64
Senegal,433,31.0,SEN,152,2009,3,3,4,3,2.0,98.9401779175,0.4623894506480264,-0.5804678008767721,0,0,0,0,,,64
Senegal,433,31.0,SEN,152,2010,3,3,4,3,2.0,99.6199951172,0.6870992290582523,-0.3874418010402674,0,0,0,0,,,64
Senegal,433,31.0,SEN,152,2010,3,3,4,3,2.0,99.9780426025,0.35941327328792294,1.5089019529942012,0,0,0,0,,,64
Senegal,433,31.0,SEN,152,2011,3,3,4,3,2.0,100.452003479,0.4740649688296239,1.5205774711757987,0,0,0,0,,,64
Senegal,433,31.0,SEN,152,2011,3,3,4,3,2.0,100.5719680786,0.11942479537012662,0.952903037487673,0,0,0,0,,,64
Senegal,433,31.0,SEN,152,2012,3,3,4,3,2.0,100.0,-0.5687152091455427,0.024774555054207337,0,0,0,0,,,64
Senegal,433,31.0,SEN,152,2012,3,3,4,3,2.0,100.0,0.0,-0.44929041377541656,0,0,0,0,,,64
Senegal,433,31.0,SEN,152,2013,3,3,4,3,3.0,100.5399780273,0.5399780272999921,-0.028737181845551074,0,0,0,0,,,64
Senegal,433,31.0,SEN,152,2013,3,3,4,3,3.0,100.7585220337,0.21737025478627547,0.7573482820862671,0,0,0,0,,,64
Senegal,433,31.0,SEN,152,2014,3,3,4,3,3.0,100.3547286987,-0.40075353116528767,0.3565947509209795,0,0,0,0,,,64
Senegal,433,31.0,SEN,152,2014,3,3,4,3,3.0,100.6434860229,0.28773663976209285,0.10435336338308021,0,0,0,0,,,64
Senegal,433,31.0,SEN,152,2015,3,3,4,3,3.0,98.5610275269,-2.0691438445665233,-2.1821607359697186,0,0,0,0,,,64
Senegal,433,31.0,SEN,152,2015,3,3,4,3,3.0,98.7480239868,0.18972657306048912,-1.5916806317439418,0,0,0,0,,,64
Senegal,433,31.0,SEN,152,2016,3,3,4,3,3.0,98.7883605957,0.04084801626549339,-1.8385692552405413,0,0,0,0,,,64
Senegal,433,31.0,SEN,152,2016,3,3,4,3,3.0,99.0881652832,0.303481792482585,0.5340563818085671,0,0,0,0,,,64
Senegal,433,31.0,SEN,152,2017,3,3,4,3,3.0,99.3638534546,0.2782251246776779,0.6225549334257559,0,0,0,0,,,64
Senegal,433,31.0,SEN,152,2017,3,3,4,3,3.0,99.6792144775,0.3173800249645975,0.89908694212486,0,0,0,0,,,64
Senegal,433,31.0,SEN,152,2018,3,3,4,3,3.0,99.8474121094,0.1687389219323876,0.7643440715746626,0,0,0,0,,,64
Senegal,433,31.0,SEN,152,2018,3,3,4,3,3.0,100.1643829346,0.31745522342903065,0.8035741703260153,0,0,0,0,,,64
Senegal,433,31.0,SEN,152,2019,3,3,4,3,3.0,99.3230056763,-0.8399964474890775,-0.35380230212765973,0,0,0,0,,,64
Senegal,433,31.0,SEN,152,2019,3,3,4,3,3.0,99.6307296753,0.3098214727843551,-0.2127197512756922,0,0,0,0,,,64
Senegal,433,31.0,SEN,152,2020,3,3,4,2,3.0,98.443321228,-1.1918094459107187,-1.7219844206154415,0,0,0,0,,,64
Senegal,433,31.0,SEN,152,2020,3,3,4,2,3.0,98.7034072876,0.2641987860178219,-0.6177891871085421,0,0,0,0,,,64
Senegal,433,31.0,SEN,152,2021,3,2,4,2,3.0,99.6355895996,0.9444276926366069,0.016817032743709603,0,0,0,0,,,64
Senegal,433,31.0,SEN,152,2021,3,2,4,2,3.0,99.9188613892,0.2843078369269225,1.4929343155813508,0,0,0,0,,,64
Senegal,433,31.0,SEN,152,2022,3,2,4,3,3.0,100.2719573975,0.35338273814453647,1.5821182677080654,0,0,0,0,,,64
Senegal,433,31.0,SEN,152,2022,3,2,4,3,3.0,100.5910797119,0.3182567915124279,0.9559473665838865,0,0,0,0,,,64
Senegal,433,31.0,SEN,152,2023,2,2,4,3,3.0,99.9583206177,-0.6290409607017433,0.04259856895522063,0,0,0,0,,,64
Senegal,433,31.0,SEN,152,2023,2,2,4,3,3.0,100.2133255005,0.25511121157717476,-0.05567295761214108,0,0,0,0,,,64
Senegal,433,31.0,SEN,152,2024,2,2,4,3,3.0,99.8492126465,-0.36333776190091704,-0.737267511025486,0,0,0,0,,,64
Senegal,433,31.0,SEN,152,2024,2,2,4,3,3.0,100.0448303223,0.19591308796049756,0.08768653763675482,0,0,0,0,,,64
Slovenia,349,202.0,SLV,159,1992,3,3,3,4,4.0,98.8006668091,,,0,0,0,0,,,65
Slovenia,349,202.0,SLV,159,1992,3,3,3,4,4.0,95.5709838867,-3.2688877785008175,-3.2688877785008175,0,0,0,0,,,65
Slovenia,349,202.0,SLV,159,1993,3,3,4,4,4.0,99.3962402344,4.002529002144484,0.7336412236436662,0,0,0,0,,,65
Slovenia,349,202.0,SLV,159,1993,3,3,4,4,4.0,96.356048584,-3.058658600396247,-2.3250173767525806,0,0,0,0,,,65
Slovenia,349,202.0,SLV,159,1994,4,4,4,4,4.0,101.6557998657,5.500174985984252,6.444045387732489,0,0,0,0,,,65
Slovenia,349,202.0,SLV,159,1994,4,4,4,4,4.0,99.874130249,-1.7526492527271564,0.6888671328608487,0,0,0,0,,,65
Slovenia,349,202.0,SLV,159,1995,4,4,4,4,4.0,101.7675247192,1.8957806846272351,5.643306417884331,0,0,0,0,,,65
Slovenia,349,202.0,SLV,159,1995,4,4,4,4,4.0,100.0484161377,-1.6892506585410305,-1.5461192266409518,0,0,0,0,,,65
Slovenia,349,202.0,SLV,159,1996,4,4,4,4,4.0,100.3084945679,0.2599525712051687,0.4664825972913733,0,0,0,0,,,65
Slovenia,349,202.0,SLV,159,1996,4,4,4,4,4.0,98.3587493896,-1.943748818780433,-3.373046906116295,0,0,0,0,,,65
Slovenia,349,202.0,SLV,159,1997,4,4,4,4,4.0,101.3146972656,3.005271919726682,1.3214756721514176,0,0,0,0,,,65
Slovenia,349,202.0,SLV,159,1997,4,4,4,4,4.0,99.4716720581,-1.8191094256230667,-0.7575863246768177,0,0,0,0,,,65
Slovenia,349,202.0,SLV,159,1998,4,4,4,4,4.0,100.6728515625,1.2075593780090488,2.393721872112664,0,0,0,0,,,65
Slovenia,349,202.0,SLV,159,1998,4,4,4,4,4.0,98.7134475708,-1.946308226387683,-2.557858274001701,0,0,0,0,,,65
Slovenia,349,202.0,SLV,159,1999,4,4,4,4,3.0,99.7351989746,1.035068097552938,0.29631924917430386,0,0,0,0,,,65
Slovenia,349,202.0,SLV,159,1999,4,4,4,4,3.0,97.6145095825,-2.1263199090223672,-3.037560037857112,0,0,0,0,,,65
Slovenia,349,202.0,SLV,159,2000,4,4,4,4,3.0,98.9689483643,1.3875383768181315,0.29628656534870235,0,0,0,0,,,65
Slovenia,349,202.0,SLV,159,2000,4,4,4,4,3.0,96.5515289307,-2.4426039414924383,-3.181385473696674,0,0,0,0,,,65
Slovenia,349,202.0,SLV,159,2001,4,4,4,4,3.0,98.0767059326,1.5796508028316225,0.5245852381573157,0,0,0,0,,,65
Slovenia,349,202.0,SLV,159,2001,4,4,4,4,3.0,95.0364303589,-3.099895683475884,-3.9628488221366998,0,0,0,0,,,65
Slovenia,349,202.0,SLV,159,2002,4,4,4,4,3.0,98.06640625,3.18822569372339,1.6679808130791285,0,0,0,0,,,65
Slovenia,349,202.0,SLV,159,2002,4,4,4,4,3.0,95.118560791,-3.0059686815534836,-2.9176386713059776,0,0,0,0,,,65
Slovenia,349,202.0,SLV,159,2003,4,4,4,4,3.0,98.3271331787,3.3732347935226503,3.5554918056925566,0,0,0,0,,,65
Slovenia,349,202.0,SLV,159,2003,4,4,4,4,3.0,95.713684082,-2.657912431912668,-2.290646319943501,0,0,0,0,,,65
Slovenia,349,202.0,SLV,159,2004,4,4,4,4,3.0,98.5011367798,2.912282318390269,3.6276046800002515,0,0,0,0,,,65
Slovenia,349,202.0,SLV,159,2004,4,4,4,4,3.0,95.9885101318,-2.5508605587131528,-2.2964906722355516,0,0,0,0,,,65
Slovenia,349,202.0,SLV,159,2005,4,4,4,4,3.0,99.0146408081,3.152596776577621,3.514018536254737,0,0,0,0,,,65
Slovenia,349,202.0,SLV,159,2005,4,4,4,4,3.0,97.5535812378,-1.4755995258637244,-0.8738633079992564,0,0,0,0,,,65
Slovenia,349,202.0,SLV,159,2006,4,4,4,4,3.0,99.4886856079,1.9836323234335262,3.6606295741474226,0,0,0,0,,,65
Slovenia,349,202.0,SLV,159,2006,4,4,4,4,3.0,98.4623641968,-1.0315961104812366,-0.5235633129114348,0,0,0,0,,,65
Slovenia,349,202.0,SLV,159,2007,4,4,4,4,3.0,99.4599151611,1.013129201637053,1.9651654145893427,0,0,0,0,,,65
Slovenia,349,202.0,SLV,159,2007,4,4,4,4,3.0,98.8722076416,-0.5908988747356791,-0.6093657835798627,0,0,0,0,,,65
Slovenia,349,202.0,SLV,159,2008,4,4,4,4,3.0,99.8708114624,1.009994461153152,1.4322247880545258,0,0,0,0,,,65
Slovenia,349,202.0,SLV,159,2008,4,4,4,4,3.0,99.5824737549,-0.2887106886165225,0.1303848978009503,0,0,0,0,,,65
Slovenia,349,202.0,SLV,159,2009,4,4,4,4,3.0,99.4081497192,-0.17505493600113997,0.5462288365354895,0,0,0,0,,,65
Slovenia,349,202.0,SLV,159,2009,4,4,4,4,3.0,98.7342453003,-0.677916670618639,-1.1416822952363015,0,0,0,0,,,65
Slovenia,349,202.0,SLV,159,2010,4,4,4,4,3.0,100.0328903198,1.3152934076218203,0.46232180100204134,0,0,0,0,,,65
Slovenia,349,202.0,SLV,159,2010,4,4,4,4,3.0,99.924949646,-0.10790518344008238,0.5294715535630989,0,0,0,0,,,65
Slovenia,349,202.0,SLV,159,2011,4,4,4,4,3.0,100.6264877319,0.7020649881589236,1.9094532123406616,0,0,0,0,,,65
Slovenia,349,202.0,SLV,159,2011,4,4,4,4,3.0,101.5247955322,0.8927150500307457,1.486874854749587,0,0,0,0,,,65
Slovenia,349,202.0,SLV,159,2012,4,4,4,4,3.0,100.0,-1.5018947087821477,0.09288532940752159,0,0,0,0,,,65
Slovenia,349,202.0,SLV,159,2012,4,4,4,4,3.0,100.0,0.0,-0.609179658751402,0,0,0,0,,,65
Slovenia,349,202.0,SLV,159,2013,4,4,4,4,4.0,99.8254470825,-0.1745529174999927,-1.6764476262821404,0,0,0,0,,,65
Slovenia,349,202.0,SLV,159,2013,4,4,4,4,4.0,99.3467712402,-0.4795128459624265,-0.6540657634624192,0,0,0,0,,,65
Slovenia,349,202.0,SLV,159,2014,4,4,4,4,4.0,100.0118103027,0.6694118532469151,0.01534608978449592,0,0,0,0,,,65
Slovenia,349,202.0,SLV,159,2014,4,4,4,4,4.0,100.256149292,0.24431013553347647,0.4342091428179651,0,0,0,0,,,65
Slovenia,349,202.0,SLV,159,2015,4,4,4,4,4.0,99.1241989136,-1.129058303549202,-0.21533631476881032,0,0,0,0,,,65
Slovenia,349,202.0,SLV,159,2015,4,4,4,4,4.0,99.0596542358,-0.06511495528580546,-0.9498631233015309,0,0,0,0,,,65
Slovenia,349,202.0,SLV,159,2016,3,4,4,4,4.0,99.6005935669,0.5460743178169913,-0.648098941018016,0,0,0,0,,,65
Slovenia,349,202.0,SLV,159,2016,3,4,4,4,4.0,99.6045532227,0.0039755343399061616,0.48493489687109204,0,0,0,0,,,65
Slovenia,349,202.0,SLV,159,2017,3,4,4,4,4.0,99.6741333008,0.06985632267675346,0.619906174833651,0,0,0,0,,,65
Slovenia,349,202.0,SLV,159,2017,3,4,4,4,4.0,99.85546875,0.18192829292307255,0.2557601499397322,0,0,0,0,,,65
Slovenia,349,202.0,SLV,159,2018,3,4,4,4,4.0,99.4406585693,-0.4154105788021778,-0.1636259632023518,0,0,0,0,,,65
Slovenia,349,202.0,SLV,159,2018,3,4,4,4,4.0,99.055519104,-0.38730582725535756,-0.6207881131344628,0,0,0,0,,,65
Slovenia,349,202.0,SLV,159,2019,3,4,4,4,4.0,99.2314300537,0.17758823666886858,-0.6251281693886668,0,0,0,0,,,65
Slovenia,349,202.0,SLV,159,2019,3,4,4,4,4.0,98.4990844727,-0.7380177637303809,-0.9477353543168698,0,0,0,0,,,65
Slovenia,349,202.0,SLV,159,2020,3,4,4,3,4.0,99.200881958,0.71249137903866,0.15206185197714772,0,0,0,0,,,65
Slovenia,349,202.0,SLV,159,2020,3,4,4,3,4.0,98.6925506592,-0.5124261889276505,-0.5379525736193713,0,0,0,0,,,65
Slovenia,349,202.0,SLV,159,2021,3,4,4,3,3.0,99.9525146484,1.2766556146176056,1.476720804728615,0,0,0,0,,,65
Slovenia,349,202.0,SLV,159,2021,3,4,4,3,3.0,100.1938781738,0.24147819216859823,1.0057076178585533,0,0,0,0,,,65
Slovenia,349,202.0,SLV,159,2022,4,4,4,4,4.0,100.1103057861,-0.08341067261118384,1.43472313417502,0,0,0,0,,,65
Slovenia,349,202.0,SLV,159,2022,4,4,4,4,4.0,100.6911468506,0.5802010691497106,0.738268588707125,0,0,0,0,,,65
Slovenia,349,202.0,SLV,159,2023,4,4,4,4,4.0,100.2291870117,-0.45878893363429096,0.03800146290423578,0,0,0,0,,,65
Slovenia,349,202.0,SLV,159,2023,4,4,4,4,4.0,100.4765853882,0.24683266808409599,0.3682448035995156,0,0,0,0,,,65
Slovenia,349,202.0,SLV,159,2024,4,4,4,4,4.0,100.298500061,-0.17724062428270404,-0.389196889832899,0,0,0,0,,,65
Slovenia,349,202.0,SLV,159,2024,4,4,4,4,4.0,102.0351791382,1.7315105172497791,1.801102561051171,0,0,0,0,,,65
Sao Tome & Principe,403,196.0,STP,150,1977,1,1,4,3,3.0,135.4282684326,,,0,0,0,0,,,66
Sao Tome & Principe,403,196.0,STP,150,1977,1,1,4,3,3.0,110.1881790161,-18.6372385238474,-18.6372385238474,0,0,0,0,,,66
Sao Tome & Principe,403,196.0,STP,150,1978,1,1,4,3,3.0,131.0693511963,18.950464892562557,0.3132263687151564,0,0,0,0,,,66
Sao Tome & Principe,403,196.0,STP,150,1978,1,1,4,3,3.0,108.4106521606,-17.287564811215496,-16.97433844250034,0,0,0,0,,,66
Sao Tome & Principe,403,196.0,STP,150,1979,1,1,4,3,3.0,126.5284347534,16.71217932160416,18.375079402951222,0,0,0,0,,,66
Sao Tome & Principe,403,196.0,STP,150,1979,1,1,4,3,3.0,107.4553375244,-15.07415883723915,-15.649544326850485,0,0,0,0,,,66
Sao Tome & Principe,403,196.0,STP,150,1980,1,1,4,3,3.0,112.2487869263,4.46087603681069,6.098896521175702,0,0,0,0,,,66
Sao Tome & Principe,403,196.0,STP,150,1980,1,1,4,3,3.0,104.9263153076,-6.5234305146725236,-17.136713315100984,0,0,0,0,,,66
Sao Tome & Principe,403,196.0,STP,150,1981,1,1,4,3,3.0,102.8724441528,-1.9574414185601685,-4.019995896422001,0,0,0,0,,,66
Sao Tome & Principe,403,196.0,STP,150,1981,1,1,4,3,3.0,102.9670562744,0.09197032536669703,-8.388901607865995,0,0,0,0,,,66
Sao Tome & Principe,403,196.0,STP,150,1982,1,1,4,3,3.0,99.2394638062,-3.6201796992877178,-5.48565079248119,0,0,0,0,,,66
Sao Tome & Principe,403,196.0,STP,150,1982,1,1,4,3,3.0,102.0519104004,2.8340001913878643,-0.6942091825331564,0,0,0,0,,,66
Sao Tome & Principe,403,196.0,STP,150,1983,1,1,4,3,3.0,103.0680465698,0.9957051910279846,0.20952568312813113,0,0,0,0,,,66
Sao Tome & Principe,403,196.0,STP,150,1983,1,1,4,3,3.0,103.1672592163,0.09625936437323013,3.925964746789079,0,0,0,0,,,66
Sao Tome & Principe,403,196.0,STP,150,1984,1,1,4,3,3.0,104.4445953369,1.2381216001114748,2.3300861555126895,0,0,0,0,,,66
Sao Tome & Principe,403,196.0,STP,150,1984,1,1,4,3,3.0,103.7706832886,-0.6452340076824492,0.6891469568022557,0,0,0,0,,,66
Sao Tome & Principe,403,196.0,STP,150,1985,1,1,4,3,3.0,103.9948730469,0.21604344425150135,0.8089310366805269,0,0,0,0,,,66
Sao Tome & Principe,403,196.0,STP,150,1985,1,1,4,3,3.0,103.5362854004,-0.4409713989392272,-0.8701619623701751,0,0,0,0,,,66
Sao Tome & Principe,403,196.0,STP,150,1986,1,1,4,3,3.0,102.931022644,-0.5845899860704051,-0.809517940758131,0,0,0,0,,,66
Sao Tome & Principe,403,196.0,STP,150,1986,1,1,4,3,3.0,102.4780502319,-0.4400737508133523,-1.4656351358229847,0,0,0,0,,,66
Sao Tome & Principe,403,196.0,STP,150,1987,1,2,4,3,3.0,102.032951355,-0.4343358171752687,-1.4589995540590261,0,0,0,0,,,66
Sao Tome & Principe,403,196.0,STP,150,1987,1,2,4,3,3.0,101.7351150513,-0.29190207648089883,-1.1663116444695198,0,0,0,0,,,66
Sao Tome & Principe,403,196.0,STP,150,1988,1,2,4,3,3.0,100.4379501343,-1.275041480363892,-2.0012793740200596,0,0,0,0,,,66
Sao Tome & Principe,403,196.0,STP,150,1988,1,2,4,3,3.0,99.4051818848,-1.028264961719183,-2.595208518563974,0,0,0,0,,,66
Sao Tome & Principe,403,196.0,STP,150,1989,2,2,4,3,3.0,98.5167236328,-0.8937745851414824,-3.1970810272245576,0,0,0,0,,,66
Sao Tome & Principe,403,196.0,STP,150,1989,2,2,4,3,3.0,97.545173645,-0.986177728992732,-2.9082172758533975,0,0,0,0,,,66
Sao Tome & Principe,403,196.0,STP,150,1990,2,3,4,3,3.0,98.6645584106,1.14755525442376,-0.7323970597104545,0,0,0,0,,,66
Sao Tome & Principe,403,196.0,STP,150,1990,2,3,4,3,3.0,97.6624526978,-1.0156693841669617,-0.8542918587359338,0,0,0,0,,,66
Sao Tome & Principe,403,196.0,STP,150,1991,2,3,4,3,3.0,97.7805480957,0.12092200701268041,0.2528078772694786,0,0,0,0,,,66
Sao Tome & Principe,403,196.0,STP,150,1991,2,3,4,3,3.0,96.8662643433,-0.9350364363934327,-1.829783813547714,0,0,0,0,,,66
Sao Tome & Principe,403,196.0,STP,150,1992,2,3,4,3,3.0,97.5855484009,0.7425537285620898,-0.0715607008186625,0,0,0,0,,,66
Sao Tome & Principe,403,196.0,STP,150,1992,2,3,4,3,3.0,96.5029220581,-1.1094125723947967,-1.3018952802261397,0,0,0,0,,,66
Sao Tome & Principe,403,196.0,STP,150,1993,3,3,4,4,3.0,97.6364517212,1.1746065703767572,0.8077477265440502,0,0,0,0,,,66
Sao Tome & Principe,403,196.0,STP,150,1993,3,3,4,4,3.0,96.4292907715,-1.2363834699227194,-1.171189471940759,0,0,0,0,,,66
Sao Tome & Principe,403,196.0,STP,150,1994,3,4,4,4,3.0,98.4285736084,2.0733148827543735,2.0115379832084113,0,0,0,0,,,66
Sao Tome & Principe,403,196.0,STP,150,1994,3,4,4,4,3.0,97.7319793701,-0.7077154659087204,0.1292159469229337,0,0,0,0,,,66
Sao Tome & Principe,403,196.0,STP,150,1995,3,4,4,4,3.0,98.3441772461,0.6264048676244194,1.9920042844700725,0,0,0,0,,,66
Sao Tome & Principe,403,196.0,STP,150,1995,3,4,4,4,3.0,97.5888900757,-0.7680039546316575,-0.8493145529159585,0,0,0,0,,,66
Sao Tome & Principe,403,196.0,STP,150,1996,3,4,4,4,3.0,98.2901535034,0.7185894082369915,0.5769903212297534,0,0,0,0,,,66
Sao Tome & Principe,403,196.0,STP,150,1996,3,4,4,4,3.0,97.4562835693,-0.8483758590031698,-0.8977904053978358,0,0,0,0,,,66
Sao Tome & Principe,403,196.0,STP,150,1997,3,4,4,4,3.0,98.8551635742,1.4353923150632664,1.305605864297088,0,0,0,0,,,66
Sao Tome & Principe,403,196.0,STP,150,1997,3,4,4,4,3.0,98.2976150513,-0.5640054628825886,0.023010993177507988,0,0,0,0,,,66
Sao Tome & Principe,403,196.0,STP,150,1998,3,4,4,4,3.0,98.2263870239,-0.07246160281999536,0.7989252493606824,0,0,0,0,,,66
Sao Tome & Principe,403,196.0,STP,150,1998,3,4,4,4,3.0,98.6921463013,0.4741692039295531,-0.16229786177303085,0,0,0,0,,,66
Sao Tome & Principe,403,196.0,STP,150,1999,3,4,4,4,3.0,96.683631897,-2.0351309395665096,-1.6334233384569519,0,0,0,0,,,66
Sao Tome & Principe,403,196.0,STP,150,1999,3,4,4,4,3.0,96.4808044434,-0.20978468601187128,-1.7707464216488278,0,0,0,0,,,66
Sao Tome & Principe,403,196.0,STP,150,2000,3,4,4,4,3.0,96.7759475708,0.3059086510551756,-1.9390069745232053,0,0,0,0,,,66
Sao Tome & Principe,403,196.0,STP,150,2000,3,4,4,4,3.0,95.2800979614,-1.545683247695051,-1.4495592826517467,0,0,0,0,,,66
Sao Tome & Principe,403,196.0,STP,150,2001,3,4,4,4,3.0,96.9570617676,1.760035770407553,0.5202611737676777,0,0,0,0,,,66
Sao Tome & Principe,403,196.0,STP,150,2001,3,4,4,4,3.0,96.3296432495,-0.6471096655175868,-0.4327571428050847,0,0,0,0,,,66
Sao Tome & Principe,403,196.0,STP,150,2002,3,4,4,4,3.0,99.8548583984,3.6595330678942384,4.772459172784204,0,0,0,0,,,66
Sao Tome & Principe,403,196.0,STP,150,2002,3,4,4,4,3.0,99.4317169189,-0.4237565265094667,2.588666875867185,0,0,0,0,,,66
Sao Tome & Principe,403,196.0,STP,150,2003,3,4,4,3,3.0,99.6177062988,0.18705236685363502,3.4228289082384067,0,0,0,0,,,66
Sao Tome & Principe,403,196.0,STP,150,2003,3,4,4,3,3.0,99.2242050171,-0.39501138534518976,-0.6317155450010215,0,0,0,0,,,66
Sao Tome & Principe,403,196.0,STP,150,2004,3,4,4,4,3.0,98.5010299683,-0.7288292697083087,-0.9367882881998635,0,0,0,0,,,66
Sao Tome & Principe,403,196.0,STP,150,2004,3,4,4,4,3.0,98.2367248535,-0.26832726001451146,-1.39216791506801,0,0,0,0,,,66
Sao Tome & Principe,403,196.0,STP,150,2005,3,4,4,4,3.0,98.3149414063,0.07962048095215835,-0.9175360487706619,0,0,0,0,,,66
Sao Tome & Principe,403,196.0,STP,150,2005,3,4,4,4,3.0,98.2123413086,-0.10435860127910868,-0.2930653803414618,0,0,0,0,,,66
Sao Tome & Principe,403,196.0,STP,150,2006,3,4,4,4,3.0,98.7087631226,0.5054576720049386,0.4807195516779883,0,0,0,0,,,66
Sao Tome & Principe,403,196.0,STP,150,2006,3,4,4,4,3.0,98.5662307739,-0.14439685413033532,0.25670221659549464,0,0,0,0,,,66
Sao Tome & Principe,403,196.0,STP,150,2007,3,4,4,4,3.0,99.514175415,0.9617336826792888,1.3227945005538921,0,0,0,0,,,66
Sao Tome & Principe,403,196.0,STP,150,2007,3,4,4,4,3.0,99.5237808228,0.009652301051543688,0.8269891296004972,0,0,0,0,,,66
Sao Tome & Principe,403,196.0,STP,150,2008,3,4,4,4,3.0,100.4710998535,0.9518519321393804,1.9232379158702129,0,0,0,0,,,66
Sao Tome & Principe,403,196.0,STP,150,2008,3,4,4,4,3.0,100.9546432495,0.4812761049745262,1.4427803381654503,0,0,0,0,,,66
Sao Tome & Principe,403,196.0,STP,150,2009,3,4,4,4,3.0,101.0178375244,0.06259669973160964,1.4957247368455162,0,0,0,0,,,66
Sao Tome & Principe,403,196.0,STP,150,2009,3,4,4,4,3.0,101.624206543,0.6002593536547973,1.1441321583609332,0,0,0,0,,,66
Sao Tome & Principe,403,196.0,STP,150,2010,3,4,4,4,3.0,101.2801055908,-0.3386013666482057,0.32425468673820124,0,0,0,0,,,66
Sao Tome & Principe,403,196.0,STP,150,2010,3,4,4,4,3.0,102.3115234375,1.0183814883321762,1.2800394753387678,0,0,0,0,,,66
Sao Tome & Principe,403,196.0,STP,150,2011,3,4,4,4,3.0,100.9453582764,-1.3352994024515397,-0.6555192807675692,0,0,0,0,,,66
Sao Tome & Principe,403,196.0,STP,150,2011,3,4,4,4,3.0,101.7737808228,0.8206643282514081,0.5037464141320447,0,0,0,0,,,66
Sao Tome & Principe,403,196.0,STP,150,2012,3,4,4,4,3.0,100.0,-1.7428661964404846,-2.257501270640616,0,0,0,0,,,66
Sao Tome & Principe,403,196.0,STP,150,2012,3,4,4,4,3.0,100.0,0.0,-0.9222018681890765,0,0,0,0,,,66
Sao Tome & Principe,403,196.0,STP,150,2013,3,4,4,4,3.0,100.1622009277,0.16220092770000694,-1.5806652687404776,0,0,0,0,,,66
Sao Tome & Principe,403,196.0,STP,150,2013,3,4,4,4,3.0,100.6452865601,0.4823033319212966,0.6445042596213035,0,0,0,0,,,66
Sao Tome & Principe,403,196.0,STP,150,2014,3,4,4,4,3.0,100.8417358398,0.195189746499147,0.8396940061204505,0,0,0,0,,,66
Sao Tome & Principe,403,196.0,STP,150,2014,3,4,4,4,3.0,102.0693893433,1.217406159539225,1.8948992379596685,0,0,0,0,,,66
Sao Tome & Principe,403,196.0,STP,150,2015,3,4,4,4,3.0,100.9446105957,-1.1019746026077692,0.3106213034306027,0,0,0,0,,,66
Sao Tome & Principe,403,196.0,STP,150,2015,3,4,4,4,3.0,101.9828033447,1.0284776402359253,1.143909197167381,0,0,0,0,,,66
Sao Tome & Principe,403,196.0,STP,150,2016,3,4,4,4,3.0,100.8600082397,-1.1009651315477043,-1.1744620939195483,0,0,0,0,,,66
Sao Tome & Principe,403,196.0,STP,150,2016,3,4,4,4,3.0,102.1072463989,1.2366032691925488,1.1641157778807698,0,0,0,0,,,66
Sao Tome & Principe,403,196.0,STP,150,2017,3,4,4,4,3.0,99.7165145874,-2.341392894055905,-2.2057547564110602,0,0,0,0,,,66
Sao Tome & Principe,403,196.0,STP,150,2017,3,4,4,4,3.0,100.0406036377,0.32501040739438825,-0.7797792174689677,0,0,0,0,,,66
Sao Tome & Principe,403,196.0,STP,150,2018,3,4,4,4,3.0,100.025680542,-0.01491703883959028,-2.031299525501107,0,0,0,0,,,66
Sao Tome & Principe,403,196.0,STP,150,2018,3,4,4,4,3.0,100.7181854248,0.692327089451017,1.002420458005815,0,0,0,0,,,66
Sao Tome & Principe,403,196.0,STP,150,2019,3,4,4,4,3.0,100.0686569214,-0.6448969475179367,0.03251310309348998,0,0,0,0,,,66
Sao Tome & Principe,403,196.0,STP,150,2019,3,4,4,4,3.0,100.6784515381,0.6093762377354262,0.6568063796685064,0,0,0,0,,,66
Sao Tome & Principe,403,196.0,STP,150,2020,3,4,4,3,3.0,100.2257995605,-0.4496016483017895,-0.48512235808430004,0,0,0,0,,,66
Sao Tome & Principe,403,196.0,STP,150,2020,3,4,4,3,3.0,100.7666778564,0.5396597465640696,0.6994343359977062,0,0,0,0,,,66
Sao Tome & Principe,403,196.0,STP,150,2021,3,4,4,3,3.0,100.143196106,-0.6187380229886075,-0.5286799247263274,0,0,0,0,,,66
Sao Tome & Principe,403,196.0,STP,150,2021,3,4,4,3,3.0,100.76171875,0.6176382101339195,0.5385599337093816,0,0,0,0,,,66
Sao Tome & Principe,403,196.0,STP,150,2022,3,4,4,4,3.0,99.7523803711,-1.0017081798736172,-1.0028079927283051,0,0,0,0,,,66
Sao Tome & Principe,403,196.0,STP,150,2022,3,4,4,4,3.0,100.1817321777,0.43041760507640525,0.046347635336707604,0,0,0,0,,,66
Sao Tome & Principe,403,196.0,STP,150,2023,3,4,4,4,3.0,100.8386230469,0.6556992526689509,0.084408677871739,0,0,0,0,,,66
Sao Tome & Principe,403,196.0,STP,150,2023,3,4,4,4,3.0,102.2409744263,1.3906887430898074,2.4768056008351635,0,0,0,0,,,66
Sao Tome & Principe,403,196.0,STP,150,2024,3,4,4,4,3.0,103.5760192871,1.305782606524697,3.352170602283455,0,0,0,0,,,66
Sao Tome & Principe,403,196.0,STP,150,2024,3,4,4,4,3.0,107.3793640137,3.6720321487327956,6.3685034983473,0,0,0,0,,,66
Suriname,115,4.0,SUR,170,1979,4,4,4,4,3.0,107.6254959106,,,0,0,0,0,,,67
Suriname,115,4.0,SUR,170,1979,4,4,4,4,3.0,102.4156646729,-4.840703583867889,-4.840703583867889,0,0,0,0,,,67
Suriname,115,4.0,SUR,170,1980,2,2,4,3,2.0,105.5113372803,3.022655388984785,-1.8180481948831035,0,0,0,0,,,67
Suriname,115,4.0,SUR,170,1980,2,2,4,3,2.0,102.0023956299,-3.3256536604006848,-5.143701855283789,0,0,0,0,,,67
Suriname,115,4.0,SUR,170,1981,2,2,4,3,2.0,97.2987365723,-4.6113221444979535,-4.914320415913853,0,0,0,0,,,67
Suriname,115,4.0,SUR,170,1981,2,2,4,3,2.0,100.3372879028,3.1229093383367212,-4.814066466561917,0,0,0,0,,,67
Suriname,115,4.0,SUR,170,1982,1,1,4,2,2.0,93.2572479248,-7.056240133636726,-8.544652939797958,0,0,0,0,,,67
Suriname,115,4.0,SUR,170,1982,1,1,4,2,2.0,99.0676498413,6.230509741382617,2.297178946082612,0,0,0,0,,,67
Suriname,115,4.0,SUR,170,1983,1,1,4,3,2.0,98.2501678467,-0.8251755198690591,-1.6509059121231684,0,0,0,0,,,67
Suriname,115,4.0,SUR,170,1983,1,1,4,3,2.0,100.1838607788,1.9681319375628448,7.373466159076402,0,0,0,0,,,67
Suriname,115,4.0,SUR,170,1984,2,1,4,3,2.0,96.0370941162,-4.139156377448671,-2.996199959754885,0,0,0,0,,,67
Suriname,115,4.0,SUR,170,1984,2,1,4,3,2.0,99.1387634277,3.229657602662517,1.0586331627766907,0,0,0,0,,,67
Suriname,115,4.0,SUR,170,1985,2,1,4,3,2.0,94.0389328003,-5.144133788918204,-6.053632563704358,0,0,0,0,,,67
Suriname,115,4.0,SUR,170,1985,2,1,4,3,2.0,98.2507858276,4.478839669782553,2.564363483526866,0,0,0,0,,,67
Suriname,115,4.0,SUR,170,1986,2,2,4,2,2.0,93.7882232666,-4.5420120800157555,-5.2073061991514065,0,0,0,0,,,67
Suriname,115,4.0,SUR,170,1986,2,2,4,2,2.0,97.2052154541,3.6433062366337143,3.5801338264005116,0,0,0,0,,,67
Suriname,115,4.0,SUR,170,1987,2,2,4,2,2.0,94.8919754028,-2.3797489059548482,-3.2784547493368894,0,0,0,0,,,67
Suriname,115,4.0,SUR,170,1987,2,2,4,2,2.0,97.861618042,3.1294981757881812,4.393055506467047,0,0,0,0,,,67
Suriname,115,4.0,SUR,170,1988,2,3,4,3,2.0,97.1791534424,-0.6973771875579571,0.05237208227537593,0,0,0,0,,,67
Suriname,115,4.0,SUR,170,1988,2,3,4,3,2.0,99.1300125122,2.007487203473435,4.439608191703659,0,0,0,0,,,67
Suriname,115,4.0,SUR,170,1989,3,4,4,3,3.0,96.1905670166,-2.965242736389484,-1.6551327204740063,0,0,0,0,,,67
Suriname,115,4.0,SUR,170,1989,3,4,4,3,3.0,98.2488174438,2.139763275171047,1.182007742254998,0,0,0,0,,,67
Suriname,115,4.0,SUR,170,1990,2,4,4,3,3.0,95.318862915,-2.9821779081218747,-3.8076573693403115,0,0,0,0,,,67
Suriname,115,4.0,SUR,170,1990,2,4,4,3,3.0,97.2951278687,2.0733199004506986,1.230905267499871,0,0,0,0,,,67
Suriname,115,4.0,SUR,170,1991,2,3,4,3,3.0,94.6157455444,-2.7538710138865774,-3.6627290215577535,0,0,0,0,,,67
Suriname,115,4.0,SUR,170,1991,2,3,4,3,3.0,96.2056655884,1.68039688833177,0.9998457748958911,0,0,0,0,,,67
Suriname,115,4.0,SUR,170,1992,2,4,4,3,3.0,94.2731628418,-2.0087203126558983,-3.082194438210706,0,0,0,0,,,67
Suriname,115,4.0,SUR,170,1992,2,4,4,3,3.0,95.8815231323,1.7060637852990945,1.377740360974966,0,0,0,0,,,67
Suriname,115,4.0,SUR,170,1993,2,4,4,4,3.0,93.9217071533,-2.0439975450700643,-2.346654072426868,0,0,0,0,,,67
Suriname,115,4.0,SUR,170,1993,2,4,4,4,3.0,95.3828964233,1.5557524605201545,1.2178187007491847,0,0,0,0,,,67
Suriname,115,4.0,SUR,170,1994,2,4,4,4,3.0,96.407699585,1.0744097737942715,0.5861646892443617,0,0,0,0,,,67
Suriname,115,4.0,SUR,170,1994,2,4,4,4,3.0,96.4847946167,0.07996771215563747,2.7101299464700634,0,0,0,0,,,67
Suriname,115,4.0,SUR,170,1995,3,4,4,4,3.0,98.662147522,2.2566798363927276,3.4110573223426366,0,0,0,0,,,67
Suriname,115,4.0,SUR,170,1995,3,4,4,4,3.0,97.3826522827,-1.296845113790679,1.0398024347576862,0,0,0,0,,,67
Suriname,115,4.0,SUR,170,1996,3,4,4,4,3.0,96.7131118774,-0.6875356027029711,0.2722991198990776,0,0,0,0,,,67
Suriname,115,4.0,SUR,170,1996,3,4,4,4,3.0,96.7349853516,0.022616865257862884,-1.9617638512357871,0,0,0,0,,,67
Suriname,115,4.0,SUR,170,1997,2,4,4,4,3.0,98.2676315308,1.5843762973957398,0.9194575599506316,0,0,0,0,,,67
Suriname,115,4.0,SUR,170,1997,2,4,4,4,3.0,97.2570648193,-1.0283820783685615,0.5786110842850412,0,0,0,0,,,67
Suriname,115,4.0,SUR,170,1998,2,4,4,4,3.0,97.3012008667,0.045380813704398726,0.601375032731577,0,0,0,0,,,67
Suriname,115,4.0,SUR,170,1998,2,4,4,4,3.0,96.5262069702,-0.7964895495603641,-1.779490814224527,0,0,0,0,,,67
Suriname,115,4.0,SUR,170,1999,3,3,4,4,3.0,97.6782989502,1.1935535603876835,0.4424448245317181,0,0,0,0,,,67
Suriname,115,4.0,SUR,170,1999,3,3,4,4,3.0,96.4478378296,-1.259707769099594,-0.8626437582722746,0,0,0,0,,,67
Suriname,115,4.0,SUR,170,2000,2,4,4,4,3.0,98.7085952759,2.344020868870289,2.2778666601583786,0,0,0,0,,,67
Suriname,115,4.0,SUR,170,2000,2,4,4,4,3.0,97.1418380737,-1.5872550894081239,-0.5029419896374288,0,0,0,0,,,67
Suriname,115,4.0,SUR,170,2001,3,4,4,4,3.0,98.2094116211,1.0989842981868003,1.8557500776489655,0,0,0,0,,,67
Suriname,115,4.0,SUR,170,2001,3,4,4,4,3.0,96.6215286255,-1.6168338343438782,-2.1051046255652017,0,0,0,0,,,67
Suriname,115,4.0,SUR,170,2002,3,4,4,4,3.0,98.2212600708,1.6556677047622204,1.1378181686051425,0,0,0,0,,,67
Suriname,115,4.0,SUR,170,2002,3,4,4,4,3.0,96.5858535767,-1.6650229216374934,-1.6261890512191512,0,0,0,0,,,67
Suriname,115,4.0,SUR,170,2003,3,4,4,4,3.0,98.2948150635,1.7693703824265272,1.7600151655512541,0,0,0,0,,,67
Suriname,115,4.0,SUR,170,2003,3,4,4,4,3.0,96.9752655029,-1.3424406564553237,-1.23809319566629,0,0,0,0,,,67
Suriname,115,4.0,SUR,170,2004,3,4,4,4,3.0,98.5443267822,1.6180015297334593,2.044931255704663,0,0,0,0,,,67
Suriname,115,4.0,SUR,170,2004,3,4,4,4,3.0,97.8524398804,-0.7021072895745606,-0.426546416296425,0,0,0,0,,,67
Suriname,115,4.0,SUR,170,2005,3,4,4,4,3.0,98.8212814331,0.9901046452026829,1.9059988853615817,0,0,0,0,,,67
Suriname,115,4.0,SUR,170,2005,3,4,4,4,3.0,98.6437149048,-0.1796845028974814,0.10831285273064095,0,0,0,0,,,67
Suriname,115,4.0,SUR,170,2006,3,4,4,4,3.0,99.0026473999,0.36386757681052817,1.1742877191157297,0,0,0,0,,,67
Suriname,115,4.0,SUR,170,2006,3,4,4,4,3.0,100.1025695801,1.111002795467786,1.2951858693808327,0,0,0,0,,,67
Suriname,115,4.0,SUR,170,2007,3,4,4,4,3.0,99.1767654419,-0.9248555177788775,0.5500148544994365,0,0,0,0,,,67
Suriname,115,4.0,SUR,170,2007,3,4,4,4,3.0,100.2335891724,1.0655960857274716,1.25174336341638,0,0,0,0,,,67
Suriname,115,4.0,SUR,170,2008,3,4,4,4,3.0,99.9244766235,-0.3083921781632859,-0.16765161021469188,0,0,0,0,,,67
Suriname,115,4.0,SUR,170,2008,3,4,4,4,3.0,101.6570205688,1.733853409938746,2.4910573175029316,0,0,0,0,,,67
Suriname,115,4.0,SUR,170,2009,3,4,4,4,3.0,98.4917221069,-3.1137037503059295,-1.6882425185304695,0,0,0,0,,,67
Suriname,115,4.0,SUR,170,2009,3,4,4,4,3.0,99.1419830322,0.6602188604177606,-0.719631479949423,0,0,0,0,,,67
Suriname,115,4.0,SUR,170,2010,3,4,4,4,3.0,99.1170043945,-0.02519481347461605,-2.478679703362785,0,0,0,0,,,67
Suriname,115,4.0,SUR,170,2010,3,4,4,4,3.0,100.2257080078,1.118580631116739,1.7536046780598835,0,0,0,0,,,67
Suriname,115,4.0,SUR,170,2011,3,4,4,4,3.0,100.0969696045,-0.12844848478393844,0.9649373328581845,0,0,0,0,,,67
Suriname,115,4.0,SUR,170,2011,3,4,4,4,3.0,100.9070663452,0.8093119540989235,1.799444100431724,0,0,0,0,,,67
Suriname,115,4.0,SUR,170,2012,3,4,4,4,3.0,100.0,-0.8989126114289592,-0.21804914211397408,0,0,0,0,,,67
Suriname,115,4.0,SUR,170,2012,3,4,4,4,3.0,100.0,0.0,-0.08960065733003564,0,0,0,0,,,67
Suriname,115,4.0,SUR,170,2013,3,4,4,4,3.0,99.9837493896,-0.01625061039999265,-0.9151632218289518,0,0,0,0,,,67
Suriname,115,4.0,SUR,170,2013,3,4,4,4,3.0,99.9571685791,-0.02658513074602631,-0.04283574114601896,0,0,0,0,,,67
Suriname,115,4.0,SUR,170,2014,3,4,4,4,3.0,99.5378799438,-0.4194682995329213,-0.46230404067894026,0,0,0,0,,,67
Suriname,115,4.0,SUR,170,2014,3,4,4,4,3.0,99.8324508667,0.2959385141278137,-0.15011491615113393,0,0,0,0,,,67
Suriname,115,4.0,SUR,170,2015,3,4,4,4,3.0,97.5988769531,-2.237322528104968,-2.3608523135100756,0,0,0,0,,,67
Suriname,115,4.0,SUR,170,2015,3,4,4,4,3.0,98.2468566895,0.6639213038397873,-1.277462710137367,0,0,0,0,,,67
Suriname,115,4.0,SUR,170,2016,3,4,4,4,3.0,97.3022994995,-0.9614121223086025,-2.534813346573783,0,0,0,0,,,67
Suriname,115,4.0,SUR,170,2016,3,4,4,4,3.0,98.5152282715,1.246557150487737,0.9490663320189219,0,0,0,0,,,67
Suriname,115,4.0,SUR,170,2017,3,3,4,4,3.0,98.0059280396,-0.5169761475824042,-0.23183111940326961,0,0,0,0,,,67
Suriname,115,4.0,SUR,170,2017,3,3,4,4,3.0,99.6319351196,1.6590905392406485,2.3886715421459814,0,0,0,0,,,67
Suriname,115,4.0,SUR,170,2018,3,3,4,4,3.0,98.8097763062,-0.8251960703293149,0.3169183213289295,0,0,0,0,,,67
Suriname,115,4.0,SUR,170,2018,3,3,4,4,3.0,99.9744415283,1.178694321188245,2.0125887900995787,0,0,0,0,,,67
Suriname,115,4.0,SUR,170,2019,3,3,4,4,2.0,98.4132156372,-1.5616250185884417,-1.2081267677295116,0,0,0,0,,,67
Suriname,115,4.0,SUR,170,2019,3,3,4,4,2.0,99.0701828003,0.6675598991927156,0.28462920179251894,0,0,0,0,,,67
Suriname,115,4.0,SUR,170,2020,3,3,4,2,2.0,97.3426132202,-1.743783579750069,-2.637848699145795,0,0,0,0,,,67
Suriname,115,4.0,SUR,170,2020,3,3,4,2,2.0,98.9731903076,1.6750907269270199,0.5988670463696666,0,0,0,0,,,67
Suriname,115,4.0,SUR,170,2021,3,3,4,2,2.0,98.8340377808,-0.14059618202417745,-0.2092890348472265,0,0,0,0,,,67
Suriname,115,4.0,SUR,170,2021,3,3,4,2,2.0,100.3435897827,1.5273604476708336,3.061854992573676,0,0,0,0,,,67
Suriname,115,4.0,SUR,170,2022,3,3,4,4,2.0,99.4404907227,-0.9000067288361002,0.4867575368105559,0,0,0,0,,,67
Suriname,115,4.0,SUR,170,2022,3,3,4,4,2.0,100.251991272,0.8160665171725201,1.4434202360072534,0,0,0,0,,,67
Suriname,115,4.0,SUR,170,2023,3,3,4,4,2.0,98.9592208862,-1.2895209056670964,-1.3734611173306766,0,0,0,0,,,67
Suriname,115,4.0,SUR,170,2023,3,3,4,4,2.0,99.7760543823,0.8254243402333827,0.3519699517388064,0,0,0,0,,,67
Suriname,115,4.0,SUR,170,2024,3,3,4,4,2.0,98.8363952637,-0.941768167139212,-1.4058647325729257,0,0,0,0,,,67
Suriname,115,4.0,SUR,170,2024,3,3,4,4,2.0,100.0314483643,1.2091225073633582,1.092778680457529,0,0,0,0,,,67
Sweden,380,5.0,SWE,172,1975,4,4,4,4,4.0,99.4830627441,,,0,0,0,0,,,68
Sweden,380,5.0,SWE,172,1975,4,4,4,4,4.0,98.3379745483,-1.1510383418185555,-1.1510383418185555,0,0,0,0,,,68
Sweden,380,5.0,SWE,172,1976,4,4,4,4,4.0,100.0215301514,1.7120096390363493,0.5609712972177938,0,0,0,0,,,68
Sweden,380,5.0,SWE,172,1976,4,4,4,4,4.0,98.7972335815,-1.2240330337346617,-0.6630617365168678,0,0,0,0,,,68
Sweden,380,5.0,SWE,172,1977,4,4,4,4,4.0,100.3897018433,1.6118551138239567,2.0998317191256444,0,0,0,0,,,68
Sweden,380,5.0,SWE,172,1977,4,4,4,4,4.0,99.1083908081,-1.2763371258936784,-0.8885150458043833,0,0,0,0,,,68
Sweden,380,5.0,SWE,172,1978,4,4,4,4,4.0,100.1581497192,1.0592028611710713,1.3947208491013496,0,0,0,0,,,68
Sweden,380,5.0,SWE,172,1978,4,4,4,4,4.0,98.8124847412,-1.3435401729890772,-1.5606744377116843,0,0,0,0,,,68
Sweden,380,5.0,SWE,172,1979,4,4,4,4,4.0,99.4857025146,0.6813084147850645,0.3969711029670586,0,0,0,0,,,68
Sweden,380,5.0,SWE,172,1979,4,4,4,4,4.0,98.9389266968,-0.5496024091700691,-1.2118341673740818,0,0,0,0,,,68
Sweden,380,5.0,SWE,172,1980,4,4,4,4,4.0,98.9265213013,-0.012538437513087697,0.11916756810190776,0,0,0,0,,,68
Sweden,380,5.0,SWE,172,1980,4,4,4,4,4.0,98.6516036987,-0.2779008085836643,-0.8400416552668211,0,0,0,0,,,68
Sweden,380,5.0,SWE,172,1981,4,4,4,4,4.0,98.4653396606,-0.18880994440687582,-0.4792491905036278,0,0,0,0,,,68
Sweden,380,5.0,SWE,172,1981,4,4,4,4,4.0,98.1372680664,-0.33318484994905306,-0.7998956029395932,0,0,0,0,,,68
Sweden,380,5.0,SWE,172,1982,4,4,4,4,4.0,98.9320220947,0.8098391609620448,0.2878443666061159,0,0,0,0,,,68
Sweden,380,5.0,SWE,172,1982,4,4,4,4,4.0,98.4153289795,-0.5222708525106312,-0.045616541497639496,0,0,0,0,,,68
Sweden,380,5.0,SWE,172,1983,4,4,4,4,4.0,98.6443099976,0.23266804112163086,0.5202363495730444,0,0,0,0,,,68
Sweden,380,5.0,SWE,172,1983,4,4,4,4,4.0,98.2024459839,-0.44793664602728045,-0.7375394574162808,0,0,0,0,,,68
Sweden,380,5.0,SWE,172,1984,4,4,4,4,4.0,98.4559936523,0.25818875065652946,0.04292014575087988,0,0,0,0,,,68
Sweden,380,5.0,SWE,172,1984,4,4,4,4,4.0,97.9862136841,-0.4771471504914637,-0.6668950458622147,0,0,0,0,,,68
Sweden,380,5.0,SWE,172,1985,4,4,4,4,4.0,98.3950881958,0.4172775907212767,0.19831919088634242,0,0,0,0,,,68
Sweden,380,5.0,SWE,172,1985,4,4,4,4,4.0,97.9406051636,-0.461896056534461,-0.521765616304648,0,0,0,0,,,68
Sweden,380,5.0,SWE,172,1986,4,4,4,4,4.0,97.4003753662,-0.5515891968378206,-0.5962076626510049,0,0,0,0,,,68
Sweden,380,5.0,SWE,172,1986,4,4,4,4,4.0,97.1549987793,-0.25192570970844486,-1.2654109630807264,0,0,0,0,,,68
Sweden,380,5.0,SWE,172,1987,4,4,4,4,4.0,97.5680084229,0.4251038534190066,-0.37841105312725887,0,0,0,0,,,68
Sweden,380,5.0,SWE,172,1987,4,4,4,4,4.0,97.3558120728,-0.21748558111408522,-0.0443074374035235,0,0,0,0,,,68
Sweden,380,5.0,SWE,172,1988,4,4,4,4,4.0,97.3345565796,-0.021832793284193297,0.18578547902072806,0,0,0,0,,,68
Sweden,380,5.0,SWE,172,1988,4,4,4,4,4.0,97.0617675781,-0.28025915058945694,-0.5195775249877355,0,0,0,0,,,68
Sweden,380,5.0,SWE,172,1989,4,4,4,4,4.0,97.6161117554,0.5711251619788804,0.2690332181052302,0,0,0,0,,,68
Sweden,380,5.0,SWE,172,1989,4,4,4,4,4.0,97.338684082,-0.28420274933216305,0.006663262057260422,0,0,0,0,,,68
Sweden,380,5.0,SWE,172,1990,4,4,4,4,4.0,97.8771438599,0.5531816902788478,0.8401041029255651,0,0,0,0,,,68
Sweden,380,5.0,SWE,172,1990,4,4,4,4,4.0,97.7030563354,-0.17786330662568073,0.091115634321004,0,0,0,0,,,68
Sweden,380,5.0,SWE,172,1991,4,4,4,4,4.0,97.6602172852,-0.04384617207157104,0.331472211581596,0,0,0,0,,,68
Sweden,380,5.0,SWE,172,1991,4,4,4,4,4.0,97.3240127563,-0.3442594520532194,-0.5659689307504712,0,0,0,0,,,68
Sweden,380,5.0,SWE,172,1992,4,4,4,4,4.0,97.9035491943,0.5954711705642213,0.20736554643943084,0,0,0,0,,,68
Sweden,380,5.0,SWE,172,1992,4,4,4,4,4.0,97.5420150757,-0.36927580417182027,-0.11806408566081839,0,0,0,0,,,68
Sweden,380,5.0,SWE,172,1993,4,3,4,4,4.0,98.0621414185,0.5332331328159912,0.7594284992083922,0,0,0,0,,,68
Sweden,380,5.0,SWE,172,1993,4,3,4,4,4.0,97.6023025513,-0.46892598973292676,-0.30496866108875587,0,0,0,0,,,68
Sweden,380,5.0,SWE,172,1994,4,4,4,4,4.0,98.1030807495,0.5130803117444849,0.5773874548275493,0,0,0,0,,,68
Sweden,380,5.0,SWE,172,1994,4,4,4,4,4.0,97.6257171631,-0.48659387936950127,-0.44243955735794316,0,0,0,0,,,68
Sweden,380,5.0,SWE,172,1995,4,4,4,4,4.0,98.1628875732,0.5502345342083936,0.5767209665833772,0,0,0,0,,,68
Sweden,380,5.0,SWE,172,1995,4,4,4,4,4.0,97.7035369873,-0.46794730397214934,-0.404306649133257,0,0,0,0,,,68
Sweden,380,5.0,SWE,172,1996,4,4,4,4,4.0,98.1285400391,0.4349924935217464,0.5172797237579907,0,0,0,0,,,68
Sweden,380,5.0,SWE,172,1996,4,4,4,4,4.0,97.7358932495,-0.40013515888808193,-0.43308996933848487,0,0,0,0,,,68
Sweden,380,5.0,SWE,172,1997,4,4,4,4,4.0,98.0940093994,0.3664121112453511,0.4012694458790156,0,0,0,0,,,68
Sweden,380,5.0,SWE,172,1997,4,4,4,4,4.0,97.6838150024,-0.418164574484714,-0.4518876221274448,0,0,0,0,,,68
Sweden,380,5.0,SWE,172,1998,4,4,4,4,4.0,97.7160720825,0.03302192906697865,-0.01873053417238424,0,0,0,0,,,68
Sweden,380,5.0,SWE,172,1998,4,4,4,4,4.0,97.1478118896,-0.5815421975007617,-0.9666848429184971,0,0,0,0,,,68
Sweden,380,5.0,SWE,172,1999,4,4,4,4,4.0,97.9323120117,0.8075324671146689,0.25901219868088576,0,0,0,0,,,68
Sweden,380,5.0,SWE,172,1999,4,4,4,4,4.0,97.5180969238,-0.42296059328255087,-0.19697032366864375,0,0,0,0,,,68
Sweden,380,5.0,SWE,172,2000,4,4,4,4,4.0,98.2364501953,0.7366358595587652,1.1212077333908832,0,0,0,0,,,68
Sweden,380,5.0,SWE,172,2000,4,4,4,4,4.0,98.1069259644,-0.13184946182652757,0.18182580444968677,0,0,0,0,,,68
Sweden,380,5.0,SWE,172,2001,4,4,4,4,4.0,98.0881500244,-0.01913824107262485,0.5856481566596128,0,0,0,0,,,68
Sweden,380,5.0,SWE,172,2001,4,4,4,4,4.0,97.8907394409,-0.20125834104413043,-0.35224604394328285,0,0,0,0,,,68
Sweden,380,5.0,SWE,172,2002,4,4,4,4,4.0,98.0784301758,0.19173492403059544,-0.028661658086159836,0,0,0,0,,,68
Sweden,380,5.0,SWE,172,2002,4,4,4,4,4.0,97.879447937,-0.2028807337590255,-0.21240415077256047,0,0,0,0,,,68
Sweden,380,5.0,SWE,172,2003,4,4,4,4,4.0,98.2355575562,0.3638247116281468,0.35267890189971673,0,0,0,0,,,68
Sweden,380,5.0,SWE,172,2003,4,4,4,4,4.0,98.0739364624,-0.16452402553682743,-0.0035800476677061432,0,0,0,0,,,68
Sweden,380,5.0,SWE,172,2004,4,4,4,4,4.0,98.6765365601,0.6144344964995163,0.8137351825908357,0,0,0,0,,,68
Sweden,380,5.0,SWE,172,2004,4,4,4,4,4.0,98.6170654297,-0.060268765476767516,0.38964170548592136,0,0,0,0,,,68
Sweden,380,5.0,SWE,172,2005,4,4,4,4,4.0,99.1171417236,0.5070890030250075,1.0612547340477563,0,0,0,0,,,68
Sweden,380,5.0,SWE,172,2005,4,4,4,4,4.0,99.2047729492,0.08841177628424735,0.5352320138324873,0,0,0,0,,,68
Sweden,380,5.0,SWE,172,2006,4,4,4,4,4.0,99.6648788452,0.46379411224053424,1.059294891549789,0,0,0,0,,,68
Sweden,380,5.0,SWE,172,2006,4,4,4,4,4.0,99.7775878906,0.11308802730305434,0.6652939158278359,0,0,0,0,,,68
Sweden,380,5.0,SWE,172,2007,4,4,4,4,4.0,99.6262435913,-0.15168165767441844,0.42520048186917014,0,0,0,0,,,68
Sweden,380,5.0,SWE,172,2007,4,4,4,4,4.0,99.715965271,0.09005827828667545,0.05146464791531136,0,0,0,0,,,68
Sweden,380,5.0,SWE,172,2008,4,4,4,4,4.0,99.9719161987,0.2566799880083348,0.19505660862059182,0,0,0,0,,,68
Sweden,380,5.0,SWE,172,2008,4,4,4,4,4.0,99.9627304077,-0.009188371443991095,0.33754989485101916,0,0,0,0,,,68
Sweden,380,5.0,SWE,172,2009,4,4,4,4,4.0,98.952911377,-1.0101955264541274,-0.7627039098897836,0,0,0,0,,,68
Sweden,380,5.0,SWE,172,2009,4,4,4,4,4.0,99.2943191528,0.3450204456332484,-0.67436345226487,0,0,0,0,,,68
Sweden,380,5.0,SWE,172,2010,4,4,4,4,4.0,99.9545898438,0.6649632090068858,-0.00021187181399318078,0,0,0,0,,,68
Sweden,380,5.0,SWE,172,2010,4,4,4,4,4.0,99.9734573364,0.01887606425026167,1.0288597188903958,0,0,0,0,,,68
Sweden,380,5.0,SWE,172,2011,4,4,4,4,4.0,100.5013809204,0.5280637461837268,1.2119030194408742,0,0,0,0,,,68
Sweden,380,5.0,SWE,172,2011,4,4,4,4,4.0,100.2934494019,-0.20689419050339275,0.3400456199305957,0,0,0,0,,,68
Sweden,380,5.0,SWE,172,2012,4,4,4,4,4.0,100.0,-0.29259079595924664,0.028578759721087366,0,0,0,0,,,68
Sweden,380,5.0,SWE,172,2012,4,4,4,4,4.0,100.0,0.0,-0.4994849864626394,0,0,0,0,,,68
Sweden,380,5.0,SWE,172,2013,4,4,4,4,4.0,100.3699874878,0.36998748779999424,0.0773966918407476,0,0,0,0,,,68
Sweden,380,5.0,SWE,172,2013,4,4,4,4,4.0,100.2509384155,-0.11861022929237075,0.2513772585076235,0,0,0,0,,,68
Sweden,380,5.0,SWE,172,2014,4,4,4,4,4.0,99.9719467163,-0.2782933542663679,-0.02691609575874443,0,0,0,0,,,68
Sweden,380,5.0,SWE,172,2014,4,4,4,4,4.0,100.0983047485,0.12639348972425246,-0.2705100938344862,0,0,0,0,,,68
Sweden,380,5.0,SWE,172,2015,4,4,4,4,4.0,98.0414962769,-2.0547885169162283,-2.206688381458344,0,0,0,0,,,68
Sweden,380,5.0,SWE,172,2015,4,4,4,4,4.0,99.0984725952,1.07809076609231,-0.8503042610996658,0,0,0,0,,,68
Sweden,380,5.0,SWE,172,2016,4,4,4,4,4.0,98.1753387451,-0.9315318651487492,-1.9082296159726675,0,0,0,0,,,68
Sweden,380,5.0,SWE,172,2016,4,4,4,4,4.0,99.1595153809,1.0024682862111556,1.1490271871547164,0,0,0,0,,,68
Sweden,380,5.0,SWE,172,2017,4,4,4,4,4.0,98.8312911987,-0.33100623872475143,-0.26006981766234505,0,0,0,0,,,68
Sweden,380,5.0,SWE,172,2017,4,4,4,4,4.0,99.5851669312,0.7627905325898743,1.4342525800762784,0,0,0,0,,,68
Sweden,380,5.0,SWE,172,2018,4,4,4,4,4.0,99.3304519653,-0.2557760093689243,0.17600828449619854,0,0,0,0,,,68
Sweden,380,5.0,SWE,172,2018,4,4,4,4,4.0,99.9456939697,0.6193891120267248,1.1264036352476747,0,0,0,0,,,68
Sweden,380,5.0,SWE,172,2019,4,4,4,4,4.0,99.072265625,-0.8739029266881637,-0.5102898240303633,0,0,0,0,,,68
Sweden,380,5.0,SWE,172,2019,4,4,4,4,4.0,99.7228393555,0.6566658452755059,0.4021520306140669,0,0,0,0,,,68
Sweden,380,5.0,SWE,172,2020,4,4,4,3,4.0,98.5403213501,-1.1858045890414948,-1.4030416704541526,0,0,0,0,,,68
Sweden,380,5.0,SWE,172,2020,4,4,4,3,4.0,99.4486236572,0.9217569971919692,0.39261825342598033,0,0,0,0,,,68
Sweden,380,5.0,SWE,172,2021,4,4,4,3,4.0,99.8701782227,0.4238918046298057,0.15984421278028016,0,0,0,0,,,68
Sweden,380,5.0,SWE,172,2021,4,4,4,3,4.0,100.3208618164,0.45126943970703604,1.796918241528811,0,0,0,0,,,68
Sweden,380,5.0,SWE,172,2022,4,4,4,4,4.0,100.1867370605,-0.13369577720082626,0.7414654671360155,0,0,0,0,,,68
Sweden,380,5.0,SWE,172,2022,4,4,4,4,4.0,100.5322036743,0.34482270202231824,0.662396364528528,0,0,0,0,,,68
Sweden,380,5.0,SWE,172,2023,4,4,4,4,4.0,99.5914077759,-0.9358154541682651,-0.7246885293467731,0,0,0,0,,,68
Sweden,380,5.0,SWE,172,2023,4,4,4,4,4.0,99.9681472778,0.3782851455898184,-0.21270760655612841,0,0,0,0,,,68
Sweden,380,5.0,SWE,172,2024,4,4,4,4,4.0,99.4112243652,-0.5571003642313999,-1.1146306728098465,0,0,0,0,,,68
Sweden,380,5.0,SWE,172,2024,4,4,4,4,4.0,99.8191146851,0.41030610225820663,0.23149088361662518,0,0,0,0,,,68
Swaziland,572,132.0,SWZ,171,2000,2,2,3,3,2.0,96.5504989624,,,0,0,0,0,,,69
Swaziland,572,132.0,SWZ,171,2000,2,2,3,3,2.0,94.1137542725,-2.523803311310635,-2.523803311310635,0,0,0,0,,,69
Swaziland,572,132.0,SWZ,171,2001,2,2,3,3,2.0,96.765625,2.817729191656393,0.29392588034575784,0,0,0,0,,,69
Swaziland,572,132.0,SWZ,171,2001,2,2,3,3,2.0,94.3276062012,-2.5195091736347486,-2.2255832932889907,0,0,0,0,,,69
Swaziland,572,132.0,SWZ,171,2002,2,2,3,3,2.0,95.2157821655,0.9415864560429199,1.2398064740645642,0,0,0,0,,,69
Swaziland,572,132.0,SWZ,171,2002,2,2,3,3,2.0,92.8655853271,-2.468284968047607,-4.046207685639436,0,0,0,0,,,69
Swaziland,572,132.0,SWZ,171,2003,2,2,3,3,2.0,95.5020904541,2.839055089905962,1.3123565779012747,0,0,0,0,,,69
Swaziland,572,132.0,SWZ,171,2003,2,2,3,3,2.0,93.3381958008,-2.265808678125225,-1.8950385562668703,0,0,0,0,,,69
Swaziland,572,132.0,SWZ,171,2004,2,2,3,3,2.0,95.6677780151,2.495850915387021,3.069097327167758,0,0,0,0,,,69
Swaziland,572,132.0,SWZ,171,2004,2,2,3,3,2.0,93.7180862427,-2.0379816620098246,-1.8079394247480285,0,0,0,0,,,69
Swaziland,572,132.0,SWZ,171,2005,2,2,3,3,2.0,97.2202224731,3.7368840645449986,4.194753317922196,0,0,0,0,,,69
Swaziland,572,132.0,SWZ,171,2005,2,2,3,3,2.0,95.7877502441,-1.4734303137357574,0.2254720887994166,0,0,0,0,,,69
Swaziland,572,132.0,SWZ,171,2006,2,2,3,3,2.0,99.5570831299,3.9350886477597102,6.198542398568952,0,0,0,0,,,69
Swaziland,572,132.0,SWZ,171,2006,2,2,3,3,2.0,98.6458206177,-0.915316603853289,1.546341730170664,0,0,0,0,,,69
Swaziland,572,132.0,SWZ,171,2007,2,1,3,3,2.0,97.268699646,-1.3960256634054535,1.6237463805009678,0,0,0,0,,,69
Swaziland,572,132.0,SWZ,171,2007,2,1,3,3,2.0,95.9385528564,-1.3674972467411894,-3.678839513999932,0,0,0,0,,,69
Swaziland,572,132.0,SWZ,171,2008,2,1,3,3,2.0,97.6684875488,1.8031694672207,-0.960353442925943,0,0,0,0,,,69
Swaziland,572,132.0,SWZ,171,2008,2,1,3,3,2.0,96.9549179077,-0.7306037587031078,-0.2949315382235973,0,0,0,0,,,69
Swaziland,572,132.0,SWZ,171,2009,2,1,3,3,2.0,98.8266830444,1.9305520308747104,3.0031177393923025,0,0,0,0,,,69
Swaziland,572,132.0,SWZ,171,2009,2,1,3,3,2.0,98.7613372803,-0.06612157980718791,1.1338266923644147,0,0,0,0,,,69
Swaziland,572,132.0,SWZ,171,2010,2,1,3,3,2.0,100.3067626953,1.5648081096895528,3.4292385607570752,0,0,0,0,,,69
Swaziland,572,132.0,SWZ,171,2010,2,1,3,3,2.0,100.4128723145,0.10578510994552204,1.6044716398278869,0,0,0,0,,,69
Swaziland,572,132.0,SWZ,171,2011,2,2,3,3,2.0,102.109664917,1.6898158208098257,3.3604090404449005,0,0,0,0,,,69
Swaziland,572,132.0,SWZ,171,2011,2,2,3,3,2.0,102.0371017456,-0.07106395996793191,1.7245369707874159,0,0,0,0,,,69
Swaziland,572,132.0,SWZ,171,2012,2,2,3,3,2.0,100.0,-1.9964323866027867,-0.37768052576089284,0,0,0,0,,,69
Swaziland,572,132.0,SWZ,171,2012,2,2,3,3,2.0,100.0,0.0,-2.0674963465707186,0,0,0,0,,,69
Swaziland,572,132.0,SWZ,171,2013,2,2,3,3,2.0,98.885635376,-1.1143646240000082,-3.110797010602795,0,0,0,0,,,69
Swaziland,572,132.0,SWZ,171,2013,2,2,3,3,2.0,99.1929779053,0.31080604187996297,-0.8035585821200453,0,0,0,0,,,69
Swaziland,572,132.0,SWZ,171,2014,2,1,3,3,2.0,98.0770339966,-1.1250230936361238,-1.9285816757561691,0,0,0,0,,,69
Swaziland,572,132.0,SWZ,171,2014,2,1,3,3,2.0,98.9800872803,0.9207591695027384,0.10654211774657751,0,0,0,0,,,69
Swaziland,572,132.0,SWZ,171,2015,2,1,3,3,2.0,94.289024353,-4.739400677648886,-4.943664601782272,0,0,0,0,,,69
Swaziland,572,132.0,SWZ,171,2015,2,1,3,3,2.0,96.8647460938,2.7317301864923094,-1.0869113216538389,0,0,0,0,,,69
Swaziland,572,132.0,SWZ,171,2016,2,2,3,3,2.0,97.0721893311,0.21415762252567916,-1.793512868630898,0,0,0,0,,,69
Swaziland,572,132.0,SWZ,171,2016,2,2,3,3,2.0,99.4167938232,2.415320503489271,5.361208312507259,0,0,0,0,,,69
Swaziland,572,132.0,SWZ,171,2017,2,2,3,3,2.0,96.6574172974,-2.7755637852365123,-0.14608565922156247,0,0,0,0,,,69
Swaziland,572,132.0,SWZ,171,2017,2,2,3,3,2.0,98.8497238159,2.268120315851818,1.9078770341045765,0,0,0,0,,,69
Swaziland,572,132.0,SWZ,171,2018,2,2,3,3,2.0,94.9930877686,-3.9015142363803545,-4.408957705765049,0,0,0,0,,,69
Swaziland,572,132.0,SWZ,171,2018,2,2,3,3,2.0,97.3838348389,2.5167589836891935,0.8833650631606567,0,0,0,0,,,69
Swaziland,572,132.0,SWZ,171,2019,2,2,3,3,2.0,94.8497161865,-2.6021964082561855,-3.986951660947347,0,0,0,0,,,69
Swaziland,572,132.0,SWZ,171,2019,2,2,3,3,2.0,96.9082946777,2.170358092745661,2.0849206681786687,0,0,0,0,,,69
Swaziland,572,132.0,SWZ,171,2020,2,2,3,2,2.0,95.2272186279,-1.7347081128513908,-2.1665464283619156,0,0,0,0,,,69
Swaziland,572,132.0,SWZ,171,2020,2,2,3,2,2.0,97.4123458862,2.29464567986426,2.73029565975853,0,0,0,0,,,69
Swaziland,572,132.0,SWZ,171,2021,2,2,3,2,2.0,98.7983169556,1.4227878989991005,1.9827254660119693,0,0,0,0,,,69
Swaziland,572,132.0,SWZ,171,2021,2,2,3,2,2.0,99.8762588501,1.0910528921099116,4.808486470973271,0,0,0,0,,,69
Swaziland,572,132.0,SWZ,171,2022,2,2,3,3,2.0,98.7791366577,-1.0984814659974695,1.4153593251115422,0,0,0,0,,,69
Swaziland,572,132.0,SWZ,171,2022,2,2,3,3,2.0,99.9801483154,1.2158555929293824,1.208427019041824,0,0,0,0,,,69
Swaziland,572,132.0,SWZ,171,2023,2,2,3,3,2.0,99.8987808228,-0.08138364862523284,0.03599047830667956,0,0,0,0,,,69
Swaziland,572,132.0,SWZ,171,2023,2,2,3,3,2.0,101.3441467285,1.446830375501551,2.5813023198057,0,0,0,0,,,69
Swaziland,572,132.0,SWZ,171,2024,2,2,3,3,2.0,98.4520950317,-2.8536938640844944,-1.4882471372081767,0,0,0,0,,,69
Swaziland,572,132.0,SWZ,171,2024,2,2,3,3,2.0,100.3520202637,1.9297966502269448,0.5229331616440009,0,0,0,0,,,69
Syria,652,97.0,SYR,174,1975,1,1,3,3,1.0,80.7504882813,,,0,0,0,0,,,70
Syria,652,97.0,SYR,174,1975,1,1,3,3,1.0,86.4544372559,7.0636711876340685,7.0636711876340685,0,0,0,0,,,70
Syria,652,97.0,SYR,174,1976,1,1,3,3,1.0,81.9902420044,-5.163639245359086,1.9000319422749827,0,0,0,0,,,70
Syria,652,97.0,SYR,174,1976,1,1,3,3,1.0,87.7057647705,6.970979260914079,8.871011203189061,0,0,0,0,,,70
Syria,652,97.0,SYR,174,1977,1,1,3,3,1.0,82.1965637207,-6.281458310312837,-4.474118294757845,0,0,0,0,,,70
Syria,652,97.0,SYR,174,1977,1,1,3,3,1.0,88.2203445435,7.328506874409646,8.018027825010886,0,0,0,0,,,70
Syria,652,97.0,SYR,174,1978,1,2,3,3,1.0,81.1329421997,-8.033750469320966,-6.986701905224156,0,0,0,0,,,70
Syria,652,97.0,SYR,174,1978,1,2,3,3,1.0,87.1606140137,7.429376589306402,6.724132994395084,0,0,0,0,,,70
Syria,652,97.0,SYR,174,1979,1,2,3,3,1.0,85.598777771,-1.7919059662137138,-2.396279846228276,0,0,0,0,,,70
Syria,652,97.0,SYR,174,1979,1,2,3,3,1.0,93.8220214844,9.606730291639675,15.244200914732364,0,0,0,0,,,70
Syria,652,97.0,SYR,174,1980,1,1,3,3,1.0,86.5399551392,-7.761574766762836,0.05324955866312564,0,0,0,0,,,70
Syria,652,97.0,SYR,174,1980,1,1,3,3,1.0,95.1480941772,9.94701120904644,11.79216673392328,0,0,0,0,,,70
Syria,652,97.0,SYR,174,1981,1,1,3,3,1.0,85.4675979614,-10.174135698158516,-7.988699255874911,0,0,0,0,,,70
Syria,652,97.0,SYR,174,1981,1,1,3,3,1.0,93.9133911133,9.881865588072802,9.654741098960727,0,0,0,0,,,70
Syria,652,97.0,SYR,174,1982,1,1,2,2,1.0,84.7204742432,-9.788717840046235,-10.080987950131949,0,0,0,0,,,70
Syria,652,97.0,SYR,174,1982,1,1,2,2,1.0,93.0094451904,9.783905273482695,9.877053021509262,0,0,0,0,,,70
Syria,652,97.0,SYR,174,1983,1,1,2,2,1.0,84.0843276978,-9.595925956046026,-9.600738522609566,0,0,0,0,,,70
Syria,652,97.0,SYR,174,1983,1,1,2,2,1.0,92.0261001587,9.445009169179318,9.632988486615988,0,0,0,0,,,70
Syria,652,97.0,SYR,174,1984,1,1,3,2,1.0,83.7714614868,-8.96988860515091,-9.120805392017617,0,0,0,0,,,70
Syria,652,97.0,SYR,174,1984,1,1,3,2,1.0,91.5139694214,9.242417163534867,9.717537727563275,0,0,0,0,,,70
Syria,652,97.0,SYR,174,1985,1,1,3,2,1.0,83.3201828003,-8.953591099703662,-8.681062541319704,0,0,0,0,,,70
Syria,652,97.0,SYR,174,1985,1,1,3,2,1.0,90.9106674194,9.11001916221512,9.398845226046326,0,0,0,0,,,70
Syria,652,97.0,SYR,174,1986,1,1,2,2,1.0,79.4299240112,-12.628598748742714,-12.472170686231255,0,0,0,0,,,70
Syria,652,97.0,SYR,174,1986,1,1,2,2,1.0,82.8632354736,4.322440824588836,0.8038612380612422,0,0,0,0,,,70
Syria,652,97.0,SYR,174,1987,1,1,2,3,1.0,80.1933288574,-3.222064165054983,-11.528222089208862,0,0,0,0,,,70
Syria,652,97.0,SYR,174,1987,1,1,2,3,1.0,84.6045379639,5.500718288355411,6.601094947889262,0,0,0,0,,,70
Syria,652,97.0,SYR,174,1988,1,1,2,3,1.0,79.2619934082,-6.314725763267703,-4.036071639967277,0,0,0,0,,,70
Syria,652,97.0,SYR,174,1988,1,1,2,3,1.0,81.1900253296,2.432479727668002,1.618472252755708,0,0,0,0,,,70
Syria,652,97.0,SYR,174,1989,1,1,2,3,1.0,79.7520599365,-1.7711109058808905,-5.6533569414805935,0,0,0,0,,,70
Syria,652,97.0,SYR,174,1989,1,1,2,3,1.0,83.0336380005,4.114725145172238,4.7760939669593485,0,0,0,0,,,70
Syria,652,97.0,SYR,174,1990,1,1,2,3,1.0,81.0770568848,-2.3563716619139585,-0.012757422622612147,0,0,0,0,,,70
Syria,652,97.0,SYR,174,1990,1,1,2,3,1.0,85.5668869019,5.537731868436557,7.296085351694836,0,0,0,0,,,70
Syria,652,97.0,SYR,174,1991,1,1,3,3,1.0,78.9534225464,-7.728999610657972,-4.547639404135374,0,0,0,0,,,70
Syria,652,97.0,SYR,174,1991,1,1,3,3,1.0,83.1464691162,5.31078506107292,3.1195173188515044,0,0,0,0,,,70
Syria,652,97.0,SYR,174,1992,1,1,3,3,1.0,78.6785049438,-5.373606624420657,-7.79182117400571,0,0,0,0,,,70
Syria,652,97.0,SYR,174,1992,1,1,3,3,1.0,82.8707275391,5.328294682638557,5.265473119290819,0,0,0,0,,,70
Syria,652,97.0,SYR,174,1993,1,1,3,3,1.0,77.2855377197,-6.739641348948943,-6.784953290731044,0,0,0,0,,,70
Syria,652,97.0,SYR,174,1993,1,1,3,3,1.0,81.6502227783,5.6474797062677995,4.236133039957412,0,0,0,0,,,70
Syria,652,97.0,SYR,174,1994,1,1,3,3,1.0,76.7675933838,-5.979933952853401,-7.072095595534545,0,0,0,0,,,70
Syria,652,97.0,SYR,174,1994,1,1,3,3,1.0,81.2011947632,5.775355438373819,5.442901191788217,0,0,0,0,,,70
Syria,652,97.0,SYR,174,1995,1,1,3,3,1.0,77.3762817383,-4.710414712559663,-4.914993227039245,0,0,0,0,,,70
Syria,652,97.0,SYR,174,1995,1,1,3,3,1.0,81.683303833,5.566333762673037,6.631274488487192,0,0,0,0,,,70
Syria,652,97.0,SYR,174,1996,1,1,3,3,1.0,79.196472168,-3.044479775309139,-2.188560725195766,0,0,0,0,,,70
Syria,652,97.0,SYR,174,1996,1,1,3,3,1.0,83.2921524048,5.171543788101851,7.693397775465748,0,0,0,0,,,70
Syria,652,97.0,SYR,174,1997,1,1,3,3,1.0,78.9548950195,-5.207282150929327,-3.0802181381366154,0,0,0,0,,,70
Syria,652,97.0,SYR,174,1997,1,1,3,3,1.0,83.1138763428,5.267540818429084,5.231802455601608,0,0,0,0,,,70
Syria,652,97.0,SYR,174,1998,1,1,3,3,1.0,74.8310241699,-9.965667031023418,-9.905408363523662,0,0,0,0,,,70
Syria,652,97.0,SYR,174,1998,1,1,3,3,1.0,79.4431762695,6.163422391665185,1.46529617907085,0,0,0,0,,,70
Syria,652,97.0,SYR,174,1999,1,1,3,3,1.0,78.6284866333,-1.0254998282499206,-4.827744467608154,0,0,0,0,,,70
Syria,652,97.0,SYR,174,1999,1,1,3,3,1.0,82.6063766479,5.059095227346422,10.197017790761686,0,0,0,0,,,70
Syria,652,97.0,SYR,174,2000,1,1,3,3,1.0,85.0294799805,2.9333126944039556,6.966908093500456,0,0,0,0,,,70
Syria,652,97.0,SYR,174,2000,1,1,3,3,1.0,87.4797363281,2.8816551014564817,10.874063023206858,0,0,0,0,,,70
Syria,652,97.0,SYR,174,2001,1,1,3,3,1.0,83.1557235718,-4.942873558834748,0.8720942370256894,0,0,0,0,,,70
Syria,652,97.0,SYR,174,2001,1,1,3,3,1.0,86.1931686401,3.652719184960662,1.591500727582396,0,0,0,0,,,70
Syria,652,97.0,SYR,174,2002,1,1,3,3,1.0,83.8224563599,-2.7504642393400336,-4.04061861321412,0,0,0,0,,,70
Syria,652,97.0,SYR,174,2002,1,1,3,3,1.0,86.7297515869,3.4683966006880507,4.370651546308679,0,0,0,0,,,70
Syria,652,97.0,SYR,174,2003,1,1,3,3,1.0,85.9748840332,-0.8703674804644734,-0.15243511911645635,0,0,0,0,,,70
Syria,652,97.0,SYR,174,2003,1,1,3,3,1.0,88.2747650146,2.675061452263061,5.273090572486638,0,0,0,0,,,70
Syria,652,97.0,SYR,174,2004,2,1,3,3,1.0,89.3392486572,1.2058753624820673,3.010569334280655,0,0,0,0,,,70
Syria,652,97.0,SYR,174,2004,2,1,3,3,1.0,90.4832229614,1.280483462077786,5.1614202768229145,0,0,0,0,,,70
Syria,652,97.0,SYR,174,2005,2,2,3,3,1.0,94.1922988892,4.099186353455031,6.585545178014884,0,0,0,0,,,70
Syria,652,97.0,SYR,174,2005,2,2,3,3,1.0,93.8892593384,-0.3217243387981017,5.057945476734716,0,0,0,0,,,70
Syria,652,97.0,SYR,174,2006,2,2,3,3,1.0,96.831451416,3.1336833396412356,6.911145354298165,0,0,0,0,,,70
Syria,652,97.0,SYR,174,2006,2,2,3,3,1.0,95.9292373657,-0.9317365763980567,1.8802224244450771,0,0,0,0,,,70
Syria,652,97.0,SYR,174,2007,2,2,3,2,1.0,97.9814300537,2.1392776012350234,4.341224364478203,0,0,0,0,,,70
Syria,652,97.0,SYR,174,2007,2,2,3,2,1.0,96.8762512207,-1.1279472369348897,0.07959378790207694,0,0,0,0,,,70
Syria,652,97.0,SYR,174,2008,2,2,3,2,1.0,101.3506851196,4.6187108218158635,5.630041186115998,0,0,0,0,,,70
Syria,652,97.0,SYR,174,2008,2,2,3,2,1.0,100.0141906738,-1.3186831882022854,2.172080396678689,0,0,0,0,,,70
Syria,652,97.0,SYR,174,2009,2,1,3,2,1.0,95.8142929077,-4.199301856871617,-0.8992742232580389,0,0,0,0,,,70
Syria,652,97.0,SYR,174,2009,2,1,3,2,1.0,94.3680725098,-1.509399437193748,-7.02738448226765,0,0,0,0,,,70
Syria,652,97.0,SYR,174,2010,1,1,3,2,1.0,98.2694091797,4.134170134178428,-1.5745311598869378,0,0,0,0,,,70
Syria,652,97.0,SYR,174,2010,1,1,3,2,1.0,97.6775054932,-0.602327511115508,2.0224431858691716,0,0,0,0,,,70
Syria,652,97.0,SYR,174,2011,1,1,2,2,1.0,100.496307373,2.885825007064935,6.417667630127855,0,0,0,0,,,70
Syria,652,97.0,SYR,174,2011,1,1,2,2,1.0,100.9595794678,0.4609841962456729,2.7444816921951,0,0,0,0,,,70
Syria,652,97.0,SYR,174,2012,1,1,2,2,1.0,100.0,-0.9504590578311989,2.396350145479409,0,0,0,0,,,70
Syria,652,97.0,SYR,174,2012,1,1,2,2,1.0,100.0,0.0,-0.489474861585526,0,0,0,0,,,70
Syria,652,97.0,SYR,174,2013,1,1,2,2,1.0,100.1907577515,0.19075775149999252,-0.7597013063312064,0,0,0,0,,,70
Syria,652,97.0,SYR,174,2013,1,1,2,2,1.0,100.3351974487,0.14416469187532588,0.3349224433753184,0,0,0,0,,,70
Syria,652,97.0,SYR,174,2014,1,1,1,1,1.0,99.5884399414,-0.7442627575251604,-0.40934031414984196,0,0,0,0,,,70
Syria,652,97.0,SYR,174,2014,1,1,1,1,1.0,99.4571304321,-0.13185216012747691,-0.7319502257773114,0,0,0,0,,,70
Syria,652,97.0,SYR,174,2015,1,1,1,1,1.0,93.8255081177,-5.662361552090777,-6.538476469743415,0,0,0,0,,,70
Syria,652,97.0,SYR,174,2015,1,1,1,1,1.0,91.8167266846,-2.14097581073589,-7.935189522954145,0,0,0,0,,,70
Syria,652,97.0,SYR,174,2016,1,1,1,1,1.0,92.9823303223,1.269489427241255,-6.533847935585412,0,0,0,0,,,70
Syria,652,97.0,SYR,174,2016,1,1,1,1,1.0,90.5698776245,-2.594528110274119,-3.4660144937687543,0,0,0,0,,,70
Syria,652,97.0,SYR,174,2017,1,1,1,1,1.0,94.8350067139,4.709213704674631,3.3841750216417665,0,0,0,0,,,70
Syria,652,97.0,SYR,174,2017,1,1,1,1,1.0,93.0953063965,-1.8344495115061865,0.2802360828943251,0,0,0,0,,,70
Syria,652,97.0,SYR,174,2018,1,1,2,1,1.0,96.9476165771,4.138028360090162,7.012792553258606,0,0,0,0,,,70
Syria,652,97.0,SYR,174,2018,1,1,2,1,1.0,96.022064209,-0.9546932671252728,1.3488855814587026,0,0,0,0,,,70
Syria,652,97.0,SYR,174,2019,1,1,2,1,1.0,95.7597808838,-0.2731490177394269,2.9101860752254622,0,0,0,0,,,70
Syria,652,97.0,SYR,174,2019,1,1,2,1,1.0,94.4445037842,-1.3735172401825313,-2.6013595250472314,0,0,0,0,,,70
Syria,652,97.0,SYR,174,2020,1,1,2,1,1.0,92.6550064087,-1.8947607365155772,-3.541426994437536,0,0,0,0,,,70
Syria,652,97.0,SYR,174,2020,1,1,2,1,1.0,90.3053512573,-2.535918179138319,-5.8041961558364275,0,0,0,0,,,70
Syria,652,97.0,SYR,174,2021,1,1,2,1,1.0,96.8567810059,7.254752522841668,2.8240736071877706,0,0,0,0,,,70
Syria,652,97.0,SYR,174,2021,1,1,2,1,1.0,95.9252166748,-0.9617956754553458,3.757038668248002,0,0,0,0,,,70
Syria,652,97.0,SYR,174,2022,1,1,2,1,1.0,99.0293273926,3.235969461839594,9.528926309225916,0,0,0,0,,,70
Syria,652,97.0,SYR,174,2022,1,1,2,1,1.0,98.8792724609,-0.15152575065475737,2.1226480357294895,0,0,0,0,,,70
Syria,652,97.0,SYR,174,2023,1,1,2,1,1.0,97.4774169922,-1.417744521992037,1.6666991891927982,0,0,0,0,,,70
Syria,652,97.0,SYR,174,2023,1,1,2,1,1.0,96.3973083496,-1.1080603856034044,-2.6773306582502,0,0,0,0,,,70
Syria,652,97.0,SYR,174,2024,1,1,2,2,1.0,97.2496871948,0.884235109665843,-1.6415697979295998,0,0,0,0,,,70
Syria,652,97.0,SYR,174,2024,1,1,2,2,1.0,95.9786300659,-1.3070038223916947,-1.5308290983292574,0,0,0,0,,,70
Thailand,800,49.0,THA,178,1975,2,3,3,3,2.0,104.003112793,,,0,0,0,0,,,71
Thailand,800,49.0,THA,178,1975,2,3,3,3,2.0,100.0723724365,-3.779444913657004,-3.779444913657004,0,0,0,0,,,71
Thailand,800,49.0,THA,178,1976,1,2,3,3,2.0,102.9697341919,2.8952663805771994,-0.8841785330798047,0,0,0,0,,,71
Thailand,800,49.0,THA,178,1976,1,2,3,3,2.0,100.5030441284,-2.395548636556577,-3.2797271696363817,0,0,0,0,,,71
Thailand,800,49.0,THA,178,1977,1,2,3,3,2.0,102.2802124023,1.7682730799969848,2.267990824017607,0,0,0,0,,,71
Thailand,800,49.0,THA,178,1977,1,2,3,3,2.0,100.6175079346,-1.6256365025524744,-2.2529120591120666,0,0,0,0,,,71
Thailand,800,49.0,THA,178,1978,1,2,3,3,2.0,102.4344024658,1.8057439192202596,1.94838049666477,0,0,0,0,,,71
Thailand,800,49.0,THA,178,1978,1,2,3,3,2.0,100.4179534912,-1.9685271022821138,-1.7884196856143286,0,0,0,0,,,71
Thailand,800,49.0,THA,178,1979,1,2,3,3,2.0,102.3995819092,1.973380604867292,1.8105974218054377,0,0,0,0,,,71
Thailand,800,49.0,THA,178,1979,1,2,3,3,2.0,101.0491638184,-1.3187730512390528,-1.3139195486538746,0,0,0,0,,,71
Thailand,800,49.0,THA,178,1980,1,2,3,3,2.0,103.2741546631,2.2018894176092596,2.856496971237499,0,0,0,0,,,71
Thailand,800,49.0,THA,178,1980,1,2,3,3,2.0,101.4812393188,-1.7360736092673412,-0.8529572428971344,0,0,0,0,,,71
Thailand,800,49.0,THA,178,1981,2,3,3,3,2.0,101.9304199219,0.4426242782559209,0.9084400865978393,0,0,0,0,,,71
Thailand,800,49.0,THA,178,1981,2,3,3,3,2.0,100.1711425781,-1.7259590857645501,-3.0194084167759705,0,0,0,0,,,71
Thailand,800,49.0,THA,178,1982,2,3,3,3,2.0,99.4312286377,-0.738649796095836,-2.0219846036044653,0,0,0,0,,,71
Thailand,800,49.0,THA,178,1982,2,3,3,3,2.0,98.6927337646,-0.7427192474819599,-3.207328129342346,0,0,0,0,,,71
Thailand,800,49.0,THA,178,1983,2,3,3,3,2.0,99.884223938,1.207272438355922,-0.27409660522187407,0,0,0,0,,,71
Thailand,800,49.0,THA,178,1983,2,3,3,3,2.0,98.8330459595,-1.0523964016104226,-0.5878432107364606,0,0,0,0,,,71
Thailand,800,49.0,THA,178,1984,2,3,3,3,2.0,98.6859207153,-0.14886239999147843,0.00601363675402089,0,0,0,0,,,71
Thailand,800,49.0,THA,178,1984,2,3,3,3,2.0,97.8624801636,-0.8344052988830675,-2.0356641004849685,0,0,0,0,,,71
Thailand,800,49.0,THA,178,1985,2,3,3,3,2.0,97.6890640259,-0.17720390634908822,-1.1604716052236341,0,0,0,0,,,71
Thailand,800,49.0,THA,178,1985,2,3,3,3,2.0,97.1154556274,-0.5871776991822952,-1.598786904414451,0,0,0,0,,,71
Thailand,800,49.0,THA,178,1986,2,3,3,3,2.0,96.9609909058,-0.1590526663362679,-0.9234342718676514,0,0,0,0,,,71
Thailand,800,49.0,THA,178,1986,2,3,3,3,2.0,96.212677002,-0.7717680036160135,-1.5179983691345766,0,0,0,0,,,71
Thailand,800,49.0,THA,178,1987,2,3,3,3,2.0,96.7633514404,0.5723512280908061,-0.35846944186147534,0,0,0,0,,,71
Thailand,800,49.0,THA,178,1987,2,3,3,3,2.0,96.4391326904,-0.3350635805537405,-0.534480356078948,0,0,0,0,,,71
Thailand,800,49.0,THA,178,1988,3,3,3,3,2.0,97.1691741943,0.7569971686116839,0.9942848161487494,0,0,0,0,,,71
Thailand,800,49.0,THA,178,1988,3,3,3,3,2.0,96.4426193237,-0.7477215656347735,-0.3257879775768302,0,0,0,0,,,71
Thailand,800,49.0,THA,178,1989,3,3,3,3,2.0,96.6602630615,0.22567174069536566,0.234947343672276,0,0,0,0,,,71
Thailand,800,49.0,THA,178,1989,3,3,3,3,2.0,96.0493469238,-0.6320240793378673,-1.1540739042772752,0,0,0,0,,,71
Thailand,800,49.0,THA,178,1990,3,3,3,3,2.0,96.0388870239,-0.01089013120338933,-0.417242469845891,0,0,0,0,,,71
Thailand,800,49.0,THA,178,1990,3,3,3,3,2.0,95.7133102417,-0.3390051595651866,-0.9819193701064433,0,0,0,0,,,71
Thailand,800,49.0,THA,178,1991,2,2,3,3,2.0,95.4352722168,-0.290490449236247,-0.640385740004823,0,0,0,0,,,71
Thailand,800,49.0,THA,178,1991,2,2,3,3,2.0,94.9081573486,-0.5523270966342086,-1.1818227054356423,0,0,0,0,,,71
Thailand,800,49.0,THA,178,1992,2,2,3,3,2.0,95.4775619507,0.5999532790512019,-0.24286426681925377,0,0,0,0,,,71
Thailand,800,49.0,THA,178,1992,2,2,3,3,2.0,94.9742050171,-0.5271991903814,-0.4795730079644067,0,0,0,0,,,71
Thailand,800,49.0,THA,178,1993,3,2,3,3,2.0,95.3235626221,0.36784472682565017,0.4405988154954521,0,0,0,0,,,71
Thailand,800,49.0,THA,178,1993,3,2,3,3,2.0,94.5701293945,-0.790395582031389,-0.9497500455871388,0,0,0,0,,,71
Thailand,800,49.0,THA,178,1994,3,3,3,3,2.0,95.9161224365,1.4232750347471512,1.0007241795414124,0,0,0,0,,,71
Thailand,800,49.0,THA,178,1994,3,3,3,3,2.0,95.3744354248,-0.5647507404801799,0.06812871223558226,0,0,0,0,,,71
Thailand,800,49.0,THA,178,1995,3,3,3,3,2.0,96.3303222656,1.0022463950035032,1.8607706892704745,0,0,0,0,,,71
Thailand,800,49.0,THA,178,1995,3,3,3,3,2.0,96.099319458,-0.23980279746504962,0.19769285705827366,0,0,0,0,,,71
Thailand,800,49.0,THA,178,1996,3,3,3,3,2.0,95.8129806519,-0.2979613255483349,0.4644822719901187,0,0,0,0,,,71
Thailand,800,49.0,THA,178,1996,3,3,3,3,2.0,95.7563476563,-0.05910785283443909,-0.5968719758478236,0,0,0,0,,,71
Thailand,800,49.0,THA,178,1997,3,3,3,3,2.0,95.6112594604,-0.15151809718219056,-0.5085872755649645,0,0,0,0,,,71
Thailand,800,49.0,THA,178,1997,3,3,3,3,2.0,95.2613449097,-0.3659763009867367,-0.5766022510033664,0,0,0,0,,,71
Thailand,800,49.0,THA,178,1998,3,3,3,3,2.0,95.0529174805,-0.21879538799034481,-0.7362897861592721,0,0,0,0,,,71
Thailand,800,49.0,THA,178,1998,3,3,3,3,2.0,94.4052276611,-0.6813992001170055,-1.266170889094087,0,0,0,0,,,71
Thailand,800,49.0,THA,178,1999,3,3,3,3,2.0,94.4172134399,0.01269609649481307,-0.8874984916125372,0,0,0,0,,,71
Thailand,800,49.0,THA,178,1999,3,3,3,3,2.0,93.8785705566,-0.5704922478387497,-1.2391953514609422,0,0,0,0,,,71
Thailand,800,49.0,THA,178,2000,3,3,3,3,2.0,94.7243499756,0.9009291619860083,0.3431330106420716,0,0,0,0,,,71
Thailand,800,49.0,THA,178,2000,3,3,3,3,2.0,94.3671340942,-0.3771109345084178,-0.04667402036115931,0,0,0,0,,,71
Thailand,800,49.0,THA,178,2001,3,3,3,3,2.0,94.0027999878,-0.3860815631386072,0.13773666433898324,0,0,0,0,,,71
Thailand,800,49.0,THA,178,2001,3,3,3,3,2.0,93.6484603882,-0.37694579272744555,-1.1401382903744706,0,0,0,0,,,71
Thailand,800,49.0,THA,178,2002,3,3,3,3,2.0,94.2944869995,0.6898422126984549,-0.07318514316759783,0,0,0,0,,,71
Thailand,800,49.0,THA,178,2002,3,3,3,3,2.0,94.1396484375,-0.16420743876661703,0.14868898120439233,0,0,0,0,,,71
Thailand,800,49.0,THA,178,2003,3,3,3,3,2.0,95.0157165527,0.9306048298891145,1.4562396038209524,0,0,0,0,,,71
Thailand,800,49.0,THA,178,2003,3,3,3,3,2.0,94.9436645508,-0.07583166713270861,0.6905657239897889,0,0,0,0,,,71
Thailand,800,49.0,THA,178,2004,3,3,3,3,2.0,95.673324585,0.7685189292536698,1.6232920920100757,0,0,0,0,,,71
Thailand,800,49.0,THA,178,2004,3,3,3,3,2.0,95.7149200439,0.04347654801422074,0.736163810135182,0,0,0,0,,,71
Thailand,800,49.0,THA,178,2005,3,3,3,3,2.0,96.7913513184,1.1246222365398184,1.936617713807709,0,0,0,0,,,71
Thailand,800,49.0,THA,178,2005,3,3,3,3,2.0,96.7074813843,-0.08665023574689901,1.0814485488071401,0,0,0,0,,,71
Thailand,800,49.0,THA,178,2006,2,2,3,3,1.0,98.4045028687,1.7547985534400512,2.7927705542329706,0,0,0,0,,,71
Thailand,800,49.0,THA,178,2006,2,2,3,3,1.0,98.1411819458,-0.2675903187594475,1.4005579989337047,0,0,0,0,,,71
Thailand,800,49.0,THA,178,2007,2,2,3,3,2.0,98.41456604,0.2785620559888624,1.7657702906694661,0,0,0,0,,,71
Thailand,800,49.0,THA,178,2007,2,2,3,3,2.0,98.0956192017,-0.3240849918195621,-0.31311325459014716,0,0,0,0,,,71
Thailand,800,49.0,THA,178,2008,2,2,3,3,3.0,100.1472396851,2.0914496489201406,2.045926713089441,0,0,0,0,,,71
Thailand,800,49.0,THA,178,2008,2,2,3,3,3.0,99.8367385864,-0.31004459002198503,1.4573200670785935,0,0,0,0,,,71
Thailand,800,49.0,THA,178,2009,2,2,3,3,3.0,97.8038864136,-2.0361764632773394,-0.2547714043791838,0,0,0,0,,,71
Thailand,800,49.0,THA,178,2009,2,2,3,3,3.0,98.5786132813,0.7921227837754508,-1.5540982695238736,0,0,0,0,,,71
Thailand,800,49.0,THA,178,2010,2,2,3,3,2.0,100.3179473877,1.7644132418831227,0.520359562381234,0,0,0,0,,,71
Thailand,800,49.0,THA,178,2010,2,2,3,3,2.0,100.2901229858,-0.027736215327922586,2.528799810330651,0,0,0,0,,,71
Thailand,800,49.0,THA,178,2011,2,3,3,3,3.0,101.7410430908,1.4467228295307333,3.1833998560859333,0,0,0,0,,,71
Thailand,800,49.0,THA,178,2011,2,3,3,3,3.0,101.2545852661,-0.47813331760896416,0.9408532965938465,0,0,0,0,,,71
Thailand,800,49.0,THA,178,2012,3,3,3,3,3.0,100.0,-1.239040447208295,-0.27045093528652586,0,0,0,0,,,71
Thailand,800,49.0,THA,178,2012,3,3,3,3,3.0,100.0,0.0,-1.7171737648172591,0,0,0,0,,,71
Thailand,800,49.0,THA,178,2013,3,2,3,3,3.0,100.0098953247,0.009895324699993324,-1.2291451225083017,0,0,0,0,,,71
Thailand,800,49.0,THA,178,2013,3,2,3,3,3.0,100.2015380859,0.19162379940285135,0.20151912410284467,0,0,0,0,,,71
Thailand,800,49.0,THA,178,2014,2,2,3,3,2.0,98.6254882813,-1.5728798526514653,-1.3713607285486207,0,0,0,0,,,71
Thailand,800,49.0,THA,178,2014,2,2,3,3,2.0,99.3406829834,0.7251621407035502,-0.6560939125450638,0,0,0,0,,,71
Thailand,800,49.0,THA,178,2015,2,2,3,3,2.0,95.6793365479,-3.6856465302456454,-4.53336424219356,0,0,0,0,,,71
Thailand,800,49.0,THA,178,2015,2,2,3,3,2.0,97.493637085,1.8962302651332807,-1.0642541244088144,0,0,0,0,,,71
Thailand,800,49.0,THA,178,2016,1,2,3,3,2.0,96.2905654907,-1.234000115567646,-3.0234163806800107,0,0,0,0,,,71
Thailand,800,49.0,THA,178,2016,1,2,3,3,2.0,98.3880844116,2.1783223623321524,2.840552511897787,0,0,0,0,,,71
Thailand,800,49.0,THA,178,2017,1,2,3,3,2.0,97.1852264404,-1.222564681885585,-0.2782424351210788,0,0,0,0,,,71
Thailand,800,49.0,THA,178,2017,1,2,3,3,2.0,99.0528640747,1.9217299817121392,2.8774876621587064,0,0,0,0,,,71
Thailand,800,49.0,THA,178,2018,1,2,3,3,2.0,97.0792922974,-1.9924429199862814,-1.2932776201597274,0,0,0,0,,,71
Thailand,800,49.0,THA,178,2018,1,2,3,3,2.0,98.6180877686,1.585091356543833,1.5143784182696907,0,0,0,0,,,71
Thailand,800,49.0,THA,178,2019,2,2,3,3,2.0,96.6271286011,-2.01885801332069,-2.4262095767631386,0,0,0,0,,,71
Thailand,800,49.0,THA,178,2019,2,2,3,3,2.0,98.2136306763,1.6418805962344907,1.2081139394576335,0,0,0,0,,,71
Thailand,800,49.0,THA,178,2020,2,2,3,3,2.0,96.142868042,-2.1084269261208544,-2.485404343207054,0,0,0,0,,,71
Thailand,800,49.0,THA,178,2020,2,2,3,3,2.0,98.188659668,2.1278662345565635,1.6613199046701999,0,0,0,0,,,71
Thailand,800,49.0,THA,178,2021,2,2,3,3,2.0,97.7701797485,-0.4261998492646524,-0.4067605408289432,0,0,0,0,,,71
Thailand,800,49.0,THA,178,2021,2,2,3,3,2.0,99.3338241577,1.599306059600436,3.300972444892347,0,0,0,0,,,71
Thailand,800,49.0,THA,178,2022,2,2,3,3,2.0,97.7885055542,-1.55568218238199,-0.3825759720462063,0,0,0,0,,,71
Thailand,800,49.0,THA,178,2022,2,2,3,3,2.0,99.0880737305,1.3289580088527986,1.3725818860712447,0,0,0,0,,,71
Thailand,800,49.0,THA,178,2023,2,2,3,3,2.0,97.6179199219,-1.4836839119494183,-1.7104080854786097,0,0,0,0,,,71
Thailand,800,49.0,THA,178,2023,2,2,3,3,2.0,99.0609817505,1.4782755356337773,1.3235496325371576,0,0,0,0,,,71
Thailand,800,49.0,THA,178,2024,2,2,3,3,2.0,98.1110839844,-0.9589020311674967,-0.9643104074831377,0,0,0,0,,,71
Thailand,800,49.0,THA,178,2024,2,2,3,3,2.0,99.5671768188,1.4841267421237703,2.003500246590051,0,0,0,0,,,71
Tonga,955,,TON,180,1986,4,4,4,4,,100.8993988037,,,0,0,0,0,,,72
Tonga,955,,TON,180,1986,4,4,4,4,,100.3483581543,-0.5461287737422937,-0.5461287737422937,0,0,0,0,,,72
Tonga,955,,TON,180,1987,4,4,4,4,,100.8712768555,0.521103395031064,-0.025025378711229784,0,0,0,0,,,72
Tonga,955,,TON,180,1987,4,4,4,4,,100.3809967041,-0.48604535075166266,-0.5110707294628924,0,0,0,0,,,72
Tonga,955,,TON,180,1988,3,4,4,4,,100.8187255859,0.43606747907707355,0.47112552335647484,0,0,0,0,,,72
Tonga,955,,TON,180,1988,3,4,4,4,,100.2803726196,-0.5339811261959482,-0.5839589978705373,0,0,0,0,,,72
Tonga,955,,TON,180,1989,3,4,4,4,,100.5787734985,0.29756658367430244,0.19965293655542782,0,0,0,0,,,72
Tonga,955,,TON,180,1989,3,4,4,4,,100.1178588867,-0.45826231099036496,-0.6946768535120107,0,0,0,0,,,72
Tonga,955,,TON,180,1990,3,4,4,4,,100.6398773193,0.5214039117543923,0.36070818443832975,0,0,0,0,,,72
Tonga,955,,TON,180,1990,3,4,4,4,,100.1420593262,-0.49465282188349,-0.4315112211194627,0,0,0,0,,,72
Tonga,955,,TON,180,1991,3,4,4,4,,100.5026550293,0.36008416995441106,0.3868352598253133,0,0,0,0,,,72
Tonga,955,,TON,180,1991,3,4,4,4,,100.0702209473,-0.4302713016625548,-0.5648399535916337,0,0,0,0,,,72
Tonga,955,,TON,180,1992,3,4,4,4,,100.562286377,0.4917201391602122,0.42153300745206845,0,0,0,0,,,72
Tonga,955,,TON,180,1992,3,4,4,4,,100.0950393677,-0.46463443317938946,-0.40318559568173207,0,0,0,0,,,72
Tonga,955,,TON,180,1993,4,4,4,4,,100.4530563354,0.3576770337087698,0.3847627396895925,0,0,0,0,,,72
Tonga,955,,TON,180,1993,4,4,4,4,,100.0051422119,-0.44589397260794694,-0.5528513720785666,0,0,0,0,,,72
Tonga,955,,TON,180,1994,3,4,4,4,,100.4420318604,0.4368671838636873,0.34865024496451014,0,0,0,0,,,72
Tonga,955,,TON,180,1994,3,4,4,4,,99.9980926514,-0.4419854923056521,-0.45101228104991176,0,0,0,0,,,72
Tonga,955,,TON,180,1995,3,4,4,4,,100.3367996216,0.338713430645865,0.3335951222039002,0,0,0,0,,,72
Tonga,955,,TON,180,1995,3,4,4,4,,99.9489364624,-0.38656122246547575,-0.48983328412526284,0,0,0,0,,,72
Tonga,955,,TON,180,1996,3,4,4,4,,100.0874099731,0.13854425629840073,0.09069646447878998,0,0,0,0,,,72
Tonga,955,,TON,180,1996,3,4,4,4,,99.8581008911,-0.22910881804377725,-0.4771257842108523,0,0,0,0,,,72
Tonga,955,,TON,180,1997,3,4,4,4,,100.0072479248,0.14935897275138998,0.05879441100601346,0,0,0,0,,,72
Tonga,955,,TON,180,1997,3,4,4,4,,99.871131897,-0.13610616292766275,-0.21585600822005002,0,0,0,0,,,72
Tonga,955,,TON,180,1998,3,4,4,4,,100.0625991821,0.1917143437379476,0.20496715356167483,0,0,0,0,,,72
Tonga,955,,TON,180,1998,3,4,4,4,,99.895614624,-0.16688009252698865,-0.11127191171670381,0,0,0,0,,,72
Tonga,955,,TON,180,1999,3,4,4,4,,100.0336380005,0.1381676032721879,0.16300185448314686,0,0,0,0,,,72
Tonga,955,,TON,180,1999,3,4,4,4,,99.8254165649,-0.20815141762511313,-0.23686390687991388,0,0,0,0,,,72
Tonga,955,,TON,180,2000,3,4,4,4,,100.0461730957,0.22114260916354933,0.1511587948106241,0,0,0,0,,,72
Tonga,955,,TON,180,2000,3,4,4,4,,99.860710144,-0.1853773572354389,-0.1723861656970027,0,0,0,0,,,72
Tonga,955,,TON,180,2001,3,4,3,4,,99.9819107056,0.12136961716497918,0.1571348690930896,0,0,0,0,,,72
Tonga,955,,TON,180,2001,3,4,3,4,,99.8213348389,-0.16060491899662077,-0.2246126590670805,0,0,0,0,,,72
Tonga,955,,TON,180,2002,3,4,3,3,,99.9856567383,0.1646160108609962,0.1253807090293546,0,0,0,0,,,72
Tonga,955,,TON,180,2002,3,4,3,3,,99.8151245117,-0.17055668999238494,-0.1665455981280095,0,0,0,0,,,72
Tonga,955,,TON,180,2003,2,4,3,4,,99.9859313965,0.17112324974355442,0.16518257061216568,0,0,0,0,,,72
Tonga,955,,TON,180,2003,2,4,3,4,,99.7540969849,-0.23186703205339,-0.2313004723022205,0,0,0,0,,,72
Tonga,955,,TON,180,2004,3,4,3,4,,99.985710144,0.23218410681924428,0.17144032450940871,0,0,0,0,,,72
Tonga,955,,TON,180,2004,3,4,3,4,,99.8206558228,-0.1650779105957012,-0.1647608358298469,0,0,0,0,,,72
Tonga,955,,TON,180,2005,3,4,3,4,,99.9855575562,0.16519800640533155,0.23230420262887463,0,0,0,0,,,72
Tonga,955,,TON,180,2005,3,4,3,4,,99.9223251343,-0.06324155552612787,-0.06312145971649752,0,0,0,0,,,72
Tonga,955,,TON,180,2006,2,3,3,3,,99.9861984253,0.06392294306019064,0.16587939393939433,0,0,0,0,,,72
Tonga,955,,TON,180,2006,2,3,3,3,,100.0613632202,0.07517517025728004,0.07585655779134282,0,0,0,0,,,72
Tonga,955,,TON,180,2007,2,3,3,3,,99.9861221313,-0.0751949468591806,0.06390316645829008,0,0,0,0,,,72
Tonga,955,,TON,180,2007,2,3,3,3,,99.9748077393,-0.011315962414393255,-0.011335739016293811,0,0,0,0,,,72
Tonga,955,,TON,180,2008,2,3,3,3,,99.9861297607,0.011324874391882567,-0.07518603488169129,0,0,0,0,,,72
Tonga,955,,TON,180,2008,2,3,3,3,,100.0187149048,0.03258966436443522,0.032598576341924534,0,0,0,0,,,72
Tonga,955,,TON,180,2009,2,3,3,3,,100.0366439819,0.01792572231813505,0.06184026107445284,0,0,0,0,,,72
Tonga,955,,TON,180,2009,2,3,3,3,,100.0405426025,0.0038971925134800856,0.05441257919605036,0,0,0,0,,,72
Tonga,955,,TON,180,2010,2,3,3,3,,100.242225647,0.20160131008222226,0.2234242249138374,0,0,0,0,,,72
Tonga,955,,TON,180,2010,2,3,3,3,,100.1740646362,-0.0679963063071054,0.13750219628859695,0,0,0,0,,,72
Tonga,955,,TON,180,2011,3,4,4,4,,100.2470092773,0.07281789090309854,0.2064228946782154,0,0,0,0,,,72
Tonga,955,,TON,180,2011,3,4,4,4,,100.1527328491,-0.09404413047297,-0.08922254587697687,0,0,0,0,,,72
Tonga,955,,TON,180,2012,3,4,4,4,,100.0,-0.1524999316095843,-0.17372617117945577,0,0,0,0,,,72
Tonga,955,,TON,180,2012,3,4,4,4,,100.0,0.0,-0.2465440620825543,0,0,0,0,,,72
Tonga,955,,TON,180,2013,3,4,4,4,,100.3643264771,0.36432647709998545,0.21182654549040114,0,0,0,0,,,72
Tonga,955,,TON,180,2013,3,4,4,4,,100.2135848999,-0.15019437930905433,0.21413209779093112,0,0,0,0,,,72
Tonga,955,,TON,180,2014,3,4,4,4,,100.3822937012,0.16834923275972358,0.3824813305506547,0,0,0,0,,,72
Tonga,955,,TON,180,2014,3,4,4,4,,100.2160644531,-0.16559618431791767,-0.14744133086724842,0,0,0,0,,,72
Tonga,955,,TON,180,2015,3,4,4,4,,100.1790618896,-0.0369227864833066,-0.0341697380415007,0,0,0,0,,,72
Tonga,955,,TON,180,2015,3,4,4,4,,100.0978622437,-0.08105450816606741,-0.2835734789672917,0,0,0,0,,,72
Tonga,955,,TON,180,2016,3,4,4,4,,100.4062728882,0.3081091220001442,0.19013182735077017,0,0,0,0,,,72
Tonga,955,,TON,180,2016,3,4,4,4,,100.3108215332,-0.09506513114602155,0.13198948268805522,0,0,0,0,,,72
Tonga,955,,TON,180,2017,3,4,4,4,,100.458946228,0.14766571795146177,0.3607097088055844,0,0,0,0,,,72
Tonga,955,,TON,180,2017,3,4,4,4,,100.3546066284,-0.10386292462514213,-0.05126233781970191,0,0,0,0,,,72
Tonga,955,,TON,180,2018,4,4,4,4,,100.4363708496,0.08147530437019324,0.12527809769651288,0,0,0,0,,,72
Tonga,955,,TON,180,2018,4,4,4,4,,100.3499450684,-0.08605028284963678,-0.10843790310458568,0,0,0,0,,,72
Tonga,955,,TON,180,2019,4,4,4,4,,100.3940048218,0.04390610614679602,0.03933112766735247,0,0,0,0,,,72
Tonga,955,,TON,180,2019,4,4,4,4,,100.3013458252,-0.09229534847670084,-0.1344395251795416,0,0,0,0,,,72
Tonga,955,,TON,180,2020,4,4,4,2,,100.3467407227,0.045258512860946176,-0.0031307294689586485,0,0,0,0,,,72
Tonga,955,,TON,180,2020,4,4,4,2,,100.2687835693,-0.07768777823630169,-0.12472461385205635,0,0,0,0,,,72
Tonga,955,,TON,180,2021,4,4,4,2,,100.407409668,0.13825449333808582,0.1058252279627303,0,0,0,0,,,72
Tonga,955,,TON,180,2021,4,4,4,2,,100.2933120728,-0.1136346367038632,-0.05306792160207907,0,0,0,0,,,72
Tonga,955,,TON,180,2022,4,4,4,4,,100.4274902344,0.13378575183815578,0.1584056084723784,0,0,0,0,,,72
Tonga,955,,TON,180,2022,4,4,4,4,,100.3557739258,-0.07141103340591037,-0.0512599182716178,0,0,0,0,,,72
Tonga,955,,TON,180,2023,4,4,4,4,,100.4515838623,0.09547027814347242,0.15784499657571782,0,0,0,0,,,72
Tonga,955,,TON,180,2023,4,4,4,4,,100.402557373,-0.048806088878805554,-0.024746844141243507,0,0,0,0,,,72
Tonga,955,,TON,180,2024,4,4,4,4,,100.4325790405,0.029901297621814926,0.07656548688648179,0,0,0,0,,,72
Tonga,955,,TON,180,2024,4,4,4,4,,100.3397216797,-0.09245740942542824,-0.11136220068241887,0,0,0,0,,,72
Tunisia,616,98.0,TUN,182,1975,2,2,3,3,1.0,100.5506515503,,,0,0,0,0,,,73
Tunisia,616,98.0,TUN,182,1975,2,2,3,3,1.0,94.3873748779,-6.129524351532279,-6.129524351532279,0,0,0,0,,,73
Tunisia,616,98.0,TUN,182,1976,2,2,3,3,1.0,101.1541900635,7.1691952386149005,1.0396708870826217,0,0,0,0,,,73
Tunisia,616,98.0,TUN,182,1976,2,2,3,3,1.0,94.9328994751,-6.150304386298333,-5.110633499215711,0,0,0,0,,,73
Tunisia,616,98.0,TUN,182,1977,2,2,3,3,1.0,101.5832977295,7.005367255367934,8.024258107684501,0,0,0,0,,,73
Tunisia,616,98.0,TUN,182,1977,2,2,3,3,1.0,95.2229232788,-6.261240374019616,-5.406177504950016,0,0,0,0,,,73
Tunisia,616,98.0,TUN,182,1978,2,2,3,3,1.0,100.7950820923,5.851698962428897,6.595825843777215,0,0,0,0,,,73
Tunisia,616,98.0,TUN,182,1978,2,2,3,3,1.0,94.7302474976,-6.016994548549814,-6.426535960140533,0,0,0,0,,,73
Tunisia,616,98.0,TUN,182,1979,2,1,3,3,1.0,104.9837417603,10.823886280841588,10.658590694720672,0,0,0,0,,,73
Tunisia,616,98.0,TUN,182,1979,2,1,3,3,1.0,97.5210800171,-7.108397565252367,-2.3015058329605917,0,0,0,0,,,73
Tunisia,616,98.0,TUN,182,1980,2,2,3,3,1.0,105.910697937,8.602876340611587,12.31836505620081,0,0,0,0,,,73
Tunisia,616,98.0,TUN,182,1980,2,2,3,3,1.0,97.8807907104,-7.581771608545629,-6.087292833186408,0,0,0,0,,,73
Tunisia,616,98.0,TUN,182,1981,2,2,3,3,1.0,104.8650360107,7.135460645147718,8.156565377213678,0,0,0,0,,,73
Tunisia,616,98.0,TUN,182,1981,2,2,3,3,1.0,97.3736190796,-7.143865311156327,-7.590176274554238,0,0,0,0,,,73
Tunisia,616,98.0,TUN,182,1982,2,2,3,3,1.0,104.0559768677,6.862595691998852,6.854191025990243,0,0,0,0,,,73
Tunisia,616,98.0,TUN,182,1982,2,2,3,3,1.0,97.1569671631,-6.630094601266013,-6.911364220423487,0,0,0,0,,,73
Tunisia,616,98.0,TUN,182,1983,2,2,3,3,1.0,102.887298584,5.898013892591303,6.130514983324143,0,0,0,0,,,73
Tunisia,616,98.0,TUN,182,1983,2,2,3,3,1.0,96.7590332031,-5.956289517988189,-6.688370226662898,0,0,0,0,,,73
Tunisia,616,98.0,TUN,182,1984,2,2,3,3,1.0,102.3651199341,5.793863937470989,5.735588312074103,0,0,0,0,,,73
Tunisia,616,98.0,TUN,182,1984,2,2,3,3,1.0,96.5105438232,-5.719307626141623,-5.881733206658822,0,0,0,0,,,73
Tunisia,616,98.0,TUN,182,1985,2,2,3,3,1.0,102.0955810547,5.786971050263046,5.861527361592413,0,0,0,0,,,73
Tunisia,616,98.0,TUN,182,1985,2,2,3,3,1.0,96.3595962524,-5.618249823395227,-5.550586399273803,0,0,0,0,,,73
Tunisia,616,98.0,TUN,182,1986,2,2,3,3,1.0,96.0797958374,-0.2903710952327998,-0.12164986836498048,0,0,0,0,,,73
Tunisia,616,98.0,TUN,182,1986,2,2,3,3,1.0,93.0740966797,-3.1283363286769172,-9.036957247304944,0,0,0,0,,,73
Tunisia,616,98.0,TUN,182,1987,2,2,3,3,1.0,96.9918060303,4.2092370384019695,0.7905296144922529,0,0,0,0,,,73
Tunisia,616,98.0,TUN,182,1987,2,2,3,3,1.0,93.7040939331,-3.3896802541989235,-2.308779544473871,0,0,0,0,,,73
Tunisia,616,98.0,TUN,182,1988,2,2,3,3,1.0,95.3516235352,1.7582258500639991,2.5777826342670456,0,0,0,0,,,73
Tunisia,616,98.0,TUN,182,1988,2,2,3,3,1.0,92.329208374,-3.169757419058783,-4.801211823193707,0,0,0,0,,,73
Tunisia,616,98.0,TUN,182,1989,3,2,3,3,1.0,95.931968689,3.9020808024327724,2.490549233437989,0,0,0,0,,,73
Tunisia,616,98.0,TUN,182,1989,3,2,3,3,1.0,93.0241546631,-3.0311209762897473,-2.2987975929157574,0,0,0,0,,,73
Tunisia,616,98.0,TUN,182,1990,2,2,3,3,1.0,96.8211898804,4.0817734179380505,4.952733244081076,0,0,0,0,,,73
Tunisia,616,98.0,TUN,182,1990,2,2,3,3,1.0,94.0043258667,-2.909346618420594,-1.8586941767722909,0,0,0,0,,,73
Tunisia,616,98.0,TUN,182,1991,2,2,3,3,2.0,95.8526153564,1.9661749314823007,3.138601730999757,0,0,0,0,,,73
Tunisia,616,98.0,TUN,182,1991,2,2,3,3,2.0,92.9897994995,-2.9866851793823868,-3.92985686632068,0,0,0,0,,,73
Tunisia,616,98.0,TUN,182,1992,2,2,3,3,2.0,95.8330764771,3.0576224412821595,2.0371121933820735,0,0,0,0,,,73
Tunisia,616,98.0,TUN,182,1992,2,2,3,3,2.0,92.9563598633,-3.0017992947220185,-2.9308620328222457,0,0,0,0,,,73
Tunisia,616,98.0,TUN,182,1993,2,2,3,3,2.0,95.4345855713,2.6660098476795513,2.7218329942396924,0,0,0,0,,,73
Tunisia,616,98.0,TUN,182,1993,2,2,3,3,2.0,92.4250335693,-3.1535234150008917,-3.489312862043359,0,0,0,0,,,73
Tunisia,616,98.0,TUN,182,1994,2,2,3,3,2.0,95.2694244385,3.077511318475512,2.5899977511541716,0,0,0,0,,,73
Tunisia,616,98.0,TUN,182,1994,2,2,3,3,2.0,92.1748809814,-3.248202112418186,-3.3242142089435656,0,0,0,0,,,73
Tunisia,616,98.0,TUN,182,1995,2,2,3,3,2.0,95.3946990967,3.4931622162329923,3.3224714222903184,0,0,0,0,,,73
Tunisia,616,98.0,TUN,182,1995,2,2,3,3,2.0,92.3702392578,-3.170469499394468,-2.925509395579662,0,0,0,0,,,73
Tunisia,616,98.0,TUN,182,1996,2,2,3,2,2.0,95.6886749268,3.592537700090226,3.91523041692875,0,0,0,0,,,73
Tunisia,616,98.0,TUN,182,1996,2,2,3,2,2.0,93.0085144043,-2.8009171665824395,-2.378848965886682,0,0,0,0,,,73
Tunisia,616,98.0,TUN,182,1997,2,2,3,2,2.0,95.6904754639,2.883565098074503,3.6751856315822895,0,0,0,0,,,73
Tunisia,616,98.0,TUN,182,1997,2,2,3,2,2.0,92.9680023193,-2.8450826808014695,-2.762434749309406,0,0,0,0,,,73
Tunisia,616,98.0,TUN,182,1998,2,2,3,2,2.0,94.8948516846,2.0725941369399425,2.111076554212976,0,0,0,0,,,73
Tunisia,616,98.0,TUN,182,1998,2,2,3,2,2.0,91.4508972168,-3.6292321518627713,-4.401720695724299,0,0,0,0,,,73
Tunisia,616,98.0,TUN,182,1999,2,2,3,2,2.0,95.525970459,4.456023249875107,2.899385234952278,0,0,0,0,,,73
Tunisia,616,98.0,TUN,182,1999,2,2,3,2,2.0,92.8561019897,-2.794913735470428,-1.9681226374580922,0,0,0,0,,,73
Tunisia,616,98.0,TUN,182,2000,2,2,3,2,2.0,96.3627548218,3.7764376890266016,5.437547203431281,0,0,0,0,,,73
Tunisia,616,98.0,TUN,182,2000,2,2,3,2,2.0,94.9234771729,-1.493603676608879,-0.5120797230527057,0,0,0,0,,,73
Tunisia,616,98.0,TUN,182,2001,2,2,3,2,2.0,96.1110305786,1.2510639528479528,3.533897965265675,0,0,0,0,,,73
Tunisia,616,98.0,TUN,182,2001,2,2,3,2,2.0,94.3745574951,-1.806736514056928,-2.0492762378178546,0,0,0,0,,,73
Tunisia,616,98.0,TUN,182,2002,2,2,3,2,2.0,96.1933517456,1.9272082421095682,1.3715356809005925,0,0,0,0,,,73
Tunisia,616,98.0,TUN,182,2002,2,2,3,2,2.0,94.5341110229,-1.724901661695022,-1.6044299336423822,0,0,0,0,,,73
Tunisia,616,98.0,TUN,182,2003,2,2,3,2,2.0,96.534362793,2.115904776018307,2.318211356432853,0,0,0,0,,,73
Tunisia,616,98.0,TUN,182,2003,2,2,3,2,2.0,95.1063919067,-1.479235833733139,-1.0882327194098544,0,0,0,0,,,73
Tunisia,616,98.0,TUN,182,2004,2,2,3,2,2.0,97.0699996948,2.0646433417706778,2.7013122840558452,0,0,0,0,,,73
Tunisia,616,98.0,TUN,182,2004,2,2,3,2,2.0,96.0629196167,-1.0374781923008003,-0.452070684263262,0,0,0,0,,,73
Tunisia,616,98.0,TUN,182,2005,2,2,3,2,2.0,97.9288253784,1.9423787754371258,2.969543924907003,0,0,0,0,,,73
Tunisia,616,98.0,TUN,182,2005,2,2,3,2,2.0,97.5470428467,-0.3898571541369855,0.5150434289993395,0,0,0,0,,,73
Tunisia,616,98.0,TUN,182,2006,2,2,3,2,2.0,98.6007995605,1.080254903735045,2.632776525035185,0,0,0,0,,,73
Tunisia,616,98.0,TUN,182,2006,2,2,3,2,2.0,98.4875183105,-0.11488877423402322,0.5755089753640359,0,0,0,0,,,73
Tunisia,616,98.0,TUN,182,2007,2,2,3,2,2.0,98.8338546753,0.3516550835488852,1.3170212130499066,0,0,0,0,,,73
Tunisia,616,98.0,TUN,182,2007,2,2,3,2,2.0,98.7953872681,-0.03892128595649469,0.19784502335836684,0,0,0,0,,,73
Tunisia,616,98.0,TUN,182,2008,1,2,3,2,2.0,99.9877319336,1.2068829309453077,1.5196167285376978,0,0,0,0,,,73
Tunisia,616,98.0,TUN,182,2008,1,2,3,2,2.0,99.9521865845,-0.035549710362081655,1.132411934626731,0,0,0,0,,,73
Tunisia,616,98.0,TUN,182,2009,1,1,3,2,2.0,97.3807678223,-2.572648833476099,-1.4013156128928732,0,0,0,0,,,73
Tunisia,616,98.0,TUN,182,2009,1,1,3,2,2.0,97.7392501831,0.36812439336497693,-2.240074150473204,0,0,0,0,,,73
Tunisia,616,98.0,TUN,182,2010,1,1,3,2,2.0,98.8827896118,1.169989974915664,-1.0345344651954584,0,0,0,0,,,73
Tunisia,616,98.0,TUN,182,2010,1,1,3,2,2.0,99.0009002686,0.11944510997685676,1.6575594782574972,0,0,0,0,,,73
Tunisia,616,98.0,TUN,182,2011,3,3,3,3,3.0,100.1991958618,1.210388582274402,2.4998236671669223,0,0,0,0,,,73
Tunisia,616,98.0,TUN,182,2011,3,3,3,3,3.0,100.1811065674,-0.01805333290794131,1.311780359343317,0,0,0,0,,,73
Tunisia,616,98.0,TUN,182,2012,3,3,3,3,3.0,100.0,-0.1807791644606649,1.0115560849057954,0,0,0,0,,,73
Tunisia,616,98.0,TUN,182,2012,3,3,3,3,3.0,100.0,0.0,-0.19883249736860664,0,0,0,0,,,73
Tunisia,616,98.0,TUN,182,2013,3,3,3,3,3.0,100.1960220337,0.19602203369999405,0.015242869239328716,0,0,0,0,,,73
Tunisia,616,98.0,TUN,182,2013,3,3,3,3,3.0,100.2008666992,0.00483518746718925,0.20085722116718285,0,0,0,0,,,73
Tunisia,616,98.0,TUN,182,2014,3,3,3,3,3.0,99.7937164307,-0.4063340786484959,-0.20547685748131306,0,0,0,0,,,73
Tunisia,616,98.0,TUN,182,2014,3,3,3,3,3.0,99.9091567993,0.11567899536055748,-0.2858198958207496,0,0,0,0,,,73
Tunisia,616,98.0,TUN,182,2015,3,3,3,3,3.0,96.6883010864,-3.223784301743371,-3.51443938503131,0,0,0,0,,,73
Tunisia,616,98.0,TUN,182,2015,3,3,3,3,3.0,96.8823776245,0.20072390963470355,-2.9073813967481104,0,0,0,0,,,73
Tunisia,616,98.0,TUN,182,2016,3,3,3,3,3.0,96.3321456909,-0.567938098848686,-3.590998490957354,0,0,0,0,,,73
Tunisia,616,98.0,TUN,182,2016,3,3,3,3,3.0,96.4323196411,0.10398808152931593,-0.2632261076846669,0,0,0,0,,,73
Tunisia,616,98.0,TUN,182,2017,3,3,3,3,3.0,97.1213607788,0.7145334056719355,0.250583388352565,0,0,0,0,,,73
Tunisia,616,98.0,TUN,182,2017,3,3,3,3,3.0,97.4357452393,0.3237026931861564,1.1422241803874074,0,0,0,0,,,73
Tunisia,616,98.0,TUN,182,2018,3,3,3,3,3.0,97.9547729492,0.5326871659115273,1.5709232647696187,0,0,0,0,,,73
Tunisia,616,98.0,TUN,182,2018,3,3,3,3,3.0,98.5380172729,0.5954220566694257,1.451811915767109,0,0,0,0,,,73
Tunisia,616,98.0,TUN,182,2019,3,3,3,3,3.0,97.3887786865,-1.1662895379934368,-0.038180315412484234,0,0,0,0,,,73
Tunisia,616,98.0,TUN,182,2019,3,3,3,3,3.0,97.8854064941,0.5099435625932403,-0.0609239187307713,0,0,0,0,,,73
Tunisia,616,98.0,TUN,182,2020,3,3,3,2,3.0,96.1276397705,-1.795739310441491,-2.452085285841688,0,0,0,0,,,73
Tunisia,616,98.0,TUN,182,2020,3,3,3,2,3.0,96.2173080444,0.09328042809964021,-1.192515319748611,0,0,0,0,,,73
Tunisia,616,98.0,TUN,182,2021,3,3,3,2,2.0,97.987953186,1.840256371320348,0.13779748897849675,0,0,0,0,,,73
Tunisia,616,98.0,TUN,182,2021,3,3,3,2,2.0,98.4198303223,0.44074513474143817,2.374281934161426,0,0,0,0,,,73
Tunisia,616,98.0,TUN,182,2022,2,2,3,2,2.0,98.8812561035,0.46883415637777315,2.749835662439559,0,0,0,0,,,73
Tunisia,616,98.0,TUN,182,2022,2,2,3,2,2.0,99.5467910767,0.6730648450737675,1.5826441361929784,0,0,0,0,,,73
Tunisia,616,98.0,TUN,182,2023,2,2,3,2,2.0,98.1579818726,-1.3951320671200085,-0.25323306566846826,0,0,0,0,,,73
Tunisia,616,98.0,TUN,182,2023,2,2,3,2,2.0,98.7109603882,0.5633556283967778,-0.15871159364946363,0,0,0,0,,,73
Tunisia,616,98.0,TUN,182,2024,2,2,3,2,2.0,98.029876709,-0.6899777659152506,-1.5217542046384818,0,0,0,0,,,73
Tunisia,616,98.0,TUN,182,2024,2,2,3,2,2.0,98.5788116455,0.5599669763224346,0.43334483880396135,0,0,0,0,,,73
Turkey,640,99.0,TUR,183,1975,3,3,3,3,2.0,100.0941009521,,,0,0,0,0,,,74
Turkey,640,99.0,TUR,183,1975,3,3,3,3,2.0,99.7310943604,-0.36266532018078834,-0.36266532018078834,0,0,0,0,,,74
Turkey,640,99.0,TUR,183,1976,3,3,3,3,2.0,100.3469619751,0.6175281828097123,0.254862862628924,0,0,0,0,,,74
Turkey,640,99.0,TUR,183,1976,3,3,3,3,2.0,99.7939987183,-0.5510513182623411,-0.2961884556334171,0,0,0,0,,,74
Turkey,640,99.0,TUR,183,1977,3,3,3,3,2.0,100.3289108276,0.536016309768228,0.6024931743155992,0,0,0,0,,,74
Turkey,640,99.0,TUR,183,1977,3,3,3,3,2.0,99.8297653198,-0.49750914634935084,-0.5125441548434639,0,0,0,0,,,74
Turkey,640,99.0,TUR,183,1978,3,3,3,3,2.0,100.276725769,0.44772262838459476,0.4862297918034719,0,0,0,0,,,74
Turkey,640,99.0,TUR,183,1978,3,3,3,3,2.0,99.7946395874,-0.48075580639772575,-0.5305423243624818,0,0,0,0,,,74
Turkey,640,99.0,TUR,183,1979,3,3,3,3,2.0,100.2589263916,0.46524222755810474,0.43220904954497374,0,0,0,0,,,74
Turkey,640,99.0,TUR,183,1979,3,3,3,3,2.0,99.9959411621,-0.2623060499100216,-0.2778196287496426,0,0,0,0,,,74
Turkey,640,99.0,TUR,183,1980,2,2,3,3,2.0,100.2330703735,0.23713883648097678,0.4400750141290599,0,0,0,0,,,74
Turkey,640,99.0,TUR,183,1980,2,2,3,3,2.0,99.9966201782,-0.23590038139997827,-0.2610675948290231,0,0,0,0,,,74
Turkey,640,99.0,TUR,183,1981,2,2,3,3,2.0,100.177772522,0.18115846663333546,0.18239692171433397,0,0,0,0,,,74
Turkey,640,99.0,TUR,183,1981,2,2,3,3,2.0,99.877243042,-0.29999616924402117,-0.354738084010664,0,0,0,0,,,74
Turkey,640,99.0,TUR,183,1982,2,2,3,3,2.0,100.1147842407,0.23783315544674277,0.11899545283605706,0,0,0,0,,,74
Turkey,640,99.0,TUR,183,1982,2,2,3,3,2.0,99.7814025879,-0.33299942194199295,-0.39516243573927134,0,0,0,0,,,74
Turkey,640,99.0,TUR,183,1983,2,2,3,3,2.0,100.0995941162,0.31888861055013873,0.22372234405488856,0,0,0,0,,,74
Turkey,640,99.0,TUR,183,1983,2,2,3,3,2.0,99.7821426392,-0.3171356285735616,-0.3312464399654158,0,0,0,0,,,74
Turkey,640,99.0,TUR,183,1984,2,2,3,3,2.0,100.060005188,0.2784692144813139,0.28022219645789104,0,0,0,0,,,74
Turkey,640,99.0,TUR,183,1984,2,2,3,3,2.0,99.7565841675,-0.30323906133117307,-0.34190547542342076,0,0,0,0,,,74
Turkey,640,99.0,TUR,183,1985,3,3,3,3,2.0,99.8641281128,0.10780636305613989,0.08303651620628072,0,0,0,0,,,74
Turkey,640,99.0,TUR,183,1985,3,3,3,3,2.0,99.6654663086,-0.19893209699443082,-0.394364795269464,0,0,0,0,,,74
Turkey,640,99.0,TUR,183,1986,3,2,3,3,2.0,99.4996414185,-0.16638149224782461,-0.25750722618611555,0,0,0,0,,,74
Turkey,640,99.0,TUR,183,1986,3,2,3,3,2.0,99.3611679077,-0.13916985913304813,-0.5044834483753036,0,0,0,0,,,74
Turkey,640,99.0,TUR,183,1987,3,2,3,3,2.0,99.635887146,0.27648551651002773,-0.02906583487084502,0,0,0,0,,,74
Turkey,640,99.0,TUR,183,1987,3,2,3,3,2.0,99.4624328613,-0.17408816207541422,-0.03677250469843463,0,0,0,0,,,74
Turkey,640,99.0,TUR,183,1988,2,3,3,3,2.0,99.5672683716,0.10540211744687333,0.20779947188148684,0,0,0,0,,,74
Turkey,640,99.0,TUR,183,1988,2,3,3,3,2.0,99.4314346313,-0.1364240904882963,-0.20511013511683718,0,0,0,0,,,74
Turkey,640,99.0,TUR,183,1989,2,2,3,3,2.0,99.5699539185,0.13931136336677863,0.10828939032535567,0,0,0,0,,,74
Turkey,640,99.0,TUR,183,1989,2,2,3,3,2.0,99.4641494751,-0.10626141645763143,-0.10337414357914909,0,0,0,0,,,74
Turkey,640,99.0,TUR,183,1990,2,2,3,3,2.0,99.6101455688,0.14678262918896845,0.17983257609811565,0,0,0,0,,,74
Turkey,640,99.0,TUR,183,1990,2,2,3,3,2.0,99.5144424438,-0.09607768812455175,-0.05555647539321473,0,0,0,0,,,74
Turkey,640,99.0,TUR,183,1991,3,2,3,3,2.0,99.4428329468,-0.07195889887082751,-0.021253957806410817,0,0,0,0,,,74
Turkey,640,99.0,TUR,183,1991,3,2,3,3,2.0,99.3191375732,-0.12438842492166202,-0.2924250119170413,0,0,0,0,,,74
Turkey,640,99.0,TUR,183,1992,2,2,3,3,2.0,99.4380493164,0.11972691880490771,-0.07662040498758182,0,0,0,0,,,74
Turkey,640,99.0,TUR,183,1992,2,2,3,3,2.0,99.3123703003,-0.1263892614185358,-0.1310507675352901,0,0,0,0,,,74
Turkey,640,99.0,TUR,183,1993,2,2,3,3,2.0,99.405960083,0.09423778973052244,0.08757544711689436,0,0,0,0,,,74
Turkey,640,99.0,TUR,183,1993,2,2,3,3,2.0,99.2370529175,-0.16991653755868974,-0.2020680092467031,0,0,0,0,,,74
Turkey,640,99.0,TUR,183,1994,2,2,3,3,2.0,99.4468841553,0.21144444703979914,0.13576569921163184,0,0,0,0,,,74
Turkey,640,99.0,TUR,183,1994,2,2,3,3,2.0,99.2903289795,-0.15742592352668838,-0.11589801404557898,0,0,0,0,,,74
Turkey,640,99.0,TUR,183,1995,2,2,3,3,2.0,99.477104187,0.18811017086926007,0.24212869438237083,0,0,0,0,,,74
Turkey,640,99.0,TUR,183,1995,2,2,3,3,2.0,99.3455200195,-0.13227583228864193,-0.10159158494607023,0,0,0,0,,,74
Turkey,640,99.0,TUR,183,1996,2,3,3,3,2.0,99.4885940552,0.14401659548604062,0.19985093406665877,0,0,0,0,,,74
Turkey,640,99.0,TUR,183,1996,2,3,3,3,2.0,99.3667144775,-0.12250608108138605,-0.11076531788398736,0,0,0,0,,,74
Turkey,640,99.0,TUR,183,1997,2,3,3,3,2.0,99.4529876709,0.08682303108606959,0.10833354549072416,0,0,0,0,,,74
Turkey,640,99.0,TUR,183,1997,2,3,3,3,2.0,99.331817627,-0.12183650460151352,-0.15751955459682998,0,0,0,0,,,74
Turkey,640,99.0,TUR,183,1998,2,3,3,3,2.0,99.3746261597,0.04309649588889464,0.00808302237345071,0,0,0,0,,,74
Turkey,640,99.0,TUR,183,1998,2,3,3,3,2.0,99.1563568115,-0.21964293767428034,-0.2983829463868992,0,0,0,0,,,74
Turkey,640,99.0,TUR,183,1999,2,3,3,3,2.0,99.3494491577,0.1947352165903693,0.0181887748049836,0,0,0,0,,,74
Turkey,640,99.0,TUR,183,1999,2,3,3,3,2.0,99.1920623779,-0.15841736530433081,-0.18332508638824185,0,0,0,0,,,74
Turkey,640,99.0,TUR,183,2000,2,3,3,3,2.0,99.4169387817,0.2267080635376617,0.2630259148237002,0,0,0,0,,,74
Turkey,640,99.0,TUR,183,2000,2,3,3,3,2.0,99.3695831299,-0.04763338358666491,0.02065731464666598,0,0,0,0,,,74
Turkey,640,99.0,TUR,183,2001,3,3,3,3,2.0,99.4052505493,0.03589369933592046,0.21496837928691725,0,0,0,0,,,74
Turkey,640,99.0,TUR,183,2001,3,3,3,3,2.0,99.337890625,-0.06776294403745275,-0.07950262828819721,0,0,0,0,,,74
Turkey,640,99.0,TUR,183,2002,3,3,3,3,2.0,99.4354095459,0.09816890643283838,0.06629966173130608,0,0,0,0,,,74
Turkey,640,99.0,TUR,183,2002,3,3,3,3,2.0,99.400718689,-0.03488783025928921,-0.004481867863903588,0,0,0,0,,,74
Turkey,640,99.0,TUR,183,2003,3,3,3,3,2.0,99.4694442749,0.06913992857036089,0.13242100474391005,0,0,0,0,,,74
Turkey,640,99.0,TUR,183,2003,3,3,3,3,2.0,99.4731521606,0.003727663029606809,0.037979761340678486,0,0,0,0,,,74
Turkey,640,99.0,TUR,183,2004,3,3,3,3,3.0,99.5359802246,0.06316082544419732,0.13602841704416502,0,0,0,0,,,74
Turkey,640,99.0,TUR,183,2004,3,3,3,3,3.0,99.5556945801,0.019806260465315972,0.0866947489391201,0,0,0,0,,,74
Turkey,640,99.0,TUR,183,2005,3,3,3,3,3.0,99.6865463257,0.13143572163489825,0.21440280754441154,0,0,0,0,,,74
Turkey,640,99.0,TUR,183,2005,3,3,3,3,3.0,99.7074966431,0.021016193430511976,0.1722581755307262,0,0,0,0,,,74
Turkey,640,99.0,TUR,183,2006,3,3,2,3,3.0,99.8835067749,0.17652647767301133,0.32897839273842155,0,0,0,0,,,74
Turkey,640,99.0,TUR,183,2006,3,3,2,3,3.0,99.9171829224,0.033715423684399504,0.2312580947879228,0,0,0,0,,,74
Turkey,640,99.0,TUR,183,2007,3,3,2,3,3.0,99.9300994873,0.012927270887952425,0.22316917224536326,0,0,0,0,,,74
Turkey,640,99.0,TUR,183,2007,3,3,2,3,3.0,99.9630966187,0.03302021269797617,0.0796629072703281,0,0,0,0,,,74
Turkey,640,99.0,TUR,183,2008,3,3,2,3,3.0,100.0473022461,0.08423671359560903,0.13018419718153762,0,0,0,0,,,74
Turkey,640,99.0,TUR,183,2008,3,3,2,3,3.0,100.0417785645,-0.005521070009872897,0.1117358562837123,0,0,0,0,,,74
Turkey,640,99.0,TUR,183,2009,3,3,3,3,3.0,99.5482025146,-0.49336992702680993,-0.4146542834410738,0,0,0,0,,,74
Turkey,640,99.0,TUR,183,2009,3,3,3,3,3.0,99.7490310669,0.20174000858583785,-0.297150988450845,0,0,0,0,,,74
Turkey,640,99.0,TUR,183,2010,3,3,3,3,3.0,99.8940200806,0.14535380659763675,-0.14627611184333533,0,0,0,0,,,74
Turkey,640,99.0,TUR,183,2010,3,3,3,3,3.0,99.9923324585,0.09841667981795865,0.44551049500143325,0,0,0,0,,,74
Turkey,640,99.0,TUR,183,2011,3,3,3,3,3.0,100.1394958496,0.14717467577933796,0.39094516219493336,0,0,0,0,,,74
Turkey,640,99.0,TUR,183,2011,3,3,3,3,3.0,100.1769866943,0.03743861937981485,0.28302997497711146,0,0,0,0,,,74
Turkey,640,99.0,TUR,183,2012,3,3,3,3,3.0,100.0,-0.17667400481917728,0.007939290339975535,0,0,0,0,,,74
Turkey,640,99.0,TUR,183,2012,3,3,3,3,3.0,100.0,0.0,-0.13923538543936242,0,0,0,0,,,74
Turkey,640,99.0,TUR,183,2013,3,3,3,3,3.0,100.0114517212,0.011451721200006482,-0.1652222836191708,0,0,0,0,,,74
Turkey,640,99.0,TUR,183,2013,3,3,3,3,3.0,100.016998291,0.005545934695017074,0.016997655895023556,0,0,0,0,,,74
Turkey,640,99.0,TUR,183,2014,2,2,3,3,3.0,99.9361953735,-0.08078918471927654,-0.06379152882425299,0,0,0,0,,,74
Turkey,640,99.0,TUR,183,2014,2,2,3,3,3.0,99.994972229,0.05881438179662357,-0.016428868227635895,0,0,0,0,,,74
Turkey,640,99.0,TUR,183,2015,2,2,3,3,2.0,99.4034957886,-0.5915061799761756,-0.6134809828988286,0,0,0,0,,,74
Turkey,640,99.0,TUR,183,2015,2,2,3,3,2.0,99.6729431152,0.2710642361844373,-0.2616275619951147,0,0,0,0,,,74
Turkey,640,99.0,TUR,183,2016,2,2,3,2,2.0,99.3722610474,-0.30166869603968083,-0.6221106398314191,0,0,0,0,,,74
Turkey,640,99.0,TUR,183,2016,2,2,3,2,2.0,99.6662750244,0.29587127625056997,0.26526681639532645,0,0,0,0,,,74
Turkey,640,99.0,TUR,183,2017,2,2,2,2,2.0,99.563659668,-0.10295895615128892,-0.10875637594039977,0,0,0,0,,,74
Turkey,640,99.0,TUR,183,2017,2,2,2,2,2.0,99.798248291,0.2356167137510301,0.42852903385031116,0,0,0,0,,,74
Turkey,640,99.0,TUR,183,2018,2,2,2,2,2.0,99.7230682373,-0.07533203737282168,0.05732572022691951,0,0,0,0,,,74
Turkey,640,99.0,TUR,183,2018,2,2,2,2,2.0,99.8993606567,0.17678198486683616,0.3370666612450446,0,0,0,0,,,74
Turkey,640,99.0,TUR,183,2019,2,2,2,2,2.0,99.5424423218,-0.3572778970293289,-0.2558279495353144,0,0,0,0,,,74
Turkey,640,99.0,TUR,183,2019,2,2,2,2,2.0,99.7710876465,0.22969631783882338,0.04920040567633066,0,0,0,0,,,74
Turkey,640,99.0,TUR,183,2020,2,2,2,2,2.0,99.3815383911,-0.3904430277238524,-0.5180246069143579,0,0,0,0,,,74
Turkey,640,99.0,TUR,183,2020,2,2,2,2,2.0,99.6803741455,0.30069544025770334,0.1399487303726743,0,0,0,0,,,74
Turkey,640,99.0,TUR,183,2021,2,2,2,2,2.0,99.855430603,0.17561777732142403,0.08587018985527495,0,0,0,0,,,74
Turkey,640,99.0,TUR,183,2021,2,2,2,2,2.0,100.0066680908,0.15145644747283082,0.6277696650519582,0,0,0,0,,,74
Turkey,640,99.0,TUR,183,2022,2,2,2,2,2.0,100.0229644775,0.016295300114577138,0.343369524908832,0,0,0,0,,,74
Turkey,640,99.0,TUR,183,2022,2,2,2,2,2.0,100.1128540039,0.0898688884793275,0.25762063606673546,0,0,0,0,,,74
Turkey,640,99.0,TUR,183,2023,2,2,2,2,2.0,99.8682556152,-0.2443226607948601,-0.13815847220095545,0,0,0,0,,,74
Turkey,640,99.0,TUR,183,2023,2,2,2,2,2.0,99.9781799316,0.11006932655712731,-0.04438444575840528,0,0,0,0,,,74
Turkey,640,99.0,TUR,183,2024,2,2,2,2,2.0,99.8644256592,-0.11377909907724915,-0.24803243331498193,0,0,0,0,,,74
Turkey,640,99.0,TUR,183,2024,2,2,2,2,2.0,99.9758453369,0.11157093926543737,0.10786116674531554,0,0,0,0,,,74
Tuvalu,947,,TUV,185,1991,4,4,4,4,,69.5483932495,,,0,0,0,0,,,75
Tuvalu,947,,TUV,185,1991,4,4,4,4,,89.3168106079,28.423974206682523,28.423974206682523,0,0,1,0,,,75
Tuvalu,947,,TUV,185,1992,4,4,4,4,,69.5525512695,-22.128263653708945,6.295710552973578,0,0,0,0,,,75
Tuvalu,947,,TUV,185,1992,4,4,4,4,,90.6450576782,30.325999584071962,36.62171013704554,0,0,1,0,,,75
Tuvalu,947,,TUV,185,1993,4,4,4,4,,69.5368347168,-23.286678283482964,-15.088942353119947,0,0,0,0,,,75
Tuvalu,947,,TUV,185,1993,4,4,4,4,,86.8282012939,24.86648500398656,31.90580630457556,0,0,1,0,,,75
Tuvalu,947,,TUV,185,1994,4,4,4,4,,69.5483703613,-19.90117343800598,-18.321366717502382,0,0,0,0,,,75
Tuvalu,947,,TUV,185,1994,4,4,4,4,,86.6567306519,24.59922526109959,29.564536827080172,0,0,1,0,,,75
Tuvalu,947,,TUV,185,1995,4,4,4,4,,69.5518035889,-19.73871727484213,-15.04066545174852,0,0,0,0,,,75
Tuvalu,947,,TUV,185,1995,4,4,4,4,,86.2074279785,23.947077617205203,28.807585603462663,0,0,1,0,,,75
Tuvalu,947,,TUV,185,1996,4,4,4,4,,69.5317077637,-19.34371620385067,-15.135355861487596,0,0,0,0,,,75
Tuvalu,947,,TUV,185,1996,4,4,4,4,,84.5527572632,21.60316491944694,26.206526332801474,0,0,1,0,,,75
Tuvalu,947,,TUV,185,1997,4,4,4,4,,69.5337524414,-17.762880014720395,-15.503431299124124,0,0,0,0,,,75
Tuvalu,947,,TUV,185,1997,4,4,4,4,,83.7319412231,20.419132123878402,24.259417028604947,0,0,1,0,,,75
Tuvalu,947,,TUV,185,1998,4,4,4,4,,69.5304489136,-16.960662922719973,-14.304410813561965,0,0,0,0,,,75
Tuvalu,947,,TUV,185,1998,4,4,4,4,,81.0184555054,16.52226725312136,19.98073645427979,0,0,0,0,,,75
Tuvalu,947,,TUV,185,1999,4,4,4,4,,69.5285186768,-14.18187591570932,-14.620271585307933,0,0,0,0,,,75
Tuvalu,947,,TUV,185,1999,4,4,4,4,,83.1934127808,19.65365344186405,21.99404477927609,0,0,1,0,,,75
Tuvalu,947,,TUV,185,2000,4,4,4,4,,69.5369567871,-16.415309262143584,-10.943531735988852,0,0,0,0,,,75
Tuvalu,947,,TUV,185,2000,4,4,4,4,,87.6432113647,26.038318923037696,29.276663102758164,0,0,1,0,,,75
Tuvalu,947,,TUV,185,2001,4,4,4,4,,69.5236129761,-20.674274831396712,-11.0512651705026,0,0,0,0,,,75
Tuvalu,947,,TUV,185,2001,4,4,4,4,,83.6236495972,20.280931927325383,25.644976018966368,0,0,1,0,,,75
Tuvalu,947,,TUV,185,2002,3,4,4,4,,69.6764907837,-16.67848614677898,-17.071829050850308,0,0,0,0,,,75
Tuvalu,947,,TUV,185,2002,3,4,4,4,,84.4590072632,21.21593138981417,24.818377170360574,0,0,1,0,,,75
Tuvalu,947,,TUV,185,2003,3,4,4,4,,74.9424591064,-11.267653344709029,-6.730208101673838,0,0,0,0,,,75
Tuvalu,947,,TUV,185,2003,3,4,4,4,,85.5470428467,14.150301266794685,24.098579311899826,0,0,1,0,,,75
Tuvalu,947,,TUV,185,2004,3,4,3,4,,88.3298110962,3.2529099275666606,6.135557849652317,0,0,0,0,,,75
Tuvalu,947,,TUV,185,2004,3,4,3,4,,88.8565216064,0.5962998263704611,17.99951102073181,0,0,0,0,,,75
Tuvalu,947,,TUV,185,2005,3,4,3,4,,107.2291793823,20.67676906967366,24.525978823610785,0,0,1,0,,,75
Tuvalu,947,,TUV,185,2005,3,4,3,4,,94.5656280518,-11.809799723777736,9.463269172266386,0,0,0,0,,,75
Tuvalu,947,,TUV,185,2006,3,4,3,4,,107.2740631104,13.438746530228428,22.305715876124356,0,0,1,0,,,75
Tuvalu,947,,TUV,185,2006,3,4,3,4,,100.8786773682,-5.961726028423331,-4.332779221972635,0,0,0,0,,,75
Tuvalu,947,,TUV,185,2007,3,4,3,4,,107.2883834839,6.353876044890083,13.830896546695184,0,0,0,0,,,75
Tuvalu,947,,TUV,185,2007,3,4,3,4,,99.252243042,-7.490224179867456,-7.0980741634007,0,0,0,0,,,75
Tuvalu,947,,TUV,185,2008,3,4,3,4,,107.3073043823,8.11574740622374,6.979399271246371,0,0,0,0,,,75
Tuvalu,947,,TUV,185,2008,3,4,3,4,,101.6613693237,-5.261463878065021,-4.635940651708733,0,0,0,0,,,75
Tuvalu,947,,TUV,185,2009,4,4,4,4,,107.1111831665,5.360751954311427,8.21503548247015,0,0,0,0,,,75
Tuvalu,947,,TUV,185,2009,4,4,4,4,,96.7355499268,-9.686788001932056,-9.587499925685647,0,0,0,0,,,75
Tuvalu,947,,TUV,185,2010,4,4,3,4,,108.0297393799,11.675324595400882,7.349288547780256,0,0,0,0,,,75
Tuvalu,947,,TUV,185,2010,4,4,3,4,,103.5609054565,-4.136670095708361,-2.1481335022395314,0,0,0,0,,,75
Tuvalu,947,,TUV,185,2011,4,3,3,4,,106.8244476318,3.151326420828582,10.689980920521107,0,0,0,0,,,75
Tuvalu,947,,TUV,185,2011,4,3,3,4,,105.0460510254,-1.6647842753465314,-2.650127950226307,0,0,0,0,,,75
Tuvalu,947,,TUV,185,2012,4,4,3,4,,100.0,-4.8036560881092765,-3.3171139426272225,0,0,0,0,,,75
Tuvalu,947,,TUV,185,2012,4,4,3,4,,100.0,0.0,-6.468440363455804,0,0,0,0,,,75
Tuvalu,947,,TUV,185,2013,4,4,3,4,,117.0711669922,17.071166992200016,12.267510904090743,0,0,0,0,,,75
Tuvalu,947,,TUV,185,2013,4,4,3,4,,106.4945755005,-9.034326524142944,8.036840468057076,0,0,0,0,,,75
Tuvalu,947,,TUV,185,2014,4,4,3,4,,116.234161377,9.145616883044227,17.182457351101302,0,0,0,0,,,75
Tuvalu,947,,TUV,185,2014,4,4,3,4,,105.388168335,-9.331157822717485,-9.219867463816199,0,0,0,0,,,75
Tuvalu,947,,TUV,185,2015,4,4,3,4,,106.8100891113,1.3492224020632992,1.1636814623900449,0,0,0,0,,,75
Tuvalu,947,,TUV,185,2015,4,4,3,4,,95.6312637329,-10.466076258724266,-18.448011679378446,0,0,0,0,,,75
Tuvalu,947,,TUV,185,2016,4,4,3,4,,118.5599441528,23.97613450339866,14.8592806467377,0,0,0,0,,,75
Tuvalu,947,,TUV,185,2016,4,4,3,4,,100.1192703247,-15.553882012911268,-2.0438237682368676,0,0,0,0,,,75
Tuvalu,947,,TUV,185,2017,4,4,3,4,,120.1930465698,20.04986270874538,28.47211519923278,0,0,1,0,,,75
Tuvalu,947,,TUV,185,2017,4,4,3,4,,103.6074523926,-13.79912952582345,-9.303148829989333,0,0,0,0,,,75
Tuvalu,947,,TUV,185,2018,4,4,3,4,,119.9668426514,15.789781411485082,22.040514594407018,0,0,1,0,,,75
Tuvalu,947,,TUV,185,2018,4,4,3,4,,106.0437088013,-11.605818359792863,-9.615166474131225,0,0,0,0,,,75
Tuvalu,947,,TUV,185,2019,4,4,3,4,,116.7553634644,10.101169399092802,14.285132450785026,0,0,0,0,,,75
Tuvalu,947,,TUV,185,2019,4,4,3,4,,102.8794403076,-11.88461304480536,-13.389262005505415,0,0,0,0,,,75
Tuvalu,947,,TUV,185,2020,4,4,3,3,,113.3210144043,10.149330192194528,8.365886546481976,0,0,0,0,,,75
Tuvalu,947,,TUV,185,2020,4,4,3,3,,97.883140564,-13.623134174586248,-15.358417027197074,0,0,0,0,,,75
Tuvalu,947,,TUV,185,2021,4,4,3,3,,115.4671478271,17.964285945241887,14.490481962850172,0,0,0,0,,,75
Tuvalu,947,,TUV,185,2021,4,4,3,3,,104.4257659912,-9.562357816643507,-5.221206045987863,0,0,0,0,,,75
Tuvalu,947,,TUV,185,2022,4,4,3,4,,119.3323974609,14.274859588730425,22.67678771732881,0,0,1,0,,,75
Tuvalu,947,,TUV,185,2022,4,4,3,4,,108.4485626221,-9.120603516212899,-4.408101744125975,0,0,0,0,,,75
Tuvalu,947,,TUV,185,2023,4,4,3,4,,122.0379943848,12.530762450078537,17.685018522596067,0,0,0,0,,,75
Tuvalu,947,,TUV,185,2023,4,4,3,4,,107.8017883301,-11.665388411588928,-8.255229477723285,0,0,0,0,,,75
Tuvalu,947,,TUV,185,2024,4,4,3,4,,120.8586044312,12.111873377386573,12.977247415876187,0,0,0,0,,,75
Tuvalu,947,,TUV,185,2024,4,4,3,4,,107.1251983643,-11.363200933465922,-10.916715967668273,0,0,0,0,,,75
Uganda,500,50.0,UGA,186,1975,1,1,3,2,1.0,107.0680465698,,,0,0,0,0,,,76
Uganda,500,50.0,UGA,186,1975,1,1,3,2,1.0,101.2421035767,-5.441346115623713,-5.441346115623713,0,0,0,0,,,76
Uganda,500,50.0,UGA,186,1976,1,1,3,2,1.0,107.0680465698,5.754466558161075,0.3131204425373628,0,0,0,0,,,76
Uganda,500,50.0,UGA,186,1976,1,1,3,2,1.0,103.4925308228,-3.3394797622174233,-3.0263593196800604,0,0,0,0,,,76
Uganda,500,50.0,UGA,186,1977,1,1,3,2,1.0,108.0450744629,4.398910340587636,6.813897136531288,0,0,0,0,,,76
Uganda,500,50.0,UGA,186,1977,1,1,3,2,1.0,105.0379943848,-2.7831718318011456,-1.7237412534309327,0,0,0,0,,,76
Uganda,500,50.0,UGA,186,1978,1,1,3,2,1.0,106.0637283325,0.9765361131537809,2.5922746219402715,0,0,0,0,,,76
Uganda,500,50.0,UGA,186,1978,1,1,3,2,1.0,103.4075241089,-2.5043474007184097,-4.310983119365774,0,0,0,0,,,76
Uganda,500,50.0,UGA,186,1979,2,2,4,3,1.0,105.9470977783,2.455888670852935,0.928077383288306,0,0,0,0,,,76
Uganda,500,50.0,UGA,186,1979,2,2,4,3,1.0,103.302772522,-2.495892111960818,-2.544350841826293,0,0,0,0,,,76
Uganda,500,50.0,UGA,186,1980,2,2,4,3,1.0,105.0731506348,1.7137759903036232,1.67377254919574,0,0,0,0,,,76
Uganda,500,50.0,UGA,186,1980,2,2,4,3,1.0,102.4558410645,-2.490940411025566,-3.273056532682761,0,0,0,0,,,76
Uganda,500,50.0,UGA,186,1981,2,2,4,3,1.0,103.8738098145,1.3839803912276016,0.6068159705056586,0,0,0,0,,,76
Uganda,500,50.0,UGA,186,1981,2,2,4,3,1.0,101.3260650635,-2.452730631089617,-3.5596906508875814,0,0,0,0,,,76
Uganda,500,50.0,UGA,186,1982,2,2,4,3,1.0,104.2713623047,2.9067518208214516,1.8380015809594363,0,0,0,0,,,76
Uganda,500,50.0,UGA,186,1982,2,2,4,3,1.0,101.5140609741,-2.644351497530706,-2.190330307798871,0,0,0,0,,,76
Uganda,500,50.0,UGA,186,1983,2,2,4,3,1.0,104.4940261841,2.935519652553631,3.1979199758443766,0,0,0,0,,,76
Uganda,500,50.0,UGA,186,1983,2,2,4,3,1.0,101.7268371582,-2.6481791610026617,-2.3570110059797367,0,0,0,0,,,76
Uganda,500,50.0,UGA,186,1984,2,2,4,3,1.0,104.8208389282,3.0414803570353754,3.3288208485863446,0,0,0,0,,,76
Uganda,500,50.0,UGA,186,1984,2,2,4,3,1.0,102.0240859985,-2.668126832695661,-2.274825636662947,0,0,0,0,,,76
Uganda,500,50.0,UGA,186,1985,2,2,4,3,1.0,104.5125732422,2.439117409722824,2.8124709340625387,0,0,0,0,,,76
Uganda,500,50.0,UGA,186,1985,2,2,4,3,1.0,101.6655044556,-2.7241399750077333,-2.95314939798057,0,0,0,0,,,76
Uganda,500,50.0,UGA,186,1986,2,2,4,4,1.0,105.344543457,3.6187682548771916,3.3337456895922823,0,0,0,0,,,76
Uganda,500,50.0,UGA,186,1986,2,2,4,4,1.0,102.0684432983,-3.109890698835538,-2.2152624189660797,0,0,0,0,,,76
Uganda,500,50.0,UGA,186,1987,2,2,4,4,1.0,102.2661361694,0.19368657413754153,0.7025641301791952,0,0,0,0,,,76
Uganda,500,50.0,UGA,186,1987,2,2,4,4,1.0,100.6003036499,-1.6289189969401097,-4.545123121638106,0,0,0,0,,,76
Uganda,500,50.0,UGA,186,1988,2,2,4,4,1.0,101.8964309692,1.2883930488029716,-0.14683937399959657,0,0,0,0,,,76
Uganda,500,50.0,UGA,186,1988,2,2,4,4,1.0,100.3158721924,-1.551142431355379,-1.891668379492517,0,0,0,0,,,76
Uganda,500,50.0,UGA,186,1989,2,2,4,4,1.0,100.8779907227,0.5603485450656365,0.29759916251322904,0,0,0,0,,,76
Uganda,500,50.0,UGA,186,1989,2,2,4,4,1.0,99.540802002,-1.325550510195772,-2.3163443964855146,0,0,0,0,,,76
Uganda,500,50.0,UGA,186,1990,2,2,3,4,1.0,100.1141433716,0.575986287099095,-0.18921567803104056,0,0,0,0,,,76
Uganda,500,50.0,UGA,186,1990,2,2,3,4,1.0,98.8125534058,-1.3001059809989002,-2.049670204095577,0,0,0,0,,,76
Uganda,500,50.0,UGA,186,1991,2,2,3,3,1.0,99.7784194946,0.9774730593524961,0.25335336545269094,0,0,0,0,,,76
Uganda,500,50.0,UGA,186,1991,2,2,3,3,1.0,98.3512954712,-1.4302932744662655,-1.7529261961126696,0,0,0,0,,,76
Uganda,500,50.0,UGA,186,1992,2,2,4,4,2.0,99.1079483032,0.769336924719588,0.31651670960581857,0,0,0,0,,,76
Uganda,500,50.0,UGA,186,1992,2,2,4,4,2.0,97.7399215698,-1.380340080509801,-2.0412964302564784,0,0,0,0,,,76
Uganda,500,50.0,UGA,186,1993,2,2,4,4,2.0,99.6749801636,1.979803710419481,1.368800554629268,0,0,0,0,,,76
Uganda,500,50.0,UGA,186,1993,2,2,4,4,2.0,98.1800842285,-1.4997704866821948,-0.9003068567725148,0,0,0,0,,,76
Uganda,500,50.0,UGA,186,1994,2,2,4,4,2.0,102.0869750977,3.979310977272421,4.459344201009707,0,0,0,0,,,76
Uganda,500,50.0,UGA,186,1994,2,2,4,4,2.0,100.3265762329,-1.7244108399874336,0.7551296506027927,0,0,0,0,,,76
Uganda,500,50.0,UGA,186,1995,2,2,4,4,2.0,102.1706161499,1.8380373239481607,4.092937461233149,0,0,0,0,,,76
Uganda,500,50.0,UGA,186,1995,2,2,4,4,2.0,100.3408966064,-1.790847126551065,-1.677220642590338,0,0,0,0,,,76
Uganda,500,50.0,UGA,186,1996,2,2,4,4,2.0,100.7085800171,0.3664342487812222,0.41362444617831784,0,0,0,0,,,76
Uganda,500,50.0,UGA,186,1996,2,2,4,4,2.0,99.3232803345,-1.3755527904025566,-2.7999656681723994,0,0,0,0,,,76
Uganda,500,50.0,UGA,186,1997,2,2,3,3,2.0,101.9019775391,2.5962666516001986,1.5871481099788642,0,0,0,0,,,76
Uganda,500,50.0,UGA,186,1997,2,2,3,3,2.0,99.9906311035,-1.8756715833769033,-0.6549577221792613,0,0,0,0,,,76
Uganda,500,50.0,UGA,186,1998,2,2,3,3,2.0,101.4395904541,1.449095114821497,2.1696901830447923,0,0,0,0,,,76
Uganda,500,50.0,UGA,186,1998,2,2,3,3,2.0,99.6734619141,-1.7410643439053963,-2.1676408124608026,0,0,0,0,,,76
Uganda,500,50.0,UGA,186,1999,2,2,3,3,2.0,100.4538650513,0.7829597991414694,0.4909905700575701,0,0,0,0,,,76
Uganda,500,50.0,UGA,186,1999,2,2,3,3,2.0,98.9347457886,-1.512255662760431,-2.470360207524358,0,0,0,0,,,76
Uganda,500,50.0,UGA,186,2000,2,2,3,3,2.0,99.4468002319,0.5175678566902375,-0.21172800692872418,0,0,0,0,,,76
Uganda,500,50.0,UGA,186,2000,2,2,3,3,2.0,98.0706481934,-1.3838072570368731,-2.3784950631070667,0,0,0,0,,,76
Uganda,500,50.0,UGA,186,2001,2,2,3,3,2.0,98.2868652344,0.2204706963633063,-0.6457687039833293,0,0,0,0,,,76
Uganda,500,50.0,UGA,186,2001,2,2,3,3,2.0,97.0710220337,-1.2370352821817865,-2.4003718428553533,0,0,0,0,,,76
Uganda,500,50.0,UGA,186,2002,2,2,3,3,2.0,98.3989868164,1.3680342030796488,0.35146961726116865,0,0,0,0,,,76
Uganda,500,50.0,UGA,186,2002,2,2,3,3,2.0,97.2503509521,-1.1673248896792,-1.0363259687813375,0,0,0,0,,,76
Uganda,500,50.0,UGA,186,2003,2,2,3,3,2.0,98.6002349854,1.3880505520899034,1.5887598654903523,0,0,0,0,,,76
Uganda,500,50.0,UGA,186,2003,2,2,3,3,2.0,97.5697631836,-1.0451007565576043,-0.8243750941469008,0,0,0,0,,,76
Uganda,500,50.0,UGA,186,2004,2,2,3,3,2.0,98.6456451416,1.1026796856885568,1.4456294812208559,0,0,0,0,,,76
Uganda,500,50.0,UGA,186,2004,2,2,3,3,2.0,97.6782073975,-0.980720175443428,-0.9231412463124755,0,0,0,0,,,76
Uganda,500,50.0,UGA,186,2005,2,2,3,3,2.0,99.0948791504,1.4503457737864434,1.572305284031572,0,0,0,0,,,76
Uganda,500,50.0,UGA,186,2005,2,2,3,3,2.0,98.5406341553,-0.5593074030180833,-0.08968180467506803,0,0,0,0,,,76
Uganda,500,50.0,UGA,186,2006,2,2,3,3,2.0,99.5275878906,1.0015703103194662,1.8926086810878262,0,0,0,0,,,76
Uganda,500,50.0,UGA,186,2006,2,2,3,3,2.0,99.0222473145,-0.507739197553414,-0.06547629025203117,0,0,0,0,,,76
Uganda,500,50.0,UGA,186,2007,2,2,3,3,2.0,99.5847625732,0.5680695742174002,1.0619006869834524,0,0,0,0,,,76
Uganda,500,50.0,UGA,186,2007,2,2,3,3,2.0,99.3747024536,-0.21093600483869102,-0.1506056281747048,0,0,0,0,,,76
Uganda,500,50.0,UGA,186,2008,2,2,3,3,2.0,99.9396743774,0.5685269086101563,0.9256604779888655,0,0,0,0,,,76
Uganda,500,50.0,UGA,186,2008,2,2,3,3,2.0,99.7794265747,-0.16034453153694894,0.19724637223451635,0,0,0,0,,,76
Uganda,500,50.0,UGA,186,2009,2,2,3,3,2.0,99.6825942993,-0.09704633382262573,0.31113604325058164,0,0,0,0,,,76
Uganda,500,50.0,UGA,186,2009,2,2,3,3,2.0,99.2799606323,-0.4039157185166009,-0.6613065838761756,0,0,0,0,,,76
Uganda,500,50.0,UGA,186,2010,2,2,3,3,2.0,100.1870956421,0.9137141111082103,0.4127520587689837,0,0,0,0,,,76
Uganda,500,50.0,UGA,186,2010,2,2,3,3,2.0,100.0054626465,-0.18129380279556795,0.32850458979604147,0,0,0,0,,,76
Uganda,500,50.0,UGA,186,2011,2,2,4,3,2.0,100.6724472046,0.6669481250815901,1.3993684333942324,0,0,0,0,,,76
Uganda,500,50.0,UGA,186,2011,2,2,4,3,2.0,100.9127731323,0.23872065731309622,0.7243749795991183,0,0,0,0,,,76
Uganda,500,50.0,UGA,186,2012,2,2,4,3,2.0,100.0,-0.9045169446521228,0.001151837742563444,0,0,0,0,,,76
Uganda,500,50.0,UGA,186,2012,2,2,4,3,2.0,100.0,0.0,-0.6657962873390266,0,0,0,0,,,76
Uganda,500,50.0,UGA,186,2013,2,2,3,3,2.0,99.8373031616,-0.1626968384000005,-1.0672137830521233,0,0,0,0,,,76
Uganda,500,50.0,UGA,186,2013,2,2,3,3,2.0,99.6801223755,-0.15743693100922496,-0.32013376940922544,0,0,0,0,,,76
Uganda,500,50.0,UGA,186,2014,2,2,3,3,2.0,100.0445480347,0.36559511617288987,0.04546134676366442,0,0,0,0,,,76
Uganda,500,50.0,UGA,186,2014,2,2,3,3,2.0,100.2056655884,0.1610458109562396,0.3692039961199045,0,0,0,0,,,76
Uganda,500,50.0,UGA,186,2015,2,2,3,3,2.0,99.6306762695,-0.5738091908513376,-0.04716826372220817,0,0,0,0,,,76
Uganda,500,50.0,UGA,186,2015,2,2,3,3,2.0,99.6863632202,0.05589337820950391,-0.35687000168559413,0,0,0,0,,,76
Uganda,500,50.0,UGA,186,2016,2,2,3,3,2.0,99.8901290894,0.20440696462153962,-0.3135088480202941,0,0,0,0,,,76
Uganda,500,50.0,UGA,186,2016,2,2,3,3,2.0,100.0025482178,0.11254278017738262,0.37284312300842615,0,0,0,0,,,76
Uganda,500,50.0,UGA,186,2017,2,2,3,3,2.0,99.9071578979,-0.09538788920882002,0.22156185559010222,0,0,0,0,,,76
Uganda,500,50.0,UGA,186,2017,2,2,3,3,2.0,100.1248321533,0.21787653655651606,0.23503142752507866,0,0,0,0,,,76
Uganda,500,50.0,UGA,186,2018,2,2,3,3,2.0,99.5669937134,-0.5571429463631095,-0.4346542990154134,0,0,0,0,,,76
Uganda,500,50.0,UGA,186,2018,2,2,3,3,2.0,99.5958175659,0.02894920437488402,-0.3103172054317094,0,0,0,0,,,76
Uganda,500,50.0,UGA,186,2019,2,2,3,3,2.0,99.2861328125,-0.31094152442204814,-0.8391352664102736,0,0,0,0,,,76
Uganda,500,50.0,UGA,186,2019,2,2,3,3,2.0,99.2269592285,-0.05959904200494304,-0.34159136205210716,0,0,0,0,,,76
Uganda,500,50.0,UGA,186,2020,2,2,3,3,2.0,99.4008407593,0.1752361779016054,-0.19530438852538579,0,0,0,0,,,76
Uganda,500,50.0,UGA,186,2020,2,2,3,3,2.0,99.3770523071,-0.023931842043067864,0.0917052938535945,0,0,0,0,,,76
Uganda,500,50.0,UGA,186,2021,2,2,3,3,2.0,99.9574966431,0.5840828667430076,0.7353872026015451,0,0,0,0,,,76
Uganda,500,50.0,UGA,186,2021,2,2,3,3,2.0,100.1870498657,0.22965083191270885,0.7898018566126486,0,0,0,0,,,76
Uganda,500,50.0,UGA,186,2022,2,2,3,3,2.0,100.1092376709,-0.07766691893245081,0.7360667797232656,0,0,0,0,,,76
Uganda,500,50.0,UGA,186,2022,2,2,3,3,2.0,100.5068740845,0.3972025188196726,0.5491864317999307,0,0,0,0,,,76
Uganda,500,50.0,UGA,186,2023,2,2,3,3,2.0,100.1387329102,-0.36628457272532833,-0.04674897283810653,0,0,0,0,,,76
Uganda,500,50.0,UGA,186,2023,2,2,3,3,2.0,100.4122467041,0.27313486595168524,0.3040528120460295,0,0,0,0,,,76
Uganda,500,50.0,UGA,186,2024,2,2,3,3,2.0,100.666557312,0.2532665249981081,0.160116818224465,0,0,0,0,,,76
Uganda,500,50.0,UGA,186,2024,2,2,3,3,2.0,101.4206085205,0.7490583055929312,1.2754596965427245,0,0,0,0,,,76
Ukraine,369,100.0,UKR,187,1992,2,3,3,3,2.0,91.3092422485,,,0,0,0,0,,,77
Ukraine,369,100.0,UKR,187,1992,2,3,3,3,2.0,90.6890716553,-0.6791980504144313,-0.6791980504144313,0,0,0,0,,,77
Ukraine,369,100.0,UKR,187,1993,2,3,3,3,2.0,91.0771331787,0.42790329233381996,-0.2512947580806113,0,0,0,0,,,77
Ukraine,369,100.0,UKR,187,1993,2,3,3,3,2.0,90.4260025024,-0.7149222352249907,-0.966216993305602,0,0,0,0,,,77
Ukraine,369,100.0,UKR,187,1994,3,3,3,3,2.0,91.2650909424,0.9279282692804314,0.6409093263892607,0,0,0,0,,,77
Ukraine,369,100.0,UKR,187,1994,3,3,3,3,2.0,90.4072875977,-0.9399030186047486,-0.7268969845493078,0,0,0,0,,,77
Ukraine,369,100.0,UKR,187,1995,3,3,3,3,2.0,91.5293807983,1.2411534848751904,1.2291787355508732,0,0,0,0,,,77
Ukraine,369,100.0,UKR,187,1995,3,3,3,3,2.0,90.677192688,-0.9310541630101588,-0.6298036967397169,0,0,0,0,,,77
Ukraine,369,100.0,UKR,187,1996,3,3,3,3,2.0,91.4251708984,0.824880202206546,1.1349795240715777,0,0,0,0,,,77
Ukraine,369,100.0,UKR,187,1996,3,3,3,3,2.0,90.9729385376,-0.4946475421988117,-0.6008215030024244,0,0,0,0,,,77
Ukraine,369,100.0,UKR,187,1997,3,3,3,3,2.0,91.2906341553,0.34921991397329766,0.679452573981032,0,0,0,0,,,77
Ukraine,369,100.0,UKR,187,1997,3,3,3,3,2.0,90.6867828369,-0.6614603173560551,-0.8068879455815692,0,0,0,0,,,77
Ukraine,369,100.0,UKR,187,1998,2,3,3,3,2.0,90.6884307861,0.0018171878508166373,-0.31042321553194085,0,0,0,0,,,77
Ukraine,369,100.0,UKR,187,1998,2,3,3,3,2.0,89.9074401855,-0.8611799695179112,-1.5208230990231497,0,0,0,0,,,77
Ukraine,369,100.0,UKR,187,1999,2,3,3,3,2.0,90.2874069214,0.4226199023307231,-0.43674287933637146,0,0,0,0,,,77
Ukraine,369,100.0,UKR,187,1999,2,3,3,3,2.0,89.3509140015,-1.0372353707259196,-1.4757954379131077,0,0,0,0,,,77
Ukraine,369,100.0,UKR,187,2000,2,3,3,3,2.0,90.9600524902,1.8009200092491406,1.186304540853944,0,0,0,0,,,77
Ukraine,369,100.0,UKR,187,2000,2,3,3,3,2.0,90.1574783325,-0.8823369553205396,-0.11865231679731858,0,0,0,0,,,77
Ukraine,369,100.0,UKR,187,2001,2,3,3,3,2.0,91.2137298584,1.171562853615482,2.090145907544083,0,0,0,0,,,77
Ukraine,369,100.0,UKR,187,2001,2,3,3,3,2.0,90.6268844604,-0.643373973316308,-0.35414807502136547,0,0,0,0,,,77
Ukraine,369,100.0,UKR,187,2002,2,3,3,3,2.0,91.472869873,0.9334817340759916,1.4616706143751657,0,0,0,0,,,77
Ukraine,369,100.0,UKR,187,2002,2,3,3,3,2.0,91.170425415,-0.3306384269127105,-0.04053066615302692,0,0,0,0,,,77
Ukraine,369,100.0,UKR,187,2003,2,3,3,3,2.0,91.9880828857,0.8968450755583168,1.4996883827215979,0,0,0,0,,,77
Ukraine,369,100.0,UKR,187,2003,2,3,3,3,2.0,91.6025619507,-0.41909878204444695,0.14710786660115938,0,0,0,0,,,77
Ukraine,369,100.0,UKR,187,2004,2,2,3,3,2.0,93.2600326538,1.8094152257357665,2.2871615192496364,0,0,0,0,,,77
Ukraine,369,100.0,UKR,187,2004,2,2,3,3,2.0,92.5774993896,-0.7318604173490839,0.6584560263422357,0,0,0,0,,,77
Ukraine,369,100.0,UKR,187,2005,2,3,3,3,2.0,95.4123687744,3.06215808753898,4.139712895925662,0,0,0,0,,,77
Ukraine,369,100.0,UKR,187,2005,2,3,3,3,2.0,94.25756073,-1.2103336907298812,1.1199639794600147,0,0,0,0,,,77
Ukraine,369,100.0,UKR,187,2006,3,3,3,3,2.0,96.2312774658,2.093961185197335,3.9457855820064336,0,0,0,0,,,77
Ukraine,369,100.0,UKR,187,2006,3,3,3,3,2.0,95.0845108032,-1.1916776881690572,-0.30805019370160336,0,0,0,0,,,77
Ukraine,369,100.0,UKR,187,2007,3,3,3,3,2.0,97.0377197266,2.0541820186072535,2.9564655156355313,0,0,0,0,,,77
Ukraine,369,100.0,UKR,187,2007,3,3,3,3,2.0,95.7934341431,-1.2822700152123612,-0.41976568477416487,0,0,0,0,,,77
Ukraine,369,100.0,UKR,187,2008,3,3,3,3,2.0,99.2232208252,3.580398503071147,4.35231050646604,0,0,0,0,,,77
Ukraine,369,100.0,UKR,187,2008,3,3,3,3,2.0,98.7217330933,-0.5054136801137088,1.7927148077450772,0,0,0,0,,,77
Ukraine,369,100.0,UKR,187,2009,3,3,3,3,2.0,97.5176696777,-1.2196538471038298,1.8553309758536085,0,0,0,0,,,77
Ukraine,369,100.0,UKR,187,2009,3,3,3,3,2.0,96.8804168701,-0.65347419570847,-2.3785417229260086,0,0,0,0,,,77
Ukraine,369,100.0,UKR,187,2010,3,3,3,3,2.0,99.2821426392,2.4790621744746444,0.6059341316623446,0,0,0,0,,,77
Ukraine,369,100.0,UKR,187,2010,3,3,3,3,2.0,99.2389831543,-0.043471548611562216,1.7821164301546122,0,0,0,0,,,77
Ukraine,369,100.0,UKR,187,2011,3,3,3,3,2.0,101.0849075317,1.8600798987731482,4.295670524636231,0,0,0,0,,,77
Ukraine,369,100.0,UKR,187,2011,3,3,3,3,2.0,101.0797576904,-0.005094569927144299,1.8115137802344417,0,0,0,0,,,77
Ukraine,369,100.0,UKR,187,2012,3,3,3,3,2.0,100.0,-1.068223465381879,0.7867618634641249,0,0,0,0,,,77
Ukraine,369,100.0,UKR,187,2012,3,3,3,3,2.0,100.0,0.0,-1.0733180353090233,0,0,0,0,,,77
Ukraine,369,100.0,UKR,187,2013,3,3,3,3,2.0,99.8324890137,-0.16751098630000127,-1.2357344516818802,0,0,0,0,,,77
Ukraine,369,100.0,UKR,187,2013,3,3,3,3,2.0,99.9282150269,0.09588663384609841,-0.07162435245390286,0,0,0,0,,,77
Ukraine,369,100.0,UKR,187,2014,3,3,3,3,2.0,97.5844497681,-2.3454489386897204,-2.4170732911436232,0,0,0,0,,,77
Ukraine,369,100.0,UKR,187,2014,3,3,3,3,2.0,98.481086731,0.9188318067384404,-1.3307304981051815,0,0,0,0,,,77
Ukraine,369,100.0,UKR,187,2015,2,3,3,3,2.0,94.773109436,-3.7651669148699662,-5.191784046821246,0,0,0,0,,,77
Ukraine,369,100.0,UKR,187,2015,2,3,3,3,2.0,95.6857376099,0.9629610965927959,-1.8833740115387299,0,0,0,0,,,77
Ukraine,369,100.0,UKR,187,2016,2,3,3,3,2.0,94.9079666138,-0.8128390035209709,-3.6150448217981412,0,0,0,0,,,77
Ukraine,369,100.0,UKR,187,2016,2,3,3,3,2.0,95.757019043,0.8946060689035473,1.0447281619753723,0,0,0,0,,,77
Ukraine,369,100.0,UKR,187,2017,2,3,3,3,2.0,95.5030822754,-0.2651886724731489,-0.18342160709057254,0,0,0,0,,,77
Ukraine,369,100.0,UKR,187,2017,2,3,3,3,2.0,96.6203689575,1.1698959399845332,1.7993133364149316,0,0,0,0,,,77
Ukraine,369,100.0,UKR,187,2018,2,3,3,3,2.0,95.8632049561,-0.7836484268995636,0.1210588406118207,0,0,0,0,,,77
Ukraine,369,100.0,UKR,187,2018,2,3,3,3,2.0,97.0122909546,1.198672628383557,1.5849201414685266,0,0,0,0,,,77
Ukraine,369,100.0,UKR,187,2019,2,3,3,3,2.0,96.1520614624,-0.886722170701626,-0.47169796921763263,0,0,0,0,,,77
Ukraine,369,100.0,UKR,187,2019,2,3,3,3,2.0,96.9089889526,0.7872192012190915,1.0991696589010225,0,0,0,0,,,77
Ukraine,369,100.0,UKR,187,2020,2,3,3,2,2.0,97.3689575195,0.47463973349777255,0.3751367640152381,0,0,0,0,,,77
Ukraine,369,100.0,UKR,187,2020,2,3,3,2,2.0,97.0202484131,-0.3581317036594145,0.9037272310574496,0,0,0,0,,,77
Ukraine,369,100.0,UKR,187,2021,2,3,3,2,2.0,102.1589355469,5.29650997379445,5.413018003632808,0,0,0,0,,,77
Ukraine,369,100.0,UKR,187,2021,2,3,3,2,2.0,100.5765304565,-1.5489639569252756,3.38941431320976,0,0,0,0,,,77
Ukraine,369,100.0,UKR,187,2022,2,2,2,2,2.0,102.3360977173,1.7494809701762648,5.497026987045439,0,0,0,0,,,77
Ukraine,369,100.0,UKR,187,2022,2,2,2,2,2.0,100.9745559692,-1.330460881810469,-1.1299438685594798,0,0,0,0,,,77
Ukraine,369,100.0,UKR,187,2023,2,2,2,2,2.0,99.469329834,-1.4906984445260951,-1.0716783561602994,0,0,0,0,,,77
Ukraine,369,100.0,UKR,187,2023,2,2,2,2,2.0,99.1907501221,-0.28006593827958337,-3.1012252646161476,0,0,0,0,,,77
Ukraine,369,100.0,UKR,187,2024,2,2,2,2,2.0,97.3553161621,-1.8504083876174526,-3.621172770423131,0,0,0,0,,,77
Ukraine,369,100.0,UKR,187,2024,2,2,2,2,2.0,98.1803131104,0.8474082164412478,-1.2830661094557883,0,0,0,0,,,77
Venezuela,101,51.0,VEN,195,1975,3,4,4,4,3.0,76.7555847168,,,0,0,0,0,-40.0,-46.0,78
Venezuela,101,51.0,VEN,195,1975,3,4,4,4,3.0,74.2841033936,-3.219936806316903,-3.219936806316903,0,0,0,0,-40.0,-46.0,78
Venezuela,101,51.0,VEN,195,1976,3,4,4,4,3.0,78.9167938232,6.236449277786016,3.0165124714691127,0,0,0,0,-39.0,-45.0,78
Venezuela,101,51.0,VEN,195,1976,3,4,4,4,3.0,75.9578552246,-3.7494409684572516,-0.7329284969881389,0,0,0,0,-39.0,-45.0,78
Venezuela,101,51.0,VEN,195,1977,3,4,4,4,3.0,80.362197876,5.798403125492135,8.2854114348209,0,0,0,0,-38.0,-44.0,78
Venezuela,101,51.0,VEN,195,1977,3,4,4,4,3.0,77.1062469482,-4.051595170186828,-2.002633013151944,0,0,0,0,-38.0,-44.0,78
Venezuela,101,51.0,VEN,195,1978,3,4,4,4,3.0,78.4707717896,1.769668341291064,3.516476296596372,0,0,0,0,-37.0,-43.0,78
Venezuela,101,51.0,VEN,195,1978,3,4,4,4,3.0,75.3154525757,-4.021012081237341,-6.302938910133104,0,0,0,0,-37.0,-43.0,78
Venezuela,101,51.0,VEN,195,1979,3,4,4,4,3.0,88.7553787231,17.84484549686727,15.593501756920993,0,0,0,0,-36.0,-42.0,78
Venezuela,101,51.0,VEN,195,1979,3,4,4,4,3.0,86.7230911255,-2.2897627465940262,11.534070669035902,0,0,0,0,-36.0,-42.0,78
Venezuela,101,51.0,VEN,195,1980,3,4,4,4,3.0,90.871055603,4.782998880306666,20.33808163057991,0,0,1,0,-35.0,-41.0,78
Venezuela,101,51.0,VEN,195,1980,3,4,4,4,3.0,89.0336914063,-2.0219465752958077,0.47128955841683373,0,0,0,0,-35.0,-41.0,78
Venezuela,101,51.0,VEN,195,1981,3,4,4,4,3.0,89.0165786743,-0.01922051274039216,2.741831792270468,0,0,0,0,-34.0,-40.0,78
Venezuela,101,51.0,VEN,195,1981,3,4,4,4,3.0,86.9453659058,-2.326771933212912,-4.367939021249111,0,0,0,0,-34.0,-40.0,78
Venezuela,101,51.0,VEN,195,1982,3,4,3,3,3.0,87.7852783203,0.9660232098051003,-1.3799692361482023,0,0,0,0,-33.0,-39.0,78
Venezuela,101,51.0,VEN,195,1982,3,4,3,3,3.0,85.6259078979,-2.459832062639411,-3.820580786047221,0,0,0,0,-33.0,-39.0,78
Venezuela,101,51.0,VEN,195,1983,3,4,3,3,3.0,86.2215652466,0.6956508413437756,-0.7981580114905333,0,0,0,0,-32.0,-38.0,78
Venezuela,101,51.0,VEN,195,1983,3,4,3,3,3.0,84.0059890747,-2.5696311190399834,-4.3338123403356175,0,0,0,0,-32.0,-38.0,78
Venezuela,101,51.0,VEN,195,1984,3,4,4,3,3.0,85.4487228394,1.717417746747918,-0.1565625309482881,0,0,0,0,-31.0,-37.0,78
Venezuela,101,51.0,VEN,195,1984,3,4,4,3,3.0,83.0026473999,-2.8626237563519563,-3.71483712864402,0,0,0,0,-31.0,-37.0,78
Venezuela,101,51.0,VEN,195,1985,3,4,4,3,3.0,84.9419784546,2.336468914487111,1.1912629048830743,0,0,0,0,-30.0,-36.0,78
Venezuela,101,51.0,VEN,195,1985,3,4,4,3,3.0,82.4149551392,-2.9749993600050817,-3.5011542018699253,0,0,0,0,-30.0,-36.0,78
Venezuela,101,51.0,VEN,195,1986,3,4,4,3,3.0,72.9801712036,-11.447902774034791,-12.08643321955276,0,0,0,0,-29.0,-35.0,78
Venezuela,101,51.0,VEN,195,1986,3,4,4,3,3.0,69.4793243408,-4.796983625913032,-19.219885759952902,0,0,0,0,-29.0,-35.0,78
Venezuela,101,51.0,VEN,195,1987,3,4,4,3,2.0,75.1338577271,8.138440377693069,-8.106446022254751,0,0,0,0,-28.0,-34.0,78
Venezuela,101,51.0,VEN,195,1987,3,4,4,3,2.0,71.9133224487,-4.286396806746662,-0.944940054966624,0,0,0,0,-28.0,-34.0,78
Venezuela,101,51.0,VEN,195,1988,3,4,4,3,2.0,71.3987121582,-0.7155979907159771,3.1364455802304305,0,0,0,0,-27.0,-33.0,78
Venezuela,101,51.0,VEN,195,1988,3,4,4,3,2.0,66.8869400024,-6.31912259958296,-11.321117397045597,0,0,0,0,-27.0,-33.0,78
Venezuela,101,51.0,VEN,195,1989,3,3,4,3,2.0,72.9841461182,9.115690021970257,2.0809694316713205,0,0,0,0,-26.0,-32.0,78
Venezuela,101,51.0,VEN,195,1989,3,3,4,3,2.0,69.5202255249,-4.7461274503233675,-1.9495600279360699,0,0,0,0,-26.0,-32.0,78
Venezuela,101,51.0,VEN,195,1990,4,4,4,3,2.0,75.9363861084,9.229199898383422,13.598762470030312,0,0,0,0,-25.0,-31.0,78
Venezuela,101,51.0,VEN,195,1990,4,4,4,3,2.0,73.3944168091,-3.3474983859138607,1.1355740621461958,0,0,0,0,-25.0,-31.0,78
Venezuela,101,51.0,VEN,195,1991,3,3,4,4,2.0,72.2787628174,-1.5200801916606776,4.361621320808886,0,0,0,0,-24.0,-30.0,78
Venezuela,101,51.0,VEN,195,1991,3,3,4,4,2.0,69.7174606323,-3.5436441981867906,-8.411222775761328,0,0,0,0,-24.0,-30.0,78
Venezuela,101,51.0,VEN,195,1992,3,3,4,4,2.0,71.9878616333,3.2565744368895144,-1.807149952957952,0,0,0,0,-23.0,-29.0,78
Venezuela,101,51.0,VEN,195,1992,3,3,4,4,2.0,69.4829483032,-3.479632917643549,-3.7667026789408236,0,0,0,0,-23.0,-29.0,78
Venezuela,101,51.0,VEN,195,1993,3,3,4,4,2.0,69.8004760742,0.45698661146964525,0.23392813071561225,0,0,0,0,-22.0,-28.0,78
Venezuela,101,51.0,VEN,195,1993,3,3,4,4,2.0,67.4325942993,-3.392357628596787,-6.41500393477069,0,0,0,0,-22.0,-28.0,78
Venezuela,101,51.0,VEN,195,1994,3,3,4,3,2.0,69.0244064331,2.36059749790245,-0.5747735192246899,0,0,0,0,-21.0,-27.0,78
Venezuela,101,51.0,VEN,195,1994,3,3,4,3,2.0,66.4601898193,-3.7149419260639305,-4.746702056758266,0,0,0,0,-21.0,-27.0,78
Venezuela,101,51.0,VEN,195,1995,3,3,3,3,2.0,69.6990585327,4.873396723972978,3.5190522958114996,0,0,0,0,-20.0,-26.0,78
Venezuela,101,51.0,VEN,195,1995,3,3,3,3,2.0,67.1576919556,-3.6461992896327122,-2.487744491723663,0,0,0,0,-20.0,-26.0,78
Venezuela,101,51.0,VEN,195,1996,3,3,4,4,2.0,71.7525024414,6.841823106186795,8.069020540527063,0,0,0,0,-19.0,-25.0,78
Venezuela,101,51.0,VEN,195,1996,3,3,4,4,2.0,69.6497955322,-2.9304997563217694,0.26512406023231483,0,0,0,0,-19.0,-25.0,78
Venezuela,101,51.0,VEN,195,1997,3,4,3,4,2.0,71.572593689,2.7606659030478653,6.671989252912892,0,0,0,0,-18.0,-24.0,78
Venezuela,101,51.0,VEN,195,1997,3,4,3,4,2.0,69.420539856,-3.0068126947462415,-3.1766465480201442,0,0,0,0,-18.0,-24.0,78
Venezuela,101,51.0,VEN,195,1998,3,3,4,3,2.0,66.4159622192,-4.328081635539638,-4.574228427238013,0,0,0,0,-17.0,-23.0,78
Venezuela,101,51.0,VEN,195,1998,3,3,4,3,2.0,64.0222473145,-3.604125912984213,-10.939020243270091,0,0,0,0,-17.0,-23.0,78
Venezuela,101,51.0,VEN,195,1999,3,3,4,3,2.0,70.8704147339,10.696543321510354,2.764335772986504,0,0,0,0,-16.0,-22.0,78
Venezuela,101,51.0,VEN,195,1999,3,3,4,3,2.0,69.2134399414,-2.338034564523883,4.754382844002259,0,0,0,0,-16.0,-22.0,78
Venezuela,101,51.0,VEN,195,2000,3,3,4,3,2.0,76.4910049438,10.514670284501971,18.87317904148844,0,0,0,0,-15.0,-21.0,78
Venezuela,101,51.0,VEN,195,2000,3,3,4,3,2.0,77.1158981323,0.8169499001341896,8.993585620112277,0,0,0,0,-15.0,-21.0,78
Venezuela,101,51.0,VEN,195,2001,3,3,4,4,2.0,74.9846496582,-2.7636953283532217,8.567924856282941,0,0,0,0,-14.0,-20.0,78
Venezuela,101,51.0,VEN,195,2001,3,3,4,4,2.0,75.0123977661,0.03700505106909446,-1.909740377149936,0,0,0,0,-14.0,-20.0,78
Venezuela,101,51.0,VEN,195,2002,2,3,3,4,2.0,75.5072021484,0.659630137197964,-2.0670601400861615,0,0,0,0,-13.0,-19.0,78
Venezuela,101,51.0,VEN,195,2002,2,3,3,4,2.0,75.7062454224,0.26360832918799204,0.9602435174550523,0,0,0,0,-13.0,-19.0,78
Venezuela,101,51.0,VEN,195,2003,2,3,3,4,2.0,77.3125,2.1216936180601165,3.0449320844460743,0,0,0,0,-12.0,-18.0,78
Venezuela,101,51.0,VEN,195,2003,2,3,3,4,2.0,77.8985748291,0.7580596010994256,3.143361548347536,0,0,0,0,-12.0,-18.0,78
Venezuela,101,51.0,VEN,195,2004,2,3,3,3,2.0,80.8513412476,3.7905268805982884,6.670280099757832,0,0,0,0,-11.0,-17.0,78
Venezuela,101,51.0,VEN,195,2004,2,3,3,3,2.0,81.9870681763,1.4047100656276568,5.9532965473253725,0,0,0,0,-11.0,-17.0,78
Venezuela,101,51.0,VEN,195,2005,2,3,3,3,2.0,87.403175354,6.606050561600196,11.801287507826142,0,0,0,0,-10.0,-16.0,78
Venezuela,101,51.0,VEN,195,2005,2,3,3,3,2.0,88.4570236206,1.2057322429439354,9.21649287017179,0,0,0,0,-10.0,-16.0,78
Venezuela,101,51.0,VEN,195,2006,2,3,3,3,2.0,92.0054016113,4.011414634432331,11.823197438976464,0,0,0,0,-9.0,-15.0,78
Venezuela,101,51.0,VEN,195,2006,2,3,3,3,2.0,92.2751083374,0.29314227358023803,5.510289150956506,0,0,0,0,-9.0,-15.0,78
Venezuela,101,51.0,VEN,195,2007,2,3,3,3,2.0,94.0629501343,1.937512541695252,6.242069449707823,0,0,0,0,-8.0,-14.0,78
Venezuela,101,51.0,VEN,195,2007,2,3,3,3,2.0,93.8198699951,-0.25842283157494483,1.972231983700547,0,0,0,0,-8.0,-14.0,78
Venezuela,101,51.0,VEN,195,2008,2,3,3,3,2.0,101.9527816772,8.668645226778459,10.347734936898767,0,0,0,0,-7.0,-13.0,78
Venezuela,101,51.0,VEN,195,2008,2,3,3,3,2.0,99.7464675903,-2.164054820873418,6.246167574330098,0,0,0,0,-7.0,-13.0,78
Venezuela,101,51.0,VEN,195,2009,2,3,3,3,2.0,89.8890457153,-9.8824771574754,-3.3778867515703563,0,0,0,0,-6.0,-12.0,78
Venezuela,101,51.0,VEN,195,2009,2,3,3,3,2.0,89.6114425659,-0.3088286756088521,-12.355360653957668,0,0,0,0,-6.0,-12.0,78
Venezuela,101,51.0,VEN,195,2010,2,3,3,4,1.0,95.4764480591,6.544929224732532,-3.6463766083517175,0,0,0,0,-5.0,-11.0,78
Venezuela,101,51.0,VEN,195,2010,2,3,3,4,1.0,95.157409668,-0.3341540218405603,5.901946527283122,0,0,0,0,-5.0,-11.0,78
Venezuela,101,51.0,VEN,195,2011,2,3,3,4,1.0,100.4046325684,5.514255714512761,11.725030917404734,0,0,0,0,-4.0,-10.0,78
Venezuela,101,51.0,VEN,195,2011,2,3,3,4,1.0,100.6420898438,0.23650031808863936,5.416602010760843,0,0,0,0,-4.0,-10.0,78
Venezuela,101,51.0,VEN,195,2012,2,3,3,4,1.0,100.0,-0.6379933532745019,5.112762679326901,0,0,0,0,-3.0,-9.0,78
Venezuela,101,51.0,VEN,195,2012,2,3,3,4,1.0,100.0,0.0,-0.4014930351858599,0,0,0,0,-3.0,-9.0,78
Venezuela,101,51.0,VEN,195,2013,2,2,3,4,1.0,100.448059082,0.44805908200000744,-0.1899342712744918,0,0,0,0,-2.0,-8.0,78
Venezuela,101,51.0,VEN,195,2013,2,2,3,4,1.0,100.480178833,0.03197647748851562,0.4800355594885257,0,0,0,0,-2.0,-8.0,78
Venezuela,101,51.0,VEN,195,2014,2,2,3,4,1.0,98.5108261108,-1.959941497987483,-1.4799059384989572,0,0,0,0,-1.0,-7.0,78
Venezuela,101,51.0,VEN,195,2014,2,2,3,4,1.0,98.6415939331,0.13274462052823566,-1.795220399970729,0,0,0,0,-1.0,-7.0,78
Venezuela,101,51.0,VEN,195,2015,2,2,3,4,1.0,80.6906585693,-18.198140001645303,-20.025336879104547,1,1,0,0,0.0,-6.0,78
Venezuela,101,51.0,VEN,195,2015,2,2,3,4,1.0,85.0542907715,5.407853002528618,-12.657542378588445,0,0,0,0,0.0,-6.0,78
Venezuela,101,51.0,VEN,195,2016,2,2,3,2,1.0,76.5780410767,-9.965693227131379,-22.75598022624806,1,1,0,0,1.0,-5.0,78
Venezuela,101,51.0,VEN,195,2016,2,2,3,2,1.0,82.8788833618,8.228001391141792,3.6701611665390352,0,0,0,0,1.0,-5.0,78
Venezuela,101,51.0,VEN,195,2017,2,2,3,2,1.0,84.2583389282,1.6644234459314733,-0.07326839005810903,0,0,0,0,2.0,-4.0,78
Venezuela,101,51.0,VEN,195,2017,2,2,3,2,1.0,87.1947097778,3.4849617105580544,13.377386547631325,0,0,0,0,2.0,-4.0,78
Venezuela,101,51.0,VEN,195,2018,2,2,3,2,1.0,94.2370376587,8.076554069445386,13.225939225934919,0,0,0,0,3.0,-3.0,78
Venezuela,101,51.0,VEN,195,2018,2,2,3,2,1.0,92.3260803223,-2.027819829524935,9.533695950478512,0,0,0,0,3.0,-3.0,78
Venezuela,101,51.0,VEN,195,2019,2,2,3,2,1.0,89.3809738159,-3.1898966100574855,2.858837629862971,0,0,0,0,4.0,-2.0,78
Venezuela,101,51.0,VEN,195,2019,2,2,3,2,1.0,89.7792205811,0.44556100498556184,-4.772155434596853,0,0,0,0,4.0,-2.0,78
Venezuela,101,51.0,VEN,195,2020,2,2,3,2,1.0,75.6701507568,-15.715295513793082,-18.459631118865,0,0,0,0,5.0,-1.0,78
Venezuela,101,51.0,VEN,195,2020,2,2,3,2,1.0,82.5018768311,9.028297163377964,-6.241437345429551,0,0,0,0,5.0,-1.0,78
Venezuela,101,51.0,VEN,195,2021,2,2,3,2,1.0,93.2666625977,13.047928338209758,6.360929987794646,0,0,0,0,6.0,0.0,78
Venezuela,101,51.0,VEN,195,2021,2,2,3,2,1.0,92.1043319702,-1.2462444727047384,20.82998102888299,0,0,1,1,6.0,0.0,78
Venezuela,101,51.0,VEN,195,2022,2,2,3,2,1.0,103.9671859741,12.87980027664517,24.681484142150197,0,0,1,0,7.0,1.0,78
Venezuela,101,51.0,VEN,195,2022,2,2,3,2,1.0,97.3282546997,-6.385602545839686,5.247953258100751,0,0,0,0,7.0,1.0,78
Venezuela,101,51.0,VEN,195,2023,2,2,3,2,1.0,96.3358917236,-1.0196042034883557,5.4745935273171344,0,0,0,0,8.0,2.0,78
Venezuela,101,51.0,VEN,195,2023,2,2,3,2,1.0,93.4603652954,-2.9848962590705574,-10.390103008398594,0,0,0,0,8.0,2.0,78
Venezuela,101,51.0,VEN,195,2024,2,2,3,2,1.0,94.9476623535,1.591366621989021,-2.413133840569887,0,0,0,0,9.0,3.0,78
Venezuela,101,51.0,VEN,195,2024,2,2,3,2,1.0,92.788230896,-2.2743387293309048,-3.667868366412436,0,0,0,0,9.0,3.0,78
Yemen,679,14.0,YEM,199,1990,2,2,3,3,2.0,66.5142669678,,,0,0,0,0,,,79
Yemen,679,14.0,YEM,199,1990,2,2,3,3,2.0,78.4629440308,17.96408140344452,17.96408140344452,0,0,0,0,,,79
Yemen,679,14.0,YEM,199,1991,2,2,3,3,2.0,66.4010314941,-15.372750392803514,2.5913310106410066,0,0,0,0,,,79
Yemen,679,14.0,YEM,199,1991,2,2,3,3,2.0,75.4032897949,13.557407314673853,16.14873832531486,0,0,0,0,,,79
Yemen,679,14.0,YEM,199,1992,2,2,3,3,2.0,66.3897628784,-11.953758172908845,-13.769101251038506,0,0,0,0,,,79
Yemen,679,14.0,YEM,199,1992,2,2,3,3,2.0,75.1875991821,13.251796545521909,14.855445687286917,0,0,0,0,,,79
Yemen,679,14.0,YEM,199,1993,2,2,3,3,2.0,66.3335952759,-11.775883260690534,-10.47784488807747,0,0,0,0,,,79
Yemen,679,14.0,YEM,199,1993,2,2,3,3,2.0,73.5500259399,10.878998242119774,12.354911526951149,0,0,0,0,,,79
Yemen,679,14.0,YEM,199,1994,2,2,3,3,2.0,66.2609481812,-9.910367352767658,-10.807252371338418,0,0,0,0,,,79
Yemen,679,14.0,YEM,199,1994,2,2,3,3,2.0,72.6389541626,9.625588157836852,10.594219047188968,0,0,0,0,,,79
Yemen,679,14.0,YEM,199,1995,2,2,3,3,2.0,66.3539810181,-8.65234531107274,-8.937124506003546,0,0,0,0,,,79
Yemen,679,14.0,YEM,199,1995,2,2,3,3,2.0,73.1384735107,10.224695471925527,11.197938318689639,0,0,0,0,,,79
Yemen,679,14.0,YEM,199,1996,2,2,3,3,2.0,67.099319458,-8.257150802875978,-6.684800642023191,0,0,0,0,,,79
Yemen,679,14.0,YEM,199,1996,2,2,3,3,2.0,75.3765182495,12.335741790467791,14.30328645951734,0,0,0,0,,,79
Yemen,679,14.0,YEM,199,1997,2,2,3,3,2.0,66.9028320313,-11.241811660962743,-7.16322067337093,0,0,0,0,,,79
Yemen,679,14.0,YEM,199,1997,2,2,3,3,2.0,75.147026062,12.322638340396441,13.41656846990149,0,0,0,0,,,79
Yemen,679,14.0,YEM,199,1998,2,2,3,3,1.0,60.587059021,-19.375307053385328,-18.29448037395163,0,0,0,0,,,79
Yemen,679,14.0,YEM,199,1998,2,2,3,3,1.0,70.4858322144,16.338098190191076,9.28542947720219,0,0,0,0,,,79
Yemen,679,14.0,YEM,199,1999,2,2,3,3,1.0,67.0980148315,-4.806380624967488,-7.84358948816174,0,0,0,0,,,79
Yemen,679,14.0,YEM,199,1999,2,2,3,3,1.0,74.9400482178,11.687429808457562,23.21914737368115,0,0,1,0,,,79
Yemen,679,14.0,YEM,199,2000,2,2,3,3,1.0,75.5635528564,0.8320045869037784,7.713053770393852,0,0,0,0,,,79
Yemen,679,14.0,YEM,199,2000,2,2,3,3,1.0,81.77784729,8.22393098086529,20.74336537622663,0,0,1,0,,,79
Yemen,679,14.0,YEM,199,2001,2,2,3,3,1.0,73.0527877808,-10.66922130911474,-1.6132857413456705,0,0,0,0,,,79
Yemen,679,14.0,YEM,199,2001,2,2,3,3,1.0,79.9584350586,9.452955167872412,7.007664839622963,0,0,0,0,,,79
Yemen,679,14.0,YEM,199,2002,2,2,3,3,1.0,73.9943313599,-7.459005037215927,-8.675271178458253,0,0,0,0,,,79
Yemen,679,14.0,YEM,199,2002,2,2,3,3,1.0,80.4922332764,8.781621236490334,10.77557136714682,0,0,0,0,,,79
Yemen,679,14.0,YEM,199,2003,2,2,3,3,1.0,76.7931976318,-4.5955187153249755,-3.272902516050567,0,0,0,0,,,79
Yemen,679,14.0,YEM,199,2003,2,2,3,3,1.0,82.4504165649,7.366822983755195,11.552925504920555,0,0,0,0,,,79
Yemen,679,14.0,YEM,199,2004,2,2,3,3,1.0,81.334274292,-1.3537133217773722,1.4175909466528478,0,0,0,0,,,79
Yemen,679,14.0,YEM,199,2004,2,2,3,3,1.0,85.7234344482,5.39644595640254,11.409555618380363,0,0,0,0,,,79
Yemen,679,14.0,YEM,199,2005,2,2,3,3,1.0,88.4042739868,3.1273123339685682,7.170044968593737,0,0,0,0,,,79
Yemen,679,14.0,YEM,199,2005,2,2,3,3,1.0,91.0746307373,3.020619513145606,11.544377803516715,0,0,0,0,,,79
Yemen,679,14.0,YEM,199,2006,2,2,3,3,1.0,92.6681213379,1.7496536496495407,7.897585496763715,0,0,0,0,,,79
Yemen,679,14.0,YEM,199,2006,2,2,3,3,1.0,93.9928817749,1.4295751525699618,6.1998483153651085,0,0,0,0,,,79
Yemen,679,14.0,YEM,199,2007,2,2,3,3,1.0,94.4818267822,0.5201936551652464,3.699422457384749,0,0,0,0,,,79
Yemen,679,14.0,YEM,199,2007,2,2,3,3,1.0,95.1752090454,0.7338789763224884,2.6836477840576967,0,0,0,0,,,79
Yemen,679,14.0,YEM,199,2008,2,2,3,3,1.0,101.6801986694,6.8347521263620425,8.088824757849778,0,0,0,0,,,79
Yemen,679,14.0,YEM,199,2008,2,2,3,3,1.0,99.9230804443,-1.728082997568725,5.840548105115806,0,0,0,0,,,79
Yemen,679,14.0,YEM,199,2009,2,2,3,2,1.0,90.2081680298,-9.722390834333183,-4.615721705539865,0,0,0,0,,,79
Yemen,679,14.0,YEM,199,2009,2,2,3,2,1.0,91.7352828979,1.6928787064997453,-9.757595125402162,0,0,0,0,,,79
Yemen,679,14.0,YEM,199,2010,2,2,3,2,1.0,95.5727615356,4.18320902980267,-3.8463030980307673,0,0,0,0,,,79
Yemen,679,14.0,YEM,199,2010,2,2,3,2,1.0,95.9859161377,0.4322932553812553,6.308380991683671,0,0,0,0,,,79
Yemen,679,14.0,YEM,199,2011,2,2,3,3,1.0,100.4312362671,4.631221233563898,9.246723518747824,0,0,0,0,,,79
Yemen,679,14.0,YEM,199,2011,2,2,3,3,1.0,100.3851089478,-0.04592925569224526,5.017585233252908,0,0,0,0,,,79
Yemen,679,14.0,YEM,199,2012,2,3,3,3,1.0,100.0,-0.3836315483806141,4.201660429491039,0,0,0,0,,,79
Yemen,679,14.0,YEM,199,2012,2,3,3,3,1.0,100.0,0.0,-0.42956080407285935,0,0,0,0,,,79
Yemen,679,14.0,YEM,199,2013,2,2,2,3,1.0,100.6294250488,0.629425048799992,0.24579350041937786,0,0,0,0,,,79
Yemen,679,14.0,YEM,199,2013,2,2,2,3,1.0,100.5054092407,-0.12324010401515428,0.5061849447848377,0,0,0,0,,,79
Yemen,679,14.0,YEM,199,2014,2,2,2,2,1.0,99.723487854,-0.777989356600084,-0.2718044118152463,0,0,0,0,,,79
Yemen,679,14.0,YEM,199,2014,2,2,2,2,1.0,99.1732940674,-0.5517193576357049,-1.4529488182509431,0,0,0,0,,,79
Yemen,679,14.0,YEM,199,2015,1,1,2,2,1.0,93.5053024292,-5.71523986522815,-7.044948579463939,0,0,0,0,,,79
Yemen,679,14.0,YEM,199,2015,1,1,2,2,1.0,88.174156189,-5.70143735349834,-11.968396576362196,0,0,0,0,,,79
Yemen,679,14.0,YEM,199,2016,1,1,3,2,1.0,92.6725769043,5.101745125473833,-6.314932093252658,0,0,0,0,,,79
Yemen,679,14.0,YEM,199,2016,1,1,3,2,1.0,86.2889633179,-6.888352304039369,-7.488044532063876,0,0,0,0,,,79
Yemen,679,14.0,YEM,199,2017,1,1,2,2,1.0,93.8304214478,8.739771391291695,6.9531642127261595,0,0,0,0,,,79
Yemen,679,14.0,YEM,199,2017,1,1,2,2,1.0,89.723777771,-4.376665492315435,-2.5252464050631085,0,0,0,0,,,79
Yemen,679,14.0,YEM,199,2018,1,1,2,2,1.0,95.1975860596,6.100733188665641,10.463839087641901,0,0,0,0,,,79
Yemen,679,14.0,YEM,199,2018,1,1,2,2,1.0,93.8939208984,-1.3694309017287742,0.3546367946214324,0,0,0,0,,,79
Yemen,679,14.0,YEM,199,2019,1,1,2,2,1.0,93.8415222168,-0.05580625571776077,4.675496031219106,0,0,0,0,,,79
Yemen,679,14.0,YEM,199,2019,1,1,2,2,1.0,91.6123428345,-2.3754723172008885,-3.800709474647423,0,0,0,0,,,79
Yemen,679,14.0,YEM,199,2020,1,1,2,2,1.0,91.9270935059,0.3435679752984866,-2.087710597620162,0,0,0,0,,,79
Yemen,679,14.0,YEM,199,2020,1,1,2,2,1.0,85.592010498,-6.891420979706508,-8.92332532160891,0,0,0,0,,,79
Yemen,679,14.0,YEM,199,2021,1,1,2,2,1.0,95.9685134888,12.123214457081222,5.575361452673199,0,0,0,0,,,79
Yemen,679,14.0,YEM,199,2021,1,1,2,2,1.0,93.6988143921,-2.365045590671655,2.8667478867030587,0,0,0,0,,,79
Yemen,679,14.0,YEM,199,2022,1,1,2,2,1.0,98.1555862427,4.756486919834235,14.5146557862438,0,0,0,0,,,79
Yemen,679,14.0,YEM,199,2022,1,1,2,2,1.0,98.2537536621,0.10001205551080083,2.49145338467338,0,0,0,0,,,79
Yemen,679,14.0,YEM,199,2023,1,1,2,2,1.0,95.7308273315,-2.5677658476809806,2.2887331276640546,0,0,0,0,,,79
Yemen,679,14.0,YEM,199,2023,1,1,2,2,1.0,94.7979812622,-0.9744468895789504,-3.442200681749131,0,0,0,0,,,79
Yemen,679,14.0,YEM,199,2024,1,1,2,2,1.0,95.3011932373,0.5308256234994868,-3.011387113760445,0,0,0,0,,,79
Yemen,679,14.0,YEM,199,2024,1,1,2,2,1.0,94.192199707,-1.1636722402190713,-1.6072935062985358,0,0,0,0,,,79
